AHLCWRIT	0	1	a28395fd7347691f5f4ebd7e3fde18896614db8be33db3610fbf46a7e06dcc4d
AHLGTFI	0	1	0bd537bd8118f043820dbc727899ccb035d002fc895c89c095c9f6dd3168caee
AHLIWRIT	0	1	048c6dcd108a85581f567bce17f61eef064b263fb39254a93b290f3b74ee329d
AHLMCER	0	1	8665584d746e5b33dee93a3c9bda2c7c98f81fbff5a7fef4d9e5e645f6d18d43
AHLMCIH	0	1	5785c98520b9145ae808de479d5a339aab81303e49404f38dba133e7383942fc
AHLREADR	0	1	a92cb0a5e6420e21008cea04ff1f546f8c31d275417690dc86f85b8f7e74bd8b
AHLSBLOK	0	1	ff914ec77ddc5538c83753316976b68bc8144e9746230257c7be2b7e2dfd944f
AHLSBUF	0	1	b640cb4ea9f54ff9a178f0511f093f2d97fa5551ac2ef18c13fc1ccda8e66c57
AHLSCAN	0	1	f72f7a3595423d1fcc0300cfb150213b8d78f32485dc10c8c3b8b971c0b4a898
AHLSETD	0	1	ce92ac5f4112a2add2de3fd917a91d0dcb1495b996b54c496774a9bc295b9f85
AHLSETEV	0	1	04f1b45ddbc336a83252dc6f70604ed0cbec61cd7f6a3d754bc576eabd79684a
AHLSETMG	0	1	c29bb9d9539936d0c59ce5b6c099e6d3657a1483b788b749cc6a12ef4884e33e
AHLT103	0	1	cf02fe53f9c1c2f6d7cc23e0b5a64a7105b3b2a9a9e4603689fe9e0b56d9a5ee
AHLTCTL1	0	1	59915efdfb522765d75a05084264aedc2789eb51a520587a1930ea74153fe24b
AHLTCTL2	0	1	e4a38972bf9ca23acac12e8b78416d08c38304e0b39bf142b9ec0cf3fc33d4af
AHLTDIR	0	1	eb20849b56eeca1c08e8e3b313a17fb84eed2931fad066bfc1cc80c108d63775
AHLTEXT	0	1	e46705e50f4ee0a57ca9b84ce5b0aef2b231be41fc8fff2687b0a83b1d1a62e2
AHLTFOR	0	1	f7b0b2c716ed5f7dfa39efe6782d8b92ecbffdcd0c184f67249c001ee5fa04c6
AHLTMMSG	0	1	03a6e159026c732b047f0e696a98f2a679c84dd061a274fee6044647d7d92f4c
AHLTMON	0	1	f1cedfdcb214c5c8a0d7351edc9f6a9a2a7e8b4dc1b0231df87cba625020540f
AHLTPID	0	1	2d523f67c9f68318247bc749c33a4816eb4b8a343a75137a867e08f64334ef8c
AHLTPMT	0	1	acf4c27c0049c1e59877497890f50c2f0a7e6bdd460cc78dff1cd5c78456a52b
AHLTSCN	0	1	2552701fcd6963095c82446ed9e0089ea1e2096358c6eb4717e5a20a66c64f00
AHLTSIO	0	1	eda402e50945a8a915db0a35c3562964dde249e0212665ccc135e30868ce9f81
AHLTSLIP	0	1	8d3608025eca419c24de58da4c1378a2ab0f150c25c74c31d527afb486b88dd7
AHLTSVC	0	1	1885c1cd9bfa1b55c922da1a214a657467d75c3e49ef2fdd97edebd698c70a9e
AHLTSYFL	0	1	38e1fc72fcadce12a34f5d19322d568542a37757b731493ec5fa6671f58c1d8f
AHLTSYSM	0	1	f5289c80f43f31829c2533ae1c4c2cc8c99de7613264f82a34eff64765d22bd7
AHLTTAB	0	1	35bab41e8f54ce3560521976958065dfa9e189ad5b2d79bbe60bd21d5569d407
AHLTUSR	0	1	22a4084c4234583ef041431a9e3c17473258fe21503101628752678403bba228
AHLTVTAM	0	1	93c67d8fb1600963b93e5d97ea960ddf24d82f4e420ed874aa9393bd2a7f606c
AHLTXSYS	0	1	7317882aa51890b49c032a90fa5dfa9cd36877f42a3e5336d6daeef214429b03
AHLVCOFF	0	1	6c53d296d598585171fc2cc2681662ba9dfa00e072104cd0adb7c4a4dfba5843
AHLVCON	0	1	4eb92b87adaa93e32dddd89b0aeb550950ae1e1fcc72d333e83d933f45de0d0a
AHLWRMSG	0	1	c05f0d5f0e0965e900852c5f16b5bcb69d83e479cb47f16eb1d45f9c095d7ab5
AHLWTASK	0	1	1358cf590f2e98237f2416183dcd5a88cf115b1bf552bd27fa957ee40c555cd9
AHLWTMSG	0	1	649cc268ccf41706840a5f8ef1e7071c3364514ef7d61d072b1356bb755bdc26
AHLWTO	0	1	b264766095ea16f4ad9b0665c45819c5012ea48c03748a4146abc41d2ca651b2
AHLWWRIT	0	1	a408d818985929fee579a1004105235ea8e5a5b3e4a67234b2dcab1ff3ec1f46
AKJLKL01	0	1	a463c4033d8e1af5ec8c189f305a6be52d3d216ef000048338edc4cb95650ce1
AKJLKL02	0	1	199ba1f2f8d92a157ac1dc0378860e484f2422acab1b7020c765a1b2fce357e8
AKJLKMSG	0	1	6671883ddfaa0550ab773d39064798ccc4830972c405ee38d1ae6d3231921b2b
AMAPTF01	0	1	63c3a0dab1d38603d34fb728ff10f747fb6698441e1e9c38637ea37ce1a82319
AMAPTF02	0	1	327299f86af71a845c0b175d614f76d3d3f1fde0fa00407fa8736173f643d5f2
AMAPTFLE	0	1	80aeea19f15f612e56f54a1426d33fd53b5170b8dc316b12664c97b8c7e1f5f4
AMASPZAP	0	1	3dc727d675a102a1014bfe3d5f3f886f08249c7fe1776991c3b8a1e8f7c6e5d7
AMDPRAPP	0	1	70a2b6e0a3828ec9ffa77fb78681ecf64edafb21edaf3370027618833d7523c7
AMDPRCOM	0	1	dbd588fcb5f63c5cc0b69eef794a01c2510cdb24d0540682149ea64a6e4d0d87
AMDPRCTL	0	1	8c088c75dd3e2637a0efe04a1b43ac283f3d15111542aaf354f3ba4cadc3edf6
AMDPRCVT	0	1	af7673cb69e398f820331b4cc1f52f471e4a605797aa39d04dfbd817e6e1f01f
AMDPRDPS	0	1	a909d1f33f9544332d8dffdb36769dcd2d413978e558a49654d4c3b5a15c8e64
AMDPREAD	0	1	0435089b544da6952eeca0a4fa042785f0ab27f6c1c597fda5e0253d03719d23
AMDPRECT	0	1	2cdb2192151b1d0f1c8ba66bb97d12a74d4d1a9de56c1cab83af1b3ccf864b4c
AMDPREID	0	1	49d3c2b94159f946eccb37ef0222e65bcdf9fa12941547d03d7a3c41b7ab1fa5
AMDPREXT	0	1	c08bbd8048e06075254fcf46f8070aeeed2df4f693432780fd2a576f7a4b21d9
AMDPRFAR	0	1	f6cffb7da403b14bb5acae91987671f27c22ff9943b5de55a7043d7649c6edcc
AMDPRFCB	0	1	7c857d5aeed2ae2717c3291e5cb9fc1071e104dd217abdfa3c375043903cc029
AMDPRFDS	0	1	c14a200b26319200605589c95ce9c3471a4927406c37852ea750a3a43e39eae0
AMDPRFLT	0	1	476e5fa2e4ae61c8de1025b6be273664564505cc032b2c53c8a9543d388c8993
AMDPRFMG	0	1	f34d5c1c976a1d514dc5ae18510307253a2a55d40832025a7cc93d1933bdf095
AMDPRFMT	0	1	b3fde305832aa0780e9771edaa01fc958ac4cf559076f32de901f0a4bc4388c7
AMDPRFRM	0	1	57db3e201ea3a0d13422ea75f0847dfe0b4efca9057e922690a1fbf3816e9360
AMDPRFSC	0	1	d24d9f6986ba9bda5635191e138f37b835d1e59b44372b04717dfc4b949a9865
AMDPRFUB	0	1	69a9af1dd99eb7aedf419a3196e31a4a421f975caab30204752e731205b13482
AMDPRFXT	0	1	d6ae3315876ec87ad385496915d08c0555415b1256f566e5da2145b501b98c6c
AMDPRGCD	0	1	4bb4399dea218bc87281bb75d50e496a4bc649e6e67b03e53a2902c2e89af926
AMDPRGET	0	1	5ea220b85a3c503d88530d841928ed147ed936c61495869564c4bbcf1c42b6ff
AMDPRLOD	0	1	0eb0bbe04c99b6233d99c679e5c8ab7e62561358b964bbad349cc00e613ff1f8
AMDPRLPA	0	1	3d0b76777ce9033a75eeb313a6ef0f30fc5c3942d287a9c575e0bcaaf6e4dfda
AMDPRMST	0	1	78e3f20fe4e03aa1a572634110c04fbcd0444f427f7161dd0671d47bb1afbb06
AMDPRNUC	0	1	2c03ef05739850dbae78ae1651d31e8ddc9a70a28ac5b185dce9859f7da76590
AMDPROOT	0	1	b49bf7e5e8843624cd639a06f69f783732748814fa2547f73ce9366d072d1fdb
AMDPRPCR	0	1	57ca1cca3ec7f3369352925b4c83fe11accf4480faea1716a8372d70e73aaaf8
AMDPRPJB	0	1	8ece33d6615cb3d525979d9551aafff5c9f6d0ccab482d42a763f6627a67da0c
AMDPRPMG	0	1	597707edd5ee920a380af727f8c76cc309ed57e46f258f59048c1298fdfd4318
AMDPRPMS	0	1	14b2785d23645c351a4488e2f2bb18b49a778001abb041df51f5933b2a0db725
AMDPRQCB	0	1	6dbcb93c8e631267e76be512f41d4a217d2d9f1a1707e6346fb7e938a585c3c2
AMDPRRDC	0	1	51d393c07075f796266c9dc1d3ffd3a2ad4d5974d8588b3d5d319fe838b832ce
AMDPRREC	0	1	dd73e6bfc0f32eaf8241c0a43f6f69fbc560704a304ba82f2f8659e6f0be834b
AMDPRSCN	0	1	953dcd6595d7811cdc1eb4e7683bc26623ab2c0fd1ccd39c36aab866fd6656d1
AMDPRSEG	0	1	2024b2669ce71414df7dbf65768ab923c59515e0ea027e78223354287f108cf9
AMDPRSMG	0	1	0fb25a31d609bf9c37dd2b9e669ba45cca6a08ca6b9cd765e50f6c5b1cff96cd
AMDPRSN2	0	1	7df63efbf130cb02c240bf12a793d2c33153591ed75a509abd47846ff44d9f0b
AMDPRSN3	8	1	cad31eeec2c8c492f351b029b0ed612bcb72b2b22f6dddd4d43063cbcba19738
AMDPRSUM	0	1	06cf210eb6fd5c5866db18bb2d77de796811c1556a8a689474ad4584ae81c7eb
AMDPRUIM	0	1	04835a17474754390bf0bc88278341d2d4b7ee7747a76d3b270ce75acfd3a165
AMDSAAID	0	1	a0ff3f4b099260de537a3bd61c7996151aa9d66af9a85e628922803400dd1991
AMDSAAMR	0	1	7119fda2d464de86cdcacfef525ba5fcd637c7be251d0e6f4d451a27bd929eff
AMDSAARD	0	1	bb9a31891ac7af763a1081b9d442949ed4755be87cb69ecb82a462500d3dff12
AMDSAASM	0	1	f8f1e134b75ede5d4b218697914d676cf4b8ab104299582491c601acb935d0d6
AMDSAAUD	0	1	1f4bba98dbb79bfc855e97f20de3767403f4d1f2e95c15d2de50ec0a10b0f918
AMDSABUF	0	1	5e8d65fb758ad2c2a67cd8991ee0030259c3232f395028d75c48e7f0cb0f4a55
AMDSACON	0	1	1c99bd32d1b472188259143cd245d2d4ca425ed39adc10fcd1e5d9f7783fe2d6
AMDSACSA	0	1	a147f2ac5ed88a5590b8bc895e87f0cca499b4f6c745d804d651a51398de3ee8
AMDSADER	0	1	5dea64b537d300da44173acd4d9fd333a845645697d2839f7b373eb365fde695
AMDSAFRM	0	1	8506e2b23a2085afa488c90cda42a21b1aa726b7d319d5bb8a12e70fb96e3646
AMDSAGTF	0	1	807e1310e3d8591b4a0c6171d57a94cf20e27627270c89610af4330c6213e1a8
AMDSAGTM	0	1	e2a8110cd4d8dfc8017137d30857dadc1bafa4ae55a42a36d61c003cb57ab7ad
AMDSAIOI	0	1	2c3726697f5d5be85df5ddb908e006da61206da1af000ed4dbed852aa58d998d
AMDSALDR	0	1	01d29fe76a835e588cf5754188339a92f7e902c3d0cad1b53dfc06894a55332e
AMDSAMDM	0	1	2de8509e5f37a282f99085cc6a6f43e2dd98bb732a8518824fb02f30389fb665
AMDSAMSG	0	1	ce52aada479702c7e62c1bd9b5a707065f45097dba6ef4afe324799c375fd273
AMDSAPGE	0	1	dc98630efbb69f5469fcdb967b64ab271979fb2eb845e193219a6ea8aeeac303
AMDSAPGI	0	1	6000586875417e2c9df5e2de283b14e5158e015b5572b7328031eb2730396df4
AMDSAPRO	0	1	b146d7b75a7b392f20abccaad521cb595d74babec410d361fc5cd7ea15f24555
AMDSARSM	0	1	c6c7d8f50af40ac7485de70e395d4dd247c2e870169d787fdacbc537bcd81145
AMDSASIN	0	1	c8117d21bae845f51d5278a8be1e41e641878ffe331f314aa008af99c3736719
AMDSASIO	0	1	e32e4a0d1bc4a069fa29bc4c4ab05e5e41233b9eca25ef2dfd34ee8fc50b11cf
AMDSASVI	0	1	c40d5a44940bed535b34f622abaf95d2eabe86df0bc1afc7b247f439467797df
AMDSATAP	0	1	687e04a9fb2388be64c1e51008387f08eadbd747cbdbbb9059e083cb4da60c83
AMDSATER	0	1	67df496b617c7be44094afb2330a819fb9458dd92ddbadb40f1f16bf51ae1303
AMDSATXT	0	1	cd03f2c48fbcfe9f130e2992758cd3f3e5d18e5fb14a045d68dba3d22e7f9934
AMDSAUCB	0	1	23adb300fe071b98c4a826a876f2a5e9cc82f52bef75f08eea2ea50d40eb60f0
AMDSAUPD	0	1	b136f533c29da23b9bd00ba6625b32913a3dddc3cb0d78ddf706e924ed2f023a
AMDSAVCK	0	1	47a83d612410a2d10534e8730ce55f6439a4efd3c738cc6159c8fc6ad67d6596
AMDSAWAT	0	1	a4e4b899d94cc57829f9d72c36fafb74109bf0e6a8445be884d72410fe1a8556
AMDSYS00	0	1	af7157ea2927be559655b5e102e85a3f88ce6bcc00faf1d781f288b8cbbe88eb
AMDSYS01	0	1	22409f6f0168d3b3bcb5682dc12b7fa575aa23807e4d8c7fda8de643d97b2166
AMDSYS02	0	1	e4bc10768b4760efb3f4c0f0a5eeafbb3a208aaec6b26e7c482d555a5b0aed8a
AMDSYS03	0	1	b46da2b4535e081f6fba3720c52e2d29197ae155b21e9792fee739e52040c5f1
AMDSYS04	0	1	1d89577dfbddb0358e59d66037d0be14bf1ef7281e853cfa1d95d42065a03611
AMDSYS05	0	1	b7dd8db23f55261db945de4f48af68cac9302698052c167b8889e7e3597239e2
AMDSYS06	0	1	1050657e7baa89cb9dceae447189ecd11a9efca11e41628dc03bfd63ea805232
AMDUSRF9	0	1	19bc30c2f7c91b3c8237bedfcbc3e20fd515a945516a96f0f24e5b877fbbdad4
AMDUSRFD	0	1	5b49acbc61aba2779b6ee12a90d403e394b6239a9347d5f17e13ae27a055c465
AMDUSRFE	0	1	ab486ed1d1c7f419b482025d057dbaf0060f2b5dad6d52a3c98b687576b14f63
BLSCAAMS	0	1	37dd78f179c62683f580f9218349ce0975ae78e81d94da1783111bad5e3c4c3a
BLSCABLD	0	1	e7b358412a81febad6b63ca3eccec7f537eca3d70c813109bfa426c566c3d632
BLSCADST	0	1	eae038488248e8484d6fcbe8e743d3693ee62a5f00607bbcc2c6dd984e69c699
BLSCADYN	0	1	2417cf740a2e42884641148d3e5fb3b3f8d52a550b8972e581c881f176f293f4
BLSCAINT	0	1	eb24c49738f74b8437676a4163e743f28b8291c010dc7b6804d7d86cbefcdadd
BLSCALOC	0	1	2a2bf7cbf81806aae3bf501bd56d396512d9c3ae4cbe9797f97d31d30730fe62
BLSCAMER	0	1	5f6b4c0d2321d67209423da32e7603419c8298be82ca095b46cf30263b8ef464
BLSCAMIN	0	1	5f194ab23cdcacbd2532e903972e78bbafc59cede0af8619a41b1abc79d1de42
BLSCAMOD	8	1	838c95ed96134ebc13c8f0bed6cfae98fda5d81a0b9a574971eb78baeade33d9
BLSCAMPR	0	1	6e1c53f66a3032961c04837f31117aeee1c293ffe17c7b8979c494b04d9f3e71
BLSCANAL	0	1	2084ec45227d9d3e18370f58e842b2e1fcbba0fa3838069de8bd1bb5385bfe71
BLSCANLE	0	1	0bd5f34bff1de983e264ed0df17191f1932e8619f89e15b1cb03ac9aad27ec2b
BLSCANLI	0	1	705a076c8560507f51486c7fc19979c5ae569c9b336c83f358ffd61049f97355
BLSCCLSE	0	1	7eb0c37b61e8c671c5aa3f411d8954004f644f4822b995f97c842751a0e9d7e1
BLSCENDD	0	1	e3ecfd7f0ffea0ffda98f1d7996e312d9c9fbb68775f9c2a019d439418bfa3f3
BLSCERSE	0	1	48fa88c1eeb4ff04d4fa8995454ccad177ac1201f8486d474dec4d9cd0848cc9
BLSCFAMS	0	1	c0c070a24068412a259e4fbc14ce71fb934c52fcb8c50c69c2762bb8cb0dae9e
BLSCFDYN	0	1	d28145c428c7cef4c746b36a09d2ed9e68d788798711c0f52dce07d87352de15
BLSCFREE	0	1	3765841f21b8eb721da020d899e88a6b7c88c53d52c903e4d09bc39fedf58c71
BLSCGETT	0	1	ef05be961add6366c5a955facb3f80dc03fcd4b01479440012e0eb2d75d52884
BLSCGMF	0	1	5fc23b51a06b77cfa95696b8b59f88031fb01284c266678cbb9f4d15dfc2c7b8
BLSCHOK	0	1	55160555305510baeac9c13c3f80fe6aef6646db8625e8abd192baff2f7c3ab7
BLSCOPEN	0	1	51f3f6cbbafc3c20e98ba9add0b841585e138aa6d4a2a6fd9fff35de2a677f6e
BLSCPOIN	0	1	a7eb0488ce76310441590e6d1e4ec08bf265e09ad9fcfd3a4b45d12e9fd33596
BLSCPUTT	0	1	82219b203789b7b5bcb8f590e63b2a741eb1562d6f055e836e5d6aa028080ce9
BLSCRECV	0	1	a88650064bb7b469d304be70183f12dad3684819fe00ad0904c8a1bf2bbd948b
BLSCRFM	0	1	cfc8296c5ed259a2d4ea5a16f740abca8858c6721b716e6fa4ace77d74cfe517
BLSCRQST	0	1	f01b1fa3c7f2d6473700376374d65e367a2fd96cacd8126820a472a9ca575b72
BLSCRTCB	0	1	cdcef9c0e8fb29efcd800f3917ad10222ae3021fc64096433ec945ad5951d006
BLSCSETT	0	1	0f6cd35528f7a569a4fe651caaf48e9c252f8a4b750cee9319dc656b79be7185
BLSCVALT	0	1	a29391ee756ff8f70748f3c2549a671bdd0a0a99524dd464c4e7c14ae9991a63
BLSDADSD	0	1	ea047f149cbaf5eb1434e08bda317225a260a872046eb6b7c73a990cd35be3ec
BLSDAPDR	0	1	c701a3c71df9edc388fc13e8c1367cc8d2eff2174c615d3b283fc46365d570b7
BLSDC070	0	1	6bdaec39c1d4f0b9d639b86d2c5bd7acec42b2da7aa744a4e2db82498fda3074
BLSDC128	0	1	552041cacc69c12f463abef029805b5c5111674c228c321c0d2e61f6e38bb310
BLSDC600	0	1	a0565485e5412fa5aa7c51bfa6a6eaead9edcddb3b97e47463791652b169dd31
BLSDDEQP	0	1	5c1ebbd89a676c8c9797d57bff8306a9c1b8dfc86752128eb8b27a834eb836e9
BLSDDT00	0	1	f45895d0b25b9e124ebe1f53c30db1e685d271016b3d520b47f9b9eaba410041
BLSDENQ0	0	1	98bd4c656c1feb7bbb00ad89b97739750b95147782c758a0e3d3c229ec90ac47
BLSDENQP	0	1	ac2146dd46468b8ec9b4dacd547cf94a3bf5e93cc61cfe0c8b3c7418f671fb00
BLSDFDSD	0	1	287133a0970a25bd96c19cfbf5c7306590d1868ae77c3525fc5e31d694941c70
BLSDFPDR	0	1	7ded659f6046d774f55bc8594abd60029fe9222fba874cc03bef2a735711bf97
BLSDIFP0	0	1	561626bf0e366a2f50caf12248ae4b990efed77d611ab09a1aa61d7e99ac701e
BLSDMSG0	0	1	3a143630c47d6aac18ea4205f135e704cebe130e0d4b49cf647011dc26c856d2
BLSDMSGS	0	1	3457cf00f3df95da3f7b6617862c3a35d768c72cd91368df1ce14a0a26eb20a4
BLSDPC00	0	1	a07e0f2d8849189770c8dbf271fff5ee178400bd8e664d3a1a6575a990c2af73
BLSDSTAE	0	1	397af520613e925fa4db881594437e4f29e67fe3af3ab2c3d16adc25bb1b0cc5
BLSDSV00	0	1	8a5da7af133e2bd2955a5ebb4c4c07fff9cec3194812d26b7462ee8982ad4f76
BLSDTIME	0	1	ee980d04c536c0314f7133fc27234fbb3d9f62b39b19914a23e9f4fe9cbed434
BLSDTM00	0	1	9c2deb3fbdbf9f22bb9315e1551e6af7e3d0a577f1dbf69bb1c11bbc8cfda1cd
BLSDVECT	0	1	cd895987a5de3804d0d183f93074f1edbc34b6a0d323aa9bf8226108581837b0
BLSDWAIT	0	1	c1f1b2047a5861c2012ff5bcf4ad2885a1f3e98fee97151193373880c8f3bf7e
BLSEADP1	0	1	7085875f786210d2f4992d24cbd64a9dd2bb58ed951811522994753c0bef2ac5
BLSEADPR	0	1	ba199c8e2b590ee7fe2af9ec56719322a2ef2c18e62b5924bcd75fd69dcebe2d
BLSEAUTH	0	1	5da8debc073eecda4d4d24ce91879c218a1827c63133716d7704eacd6d015edb
BLSEDEL0	0	1	a3ecbafbe43219ecffaf1dd44e10973155739258af0c71c7750210016509072a
BLSEDEL1	0	1	ece3fceb45811932474ad5376c0f8297457cbf7f57340b1059a5d3c06195f8d3
BLSEDELC	0	1	de97d6d328ca005af4ab18bc047aa1f5a62e368d6bbf4f490295f4d3269c2352
BLSELP00	0	1	9afb61018bb0b6b8ad64df8b956bd5f45f015f5d3b49e279eab2eaf2ae29752e
BLSELPCC	0	1	200857c9eadc2d034ed2bd42000af66a47204a2020b41a3028e0bff0428f905d
BLSELPCL	0	1	d5a55ec65e2008b5b29165346149b9fcb91431728d367ed99dbf90d9f8a900a0
BLSELPCT	0	1	526126d4d833af18872190b34d4414a4d286ef4007d344e0164d2d1a5e6eed09
BLSELPDR	0	1	73e6532289b9486e56f50e0a1b5959cf8fb951307221b53cd1ff65af944aa4be
BLSELPDS	0	1	6586f053969bddb0d76256ea99b5ab3591ba6fcce94cfcb518355b9d6e16eeec
BLSELPFM	0	1	53ea88130b6098a2ec541b68e6665148bdc6840bea90c12a7d983f8bff02919c
BLSELPFR	0	1	3938b981d0786169eb5456fa799fcfbf5c895ae9a2b9a43c911b6a4c4b0ed5c4
BLSELPOP	0	1	4a7e25abb9b46b9741cff29c5e091f8e581dec870f3f8f05d1bd52dfb5f473f2
BLSEMDP1	0	1	29ee0fb66a0e05a603a86db5ec6d98ce13ef20980aa6abf58940831db9d04b3d
BLSEMDPR	0	1	2a5555dd523ba7c94e479d4c0f12fc8aea6b21ffa380f6a8a4879c451edb30a3
BLSFAD00	0	1	4152f639182f1add39303f15069c7ab82e1dca6ef7120375fa8a283c715e562c
BLSFAV00	0	1	b9b26a72b2ec206057e63f39ff1b75dfbc28dcd513fd9e9875f496e394956e15
BLSFBP00	0	1	4487f9492b1fb6190c79a2c768c645dd053c6f1831e3d87f3f91e03923ad0d4a
BLSFCLOS	0	1	bb74e1eb00de308f3baec113f4d17ae38cf98c7e6dd971545083257d9231bd94
BLSFCN00	0	1	23df8d32c03ee2b11507cbcc96942e2ccdada233188705e6d889f7d07dfa5561
BLSFCONF	0	1	1b76e08001e8c5e1d5a618f8c3355212cbbd5df5f2e27ae2c4976b7606ba92a1
BLSFDALL	0	1	f05a2c63a2a0763bfa8338b6e8b32cbe5956fd340c246791eb849011746f6494
BLSFDD00	0	1	0b1923d565f66f0411fb521a101e2e821d2dbb7e9b5f5516a7b8d04b9262ba3a
BLSFDDDP	0	1	fa6299889d9668316a9f548cc321768e82641f5ca2681148843ad2ef601c8216
BLSFDEL	0	1	bc109060aef09f6dea3eab4dfce2e7ed43aff6840beebaed60076a0d46883f77
BLSFDERS	0	1	0fe514d86e85be5c8487d281e45502449c57ffc88f0a67fb4abebb525297111d
BLSFDF00	0	1	5ad138c7b5ca4f9942e017e916d8da24f98467dac3a5a89f0a375d73bd8b7957
BLSFDS00	0	1	8f43669018e98502370a6097ed9c32ef97a47ab5c521b1eaa260df3513030a84
BLSFERAS	0	1	e7a24941374654bfdff46a58003b30e0288927683b348bccb98340e0db78576b
BLSFFL00	0	1	374889b4d43c8ec5d1b81d68228df9f2f03156a86bd70ed2e5c15d867f38d972
BLSFFP00	0	1	ad8cc40a88bb5c5749bbb02d77066a745d17a9ee4dac2faad32c6eb6d0b6c8b1
BLSFGD00	0	1	894d534211e369ac8f4172b5099ee286e4c6bb08eb3bf6552dc7c20d7847aec4
BLSFGG00	0	1	1585721d9b380471154764b2000c55f75b7a8f65664390de4365b25e245c54ec
BLSFGP00	0	1	c41c3751f5dc5bf3d90858b2725666bada7a50a698b4e5116c22c3f0fda2df4c
BLSFLALL	0	1	a443d9a486ae7e2a320814d5e376be1c8f18be6d71090e392ec62178e3257a59
BLSFLD00	0	1	7406d514cce03881c73de175c5a434c0d30f4016f33a38a6a91ba306496d4392
BLSFLONE	0	1	9cf87bf9e0f07836558d2aba6ee73f0167eea1018d832612c3e9b81a3fba4626
BLSFLP00	0	1	bf6359f9f15a6bcd097da38f84aead4b4195a039091e252670c675ca359e4ff9
BLSFMD00	0	1	154e243529d736646850175e94aadf270866fff8b587cb80063a94733c6e772c
BLSFND00	0	1	59c6ce9ac8e97dc07bd4a6ac6d4367b15082c278421dc0850395d15df590577c
BLSFND01	0	1	c9438daeb163d6a1fae3e3f253165a47206e742107d6df324e71d5fe768fbc1d
BLSFOD00	0	1	51db77c8ee8a8fb5cc59f4aeb930b3075010552748a0987dd02f25fc44419aea
BLSFOPEN	0	1	5c71a20fbe31ae478bb83bdfb912e826cfdee477b29bee0c8e164b6a00b50e57
BLSFPARS	0	1	8009d87125fb9c1a79e1a09d0dfd42fa921e96df6933c85582f6ce0231cba285
BLSFPERA	0	1	ce7ea87e62c8b470b0818c9441cdcd4de2a14ee84a61a26f750bfce68c9a0b3d
BLSFPERS	0	1	b1f02fe28db7b74c9a79a653eef5c615f5837db269b553d13cf1575c3d4ea81d
BLSFPS00	0	1	2079e167a8b2a7d74d433191558ea113395f6c1be0d7081271d695859fb3688e
BLSFSCRT	0	1	aa5ea506910e6b58859b84fe2c1a4117b696d84b722729cd55d3c39218324e5f
BLSFSD00	0	1	acde9f83888a5a4170660730737df716a0b281231ae485070f0c432dcbb2c9b7
BLSFSL00	0	1	326339a9be9735aab022fbc8e97ab7c9876140efff58366daf7f0faafb422742
BLSFTL00	0	1	d720ea41f29dcf8774bbf6d9e4b3e1b6d0df0a349d821c453ed0ba6c8f2430cd
BLSFUD00	0	1	36e1cb63bb2b64c4c5d4f4f2284dcd5480064e44e373f9214e9a0a56210a86c9
BLSFUP00	0	1	d0664e83639cc32eaba2877485ea9bf47f1f1874cf07fced0c1e10864b868082
BLSFVRFY	0	1	5ae29c86ef88bb34fbf2be11742401d3dad2fcb4f122fb9cdb751e5fa61c1e18
BLSR3270	8	1	09874fc1c95982eadc3b69fd0c69f3b729f298ae2d3c543c470a7279853b6a19
BLSRACC	0	1	563ea33774da69e2452c796703faa092b89372ae8d4779c2a456872e967a5841
BLSRACCL	0	1	2461f5e435bf08f4f9a94166bb1b193f80697490b1856c70f4b512038d7f3713
BLSRACCQ	0	1	e436faf4b236c2179caa2cf71d68aabbbc054b37e49287372d054af5c3089b4d
BLSRADD1	0	1	256052a4654ab0e7bc58a24275fffc2a77bc5dc52b6b173efbaab02837a49ba1
BLSRADD2	0	1	e98faeb41d5ab0d07507828813c671fcef609e4a0fa5bb353f73daa7125e0dbc
BLSRADD3	0	1	c1130d9822903ec0a6f80a7cb2f6a7bd4063f3c090ba27f5092028c836c45b58
BLSRADD4	0	1	f4c79bae64271158a1456b77477846b5c40ce87b228f287f9f02d43723bb0f08
BLSRADDP	0	1	c9a36cdea8e4a928cb1806d09235ca74a4b1390be60f09b50c7cfa208907cd8e
BLSRADDR	0	1	3125d07ba46b58b8c2a74d1e30d3a240217eeae2442e66b756222078f70ee4de
BLSRADDS	0	1	9202b0b77831e88a7c36724d1a556c0fc64948642759594fe2f0112655797f20
BLSRADDT	0	1	ddec26f969611ea442aa7b27b6810ed9d20ed766a2952ca79c2a58b12832c5e1
BLSRADDU	0	1	86a68af039d82823b91d65df8939b4347cb9dfbb6fe95647434c19887d5546fb
BLSRASCX	0	1	50bb0d3548e83aefa43a5917db05a7d1cdd5dd29e27c9ba2fe40440e7cfe5b4b
BLSRASM7	0	1	786947c6f1ba6ebe51cdb95770306310ddc6fc74507c4fcfcda0239035008681
BLSRCOCL	0	1	a5c1e03117862849fc4132c1b673efa11bc1d281100ebdf12c1cd85c14abcc4b
BLSRCOHD	0	1	cb64a86f3f8c51cbdbcf60c96e624f124eb652ce971fc26fe53345d5646afe78
BLSRCOIN	0	1	b450e2e2076c2bf81281a47d063a577bb2565cfdd9948060b1d5e574aa83423d
BLSRCOMK	0	1	9ad1fbd6fe5a2392259477f468f28cc36b32dbd27debdd599e8e035a4bb8d2bd
BLSRCOMP	0	1	1139e008f1fefd416184fef1450f96ff89d51c60f26b7111f9d69bd2e8caa777
BLSRCOPY	0	1	244fd8d51d55366b5ca890cc8b2824d1ce61bd1192bac379042d6e54ffd72ec6
BLSRCOTA	0	1	93322b001f0a3d4ecff72043974fb4c27bacac7f20eca3fa681d63c776e7e650
BLSRDUAL	0	1	8d14b38bf979c914ec6479e58f382e8c1ad879022c81cec271b0c5f49d58980b
BLSRDUCC	0	1	900cd145818b41a8b4c179b1d3359afbbb5b384e4734624a3b730c7bdf4e913a
BLSRDUCK	0	1	dc746ed573046a07300133c6bbf7f20baef0a22bd0eeafe595e91b3b58a0b502
BLSRDUCL	0	1	08b329026ee089296a2e918bb397398b3ab579d4ad6fb78fd6d0f3c8dc5b5f52
BLSRDUDE	0	1	af31b35b801ba09b63542f5c0c5f7f82066a70ca73c74f689f80232744259a1c
BLSRDUDR	0	1	22a563c516868f3f46a3f1ece509926eb7467cb9c811bdfcb2527c518c470e10
BLSRDUIC	0	1	ad2c905aebeaaa9c4ff2187ede1fa359047912e6e3a8583a2a100416d30967ee
BLSRDUIH	0	1	2d63719053ec29d4869b628423305bdd7450e031bd6262de4f73e41259c3e4bd
BLSRDUIN	0	1	06dda51a6e0e7ce811b09411096e773d5c425926eb410c3b8355b41a4db94280
BLSRDUIS	0	1	08e8126422c314278ecf5c0c36d94f25061e23cfbfe31af0fabff7dec90a2f01
BLSRDULS	0	1	8a037e8f14c644bae6911039cd4b98497b3e97bd5847015ed77529ca404e67a8
BLSRDUOP	0	1	e3f13fdd79c3f591694d30fdb3c605b89851600289dbb1dd3755255418357b4a
BLSRDUSC	0	1	25bc2a04c24c01b69a3e53af9f1f62a4d70f19a9fbd28946a021b8d4e6813e48
BLSRENQK	0	1	7f1a2477e021e9178ee33eb0874db3719619aedec7f67a0c5ddf7e2012b34664
BLSREQU	0	1	8266cc41d1e09e897737621b2b490a03c0751b43475c515c2e590faa5ef9d80d
BLSRESAR	0	1	62af5ab125e197b6099daf267a5246e9f9998f4aaa88d75baa4c7928006200e9
BLSRESCK	0	1	543e8d4a0707f3dd74373db9fd72819febdbdd637fc7ad3401641065eba098af
BLSRESDR	0	1	39b2197b4e98542652b25e3820ba1dd4355b701d64973807ac59b315663f57e2
BLSRESGC	0	1	bd2cf2a0a53194113ec90bfe4f6a2a2ac4bd98d1b91c2405b50e7a2b3d005905
BLSRESGE	0	1	74509670879f10638056aecec0dbb3e0dafccf7a9deae3f171f12bab9bf6fa44
BLSRESGQ	0	1	ce2bb239d71f61c6606740b88bebda4ee605c510de95ead2488c7ce1c84503ed
BLSRESGU	0	1	1751c25448e55555ba8ce470db69fadb5fe086c08541dbfd134f4d28491dfa05
BLSRESPU	0	1	6f43557b028c82aae8f49cbbea8e518e896d98b30de64476c15bd8a5a22ffb03
BLSRESRU	0	1	eb9fa0dab832a5624276b512eed6f972d86ef3da0ec7d50dc0c128cacbc70bed
BLSRESSA	0	1	c58b8264b44ef333ec23f8d8a6e70d08a1de082ebd68a3dae3b05b58c3883dbc
BLSREVAL	0	1	c6901bc7e85fce7b22792429ba58b6fac4fd56153107eb221a08b5d02412d912
BLSRFIND	0	1	1203d0a898fe466cf4c0a1afbb7d2de31ad11996698157c74be2afe572047573
BLSRFMOD	0	1	810075acb1eb4b2e12420945a3c2e25a4a7d57145fe9d4a2ab3bbe6052fbb1c7
BLSRFUCB	0	1	526d113bc0125c442c65448ef6c31ededa3598ca5b4ba997f575e451ea209eb2
BLSRIOSK	0	1	2bf8d75c1c67a4b9616af29473254c6e4e4c70bc07e1305c1348d20b73b6fcbc
BLSRLIST	0	1	a46e10960da6561ced2b85ea6a45f8240502faba076a9b40da7d3bc53e033f7a
BLSRLSYM	0	1	8a198c14c9c8a935621fc580edc45bb08aa2b29c43f383848588a2e857da79ba
BLSRMSGA	0	1	d3215e6944be8559b7de892cbb865ae6cb5aecd517c289a2e537823c0528bb5c
BLSRMSGB	0	1	382c7d08ab9a03bbb405f98e4c8629e2d586905e7dd0d5fe6d7589cb04b26d25
BLSRMSGD	0	1	bfeb2f4dad9f8cfbd73a6c7721938d1e2644721e4c2863f97adfa7c60ad47159
BLSRPADS	0	1	aab758722a137b00db9b57bc61babf406debae09d0fb008987058ef5e4d0f69f
BLSRPHAR	0	1	249ba5df352ab5b25fc93b7a66082f563a04692cf5c9d5b67344581aaf78f3eb
BLSRPHGE	0	1	c3b0cb0a3c1ba15ebd67123da292fb9ec374a9a2dca1f7152824148e991e080b
BLSRRAAR	0	1	bf667b61ec192f4e9556a98c30b9978726ae49d23db5a3a6762adc57ac1359cb
BLSRRACR	0	1	5e8e7bc2deefa697f4c0482fd1822f634cddc73d18432e429146c17df7b10dde
BLSRRACV	0	1	cb1b68f88b156141abdd7d223a72f8cc33e56ea8502f124c668e56f3e8002083
BLSRRAGE	0	1	932e08015790ed513683f560fdf2fc9f914053a0e73a4b696d74a9de5b4f9bf6
BLSRRDAR	0	1	42191b9e527920d68723705cac9152c5ffe049e1c3014a95a8beafd44cc4b8c9
BLSRRDGE	0	1	c404543e2bba1ed3091bda7e5bad5b31ff7218f5cf806c6ba6aee5bb88037337
BLSRRDPU	0	1	5747a1510a38118e83fadf45070c016e05e835a67f6d8ca3ccd8494ea35c9f5f
BLSRRNCH	0	1	245a35f0fe8583fa9e6736f367272a3fde4e13c51f015096f1d85eba0ce49533
BLSRSAAR	0	1	60e98cf1983509bdb3674b5b98227df602d2430809265640f1cf7dd803d4eb68
BLSRSADE	0	1	98ef94354d749aa2ef0a25f9785b1c0e5cf2b409f2507ecd212f952a693091b4
BLSRSAG	0	1	cc23ec878d91273fa165fbdf020f94d984f8f7ef11a66900603c4a53b60579aa
BLSRSAGC	0	1	215c89082a577923bf961696494c3ff102cabcec9c3963f79aee20e9047b2f6c
BLSRSAGE	0	1	6d1489b21115468898e9457b0dea08ec5095c88cdd0f7d5fadc925ef1ccb988f
BLSRSAGN	0	1	231d337fa8005dd21867d07f8f6259339bb47dbb3bd5c13845aad3fff6449b00
BLSRSAGQ	0	1	2155536110f1b75949df3adac3623c25f04b5e7abb6286d00f7ee936de94b7d4
BLSRSAGU	0	1	39b756a175a64d341930056d7f96a146b994309750f1c76211a391d55c4f6d03
BLSRSALI	0	1	170afb864eb3cadb0e953521a51a83b384d2d4f28729146c35f1d49d39215ecb
BLSRSAPC	0	1	6a54bb1edd67ff29a239f69980607f0f12ec982809a07ed021a76acfdd4a0161
BLSRSAPU	0	1	765f99dd4cafd9a4f64a4fc94094e7996a5f925f56d44ab8a19d83e49b82db85
BLSRSCAN	0	1	d243ea0cb6d2ff7ddf09e389401f37e25bc33a84f21df3298667805f27b7b6f3
BLSRSETD	0	1	5bf9ed4e37cd556620a3bf1884563686107abbd42dfa2a5344662c0350e7051c
BLSRST00	0	1	5893c06bfeb770a7bdcaf7336709fa5455796d4ea36f6174daf2a206c9ce5bbb
BLSRSUMM	0	1	b24b3adf8d140f5752b309579f6e2b27e2ed25aa6b5b2292c5dd3906995eab26
BLSRSURB	0	1	ce86b073fc29d6230812e777f6ff62b0509834f236da6b355ab1acb7285c96fc
BLSRSUTC	0	1	347b499a47c7d67e37a52b5d7f5b50069a30a7c329c67bbb59a14a647fd7d958
BLSRSYRB	0	1	5cc0faf5b3b363f8e4cedc4e5e4cc2ef339f2418a35f40fb193da4e2603a8a68
BLSRTCBX	0	1	f84dd6293a2815ba736da8c96d3c09c2612264a11da8ed2a084c24c9874f47f0
BLSRVECT	0	1	8d1912bb37efb7a82ce33a3e510be7a552fd1f7cc5ee6d362e022f76f2810c06
BLSRVPAD	0	1	24a1e270a13f83b88fbccee0045d65cd6fb7858f8a79468fe92f4285f000ccee
BLSRVPAS	0	1	0ba83fdc94b5986bfa35afead12c970e0bc73b1f627023004d118a5d8cb7d9b4
BLSRVPCP	0	1	349d167e32614c0674afa31be5d4a056e30cd8e4af6edde503403dc360484286
BLSRVPTC	0	1	bbeae6ffa925a7e8d35dca06f351b5b39bd8727f0e31bcaf69752cecb30b277a
BLSRVPVS	0	1	42d1d3506f60a994bbbe8c3d51ecf0d1dc7c18f31e9d2112b09e5bea9e670011
BLSRVRBX	0	1	e2bf5d6c7f99e20117ebcb6742c1fa734d5f2ab45701c13717af7c3ebb2f717f
BLSRVSLD	0	1	ec82e8bddeed87d14a7720790a4dc77c4774152a6f83a7950ed9c84470d05f8f
BLSSASCB	0	1	245108a03268ac2985974126dbf502fdd541fd32a806c86c65d63d2810d61cbf
BLSSASMV	0	1	60bff666b71f4ec0dcbbd4f559c8011d5f3d47272bcc342f4e9594fe900b2b66
BLSSASVT	0	1	7af4452de9a385a2e1059b85faee249ea279d1a3a2aca0749f322d630a4e9e14
BLSSASXB	0	1	c442e94f5a7a94cecf340226a87a31c5fa1605a54b90ecebf6042785c40bcd23
BLSSCDE	0	1	39d79756c40587286d4b822c70f02923ad57ac8ffbdec49cf565eaf3485d064c
BLSSCOMM	0	1	9e387616ed4faca75ec909912e3d01422a2217d1de79223ed5c5d44f9f01da36
BLSSCSD	0	1	64bec1657c201b1177a3a1104fc00873c0076cb5de8c2f0334b643a497318017
BLSSCVT	0	1	747a3feded255436218607e9259e05d369f302f053e27a4cb1f281b6aafddf3a
BLSSCVT2	0	1	29063420ea22c040c7efbe3d18c622ffdcb3983b1f6f01eb828aff39db7b0ab1
BLSSIOC	0	1	dfeb58218b7afffa15ca6eda0266b32f174b40790a74723c3e59ba973c9af677
BLSSIOX	0	1	f7d596b3d8b3c897375439f41a1abd4f3eff85c7e25a0c40cf6efa0af5073212
BLSSLCCA	0	1	683079dc0023a741da307e63c2aa91a37ff751194a4ddf6fb2650969bcecc3e3
BLSSLCCV	0	1	fb92e425c12aeb57584377ff6fe1596d7ef22a6428245dca38ea3738f88e322b
BLSSLLPA	0	1	ca5fd851b8cb43fc4c615a27ff57cf05f5512ffe0f52cb3e1851c39f714a6608
BLSSLPDE	0	1	a2306004aee9080459b016717258bcce770ae93b0e498854ddbf960a635c8e74
BLSSPCCA	0	1	66e38894689f1443114179836815c0a62301868f326fdc3391e5b1f579d16499
BLSSPCCV	0	1	908137757c18a531bf98c5ef35203427c69e6638527424ade9b898ad9f429790
BLSSPFT	0	1	b7bcb2c5e7fc5b5e0f8e4b2cb68078100e80eebd7fb958e061a5b9e011d6dfbe
BLSSPGTE	0	1	5cdf4b6a3a175844da9379190748f9503d4edb12a660586f054f2ca275ad683a
BLSSPRIV	0	1	6a223e9fb50d450b58e381e19e90660d33cdcf7b1acb7682bc597010583a39bf
BLSSPSA	0	1	1fbf7611c8ef07c88df0aec53bb151ed58c3090fe11b22d96230a13144576245
BLSSPVT	0	1	9ec8c1f48e8433c5409ec125134fb10d1fd4e8c5a0ec5ff4e38937ca83668127
BLSSSGTE	0	1	8497e2ca80e9ad3ef76dd7a1257ab7b7c30ed1511265c59bc994ea2725ad4ef5
BLSSTCB	0	1	4b55f78c9b54a9ba197db55f6085efabe778389b549f8f2324df9b7b1b6c5775
BLSSUCB	0	1	992de4776d7fc14f6ed93cc7150bf70e60933ffaf71fad9189a4570a06c7d21b
BLSSUCM	0	1	03e470724df0cc4227d919c5d78a5158528eed6fb747e7d6520e635dab6a4e9e
BLSSXTLS	0	1	732bc346071c0bbab8ca764171b81129a6f5fd8e175623a67571c4dc72358968
BLST01	0	1	aa2878679b43e09312e364f74f3170179a015f1f5e532983324320c9bc454234
BLST02	0	1	d154ce1ceab3663bb34d59aa20823d864815a0c0774f0b23a6c6beff365e0bd2
BLST03	0	1	851237defa34f37053de8fc67bc570375c978eb4f489add5e1016c404d2e33fa
BLST04	0	1	540505e2930bd1976c1914ab0a288a10ceb75ae7c4748ac2ae089f6dd65695b0
BLST04A	0	1	11ea188f19ec53afa28f0e3e1cea2bad50d47386704efee4b1afe15127be7af9
BLST04BS	0	1	90b1834d794097ec33f5220a9efd36af890a5aaad1114ba8cf01cdce5e26a9dc
BLST04CV	0	1	b311add4c0204e840025e113c57a44aec057f7a3d320689fd6591055ff0c0d47
BLST05	0	1	66534885873a394b9611e81a6d6f257e906493fd15da03e7aa9321bc0a3da528
BLST06	0	1	7081b0bea98e6e359902a9fb85df8c1b9c6ed86c169a61362758e0c43a74abfb
BLST08	0	1	8c4cadc6a663444d812b3a511da859025bc0a1565e256d57f8e85d9222b3c7ac
BLSTB	0	1	3e90bb8b3146126f93670ef8141b6706bfda90a035d45656814adb048f36968a
BLSTB4	0	1	c24411d3fc56b9f98e73388e65718732ee395988604239a79c7c178e140aea05
BLSTB5	0	1	775b52f6c42ee186e48f8f4d7045eaa1b3371f1deaaa10abf9ce48729c6f4424
BLSTC	0	1	dcc782ab5e57cd91ce87ee085a4f3408f4439f640649ab6d8c829fb68b832c72
BLSTF	0	1	8cef880da8bf779eea5c5ea45d7e9eabe3b46b40c7da22417870759e60a3387a
BLSTM	0	1	ad455f65ea508a5e622e4fbff2d65fb5e890b59722446b25657af8c22e70ecba
BLSTM4	0	1	166396b9e63f2f1aad190cf612288d54343df49e06249b42e8469b904ecf36dc
BLSTM5	0	1	70e1069f92b43f56c2045a9b299265e4376944538230e2efcb807fb436a133ec
BLSTR	0	1	b54d1e89ace2fa30c28d9209854724b89932b6326d025d936cbd4fde49523fe1
BLSTU	0	1	6493c8c3da024a4905affec45c9eeb96044ba42795824ec0b0bec0e5cc4594ab
BLSTU4	0	1	89c38998a55e0fc7d16d74cd18ea9818a6e0e1c00748a015e625ee4e52837804
BLSTU5	0	1	d7d4230730240c309af691872263480292a0fe673530ea9ef046d3f188834817
BLSTY	0	1	66388ddbdfacf02745e893a430d0f84c34c84b01cc7fffcdb409183270fd0a11
BLSU	0	1	cb4a568ac3a28fb6e1bdea29b5e6565353c6a0ab48753ffad1334c977b17a7a5
BLSUALLO	0	1	86c991c3f869fb4aaafd23e8bd3f6705239efea35047397b115668b4b9f29aa6
BLSUBLDD	0	1	f928fe83e7998c4f7b5ebbb69ee4bbfcacd1cac6eeb7947bf6a6cee79fd23e58
BLSUBLDL	0	1	ead8d7f989ef44624596abf6bd96eb8de1b39888132a38c3a2b6888e57d2225a
BLSUDYNA	0	1	bf58c9236ec9981c35f6bc7190e96978a2efee05470c87eec09f3efa38b0f619
BLSUGWDM	0	1	0ce2ca5216e9f64c64164cc6f98c06555c08d2fd9cf2bb97495abe962bec161c
BLSUHELP	0	1	38131d24285d976ab33bb5131479e2ed9bca357edeb570b9ee254a4a53edc2e2
BLSUINI1	0	1	63d572f6716bb342819fda017eae79711abd8e7e9892ebc88f92a22a9dc22413
BLSUINI2	0	1	dd02cccd8d111fad1fc17df6fb4eb939e5ae956f95f5f7bedc5074d4927f8b06
BLSUIT01	0	1	dc22a0bc6a942503861dad2abc62fd9e6badec27b4288959043447198433558f
BLSUIT02	0	1	30f2e83852808bda767e61e41770c56f4606503b56344e8726557de060911956
BLSUIT03	0	1	0084706f78595313f652cfb7b59821e52b0b9f3eff36ab7215f567c3c24ecc7e
BLSUMON	0	1	af7b2d417c2d583e2302c5a1d63d729044895e2347b16710a1d51cebdb92ac1e
BLSUMON2	0	1	4f3ff73d6a051916d842646688d1c4f1bc6e53bc7686285d78ca6b5f61ba9659
BLSUMONA	0	1	c6d4a18825f242ff7aa9091d91cfd679a5a47ce7e5e1f25943d625742f0b4ef5
BLSUMONC	0	1	7f78a6179bdf9e473b9da3c60e7d47d25866b9c1ac2daf4a1a761515e6f9fcc0
BLSUMOND	0	1	8367994003452b26dac983357e34fbfa1143f1190ea0dbb86f1dd98cb7e46838
BLSUMONI	0	1	faa9d56badc15193fde4a398e3feccaf231ecd1c0b1169723cfa4509a2b055db
BLSUMONL	0	1	cb90bff5d8a3da26b6c819fb5d4e1a9e5f4466d0270408c7d808275c396f8615
BLSUMONT	0	1	3185afa877ed28863f2f7f0dadacf43f1b323e556221b8e66191fe7213898ba4
BLSUMONX	0	1	f69a71b5da0379263301f8512fb3aabd39d8d0d8ffd9f96a32a55548d3daf66a
BLSUMPK1	0	1	860f898018c93c8004f9c4a478b5d65aafebe4cab39e761e18ed200ba307a343
BLSUMPKN	0	1	d2ccfc4bbf3a34c590adb78b92cd19db9dbfafc8417764cb2450dc98902d2a84
BLSUMTOD	0	1	07235cedb5bab9336bd41c4e46bdd6fb61e36b14857121c507724fd1fb2c3ee5
BLSUNOTE	0	1	8463180a28b50617984f2a57342777c32a20fc4771b317ff573c251b32b90ac0
BLSUPARI	0	1	e393c4a17918016327c823cd61a09ef301e4edcb943cd844931442a856cdda45
BLSUPARU	0	1	423494f7933d863e7db79ea34952e857cf0712a127107a5a6bae680c5e917f0f
BLSUPGMC	0	1	3a706add945dfcb884c30f25e40f653a57262c5d833a4cb4689c13a21ff2d6c7
BLSUPGMD	0	1	6c441ba8edc8c0dd54779eac6b0abb34a49eb395410b3e20bc3ed3e68045c7ea
BLSUPGML	0	1	541246209212a7cf71767814e70062448d6af8e18f6d4b818fa6cbcaaffbe82e
BLSUPGMR	0	1	2b5e0cf07bdeae0511ab49648cf6b0cd04202d666d19eb1ae2c63a17b6bd0672
BLSUPRCL	0	1	153f0378f11c4a48f7e959442ac66b4174e589d0ce2942a497dad8bc3f3d2c33
BLSUPROP	0	1	3ea69effc18bed6b50a339af02236f71b13cf2156fab9d931b702d4c00c95c59
BLSUPRTA	0	1	01b448e4c7efd6e52eeb40db8f70afea49e8334a8b141c0f395325d6dcc08544
BLSUPRTN	0	1	8e01d07a0392db137b091ffd36352e97f5b5d5316d6b96dc3c066653c68be584
BLSUPRTT	0	1	3ad005bc8dd944689a32bf1560884ac0bca3a7703345672a0f092f48650bf0e0
BLSUPUT	0	1	d4a28f3e4a7542130937f2a0e546987f4c837af428e1e6590ba1114550c683de
BLSUPUTA	0	1	924814404b17abe1a814e3235fce4fb69fceee5fcc5292b4c5eb9575b31e239d
BLSUPUTC	0	1	9c875cea47397735744a20f060c14c52347981bb40c1d0126157af8fcf817e7b
BLSUPUTD	0	1	f9894fc40d7b918a300ce91419a97447309c080e6f76d08f21165cafcb23fa91
BLSUPUTN	0	1	4779cf032296fdb24989b414717d4d5686a9d2aaa218ce9b546a575c60b3f609
BLSUPUTO	0	1	6ab668506828e907cd6290e0749c2dad754bd0d3bcdc1ed9036453f93b9700cb
BLSUPUTT	0	1	da299f3a6704b42844acadcc4f4b8f24e12c9fb962fb2e1403a09b5178857d4a
BLSUPUTV	0	1	521f0a1c96fda18304881c57b557299f8c492225b836547634d9e686883a319b
BLSUSTAE	0	1	ce27d1cc862c071fe9ee1736848cb042df47eb24d21f1c4935465cbd9caa611e
BLSUSTAI	0	1	979f9eba59f7addfa285f0437b583b5b141d99842759f7344df3c6a9b6406472
BLSUTRMA	0	1	940875d47885a1760358700bc8ba035b94b5f9485c5205ae8c6eaba7ede53844
BLSUTRMN	0	1	cdb996a4c96b6fbaba622b78da2f62c0eea14ecbda78ed76299e4d4f767d1d09
BLSUTRMO	0	1	2b4562062177df5a8d6fbb425ac9a6e18c65e7b1a9278098d7e7d97b74ab9a38
BLSUTRMV	0	1	551aebe76b1c3ba2d1ce1927bdc9fa4d5b8df9e7b827f27d47279adedbb15142
BLSUTSO	0	1	c172d441d29b1375626ec6f237ba5df1bb5d4ccedf9d34aa017b7892a715bbb7
BLSUVECT	0	1	5eb73d651534838814cfbfbcd7fe7b48cea8c528e71db414fc83e30183c91b86
BLSUVP21	0	1	966f0502007f33a6b033d5fdb7a07ed58338f06da8fd131227baf166f69ba419
BLSUVP31	0	1	77626d9737a2c3424328a8f407eee3df670d2003eb31740882ba6e25a155536c
BLSUVP32	0	1	c4b74142f468054423d7f4c4bc28ba6a3de06de1ef10ea964e0b29610a4e9973
BLSUVP99	0	1	74ed0e6dd6051697cff4a96341cb2c705faea6c482d689e040e6dfef3122b5e0
BLSUVPVA	0	1	f07e2a584eeffe1938530810db8b2f42453db9ec2d39edc2128f6e8e2ed433db
BLSUVPX1	0	1	8e15ca7d8c39d1fbb15a18f72f49481992595d89f0591cf40cced6c98f4c1422
BLSUVSAR	0	1	7f5b9f4df5fd1f9eb31228f1e3fcf07435215b5237f1dea861b877299e7c9782
BLSUVSCL	0	1	132f57b389db97678a71bd6bb74f7467f8599d361d3e59b527e60339476796b9
BLSUVSCR	0	1	c080459a54cad74a9b54d32b77b18ae99c627609e05e478820d0f1042d767bbe
BLSUVSEN	0	1	8b347425a3da347360f2b2b50e39b4c9685e3d9e29dd1d750ec53c763892efe5
BLSUVSER	0	1	2a6953f84f683126a32b4264eb5dca2922ae763e59949290d4055525e54fa1fc
BLSUVSGE	0	1	08ccd2d724baf803e75d778e16eca815bd3dad74b6a446e619028d5c642656af
BLSUVSGU	0	1	00e129360cdfaf0ca7ea34428c1a9e418bedfeca60cd945ba9fb15810b03a480
BLSUVSMR	0	1	1ce6b7a156248c659cd10650aa2a9e9ab8342a64027ed42d73d8bfb939fded40
BLSUVSOP	0	1	382dd72b6df4f59404bf86d1155e39357bb0d0e6e6d39079616fcc6cdcb74947
BLSUVSOQ	0	1	e7f8e82779fc5c22f69dfb91304dcda625e52539cb0861d5c2ca595574ea683e
BLSUVSPO	0	1	18280ec8198c3db8d6f79e35f1fcf0e2969ada345b187a71167d1a81a3346617
BLSUVSPU	0	1	adfde9534d48dfaeff02789e36dbf7fa12079bff1edf081ccd2dcbf6da5880da
BLSUZZ2C	0	1	f324200bb2542f18cf6c1351c34b22889686024b7027464ce73c3d133dd692e8
BLSUZZ2D	0	1	7acf7dd2583582c0b72d462e6e16689c593bd2af7db217badbe69aa082158b0e
BLSUZZ2R	0	1	543b2fc8372acf499b646e7975189e37aa866d539d28edb52a8be03267760064
BLSVASCB	0	1	e8430c9d46439e79966f12030406fd39f27417b4d6193d1fe62c4af1ec93e637
BLSVASVT	0	1	258fe307bf9cb5a81fc2f5371ca9855955f026f18e36fabc6d04425c5e6305c6
BLSVASXB	0	1	9d7f5abbdf7a2b8c5a107a7934c118c8fd60427b0d21b5424711ea2ee7b10850
BLSVCDE	0	1	a501fcec0ceb681af75e18e08008b7f2a11b228228b92f6ff0a8eb92330a33d4
BLSVCVT	0	1	c9546aa307406fb3057b143f645d3b2390c805baf13074ca2391a158956e3204
BLSVCVT2	0	1	ce946b03e84af4e97d87a52f4b0b6165947ca401ea06fd3b5a269caeeb0b499a
BLSVIOC	0	1	bdb8d0cc64a5b2cf403a196c1fbd026b67c3289ab7153f8dd5dbc50ad4e268a3
BLSVIOX	0	1	d67831bf7eb7bb2448155ed70ad9f5be59a6c213378ef60cd15c0683eed383ba
BLSVLCCA	0	1	414e07f6dab7c8239242d759bac16610d1b72191f52916b7840ef486507b1804
BLSVLCCV	0	1	5c223f2a00c88d4b7ca7329d3a29caadec5aef08c641491f7318b89719038e3e
BLSVLPDE	0	1	a601572067bd908af61374db95ec70b734c039b33aa142fbe834ec4c47c692e1
BLSVPCCA	0	1	7bf4c595fc28fbf97ed124922aa05c252691b59e6a9351bf917598f35abedc6c
BLSVPCCV	0	1	d3c53c97bc2d4ce9fa5b89ed9a67adb99dc52ffbbf45c9a9e3545e3faf8ef3a9
BLSVPGTE	0	1	372dbca31348f42bab6696f908929c63dc00e2c4c01c672be5f42b139738e5c2
BLSVPSA	0	1	d1db60d718878344e1c84b547ee6e4710dda5c099ef5c8eeee3565a08801488c
BLSVPVT	0	1	70464e2553b7de92b7e5ce4b7503372434e5204dd06826b56201ac0a1b7146b4
BLSVQCBA	0	1	7d423ebcab657433b0711c5539ae4e468b1d03db4ac10679a329587c42d874ed
BLSVQCBB	0	1	f117222f71eba1be871a0288aa892c56e305f1c18050c3a3675c97c1a3b94401
BLSVQEL	0	1	ef097ec4d6762763fcd4fd62d5042399568185bafe4f8997d7d87b43b341f4fd
BLSVRB	0	1	e383c03abf478e106905cf7447e87c31b3108a748982f0347df9f30f92ee6183
BLSVSGTE	0	1	b1b4f5ec6cb7e5ac39b141c624e321dcccd180aa0bea47a01fcc088bf4262756
BLSVTCB	0	1	bc6ce334204030a1b1d24e4904c8e5983072a5b8f52619991a999b5d2f5489e3
BLSVUCB	0	1	d181c8b9df94f43849f4f64456411624893d581913ccbb99c09b83351afd33fb
BLSVXTLS	0	1	3ce15d62e73334063a85d45a5d7e1b839ecd669e8426af949a3dd8319f971639
BNGC3270	8	1	6887c49959a34ac87ed94fa9dda851fd6bade016f867e2d61e150b78bfda06d6
BNGCDISP	8	1	070004385d47db2fcb17bf3c8d8a24a54a9af0fbc995ccfb292eb5c278dd2ac5
BNGCLOCL	8	1	66a1b2a4e887d07efa8e206af90230d25f40aeeca4d3071168f789e1c9b6d9e8
BNGCMENU	8	1	d358b33cba67b243ef834d21a1322e62f3c2d97b9f380800db5e8050df50a87f
BNGCRMOT	8	1	aca9d1795f86c9370da4f3773efcbe0f3d0fba7acd21869fd3813e0ed7accedb
BNGI3270	0	1	ab53eeac88d152a71d53fd502307e7df6dfd1a5e6dac996d013157227c86f477
BNGIDISP	0	1	91c674d76e31e416c87478d232e11a158a8b94133fff74946b8a7a0598115a48
BNGIEXIT	8	1	a2a02171999a6933ea6db3e05d2b930a4f729dbad42671070cc2fb525c6edbdb
BNGILOCL	0	1	e6f955a1aa9f7f3bde7d5b1915b99d7edc6ad5d606fec076d618f07b13b38111
BNGIMENU	0	1	f514dfe6e7cdeec7a85ba807f91f9c8c46669a5db0af30929a8ec9a549080a20
BNGIPCBX	0	1	7db73be69418d4886c25fe94342fa686fc983da201aeacd3fd660df3e403ffa9
BNGIREAD	0	1	77bd3ad860fbcb920bdc42d9407fa0964b3ce21de4447b9cdb69daa415d0c79d
BNGIRMOT	0	1	bd92800ec289c6a6b6ea09915fdc068979d3da919fe038130181490e1b4e2ff1
BNGISIMS	0	1	b613143900b447926503c5c680fc0e5b7aeb41dd44c6ac3514bc7a3ff2513318
BNGLOGR2	0	1	1f4ed8e86008853a5ff3e1599bd7754b7b0c5424fd24705d94889600571f7b3f
BNGT3270	0	1	52a66f1e414c9a0c06224905685eae2a3f1250afe6a27c1a74d46bf1606d3289
BNGTDISP	0	1	b7b2e3d59f1e1086036df6241b299b6ff0f7b1da6f990914cbae7dc063a2d371
BNGTLOCL	0	1	87f313e779c8435ee928496361d318a5480a90e6fb4bca55795f9fd0431b0a2c
BNGTMENU	0	1	92fa99abb96b719d2c240a6b4fe51165c39fa14072e56b4d52968e27c04bbe89
BNGTQEMA	0	1	320fa2132fe374b3028a7ec3c5d8fb2b64bffcacdd2b1c4478ddb4a649dc7a6b
BNGTQEMF	0	1	ab729665a629c05e1469565b773ad16125038007983a22e2cc0c8f59bea8d25f
BNGTRMOT	0	1	7247e5c69eeb42d9563b70ce8feb490dc7981bf6f97d40d745d7e2b565968ae4
ESRTABLE	0	1	9d1b8813ba163877083cb4097d521741fa845d7adb118cc11bc5755e64fe2249
FCB3STD3	0	1	080608d249a17595dc2917363f6d890e6edd0619ed3f40d85e17986d017073ee
GENRMT	0	1	a629a1b413c6e8fd4a5b33788adf5dd04489c212ef304737f89ea824e5b12306
GRAF	0	1	50e096c64924dcff14b30fe8aabc545ee6d481315f9c3ac9e472b4a9ab13e701
HEWLDIDY	0	1	4cae048dbf106b690f1ffa8a60729b490461a0b95bbd4a86ebab6a15bce9064a
HEWLDIOC	0	1	c7fe7332e4118bd78ae85e4e9112fc9328edf9d2105f2c628ab96027091d7c48
HEWLDLIB	0	1	0e78ff2752b91a462833c75122211705a270c556ad53547ebb15cb570aa2bbd5
HEWLDREL	0	1	f94b13145a023d7d8c505989ee5d359928fba43cf03ee0d3b66dfebb000a814e
HEWLDRGO	0	1	3877f732927a97edd50993b5dc406e7a5baed137a29d8321b2c617d678e203fe
HEWLFADA	0	1	321a72ca1b4843f65aac89427dbb238455c95d41b673b181ba0666505d31b123
HEWLFAPT	0	1	d5a57295af82c9a830edbc7aa436a59bfe843463b00162b023fdd263eaff9cef
HEWLFBTP	8	1	39db80a1c395023f64cbd72d4e78cbc8a974ae74711233cfb15b9eaf0f2b1c8f
HEWLFEND	0	1	15233994bcb81603ef1dec328ac1d41ad45133dfec6c75e4ed920b0b7aba0420
HEWLFENS	0	1	fab588c7e6410cf0a3927cc502f26c99096a282600fda7d6ece9c45cf0fe4dfb
HEWLFENT	0	1	1d16b5f573fa6cdeb8526e477e319adc1fd3501e37b4ee4da6ba6f0b63b0659f
HEWLFESD	0	1	3518576ff6a3ae5a09324318b3285db598127025533ad6bca7a41d2a01ba1b53
HEWLFFNL	0	1	3f7a00db0a635e7caf4efb821a846c0954527f291de08ae76df1d12de412f700
HEWLFIDR	0	1	3619f189c1d931d49b93e34d484502427dd8231ea5cf7efe8929e02cf185e156
HEWLFINC	0	1	565d71acc055dbdb7bf3d70fbe0ed628e9bd5bc420f18021b3977a62dc063717
HEWLFINP	0	1	314b6e0d9c28c64173bf77ff5c626792c27ecdab18bd74cd8b568615fdef2757
HEWLFINT	0	1	f8f1b98e17c79d2ba1bfea75c04e4c309a55cb52a1988c64ee2aafb816ca2584
HEWLFMAP	0	1	6b269862a60176030a1998e24028f1325a0250831ecd272a13c8c8f88d5cb81f
HEWLFOPT	0	1	f5c28bae323202037b75538eb73d6922f722d93869e841fc814dc933bbaa65c5
HEWLFOUT	0	1	1ab2beb20bbd20620b5a18c0c6ab7ab33c2b010fc3fcaafc66fdfc22b660af99
HEWLFRAT	0	1	bd7f7df30083f124e81fa3ef24c7768728475e62721d6bad031d9e114ae8c224
HEWLFRCG	0	1	05f56dc7f29e06c0065b55c8fb83b756a0d4ffa0f5e1929d6848c7fc2776d224
HEWLFREL	0	1	92429f3f0c4d618d158162e2b5f30cc55fd42a6de4f8d7ac31223d181f752dfc
HEWLFROU	0	1	b3ba7950b2cb4679a948fca981176b74065906cc1f83092035a73836d1852e1c
HEWLFSCD	0	1	7111268b540888b7fcccaaac583a9a9e6ba6998e3592e8ade0006badd6613308
HEWLFSCN	0	1	f36f17679e005a078f383d187bbf85b39fe9c783bfd7858059b6ebaf749c1046
HEWLFSYM	0	1	080e410978fa44ee7663cb18d6648ffc72624e5a1efe46e93ba4bd425063ce5a
HMASMAAR	0	1	9233bfb8100ad48cb35318ad3c7b37d37b00144806a2f9f9c9f8eb6f9bfb57f8
HMASMADD	0	1	8ddda71707323a2c18cded42fb30d7e2c65136ffc2fc501cf4a6be108493634d
HMASMALC	0	1	9710256f69abf2f60d2e1bde32101e71b1bc7d0f8946edb9b94b10bee7eca084
HMASMAR1	0	1	b6a11b8fff630b605c9c7e88daf01b0090239eb5ea8fe9aff0b6de8ffaf7893a
HMASMAR2	0	1	9d9ad719d034edb9d4d24dc74a904daef919b869dc122f9b2fc1e180febcc074
HMASMAR3	0	1	f09a0d2be203faa572888b99ecf9ac6447ad8793f2688856734d8b3e1b26a5eb
HMASMAR4	0	1	03fe7668aaee52135f3ca08c9900aa59029d8eeced1631aa9bb4dae8bd2e0546
HMASMARL	0	1	31d053992f334e3a881e4b26cd545e8ee9ce5f52a96cd07ecedc85038bf55344
HMASMASI	0	1	a2cf11457f1690d75b0df99c14bc8e31e47eb5c5717930e652b03d16a97a9cde
HMASMASM	0	1	54bbbc220554d1247b900e1d28f5fa06a02edfe12479ec6bf7870cc845f7136a
HMASMBDL	0	1	b908c0191fadaec2a744e8746bc252bb4401a1d08b70d939073ece54b15e6089
HMASMBUE	0	1	4ad0834dcd5b2785e124e9b64493e3650be653c12de8268dfb30f273a55ce511
HMASMBUR	0	1	5dbb437312383a86d024f8b6a11a7dd9efbac797121a9e227e7929c4ff9b998d
HMASMCIL	0	1	6dbc85ac1e384e1c09708d1004fe6df05ace33de34c14557335704dc7dfa06ae
HMASMCMP	0	1	da3f8e07f93f63f068fc641722898870c4e8acb0a4be6e627dc4b15192a36c4d
HMASMCOM	0	1	89c8d13087dd5efa83bf568eb68809276422a746df102215bb219d9120841fc5
HMASMCP2	0	1	d2c3a6ac6434c5f57235162297ef827ca9be9f485a0363fe407a26a14f55d774
HMASMCPI	0	1	aa069d3bf001bd5f4efa2bd5c32fba761255fb2f8ad57461c13b4c6ee6facdaa
HMASMCPL	0	1	a6eba4e39747ecd1040be298b49b99b5c3d5d7fef8ab6ac696f8c8f10d2ef1ab
HMASMCPY	0	1	b57209d127f35b204b84f330f465c083152c3fe75b650aee2e7ee6c83b066d8f
HMASMCRD	0	1	879e1d1e53ee4f0489a0bfd02213b5a59197a021d703a42597dd78a8db34dd7c
HMASMCRW	0	1	68a92c6846e4039a36a17ae89dd0c72f3689b811f94720f5e9fa1d89416e33c4
HMASMDC1	0	1	088eca33e2bdfc5e26ae93c7d10dc0fd8d2610b9554b5124831181f46941dd8d
HMASMDC2	0	1	0afdddf776bb599723f434631b37c8e24fb67b4aa29b3d2830fc8cb4c9302f17
HMASMDLE	0	1	2f30458961e81e4eaa8fb7ed1272577a80e2396f31e01eeb8958d1306957c7ee
HMASMDR1	0	1	46ab814b1e8c159168db8af3dd19e22caf54603d0531c68f3cca8e774c20a276
HMASMDR2	0	1	32c59d9b0609215b2a10eafc7d543ab2e070f5e40fd1cd3759f57e77e90a538f
HMASMDRV	0	1	78846a6c83f97699ee832cd413f96e8ed2528849f4e42dcaa74cb09896f281f6
HMASMDS1	0	1	d21419d7bfaff9f9b60d095b357aa1c4fe87400a4a95bc24a9681318f0bbf02b
HMASMDSU	0	1	623ca45b363a614f4aa796dd47507dc4a1742e2c2dc312a3f480a759d13a81d2
HMASMEFR	0	1	67e15cb6ece203ad1df86d8cc3348443c64a8ad58abab138a762d16cdccc18fd
HMASMEIS	0	1	4bda74be04d5fc350551348f6823750dc6eca0e8cf60c105f11fc952a7b8cead
HMASMFPT	0	1	be95b41517f0dbf90161716e2a6d9f23f599583fcf6a5fb152c55621b098fc41
HMASMFVL	0	1	a857eeb49471ee11810e74ea215c071b21fd899ce4239601b27fc95bde04c4a0
HMASMFXF	0	1	f6b9787394b6e1eafef34d7fbeb51c82892708bc3ef20965ada780a7cdf0c711
HMASMGTA	0	1	7c8895df3fbaff094e66a7fe9a68b96976dbfdb458b3d0e23d35bb7fc0effdff
HMASMIDU	0	1	08e9569c1edccd45f57c6174d23d4f0bd2c56742a565a62c5d6d479c4e3d0ff4
HMASMIO	0	1	290be67f5c490aea378b196bf3fe74a32cf7c7d22ee18a5c0cc1c1e7cdff0569
HMASMIO1	0	1	99ac8cb38f214905adc0acfeb87db337a3a3ebbc2d596bcb2f64660395acf712
HMASMION	0	1	165b5effeb723510011292dd73d867fcb5b4a7883985012866c705955705aaed
HMASMLC1	0	1	8d0b72001b27d2916070a0056630f529a3b16a2a9de4dd90b07658bd3aa96f2d
HMASMLCC	0	1	e0f88031aaeea8946e93f811ec684249eeeca83dfe573872576d2ac26eefaac3
HMASMLCD	0	1	9d88212e97c3f4847da9afa512478725177c2660c181bff0080f2ae054d2e131
HMASMLCP	0	1	1b00351003dcf58a3389e010ddceefd44966b899007ebad7320829f68bea43d0
HMASMLID	0	1	d7db78a65642d4b7e386a65911130a9b95510a350db560458c57377e798ab117
HMASMLKD	0	1	e0ff355747cb0b25a4972a1585e370fb0f1d05399bbeabd74559fa9a66a97f73
HMASMLKI	0	1	85a149e70eba7344b374667c3b9462a90972eded0d636bedee817fcca39d8048
HMASMLOG	0	1	3972106cc9b11ce4c896117763684eec7b5b4735028f76212957aa3d271837fd
HMASMMDR	0	1	a5eeddc5bcd823d8fa9492b6b952a6755813c9b61d274fa6cc8b915dd82668b8
HMASMMPA	0	1	d277cbc65886a99202327afc11b7eef9db41ce7d27c8ef6523f2d93bc406c173
HMASMMPD	0	1	0177044c123ecae6b652e68a94e40404e602bc71176fa67e85cf4f8defa42560
HMASMMPE	0	1	eed399f445e71c32e50e86f863aecca83f2813af27441b1fe376295830140084
HMASMMPH	0	1	3990229df988b92c6b84d20e74a7b482f6634eaae0271743605413e22c8bd3e0
HMASMMPI	0	1	7569ec1c7a0d28ec7605a822bb3dc8137cbb93efe928eb8ea1a59c13b3d03ce4
HMASMMPL	0	1	7b9d7ebccce4734e79aa3aeba581b8eddfd8831e2fac4419659ad5de1f1f8f9c
HMASMMPV	0	1	4df4b2a2df5a7eb3e87d59c898436c8801aab14cc9c408ff4bc4c0d323e50e08
HMASMMSG	0	1	7a0198cb3e72c211c042b9d607832e995bdbf8f3e2931d9790d8255843c89bf5
HMASMPGC	0	1	c7d131ecbfe14db22b09ae301b5541a74e03dc94557de6284c3b7bed9b7abd59
HMASMPIN	0	1	c1fac489bb7935b4595d86a1d363b4a1e249797c5fd08078bc3ad8114f3b891b
HMASMRCC	0	1	257ecb0790470db2c7759ec69217395f9743ccacf6cd1418fea2275ec14aa0e9
HMASMRCD	0	1	97b5ad22c6d6cd6e828c753d902feebb7ff34c74c1393efba2aed32d7becdcf2
HMASMRCF	0	1	29f29ce3adafa849fef6b1cf1ba91efe3155c223e5b7f708b12ac02bdadacc5d
HMASMRCL	0	1	9dd9a71751200d7740d5ea107935a286b1babeb560052e9f98640b0e72b79b06
HMASMRDS	0	1	98987190929517781046920de74e1c8e44039a95570b54388040cba7d8c14bfd
HMASMREC	0	1	b2b38487f0c576bf4858c0993c8b49d29188c8b56ce8cd34bf22e07b1d2c06d3
HMASMREJ	0	1	a30862b217d1d985f8581dfd86ed86e3bba2d4899bb183c4b7b9c0bb5898acbd
HMASMRJD	0	1	cc41e01dbcdc20aa778a68408afce4d8397d3f13365abd6a07200361ec30a5fc
HMASMSCN	0	1	91082f063a9c2cd91c8dab97bd51de1183e2532ab12c3e84a774513aa0cf5437
HMASMSEC	0	1	d21fb917f962f9c2ad7929a47bbdb57df55f093b7aef8c470d58891a99ba4e05
HMASMSER	0	1	fe65defb10f112354ff7b2ee8b00711745a433fc5fe220c91e1f9cca73f04050
HMASMSTA	0	1	998e7ab09091429111104c11d0d24e338081092cd3d7d35e81344bf15fe819a5
HMASMSUB	0	1	19d3751e04470feb2b8283dbb51c989cfa7b124074709698b2575d3da59abac0
HMASMSUP	0	1	e9af9f2f602b700e9bfdb672dad1a3f03006a401ef56c9e57d353f7e3040e7ed
HMASMTAD	0	1	dea1d9567b564e1cabbe7f82e7858a5ee17e03a5df295cb8b30b49aacec48db2
HMASMTAI	0	1	43ed85acc1202aa373f928993b6b291585bd62cd012e81a186e636ca4dab4715
HMASMTBL	0	1	9d835720d8bf1a5262c99bdf386b5354e9035e1dbb175ea9d2334d58f14e9387
HMASMTBM	0	1	cabc6ce5fdfe5598b398282631dd93c7aaa480b987cdea601085af4f300ae157
HMASMTCL	0	1	2ac9c4f23eaf8c57a40617c409948480c9959dfb20d7e107b53b9d31631b3b5d
HMASMTCR	0	1	83d1ed0636a8915b42ce94e372e82aa85892cb37b784783afb03d60dc9cb173a
HMASMTD1	0	1	f9852a1e5a229b59634567031301ed76eb894bf37a62449d5b8e28b0561b0d95
HMASMTDD	0	1	f2978c17066cd2582888ec42e1cbbdabaa3bd2b85836d77ededf652b8c7f4c61
HMASMTEC	0	1	1bd4f12f7bde88ac610f7e1841e9d9a94c2b8ccf7be22a6b8c874112ddbda496
HMASMTID	0	1	18203629ca1888544a673436fc2394d6e9984535efbcd1616680b1a127b492a8
HMASMTL1	0	1	c40e328c5898b425462053bd8b1589a8901f73ce3745e22ec516f8fa8caa0a0a
HMASMTL2	0	1	9ff4417bf99fd934571de51443602f6061ccc8b49ac9a464737fe1a2be8f3827
HMASMTL3	0	1	892c5b5bf7c0796e2ecaab235066f4eaed1b6d5226d918d9c6eb131f48f692d3
HMASMTM1	0	1	9193521931c9b20bea0e5fbb97a357820494f1f6527ba028d62fb15c9d4391a4
HMASMTM2	0	1	4c7a7801392d070a2f1585943c3bae96848f1a9869b094738bb8b5ec8fe34551
HMASMTM3	0	1	16efb0fa371af50b60c70624b7148e4f968c529fb513972da42039a18e49191f
HMASMTM4	0	1	bdb53ea7737d24e38a3bc72597ffa81c645751ed5d37c584ad1a303559412461
HMASMTMD	0	1	796d06aefec877f15da17c296849d0bb8950386b7c57908ec3666d8fa4363d63
HMASMTMJ	0	1	d838cfa273a427273fe2bfc0a0cab52697f9edbf52386da91b0a139ad34221cb
HMASMTMS	0	1	2ad1900e4642b017b87e269ae5e78cc2f0fc559aa1a594423e439f4cbfb4abc7
HMASMTMW	0	1	5f7802c135ab7bce5311972cfc8eaebff506bc581f9303c7303aa2f11f7eae02
HMASMTP2	0	1	9b445c4872ffc3b993606b3e2566b28ec83952dd922c62598b7bbd548bc62030
HMASMTPA	0	1	6dddaf7e4d3ccf001e284619b07fff809a172725f106de399d2ef5a4f734128e
HMASMTPC	0	1	31a5d4a968d12cc613ab78027981d0627635dd8a0ca1424f4be0ebb8b2b4cb2c
HMASMTPD	0	1	3e9e9db3288b916789a80502461189de38d007db3e7b0159663bfff7c9b2e26c
HMASMTPL	0	1	2f1fa735a740956a45dec09947f8cedd289c27570b74ad3700b2144ebf4d8ce4
HMASMTPO	0	1	ffccaf361201d4a610cb2b34ab99b7ef569cc7b4c6b768c484e8598d6d75c01a
HMASMTPR	0	1	2d758852e0354428e9ca4eb1d2f176947401e03120c2c4f45678d6fae848330c
HMASMTPS	0	1	eb6fe342f04837bf3257c683086f178d95881466f7aba64b7baf4727520c8bd0
HMASMTR1	0	1	fde76acd9445fbc223948e2c3acfff7f2bc600d1d4fa8f48a8717e35e4efeec5
HMASMTRM	0	1	4174ded44774b8440b4c72e117e68ef167d865fbf9470be3aeaa898def50cc3b
HMASMTSB	0	1	33700b7b3638dd9c9c537cb2039b324a228ad9e1a28a7215c562696ba3f3bc1a
HMASMUC1	0	1	79e4c23fb535477d6b78eefea3a33d32143bfcf879aa318a848d5cdb7488a0e5
HMASMUC2	0	1	7cfdbe4ee4525316279365e77c28e343d0d01b85ff8b776dd445a20d6dd41b0f
HMASMUC3	0	1	6c641690aa6b421a398dd86e25a2d28815cd2668a4d64940a5d23150c4e73db3
HMASMUC4	0	1	7461caf5295814872b9a363e5ced1aa858697a959fa79c1a6ce1b8f6477a6c04
HMASMUCD	0	1	891fae675c335312ded4147b6ed0f82b44873b97033c7cb22810d5cfd4f510ac
HMASMULI	0	1	07f552e8c982ddc32154823c3343b4d678b960118b0c3df11e0f27123ef8e177
HMASMULK	0	1	35f67edfc2f1443f193599d667d1c4c368bf11ad78adfa931e949b8e262f87f2
HMASMUPD	0	1	2eb8ba9f0703f1c8006681349c23c5d10c716fcce14434f4b64c14c03534f247
HMASMUPI	0	1	914891db4f072bf1a6c106add5e650183990e50f614cba9e888bd6b1b0ba3b7f
HMASMUXC	0	1	27d5468745add3f7ab51936e37ba74abf653fd1f9e3851da6c21430c1d7e3a4d
HMASMUXD	0	1	9b89dec68ab710ab71529c6f1a1b7d1bfbdf30da04f4034f6db5032a38407b5d
HMASMVLU	0	1	6de46c90639f7793bbae5519adbe1243471565278df4352203d1710aa06a3463
HMASMXRF	0	1	43fd85a6b97d904a411249d8035c91e50889d33d5e2c1d67542ab37991e7d6b0
HMASMZAP	0	1	ddf73262ea5163ae1058141c15b74a32cb2581aa2d710c9148e06efbd952180a
HMBLKCTL	0	1	8d098dd8df64f1bcffa09b961ecbdbd68447a1ca42c8fbee02b81206b8b144b0
HMBLKERR	0	1	da6b90bed40ee005eec8d3dd0b6e10cf345d771676cfd2cecd0a8a025b89306d
HMBLKIDR	0	1	832a14852861370aa186764960366b887db4a2899260ad8bbe7187cebece1137
HMBLKLDM	0	1	0f9f88883a51fd767749ce08dee565268a794eefa1de5051d3d096df12215399
HMBLKLPA	0	1	87485d09e954b4838f72cd8343b48799bf6cfeed39e185be25e778ac053874be
HMBLKMSG	0	1	9f419e561a1bb5ab9101a18c846468265e0a59efccb04c3cd731f2b32a52b343
HMBLKOBJ	0	1	fc1cb3aa7673d0c4084ce370eb84df79738627466fa30350f6fb6abd712fc10e
HMBLKSZE	0	1	87a9046a366e3c56fcb70440a5271b925d5a1867f3360995684ce792e64c9ead
HMBLKXRF	0	1	f075c58649fa73a6c64a30321f42de39eebd2aa8ac2bc965bd5cc6a23a95e1fc
IAPABNAP	0	1	095c6035881393b0ee670f38d08cb83c58d2f0883f00eb5c4d72998964f743d9
IAPBLDIO	0	1	0d873e292411469da752abab2f1bf8ba51634bab2ce97319a0d82996819694c7
IAPCHKIO	0	1	05d2167e18515acc0d1cb83da26115049d449bc5b5e2724c22733cc5f2a80034
IAPCNTRL	8	1	3bb42a4f3a16daeca01f1a9765983ce48f249a7d5720e88233b175b37142c82f
IAPPFXAP	0	1	04c5d2b42b1a528851af3e7c1667c5296af8a5ec900c0609de49b128a7c51d31
IAPTIMER	0	1	814022efd3cabd835c207d545067920d5d19b2398cd854df6cd4d6f178cca532
IASFCB26	0	1	6c52e5273ab2aade943cea8a5cc5282f86953178c970216375a112de302498c0
IASFCB28	0	1	081832de2b2c878b3b1c0a106804cc7ec2c185cafac97c3f02eb508e353879cb
IASXSD81	0	1	dec817cb48312e6b6b8c87caf4a7d11259b95dff9e6bf6893a4873a115f60516
IASXSD82	0	1	07e63ceb2df84b225d1b52dbc57f0ccf73b242d3543bb757ec0aa294af764c8d
IASXWR00	0	1	e1a211520a137c64c1fc0243a50843acb974c6aa7d989535d199c416475e5ed9
IBCDASDI	8	1	fa59c7394c4c8228a52ea2c9d4af29a93d6ac10c23223651a3a3bb1642dc1a4c
IBCDMPRS	8	1	efe5eef69da80d964c74c3406ce7da1d533c895ccfdacd33befb892a8cbd1971
ICAPRTBL	8	1	6be338e126b2edb73e6da1d1ffdd651dade857e802afe084f931cf1db5690d3d
ICB2ACT	0	1	d6ac19cfce0b10baa20a1204a72c182e8a04974e5854e2486b703d7581b0d64e
ICB2AEA	0	1	d47b9152f5074fe6e89680a6d89dac789dd467c9b1ed57030a28e75211861fe3
ICB2AIR	0	1	8d11f684599af10ccf3aceb38665c384041ded36b617c876b5520b97261b3a20
ICB2ATTN	0	1	d7e39d636e6d1bd653455b1ddcd702e4ef3a33552834f65f7d3ef67cac1328e9
ICB2MSG	0	1	bac10c014142ce9496c4924e23ead420802e725b9965b39adcd981aebab65963
ICB2SIOB	0	1	924817e09dc84eda1a4f0fe4cd53c794c75417aecbb4acd33796d57e0c5900a2
ICB2SIOF	0	1	3e5e3667d8e6c2308a2c4d4ce4303847df0ced88e8b9becf6cc89a949d58af6a
ICBINIT	0	1	c2971773181b3e2cfb86f303d4bafeae8956997ad64b36e06ed61b1ef8b14cd5
ICBIORSI	0	1	1f85241e1d60fcbd91acf9749409cee113a61e61135bc7b8367874a51b7dede7
ICBME	0	1	e85f96d060b28d120484cd7970fcb21922539074f296dc76da704233f64eb6ee
ICBMSG05	0	1	72c46272f380a82e09ee73eed4330977366558c439ec6f5a47de82acd6394319
ICBMSG56	0	1	09805beee5d729300052860f88b0dee9cad3c7def8824d5565ad10f54e462aff
ICBPRGIO	0	1	b0ea1f5d7a39baae6a5b2efce19a4ab7206c56c95aa36dc80668f70c93cfbcf0
ICBTMSS0	0	1	e4ef97d6e6a49eaf5b72ad58692bd40254b3ce20a7ce19f714e4b9bfa2010fbe
ICBVCR00	0	1	ec575bfa0e3e820c1e11d1c3772c13adfa00e8bf2eb38aaf9cb14244a21c361c
ICBVDM00	0	1	d225b6f99c710eccc6629f392a42e031bacb850a50ced00a42a98637d193d9a7
ICBVDR00	0	1	b92c2de793d8edcc936ee3b2575294dcae7e4c62d505187a0f3716dbce64a4a8
ICBVDR01	0	1	42569b487dfd7ce5ba83fb355d11803f855e9eed2ac4b8431a47d421008d9446
ICBVEX00	0	1	ec62fef3fd6b4873813d41dbb54f2f8a45e2e77cb07806352e3c745820807982
ICBVIN00	0	1	f2d67bac098b0dd29fc1852906b27cc72b7af1da7859c3a561bedfe76105bd05
ICBVIN02	0	1	9e5963dceaa2cb0195aeb2893f61ea99c6c00b98873296159dde8339114ca516
ICBVIO00	0	1	e3ad3beb066f25f46fffced31d2d17f69e4c94c0c16aa990905a716df11a3f47
ICBVJL00	0	1	929a2d7579b6be6ec02e6c1d0356af7dc01a02f6cf22b3d443ee0e6e42f0f662
ICBVMG00	0	1	f6f74576f12f634d1c105619bb4751f6f752783777939b17dad0af3208b65937
ICBVMS00	0	1	41394e83a99ed26cad4506c62675148a5a562081e2e4c0dd0779ddb69bab01b0
ICBVMT00	0	1	6fec9a3c8a23dbdefdc2b308f15eddffb2747ee6ac641c08b1d32544f3f82694
ICBVOP00	0	1	358df8075227b4a0d9af0f662d55aca87278dd9bdd5210433ae7caacd1360f0b
ICBVPI00	0	1	d8da0e68014eeb6bea1ff41477cec87477b636bce199ee22a8a73246729f0f0c
ICBVPR00	0	1	d501ab0eb8efdba2e1123f3911c920d2b34382c8cb9df02b12eb849552e92369
ICBVQM00	0	1	ad7736005c4dd4828e841718ddc42dadb6c564ee51da83f9300640e2cfceeba9
ICBVRR00	0	1	7ff9126b9bfc19fd3fd636512c39c15ddf5a677a451f82b70fda7f58850bca2f
ICBVSC00	0	1	42d073f669e6a591d7d7fcd77627dccecf22711c1eb7df603ff000f960e91089
ICBVSL00	0	1	1f6420f74e07fc9bb1906e018af41cb85053c68f6c713c0a1f980d45d44628c5
ICBVSP00	0	1	2dae2b4a8ffd3c03a98ed8ee50c52e68987817537b64ea72f45d6777c35fc02d
ICBVTM00	0	1	0e4afd9547dcf574a76e01342753271297df567dbba02c57c6f4c6f442e9cec6
ICBVTP00	0	1	d21acaaffa5e81e625a7e71e007021686d01520ca12b52f71a0dbe019115d973
ICBVTP01	0	1	f842cca745a3ebc69c90ad93c1c4295927aa90e8fb66a1d93a430f90e4338602
ICBVUP00	0	1	5198a2f2997ec98986859ad45039ed35ea69531846b6f7df2b014c24742d3ac2
ICBVUP01	0	1	4a49681b5a2508647300118eda8c1b075a4b28ee7ff3b270276d24915e087a90
ICBVUT00	0	1	7ddd1c13d61230b3584a177b8c847f425137c7a59a7c29dd629f68f8dd9719dc
ICBVUT01	0	1	f89d8b4301858c3007d28eaf1c97b34cc15844c701ddf0678f989297ddc9dec5
ICBVUT03	0	1	1beaf0941ab3f7e0d484948744a61f163f4bdc1f5f081c94c5e998df2ff6a7a6
ICFBDF00	0	1	39506b3c7e1a1df7ce474246683f4a3e5844b80a6591b8433599463b81f123ae
ICFBDX00	0	1	35e06be2231e50a3e24ff33b6b436e7814571d6a43fe33dfacb33267fe613c14
ICFBIF00	0	1	c328de23f2906aaf433498c941cc76ec5c2287aacce0d2857a47dd37163c47cb
ICFBIX00	0	1	9db2b169f4ea5e5e95cb1ec437208bd967af895a2f53c1846591472d75c25391
ICGDSA01	0	1	522980acf38c333803ac57196c070addcd2ce1fa6500d9bdf066b2bb9e40a6dd
ICGDSA02	0	1	805191bd38fe9616b7e8f0d23b18f33b815be78fec18d4a857117093275d0918
ICGDSA04	0	1	78b1da604426ff91a594500b277498e7f60ad0d20d5cdd2e11750d630835e891
ICGDSA05	0	1	c88d55b35298edd1771f6b856a40ae463f7d7d9eff29894e58389ea6781f2d2c
ICGDSA06	0	1	3416a91818130d2486bfba26ac7d44a804cf33d8047d1da60fe8a70a3606bbd6
ICGDSA07	0	1	f6d714080670f86e4f2367d1a25e1c107176b68a716380b16c93b297c8bd1e0a
ICGDSA08	0	1	530d6802d6e34e3c44e698fed3c6a586178acdeac16a955a98bf203d9630a836
ICGDSA09	0	1	925e05afd2ac787a4af18af42bfdad9014e8cb4e17d373f59cb8bb270f2082a3
ICGDSANL	0	1	9c1c74f86466463b2452a89ec36c22520f1f2e8c97776fe82488e955cdaf9b17
ICGDSB01	0	1	0a789fb864a8725c796e34791946482d22a785ec7f64e37b66bd3215ee99ecb1
ICGDSB03	0	1	147bc292272ae7d0a126dd3ba81b1d41057c0e0203f3f09695332e8a8ce7e5a0
ICGDSB05	0	1	7af444569c45e6cfe0f7711f89d3ba837b5688a6d8d29bb88ab9364f76881fdb
ICGDSB06	0	1	d20facf6a73d940954fa936a4afc3e84248c4f97af247253ec822c9388340c4a
ICGDSB07	0	1	bfac35c8c64649e3533e8a6f23221d3ecedc79162c09d04b15bf85dc18d187cd
ICGDSB08	0	1	1a8c440f2ad0ae4b99a6c0cf16dc1f67a938ac1f7e21607bff61594187d4e1c4
ICGDSB09	0	1	cff0b72c102764ae45a7569f76a728913942925baef5b2e69502b69a70c9fabd
ICGDSB10	0	1	4dc1cb158d11bc172a7b3f5664eb4c2433fe8406c45822265fa614d90fbba64e
ICGDSB11	0	1	e1d3930df4292ece001c5c3f6fb4df13bce6d713ee9af4fdaa87be9da6128349
ICGDSB12	0	1	759aac8a5207f2593be62aa64fc2885f0e01f178160fb9f2d29e40a66d1884aa
ICGDSB13	0	1	e0dd6d10451019e2c4f7077fb8044aeb3c15f2dfccc2470e72572d46f9937bcc
ICGDSB14	0	1	d27a61499214569ce24e195bf856287199d6a58ba93e7873ca3e553a0357b4a2
ICGDSB15	0	1	463e6a4220684fb11915c7b043fa55993b8de8d2055f7b7d03d73de323992961
ICGDSB16	0	1	417c071070ed33532a0dc5a4c12783f4ffd5073899fa552292f816ec2cb677f5
ICGDSB18	0	1	ed1e36dda45add5addfa583445f75af1fdb2f9ce4b7857323344f5883b0b7ada
ICGDSB19	0	1	97036b258a32f04c3078f3afba6523b9a23ea58fe5f308f7089e44a2e17d91d0
ICGDSB20	0	1	fafd3ef7b07e8d8fdc6236016175356f65fe5d681c9088ffdf6a718c8813ea9b
ICGDSBLD	0	1	8e6305b6e1f2656fe938371f3e91213600e6f74dcdb32857fc94ee323c32c779
ICGDSINT	0	1	ffdf90af3bca869c2e04220fbe3f7589035859e6d249ed849913d246fe34743b
ICGDSMSG	0	1	26d3f6c45813aa42bd66cb0d5bf51f9a56a274aa05a0c2bb4fec7b077b360375
ICGDSS01	0	1	3c01befa71dd0c8321b2e2e17104ba6518faca5464d25f5c4d1fc3321dd3e198
ICGDSS02	0	1	20f6dbce109d1daca70661bad4fb5e375a669b6dc93d300d0e2fc734e3d4f9b9
ICGDSS04	0	1	3fea6f6f27a3a8b192331283f0bf137680a5c34e0554f9085b0d31fb3c59ad97
ICGDSS05	0	1	3fcac544ea1ac19950b950a3e8ae447fc1a596d064d771ee9ab9b1be26bfd56b
ICGDSS06	0	1	509f44ccf50172691a3ba0ad9f6c743fe1c8ca1fff6936467b74b0506f6996c4
ICGDSS08	0	1	fb15a06625d602ba7c5fcc9aebb92f5aab29de9969f9637fed319c718aa1a28f
ICGDSS09	0	1	2aa823d0c73a9d42fc59377f6e0cdbe3a6c69f33357372b888f0c09c1b9a6858
ICGDSS99	0	1	5d20069b9bf958dc3911fc1bd7ee7094b089b3d2a577a5a1666e5a5b3f09ee06
ICGDSSCN	0	1	ca36d74404459fc493f3a56dc06ba651b5de639cda54d348f85043c102a9967e
ICGTRDST	0	1	8fc84ab0bad0a3c11e96f6aaf38426afb392c9e863c3a3d4d1b9d1393ed7d3ed
ICGTRINT	0	1	e6d8957b8ae4dfdecbd3709a06947c0bd72e3a0413dea53e479573f940d037cb
ICGTRSUM	0	1	6aba5dc7d460f1816a47d827a0f445ef62d05299520a03408e02696078c75afe
ICGTRVID	0	1	8870db6436e9b0b9b2f458e8e573e2bf2e5cfc4809a68e772dba50eeb539f567
ICHRIN00	0	1	9711f775302d94879393d60cbecf23701acace427e28ad8dca4ceaed887b4677
ICKAA01	0	1	541ad04df41c64ba9945b155ad68c5ede234ef57acd4fd70962386fe85eb2ccc
ICKAN01	0	1	70189f3d2e5bd0e3cdab45a7295438de08bbe0126936be525efafc78bad9913b
ICKAN02	0	1	0b6047806706e0f43db81f78a0ad5d77226d7e77bc41c3a4681d14a2449b7610
ICKAN03	0	1	c681b2b82443a0c92e48990c3b286a7b2805052c8d73eb5a682aa99fe63f0f8b
ICKBI01	0	1	ce148f801da168fb94ed0b6e3701b553e7a294c8bb2546a5d24f6e7ebf6e42d7
ICKBM01	0	1	238503ae111ffd97a85a8af495f6ceaadd3b29b5ff5f3915998ef9c1e7c7dc87
ICKCDAN	0	1	9962480e79f4335219a8d1969262425071ab7f17eb9da5faa41ff7217155ee4d
ICKCDBI	0	1	3e05f479849f199c9e571b27941be1ec9e03758b2f45d4b589af420be960ac74
ICKCDIN	0	1	f7e30ad30d011caa33f840d5551c6e769163d94b84b3dc034d951c5df33fd39a
ICKCDIT	0	1	675434e3fa54b260715cb67f86926f93668f1c6c408f3f86033c45d047055725
ICKCDRF	0	1	8e470e91c9a28f883fbde40d947d21f304ae43bbcc7f1a1bcb75671eb5008439
ICKCDTR	0	1	a5e20441b5348ae6a28adb24236314ca3501f80a4d114be0d0f3932f4405b85e
ICKCL01	0	1	291c07e70980018cda99f44ae643d903c6fe5f4de3dc60be3993dc2227743123
ICKCV01	0	1	dd3b2de5c62fe5eb14ba09acd3f45821c8cd80fa2ec2ddf85922062bd1a4fd0a
ICKDV00	0	1	1f76d1b87373b5d794cd41755e14d740c5f637cf2bdfca6cbf975dd482445ace
ICKDV01	0	1	c8333bd431dc874940efc741f6a0c26c5a5feb5ee60341fc3bd511675bbdc1c6
ICKDV02	0	1	88656755e4986601e1000936c98e717a75d6f2c337f9a55fa07d9b29eb6e2172
ICKDV03	0	1	c1a57247c8ece5d20d0940c5981919ec397fab2bbee93554d807c0f01d740084
ICKDV04	0	1	9d3f0a9784a1bec00e185ab73611bdc54657d778c1f4fa83c256291ccf48f79d
ICKDV13	0	1	7a2026741ccc450000bf2a9da2b0e9496fd2e3637a987a3006b2da8a206bd108
ICKEX01	0	1	993294bbca0e8c4064971c0d537777a94cce7afa17e1e78e7767a3a8937d999a
ICKEX02	0	1	baa1e50cb1d98bd12cc0eecf5b1ee0bbb61be1830d55f3f1f1c1f255b350eb37
ICKEX03	0	1	808d18da5f1f09b7b95af4e2f5ba85e87098d898ee56d74b549ca2bd780d0b2e
ICKIN01	0	1	bf660d5cc2292c429f96042dad5d56b048c7985edd9709c5f3e7e0b83b0c93d7
ICKIN02	0	1	dab2f431b25867802192f01dcf990a2794ac2c3480c7fda19cb2fd74439ef57f
ICKIO01	0	1	1c96d4a203e3235d6e990397ed6e10623f1fae84df47c4ce0c38ccb23174fdea
ICKIO02	0	1	a380b33d6fab2b73514230ed373b8a1ea4a9876eb9208a9313f8bb990b74c9db
ICKIT01	0	1	69641de3fdd519c90d82caa4dc60a070778b9df144753c3bd6199b76f2842706
ICKPP01	0	1	1a2fe90703e5830a543bfc13d59a6f6e4b7c32e79c8266a318dd46ebeeb27221
ICKRA01	0	1	dc8f01f8cac5abec3b4ddcd96e90a62bddf109d652036feb1f9a49f3b755ea88
ICKRD01	0	1	01fd6e5d78734a92ebf89f1c9ea4cc246cec5ebb99102b040baebf1c7051441e
ICKRF01	0	1	fd6c84bb838f0dc79901f8aad47b10ac799ce4cd6247b5e7c503b4d4cec804ab
ICKRI01	0	1	aa15abfd203ad61531c2c263b1a35616946ff92d78b546f83f87b8885f8fe00e
ICKRI02	0	1	7ecc32f4015d8cfd3283bb8a21b933c97cd1022da7bf284c4b2e67c6a3943cf0
ICKRI03	0	1	732040dec094ce76df07c12fc063cdee4416d7aa12214f62a0ebdf6c6058c5ac
ICKRIKT	0	1	7dd1f2c1f75ef07eb32fbed64fee5a118c1e8d0cb635491ec7b055816cf7e883
ICKRILT	0	1	2d5127e57879e599bfcc067f34675a6f650dcd3f119460a7e15cd48e7867e52c
ICKRL01	0	1	31280c9895d8c05ccda1246d890967c57560be950ba1b3e5ada9ce1d02a316fa
ICKRP01	0	1	8e3d4db71d4e5c87749bb016535af92fabd0a377fe03f653a1ec0da4862765db
ICKRT01	0	1	b2a33a2b6efed1ccb910ad20dfbf5d618050d4e5a7e9ad2ba7081b81251e661d
ICKSA01	0	1	6fa304fd4b9999d13b1ac241f2581f79a8d3f3ccfb1bfd934d3825f834d48822
ICKSA02	0	1	32ec6bd2f442e044dedeb9bb6f5c7dbd9cdbbee0fe3c796c3d9934110e38c89a
ICKSA03	0	1	20904d9047a7f95eb1e74f1ec4f67a3186ca055effc99e0b3bbd1f835579c52b
ICKSA04	0	1	b4abc284c781b06504d01ed430197a366351647273a65a075abb5cc2761ba4bd
ICKSA05	0	1	a722c7677f362a49e200811e9926a40880cc4ded35adc6e39b3ff816478b23e8
ICKSA08	0	1	78a0b8cb471fe624dc5962896b077f1ca602a3babd59518e802d121a4b5bfafb
ICKSA10	0	1	30ed16fcbf84b19b62024e6bcdfac7d93cdb9e81fd50d58bdb37cd6c23646b32
ICKSD01	0	1	45946a75be7c8a1dfc9ed91c1ced55878c0c877b105ce3b8ece17b016c9d6622
ICKSD02	0	1	dda4badac68273846e152f4b6f2f8e169ab11cdf29efb379681795db7ebc599d
ICKTA01	0	1	6bc840ff7e323e994d20a07d63363d779b3aff77b84a00b1c7a9d44eb00316f7
ICKTP01	0	1	f2d11209d4eab91829c35d43f0e60c247af32a5a529b69083b8f76fdc8c4dac6
ICKTP04	0	1	da64230562913285d1ac6007f2f0e0e04160c6b3aae396be8af3278ed02f4421
ICKTP05	0	1	5034a7b1cb56c7b1aa87ccc796a494e8510066f679e0d52d3d1d6e58daa8e036
ICKTR01	0	1	63b2d99bf174ec3dec4bec34e584517ffd18a7ccd55282919e1b4e3332a7ad5b
ICKTR02	0	1	d619e92635d87f17f45f9103ddff0f4dfb410c1ca2b82819cf630de4de99c16b
ICKTSAN0	0	1	1f844914b3f78408f0be77507bdf4a4b656b4f21a788ff5baf694d3857799abd
ICKTSBI0	0	1	341e4cb62f1b5fd87ad37ab7475132ce7898ecb5d93691adcfa68806e0b45960
ICKTSCC0	0	1	6643f758aa94e1e64d43ad8fe47f114ff02de7941b06eae93eda0b591979d891
ICKTSDV0	0	1	72d6338ce052250b4a54f17949c865cc0301dd0d5c028109a7268afde915757d
ICKTSEF0	0	1	c444982c5fcd09dc187adb9eb0613850ffd29a7c2389e1558b77036b2b0206c0
ICKTSEF1	0	1	6bc2d90f50902b3dc529f118d349b1500963b97a3971f55e1fb9639408e44f4f
ICKTSEX0	0	1	25e55355427ff1b7cf1cc07a95b5c3716229adee098d094958f90452befcd9a5
ICKTSIO0	0	1	40056e04cebf52e42518be75364e1de9ad92f579acf90ca9225d67d8021e7679
ICKTSRI0	0	1	687cf51e054330d86810c4dca003f2847cc5a9eb82b16b313fa0800d3c8ec713
ICKTSSA0	0	1	b21e09c315109e817fbe2d5ad666918c0d01fccee2636873157135de3071636f
ICKTSTP0	0	1	84021ad8e391c23583a4e73edffc11ba701bf58f2d58269a0d87b8941151c683
ICKTSTP1	0	1	4150009779b35e6af1c319dbd09c9ec878a422aee65ab35ac12d8c5d1abe27b9
ICKTSUV0	0	1	d2a2f40ae74cca76eb97168ee1e73de1d48e0dc4509b7c588c15aa515c9c95b0
ICKUSER1	0	1	e3396a7216f28b8f4940c963580ed3d90562f649e0a2044258700c0e6100934b
ICKVA01	0	1	607d221d4b6ee2b1ca21a2106180acf8e86e475d2b62e292c6598c90075ce469
ICKVD01	0	1	f21e729e742bd29b305e7b084016ce16ef7a4bc71fc6b4abb6c9c54a5ebc9738
ICKVLBL	0	1	d73733cb3dc302d910b9cd4782d3278eeed65ea92ecbce457f38481367333133
ICKVP01	0	1	9613b8885e067318e1041268487d1596207c67dd58ce9f19038a60c5e9f22932
ICKVV01	0	1	b6ab99767ded26c65135343409c304900b064a764a9934952cd2566110a9579c
ICKWI01	0	1	ff587d9d5c0f6dcedee5db157a38a9d6a25a21ac2dc12cb876e3fa8b78b3f20e
ICKWL01	0	1	59f2573055092f42b6c6de0b8e25fadf4d012e572f37558e3875aade419cbe10
ICKWV01	0	1	cd8896c86212f7a6a81a19c5ed38ae550a60bb73a0e4fab58a5c81ec139f30df
IDA0192A	0	1	4eec874fe8f82418e969c4d284253a5beb36499dc26bb684b52fae9bd8d4ae90
IDA0192B	0	1	4ab13531c763c9c898717b02847c791c145a5bf4b3404b221e6f3247643ed725
IDA0192C	0	1	3d43caf415f0c8698ed5e12144463028c33790af8ace914e61df25b533568044
IDA0192D	0	1	bc6832f7b8645fa7ea3902ae68980b0b4359f31d015157fa0d8697fb47009550
IDA0192F	0	1	2e00d72f7bd35a079b7b7b76132aff8f341b2a6eca1d50e109c8be78c68814b9
IDA0192G	0	1	2a556033d434de82c2dd35f98be1dd690b46dba3829e4e0241bbf864aefad03f
IDA0192I	0	1	a394d0326c3bfee50e89cb5b4d34047987921f882a1e98eb9e7504152bc70c43
IDA0192M	0	1	d26c6b252145040c486287011117ef388abf21f66a3157a4b95ffec14ff1e1fc
IDA0192P	0	1	27dc32ab13fee1b1f7b9268e4f6cff8f3451d013c8eb9c53346c58d235ffe4a2
IDA0192S	0	1	baf2c52127f742cd4a3ad4624812848cf34fec4045dec9cb9897866914be3edd
IDA0192V	0	1	6e95efe0768cef950428b3eb306c69eadc32aff4befc6ebecf1df876ba170b20
IDA0192W	0	1	f77e22559e973f5b406016f21f853852e122fc7bc0efc2f9043025eeb64c9532
IDA0192Y	0	1	e7a7bca36cd5fa0695a7d844caa41847f44d80093f3f83db439e45cbaa5934fb
IDA0192Z	0	1	56c42a76bd2dd3ee417927a415ce712942613bc008ca69a5c9da9361856cbbd2
IDA0195A	0	1	a81085d5d618aeba326d559a212a2f4a198bc2f34d792f7c6483bcb4ada0a889
IDA019C1	8	1	aefcf4c2e55540c3338194abeb5bdf61e0e972186caf361154c3b324a35521d5
IDA019R1	0	1	ecc1252cae9563d07b40eceffe10d68ad7cd8a3f648c522f0daa2536ff15a92c
IDA019R2	0	1	fed2a07222031d33b084275841ba16d513be4c2b776ae01c5e4908f3b61e1b5b
IDA019R4	8	1	a26a298554fa0e426fb2ef17498b11e8c41edc43d2a8458252c7eef2142f0eab
IDA019R5	0	1	3632c85b1caf0f9da7905bc4f122d3848dd83330acb8b3a9d1ec55b39f3fd4e3
IDA019R8	0	1	8d50a3943d8e27dc26b1db522c7267cb0bad1b0c39cfcbebdd5bcdbc076d129d
IDA019RA	0	1	1e2d80014bb80b37243e2accb3a9335f48a3334deabcd6094053b568c2810b29
IDA019RB	0	1	39381296ce0558cde81646f9658fbf90d6c8f45fe64a34b5aba39857380c32f1
IDA019RC	0	1	98d03af49fe6e360f5a498e7c7a0c1496472c39e797e2c1556b515af09b1dee3
IDA019RD	0	1	a55bdffb47eb2222df71e2845228c0978bf1b9f85d7777c523074a582f2c0b24
IDA019RE	0	1	506da3ef3ceb772c50cca39eb9453119d259cfe4dbd362a1d4a6f706ae0011b9
IDA019RF	0	1	0fef7d4c8b18ad96db8ae7cc1ea24b69b0da004640aa64fc2f40ebe67b3721c4
IDA019RG	0	1	12625f8d1ddcebac1e6a272dfafbb9f23dc34dc99b1cd1c04615403dd33b8fbd
IDA019RH	0	1	13b5140b538361d15d3517174f6e987c5e5e4919af7ec98121bbb50c1415c51d
IDA019RI	0	1	8a9023c77c02d692eb4cf9cc6b53bfc43d952af3904f189f968969d9b7e23d50
IDA019RJ	0	1	96fb5d3a901645104dbb78fb0e8f73542918d2722959ea25cce092f186c1fd84
IDA019RK	0	1	37e2a281072e5f1f44196282da442ae2f9ec3f4dd7f370862b4b2d5436f3f0f0
IDA019RL	0	1	f5b3990c3f3af8add194e6df5a9a2be330d6bac50232fca957453ae07623f950
IDA019RM	0	1	bddb2e455ed735383a1ed84197aa6f038247521577ee2f315906aa795b08a779
IDA019RN	0	1	74d2ff85214a511b6bb57adeeffa2740d9cd97db2eeee7971ad9b3809708747d
IDA019RO	0	1	a179fa07f59817846593e21320468ef169a166d1442e9409157c657345899fea
IDA019RP	0	1	f9ce4f1d8616d2d0d407b95138be4eb4775a7f6a060e5f99f89f1ca7a068ecc0
IDA019RQ	0	1	e76ac31ea028701887f6625ed595feef836c949e6d15435e316f459ca4c20536
IDA019RR	0	1	d0434a63249db2a22aa8fd8cd7a6229e66a6444bee38fba85c3bc9567dbc3f6f
IDA019RS	0	1	65ee8ad14ec4867c7a8c9ef280480ad537e595f3a3a9b5d1fdb97655bc063e29
IDA019RT	0	1	2392b64fcf7ce5c6028d8dc8ac75ba5cae44db0d8d0de1c520a864f481f0bffd
IDA019RU	8	1	5fab1896bfa3ce0ff7a4f00b6f40ac0ec879ae91f9f448379c83fe33dcf0c61f
IDA019RV	0	1	7c2aa832db1a8bacf8190af0adaf49c89d7adf88d29a6659eaaa6299755f4dd2
IDA019RW	0	1	062396bd318e41d98f2aa99d2a73e904f518030fdbe81cf5aa04a25ec14d4610
IDA019RX	0	1	bf0d9361624c9178a019311a5da3fe6537eb5adf312085be38234bf1997e55bb
IDA019RY	8	1	92ec03a2dffa64d5b4c7ffdfceb6a1406ee243e1d197cc0bd8c9c3da83c48f39
IDA019RZ	0	1	8bfc36c7ed83ba0a2abdb42cc8329355e3943593607f13712c1f96170d9cd764
IDA019S1	0	1	305dbb3bcf4b83b1a95361c60f7d5909ab31c6ba8624fe85a81878fca9d96f2a
IDA019S2	0	1	03f10c3e67d02d0d3314406a83bedb329b7037472548a97ed218a9880580a5e1
IDA019S4	0	1	b481dd42b959a5b79020b0d91d818d3271a2908538616f7c218310e8812a149c
IDA019S6	0	1	e9aea2be9e46a95e862cdc8b56dfc7577997c8c92c93fa794e1898c5a6a2b92b
IDA019SA	0	1	31836c8c77a062dbe4999bffd97e1c83396bd6b9dd3e0e32b1a4da195c565ae2
IDA019SB	0	1	82895821d1da85ff47b1b8d5549033631d7c6f2e43b19c65ef4f129f47a5cf68
IDA019SE	0	1	d34c9b329b1defdd793138ab7857d737806d94095e69abbcf2250b84d7337afc
IDA019SF	0	1	665c4b6a5dea088bc3a2154a022b8c2617fd8fed9b9c845690de91825353fae3
IDA019SG	0	1	b437b3d3e1730588e220063a48028df65ce51950d4d48af3aa1ce972b143a309
IDA019SH	0	1	accb6a17f6c87eb274685be017b427336b048149fc6f9accc500da7d63cd662c
IDA019SL	0	1	44fbd5465c69a3d8473bc2e8324969d305e5bd7f05712648b85975291b9e023b
IDA019SM	0	1	1fd9ebd6c770147472ad48e407830a88cb7101f535290bddb8541d7751d012f5
IDA019SN	0	1	f8aa1d78602ea6cfbc530952d3eb411d96c49f06f72d89bdffae879ec47d86e2
IDA019ST	0	1	9cf14c3b6d6d92f4c68282a8571a505b2c0bd8afe8749a78a6b5c073f2892bb3
IDA019SU	0	1	0edab507f2daa6603390205aae1cccbd298ed5fe0fae073fc7b2dba344ac42e4
IDA0200B	0	1	98874729380c72ead7dda57450a5a28cde40573e1e8d612ded7737811564e67f
IDA0200S	0	1	c8c7f0398ff5e2b3b4ac1547de057c4d7d76d49df72828009d527d94bfd377a2
IDA0200T	0	1	05402bc864907a29e06a117216a7630e05e16238c0a1c2ac2e00dad03a87afdb
IDA0231B	0	1	f4c988d9c5ff09dceb06101d0713c549dff5dc087bf6283e0fd0b491affca6a5
IDA0231T	0	1	ef0372372a82437a0cbd0f55bbf9b7d4183feee1ec880f0d200816afa88ea4a3
IDA0557A	0	1	357f963c4c94ec98894cab9c47e562bc42f171f2cdfae3b80daf4002c3898926
IDA0A05B	0	1	fbcb57cbd2debdcfe4eb3ae8cfcc10ce653b1d95a96b6fdc5e8afc4b924f6ebe
IDA0C05B	0	1	221f9808eec5d49f24d51b7c0e19a45b09f8b3955624d82ff1ffdbc58771cf49
IDA0C06C	0	1	330ca975d6fdf25fe7580309f85ed2ae1b241d4aeedfb2d4bb32d264cee42cfc
IDA0I96C	0	1	ddfb5b34146d3cc4aaca010f5c76f3d6c543d82edef9a014a730d77b0d6ca161
IDA121A2	0	1	b2a747b62677a93e50f06a4a2a8364d2fb90bbb7e29d168f14f68c08d652de1f
IDA121A3	0	1	b69483182c2f56467386c9ea21ef843f067fed18b1075d2163c6408cf40458eb
IDA121A4	8	1	bf232aee1ddd8cadd363dd041445ea40a847458655b9df8e92ca84a3c87beb29
IDA121A5	0	1	4a781e719a874bd43557762d79ba3fda38d525d22dd35cb6db688da9bede1b5f
IDA121A6	0	1	d151ff6dbc57bb255861949340c22bb9cdf3a29089f145f6bb342b8361ae5e27
IDA121CV	0	1	05c8af7a882e22a709b2be754dc112469da3dac1a3f6fde337d06bbb87b1db81
IDACAT11	0	1	5e881ed10d6dbefc1dca093103eb154112989f5bcbd38e0c457fe46ade0fcc40
IDACAT12	0	1	250ea6a1af8b5d5b43f5fa321ca241768bef640bf99f03565cdc77b85ae9fb3f
IDACAT13	0	1	97d0da09dfb75e517760ba4847ae887500e034c9f78271b059dc37d182141f15
IDACAT21	0	1	4a01f1b4408221b026a37bda586bf843e8e007daf49ab4c98eddd0beced9f06e
IDACKRA1	0	1	c41897bcec773680ca33e655a916dda631f01f1d9045e9557be06caeafc1db7f
IDAICIA1	0	1	8d122728b910b0b28f05b8fca0cc837ea4a85718cabf1428b3788ffe16ebf990
IDAIIFBF	0	1	53a8a4884b532df1f400626f9c21b9f76bb290713201d5e32c891fad95a56294
IDAIIPM1	0	1	fcd33a5c2075367970e0501ddfa945dc06e324527d017029b8664101007b3476
IDAIIPM2	0	1	4250fb0ad6d2f04e394841f1c1e504c5cbbd785cce3c1a5cdfd6361f619b90fb
IDAIIPM3	0	1	95d05e292e2ebca7bec0af8393fa4b1eb110c83ea419248f044ddd8836e2de5f
IDAIISM1	0	1	0c71791c897d54fc5b029df8a27c5ab8b6450796f9275b5b9bda78a0b4498b0b
IDAM19R3	0	1	e60f0666ad02c3138b5a1c215f6df929cb9894dcd1e84951ba1d169ddf1bda0a
IDAOCEA1	0	1	fc93a5767d545ed62a0b8511b03a2601f9528acb4c9ba0012bffcbd0c63e5d66
IDAOCEA2	0	1	553ed9aa74c476238451125b66c1ca293b4aeb37db825a5f4941514f71fd14dd
IDAOCEA3	0	1	5e6b819e32f4696a60b7d64dc1271e10cbfe8d3915571e3213084d3ba15ee783
IDAOCEA4	0	1	b16620da34e396d6ed88896f1727194639e288b818ce9421c39d14639fb44246
IDAVBPC1	0	1	93742f955d8dc2563fb1377b61aaabaa385ffd53f4bcb8b2643168a5cc54f6ff
IDAVBPJ1	0	1	729422fbf91d0b2a5ccbd484bd0394539191470272c5ef88b9fc2470fb0ee068
IDAVBPJ2	0	1	a3a39e07782538900284f4269e21e45c089ca0a0101153460883a38f11b51249
IDAVBPO1	0	1	3c948b89c1fdb08be0861b6020b013c3e2b8bd83d10893c104de6305b59f91c9
IDAVBPP1	0	1	2d50bcbb8344d71d19cd14c730f79c4f40b847494c79294b2011965971f4ef75
IDAVBPR1	0	1	ef0e888a4d5afcad3e73943e920cb5857f2a615ecb4074aa453390ec6c65e976
IDAVBPR2	0	1	69af28570d2d8a3407f0a53be0238c7dd8a3e796b893084cead4a5f0c3d02565
IDAVBPS1	0	1	5466fa79b2af8e2eb33a0fee15758a21cb6a71db4e7e996e4150975c17ffef10
IDAVBPS2	0	1	e7edd7142f6d3eddbba832de857d9056257b5e19dc54cb94c38b7f7f4243ae87
IDCAL01	0	1	4398649c88e1b357fbdf18438517fac77558b095c0b061ab8087f2f3c6c87025
IDCAM01	0	1	09e616ce23e1557c9939a6f772bb549029cdbc2aedfa8ebc3e7199180b124fc0
IDCAM02	0	1	b439f3eacfd4cf78d315447c1e3f5a4982a5ad41c949b455bda1ffa35423239f
IDCAU01	0	1	dc9b7dcbeecc325728b394c293c5ea95f21e4f8c60c29d3cbdc44aa26ed911b6
IDCAU02	0	1	42a26d48ab0ba1c9a87fcf0ac272267f579a25ac51a6d15afb71724d8d8b7239
IDCAU03	0	1	22cec88fc3682ff1c57ba12f7f260c6868cbf35a228c4b07d3f464406dce533f
IDCAV01	0	1	488096990dae42487a031a691197086d8533ed2ca2427e6e98463fda49a57e1b
IDCBI01	0	1	6860b284239f88954e65013ad7e2ab4390dde3bc2162ff63fb5b65b8a27e65f2
IDCCC01	0	1	6acf225b48a96971856a27d07a83f7793a6734f8641dcbcd8cccb0184285278e
IDCCDAL	0	1	4bfe2454d2d10a85aa458078f7d6848623b38c1cf6a49e5e4d98b5d98616610a
IDCCDAU	0	1	ce1a190700adee67b9be3853ed82b0e1358a0c9964188f14fd258d9ff6035f2a
IDCCDAV	0	1	19cd1d7a8d5ba9623284561298748bf4f1256ef951a54d502bd2c1594a5073c5
IDCCDBI	0	1	4a367d3c6eea0bf7254b66304d270aff75f296dca12ed97c5e070c7035bcf121
IDCCDCC	0	1	3de73c1277eed302d8eb5ebce637c3ab64765975fd54045efc4b9a0d9dbf26c1
IDCCDCH	0	1	ca63bc510ed15ad5ab40391a043f0146ebfe962321bc68de5c8f44f7b088127e
IDCCDCK	0	1	481a10c66b85515cbca705f654f17a6e9df2f8a617395d74f1a82b663de470c6
IDCCDCN	0	1	74d15ed0b354566ccc8d7ac3bb6078d5b2966f6aee3985b552218d6d702cd287
IDCCDCO	0	1	e20b6d67cfd0ddd35714c470332fbd684a1ac5775f9cf0a84543fe19afcb3f1f
IDCCDCP	0	1	3d3ffbecde2aaa5fc77ede44d1258f69c570a6aee00642d944e159db366c8cc3
IDCCDCT	0	1	9fffddd507b5b5de5cd75e890d4616edf88c1a5e722ac55669413c39b20137be
IDCCDCV	0	1	1deb9bb6847beac64dbb25afbc2b9514d891e7ef50fd6ab24fde2fe131d088a1
IDCCDDE	0	1	cfb15f5621c567bc1d563e3688c9b89425113384020f4d7c9867735ddb15ddc8
IDCCDDL	0	1	ba8d2435b43096ab28bf9e973594214d1d58738ff47cc03dad1df0a7204966e5
IDCCDDU	0	1	0edc9e34ea1e03357a472d596c93d52b21c557362f067dcc7d949e0ec7300585
IDCCDEC	0	1	71b9fed2dfa708869eefd24bf1c426a7dc8e5ebf7afe8a688924db68e02be612
IDCCDEV	0	1	bf2a0d40dddc6d9beb79567c7700e4363b1c69c2f3d3be4ec79b24c58cda23a3
IDCCDGR	0	1	466ea67ba558c2f249cc3006925e36dc16b1017cd2544034ac8543c95d9e0253
IDCCDLC	0	1	aa2b13b8e7cf8990d0a97a09ba2350b78b20ecebd6feef52d46086079a7cf5e6
IDCCDLD	0	1	c00a78387377bcf6a0f57ec5f3a967973d86aa27241cafd4011ac6a2cc05deb1
IDCCDLM	0	1	c706c03f021b4d516d48ccebd2f94ca35179f927b7aae6fee9c4b9275a0437b1
IDCCDLR	0	1	db2bb2d82fb7928bacad939cd510eeba4bdbefcd564fd65c3b6f64643d2f5d23
IDCCDLV	0	1	d633c97aa3b4f21d90f401f0f578061847c0b376e2464bc6ec242911405bc444
IDCCDMC	0	1	156e31b17db2988d93079403eea716d23363d3833c60bd0f0a9e477769943e7d
IDCCDMG	0	1	9e5f326b10469040a31bec756a52776f7d283c6a240a3abdfe3096c23661cc6c
IDCCDMP	0	1	2c5636ceef985346228f2924e0798f3236aae6e1d8f77013eea6d0f49b4d1fdc
IDCCDMV	0	1	93c3cdad41db82b5a7e3b4111a375284f5734db8b5add0084a91703a3d12f49c
IDCCDNC	0	1	a6205bce2975046ecebce1c14cb571ec73e8820fdaecd7c73447a06457c1d74a
IDCCDPM	0	1	986c3476cb9eab4e26a7b50e002d58a594ff26dfbc5ddead69528cb59c134f69
IDCCDPR	0	1	9d5c6dfbacf3e69c792c7a2af490fc95f11d08342e145828ed2412f4092474c0
IDCCDRC	0	1	5f20e206535bd60cffc23c212246f5033f95bcafdec913d3bbeb8c6c12db49b2
IDCCDRD	0	1	6f5c9218b28d3fa8f0991092be3231321ad6f9d44ceca4f7384bec1387053d73
IDCCDRL	0	1	67c4443a6fe92fba4cc34fb4d1a8db2e8320ea432127aaed55ca92e70e05d328
IDCCDRM	0	1	39bee847f5a32236e0350dd6d80474cfde137e00ee40f33ce28d68afd61a3d50
IDCCDRP	0	1	e3a2f88e970bb806129b340b674185e4847c9909b129ce49e967229b2da73d53
IDCCDRR	0	1	6154cceea31e21a402973fd4f924ac946399f3213634acab47457ed53a89f205
IDCCDRS	0	1	4f30126631daeefe628c97d1bfcdc3618a112da075c1672991c89932e40bd55f
IDCCDRV	0	1	56f254a442450474e535e2c5421211f140cdb30ccf760513f2699e390d1b0b2a
IDCCDSD	0	1	6092da50131b68f306e7fc9522641299c26394c435cd4f768286baaf032d9bc2
IDCCDSG	0	1	b1b1b485c036cb505b55ade4e2c69167627bd36155c210b2b551d5922df42e69
IDCCDSR	0	1	8a2a0d4b593764c828e7f45e38d32c2eb797ede3d3c6b3ce26f73e5f2bf30740
IDCCDST	0	1	9fec737343649a47505e567c7467485b38b0a88bcefaa30ee12266b5a523b638
IDCCDSV	0	1	08a96e556024cf609ac07b1c0e3b60e4525e8576c14f279a928860352339105d
IDCCDTR	0	1	e13e44d525934775f31ebe1942cbf910fe9438bd416a05d7bf5b3d274a2cc177
IDCCDTU	0	1	fead2f36989e9997b8600dfa4782b204a0e70c62c067a288a9760d0f857aecf2
IDCCDVY	0	1	fb2622b5e176feea7baeb98077123d2cc5bca4a31447bbea6711d9a313c92942
IDCCDXP	0	1	468e39be6290c7572f1c395bfb249a96599c32ae585094a459e0751a88fc256d
IDCCH01	0	1	c9ee1f0110dfa64702e8bac8f611a9e445bb24ce54b938e379f19849c7626a56
IDCCH02	0	1	97ee883c05d7e60d273c680b2ac0f99d019e7a82178ee3b332d7b43aa4c362e3
IDCCH03	0	1	3306391d24f8dc2cee328d5dc43ecb617d589eb0398f435aaeb28397e1743eec
IDCCH04	0	1	3011a074a233166f2f93e05500799932952a0db2a9c7668a35aa754082384115
IDCCK01	0	1	a51001e7283298d78c8bc70b37975466939bb124db0b9407f7f203ce2a95fb1b
IDCCN01	0	1	aec6a45eec63d23136a9f99e6bc1b2eae07c33feae071bb4f3f2e65e7e126497
IDCCO01	0	1	65f75a3cdbdca9e45e054534ab0e874a83737d524a1ce2d2013b053d6bf350fa
IDCCP01	0	1	40cf9c87f719cefd1670890e193dc55666b32bbd20e3f5274fa122cc0975463c
IDCCT01	0	1	4f10a2b17e35e82bb147418e5de5d4cdd33c23d26fcd731260904874e3facc66
IDCCV01	0	1	2d23cdd2a80760664d35336091df395a2806517ae8653620485392a468a6b3aa
IDCDB01	0	1	a621f215f78261a619b4215ca85cdc7d84adbec57e565e69a7a5a554188fb0ab
IDCDB02	0	1	fbebcf790f9af8965dc52d31fc1a1a2a95443e67b7e8c61e1c955c9ea9ac7660
IDCDE01	0	1	a2283d8790f31f1fed097c18cfe9fd4bff336ca7c345d165896be20d7ba7046a
IDCDE02	0	1	608d9a1f7438ef4605e9b40fb19c4b58b5165f5a5eab87de5e79e3d891f32c68
IDCDE03	0	1	eacd99928053d121b3c3933b5300ace5e08374707a82b55485e13389209b6040
IDCDL01	0	1	98ba188383cdb63bb2916fdfedbf976cc466daba4a8493d3695796604859e85c
IDCDU01	0	1	861e0e7f6895a445067f57f873c3cc6979219bc3153fbed48e94e4468f91960c
IDCEC01	0	1	16d0d1d89bc28e5deaf71ef74ecf6780ec686837f5b47a13b46f97ebdb6e788b
IDCEV01	0	1	ab788dd409b5f55276e08b6bdce3e00a08362726dd768e05508781ccd6ed1e90
IDCEX01	0	1	5f4d1a1bcfab112a46346d5bed0d81856fe0cd8e5bc692b62ca437ac4bcb401c
IDCEX02	0	1	04b77cd64b706e5a531a33b6b7f89d0b39f46485f9d29216aade3b05ff326ce3
IDCEX03	0	1	9a4a4cc0ee1b0c582b2897479a2771de76c5bbeb9be3d17fe7e6a4560d251bc5
IDCGR01	0	1	de33e4f2e7374116f2a9d6c9da910d28fe940a3e2a11441c9c2ba9e512b863ca
IDCIO01	0	1	45ec43fa493e7c303319e239eb099f15644dd088813e560e562721c0b6758717
IDCIO02	0	1	d68bf6ebebf63d10ce90fc7c7ad0ac2b2f08c0c5ce8298ab81e0eb49e551a7e5
IDCIO03	0	1	469b9f9a0eb25d130a921b8a0d1bae1da012c3e248e12a8823e561e2931ed33f
IDCIO04	0	1	62e8d19fba9dae1db978b5666a1ebfd95977778a0023e010bd1a32725c3d758e
IDCIO05	0	1	42cbf72ee335330961ad0a860b733a8919629cb2e93915875181d94b6fe9e75d
IDCLC01	0	1	f246a3a8a3118046ab324221b05106980dd3db95820c33330fbec4239e007118
IDCLC02	0	1	c7b795b0a554cac1f73f3cf846573c615fa9906aa38c328b7060a6d9932f6b60
IDCLD01	0	1	6e5a26ddbec0feb93e58cce6a9f4c53fc2aa07b15a3a94894111655a31256361
IDCLM01	0	1	46b6ac724c4ccecc0bf381e425d8ff0e62fdc7caa886f9d2918f9c27a42c87e8
IDCLR01	0	1	c934a1675a6b977afb2a8c5579f1b7d67e274ee61771e4e6f6d9c3b192e89d5c
IDCLR02	0	1	08659fd8a77767118df9ffb857d731f44c627b7aa85c722be9c014133cec9baa
IDCLV01	0	1	a1c01ada4a6714bb5c73906a49484f32364dfe3d47934c1fe3373cee824ce83b
IDCMC01	0	1	b5232eb8e05d4c42eda2a3b2c92da44650470ed183ac9adfce051511dcc281b9
IDCMG01	0	1	b671f6ed4a1725b744aa98c4724eb9aeae0638d45e85cc4d129a32e38dfa46e6
IDCMP01	0	1	82be36500bfed2109620d87d3f8dfea7f369b733bff04dec36be6dd74af67c0e
IDCMV01	0	1	3fd45a0dc53c531e924726e6fc654c5f2715a6c60d7dcfb3c9b1adc07325c4b3
IDCNC01	0	1	6a46cdafb7374bf338e9922e09ce7c58319ee7db402876a31a2d415e225f1585
IDCPM01	0	1	8a6086d8e381296da7f7f44dbd042365465309af9b846c6619fa61876c721ba4
IDCPR01	0	1	7762cb8c900c8c4853e533c834e84a9b0bcfd4a3acd359fe17aee77b0419bf71
IDCRC01	0	1	2b479573f695907614da63853aadb5d4077bc79d7c614ff1983cf88f885d7fea
IDCRC02	0	1	915b477c8dbf4881aaac867d6a662393c64f4445eba4025093a9b637075c9e53
IDCRC03	0	1	b82010d49fe48f74b1c12466afc1b3fb94701322f3421b561a436c47a593c48f
IDCRC04	8	1	6d9690c48c3e09eddf5d2643de321a2e798e556b7a73f464c7830a38deb34e7d
IDCRD01	0	1	44904e14b92a9ffa53c5158445300ecddf9fcb2d9a23cce47cdb9362c6a42083
IDCRD02	0	1	77a221ca14ffe8a3dedf97953aefb19fcdcb86b515be211826ac02edaec8d5ab
IDCRD03	0	1	fde12b29ff810b94e19015d468ad42ac2e60131c7ece48fa98c6367da46fcdf8
IDCRD04	0	1	9333a64102522c73d0b970895635d70a5b48f5de0fb3f7adf81ea23af14c19ec
IDCRD05	0	1	144efaedb491ae39f60067441894ef932f1f5327b57f6014623d17a5721fe868
IDCRD06	0	1	40ec65ba4d22b36407b824fba389161c56f51cadab3d2a321bb2b76e4286074a
IDCRD07	0	1	f890520daa4b624371f254a95fd3cd2a8df1f3012b8b499ef97b8f1dc5d99e6d
IDCRI01	0	1	9da5c456f31468a0c830b56e2d8a984dc9a1a35ff643a4cd32e85f6530c22194
IDCRI02	0	1	26d07805ab096d71b530373c996349c116c008d76f61e97e7d299989517c17c2
IDCRI03	0	1	82b0be6bb02605955d6a9b22cdccdd35333a8f8e2467976b90b0a3d7ccefa9ef
IDCRI04	0	1	b052b7ac4af59cde3fd0ff49ffff7b1ef640b97fd67fac0fa5fba89a60aa787b
IDCRIFF	0	1	e276edfea39b4fd17b076e2082d2a06055043d2f1a550a51518a251c33a68d2a
IDCRIKT	0	1	f180bce954972f4494c8294bd7c750e51e30dae2b5bfad84ea690590ac46daa5
IDCRILT	0	1	0c6f0eb3515f61b283667ba0aee2e13b99bd592a607c4fde6924f3abf8e7bde3
IDCRIMT	0	1	840989d010e3da0f5d6a99edeab972cce6e274558237b69b84ef53f2d1d9c52b
IDCRL01	0	1	818291c3eff5c2f4c9b03ba826b688c3d8a4c524955cbf167d98b4c502cad57f
IDCRM01	0	1	298f5041abeb128c5e0a663d257d95efed528a315ec43a8c06e6824f760f9351
IDCRP01	0	1	1cc8620e6080b0903465d10a74665fea8335b68b63c10479f595c8a13c622189
IDCRR01	0	1	c5bf56e8c54465c4fa7ab973ff9fd6b7ac1d9c3c469dd425e473ff7a73371dbe
IDCRS01	0	1	77b8149f8d0fcd5d4cd167c61d49972814879663b22fb6877544c16fdec369cf
IDCRS02	0	1	8e01e54be3bf1175b3c769142abb158ee55494180c935ad98ba41ad304f7425e
IDCRS03	0	1	45fa2a37ba434be342b5a6dcff623163704250509f22a8eaeb2cb66228a9e6e4
IDCRS04	0	1	a0108a562b5b70564686307f854f7a0b4d01f84895f2504783f95b46523214d3
IDCRS05	0	1	f74f105b0b055b0077ae05712f5a2b322f15f9bea63a937bc2dfb2111edaa9ef
IDCRS06	0	1	1dbc03d346087e75397e8015bc3a0f337c760aedac89ff588fc7f03e7a5ccdaa
IDCRS07	0	1	d40a2e36a43395e27f352183c875e52ae9a096942bb0e5ab38c99ad00ebaebd3
IDCRV01	0	1	31035868211ca277ea539523f41214d34fdf22567744d9aa392f80b3f4680044
IDCSA01	0	1	6d3d63d19002a1f1e46a1857dc9b44af351cc0fd2dd2e67172289f123188e31c
IDCSA02	0	1	b7c3724ddbe699bef657d7576c7a339d4113534d9d5cadf15b400ef3d8ad0a5b
IDCSA03	0	1	9427bea9c6b0927308e9ee4a7644271e0b1de27801f9cfbf1b4b174080e50176
IDCSA05	0	1	889363d10bfb8ea92fac027350214120345fe154dd77b408009bd93eb49a6d8a
IDCSA06	0	1	59900b6614249211e2504b83f22df569e7ce9b7eb231322266c8ab6e4cb255d0
IDCSA07	0	1	4b8571bf76e1baee3392f45f80f3a9616a5bda635d2e5de9188dbf7f27d48565
IDCSA08	0	1	6b6042d94908db5da5239739a430e6cc6f59f49ecdb451d571f90a394b2c9a98
IDCSA09	0	1	10084c94a1699970190ec87842bea5b28c6e2f56ebc809aefeca66b591c57026
IDCSA10	0	1	ab8e83a3a800d6169a7f4d252f3ce6f81a9cbe0adab6563baf165e0a912922c7
IDCSD01	0	1	259928d96f1d88fb8202d0121358be999ae722b68f3d3ee765444a3b1aecd2e0
IDCSG01	0	1	32d66ed574307c3a252ce4ae477537d87d80fd1bb4d7f85d5e6ab74729213c49
IDCSR01	0	1	6bf96514e9e4f6dcf0db1ad0d8824a8e9f43e3746784539d4c3101156ccb3e86
IDCST01	0	1	34d95e3e251a9e0ccc5be36def8bb650dd4d400721a04d0e02acb5a486128f89
IDCSV01	0	1	00afcf1d08dd952ef848ba4c461525def2d3c5687cb0febb02f4fbc04a5be9fe
IDCTP01	0	1	e5e1bf1017dfdb55ff8de54b13b75c0c9a195f0801d5dad94adb2213cbf79e6a
IDCTP04	0	1	8c94d54486c37f1ece3601f9a71a1486bba62c46ecc20e9d1b75900b0cf37b99
IDCTP05	0	1	cd13c1baf91870774f73dff950b0724dc936685fcc6ff6eedf584eaa1ce126dc
IDCTP06	0	1	a0f65f925dc1ac4e809126afbc2bf45afc287480bc7d7f18ca5f83045b612e03
IDCTR01	0	1	29437bc8a62451dabc2dc9a4b4067e56089de107d02bc3d3c860d6da1ab570ae
IDCTSAL0	0	1	3e102fa06020865268403944efb7f774670fea9659fc007f1159d3a0ae06facd
IDCTSAU0	0	1	26f6125f17784f864215b6b4c0d4d1e64399b1d6acc171b2e8bd41f4603dc32b
IDCTSAV0	0	1	88f0db1a1c97acd805d28d1be0c6a783e5add169b5a0ddd9727ee4afd3fd3ece
IDCTSBI0	0	1	81b29243e50f7bf68d9e1663de2aa63047e9597d6aa568f467f0fa138958831b
IDCTSCC0	0	1	4ce8104efc949a6f4694d84467d1155925a2f6419b14c389596ab8efc3e71f0e
IDCTSCH0	0	1	24700f6ba1033d61d0a48621dbca89ca73f23282536cc9d1c7186cb9874a4daa
IDCTSCK0	0	1	b42ac91254e77462022d6af4f0f7b371bf122b1804e2a6654d1256e10c5e3bf7
IDCTSCM0	0	1	89b92bbe5fa8978dd37cdfbf08c17954f33c7bafd260cb73fc13708ce878ea1d
IDCTSCN0	0	1	434bdaae00b3418e7364416863cc1a5ef1f362682aa740f6d89c513e69a1cd48
IDCTSCO0	0	1	68f3b83c22c8324c367f4360397f3916defcdfa2bf4e5aae47c74e7aea5b8df4
IDCTSCP0	0	1	bfff8a5b8018bad5c1fa98b28208b441b9cc5e866d77ede68f7b8dac1bd5f917
IDCTSCT0	0	1	3698620b54205eedc8d41faf5eb1935291aa688c6e8f747d5941b61d16d742b0
IDCTSCV0	0	1	551682dab89b13943db63444acc75028b08163cec5e5a6448a7da01b2605e21b
IDCTSDE0	0	1	2a094f85853e19a15494261166d38c85a1bbc9477d6ad4df934e7ddb0121eb7f
IDCTSDL0	0	1	fabd4ee494116db8cf864fe76ad9211ef34b74e1a79ff27fd05c7384c95199f4
IDCTSDU0	0	1	eee93c2a821f0958363a5722ce9e1092949b913c74358babc41fc151c57dbd37
IDCTSEC0	0	1	341bd0f2cae77c64d922daffb9847492a077e0f501f99f3da9dfa06eae20d901
IDCTSEV0	0	1	3e80113939adf123adc42f6ab457497a78f2da1b30fad93c9e1240e42b408ffd
IDCTSEX0	0	1	26369a9c7b01aaa75057624a22bbecb80bc96d72e249e01273b6355eef380224
IDCTSIO0	0	1	9c849f9f8056070feecb3ef6bc05f669da56a3f6cc8284810d09e0863178c7da
IDCTSIO5	0	1	ecab58ca9ed3d60156c79859648e0d30288caf514f7f5f66ef296635d619f47f
IDCTSLC0	0	1	d224942cf0ae342043a54f74f67c4585182edd0214388b298e39724b5429beb2
IDCTSLC1	0	1	c04b9f389124f91812940f131f7bb4c3fe16c9f17131f40636fc461142e82ed7
IDCTSLD0	0	1	c20a590bc3512e49d39ea2792f86fa943ced719f35ff235ea233b0862ee55cba
IDCTSLM0	0	1	cefeb9387a7b9ba7474461f745eccf24f8071ceab8655f53b4bd12e0dfeafc11
IDCTSLR0	0	1	0f20d85148450d64215f3dae2d784edcd28bac7ce4ef0e211bc32e757f92da0a
IDCTSLR1	0	1	ca58779367c16ea79c4a8fc92a2bf2d97e0426459ba7ac7d022ab705ce80e51f
IDCTSLV0	0	1	c4cd864417f565192da5aec07a3192d68bf3a061aed183d6329c8b47afa52733
IDCTSMC0	0	1	46edbfba1f6cc47798aece1f0d9877971fb0c444fb5526e4f4cc9d7f18ab01e4
IDCTSMG0	0	1	e728d50c126174d2e901c74fe7de8da224d8bb48f265b0185aa9e9d98dae32e3
IDCTSMP0	0	1	3b6995ab1e96946803410ea2ad56d75de0a94213c18f5a211d4b628a0b4f7649
IDCTSMV0	0	1	60c0e1c300028308883fac722d3308f1c786f21ce25f9c78f8ebc286740c32f1
IDCTSNC0	0	1	bf34a7aa3a173c148818a9b294744872b1875f0cf5b8ee39b430cf7ba8f01b04
IDCTSPR0	0	1	0124bce4b5e357502fa37b54d264cf1ca5f5696a76d74707943797dd74350a45
IDCTSRC0	0	1	8832fc331d5f1da450fa74cd389e99cb7bbe2b205b40ac22bc8717818c49bf2c
IDCTSRD0	0	1	7aed6a5738843dd2ed4c148e7dd013fc9d286171857b42ade5798266613cb7fe
IDCTSRI0	0	1	8c40013ac7e649eb0bd30a9cebee728e184065c90a2b0c7814fa8fdd26fb847f
IDCTSRI1	0	1	90d21db3dd42a5cd26622e23fcd3b3fe367956a1f7da4fd7adf3670754294880
IDCTSRL0	0	1	376790bcb2c87ebcf57176cc78911e01cc67fb5820e505521395b2d27a95a2d3
IDCTSRR0	0	1	91c17961ac334a908ab086796b8ba9904f78aa8dd5cffa924de2b57fa708186a
IDCTSRS0	0	1	e17726649fb9c46c9413be0574cfc5cc9446413854157c8b999faa1d4891bc7d
IDCTSRV0	0	1	6a726dc4de359b121e31d9137f7d2854f00ba91672faffdc0adbdfa974eee562
IDCTSSA0	0	1	ae64301eaca780d55330117abb123e55e553b90ed792264e879ff52609a2fb31
IDCTSSA6	0	1	51e1bc5e8f4bb51c5a8dad4167d2ca4df17829597c1df56b010d42213db2b58c
IDCTSSA7	0	1	ef1bd27403f750427933da10da9d53db932181ed55cd1065558f0c09e844783e
IDCTSSD0	0	1	6685bf028227c2fe5d07d522fb19876c4d242848a68e01c2447e8281119d9e64
IDCTSSR0	0	1	23e4d8830b4ab3660d9d39937885fd71fb33056ff3ad3fa859e64870a6da553a
IDCTSSS0	0	1	d7a00e9f85911bd2f0f8a1d6bf9e1ca5b7bb7740148da1d60bb0982046408209
IDCTSST0	0	1	59075d93902fdaa3fdfd2407a16f07205afb220512074ae8ded9ec0cfb62f46e
IDCTSSV0	0	1	0b918dff4b422f6e03e8b9fd1dfe642bb495a796e8ae2b2da7a0ead79eed0b38
IDCTSTP0	0	1	4d95de81ccd33ab2cbb5f592f377866f1ef23a1fca837d6bc8e7bec64764313d
IDCTSTP1	0	1	1da67d0658772275f6817594a85b684557551e7b4976dab8db9a346754d75ef8
IDCTSTP6	0	1	fd3260455d1f188c07790f44c768cb5d40709ebff77b1c8106241423428941f7
IDCTSTR0	0	1	1a5dc8b418614e843d0f14575559055a99244c35f5db181ee0009ae43a48e569
IDCTSTU0	0	1	5f6b5d793f21915f43c74d54759c1887cb52fca10394178ada6f8041a3732775
IDCTSUV0	0	1	e24be8f01eef900f9066b899cf807eb372ac78b68d8d3ce9351ab0ba50c4066c
IDCTSVS0	0	1	e80347f575565f6738179f82b0651e48d4bc9feffd0553997a39fe33c6620ca1
IDCTSXP0	0	1	7d155f2210e130195b511ee9cb6d967a5c2ab68ceb199455456eca1c89d43377
IDCTU01	0	1	40a4297927aa09a0f26263d3eb760044bce6472e7d171f54c7fe89d529863b69
IDCVS01	0	1	00ee06674edfd288ad42a41c9deb3d81f7e19dfe53a55268232761618e109ebf
IDCVS02	0	1	1fd93360ecafb5cb6ce1bd75032014b0ed4b1506e471e5374d784764cd304291
IDCVS03	0	1	eff90a69f8841f1326a74ec68c892233ba16e5663cd5a6acd311df6bc6e773e4
IDCVY01	0	1	d2bac63c81282491d08552376378a539323e692e7c9740b6ffeab88595a1df1e
IDCXP01	0	1	9a3329007489b529483df3570c5ef84397dac68af824170c3c13c1d59ad17520
IDDWIAPP	0	1	fa82345b45e9f1648dc733be1ad31935fa1215bbc4e53c665b08e4a886526408
IDDWICLS	0	1	4ee434de38fe8edeef0bcac7d0c77b65fb8a5417d6f567fc928210c46373cfd9
IDDWICPI	0	1	dff5a32f5aa85f3cfe304eec96ed0420dd3da74a2e52f2888dba446a397e8b99
IDDWIFRR	0	1	e1f7d5c2df58fe0f5b1a4f4c9169dfb4a5f7d88587a75b30272108824f83e0d4
IDDWIJRN	0	1	4d933ff644f6e9d4ff1dc25b2c4882a0511d6c165e952922ad9f232d42955e16
IDDWIMRG	0	1	49d629826fd83ff4dba580091eddb1590a08a371be0ed3c4c93e6fbc092c871c
IDDWITRM	0	1	168fb029fbde8ea2ef07502702cd749da7cd8914c11c7b2fdad7cccf8f4f682b
IEAFTEED	0	1	e5e4c5648dfdfe8b8d40109a2bcaeb73e1cd2f891545703184aa889a1c0e5145
IEAFTIHS	0	1	8b365b0a33496c114b38515c457bae7bf0ceac4506c5b77b4aaf400dbcc04195
IEAFTRT2	0	1	c510171fa5e1cc96f956cc881a9a8c5e1d5071ee9a9291b3d3a60b77e9ef080d
IEAFTSCB	0	1	8faa81159f78a0f761396fda5cf12cbbdfa05e659f7d8353c0685d172f798157
IEAQWAIT	0	1	c73fb32875d9e83c3b8d1672463a3cff24656437240d1158693e0f05117efd78
IEASMFEX	0	1	b7d6d6dc830caf80f9cb11dd82a786df565a9845047f62453e2977bab55908f0
IEATLEXT	0	1	0ac5d1b04b80bfaa6dffe9de8188d14e992c67fe59a4b2517e66ea55347844ea
IEAV1052	8	1	1efb72af86900afef1c6194193213d6ee1ae1035a83411baa47422e7876fee16
IEAV1443	8	1	a9bf9a3435fe5825d00dfea0dcd0d9d59bbc3ae8976c56f61094c7908d9b1025
IEAV2540	8	1	7b5c2d31f72e762e1f31d814ac840608d3325a3d563a1777713ef88fd3eee70a
IEAVAD00	0	1	73908a288e6d3e38281e2ad54c0f16b00c3bdc5d9d17faa87e25d905adf1d427
IEAVAD01	0	1	f43b940a7179af1fa979d51edb031778c272555b08d9502d07d65d1c016bcfc7
IEAVAD02	0	1	c6060124eaefaf26779b7c5c1d216eaa870d61ffe218fd83771b2b6c64ff1fea
IEAVAD03	0	1	77e0d5083d993614e757246a43c460c0c616611ed6f4aca04c45a7fc8e8f37ed
IEAVAD05	0	1	a624e0f3dfbde8518b2bf3bbb99f579c32bdb09b40e817782bc167a26e25aefb
IEAVAD06	0	1	c6499c405de6672bd748b8535b1867a501453ede78a3f14761ec435dd6da4d5b
IEAVAD07	0	1	d267a2df3ababcd8cb742dfed616ebc2ecebae655e416b887ef36a664b8f38d0
IEAVAD08	0	1	c21bd56a085c913331e67a6143456713a700b43244b690cee8081a8ad989344f
IEAVAD09	0	1	87958ffb0d781e63679a9a96a94d038a27907c2ba9edf8246f9ec1d8da200fc7
IEAVAD0A	0	1	3514ea74c221f835092f80fa72dda8fec954cd08bd9ec26ab25da176547ad132
IEAVAD0B	0	1	5dec7adbac55960a365196f8450d6695c63e6c50eb83da88d7bb6ad4069aac5a
IEAVAD0C	0	1	f14f5310854f7d5ce06ddc21d58b00bad2c162742baac32bfc0fba95a7f1f322
IEAVAD0D	0	1	68966aa2ba6871fad5875a5dc88e2a0b1e16778ed779c39b263c387a1ea1c0bc
IEAVAD0E	0	1	13272b99c9869380a81d8e548468893118654c62e64e73eb1499ae7ef9ed868d
IEAVAD0F	0	1	71e93f1432dfff711d0e4041d44da46e55a85603eaeb496ea9a138b588652868
IEAVAD10	0	1	2c204138f8f9edd7d90458431b8b9a926ee85093c0649682841a2b3e23294d8d
IEAVAD11	0	1	0e406a058ac9db53bf1d39c5319d7df58157c6de3ffc35f7668a2e710888d8a1
IEAVAD31	0	1	bada2d4a0c72acf09b0cf7b36b785666ba2573dddd232948376d7a2579d5807f
IEAVAD51	0	1	260d7ec60a0f9a67de9374af6437c49943418c22a21a348e0abead4ec218a0f3
IEAVAD71	0	1	0543088d38d2131be8aaa477a71559652fe1d448e6ce39edd16adeacf653f154
IEAVADFM	0	1	c75ef3fc0167367b55f85b27d18c15b3cc58532fdf63b37f075325612374f7b9
IEAVADUS	0	1	1aeccaeb12c6a680e9161ed14f6e75ba419f639b7ea333c53fa14c1b3c78db00
IEAVAMSI	8	1	45007adf5b70f25e3367b4e577e47c128a819c61d79a8acadb7efa9b3b897588
IEAVAP00	8	1	d8c176e4fc885ef5b414a60b257f5448ac01ae54553f22d203438442a7e3e55d
IEAVAR00	0	1	c3e1ccf30e42388e882016869594af5893c29f56f6b2c90186de780103fdbe6d
IEAVAR01	0	1	1c7eebaa59d31f38c901a423f61a23b399f918933335e14fb7cb2049cc009c80
IEAVAR02	0	1	bd89172cfb9ea8f58b772e232bb3cf6a534bb38c3371f0e61a91cfa66430be64
IEAVAR03	0	1	5fa576a3c8431b1d6e6e1c45ca0f5b0401e9a22f3111f0e1135ea404fda802ee
IEAVAR04	0	1	dc1fe723a8d36e60cb19c4ed930418566b40e96659a5e94378f161a956be0cb8
IEAVAR05	0	1	ce375bd007d7a323309755046bb901d5e92e2ce7030ccb84f5dd1c619eb833db
IEAVAR06	0	1	b9d5a284dec3870c71d71795390a1fd54fcdc5192b891b1fac93d59985d9aa44
IEAVAR07	0	1	052eac219c9827152cf7bcadd2758ab5bd89d44f82ff015d5883f9d11fc67399
IEAVAX00	0	1	5ec9e6b7f0cdb1bd9c623f9700fefa3d4a1c90aa2fa5279068afbf4edc80f43d
IEAVBLDP	0	1	8388a155cd4f9391bdafa88940f0de81a0f5792f494f4deb6352aa54145a2eab
IEAVCARR	0	1	cad81dca87932c4e9c037a43ef33256fe82bf9a178d9aad3ae79d0cf0115ed03
IEAVCKEY	0	1	989122d1c0040b5ea4e6c161811806a320a2f93ea7394b3f9ec0c86505004902
IEAVCKRR	0	1	5326b619da88d1cc762e343be1ab91899611e05ac1b2e7dab206b8be6a6f7257
IEAVCSEG	8	1	c7fac557ea640bade633c6ed89f28392990ec5843623a059d1ede1d04ffda441
IEAVDELP	0	1	7bbb4f3ea70cc4320aca4cf1d3c492c11211fc6cd718bdffd5deb7f617f40255
IEAVDLAS	8	1	d85c63327693b20b2c9de0772948338b7c0c19afb455638dd133b383d6f4e677
IEAVDSEG	0	1	229f978dffc10e38f862d33e9809862a3ea5a0118154cc84cf378a44a7a526fc
IEAVEAC0	0	1	7c827193a2046d12625afac05f8a5a24d105ab433dfb69a5508b51a4cf61686e
IEAVEADV	0	1	4237f41f1fe82ec52a79f26ec2507480aab78b7d47dfd32e419a7ebc3227960d
IEAVEAT0	0	1	486251a8ad18dc58f9ff96ffe64874c56a82114e8409bbad691c7327c2a82d01
IEAVECBV	0	1	92534db8ff0aa2f8ba0c8810d9aced752a5a0652db6145946c983d7889c44ece
IEAVECH0	0	1	09b24716d717e68a4995338147dabb63afbe722e4519d96d59c8924474dac0a4
IEAVEDR	0	1	4de2a3e146428b4dc70a98528047ed6c5ae812a2aafa2054dcd9f4ca25b1bbcf
IEAVEDS0	8	1	7f66ccde99abfc9b8c9fd70396717ba7471708964dc2bdecd30d0ebda7111cda
IEAVEDSR	0	1	fc6afc10dd7a5aa2b7005a7baa6b57c19a369e292eea278deef3560486d59da4
IEAVEE1R	0	1	6952be75757449ae180bbbcf5c64046e9a84900a1fd159e839fa57608c104279
IEAVEE2R	0	1	52bd3b456c4cdc0e95abc1a3469a48e40db7e6810a350d55b937b515989c983a
IEAVEE3R	0	1	703570134692ff8d7d4e74d966be4d53c024452a3c66621d49c248050819c88a
IEAVEED0	0	1	00563acf8cd0a7539c5403e24bf4462ede768e69b6f330767fef8a08264f7156
IEAVEEE0	0	1	65cea9d2f40fafb2a77627b4acd05c684a735306dc77f5f02c736d54f4a1d15e
IEAVEEE2	0	1	10cde708d9d5fe8410fb9df5c9e70afd151494c34b44c57eea98aee642ec563c
IEAVEEEP	0	1	3c0235cc5b843b7e3395c35ae0d0279b47ed7bd2af4dc37c99ff184adf951faf
IEAVEEER	0	1	dc825ce2a9cb1924bfb24c0a7c55acc04808d1c43c5dbf9bea8792272da3c0d7
IEAVEES	0	1	b93f6ad200e030343b88bcd4363f5ae13c72226378a45b594c4465d2881985f3
IEAVEEXP	0	1	011802014248181dedccae8a7021b3782eb2ea043b8eb9e4a261bee7b2465700
IEAVEEXT	0	1	de50fad5cf921b476540513d3c9ea8057e7ac35aa94d773530e9d0e9dc041463
IEAVEF00	0	1	2588642344d6db30c7c97dad325b3b9acaf4c4c7e62e47bb500d352dca348793
IEAVEIO	0	1	09bc20a63d576391049de131f46e61b29d2f2712b9f70d2bbb07917b8662fb57
IEAVEIOR	0	1	7a97f518f49ae5e6742437262427e71f59aa0a359f09656f0a129c655994afff
IEAVEIPR	0	1	c0f50087b079db5f18500637bcef592247b2c9ecc4c320cf273d0fc98b231bae
IEAVELCR	0	1	ead07f5369c75c746138e5655532c3cffa1bded77410c9d9b9ee786b56e1ded8
IEAVELIT	0	1	5dc4f3dfe4e99da24b40c0a5c866825ffec0c040b32b53d2c8dd5371e5fd565c
IEAVELK	0	1	86dda991825be120251947dd56807d4f952b34238220f28f3d5f7ba316db355d
IEAVELKR	0	1	4b201f150d3b566cb2fbf4267fb42528ef5e5440ff6d4aae691ad7329346e337
IEAVEMCR	0	1	79de650e3379374dc06c2b7e933e050648e765f0d60df3f7e9dbf851ca9d6b1d
IEAVEMDL	0	1	b0e81070ecb96e097a7022346f0590af557dab6f3630a02279cc5222bfb5716d
IEAVEMIN	0	1	5d9260a7d9006637112ee16a61a9946d3eaf7326112e0881dd24d7fab775a293
IEAVEMRQ	0	1	ba99b614bd8cb402efe45604e3fbcf64b5fb19aca06e7db5792c2de2df050cb2
IEAVEMS0	0	1	714d16853a87a634a225611ddab7373dbd51567232558ea989037e9e497ab862
IEAVENQ1	0	1	99173a242656342089bff5bc568f843f5f4584e80f4677400f29a1db6e9c708a
IEAVEOR	0	1	0392e9b45ecea622d0b921d142540773c36596f238aa8f97346dec0caa57ab23
IEAVEPC	0	1	717e4e712ca83f9548f04d884a3cc1201966c7b8ae7351c8084150220e7cc09a
IEAVEPCR	0	1	3a77e19164c81e36560cf17f6c38eed3da9f7d1518d5673906f7bbac8a90a10b
IEAVEPD0	0	1	a00c99444e6725adbc115cefb8d38ad78af6378a630f3056eb0923d07fd2a6f0
IEAVEPDR	0	1	627f8e94a27edf8e9edc82e0c0ce15f85a4652aca2deb2674b7fd4916bb728f4
IEAVEQR	8	1	5495523746984ec09871c9c14507ea0eb2cf03943bc5aa3f29bfbfca0505780b
IEAVEQV0	0	1	0cfeffaec67ca1d2af45bea2d562569e956dadefb2f345e8a6e7eca8781573bd
IEAVERER	0	1	445cae21f2b87cc22b45265a7ff9c25810818c5ae612db8ca61e96eaebb7b553
IEAVERES	8	1	145b3819fbcc253028fbf71f527eb7146521cf98bc13e466985bb854c20cab60
IEAVERI	0	1	b79efb6bc3f85a9ea6e5d2e0767d093e9419b1834468341dc4c2044a06322dd7
IEAVERP	0	1	6e79182bbfe1fe68ff56938cb8660f9e2698f129864da56ab4e7b7b4442f08a4
IEAVESC0	0	1	57c7006b4cad6852f7659b8691fa9b0bb5932b62c306bb1dc60bd5adb23bbd54
IEAVESCR	0	1	8fed4a55b8645609411d1114a5a4eb939661963db852ce2ff4fcb561058c4963
IEAVESPR	0	1	6e1b6406a8b5c2db132a30e5db58c7df5bd53219d5a7a6d228c87eae544da79a
IEAVESVC	0	1	a950b676d6e4ef95294d1178c5829cd3a59410ee922698beefb3a20886b2f2fe
IEAVESVR	0	1	93aae1d1a09a03030b44284687335aadaa0b4fdadc80be8f1af71a75b9ebbb56
IEAVETCL	0	1	a1b0b516e082043d62ffabbb5bd22c37be16a8e3e4e4cf7dd6d53e5a2b2b5317
IEAVEUPC	0	1	1b182793d9d83fa7277a639a2633f5856ed92c4a30e4016cfff176a330cda9f3
IEAVEVAL	0	1	aa0ba2f821f54681a76fa120e11b619fb68a469af62ab9416bcbe38e10bf6018
IEAVEVRR	0	1	7d0e2b1e1f346b800b8b3a2d41f58b11f177b50d57070a62f57a1abaca38bfbc
IEAVEVT0	0	1	ebc1f9873b81f1fa5c3f159a521753e5508c707570844b0d0602ff1c8a834c57
IEAVEXS	0	1	15d0701bd0816188d485b0827eb60903c0d1c9b6d78592ecc077459f64ccb896
IEAVFP	0	1	769edf56c5887b7650326b57ee0076e4ff8dbe37e910dfe432d93fb0a7652f78
IEAVFRCL	8	1	c26229a8c8a5e78e58b47354be3f3d64d81f190e38667f83894f6885567a0a6f
IEAVFREE	0	1	b7914c58078e04fc7ec2a53d3258fab9eb950e873d0e748f51f1d3dc2ea7e90e
IEAVFXLD	8	1	22af5eede61866c9c4a03d1cba4d0e062242f81b366ea7f7dfff399c23cf5688
IEAVGCAS	0	1	8da6d401b0d4e5014d24c0896a521e9de049bbbf7e4a4ad83bc804b31e74ea0f
IEAVGFA	8	1	16e8d712442e26d28f3979eb99e127f57438250225ae88259c1eea55429a784e
IEAVGFRR	0	1	7063f15d839ad5d65915fcd3d0277cad1e6a8f2b4464344bf513efb9f216899f
IEAVGM00	0	1	d14f53fca8afd2a3a00836812b8d161159c2014fa3df49b62544fa7f36f18445
IEAVGPRR	0	1	5469e7b6315d905dcb67acca1566d382e878e9faca65e72b354544cd50e7ed43
IEAVGTCL	8	1	b2d8736c410303c61695564a9f7ee1ab43d00db22e0c3975e983df061c45a274
IEAVID00	0	1	2268f406320057eef8c82230a952466b01c65f6978dfffe855826af0431b06bd
IEAVINV	0	1	941c090df3583bba654232856729476bab87cf6f0cd764fe575f8b295ddeee29
IEAVIOCP	0	1	ea7955551990e595b604fe9dab8e78e6a4279262c8c5618238bb740b33fd2a76
IEAVITAS	0	1	5da3f3489a4b5c541a32e2bb43f19ea2477e8ce60bc61ca7068112ff4cf1a2be
IEAVLK00	8	1	09530e374d37d7e05bb2c96dafbe1288ba8ad1dc13017f3761b738ead9802277
IEAVLK01	8	1	5761bfbeb4aa1cfd4cc63056bb6dffa25b4e037f0e6e0609024ba8066825f2a0
IEAVLK02	0	1	dd79595767cd1fadbacfd3026e5aeff4fa12ee7a213d20e933a792c24b25f60e
IEAVLK03	0	1	1ca5a045f1c84c93dabbc7e652326c2699ae1b12eb7f3b8cfa8f2b50ecf0f766
IEAVMASV	0	1	89ecd2beb2e39abbe71db81d0b6d2bdabca8ccf1b216b2ca4d6223733ff43767
IEAVMDOM	0	1	ca2b9e28f457c900ec62c8eff5d2d65c0ace5b8edd896ec0d74eee7902f3cc3b
IEAVMDSV	8	1	5be87bb542c8ddb336a42568395ae3d90b2024892c22077ac26cdfe5e281d62e
IEAVMED2	0	1	4f4d5c5af276133a16ab4635a7af2f1f555d23f7bc3e40e64996aa4cfe7d6a2f
IEAVMFRR	0	1	f638a0132d8bee28e371fc94f666f1e8bfe5a3eb9940cefe2a48a6e64d05707a
IEAVMNTR	0	1	3e4b29bad7027f8e4ce8dcf1006a131f5b7954dc9305788dbdcecb821acb7257
IEAVMODE	0	1	49cd6f74bb78a1e193d213baf70c182c52b06c79d8027bd50481e26d143bc814
IEAVMQR0	0	1	09e6f03012950b4ed282e84b8068de1564224d93cbd284987bc1c54235853d4a
IEAVMQWR	0	1	5eaf1fdf6386120e771d46b622c275b82bf7988599515f5044e17a7a6c895650
IEAVMSGS	0	1	aa3736fb5a56437c9d52421d12862cfed3ad6e0dbedf35e9f9ec2e44bad04d6b
IEAVMWSV	0	1	a7c82c5dc2fea0b56d31b05ea3d693b5cec532d63b38a91df5ac24e2e82faae5
IEAVMWTL	0	1	4b79aa3930c1c8245247a4596388b754a7b996c2867eec26863f893aa07c3be0
IEAVMWTO	0	1	84ab823e82493d41097468007681cb1fabdfac7668e82e1ea733dc7feebe5d12
IEAVNIP0	8	1	0d366b741872486a1dc27d67b269d11ca1a15085720ce3e2774de3987fd0212f
IEAVNIPM	8	1	28f2271ac9ac7122343064ed11588f19fcdd43428cdf83852d4e970af9056875
IEAVNIPX	8	1	4d8898d1d761884b7bd694092ae8e69d1277394567eef8c426c0dfce97f79f1c
IEAVNP01	8	1	ca9f845b4253d3dfa2440b4813e2634c39bec1aea29ba50069fd7e2f3d767199
IEAVNP02	8	1	0f042cd2c489ccda5eb581190a3b9f827be3c486a12456555a5a02e2a79e2889
IEAVNP03	8	1	03e8b5195f1c14ba231b5c98809d6fede1de0c1145d133fab701b0a02f317508
IEAVNP05	8	1	fc3796bb8c4144d5ca1ed370526eea36207a7eb89d88e6d03eea5c9f95dbade2
IEAVNP07	8	1	59c2407c27994d4686caf6b5e31d6cc5857f382d43947d087d4780d53740e4be
IEAVNP08	8	1	028456953eba5b8b8a062a4bb3f92e6e668a7416ed5e94d9263ee199e9af12d3
IEAVNP09	8	1	636026f640cfd7e34f11b66e36a4238ca7e4cd4c0445475e06a9b914d2749afb
IEAVNP10	8	1	5b71f7810e23322ccd27f866f5a848a401072cbea9047addb6a3d506f8d5e744
IEAVNP11	8	1	cf19bad7dcff7e6f9025dba6a5c438957eb3183b4f71e1fb7822d302f86e40ef
IEAVNP12	8	1	08efeac895eee31d5d5c16d6ebf53d313e6a0ed4b3b19c517725804cf9f4988a
IEAVNP13	8	1	851d31f22ab30f7af4a0ebfa9e4745f69ee6e3ce59d99c80bf03082766bcbcc3
IEAVNP16	8	1	964a576775fa662468c4aa130d0bca448184f21db7219f882bf1ec31549669aa
IEAVNP17	8	1	185cdbc9ab9df8a34dd08c3a8dfb84d5762a038f6b3639592312054293cf79a6
IEAVNP19	8	1	4c8f5aa7dc581a365abb08137c97c23fc77698ea8541362920a1837ecd4398c2
IEAVNP1A	8	1	386f66a79f2dcaf246647c2876d6fdafc405cf4de75ae5067d4be0cbde4df61a
IEAVNP1B	8	1	1402a04a22a0d6c317c829da3d43fab32b80eb80655dd00a5ba59ffa22c85509
IEAVNPA1	8	1	0a79fe6b04cf5ed466e9b1899c79bc81d8c7fe8ec8b65e8870148ee8636157d4
IEAVNPA5	8	1	4d83c4ee90d2959b50a39b6d22888c1f689451e5f91d17dff56938d3e7eb90d4
IEAVNPA6	8	1	9e4905cf5751ff8fc4beac6351823a72a988cdbfe135790516fb25cd34914042
IEAVNPB5	8	1	a26d9afcbfa1c99643aea6c7048f8e36d1eb0397956bc3209d8955421e86afff
IEAVNPB6	0	1	64f5efa7dd319c1fdf56e11897e39f3dd806a255e2c0ac90b23ad0d2bcee5932
IEAVNPM2	8	1	c2d8cf5608fec026f8366ca090cf304a7fe5b607a57ef75877e85308a8d14f47
IEAVNPM3	8	1	f6fa89b980cf1bdef0ae7a35e886f85257165c2e11c9315b82e3d663ecb18cd5
IEAVNPS5	8	1	2ce12ff30cdbb9776c6e47750cf4dfbf136d863156a202ef0bb30d5d9912761f
IEAVOUT	8	1	2714513e2b3a53abcfc0ee9ae0aefea587ce57a71e769b9be395dca213b00528
IEAVPCB	0	1	0ce276b2284dcf7fcfdb304fc74193906003a1fa4cf10f6ec198bd2c06ea6bd3
IEAVPFTE	0	1	a595a76c661cce3c7f93235cee285f769506af2bdb624a5ce789b61c4f45bc5b
IEAVPIOI	8	1	fa8870b6b3b7d9a81a7b010433caebe4e79ffdc734df2d5310a1bad5d819008e
IEAVPIOP	8	1	f8597ee122e9d53c0354d031e76dbf081e989b2a65647665550b999f79985c96
IEAVPIX	8	1	1b36ec57aa13c68cbea4f01723189eae03395a01ef88a9a202daeac2b60a2f9f
IEAVPREF	0	1	0f1c59bd39e65732a5c52d2687d2ad1469007f77c5cf757847890a268ccdd6b4
IEAVPRSB	0	1	3ddbc3e45c8efddbd1ee9b828df48e420203dbe029de824227cef783d5a11561
IEAVPRT0	0	1	91c73b95a91e93301b0fe758f0d2af6a9e2e7b05f00b2813f546341fd59f5d94
IEAVPSI	0	1	2a16162cf36cd2998e2118434177ece6600910bd74acd094271cc2885436d2dd
IEAVRCF	0	1	71802beea1060b3c272010066aec98405cedc9977be84bdc9e0c4cbb19c21c70
IEAVRCV	0	1	58d3d0852a30771f55e0ba0a9264be4218c478c33a68ed5e52cf5174176eabcc
IEAVRELS	8	1	3d49aed75881b8437e93be2a09b163ca9925b1aa3aaff826d34334dd1f654beb
IEAVRFR	8	1	ed122302b75eca3e6729f675eba008e6860bcc7ed78135b4b6fe8c2d23050c5b
IEAVRSM	0	1	dd6e50f2b5c940a0d35da669f300ff02ad18860e18b1d7b8fda9f24af76c4dcd
IEAVRT00	0	1	defd4e1ba7d69b6401883e5890753ba1c96720781f44e887278b8293870ff6c9
IEAVRT01	0	1	f2177103e1adaeb9613183bde8275124df459acb1246581377103d48a37a4880
IEAVRT02	0	1	90d7d46eb87e6ceca86ed4adf4176df51292f8889801c349f191759dbf9748ee
IEAVRTI0	0	1	ea409913959400154268fe9136412d561bfe6930f6f843b122a969cf008ea91e
IEAVRTI1	0	1	3a5dcb12f4849ffe947d28b4e6b3355df9f7bc47de361015cc4cd6863560d477
IEAVRTOD	0	1	43b123ea2170a3a59bbeffe121c060ec7ef8de53d2a2355d444201ef0da0dca2
IEAVSETS	0	1	2f6561b43bb8ab46f76ecca17caf0a7e14417ca4ff202127b6dba2f8aba9a30c
IEAVSOUT	8	1	5805cc7fd0b11c1b26d08052726c955917466173e99dc43091f839fa78f35e55
IEAVSQA	0	1	7824e09111f2ce95cbaba54324339b5124938b18e2fdfaaefb687695c8de3a63
IEAVSTA0	0	1	b62ebe305f2f39a40e603d19289346146de419d9f5e2fc699b162f544740c403
IEAVSTAA	0	1	3dcfe9289943f7288e7ca76b604a2407e671c514b48d8b5d9423e71ad65fb616
IEAVSWCH	0	1	dffd2a3c8a0ceabb67b2241b07f373b9214b98c1deecc7e247b18d219dfbb46f
IEAVSWIN	8	1	4ec57a2f4f7bb696cbe047dc658b643778e12c52ebed86613d33608884dcdd62
IEAVSWPC	8	1	5d056557cef0bc2acd19c7b6bd3e5dc02a99b3d9887e1f7bc3fdcf5cc183ca69
IEAVSY50	0	1	d1274f9ab48e0f48029531456b013e8bb6f9a0ac0937ebfb0d5a6db8a05d5131
IEAVTABD	0	1	d86928ba76ca7a205dc3e129f479feb989cea51ae9c77494154b3c0c6bc8efa2
IEAVTABI	8	1	82256bf67aa89d332c7d85488198f5583c770c09e84fe438a7bfb2f27bb53319
IEAVTACR	0	1	db6d101302f694200a6f0247b85104742ef2b762174e0981a0b61dae3e50b899
IEAVTADR	0	1	af9edbfd4b23ffbaec19ef57e981651f55b2480353cbfa70b94d0c90e8afad81
IEAVTAS1	0	1	5138f2118d3161a1c1831e6be9f28ff916a5ef8231cabb6849337346e9a75333
IEAVTAS2	0	1	5451075a5d4025fbf2933391c6c48534894780b1de1600b0e5c957b894e71a55
IEAVTAS3	0	1	46cbea2b573caa41c3de228517c40e13e5bfb8573ede74d17982147c75685c9e
IEAVTB00	0	1	03b24bae752e7783419634f89e59fccd09a766254cc3e9b5bbb38aba44b573d0
IEAVTCR1	0	1	418bbbe77d51f7c0954fa44f8c76529d1ccfa01656e32af8d9446c5ce3c930ba
IEAVTERM	8	1	0e0d81cf03adc33c9c7da0b1ec2e0d684ecfb45c01ef4a9bdfd1184435e7f42c
IEAVTEST	0	1	9f8d197234002ca26f952726897d7ff805d7c9f3c03ccf91e86227978c9eb64b
IEAVTFHX	0	1	03846442bde0ab73a651dd7523cea39d7b8457e5191e5ff8e55065736ff2639b
IEAVTFMT	0	1	af22add8eaa59e4a5e75c118bd8e4eb91bb516a8d20224ef84133a6683dd763d
IEAVTFRD	0	1	fdd22cfad1b7bdf49fe0cce95529d5d135009ebaac59d5186aa1b1f29e1668ad
IEAVTFRT	0	1	7cf29c1c608ff6acb9aea4e223d352f7e78f54293fb406ddb14f828385ec5bbc
IEAVTFSD	0	1	2762b3df91bdf2bf34b2b0e3e7e8cbfb0e0cb1e3eca424bb536233be0ed94f8f
IEAVTFTM	0	1	2ff87d08bb3a3a5c64fd943090d7466ddb44dfb46bc2b6bce65ab0f9b7a3adbb
IEAVTGLB	0	1	76936d824772ea0b7dbd604773d6fa5593045eb3c38f54a52d959efee87768cb
IEAVTJBN	0	1	f873b259e931379a8562627ccda505e493c7955fdd0e1da7eda81d5ef63be68b
IEAVTLCL	0	1	f64a8674fe9e7df63027fff87e4ed9b4d20f19e741b6c5986832449c736f0d95
IEAVTMMT	0	1	45417fd34f91dfe82172d31ce3ea5427f1f28bb1c77a2620c128e26922c4e64a
IEAVTMRM	0	1	e31276c8347887d5226d30dd02bd896ff6c0ce75529804ef1f3d747a544e209d
IEAVTMSI	0	1	b7209fc04423171fa21d077fc12ab906349f0e77c7f345c117d36fed6630db32
IEAVTMTC	0	1	aa545e3a4ce76cd20bd0bf187c6285edee73f9a7c5fe179a73b1a3d7033ac3ca
IEAVTMTR	0	1	3c5c6985ffe4e453050270ddb7ecc920ff545fcae141a2b8180a435d10b75c57
IEAVTPER	8	1	8660c9d6a532d4c25860951a668860d2613cc1cd7cb91071184d13549ffb91f8
IEAVTPMT	0	1	572126c17c4b07efa26a0cec6b685456882e52d132b8ef6264da8cd505e2800c
IEAVTRCE	0	1	1e344f78bd652f9abdec0d3cbca13d579d0d9588668b23bda2e30c2ed5811d09
IEAVTRER	0	1	d00009271732d506f98962d6c6b1360983d110b7899dfe3434f845510ed14af3
IEAVTRET	0	1	741f136f48c9d6de61d5582436e5e4cea6b8dc17ff2b00a0feb83a6099312bc3
IEAVTRML	0	1	21474398ef1f4cdb5755e08183d0818c92ff8a05219e58906560fda16c31cb10
IEAVTRT1	0	1	8642ba804c4654a94b6f2f709e85e06eaa1ef8afb4a547f1da8ecdeaf47ff579
IEAVTRT2	0	1	c599ae9fa97ddf426be7bdda122f5c71d804066ce38ddbb8d7095f049c5dd30d
IEAVTRTC	0	1	1d42c44d15d3c070e99a95065b27da6fed1b186585c5c0631890ccbe6cee394c
IEAVTRTE	0	1	2363092be432f3b8cb5437138fe8b6244c1775f94c7f779c4a0685a1931e6f40
IEAVTRTH	8	1	7ef5478a554707e44d60497c7b70ef20068c82e3ab704d816990b24d3e5cafa4
IEAVTRTM	0	1	d6091fbe4b9ed5812341ce5ee6be52a4d4400d96833b7a241f8e6c88765f1bff
IEAVTRTR	8	1	8cc5b3a4f67e9c2d34d7a75f9da5616a0f99dbaa7583a63d4b73f4f6775c259b
IEAVTRTS	8	1	aaee00778f195c9f0997a7f94c1582a7c942d250801a6486a9cedeebfbbc38c9
IEAVTRV	0	1	849fb14813472cb25dbd2d8115955a59caaa5e1029e5a6b18acf1a89bda3d40b
IEAVTSBP	0	1	e60a6c214c326e3c37cf5371522bc4a9c056b3aae033f78faf1d33411dcab46c
IEAVTSDC	0	1	b93ef995abc642e8c8e0bf0fdaca0f828579d2196d09fbf3a9febcb32b159902
IEAVTSDF	0	1	bafddea0649d4beb312b50e88c5141a7cb5646de1c7c76d01237af513001692a
IEAVTSDG	0	1	f46c963e16020d433c6fe0624d122443ac175e8a8f77a1c86511fd6c704f3820
IEAVTSDH	0	1	c7189886715d196d4311a1014d191eceb8c929ed186582b2cefcdbf4d79a0446
IEAVTSDI	8	1	278ffc343c0f44521e5ccbf82b0f5d8cdab8c443b75147f06a4249f0b84cb7f4
IEAVTSDL	0	1	b163040f0b2f19f463e0a7ccce41f22417130f857b4b9143fee3eeadd44e85fd
IEAVTSDO	0	1	b33abd51563859cf9b1b1e7cc02cf0bec488a489bc002195d65d69ed4391633e
IEAVTSDR	0	1	5603d3cff112769fbd634d19b275d29569faad7b8f2043d889d19847f7fb1532
IEAVTSDT	0	1	48a89caf3272f30882b099537bbcc36a32f803b20fdd77f72442d0b3212142f0
IEAVTSDU	0	1	d9c0ae32bbccbfc9c508400167d0a87cc1b0dd9ca6fec10062f78d83834d6c2f
IEAVTSDW	0	1	e2cb4183e829406dcc5a55c5521471c35fa64086d74d820a1dd6466eb4690ead
IEAVTSDX	8	1	a366b4b5120b6f45b28a72c68166af5d31c81832869e73f806365d74a0e3457b
IEAVTSIG	0	1	36c5517826a9448e8070c98a2091255c6348842ee3d1967fa3dc66185e022a30
IEAVTSKT	0	1	9f5418a9e21640d2897428bc1b6f7c3d836d5ecec75f00569ef196aca8220f07
IEAVTSL1	0	1	0eb1250ca83d2732b0c7651923815bde24cbdcbb4f33068355cb9d26de5b9dfc
IEAVTSL2	0	1	276bfc7aa5c2e1ac516a2a90a8e4d174afa6ca64f3de0b598a987886f99d326b
IEAVTSLB	0	1	d9c201e03fcd5f834068251ea4ed73e5f2a45e419345859d1d0e82673c852a78
IEAVTSLE	0	1	5dc9e6eb47e6fdc86e24b630d1efde03630fa068ec3f5e67917f867850313671
IEAVTSLP	0	1	585ac87fa92c9126e565130e4a4c079ca2ed9de44ce1a89b653cae71d27c8872
IEAVTSLR	0	1	db81806ac9059bcaeb1a6f8d541131ed0568c22b24d6e40c213c30e22b7c8f0a
IEAVTSLS	0	1	c370c37597d9be1aed13a0dcf1116d5a64829f83fb10e244c48fcbfb028b4def
IEAVTSSD	0	1	d290fea2374416ea6a9b63fb7d78947b664b951ec5d06f90565e0ea23940e853
IEAVTSSE	0	1	98cd5f38c98a43d1a4bc8b46bce6694bc8170f190b42d19f5378bf6b4bbc3d38
IEAVVCRA	0	1	6abcbb2c087c526cb35aee8880e29149c0b6f7306f7a74672cb46222a183de73
IEAVVCRX	0	1	34f76a7cf0b32788103ceec863507d16937c4e425d07416abee0c39da46586f1
IEAVVCTR	8	1	483a98cba87edccda446660d4b408fd9c4a26136f0cbc1111f8cb90612b3cbe6
IEAVVINT	0	1	9d6f4b7a50eebfce08c9727760343d2a95e2fb3afc95387111719e31e9e830dd
IEAVVRP1	0	1	e33b9e0910ec68d7ffcd01b5919eb26942c992bd2829c25e4359b4c9c15ecc80
IEAVVRP2	0	1	35556719319723953f6e8989e38551661497d1a9af9cc42a0616e6efd0f62c0e
IEAVVWTO	0	1	1fc25fe10607be0f0a0f5289ef931425c9ff0aede94bba5a52c86faa5cc8ab5c
IEAVXDOM	0	1	528b2aa4a5048178e5012da38a971f60b5473eb2d4abec0230b1fcda02bb9b67
IEAXPALL	0	1	af2e10bf693c78442157bd0f1e231364ac41ce426844b5570eccd7bc06bbd699
IEAXPDXR	0	1	bd6400d6afed295833f6761d1e2e6b92a1ca0c648b91e8d0f3f30ae0c33aa04b
IEAXPSIM	0	1	bf080a0bb025ccb58ef85cb41fb76832da62954b674d5e38d71cea8cc19cf472
IEBASCAN	0	1	73a0855033974a86ed05b78bec92d4c7bc645b3a93a1e4b98f6d9a9aef254d0d
IEBBAM	8	1	4420834675ebcb0fef2369fb5e3bb517b108cab5113618cdcd6014a35f49440d
IEBBSCAN	0	1	b5b363405ec51d3831bbcaa35d6fc0012c208cf084d4f01dd09d3a6d1339d36c
IEBCANAL	0	1	88e23f4c21494ea8004addaffa7b0ce6e6d35206ad9e747c578e138f7baee637
IEBCCS02	0	1	8d8cefc8eee57ae9f8e27badf567f2a283b732039fb6732327c1198052150ba3
IEBCMAIN	0	1	910634ed5fc89da9c544dd07932c26f6d3409345e5ec1b555204f80cb0c1255c
IEBCNVT	0	1	e0f0e82a4b8d8126613bf3dca667dece835ea3dd488a7302b4cd6ffa83bc0967
IEBCOMPM	0	1	1661b3db9fc22b6ac0dd07e87f557dfcbcd2a8ecdc1eeb0eecc8eca3dbb1fed6
IEBCONH2	0	1	aaa91128d13eec0432e9f212720b3c3e729e7d1ff949ae8b02f88f805717ae2d
IEBCONP2	0	1	757e9dff4ca5921d7a1524e981752a4262ee22f4dd72a77c3af35474bf9effb4
IEBCONZ2	0	1	1db247aca4d4ab0338028316d2f1a7e6e9c25e0770f230f5d387d0d57abffb70
IEBCQSAM	0	1	d61a91109b2215be14429e93dce930c65f251cf045d92f68a339e2903bfb7436
IEBCRANL	0	1	6ad38d22a4d11d62b5165f48b1961644b569f10a19366978294396b0a74616e9
IEBCREAT	0	1	4b1157d350b3f42c6b9dbf62bc3e4c76a3c3d90c4d71310eb8efefeaeb20f237
IEBCROOT	0	1	64a5c86452a21512f1251110880bb4ea85e2d369858b5ca020b43a3b8bc686ff
IEBCULET	0	1	17734c766a080ee486ce851bbc04c7225c1a2899e7bb488012942aead0cf1b70
IEBDG	0	1	806e868b0b785e2c13c4440343757a59424e6f442b257ec87b329e7ade3f3411
IEBDGCUP	0	1	ae821d739b1ddb7e3a04166c8bdc3d4c47a95473f6a4b3665d41a7ab0101dd83
IEBDGMSG	0	1	5afe8ac887df1731a122d4cf46aa92f513505b2e27d4bc42ef4fc73496c5bac3
IEBDISKT	0	1	e392c9899574046ba04645e73d95fc796089f77b30d559e36dbe21b9844cba70
IEBDRB	0	1	057cf66a8a68797b2832cf3e68b216f7c147b85803755fa1998e28bed6fd589f
IEBDRD	8	1	3dc575518afded71db4d84f5466a36cadcfdb989f99a7319bb5de34cba2c6335
IEBDSCPY	8	1	92b168cb38ab5d8a16540dc03e60d65df9e679347ed6636ded4602cea2246bd2
IEBDSU	0	1	9d53e96f08be7b929d618c29d4ee1ec87f56f5138af53906c67f0027f2613d8a
IEBDV1	0	1	3a28521832511a370237f60a8b57997a8164e98116707b8b6b7a1cbcb3d61030
IEBDWR	8	1	0ec0bbbad75bc291edf0f75bdf906f690d82ed70ae82ed1dbaac16a1bb5aa214
IEBEDIT	0	1	6dfab65fa653c59a5b91544a44f74d745d3476e0152111938a1cac45da361310
IEBEDIT2	0	1	f6a7a01c532467fc48aacd14543bb948f8b1f0daafbcbe3ab5fc3d4f58dc979b
IEBFDANL	0	1	36b3c486b96ce57e80d4fdd0b1b66ef1bdb532a9b2158ce0f533ad31e99a41a3
IEBFDTBL	0	1	446cffe785dd3d237c65b9701a224cb3866aeec216161c456663a4da012af018
IEBGEN03	0	1	d56c10cc3e347dfb159b0d790e34b84dbff6a0719cb6f4ef85be56e13d528cc0
IEBGENR3	0	1	7a9f6ebaf61b4029bb30d00ee308a25c70fe31500f2e936612bf179ca6119a36
IEBGENRT	0	1	ad89de7c9b0dd47ce8e1b120b8333e966e32932c64781f7574c523f0d9a465e7
IEBGENS3	0	1	c8e0e1e0571b090c3a2f72c00da340d80fc05f604a078128f39378e2313a24cf
IEBGMESG	0	1	8ba2c547b8f27c6f8ecdf4b1a346caab739bf3c591d06f80c2d6955aa83ba6fa
IEBGSCAN	0	1	0d9f558b2d922bd1c7933230d728878cb81d6c9735aeec6d47e88f0cb82b6b30
IEBIMAGE	0	1	a7d0e4a33ddb58f910fe6623d9e726263bd79be05f061f181e437edbdf32982b
IEBIMSGS	0	1	fb5accaa32eb8818b3b937dbd3aa2a8ddd1ff7001db03431a7716e79e3723c04
IEBIOE	0	1	cd475216156a78fec7e10bf3215bde6fd34d3740765f697eb715fa345dbd476e
IEBISAM	0	1	cf70c23cf22dc2e7802ede80987fff1d64717a094d0ff27c5703f5ad81940f6e
IEBISC	0	1	bada8f69079a231c9c88ef220de686c9b54f5084497d25d40f4bd75ca254af32
IEBISCAN	0	1	9cc8863461b10418b00943b911961a175161d3871ce6a5554c132b41429d3c3b
IEBISF	0	1	b61fd4ffba9c03cd9c0125055bbe44d1f37b6b92a1feba11502f45db719383a7
IEBISL	0	1	f09558c210395ea56c8914cdfa6d93b5da334e87ac4ee84c57c59d92fe697b5b
IEBISMES	0	1	0bf6fa78a16da18e8f4372dcc372462b294b14e12dfe30c6d736867b8b644287
IEBISPL	0	1	38e6e76d05b0ff0a0bb064ed135e917d369adbadd25e68f17bd71467b22f3772
IEBISSI	0	1	e26754238f2aebde32f56f57a8440914e36d5863373933438f477bc99c9a0873
IEBISSO	0	1	4bd49b7456ec05545bc78ba02aa7a92f5ea3314debcd76628ce0d9f210c8850f
IEBISU	0	1	fc29bd31a908e3d0b68c4ef5490a42308c7c416a5fe767235723e59e02a93adc
IEBLDUL	0	1	7f1d9a976ced9488cb856ab31e7c9069021e065cd4e3aee8c6cb5e88cf78e279
IEBLENP2	0	1	495e5dc94e34c2fa0f86b794a3a9f1257db295d3d399c6ae760a0f1f6042a77b
IEBMCM	0	1	01856f3e32dd3517aae5fbb447e57434c73aa0eb053d88e9e33cfeed32090492
IEBMOVE2	0	1	c747df00c61dacdd0ff958369be044c1eaf0ca0ebd8c60bf47d99b95dbca438f
IEBPPAL1	0	1	931613bdedd3b2b716f2350fec5be23fe6c9f8a65d9baf1c9068d5361444a05f
IEBPPCH1	0	1	a3d02d8c6a355d15e51c8e8648ffef8b6086d1b4c6f177e2f5f4d43019264603
IEBPPMSG	0	1	c2d6eaa2d0b858ce2ad44d8a3f3638dddde551aca8cb51839f4479f56fc6488f
IEBPPUN1	0	1	4290b4fd6501a2d97dd6e93594300ff85e96e13c51a85caf817f1bbee37e9fc5
IEBRSAM	0	1	777ee98ca22c0854f8da6b91f0015a999da426ebfed0629674681f4481775726
IEBSCN	8	1	5e5eda8b65dd94a477449bc975855ae3668ff448b398c1cb690e7da0bb2c19b5
IEBTCR02	0	1	e1a608687354967fc2a4111ca0dc81d2276faac6980d09d88cee14315a62ace8
IEBTCR03	0	1	acad850fb7eef911227b88896650490f94ba8f5f4afb1bc5ed49d97670e8a196
IEBTCR04	0	1	709263e18bc7c5546cf1fccb6d7540547d980ca6adc3065872f2f6ee65c95e44
IEBTCR05	0	1	d8cdeefa62ca5717d21f1906c96c8502b77c59400ab4d2d499bbc3500535f899
IEBTCRIN	0	1	6ca44fe48623c1f79e15b911e471d2af613cae1cc75a908c96abdb193b728aa4
IEBUPDT2	0	1	d8a83c500e75c21478f42a71ad2653d8fd8472206ea1096741affb92f9b0297c
IEBUPDTE	0	1	612e93b4ed098965c73a39190508900f6833a0c7190204567fbe37abc4cf3099
IEBUPLOG	0	1	64cabbf5eda7178b9ce6c8dedcee01de598a8fc0f5388b5a62f5d9fb78bccf25
IEBUPNIT	0	1	0e86ba9f74d4789a415e89cff0eeaa03ad0c0375e6d668d11d645a3206a6466b
IEBUPXIT	0	1	e91366ff4cd44a31d2c6638d5d5daae914e4689b44cd7fdaff31c51f9d1e91d5
IEBVCT	0	1	83de6250f933f3849430ce08a3924cf2f7a80e6132d6abcd8fd266fb28844bf9
IEBVDM	0	1	5b8e62f74cfcdb16836fe5f4beea7d8d577b8f4acbdaed8fe9d875ea53786eb3
IEBVMS	0	1	0dbe62cb56b1154893eb25360d445f33f5820b71792c770436cf14c2af9f23a9
IEBVTM	8	1	f057e28141c99e8f80b1a5aa7e54d7076e10153402e5f700100719c0f1afaabd
IEBVTT	8	1	8ed0fbf88e29f8c472a2ec738617ba808c6bb37c2df925df6a200dbfa5fcf9a0
IEBWSAM	0	1	7e54ddd86ecf495e742e2f57dcb5ee568e5d45821260f74b87101a8d9526f8e6
IEBWSU	8	1	a0b4b305017afad064dc3f39deff702d238c03639d8ca859281786ab1fbc86af
IECBBFB1	0	1	3a9a9740863aecdd6a582e2fe51893e793a4f9657d7a94fd646d0ee4f4c98910
IECDAFMT	0	1	d650b1f5fe34efe7e4d6cb00d0d457facf0289c54cf4768a2d45cffcc45ae58b
IECDAFT1	0	1	f75da0debb5ab0913cf726e7e3c6eeb8f7f956c747b9af78c8a4d8575188bc28
IECIHIO	8	1	a796a3d19d9668b11b9e0211713872ccb85a517fbb35fc3813586e14e13c2ab4
IECIOFMT	0	1	f513ed7c34a872c704754b932170fb67683790734849aa9eba631442aeec20b7
IECIOFT1	0	1	89159502e32e88adf61d5d5511c882c8c86f971801e6560d4e2173c6610a29c6
IECIOSAM	8	1	cbb5c55dd84c2190f426750c0c065093cf2766fd466aa452d0a66a23b16a556b
IECLMSGC	0	1	159132a3c939ef07b53c9f60addb31c846daa272fd462641f8939a0802bdb0b7
IECLMSGD	0	1	e1527daec33b63aa75323d56f761e350bf1edefe756307c7d23063e7ad1e8188
IECLMSGG	0	1	208bf359520fdea21697d2b75948f71d8adaabddb2b79571afc682cc3b113223
IECLMSGM	0	1	429ea95b517a11b1ad7931c6a7a452827509041faa0490220ed5c5cbf5bcac8a
IECLMSGT	0	1	62f82bc1ef7f46ddaa232464f71b66e7b6d9cdc1748a978a742feb95cf5d226a
IECLMSGU	0	1	2213b89a3fff3e4f422ef9e5acd0ae4a5308063db29e7bfd217d81920ab86ec4
IECQBFG1	0	1	da9367717051f8cfb210bf7d8467edd3cb1ee3777c4292aaf0395822f5d4eaa6
IECTATEN	0	1	d1d2278cd7ccde9c391284bb4e7b3c5733a830ea6fab90c68e5c4504c38e3bbf
IECTATTN	0	1	050c9b560719a1ff9f106fa19cc9fe7b70f3b1204e8f970203dd5504f59a5698
IECTCATN	0	1	63451558bb2098da70d1a0f3428cc933e354e7c0f4797d24f1ad8be7b7961145
IECTCHGN	0	1	10ed6c2bffde4c844ebc754a0d3fd8641cddeaddc776ec9ecbe573f77ab72317
IECTEDIT	0	1	d5f2996cddf799391465c94e47ceab8d642bd09bd5feb2eaaab799f3fc113110
IECTLERP	0	1	96faf77092e0f36581f6988d144d064cdf84bf378cfb7bd1129cf98062493ded
IECTLOPN	0	1	cfec7b95b00f71ecc5d76774b37241e9b8e15a0c20477a703e1087d49406d87f
IECTONLT	0	1	3e71a15236044567e00b8bdf816ea224c197eaff133d27e311944d63d525b452
IECTSCAN	0	1	bd0a394e13b55ffde1456844278ec107ba34f339c87413fec5d1a0f346d77bc7
IECTSVC	0	1	04841cc343d4ca5e4096fa13e491b5c5c8d2345d0560835f79449d57c1ed3b40
IECTTRNS	0	1	2ee62c23d378288da17e6d0bdf20174619622e88b51f9b430cfe4b06c9983797
IECVBRSV	0	1	3c1a0e17c104ffe20c692b0776317d14c76666ae807a0dc8fafb0803c1585364
IECVCINT	0	1	0b41cc1b55658ff3f164bb73eb3be2b21c013147d57ebade31f52d0c1d6d9139
IECVCRHH	0	1	4097048637552dc921f651d7ce4cdad4b2a007573108a778f25cbda6cbe8ccb0
IECVDAVV	8	1	4022f9f1923b5678df4a73361cdcf0241b9176e4f0dad2fef5d520bc103e8e5b
IECVDDT0	0	1	8159fa526287c98f97b1941beb1c3df1b14562c190a7a25fe3a68c8a2ec6d498
IECVDDT1	8	1	09e15cd95c9fd38eac003d329fecfeb532bf4528751b5c23b484abe44df8ecd9
IECVDERP	8	1	ff2738ef444eeeffc625720606d43c13b730b97d188bd5cec8daeea41b49d074
IECVDURP	0	1	b2212c18f18d8652b04fe5b71d5a776cf5ba22d8f7e01819cbee188f24230f3d
IECVERPL	0	1	993a68cdd89259f3d0a40b9e9dc29c1cc46712fa7b50d263cc4c6b73384ab6a4
IECVESIO	0	1	73456f1d344428721ee6c9b467c3cc06a603bcc4d2e184f902e6b32a1678fcab
IECVEXCP	8	1	8661e201e82e3aa9aa7d9c578993588e19b8178571434990c73ce413b9c8c4ff
IECVEXPR	0	1	12ee183dd423e733a8cc5adf58585064134547372f242cfbbb9ac8d7823953df
IECVGENA	8	1	bd3cc3cfcc9c7ae2408bcc385d2f28a26816a93f9b7173e0a8cc818a4fc3010d
IECVHDET	8	1	f965d32cd3d8235014a77e76daf08e58bcebb15127666cb7e52d9f3a3b650113
IECVHIDT	0	1	06d3822bb5b23f520d06f30e88473ca2711055ca05bec90d9c4a871164bafc7b
IECVHREC	0	1	43540c461ccc97cb468ce1ffe3c44ecb99f432477ab335c81046e111e9e074a3
IECVIOPM	0	1	e312c5019b84dcd0769baf3b68c3d2ee807779a9a47b7fd4133a859424429531
IECVIRST	8	1	27d44af6eba46c34842c4683c1540a4755356d067ed9c22770656e2c672ec7bd
IECVITRP	0	1	096b618a7c6f25395bce0452712757c2e589adcdef502f4773a5078be4d5cd4f
IECVMAP	8	1	a50ae699d706522b81aa4862fc900873090cdde4356de656847f9b8764948a41
IECVOID	0	1	9f77cd0dbe879a6667058ac60488a37a31de7b1158bcbe9932f2cc76570596ad
IECVOTBL	0	1	e08fd3e041d2b574bd91edc9c931457b2a68add6ff1720d7e15d8c4bc9ebfd7f
IECVPST	0	1	2f911af13ceff16a1886e42095eaddc7b662fba7e46805c6c380342ebfdae6e5
IECVPURG	0	1	efd54ece8a3c5f900b0a61a3142df312e6559e528b78aa66585f5eee039125fd
IECVRDIO	0	1	db1e4136cec10d318ff8f9640af848b479af42a4c4e2cd4fffddf1908fd22de1
IECVRRSV	0	1	67995577d4780a49e1022425ce789d3add4e8e527e37b96a8e930ff7e135a9bb
IECVRSTI	8	1	dc6ea34ac3c2f8169a0c614f7d09112aa4158a526d608713c43d455e004146ba
IECVSMGR	0	1	4425c49eda2cad2f1c2abbcf98817de3bb67ba6b352b7495a9c22a21caf33041
IECVTCCW	8	1	4ef9f1debdfa120acb7deb4f769d65830f6b7d7cbdfe4d5bb2c360f05c91a08b
IECVURDT	0	1	53e1c3db4b9eca21e462363768f340f5a2e77b0de03dae4a192b8abf1dd55017
IECVURSV	0	1	b16a7787768eb57a32ad537e74c2f920bd06b07511b87f0c41a30d70d59feef5
IECVXDAS	8	1	5e492311c11d9bccad6d471901b4708514617e4ca081643b4bdc62b5ae40be18
IECVXDAT	8	1	7dc18f834f92bcfb7aa5bd90939be754796f718e42849b18bf5a2fc4f8205bf5
IECVXDAU	8	1	8cafe0cc674982bf9345bd64ff2611e7a9f649a2434c5387736aa97bf5d5b423
IECVXDRS	8	1	27ba33ab751175244010b04f0d096fd854d39673fa483be327e59622fd4f8a9e
IECVXDRT	8	1	48eec9f1a1405725436c30eddd363fd4bc2d1369b00963e097430070a8d745e5
IECVXGRT	8	1	a57b5bd75fce63d2541d3be461fce84666f1511173e96defd1e6c06fcc1462e3
IECVXMGN	8	1	3f4a7cdb550287b748c5c1d899ac8861d0521c213d5e3c470653a368dd39562a
IECVXPRE	8	1	e1b6a9889e842a52622f09c415565f1236665f22975d43c11cc75d3876536119
IECVXSKE	8	1	09a61e50075184fe4c9712027514e3421e6682d957e0467e0df325bfb0a1fd95
IECVXSKN	8	1	6c81b8e3d7304f74e5409257e019cdb123fa0097d39b5bd6199be1cb471d1ea6
IECVXSKS	8	1	0317a08eec9e574792c21eb841fa3c4e31d7fd6260dd9c75c664474334b47e2b
IECVXT2S	8	1	5e5ef8e025e5d749a1e3fb94b2b061e100840035f13fd6b1d82f9f3049c9f3d6
IECVXT3S	8	1	ce30e60c208fed544d5775fcce98e75940ecfd618fb080d33ab925faa76bd17e
IECVXTAT	8	1	10d16060787ac80bc6e6d430d19f6c7a48be036d15bc99d579c28ab962f84591
IECVXTPT	8	1	ccb8814a907d531dc56cb9056a4ec5963ccf5d81e22fd5a6cdba5252e821c09e
IECVXURS	8	1	0c1b280bfe50ca09fad1b30dbd55985d7aa6aa0c902f49984f429a630fc773ff
IECVXURT	8	1	e937965d68fc3b2ce06ce3ba989f19ac262a537c8115f088ee036c53ca6378fa
IECVXVRS	8	1	5bcca7bca53dcb66b5d3c40df3babd08dd42362254e30874e854b584e284375a
IECVXVRT	8	1	d59fe27723c6ffda7707a0025a41b90a856049f16a0bf8b63e1186ede6913e68
IECVXVRU	8	1	eebaabbc92d44daada7a53d418b2fd2576f54b057bf44ccd668e476e76d01eb2
IED1303D	8	1	ab2c5dbe30b63e5d1447c94f4371b46355888a87df399bf1cbe06d4386692886
IEDAY1	0	1	527b249dbf1cda6286d329ff729854e867243065b4e6a6982abbfccc8dbf1f4d
IEDAY2	0	1	b178488d5acf490da5ff17c6620aaf3b58f3d61702462ac7d060cdefe541037a
IEDAY3	0	1	566bf1ce895faee2bf3cac0159cda638174ab769185fdb4b8d2a0d4384c93c7f
IEDAY8	0	1	a8fb1b7a5707a1221848accd09d75cbe5d7bf1268904523cee1672d48f56a3f6
IEDAY88	0	1	2eb5a712314218af3f35a9a4e6891b6b979282fc57ba18a8b7834dfb037ed146
IEDAYA	8	1	bb4c383901091e6755be0f3d429d82873306fa5d9e5870fd1e01898a186428d9
IEDAYAA	0	1	75312b3d2278720fe0954dcdf84f8dda2f05b396fe3537b6a854a4a017894722
IEDAYAB	8	1	6e3fe80350ecf0d8094efcfaf2bf8f4ea33248aec7e1bea184c222653bf0d942
IEDAYBX	8	1	1bded2fd5a7d4d9b990bff18492bfd278e302a299489c0d5f17a6477886c467e
IEDAYC	8	1	c8bbbb95dec0fbf8b8e28ddbbc744abe4e2a70aa9dc47010b4b4e4643017bcb1
IEDAYD	8	1	1f4c98ac2f95a3a8bc0da6f91ee9dbf20cae97f87d6b25e5c251668b8f3e21c2
IEDAYE	8	1	35f96e3e295ca5070d638adfa58f7cc53c6920d3393544927d5dc3aae6794ee5
IEDAYF	8	1	02b6f2828677d6ab822c89628113c606d40ea99e0f63de5402237f7bbd9a534b
IEDAYGP	0	1	12ff98aa6a5893a68b2020f1073d16fc4021e11d51641a41a70f80f4d4b07609
IEDAYH	8	1	050e166f4bab9c4690872412297d91f5b75bd65c36a4e2e460a35ccec190be91
IEDAYHH	0	1	c9cf50b2bcb8716278a6137c6528f69057fc5f0297fed3941f1063b553b99c94
IEDAYI	8	1	2bdcec32cf3f983ffc5b2e77eda470b587e917ef938db87ca307751efc5d1ad5
IEDAYII	0	1	4c9b49f24767ee25689ce6e8a036a31b005e31d1bbfc67aeaa3639447b137095
IEDAYJ	8	1	e0c2ea29095534613e95bc03ac7238b16f3db07ecdca96241c78aae5a3d66687
IEDAYL	8	1	87cd3d362e4a937ea7d9affa449b17e700afacc7926bb20096b178870eeb5f96
IEDAYLL	0	1	03d082eb9b38d28c1781d212e865930ec0a68249431c0d89ef2dcfe694adb57f
IEDAYM	8	1	f3d6baf30c36ee1fb5e00f4c41c4c3934acc38f10d8a780a3903d2e2fe1e14d0
IEDAYN	8	1	544be686e693f39387bda1b676b73db6a08df4d31b5f5d6d4326302e0f7b0005
IEDAYO	8	1	6354528caee162e0c3fe196d364542e665709b659025a8948f9758fb5c601d5f
IEDAYOO	0	1	ee624a198219847fb8ada25000701421338ad22c2844e418ce063087701fd55f
IEDAYP	8	1	9c3b10ecebebcacb9c5f9acdf5b84d8da05861ddf553ab3480490f6abf499569
IEDAYQ	8	1	fd2ef0d028daa106e53248bc5aace1d01bbc48a8f4f99be0f829068780d85ca6
IEDAYQT	0	1	1f655691f40f45760f60aa27add011bb970f50afc560dfa810023d81b3538fdd
IEDAYS	8	1	48f784ea213099ada2ac4f65ec789dfa430624e256b474304a38a0b9b485283b
IEDAYT	8	1	317ce7fc513e242457efc7c958f85d68ca3bec2c4c79baf3ea51311381722d0f
IEDAYV	8	1	09218539d03ee585d487ddb91a3a08bd9303495213733387185590054a76ded2
IEDAYW	8	1	62f2545e8550e9d919146b934a3e0d9e1d92aa0d2d28c8aed62c54febd70cac3
IEDAYX	8	1	47ed72233d91b3bdfe8d33c763295a3668ad969a8d7b76c95428bac26e0c864b
IEDAYY	8	1	e150ecd47ba75ee45f7d49158b44544b038bc6ecdd978a10086c9800846671d4
IEDAYZ	8	1	864a102b52c69f20e3702265a3d80798a387891f401940b92361cbab5c86ab78
IEDAYZZ	8	1	3ee31e2528363d3f1c23614fb090be1c74941a7d5e51e2cf78921a422acd1515
IEDBITN	0	1	0cf9b655a9a85ef0342377edf7a3ad829f9cb70eb07b1d2df9085b60d3b9f90d
IEDBSM	8	1	2ac8f3fee81bad483e2934dff96c027e17c26f889a16a39af1c16db2c18ffc11
IEDCMIN	8	1	077d2ad2b88dc628c9e792811a54b671a8d9b82e1cf30d16c094efdf2a2cd085
IEDCMOUT	8	1	9822297c5c6f7497e63abf52b40f460e8e7dc1aac27f6345340ece80146f686e
IEDCSA	8	1	d80eb362ffc1228ca925defa8c0130e8ccfa0162e74e71fb89a559228f6681bb
IEDCSCIN	8	1	dc9eb0038a7e8613da629a17334940986fda2d545ec333d3867682172973321c
IEDDFOUT	8	1	49d3b9c65611958669b69698f6699520c933247626bc6e32ccbfd8c757a813af
IEDDVAS	8	1	b1002653f97f1b772dcebd4b230c9a8657d20f1dcf817824893af8faa74c8f35
IEDFSSTB	0	1	dadb4e47ef812cf81a11e2181c97809104718f8c5cbb0cf7d6e92478f8b7db51
IEDIAA	8	1	7b35dbc2768eec72f635121d6b1391e581f846cabf1f6ac4fb2fbf32b466dd09
IEDIAB	8	1	6545f45ccc21d61e319012ae20ed8019fb9c7d16effb00cfc59d9377eaec9a1f
IEDIAH	8	1	8f4e062f04abfbf4af4f1acdafe53554946cfbb7464ffa43bc807c1bbeb53090
IEDIAM	8	1	47318882d2c6fd0e72faa74fa9cc00f170ce2df4ad01a1431d07054238b01843
IEDIAP	8	1	16fbbdba1e4227c1719ed85dbc54a82d486343a58743bd1a9719d0294a4d118b
IEDIAQ	8	1	b5c893b3e8d3cbb24d381d0f42d23f2e2236d82763021fadad43e27bdb541610
IEDIAR	8	1	c3dcc3970a9de7e9b29a83eba79f8ea12a627e45ddb9c4e8a0aec51715e901ee
IEDIAS	8	1	0ab95bc3c25b3e56976a897102f17b2f96d7fd5b7297ea14a0fa86ac6738ca59
IEDIAU	0	1	49d0914e6e491539f544ea4135c1b5b9646dcc7dddf338cf552b391fdbf2ebec
IEDKHISC	8	1	8ac54332b3d7de033d26669b05cf9c69cf5a37c192540457d0305d6778b8f604
IEDLUS	8	1	052aa2985029240e70e1c3865791a2940bea45fb47389eee931a1b1b0053cdec
IEDMVBFR	8	1	7fa4d1e9722669963a66e7ab46fa4fa6dd4301a67ce12f1b2ba77e64a1f20c11
IEDN25	0	1	1943d4983f30cee42ee9077a216b149b35569611eab7978e1fb99b612172bee3
IEDNCU	8	1	630bcc457f5bfcba01ee446f5f2d329f9196bffae853ecb28cdc2465953de43a
IEDNCU2	8	1	d743b470703673262cf842388e5469e017b5016602b18ea5cfb2b38f0da95218
IEDNGD	8	1	a3b83a877053f0aa025dfca37251c16dcb660ffea2cacfd7c999eb9a039178fe
IEDNID	8	1	a62eb4610c7284110e62e16bd65477153abb20e65f259bf41db867ff127d076b
IEDNKA	8	1	b5dd6943d48901bf3b020947bcf95da0d46e8655a1eadfb1ab3a24b65abf5725
IEDNLT	8	1	7744255e85f0309f8323282fc37819a5d4e55e84c8ee06f81f607d0993216bb0
IEDNMG	0	1	83a09cd82061f69b04c66cca51b10064b7069efe676fd7d8182f4bbe90e59774
IEDNSL	8	1	dbe5fe35c1e5329815b9fb406528b6823a6dd3b97bea72a763337629703e31c1
IEDNTR	8	1	c30703e833bbdca6ba0551c27c93590e0181022acdb06c4bf8421149abc42af9
IEDOPTN	8	1	791e34a2716973090f8cd0f9a892cb7f57a10344d3774389355afa8a4206e7f7
IEDPCIN	8	1	f0f93fcad2501acaea3e9bd85cff6a4364debf2667f87965cc747b6c17961869
IEDPCOUT	8	1	d4a2228051a4b8f648857b541815d379ad83beae6286c16974ad78299063b0eb
IEDPMD	8	1	929ed9272a3540753e9d874d8a50e3024c0c093e8a658380526e63c5ad09e856
IEDQ10	0	1	a1b1c746834d2a942f6c4bfcee6d270ba551443d2eeb98aab2ad7f749d144e01
IEDQ11	0	1	65bb4fc0f898d8bee3fe00085835fab638ac4fd763483b5523d48a7d6e5708a3
IEDQ12	0	1	047f31f10e6aae138b062fab0acf01a3293dc6d8db2b2806cc7eceab404318e3
IEDQ13	0	1	17edc8ae42b89bdb784bba6560dd4e5e249a12ed1cf0de417e0b40d0ae10d234
IEDQ14	0	1	e53fad7e0ab524eda8ad19e7c8cf0f936a246799ba3298f576f4735109c55d99
IEDQ16	0	1	c06798c41e4ab1273fd682fba84b87140401829be5f38a1d95cb9e7a207dc1eb
IEDQ17	0	1	00d9920f537c6c4dbe45f96d2ff3d223f4747730aed26cd197105cea765d1f16
IEDQ18	0	1	000537bc510ccfae4947b99b5acdd4c4706724bb0ccb4f7d655dcab1dc5e56d7
IEDQ19	0	1	ffba65984dcf187d8a4b100e83a495d87e83aeac289e04ae65f9ef425ab0bbf8
IEDQ20	0	1	d6647833fcd0629b00957412a09eb3e55cdc2b1714aa94acaa6ecb8c7d2831f9
IEDQ21	0	1	9d0729933768378cb265b67303188843aac332a6d93d8b01d8d08a2a9db4c6f1
IEDQ22	0	1	f51d7205e3b48fdec23756b86ae6a926b966d9e0e068255406149a53a230927b
IEDQ23	0	1	6f755eba5f424d3fca2bfb936ac0aa2deaf075995bbf003fc15fd8cfb5eca48d
IEDQ24	0	1	6959eb023189c323d0ab38d7a2aa1eb1cb3559e496c87dbe6ffc13ba0303c8bf
IEDQ25	0	1	8523b023c63b19632c364cbafd26dc40775443279e076f60f3e68a0df4a1980e
IEDQ26	0	1	145b51f12a656af7b80eea711b000af52d9ad6c5e6c2f0235cb096e5ef397180
IEDQ27	0	1	68419243f1f05cd10c6479e0d901af04cdf5f0ed7b653848aac267f36b071047
IEDQ28	0	1	684e51668843f715b27a5bc74d05c85367072aa6f804b5b839d698ddbe879e08
IEDQA0	8	1	e8ff6b2d8c5dc2f9892da1fe77fecd9009c49d5cfd07e6be7a404d1c35ab201b
IEDQA1	8	1	b8547c28e80b6e11eadc9d6e9b0998a734798654750dd87a39b4c146de982006
IEDQA2	8	1	88e45a68a959c60572ce147f529d73a9b78da7a1cca11fb9e9d961190b247763
IEDQA3	8	1	0957fa7e70f821517886c9ff78a1b0a5d23793ca88da6269df309e4407aaa28b
IEDQA4	8	1	3020937a0fdeef3c8b3f186b0e7977cc1d2250e19fac2f288af5804772f7dff0
IEDQA5	8	1	141eed812b4d4cb35fcbc8f9101e8ce6f748453e15e426567804c44e7f594ef5
IEDQA6	8	1	2686f5596d64c7750181b5cd512ec7ab6c9febcd8a69c7eda758430c80a86605
IEDQA7	0	1	80da5a46b1732b1af3446e9ae1358b8f5f0a8fe50afd707bd75d3e020aa4d478
IEDQA8	8	1	c909ba0a7e5437f91c1b293595728f46121914168849e389132aefd3aebc4162
IEDQA9	0	1	436b931afdcfa67c30a6bfa743b8fcf9b0eaaf8a44eb6c9010f875eae9d45fd5
IEDQAA	8	1	006feb36e47f5e505ddd6a6d548fb30645ae2a0fe8e0071aa1740c2749b89776
IEDQAB	8	1	cb65e8377b9f24dd64e7e617ab2d6e0d4368e445e652b619820dbb2dcddc35d5
IEDQAC	8	1	a327a3320615e1b4b759883c43c054110abf49a488b81f7059ebe31765911e46
IEDQAD	8	1	a986515334be531c7db162be2295cb2fbad22589764e8a4ba7fe340b51a40af6
IEDQAE	8	1	9b7c2c2d7bd8c66bf28a6ba9f1685fd21c29df1a364bd1b2c3171dbf5c5bdd3a
IEDQAF	8	1	51d1e9d3cedc35c3da2c2bf34c161f7e7092da8609802063a8e9e1ce46fc4cc2
IEDQAG	8	1	5be3386847b68ef59534be222ad539ba9199b6ab08ef79f10283ac2240007e98
IEDQAH	8	1	0c7afa9425681842dedda26b8e3774df32d444b98851c7ee0793c9e56343fdd3
IEDQAI	8	1	239e9562ddc641c256e3a8573cb08e21ee276b3d8ddc8fadf04ad41563d86a30
IEDQAJ	8	1	e6362f2ededc3f26d253c1e6d1bd425a129fcef23dc306e768da395cec150be5
IEDQAK	8	1	b5456431df265e9705d0a6233325b33bd8c68f949a585554b9282b9ab39f3985
IEDQAL	8	1	8cfb01a49d520385da920dbd200046f089da97c072a41604e47fd64010604d51
IEDQAM	8	1	8ed42e57735b53bca9623348bdf7e74aeebbfc3717f6c989f2829ecd87847bc2
IEDQAN	8	1	78017a2d09ce0cf739af1fe0e30e0a6a05a5e3998008d081489e6a512bf7dbb3
IEDQAO	8	1	b723324b99fd04c68ddf3ad7b2e9688f680d924c0f74e944a3a83ece606c865e
IEDQAP	8	1	9616351b7a618133ee56527f1a2a7f9a0ed67c2f666ecf5b66d4213b89e9a681
IEDQAQ	8	1	6e784d9e8e9a275c9229a544e1ae05d5d774e6e5a19d3e8460b148302fe27afc
IEDQAR	8	1	2597d98ca2b7bff7b4016b755ac7edf300eae99aa753f7974eae439a987592db
IEDQAS	8	1	4fe0aca782d6bcfae218a7fdc90da0c61c31a2b70d1d062b4356c53bd268cd91
IEDQAT	8	1	105c6863034ec0b68b9d8925c56d4f1c38744c367ea998e65db9864275a324b9
IEDQATTN	8	1	5f2a5a2eca4ae7955ba4d5232c5cc80795ab6bd76aafe39497b07418dc7060fb
IEDQAU	8	1	254f18a9c9bb29134c8cbbb5448fa8574eca75c6f484e4235a2d89372562d119
IEDQAV	8	1	1d8dde6ccabdd68425760d7bd9470e72a3809d35d2a2d6fa1caed4ae7f7e18ca
IEDQAW	8	1	02cb4f0fb27e3385df59c509d72e42a6a1ec809034548d052f8f7bef86dff1f3
IEDQAX	8	1	5689616e3fb5f8bb6b51f4a0420dd87683bf0885ec165965503be65744a86f5d
IEDQAY	8	1	ca839a03fdb402a674960e8c58bf22df2f9f9f7327ce3de2e8d06b752297c567
IEDQAZ	8	1	ffcc7d93d485349a6bbf9ae111720513283a86ced509dbefdd9cc3a6399f3edc
IEDQB1	8	1	f2c46444c798504c518a97cd16df94405ad381d5b0356ca979a6cf9359d0d962
IEDQB2	8	1	2ac63ea5b48205b40a3267c8b30d1862371f0601030c284fd6f70e7e75917cd3
IEDQB3	8	1	aa40bc6002d6b7fd90b6e7b78150079de2331eaecdfc14c484d8705b2fea0d2e
IEDQB4	8	1	e672c702c36dae9627a166a3c12de18c8cb783d2b75453c3efe73bc5298feffd
IEDQB7	8	1	e187ec9e21f2ea47ea2fd0631e75bbd26787d161d6d42a7c9e81a56ca3f3da1a
IEDQBA	0	1	c0cc9289aed080475efe7fb4e9f2d02b60f34e6f54f1ec79d521c50e29b18b2b
IEDQBB	0	1	1c74ad4f347933e5153f2dcb7e69dbfc51d2aaf5bf680bf89b462d9bbe024793
IEDQBC	0	1	3b53c9a22b8d12fcc88317ede39fda116448ca08ef61dcfc2d7de3b32005f4ca
IEDQBD	8	1	bb48672c113160c9430c335902d71ebae974d42e6ffd1cad3848c1f4ccba354d
IEDQBE	8	1	72e98183889c47c0a6165c63454bb66e85f663d83fb6c35458884c684ad307d1
IEDQBF	8	1	ade07023255ce144242042ac5129a01e984cde3fbb5f5e9fd61a004520ef6a24
IEDQBG	8	1	9e96e7b8bf70093a190757a1fe358afde4e7007663ad3717e6565c1ab3ba047e
IEDQBH	8	1	a58ef5ae10df63c09a8872cdda5a8818dd8beb8e22b60f39c53073303e38be21
IEDQBI	8	1	f196f5b14c709ccb0c48c1186617abeaa9568fdf9d8d392d32dab80004bf6a45
IEDQBJ	8	1	d6645c223a9584cd6addb844b01df016b6117a45c1a8c6bdc291829ad184b6a9
IEDQBL	8	1	4c9b2f0ddcc509534439b770c0681021c56045fe33f64448c4c7acccefd3e696
IEDQBM	8	1	757ef0e306afc3eb1a1c3c51ebea9cd32321044e3b3f022ac55dfce249695a78
IEDQBN	8	1	dafe9934c7a89e97f208232fe5c82a6b8e42a6d9864f817bbedcec0dc0d5801f
IEDQBO	8	1	b70dd44e804afb274047586ccd525fe903fbe8fb0ea31ff219338a371ede6374
IEDQBP	8	1	6c92f67e0ebadf5b713f93b602057c4dae7aac48819e625530e26b8d9cf1cfc8
IEDQBQ	8	1	504ca83468bcc3ef3efcce1f336636f069db5a09f6ddab63af745093a2bb758b
IEDQBR	8	1	ef4546a6a3955ef0a25648b9f5b576891c8bcbd51390402c51de6f82b2c5bb35
IEDQBS	8	1	065c92b5497ee0b20946672cb378b041fbd5244f8f51b4d388c0e6aacd79b781
IEDQBT	8	1	1d6a71aa3798c5d395762be73defb7b4a3dafb8273444b1c136ebc2da1d1a138
IEDQBU	8	1	30ff822368f7ae7b1c2f2d33ec80e0c670e49b3cbf8455c94a4337a13501143b
IEDQBUFF	8	1	8fdd8b23dedd1782abedab36dd052651fbc68d18ddee1f651adcac08c146d3db
IEDQBV	8	1	315cecd7f7618904c6aff87bdc1280efeaa8efab48b5d45dbcf10ab01bd70658
IEDQBX	8	1	375a49e09254587b9ffa911cb8c1dcea6e443c7df85fbadbda69f942f7807f28
IEDQBY	8	1	2ff4bf7f3eee26fcb5b30d97bbcd7ced2695f0cf2ac9a3be936b8028f67361fa
IEDQBZ	8	1	5bb3ae91e6a37ef67fc051cda5d5ec74e4a62afede723f5d4a331224f1ab4750
IEDQCA	8	1	de6844cdda98e6775d948d665286193e9b10c0bbe282d4069178e70a33988766
IEDQDA	8	1	35dce25f82c00bddb77beb52970e3a87dc382576c189a9822cf033ee6b2e5f9b
IEDQE1	8	1	d2cf3630c1bc8e4350d836669ea31b0954cf5dd9c09aec5b4f46c80c42af9b22
IEDQE2	8	1	eb739a02baa254c3994a451d5ee247294f61b6044833433027feca5ed026b881
IEDQE3	8	1	f30d658ba13b5c387eefcb50684d8e2e64cab2fb25f0b1d4194384b1158fb2c3
IEDQE4	8	1	7885e848138f917e47146e80256389e9f3e053a7bd154ee619b7295bda02eb49
IEDQE6	8	1	f669078310fcebce9e214b9f720f989731463b84dc569991a9ff1a2d1a35fb0f
IEDQE8	8	1	b5e6fd27a8f3cece9d15447e4d7064bbe584505063eee5718636fd567aa1d74b
IEDQEB	8	1	7d7c6574e74a171a8b09325b09963861425934a74b4890885934c0d88e737e94
IEDQEC	8	1	745f4d25df10ebd1a2fcd78df1cb049adbbdb8608d1e17d7723fce99c1ff02f7
IEDQES	8	1	68a7d3c27cd83b1d79225c4f3425899a75ff2d1246d7d2e16cc1ce3cf7453879
IEDQET	8	1	b1c1a28ded9248edf54e17ba6dfdfcad6ccc911e8922488bd9bf2ca2af13e9b2
IEDQEU	8	1	d33ee947f96703488a3eb2ddbb6cbbc01ae232d5ed7c8e248976626505342645
IEDQEW	8	1	9beaed64e5ddb5e2cb41834c9b92e9a9bcffefc74cadb9525a9327617b69ae23
IEDQFA	8	1	987a6446111a896311e23726f1cd3c485ff80923eb90dd8b1f3c2d85d11f0701
IEDQFA1	8	1	3dc150ff360a055af570ace22c653f677bfd0e58a2f042ae27f0aac400a70a63
IEDQFA2	8	1	79747f0b64222057b73a4ca019d34587413988924a742faf4af65a9c3416dc2e
IEDQFE	0	1	cce00b28641ecd43d8bedfd46c52ac858134ec41ff8dcddfdaa4072de824db9a
IEDQFE10	8	1	9a97ae3e36435ae78363326786168b2fecac6fe2feba47ef96b298c604f4a650
IEDQFE20	8	1	6a0658b053f81bd0073977983bca1576977d150095de9a0577ae43860a7c7725
IEDQFE30	8	1	b48aeb379099378a32666c56c058a79e6dcf1e99f7f3560e22cfa7bc664187d4
IEDQFM	8	1	cc764b17b31405a9fd7acc6d4b77513fdc94cac45f51b5b99cdeadabed981c6d
IEDQFSC	8	1	6910e8f67a05ea27a62f349a076168efcd10386c2e19de6d690dde3a5b5ccf9d
IEDQFW	8	1	238f8567348487294f169ac0d417f5579a678d430abc275bbb2ebc2fd0fdab13
IEDQGA	8	1	9d15cd7583ddb88d5be6a22a68bfb30702ad3db10606714ff87e3312ce42a089
IEDQGH	8	1	56141ff56945f5391b9d9fcc2b06f447413fc7505a115962542712bfab6ab0ab
IEDQGP	8	1	e29e0b585e00c494250347a8f875e3f2526d84a06d7dfbbcedb73d10cc94b20b
IEDQGQ	8	1	6e046d02ac7ef9cd5b4b7d9e8474e58130fcb2cc26feaa991da0cf6773b7919f
IEDQGR	8	1	dc6303e36196b805650cbc7fe8e10f12e960b5dbf4d470583275fb92f0da91d3
IEDQGT	8	1	3e74eb1e2fa627d82a70e52058ca966ec4b5edea9ea6cf7ab9fa194610055036
IEDQHG	8	1	582478b57f8412068dee99f0af32f1346d15be7b83d6b3f48d3a88fb611c53c7
IEDQHI	8	1	b91478941e2cc8cee3281103d0da6a801f9e625994758b0d46e76c0ce9284c28
IEDQHK	8	1	336f986336258dcd4f01fc0f43a69b7ab24ed64fdf38ffd28272f6239f82e35d
IEDQHM	8	1	56ff9ab7207ccc788c6a41987ff81a2038e87e26429a8a4fed1ddd86d24234df
IEDQHM1	8	1	0b08350e423c046262edb68c5c80dbd5a4a280efb65c397217314c24fe42f359
IEDQHM2	8	1	83a2f4604fdc66a4803c34c5ede2b438803b710caca554b8ea52a19efe63198b
IEDQIN	8	1	65a54cf1802ba9a3e177d21df3e01f5ab6e4dad5109ba5d8c7b68c2aa389dfd6
IEDQKA	8	1	168ee0b947d127ef41c73fc7ea61082d56eaf0940547a2a7553c63ba07fe8b29
IEDQKB	8	1	16d0256c9b85078c17afe39b6941edc84cac425ac2d474248d606bbf4f9d0f64
IEDQKC	8	1	506c0246f5909c572eb153f61e33d2127a3c8b98133b0cd4d2c8e0f2361d6a13
IEDQKD	8	1	11f78eb522ac38992b71ad0aad058410d4691b977b1ac4b4005f2712c2ff9975
IEDQKE	8	1	7f9714c52aed4c16902a59504734674b5c5f8f1ea69a841374e0f0730514c075
IEDQNA	0	1	cb7bb22e8210672d42f118f987d86acf643b89569d528577fc4bf13d9e0587f0
IEDQNA2	8	1	b7773142a2548e3d9c02e58dcbd99512dc8cc6f2fef03989d99f214cdee051e3
IEDQNB	8	1	c461a0ea226a7636bc3fbe35092adff9234ee1f0c7ebf69e44e9d3a3170faf7e
IEDQND	8	1	a06ff222dbb616b646ffbd070c4bab208de75c5650b053775eaed2ad386bd531
IEDQNF	8	1	2daa88ea40c4a5ddbf485d232c380928f45a95aae35820a6b0c865270be22d84
IEDQNG	0	1	b0113f5acb426088751c0d1de593377fd07b407efa0c6c11daed1af68e6645d7
IEDQNH	0	1	ec4159dd191e8c9a944316ecc5ecb69292913a1c609b27c124bcb3cdbb329fe5
IEDQNJ	8	1	c9752f61e527a8bba6563a83cf02d34778c688df21657b8afef7dd16e0c83abb
IEDQNK	8	1	b3878e3050c646bcced998d7fe2cc038e0b0ccca26a2e973d63518367de1b344
IEDQNM	8	1	c274d081127571381144862369c78396ea06434861ba4733eee05e52edc9b183
IEDQNO	8	1	8717f1ab6d358f694eb3965f9844686ec44530409461a0ffccfa4c8fce1ac9bb
IEDQNP	0	1	3f97a8eccdf72b097bf95f047c42c5af3f070d328b5160cee28bbf40f9f421bd
IEDQNQ	8	1	e60d6e0177409156bad74022ef6a39ed2eb476af3c1055fe4a700c80254eb6a3
IEDQNR	0	1	36d1c62b595c9d57afc4d305475c3e650c5e04e0fb10226db0d749f138d8a608
IEDQNS	8	1	f9b4fa8cfa15feca2d6f59f3e04bc389bfc730f05efde9837c4861beee38a902
IEDQNT	8	1	0ace5c4c09ede965690ddfa0b28310227a0ee30c37d129bd8103b5049a7e9cae
IEDQNU	8	1	e7a0b574196f4293764c32c285c92f361c16d6e3190d2d18130970beb6aa2006
IEDQNV	8	1	42f0af7be0fb30b87be8bb2b59a51bb902793b160db1ed065da9fa142456c7fc
IEDQNW	8	1	8647396500cab326903935c96467c9c60b3ae9ae3090c2161ba35cd2b4e9be77
IEDQNX	8	1	1d910baf99156561a55a70f51fdfa7dc39b85030c49369103d1d8d8282277be8
IEDQOA	8	1	34f1a9cd0512519537b2d8383a0e0a06b56b3ddff598fbef70a26e9118faef46
IEDQOB	8	1	6e2d563a34e82ec2b65ce8c9ca4f852a94000e1ecf7ca72f3d5323217e332d12
IEDQOT01	8	1	82d848ce0e0c2c5b702909cfd4d3661b253fbf4692fd7af9b0fc5eb8f58604d4
IEDQRS	8	1	ccd07357e408ffd3e8e475176f557fe7a752e50a3d57681a664ebf0476416745
IEDQSBT	8	1	7d3a98f9eab4fc4c4e8be82572260be26e25c76f456b08735cbbce0e677c8555
IEDQTL	8	1	e88f5e87ea4f316d6645763f2ce7060a64d3f13db16d16ede61cc1150efe28fd
IEDQUI	8	1	8678da79867a48c51d6cf547666b9e35587dd31f55b9b966d615fb235233e02a
IEDQW25	8	1	7adfd0b143258b334163b607998855664bd9f99e568534b1edc689c32b62416a
IEDQW33	8	1	0315b146af2f31823fcadaeb5a39188717fe5be0464de6557c3aaf03cc87e521
IEDQW42	8	1	08dd34973895b2b22e6e85d0bcc9dad5cc68a4d5e7706d817cf980ddb7538f58
IEDQW44	8	1	14dcd2ecf2f0799d7429bcfacc84af82871b0b52d6d3496666864c545712c325
IEDQW47	8	1	af89630fe2195350f7d33581cba8e4df82de33cbf39261c26db648c89d0cb5bb
IEDQWA	8	1	e232143187537900d730a79da8a4e6c03edffcff5a5ee9d76152fb4becad5365
IEDQWA1	8	1	a968a7edf82ae1619ec62f6c488d0a070639b5034095e8cc196fbf8051ea1b4a
IEDQWAA	8	1	88bc8f5c6b6744ae7c04c424de6cc85897b053277eec397b15baa6e6da1c8679
IEDQWAB	8	1	75ac95e0de4bffd0947b14a905eb9840a04ab2eedd411abbeff32cd9f61b130f
IEDQWAC	8	1	de8f38ddf1123e20fa38eb15191628ceac0f1dc8f40335d806603e7b677c7a97
IEDQWAJ	8	1	f134d5ae5a547f0826c30b1639b28d41f1f5487929d73a48db504919d5c1c0d8
IEDQWB	8	1	5eec4d4a4dc5e9adf67b97552f3d9ed8fe03331a0e38d12ca76b12e4ab12c6e8
IEDQWB1	8	1	fe601bfb698721b39e704009a5d01bd34ad016b0ea6142108916944438602278
IEDQWB2	8	1	9bec4d6eee24ccb4c166732eabf33a9cf8943ac0f530466e25d9fd7ebc86247c
IEDQWC	8	1	6d0a6c20503e834e26e91b818843a54c1aee48ead3cca5399aa773fa18d31ef1
IEDQWC1	8	1	c04a1a33e466a6f3b66a74c6a5aff12d57bb6473772530f6ef3dfa00fe4dea3d
IEDQWC2	8	1	ec2ee4c85ac709d4ac7f4e2b0a8813e8e08735d70081bd7e824943ec1cd26556
IEDQWD	8	1	da78897ab9daade6623213b54023767c77e009b2590f5848efae37413a4c1b09
IEDQWE	8	1	a1053481df77d04d0304db08509efea99d6999b994b0565015705df23a843b40
IEDQWE2	8	1	59b397977f762cdbf65eb8111b227b707e8c03cd2a2497814780db1e3ad3b0a6
IEDQWEC	8	1	afef9dcaac3eab1bc5cfd0da01d7ace2dc51385893a72b644382bd51dd1d50e5
IEDQWF	8	1	1c02b392c57beb24880a4ae78f6cf8a0da699e50b0d53623d10bed9113ef7c0d
IEDQWF1	8	1	cbc577b2ee0e6fed738fafeefacb06c264647b8f115e5f541927593823c601d8
IEDQWH	8	1	6847687effac13aada6afa96d2170ca3d00fb9c80207a694915bfa77480109fd
IEDQWI	8	1	de7cde6dc7fa55729e43e93747e5fd9cf3b270afc5d3bb43ec68ec29fdbbe4fc
IEDQWI5U	8	1	5eed5d2c02cc85720e6bfe1467a935bbf4d808bc53bb5993e7a0cf0844fe3e3e
IEDQWI7	8	1	b7ad7c9fbbb21868afd427132353ae42ee8b2532fe7784ab658da76997550a36
IEDQWI8	8	1	6ce32ad861bbf9908d0e3e9a192c6875e1de0ca80c1d65cc2d098649cf0c609d
IEDQWI9	8	1	e7b85f2e746b6619116984b3760244bdf22e2b05bfcf5e6fe46c1e0958b17c9b
IEDQWIA	8	1	8f8240e7b0c589e459423797fcc94f91cafd3e97e2189f7f6878ded3abdb2ad8
IEDQWID	8	1	46f2a0d9c4d5b29a471b009ada8e2246f751d47d7b2933ec6a3fcaded23ae5ce
IEDQWIE	8	1	21fe6977e49d71e7504d5207d2799f5c680201e112810658d2f83f0aa80bbd90
IEDQWJ	8	1	bd87df866b7b1983189a0fc725f384f3ee406c600feb490016df62028ce29403
IEDQWJ1	8	1	2ed3af89eb16e12625a4e44d267f7d4fbdf31a07dfc8fc1edfda1bc0cd7fdcb2
IEDQWJ2	8	1	57bef2101844a9db27bfb531de4ab892533ba9b7ad9dd941275908648bd8658d
IEDQWK	8	1	53f7d7f7a75e85417a18a41f01aae875f3136c3eebeabccea34fe37ce75e8726
IEDQWL	8	1	51ace6e9aeb187bb32ee44386cb95b240b435c8fe71f3647a2df15a7e52fbe2e
IEDQWL1	8	1	2f3ba2965cbd4307f0ff8431f52f7fc505a8c8c0c73b403789850db68384aea4
IEDQWL2	8	1	cf29da9451b076d5192a4ebc085076b060b4b6dbe5d21e2cffd28316c9cf6d32
IEDQWL3	8	1	45aa06b322f71c1db5a9ba49779b485639c2dcdcb4414bc0b290cabec724f527
IEDQWM2	8	1	3563ce86ef4c26efe926fa36f5ecc374d3d8fa3c39438355f88e8c520c316bd9
IEDQWN	8	1	f583d65de861a3b3c4ed9dbfa0e205becbb24b9495bdbc0d878d432aa2543188
IEDQWO	8	1	1d139a2f4bde7c998a62c52787088524cf797592dbd305ffe261e99000cffaeb
IEDQWP	8	1	875d51130f4edc1e4456d694adea67fc70fb8dc706807c653197f29dbfc336c3
IEDQWP1	8	1	16dc833ba56e5e9b2e2bd8bc09e92fc1be2297c7231ce6607c1c9d874dbdaf12
IEDQWP2	8	1	39809660e9e4b50cb72552b9c275ef2ce68c15f38994ce0a9da1b687459f8a5c
IEDQWQ	8	1	499eb3c145990041e3435a84ea8daf56102ca68b614b2be627b2a923c9c8680d
IEDQWR	8	1	fe478a5006b2c4998d0430c2e51cd5371b6020e5ad60568d47d6fd008a420668
IEDQWS	8	1	79fab61b2453d092d2d3a206fcbd1b77ad4616ee5e1289edf4bc489ee50f617d
IEDQWX	8	1	6d29b416b158bd77fb1c1af20eff6838c30625027fac9ad2e08daa0423506bd7
IEDQWY	8	1	170a2d584b8982f8d5d62f98fbf82bc9e9ad2fd04dbe5314ef8401bac0a8cb59
IEDQXA	8	1	ada0a543f4d803443b563857942e0c87cc0e92bd90fe88bc024b64e31c50d821
IEDQXB	8	1	14b668a10dcae76f1ac51e327e8116be8532133b8ac19f6a3ed1819f55b9a183
IEDQXC	8	1	a718ebd6083363e4c79a671f3371a1ee26f007671494ad6321d75d756d579615
IEDRQIN	8	1	1e06c93314fc8b41a0975e4ac8d48ff249ccfcd5c1aa2314cbc24e02bea5dcc3
IEDRSPIN	8	1	75e79a0896303ebad795e9034487c60eb475ffd531a82c922bf478ecab30e768
IEDSAC	8	1	12c0b338d33468e127076aa78e85d0a55af3b5f8d8d8cbbaf81eaeebf55fbda4
IEDSAI	8	1	3d2fd3fa79b814e49a75bb3b345c4c989a5553307ae7e1b5f0108064eec0b931
IEDSAO	8	1	4c41d7c24d51cae6777fddaf3eb3f8d076ccc7fa99c98cd17b11e82087528358
IEDSARI	8	1	61854b3ea2ec082213efdced266975c7b9843bbaf19524bdcf8677dbe2fe9a64
IEDSCLU	8	1	34f0ad49de040dd9d7312d64b20b47ccf25146a2ab4af372655453ea0873be80
IEDSCPDS	8	1	97f239e70cb3b285eac9b64070724442fe07d2915d3433c81c3d99a47f22cd10
IEDSCPRP	8	1	576d9e4c6bedc917e4a273120f0cc080fc3421ae93686838c0a758f104fa23f9
IEDSCPRQ	8	1	355802086437ce67bd08ca441bda7d0d0760caba33d4cc97eb967f085b7b5a07
IEDSCPSS	8	1	8cc736323e244f53a45891a39b34964115013a2580c5479da1c7e1c5e05eaacc
IEDSNS	8	1	4742f3f34e1e8537695e91a7656e7ebfdb8132d3343a1771f30386e3d726940e
IEDTEDIT	0	1	26692703e25ed32c875abce37bdd7a10731613c6fca1cf79190a7b79965b4dd5
IEDUNBND	8	1	82b21cbd2239ef426214616bd13675b1d087e4834d8d67c66b272b3796ab9a06
IEDUSSTB	0	1	e0363643f97e0539796a5a9c1ec3d4cbf0cdfcf33f429fd8a427381c649f07e5
IEDXFMI	8	1	ed46a0bb6ceea02718ace6e6e161cf0091d0f9dc6c6db87c2f82c9a7425d8850
IEDXFMO	8	1	1043f186a3d84ad9c7938a0039ecb5d35c60cb755bae10273f5f2cd516b5d867
IEDXTREQ	8	1	3cffa64f0b02b907e288a6b2cbfb0da95ddbb49d1cfe29306b6964284b455acf
IEE0003D	0	1	6b7e3b8b1367e1ab121838dae790f8e0d648aba3ee247ccd2f2a572fe85fa2b7
IEE00110	0	1	9619bb16f1f909b9e59c0ed6c6d11f42e961329afd042d8d33652fe6e0da3909
IEE0303D	0	1	1bcbbf5e3a511e709ffa06850e910cf9494e8236dff9d942343ec2cb36e23d7c
IEE0403D	0	1	1ff9ee2325f2401eb5c58ad45d533bd7a406d88ba88fdadd5615c185297b3cf1
IEE0503D	0	1	69572938a3beeeed405675bf4db75391f0b3ae8a3c358680b6db9be9256e8cd6
IEE0603D	0	1	b3bd7b2b179c1fa1231cb08f8eba3fcf4bfcf108d23f6763729b2672a5c38ae5
IEE0703D	0	1	f24376afbaef84f686e6417a685b5fd4d1b8e01c95dffd03a9af139b0c7f7a3c
IEE0803D	0	1	b52fa993129aa2ac97eb56f073f8c1001d1d9de78ec9f231dce468d96ff0349c
IEE10110	0	1	2694dd8ce2aae853b72cafc29eea9c72bd1dfaccc5beb2e26c5498d017dd4642
IEE11110	0	1	6ee9e1b62f8844a6a8eea7f5fab79317acf9a10c1da13634409ccdecf711a790
IEE12110	0	1	20013db3ea68be9114357a4badb1b60901e9b3e4aae1ba84f804de38c6c26698
IEE1403D	0	1	387766843bdbca039babdc4de482ac5f780763b9134c65967eef46a07923fc33
IEE1603D	0	1	b8f359b030dc363a843fc22ae6ebcbb9b3513387aa0ceda2350579e8932a466c
IEE20110	0	1	04d7b4f8c2d56bb0cb0328658e46f1e94d52cc7fa981233ec271c0f56c686d3b
IEE21110	0	1	b7c9b4b4e6f426d1f8314120c7678d4f7e3f93baaa8745747d4b5a5e52549e12
IEE22110	0	1	3db037d10dda922e2375fd42238b3f48853811f44f6d82886183cee51e333dd8
IEE2303D	0	1	119b565b31faed92606a67a130bc4f3605c7d717266657d50ad26bb15df5ca24
IEE23110	0	1	8b657eb044ec5efae38840a81569f263b2369f0ff32649a2aaf829310780361d
IEE2903D	0	1	d2f5a87cd05d59702da8982e7342f0834726f0b4a250e1eda0e727b89d86c9cd
IEE3103D	0	1	d88578ad68451dc24763945fd6d1eb98e6b1eda36a9fabd6a06bc461a0cab326
IEE3203D	0	1	7292276d9be13d6764b65aa47b89ac62e08cb457a254bf818ad4175998f0aec0
IEE3303D	0	1	59da2f7847743e0231a08f2e0f6bdfb28ccb343d036502718e66d6edf4c60b41
IEE3503D	0	1	67cda306aff1efff976a6dd9001a38d9e406c222d9407978a0abd763f86cabca
IEE3603D	0	1	e0ec0e419999fdba7543c655e3cb593d72426e80677935df636d68d617737e6f
IEE3703D	0	1	e55afb90bec3e69fc5f9c62d6a878d65bcdf10a3ed7e72c5fcc2bfb2a5a01a6d
IEE40110	0	1	7aacd8f89f34ef58284e6946253e368a91014173aa5b53f48fd9ba21949a0c62
IEE4103D	0	1	6327f533fde8cdbc3cf5f6777cd6934903eeb8eab3a18b0152477883d3fb3ce0
IEE4203D	0	1	c0d6e7b3185b879d9b613eda08ca96a9db13c69786c05eb0cff3a0300c6ba663
IEE4303D	0	1	4860b2693e69998ead87a1825808be0572da5575636ced74defd39ff0541affc
IEE4403D	0	1	2cfd4023c1f85ba7b1f08c93ed842e2303cdf78afafd8a64841ea025563c9097
IEE4603D	0	1	086e559a9aaf709afc9d7d421677dda010ab43137624347e9a6e96adf65b3df1
IEE4703D	0	1	2956dd598d38bd41f7ed403dd75ea465b9d468ad118d6d08ca4db9d0f7f2333b
IEE4803D	0	1	9dd382cdef14ca9a7c3a7fde6afe32ed401ce85ea5f3e205888a2d5040233fbc
IEE4903D	0	1	209e62b8c5be10a875df68e638ee564f6bbc2f11460f6131b9c37927e79eca26
IEE5103D	0	1	fb92da8ae267617b62ba6c118fa20eb0b6f65ba193a662f3795834a55646f78f
IEE5403D	0	1	b8c541b27c98862bbb0b8374f7c5f7c63400bcb15ea927e43581e1f06251fb8c
IEE5503D	0	1	986cd43cc956fe94adbea218f0eeb71892c32975f82588549b394eef07427e3d
IEE5603D	0	1	5b68244d87dd1f76cb9b169f17720f54b858b534eeadf5da90a803af2294d763
IEE5703D	0	1	9f84947f39aa28764c12427ea842e73142a010a373baa0862faaf978e66f657a
IEE5903D	0	1	e11218324457197c828b2bbc806249e7031830ab771da3171dbbdee204ec8c7a
IEE6303D	0	1	76babb524c28fa560c27d461d942741378533ffe101aa6d0cc9265f9d5db9d50
IEE6403D	0	1	b1d55557135424deeed703dcbea112b280fccf9d09a90c8a09adfff2f799a418
IEE6503D	0	1	01eda62062da12e1b2bdf4f15454b14a14b44012a093bf6dd0da0c5df85da9cf
IEE6603D	0	1	220dd70c73dba983e0ba0256bcdc22554f6e50f6cb15f21d8c9cb9fa3e7b8472
IEE6703D	0	1	1a2b1f28a62e91af3421699ee37956fdb1cb0a4363ee5ab4ad9195364644b44b
IEE6803D	0	1	be92431a704f97a8e4ba56fc36ce5a9d6698659157b6e1d571c44b2fe5f40a11
IEE6903D	0	1	47534fa922c73b3ce51614abe907288e51c712910b9ae04e010e7ce3eabe20a8
IEE70110	0	1	207f24630aee97885263e7d4922d7a2fb14d906a9106ec9a8e971b3bd01d283f
IEE7103D	0	1	919f576ad4a1f2638b95e156113d7ce5580e43b7e304511897dce869e3ebf135
IEE7203D	0	1	bcb6c4652e512c406e8a7572cf85f0b6b78e4ac784e5e3051636c4c88a616f0d
IEE7303D	0	1	3f845b2dc460b96750a995e2efeb14aaffe6734bab4971171cb1a0b05dda1fdf
IEE7503D	0	1	be8c9c647c5cca66d6560c0848b485c78c9be5ebaf2e99e640b1082bb4836905
IEE7703D	0	1	937b932f8550ccb46e8beabdc65d2725079bcc0cc8fd0c95b85ca93e37e38de9
IEE7803D	0	1	31a771545bf902b49c5c19343c1eee2bd3c5acc8d3144278ed3046087226ccea
IEE8603D	0	1	e062f5d035a67da058c259c495b15b82c11d2fed5c016a8348270219d75e7d10
IEE8B03D	0	1	464afb3c906605b9f0821abb6ecba46e2403b13fa2e1d854915296a9c9c74baf
IEE90110	0	1	6c6eb931a05998f6888ba0e7bf71e9fabe37a700447f42267f2644a7da01d45d
IEE9403D	0	1	60731cbd7c7e3ed8b3d1c845395ab44b9981f7e808b366152329ecbe47d75e57
IEEAB400	0	1	dcbeab3eb09207b74707b1bfb1e5683117b20db104b87e76a8fbc7e62d5540ee
IEEAB401	0	1	5c24b9248269a1acbb571607d78b4e01f90accfb9f3ed175317332fc7aa86ba4
IEEBASEC	0	1	53da51116ae6b2ccf3155c2513cbd7e443c0b31934de1141265b42b8a8dfe585
IEEC2740	0	1	50602d0ead5bd867ebe284143d3d1807a0eeba8e688aab887bc8fb9c90640239
IEECB800	0	1	7553f8681dd47df2985921a39dade6737933d098c1eba2ed7054400930cfed75
IEECB801	0	1	04c16d157386f270019afb30cb69307ea7720ceaffd563fde95842052185295d
IEECB806	0	1	8635a35a22d399ec4eadee35e47c2ddca774f2c8b722bcdb7feaff1fe61c7f82
IEECB860	0	1	383859af76c3839b19a4c9d4e461425efe13132f3e4775de6d2de773994ac8ad
IEECB866	0	1	c730f7f01a0302c516d75de50be0cefd26f3409d76a102a7cdc3109a277fb137
IEECB900	0	1	08039fe4cbb9997b87d5e2db1c4660612e75f99c80d1c51e5dfbd1140f3d2717
IEECB901	0	1	871592a0ef250b5d836b15ac57fb44d77b3b08f414f1b49df726b00aafa710d8
IEECB904	0	1	64a50d4d3d8ad2b4e47126d91d903a04858c96bfc7e3799502c130cb0dc04824
IEECB905	0	1	a1374e289dcf7e94828bfd1c830a372850a4fa154d03da9af57559257992c9fd
IEECB906	0	1	12c49b5e7f4751f6229eb7c333d04173de7edd7443e574fa2821f57e166dcf71
IEECB907	0	1	a9a740e196087b82fb465ace4144435e13e62fad31fea76546fbdb464d819f26
IEECB908	0	1	43df8492fe68963a7095e412e5e35393996498a56e8b23e5059fada5341ed794
IEECB909	0	1	ebe71292081f4a784e66c60e477a9844227b8bc6dd0c7d7389798be24496cccd
IEECB910	0	1	aedf6185a57964dc4a328333e82580d1329b9a010ed5d35cc8262f043888eeec
IEECB911	0	1	de56ec59efc1fea7d43c90b4646afe6663d02c27b8c4e88b4fb1096a52b06c74
IEECB912	0	1	556c5edf261d48cb09dc159cf1b5b9e1a0ef0aea8d6ecc26995c4ede04bf910d
IEECB914	4	1	a5b5c08473c47a6f598f2ae6b82fbd1da6ebcc19d9f53dfda148aa1d07824b1a
IEECB915	0	1	8c92d4caf1c0a29bcd6ca3068709fcc178b8d432a95e7c7dcc4b945d71e82506
IEECLEAN	0	1	999254cca8e7f2b571f4a763764075591c471c19c2aa24b7ff463e4c01021029
IEECVET1	8	1	a95b287fe76d74cd286fd5c284bd73fc41ab6903203956be8b7aa2b86b53caeb
IEECVET2	0	1	4cb010f2d420385f8cd2815729f84f5248f6eff8312c6289a45c5929954dcf75
IEECVET3	0	1	0d96af7962c8f9a1f4128d7ec86a7c3fff3bac696ac926ec00cc24956eadfc8c
IEECVET4	0	1	13f2c18f8885c65c2e8c6beb13a3f71d782cb14a4be253eb8dd1321daa8a82e5
IEECVET6	0	1	37c7cac6d767bae258f9ef8a49743469e04ec3446a7538ff44b95b4f1a452d28
IEECVET7	0	1	dc8ea20f160aa90e44cc4ee7693d5a46a926f77805cc06e512d9c54ea72c0460
IEECVET8	0	1	affd6ffeb77016fc4f41e506d6c4bf2ba26fc2e344ac211cea1824de3f1fc6e5
IEECVET9	0	1	c59f489015c90eae329990ef7377d6055c5364005befe1c08b4abc55b67f25d8
IEECVETA	0	1	e007e31ab9da2cf17809550630ce758f455123d0272053365f4bdd6e4bbfab7a
IEECVETC	8	1	a8658067e5f7e775215fca2a338ea190996593a13f4796310f429d74f1c0c441
IEECVETD	0	1	f9be0ba669417e62822a8f98e99ba0452f9f970004e29692f0843eaca2da9641
IEECVETE	0	1	0b69033ca1f4d89dce408aaab029481d0fe2a7aaa89728ffb58dba1128449cfc
IEECVETF	0	1	03c273e3d281055d1852f58f277cf547debfb0c9fa6d9f2d1937b57960bbf26b
IEECVETG	8	1	b30c7339721b916936cba8728568d0a19826a0305005c8e77d7a147631dbe77a
IEECVETH	0	1	337e99d56b85ba85cdc0f57959976757415e5acf5443d6e12175cf8fa613bb32
IEECVETJ	0	1	392e703b20f06d701a1f0ce3dc349f81ac230f3b1ab5b31227ed24f510fa5512
IEECVETK	0	1	ea0e2310a6ce2de1b2ffc0ed4921b510664132ab12a7b445bbe9df1743febd1d
IEECVETP	0	1	9130147ec45b56009350753b585abbbf7ad4345086608fed47e271aa3c4229a2
IEECVETQ	0	1	00b8211d148a554049a8f189c698e0e3728cfccc732d5ef9c4cb715e60ba0c61
IEECVETR	0	1	2247e01bfeb73b2b670f555467e3e271314977509dad266de1c2000655c4a238
IEECVETU	0	1	ca56e7e9e7a3754d450b4d59e64dae7fa127a55835478fd9923d485db7382cae
IEECVETV	0	1	53c32b056a9a94ca8143b3457d780f2e9e1e12483912ddbe1823681939a5608d
IEECVETW	0	1	1feafda6566a12976700826b9a32b66936c36510688d0d6f7ff1a239d9348e02
IEECVFT1	0	1	615a0858a0e3d36c1235e77095dbfee07a41c135cd2dce16ed68d12d57c6a452
IEECVFT2	0	1	6ef7be0b761f7c99fca21a3ca9f9efc88699381f2cace064b9c1b54fa551f64e
IEECVFTA	0	1	9359254e4e0bd55890a8e9a79add4763d1465bf7719047cbac5ed3db69f39f9c
IEECVFTB	0	1	32a8aa82eeb785a3b4b1951ae00c6badd17acf8d8d8bb845768d113841e0251c
IEECVFTD	0	1	102bdfcb2e96c3fa53cf696c21702bd46150014950b2305d98f7a6838606a59e
IEECVFTG	0	1	0410018c03db103016f981c33ce02f10dd12c4605f0fd057656c41e55285a9d3
IEECVFTL	0	1	add78174bbc4592d871ac77562518d1458034cb001bbfe6f2b46c18ace3245a4
IEECVFTM	8	1	5b385e91aefaa191b8d22476530b7dda9fcda5cd610911efb3671e1e1a527e40
IEECVFTN	0	1	95efb7aa904ac2bfbec4c80406bb6894a01a541702a930e39614944e10904f93
IEECVFTO	8	1	d1b427baf97596c802d894492dd3db80dc272237384f1a447d32237ed3b4ba21
IEECVFTP	0	1	f5aa9cdf4af410e620abd2b5ecf5cad2ab674ee8998e342ec20d8bab40518c1a
IEECVFTQ	8	1	40b75da7c26851688614e845a826f6629dd0bb4957ea5b6b13b8592bf8de36d0
IEECVFTR	0	1	f5daf5e5a31b8149000d3934098e29a67a236165ea82e26bd1d8e1276ab080d1
IEECVFTT	0	1	51aa1fbb7c1f30f91bfeb93619774458bf9742c92b878714cba9ed0d9bde67ca
IEECVGCI	0	1	da606f2c16f5b5d2e0b2bfe52056df1b64457c4575ac434bc090d71528d1a1c8
IEECVXIT	0	1	3edcd84fb87fa9bf7a31676587835f753ce018321068a44336a6540c5534663e
IEEDISPD	0	1	43da4ff31742f172530cd3f8751acce164cd2925525d562efc849af5fa024f6f
IEEMB803	0	1	35c348e41c4fec5de643af22b8a3ecccb3fd05e9de393c14384ff7d75b5e5a0b
IEEMB804	0	1	f99a80e48e8b56613099adb3a2555963948a5d82618398ca51be7aa14a3aa3e6
IEEMB805	0	1	1ff40ab495a35d18e762d773e4fd8444150059c80f042be819230af6b6ca445e
IEEMB806	0	1	eed12ed4a92f8924f96636c74dfec61cccc0138b22fe65755de2c26afc594c94
IEEMB807	0	1	cbd0c6ecc50569dd0bd815af4c939e4ff031c4e7649da2128c02a1339185f695
IEEMB808	0	1	dc1a3d0e0fc15d86868adc15e190592441e4e2bdff70d943ff3f8f1cbd678959
IEEMB809	0	1	4e2ede4173123bf4e958d7de82fe619eb22813dec9c7a3d98f8fedfa7b54d104
IEEMB810	0	1	7ce94ddefcc30fee951cc558997da7af55589bf2e453327d0fc031d2ab99abb4
IEEMB811	0	1	801ec7e07724dd7acdcf8f103c0411f390c614add5960a86d68739153b8c4adc
IEEMB812	0	1	a6a469cb43f42e2eb50a981e494301e9a799ce3d9616e5066d3d63621096002e
IEEMB813	0	1	499000927d998ea4a03bfb2f91b296494bbf77216747be98dd6903d53a84dfee
IEEMB814	0	1	9fb490a0ec392c1d61bb5620449cc3bd627ab28ca8afe38f3636a71bce3f4001
IEEMB815	0	1	62043d51a632e2b85169c5c05ba9062115ef9cb4543580c72ad9b4e11d3f8256
IEEMB816	0	1	5fccd46f1a40df1b755df41770c267b7d20c002d0816705d87004c3e43f5a462
IEEMB820	0	1	c34ffd7368da71a683fa68f74ad38b3b19bf7dc0be83f35a304d3c3964118418
IEEMB821	0	1	963fcd272f4d141a0e4dd503726f1c629f3fd23a4d2a7471c95184809ab2b040
IEEMB822	0	1	530f8de5572079d44c66b217d40941b84be6ae2b1efb13e1169cb84ddebf9ed0
IEEMB823	0	1	478e0e3b3a36262bf79d8e32bfc5eca710b603497ca14ef31b81fe71c4bbe1e6
IEEMB824	0	1	628a519699107fc4f904f90c770a0edae194b55cda8bd0cf9098e6e687740dd6
IEEMB825	0	1	561e2d1c2335a2a0e5fc23e5629ba5cd2480de92fd13ba7e9b6dd46d0e196492
IEEMB826	0	1	14e851069e1960a9a45f75bc6451be4e8825ce68cc26733365bf3eee0dbb6b23
IEEMB827	0	1	bdae8004839eff568bc1ffe55f4439dca0c6161846cdcac59f2f7da2efbd8ace
IEEMB828	0	1	355768cdd95d7ecc4e0690b8952cc29bedcb66a1bb91290e50222bb83e073586
IEEMB829	0	1	3e2c166cdd4c716e2f0a3841bb775df3bb034023b580941fbac14239e045b622
IEEMB830	0	1	1150ede07d7692c872691aebaa457c51ea9467f99a6aef74c7a7952f28f89ff1
IEEMB860	0	1	5efd60593849108c840b8c6fa9e5259d87d3de39a84644f026307873585c3fda
IEEMB876	0	1	3dad5abdd715d32cb04bdaa4a46034d5f3d3243d90c3a182bfbf1cd7331abf30
IEEMB877	0	1	cc70497bda57168347802221df47bdc393fc158654af85cd6ffce31b0688171f
IEEMB878	0	1	5f88cd4864f4e2d169405587ff05aa577279b4b5cbbe7fa146c13eafae6cd0ad
IEEMB879	0	1	b4bec23b70bdb505ad1314e07a8c46efa1feea2df34898941b1ecc6870510e55
IEEMB880	0	1	a4384460993b41b0418d182f3b3ce842a513ac70cfcdf5f544d14c8c782375f1
IEEMPDEV	0	1	616ebc61d3ffd5438f70b66079da183b429c603595688ac57c78bb54cc686b91
IEEMPDM	8	1	37a15c4236b229015e0bc3ac89467792b54a76da35120f97d4b14d0daf276794
IEEMPS03	0	1	2e3d3d1999e68fbfc099d4c3cd1eb67194bb4998f85ce4c72a536412cd240f16
IEEMPVST	0	1	6d79b0d22c676ec72432717d554f70e1f3856e7bc27feddc43bba5987dbd8e3b
IEEPALTR	0	1	5939ff09e498e8b860b49c37336f414ad9e489a8e125671fd913299b29d0ab19
IEEPRTN2	0	1	4332e96270204c303e54a0787edf1ce503c7b437207c3775a3c5852bde1bc755
IEEPRWI2	0	1	f1d9c5a5dd717eb13b59fac90ef267d75758f1b5db9c037e1abf66ce405dbbc9
IEESA03D	0	1	047470267902bbea94abb0ed76fee96db8786dac27f0ea7714ab70261fa5957b
IEESB03D	0	1	0bcb890d18304a6c9f081cbddb941c2b814ea8f026a4d37d9ee98cfe9a29c715
IEESB601	0	1	a1c50c81b1895e7175571dffa08443199e7c390e2b6d90acfb9ac594006904f9
IEESB605	0	1	594a40eae0fcf5e68ca468c7f7de3fecc907b24d85a7b2d76c5ed85ba44b255d
IEESB606	0	1	6d748da79e808a1a561b520f9cfc30e76799e3329f0707264dfaff5509f1a2e7
IEESB665	0	1	39202625df660e9da4d46840a95f1c406560d4fb75a4c9e94733b36870dd7e2b
IEESB670	0	1	6f2491a0e6265b481de237f6db0cd2997963fc0905dc21581abca807d815fdc0
IEESC03D	0	1	21a1396c8bb960c2041776b5c8d8e5573fc871a49afa3c657726a90455fc3fec
IEESD03D	0	1	1a40fd44c700e68ab393d36d0f1352a866dfbd8e34d5e0b0714dca6bd0d37f36
IEESE03D	0	1	499262fff2de26267730ae813a7731664cb1a646fac44e367afadc20705b74e6
IEESF03D	0	1	9b69a6c521e4b0180a4a7c98b96875bb56a7c7db02ab92998a006e89243ec1fa
IEESG03D	0	1	5629c0081807dc629347fb824164a4f0e70932d8a8c984da0c50aaaacfb4ec2f
IEESH03D	0	1	f9092d38929c728232a806f5ba80eb75d9cc15b2049af5c8212292c94d5259c2
IEESI03D	0	1	7e5e9a10d44772e2e9be070145fb5dc69c0f08c678c6d6c1d7469f37ae9b0bff
IEESJ03D	0	1	773271ac927b19dc1bf1fca896a1381ebb9f28c0bb43956c28cf34c6ace3d6b1
IEESK03D	0	1	5c2a885fe0c27a021bfe8fc380cef1ab35d8ede2900fcd01866ff8e7f4c96ba4
IEESL03D	0	1	f66e2063481b544daddeaf779cca1634e4a2a17639c1ae3bce166f7a72cafc53
IEESM03D	0	1	e28094c6880eaacc5761f45c09f006d1e0a4808f235d790a6552a153f7371b90
IEESN03D	0	1	535625bd52aca83ef5c29e35ed030eafc4f436e4bf74c1ba7585ef01de256a8d
IEESO03D	0	1	4daf0e0aad5ee2a77cdb15c79762d1364515d8836735c629e13cd059d30e0702
IEESP03D	0	1	beedc3a8b1f6c36bd6350017c0536bfaaf816697d1253b0b8bd58c156685605c
IEESQ03D	0	1	298380d693570cbfc419d916f5886ff73365f167c1d763a1a0d43feac4a8e3dd
IEESR03D	0	1	7dfae8d8059c10638d923aa3497bab0d9a366fedad91c6ea9b0f799c12912ada
IEESS03D	0	1	fff268b474ed183a6f4c3ce46880a0e4d1aa3feaf808ae1a604eeab8ac7d6070
IEESTPRS	0	1	65211a465374fee4893685a79cf492a50facf455acbc4d18f8b73796c82000dc
IEESZ03D	0	1	99b6125d62053937e22191cacb9b8eadd8f1fd14a375dd737ba57d5bf85f43bb
IEEVALST	0	1	da339620d71a97409ea8ef7ba4afc64c544c434169cf5772ead60cc0461595ad
IEEVCPU	0	1	5c2c1cfe8a560728ed1547e527987fa767e5c68f632a10114ce3021a4f3a0691
IEEVDCCR	8	1	f7f150f985efbbd6387a8fae482c2de88c21afd12a68e283cdd423f7d1cb6bae
IEEVDEV	0	1	aaa6582425aa1aeb2038d6f6c3e0056cd02ab9de28f9b7d4eaed4fb59aefbd5e
IEEVDUMY	0	1	414901fec7508655758be5621c00e9c43733e0565f24c7bc853359763aae6add
IEEVDUS1	0	1	e72e52ecb2a8705b1b793ba51dea136d11833170371509e18ebb976f77cebe9d
IEEVEXSN	0	1	d6c88af97d612ab6907c4d90fb46ff8477f26c878e1bceb8e34cadbc95246f9b
IEEVIPL	0	1	f26b39e6c9f48aa1c69b546aa85bafa7c7858e6b806490cf5fecffd892a49ec0
IEEVJCL	0	1	2c6a23afbc3473510fc8f6b90e8c221c8830d0924cd7c6b424f8dd253f20b20b
IEEVLDWT	0	1	f2faa60df187d0e2f51565cd4d349dbf445ccf4fac9d73e12a3ae6e85836c193
IEEVMNT1	0	1	3d1fbf6fc10d3127ed0ba3d90ae3159ab1be59e296331aaefb0d9a045fac641f
IEEVMNT2	0	1	d3040c1ddcc48ae150413927710cf40499feaa52a9b3f1259981844c28599885
IEEVPTH	0	1	b3d6c631ec24f6a31cab149bf351c7079a2821662a8f0e3b785bcf0b130b984f
IEEVSDIO	0	1	9175a708e1e9a04c17a922d430573e582959220b93c042b6a7a1228e142f6a57
IEEVSEND	0	1	aa7f04ca1229155cc9edb00537eec68ef8be0cfca2826edbc3da188d23f7abb1
IEEVSMSG	0	1	48240c4cf4bc486004a0805a434e33b91713b2f5bafc18e0754f06e3d6bb8947
IEEVSND2	0	1	dc9ec3677cb39d9be1a2269f561c1998c3156664f4635ecd62fd44ed2226f8e7
IEEVSND3	0	1	f0b0aec7477fe97a529cc8ed2c10850f32069cfe96a5867daa3d551e15bf77cf
IEEVSND4	0	1	b03e5feca62023f61a30b69a09d27b37039220f703c7902698cc1883c845f6d5
IEEVSND5	0	1	52fc6922e75779493875525c9608adce5fb3a1c23c365e72ca357bea9da8cb82
IEEVSND6	4	1	0731c7637a702ef9cab323dd232c39d320df0d593c5e8d3a595dca4b7d79afed
IEEVSND8	0	1	5ec4b06c32d4a2d055d4c66ee4364c2c5c7f0bbee191118d5e32f1e076bb8bc1
IEEVSND9	0	1	f8cb42633ec01c4e042f5cfef8e850f646abcce1706a7779f193efcd2e5a3d18
IEEVSTAR	0	1	6d4da5f63aa6cd130cc63326d36685dfab25f7bbcbb8e9836c9613a800714068
IEEVSTOP	8	1	7cdd00d7ec6710990699e8b57c9c95981b98fb129845a615cebe4807116c0442
IEEVWAIT	0	1	cc91306df8aacbc8f9610993c5f6b2942a132ea3afc96b347d9916a2c2235539
IEEVWKUP	0	1	8456816a1c66383a4f8f783280263d6aaec2ca95ec382061bd52c8d682a99a02
IEEXEDNA	0	1	245999a7f80831ec75be388915732d6805aa4a2edb8daba4781f9841c9776613
IEEZA03D	0	1	fc84024311c915161166306390f7a70d3576ed0ed12800d082c912f6e8116251
IEEZB03D	0	1	c77209cdfa3b8531d760d28bd4c5cb6b29b9e48b2e50747f38a95232580a71e1
IEEZC03D	0	1	bd40de15dd6c0f4247ed3265a7258f2d13319a06384e9d06d611e078d8bcadc2
IEEZJ03D	0	1	7b73fbfa61b77ddbdf98ad8dcb54de5e3e8eaaacc6b08e1afe51c84c51181f5c
IEEZP03D	0	1	25cb8fe8f6b4507538d3ede06697c02a09b20560befe46045a4407bf1884491b
IEEZS03D	0	1	b95191722633522ba2e85fc4440a2e0ffaf5c59e8b24d78506fbe5be8f6232a2
IEFAB421	8	1	3fe6fdfe26f2cc7967fce216d3517fc8a5c4286e4444672755bd4f2b36d07d49
IEFAB422	0	1	1f30592c8b0158c18e49fcf998c4a96ac246af222d7292476e9337973a637438
IEFAB423	0	1	fe8ffc5a47c8e788ce3285fa713c6726caba26dd230da64cc0443e29f64501db
IEFAB424	0	1	a2013125f56d3573b304d7da4fc5dc8c5022016ac686c84910ff433118d56c52
IEFAB425	0	1	b04882228308d9472d8e1ce42c39f26556b08d0700fe7a7fadeb5503185727ae
IEFAB426	0	1	ad6ba42378636dce36052242c702ab15c8f46ce34579eb71d9b572cddddd3de0
IEFAB427	0	1	26d7bd29a12c59dadd7a1406f9318bbf963a693908896eb77997e307b45a8b9e
IEFAB428	0	1	d1ed96166ad0d33ffa794d05fc4f7feea2ec1797de6f821b9ec7c40482180f17
IEFAB430	0	1	4cfda1a76d278972dc51d6aa1934ca63440907650a30c049f764b1e4aa3774b7
IEFAB431	0	1	47dfd7e17e51fa967e79f0a378ddd4c7395508984f49f36f3e2a1628ec8f612d
IEFAB432	0	1	42acebaba3b319b610007b5989e5c4016148025aca65f227137c95de86531911
IEFAB433	0	1	df978aaaf761ac670d58aeb8910ab103c8eeb8742270bc5bd2e74f6954cbbb73
IEFAB434	0	1	4507ebef42b1ef640fc2aeeb73d9f24ad5300acf1ea94042a6b3a28447f65bf8
IEFAB435	0	1	627ac89cf5acc5738d380c0b09fef6570c890a75c13da93c56783cff54cf97c7
IEFAB436	0	1	dc802f4ae3745319003710d92d6cd5a14a035d2747aeef7218d5f3b72e5a3c13
IEFAB438	0	1	ad7fb35d0efc81446e1eb427b0c7ce38c1f6f43ba31a3a21fa74e1bea494d300
IEFAB440	0	1	fad3565569811023778db5b4a319cd60564b61345a281967f9014cc3a4919539
IEFAB441	0	1	ff2cd260acb9613fd6b2aea515cf4a22cddcbf5b47d97a8c823b66905cabb0c2
IEFAB442	0	1	7f5f3db9c455de0143e3e930215050d1ac8902210522e637f96f11c631425c8d
IEFAB445	0	1	0b02dd333a0f938cb2aa9bd76d61aa3ec04eeacfc0e9694915d8622c2039137c
IEFAB451	0	1	677dff8a439b6a129a97dfdf706abdf66c75bfdbe34549c55998a09765fedacb
IEFAB452	0	1	5b360b5309abd116d0d597ca250773cd3fe7ccdad977f5dff0f52ae1a4fa9540
IEFAB453	0	1	3de9e0eee86d6e796bdd0049b48c12256cb16bebd1a12ae9b651d5fa653ac3c7
IEFAB454	0	1	b0d7635bb4e3dcf35689c5cbb46fd0602d48a995f2f1502862bbe21afe3708b3
IEFAB455	0	1	37685c39e3f88ff3a545f1c7d664ebd02d836ac49449abf19f37a1466598d718
IEFAB456	0	1	cefdaa9d5e9225a85442fa2eebc292cc597c6105ffd2edc1f2740f833bf0f167
IEFAB457	0	1	fe93ccc093422c8acf8efee069fdc3cf5d1d3cc39c2e20c6dfe81b49afc91ccf
IEFAB458	0	1	b080f51734d096e3248631c5f1bd1dac140dfba349495de2f764e443d1783fdd
IEFAB459	0	1	5c052c2d9c5a95de9008baf2b47a8d6d463b44f1f28d8d0dce0372e7cfc80c5d
IEFAB461	0	1	609a642613528637898777818523d75732a84f81ab6dca76f38f16beb78d247b
IEFAB463	0	1	45535632adf7e68b0533c6fffae0726f1ab69beaa8aa94eb888795a0af5e7be8
IEFAB464	0	1	c14e86c214850abbc99694bf7b0228570996874bf7068f64cf50f9ceb895683f
IEFAB466	0	1	85e7a4b95733e7e14833dd3732c4e8bf78035d759cff7963901bf77e79fec4e9
IEFAB469	0	1	2656fc999113e33ce262ee0abd2bf4f4cb43e0545cc64d4340bd1fb782ec52e3
IEFAB470	0	1	56230595fd587178581ff3997b19b85cfb07f8d5c3e778b4e9238c1816d13283
IEFAB471	0	1	3823ecd97172dab960ec2dfafe2bda50866c3e3263f4098aa0b1fcdefd8b69ba
IEFAB472	0	1	0e6c0940854af548bfb4b725c79219e043820bd72533a348a1363a0d878e5c33
IEFAB473	0	1	7344fc74f999d9f5b4ec7db7e14376186996828c042a923d060f3d41a165ccb5
IEFAB474	0	1	17334c8dd6381506af9285736877c2c51411075f55a342fec1b6ad8d58ed5e70
IEFAB475	0	1	8395a923203f14ddf723079a250a63ca90cbb86eb067592dea519d59aec00967
IEFAB476	0	1	05c57ac32c9d92dc8175f225801ed6d032e16d56aee887bb7641720311e6c9cb
IEFAB477	0	1	8da15fda2de885c3ff749ef819bd9c80703d7fd272dcbc9b8994d459edd7289a
IEFAB478	0	1	ce825e5a40586fbdeb59a1819143a2d65e1a5c84579840442909333f9b836a61
IEFAB479	0	1	a3010f5780b04826cd0d5322dd5dc9bddf0d9b9ec4510dda39e318c7552007f1
IEFAB480	0	1	70b90283e4e4a42c69c521acb102167b657328ac96540cdde5725b3bfc73d1d4
IEFAB481	0	1	0f1a79a11c5bc68cfba11aaaeeab78fd36bd66136bec4748420cc7dd42aa4fe9
IEFAB485	0	1	d9250bae517e5b5938ffbd081cc906e2553fdf85fb529e569afb91a25a588f8d
IEFAB486	0	1	09668aa479da4f150bb9deaf05c02225ea93a7bbcfc85bd0c3015d7c656fca8f
IEFAB487	0	1	331a3b0fc04bd5e20fe5ec553d560597f136984f3142e1282d51cb394b30359f
IEFAB488	0	1	6f25d0dea2d9bec7de3c207769c10e262c828cab4aafb9cd4e14e59e512f65af
IEFAB489	0	1	463d8a0834dec0d65fa720cd1a3cf66ae17eade2a5f9bc21c28552dbfe1d0bc7
IEFAB48A	0	1	ff20125b3fb8d1c1dd2a81bd488c656cec9ef9b05a749cd21e724a575849bca4
IEFAB490	0	1	f0624c672302385a782d03173d670241d6addaf5ae64bd645918a618b82d1870
IEFAB491	0	1	8a07ef11bd7546587e837818ae2793763853629591d1ef852ef81c3c6826149d
IEFAB492	0	1	281e27338eaa167e03633c753e1b2d1d4a63612d39a7507c558f210e4eafdb81
IEFAB493	0	1	371e97f94c18e937e58b17a667eaf336fc9e5b7a1ab6a6a698dafd325e5c7c65
IEFAB494	0	1	77ac513132455b851ffd5e4c2f9c11339f18bed76858690b92eaa87f0c9bb6e2
IEFAB495	0	1	07cb5d6a0a267a069ce8cee8e9a405e77f69a4d96e0d5654347fbd9310da0787
IEFAB496	0	1	ffc71215c4c9ea1ea0b63adb90eb2f008f3e4741426d9bd28cc0d86bd499d168
IEFAB498	0	1	a35b99ae81b1850332eb06e64dde825ea9d0f6d8923a3d22bd4ac5dd5cd4eaff
IEFAB499	0	1	5619a3b52a7a070a8d9415181d88ab27ac48794fca24ad1060ccc7a2934a903d
IEFAB49A	0	1	ea0853d0e0957b6f71b8233418a8aa5ceecd232176da24b5788b2df79ac05dd0
IEFAB49B	0	1	692ac583af935f4a6e49fc59dc47644cb6b566681872dbadd83c861d4c47f391
IEFAB49C	0	1	80e39caee5d2fe1d951ecaea2b287b196ef12d374aaf77622e09a5c88b538262
IEFAB4A0	0	1	4d02e4c0fd65c82cba55e746327cd7dd503e92746f7735108507c4f68a92be7f
IEFAB4A2	0	1	b88ed1c678cb2cb7b5c5c2d5903d6ed5ab1b3e94a23d80b0e04b0bb85e95294c
IEFAB4A3	0	1	f8900dc3fe04e338515c3a19b51258722f4fd9348e044db36c5b7322c3f11624
IEFAB4A4	0	1	8aaf16e170d38cf84d6b7b183ebe16d71218a3a192c18345b69b37a96a8769ca
IEFAB4A6	0	1	78d3a0a7871e43730c145627803e28e6184565405574d118407b6c36029da38a
IEFAB4A8	0	1	6244c302c163a58d381d5e29265ba70d8cd51749b504dd7f060f12520a6ba813
IEFAB4B0	0	1	adf6bb658192f02bf9c31d56f0683808f1204ebdb65e397fad2d2b2c0a13bf14
IEFAB4B2	0	1	1c747f09a638509cee888056036af92ad8311839cfcd23807f889b8b75c9babc
IEFAB4DC	0	1	f1c30e4cdf9db8ab4cc80f4ed6ee9b89dab7d11245d293c9ba05ce94dae83e04
IEFAB4DD	0	1	8246c8b5de6a7ffd29fdcc2aa59ca004d16cc2ac8bfaa7e34bb9fc2b86b9626e
IEFAB4DE	0	1	9ef28d03c61a7068a2fdbf6dac09787bcfb0e5628fc001b6692fd4c02de94500
IEFAB4E0	0	1	373f5881b8efc6764ee7fe4b9254cbb202a20da68fe239047382949640c80696
IEFAB4E1	0	1	db233c641525836dfb989e970e3622216f22c65d25cc60302c03d43b4cb7be78
IEFAB4E2	0	1	d0ddc9bafa6341aebcd67902ede530d8fd3070bf6bb798a1af8678c5ea5de26e
IEFAB4E3	0	1	0d8a2c99e3dde33b36628611b7d01f800dc94a3817d7628b4f31c828e2843549
IEFAB4E4	0	1	fe454fc598d3b944736e7f9a0242fb3093550e163c28e70f56351ce6606ff1a7
IEFAB4E5	0	1	a6ee396d1892cad8d042d73a04556f5178d1beb972079b4f44e2e1009b614939
IEFAB4E6	0	1	9c947a99381104ffcb8640c9b3a68da3caa7a241a2f840c10007fa79d40469ff
IEFAB4E7	0	1	5f2b25f8ba249fc5ece853ed8ca0fbec9dbfd420101193f7f2793e6212927a79
IEFAB4E8	0	1	550e9b38e5fb324c0f48f3c8ca9af4f080df180c7e9fd8b98cea7ee623a99c23
IEFAB4E9	0	1	4c4b34f76b9b440c550c1f7d7d843de734fe4151697a899b7f87a5f93e784a95
IEFAB4EA	0	1	0edba47b26fc2c16658ee488f0fe274a04fb7e2cec4158f11f3796b348b5e71d
IEFAB4EB	0	1	f3ac368c1461e084bf2389b0edfff6a54f0593cbfbf7de16afac37f5b3b0a2ef
IEFAB4EC	0	1	fee08383d611c5d8a5f5fc6809ec1d321e6ee7571cd7923ccfd182005ab461c3
IEFAB4ED	0	1	305469a849405475566dd71cd4606f081183b252973aa9893cb448679576bc5a
IEFAB4EE	0	1	45b4a9815216eae7c5e82eb0375dbbd9232d156884f44b936ecd7a35ef3c9320
IEFAB4EF	0	1	2099168931accde4c2d38c03c9d7768bca48335844a895a63b99e10c30ad3c0a
IEFAB4F0	0	1	ff7dec734e82e28fe661212d1ccf8ba451e22fbee9b1188dde9107ba50080b32
IEFAB4F1	0	1	f129740f226239bd79a977276abf3e1e651be3c9cc7bde16bac4eead97e04921
IEFAB4F2	0	1	9a54f8cdb93e4147505a9ac89df7fe69642449e9150055baeef21317b7ecb025
IEFAB4F3	0	1	100039d4a02ffebb260da4692777826c742ba0249940facf54fe00b72fa12857
IEFAB4F4	0	1	b96ddc15c33bbe02d7235c1654c09dd7862b653e5616adbcc8b07c761fcb5bc8
IEFAB4F5	0	1	adc9eff0ba84d233564ed4cbf1e55dbe6a9fccbe1610b68c41786081fe774956
IEFAB4F6	0	1	904d5b655a11f4136ed3fb70345863efc0ebb88663068450cb05aa72e334df35
IEFAB4F7	0	1	084a5f51f1fbc2ffb7cb2f81a054f03e69e6a0303d2c63e2a509cf57f4cce034
IEFAB4F8	0	1	c2c23dd2cb868f39dab44c2e1ce57f73de2bf74fe4aebd1c037b8d0cfb1fbd38
IEFAB4F9	0	1	f7405df9ae845e5105ae17d4b4152ef2a94b09f8981156f137c55e60588870b1
IEFAB4FA	0	1	954e7b7b6dfff0dd6aca59746cf7fb72a5fad0803c166b6a25bb088be3b61738
IEFAB4FC	0	1	947198d02bcd36cac4d8db3465990b2a425b51f323768deaa49ea20ced79c966
IEFAB4FD	0	1	a37adab23ab1c4386571d915364bb77da89e1e7b3ae5208c0babc1501aeb17a2
IEFAB4FE	0	1	2316c765a2b5d1bda6dd132dbce011f5430c956c2eb04c0649f4b7557989544a
IEFAB4FF	0	1	06dd5308b6c378890ea1fb0dd70d0f845ce3bbd27bb0dfe3ed4f20e550254604
IEFAB4M4	0	1	821211c39ffbacc51a0eab9ec1cddabeaeee5d1622b8d0001b74ba5a07d88d98
IEFAB4M5	0	1	9b4a91c2b33bd14c19c20e49363933a610b65add7566aeef240b0bea2899e296
IEFAB4M6	0	1	84ed7fbe97883ff19a41e0299b306468f0b13f3f4526365b24555782612e46a1
IEFAB4M7	0	1	647bb7513d302de1a426644f943e6506547b204e08099b4347c9d4533ffb0a4b
IEFAB4M9	0	1	85f8b1ff9724bd2ee445a40f2cc93395563d804e6f2aae5db706dc50dced735d
IEFAB4SF	0	1	e447278e1f7a9e6f68b0426c7f9e639ea3ec1cb4abda813d9f4ba2c32cca61f0
IEFAB4UV	0	1	add35efcf75cb223e71cc6396c4d7657d7d7be63b528b9fb3e6422453830fd36
IEFAB820	0	1	ed939326b44044a01dfb701fdf5a57e9ed0caab835bd17f705b2a12abc137d22
IEFACT	0	1	0fac09180de7f37b5e2716f40a718265ff3abdb77fe3f3b613a757d347a0f863
IEFACTRT	0	1	0b27f13103b7dc3aea9ccd60d17f29b985b8028c8459bf95d355434d3a273d5c
IEFAQTOP	0	1	fc8cb44ef5a9f480d4924eaca6f86681803a39c9daeb09bca2a19ae584bbc1b8
IEFATECB	0	1	63564d95d7ddb5201d3640d709be2607f32293048886418e9e675d86e47da1eb
IEFBB401	0	1	5ce30ee6f94537ba0c0020b05825e636ab81ccc237386c8be07532e3af1e0e72
IEFBB402	0	1	c67f386695e2d04b3f50509a229a69dfc79fe3e98a3bd2090bc12c17ac343677
IEFBB404	0	1	9164ab629ab4b175c8763bb1e8ef06f1ada833748e263921db694f19abf26e0c
IEFBB410	0	1	8f4256edf1c10af113c3f189083ad82e750593c9210e712877d5988302b43976
IEFBB412	0	1	56b5c47068d6e50e22a922c4915bf7e88f1133769f61688d7fee6655b0c87143
IEFBB414	0	1	ac4703d75f61927826dc37fe16e782a0eca9257dad972ebfeab18d202a783ed8
IEFBB416	0	1	51e0a85ff87bbad23f27b0fb4a11d7e06715dcaf574b7952b818b86e5ed27f0a
IEFBB4M1	0	1	c8037b36cd39d31f37f9a72ea2fb915c9e783632ab76561fb744393a39cf375b
IEFBB4M2	0	1	1016f2f6daddbecbee7d562ec51e2b40c44aca3a3c9e12e0f132ceae2086c44a
IEFBB4M3	0	1	ea598d69c7d5a9facc0aa13d1fdfbcac4e94bf1a2c878c36ae1024f88c8d08af
IEFBB4M4	0	1	431fc91ba2f0b55408bf623879e9ca38c7b034a61aeacf51654e5061fe0a98cc
IEFBB4M5	0	1	fb65b6ee5f94645c8a25b05d92a7307bda855fa547c9daef99e080e68825bcb8
IEFBR14	0	1	d61c01cb2b3d93a8bc0966e82fc9ea5db15251982dd6d5f3225e8cd96b1c2efa
IEFDB400	0	1	becbb77fed23278356b22a5a81e5ae12d5295627e7d4ffeafd3fbfa67f5cc8bf
IEFDB401	0	1	5d13540ed725b1c02af2960ad13522a0b7e8ddbaa641fae0a687490e5263809c
IEFDB402	0	1	e96dc71596540e08d512f7a22fa2ec647e1d0c48a783906650c24d9bbf355ab5
IEFDB403	0	1	7d1d48af0b44e0f895df3070c369190beeed44429a3ca2dc7d37bf12f6ae748d
IEFDB410	0	1	e3238dd65cb0d5f464cd805060aa5d9623f8f9e9c612d146054a87a671b77241
IEFDB411	0	1	24b8c9edb2006801b4c83f914510ad3a34522f0c6888e41ef71911fa57430da7
IEFDB412	0	1	99cc0132cb52b8f28a46b91efc2220cce6c0d58586c1c8528284fdbe7821adf4
IEFDB413	0	1	ae3cd3ea8a1e09523457d221e9a0a8f29b3bf3f2cecc9e922d4aaaf1ebd80a36
IEFDB414	0	1	fbb0a9ada1a1fdb750fb6c3f253a0562823a76a97a2a5b0d7d89cd20e3c121a9
IEFDB417	0	1	c5f7faa3eb9ed8618392cab6c599702f9d2ad799dd258da630055eeca2d940b0
IEFDB418	0	1	40c0770c4ffe964aeac098e0c9c7d9eca29181f13c38fe0c2a58aeff9356b817
IEFDB450	0	1	06cb6d90ae72613f935683b451d73d111915e614bd3e247d252b950181e33487
IEFDB460	0	1	c16148bf84718807664d51b18f34abd171938833ce4874bfa08ec382839643c9
IEFDB470	0	1	242e02141b1391e065cdc6393b450818f444dcff7838413dfeb2926c6a796c70
IEFDB480	0	1	ec7f29f8ea33f2a2a2597bbb927132631829b872cd811e6d4b84c37c301efd6c
IEFDB481	0	1	91b64cf0ab2893f63f25ccfc1fe6d905f55ffa84e468dece1670a88a014ef5c6
IEFDB490	0	1	9ec0d18aa3efeb53bde42e150ea188d4e1cf42ee9bf62620cbda04dbf90853a2
IEFDB4A0	0	1	f6b585588456b44aff83c7a268458fb562c9b85d261cef4515350f8ed6c9b7f2
IEFDB4A1	0	1	6c9c2b176173e3f45220e141f0e17f2017445969e0343a13eeecce6d616946e2
IEFDB4D0	0	1	91dec53fca68a682164cd70d9ba8c9a29c6e378392ae9da045f445e101c98112
IEFDB4F8	0	1	cff9ed54bc8513b758dad2f2ba7be1c60daf0e91b274508525ac49c9719ae480
IEFDB4F9	0	1	9924d00dfd0b6d41787a0a9579a782ece065bfb6a87b8d98075c2f46a9f4e603
IEFDB4FA	0	1	23f470c48ebd20bade4b534ae775512b83895ad70af8e9b529453fdc3270c82b
IEFDB4FB	0	1	cd21d716e552a2827545956e9b14a975034a0d00c86d27d55003d6c49d518fac
IEFDB4FC	0	1	e20f00e871a7c352e0c2ee05e1273aa9630bd1529d42292ee4c4ac00a4dfdfdb
IEFDB4FD	0	1	6d64052201a4b4b6962d60e686ae668d10b17b4297c252956cf8827b0172d037
IEFDB4FE	0	1	15810ee647a24269fe2047e08c4cbe694d84727aad6ee338ae0200ccd95605b4
IEFDB4FF	0	1	94a2ad4b44fdcb873fae1af55210794f2bacf075575e78d851b50b57e2c232dd
IEFDPOST	0	1	3051baa27944f4b9e0f5c9aa07a0aa11a7f97b9c4af3dde0d5425923a2fd38c6
IEFDSLST	0	1	106da0125de2572b080b790aed8079560a7aaec432e5cbb70f75886c4d80b90b
IEFDSTBL	0	1	b6f0aa0738f34de7e5c645e815009f3c0c83fff9739798972f0bab13f8687ae6
IEFEB400	0	1	615127e8b81be4fabf08ddbfce51e641d35d2882ff93f9bd2628f1e0db5ab47f
IEFEB4M1	0	1	518cc5ee70716bb24c5b56fbc491f5c00deec954b45e1bc7e6ccdc6aefcd5faa
IEFI922B	0	1	3e994e4ce45cd8ce649270c7d1e15b03f2f8f40ad220a9babc47d8cd8b34af4e
IEFIB600	0	1	207eb4cccebcf6403cd70cafbf8ab82cc1efbb6c84afc2f5e4ea1a8507939752
IEFIB605	0	1	d24c12ef1704938b602579b9a0251197564eaa5cce15f8ad70385f07e1ce0a97
IEFIB620	0	1	e2fcad0d8b616dc21d5c8ad8ff432ebea228721eaa9d048cf088b914c649fdd6
IEFIB621	0	1	be7818c2cb062cd2d565ffed2efa95572aee52b5a8e4b3a26ed203cacfd15233
IEFIB645	0	1	c2dfb44efc0c1581e2f9082c375bf29311d98eb91732ef0b72af00d28bc7d82a
IEFIB650	0	1	d58b0624b059e464caae565e309f227e69905098488b79f5414082db1fb5ee05
IEFIB660	0	1	77ef71db4f7b4d8f39f527aa2e8ed761fd869d845a0b7ef0e6620a2203b33d09
IEFICATL	0	1	e6cc4a348594ad6194c1fa184894771aab5486d084472a4917a455b28f5312c2
IEFICPUA	0	1	fe13f1d83d2b7c66c1a2260b14bb10c79d95c8212e6b6131484c51eb49eca0b5
IEFIIC	0	1	3714c26f53fda5d7fdbcf33b67220fb79da56081dc2d7722a383bdc0b19d95be
IEFIMASK	0	1	c24e33eda3c9e6492d99dc0a2e01803a77c0f09870fc3ee10a8e2c071ed7291a
IEFIRECM	0	1	062931eeaec13e4db686eaadd538433702217b8280ef3082eb8ab14d62108d14
IEFISEXR	0	1	be99223c92c8859bf0102c9a6e0e6f3bb8890b619e55261ead4934904790310a
IEFJACTL	0	1	662574f7a34ed70ac7c181f51faa66a49658a0957867bbc2eb492811a2469750
IEFJCDLT	0	1	40136f7d085fcf4d75dd91ba978cab245ade4e488ce7db547ec602f826b35d92
IEFJCNTL	0	1	93aceb12024d11016dbc0d6535908a0aca67ab1f6ec11d6825d99416f5a950a3
IEFJDIRD	0	1	09a52d7695371487d0129398c06982aee01f9406ec77f1e3e12ec1ceb50a17da
IEFJDSNA	0	1	65f9984f071999a81a71eee8bd22e64e4f7d9b1693011c3acf16b2163d0c5ffd
IEFJDWRT	0	1	0cb6d89f66f483c1b94438acaf8806e45e737ff77fff4326dbcaf413fdf53049
IEFJESDM	0	1	6d6ec51cbf60492ad1e6f78afae6dee65ddea946896adf5d9990549b52236738
IEFJJCLS	0	1	2b3213fae05625a275d7053b0fe2cf0f053122b591f3fa206d25356a9a6f89e6
IEFJJOBS	0	1	d67a63cdc422eda821e4ddd1df02f8df3c5b5c615ceee7052a444295b8ae2a4a
IEFJJTRM	0	1	0d7912ba72f3f0ab7bc480df948a47f089db53f13dea9a9817240ca270bbad56
IEFJRASP	0	1	8ee8621b41cfec7473404a13161348463907a8a3c95feb0c2a53085915898e17
IEFJREAD	0	1	bef69938fc62b8d568ddcc0049b43a17dd14be167a805914b25208330c7ff6dc
IEFJRECM	0	1	f65165b852bb0f4b5cc50afa7f6ce51b4b180266d76ce290e3675c44e96a858a
IEFJSDTN	0	1	87c789fa4f4be1b04fc41d5b92adc3961fa52ad2bc1b158413a419b599dc339d
IEFJSINT	0	1	6f6a3af6421cd13a603e6fc51e8640df71651e2d03db784ade6d48303c6d05af
IEFJSREQ	0	1	eda4bfcbc33ae842723c4e9bd359648fe559c00defb9fa6a9f228845c3a1a898
IEFJSSNT	0	1	c3ea20278a57504a7729d7ee2e2f28fe1f74aec319ecc230aa569defb3f3e5c9
IEFJSWT	0	1	1ac28e0690ad66f98ee92be5eb2a066eb99bdd4ceba569cd569e8badcf9c6a23
IEFJWRTE	0	1	4dbf3cab82e078e7d494d74429ba3b1c1a1a3b1f64b5eabffe553136db364c33
IEFJWTOM	0	1	df81c57737cd07ce85ddf271448fd53e4b875791be9036ba025fa8bfc08f2dac
IEFNB901	0	1	d0b35ab0be1c925a83b52acdd6e2441e84d8ecf90ff4477cf69aa571878436d7
IEFNB902	0	1	2793a5afda1dee09ee7e13b0ecfa22717414252a8839d0150a7624eaabc69462
IEFNB903	0	1	c4950066be6e7f1e25bdc5b97a82772335086042ccd0dd5631c4af8c3a1131b8
IEFNB9CR	0	1	ccbd416d7f81f0a2238f139a7fea4b0833c0e490dced0727c23d23adf2c56983
IEFNB9CT	0	1	0fe518e6011469f8e5e3750ff691a6802c0761a1d31a18c45416ded17e0fda1e
IEFNB9IR	0	1	89956e840afe7a3af0f306b0e1542bb388d46502d55bb8577ae862b4e40db86e
IEFNB9IT	0	1	8411a19fd6c3ec37798552a4b11c1ef3c536e3fadf638b3ff17492ceecaea31f
IEFQB550	0	1	d4e3e535945648729decef2d935a130c36a675a4f9ea3ecfd486d33ec53259fe
IEFQB555	0	1	e096e20b028f0940b4eade122485a5a7e538b92e0da45032abc2c992d5e09d08
IEFQB580	0	1	8dc264c8171f92aa19fd002fbe845d785d4edcde3a1cb2fc099276ec7039a549
IEFQB585	0	1	0295fd637a70a8a748a9cc87e153be86b11712c33ca840e5ece7ab9223a80c36
IEFRPREP	0	1	43b7b4b6e04fb8666396498d10e1e1c53891c740502e5047c87567efe50bf59a
IEFRSTRT	0	1	62a7c374c19495b44b00e2aac387fdc7e521474313a6dd702a6547040e58dbc0
IEFSCAN	0	1	d2ac74f20e32271ffbaadadfbf0a26356f492d8f36379ecc0ceacabd9f1ce2c8
IEFSD087	0	1	5629db0bb4e97de41b6f172a2e84b0644fde56389ab6046c6b2b99dd50977195
IEFSD088	0	1	8df9a8a729b5295cf7754f26bada3df988292f870cc4941815068ffa6bdd985b
IEFSD089	0	1	c5ea10f2b441bfb07b3a20ac45c0fe66c458754e56749ae227a042b5e06ef262
IEFSD094	0	1	e27c1bf7be21cfccbe25bb814b59bf51346ad83da8e928ce5303e33e6d76e703
IEFSD095	0	1	7534c92e81b6c5c3a4f206af13ff774bd7be40d508d71b1c4b8057a57f27c13e
IEFSD101	0	1	15d81517f9bccac6534db18d5e8803d715f114124459cdeb291a40879df5d0de
IEFSD102	0	1	f8fe185930045fd452a079f1e3cac38266c603b3ffbf156627d70199a5bbd916
IEFSD103	0	1	442f8cb0af7914ddfbb92e42e412a45b8cde60e2607ad8bfeed9607c96328f2f
IEFSD160	0	1	2e26bc844952c3ae16f19bc5db1198b1e5eed4b9f017a401494bba0abeac2c59
IEFSD161	0	1	5893fdda4d79ba15c47ce907392539672bee7dadd1c98f87a577af88583899ec
IEFSD162	0	1	14fc4a966013a4a8b328b3179a71a07e406d94f9d8ca1d43e03af4f482161ea8
IEFSD164	0	1	1c443aa2e4e53b29f7b6f4a9c7345ff635d27ab2193c59bcd965e83a8beffde5
IEFSD166	0	1	841ea2d5137dac4f617985cc8e813e60d8c8ad3b53b804cb0d715189f2fdeeef
IEFSD263	8	1	42f7729cbc61ac6205753d79627c5a7c3c63478856de853380dc47205716437d
IEFSD87M	0	1	15ad33cd10b6bbf6a8a71ef12ed416b02c8824a1afc69a8b9e44b34507d36033
IEFSD89M	0	1	ae6e14de002e2a36e8630b9a174fc69a6f2f692871b702049b79d724a2119a6c
IEFSDTTE	0	1	8c41a20daaf525fd670046c69cf7c5910b3cb67b26a0584596d04e558473e710
IEFSDXXX	0	1	3a41febbe2beacea895be677cf4f69098a6e6dc577b8ef1c7bb55f3f3fe86a9e
IEFSMFIE	0	1	6256baab7c0a6a727f962b010a6536f8ab1de549cd6e0c59298a02c15ebe2067
IEFTB720	0	1	7d1f5d79c689b311ea8f35514f0983498ddd08bdd2410921eec9b76331116880
IEFTB721	0	1	11e7e61ceb11d881eb0dcc718a12c020c314be7850ebc2662a4eb87c6d46d7d7
IEFTB722	0	1	20bcacc5329b240817450f3d32075ff242cd73a4bacac4e599774b12b2f62d5b
IEFTB723	0	1	7e4d0f8c47ea8fdea0967c6f5c87731335d66c92a62a7378e5a28611bb82fa57
IEFU29	0	1	881d0171468338257620fbe1b0eea242d459a8f83c91c19f7d64ea41cad22008
IEFU83	0	1	1154a7912e81af0982bf25fc62bf542f9f05f57885446f13964b5c28c58b2942
IEFUJI	0	1	5aee81183b0a4fc870461499b3e6082b686245ca8a285654700e77551388121f
IEFUJP	0	1	1100b6cf70cc6a13781fd8926654f2b3a3debcb21eb9ee076dd0d635694cc951
IEFUJV	0	1	3425d6f839ee59114e67c7313ab68cbb6b07a70426e42dec0b67e5a3ada3af69
IEFUSI	0	1	f1605fafdedcd4eb9c027c5766edecb7ae8e06adb298a7b40ad7bdef8a3d0fab
IEFUSO	0	1	527828cbd5794aaf9aa012e8b1730f130a054b027ff6c542c7d8229a5074a5ff
IEFUTL	0	1	db1ae6ec3b2738f5d63c422e5a9b4480bcc9121a5a461e9eb8f27537beab0f00
IEFVDA	8	1	48e34b90146d2120bec4035fa9ee925a3b2aaf46829e86f0c326e80076ca1529
IEFVDBSD	0	1	2e8387086538bd6c7d3d4e88754660e91e601e4e03c7372c414bb4c143de7f0e
IEFVEA	0	1	5e02aeb7a637e66df8a04c56473a1e38c5b7196793b0d571523310dbeaab0a85
IEFVFA	8	1	f61ed0a201759662448448c817fb7cfbf3035d6e028bbf74387440089a583d2f
IEFVFB	0	1	7801963bf95e7ba73b68d5d705fd466907b54a1d444af5eddd426acba1d74ffe
IEFVGI	0	1	4c3152bbefbc7fa6a59761d93a2963226697a99aafb2316b515718e927ebba74
IEFVGK	0	1	a1c59a2ed71f1ab30bce3a0f79a6f81b67bcefa7fb456acd9cd8ecb3e00dde07
IEFVGM	0	1	2e593296bc23dfcad56fcdbace1dea74d716d07cb51d8c0ba6f28c1961770812
IEFVGM1	0	1	ec317d33d74684b80f6cb1b1ffcd678ddc7f72dabca129b73939ba946adf0072
IEFVGM10	0	1	08f6705718f20d31247784cf2f62a87d170c93af13c6d7c28a1b20b0b0cf0e49
IEFVGM11	0	1	5a80eb91091db33d0a0ad07f9319b8cfed3706955e7951e44b4a43ebd9f4fe7e
IEFVGM12	0	1	a39c84b3dc51f501441c0cf6c16a628e4a0533489b493d0afcfd7f6bd88461a0
IEFVGM13	0	1	896cf9fe020b4ed944e3908d4c3bfa3a25d040cf7cfad65db1b7ca05698badce
IEFVGM14	0	1	8ca3d0cbf72dd18366223254cf2248b54faa9370b90eabcdf623345ddd3f0e89
IEFVGM15	0	1	e8388414f300261b6dae70625f38bd33ce292b4bdbba8642ede2060f70c9fb7b
IEFVGM16	0	1	e41ee143c02e9fc6107fb5cfe1380029b35c1615c1a9caa953a64d4e8c5006c3
IEFVGM17	0	1	2e61ef67feda3238c20bb3df69d5f0c2ecc929e7f8c2c1832c43c714a000f770
IEFVGM18	0	1	9c0034fa0b36a59645c9b746f5406f05f548809156f6755569279e9281da7610
IEFVGM19	0	1	355f6322005086344c4f13ee6d5c855131406343afbda5e93ec7339f4240bb40
IEFVGM2	0	1	eb38ff93723776c7a1addbf8f9b12f5c64daf1ac795747d5ddfff4e2d2d7e861
IEFVGM3	0	1	cbefa088fe5a50e173d047f4d55c31d3305a5b4c38a0e761830df822ad8981a3
IEFVGM4	0	1	b4ed399174a3bb70e010f46d05ba1ac031c11fde89858791fa25ffa9b7233023
IEFVGM5	0	1	633bde9be904246dd6e18f519d44b3c137a9fe14c49e01496c2cd6205a46174f
IEFVGM6	0	1	6c1477d473482838a2d66194be5734367a57f87c65340239ae546dd532589940
IEFVGM67	0	1	a6948b6e66d0e44ca4a391ee045c17fc190e9d1fe21f8465ac65cbc988ffd5b9
IEFVGM7	0	1	fd494d2a8c223689fa54b63271f306f5904581d276693834a6d0865e3d6fe9a6
IEFVGM70	0	1	40e9ad82b6bf691f83682f17c6957798c66353a1ff00212f917a76628a966afd
IEFVGM71	0	1	c740af0b7d7622a8d45d72c9086513a9af23e9adc26773618bf5505d5dfa18cf
IEFVGM76	0	1	2d8c133d1b167d760194d33517e8c5a6a69042639d45f09a1487ee7c89f9ee5b
IEFVGM78	0	1	b060d01e257a7dbf796f2398dcbf1b858431de492d31bd5485b241065c271011
IEFVGM8	0	1	b08760a2e40aa89fe08db01e8157049fdc1e6223fb2a1b1fd3ca3c17a25f33ba
IEFVGM9	0	1	c30371c3cbd832912981cb7ffd488981b5bef2f2468d78b784b6dc8f74414a4c
IEFVGM90	0	1	762e1d4559118fd6d8f6c3568ec23cc5626c81d8df10905b24afd2f6206a75a2
IEFVGS	0	1	924b21495ed96231c2b046872f5296bf1e8d9926c877ec94f588d72b6f8513f8
IEFVGT	0	1	aba3150bd3e9ca4301b5d18c4b960bee958b9017575f1fbccb2c7ff7d5ced413
IEFVH1	0	1	11527f20d684dcdc455ccc6845fc02c9b80a9ae1f9ba13560dd10cfb5daee142
IEFVHA	0	1	23fdbba36b132aa4739e6b431c7976cbcecd29b0b707550982bdd7e6638958cc
IEFVHC	0	1	0e4e049b5cdfcc1ac13fe303f660aa0ac3bd062b5ba2aed8092f34f45fcf2a17
IEFVHCB	0	1	930ec5744207041b7731bc03b48ce9bc12492396e30e802f1c092359422b8b99
IEFVHE	0	1	9cb11c3fb2b7afe499665a70cd96799de0d0c1c5d7d34d9cf307ef6a1e092089
IEFVHEB	0	1	f393cf18bc272cf6baf3e6544b5e68977b2683e8c1868372fab75964e42577d9
IEFVHF	0	1	46c4b444d31aad06c46243330de12c8f273c54c0e9ecbc363fc62eceb47074e9
IEFVHH	0	1	b9604de87ab0eaae3f284f03f05e48c2486999974a9dbf8b1aba3d490ac69925
IEFVHL	0	1	807b6c10e0f82044346724b7d73c447077f583d0995a037511d525e9e4380ca5
IEFVHM	0	1	8f21fa283a2186d1b9c3090eb31814fa80407b419b2d3ed7f3145dcb0c52144a
IEFVHN	0	1	ff937e8074cd0a8f1e19e4df353c7f1c9b80585385d8bfe6dfa60c65c0513753
IEFVHQ	0	1	8e4d0cf416f431bf3cd3c00876c2f3e4a82f1c05239a15858138dff302e2fb11
IEFVHR	0	1	10972100735a4893c0ba7696dd5200927b071328c2f7cd70ecfe927e03b532ed
IEFVINA	0	1	0be876f1439285078c9763e6970ca70c197c521ee767ff06dc7a2421987541d7
IEFVINB	0	1	4277cb1a4205a5f1c34125078586eac94f6f39449fe6ecda8c1548652086515b
IEFVINC	0	1	a4b03eeaa92c0030b7e07f672ebbd52f64c5abead3b6b9d1c43cf6b1757a8d06
IEFVIND	0	1	3efd58ef6ac8073880bef735bb05e894c56e066e4c3cfc40f46eecae5372ecd3
IEFVINE	0	1	ef156107072bcdc753559ff43f25493205cb0e6580974a9ed1aedcf1b9496f18
IEFVJA	0	1	f8bf65d0e4184c09e6628841c16af6462d5a82d87ac84deba895a1f1c3d72c1b
IEFVSCAN	0	1	7e0a18e697f3a69cb583ef20eac191a1e368d0b597ccb0f2ba7260e485b643c6
IEFXB500	0	1	765f85bbb40e23a5941c1909afd73ba9383fc94b964d0283096a1e53ba99fe58
IEFXB601	0	1	7e3d8d946fcd303c7d54de008f57fb171630ae3dd5e713b35b5d239806d53ef9
IEFXB602	0	1	84f4075e04cc9709ea9fe3553c18dc046c58b100bb2fb76bdb2399475b3e4ee5
IEFXB603	0	1	631841e8f42bee53e1e571899f3b75a141531886edb24d1aea2eb707328b5a5d
IEFXB604	0	1	1f39a96c932cda72a34bba504d18d08bfbbc44111701c264d05b2252f026ae7c
IEFXB609	0	1	f0bbf1a6145e1815698fd74c67d12d4e9f2f27ed438660616057133295b5e0ba
IEFXB610	0	1	6ea08ccd7f515daabb3061a9ece4839fa0309e882fc9a26f74509c24d9afa274
IEFXVNSL	0	1	0726efb779f9fda3a7b9948400b5015a88c29b11ba74c7b897cf8b1c74244ac0
IEHATLAS	0	1	24783b390449db71a895d414f281ba05dad55cdf7c9d3a25c9dcc368c6ddcf4c
IEHDANAL	8	1	a455e6fb60a5c175ba892f14f814c7ed4bcbde4cc39924e1988f4911eaa4bdef
IEHDAOUT	0	1	d2c2b0300fee3bdd03fcf7f7dd5a1e68647f9f3f312e4ed972ba0741d76d2a1b
IEHDASDR	0	1	c9d6a0aa80fa8d8d885d8bce784ebfad268214ad02ed5976222d6918471cfeca
IEHDASDS	8	1	9d6ec9fac11062d9909507b7e77f2e340e01fcd4c2b4e0b7f99592afee9c783c
IEHDCONS	0	1	66b8d177f8c32e17a3215fdfc416a82b9f1653ef46f3e702885fb3bfc69a90e8
IEHDDATE	0	1	8f53f801c6d8fa245eefec6141036a6114ad8b1d7c6ff9a30ce4635ec6c59362
IEHDDOIO	8	1	5c8195bec648d1a7b58715d58ea3ec272954d96d959f29fedbfc38d5479d142b
IEHDDUMP	8	1	35bf6fd0acb6e527495c373c6ae504d2a85939b16471636435d48bc15ca92d1a
IEHDEXCP	8	1	fbf99886e8e735c0ca2140f026f1c25bb68597a42ba9a2ed60784aa7728db469
IEHDGETA	8	1	8c4176b3a6114e8b6145a35609187ea16086d65f995334bf249c8c11056f67a2
IEHDINIT	8	1	5d7b108a1e51d9253597f93fe1cfbbaddfcabee4b36c74d046826ac0e927b357
IEHDIPLI	8	1	4aa6a636df0997a9cf976874648c43beb66ce196a9b23d7659f997cab2bdecff
IEHDLABL	0	1	19259fd94570d07445126e5862dd12de5cd7d3d39f37ae1a804e08a6ee58c7ca
IEHDMSGB	0	1	b820638a788e7949b7e9d3a950608a8dee980655c2112c31ea65e74858dd8770
IEHDMSGS	0	1	c046405189555eb60d4cbcc8ad1cd7075cb50577af7521ba3327712fd4de9b82
IEHDPASS	8	1	62fb0612248fc2cb51a5dcade1905fee744cf80ba9bf44383b8dee8e8e661770
IEHDPRNT	0	1	82fce0dbbf148c77d65ae2e4dc8fafbec580a29ee0328211546b561425a21d06
IEHDRCVR	8	1	42175c1940b09bd3211183cb81dfc798842ab827c8d1b62470aa1851ce945f38
IEHDREST	8	1	1296a2a4369c8a7f4d24a60f6129e3566a6d78dff1817eff2eebb663c8d07cb1
IEHDRVID	8	1	9b732f17dd7061d88409ffb5e0c4d421e8c9040cd9e726a1684be0625b3db4e4
IEHDSCAN	0	1	9d529cdd976ca00fcd4200e41a4a5c01252057bdc0da16a99c165c678a30302d
IEHDVTOC	8	1	f71bb459037da3531bc390d35e8be9c69259f6b7e30898383494c11236f086ca
IEHINITT	0	1	172d7e20f8d50443c2b995fdd0479f4aed4e1d04f755127d7547164b8a2d3c3f
IEHLIST1	0	1	8e572c2ddc3c0daab6664d93a07267f3f36e9f2538253242add0389b1c225212
IEHLIST2	0	1	e9044ab51f1423ccea5fa51ddfd22fb6ed0a5c6fd7422c035f4f4d96cadbc42c
IEHLIST3	0	1	97c918ff2cbad64fdb96ff22e5c12a54b6f59030819d5b82ab6f11461caa1978
IEHMESS	0	1	607afffe6dab34622368e1be8354e77e49d53a98cbba31819cdf270e2d129566
IEHMOVE	0	1	4b96eb930351014a9b910eb90debe72c5d11ce73a55517936c489b1cdc1e1cf0
IEHMVESA	0	1	1819e77ebb1e7a2984d780c02cc0816f26ea4340ee5c4d56e47b672ff90a5b1b
IEHMVESC	0	1	4331860b1d6adf5940386fca526dc9101e44039bcf3fbc57541ab0e2e72cf9b3
IEHMVESH	0	1	d087744c870e759c5ed144ac3f8a553db630e580a285e65aa8420aa7d72a5acf
IEHMVESI	0	1	4864e8e8ab98eb0928019d438d5025cb61d4a293d49ebe47094750bfd5319505
IEHMVESJ	0	1	77e902023a4353b1a59eab2d4445d2df7812a8644471e5822c4d3f132f9a82a2
IEHMVESK	0	1	d7fbabee2acab089c04f0601c26f09dc052e33acf369684c60616749eb602c7e
IEHMVESL	0	1	48522f1c6d03e3b16d3ba3e40e7e6b7443c98f4fa40a64be9f4451e71ac3e573
IEHMVESM	0	1	95e312f3e7a58a2867ed4ba79cb152f57eac4f1e56f3d3111e77356e47f4b2b9
IEHMVESN	0	1	c91b24f6898cf66acefab39a840cd321e9e3197295be12b751e015f206de08d3
IEHMVESO	0	1	555c8cd3625dcdade3104ad27a9ef0aa8d6a963543c20ccf93e96dc6c7d9348e
IEHMVESP	0	1	32bfd3b77cb694ce61bf2cd057538c40d019a43bafd2ece06442087ac39de856
IEHMVESQ	0	1	24f3a9c8dd4e602ffce0fbf0c7023efd2feab1097a1f730c1eeb995477501ab2
IEHMVESR	0	1	2bc723892e7b99b1ccb95444f6214d9ba1f4df4346f04ffd61f4922c9e01f657
IEHMVEST	0	1	55f8b2ba50b419cf5fdfe61d133c199b1ea000bdd015b52e30d967d36497361c
IEHMVESU	0	1	3cfc592864b81712916908fbd929639d326244a1c31c076c545841ea63463c76
IEHMVETG	0	1	1fd7b1a189c97063445fd3a5129a27189f80a2a4fa6feda172b5e46a6c83fbcc
IEHMVETJ	0	1	4ae33155eb9683bff1099a8db269df046c3a469a238ed5f2ef94446ac58eef44
IEHMVMRY	0	1	4531374c12a5b3929e8292a3dcbe3238df1facdfc6953eae95cca0b246d15007
IEHMVMRZ	0	1	a33137d019b31d8856d11ae6c02801334530f1a034370b0903c04c1212dea650
IEHMVMSN	0	1	e6909fdb2f813c5e20df4f86b5f23e0da755524ed8cde1312573f319e480ccf8
IEHMVMSQ	0	1	56f111a4818c99ad26e20eb4e5464589d9ed7562e6886bb0ccab12257318f664
IEHMVMSY	0	1	39f8c68f481ee4f1aac7fda6c02dc6e17f8126d2dd762b41b137b3929e363332
IEHMVMTA	0	1	91d3e945d971ad29a95b79bff8318d5dea409f1da865f50d46e42d3386018d56
IEHMVMTL	0	1	9ce14393c76972635867b7a1eb18dd0ca3e0195d15e9cc88a3ee5259bceb3fc6
IEHMVSRA	0	1	51e5ed70b54c87378c3b86f995ae3a84fab34c2a0faea7190aa6b0ec6bd1edcc
IEHMVSRD	0	1	145692f01a96a854778660b292d2356a5a063abb6d3abbedd2e8c022cfd0fbaa
IEHMVSRK	0	1	118f58bdc08a50cac18ebea79f55b4a2b19d74ec9b21872cf7e4f6135331390e
IEHMVSRM	0	1	c8862e0ed8a41b2b0ffada793222202b4f807bfa364e02c1e336c3b6692406c3
IEHMVSRV	0	1	8aefa858eaea40f59773378e32f27a682b4d46699e406f79d8d33c5294fd8ab5
IEHMVSRX	0	1	f63c36070e1e7ef57ec21073891395bf336435603c165ee307b40e6efb3ced03
IEHMVSRY	0	1	34ce0e9ef4a87a68f174ed90d2f0fb974a806d54a9677b955615b20f11c5b471
IEHMVSRZ	0	1	89dc980b9ea233bcc2933987a9165813f3ec56bfebde153bcef0c68ad30edc4b
IEHMVSSF	0	1	ce3ec481f7c96247b684cc2dd6a4260fe81bcb75f13e7be6a02e2290dd351b62
IEHMVSSS	0	1	6000708e7b0ba358b4c7e28f0e4c101fceb97614779c0ac1e7ef417fdac2766f
IEHMVSSV	0	1	e8332a23c587e75145698057f3cd607cfcc16449a315e83ce8ea7763c2608dfd
IEHMVSSX	0	1	768370104ed4b916cedd6cec39860f3074c58fc6fef95f5cb00d7df45c7c4949
IEHMVSSY	0	1	4551b7223e3563bd1cb55616d85b1b0c40e8c5111931d1c0451079f331013e2d
IEHMVSSZ	0	1	94c162396b0cf05ce37cc7c0ac77eeda846259c0809f4885d28c19d4f21c2b24
IEHMVSTA	0	1	2f411f4424aaf74ce79fe87a8896a06a123d8984b05430cfc70199feb003cfb9
IEHMVSTC	0	1	e6a5cfc3740e86f5120220c9eb4f469ab45188a3651b03d5abc265d8ccfe1348
IEHMVSTL	0	1	da0fdef9f9aceda680e7e063a691a9a8812e46d4e76904e6aa27d89a5656e635
IEHMVXSE	0	1	120b72ae4545672866f20141b311cbdfa3b37cc9ab6f3dfee3643a8d5b57bb90
IEHMVXSF	0	1	bf3ce37b641610503accdfac5e2f809bab41886d5356b49469cd5e57421266be
IEHPRNT	0	1	8fa7fa693dfb64723924c736e4406ccb381f726797d278de7ba24e3096500ef9
IEHPROG1	8	1	9fd5bda199e73206e8f4888b4a3ba816960919657403feb9751d9c92031a567d
IEHPROG2	0	1	2a253f52e6362f9610410a965b4ecaa61d1363d61fa9bae4b8b3ed1bea8dca2d
IEHPROG3	0	1	52a80e0e9735a6c06eb6532d9d09e4edda6cbee583e965c1315763c1f41497d2
IEHPROG4	0	1	fc4f5ea9befcc75efb4cf24247ba3d28075680a179a1a8411bb4af601c4f4aae
IEHPROG5	0	1	c8d3ddac03cc08d553f346e86796ba3d4923d85180f2c05000da7454c994990d
IEHSCAN	0	1	e043528ca3e5fe122c161d79f9fcb9c4a76d9b4cf17aa89c82d418721950307c
IER8BN	0	1	65ddbe6c944a76135db8e6fc7e52a1d858d7410f4dadf82ddb051c3a7d9bde5c
IER8BO	0	1	865b9eb8bb260449418554e6312c0ef80328b8c20baecea40d5751eb44d19873
IER8CI	0	1	bb71005183692c3050c86b44066ad4aae899766a7fbcfaf317a51aa5483059ed
IER8CM	0	1	1b73c04297ddffeb7b4f63a3fbe180f08f853e6f23901085e11306b57ece360f
IER8DJ	0	1	4ed14a35b9131e278a0a88dd4c5d1f5d414af2d6b2d8e97c309737329635ba70
IER8GB	0	1	b77a04dbf2b4e3407c4e6b1d585b077afde29f6f9617baf1b35386a0cb84059c
IER8GC	0	1	0356c34530cb42bd89360ff61a8504fa3b3be424258c480c0ae28332ddf7efed
IER8ON	0	1	0e9023fc5df3ec6e55eb7bf8e23cf0bfe9aa46222df92367b3f7c2a382976add
IER8PA	0	1	3206a4e47fa5cd1e51a42470966e259ab269a2430b36a874d62d9c3fe4b070ce
IER8PM	0	1	d008ad58940ad082cd9f225520ffaea086ac1dfc4932aa4965b0c41ca9614940
IER9BN	0	1	ce174da2ef639bea482b7823a8632ccf5f868916e8ae789533742ce1e4796734
IER9BO	0	1	3e0a41b4946446adc21ddca7acdf51836d8e4e70585548793c483e7926539ca5
IER9DJ	0	1	55083dc9eed2185299ef0b0b7aff464fdf6f4fa6714c468d646f1e4b07b50647
IER9GB	0	1	b8a6e6399084c6dfa80f770aa3d8ad5e0a37c420b20f3fbabe2f8a42c384c345
IER9GC	0	1	953b3561395a629e53b25c001cd2de5d7ee638ec5860684e07c22eae4b1cf44f
IER9GN	0	1	d1a6c6168073ce43023b8c7159c0ddd55bb4c7fd16f6ce56a3640ed2bb4571fa
IER9ON	0	1	e75c80a1c30c64b5edede0e4457b4d872c836644c2ab7a1b23ef48a9bb8212fb
IER9PA	0	1	5ed00ff8e0a4e222edc4806aadfb0d81877ad4f1b5f3bd655b534ae4dccc6067
IERABA	0	1	48a970283e1e1fcb360c68fef000ae92f2dc587681f4204cbf10674d83e5ac5c
IERABB	0	1	57f9e7f610a526aa0e55fe0e0a51c42d6f233aa10dde52a4e739524fa23b4384
IERABC	0	1	c1305dc8141258a8c4996a8befb7d2ff5cce03ccf73add445374032060889ef4
IERABE	0	1	1b15871ed7edc79494ab5ca2bb2fe498a0c43c42b1c5b860e11234244e271308
IERABF	0	1	882598c3a4aa159d7312b4ad1c28dd8526bfad307f33a1e5e1fcdc0f8745624a
IERABG	0	1	a30368451dd824ce7b5396f2b221e228b4048371cd36661173db3c3473c765d3
IERABH	0	1	1e6458ad09a606a50158e9c334078719607770fc854b86ee68f78c6305e98b2c
IERABI	0	1	229e87d19c994ab900fd84c89ff81cf490a77081f6897d487d27758a2183bdd7
IERABJ	0	1	f917d49834c41d06f6174fc7867b513241b32d1d6910cf7cfa72eab83c428c49
IERABK	0	1	45fee9c3724190cba3cf7ab16c894b94138687a05df934d01ab0fd89b8745d2d
IERABL	0	1	c5255b0bebb2618178af276f1cb0f31a0a2ea213b68c7eadd16f6cbbb20bec8b
IERABM	0	1	c8faed8d8c6cd401eb6e19aa2adc22a1279efdf5b5a53199ce3ac8fa75ee5cc9
IERABN	0	1	c75c444bd486578091a7773ae0e58cb0838f4a7cdfe7253bb1909870d9913091
IERABO	0	1	413d860e750d8eeb8dd7e68da4d57f431edea468eb6ee42695116c53e2508d9f
IERABP	0	1	63443be018a47b17874e80c3f13173d5e5e63798583a8dfbb5f19d9fc1e18987
IERABQ	0	1	e8364705c5476343196e5fab4d87f0732d1c39fe44f8ad1ff206eeacba2d8578
IERABR	0	1	261b9f07115bcd48ca87b0b1e079d53bb2e0d3f1bc70ed4b58ae1224bb975f14
IERABS	0	1	294677a6d4799188f1ebd324f6853754d87ea93ecd8eaafb3afaf7d9b8a21197
IERABT	0	1	ec1edf84119f3987caf89140c2fbaa27604712b0d4f0bbc422887ab4199572aa
IERABU	0	1	4b256b88a1f980acd764e0a4596a37656f1a768409c8aeb1f886c723bc53b68d
IERABV	0	1	b0ddc930d59c24b4a779998f41a7ff723b5677292dbffcd9d17c0440e3c8626a
IERABW	0	1	292c6cf4db0e20704ae16ba4f616d1abf79f5dc481502c5c674e06d823834c8e
IERABX	0	1	5484b55104b193a3307d46205ae851e1a8656af46b27858664225d016c8b3dc2
IERABY	0	1	3bdb033c61822dd969cab85f557c62f5337636c58fe84154f6021a28b57ed4b3
IERABZ	0	1	3dd70b541b1046b035c5e3106e99601f49ad3a6987bbc5a790ff2cfad5fec0f5
IERADB	0	1	b2fdc60525466d1bc2ca8f02d88d39831eb7ebdd654227c825bf0619f05577a5
IERADC	0	1	7841cc0e98bf46b51ff8d7a760711bd654e93fd1e46f853b2b6308ae1e1467a5
IERADD	0	1	96d60bb6898a341789a7ca3c8b795630e7db3f323edb69ec0ff6b1fc9558a5d0
IERADE	0	1	c602e32593f9cb2677f0e8f7b1f05d505695938de124b7ea0851f5460d1888d6
IERADG	0	1	2576e450df0a0ce2424a4cdce49c7c1dda69b98b1d4bbc3bb2a3c16140ee0ba4
IERADH	0	1	a4f33f7a309eff76006f94cb1dc4fbdd40f2eaa179dba8cbc5614c97b162a9d9
IERADI	0	1	ea6b3ba9e0b732f0e3e0c7d11aba6947adf9ff06e6284017c6bef98749453a04
IERADJ	0	1	53d4b26fa7b55631d00f6575ec55b1cc64440fb907709aac0f954c5194f08254
IERADL	0	1	1fa17b58c2736e9ac6fd8f081dbb29ef946695fa89e18dd78951de52e7aac459
IERADM	0	1	c72ef694e4852fae6000a0c43ff4fbb3626f773144d16253df97a8c5a3bccf47
IERADP	0	1	7986c0608a10cd760cccfbeb9d80d794e39c8ccc3e158f9274ce1676c28865e1
IERADQ	0	1	64fe3fb4666ec9b9d8c20f14d0dd836e50159e6b14dbf2c185d72562fe4e8c94
IERADR	0	1	fca8c2c8d7de5a8311e753e6886dd7c70f9c3a3fb3c05f5860e052aef5dbecbd
IERADS	0	1	c3543e2f662e63985b8e0e5216aa44ad902025c203671ea359596c210f291a52
IERADT	0	1	4405fd5f9ec628f332e9ea5ba0919bf0f78a16db949660b8ccbb614c57550370
IERADX	0	1	91452ae5d712e615d07e96186b64e40e36c8abb58a1289d4264bf613b79bb66a
IERAGA	0	1	6efc59a21773b42f5497b98c88a5c1769925c50557b50338b996963adde17d5d
IERAGB	0	1	a87200d55ee9bd5e865e93ffe4ce045a4442514f26d54dec2ed619830f6b140b
IERAGC	0	1	0ee87e4fe53abff6142cee19d0d9c67086973673fa66330203573065f5e9711b
IERAGD	0	1	6b41706fcb06ea22c16d2ad6aed453477f691e3a10cc14cf94eaa4bf98b440b6
IERAGE	0	1	b1b444f9defb4ab4ef8ac0a2c936a0e661805c28f3b23cc38d8a3f8d802b8f44
IERAGF	0	1	102ef43859db42e6f623d6bfcce05febc7166060168ae38c4131976aa6e9012c
IERAGG	0	1	ad1ee67fa20149646429227cb8666146b3700d2be23748d115c4e4aaf1ce721a
IERAGH	0	1	ce94940d6be00c2d9eafdc548da4bf1c18e9f530e4456f8be371ed2a3990dd3c
IERAGI	0	1	89a03906a18059ba2fd6a026c16d3c534eb495736f7b6add1e11256162ebca67
IERAGJ	0	1	065b4653837a6efb805a852e78c38af65a39c6cde81d35526963c9b6677e63e9
IERAGK	0	1	9632c305e30747c23d21f29f0c0c7de17c5379d99593a18817ef8f79a0863710
IERAGL	0	1	ae98d3738c1aeb38d00526298459cf0d5568a6310f17102be970201d7611e649
IERAGM	0	1	3c2fafca5870e1f326e2eeec7abebd3249e2371e91d32e67586e7113fd757b12
IERAGN	0	1	da3d40f47edd4ce6fb4c77aec3256db6a6a8a5fd57e09610dd7799cd9d7815f9
IERAGO	0	1	42631e144f660e7d74f812462cdc5580d51d442beebc0fda6e272ea6eb7d1a36
IERAGP	0	1	04ca6f94019f582c32a8310ad0dec4a5f550249ee5b5e6a38c96b0f5dee196c8
IERAM1	0	1	3b3e52a46785a1ab8724eebfbf5d2accb6c1a1bede29514d81300cd4ed322f90
IERAMA	0	1	33048107edfc1edbdef25818ac33b54ad07a02a4f2f6cfa248ff72b2e413c364
IERAMB	0	1	787c35847ea9d82b21b607577eeb738f83274e5ce9a6256ac81134ca67aa1517
IERAMC	0	1	9a476e798be6fa25d16ad3ed978aca1c7c37a72ab17d72daa661de9a403edc31
IERAO1	0	1	1d6affca06997ea778e5482539706bdfed051f2a8096edc596c44fa010d59bbc
IERAO2	0	1	03d364a946f22ab2fa4782b0f948e6879ecc35051a80f22718dbb7d12ceb125a
IERAO3	0	1	0a4d6d954485943735a9b24ee48b7e0fdced4daf46ff855c6f919b7ccd08aac1
IERAOA	0	1	5113c56eb7d8f73656bf3cea914586a5556b05f022a54c51c4e3382b4b3c5278
IERAOB	0	1	25fac6aea0b454690337d65d363b964c9af4f1ba56696702dd60a31f3042fbf3
IERAOC	0	1	f42eab0137602c5e5f9f77453520efb23d7782c672862f8292241b7887314608
IERAOD	0	1	ee3be0ac2a8dc9e73ddbdaa321d124bc9799d91bc09b4a586a67a5d886a49e49
IERAOE	0	1	d13f68a40ed1bba199762fb73715fdb307127c219b0bb04560df0e00a8f2c460
IERAOF	0	1	c011f9a10be87486fc5139aa3e95ca2c40adf7c32db73ae92710dae2d32409e5
IERAOG	0	1	a709733022c74453df5bb8201db0ee4e58d7ee36c6c91142c6393a8a47ee5766
IERAOH	0	1	e1f783c013bebabdd1bfa2e63b4a6f07cd7cceae006865750ab36ea98bd48ea6
IERAOI	0	1	ec40626f6ed9581f55b800198927e5490bae00a76a567bbe05eb28bcdc8dc70b
IERAOJ	0	1	492eab1a33eb903fbfb17169971cdbc912d71b9746ce17f496e1c12896882fea
IERAOK	0	1	db65d05d86b98303fa1bea4f267d87e6a256a11a5ba41192a12740eddbd8efc6
IERAOL	0	1	20c1e384369e893555ef19c85d2040caafdf35b5fff6a2350a4537a86d68b1db
IERAOM	0	1	dde60bb49712db5b9728a72a4116dfd824d8547d8272de6149fbb8dec39a5a1b
IERAON	0	1	bab9a2a9205b829a208eb877f52f2938d349bd359dd3856bf75b36a18a8d1412
IERAOO	0	1	9ee7579cdadee9a49ad002318724a064afe073a6a05009cd8c1080d2641cd5f2
IERAOP	0	1	a67dfb7d180940b8973f3d6eeb5e7dbee4519c753660a066f913ad0f2c75e2f9
IERAOQ	0	1	0003fb387a50a358e0e24d5fc55f72caff1048655b4eb3bc300b2fa73243ca3e
IERAOR	0	1	93985582b1df6a73c9e33df758f02c416ce7fb0731dbc9c9d03f7df748af4b7a
IERAOS	0	1	d1b5476149db1fbbd98cb4c77600bcff549f1350643cf89dbbf0428b3dc71c8f
IERAOT	0	1	1ed9303b99de5da0d729fa6cde1c2a493a99350c71a4978a53f13d0d4275962a
IERAOU	0	1	e9470c2f050f9e3330b67cf9f5f5b2808535333a931af50948493241b8e9c9e1
IERAOV	0	1	825da2a4d28689f32d3d923f7f731fa349cd4e0a9d970c91abc864281135b63c
IERAOW	0	1	4fccaf167a3e5d6666c63e56d639599d1cd9fb402cb275d99194db344120cd3c
IERAOX	0	1	f7a46a3fb27016efd42dcea0ec1d1bd0a817b5658dc924f34bc154cc161f3110
IERAOY	0	1	a0ad3ea24552cd41502334bd809be0e945f162a72e13e2316f861168f38982b4
IERAOZ	0	1	774af0ec3fddab0aaf86094fa2df2beb14abbb781abec00f59557e4d8f13f04a
IERAP1	0	1	cf04f1a53add83f897185ea5d58ffe1db994e262ba1d06a73361a5c09e52d5f7
IERAP2	0	1	90e1371064b33e61efb31f67092c68f5965cf29583bcd3154d431f99726db082
IERAP3	0	1	20d2cc0e269a8709b01f59015e00358e8bc22b3a056fe2ca480629154c7378fa
IERAPA	0	1	503493307c11712c716196f3dbc54c8a490e379b38d50d0f5b7cba706fc24aae
IERAPB	0	1	4ce040f260c6086a3a7d3a9555728c177de7ce33477e85fb98ed3e01edeb1ebe
IERAPC	0	1	4b288dfac8239488a9e6735a5e907bb47330bb986607e5dc2b6e1f30ed8f3b89
IERAPD	0	1	69590828fbcb980a8f2d2be96fb5d1f696f2efe6fb1d7249dee60eecb7315d63
IERAPE	0	1	e2d6431dd0cc3250d573ebd10967c7bf32e26a3ab42bec360472794c662b1826
IERAPF	0	1	43f13df2c07c0d83031999fb1ad34ab2a4cac9688831ee7cbe6a642e5dc65f17
IERAPG	0	1	e12f49d61763cedae3664629a0f801b091a074f397ce219cda163fa5b6dd0dc2
IERAPH	0	1	2bb3e808bfee7ac363a7e12a454d5a2c32a07fdc3af439c3276e249016bbf603
IERAPI	0	1	71834c0cec59daecb79a8acf1f0889ae4652ad28041d76c969f717f2c26cce26
IERAPJ	0	1	f50fd9046b3c6433ab6f2c27dbb1a26e24d044923f5d6faa0ed9e4e6784c4cc0
IERAPK	0	1	dbbd82e1d186e6f0e1b03e5ad3f973ee1e22f5d2a246aaf7c8cb6676bcf65fb8
IERAPL	0	1	8efeadfc5fb52a102ce99d35188c575843f442934ad3611c796ed236edb813b7
IERAPN	0	1	7b021c569f1f1116b98b488575ab4b6017453ed88654b1db2d4bcfbaa8d7b2e7
IERAPO	0	1	5cf5126b2f72abcf963b5f2812fb6ae6494e58131b56a566085a3307f444237e
IERBGA	0	1	0d60b58783ab924481d6dfd8cc1545397ab08ff33105d25f3f28aaf58c5dd164
IERBGB	0	1	48a326d989f4375c6bd106ea6aabfb835e3ed7562fa49e9a0c8d922248b6f5de
IERCHK	0	1	13b6b8be6cf42a5c818716cc6aa745a2fba2b543fbf45a30e9524bea4a7c2abc
IERDM4	0	1	657f3ed85d4332076b199387bcdb7f332e332c1777b7c0126a0db69b2d7b00cf
IEREX1	0	1	8aa4f3c304e43d26f71b388f4de6daf516cd0b8d3d6d8d01f8038241a500dcef
IEREX2	0	1	0671b2157740d4ebee090ad618b76ea3ee91695a796c90168c518da0f966f68c
IEREX3	0	1	8c8ad5b8aa68790a3fe2a060925778d8dd8563209655a46e5c8fa0ef56482ff6
IERRBA	0	1	e14568b4d015a4b4b59552ebf48f90a480f90587d703456cea7ee9240d81334c
IERRBB	0	1	2797409d4500b52bbaca1d2dc38f6efbf10ff026ea5940392571ab08eac9f3b1
IERRBC	0	1	f1b88609768772bb1952ed318c4586e86b6c2c1a63cf5e3fe45697022d8bfc22
IERRBE	0	1	b09389ebd8e79bff86c595ad6b042f1ad3efa9aacc6f16325426d6e4532ab223
IERRBF	0	1	7a799b59cb1c8caab6543ae913ed102cd1b816d808dce583a6de32a6278c83e3
IERRBG	0	1	5dab35330b9b55308dd3b716bedb7b1c365f8583f2640e8529dfaad8ace29953
IERRBH	0	1	2ed275d5e7ac492a08bb335c596748b42d962f0aa0e01d46a8afe927820fb49f
IERRBI	0	1	fce6020b0908c837e3f67515036dc9e1a289125da39f530994aa9feed8562429
IERRBJ	0	1	b575f6efc1c50d33fdbc7bd256fbf398f4d95c2d2df888a077a21d2c3cf15d2e
IERRBK	0	1	50fade2d78b9e752a4665703b9c0c6150d3d996ebb98b7f2b1fab47cdd80b537
IERRBL	0	1	a264f2276a6da3d7cf611be756702ee1e35db98b4d0423a8ef02fee0ef533ff1
IERRBM	0	1	d65f8fec55c284ec9b0223faa2b6f6e685953005d1d69e4a5e3b7c2277a68214
IERRBN	0	1	12590ee877891e860cb7a79c83c816d1e52d3e58ee9f57f3a0228cfed3db94de
IERRBO	0	1	c5f7c63b3bf6e4584413b9b01b503c9cb0704f3fc42dc897220dce5731f6aa98
IERRBP	0	1	485d92733b335d5b400a1a7280bf3d5a163959f490ad8e46f8d216b634a99906
IERRBT	0	1	5cb7557958411556e06b43021b61c35ad0846c5c66cd3680052f54d0c110979d
IERRBU	0	1	25368ba165bdfcf3ef415f03ac28e92da28294c5391b051970f6b04be6228399
IERRBV	0	1	72a790ac91a376b52308a1e5e9ef55656046f56eebe0439c296ae0d13f221790
IERRBW	0	1	a8614d5e69c4497dc1d80afb880067dd2ce35a004a0a702bc01dd4bfe9efda06
IERRBX	0	1	d2f38577536485cb35f544d5f02a50e19daba49576f0049c334b0e11441b1158
IERRBY	0	1	a825c1156c7547bc69a21bea9dece6cd35d0e850820cc57ae23b35beed6d1f09
IERRBZ	0	1	e568da49172ddda8bb14f8335b5ef75842e3a55ba4036bdd51da6ab46b59d750
IERRC1	0	1	c17cebdd42fb8132199c02d91bb8eb9292786c738ae57c8aecf0e78908125b8a
IERRC2	0	1	0222dc283694538115d6768595448520e44ccb17c44c662f7ff6aebe985857bb
IERRC3	0	1	331726cba2521ea64f9716e2c2647eec9094adcc66cd8615d7f23186b53271f7
IERRC4	0	1	046e0c83461c9dae0aad071ce0b4c1ac4b173f850295cad5dc046c7d5b485b91
IERRC6	0	1	a5181103a8a1e1de85554bcb46fca7915a4ba448637e25e2a9822f4b7ee8724b
IERRC7	0	1	adedad980a7f2d4302f231c75630a5f1cc3659ffb08fe309b0bc544410d4ef04
IERRC8	0	1	7158539e5c55ec3930bd4adc5281c6eab2930af21c50650cc3a12f4ce91428b9
IERRC9	0	1	d996460399934dd5f50ce963cf96e3759eddaec362bb1d5f2093a42ccbd6758c
IERRCA	0	1	ceb01f11d41b2fe79a3fa763f3d2d8752514a0036af76860ea012a62e4e48118
IERRCB	0	1	db89083c8a8539e00367e5fc7659666d08dc3d73391f953aedcb300cd1331b5d
IERRCC	0	1	039f67bfb8218e5133d1f3c8b8b462512c2379fa6130fbbf2881265cb12c594d
IERRCD	0	1	bca086b6d09e88dfe937176de7c5f95ece5e8050238adc27a66b116433c60998
IERRCE	0	1	1f278be8e7ab77435ad477f28b1bd88ac7fa88ac37118c09c425123a4d786333
IERRCF	0	1	1a4ce9ea082eb87349ac89a60b6e8c1665ec4fbdaa09f42b6468aa8b0131efde
IERRCG	0	1	437425d2c06a0cd2843aa5c3c3962bddb0aa798939c43345a33a2b11302eb235
IERRCH	0	1	0968adc8fb992712a0c65ab5c9787ef85c4e366f0dff9dd05ced35aa0685393e
IERRCI	0	1	3e5b1e6f06a4a201d648bdbc6a3cd4a1932aeaa06416a9802334c53581b1ccb1
IERRCJ	0	1	7fc4e9aa844069b2ec9d80d127f4eb9b6c50276c13e76302047de85d99e2bdab
IERRCK	0	1	45809301a58113017d83011c8de296d7010b05c6603281b1c1e71aebfd48e087
IERRCL	0	1	bef1f8a46a75f70b982cb5bd4c242c67785c38c2476a66b0cc7e66cac7ba7eed
IERRCM	0	1	d867a554c9a28d174d8425a3321eccdf48acc751aac06c118cdec96e03579ed9
IERRCN	0	1	3147eed4aa06af37f4f9c0f825dbc347312ae1be06a7e0425ebf40080108436b
IERRCO	0	1	ea1b748086496080d4d5dad020f6642c6dd8d2a88e049ab92884be292443aaa3
IERRCP	0	1	91d5597b23f98fc40934ea2e2b8f9d16056a67e486324d062c760a8d79a0e5f5
IERRCQ	0	1	818254231c36ff25a4cf1181ed8672add6b9675fbba3b8524d8915e225fe63a9
IERRCR	0	1	bd4f0ed05fb46c0745712a73ccde22608bb274d0f6029f15f8366bb8d8e593e5
IERRCS	0	1	d75527cc36edac3f40d4f81465b4037bcefce93c2761d7010b39ccd402a3baa9
IERRCT	0	1	a6a55ab049d0848322f2e6c738535a4fa0e63b322574c912e9de9df7e05873bc
IERRCU	0	1	7153fe081187275ee3287139636dad4b1a99d56795dba9ff4c59bf7df8c2f689
IERRCV	0	1	4eb23ef01dd1bd76d31dc124ff393493a82528febbc90349d8e71e33082e034f
IERRCW	0	1	377b07848a849dfa5913411cc92f9eb0d3ec73db02f04a7270248c1ed2ed30e8
IERRCX	0	1	68ee70dcf56265b8271ad1d56b563ac73c977a70fe378abad4e86d764e5b46c2
IERRCY	0	1	27a99fea2297cceb3bb170cb5b0691863726fefac44a497b4bc2a9e99b7fbd5f
IERRCZ	0	1	3e58e4f3d804694bcbc1ed193624ce2f22bf261374c8d9db200bf84e6702e144
IERRDB	0	1	461c100d590fca32aa7c215efdc9796bd5d80b655de4d26738528bf7eaee1038
IERRDC	0	1	c1cf96d5b0bb4ccd4b4d3e23e1fdadbd15b4d153bf05b707e4f0596a3e282de4
IERRDD	0	1	3dae5f8b44daabefe11e77a6838baa218916fb36cb6562d938b9659f6a7630f7
IERRDE	0	1	6d18c86240fa9c3b3731deb96261a2db2a68680822760b9b9c696f84d10bb4c0
IERRDG	0	1	99098c79a4c8c56886214b2c2420e2d60b0bd958e38f58873fec5b790e723657
IERRDH	0	1	2d7420b91d3d0ff0cced435c61dac1ca1f6a5e893e956fa97b16cbfaa954a6af
IERRDI	0	1	53eac7fc3e0f10c3f6e2865b6b690dc3879ac2682354803900f4e0c9248e8d03
IERRDJ	0	1	7a8a18420e02d0557842d047a1b2b8a2199d9c6c9824da5599702b8212223d5c
IERRDL	0	1	c2087afae020915770bbe68b85cfa271c06aa3dd885dd6a4b4e21c944526949b
IERRDP	0	1	2fd50eff86ee186d7025de49aa86be19fbe26149317f9ef4a06fedfc2b7c10e1
IERRDQ	0	1	979066347902d9266645e886f0ca9a30e15219e49f0a4d1541b4460e02f7f466
IERRDR	0	1	1abbf4928677f2e35b6d378271f4745fc09e8c29974a4efefa382290dfbdee26
IERRDS	0	1	cbf28983e05a816ea86b36df38ff616b3829543d62ee1a1df98765e487206da9
IERRDT	0	1	e3e3ba1f7fbd3f50863877808b5ba0c33751e96ce285b8632a888bef3040d524
IERRDX	0	1	0da0b30dde121bd673cbff4b4d5f495c7f7fde0377f91745e30421b889c7d737
IERRGA	0	1	80a4141c9d1fa50be2091d2285c4de257cf855fe1ee52bc6a4628ba39e21e6c6
IERRGB	0	1	2477fdd67260270e3154cc28eb9965e4a0942e3e33b35da30e654e5a75a4e016
IERRGC	0	1	0fbb255ffaf8134c0bfb2f10dbb654c7aae97ecfc583bd603feccdb19b583e94
IERRGD	0	1	f7b9a6dec6b52bf45df450e7e32b84cf5587ccb8d27d59b897b3a9c75de38e65
IERRGE	0	1	5be4f46583483a5b7c87f74647de4071b70e2d84e2846af4b6ac9c1f8d61791e
IERRGF	0	1	0774392f7a3709cf19b0023f0f5723fa7f1f8aa251451ebb14c3711de5f0d107
IERRGL	0	1	95a3cd61be20896907b92e4139c6b7de19fb2bb662fe72214b90e262a643db60
IERRGM	0	1	b29dff40292b44d780f8199355b3bdb4ac4562e60727bc2de6690df672f60b14
IERRGO	0	1	f37ea8b7ce5b0c251c40a2c38f074722586e11711bdf8eca0653d0aa4d7de821
IERRGP	0	1	aafdeedf51240a0e005e5f6942646ae27d22ef1c17347a2ec369a6886424dd95
IERRMA	0	1	b55c4f67608ea42ee1b9c317cadab2815c00ccce190d7c42f2f0f27dfeaa6f2e
IERRMB	0	1	7af9dc9ba105e9610d540419cbac75606831a13e49e61243e03344f9cb907196
IERRMC	0	1	51fab7675da67deca424e9ca84777479f0d9def40cce732fa64c421f9746204d
IERRO3	0	1	e8597fc93367b6665862fd7c1f97a71c8088ad86f4f2c49607442e5a84a0b3df
IERROA	0	1	c9d4b9a574cfb063dbefdec12af2298695217e6580acd912b7378feab2eded91
IERROB	0	1	211f47c48026f37891a6ebb63332f55d36d75b7352ad199af9860eb6e28cca51
IERROC	0	1	37eb43e5a1e06f41b0693214a50d94f01c1192ecfc0b0680759b15c31731c802
IERROD	0	1	e0754b9d7e643316e8d7a2bca766e19e7af3452144c8243bb2ab411dab423aec
IERROE	0	1	b6504f00fc9a34066fe07bff525ea2edfa2c7a879fd0f27b51b2012122a26be0
IERROF	0	1	b5cfa91388b31eb1fdb5c58a9bcdf02e101ca3e6a9061fedfaea1b78e37e7258
IERROG	0	1	f02aa08110f2b73d5082c17b0ea23f5cf7f1bf4d08c1b5e4025b81ace9b169b0
IERROH	0	1	08a421f045704d6ecb5565c22380f7c17b1712c34e02b8dff632dd020f6eb842
IERROI	0	1	7cd410e9d74de2152f20c2807cddef28eee70d7dcbf7a244dba096ab902de29a
IERROJ	0	1	4857b50baa717242c4e3b97d3f97aba106224c3f11647b96f450eda5f9485f3b
IERROK	0	1	1b40c091eca6468c4c0bb9fa684cb1bdfebdbfbcd387f8932f9b4d7e015f9b18
IERRON	0	1	6fd03c8e36b699a959e49158e53484ab053e368abc6a9d7298bf4747fde8308f
IERROO	0	1	59af4ac3d3a7b97a25113f5e41994708023c056dcc0f582f17ab2afde0375e8b
IERROP	0	1	6981f08b047b70b07197f71eae41dd843faf9bd4cd6bae2e119897214307273d
IERROQ	0	1	be8e6018a716078c3f452688ce6a6312ebb8e4ce2f1c842ac06fa5fd437bcdd3
IERROR	0	1	9f6fe15de8714854ddd2e8ba5a004ba80306e5e95b436a0114c8d58ea36eda46
IERROS	0	1	a5e68c913bf8e123fe88b51e3685b53b02ad4a5f02f6cff85e78611363b4eed3
IERROT	0	1	d486f6a085d7d478ecaa7e32c49f06e2c1382a31dbf09c86307f1fbef84b6902
IERROU	0	1	525daebdcecd156335d79c2efa8e58c5283202318377a46163f2cbdc7131f7c0
IERROV	0	1	68509377471acfc855dd8eabe766056b837ab3e68375ffde3c1b193faaeccd22
IERROW	0	1	2a538de4268175c00cedbee0e3c6a2b0d9384b1a67946990c287707510b1ecaf
IERROX	0	1	a7273868639ff86e4406f3dc5ff0a456839a136f96e027082a218306c78fb9b1
IERROY	0	1	c750b71a3f0fd28dbda1d231e9c7dc2f903bb089d7714e172ecbe03ab61ecb85
IERROZ	0	1	2fa6393e9394594f02e19e40c6e0b1a154fd5beb7801f860ea38c06e1af5d20b
IERRPA	0	1	14d8ef38a6a039b25ccf3417abede9dacc4c8d5deeb75987a4f816e30f59fd7f
IERRPB	0	1	c5718fcc571814c99e9822a55169b05f2a872415742f7365fa41f676144dc923
IERRPC	0	1	bbfe8525cb773e9bd10144c97f9bc157d7bad7f05e4662e4130f9e9a23384bd1
IERRPD	0	1	9137e45e193ce4c6d16855a0863380df52e783b25a5a4926139f33da383aecc2
IERRPE	0	1	f7aebd0276c2faf1f57c14e2eec340fe8c94c0f0e0780221b9ccf60abd7a5d26
IERRPF	0	1	ee772fd394b3ac90de58083723435511933a32aa5b3b98e7e71f66d309928556
IERRPG	0	1	201ab18d1e4ec3a4eead6dff50fd95758d7777f2b605be4991d293eb65e25b24
IERRPM	0	1	d6f7689d65237295792b71dc7733613deb4f595493a6719cee363d660bf1113f
IERRPN	0	1	9f965a0a8ba0e92bb1747e54b611e097aa195a376a230c8c076b2404804aff48
IERRPO	0	1	2c89a8939a5bb6f5783bbf9beddd0aa7ca06329b563c97c5d82b400d207c89bd
IEWFETCH	8	1	2d865d8e471d60eddb30b0bce311d70bcac281d47dad9ab8232174ed74055c92
IEWFTMIN	0	1	45db7e4f90790af83dbabd6739d7dd577a90a0c937900ab92c56128784a72a5d
IEWSUOVR	0	1	31fb8db95d6d6dd8c82462b2e54d98bda2916873fd11072a1cb655c816cd35fd
IEWSWOVR	0	1	4a983cf3762a85d05ae3fd2cf4fbf8e8c7ce712e809cb0b2faefcfb903e01a83
IEZDCODE	0	1	ed08c8a6635b2baffb46b83c441f6d18331f43b3119e400977632e928e0621d8
IEZNCODE	0	1	4cbca6645995d2bb7056549c6b0e117ce141ea9e77a5654546d287e5aa233844
IFASMFDP	0	1	c0177c29bb67d6fb78c2fe5f1b3c361242f9366c62bb09544067245690895357
IFBDCB01	0	1	50bcede24089eedfd371edac6d79b90c851401e6fa3a5481be8720423538154e
IFBDCB02	0	1	cbf17e7d620bfe53e007c201a6cf6f2fe2971225c9511c50a1fd4703b3147f57
IFCCRNDR	0	1	6e0549d78c6df1bf77f19357224cf7066018de6a3df2c5bb78a076ee9798a8cc
IFCDEVIC	0	1	677e7faa4c9dd2f3648b3b7d4b2b22cb4ce34b720a53b558fbb60ee1e23e03c4
IFCDIP00	0	1	6c199c022539ea13d053a7bd3f510713c3c8b36b3648b6e781063d52061d2108
IFCE0115	12	1	f2d2e6f37eab0eb12ce09cc34a36c2d23465ea133553c9433edf4b41a2780f9d
IFCE0125	12	1	991fc187b625d478082d5aba2fee42127192d58ddf3b2e22502a7230b516dfd4
IFCE0135	0	1	4342dd27a02645c6f9e58bc4bb2e2be6e68bec7725f629bc9e64fb272fca9d41
IFCE0145	0	1	5f1ed0a06ad3a4016bee6f6d0992f3b2d2d9a74048446401892e84e62db3ca9e
IFCE0155	0	1	493ea1c9ae1ac0b694bc524c49760209ee954f4ffd8b6f583038829628c7c377
IFCE0165	0	1	6b11dff2df3bd3580197cf4c3cc4cd53886193444bde296948e58cdbc7600c02
IFCE1017	12	1	208c1a9a48338c877a007f87f27692ccf808986853a0222c136087da2db15627
IFCE1018	12	1	a9b15e24221f544b09a24415461d0badbbc42a249db77d8609b6d60f20a650e5
IFCE2860	0	1	e423fae6189883c738acf13817149fd490fafc51694a3a003178a56e989961d0
IFCE2870	0	1	75513d1ec901faaaab69768fd6782f8f664b2691ec58bb0d1db0500225574ea3
IFCE2880	0	1	a0ce6586e19343d28839f4d1a8c6d7afa7926395483f35aa998df1b5b71c914c
IFCE33XX	12	1	77e1a51a24ee4ce6cc37fb3344ca0af7bdedee0c1174fc2216f6ef87febee2c7
IFCE3401	12	1	462287bdd61725d03eb58d6ce926300a8794b6bfb7ea13eca9ea481e67d53a46
IFCE5424	12	1	1c24495f4ef6915b049525e8e695ebeac0559dffb933ac4713d5a9c76875d2f4
IFCEA155	0	1	fafc059b8211432c66054a6649f282fcd86bcba627a627b1548689a201813f3a
IFCEA165	0	1	32eff326b3531a907581d61c6a9cc46985b8cb38dc1379d6b5432641ae8c5f36
IFCEAEXX	0	1	88e26862acfbf56ba44dccaf370b0eb4e64f1d3f98a0a96d6690d326e6ad4b58
IFCEARG1	12	1	a6f11424e01b3b30032e585186a5994f8f453ccc120ac18d9e9de1ae36f131a3
IFCEARG2	12	1	439ea006b978efbb8894c31905dbe6c08a6e459d145c29d346bf22ca20d7ca6b
IFCEARG3	12	1	c14f2f76fae2861f613964e2b8279e63f23eefd0777ef0a9692616b7dcbc9f7e
IFCEARG4	12	1	c9fd3432881e231038e2466084cde2f011b68920e126ceb0b6a5579b4f69b611
IFCEARG5	12	1	054736d769094811012dac863993be2cbea15f1120127e2827765092ff90db6e
IFCEARG6	12	1	9291ef4569cee8b01370047d0d96b253f3dc4b6d78f437c4d769800cba81536a
IFCEARG7	12	1	8e87fd117cf47bcb2253c99439e5da4cdfcbbbabbfad5ea97f8a62577fc3e13d
IFCEAXXX	0	1	47e07a092b3d6528eeaf21bedd0242f1b3a22dbd30357de848a88b7a3b29a66b
IFCEB155	0	1	550674c8d2877c7ea624e84ebd1736b64d82501c8b06fe9f75fc6ab391e5d00b
IFCEB165	0	1	c471b26dd2296aa8a0cc9299ccc5e855bbb70a3914d249ffc0080e8270f6f823
IFCEC155	0	1	a32e00f08a702ca2ba62e6714534e6f420a5b8e764fe449fb76446798872dc79
IFCEC165	0	1	cc05d99a68f267a283ba67a9e0af431fe93ad27bd252047509df185dd18394be
IFCECHAR	0	1	359488e15b4a147592f64c1fb62bc93182d0b9f1fbc3d3dc1f599e0f3e5ed022
IFCECUT0	12	1	6fb2feea54b8701ce27b8d17f011c933287a1e8a76e9aa3a7aa358067b0888a7
IFCED155	0	1	c94328564a647b38fefd9b7ac82f472358e831d4d2909ab7daf883d7c928a0aa
IFCED165	0	1	396a0d890ce0eb90530fc343c30ad33b5395aeb62e9857fb710cf0216fab7cdf
IFCEDDR0	0	1	1fcdfed1233d63b456a9283780856cd9bbf5c010d64631e2e5ed95e9a9b4ea33
IFCEDPA	0	1	f1e2f257df2dd4efc7a1f071db9f222c17ac3e01b696d844aca08949607eccfe
IFCEDSUM	8	1	7a2b29a5cabdc92d39b64650d32bdffe5d0a50b672ade90a89ee86441ef15b24
IFCEE155	0	1	00054ca991616ddc39843dd6e9baa9dc9b4dd32d14ce060057f754e25d67b8ec
IFCEE165	0	1	93d5d79c0379670e82d2ff4ed78fbd0e85683c70972dcaddc7df2fd6f7767c6c
IFCEEDIT	8	1	3cd4fcf9e05945653ca5499c44b11e563dfed86ee9064c53e8bed3f15cc94bdc
IFCEF155	0	1	dfae714317038f9af6f27420694eca19e9a7e1421b8fb3abc5ab60acb7c3e076
IFCEF165	0	1	9e584883cd3f9344a942ffea5621a83c19d0713fa3a921aa375db2d82c89d280
IFCEFBA4	12	1	9eb609b1a7d54dd50845c3f3e8f7cd0941604486ef6e15f54732133de0b15fe3
IFCEFBA5	12	1	6f8726ba85e3782d203779cef111f56a3722f625b303db0004cd9e3d5d4f3afa
IFCEG155	0	1	199f211e2e61070e68bb0de6c14a27a974f6c0dc0329012fb5c2bacd434ef6d2
IFCEGUS1	0	1	dd2a94d1ad7fe35acd6e07b2f3df3564037c0e5ed556d8167e6564dc4f893757
IFCEI135	0	1	2389ead72fb3e398724eb53bfafdfbf6b48fa7fec149c81b2692644cf8ba3049
IFCEI145	0	1	944b2da6e8cdb7ecc5d91848678bcc44e5614ae656746e22e78cd9b81d2fdfad
IFCEI155	0	1	8a127360dd5279b63b99b6f8b1ef4c470c1ca61049c86d59315e7ce1128a5186
IFCEIPL0	0	1	4a979b8c73b6094d8f52eb6c8bae93909359246a287ff7bfd6e5d4572af1a4c0
IFCEJ145	0	1	27cc269f2ae2e0a6324a1b991a4f40fc8e81dda1d8ca6faff219b04cb9be7edf
IFCEL155	20	1	ce66841bee6cc7d16da0a87e49ed9826e52eeefcb581dfc4acc339411227093c
IFCELEX1	0	1	3bfcaac7bc20e6c81ad88dba5e8f62f535e423f473df8d5e5794db4692b86cf3
IFCEM155	0	1	67d1ef0f9bfc2f156a172f6a93b4f79e92451840b74f892a74eee133e6cd6813
IFCEMAD1	0	1	bf630a092eb76096e7850e3f2558a3539eee111d7a78e244d3a310f970713dc4
IFCEMER0	0	1	246276291af7300be34f902a9f65521f86b910942f006e29c6f6436a4ad69766
IFCEMER1	0	1	a81d2a37fa68aa209db9417054f6b559c5e4a86fd5cb99b9967499e2a725fb4a
IFCEMER2	0	1	4b1bd180ed9d32b0c9090038cadd3086771747eced616fedd260f33c3d5363df
IFCEMER3	0	1	f5218f5d48d5442fc54326f1eab7ea70f9bdbf7fccd9e2c6650d23db6e3e1a53
IFCEMER4	0	1	ba58ced196192111c77e048bcda1da353090ec04d126ff0896411872f219e5f0
IFCEMER5	0	1	e70fb50f255a6a346d1e6614c8c56c87cdc4b482835f40f804b9e118f201f69b
IFCENAGO	0	1	d9089341a9628fa4de595383599e43b42424cae1c8acff297721cb4626a9a511
IFCENF11	12	1	2b568c7649503fcd6bb38696f7bd61db6d80b39e26f875f3e45e4a96f205cd76
IFCENFH3	12	1	8e43fa55c43d3a522b7cbbb9060071e2116ccf1a190b084d7d6339b8bf022b8d
IFCENFM3	12	1	1c2e2c89843025c788cea24503298c001c5ba20a92a21367d7eb4363278b6e7e
IFCENFP1	12	1	a4885e64bc95e1455359d9b886158ce09cdc11fa9a0de1f87e2a850fb993577e
IFCENFP2	12	1	e585459a01ddb925d0626010793378c4a0e82d301ca7393c2dc3e660748ea270
IFCEOAK1	0	1	22669e754c88e94ff7beb396793d6d8cd978108f7f358a4244eb22cfc7f84a58
IFCEOAK2	0	1	d20f41c16b077b47e8bdedfcc8e3d7e18c0a9015d04777c31667692d26d6315c
IFCEOAK3	0	1	b1496c502c6d3c446e9a7e4d6b385f19156577daba795163778c65cc6a206506
IFCEOAK4	0	1	ff0f641e2cd2545a4444f894dc71b3861a78d83f08a34f4a2d4a58014211dcee
IFCEOAK5	0	1	67e197a7ab2c5bd354805244766e434f6eb40e78adec1cc3f86d447dde269d38
IFCEREP1	0	1	e1d3663461029eb82ffa953424ba6de1c48e804e91b31515d4de2c5a9c139dbf
IFCERFMT	0	1	5ded6131c7a9f39577e389bb336827af0da33b16c768865653cd56a7d57f7d1e
IFCESOFT	0	1	105b2ff246d2666667b48e633a602aee705f8e369497b42ab643f20ce82ad00c
IFCESUMS	0	1	f9d3916be01459f2a7a1e58d5e151a78ab0178ecf14b58560528193d87fde9e5
IFCET002	0	1	32cfe48f08402038399332fabd7bdaab2b14c7305e46168dc89798afa210a597
IFCET003	0	1	85f4f03caa9265c3d12e268dca85a336dc0920575e0f5471dcea2a739f2b0c72
IFCET004	0	1	d1be97b144c33b7b57182aef3828e3dc0af8f662983c54bf11b878d2799376a3
IFCET005	0	1	84a64f675c5990c5bf4be5997d370934ae3067249cf57c67c04b2b617822f0c5
IFCET006	0	1	452f10e99dbcf42a3d3f90047f191c7e940bc8df5cbd4b0bd47749563ce7327d
IFCET008	0	1	d491926ec2598f4ef5ae4fc92f3fcf50740542b2271047ebd01edbf6fbfc03a3
IFCET00B	0	1	0375358581666cdc6daf68cb89ad422617e393d1d283fe4a747770a97a488ca6
IFCET00C	0	1	a235e9bf803b7ace9d0efaccec517b3e176b1f611feafb80aba9a4f0049c8d00
IFCET00D	0	1	80cbb0553a4c2c7c1960b21a1f394eea7e719620710da8711b91803e48bbc2c4
IFCET040	12	1	66d81bd7bc3cc8bf795435fc2708584e75fd05ac8ba7c51cdd25e7146708ab77
IFCETRN0	0	1	d993cbda2dad33b6568f98192d8cbf39b0f1cefa9eedd62f80cab2318605d2e0
IFCETRN1	0	1	da01e029de14607cd1860a24dcac3ecf18bf840af3adb86d1392b9f9914289b2
IFCETRN2	0	1	d57af10dc9177bd1dde23e4c0d7b92b7e3c15ebe17f4b6015f4ef239333ecc5a
IFCETRN3	0	1	f28077072dc1887cb3e61c87926292fe7294383a9bb58001eb3b1d55b9364a2d
IFCETRN4	0	1	09332ed9c430fcdf03d3ff303369567beb8708a131d7ba50cd791c97e0e5385f
IFCETRN5	0	1	2d7f34d7509fc3dc85f373c7a7059b05bdfee578bc5b0660147a0715cb570078
IFCETRN6	12	1	68e5dcf8db4ecb3d716cd19fd49bf98a60867eb31f5ef74a23a6daf941122af9
IFCETRN7	12	1	453e0d238c06f2d520e1e1130396932f191b545ef411017322328b540cf03146
IFCETRN8	0	1	c680d92fe03109256584d323161d47259e2fcf20b32809361bfbc0f8022b5cad
IFCETUL1	0	1	bcd9d2ed907e375ace2ff26625eec29d312ba953c599b1ca6d9ad46b84f5afdb
IFCEUKNO	0	1	94e84f8cfc66d8f0244e6525630c4bd9baa45792b342a469eefac392c5b45454
IFCEVENT	0	1	883cc74772284d77e868c38baca58e6681d6b3c7b479a1aac9095bf903f365b7
IFCEWHT1	0	1	eeeb0ad5728004c4e412f9481bd52d053266f702d7b851230d4f564d7e9bebeb
IFCEWIN1	0	1	205132cc0829d871c2770f334973e8f6dc0925d470f19d44afb6db38fff77005
IFCEWIN2	12	1	723774cb502610de8f2424e7b58cff0c4e5316224437f519f2003b29f0114db2
IFCEWOD1	12	1	125959c1737945e4556d15ed57d2c711bf4b6830dbab3293bb93c5f10dec231e
IFCEXXX0	0	1	da225e1d7f3be94a3d8e4c962bf1b95bb01a7765a02ea15ecc7fe262301e78dd
IFCEXXX1	0	1	1f5a0fede93775f4a5c9c32bf0aa216a030ec35e98c507da2f8849eb1866d2c7
IFCEXXX2	0	1	ec84a8bbb89644dd64cbe078e42b93179f5afdc3f308f6010240e2415fe371fd
IFCEXXX3	0	1	7ee7f1ea456b954d1863d1b21225dcdab7af4b2e213c69ff8607d5fc17f060e5
IFCEXXX4	0	1	6370cbef6f9c413ce2656ceed5c5a17b9295389494ed66a650d5fb4037a2d94e
IFCEXXX5	0	1	3f8961104a8d1b6ed18c1beff27100c800dce8438a661dfcd34625069db89164
IFCEXXX6	0	1	f84293541a8dfd7407ba85f4504b3dbf97eee6fe17a6cf085ba3d1897d0bee2d
IFCEXXX7	0	1	d63d59759c117412d624b40eb43a94f53f9f47e4fb2cb315bb186f0b6659074e
IFCEXXX8	0	1	69b11e07d145ab7be82d1b79cc743800e5d798d9e4cbeb6fcdd6b8fb51dd1fd0
IFCEXXX9	0	1	9e6e9eb062cdb68a01ea0bf3ab8106c8d95e03508763185d801520df3eb0b90b
IFCEXXXA	0	1	e707d743eac849693cee4b19545b8a92bffc9a38e5728bfbdd2269e8b402359d
IFCEXXXB	0	1	55a2db1c8b6810445521e9142bdae5836be57c54e73687de12fa80dd60b6d50b
IFCEXXXC	0	1	f19d5773c7b5e94f122cc4dd1e7f07ce2f79786f642c96853d3b07e75ce79d14
IFCEXXXD	0	1	3257f45eefc5152b6729afa45a88e9565994fe0c5c0ff2f12b0b375911981185
IFCEXXXE	0	1	b3a7c6199be000d4a2c4a84d67b2e87a6f680f70f506b9d2e3ebb361a131ae25
IFCEXXXF	0	1	4c56cec4d67366db8a117952d71424ce612b95ea95386557b17508aa835ce993
IFCEXXXG	0	1	61f54c4217af0eafdb1f3ec9e73cca5360104ea52315344b6dea77085b528bae
IFCEXXXH	0	1	7409c2d55d66d6201ea1087a38e8e0b89d7cf8cff9ab8a4663d1b631b4536525
IFCEXXXX	0	1	1746f6d7ba96d5bb3679afc4da0a16ba3d0d6c5cdcf2c632a1f6ccb1babe6fdb
IFCFILT1	8	1	6d1cae71a1ad2f3245d1786bea30b1a40f7c780e508438ae894b8b3e32bebc77
IFCFILT2	0	1	e46dd417dea804cb98e0a673aa7cc2b9d1d3981ffa301b0b86af9e7744e89c4d
IFCFILT3	0	1	53470f028f86c7ffdded2175bda5c7782d6986787c699ac318e0cff59ac0f188
IFCFILT4	0	1	1080512dc62a22b673f5397ad9413be96d0e250c18b73e7dd40bf27c37239156
IFCFMTIO	0	1	4c1e2befbf13003954a109b01552757795b2060a5aee82192ae1aacd1dbd821d
IFCFRAMC	0	1	ae7ca7da7b0b6b992c708cc40381a602dbf220460c86deb3b416ccc8de5a9fb6
IFCFRAME	0	1	f8a2759e52702a49866967557960e2176880effbf9baa4556138a4707399bfe6
IFCFRAMM	0	1	572df39811d2df9235e7f2cf6f8fd6b73705f0c8fd9081039005132dfe10da97
IFCFRAMS	0	1	9fba5238ea8fe5b542a3f33b9f4c427709c7b932482fb164c1b3b13d7a41521a
IFCIOHND	0	1	259a8a927ca98e126f7c9aef15c36c92f765eaee9e69b5d7faa82e3ad4328e0a
IFCMSG01	0	1	893de9f13e299941f2966924183da82e86a25906971ff78e6886acc7b77efa89
IFCNFPDR	0	1	556ca7dc6e7dbf2acd4dc1abed4a1925701081407ffc98a3ec1768c4201afbaa
IFCOFFLD	0	1	c1225488f33f0fd252eb64ab5ee6dc0fc61b680a533f4b79ed4b595fa1cbd4ba
IFCPARM1	0	1	20da84696b9e97370919383b12660cd06ffa535b7b564a702e1be23ea97bbd9a
IFCPARM2	0	1	42184d3bdeef792d32eea3076dcab89973ab07d2062175c2323b4beb676700ea
IFCRDESM	0	1	5f11b8f530061bb3e743358bfb5bdad900a64ab1bc85ca633a71bdaf50194c6b
IFCRFLO1	0	1	3c449a45aed0d9720be801b7e248a47fdf07d45d5d8f7a88d8879366e50c6e2c
IFCS0115	12	1	7f33d9eb7a76cb534b758521ac468107069b96e47358e22b99ef1ce8276f49a0
IFCS0135	0	1	3c7f41748b9325c47668e4ca355fc80e52239348a507b1771175e8333b032d45
IFCS0145	0	1	8774314f60a3fe8bab64f478bc9b4d6bc57945645d7133e6fa2dbd7e5900b10a
IFCS0155	0	1	109794d810af3ea03d08d511c6bad8e98dfd1f72de8786d516c9473a48f1373c
IFCS0165	0	1	dd551166dcd6e5792074ff57c8db988eea65885232b93218fd2d99fce57226c5
IFCS1017	12	1	ae3db12410588bf20e8bb9287d0176e84ca937bb6eddcfa4f31ba77839188aa1
IFCS1018	12	1	e350fda195d5132f5f4d71139b9ea7c9a7b4adc515e37b5ff3c6c7abdd569baf
IFCS2860	0	1	a046ca2a70354292c1f2f68f732092f0ccaec6530e4e658d8f90ac28ce96a43a
IFCS2870	0	1	01f7a882183bac987db27f3abe6f182284071afbe69ccaa1a3104137afa18608
IFCS2880	0	1	1490988b91dcfde61aaa221686bc8332090899d85eadb5274c5421ec6063d4ce
IFCS3031	0	1	78a9d6935cc110412224bd5a4c470ccade286958ff7be8c17c3baa0fa5ee1114
IFCS3032	0	1	a16933601d11ff22d0c8a9232c26a2ba1510ff18f6f29d39fd82c75e7c034e57
IFCS3033	0	1	9596f673baf703516c8aa3777a0107b742e2aa66d54ac491d93c47a4ec000a93
IFCS33XX	12	1	d323a8b6deeded5bc3bd7a1692323cec126d1eab06a40eee221dc2e62e06513d
IFCS5424	12	1	4dc29ad57621246838f8c42bd73862178db585d0c8ffd280fbb8c15a3e612c54
IFCSAEXX	0	1	92d9b080fb319409f3f1709bbacf13cff1d101a6e55431b4a780af155d4b0141
IFCSAXXX	0	1	530e5dbd83b3be5800a3b27fbf01cebf6e3e5ac3f0d47d391e655dfd3e0377f7
IFCSCHAR	0	1	ba3dffde695897f77ca2a497c341398e79f2d00f6c0d8a64b6fc85f0f0544f61
IFCSCRND	0	1	ed3b0e468b33c90f729130fbcae63b306993374b42c0a3e3ec763965b1b51631
IFCSCRXX	0	1	ee846b225fe28e428eaf3cb2d905ba4bad8863ab1e3c4493823d44d130d4ac86
IFCSDASD	0	1	eff1b1161725687cc6988af02c6f4041534447786ed2978878c88dd321c1aa2e
IFCSDICH	0	1	1c3a9d4709ab7ae2966ac66876dc1bb49c1b77393cfdca002117327019e0c0d4
IFCSGUS1	0	1	4ac1320834a73d0795dfb21bddac85e73ea5e1829ced90f444c980097ec6e113
IFCSHARE	0	1	22c977d175017027bc7661d4f43b1c73f210abf3297e63e01c2719b566deff14
IFCSI115	12	1	e9bd294004be9b9a159f4d0a4d3f1fb52342ebad5a2129f39c8bdd839946512b
IFCSI145	0	1	87374b9a841c8f54e4178ab86c9c8dc53a1c770fa5ce040d352d62533c775221
IFCSI155	0	1	3fb15d84947c4e84f43d2a277ad2639d78eadf457b60f03841b7314c05fc176a
IFCSIPL0	0	1	b61dffebf48bfc330775996b808d71f67f5f48f04df98745ef31a3b8538b458b
IFCSNAGO	0	1	69d8eaf33c2961ee276043b66c3b5eb6476f2409b577476e8495b7cda20f5c57
IFCSSOFT	0	1	48558bf02f00c2c4006f9061dad8142a1677884b1e55042a3ac2ace982c8daf8
IFCST003	0	1	bea4771a993794bb90ebfbf802202154f50723b533d38de02feb20f59140ef26
IFCST005	0	1	20c2419316da554786a2fc68e02cd6f38cfe2f794011ae164ef74e150b0318f1
IFCST006	0	1	54f033eb3b929152cf484aa21bf49dc50dce033a6de26b3bc061325d2fe09deb
IFCST008	0	1	c25ebb53fb2dbeb4d188351e005341192f7e2e5abf99b20086811b0ddf2a6956
IFCST00B	0	1	3643efdbf73e1fb765fb1cf2ab69da47966f103b8d7311378edbea0cf409fe23
IFCSUKNO	0	1	c9e439e607075833a5871b8745834a5a788bf4a7b01b9f95d0bfa7524bb1ef7c
IFCSXXX0	0	1	fff091f49a29e27a84ee453a716e606b324e7f3b31546783d6870bd5edd4487f
IFCSXXX1	0	1	e25f2d3c0301c6d592d5a616611ccb17813866cc0e2bd56d0a6b881554291592
IFCSXXX2	0	1	f5f730e8497e5957c0a7c5bd60795947995b11425c81591c56cdae523f2d967a
IFCSXXX3	0	1	e2fb5ac3b03d3f1e94a284934aec8205fe7b16aaae31dbd57bdd99315a3d584a
IFCSXXX4	0	1	a8deec0aac550ef6d62eed4e011d46d719c52b56511e1015b92495446b5b9898
IFCSXXX5	0	1	324b7f67ecc5cc0ccc045ba8e5cdd2fb694605dd2bcf9f327a31207ca8c21d75
IFCSXXX6	0	1	eadcb83a8005cf32f2185b6da50a70d6cb493bd42ca38f9ec24bad414c3c1a4a
IFCSXXX7	0	1	2fc6ba444c72b0078d7ebec7abd92e66d1e23b576cefdf5acf6088ac707d8bb3
IFCSXXX8	0	1	5d698d7d3c71d44f5c1f6c475858c6977ab7f288a80ccead730002fded9504dd
IFCSXXX9	0	1	77cda174e4d42b19b05ae1a33eeea1ff15c3feef7275ef9f0f605b917bba7d17
IFCSXXXA	0	1	ca76e3b7dccd425bbc83db579ee549ba3b892e13747f4e3886978d1fb2a9c71f
IFCSXXXB	0	1	c6782403296a913e1517acb32840f09b18b5b183f05663ee2b3d89e25659800e
IFCSXXXD	0	1	1b74c70211fe0373573b2ba351727d8c6ec97882a181e57b77c81cdca56b4a5f
IFCSXXXE	0	1	b4fe3310d770837ad10a6c9fd397c78c4b83742a6c08bf824ded6d8a4db6b03b
IFCSXXXF	20	1	96d0599454b063f7ae650dbb0dca2285ab4345572628f8e43da1576a7349e8cd
IFCSXXXG	0	1	206b4fffa6c1eafaf38c42cf589a07b06c107387c0a5eb629fceb21d87298c01
IFCSXXXH	20	1	ba14df6bb81775c9a05ca57d69a35fd20c19363cb937840036b3261f85a14d51
IFCSXXXX	0	1	dcdbc33261069300c566048f421d6fd234c4e0d9f64689879568b16a185af8c4
IFCSYMCD	0	1	c525829eaf54ee8fd2c17dd073f282a22cc5044db642fada2eb1475fc06592e3
IFCSYSUM	0	1	692be73891e423c1b6a7725dfc8ddc09e7f86dba32e7926314ba14a1b2b1a05e
IFCT1107	0	1	a01087d82b2c5626a7d82eb63dea2af70e1825e8b8fa8098d54c20b4aa4c51a5
IFCT1204	0	1	c39b0a0e00b2739794f90921ea73af816d09d35b3a32a651487b3e3354e13f8d
IFCT1307	0	1	546c7d93a908bb23af3675486dd66fb1d8d76187d6fafca24b604e54c805c314
IFCT2104	0	1	5ad0ede91bce560de82345540c9d61a13407c76871a74ac0b90881699152c1a3
IFCT2204	0	1	43c824d43700e5df5d96c21567ad4c60c496ab416254650df01382ae099b75a9
IFCT2305	0	1	3cdda0e500380a0b26a9309a397edf3860e142dc76fe6d4622cdee1023919042
IFCT3102	0	1	20227c495b57e4a98afdb6723e8fa857097fe48e2453b775c6b9fc75901bd681
IFCT3204	0	1	15731c7a7634f3a6f9132af912d57a607be21bd9c0239af413b86435d2d51ae2
IFCTA105	0	1	ec92ba68892025aa2eb940435395ea634e439cf7a436f607e081410a3d18872a
IFCTA201	0	1	d6226b187a5f1ff07124d22dd80442bb8c0f0444180edd3e373189c430cfa907
IFCTA301	0	1	cb9c6c241d441b758ce11b1ae5865cc84992430e8418a276ec7095b2f9c88d2c
IFCTABLE	0	1	ac63cc87630ae6e2af5d89b13a60c31425ce6b1fc2a53f65d561b0aae5fd1bcd
IFCTB105	0	1	cf6f700d495e77ced90a93c1359599f8e087a348776b4fa93a182d379a3e7827
IFCTB205	0	1	023151e6aaf8ba1974185ad9114af09e57922dbcc536251a6fc2ca83cf5bcbcf
IFCTB305	0	1	6e1a7752b2454c95197281af4976e027d967d2714f81d7c8791f9c702f4b024c
IFCTB405	0	1	2da31945ed76c17cff4cba7cda7e6807fe5672bbe05cc2d557a18012e7e8a63b
IFCTC104	0	1	52417d921ec6a552b6fee05ae4b5797932c51844bc35e4a148227c22a3acce79
IFCTC201	0	1	08d8b03f16b01f38618fad329471b940029135f85a2be66b8eadde839c7dc524
IFCTC205	0	1	7b81a63ef9dc95bdeed094c0143f3e9e942f9dcdd59f60c558797ce87035536e
IFCTC301	0	1	710ead623d375b6b71862d494d7f2119ca1a36db3638555a56e2b6489ea29487
IFCTC305	0	1	2d0ea9bedb99db35f3197faa5a7a691ee4812658752196cf4e48ccd0bd818052
IFCTC401	0	1	a52bf6c57d55195ceb7714fc5983aaf47c38663476c4980d961407197ecf2dbc
IFCTHRSH	0	1	6d747e3dc7c4b3a75657d01badbbcacf949e242bb03d131c7302459fa1e19ba0
IFCTREND	0	1	df11fa4ccc9aa0acff09c085e2bd3296e4b2047687778cf6ed2c7e7ee36c2e4b
IFDMSG00	0	1	46b93cf5637ba417cbf99139513f8a1a5bbf45764ff3d3ba7df38d578df3b961
IFDMSG03	0	1	f046b7e1e0d159970a9fac44f770d9429e109c80a54af949387b166a3b287b74
IFDMSG04	0	1	59b9d176d7d8f8609fb47230625dde6218d781cd4a016f9bef9a3282dc5b2d48
IFDMSG05	0	1	224140e54302608588aeee1e138ed49e647b6e061d4c05f39a3245dad0e57623
IFDMSG06	0	1	a662be1537cac381fe093943c44b85aa9cbfb933771e1e325556e89fd126be05
IFDMSG07	0	1	409125d944169960c2382196c0b8673ad17b8aed201193cf0aa9e68f7bdb1b2e
IFDMSG08	0	1	6b82971f27429cc1cf2dd0f7687f9370118a4ecbb653d39ec8637c65883b63bd
IFDMSG13	0	1	ab8d3306596a2a1b4276fee317ce6f6a33145dafb8998693ce35cf44d5c50435
IFDMSG22	0	1	3751a4658a0c1e644acb137584d8690f6abdc45d6a150ac3a4c62c948b913350
IFDMSG31	0	1	8100cb22882e57af168a8837343e5bf402d78574d6dff9897c253ffca2f4e484
IFDMSG32	0	1	97cf6c4b0ace4ae90954ee5c3ab1659fc1a3659a3070a3224f47f7390257d745
IFDMSG33	0	1	9dbb974a4dd6dcf0d256602bcce3238b07b52bf0c2e502f5782aa9bcfeaef9e0
IFDMSG37	0	1	ece2b179099d71e135d595349a205241bd67dcff618d4750e9d159631e15bf10
IFDMSG38	0	1	35882cbb00bc70458157704a19c8255992a8411388a9bb5dbbf62035e15c227d
IFDMSG50	0	1	52c1bf57066fce0e59bafa1231d2706dabc4db841d8620a3f57c889d6b377230
IFDMSG53	0	1	0af7e94372df79a90460ba88ae8d8513253d1ac4853b9b733250c0c4e9dd92cc
IFDMSG54	0	1	468280de4c7c2f7cc8abbd28d2704a730eb255b240daa86542802d0f24e89c8b
IFDMSG56	0	1	b381b5ecde51adc48b8bb34d694862ecd19dc9c87e1272bb124d860332cd2107
IFDMSG61	0	1	a4f9c446b8443c1804182af5de105cc15d8bfe7df49e8f6481663b7667f132bc
IFDMSG73	0	1	003568fa4b61fc1a81f327a7b342481ef614ec4a02b6cf071064540a44940469
IFDMSG74	0	1	77cf7f26ffcbb3805efd039c8f046e4cfc25cb47b06115381ea49df09998a44f
IFDMSGAJ	0	1	273da8d346d211e1780e25980ed6338c60a2c07a57bef6f4e4d4fb66ec854742
IFDOLT00	8	1	80c08a1667d82727821ef9ca17f4f5b3a959c13d6d84cc2b0ff46cd5028dc31d
IFDOLT03	0	1	e3c00b2476f1336d19f542fbd6d0e0c902eaa9b1788efb8ac65aa91be19c97dd
IFDOLT04	0	1	e125b757eb045f7f94bc776fbad3c43ccedbb1d75331f8d09c0d7efbd4482974
IFDOLT05	0	1	48d0dc62d96ae716b66672eb57cd31ed083490b919161f9b73e8440249e5a9d2
IFDOLT06	0	1	828fbc031980e76f85857b3db3f84b354627b2062315efcf816b9a180633a335
IFDOLT07	0	1	fa05be830821ca3488ca1bf00b730b7f27757c4d2fedfcdb8225c828606b2b57
IFDOLT08	0	1	43518a032bc2db95f9dd74497db3671fc1c2f39e0d7302e6202a2a7b1abd4dc7
IFDOLT09	0	1	7a11e0aef7c98451d785ba12ad5f79006cee534f9da7eb0d5fc591d1e2c381c5
IFDOLT0A	0	1	271b591b644b0b333e5611ca5ea4350178ea70853036b43897c61162e3b7e22b
IFDOLT10	0	1	6f1d30735cb6555dc90a0bc599bafc597f38ba03ea407773f3e9253dc4454eb7
IFDOLT11	0	1	40a389a20ba0198393beae7d1bfae731506d827a4bac9a850e4fa6e2463da09f
IFDOLT12	8	1	ba130542f93e9ec754f3bc6c7e95c8e903990a733d6b65b035825a352e9e087b
IFDOLT13	0	1	7bee9df96c83f1cf2457c9b20cd241da2cbf4a9ea660123b2ccdcdb7ce298550
IFDOLT14	0	1	d9de788f99ef12d1afc2c839fb88dcfb4e7a525b4cb7b72b0eebeade8a8ba617
IFDOLT15	0	1	24d45367a36cd451be2a62dc8f9bb06aadc49993972aa588abb1e61aa817e3d4
IFDOLT16	0	1	18ac22b10687e2809f5e33b89bcf769a0542d7958e6cbb8c54abc58f4d51c95a
IFDOLT17	0	1	7209535f72e70966a617a2b2c21205b02ecc8eef58f778c3b3f55cb4a9c7ce1e
IFDOLT18	8	1	4e051af7b22a44e83f969485805e3b2c56568220682ce63eb1d26fb88b457ba4
IFDOLT21	0	1	a867d983d62ef19b83eeb220ba9e215dc6daeecbadd71e9eba9ec6e669354dab
IFDOLT22	0	1	597c2e8222b77885a78f7c0e947e15bb0440f8bd568fcaad1fd1587e205465d6
IFDOLT23	0	1	138890c17fb77af434fedc8924aeca9fe90674638720c4bd931dfbceb3218401
IFDOLT24	0	1	72f56acbb55f0b91ed50b896c0fc932ea29311259cd04e732aceaf9b172c59ac
IFDOLT26	0	1	1428ead950cf3afba86a4b6afa762ab0dd6e5238c7381fde8bf45623bf87a3e8
IFDOLT28	0	1	6fed13557a5228d79a7450302d3c405eb6024ce39ac38af10c63f396601ea4ef
IFDOLT30	0	1	c88e7d408923b96b38154cdefde8805a30bb09d642cd653b8eef701109ed74b4
IFDOLT31	0	1	489d979cb3ada4729d30dc8682ea0c9dd35eb1cd072be7b415d6aa137a9b31fa
IFDOLT32	0	1	ef634c6be2c8709ab02cfa922e775f87cfb3664bd7b09e69d8074fb246c411b7
IFDOLT33	0	1	38c6e6a0396d518d2b8773a5c0f4b0f3ae6143cfe78edd973d68b7fcc03c5e09
IFDOLT35	0	1	c7b22d1643110d7a48f6dac61e0b147afb2fea7280b4d551e08212141fc667ed
IFDOLT36	0	1	83f73899eda69d3870a45b0a4bfbea67cc1bc156b48f0ed31a212891a8d628a7
IFDOLT37	0	1	ff74c140770d64a5b805e65179c7c5bf3203936ba12620278a71f85d5a4e3215
IFDOLT38	0	1	b950edebd1eca61d78d8b7699b7c056f17339d71395c6689604b6ba896ac12d2
IFDOLT39	0	1	4ba9d19bad30893bcf53c123747be7f934d3eef915ad3e6e6dc7cf2ae1fdbf07
IFDOLT41	0	1	d88c46956995e237e0d590b857216f6982e7ad02993276e6d40d5d005d661fb4
IFDOLT42	8	1	5c53ce4d7487441c2bb8dee8b1721d780127f87749a3ecd303fada6e66133176
IFDOLT43	0	1	91d8fe2ce7aeec3c3b4649b825ab0329f4ec4beb757929958b6ec8b9de312f75
IFDOLT44	0	1	774d09ac6735e4c7d46ecb34da4e531890cec191060fc09796b8cd4db4dc65e7
IFDOLT46	0	1	d8ec809e7aab5d3565682fa19b45d2e29663926beb4644c39c9d9b2cd5ef8b15
IFDOLT48	0	1	457dbd1aefb9beb58e435f36b5271d7db249c7339da1391fe27904d7e9bdbfd3
IFDOLT49	0	1	be79dfda8fc4ef068cd90a16e97206ca70538d6affd5cd050d367998d5463a3a
IFDOLT50	0	1	207de04066402eb1e2c178721be0ca8450f9d4e8ea7643d7047632ef6ae138bd
IFDOLT51	0	1	ab9cd3489b73e6f9a69b2d90b077451bf7cec9848caf34c3bdd47626aa7ddb99
IFDOLT52	0	1	031873ccade2e7d750520e29dd87dec46fb50efd8b92b231f4c8dbe920622247
IFDOLT53	0	1	7d5307f8aa79aa3850554fdbca00d44abc13191138da31bc0f1bc1b3f962e1c7
IFDOLT54	0	1	008737ee56c34bc50f9bb3368f3ed810d6dbce741e561a670d7317f10431b3db
IFDOLT55	0	1	fc059eca245eb3363ea89323086da682c17677c3b12ec201a9f85f7fae994abc
IFDOLT56	0	1	fc57fcc187fec128b298715fa82cd92b3eeead09a78544d73fe8be510c837be4
IFDOLT57	0	1	4cbf75111b375bb5bb90555099acc05e1aaa8f18fbb10728af50b234f52b0480
IFDOLT58	0	1	38760857c6b8ad0e15794a7c0a6a09a425879d79c8469951d04b42daed3f8d4e
IFDOLT59	0	1	f3a4fb7d3ae2212dd2a3a6c566fba146a47558bcfb499bea615f2344f9743576
IFDOLT61	0	1	6f675bf3536bd29c18a5c0c2473cf24a705b3716d709260b622e2ef49e9b946d
IFDOLT62	0	1	0e53a116ab0f750bb2526c967f9c254897dd5a96bd0bd388027f2ffb615a828a
IFDOLT67	0	1	433af7b15a68aea030e21f0a582ab5d2335e3a4a3d93f6680f5abf008ba5c6df
IFDOLT73	0	1	6a294d0a47e997e9e8862548c34501e13e6a1ecedff8cf9b1d5eed711debfe36
IFDOLT74	0	1	6ca7fc14b561ba376f02022d46668ae1e38b6171f006382d51774f0485a46948
IFDOLT98	0	1	78eb66b86be5f77355fa4b249b1280b766e8fd632f8311aa57caf8133a445c73
IFDOLT99	0	1	67c2b986e9eef572c2b9dcfcd0c1f7cfc6512c26059b2e33fa3a9cc1b9829124
IFDOLTAA	0	1	3498ac6a812c28ff9d7e2dd713206b3d0f531111a45f45ba7894157f0044c0cd
IFDOLTAB	0	1	abb22392f2abc20c06b23be83fe1a3380950b3ca58c6704ed602ac6e5e9347ba
IFDOLTAJ	0	1	1543414632b7f63695ed4e597640b7ef6c7957c85c6ccd8c9bdbe192a53cfcb3
IFFAAA01	8	1	f8a04b9bc3004f4679afdfdf105fd185485b18c467330d399c6d01980fb829ce
IFFAAA02	8	1	e3927c1176b24f2e534e2970523ee5d8580f18c473e72afe01a12b2c3fb9aeda
IFFAAA03	8	1	3ab0a60846f243a0ab359d7125265c04d78fd2352e2c13f8b306e75281d89f11
IFFAAA04	8	1	1d932505a5c7b8ea7755de40d120d45a86a3445f1e5a84d9cce5c2f60d8b1f2b
IFFAAA05	8	1	24ae74ae8b9c48dfd69de6adbf832b6f35b979ec913db17f5dfa69040271ce2b
IFFAAA06	8	1	52b51168e8f0060d751f709ba0556b005e7a437acf0bfc91af4da05b460df0d3
IFFABA	0	1	19858d69103aeca9baa78b44b4f3211cb3ea4b59cda58bca0dddccb8079b608c
IFFACA00	8	1	b1861c31f2fb5b8dd09d76be953fd8a24195af7e2e57b1a4a83b9fda0eca9777
IFFACA01	8	1	fe84797d23bf3c4b8da5359620b05c7242310dee525c462a28e7dc73afb457c8
IFFACA02	8	1	7532784b95bd3bd114b0ddcd7ba422d13c1de25cce72ab746ec87e98c58cb667
IFFACA03	8	1	08ba96db59f38f151c664da8ecc834ee07445027bc9c15d638bf63dc0c58988f
IFFACA04	8	1	298f3e1d535d951114521cd7c07b2569d1f9da71d03be27f9d3f52c819640fd6
IFFACA05	8	1	773f5bbb83e6ed9da90d8634d60a88a5061bd9b48097686f96892f3071e2aefd
IFFACA06	8	1	2f11c55c0d9c72606077f0198f347a0c3377d7d4e7c7bc7c3bcbadb46c0e95bc
IFFACA07	8	1	a9c38c9e3e872979d794015c384a8568743c5e372ad6d4ca40c8f12d16404a41
IFFACA08	8	1	1985a3e0078496a510aede7bddaa3c70370bc891128a8137569eb219ac4146e4
IFFACA13	8	1	5eab65c676005050f12108c7ea32795caa5b7e97cc56a93607932eccc51c35c3
IFFACA50	8	1	5d3ef5764a7cc43452e1e9c76200bcb4f1ef48b6d2e365e3962f82b14e93726a
IFFADA01	8	1	4dae3c0681e14fe205f108b4bfa3e9b7f5e9e95769bee9fbd0dd7c4c31bc679d
IFFADA02	8	1	8e1cf16fbe48e366b18a6c3a76d2734f4d3596e74ba8612c674305fb1a7661ef
IFFADA03	8	1	352273d764ee30b563c33b1b7199c28a7049125be69f4b01152adfb6829dac84
IFFAEA01	8	1	a3521094b89bca95c63dd679d7644300daf0e255d0bc2b13c4225793fe93e10e
IFFAEA02	8	1	08dbe03e06807b13126baa48ae3595e44ffee27d6bfde63fae882a1094dde5a8
IFFAEA03	8	1	e9f4a541440e4a3a1b7bcd482e9d6d8a70fa583555719cee20ec87ac3fb083ca
IFFAEA04	8	1	4178feb945fac9138ded68f916b9990afe06612fd05b0fc8a4d97552722fcaff
IFFAEA06	8	1	ebd04516bd897f26c850cb9686fd8a87f80356eb197ec2f31d960471c8da62e8
IFFAEA07	8	1	8525ba05973ddaaab3bf70022b557f2f48c321724b6a9f8c9c9ab7377c02ff98
IFFAFA01	8	1	9782736c090d7c286b8e849338f75fd137a73aa007f3cb359ff4c8c69e164130
IFFAFA02	8	1	418b5aaa7feea5cda17314da78e658ab79b6d21e76efc843f2dbf5f4f8dab85b
IFFAFA03	8	1	bc7f3aabf5495fde8b200f0b0665d2c93601ac996972810bc8317f24b6e2a68c
IFFAFA04	8	1	8697b328cfd0b64b6b12c71640a9db25a6c8f098aa4c3bd2db750625f7612a2a
IFFAFA05	8	1	56fa7d3369dcc1edc3128aa8076cb5aa6a55e51bcbf51d03c9b67d1e479636c3
IFFAFA06	8	1	86416e76b308baf997991e35b45ac851dbe9e5382bc8fa3a0f8475ecb8b6b790
IFFAFA07	8	1	8673e82e7332c53500a0438e837fed8be04f354194cfaa13d845290867a4eaf4
IFFAFA08	8	1	2c56d3afaecc9256ea83298d4a70fc39734ce6e36084d6d31db9ef81b0864b1d
IFFAFA09	8	1	275bc418219992d4c1342efb172b9f0e90a5dde618ea109755f833a7d75b15dc
IFFAFA11	8	1	61576c31da724cbb78f53dedc91b0e014496c29822f8ad2a0bd27a9b3b17bf9d
IFFAFA12	8	1	f786dbba73baa76cb77eec67c708858fd57bfb4b2b38f61684a67996fb9007a9
IFFAFA13	8	1	993b77c854b8a7a7a5412ad96b709a4b17155396c298725d98ec5040fcc3dbad
IFFAFA14	8	1	5681ac4223ab4808c444d89be499b20e6b236465d813912a98036ebc4f89b547
IFFAFA15	8	1	46e7bd9073be688291746d9aab1d431b499a30a499d9c6ca4247157a61f9a1ff
IFFAFA19	8	1	40f14c034d75027b3dc6272b2f2ada87551245f8985d5d784589b3ebe5442005
IFFAGA01	8	1	1b24d0b810d3e3ee0e0506f513d0b63893ed3ba5e49d72a9dbfb16469998f621
IFFAGA02	8	1	4eb4498dd44ea0a2c3d3e999f9f25699070f5fe64127e96dc411768fed01e967
IFFAGA03	8	1	7aff17aa6c03fdc8d48ad58b592f4c0f52d287064f7b9e5038fb8888b943d6cb
IFFAGA04	8	1	3bb39bc7ab00881897ff09711df93e120b498d15ce23279e5305e1c77cddc882
IFFAGA05	8	1	9dba6b2b2c80c5527d69c9ce19f777a4a806fe648fb73763c6a16f34463c410d
IFFAGA06	8	1	79e1d9bc0b9921605ae9c9f6f45ca53264721011b6506529c3d73f1a56b70186
IFFAGA07	8	1	77867ae92ac0e4dd5688599071d452c37ff728e2fdb01985186bed132f40c939
IFFAGA08	8	1	1093622a95f6301a3cc610a69cc7ca832e0ab605c2102e959a04968a9f1f2c02
IFFAHA01	8	1	e247a588bad9f5bf4c86da139cb2033ddc517ede90b39cb801f7a58a4ea3f624
IFFAHA02	8	1	c6c61eac272b6e7b9ce8af916e7ef21dd5d7a846619e2877ee97ca364d6af35a
IFFAHA03	8	1	1b4b284d090a28b724cddee31d945d953835d19c81eddb92c5e72a24b37eea68
IFFAHA04	8	1	748b652ae9a390beb1f6c9f67e06cda62c6bc31c510791ebf08e72058b49149c
IFFAHA05	8	1	dfd58e47df7b8f6db46ef133315a98fadf3c1d42d1c8e89fb48944b2e163935a
IFFAHA06	8	1	7c61b334750b503039119ff6a81085a13f08433f1c483c539d3a31304d97fb9d
IFFAHA07	8	1	1bf8c65443c1e3c4360d153c15763698a8af48689a93353b1052a608140931ba
IFFAHA11	0	1	0545c0f4ad7403bc56840539e9927667b08a6a653e5bde5b5f2d4b14f886b886
IFFAHA12	0	1	bc74cf49a54cba415ba3b89bbf3e4f3639f4c492855f2e148ac1f3bbd6f497fc
IFFAHA13	8	1	ea79924c317888d4159003723977bf430f17852e61bc16275a689b3c13676c49
IFFAHA16	0	1	c2587738e55cd8048c156750e0cc76bc84bfb8310ca13d83db613f0ded82a529
IFFAJA01	0	1	a8221620781724d62762c654191dff45b7d6d421a4b4ae9b5315869e78aee8de
IFFAJA02	8	1	b531dc3bf76f5a9ddeb723b10d7f06b0c1e14dc64f59bc638f731954fe3f0745
IFFAJA04	8	1	707916b49a02d19e8f1c11c82ebe2c4aeff4075c737d06554197a50cf22af10d
IFFANA	0	1	48d1555551da0469ea6a60a47c0596c1a981faee6d5e5278de41ccc6eebd9c8f
IFFCAN01	0	1	51af23ee15804782c2fa70b05236eedf1332de75c501ca43f2c2a32cbfa0aac3
IFFCAN02	0	1	202dff49b661e8d2177fcc22ecf9702ffff0ecb6f01ed0c8be3d91cb3aabe80a
IFFCAN03	0	1	c12f652a6fbc629e32e3b5a05796772548d7194fba04601ec7900faab19dcaef
IFFPAAST	0	1	24a42b9927ac4e44798b8856e98b9ff4545724a2be1d80fbf69f5f4f19e9537f
IFFPBAPR	0	1	ae52c953ae9f418ddf1993a9ed4bfcc86922f6c3f024c802261200ad5de9e3b9
IFFPCAAR	0	1	3392c47b620a99a5579a0c3fd0fec3c9c3c956b14ea637e866feab74432d9798
IFFPDAPL	0	1	f0a7a8bf8d159e2ff6313a858858f70d00bcf2d3816e6af84f53600b9dfa4390
IFFPEAGR	0	1	3e59a49ff560a2e09358ce4221ab0a5c44d46ddcc320652545937e2b9248b6c9
IFFPFAVA	0	1	97a9095ee105b879c74d00bad10df2f112fdcbdad0d591d715eae77c95cfd0a2
IFFPGAVP	0	1	4345a356954f6bae41a4960ca91d6e4fb3c92757cdac40712f4665501bba2b10
IFFPHALA	0	1	f71318abebc5aa51006fe709061b5991501ace4c5347fe8d8762e92212236ef2
IFFPIAPG	0	1	63ec5f4b0a166af496fc84826d54f3fe2b6c6fd295917bf8426a5018379993d7
IFFPJAPV	0	1	42574cae6841f3e95ec3c022cb48a96572d09a71d0d1f76e1e14173c09fd23ed
IFFPKADG	0	1	41a873e1ba380af25c98a8293250a618eeae08bc62fd42a74fc491dffd77871f
IFFPLARE	0	1	b97ef8a133cc5831d0c26ead6d9c1109f753dfcb5c2a35df6172882bc93e3b62
IFFPPASG	0	1	90e5aa34056a1330e878402765ff6403d4ea557921fcdce152942a09226a6f3d
IFG0190P	0	1	d9065dad505c424bcdcc1620990d03e323001e885c8f8d6a21cea39131af0969
IFG0191X	0	1	bc7e0bc858521041b7a58ecf8768cbe5dc22fb584cc7600ab00fb09d8b8f1d67
IFG0191Y	8	1	807d0a35789c206f474b1c39c5429a161af42c58a820c06277b7a2ec828edf63
IFG0192A	0	1	24173df4e077628badd6860a84366ca000d1f3ce95c273915587b764b89024c2
IFG0193A	12	1	455633809c8286a74a3440d2d2de6aa6e263c5ecf76a65f37a7d689607cab5e8
IFG0193C	0	1	e624537896e8c06a8d9f7108c627d280f9170253046fee4d1f23d5b05bc4e600
IFG0193D	0	1	774a344f9c2dc626605b3b9c4d3daf55dd11229a591ca5d583601b34f92538a7
IFG0193E	0	1	cff17347ff0cfb4cc1a3620865f055eab30b35ea7b0fec31632a22d3389b1f3a
IFG0194A	0	1	fe07de9e4409664b9e8fa4efd4de2e60cfd898c2ab45ec5aec8a54e93a9d5800
IFG0194C	0	1	d47e4b80800fd5c54bae6cbafac3a54f61dff4a8ac28bb27e429ccfa28d4e7cc
IFG0194F	0	1	a3588033cefabee102b0ba8210b0655bc50a1a49a20a737e9e8c9f849b285dec
IFG0194J	0	1	831439ad5b2d1fc818f4a602f9783d5b2c617924f50d952fcc220df9f3725f2e
IFG0195A	0	1	13520efc31ee2d0ac40e78d166e2e126c1fe67b4e063a55d9e323c493fe61490
IFG0195B	0	1	69bdd8c85b64b0bbdc849364cc2ce4335aeacc31027df22f3a14efcbb1a5b87b
IFG0195C	0	1	15c0a149b70fc0084dacc4f294608df68d539ba9e7a05c9c95bf0d22f74b3d5d
IFG0195D	0	1	9f3987a8a5318ccb6dc02ae53117410f2a5bd37c963be2c432de40727dfd69f6
IFG0195G	0	1	eca62c30d00c4df8c9ebf0d39e13b8c865c99be258797d319152f7493c7df1af
IFG0195H	0	1	56c803d3ba48da9ac0977948b060a28cfa9ef6be3b4f0bf6eee6e690882f5a58
IFG0195J	0	1	526c0835643245ebbf5133497a09466c98ce2bc00b8be379c0e7cd9fb8360290
IFG0195K	0	1	9fcb063053845c4e48508c6b9f10d2dc602c5c4f93f63a0af4e6c827123b44b1
IFG0195N	0	1	c02a9ff72b1ca739ffa14b9cd89a8ae8f671f0bf4cd131679e1a959371b9f269
IFG0195T	0	1	931644b65d82196c4f59c8fadb489aa1546497d9d68c10dd541d865a8fb4054d
IFG0195U	8	1	fad934c987465c8bae8ce131efea9a3f0459a87b9e2207198749877260783bd0
IFG0195V	8	1	14e376d371ab62dc2042e07835002c2c9330a38cb2298030ee451a882624c55d
IFG0196J	0	1	0e548095bdb937aefb24a28a2cebbb5261bf06dbcd8c2852a2365ed58465ff6f
IFG0196K	0	1	02c6d77022d8d7ad5082d99ceb805b832489a3f96c4a2d7809ac6aa113fe1bf8
IFG0196L	0	1	5979b37ecd44541a360745cbe1ec93629caa25f964694e4657e4bd484121ca85
IFG0196M	0	1	4eba7b218bfd17bdcad71e1b15959f817bb4179e726e51fd5b18cd6d20f1c1f7
IFG0196N	0	1	51ad63e04d0a46120944ef7564fe460d89c655482072cb9fa989b7347648dc5c
IFG0196O	0	1	3a595142d5846f9fc5a1715846dc53a0ed3e14925b937c9404bf12f63b57cd9b
IFG0196Q	0	1	ddb871f28a3810c969f61ee1fd89312f87a4dbca30a4581efe29067fc3688319
IFG0196T	0	1	90e7c8db264aecbf62caefae2325cfef8788a6fbaf637cc51d4a90204b2118c0
IFG0196U	0	1	601d47d0cbd244b69f55e57323aedd5bd099ea2ab4e11ebf8fdd6200ef4b03ae
IFG0196V	8	1	216eb70b783499b332df8b0b6da149ed0782c87f7275da0a255880f0d8a92a33
IFG0196W	0	1	eb998a7299bf715fd5cc8aef82c3970597a08e052d7ba3b7057afc51f5e7d26b
IFG0196X	0	1	118d251ca4c282369b512c75646a3739a7d7be0f65a748a75046403166bcb085
IFG0198N	0	1	3ce0045d07f0fe2b78f4ec1b6fa8d6e9646403c3073ee20e682a5b7caf97bbd9
IFG0199B	0	1	e6ee3adf12f024dbba197c54b2907865cc70b911d071fe6ba44f657ef1940d51
IFG0199D	0	1	f32c0371a6eaa2a938270d941d2872bcf75b4df9e6dac7c39cba1f41e3ed2cae
IFG0199E	0	1	e374bdcfbaf40919c8a93a93eeaa342cddbe4deb9a81000b8a574aef7f04aebe
IFG0199I	0	1	7d2248adce025affa13e1fe7198d078b75d64d44fb89198c394c81b5de15f399
IFG019RA	0	1	77d6e1e226fc886a6198ea31b76bd2b1eee0272eef68023754207f7285701f23
IFG019TR	0	1	44ea1f355bd1ec3d2874ddf42590d5b838b2826984ee72679126601cc2221edf
IFG0200N	0	1	4fe7049709486333bd856d9d8cc14f9df6f665c6a73a3647008b5e1f00ace7cb
IFG0200P	0	1	c4c8357280796898d8fea5dc12e9b86b2e66bf0326a3a7490f33df66c65cfbee
IFG0200V	0	1	3b0b8742066cf655f792a2455f731ae5f03fe68dd9b876c4472314150e8d6579
IFG0200W	8	1	1c69b3eee20ed00bc51e544e7915b91b4853b06e5013f2f60358de1f9e7ae605
IFG0200Y	8	1	8df216afd8a89fc1b62207d95c769a0ee25d928519c29cb864fcdc98d6ab1294
IFG0200Z	0	1	3d52c690a20a8944d0cce7c0859bb910e06528b6847f044a2ff6337af3457409
IFG0201R	0	1	df9ffe93fe5b77a3787b1908e053672b6281037053cb1facad03778b549f2a71
IFG0202A	0	1	84e6a48750f912c425b493eb117cb91bd48649f977659791704c580f07fb3ad6
IFG0202B	8	1	5147dd92993e50ad9ddbb32ac986f7987b7d7586aa6f1d9b9e76d007c3a829a9
IFG0202C	0	1	6bd507a06ab5bfde05825ef156a307069eb40d734248a2529425737e625aff54
IFG0202D	0	1	5c5a9138d68e9012d3cc15bd2041abd874cd14b57667d1d7928e1db0f78e7378
IFG0202E	0	1	8dd6646a230b3c802a9943f26c5963956b16865f089f3fdf8cd0672267064ce6
IFG0202F	0	1	32f1404c8a2a0b20fbfd79308fd3c29937510e541581c0b8eb6ba5b99ff6f01d
IFG0202H	0	1	86ae74732706d355f4ce0c2b318817936d1bcf874965333b0a016c7f84a14126
IFG0202I	0	1	021d1c1a7f5beb8e293bd953b27744e1fd03f1996583df7d6f8d08bc8b825bab
IFG0202J	0	1	beb9a35b91ca03e8d918efe05986374e4da767d50a80bddc784f2dc88a4c8aa5
IFG0202K	0	1	1178b978d943ca3d103610878f5e24dd5c8c540a67ed0ea1f6152c6d4e3c6576
IFG0202L	0	1	837cc595a81406806e353b450de882273e32371f589b3342f8fa980d9feace04
IFG0230P	0	1	f1c82a4ea2fb9a865b142f03470411fb74710b10a7a981ba0165cc86778d6f39
IFG0232D	0	1	951b02d5d3afdec977c3292f92f39348bb201a2e64feb3fc881e0768383d48b4
IFG0232G	0	1	7b3d8e44ef72d67c509767976b32ef962a6a50e9c6f481bad0fb8ae345d6f93d
IFG0232J	0	1	39e9d94c7c4176d071ec061d6cb034db02eb24dc07b5b63501458adafdf03557
IFG0232M	0	1	c83f4ff91d68d2325c2abbe8e37d5e24a20b3029cbda157f5fca337e88bd7a9d
IFG0232S	0	1	9fc516557567eeba50b63c0bf5f731c8a745458ba9ba1932673585aa6ae3e3e1
IFG0232Z	0	1	dcaca6594219455a68766dea25e1458a0501ead25445775328a3e8b227f70745
IFG0550P	0	1	8a17cc59b8de43b72bfc36592a2b0cf6e330995ab79ced47afac6094c6fcbbd2
IFG0551B	0	1	19bd41dfd957dffdaade4dc1f59337d0fcb2d29f047ad9cbfc2d2109ac139006
IFG0551D	0	1	be43a15f0b52cf43389e31c3683721f58787cc5ad2762286bfa2d9d26b981f35
IFG0551F	0	1	4e143e205c1b5dd3d19873126e673f91caeb22f0f6715904eaa151de133964e9
IFG0551H	8	1	47a367898689bf328666e019671947ea17ace763c529db95d19cd4e2a3ceed2d
IFG0551L	0	1	ce1b438df1968d7b527427ed4e383ed85d1895be3f2143f2cb82f9a1bef018c6
IFG0551P	0	1	b0420e84479e694d94b4e38a080a81e41342fb783e6617f47b5926f3bf6c2cc8
IFG0551R	0	1	72300030b22627a8aa6b126e86551444ac636eb3ea8cba988e16b221c714c947
IFG0551T	0	1	fd514e97ad26d9b0a761613c7a1d6adac0d92d2d8ee74e1c7d4099a9d85c9a53
IFG0552B	0	1	4b5bca17f704b5326e04bc1f2969f63b984083d452817afe739bf8ba7fd42137
IFG0552D	0	1	59e46ec37677789eed9cf3a0161ae32bd97f5a0a5b90568ebcc39d94bb07f88b
IFG0552F	0	1	cd7e641ac4d6c18f8f3be022b6d4d8007ad0fba761ee6adf078bd63a79d4e749
IFG0552N	0	1	4cb27ee3d4c10d0fe281937ee592cb27aedd6b94e9b0a3d99abae344614417e7
IFG0552R	0	1	4ada3f1c37e84bc2da1798b0d88ccddc99380778872cf4bab585973e28b9f586
IFG0552T	0	1	cdee0396bf1618f6a82dcd07a0419865c5d2fcd4fa9dcb4be1c326af501e743b
IFG0552V	0	1	dd58874a66c506022cea01168f3badba35d076e0517b757c0eb3ecc7211af2df
IFG0552X	0	1	de55585259c7cde571f10572fad886897b7d0fd3cc7e4f14a6d0b4ea7f30548a
IFG0553C	0	1	bf6bdba1de187cb597508bfc7bb0965e28425d711dbd4afb20e883752fced7bf
IFG0553F	0	1	0db12242e95fadc604ae3512639b31ccb9cdd753f92a4a9dd4a317b9866e80c6
IFG0553H	0	1	4a8e068d59d258c0d7820866f591db09dbe8f829781606de69a2e4d29eebadf1
IFG0553P	0	1	fc837c86cd3d6dc3122dcc1dbf9df132788a3c1e981102ea70ed70ef1829293d
IFG0553X	0	1	c554b8c65d870bce6945f861b7753dc87bf60056d1ee6f4fb06c8fbba3a7b976
IFG0553Z	0	1	b9770478636d61766a21c559c96251e37f2895e3c816fffb93cf66f75d77431d
IFG0554B	0	1	d83301e22eeb11fac495fb1aaf464bbc1191fe5113675116e471542fc78e69b4
IFG0554L	0	1	ada3d0e0d306a01a75f3ef83e6cd060925c5cccf5cfe3fe00c0af20ad7aec710
IFG0554N	0	1	3d6471946f570d00a1e877a884d11aadd8160eb0ef7a5a0df57199945f3c9ad2
IFG0554P	12	1	82754c30f33d1811d796f2b4c45d045c2d1f1a0b5537aa38b0749fe554668387
IFG0554T	0	1	e84002bba668b602023f1c3260154a3244fae1e73d75754b9a4ec27682dcd384
IFG0554Z	0	1	80f63efafb62a8a6a9dda69b9810bd2ef4e4a14a5b47da09b9427501da21d31b
IFG0555B	0	1	defdeed74ee115c9855d33c1fe2e41554adbef61e9d2ea0368300147e2be9679
IFG0555H	0	1	a7f319b2639a04ab0864232e2cbf3526fe85f4a1b932511a50709fe4a3ce635c
IFG0555J	0	1	53e96ad23de8491ecbc64b383cc4f2c7812f762ed810fa9fdbd321effe664978
IFG0558X	0	1	e7edbd8d4e64614f25494121f3ff0995d883c92bb2b55f7ab31a3850bccaf59b
IFG0559C	0	1	d8a7bd5b75dfc6230389b31bc8c45833b2b5db1ed72f9a56a94b39f1ce00c59f
IFG0EX0A	0	1	574b7b4618c814e23c2ccbfe7e4f1961a3595efe19c014ee6bb2f627311d542f
IFG0RR0A	0	1	4a210152c15f22a1ed009ca4ca6980dca3a2b7d610b6566091b20c3b637475a6
IFG0RR0B	8	1	4a5ce79c1139537fd48f87eb8d19acd1549287458c79e965ede6be2fe1fc7c02
IFG0RR0E	0	1	0cc31dd404bb9e654cdc267550426c13dd7fdb2f47c682d1d27c86b53e0efb4b
IFG0RR0F	0	1	a321c94550db6dcb029dcec62d7e359dbe09cdd67eb7136131e094d24f7fc21f
IFG0TC0A	0	1	dce0f20e05db69a5622bee93099debfdae323ef425ca6e5ebaa6103119257c82
IFHSTATR	0	1	ff31086057a56a4ea3c84f1565ad401c38a36ac937c9609ff04776c3a74c2473
IFNX1A	8	1	889df2a7646ecd56251b5b64b8349aa94a64518f9fc5c9d64a30df97687ce395
IFNX1J	8	1	459764f47c2b6a4735963707c6ec64f811c8302a21d841cdef28298ff41767d0
IFNX1K	8	1	b1ff5b499399a8cedcbce4ec6e2006ff1f13b418773aedde588c3b99c7a85d09
IFNX1S	0	1	86dbbabb8c51b5839bd90265014efe9220051313fa7f9cc57eb0d4705e9cf9e6
IFNX2A	8	1	ad20655a72b22b8f309894cf09928d9d2dfe5ff2933882df1ad4c4ad7e898019
IFNX3A	8	1	a5208a3db2cec04e77e4878a27a8a9fa80b34b1eac2ba3aac74414c79437755b
IFNX3B	8	1	1e296a3cd12cff843876f625f23e60d6d96a0b867215240466bb0acb20faf61e
IFNX3K	8	1	5ae97fdc8c3ef297956a4c3aebd935139826001f9637914d91899cc7751474ea
IFNX3N	8	1	bcc6294c68a4a4476fae84d65b760cb12255c4f637a6202ed57873ba8d990c8c
IFNX4D	8	1	c38e376e3ff419b6b34499a3c553fc48dc022ca9cf355928f145c8f6973d4b88
IFNX4E	8	1	2fc4394fcb8d2900599e1561296609784789e62f9a7df6e69d871a59df31c24f
IFNX4M	8	1	368ae9dee6bb11092ea0ba4410c364487d0eb964c1bd4fc2ce73f79820115e2c
IFNX4N	8	1	5b610161b6128a87c46de2b1eb96de439ed28249f474cff99e4db801b20cb5ec
IFNX4S	8	1	f9043af9288e62aa6f14ffc8a84b0631b5a9c2990b3ef389caeaed0ad8328202
IFNX4T	8	1	72dd6398f8570145639b908536b56e6d54896be03921695498a9e78c7e3289e4
IFNX4V	8	1	a83b324882327bd20c2845e856d5009c8b664a5874731340c3787d82e21a0bab
IFNX5A	8	1	983ab40fc7543a4c16cd0e797f398d765364cb4edcf44055e94ec5fcd7d59a68
IFNX5C	8	1	fa9d655918e4bfd41dc63fd6d100007405f325dbb169b78f8048e803287ea847
IFNX5D	8	1	e0b96fc458d37708fede5788fc4b3167bd3341113b908491c7a9cd444b4587f6
IFNX5F	0	1	2f8f928c264083c68ef17f340aaeb6dfbaf28ac7b336cc3c377a068e75999826
IFNX5L	8	1	39deebba5dd3925d794e49aa08326160f6e232916c26b037dbf3dbe79c9607f5
IFNX5M	8	1	4b9a71c5f37f70910e481eb1d282bdd8c2b8a76dc421982caa48995280241192
IFNX5P	8	1	019ac1ee1d72ba80ec43fc4adf829024554ea57f0a9e1d8afb6f0c60a30bfc8d
IFNX5V	0	1	e9eb4dba4ed867c26545d6552e2aa23ca71199f4962b423c46a54955e6dad47b
IFNX6A	0	1	c2c4a0b0da97985ffd4b6f4d2a36902b5f53f2552079dfa355e55cc3a29590e6
IFNX6B	8	1	816f524adfd21dcd3e2b333a28c26d9eba2a1b63cd1fa8c0677f2f9de56158db
IFNX6C	0	1	33601b0e98f0263c0010d35ab0f4f9efecde0894207f686df68cce05366e106f
IFOX0A	8	1	5368490b320d56620204af03e04eaaebb321b99cecbb9a1e714e9c9b09101f1d
IFOX0B	0	1	634dce878cfcef8ca91c06ff430c2abe58648836c9e5eb9802e1eae96543caa7
IFOX0C	0	1	6e63c3ad609a4d150a3b9eae866db71b42625cbcca0145b8863feb9799993d3f
IFOX0D	8	1	91da780ab4f4fac65ce62699fb25a6d73563d35879bb59acda5c903c23d2f7b8
IFOX0E	0	1	198ccb5f224e9bf1d7eed8e116b3b79be8701000e314ae653b615c08affdbc9a
IFOX0F	0	1	83d1e17e86bf18f758bfb18d7ffd1025c0a41e8f04febfff5fae36a573223457
IFOX0G	0	1	7299266a448703a866b67d918545be027e626d8d3be71223988d3cac8a7038dc
IFOX0H	0	1	ae2205f7dc65082cf83933ec0067bbb7522176ebfea1d01fedb56cb69b7490ae
IFOX0I	0	1	2bedeebd35729bf1fb94922d04f702d3fa979eb680d9ba6511064565a930153e
IFOX0J	0	1	a18c8c4c255e9d4a96b1f64b7ef47d72d277d809a9bb9723070801c00cee59bd
IGARPT01	8	1	496264cf4b4d88c5a700fcd1028451aefacab7bdeab5b8a2dfa4868c66f1ac58
IGC0001F	8	1	d28465922e9482ce4169e490e48f47e32bc18a26f9e69be66f34013995e3b691
IGC0001G	0	1	99d767e5ce48b8b11eebf170d9d269c0eeb789438ab831edd0ca3f9dbd6d0cdd
IGC0001I	8	1	44c14528c3c53eec62c62108517e49d658fc004c889b33af3861d2b341fc2d2e
IGC00020	0	1	6e0f0831c4835751858ac9a93097a85bb229931eafaeebb769454ef633b6e15c
IGC0002A	0	1	3208779c0c278871b138b250b0a828278c5296e604877d7946efcae275d4295c
IGC0002B	0	1	7d9fa07ef1c2a2c7249629b0f1776e35e34ac7f774f7493dae6e20a317d5dee3
IGC0002C	0	1	000f499dec2495f1d0b77cb5a101728611a778349a9bfea6eb67248713e49bb5
IGC0002D	0	1	5a5f4ff05887208437599ec274c9abb7b47de491ec9bbbfd4401bb86ac28f703
IGC0002E	0	1	ebfd0cbf0f9d06e014e05ffadf197c92f229002f5cf1afefeb7f8c1298a4401c
IGC0002F	0	1	73db056efcfa12f7ce2ebf9a1a6a72244137887bcb579299ced84828014b55bd
IGC0002G	0	1	eb95aca721cc0f1be9b9cad64e6b87fd83ec46258fc91988eef61136d6a9f505
IGC0002I	8	1	fad5ef58b3a4c7f6454a230f845a5df7c0cf6dc69b929fd20ea8b3549cbfb0e9
IGC00030	0	1	267849a983ed3709981e4dcb89e1b5d33e8d1c362804f41502ce3a3d4f0bd884
IGC0003A	0	1	b8ca9066cf44964491e5c69fac54049ef8296d0e7c16876c6a1d6c33c818a434
IGC0003B	0	1	93531eb2810a125a3d8320acd83f0b1351d977fbcae5eb7125685dcfc4edc681
IGC0003C	0	1	53eec3e32e55174ded502c8eb68a7250c6ffcf1553d8d4227378ccb5070c7e76
IGC0003I	0	1	eff39ef59c68c2b7e8cfe68fe78292f979ce4908da9898bd525a7b00ccbcf7bb
IGC0005C	0	1	ee87d382116ff1dfacc93bce7adb6c6e7ad3a00d7916d58ec748ab83a815290d
IGC0005D	0	1	dba938cb727ba6c7564cedad86c140bf89985e3d8ea677f57e705f2348b1059c
IGC0005E	0	1	1ac60f653addfeec6f9dcdcc84b6d1dcf308e55b992ee65390dfcf8c7a6b4a24
IGC0005G	0	1	450f3187bc4eb806d32cda2de2a937cad8ca26bda11f58c1be98391cbc6ac80f
IGC0005I	0	1	30604221fff31cfb5ca87e602f3da59bc07c872828ceeb1daec0c12e810201f4
IGC0006A	0	1	a4ec099779e8d30b742778f455c292303f5a7b8fc87a3bec5c838b6c168ec374
IGC0006D	0	1	bd3e3b61f141483da2ee5bb38ba9f6d58bf5a8320f722531d91cd66c0fca2dc4
IGC0006F	0	1	73b7057b2816e6c1772311607bf690599ffe7c8bca4346afe45a91e5e7498f0b
IGC0006H	0	1	d88eef89a38da8402c399dd2115a2f6136a81d2a75f31cc07d2ae5f04e1783d2
IGC0006I	0	1	2f2c4b147998a1eb6c59561ef14201966dbe93dcccb641e60d250aaa1689f010
IGC0007A	0	1	53bae4fd2e6e6445962510929eff8a06deb119cfb2bfa0d816cd50bc41067036
IGC0007C	0	1	b521bc5476572c0ec490727576b258991339dff5dcea5a59fd9af1821733ff27
IGC0007D	0	1	8b6b6461c61ffc7e00c0105060dafd6011c7baff57d7c0b2df2b43c3d91b2466
IGC0007E	0	1	b95d61e94c6e972129399f4356a641597371ec94c1c392c9bf794593d7a4d35c
IGC0007F	0	1	3132b9cc6fbd59955fc80c76b876154d3f81ccb2b5808f2c0f99e7c510649fd0
IGC0007H	0	1	e7f1bc298fad5cfa7ee1281c6e5265ec4352f6c82faded64dafdeabb7dea410c
IGC0008A	0	1	4aaafa618d396c57fc3b3b9ec03622b4da4515248505e5b9233081627f15bbf3
IGC0008B	8	1	5a74ec93a2e03e0f733bccca7b2cbb3b15ddd04205c709dff35be12db79fee4e
IGC0008E	0	1	69e839950edc75168628bd8db2dc49eec7af0b3445a0b681d397692b0b2c9cff
IGC0008F	0	1	32f88f422afa6b98408f332d6a6f6e19240609b0d931b52a3aff6c6f3c100d2f
IGC0008H	0	1	33579ecabf08924fdb7d51b069edb5fbff8b3f99496ba769e2741371f64436fe
IGC0009A	8	1	d4353e34cf10f5443652d05c6ced34883ab3ee502ea79e70a1bd9b4e95857c42
IGC0009C	0	1	b0312d2b464a66aaffb7feb1efcdfed26293594432710a1750f122899e92697e
IGC0009D	8	1	5bf3c1eeaab2dff3ad8563cac912a8c4d60b7d8286643ece480c01e486ac4480
IGC0009G	0	1	2213bd6af0995a27977383ea378f88e3426da535fd09b29f81196604b63ea4e1
IGC0009H	0	1	33ab83c4b4e7a35d92311fd132e564281fad86540ce7135385cec81fca8eadcc
IGC0010C	0	1	c2c8d2c3b494fc796782287ac8029adcb0bb141552b3c50f75c29fc4846439e9
IGC0010D	8	1	165637a8010b40dee53aa0f16544a462f0c9878f2d225b2638c903928d930a81
IGC0010E	0	1	25ed8a99237500f9e72d6176121ce6bcd54ab7dbad326034f26aab47e9380835
IGC0012F	0	1	7422a43892a51b46dca4112bee3cf40de4e667133d1b86765fbc5f98638aca37
IGC0102G	0	1	beda85d044663586cb7be2ababae02912b4f562b062f931eb34cf6c2f357b8bc
IGC0106F	0	1	cfb63f86b5dee920efc86b0aa0325f94219ad074160f3994baf83df2ac9bdb6b
IGC0106H	0	1	6be5c6736d38b40e9d46cc6994fdee3a2eaa089644626396056771de8d9a75cc
IGC0107C	0	1	071c00fd4586051faa654692e628bf65c6fd44b4c93e83665895c8211527cd90
IGC0107D	0	1	12d73d1a0c3d6fba6ebea74d6c5e1c6374cc571c7c8d7599bb331c2a385526ba
IGC0107H	8	1	9b3449acad5e6914e9f665b34664fea25f57bdc62faabc68aa22f4d12c1324f7
IGC0108B	8	1	bbfdf6be54b240ce784491493d5c9e5fafe0738bf260f58b7cb2f3762a39ee94
IGC0109H	0	1	4fdc34e40d10fe8985bfe5fc3e628e2a574c712706873960bc60f922fb3d8817
IGC0110D	8	1	70cbc2377a4604eb90b2d1e29805568f9660c2e441b8d3908157aca304c16c59
IGC0112F	0	1	9b88f7d936c7ca5828921031f601edb4539d7c9edca1ffbcc5d3dc4548222a04
IGC017	0	1	f6754927ebd15326e9b27dcff50e64493b08b8bcec0526a835f1948114238c1b
IGC018	8	1	f13bc4b08fcaf742a1079aca45336dbce6a7576f13d7d3e3c1474c575b2376fb
IGC0203E	0	1	27e61b6644389e11ca8f94816008da8444105137d79589d487d59f48fdb165cf
IGC0206F	0	1	278dc40e074e9c6cf6f20faa79f8e90d29e0d397f25268695c47eca94b6e8d3d
IGC0206H	0	1	7b959919ff82e344c4f1ad5f9b0defebb2b612415ed683d149f80a3a110ea276
IGC0207A	0	1	351ec45af05b8911f64c82cdf1b9f87c7ac6646e05d146becf6c0e56a99182f7
IGC0208B	8	1	733c4021a0688d10b1535e6935e6c792f9cea9adb5cb7b3b2157e895fe54a661
IGC0209H	0	1	98c9982d171d98a60a652e091db539f26630ccfab7296459347532e1226afde9
IGC0210D	8	1	d2e652298115e20c8033ef82bc4fe0238547f01b6cdc8847492280a84eae3f8c
IGC0306F	0	1	911844227d9e3ff83d886ce42b77b3ea865b545d2b631e836896a2554bd6516f
IGC0306H	0	1	8f41cedc281dcaa7a7f8ea461e87eb773d0f5fc0028641aad05504fab8c129e4
IGC0308B	0	1	a6867598af091c994a32f06b30bbc5a6b843da5c35caa12e858af9f80b1a6126
IGC0310D	8	1	3af4bcb0ce7f5325fe8665cbc08c9dc5243175106e584e3e824c5b69f78de33c
IGC0406F	0	1	8438de4bd138e24b29c4cc76c4ce76f5fefc58149aea0d4416093c9c95d3342b
IGC0406H	0	1	293c47c3176ddba3d1a1097914b1e8816dee648aec30af188e12a0d35ab3b1e3
IGC0408B	0	1	165279225f1afe9239feae498e132c0b1bcdbf8fc8af9b64a3a5cf5e157d932d
IGC0410D	8	1	1f74a036185e1a12c03a5e1e1285aa8310fcf6b072e78756d60e738b2efae78d
IGC0505I	0	1	f4b2d1b7046514be34bb066cabfef732bb8b2bb4a60ea6c05dda3477d6cfb8e6
IGC0506C	0	1	b48cb12e9c9fbf2da69780e3546533dbea95e0566663c21fea8d731935fa5c56
IGC0506F	0	1	18b50f0823a8083e1a560818576f0dedc29abae13a55cf2e78761ad08cce9ed3
IGC0506H	0	1	ba37649df1f4a67c3163280cdddfb2710ae45182f4f1bf919fd3f4cc675ed833
IGC0508B	0	1	689f6399602839341f43f8a165162015107cd8ef692423ed2162c270c2526a8d
IGC0510D	8	1	15bf2a81870cd652928095a615b3147998fc5080371b1bff741ffffe97b44934
IGC058	0	1	bf744839658433352f22e494d65148f26c02ac4557dc5685f111f45d052ac506
IGC0606F	0	1	81172227707820e35e4c8a6778cc258c6ae0cf706b1c4c66fb17bfa19fb3a3ce
IGC0606H	0	1	29958a31d535f947ec9670b66f9cfb2f1d9590ca2a26a4dc3195c64a52eb7aba
IGC0610D	8	1	063a44c9f52e5b3e525c1f85ef923a7d6e8e8b54b9af1efe4a1942c326641128
IGC070	8	1	5d15b0ac9d324367a3f3b73ed410ed1679ed9bfd31e297ca9a12525eb9ba203e
IGC0706F	0	1	e0eeaa115d5a6d0e6e62914c55513472641ee41eba8ee3f39b518b59eb2488aa
IGC0706H	0	1	002014f78badf35a593ff88bb0b1343dd388a6665f2b31e664402f81cb3b6bb4
IGC0710D	8	1	928a959427097754386aa291ebd2e4d952a447824c1f1c885db3a5a01b7c854b
IGC0806F	0	1	d33fa9693dfc918a43cd82ef759f6fa0a71762d4539d98ad6007db6eb8d2e9ec
IGC0806H	0	1	5ef3f785aca6bdbe5af1cf8f47abd74b4666a08a596c4cceee1c884b0eaadadc
IGC0810D	8	1	e8469facce7988a8bf30f5e110a462d5589ebb9ec8b00b9915f24560650e129a
IGC084	0	1	350a1901ca2133001f8002e40c242ff636fe7aef6bd18fde3efc72a972260f07
IGC0905I	0	1	7806cd89936f714b2d56ca1a9fac77eaa6c6b8c5c66a4b2b473f136a6935485e
IGC0906F	0	1	7e3d47b0927a1e0373e4127fc89b22631d5d424330c47f4f071cc2d92933fdd7
IGC0906H	0	1	5737f2ecbe62eeab68c91c13e0f63d37f70aae44514b1358a4eb17018b85c8eb
IGC0910D	8	1	31d1b432cda61ab484996a174de8bc4dd6daba3aaec42288a86817c256b6e3ee
IGC0A06F	0	1	23519c2f2e08f294658fd827222533bafe1afd47061d42f665e867addabc56ec
IGC0A10D	8	1	76b4ec49e9805d35cee4e21e2b3a8112037f30b360d20c56878a6405533c5a7c
IGC0B06F	0	1	fab7530fe0979d9327375722d273761466a28f9e1eb5b617a5dd8259992f7401
IGC0B10D	8	1	a044a74861fe454f41ae4abedbc69bbc0817ecffc555e22d27b99f2ee789f339
IGC0C06F	0	1	e88c100a1dc2d0164f98df3f8ff1a227bbc7667a402a6872a73a511d709ba102
IGC0C10D	8	1	7b27b0ac28e8a971aada98593c0ebb6407120c22084f87f01df970f20e30ab23
IGC0D06F	0	1	477203224c3c735d6a6c416cd4ace23afc2f4a7bc8b18a12c8ab979b330956ed
IGC0D10D	8	1	778c635ec6197056aa905779abfc4aeac00095c661f9f8b71f16aeea0a351fe3
IGC0E05A	0	1	cb1325f959da2aa0577a98962174a00ec6d2e2eb5f5f76124ebb5afe99debaf7
IGC0E06F	0	1	099e7c54a7b0e44844b667949bd821e1089843f9380407e91b162e3c55df4001
IGC0E10D	8	1	12bb153f511d903c2591fae0936bbfcdcc6bf107c37220f59e0c533d26df262b
IGC0F05A	0	1	1b5cf0dd215bc95906ee1d3955ff9f477afbaa813dc312bb96977dc41f1f2684
IGC0F06F	0	1	99b53d066af66304b65e906e50ccb58635779c93c6659626cd5e239bb6a3ba2f
IGC0G05B	0	1	1b03f8caba92a754b4d2d51b1694d135f112ea6d9c060996b350844416d7b9e9
IGC0G10D	0	1	8fb76d37b4b5871ebe939771418a31105b7dc515a6c7457c3c18c741c7cd9ae0
IGC0G95B	0	1	0a355788852ee19475fb2380797ab1e02fa43428887aa37e86b6fdcf0068c055
IGC0H05B	0	1	151dd9d4c47fe8a6f7aa980bc883e1fad0f4baa6ea859219f701a9b0985d1d32
IGC0H10D	8	1	afebb2de860f64476699ee607576df9d55c235c837adce3983d90a309d39d53e
IGC0I05B	0	1	5fe9f59ff36f5650d5ea0cc426b87b6d15f50b9e1e7829d000ce19e78066dfbf
IGC0I10D	8	1	067c2c1562785bb7a91ba7b4d6588dc480bafc7a98862b256d09d0cf1171958c
IGC0J05B	8	1	41fa8a2e844c94f4769d65e66aaa548ebc5a1782e86e7907d23442b30414551b
IGC0J10D	8	1	f4c9226954f6d0f5f5d0b4069aff8f007580a16de843119c0bbc9a9762f2578e
IGC0K05B	0	1	1612bfcefed8bb4ecc6f7174f96f6a96ebe3fefc2fa745288d4b34319ab69fc3
IGC0K10D	8	1	9d221d4c81c1e85881f0d5f49e11536bdce3c89f60801b9d4c12244e61cdc113
IGC0L05B	0	1	50ac57a7ccd0fdb5c428bb553c9f1b3bc5fdb724f3ad2a70cec2e256ee39299c
IGC0L10D	8	1	83b1914da446ea0371e8a70db05dc8400a5f6728b9efb8f72f0e9f5bba954ae1
IGC0M05B	0	1	f6b2b66e0fcac83be0eda8b5ca13048bdebfc1a08615cddcb74df1d17535d37d
IGC0N05B	0	1	2ce3b910b2e67e38e0b48821b59765d1855b31a25b20b8fc923f83c24aa9af93
IGC0N06C	0	1	2b06d76624a73f859c53c071c38b6d8f4bffd39c443e0c8e1fb040f719e705c1
IGC0N10D	8	1	21e8761714c03e8451313e3e35ca6f954af554dd427bc8da4b1f234b0a7602b3
IGC0P05B	0	1	4e0df9e6982b4df09f14ceaa61fa324b24197b8af392a2fc2db7701a60f2e12d
IGC0Q05B	0	1	d9a8cb69901fd43e4b3d37e85805b1e76494ccad45f7b49171c164f6d8b8a0f2
IGC0R05B	0	1	2ba8d9cb60a51bbee455ba91a15c862c73ad332c337869fe7269eb1f47d271ef
IGC0S05B	0	1	eb5e59cd65ca974f9c0fde2298a6e66faf91c8a502a2153c06e16474bdb57783
IGC0T05B	0	1	5b1777429869ae28c23a4d4b3272eb598d2f9b0034f0f9d5d65ff8ea58414307
IGC0U05B	0	1	4d4ab8859e8a8411248a12af7923c85794c0546a77e68f8ad83378b8a4b4738d
IGC0W05B	0	1	ec7b067001ab0639d57937997e924b57119b25c71a343790c23368d6439e9aa9
IGC1006F	0	1	16273cfcc0a522e32296e353f05099f97b140deeef08a897d7fbbc69d5f27420
IGC1106F	0	1	dc8f7a5314c54686b5872171a8ca8c14ba4379ef863a7e6b5441eb8ece1757a5
IGC111	0	1	dc6276778b4b54666d267beeda6b73ee4e848028b8138623ef3561fae9f7fba2
IGC1206F	0	1	08dbbc6d1bae247271b7f618f0f570db3eb6762881a1de2be8e02c278c21c6dc
IGC121	0	1	d64ae5c32a9551bf1e28cca2e5f5c3834442ae1350de5b55e4243fd22b41598c
IGC1306F	0	1	58f36d8d000a98dc0b097e0977dfe77aeb801e8956d356fd3fe37450fefaf502
IGC1406F	0	1	0855ed0a0f57756a7e861b19bd8b0fdcdb146e9a742d5d52b472ad40184bfd8f
IGCA010D	8	1	096360516598e411dc94e633df39a806222b728ca2bb7f12c09115cc5db026ad
IGCA110D	8	1	ab92ed1e4e6574ef0cc74bac5d4adc49a685339b003aeba8bd9e345f7c112708
IGCA210D	8	1	32be98236fd93002f5ff0fbd740067b882daaa09eb4d37f6fb3b805421bc5c34
IGCA310D	8	1	360867e4bc89d8ea83af1caaa062316a70eeb0446193cff47828f191557fc819
IGCA410D	8	1	c3e3970c68058d683c1c05b4bebcb80c728dd91b79edcd9ae06c4a9162988b85
IGCA510D	8	1	6152004ae8221986e4c9fc3e039626f1654d0decba1ce48e7ed5b24a27f21c27
IGCA610D	8	1	adcaed6d62a1895730912fca9152cf6d6b510f7abf42a885e64a2ef9ba5b6ad6
IGCA710D	8	1	c5ac6ec8428d864530948ab7fc5856842cad397e5d403f30bdb86b81cf0f1988
IGCA810D	8	1	f45e400674d87209065c6d2613371c31aa48b90f0580d70a0bd1e7bb7c03ab45
IGCA910D	8	1	99b1b8b2f37a4968583839dd173a9638b6c85faec502fa7c958c456ad342634f
IGCAA10D	8	1	8e411e57072db42c0551865e2fbe7d14ef9e3d518020c5247eb86b8c95e7bc35
IGCAB10D	8	1	c217a1a90f00c6e9f2243fe19526df7fa12b911e1d4753a22691f06f10d7846b
IGCAC10D	8	1	b7ca8346393712a5cdeb897f61ee9a3a98439c4ae3fb3af33491107c74f936bb
IGCAD10D	8	1	1fbe436ba680e186d2eeccd112bc2e8672f8ec9583a4775df141bf8d8877d1b8
IGCAE10D	8	1	13f3f14e15fb2f5408c4477a2da3ce5056b365376399453558ee554d5fbdd474
IGCAF10D	8	1	ef1950a6b9e7adc01c8abe91208d7048c890434336d20ac8636c2457b8b679c5
IGCAG10D	8	1	f1914b20d2339f82ce754ed754319fa22d52b63e9ea48016addb9064bbf0d034
IGCAL10D	8	1	8cd665b96653d325dce87bf1a89d9c4981129ac193c5267844baaccf60fe5035
IGCAT10D	8	1	2b2d20ee1029356eb3faedfee7aafa1d628c687d6f96f6a74e63511628240ab0
IGCC010D	8	1	d678939b2d9112491c106d5d769d81a40d18f88ea3526bbc2356e297783e0d27
IGCC110D	8	1	a7d24a8acd4e7bbe4a067400f862ad2f3180e0d223a6cb7f7bc2217a21195578
IGCD010D	8	1	39dbc6d975b803ae72415cab09c6f201209b7f52d47d8bbba1b7df40e3fab968
IGCD110D	8	1	99ac713e7daf8495e7000603ac20418ae1caa0881727043f405fc9e3a9988971
IGCD210D	8	1	3f1335a74a1e6a7233014cd457f43363c265badc2200545686cac6688ce5f28a
IGCD310D	8	1	cab3ee1a601a02844e3fd25a1fdfa6a8a729b175d46129db8bf4ba3f04aa8a0f
IGCD410D	8	1	a0eef5a17cac5407110fb2250d0a4c05eb2bed85c78e9e3a7743861d9b780a33
IGCD510D	8	1	2e00b46500cff2b2c77cfe92549c13ce49953077e1c25ca365d55f37c4a1d041
IGCD610D	8	1	79f785e1ee94d1149a0f3fd3625398942a1e3ee3dc4ac7caa4b5abbd0a669e26
IGCD710D	8	1	d0ef415baecae4e7fa8ecde07322ff23989f27c3090029d53ed09577e3807262
IGCD810D	8	1	fa40f2dfde0f9ada1f788f75cbbda6881d240b514fe0bb437a2419eb341b9b0e
IGCD910D	8	1	c2f2568ba3a8b2634fc54491b1d38a9785cf468f633823abcf9800fa6daa0c73
IGCDB10D	8	1	117d5e6b3a63d0f8a15eff9aaff0ecdaa8b0e1e4a4e2a055de8fcdb86a2614bb
IGCDC10D	8	1	30bd0e201bf3b33aac690c7b5874d94cd7d6a008c55fb099b88c8066cfb0d918
IGCDD10D	8	1	69f8885a683affb623a183420956cd5b19279126d477616a561021944e3998d2
IGCDL10D	8	1	aff0dd0d7c9256d451c02ed30022a00d9caa049f01a85b4895d5ca31e570ac55
IGCDM10D	0	1	e6b16816d1965ba64cb867628a2d5ae2ef43766e41438f3eb0f398da54c58529
IGCFA10D	8	1	9f0b4f017c0fc7a9564a9ff56520c38646326064ebb9be7b4c102cdfe1c2a507
IGCFB10D	8	1	2927182626d4c8185426a349ad68b72b4721334dd00e61f67dec5bff9d7614d0
IGCFC10D	8	1	f4cd00415d31259641bf8b9035a8bd82ec28b5437a724759580f71f21c474d43
IGCFD10D	8	1	aaf7c12e2395b1b2669cc876bc4c30f0e229d925972ca0d648051c9ded968131
IGCFE10D	8	1	5d94e50f39d52ac8d8a603f436347f2e2e01befeebe742ada24a6d772e8fa447
IGCFF10D	8	1	ca102da5a8aedfdf992234a75266b37239f311d775268122162d97e041fb6772
IGCFG10D	8	1	1d86d5f7fd221b259fdd07458acf5da28859d594b09600c406bd2a364c349799
IGCFH10D	8	1	baceb22aead0b9e4b677af7581d8f9bd0e9007ba18f53af271eeafccbd66b843
IGCFI10D	8	1	d178f06dcf19f43239f9a26df6de54467ff9490dcdb1796676e0fcd5c932b424
IGCFJ10D	8	1	be7039d34f80dd93910425935dae19f905959f89c3be15bad0a0c36d68c4d100
IGCFK10D	8	1	a17b714f5a6c5586c850700dea2cb4819676e617e72c1c80476dcac75087ac77
IGCFL10D	8	1	96cc815eb0d4d4fd17b16283bf2ac4cb3a8e188d16efd4dc56390ece2dba919e
IGCFP10D	8	1	4e7bdaaaa7912893120262bde0c5ce1ca0716df64e1aed279442fed3c5ca80ad
IGCFQ10D	8	1	8e351a78e2e599cafd9fd1e499471e8d322590ef3de4b5b3d3345c679f618738
IGCFR10D	0	1	dd42125f8d83caef8256344ea67d7a070d6a082ad4e894b854e2462e29c44120
IGCH010D	8	1	319c6c90dc4897a71693407e73b11c969149cd5a9f58a563d94ffe1c34aeeb55
IGCI010D	8	1	93874363837518c2eb35be31153f732aa50f1a1834f3fe0a982d4b4c407b1340
IGCI110D	8	1	33da1344bb5879eeca64cc785845b1d4dba735c79766c8f371bc3b2ab9947b9d
IGCI210D	8	1	8d5a0453fdeec14d865c866353d3799a19a04611b349aaeb8e027914c6ebaae9
IGCI310D	8	1	8baea233549e1ea00e259e8e107e50174047124a45dc31b32d094c039e9cc2e7
IGCM010D	8	1	74deeb8014b0c51bb2986df03822a0c40686a5ee2de9693e44f2834571317280
IGCM110D	8	1	f856da4f1ff079dbfe2ab40a00dbb9fbf2f26f681febc7efc926645fca9e2e5f
IGCM210D	8	1	ae57dfe229cd28bafc157313be030f10e283b3a7214d020794fae95106cf8eec
IGCM310D	8	1	baf178323919f360fc4ad764ef905b372f1e7500e5e72a1ce3143c4279201b92
IGCM410D	8	1	b0a46844defac4714631831125c65bff76b89949a3c6207170caca3dcb95e701
IGCM510D	8	1	fca6f8023d2400f86322bc8e1305c0a634bcb9a8d632e71f1db585148c253cc8
IGCM610D	8	1	bca308fe7fcaaa6f37e874bec0f3dfae0cb6ae23deae2f85d4b3c40cb1f8893c
IGCM710D	8	1	6f0092df0a6dafbc6620cd380bde94834cf84da42f289c904211e76efc00ef4f
IGCM810D	8	1	1ebec1b76608fdbb1cf142e3d52725bd2ca70241e81810e42e7fa89a441e9c2f
IGCM910D	8	1	99587e3d06dd4824ac92d333d8f406e41cd91ca9678ff37555c06e184df141e9
IGCMA10D	8	1	1bc15357716ea6b48a062c74451a913265e31a40453afb47033ebc8952ea6daa
IGCMB10D	8	1	b8cf795a64e890658f4d938dd2ee75c2c359845f4dbdbca5e3ad9b3602bc1f36
IGCMD10D	8	1	6e2ad63db4f986728a68018ba9ccd03346d8665ce88b24bfc41fce8bf7871ba1
IGCME10D	8	1	91f6a7818c692dc601c7db58ce95e9e7902679beb6012e2da823ccc8cf84b654
IGCMF10D	8	1	2646d49d588921ead881f78e3e1db5de540f70d900882a0ab6b7558da36315e8
IGCMG10D	8	1	3ee9c5a7bd28bb9f495e3c25ff3e7a23bcc8253fef83b98535a9bb615e9b504d
IGCMH10D	8	1	0ca50cf60b1c0196c7ea39c2c9998fbf05781f720fe8f878b4de081edc2361c1
IGCMI10D	8	1	5dd83b05053c376ed9e57c896a312fd9b75a47de6d9f6bc7a7571c973a2171d3
IGCMK10D	8	1	7f3cf87b71a749b04d0e95cf2db2a00f38e3d5d7188bd1164958b9b1b1956e85
IGCML10D	8	1	d1eed3e23f722ed85180b66a3ec6836f1715a423512cf66b0fb902c5490ff5e1
IGCMM10D	8	1	5dd1ee2c5d1f590da44d11d119cd23e6771dc24e0e05342d1baaf0f03b4c56df
IGCMN10D	8	1	5a14007d36c80d69bed89a4249fe6cfc1a8f8fde7236b460129bcd723e1ccc5d
IGCMP10D	8	1	bcce6a8f069e30ee10405efaac1e01e88f0bbaea464b277bcb40a718f489e837
IGCMR10D	8	1	15766c053971dc5cef4bccfee84f45f3c85434fe9c94a037454a85328e369d84
IGCMS10D	8	1	290c5f73cbc139cf1dff4d3f04f53b7a2487abfc48676b41221a1a7a01b123b8
IGCMSG6C	0	1	24e37ea04fce60408dd45a00e63b4b9745b4a9874efac0cbb35681d7264d139c
IGCMT10D	8	1	e82d0bb0f44ca91a356f113b9df2632de6d13d5d3d8dfb16e2ee06a95493f323
IGCMU10D	8	1	accc7ca5359e356b7a9304304a8a402dff426877006c7d2909a3346da3c10c5a
IGCMV10D	8	1	8bb2f640e994d8f8af4bcadd907cccd1bd6c9855580aeb507905d85e9fd72122
IGCMY10D	8	1	4d3ca931a1af13a65738ccc9646e95b170a54b5027da50ef50f3e54667709b15
IGCMZ10D	8	1	61057f8a4ac2e46cf093789fc0504319047f1f983cce0593957c3e579a9079fa
IGCN010D	0	1	ae61e0d4c738d330264b59f3c0d94909a9505187fa689fbbf8833e1c6341c7de
IGCN410D	8	1	900dead776e53f633a1ec35d852169ade7424c858c18998575a4a3bb87f95df0
IGCN510D	8	1	64063a057bd9500724b24ce184c8a6ad45f7e0a917691e41662b40feff65ca4c
IGCR010D	8	1	667aacdf1a7553c8e91c8af29e1468b87f09e9563861d8c76509cbf90defd67a
IGCSW10D	8	1	ba4c8ee474532f2ba558a5b71f4b0637ffba371d37277ad8881cca8adc8daee8
IGCT0018	0	1	adc1214e3c9c450aeefd9c904885583e98203722c7afecfe1960cf647020f602
IGCT0021	0	1	9ccd87fa2ee3c8f32ce54d41b82ec7dc13c203919d9af3c51875907b06c89c9c
IGCT002D	0	1	11ae1188edb425e37122b36e6bab7569b2ec6f25277b5919f63a10f6671578e7
IGCT002E	0	1	5f17a0a999313f84be41ba8f5fc76b6fa5549ff1612f1ec6b674a7895e6d1e4e
IGCT005C	0	1	bfa4a092a9284ea53b933c15d65d136fe57e317357a10e12ed233b078646b55a
IGCT005G	0	1	21727000bb10ab3eeeb32a4639e97b91cf56ed1842bff2ed35fded84b982ad3f
IGCT0069	0	1	90b771b3109121e3136df1f8387507b486466025878a652a2438713086d704fa
IGCT006H	0	1	9c4b8954cc5005f488138cf398aa073340c5feb10fd94ea82905768de0c57c2b
IGCT010D	8	1	2332dbe09a7f00d141e66fdb8e722c91a5adca8133152ba88393a9f36aecce32
IGCT010E	0	1	e1d1aa3ef8dd6adb48a799c82153d95f52afb7c494131e6dbd971b9abaa22373
IGCT105C	0	1	2d37fa593c909bba2e49ac5f06638d28d1bbb39bdab4160f373161da73b131e1
IGCT1081	0	1	62c0e0d39c3208cc74bcf43005c398b25e0c730d442c9615f2bac8d00240c1f5
IGCT110D	8	1	f8e40871453a77259abc22f6944e46c749f619e44182970225a861f555f4d585
IGCT210D	8	1	3e6baa19d218e5dff39eb657265b85a60f74c75f64214d53adca13665f670046
IGCV010D	8	1	f64733c75757ebdc095465ad00a03c190646b09525222786343efb657461f903
IGCV110D	8	1	f854208606f94195c11221c59f9c0bb537c311b34c452d2bc95754ce9e6fbb0b
IGCV210D	8	1	5eade8a87f82b2e04d71d055ab05219da6aa21a51597e414916f55c81a8fe7b8
IGCV310D	8	1	89f1edea94c9eb8669ab1973c0ccf4585179601e6a76cd43d2b293d0bc5b1282
IGCV410D	8	1	3970c8bfe594281640f58a2df6f640a19025c58f10cc2d273fd65b48924236a7
IGCV510D	8	1	37db050abda6bbeb6b926a98781e4c3ed58043c14503e082a75b430107e5c04d
IGCV610D	8	1	4c1b980cb7f14425a622514cd3157c4d0fa7d99ea092a6983e3893fe5c0f13c9
IGCV710D	8	1	8a78b3e7f70f247b8a4c2205ee62a16279fb5e50253a901fcc55a8177083b2f1
IGCV810D	8	1	9d1f4475acc897401a6315f3ad975a7142623866603daac21f85c6456ea845a4
IGCV910D	8	1	01a0a4effb2ee216d3a409e213c8c65f049950c5aadb47d5a027f9881dce1fd8
IGCVA10D	8	1	8b7bcd18ccde8785e1e75a1672123c3b1b80d7673bbc99597213aef21b6a22d5
IGCVE10D	8	1	b919701c0db45b153c5e0708757379a4a0b3ed5560bf4e3e09c083129e551e40
IGCVF10D	8	1	c79c3e0a4134fe45519f380032115cf1b6089db106d1f85d79b398c6aee7bdf2
IGCVG10D	8	1	7ac827ad322e51c56053e8088c26b18c5979938add61dbbcec4784b7393df4fd
IGCVI10D	8	1	2e82d9930170d447a6f650b7eb2fd4f3fee4aae7db6476c46372d0bc9665bc14
IGCVK10D	0	1	9ff0a7d2642743fada477281106c97d1b4d2002c6a00ff6ac0366c53a6b57a22
IGCZ010D	8	1	14d899da616f939edfce1c5fd512fd91a9ed18b726b8cc9e97556b69b71f898f
IGCZ110D	8	1	7a26d04ce756f8ca37e9227541cda7628e375621ec378e23c59a88369941270d
IGE0000D	0	1	135629c6edf4fa2532e420c293eb2efeefb4db1c137f3b018ae03f5ffdf67d96
IGE0000E	0	1	9b84d5751259c148ec5ef11f30c5f71e1993a8248c6b19e48ab1785373cda5ff
IGE0000G	0	1	b78d5e595bd18b7a31c24298a0c0f352eb532bb47e8221d4dd28f87a4b75e66f
IGE0000H	0	1	0addbe6bafc335ca84aa98dc339c1969369a5e540b1cfad14fa978e3b257e726
IGE0000I	12	1	05a9d9ba5d1d804794c33cf8634901070f3b311ab253458e96ec185c28ad7374
IGE0001A	0	1	eaa4da0ac3ec3a397abb301a01747dd4a860493143e2e501590997cb27503c2d
IGE0001C	0	1	7bb8a4800a5317f23b8a636d9416de36e134cb0f2c44b3a6648b86f15134e422
IGE0001F	0	1	642971dcf0cf9232f197073a52ac888717b7e651735e1d1db4a93befeef108e7
IGE0001G	0	1	2e6f1d1551b2f970f3d1b89c5d4d884256f68b25150088a09d342631d0002a0b
IGE0001H	0	1	b9a666e20268db8c017be1f973ec4be776e412c2033e814231a51f2f712fcd4c
IGE0002A	12	1	c068298a0de1231e0811bb293ca091494fb33f5e1472e5f9c7393ee4d050e2ff
IGE0002B	0	1	addb09659d65cb775dfa357070894872444ba25197d6e4a75b0d64c93e014d44
IGE0002C	0	1	d1dc2063d9f66862dcc5fefe2f6cbe685ae27d9f12957a4dabd5776c1c9f91b1
IGE0002E	0	1	a65e3e451d2548aa31388159938e3e9f415738b4dbb2fd99121986442a3a8869
IGE0003C	0	1	e2a7817ba4b3532e57245197b9d26844b0becb706f24ab88d2a231809bc7ee03
IGE0004A	0	1	a44a9eb5f5b83ff6db32ece308a9a4f97a44dddcd997cd33c441577d89966c75
IGE0004B	0	1	04d1897235f6fc8cebadb6a6b4d52269ebc2ebefb389217416837faae91a32fb
IGE0004C	0	1	95cd494da50f7146e4377b6db306423f5d4b6e39f08d925a51fec8831bd67cbd
IGE0004D	0	1	136927baf6a00eac9a0f7be2115510ce1d2c8b8721a77f900727c3b975d687f9
IGE0004G	8	1	e81e99377a3333fa55b57b74299e222d16eef5b10f20224a314f2f9149b5fb21
IGE0004H	8	1	bc2395875c5e0c5c316b6ce75561bcdd040ee1f0da3c3d395425cdeb4c28c0f3
IGE0004I	8	1	d531da819f90f8c8a46f634e0100beb189e852519029faaddd21bb695d689b89
IGE0010A	0	1	436e524e3481d0f13711a22049d7570b102eed45c3e6612d65a422cb7ab909c5
IGE0010B	0	1	01de251e2df1e046dad1fd121d6d88148863e131018f5c5e0ae104f31502a4b5
IGE0010D	0	1	d7c9b3d746c0a3252281573124ab5b8a12ba6b261a72d8bd2619010c2b8815ae
IGE0010E	0	1	4daa5f6e9f6380dde1e60a4d4066714444ad63a2966cea5939a5fc0e82a315fb
IGE0011A	0	1	4f12c5f9f40dbb5a74e58089d85a908e9351a642f50a0ed4d333eb0524cf8468
IGE0011C	0	1	85045bad9bdec6500f28e8c6f092605bd2d3d08442e6e18d55e19742294a20a4
IGE0011D	0	1	3fbe8383e118eac4b290acecc4f41bf273d8ca095696ccefa43498926181debf
IGE0011E	0	1	5bea4ade395214d13447c55425f57fd9ec1e3d834d246bf16c72ba7477918bf3
IGE0019I	0	1	8de514b472bed5a2b0c401495008399994af40530260c8bdd40bdde4ab749d76
IGE0025C	0	1	754d0e3cb4dfa1ad5d6190b7d3b02368fada7e1e5e78548a7a8336cd45bdc140
IGE0025D	0	1	1c4309351e6356dca0091301491ccc604e5c081ab2ecfad5d64ff8fd799c6fce
IGE0025F	0	1	c481d6dd7c938be66afd4a5ed2eaa08ec96da79d406cd11ca98d604a1a2881a1
IGE0100I	0	1	54364a7a936f26cfc08c45915191d8eaa0f3aec7f2e6c71d04e1b02d5b54f229
IGE0101F	0	1	0ababf26ba0558969cafb102ee1c27b96caffd42d044a19dd506aee5d9f9cab6
IGE0104A	0	1	36b43f0cca109e8c7169c14bc187701141e198277b83c5812b7b4e4f5770ea0a
IGE0104B	0	1	01424854a4832d80b5c82c04ce0ad1f6a2374a7e21ea61745d460798ab615551
IGE0104C	0	1	22a355e3d73008cb25e80c032e5ff7021004a1d9d460bcdabbe24641afb25917
IGE0104G	8	1	eff14a37578990baa3169562b18fc72c5239ed9841d1c4b414edcacdcf855d6b
IGE0104H	0	1	40ecb749a7743d9a7a9a52745902399f5901c260daa9fa7e7b4b1bb42c89f67a
IGE0119I	0	1	9e54824e4f1040fc3ccff40e0c53ea497e89cb6b10c301062492965591fe3c52
IGE0125F	0	1	cd6b9fbe20220f6f70f075347d66787f22384d7b1cc61b12cd04aca435bf6656
IGE0204A	0	1	5f7903bcc643004f6d8739a2ee857a48a07b7ba64b8cfa9e3643a649cdcc2203
IGE0204B	0	1	732239982dda21cd400a9808a0c2a8e4985d89ef24eb3ff5d6c84be703120713
IGE0204C	0	1	85e8da47b1e3aaa3d57d37c8e2c83c80c9e1e5e506e657f07add5827420bad26
IGE0204G	8	1	df6d46899de7c6bcff5d9276c048a3f9799d05d37614eaf5f5b699e3ab835f3a
IGE0204H	8	1	9819ce7f6eb3d286b7661d80571259bda586c7c924985e1fc17ac4abd9a3d1a1
IGE0301H	0	1	cc23dde4b39ce155d5982a5de682441035acbb529b657f4a310670f8b0008acd
IGE0304A	0	1	b7a3cdbb1b819e1dd63a4c3277e4fb5a6378ab1f72e76868c6d343cb0cf054f7
IGE0304B	0	1	81bec4fa2cbbe13558cafd4609dd2ea267d513f582a6bbe5b42be50da2cae19c
IGE0304C	0	1	8346f0849224d9bca29fe698186365c2507090520c4c377782175626659a5d61
IGE0304G	8	1	84516ceb7c95588bb8445eb5b9943c98f2f0282029c867f2edbdc96ac9e35f74
IGE0404A	0	1	80b3eff900ede86a8dd4fabb48daae2dc8cb8dec5d0adaea4374d964f351f143
IGE0404B	0	1	7f5e8b341262586913ff4a53790e89b54e8f11c6a212cd4f7ac66066de7423f3
IGE0404C	0	1	fe47a4d355e9558965c514498785262b86ed433bb6bc39242603d692418748f6
IGE0404G	8	1	1d64aba6a889cb5b12b93ccade0ea662c632a5aa61e352bfb6e1738c1528ccbd
IGE0404H	0	1	c42f3ec089d91c5ffedf73e7c70b358acbfc092643e0397c84909ba64efc5a68
IGE0504A	0	1	bf3b77b884c067f1a1eb62807cff3f46130fab365246462a5c3ec39217d8d946
IGE0504B	0	1	471fd49879884d172b59f99de845a1bbf49252d5a273cfc02efb09a14552a830
IGE0504C	0	1	64bf6aad8509811e376f750993f840d4b833070dc583b583a3344d01ee72da5c
IGE0504G	0	1	2272f6867d656798dafb11bba85215cdf9869ee88946c5a91119912dd8108473
IGE0504H	8	1	c04a2558f9cafeb48ff16951a355a55040d562391f5591577a5acf3a5739e833
IGE0604A	0	1	d6b86116b965b0ce7684ed889a90f78a584f5bb04090f050591c0295cdd66999
IGE0604B	0	1	3c7bbc4668c241bd5f7bcb1a5af25199e4214fcf5097d3c51a90f76895f4b4ee
IGE0604C	0	1	218bf18dfc4fd48fcae8089841a97c43eead61e23692d601a81d6124b6be42b2
IGE0604G	8	1	82a844ece78baaf5a2b1014addf4795fc1d1e5af7d2efa7e17f4a07e01616ea8
IGE0660A	0	1	e1c14c59cc37ad007fc7459c5a5f60e56559fec47d1d10b8c355b0ce85cbf236
IGE0704A	0	1	105475d34797bd721be618ba69e6ed1ba7f55d23a10112471a187ceafd1ded9e
IGE0704B	0	1	bfb85794b45ab22b0b03464401070053829ecbf8257c36be3c85f7d43851eeb2
IGE0704C	0	1	cc05cc310ea6f592c6d12d4c75f44149ed83cefbad922edd5099ad4490e87aa0
IGE0804A	0	1	932c3bf9d2454cf504f80e614a5d2b6f6370e915b3ddbf2fc7ab7d5664923841
IGE0804B	0	1	5d7bb2a63f6b0c72741a7f3ad5a42dba0b0d3bda2e7bd14f94f179e02263aa7f
IGE0804C	0	1	d78edbc1e2ac2cf496703f6b6aef7127cabe10fb9f15cf85948f01c17f87db19
IGE0804G	8	1	dd6cc1230231db59e69fd6990b12a42bd906bdde9dacb3d7c610d3b374bec8d8
IGE0804H	0	1	507f81ab651a40d940c6e6fd61d9ae4ff7da6257a9a1a8bb72b01042d7b4895c
IGE0904A	0	1	428022a1e9b2237b8d5b3fe60992fa774e82f76619d3bde0ca59a6aa62aac6e9
IGE0904B	0	1	a26f5e35fb332e74d10e5f5924abf38635360354058ca19b93d16f94c108dabc
IGE0904C	0	1	3b8840d3bc950be324750c9c83c2ab256ff7af82309d4268b78078cf76f5a8fa
IGE0904G	8	1	10327c18ff36cec5162f65065924614481b69b03b68dec0d13fb0ff4a149a0e3
IGE0904H	8	1	265fedbeab20e0983e28f885e39de1a97564ca9d23f797d9d89e866991387147
IGE0904I	8	1	e88ce88642e5ce541389fed6b9a675714dee68bdf532c1dec739af7cbceeb20f
IGF2503D	0	1	13846fe69e60995d3550ba2ad66e59be37a55662a6c96918b36562c55eeb6be9
IGF2603D	0	1	dff252a457be5ba794d76b962c9300a72faa2c58c9ce161dd5ec13685c600311
IGFC60	0	1	8010d2cb5dbb31a7157da7dab3764d1312de7bfb4d142b074d2b4efd8ad55610
IGFC70	0	1	9f494f6bab17aabf20d11ab1d7cb309383a992f9f473a0136661ab4c0efefc53
IGFC80	0	1	5c5d6c79110515eca126840fb7927edfbb7979a9394dd54d6dcb94289f18217e
IGFCCHCR	8	1	03b63cc47faf51340dd9c1e57f16325c765dd183f5e015f6f55f61557ac003dd
IGFCCHED	8	1	052fc0d6265495182505d368ecf4c99527dc27d2a73d6587324926685f16f329
IGFCHDA	0	1	d8ef83d1c45b8053dd413eb24c6013ad8d5f76e906f123a8ff45379ebe0bf8f5
IGFCIC	0	1	6dae5d909abcc02b923db11a9e1fd171b49a92ef23b50c4f1c3df116706a81a2
IGFCINIT	0	1	a67ed045e405789c909634134218bf496ad8da4d414532db43d06ac22366bfa0
IGFDD0	0	1	9e9b6849db8ceaf0afa2289c0ce26af14409700ba590a49f7e8608e7dc0bee52
IGFDD1	0	1	5c43c7dfd28046e0c1094761bd839f268363c129b40c308fb0eb6aeac5653116
IGFDE0	0	1	daebfeaa18b198cb7c7df67e9d180fda46e4f79a9b00ad6106e4b3a06f98a588
IGFDE1	0	1	9b87bb67921656abd6828a9271f646013d5fa53b2564b944a29294e996e254e5
IGFDI0	0	1	31096e313553b66c1f3df32bd7ce1dc5148abb212a197f990331cd40b374dc4b
IGFDI1	0	1	e590eba9c6e00bbe31393066f02b04695a9633de5d1481cda2c35046532ff5b0
IGFDL1	0	1	92298667f272114b8c6a3485ad2a4c94307391119f52b4713b87400318c182a4
IGFDM0	0	1	06ead52473beee03980b1df8933548ed2ea946ff738462d5a1a86fab08ac750a
IGFDM1	0	1	7fbfb40c55b0accb011a22ba4bf0ac6f2ba77a965faa792da1d5d58ce5ce01cb
IGFDMTXT	0	1	be124c7b704e7a9adaca24230468cb535304a0fbc4c35bbaae649d6e5b4b2e4d
IGFDR0	0	1	bfe4bac788523f95492f5d314aef345db15a265d3e9a25587a2d8b582822ea7c
IGFDS0	0	1	2c5759e9c6e976a3f0c29895e6204d4171686a754a01c95074666950dd4242c9
IGFDS1	0	1	0cf03e22412c7cd5c3d6fa26da92be4b4ee9dc7402195425cb6ce7aaf8ce9925
IGFDT0	0	1	ecaef06bb10f7114dd0c1ba7a41718943682b2a6bd9ec87f0b99057bf7ee930e
IGFDT1	0	1	cfefe4c9ddee492f6c58ce943481345148cd472cee16230f5b488165096da8c7
IGFDT2	0	1	27bfef9d72d6817ba12006e2c1beb2c4de02b718a36a6ba6644fb7ff14e75cf0
IGFDU0	0	1	48b128180b35596b667bb49c840139d67958441353ba69645824851b5b0b1ad8
IGFDU1	0	1	aa8b324b0cb0c96c0e66683b32162526645f5c18cf4031ffc9ece3acc8a4e5ec
IGFDV0	0	1	367d9ec9f47fb1460a099f4481206a92cb783bb06a2468112491f48155ac53e7
IGFDV1	0	1	208f9f260da1d1776c80a0845289fd0cb3b947a5d1a6f3c546babcf7a111789d
IGFDW0	0	1	db848b13f1fe091ef505f3996de6788f834ac0e19bb0b737fb48f8e8e1bada1f
IGFINTVL	0	1	dc6f0316dd71b57bd7f311b72c47194767931599a86a77fb778122aa55514ae5
IGFPBUCR	8	1	db881c3de583eb505aef1222b9766de3142646c086fa40e68ae3161f6e44ea75
IGFPEXIT	0	1	1d27735fae33feb9785ef7248071032a96f5632c2424ccbbb0fe14a8ad82c4a6
IGFPINIT	8	1	204f3e834448479a6105225f302ecb8616b6e7f7a225ba25f2dc0865ddc2f53c
IGFPKREF	0	1	1817762416b500913525049b932716940f7432f6b3b9ad3d70d076374e3bd6d8
IGFPMCIH	0	1	88611c8763e394a11c1fabd2c6ca3f392b40bd4316c85e369075b1635ad15c97
IGFPMFRS	0	1	11afc9efda07adcd67c84964a9f5d2068b65449190149c512a20661187d67c8b
IGFPMHCA	0	1	413166314b79c16c0bdeeedd36697daf388042ab1120e7d1b0086b3c176f9ee2
IGFPMKTA	0	1	470afe65435b58f83a86ab7458d11e6b2a3f25835a3e098f372a2bab4a23650f
IGFPMMSG	0	1	cb77021a3a64cd5b619964d7e6fe95e6b21b5ad6f718350ffbb4db223d4cea56
IGFPMPFX	0	1	95c3b274a0a7dd23d59dfdbe3a717a4c2440997ceece2f539997e1fdcbfea142
IGFPMRTM	0	1	5d8b2365c3a9e2ebdff54d8ba302c1333b9f5785ae0a563bcfddbc742925371e
IGFPMSCA	0	1	77e961d9f54a664a1cf3d61ee44afb7a64bd17ab51c4533f38c84963be5920d1
IGFPMTHA	0	1	6ad16a0cd516730f53f1ec9774de84f97b6b91b322e65e863ca017a2787631e1
IGFPNRFH	0	1	52672c07968590c0ef9f4ffc6d3f0222485568238fa3de48ef94a641a17187c1
IGFPNSAV	0	1	5014234797d27f4eb95baf5578166c4a86fdf9b69912a55413517aa000361f5c
IGFPSAD0	0	1	7c0a784e2ad7ce577a1cd67d6c51b6bfdd53d20c36fe9bad1430f5d03e54997c
IGFPTAIM	0	1	ac55cde722dc6f01101a02b63f11cea58e5b4ee975963feef65cce2bcc56e747
IGFPTCON	0	1	757461ddb95b9563c22815f2497b2b6f432ae795edf71bc0ea4e64670ed4c835
IGFPTERM	0	1	244767edac3a88d487c6a32db864f4b06188aa5e0fab1ab2a687b3e262c54d0a
IGFPTREC	0	1	0172e7ad911fea015ca24eedba78461222bce38208eb55e6a3856e4bf27068fe
IGFPTSIG	0	1	cb47f9a336836e8dbf2d4749ed25a35bab0eed2cb9724793f9b31cd68ae0ade5
IGFPWMSG	0	1	85cf347d55cac5a84f16507084a11d905c01a6e97bdf9d7256fd359256a11663
IGFPXMFA	0	1	018e509286d6322b99da1a0a8ff0aa1b596fc7fa08bd610a24763f329293221a
IGFRINIT	8	1	02e3cebac64af52f59549511ff8df673b3883f59038429dd51d68921c22115d6
IGFRWAC	0	1	2f0622d98f2e03548d5659528e06d87fe5b336d73abe98649bb7a1eb34ba0217
IGFTMC00	0	1	1d7aba2851b9e1d2b91c998add4df83a938735f65473ddd0db7c32db299cd8ad
IGFTMCHK	8	1	250288f02610baaa0fb69af6889b9ee2b90851d537f166c77663248d3b42a655
IGG01910	0	1	62df5936e50a27fda7855c4905111f85a714ecd64d19d0c9edb48276060817d5
IGG01911	0	1	d17ca56239765a9879169540c78cb3d9e24e8c46baee86ddd5d5ea5bc9f6aec1
IGG01912	0	1	73093dce4ad5baaac9e2298129188f0919ac8ea54dd95744ae15106c79b6f0d0
IGG01913	0	1	dbb8d71845aceeb06c01fb531306fc72964a2d080b6967b953118b3cba5fe070
IGG01915	0	1	6d6ba87dd1c76d097ae1172f1686db306097b3c1d50738c956a5e15349508a55
IGG01916	0	1	e52b74ae0e1e13abda5017feec8e13b4d0665a37da36011365f736bacba0a5f9
IGG01917	0	1	4a1fe55606511212a0a2b1225681be25394895648bb86afa70912ce43b7954f3
IGG01918	0	1	a383d719539ed63a17af27d514706376fc951ce87b2b64ff934fdfd9fb51f78b
IGG01919	0	1	fe013232f06568e375b0b973033936fad2332cef44d46fac714f818b3f9d07b9
IGG0191A	0	1	c68a5e457ac11cfe1436bce8d0d8725fe1afe26475f44522c0c28880222f6720
IGG0191B	0	1	f86b3d2e44e20e4230246eda1323340bc90fa29889acf71d04676b87c41b4d81
IGG0191C	0	1	e9387e8b30d3cd6b60e8cb19a0786b92ac722c1352a9b8322b741869c6be1978
IGG0191D	0	1	d48104b6eaee6d434c952f4c1649aaeeb8f6ec16ec7020ed8e7b22522d91d73e
IGG0191F	0	1	e91f11544de9008b045f37a707dc9f046f3cdbac840d8b2b69ef634716c0b005
IGG0191G	0	1	3162aaeff7d73cf3e52964abe7f414e6d70188564a0b1e132bfae2040d81ea34
IGG0191H	0	1	9d60f60d9adaca9789f495ac63ef94e656be966f63e175b1fea63c51f1588464
IGG0191I	0	1	f153f025ef54d2eb9d759d369c5b207142f6579791d2787e2d953ea69bfef219
IGG0191J	0	1	b6d0c184a869a4bb45084a2059c526808b92c9ea76a354651b480a7517ef0866
IGG0191K	0	1	7db6cd888257a3a4ce0faa04bdaac59ff0306aee9f95b1eee913a4514ffa140d
IGG0191L	0	1	928a1a3087fee1590e1aea8017981d3674200a14c76eaad06e068708ed6a33ad
IGG0191M	0	1	1017f121bc1637314d2ee81d9048bffafea6ce06f67dc8bef4207f08e075891c
IGG0191N	0	1	d35514beb3b1ff05287fa8069030508bdd60ff7868cd1f568c19984a19d778b9
IGG0191O	0	1	3cabd1014aa66cfab527fb1b4146d0ae6c08824dd087b21b48c375032ab818a1
IGG0191P	0	1	d6b94b08dd39353dda6c62dd87914a613a3e3b7130c7109f97cd0783357c23ef
IGG0191Q	0	1	c029be381de2a579d7136e8a8fc734441ecda26de68a04b0fe797d23b7b34ace
IGG0191R	0	1	fa32db7e5b3181242127db231b6a1dca78af2ce1083f7de85064e61967ddbad3
IGG0191S	0	1	5cf8aa13e361461ee1bef16ed745ce631f97c56711ea6c5b75ed97694dae6842
IGG0191T	0	1	ab35f316fa824518aa86049553a3dbd76c424539dc65a24486fc3c929aab2369
IGG0191U	0	1	b09ae9ccb2eb3a36e9b9b0402f1c1edfc48d25ed59e068db80fab3e4046e24df
IGG0191V	0	1	f429dd287e59bd7316647d0d467fcf54f7e3474c8869f3ef187cef322c9d0614
IGG0191W	0	1	3ae281a0c05f832196ecba85a99ac6a336e75dcf4d2fa6ebc8df3202edd9c49e
IGG0191X	0	1	639d25869f2cb9ad0491ca5541fb1ac4699b0916b6baacd1ec910257dc234d62
IGG0191Y	0	1	c52a3456dd1f7b97a965c95cfc4cbd3ae7178552fecf6962c1c1217de3b2b7ac
IGG0191Z	0	1	616dae1307a1546fd8c8a527deaad641b482bb6a5685b2669c2bda394b2ae5bd
IGG01920	0	1	db277a71c48da36a08fe3850b1cdba4674bd7ca9b64a6f0e384e25f12cbe38a9
IGG01921	0	1	a230fcbe17aa071e20c2b754098c2ce39e1a8f2dbeaad6c6c9d876675d2d2151
IGG01922	0	1	7dca6e898e8a3ab0aa26b87eafd9e9f92e08b9c24bd55575d080b5a514599423
IGG01923	0	1	0d1bbd4d79c6899dbc4277b0971a9073f744f65c2a308384f2ba5110b8da8393
IGG01924	0	1	b605c814dc3d6ffc0e947c4f64e4420cad78e0c25fb2c0e4cadce5bd90e8a73e
IGG01926	0	1	1431facabee5bc447714c4f5d087a40fe96eccb870bfd1be114814ef2f52b530
IGG01928	0	1	020a1c7e5895b969621b4cd2f044e1ae8f0112afa99d2955ef2614a2e069263e
IGG01929	0	1	4a0a170820e2de23a84befdd1cf0f918da9c54d9c6c043bae3610ad477f01f86
IGG0192A	0	1	cea16b12ad9d2e0ed0d62b9c4dba4573bb135a1207feb307327d3993dfe2b957
IGG0192B	0	1	61c8316f3b395e689bf0a63f8d8f0345cb7246a1e54539a977d13d6fcc22a4de
IGG0192C	0	1	f5efb2953404b0b6ebebc2353d8f23a7b359a943b32c411607e26b6a57c911d0
IGG0192D	0	1	35c618eda75b5d135ad9a5011235da67a27651b1c5fa0614293d41b3ea76dd4f
IGG0192E	0	1	36d6b6bf203c68c141738c8ec9ef1a2a8db4743eb579872ea81e1d12e84abd85
IGG0192F	0	1	a5a0c6bdc804783e0d5b4f544de5041c816131597e807987696f05176764a1e8
IGG0192G	0	1	7cfcb90fa618f88f12e124964382734b8f1a0c7bef1eca33d9ddd2c28d46294d
IGG0192H	0	1	03dd359fcdb087ffb9e140b6ee87746910cdefe7254194be375eba3b55a43348
IGG0192I	0	1	33ff88dfb4e7fdb28d6afe3f1d8748f33a7c25be72d7f764a9eadad4c7d93eea
IGG0192J	0	1	5251480e66e7cc787cc34de4f54dfcebc0ba3a7fa900275c298db24e5ae24e31
IGG0192K	0	1	a7e5d27df6acdb966c119fad27e70ee586e593437cc444416884c7c1db88233b
IGG0192L	0	1	5caa3384b306577f46ab2f7f50c4dcf0a6d6903458bd35a7461dde44fe0cf487
IGG0192M	0	1	20009c73a5415c8e1a4f6fcb166f456e3931106b782e55be86812e6ce45732ec
IGG0192N	0	1	5f8a76bc9eefa3aa6cf8413121feb293aa4b669eb678b5deb691f4d49b1a6c86
IGG0192O	0	1	72b6a441a927299ff79c82bbbd875c35c7cee20f2f15efa54edf624e93596258
IGG0192P	0	1	16299f2bcf0b54f7fd35386315e42088af78881c296e69ad40d9d34d61e6016a
IGG0192Q	0	1	7573a1e623f3b8755fabd6a4530db4829b5c0a5359618204ea446137ba63f3c7
IGG0192R	0	1	8c4cb5f2a27ab7d1793b2c619947cc4a35eec5571349850bae61ff0e6db6b200
IGG0192S	0	1	78ee8cb979059ebaad3cb418509d765a59f93b331ed136a854649f4f42f6e428
IGG0192T	0	1	7b87bdc33ecadf3043d3362d7e7f705dfa7b8562edd26dea56ec508c5ff78a34
IGG0192U	0	1	97d697f2fe241d5b546e7de6de67fedd21f596cf2814f8f3b919e04406dd444d
IGG0192V	0	1	3d6f0458e0f57a041d798d9638eed4023491216d27c82506f64f4bdd9bf3e50a
IGG0192W	0	1	242085f806a45475b89c27f211cc30911d4c6519991a8a760d7b0f0935dbfcb1
IGG0192X	0	1	747dac1e79a8ca5643d4d1fe4d00cd5814fcff9d2bbc9bf3615fb935441dde99
IGG0192Z	0	1	4ac9b584109fee85fad003a63b66644209483f64e1d12fb8c280a5656443e4ee
IGG01930	8	1	d14959dfe2751d139a16d8afb1e171a06fa81ffa206cf043a844566a0343927e
IGG01931	8	1	154d1cb0a0a747ac886c776cc4f6d36190e390ed5bbaf2ccabe9327df5a5b2ad
IGG01933	8	1	939c54bb8bb490fadb0a7f010b3c22a592e18bbbb14f68a6e94b864511fcc3b3
IGG01934	8	1	6c3f060a100ccbbd0370f8852d9a550e9dfe401c036a7937fceeee9b16d04b99
IGG01935	8	1	5a3616bf648865e16bf71a904b1aea3648d63a10fde222dea2b187961709e96c
IGG01936	8	1	f2ea2f1bf29f414f2f30fa6b2c1bd25423b717a43962d4d7946025ceed04cf44
IGG01937	8	1	9b9320a0a6a56533bb91567889bca61742c4e5651bca9864e1d50ce9b30970fc
IGG01938	8	1	2e2f221353d0696d5a7454ccc53c5b3a2d0ffd914bedb41f2a22f84af8a30501
IGG01939	8	1	d5fec1699eb420aedbdf2df176c17445f66e2c2d4b520c9b3a00abd4351044fa
IGG0193A	0	1	c8267aa7e69fbe5c9a10eead3ed3f963c8657ad8f20e46a592404a881b45ba18
IGG0193I	0	1	523032a5aabe74f846d852becdde5208203a548282aec48c367b0bdf9d823904
IGG0193K	0	1	0770459176abae9e7a8ce046eef0d92409ff5ba38db9ffc525bbdefe9447dc0f
IGG0193M	0	1	a3a44b4e2eb35d948cbf90bcf6678770ea79f347a50667440204e674d0b2d5e0
IGG0193Q	0	1	12dcfdeeb7141514cd7dfd81e1bceb0183c49999ba7ecb5ea86060ae32a39ae9
IGG0193S	0	1	4af4630b44cd3a11ef9e7b47c7a160febb6e62117e48b80a829d3e4820589d4f
IGG0193Y	0	1	25b38354a8c7c8995a93fd1f7c4890d54d60835aa267e79a01348039507da559
IGG01940	8	1	7e3211588d8531a192552858d660d68cbda27047915dbbee5cfb878f5b3d4c2b
IGG01941	8	1	77a63c117a04b97f6e0c5ad0c05d651667b0858f96938ef1376fb618e390187a
IGG01942	8	1	3000f36be44cb29223d9467fdc7a6ce9abd05ec93c99b68294f20441df62793d
IGG01943	8	1	c3896cdec031d419c77e2902ed4b850861b04d656ea46cbd5c5a2fae83d5cc85
IGG01944	8	1	b606222aeebf87397eeb4702e1736b343aa0333ae61efbc6c2cd8fe912b14c86
IGG01945	8	1	4559d37527e688645e674bd72fd2af91095854b10fb84dfb13e63bec1c6b7185
IGG01946	8	1	d991d1d55b38b0a327d3a9fcba6ef9a831f4c34f5ee6cf278057ddbdd29a1f1c
IGG01948	8	1	a8e5ab6d66051f84b3ca925487b8413d8b85bb7eda5f2a011d57d985264e810b
IGG01949	8	1	73a534ac60e086a8cdf92e57f75b07ecdb39118ebfe4dff0e64d046c8d450c3e
IGG0194B	8	1	790829c295d4801faf2aa215d4f538f80aa88eeca94f6e54ec8e37318d136772
IGG0194N	0	1	0fcf9038975719420799edf78c99e54d2861f92ca359c7015af2bdca78297f78
IGG0194P	0	1	dbe3233140c4b4e6e43b54bdec183f84fbcad5f4c3d51aa8d8a232b3f842c951
IGG0194Q	0	1	7a4cc71783c0aaad1b45bb6270d444f30d047ff5403f8a36d89bae3b8f285b4f
IGG01950	0	1	3f0f148577a4cbe2b0347f8f69bdc887657672ac016f63bfb36056eb6bd700dc
IGG0195D	0	1	6df0fe019355c2c17af26640d76bc7fd711f16243185e08cc780c4b8dc10041f
IGG0195G	0	1	5e4b2edd3eef36e573fb3eef15146f7283890ade04ea16d099b00def98da87bf
IGG0195T	0	1	d9708c51f0ad13039d972ebe1dbd70c5b73649b56081411579cfe494c58d5b12
IGG0195U	0	1	ae3b2c2eeedcbf6aa0d228406ef6d8892b9c0a4f24b034ee522e6bbcf1df2450
IGG0196A	0	1	3be56cf8798e35e721089fa9537af2b5cb24f1cfa14c8eb4c3d201f2273a1316
IGG0196B	0	1	ba2c2a98a430461e29b449cfc9663c420680abe53f2f221d1670e981a159edc8
IGG0196C	0	1	d1bbf6d26d727e1ea276ada298d5c473211833af11ce5792d47fcedc21c6a2ee
IGG0196D	0	1	3ea9a790fc8e8f024686054b6bc8f153fc5e95dbebb4a001bf806028ff9411e2
IGG0196G	0	1	e8ee9a0867c7747c200163856c0131945b561c801dbdf021b670bd997926dc30
IGG0196I	0	1	bfcc4748a3ec927bc183d8870eb7c21d74a0920831bc26f46d3ec44cbc6af96f
IGG0196K	0	1	a8d345c7b962d78dae851d7beaf68f4fbd8a9f9886529c6e4876d2e2c231b6b9
IGG0196L	0	1	4778fbf069fb14fd52edfc399b2a85b11d88fa4f9fefd676db68699c9a11d53a
IGG0196M	0	1	21181c7fd23984b964431f0b763937c96468b94b393ed3b3fe6e96d0fca4b299
IGG0196P	0	1	0bdef84029870c242729843f086e77b76f5e50ad73698602a7e65bd23323643e
IGG0196Q	0	1	9d6eab41ac8ed982b4f183abe901f6112720fb0b9f080700b603688c6f89fcb4
IGG0196R	0	1	8f07b478c0ec4e1b2ebf7a75507e68052f8aa32a7c0f3c832e4ac31650879f91
IGG0196S	0	1	6a5f7a88eaf0ad6ec3024fb21e1e86f89196478604874e47d1e02646d80dbba4
IGG0197A	0	1	da8b9d38ef4546d79228b289062739a96ca0f5e9b4c4a0136c9c7d8de86b18e3
IGG0197B	0	1	b498c38abab9a76b5e00c0e68c585021a3e25f8a8df4ae88a1db35fe135de0cb
IGG0197C	0	1	3e7af3ff2484e14e20b5c5b2413ee579a32cc933b88a4d2e302dfbf5377108b5
IGG0197D	0	1	c3b200eb9afd6299055b06988b337beaff4778e2ff251e42170f779fbf5fcc59
IGG0197E	0	1	c3dfa156b712114470b29209c92b489cbd6c695f7c9025c809a7c6fc75152d9c
IGG0197F	0	1	44df3ab0e7c74688e13427eedd1174bc6362c19bf2e7fe646531f61b43a9f9c1
IGG0197J	0	1	23fe18f8df52a7ce3b97b5fb8e25141048c31ca52bd5ef8c5ee2cb02341f3425
IGG0197K	0	1	6fc7f9e7e7f1d606edc5d6cc77bf7eab1c4d5b45cd659552316ecb61516df906
IGG0197L	0	1	bd9c23da3c48c661f9619890566e5d33d9b4f4a5b3ffc82eab837b63cefc4080
IGG0197M	0	1	b5c46f183edb31e24a9524812006d7644d66761e61fa39aa2102cc7d1a06f6c3
IGG0197N	0	1	ea6931cdbfaec996a144c6adb8e9cb22f6d60bb31abce87a1095adffe5c2eccd
IGG0197P	0	1	38a8fe9f5f73dcb35ffacc191114ed3012bebfd36c56e9715b00bb87c0093cbb
IGG0197Q	0	1	3b69b60f3fbdd17252210fa52ba1182754e5d9582764523b103081e806b446dd
IGG0197U	0	1	28f28c12938bfef7a3441532324c0bd2b7e36b44ab2e123be101e057e63f7685
IGG0197V	0	1	bb39e4e3cdd029559435f5f5b4fd9979bfb2ea89a9fab1f54d33cff36679755a
IGG0198B	8	1	9988db76a6d3a3806af33de03ae0e223e9733d733437b9633f4f98fa84361b42
IGG0198D	8	1	2608eb15a2da897135fb8acb044203021fa0181b7df00edb566cc9b3cceb26c9
IGG0198E	8	1	fb663896f16370c347e817a84620ba97b92367952fd60366ac1f1328fec40146
IGG0198L	0	1	699238572169bc33e486a1509ddcaa2d2a60008b6a510a2baae98156a9848009
IGG01991	0	1	5fe0b1bbf0bd5e96ac565bd13dd44e25e9f30cb36a608fbc8fabf69158efd7f5
IGG01992	0	1	6467a60b79c9c045c0575729674030eb8fb528695e61ded9528cdbfbb80d708e
IGG01993	0	1	701e7bd00553d927349da80e78fe95df4da089fd60e9d5d35229504dc834f8dc
IGG01994	0	1	a5afb47f6352a4b56fe87599ece5f7261dbab464ee07fc6395f30f2f3b794a27
IGG0199F	0	1	c4301552cc6a23314ad22d52161071a23f012686ed0b9ba72454a5487b71d1d0
IGG0199G	0	1	37851eed7c4472b09c793f26402ffee51c958a982483d29b962ad10ca70432ea
IGG0199K	0	1	f41ef2878231de1cbc87878a5513deb0980ae19c51697e0f88235d2bb6c05c41
IGG0199L	0	1	e8302d227cc5f47929fe0fa6e99c3dfab9bd770d79f00271d9b6089b932eb1bc
IGG0199O	0	1	65eb72402cb181ab8a2ac718c496998c1a01c2a8fe14ffe8035c8f9265adfe16
IGG0199W	0	1	269ed322c86fc5100eb58ca74d4bdded5b9d1b461ddceac8998e23958e3da545
IGG019A4	0	1	6b71eb0ec817f8b1fe2811078aaa14d1dab7619db1c1e88a6f3cbf4623a41ed7
IGG019AA	0	1	6c7e40fb58c209bd4fbed305f86816ead2f55f03e6da7bae1428977878e4e607
IGG019AB	0	1	3b5e40b741340acf6a79a8a3866f7398dc528208ac4b38a4530d710d3866a8fb
IGG019AC	0	1	24620c9f97db8e4f647c120ab097270ee96ed19e9260e471ebd8020f4d7b991a
IGG019AD	0	1	2ff0a2b4961e7c282ae5c8e3b92e60efc946a6758cdd3cf28a02da1cb80f043c
IGG019AE	0	1	58c57b79dacf1c97539a2351cadadc8730bfe06ab70cd0e7dc6b8f80bda9f2a3
IGG019AF	0	1	0d36a6beb37cff069225ebb97277352808c6c2f56896717ca39d438d58c98568
IGG019AG	0	1	e7377b9b68a148f6fa936a3da8396c43bec51d2a74567de89a28a264420bef95
IGG019AH	0	1	473105c030dcfbb63b55659b3722a57ec93566e2eb8d3d3ec58456f60daba3b8
IGG019AI	0	1	d272d0b59eebd3ab7b916975dbeaeebd16e78ec969c3bc57bccdae1209e2ba65
IGG019AJ	0	1	9ea87cc410b67745438e5f0c3ee7480e97f8de5108809603e5519ecec3c7c099
IGG019AK	0	1	bb6496683abdeaf2e56583b12e7e2af948e4d4d7913f37b3b45ed097a8ed8934
IGG019AL	0	1	a1a5d64539d1c371e4af553d4bf58487f881fc260a026d466cd8166a6db32616
IGG019AM	0	1	8aa54c74c753f9ffd17797cbe90a9b653effc75e3cd3811319378b30f1e59275
IGG019AN	0	1	0a9f161b7ebd2a378c37aebd43cbe83c99ab4ee22b472cb443e9d894720e2a29
IGG019AQ	0	1	8687233adab87f95943169d14c0a27dd5788d3ca2951e02616309408eb5652ae
IGG019AR	0	1	72f66bda0fedd29de9fb667be95322f6143e67619fca4d32bb0714fbb184a762
IGG019AT	0	1	d9422a97bc5d81bf29047b51b186de409c093d85428c5fa762b1a9c1c87ee3cf
IGG019AV	0	1	8f5dfb15e0a6cf75f4350b2d253687083dad87396f6e2851b408c42a2a9eb0b7
IGG019AW	0	1	df1d1cec42ec8db9f332cddfb548da0e5b473b856fdf03a8f2f43e5660a92dac
IGG019AX	0	1	4e778afa1d6bb42351fe187b16e7dcaf2953b9719d96202d9765674900328caf
IGG019B0	0	1	0a0ede0573a0ef8a08caf1c3939955fba1cfb73e782ac0db5f4aaae2797a74cf
IGG019BA	0	1	e065084204519f3c17d72f4f060cad44df7d46ab43a4c0df6c1dfb7ef37a3f86
IGG019BB	0	1	73cf078e014bba20b239d41042291acbb27ec2b99cd6882362a3b60f04eab452
IGG019BC	0	1	d510744c556f757dc92565c37e021affe65812bf135a395fe6607bb393f38187
IGG019BD	0	1	ef72260d3787948e0f6b8d5789291e934dd8aaa123bb094429aabd6d0e3299ac
IGG019BE	0	1	bc7a533be1351268530604e03e2182307e666a35919894ab953ccae56eda4814
IGG019BF	0	1	4a2d6ee1f0a00e1008fed00b991fc278d8259b6e33220a16ef466d5442feec9f
IGG019BG	0	1	db02ee59ad7f2fe62f380c6ebf6f8a54f57dc5511a2e9c0a92dabc19a8587edb
IGG019BH	0	1	717ff025dfb52e27e1e098cbe7aecd04510d12f374ebbb01f301048fce47f464
IGG019BI	0	1	0b96d7c0f06478209baadafb5f7fab075e386941a2a0f37b3702e5715dcd81d7
IGG019BK	0	1	85c0d1e276eab61ba05973052ee17b1f6ef62c22e6f8bf5c09292fa28c3abaa2
IGG019BL	0	1	9bf2c80a784c087c845472bb7c7a5162f50a7e061d0f396bcfe7eae3ae8da08b
IGG019BM	0	1	f4e080a54a29275fa186ed31f1c94549b7c87cecb7264ee27c5b0ac68521238a
IGG019BN	0	1	ec8f8f43324a0a6fc03d6ae7682dc47adf7a04817dd1e7fc9ebb012fd06e4ab0
IGG019BO	0	1	0895bebb842dcfbeba25f3ed6e2e5c1a08fa95f1000e761de25185aed49ccc47
IGG019BP	0	1	de73c233cec9a58dbeb1a77b969b1069ccf9f1ef9e604cd4955106ecb19a4ac5
IGG019BQ	0	1	0cfaf94854bca52dd5f4e08aa60c1b7afc963b63a87944af1dc7688287e0f3a1
IGG019BR	0	1	acc9de3c2f7fef420db27e56085f1a0115f8a5ccfd81f539681248de4378c86f
IGG019BS	0	1	5072b3811cbe85025b2cb4be8f331b3ad8cef23c5f51541f0c044ee12efd3398
IGG019BT	0	1	ae90881f58bef87d97e53f2a5d4f2880eed3579e7c87cecc571062df96df79cd
IGG019BU	0	1	a7851a72ece19d83b000ea0e69c8fa79d59fa3fb9fb5115edab70b1f0104505b
IGG019BV	0	1	3da6a3397a3036fe11e687cbadaa85e01d980c4e24481c73afc45fe2fef0eab0
IGG019C0	0	1	6f8a62fca8780c9730982df3621b7dae72a7d67386ff508787f4ba0b85ce78b1
IGG019C1	0	1	3dcc487c644be55580c11fa3de0afd2edbbc834c90bbe4b1d22e3157e75c31b7
IGG019C2	0	1	989a5ad08ba31db7cb1a3f5bd796deaa822ce543f947bdf98819963913fc3f2d
IGG019C3	0	1	82426f139b7227f83a584f0285fa6a6d99a56c233d3e2ad08354f4ed2178dcdc
IGG019C4	0	1	ce3d8cdb32f3514ac8ba1d6e4747a6e4208b61f25c6f987a2784c1bff910d43d
IGG019C8	0	1	2c3f6bbfaa47d89823342d400fc1a239320a7df70c0a31ff847ea5d20a750a6b
IGG019CA	0	1	06d23364239f566e44ae2dddd368c4a13e6464686ac668ec7aaae773943bbf09
IGG019CB	0	1	6203408b974aa20850def1685c87192c0cd48c2d642951a21947f09f661fd4ad
IGG019CC	0	1	1f70b252d77c1492085717b7ef3bf149a20803148a86a341ea8053cc0bb05153
IGG019CD	0	1	96ea6457f9596df96edd627dd190b22914f1780499a51a3a45ef6684a875c4cb
IGG019CE	0	1	032bc030d1d8ca36c94e2edf123a5becaa2aba1ece748d71d79fb9753fe653c8
IGG019CF	0	1	dfe4faaac9ec841b1925dfd8b30f5b37bd98a36d243036f5061b271436e80329
IGG019CG	0	1	ebe4d7ce41aa91a99e34e9c459ecad713a6106ce5b9b3d4ffadaf5c54d25b69c
IGG019CH	0	1	650f121557fdf5c462045c1593c2da5ea1a4a972fc23b2b81caadf3012dc8acd
IGG019CI	0	1	597616caadd59bb77bf45807a4b51ffb61c764eac7e1120deb036d35741db50f
IGG019CJ	0	1	fbae2d797e3e42c0d12a4c89efd1d4c4ca882913076dc93ad0940ef89cdc2b5b
IGG019CL	0	1	0667351ccb6f50cbd52ebf1eaf62a3c7668afd6c8c14b2915a072a902abd1b9e
IGG019CM	0	1	8e1e0b2c71a6e0cde62a2c15f009d987a5aac8f533aebe32925dd44248fc7eef
IGG019CN	0	1	b5d8906c05ec1b59a5a449a31eafe62366b14156bd2e59401d709f82fb1ae396
IGG019CO	0	1	dc9ad0dd92d4a341f06b164998105ab9211dbacee53b96570ef44c8fbaf5c622
IGG019CP	0	1	a5e0df646fa20d2b67550438590727dfaffd4ab8915bfd7c5279be745ec7322f
IGG019CQ	0	1	5bbb61b2b8d801a3753122628fca687e6f7aecffcd41cc90ae89502ebcc73a81
IGG019CR	0	1	f4ab5d540a23732429f62b6339bd192e4c37b97ffdf1da97f4a0de97b392508d
IGG019CS	0	1	158a55de4489bdd69182cb2d883aff3684bd6564e169f0890a637e82747a043d
IGG019CT	0	1	a6af9d21dd4034d8443bbecbeaaae55e544b037cb58b3dacb6fdeda39da9db1c
IGG019CU	0	1	b711be65bc0918cbd14bad5e75cc0423f88a533c246d14f049eb727f744fabcd
IGG019CV	0	1	d7341b1f692d416ade5d0935d5024e829dc6d2816ca12d32201a8cd9c0307699
IGG019CW	0	1	5de9a939805e7278508638293956112282c112146c1e57c01e36428d16ac8d00
IGG019CX	0	1	2a497940a912ef2b4c9b3cbd46c22809fcd9632888a3017ec3b23bb20c5e07f4
IGG019CY	0	1	ef0872e07f21a4224b29bf82909d76736440ea669c2aa7738783c7880397e4c7
IGG019CZ	0	1	c2da64ba27125b1e4ebd22ee4252d7d20ab72aca8577b4dcecc57497f009420f
IGG019DA	0	1	495657125b9479e59eb9f70e0e2bd6a88705d01b6e00c114241dd939f40fb5c3
IGG019DB	0	1	a5247e808bf616f6cb68b86269229694d118c4539819d0179eb8db5a39f0bf59
IGG019DC	0	1	62a1c7b9b61819060c37c887d7340f048e609fb551dda241be2406f872267169
IGG019DD	0	1	f085d644fd132526bb384cdbf512ac30526b2e1e06f294374dc70be7b3577d46
IGG019DJ	0	1	f6decca805ddc31471c0c7b95465574d47f99e9bde65b03aea6038bdb29e9f58
IGG019DK	0	1	78c579adcc0c9aa9e084c95de3777097679e562d92eb90e7d37f9bf9a05bb0df
IGG019EI	0	1	8facc849b75d6448fd9cfb946e7b8f2d3bc8c1bb8732321dbbde47dfe9fa536f
IGG019EJ	0	1	2739686f2881c85845b1b06c9f833c83972c03c3b8af1c72e906df62b1819b55
IGG019EK	0	1	23b0ec05cb824e74c111865cade944e5697121b9987617213eb51858d67ad812
IGG019EM	0	1	6af56881df177cc6e96c649859bf83501f198f977a6633acfa4861a6655f95d9
IGG019FA	0	1	db33c10aadc92a820bf31ffd52215b87f63ae3b92277e887be3496c23b273e73
IGG019FB	0	1	049afbb289b8595fc5421fa17070c1750ce134ae2370a7e24f6b474df5eaf3b6
IGG019FD	0	1	243b4cc2503742b3b138b59bac2db6c7d039fc349f0e73921e8cffe9df6fc729
IGG019FF	0	1	782d6539f4bac44f2caf877eac6c3daa52f1c8f90fe81677ad0cd9986632b9e0
IGG019FG	0	1	51b80e90aac05687803c02a7a8196795295f47150094a7f7aa9f6d99a74eb376
IGG019FJ	0	1	f7c2cd3fd64325691ee526b2899cea05302449bce813f98e418e9bf24af5061b
IGG019FK	0	1	7d66128c018fa085ba84453ac1be41b138d20b318431fbf2cd4e28672530257c
IGG019FL	0	1	c024509c6694c344472789aa54defc70595b3ba3c83c71cbe0345ef643a2dd5a
IGG019FP	0	1	d5ec805e6750720d105a4c577db1b88c06e3ac4b97a89e75c2556d690c65a2b6
IGG019FQ	0	1	1e21e72c18d1add5ebc513de2444ce2477932175c491a27a95777200991420c8
IGG019FR	0	1	5ee5ec92f56af23ec54f26b284d1bc4b56a9d65f27016be7fc6356ccd4eb7cc6
IGG019FS	0	1	ed076c19e8dc20fe856798eaa7cbea95bee40f2fa13aa8c471411d588490c146
IGG019FT	0	1	b3c52476b347c802efd01bbd5b3962effb96af81d7f9ff627cb01d325379c772
IGG019FU	0	1	448eb7b517842d08dd8f2c9f00b9e10c9f9ffd1e1c380a1291f4f58f8448d9b4
IGG019G0	0	1	42950910a0daa4f1d8d0d13fae6c4106ebf226c7503cf8f09c4458535f125e27
IGG019G1	0	1	e07d84b6193e68d26b17eece883e02841fd0e977d1570780b30c3f73574397fe
IGG019G2	0	1	917c0ea4f9f096d8a5432770a1dce7a633ad0fcbcc006dec5c4e6d30a2e23d61
IGG019G3	0	1	3b489056308f5f2d376ea38e40400fae492fb17c330883315aaf3df6d1e1b253
IGG019G4	0	1	3dfadd722c35584aaabedea5fc78eeaadf39b1db47eca2fbb32fdd2d04d76102
IGG019G5	0	1	c63d919985f78ddbe7a2d51cf002d7840a734319d0ad74fb8706d0d44e2dc15c
IGG019G6	0	1	d65c6b19f4a201f6498e3b176e7015d5a7c76e65cb5431bc4432687a222a0ec1
IGG019G7	0	1	12711e9684bcabed4e32eb9f46ed4dc43f4426b2f204ef58ab2d00d14c4706d8
IGG019G8	0	1	f57027368d457ae458d4b9dd5352f9d099c7d3e9aa244fdf1d40a611208522cd
IGG019G9	0	1	bf7335f75a36421cb08766439fa97f3af047f975db27138d30e001c98b71defe
IGG019GA	0	1	75ea00720d4e8e30cfdb174f41ed8e0a076e6fc18f460078f1829b41615e9f2f
IGG019GB	0	1	39ba8b81d7f806795d67673e8244ed40c9a3f12a6ae969b18d739c3c150c08c8
IGG019GC	0	1	7bf1175925603c43d2264d3879ee30433179e7147ebf26752bdcb76185890cf1
IGG019GD	0	1	b57d745287f2091f200bc0edef291b7b4b57325e4e396748c085d180a8065595
IGG019GE	0	1	741651b2485822256b16dc8045c629f32dfd5a18986c17160d93a248d3acf964
IGG019GF	0	1	da88de61973e07bc9cb965124b7bd63ee26f2c5a8db1cb99bd56f34e6890facb
IGG019GG	0	1	78aa452c51a694daf998c3caff442899a64975b37d9cb134002e4a286165f53e
IGG019GN	0	1	8652ae4abd8778a7dfe398f68a437db7b18526539b231f86b7e11d03a00b9038
IGG019GO	0	1	09c299c6f11cf633d4c6114642e001cd68fe49cbd81b7d72ac44a960c44634fe
IGG019GW	0	1	23ebbe926b7266f1c34c406c674b7a38ce350e27ac4d07c16da402fa1d1e529f
IGG019GZ	0	1	759bbaa6acbc90c2ea9b5203df1e0ff77c3e08f2f1b673a67c9ef33acfcc66e9
IGG019H3	0	1	17d15f12a9ca1b9ee1ba884497528ca920ffd31c6bc3016863112d38e3c4ebce
IGG019HA	0	1	e49faa351cbd6a8e96be212ef74f38440b5413b91750483fc286e0f8764efb50
IGG019HB	0	1	e91f0ad770c5acef0a97a9acdce6c7b100d223c372081b2c764e920bd2920c97
IGG019HD	0	1	9688edeec5b23bc3b0ed2669654d853d5b24139e461a30577f754e11610f3e17
IGG019HF	0	1	69d0904abf57f419148ad117c49eab3d9a467dd92067f636e16cd4313b141441
IGG019HG	0	1	a11e245086690f892240a42b97586183485c9bd70e9ca5be3b652bd95d8234cc
IGG019HH	0	1	67eea3949c4944a6c40ceac224b318deb2ee2d5062299e283dc2a5644dee3378
IGG019HI	0	1	47a98ac0bc6712c398d47f54487769d069adc1d1d772c6fd0808b71a0ddaa4a9
IGG019HJ	0	1	8d24a16962baceb6ba8869e55b00395318ecc1336a3e7d7551f8332ec88ac799
IGG019HK	0	1	64746a947d3e0fbc4ebe4050a0140f7d6bbc5af51751e451760571219978f20d
IGG019HL	0	1	69c6323aa5fb0624a7dc7598f9a451c82932bd8a820f10c8bcea52a7a2aa5b5a
IGG019HN	0	1	37b02aa0be8daeec6689ab8310bbe0c4c490c3608510dba2b5afb68c9e74074b
IGG019HP	0	1	6f19a460da577e1f8f2f02f7f560a08b558bc99ee87aea7fb8ab391513141b17
IGG019HT	0	1	60081ef0e7848ab8d962af2b5081a0ab291558799bc68ea06a8a37bbde9b8eb7
IGG019I1	0	1	49dae2e4f12fe982091a0a3355862376488288c82e4591a9d27e2ae7be95f325
IGG019I2	0	1	5d53c1841d91fb4607a799ec07412eb32051d0ed7e0143cd12035f09cb55f44f
IGG019I9	0	1	5a12b63a6ce582358d9d2489375702b650e01eff125c4b76349d2d87bc9bbe56
IGG019IA	0	1	a988a412a65bff1450c8826d71118fb2d5b8dcebcb2ee51b7586c26742f85a2f
IGG019IB	0	1	9cc07c55fdc420dd513e088ee266bb13a5b79e9c6f12e6e1000d17fbe4663495
IGG019IE	0	1	980bff88f66b95d6174dd75b4a5a944c21f4f9f70efc150cc756264b62225a17
IGG019IF	0	1	59ce6959f7eabea3acd9bd0b293053b9b1c9ae4f18c77c55116cc9b5d521a220
IGG019IN	0	1	305315f84b042f6b170f3ad0c9880060d441fddc8147a1af01770ce238f2c112
IGG019IO	0	1	35a1ba187c5a0fe55bac35aff0734b168a2e9f9da6f4a05a0b40ed2a2c1b7f25
IGG019IZ	0	1	d8894a52676e9ce0fac77fbd4a2935ec0d54c782e4a2a4f3ac108b6eb0b76dae
IGG019J0	0	1	4d96480cbc2f2943f6c024d3861c92bff7d48731296f87229ef9aff776be7c2e
IGG019J3	0	1	ef4e52c1b351b382af24182d5dc58d026a274af5c7319813b4d2dd49274d846c
IGG019JA	0	1	065ab76040bec7139b1d65df74d3434d976ab25c2999622db871002e5a63d904
IGG019JB	0	1	6309c06064f5aca564edf86563c3cde29d483b52415f5bde73ad9d42ad30842a
IGG019JC	0	1	fc7b45a7e5e5f54eb2c5a18e9bafe5077caaaa83548fad5001f785cd3ac16e68
IGG019JD	0	1	b15666d584f825d5acbbd845f5d37f85d160057a9c5caf9ec89d819e32da18c1
IGG019JG	0	1	a3af9fcdff7f55f2a0bb287ee51c42f738b3a408fe7d0645fdee167559235058
IGG019JH	0	1	03f1d272511777e9bba2754e1dc1f59282546dfc0635557c9878441262f446c4
IGG019JI	0	1	c968efa78e73b142d25c4019e0a03b0cadd151fd3e0b4022fb418832d5a6fec4
IGG019JJ	0	1	b69282996ba895169f18d2d567e2c36fcd2897915a76dc0669c1bce5ffa7cb39
IGG019JK	0	1	e2f660eb8c576c06d543431082b3531bc94a3890945f8afb81a3d25239f54e40
IGG019JL	0	1	08ce9bb8bab18bc835159de6cca0028d04574ff47d59b8e22f33c4ee9e049770
IGG019JM	0	1	3137bb2129300101f5e96757ffa4881b527ed8d923c3031828257afe5d2b2ad4
IGG019JN	0	1	da641c5d60f3ace429f20d00f96fb3132212e6c8641bddc311dcf27662a5830e
IGG019JO	0	1	2fe18b904934e03c97a757644e950386a005d8f9488e6365acbb1387fe7ed2fa
IGG019JP	0	1	921e8e5278242c51e6e09cbb6ffdd395dbe9aae39018c0d9766a1b8923b9f560
IGG019JQ	0	1	947680462d3c1c5208a0feac7ac426ec270b6300a69c51aa31119ddb709a9a9a
IGG019JR	0	1	dd7151166d6e16eda56f8580544e5f4ccc323b8ea784609c1c9cb7ff58eda281
IGG019JS	0	1	2fa75522caaac8aa64f2e3c2278826d25f201ef4c2ef4f1efcf22413951557fc
IGG019JT	0	1	2910ed5683115ee70389f61662ede6f20d69de1ab291cf258f87493386eaacd9
IGG019JU	0	1	566e1894320fda6d2f76521d69e572654e7f9d62ccaa88ea5b0e0909e37fb470
IGG019JV	0	1	291d85aa87870321fa8d59ec6ca76443ea9e426258ec12387fe53bd0124ded28
IGG019JW	0	1	0a25669fac8e7dbbcce35d02638bdd00907d75deb11b2736ee9e944c2fd87ffd
IGG019JX	0	1	4a1adfa7cc1b8e2f4011c3e1b5041e56fd58a249596fcec92351e86795aafc1f
IGG019KA	0	1	6e94d92560899cd21a24e458781278dfac2456f318d7e1530c87a7087a4390fb
IGG019KC	0	1	733e8ee12046136d0246c9d12f500ac558134930525e8d682cc7fd537ccb20e7
IGG019KE	0	1	8791bd2a3b9e525ce04022cd8d31437353607644eeaf6938afd0b8bb006d381d
IGG019KF	0	1	c6bb2b1c7bd51931ae16b6ac6187279744047146206c337be622c37c1d62663f
IGG019KG	0	1	8421c0c05e43cb46627af1005778c8055fce4ffaf2e555480cba3eb7ab955485
IGG019KH	0	1	5633c328537133ba47a610c19a03574bdd20445c342a5ef1199512da9f47e88e
IGG019KI	0	1	116f89cdf43212cb2d007be2adaf66c0da61a0bfb1158bedcf4ea756f83ea6d3
IGG019KJ	0	1	5b4a0777b7cc5aa519be24a1cc2b55b1415e3741aca93a99d8f21f88b5807e31
IGG019KK	0	1	22aa646860092341accdeeed25483b6b759afb948f237b599aa413a3453918a8
IGG019KL	0	1	94da1c70f050e4afd10b1c8878b21783db8a1cff8804d13ecc80dd1900c7553c
IGG019KM	0	1	e9589d7c9b79a163681e68c1e9b277298a833cddc61601dcdb0da16733896b20
IGG019KN	0	1	c11a6092bda66be5febf92e669e54f7477901faa1cca491f35e54e2a8d5f3937
IGG019KO	0	1	464e543074501b924f7d1c0ce8bf7fba7ad3dfbc070126c1cc4e2d80efe2fac4
IGG019KQ	0	1	5530cb3184d13e67de7f18f2424f1363b63d5e326c6b1ffaae7a63f8e4d7f224
IGG019KR	0	1	2b47859bcdcf5ca4b2ffe9b52b114c2b3176d38074d721ea8c153bba0ce11078
IGG019KU	0	1	77e1e9cc36e35ac9e2c088031d538ac9e271af9a3fe23f9b9890e6813bab5e6d
IGG019KW	0	1	ed1f39f35e6096ede63b7bc7257ecc140b5a9e9ecd6f6b5748911fe6516a5f49
IGG019KY	0	1	271928648ab76a2f4e238b4e58456383baa6558b839e4123f7a22c62dd83ae5e
IGG019LA	0	1	24484ccdbfdbcf94cd39bae8f12a142cb3449b20241f044fe28b0028f5eafb45
IGG019LC	0	1	224ef5c7b775f2a7728c8d8b43e84796f8cf1985a86698f7c3355786f951efc1
IGG019LE	0	1	2543c6cd3cebba58b74595746bcdc7addd8222342612e3da23d8eae49796b7e7
IGG019LI	0	1	a39cff060491a74c053bcf5d23f292f09011dafd0b084f81a741030e86f02d49
IGG019LP	0	1	e9e3038f27eabe63b7c09a7ef3c3f6e9c257473ea12d04f737d7e9908f9eff18
IGG019LS	0	1	9dff9e6a7064794261f00a698aad3f570164ac1cc7c0461a82999fc4848cdb1e
IGG019LT	0	1	eb6fa3f86c5df9123d1c214efbdfaddbba00cb738f857e8ad8958b33a2716769
IGG019LU	0	1	bd80ed59a4f9e15c32a26af9f6701f26481a156b62b76a67d1ae468f329c8a15
IGG019M0	0	1	72ba79f462a08ae77125501c59ba8d06f58fd1afebed31a01af766615de1fcdd
IGG019M1	0	1	ccae291f224b36be6a64f4a8ac835ffdb164f88e95f8cacecd6b4961aace43d6
IGG019M2	0	1	65605bca5a3afd3726fc01600113564790c15ecdadf4809210e12e27a8f97bb5
IGG019M3	0	1	5e0972c826de70d2d8fbd4e39b9c49f9f2373539e94c5993362825eaa70ab170
IGG019M4	0	1	e0365c935517e7e7c0733023a0fb915426de37e3ff21be50783b5c86e73d9b53
IGG019M5	0	1	7690e1f3ce821958535d619e991ceb3005c37cfc296d483187cfa0dc67c749d7
IGG019M6	0	1	012816b715787fa0d5afcccf1afa8adc212abf494936cd06df9132eaa3934cc4
IGG019MA	0	1	fb3f2e6a15910ed2dd4440e4c9c145fb8e31a7fcaf8d4508d92d5d53009c9e5f
IGG019MB	0	1	25f6c11cfdb1f0dfc01d3497fec4658626ddeeb826ff5cf289b325ca802ad332
IGG019MC	0	1	d78fbec500d2a7e3279b2aaea04ae3f885e7c10554f07c19a81cd2692035b6d3
IGG019MD	0	1	43bb7b37073c06ba4ec52931d5b7fc9fef8693b88a3c7f6debf963e040dbdd30
IGG019ME	0	1	5922b6812121e1f5f7af239fb795a19ba73daf261c6871d63c3a4d4c9ffa1b8a
IGG019MF	0	1	404084ed89b6310dca784229ef6141d7f9adfd85eae215d11f627bcffa388a36
IGG019MI	0	1	8352e2972cef80f0313407ae5e50ef921d64f178074f512bf86f689d95129a87
IGG019MJ	0	1	4217690a348d7fb90560d3de501e2e11107fa07acded3328745e55c89c24ab73
IGG019MK	0	1	e6bae755cbfd4777a9bd13dc68bbdce87a72b37536ffdec9fd833744953ea074
IGG019ML	0	1	2cb2f431e644d8154dabb856c2c41917c36e0dbe5695b2828d33375845f4333b
IGG019MN	0	1	ce56039c2ef3073856b85b6177ff96ece0320a190de5a2c39ef883c17afcf595
IGG019MP	0	1	eb6759d9ce2d654715ac698146467cfccdc522dd57c8cdaee6faeb607edb96f9
IGG019MR	0	1	cee4233a8560aa832b8e56f4586947d0b7b5e7c086a0d247c09894725128d7ae
IGG019MS	0	1	0b53a6a8388e9f951dfb6704c0752869de8d1a9e32df92c4e6ca8bc46d858a77
IGG019MT	0	1	e92da992c54bf4fd4064fe8473e2a99a8b33360648b7d3cf57e54e021c96b501
IGG019MU	0	1	aa5c0265ecff8569f04f278d6d0b083ec1ea39164c0881cd8c406ef8c9081b9e
IGG019MV	0	1	48491216389083acccc3de610410f496de504628894a390c50125bcf73418345
IGG019MW	0	1	211122adc000c1cbb93a0420fdacd1eafd740da44cfce226e6321a79b54545cd
IGG019MX	0	1	ff00c4ee5772a264748ba61fe8474cc1312b55c9055c0b4c353dd0d20b889d3f
IGG019MY	0	1	d310733f02afa2925dbe00dadf64bdfa337140ff6e1f2c1d36c985e7eff34011
IGG019MZ	0	1	ca0c70683f483cffc75003270fb9a37112941d6710c2d349a95e59b8e2548528
IGG019OA	0	1	e352b0d43473d9e07f339bb205a6739c4d25104cf7a844c500689612877b6414
IGG019OB	0	1	ca30fa8ff78cd022bbb662e8f88f11eb5d2635bb731e946c6615eb6b01dd7aff
IGG019OC	0	1	83c0d44d5d49b4e30dfab935de0f904d09871feeaeef956ae086b65d8e433155
IGG019OE	0	1	6bd4be74e648a6621c7c488cbb7b2ace31309bab5c8bfaeb22db0ef8dc07dc3c
IGG019OJ	0	1	621073f59b00dce1e062a6bc85097e21ef8321f4f2238f3d9fb8c36167e23491
IGG019OK	0	1	7c7de32bb041ef7e1440c17faa6d1956d67b62ec5cf291a32870286e7c765063
IGG019P2	0	1	71a11335430b4353845be0148542087bc21c00ba14376db525b008e0bfdcef7e
IGG019P7	0	1	6382ded32dd7a68c4de7cd70825d4866d237fd81bd4c7093372c94ec944465e4
IGG019P8	0	1	ef6bce97a46335c70038ce84186ae1e16563d003eb696896a4d3273db2e217a2
IGG019P9	8	1	40c84fb466bd16fe97d653547f40df5aed69df63338f866112cea6b1a483b039
IGG019PA	0	1	048171ae2afd9c6e5ebe8f2b30e820543b1994a239a511ce796a21db696ce8dd
IGG019PB	0	1	edee9a970926a0f87168ff2deae5ab2d8115bf8a4b8c7bbd31eb40cb7e40116f
IGG019PC	0	1	f1ac7fbba6eb8095e6df655d48cbcfe1c49eb671e0cce6632b8513ff3a9d0f0a
IGG019PD	0	1	e0e444df242984f132fde61f776349d939d5496a773f48766b6f173eb304035a
IGG019PE	0	1	6c2a5900d7e2f9b11609f47f93c1b9d52e9ce1458fdcb7b1736075833cf8fef5
IGG019PF	0	1	9f66395be78fa4b698e4ddb5bfb5cc01e1c76a6b56ee51d0f1ed4c381b16c449
IGG019PG	0	1	68fdf4ab3cfd56d7ec0cdf17baa77a923d21b50df184b64ba254ddc6db30cc02
IGG019PH	0	1	d8647182cffecb86a16bc74229224be6f7329ef3dbf1727cfca8507bdcc13a6a
IGG019PI	0	1	771473f44913474c0389d47d75f6bdfdbc95e9f0b769cb617685c2e914fb4652
IGG019PK	0	1	612210e6d87d92d7a169ba2297c1e9d010f241cc7228490dc43f5b40c8d84dd4
IGG019PL	0	1	96aece3c3c710a64a0a7bbeb388fd218a2dc42ea80aa1f94a82c4dff5373bf48
IGG019PM	0	1	583b03587ba982217d12be56f918819a46da7fb6113a3b1ccc8aa8a3eb29193f
IGG019PN	0	1	df0bdf3e9eed067e8497fbae2039fb3dac78cf0ddc7a2ad5bac9f479623fa7ec
IGG019PO	0	1	e14854fe591647a75087c2b6aa30ed21637659324de8978d93ff2d7cb23a99db
IGG019PP	0	1	186548c5f407294c90234b7c881a8769edd389354b950381d6a24ded72ab16a4
IGG019PQ	0	1	9777356a4f18796181044d409c2de43eb6470283fe6809d41d88128114786809
IGG019Q0	8	1	4fdcd8a441fb93a61d0c2984c74bab7410b43c8ffca7f03aa49e083101fbbbb8
IGG019Q1	8	1	19b7114cfe742d6bf7bb1014d8555b04643778b0f4d505b2f0077788503fce33
IGG019Q2	8	1	617fb3722db38ce1f7a532609c9f17d5249b70e298b4b84b05e79ff1a06ebfdb
IGG019Q3	8	1	de96b794ec87a59ba1e9d0ae896f32bd2171c5804f734e92f39037381fd51088
IGG019Q4	8	1	4ecf80936dcd513e5fee3dbd92f4de0f59dc4a16475841f25dceee2630b187f1
IGG019Q5	8	1	6f2b6c760a0f2d34f82d428e98db8783e870b3aeee107704248ef71ef16cc2cd
IGG019Q6	8	1	d0c43bea7ca0dee6489c6c13d5690c98e8997e7394f83d0238e1f1c47a90c9fc
IGG019Q7	8	1	585e0763bca3a2af4e3feeb3bbd19b7c3ba004bfdf5c1c87f5a447dc11a2bbb6
IGG019Q8	8	1	81bf5709656bf05de1f24fcb2af8022307bc1243bb5907de5308b07870ddd9fb
IGG019Q9	8	1	4f768565de65e6e4567cd3eb99e947901854cc7b6b6ff623b429771176c0f44b
IGG019QE	8	1	e60b776bff020eed237b1edc093fa6f3bdbd488d8528be560cee6b645613c768
IGG019R0	8	1	3e6601377449a5af9808c1cef268870706b4e33a98429845f316f7aa6d53aeb6
IGG019R1	8	1	008e86c1b60b37eea689a26dd8b5ad3d543eaf4082b24a9d892a8805ffa816a3
IGG019R2	8	1	19bfe151010395ace217face14fa17cc8c6abbda9f0b280ac7064dd1467b7946
IGG019R3	8	1	8b7c324ab04cd4182b16e6ed28bf9dc80afd7e0e564972babf125a3155745825
IGG019R4	8	1	d74cfe501aefbf718e8ffc17b7ff61eed7d28cb9a1ba6efe1e908af6b6fec8e9
IGG019R5	8	1	085cb8310397ac01e0f7d53900c0936f711852101e43bd90feaca8e71c68e7d4
IGG019R6	8	1	9eaaf2e567e8b1ddd5c4e98413cee7ecde4bfd4ecc0b23718d64f5aea8cc585b
IGG019R7	0	1	10c0511e62a40bc12c528a2f02c689a7b3765f87d2fe9403ee7a553792bf9fa3
IGG019R8	0	1	dfd5832ab82ae71a1748933e1258899ee376ade0485ab7b498302b777254570a
IGG019R9	0	1	8633d8549f678b90108d2ac4b49116ea91cc13768576281820d28438b05ba525
IGG019RA	0	1	f8126341b9c7d366a8e58286c769786772ec033f11e64ede507f5064677efec8
IGG019RC	8	1	683a46dee81be72ddd2b933c22f6b565a4f5791fe5ede1cdc026dae6c53b2fdf
IGG019RD	8	1	f1a1489ce6df82dad34b0dd3430a08f520917320477d26bac0745091a4bd3e28
IGG019RE	0	1	72a7f49c43a3df66c6a5049df7c42f261da6775d7ee71057cf6547669f16ab5e
IGG019RF	8	1	87739ce83d4ebcd9e27f009f6cb81ade90bc3821d1b6a63f58ef8ecab0e4ed3c
IGG019RG	8	1	4bfde8530c2f352350114b834bab47ade495c2b16d840694af3df586e280c9a6
IGG019RI	8	1	c3ba35cdeaf0a94feb538fcc44701157ab909c4c3cb02f4d4b07cf5f28a93896
IGG019RK	8	1	093444a6220305c2fabea72cd158f4ed7f1c7abd2e9d3f1f7c95450b93cd89b1
IGG019RL	8	1	c435461d43405d31777989833d715d22a6c31b74e15e66033580b94fa3369d10
IGG019RM	8	1	35e748b4ddd84be4dcdf3ae7c0ba43354d5348ebd55c39f6e2f7b56e525681cc
IGG019RN	8	1	ffa5d28197568117a33d78f906becd5f0fcae4e3d420b02d1799a6d539ebf5d7
IGG019RO	8	1	c90b66d01fa978c7574ae609e7800e27944dd85b319ed1b1a772eee0c2e7365d
IGG019RP	8	1	26d32d5aa9e796e967192fe3e0c726d12547b2a75339855f8f7dd0939d443a7e
IGG019RQ	8	1	16b9c21e628077deccc3113ae4391dc3ed42c8ca37351e372fdbb6991ee50b4f
IGG019RR	0	1	20c5774c385fb50853440efbb1c3656342e6c1aae258fdc82f2e3f7348f60b4c
IGG019RS	0	1	64e31833ce651c1e26e67c202773352664c8b6d685f7614cbed0f66e65dc9025
IGG019RT	0	1	ddd904b07994f6320f0001549e355ea536daba640c02bd7a2576e77ccc6c6b17
IGG019RU	0	1	fc41f3957b58f67be2ae60363d41ce0f1befba9dd0a4b5e397b746903a29b180
IGG019RV	0	1	c9d199cd8d510316c6af094f418b223d24948c8630a7a9f13bbbc372bcbf13e8
IGG019RW	0	1	5d47bc57b4cee53f8fa201434fa537079efc8439af5a30a70d6e0e9d30b80aef
IGG019RX	0	1	2dd112db1a5aaffd88e09fb365ccbf0258f641e79e6d3fd1db9817f60f09da6e
IGG019RY	0	1	be1fbf43a612a3c455a1ebc5cb7421e4b46a01e99efccf57440c4e0376dde1cd
IGG019RZ	0	1	559dbc1ad8c568e702af39ffc0a81eedcbd67aed0cd4d5513d4d58dd4d46c8a8
IGG019SI	0	1	aea99326daf636e17fa70d6f3006fd04e814bba9243b54ce8fcab0a9ae8c0877
IGG019T2	0	1	f1cd2815098ebaa2addc42147e1b318b753aba8e9d563a5e778e22fe2d329d0f
IGG019T3	0	1	6cf82cbb3aed05725ea7fc3762eaf9362b30c5b870b7d586e1a3b008d00f0b59
IGG019T4	0	1	0c90ca7be7d3d4be9252a229b845a1dffdb30b28f9b455c2a1ac23bf32d1fef5
IGG019T5	0	1	29456be12f82d429def9c8b55cd319c28ca891e02b042bee7ce21063c86e8b58
IGG019T6	0	1	c5e544d6f9586a55eec327829f436541352fbc47b7e15446e97b1e16751ac680
IGG019T7	0	1	919addd24c2b7a0dbbf17816875d369e86682d0ed6ccaa9b98d87867408ad9dd
IGG019T8	0	1	6e3469fde7694141b291578301cc9daf37151247cf7670f9a2a5dcc7d5c8ceca
IGG019TC	0	1	7b838280a1534b59be2c003e2b289c069adcd9d905975866d8e9f788cace4df9
IGG019TD	0	1	7c8cee5908518283862e13377f539b9e7bf1c1573331a97b5052f55c0c0573db
IGG019TE	8	1	08ca027a8ae2feb46db3e5b104888da32aac66f31739d569eeace3cebf2a09cf
IGG019TH	8	1	6f3baf900d88f628553c27da99f9c284062467abcb890ce1fcd2c6be5c384d55
IGG019TI	8	1	a8a854f58082647cc7eed0296dfe08fa8ee3b5f1c8b2226f054d908540aad7b5
IGG019TM	0	1	7685cd7f78c831d4310b566938e613db3a0ecd2ec4ab3e6029f7594ec7c71994
IGG019TV	0	1	f7d7a5e6a44c08bd8b2c85ba178cb36753ad1835e0d6fc112b3e0997a67e40cb
IGG019TW	0	1	d0f7b8f1616130c3c01b992dbff9d983644e7deb675b74d144e11a00151dd889
IGG019TX	0	1	d0802e2f4bc88d2a46e69e26fa4c936c89772a18380ddc4fa8492d39e6aa922b
IGG019TY	0	1	d74a2d0169ae4cd6873adf4e995d40d650cf6606e0a5f51cd8ce14aabcd78a4b
IGG019TZ	0	1	94a8686feb3fe72ba8a16415457fc09ba9299e28b08850b02e27fd5b0cdc0701
IGG019UM	0	1	325826e0e9d469029bd9223942e7318dd92f0697859a263647140b026190d0cd
IGG019UN	0	1	332b696689133a4c3fd7393936a73bf5d4364322b57701c0de15ceeacf1f34bd
IGG019UO	0	1	632c82f1ec14f3066bfd891d582e228944f34ecfef25f8c009614779bcd43646
IGG019UP	0	1	163ca5a51943c167c7d8c436e486d8fee06401d5cf1f7e8df152dffaf3c3ed5e
IGG019V1	0	1	fd7a60eae45efe881de064ce3553e9bf17341e7e50ecc162025811216dd64d2a
IGG019V2	0	1	af324d3eceda27f20a4471aa7ee43b3f1410201db8018c8bd59930bde38fc421
IGG019V3	0	1	4505ad454913cece19573ed3a04f14c70dfcf82dfa688a841f5db28b7a061706
IGG019V4	0	1	fc100156aa5889c4ccb54f7bf897d9234e59805f9407fcfd5312c9e27377670a
IGG019V5	0	1	b2f0ae7885837bc94688c1996f908a546baa96a5d6f13e6809fb50df8ce82913
IGG019V6	0	1	90bdabd871f7606dd528e0a36d432118630c79488a786c08575e88e46ec799e6
IGG019VA	0	1	b7a16502003b7bd51dafceed12ca11da1e9b9e4b21aef0ca4d8a83328f7fd001
IGG019VB	0	1	164e89bb55588845a0c373ae91102af907957411ede408b387e001b46772ba7b
IGG019VC	0	1	8a20148738f84063a650efaa29b80a51d8475f796dbaf0f573ff362ccc392034
IGG019VD	0	1	2a274c5bdbae368f3700a342744b5b6b56476a39c97e5b62b147bb9769159fbd
IGG019VE	0	1	754efacad179d6ebbafe9a295b69983de3f3dc5e3e4cc202c623d2c112efe699
IGG019VF	0	1	854b55cc5fb50a304fccc2cd47e0cb70d965c834a23073f613ae1293e0d9adf9
IGG019VG	0	1	0122f7488f6937c08e3c499b7b3267080549b3846eddcf3a80a96d10d1bae03a
IGG019VH	0	1	6c716f7d3c92f07a293c1734a0cb343fbc59ad85fca9b05b78924433e73fe222
IGG019VI	0	1	e04f653c3ec6e1da2af537d5d80b704c823174e707e89cbcc20b35f43afeb108
IGG019VJ	0	1	0831673377f45dba829189e87e1b1cbc9510e3bca06307b9d26121d3349929b6
IGG019VK	0	1	f2fa09ba0e5839bfe741a9b2c8ec6158b673d2a1c6e8cd28325d748427e9029f
IGG019VV	0	1	2fd5609f13dc9c3a27ba31fb9daca1fa0756ae9df97cdeefa597ce70f8327965
IGG019VW	0	1	36cfd2350ed5f31dc302adc574426b4adf035b747fa43a78bc8da076ba433422
IGG0201A	0	1	686fc89240231522d99aa0c5b302d7b62ff2f83871544f76093c6a3de1967474
IGG0201B	0	1	b8e58ff42b9ce8a634567867ca91fec1fb32645411e989914682f5aa698c6ed0
IGG0201D	0	1	ed22388959807ea30bffe68dd6da6da42a962357d168658a13fde443e617fba9
IGG0201P	0	1	13a366ff582ecfd49028c8900b0570197f3af2196533d977d5bb6ebf146aee9c
IGG0201R	0	1	b7552b0a9cdd929ddf69c3dd1ef3307d69b53eb9498ec60b5407baa26113ab7e
IGG0201W	0	1	56191b2ef05218bc78306fbc68e8378d09d563c472c3e16c8949b2ee94c25a56
IGG0201X	0	1	1b1deb13dbd450946533c599bf7d3e8d76683a3d0e78ea052c519acecddcbade
IGG0201Y	0	1	57767b568515daf6a80c3ce0d049205d2f7dc8473be7046422e05a09e604c350
IGG0201Z	0	1	cace0f1114e584e57fb9922195071deea10f0e0fbd23b624ab9967796fc23697
IGG02028	0	1	3e070607c4f6bbce030727a452fbed6c8bd318546d0099cdbb9a2a0573c9078b
IGG02029	0	1	f054f415e436e0eaac6369f5e49071c48e0f77c2bb08dee6222858fe93474141
IGG0202A	0	1	7bae1ed4e6fccd2a753c68e5162c48d29627908bc2b034145fc0caccb9a48965
IGG0202B	0	1	f2bf6e9c4e4985a6507e93d80bf2104408481b43b128f65c5562c7faa76d9d38
IGG0202D	0	1	b91c246c66956ad7bc3abe898dd185e2906b569278b16bb2c14e750c966f0bc7
IGG0202I	0	1	80841f391b37cb36df5f7b61415ac8ec1b4e86a2aec49709f6c254b1b5049fcc
IGG0202J	0	1	266a61794b7b4552f7489d434bfa8ae73d161b39985e375af078cf67d57629fe
IGG0202K	0	1	9df8f6c3eefdf1553ede6e01db48ccfb71b60b09348131651cb31cd8aa4b0671
IGG0202L	0	1	998ff9ba958c51ede6749f097fd8d72ce0f528d75fe6b0574677a975b706a4ef
IGG0202M	0	1	b2d20daf42388adf7a5bed9b446536e0e4830853ccdabedb18351540ddee6c52
IGG0202N	0	1	edbb07a6f0353aefc9a777816141c1a9574db9fb5e2e39f553e6eb0d58251a82
IGG02030	8	1	db9178dab427649d6f22ecf0e9b5fa01edadc7410a3f07564ad81583dfddfe58
IGG02035	8	1	ccac17819debe5fab1ba7e2afe9aca631c912007a564e012f239b490e8d1ddba
IGG02036	8	1	b2d64c64e31921b25121e5e0e56562bbc49984075e8bb2187c6b3c48d238ad5b
IGG0203A	8	1	6671f6ea0762485900405172b2b28a15c7d374fbb927e4dcc419f10174db41e9
IGG0203B	8	1	b34d040904cd9455f98191dcec3a1ea7b8bf120286e576f618b4f7116ea7a10b
IGG0203K	0	1	9955c5dfdd62f6b8cead43b2eaeffe3be19470096755e761f9a69a9bd97a697d
IGG0203M	0	1	be6bc6c55be188eabcb5338090ea92f2c0aa830e394e0ef00880003364bd8faf
IGG0203Y	0	1	48efba093d048c7ee7de08eb9e397b68922abb1de534f033acf23e992d7d107c
IGG0203Z	0	1	9103d6bc448c2bc8e44d72129e587b5d0191f06425fef467c418a8333e174f51
IGG02041	8	1	162e7000a9598a788bd6ed401738d4c3a0d4934aa5865169ebf98a1922dc2e1c
IGG02046	8	1	d2c582d62c66556e5d6922115a8cbbea3cd38ab69e160792dc737146a77d62f5
IGG020D0	0	1	4fd04566140fcc9ed80a8b7342261e15f2bdc9c9ff1401bab670c34802c329cc
IGG020D1	8	1	258d86a3bf1d4ee0c51cd82629e9f28d864b12af7b6a67bc1094d9ad31840778
IGG020FC	0	1	2386a7d2044420b232ac9eb16dd789b7b6b0583c606557171c4c63ac0f26a313
IGG020P1	8	1	cf78949b4612079e4a3b3332355ecc7d6cab02acd244b11f14ea8dc687f782ff
IGG020P2	8	1	12bb9f3ef65c18388d53871b82338ae570a09bbf9fb47c9b76e1bbf9fdc52f49
IGG020P3	0	1	f77b6c12f50f9bf2d46bdf203ef57d6a24cbc759ed0689d91e9ec284266a6d04
IGG020T1	0	1	7f2fff86051b3aed8335fe14e0a6ac47c287d2e8a9df12b2bc7f1710769dbfd4
IGG0210A	0	1	f8080ffd7173993a9f8484b33d29c63d411cbf927a35478166805b151c9c48fa
IGG021AB	0	1	a8434ecab8b3027fcd081daa6c85b63a625c508b708ba3230064541aab4cfc20
IGG026DU	0	1	030c4891ba68aeb281efc062ac7936aba803d0e87283f7ee7479c64c7e0f66d6
IGG0290A	8	1	4c8f18372f0ccd113b5b5bef6ac122239fb668a2ab37ec0fa52011f7d114cd99
IGG0290B	8	1	4c0832ccb9e4b3a3f7e8666134d4e25b6b2945bb2993dcb7e9fd7bdb50b09a6f
IGG0290C	8	1	e93b55c5b423df2f04e6f04c6196e5f24a2e34f1831cafc13d014558f6766a66
IGG0290D	8	1	3029ccc90549bfc42ade05434aa24454b2624c6255747c3b2ffdc37918dabccd
IGG0290E	0	1	66873cbb996a77a4f0fb579fe954602fc862f524e805387ca3da05373d4fd67a
IGG0290F	8	1	6aec2fbfbcc1f3cba94d99a3bd2f8bb376d223254ce4b7a3755c7a62eee5e6bb
IGG0299A	0	1	c568dfa878c1206089a8f3610bb89d30d8f772c7efc6a383426f183b43465842
IGG029DM	0	1	69a3a4d54ad167b96c54fff5de69bf5fab408614f15b928a3bad7caf664c7a8c
IGG029DU	0	1	052685a6497df4e84e46b26910349a974ebd806f08473adf14f6e0d68db531da
IGG03001	0	1	7502d14d16bf4de09509a93e2ffa723e584721d4fb0d36a74905044e5ede1f03
IGG03002	0	1	b266872bf375e9e284fbde8d92e0c2358f65552424183fb6ed73ec790424f494
IGG030DU	0	1	5c908283069950e837fe6361eb73e4bb880efd025ad770e57fcad6b5d1bf8c03
IGG0325A	8	1	866a590cb77331b95892d3fd35da5225f8390697187c068950df5501cb31e941
IGG0325B	8	1	33ea3ba59f46bdd34d7e03a15f48ac14aecb4a7f61db511f87952ec3aaa068ab
IGG0325C	8	1	ace8b2cb6037efd31bbcbcb04f14046f63c87e8e1aedb43d009f1947924b06d6
IGG0325D	8	1	f9f191821640649594b88fee7e75ed99e656c63e941e23d44597271b79912a9c
IGG0325E	8	1	879c2b9439135b39a20ebf12df6639e75afdf1103fcc58874836bdc526a91f36
IGG0325G	8	1	7204477a3bb2a4614dd39a3486d83876c5bac30a65c51f6b0a6701f18fff9a48
IGG0325H	8	1	bf657a3fb6719bf3cc6a58813a36e93e4cfde162d6afa7b8c497bf862b375c7c
IGG0325I	0	1	e2942fc2baf52f66737bba2fc3e1dc10f3ce038741e5599defd156221f939b2f
IGG0325K	8	1	7007ccd4368b8dfa7cf0104f7be887f48162ea7453fa88d5d6f1ebe300d7c80d
IGG0325P	0	1	a3f388a08b18a0c693ff77a6fcb7a63ebd5201bbabe3cf9d3d2607ad2302ec0e
IGG0325Q	0	1	738092ce8b3c72085a9ba6b61cba7da3118c0b048cd3792fd61888b79d010a3b
IGG0325R	0	1	e486749f615dad8a72910efc85958023555c4aa172ae58e4faff1f743432ceb3
IGG0325T	8	1	70e47991cc77e75e8817592d071d13665278d037914e7a953cc9a8f966d3f226
IGG0325U	0	1	6a953d0428e7d90592d9d0a67d96f2a22ccf925a2f9d72adc9d37cd4fbb8d673
IGG0325V	0	1	8e7cecd92262ffa83324380d44e1d7849e7806a934990154e2e1fbd0192ccd0d
IGG0325W	8	1	c4d62191670d0302619de91d259e8195690c83b419e5aa0689f7da3cb3837ff1
IGG0325Z	8	1	bbcb020ee6a812f1b92611bc946e853deb972462045a518ace2abe0c9399c933
IGG032I1	8	1	2dbc81191607c5d0a5db6bd472ba43da35a1314ee29ea0acbcb719d286982eb2
IGG032I2	8	1	84e7469e9a28c771d4af2da4656ac5f18923637540d0b9e738c74cd53b75ee14
IGG032I3	8	1	10ba614ce606f61dba815ef4a9981f9ee16067f171b7c4da43e75e77e210f8a0
IGG032I4	0	1	09cddecf9e57b5d7a68f8e35671c16653dba1b3c4b3796aa146c23e7b1c5885e
IGG032I5	8	1	49863ef2a2102729c272021dab9cc170f63a92864e998d8a6a9779c6706282f2
IGG032I6	8	1	2f14974a7107a5817c10e4093fd613f3695a2a4a6a188739e7a561a63fdb4851
IGG032I7	8	1	a0a3e9ddfe50f6c18b127fea1482ed4ca698dc566e04b92193502812615007d4
IGG032I8	8	1	57ff022b31012a49f96d4a6201a6371c7a49961c115ad3fcfe73fcd18e06d08f
IGG0553A	8	1	d64d525810ac4b3d6b9e60ad7b0f4b57d7f64fc2294a5fb7616919831efcea6c
IGG0553B	8	1	46641494ec1f2e20cdda7d129af01545df5970e1f3e9b951f20d55bfbd0b6458
IGG0553C	8	1	71884d181f14ace26d046f85c4d36642f816a46f6907ae9b9afa2a36666273a7
IGG0553D	8	1	5faca854d7064e297f09f85e49ad8c6ec30a18edea2ddd9336865927ab365c18
IGG0553E	8	1	14dd1984076f8f7e95fc83ca8b5a4e6beef53ff5e87f88a3e12a724af890db5a
IGG0553F	0	1	95ea62c008c27975d3d51e261ba859bd1d5ba131956c889da07d3ca9bb650801
IGG0553G	8	1	a03f452772b04743350e34b180287a404738581521cad31319fe09645eb39f54
IGG08101	8	1	ad39c9992d4b2191d154eccd4f3f9f202e3c3fd2c910fdca5cb91cd4f19eea65
IGG08102	8	1	af39c6e7b71e1b82bbd491cc1c4548f0d21173eee173e42d03004d221be18795
IGG08103	8	1	23e1cd2a68eac2213c0531cc9416fc8b8d320427d02aa615a760e206457cfbdf
IGG08104	8	1	d4519f2d9aee102462ff79c0ef98a56da6635f2385a9c08158bee807a7159852
IGG08108	0	1	a1c9de7b62fb66d829619c1464d44baff3d7795c5fb669a66a7ba5f88a04f908
IGG08110	0	1	2e1a3c5a3723ce1a3f26e9452acd698a3b64d15ed2b1aca4de9d7708788ecd3d
IGG08111	0	1	4b03f4ba5f67b3a94c72759b3678da1c238eee8f04dd7c5a2b4a520223644139
IGG08112	0	1	39145077acad9be2bd7b1a98177047d110bc2c8fcb5477b39bd0a5725ea8460d
IGG08113	0	1	a5e0256bde7e443e4062b37cec4a97dcce63e6bda205fadb8a86ffc372e794c6
IGG08114	0	1	4a221136a8e0335963096e80d1b9c6d497a37c6ed890bc1075af46cf3fae087d
IGG08115	0	1	4774f35c5054ddbe27984bbfb9faa99b1194806080a050edb65cb0d891ebe20b
IGG08116	0	1	ed2cf857e24a24ab44774a10b9d878c4868837ffb56ec800fdcb4e0c72f26766
IGG08117	0	1	bf517793026c8068e0fb6da82b2cd9b99d0d7008a3acca0d0c5bf0d948707908
IGG0860A	0	1	bfc34e0a89a4c705b58f70d33a21ccd97e937d4c56d64256af42a4477016a461
IGG0860B	0	1	7375a6c7b705f49b0e41cb6f3b379e0a0a7755763608d0063be6d943bf15aaa2
IGG0860C	8	1	16f510a6230bb8cd372e2433ac0af38817ba99871ec9a6c145f634cdd7b1ff68
IGG0860D	0	1	af3c6732767599f2aa9cdd089722486bf1623f1d13c741da579847f1b16d1790
IGG086AE	8	1	522c90975e3a82e74d212c9b13ad9971a41464d6afbf97f7f8c3366a22e58e7e
IGG09300	0	1	b85d510f4793f545d3d54d1eb153245621999eca2b929843ef6ef15161c11195
IGG09301	0	1	d66689c60b04c693f01be5b4701e63b8183a65d426657ed7069cee4ffbdd6aba
IGG09302	0	1	372f72e61194ec705d8fb5fdc3e4d7d7f073eca68f019366a729ec85befe9909
IGG09303	0	1	7e69f52daf37023db440345bbd88347d958931cd78fac636e3b0481372d43786
IGG09400	0	1	f83a6fc435899d03fad4bc7820dad4a5268bbd8234a6a05f61a625f7ed446ab8
IGG09402	0	1	8959ae68a82bff06fa96ad5fb5d5babf77b277f75308a0482d4997d315f0b12f
IGG09403	0	1	19dcb4eb3e91208b865b14e6d6e0bca6ff523cafe0204c223f10045b76d1f61e
IGG09404	0	1	c6cf18ba41a97e3d441bdcdf1a60f2de08803797b41c0579349fd8bfa3dfcbe9
IGG09405	0	1	c5b6e46ff536b47cc8a612a42f04a35ac73298e715f148623b4fc297726639a9
IGG09406	0	1	0606d53512ddbfe711d27cda0ff39b4a6c1ca8ce2caba610d930e1bcba91f2d2
IGG09407	0	1	8a661c296442e00f9407ed3697fef7c100522d1f9a152af91f1ce49dd8aeb14b
IGG09408	0	1	e167dc8f824ee8dfc8899e670b5dddbdf07efcae35f5936213ec87048cdd0a9e
IGG09409	0	1	e9378b9481edd9b46a56cc7b211cef71bc01371cc3910fe16a5dbc51f4a42104
IGG0940A	0	1	b25a073aa732ab8f430f1454e8f720fcb2aeadf557646baa508336d8eed2854a
IGG0940B	0	1	098d8300c6118216c305a6904f6f555326c5b435ab9724319f0ca81180a9b0f2
IGG0940C	0	1	f137a9ed77b306e03acd1b786eaf1eceaf536f1b0d1779626cd762ce44b32ca7
IGG0940D	0	1	d63af776ec6928bdf99a08af21c40fb8a7faee010784ef7f0261cbc71848c1c0
IGG0940E	0	1	d83d858083806a1956302544ee087d3dce7b9e12644653eb2ff2c81de9060a5e
IGG0940G	0	1	d61baf30b91defe4f4e0b6c94308eb9bfbba32c84ec3167742b6ca8e9752bde7
IGG0940H	8	1	af413881389cc6477dbdcd3912e03d6b0263cce0ec8e7ea95e203cb4ea94cca8
IGG09411	8	1	a75ae31a7b4f31af4dac7e420d1a282e7300141cf88cbff2ff60d4080766dbde
IGG09414	0	1	ba1d80214d6b5009599396a408e2430dec706c451cc466574683d655b59bc162
IGG0CLA0	0	1	34b7d43e9027d8dad15e5312cd07b8dac8d056e2c30f4a7da8a5ce555ef72c1f
IGG0CLA1	0	1	2f8647666ec36d5bfbb6faf76c219168194017b36272387b25ae5efcabc6aae3
IGG0CLA2	0	1	e4488cb3096523f9ea159a8d8438d459eb0fd484894d526894096d7efa72f984
IGG0CLA3	0	1	0dbd5fd5a17063df241d0fed7530acaf4da276c2bd735dbb90a2a068e064453f
IGG0CLA4	0	1	1fb88f8690dce53f98f47ac2035269400ee283b8e0c302b73889112c828c8d6a
IGG0CLA5	0	1	9ab3d152d009bcc5a3c9b1ae6a85bfbf76da54ea8d1fb52e4a36f897aa6885dc
IGG0CLA6	0	1	f20a56caccdfd5e3b3282890843128edfaaa2cce94a5cfb7a1d97af0dbddbc8e
IGG0CLA7	0	1	c4a2527df94049abb46b61af6671951a2298f1d837057eefc05aea99768cf75a
IGG0CLA8	0	1	55704d73fe72dd1fd45e52e2a6fa13e35bdb029aaa1b9885525c116911a9ae74
IGG0CLA9	0	1	692684121304cef2d8d9d9c115444e663d08e70b03198003ff4119c78d5bfa60
IGG0CLAA	0	1	79096fbe3e24d3b38d3067eb51519bb5c87961c901769abff2b6198d60d61312
IGG0CLAB	0	1	461d5707b7869081853ce4188895bbd6507918f9ecfdc6a2f595f528bc5ae2e5
IGG0CLAC	0	1	834c93e6ab0ca1832331ee6d5d7058e558f299850618886e9b13716433f06406
IGG0CLAD	0	1	6fabc73c4fdded2ee92ae7a1b2f24b0c8064296331ff5e44e793cfd711d42b7d
IGG0CLAE	0	1	ab2322a69e7f228c07518e9e2c3718a30dcf9140d880fd1fa64801ae3c246027
IGG0CLAF	0	1	10c1d60c0f57503270b5a54e688416cce33820d06e72016dc15eef14c7800f2d
IGG0CLAG	0	1	7d37eb6132e68e6fe7effb57dee8a9192a2a089b121dfaf2fede1155d5bba664
IGG0CLAH	0	1	93d57d07226f8d113b3a9396a1e5a69210b732ee23e9036c635efc89fee79d95
IGG0CLAI	0	1	95892dfbcf11e2c1a0ee2fd81019ea2e894b8e908c38053aeb918d8c4b6994de
IGG0CLAJ	0	1	6bcb753aff28f8f86b29ade4a743236a3e52ac04c1f65efde56b6db9472cbdcc
IGG0CLAK	0	1	e8e023e74ba3739dd36a714cc25d9319ca46fa6ccf28858d52f515b35fdc9621
IGG0CLAL	0	1	99039a4544fd2109aca7bcd4fdc0273c105c289cb01800bb1788ad6d2f2b9a11
IGG0CLAM	0	1	05b7959b3b4bd13ff0dcae91026ecc2d264e80b74bbc238871a0a4bdd66c027e
IGG0CLAN	0	1	289a686e9241feffd1668eb6a0237984f31d8b39963f9940da46076ceb3ced7a
IGG0CLAO	0	1	60e94630bbb741993f69805c344a0aed9588ae04484a83cb08dca8918e7526f1
IGG0CLAP	0	1	60af7f93b558ae4c08b9d122f9cf184f2cb52cab3bd79958369fa241c7ceab40
IGG0CLAQ	0	1	28dd466eedbf4c03f3f0601403b6dc509ea61c3712d3c499da0f47641d01c7d6
IGG0CLAR	0	1	32bb359a2734e2c8b312af3b10fcb11ffe4ac783de6ac7b3b61be7b0243fc53e
IGG0CLAS	0	1	722cfa1143648b49b9ce15a04fc80bf8f94dd34b773994b6ec8376f167b49435
IGG0CLAT	0	1	d44e021c3035ca25554b21cffcb59f74fa4394b391d61b8a3b9509862a339a6c
IGG0CLAU	0	1	1b01e02b4bc0953ad1b9c2bc6654be7517c172dccfefe94c2ca721b0cac07764
IGG0CLAV	0	1	2a7c80c90281764fb7755e5d3fe1604ff869d9e5405bf7fa6df8820945cdedf8
IGG0CLAW	0	1	649da848c234288a5541e87ada5fbc8b20c9cfa2a83cef9ecd144de7b7f148c3
IGG0CLAX	0	1	f29034ab0b445f806708442eeb5771b1f6603a2afe098491690e6584fd5deb93
IGG0CLAY	8	1	0f6a25e84c6aa56daf88a853a5f8f01a2c1056d0e460f79a0732113b1eb08510
IGG0CLAZ	0	1	b334116978cbad5663aa0209771ab9bd387d2abea1fe20076e576390a0e91946
IGG0CLB0	0	1	9cae40510a21d3756180245d39341cf9cd00744428f38b5986d423d6b558327c
IGG0CLB1	0	1	23f46a0a1078fdf78746d4b951c38bcbdd59def7a0c17810c1ad6176a3b9b891
IGG0CLB2	0	1	292055360f1218bdb6feda08046d849537107375bd899bf3048dded5354acc42
IGG0CLB3	0	1	18fda53aabe6095f841194f95676645d4770e0180d05bfc9815e052f91c93576
IGG0CLB4	0	1	ac4c7303d40d4427d7af971a4b116e9011ed48efd5489f5f5b4c7908d6eecbba
IGG0CLB5	0	1	ea7944fe192f93c0ad75fa8c3e02b6413e791f34397a609348e9c1ff71982784
IGG0CLB6	0	1	7509de9f3d05db64dd105c097ff415cdfdb216ef9b5e2d65a648d7a763fe1202
IGG0CLB7	0	1	c8a869be5f9cd259bb741c719671656ca045fbbf6e683b2a5f6857f84cd1856e
IGG0CLB8	0	1	aa01d7651ad8029a0388642a650d79681f2c2fab00e3afb4ad79cc7d94a36b9f
IGG0CLB9	0	1	d7fde89d27ea6ce2f859358d661099ad9ee04387a7cb39c627b511820af58e99
IGG0CLBA	0	1	31838eb40e2893be1ae613c894a9ac1fd678be4c16edf8b46f85516e4e2eb3ab
IGG0CLBB	0	1	f941841cb0185ff1662607fa5228a2df9cd57e3eaaf66f17fe7c790f17cc2c6b
IGG0CLBC	0	1	a90c9e949c0a1870b455079de241de5ebde985ba67ea1e3a2025d4e8b40b1a79
IGG0CLBD	0	1	65fb2abdd4a7aeba58afb427ac1d5a016c478dcd7225f64bc158401d87eee6d9
IGG0CLBE	0	1	6536a3e571e8b67b3f8a426c211191bd6e95a5d8c6660870901ef54354594a75
IGG0CLBF	0	1	ae0f19a82232e9b06c10a1a25475dc81ac35bb92b6cc3ffe438eecca6a4ba2c9
IGG0CLBG	0	1	561f076dda5d99f73b9a7195effeb5708992a02f4cb6131e9a38fa1c9dc5ce11
IGG0CLBH	0	1	a423fb6e64dd91c812cbd1d7e3455d4c7f374ade2ae0fc8a2d26bfcc236b5adf
IGG0CLBI	0	1	f34a8028df430a8178c84c823110177da4e67a97c9f9ea569a3440b572669e8d
IGG0CLBJ	0	1	373626326b124961182e85d4f286bba684bad41cf81d458ad1760e41d3841e8a
IGG0CLBK	0	1	db9d5c1944d34f43458e5181ce63a94f06e86e5087647e2f6c129e4f1cd23ae1
IGG0CLBL	0	1	5eb6de63f05cf88a97b0e9787ba999ccf8f7899ed4c4ef05b78a0428bb0c5561
IGG0CLBM	0	1	23c4556875c5b114b0a94690e08b87e774f07ec91fb020a28a393127dc8df051
IGG0CLBN	0	1	2594b702dfde155750b47f888a1687c46f16bbcc3662aeb0a6f456ae8ff586cf
IGG0CLBO	0	1	0eb0b9570ee0cb33967ffc731f19b0ed0b3c5d6168b6b0ec04ef09d5aa62e7a1
IGG0CLBP	0	1	65d0ac523a582e20a54635dbd72a63feaf8079a287d232a4ce4f21515fcd27a5
IGG0CLBQ	0	1	07bdc4b2340ea7c0f9687455d911207d6c2817d34ccb05423c0cd90c57b5afa0
IGG0CLBR	0	1	b66e81aa1ce032060cf1c947b62eb92da25891aefe22effbb87ba0b708b71936
IGG0CLBS	0	1	7a1501fbecf8d27c39b3c5548aa7f4a9b88a881241da1f214e999ee4a815b647
IGG0CLBT	0	1	0fdec5d302b1016981fec7c84e756ca8e83abbef1a032cde749f23895937a0c8
IGG0CLBU	0	1	65319169b55d2ba135b6ee80132cf5d8a0b4af697fbc40d215daf85ae3048269
IGG0CLBV	0	1	2164ff4cdac8876ae28b50c2b3193a8ed6e05e01fb152011cc701afa88677c5a
IGG0CLBW	0	1	8888e19129495a3a7712df91f43ed7c08158c52e5d0bfc3b254ee3b7af3c9dfe
IGG0CLBX	0	1	55031531f7ab49d3b3df6be504dec5b72ad6572b450b1f701d77acd3eaf32d74
IGG0CLBY	0	1	f9d322dd8889630a2f0a1fbeb17a1fc5849be8a70aad387905c6f82b56ef0ce0
IGG0CLBZ	0	1	86604680c8f9140f3a0a7ef508bdcb3358f8d9242970fdf3312f122bd1266c4a
IGG0CLC9	0	1	9b433672cffdc90dd3527c69e17771e70d7e76b6a3bf84f870c8f566eb53bc65
IGG0CLCA	0	1	093e805b9f70151d2203ff773ae53c6473e1bbfcb334d842316b9991e1c35fb4
IGG0CLCB	0	1	5c5396c210aee4e77693692aa716f629a339f3ae4f19d9d443e1db4aa9d42919
IGG0CLCC	0	1	3a96c5d4ba4d242a863e854acaf962a2c284fe4d377c2da747cfea90be31499e
IGG0CLCD	0	1	b28e5ebfdbdc351b7a8ebdf40134c0b63d1a6241f174eab52584db101241191e
IGG0CLCE	0	1	1b14fdb76c961edf573091e0ce006a23fa4cff3cf0cf987c88ea4d95929e1de0
IGG0CLCF	0	1	6ad921dd1aed59075b2bc0e4ae3ff57cf85138521f40a7407bcb788e3134a4f6
IGG0CLDA	0	1	1b9b8c40962593822968d9af830309710f6104e55af2fb085ac9c635d2b46880
IGG0CLDC	0	1	19c2e81cd1db78530390b2aec797f2197a91cd506e4701932f76e62e1dbabb10
IGG0CLDD	0	1	4b5cc4fb46277527a634bccfd6b6b509fbd1e79df66c39ad1e5e38e30a39cca4
IGG0CLF2	0	1	8c5ca98503d3032f20a898a56c51c50f0395de0af420f633c9189586ee899e79
IGG1AN	0	1	394dfe5f7dbdbc9a6dfab2a2c8e2b5a09b00f12119300c06a59722a4397efb36
IGG1HN	0	1	e4fd1e3b96cffb462005aa6f48556ec6b8eb36ab9cac5f3818727a2de16ffb48
IGG1PCAN	0	1	79a9793b8476190f24f6aa103bc5111de3364333466373ea38c5001ffc33485c
IGG1PCHN	0	1	869d0d6b20f5add191f9dbdb9581156c11d32e13b4622e3ebfa806da3e92c853
IGG1PN	0	1	fa0fa1e0a3afd93868475e6bfb1dd97aa0855c2706e2050301ce3e49afc527a4
IGG1QN	0	1	ec53986b09ba4fda6f44d3f112dd61594295a23990d3078e02eedfbae53d4f91
IGG1QNC	0	1	cf88fe891f9ae32c1ba904758893729cda84eaa8bd54e9861c03fa22986c96cc
IGG1RN	0	1	4ef95ebbae11aaab77c77144a093efc17b1835d90cd4eae7ac56607f4e3b4c9a
IGG1SN	0	1	2b162300eb6d806c934a070354e9754f9fede13d8fb0592e2683744396a62144
IGG1TN	0	1	6232217685fa772e864e4ff4e9806cc0c997cd418a59fbc8f73bb717a0016a18
IGG1XN	0	1	0e5035c3121e487c43ec09ae49c80881156dcc7faa2a9c351cee2c38178c99f4
IGG1YN	0	1	95e2bbb05a2696ab606628a26522698dce721c174ed05ade3ffbd1062463911b
IGG2A11	0	1	74ce35a2794cf8e075ae7bcfa1091d1322dd78b45e1250f7980d450a2b484267
IGG2G11	0	1	911d5375e874714c1dad0a428659d8659d2beeb10d811cbb1e3e39cbb718d104
IGG2H11	0	1	00e169de1647bc56b913e4107b41b6c8c852631e3f08c0814d9ec0efd99bab0b
IGG2P11	0	1	5db1cd585301f2c288840986edda186836d190edbe16c0955c6914a6cf67ced7
IGG2T11	0	1	b5101cd05122053510023a1091b57ab6e495c22251f38b972962429105cddf65
IGG3AN	0	1	b6b8589a0b881caddc0ea399cc6e0612cec2604d690bb2ed3d6eb75a50a72361
IGG3HN	0	1	d1e7367ca9cb6ff367bb780eaacad6ea74661cb0f216271b7bc2b1027847e9b0
IGG3PCAN	0	1	72a4449ef3e7aa56efbcfa60d1bf9b7c9070e37195c837b43b51c0e1e15540da
IGG3PCHN	0	1	35f801818f40f001b7a204112c82515c19220f55999830ae0141901eaa0f10b1
IGG3PN	0	1	5021f7d82180de75362eba20445d4d3f2dbdce558eb83c4e2940d834a173fa38
IGG3QN	0	1	5bad544432f6e33c0a0da50862c31156dffcca4e5592707eb485fc2ccf6cdb5b
IGG3QNC	0	1	759974d96753e82732405258192b3b1d9b20cc3cb6124fa5dd36779eec9a3c5a
IGG3RN	0	1	4c2389e464629c500e8532c177329d73c88f14cd7df7648c164ac7aa736d64d2
IGG3SN	0	1	ad7457f5ef2823707567c823e0250bf19d835167d1dd004e4326324ef3c85ab3
IGG3TN	0	1	941f4250e39a4e4996707164a41f794522aa0cfe9b93e98224e6d8b3dc0d61b1
IGG3XN	0	1	c60f7dafa643e6215e940396e3f5a258519bdf1c34c7114e5efbb9379d634d88
IGG3YN	0	1	b3d84530f918f0dd7499dec3e9b5681a7cf7c6f9152efdac3d69d33974774f96
IGGMSG01	0	1	c4f1df6cb07892c78402450838f4f88548b2746a86c7eeb9dc2d362ee6804339
IGGMSG02	0	1	dfe11cebe4b6b413751522fa2b4766497858e59ee1148a528f7e1bcc04904921
IGX00013	0	1	d4787b21da7d1ce684ed2592a56db1847839fc166bb4b8b3d2c495118cda3c9e
IGX00014	0	1	fd5c4a732420cd50b46289a84c3c407b1212a33771f136b2f4b181162d7ada48
IGX00015	0	1	2dd6aa6a5bf819303bf75f083bfde021e60367b4ec6bab6f70484f445568d490
IGX00026	0	1	790f92907b0dc80765789bc833eb8c70a3fafcdb072238864ae2e169dcf79710
IGX00027	0	1	11bc293d192662e5b8fcb0a91e4ff90abacd2e25f2d159e7cae0b57ec9cf46b3
IHCGSP01	8	1	4e5dc293068f0e5447474553c429244daf90f1095e14c5d8ce5bc23710110f9c
IHCGSP02	8	1	1e84a3aeda94405a16ed6b1fa2896477353e1a1968cf7a569b68ea215a77d015
IHCGSP03	8	1	cb7052eba4cde5d17465cf265ede3a68620cfaafd6019bf35ded7d2b7862c83e
IHCGSP04	0	1	f02401d481227746721a3ba9da5215083926c73946b3f249e86f316066b503ee
IHDGSP01	8	1	b2ccac9b528b3796a9b2b6e819f9a74061e8b1e5e4b5a84a336ed79a1d95fe27
IHDGSP03	8	1	4c7a3eed9cd4396ff36713d995f020498e30ab08b0e3f4102a2370ed5865564b
IHEGSP03	8	1	a3332ac77ac7f68b53a2dffd2437382b0ac8269abb70039cad3175c851d2c15a
IHJACP00	0	1	46b81ca829d603852a45b5df683f0642c8a95cd5edd32ee8ad374e162425764f
IHJACP01	0	1	57df4f7d907ae31f220803cc66e068ba4997a75f146c968f41a83e2101438dcf
IHJACP02	8	1	59e29029e27d7e01e94518c5b0843a289fa3eef91a1c919df5acd88e32c15dc4
IHJACP20	0	1	4029684b612630d3ad639acfdaccb5c7b1b096e300a3760d2ec42785a7e876a4
IHJACP25	0	1	d6adb689d5d2bcde3f5b7920b4e129a488667869fa48edab011918443dce57b6
IHJACP50	0	1	135877c03e4b4488e2e8d4245433f81d07bb989456ebef18350bdfbd5e820b09
IHJACP70	0	1	f77d69f42fc82eb84eb2a891a4203a105d6f57cb17b70898d7ac6441b1cd2b14
IHJARS00	0	1	9d15ea1b35c7b4b282e8272d29ecc9a3c53403d9906152a1576dc46707168c37
IHJARS01	0	1	7f42cea91972da3654d25f7d79f6411fbe2530e7df3a36a4e3e98e7350f9bdca
IHJARS60	0	1	bf9fa5e61b30f1ec815b478d80a293374070731f49898248a2b9dc10d57812bf
IHJQCP30	0	1	eafd4eebc0f847e378efc73b021104e8caf624606eb196cd348cbb1f8530bcb2
IHJQCP31	0	1	b890077abb2c417b1243a7667fd828f967919529ca59db7fac4cf6d20226642e
IHJQCP32	0	1	1e65d25d55990a01a1c628592aa8e4922c3af47642d940f3c5d2158141ded97f
IHJQRS20	0	1	86d7367ff8f05345d0262ef38d6a80a0835a6e13dc1c8de0f030abbb3d1fad70
IHJQRS21	0	1	7d121a6acc0d175bc35700f2a55e46e56748b93a695db63d309d612df80733ff
IHJQRS22	0	1	fcbab874da4a3b214201b43f51927958d04dca04c26da50ecb0f2e1facf5e200
IHJQRS23	0	1	661eccba0b60a71d716f3e3772bf3adc54963ea7cb32c865f8c98e622ec07ff5
IHJQRS24	0	1	d7f65e84fee74916478791bfec061988dffbc0133cda6121b698aa825e0c6244
IKJ5803D	0	1	931aa9103529220745bbb48a0ab9077b162becf6504debfa235bae7b7653baeb
IKJCB831	0	1	e907165419cfe39e986115227c3aa94fc40881a783bcdb7b8807ade04cdb9422
IKJCT430	0	1	816cc61acaeb020c13e4afd4d615f5833852966a2046b53d4dd0807caa2bf9ff
IKJCT431	0	1	9f34eec1db862c4304b1befea6f0e26c1f27352510e216c64daaee11dd442dd3
IKJCT432	0	1	e65c40386192368e82b81a2d2f5430c414dc489dd6549df19dcee0ee5a9211e0
IKJCT433	0	1	162e94e28830c4407002dc4e8afdf9c6820aa943ac28ae51ba7701a2976105f2
IKJCT434	0	1	7bd190cde613b3f84e1e66bab392b5bb47da8a482f4b4eda573041cc4947f2f0
IKJCT435	0	1	1e5ea3eea5c8b3fafde5e648a2715b0f8f9684fd488ecec1cfcb0843e0b1b595
IKJCT436	0	1	f63f5652cc1cb5f95e1c76b2deca427da11695cdfa30a73f8ac5cdfc9b9b02ce
IKJCT460	0	1	afe30621f942e18f2a1e2e9a13c3d8c7869280738fde16d04cc84e80441a1a79
IKJCT462	0	1	ec0637e9941edd53f9309e0dda582555a5e615bb11f30b689899d82058c79fe7
IKJCT463	0	1	7bad9b81e0a3854c64dd5952d5d867b4d3830176d20e2ab948488ce45b900f87
IKJCT464	0	1	cf8786a77681923e99545ddac8b77b7acaee57f60c664a9b47c34bfb749bb774
IKJCT466	0	1	06fc5dafb5f7d017ac6b15f94f2cf00bb1a9e59b92a7bfbd186f0eeef94e821a
IKJCT467	8	1	68b6b40f48d2948b10c77123cb9d93f330e6a64709a90454222dc5d2fa680147
IKJCT469	0	1	12043fd83e9507091393c89f43e98979adbe8f3744b5b981fa11a860f103ff5f
IKJCT470	0	1	67976be452c2f31f6c0c403893b52d40c7d53a7eb3c26594e5e862e366cfc872
IKJCT471	0	1	5ccb00b2a36f3a93e4ff53e1c109171bcad59edc40949aaa60a76645a7f139e4
IKJCT472	0	1	21efd1db8e00b70c339a5ef1a2d122a703289b66640bba21d53f89a11803ee71
IKJCT473	0	1	2727f7846924282ae749426948f02dca9251c479d6febd831c56b0d6ef1d3b1e
IKJEBEAA	0	1	36d3114ca5b84a580a2e0675ee76079bd4e60f1c8b0fb7f7d4b5488e99969706
IKJEBEAE	0	1	1d08ffcba228a6a56c28546413b8dfdf6ca1570832e7e663c9d7125cb0c52612
IKJEBEAR	0	1	4c9b72937377877470e855cb56c02486f91a40c29529169b4a0f95ad2ecc27a8
IKJEBEAT	0	1	58fb36a2ad1abb86d4db6f97b6dd5b0fd6eaa6893f5250191966702a036377bb
IKJEBEBO	0	1	aec52db5a72a9a1752a42dac0f8c4c8d3dcbdc837069c5b63d8d85928b4c0d33
IKJEBECH	0	1	b8b518b887d2383d1739dbdb9ef0c48c9583573621e9d40a225f1ec734541a63
IKJEBECI	0	1	24b7c8643fb4c2ca5a3046902f62047011db6ce07e4ced903d31f2d38282817c
IKJEBECK	0	1	823aab4f0919c2b551e33a7661084be6cd2df6a205d162dabb7c1b6f3293b727
IKJEBECO	0	1	7664387cc07916c80a92424e193e7dc2bedabc61d8a170e96ff2f30461d44844
IKJEBEDA	0	1	330e27f78a125924287da6bc81f781baebc8014c69c7c5f36c15ec3b36d77667
IKJEBEDC	0	1	3763b780c1089cfc146b1bc900d89a7ce5ca4d8cc0a7895eb4175e015b4caaaf
IKJEBEDE	0	1	37e536430e5e74dff8ed1fbd42d09a848f7cd73499a8cbc627c35b8de220ab8e
IKJEBEDO	0	1	4f617290a2ae0732add5fe4a565be06849ed886aad908e5d30148bf76a44789e
IKJEBEDX	0	1	6febd7d3e7e3395f4ddf410e27a857c822f153e0e2f67eb5ea7662e695731f53
IKJEBEEN	0	1	2f943b7c8b9bba132678aae9f7bd8f0bee0a39317ac38dd6c6789be6e25b72e8
IKJEBEEX	0	1	81249b62ff67946483d98d54abda30b3e11107eeb3e4ea5f82fe17fa0ad42283
IKJEBEFC	0	1	34def29ff11216e1c7ece5291dd3a47f72fe88a0dd6b44e593cfce470d3c7bf7
IKJEBEFI	0	1	8dc6af2c8f11644244499279f9db24217ddca2ca8244d2e1d27f3c5354d12795
IKJEBEFO	0	1	9d4bf0d1340112ee70ac865fa52c3f6c191f19c280094cf84ecea25b9a13956d
IKJEBEHE	0	1	0acfad57c1c45fe0f42bd307d25e067b5b8add450793f4ba63f5cc2a94346fd1
IKJEBEIA	8	1	646d1e99acb98a70847ab3aaba3220a204afd9ff35bc617bbe7f2089bf922937
IKJEBEIP	0	1	bed09646c348375e858c7bca25c4ea0ff93af4b49e94875c0ecc9c37720d8a29
IKJEBEIS	0	1	2b8f14a9c9ce21eca05985c2e7d13ac646dc2694005c0ba2f4fee769b1c366aa
IKJEBELE	0	1	897061fb7d38073620fe91de3765adbfa0bb4c0f0be4a4ced7bbcf36cb02f757
IKJEBELI	0	1	c586568c0dd20ec25c3f17d5751e63f89446fe9bb3e29880e97c07003edcc249
IKJEBELT	0	1	2bacb360d653142968b2ecd6df62a90904d8d15c7eee316a94971325d0bacdab
IKJEBEM1	0	1	f82a4b55688761a3374455546ad4ea099b709ae46107b08b04cc252c4b8f5d41
IKJEBEM2	0	1	b0e942107849017afe303392c6f56fd428bf51d823f80fb7da3b1b3c2df47051
IKJEBEM3	0	1	9a9ea8038331832044254c546823f7ece5e1a2c34624cce67482a2128d2f454b
IKJEBEM4	0	1	199e7b8fc57006c0243a6a6e2bceaffd5b924e2cc87326057fe1d950f8ed6686
IKJEBEM5	0	1	94a0ddce46b1e5ab7e87521647d021caa555c7a7781619028cb455b0618ee6ff
IKJEBEM6	0	1	146d451f0c84815e51d2b1d019c15ed9e69073840b378e325fbaa1bbf2691277
IKJEBEM7	0	1	c3af0d2f56218f8d7ecae8974e52fff0838298c769b5eb6c8ad121db453fed9b
IKJEBEMA	0	1	d7a22451298f3513a9a369c62bcbece9052f5c7048b90571b5a7c03032b74a25
IKJEBEMC	0	1	b371db01c50554183c0b80a49c50bfcd29c6d831fc432953935f8f7174856a10
IKJEBEME	0	1	630ea4433dcea4d4e8c627d797ad6166477f4f0d327983efd75332af2e97645a
IKJEBEMR	0	1	8f6e16361efa06861ad8afee9e20074475ed30bdcdd872c5e8808a75b4e5d996
IKJEBEMS	0	1	2c6bd3ee32cc52f7f38e9646cdc74c296c5f9002a8c344122fac3991ac5b0c5f
IKJEBEPS	0	1	4464922578b2a647724efb5a561a655327262361b6f886a9dd4576185a028fff
IKJEBERC	0	1	997670f238f6f46bb59f9a9fae4b35cf48b3469b96e4d0d51def173b4488abbd
IKJEBERE	0	1	c40912f880cbf294c7e5a87be24101722eeaf76e9f69d7b8f691392f1fe1d15d
IKJEBERN	0	1	d9a0778e26979b5175813c41481693b9dd7f9bc894116f579cf26abcfbbb30dd
IKJEBERU	0	1	1f5092125f657d2f9e32cd38d77782876fbbcda27e0c6c4f795a0d2edfd8d1d9
IKJEBESA	8	1	0eb385f65fdc377b2f3151e12083ec6a2e8c45b59c3b0078281cacd640ca0af1
IKJEBESC	0	1	156a3af7e94d8ae5c17b746ce67b9aff8f590291e4e80904dc4977a2387f20c7
IKJEBESE	0	1	e6d982e1f5b915689b6755d46c9a62669dafcd0a74867f78f9c4695b663cf096
IKJEBESU	0	1	745cf598fe67b6bd52e919cd492ab4b6a2d93be4d8ca42dfc3aa78d8b114f089
IKJEBETA	0	1	82bebf1b403edfd1dc83eebbc16a5c648654d79ccd62952b85e603ad9d106fc3
IKJEBETO	0	1	4a1aada9a7cc986b5584873422175e2cf4c25d627f26ed4cc9e554774467a414
IKJEBEUI	0	1	1d98d30ec7ac21f64755b4187392c6e0e904d6b3e75de031fc9520912991c5ab
IKJEBEUN	0	1	594643e782cdaea2bcc41782695fec57a588e9ac173ceef6cf75304abc7b4425
IKJEBEUP	0	1	e5c83c453c6e83874a87853ea5e87d59d9669ecbcba6c1d0915da6275e3124ab
IKJEBEUT	0	1	60e20a535a9bf27fe01a60c9eb89409324caf030856aa83443fd7fc0cf9f69dd
IKJEBEVE	0	1	39aca9ddee3130297f94e806b2cadabfc9b3346e1db68aec99c46560ccc75685
IKJEE100	0	1	643ca4c98944bc625cf4328258908148f8d4200803df3ba115a3add0a2744578
IKJEE150	0	1	2096aa200ab8188f9ddf71017c342fc0924dd38da21c386318e6413be949cb08
IKJEE1A0	0	1	0c37e7de8c5d6a23659cdf4fee567272a371a54e8536cc8bace52f39474db1a9
IKJEES10	0	1	da3fe2d458e573e9c2e31e0827c75474aec92f0868da186e9144b6869a5c5789
IKJEES11	0	1	007232c0aa0e8219c57669258f603a3e91462fbf932c5a5d457fc90a5cb644bb
IKJEES20	0	1	6bb7b457244e3c847cc2dff06fb9ed257cc3003424466275302619894a50bcf9
IKJEES40	0	1	75be72ad35f6ce0e88419518b4b90cff53448d2ad1c9f465671636baf6ba94fc
IKJEES70	0	1	98a27a9bc2297c15632e2cdf96e85f601fd3630a169d81d77fadc80489e4cfc1
IKJEES74	0	1	69eb604cab1a6d5426b43695ee5e610931417e26926e901fa7dc62aa5c09966f
IKJEES75	0	1	0d5979ef9fbbbf3a3480bce134a12bb52f281ece19c6eb5845d9372af22aeef5
IKJEFA00	0	1	b1865260355404bd8195e6d952b7ef968050c5e322d9720ef1edf3c7e25d9ea8
IKJEFA01	0	1	4e8909ea7ae576a6958dd6b8b2566591adba72a59dcaeeaaba9649e8ca1351f6
IKJEFA10	0	1	7bd38473fc47fa5b5f320339db8a76704544883f6092d6a4203ca7a9d7cccd3c
IKJEFA11	0	1	f1accd08069d30961ee4c6dc0ec80e688ec0a59097ec2173fe15d976d138ef5b
IKJEFA12	0	1	4a1dbee2217afdffa8afd8a0a0488f46226bb760f029a864f70fdf3655f8613e
IKJEFA13	0	1	2f39442c2f266a5faa2a05c4db495f5ce0849dc6062a91fc9a9d225539397add
IKJEFA20	0	1	15cf10e80368e84b80c72307379e83bfa46efb83b0966918e4bf82ab8f5b2a6c
IKJEFA21	0	1	9d9d8832c977df7dabc775c8d88d9fb34211da60286d77dab61edcb54ede9645
IKJEFA22	0	1	95febf9123fa43b778b4e6c04936010a5ebd42f0ff29e075a993440bbd2206ec
IKJEFA23	0	1	9da826edcd18e15337eddd093b0145d9a201be776c868a32c4812302194319e0
IKJEFA24	8	1	fce07d7068d74e7696997ba731febe7cc46e23e348bb45b9a8d5b422432e83c4
IKJEFA30	0	1	f6dc3f2be6fd2a0ba173e69f575be4330c66d6b01c71fc78d1b11654b1b6f592
IKJEFA31	0	1	802d4e92139f4c0b2f19ae9134b40f2c260785d25b075701da67c2fe317a6918
IKJEFA32	0	1	342bab5508793841099d9035b029b372402416baaa6cd9c8d684e34a5c1ad998
IKJEFA40	0	1	987eacc632eeaf31d1a06c488514c826a387bd7521f1a5e1cd96a122e0ed76a3
IKJEFA41	0	1	3b31dd3bb01b8a3b30c9fa3514b4b741c0769516bbc35eb1511689caed702535
IKJEFA42	0	1	8565b128602ec605616ad07ec9cf349903e8f0798bc9921088dfc4c9c0440125
IKJEFA51	0	1	b86f750e137739674fe6c4058ec7fc94eaf19f65f306f992edb931679c9e4b1e
IKJEFA52	0	1	1effa49af8dcc86f07a4a311bbd62ffde1254eca08f1c49ae2b62995a4e85fae
IKJEFA53	0	1	b8adf62cc1ee16a2ee833b666aa34f8e91fcc6c48aa01d87b78abcb5c8eb8afb
IKJEFA54	0	1	621d4535d8a66247f78fc484da08bd8cc16e1fbb0b6782d9199545820d19fc53
IKJEFA55	0	1	63cbdb608e45c7784a8fa35d2d2f734c101af6df1cb786912ab19b71e53e73d9
IKJEFATT	0	1	6c76c46ca9270576878a5a00b2355825193ce7a589b44112dc0c92cf352d4aa3
IKJEFD00	0	1	d4b03ea892af88e195e2e92e94da78f39c6886786a4a8bdb4dde23dbaca4779f
IKJEFD20	0	1	e014b864750dae1401afaa980e58127a1209c1efa991fee6c393555232c72611
IKJEFD30	0	1	6759a6c8f6429ccb6096e2014ec2aac3f205d6d41c732df3f2fa29bc45338a72
IKJEFD31	0	1	c62801e0ff0135a8ddd9f1655505fd9592ee945c1bb2b49650f503510f2015cb
IKJEFD32	0	1	bccfa001ada26b6d0133ad1fb3302b0c0cd653a1ddb80c115ef8669087a1fb9e
IKJEFD33	0	1	74b05fa8aa60ad95bf137a17819a41330647a4ed803466be8430dc3020c83c27
IKJEFD34	0	1	4b36eb34b4d52abc07993a9cefb0c557f5dc9f5425a349f506fe6e9d684622d0
IKJEFD35	0	1	50e41045727a31047ef90a90c71ba11ef2d5c8dd50ce791cd6019209543adff1
IKJEFD36	0	1	5b59b9a9f0e34a6bec6c455061a0484beca9dccb77cb89919a9f98d42a4d0435
IKJEFD37	0	1	9bfa45f61e50a793eea764a73194467479424703592e37c43e4e4141cdb2a93d
IKJEFE01	0	1	fbc8b30b5c89f1645f1a501a9dc6420bf19a92e7bed8b208873944f093567eda
IKJEFE02	0	1	44de6b314a97556670922831a05818b944ce40a928de2968e19468aa4464ee4c
IKJEFE03	0	1	fa5f243084d2eeb181b03f05604f77f3a3c958218e5b04a460a0303a4b59bd04
IKJEFE04	0	1	8456a7db4b0e98900f30e0622255f2f5abe071145d787af32349220f9aa1f9c6
IKJEFE05	0	1	8b07476ea7aaff5b01f835725fa0cfa92e34f496b59c17f74119ca95717569c2
IKJEFE06	0	1	6a4db4cbae9a2d2b015bcad4259358ca7f181875fb6d1a1fa50788381ceddc9d
IKJEFE11	0	1	ef90f7abe83f90d9cc24f82dd53a3f21ad8ed22d2afcb7f99e7d440b5e988f59
IKJEFE15	0	1	042b427a2d93f0336f1986629666c9cee4a4fa2e871e316a5259ae4ec293b9b6
IKJEFE16	0	1	a1650d5a87adc81c8f3c23c836a6296f4f67eeefaf936ff0280d6fc7cff90ceb
IKJEFF00	0	1	4da2e0bafae2b5694d3d54d9c8a05216be194ed1413be40ac03f5978b0f401d3
IKJEFF01	0	1	4fbadcb32c7e57c04ce61ae16478326441db160996e90f453b2b71bdcc51a612
IKJEFF02	0	1	e9b052b7a5d2b9c6bd680884a95d1ddd94c36fb1a113bcffebf943d5a9bff1cb
IKJEFF03	0	1	a6beb3dcff0a45a5d009eae82f78c6ebeecb9d0ffeb8c3a60015d957f191634c
IKJEFF04	0	1	e74cc6a032eecf79da8b61ee9b953aa1d7e0de6451970ac1a66914dce2763baa
IKJEFF05	0	1	52b26a5b5059659d67bcdb05674263b8bf8701ab78f6ae0c2a420bb6454bff06
IKJEFF06	0	1	710a0b420100f6d5cd7bf05673f0c19b86eda79b9873402efbaf26c86996d15f
IKJEFF07	0	1	b5d5cbdc2ae14b402f33e031c7f9cfd48ac96df2ba90e990e3d965ace3cbd026
IKJEFF08	0	1	47024aae4c3354cdc90e75425953a0195cb2d1322151b67363f04f309eb59263
IKJEFF09	0	1	eb048429e507262139e398d3caf3825c6a2e489a9bcfea856ee787da7739a648
IKJEFF10	0	1	4c9d04a7ad3bef009f4a1d3b1ca7dc16644776c1ce06581bd91d7bb4e6a2b994
IKJEFF12	0	1	7f6be542d7060bd20072d35d8508e72c30730244ef2516c79595db7c43db1f48
IKJEFF13	0	1	f5ee787628c276389315508dbbd7c827e3e23caeadedc87f141771c36acf8854
IKJEFF15	0	1	97ac8295dae9681d4cc2fc6f173ee0d8530a15e151eb3074d74fffe622883f0e
IKJEFF16	0	1	829bfde16d0cbb10c29298ccdddc8863716c34b2c01ffd4cd184f9e9dd71b917
IKJEFF18	0	1	b2c20dcbcbea50ad8c4e7d9d6842aeb6795191a308a5abdac2b097f5c2964d2c
IKJEFF19	0	1	5a8389ec70d82445d8e75349b1b40bc5863bcb923958980f137fc9ad42b9c54f
IKJEFF20	0	1	5e5625485fc91f4bdb59db04ca6e7e1805e43b48b965427a9fc55f8785402b53
IKJEFF49	0	1	9cf2458982ce06404a8166e2259122667846d66a1cd5a7d0a7412a4b28a072a1
IKJEFF50	0	1	5d9e0654092f8cce0bb35dce3afe83c19813f41190b6d0e818438fe946cd2de8
IKJEFF51	0	1	3dfc838e40834f0c886bb1d7ecc6ed97dbae107b986bddefe74828752b07e4ac
IKJEFF52	0	1	e9004f2cc064776a9996f9fa56cc4161836ab99cfbe306429f57e182a9725503
IKJEFF53	0	1	858014afb1abe905c740c383823ae19bc435a6a4828301251edc2c7ced50a203
IKJEFF54	0	1	c53da945065ae5c2d7eabdfa0e9022f7b4f94fe0d2ab09470ce139b099d8dfb7
IKJEFF55	0	1	3c8f61580f096df0fd154fca6e5ad182d2f0fad77c7a3b01f51e2e4ab553c269
IKJEFF56	0	1	e36fb24a3478ce616ddc47d672f402c4c970ec61255ff2d9f1bfca5f5cc48bd7
IKJEFF57	0	1	daab4dc72f983accf6848cb166d536f7c3c31f698f72bde121b2d2075849720c
IKJEFF58	0	1	cd90152682fd9ac29100d4359d44cba342ef910a8bb3224094b5b1b143831719
IKJEFF76	0	1	47bdfce4cf56e8fe37bae93ef01227fb3b28c0f23b809aef060e668013fbe7a1
IKJEFF77	0	1	e17f67183dfe7ecfaaa085a446aa4f446b956285890660f3efe7c4f8b0ccaa78
IKJEFG00	0	1	e30a71be92cbf76e518c604823aacf8d2dd7f1a2dd0c427cfc9ee8c2dbee3084
IKJEFH00	0	1	d17742b0360e395d1225d0022e30a06c54f232c11c94b0f7bfe7e0968e8acff9
IKJEFH01	0	1	f053e016d8d921c1f2b9ffb6260ff28914cf15912f68f6349df7b69f56769f2b
IKJEFH02	0	1	c5b568e565a62d67de1f406ff025f559ccefaf54001f3fa6e72cdc92d93dd101
IKJEFH03	0	1	c280d22395f0e25bf8b54dab7dd323010e24d7025e8e03b7f7e5836d4d367bf7
IKJEFL00	0	1	bf70ec19e0680ba4319890b87a8663c95299c3f69fd2b84f3428c3e20b2cd522
IKJEFLA	0	1	bf74cba8ca89cc09aa23dbd24e69884938ea6500e2b6782dbdb34465882d32c7
IKJEFLB	0	1	893fc282600d4dc8aef82c309cce4ea62b5282bd9d1018b870f98a947a30ab3f
IKJEFLC	0	1	97d577f96c420740130186c10b43b3e354c72816553b0a1e66ec86dbf930200d
IKJEFLCM	0	1	b06b1147e66b951ab72a7708e1daf5f69680767adeba187d1c5cf253a26a52b9
IKJEFLE	0	1	d0320b18b4d71176cfe8fccb6070b0697e600638948d576999300d30d8f94504
IKJEFLEA	0	1	d7d28706123b26bf0278ea5ebf6cbd99b6fde3d2f1a979db830979c67bb61192
IKJEFLF	0	1	3d8ed0cdff5b744ea15c6e04610ce507d31f87a925f0aed651a60532a091fa52
IKJEFLG	0	1	22cce20839cda546d7fa7ed24a3cac9b3b164b156ad893d4e4e0be0cb989c7bc
IKJEFLGB	4	1	aa33f0be10d8d16f7ca0a924e404fee23f8ad629e2197bd3f49d9ce7360ed27b
IKJEFLGH	0	1	d4e089b15b012a30d8d2be10ff6735698c962408667f1132d7100339e3856148
IKJEFLGM	0	1	c5432a4c29691ebb954d17db3f4c21f15c6a87a87c036264c225d945128357cb
IKJEFLGN	0	1	fbd46dc56c53bdd7e8b0a776ac213632f4a21432d1908e8868c42924dc71e841
IKJEFLH	0	1	1f433d368653fd45a2b8ae05dcce4e3b5a7ae533f9c75b2575f81071c3d5aa2f
IKJEFLI	0	1	71b0f06c94fb80c58e9f4dc49cb1fe2deeb9a767e5bb2e36612c0e0267ca68e6
IKJEFLJ	0	1	1079b3bc9769f8663642c9a7f993869e31e68eb756183cf6684261b2b6d035f6
IKJEFLK	0	1	a7ec961d5e098cc5919310b7c98889af60898f5e13632d2026416a8786ca1c23
IKJEFLL	0	1	e565f0f21d39b224bbb07e21936c275ffb5a898f4f89910e910a7a8187fba73f
IKJEFLLM	0	1	10cff423b423a451304b61cef45c4ee857b28324a9e48744cf1373005037e92d
IKJEFLPA	0	1	497f2ac190917ebbd2b42c1f6fc1b07afbda35887388322b409b6ecf640341f4
IKJEFLS	4	1	7756a9adc12c3351d097c9973512c96f773dcf870a58d1a8a59f003397722639
IKJEFP00	0	1	4bc2ece31341d6d2145d2f382405f4f8a1dfe94406756de3ba3e79f3726a88bc
IKJEFP03	0	1	e04831e8d6e495c1ae6bdf07b2d4ad3ba4075b751941ca51ce8181968bcfe778
IKJEFP10	0	1	3ab679eb099d71f7640d07f37e602f1b6cc696699540bb83a276a89e2f619ae8
IKJEFP20	0	1	a0c0107acba7b2f945eb27983156cebbcf7795c50ec38019e702e2eda3997970
IKJEFP30	0	1	ce6df247fe9981ccea046f12a88597a2fa311d2dd646ce345c31e17b672a62f9
IKJEFP40	0	1	07946e80030b9ca661eada6c899d643e8a1662b762107207192396bdcb8a1b81
IKJEFP60	0	1	ec21a88d3fb875a8c4c9fc2eba304f4e96e8bba1da1f8a374c36e595722a5b0e
IKJEFR00	0	1	95c7edf13f8e3d9eae847b19e99c75de53c5ca559a8e4dfc38d33cd7857f1128
IKJEFT01	0	1	806ab2140dba6ef852577573dddb9ce01a1d96ca21a6c7111aed387cac0bd340
IKJEFT02	0	1	aaf2b659885cab405b7ff02191dfe3d7655d84d180c8346de4cbf922a3865650
IKJEFT03	0	1	44ced61c3f27450cc9b6aa9611b0f710758772e16f9e9f2280c0b8eaf5d98e32
IKJEFT04	0	1	bda73c703e376439f061921d75eb6e454d0c28832863abe78a83494460d2bde5
IKJEFT05	0	1	0bf6b97357cb65b569072c953d792384261d40508510c0be15cedd72d3b75ac0
IKJEFT06	0	1	e93cf5955a7d2e3878a53cdde1f51bbfa14f505505ad18d6c5131f8cb9e5539f
IKJEFT07	0	1	e5aaea6567aa876f2e19d0d95e056a2401dc82d0fa3c906e4d5bca3443517afe
IKJEFT08	0	1	b06823a8e73fec53eb906cac41d1208ca4652e8d70b99f404d4498419e044b39
IKJEFT09	0	1	2ac8b74934267cffaa4c834a17899b8a6cabd4be6714a2f3e3cc69a3b673a75c
IKJEFT25	0	1	e7ae4cef9127c1961c26876d36d9d16f2bcc332681d5e383aad5a4a38a2e43d0
IKJEFT30	0	1	96be8ba9a0a089ff4e27b2e64c1064a01533d9c18bda8f47f7c5034eadb4ef1f
IKJEFT35	0	1	2639360881e1144f9ea0d2d54ad2a5147a8ab2647358f97a35c21018bb026080
IKJEFT40	0	1	72f55c3594fc2f2324bb98edf42d248382f1467a69a7d734212e6c5f04774e85
IKJEFT45	0	1	182a1a02de28f0bdba72dc98bd3ce5d0402cee6e32b801764389e5b6dff09609
IKJEFT52	0	1	5571cf7316fe013ee3c639a448577aad4f51be799cc37ba3211c8e4d8ee64d2f
IKJEFT53	0	1	f8aaf559b5f9d87788475e99eb31216b36f74d144c6aa7baee78bcb4372c61db
IKJEFT54	0	1	800a735484965fbace59f137e1b6b976e02bcc069d63e7c470c8fb3ef738d072
IKJEFT55	0	1	bd7ea57ee03e5dfa01824677f59ff68b5a678f426aced05fda7311b19ebc0cb7
IKJEFT56	0	1	33034dd8bdd99833394525bbd2d0612449418d951b4ab52a9029ea34cc96b07a
IKJEFT80	0	1	814f950b7510be1e7d1aeebc0a43d8e1325459fe4f373bcaac4d4a2a58b3c668
IKJEFT82	0	1	5077e5118e9c6076e9d7ecc33d5fde4eb10713966b1a81a3f323d96cc0582f4a
IKJEFTE2	0	1	43e7099ee73f99fa07d1460a833f48569cd7885dd7bc828ad8bedabbf40b0f71
IKJEFTE8	0	1	fa3bfcfb7ddf2747b4ba9f596ed759f39f54c38430d00ef927c05becd322a778
IKJEFTNS	0	1	4bc865bd16cb68fb9fc20e72ac911ec908584b52ed1173720e7b3d80bf99f902
IKJEFTSC	0	1	8f8e1634d0acd0f1eb37934edf1b4a6e5e3a4775c37185cd449ae2924f15af75
IKJEFXSR	0	1	edd6229df6f8b18740c9274c9de38e670e8f7d6f68748bc0e81e6652ee5c47dc
IKJEGASN	0	1	0b85f71c12714154a73135b1d817c97d70d29902a8b5fef91175739478c364c2
IKJEGAT	8	1	b3e3661117e170756625b20b45119df02884ac755520e9af7716e8886c982a61
IKJEGATD	8	1	b6de8dde2decd89e6d0d24ec55f5253c3564654451cc4a1eb21f7591de1fbb57
IKJEGATN	0	1	c45ffa3a60e042dea89b055cfe4e2b3ade2dd6f0d0d4454de90adfc656237c63
IKJEGCIV	0	1	d7f91bf1d274a6e9385b5550361ce544c142b953ea18b0cfb38c76fd075c410d
IKJEGCPY	0	1	1ba4a2b455a1dc9f3ca453e81fcf8dcfe5264d60f6ae799ccdc4a039589eb499
IKJEGCVT	0	1	e7c98ab4079fa242d781d2a7212e6b3da7a430e65d614b2ef7ff9f52f4e26d7c
IKJEGDCB	0	1	7dc833a562907e97161bb9f04ecf0da2a8cda636f836ab4d5375e04103a24799
IKJEGDEB	0	1	439db7b84c81352a86f786d87ead079b68cdeaf7bab4e259c168080a972b2ce7
IKJEGEND	0	1	782c266a71519b0126c732a35cb6c77a87108a0507bc9300c952635f8b998418
IKJEGEQU	0	1	ff3032090929945aea614a6ce2e9478225e545bf0f61e65440298c244c7bc0e6
IKJEGGO	0	1	30da140f201999a3fc9bb8ae7ccf782e475ad7e474b407cc63d4441c44b4676b
IKJEGINT	0	1	f9d4bf9778a5e1039d89652a75aeb016072bdc3e49024b8039158d2312f704d1
IKJEGIO	0	1	b6ce8b0bc6e3d5a065dbb81c23b5c820560bfcb1f422877feea9b523e079bb00
IKJEGLDF	8	1	a253d058a4182757815d120bdf6fed9217a3c3b512a6700a4adb628b4e8413b4
IKJEGLDR	0	1	be7576a93693c28bb87aff80ffb8826bafa44c459cd00b2b0609a43f2992d140
IKJEGLSA	0	1	c9de4b8bd218771c4ef3e22ae8a5d9dd567440d3bca6c296ad9c326f51d80f97
IKJEGLST	8	1	1e752f34c36f62a5b075b6f1e4376fb5bb0b4c9492a48a3fba56d4a46e73bed6
IKJEGMAP	0	1	213cf8078dea14c16e02f921e3b1ba5a11fb99d055cf044ed278487895c2b81e
IKJEGMNL	8	1	d04c4a0162b501d62a3b28d27c5fb60ad1d806564337c9524a1a90d96dd9b490
IKJEGMSG	0	1	6a170ae2e9d6ff821086cf47b83de80451f3037b5442ab1f221be0b308af28f5
IKJEGOFF	0	1	f3b9ffe6998705504a0186ebad46aed0e3a2f4a70877b6c485e31db596d4ce05
IKJEGPCH	0	1	4a9dd77c34cd1ef4f58ad6e7bc9b08cd0805859a4faaa9d3da2e3b48ac96bec3
IKJEGPSW	0	1	b78c2261cad3f89a6280e602854de8fb627dcc86ae70f77f6d582468f95d177c
IKJEGQFY	0	1	62868cba21d1ffe7e6e193d6cbbc0884987609857f1d8fc989127da0944c8d14
IKJEGSCD	0	1	812d0e334dcc70de4ee196a9bab56de37456fcfe092da68d75489b3acf29b81f
IKJEGSRH	0	1	70c1f9fc0e4f561a79f19c5375a519b45985ef7576feb77ba1bb5c8f3bacfc77
IKJEGSTA	0	1	ed55fb17d17fcba61560952b5371ffc729c5d0d7ac429f07504b6408c5cf5c52
IKJEGSYM	0	1	f26b4127e1914858f45592926a7dd6768e576af9227283c3716e90852c63990a
IKJEGTCB	0	1	511d621a1c456e787b8a6a4aa7ed9cc10b93a528fa1956f6a7111af81aac5a53
IKJEGWHR	0	1	b4f59b986a44224f67db5b8b541b1330754a5b8520fd76981a3d326a5f1c990f
IKJEHAL1	0	1	779cf04e00ce20666c406bbebabfc933c2d01d00ad6618d9bb370315828d8599
IKJEHCIR	0	1	1bcff8db781c77e971454c00fbf98f90fdc591f8bc8d9b6e7aaec15432374dc9
IKJEHDEF	0	1	251adb9f30c716f8ff09031bf1a325d4aaad472ed4b7b12639ec29befc3320df
IKJEHDS1	0	1	1736bec743e894646f10e874cb5c1240b599b831e5ccc436f95fec4390961a6c
IKJEHMEM	0	1	e01b2e7130bff1c607a47d5ac62bf16094453d631f53460ea9928576031a3d27
IKJEHPRO	0	1	cef9452169837bf88ef901047c6e19eb750815f24bdfaf4debdabb819ccef361
IKJEHREN	0	1	a9f34f7300ed96a5b3011d2a720101e6ed10a577809377092f36125b2b5fec03
IKJEHSIR	0	1	2803a57db9967efe637f3543aed8d31e0c40f2dd1b48ff0883e8b194dd83983d
IKJL4T00	0	1	82bc9a295e7a131f15497df8bb8b1c36f7f9c2d66af0c9ae3d7d136362ec83f5
IKJNULL	0	1	3a1bee60e4a9487da1bb6a1cd20eac0f5874f7ce46d4531a3c4bbd83c5c9f402
IKJRBBCM	0	1	942aa3216084dc6b0880e5ae4b42464ca1c69a1995fa14c1eef1aa1b447abd3f
IKJRBBCR	0	1	6f7338be15158ecb33f3db80bb01ba6ef0bac3ab9a04b51166276e3555b4bd9b
IKJRBBMC	0	1	c5fd606153ec6f7a238bebcfb5b71aaf410d65fa82f9bc26280103e7bbeb3ba2
IKJRBBMG	0	1	3aed5cbe9b3974c5dfa5f907b36fd241669f6da3ce0d1dd4c7ff84830fda52e2
IKJRBBMP	0	1	61cf4f4d67d7994cd3c849cd65fb8657c8c8fd897dd6a47b45b50766e2799b2a
IKJRBBU0	0	1	c2fdd5b76e6176c2228535cc7c106a8e4dbbbdf00443b36f3ec956ffa9445384
IKJRBBU1	0	1	7824afe289990dea9c6690fd15f01f86659df8bbcf13fae2b8ac280e55b60686
IKJTTRM0	0	1	43514da58a6bc2f1efe896725af68e67a123398f2679b644e2d3a10812e0fe3c
IKT0009C	0	1	d41917beccc9988457fd34ec9e7aacc2cc288119e5820b76c10580c41b79cc5c
IKT0009D	0	1	3662ee20991596c579f1781a6e9accc8f2d6db05f3d57620b975e3f13069429f
IKT09401	0	1	3309eb2a6d11c4d0c57d73dc7cf56e936f77254dc2bb495ad080d8dd0b67e0d9
IKT09404	0	1	86d1ce2b221cd373341c0e3476318bba76b60e343f8e0c2e14554dc7c476d467
IKT09405	0	1	54eb1fbadc3f3dda6b6e7ec2f0371962e48809e3df3774d4e7f05775cb3daef2
IKT09409	0	1	879949a9caac7aae3b6850cdeab22c53aed4d72432b28008b615c966d2f26df4
IKT0940A	0	1	04f8aaa979a6552242539e4ef91407a112fdabb3c63f6fb733aa0e38aa830494
IKT0940C	0	1	85d4042878e3ac4287724859740a6a46e80853d9b41268c3e94ce97d2fcac65c
IKT0940D	0	1	4ab24f13c4412298fbcec0ce64db77734a9902895ff9273187e84275a717baca
IKT0940E	0	1	676d6ead5d8d10b7258bb1744323e629132277ff24fd90f1d92b07a5e43e8062
IKT0940F	0	1	b88f2bac8bbc06d1e5d660117c1c04f3f5d49bcaf3823c849c0387a133103b0b
IKT09412	0	1	fd101071d8252b1af7a922cc5fd0188d8973fb2dd522a19d792e145eddabc6b3
IKT09413	0	1	2c7b1297a406ea47b54ce24b38ff81d214869093fc6b24fd42b65818d6346851
IKT09414	0	1	4724bf0a0321d12ca53d6bdd208d843ace2e8f8f0d7d7bd03494fd33c993bbc0
IKT3270I	0	1	a5d6469c04bcd543d8573ac87af4f73a7966e29b7dc080e0a9ee363997f5b52d
IKT3270O	0	1	5ac58b904969f9444549c61df819d4a987a7c29f5c24264c5faf71d2a534d1e4
IKT93EST	0	1	10d3502a19605583ff5b5b803dd9004129a24a88df349c236b6501953935ae07
IKTASCII	0	1	8bffe87f8ea0281e422a2f01524bd9cc10a5a0c70d88069962f47145d2bab03b
IKTASTPT	0	1	d36ebaf6d5c7aa297526dbd43a99649ce4288bd3567e9e6ab468377c4b7c553e
IKTATTN	0	1	464bfa451475901585cdae1016e3ea8ece5ef6b4955124a383ba28591c503510
IKTAY8	0	1	18104bec7ded30b756b4d6d14a97c0fe0ea408069665b8cc558308ede6baab21
IKTCAS00	0	1	567c37f588c16bb09d8a1868b947fd2953e7714fe9df347f2ceb6b2157c5eba4
IKTCAS20	0	1	cb814e8da269c31b2a1af5c45732a146c4a12c0389d846b7d760e95a6dedf904
IKTCAS21	0	1	f54c788de32ca6fc0559cada1fea65ff770114cfd855a8edb4ba6a3b03cdff2f
IKTCAS22	0	1	f0847de7d0522a8366e42bb04c797710904e9e3ba0bcbf835b92ff2390c06087
IKTCAS23	0	1	d4c81ae6e2423f54a9c9f5acaac5d01dae2a769e3c28121bb39405e1a50ced4e
IKTCAS24	0	1	d9d6003486e940efb1c17b399f95d7c7bf83c726b138bfee761aeaa6b844fe81
IKTCAS30	0	1	8c10835a44daeff81c873f5d383e24d110161433f188feed9fd491917f017103
IKTCAS31	0	1	f4a2fe1594fb10d79318757f5feb23c12b4ce2dec9d9ae2059584124018da046
IKTCAS32	0	1	51026cf30ec42e0854331943442d49dca70b00165d14ed2806b4cd0fee6c28e4
IKTCAS33	0	1	9a5a1b5fc664be4c7a4939231f27ed1394f32112e60390faa13719c3ce6bb116
IKTCAS40	0	1	edcaf3987fe8b223d22bad20e63645f5a2af681fae0e43b5b5a77d2564bb92dd
IKTCAS41	0	1	7cc8dc24bcee8e2d3938d59fb237ab8dce595fa08899239bb0f7fe5a4b8ac616
IKTCAS42	0	1	f41f1129d47247a74e77db52e408ab651684627aab11dadb675001f0f420de32
IKTCAS51	0	1	312b307be323db59543946cb74fc2ebfea36fbbd4245f13d3c3d4a113dbc0dfd
IKTCAS52	0	1	b4d30e9799ce61f816b3bd6684665be0b2778eb87f4126ba8a8dd17badaf621b
IKTCAS53	0	1	b6697e0b79c0b083355667d7b3a51da8edf7c4a9021a0fb0c6bc5a3afe2531d6
IKTCAS54	0	1	1be045a5d002cca5c9628fda56381557d3afaced527356a283d174e4113cdf79
IKTCAS55	0	1	cffffbfedebe804c2a2fb19cab11a15b9462ae94bc5b1816f10b283f20438be0
IKTCAS56	0	1	915bf2ec98a4d3fec987cb402eada6f70d8957021c85285a14a206baf72335fe
IKTCASCX	0	1	d96efc06d53230f019a84d0014c6c3d26cfcd57d575271e91533a57c9f5790e1
IKTCASOX	0	1	a79ba340e81af61917e9f8d921c85cde4f4980e7e21832f4b3a96fce4dcfe82f
IKTEXIT	0	1	2bae5e338589d47b191f4669332b21eaaa1479fc8eeaab56a5dab4a4cd19c688
IKTIIOM	0	1	6b8ec5f44edb9eb3b6682644d4398988bcee28861ceb0f7ad5501c9964825871
IKTIMIDS	0	1	e208c127e38b812861bb42cabf6ad38ba7ab9d802b7f4eb2796ec3428eab3dcf
IKTIMLU2	0	1	543e444e74ed6b1afe91832b34703779d0b6ffb37e5a389aee7b8ce946d3d3d1
IKTIOFRR	0	1	c67b40d105a97e72cbc4be28dbbc72bada0b98cba0dbc4a90e0439ae66125632
IKTIST00	0	1	118e338b8d44e384e5e897ed216d9d2f138a9a9560d1157de98bd7f3d66f1d7f
IKTLOGFF	4	1	67ba6e76025355bf39c61c230ba6811e4b9fb3a1d18cc22cbcdd539ac2a78693
IKTLOGR	0	1	88db801aaeb8441aec1a6504a5a30c6fcb9fae27087d0209610ff47f978e9861
IKTLTERM	0	1	16484dd773596a71f98c81cc4eb9236eae6aff2c5cf26d725319767bcd1936df
IKTMSGS	0	1	d3ee50e2efde652f363991f1afbac35fc5ed209067ae75913a5e06c372f2a5ab
IKTOMIDS	0	1	708f73e478aacffe0c406690a7217fa610e15f1b680830e3f35a5c34cabf17ef
IKTOMLU2	0	1	38a6f73c1d7ade29f1cba645e1783c3fb9010a57b9f3d862a0b1ccf8756d4a2f
IKTQMIN	0	1	9795ce0ef51bbfa7cad86f6798cfac9a92cc10aad456c05d24d4efe36798d187
IKTRPLXT	0	1	2e86a3e92d32a000d7d8a98ed76c8697098d5824981b35c2cffcfea37ec8d5e4
IKTTIMRT	0	1	c1eb136860bba1397cae02a60a3f0698853584954568f40d59a22af7b48f84df
IKTTOMJR	0	1	32931da71cb9faea8958f6c216e6f5a638b08542765acbd9901eb6547a20132e
IKTTOMRT	0	1	0c0ee2ff446995912d16edde82844ece6342f27b704387f999ce6cb947d2ffc0
IKTVTGET	0	1	ff9b0b2afb0b7ba7640d4b82e0bd333c1975c604c2dbb9d7e3f9f0d322a8667d
IKTVTPUT	0	1	0b5d66006103382a174fddb4ebfd970b5bcaf7157b461244b38b00a6a52a552d
IKTXINIT	0	1	26ca3b4db485a272ad125d431a9f2f72dce19338fffb851a685449a0a3d99932
IKTXLOG	0	1	b41873cc34fa4521685f7d93d1c4209dab812b855f3a7b67329d1566a94ba630
IKTXMTPT	0	1	b60d3baa8052b64690112d670bd619c39646f63a95b7bb83ab4ac50feb4ddbbf
ILRACT	0	1	f7287f69b6556a830ddbdff17823445d69cde0f164da2f09006980aad3cae368
ILRASM00	0	1	19fd78dca2ae80b76a8766543a20e47ae619d0145900d18333800503a4a04d9a
ILRASRIM	8	1	08bfdfb0b80cf807d8ec2996e0d56fae6799c9c7119f6d08dca500f38fad2439
ILRCMP	8	1	453682cce3e44fb81cbae6d20ad721822ea7c4044615fa357c8d9d1238b6a028
ILRCMP01	8	1	5987d05ce8ee79df9eb80a10e2755a443f4dbba371a1eda0c339461999bbbf88
ILRFMT00	0	1	f5609c72fb167f08ecfaae3369abdbc57fe802e2743a040abaa1f299a026ee63
ILRFMTCV	0	1	25ea3d6254476ef7580332a4ab8f8b1c4a702dd38ff51d91549f956faae93052
ILRFMTPG	0	1	1b6965ce81068af30575fe5e8f2511db50fd2c32181eac10227bcc9b0a008e3e
ILRFMTSW	0	1	8216654a960ba3699a50a4933f1c04c48ffed7c61bf5f845997a746980040ef9
ILRFRR01	8	1	ef112e76a526b55b8762b93dbf2543929f45ffc85453c9d413b959a41e94867c
ILRFRSLT	0	1	e907040023e5738c6d54de208ba28fcf272d4e16cdb767af6ff5171e64e92e89
ILRGOS	8	1	6d8087395a89aa79083f6a0dca9f10d6837d065ed528b75299441f0eff61d2bb
ILRGOS01	0	1	2b08e60fa68acbe53a6dcbd0df4322007d7cb520239ac098e428249785e9768b
ILRIMMSG	8	1	fb4242af750b7c2171e4c8f98fb74b9898cfd7c5512af5a51e8a9e6f88b28618
ILRIOFRR	8	1	bc4814838faca14d67599b5e431a64af5698ce58d9bdc6188aa1ee456d822dac
ILRJTERM	0	1	051a78fadb0a9cf54b6499919ad11cc4bbc2d315077b9ec1d139afdd07e6684e
ILRMSG00	8	1	b3d179ee22de6b0fae2c04d37882834811a933c55cca30dd29cd0bd471cc5e66
ILROPS00	8	1	97ae1076575703e4ca8cf1d5fc5aed3d800521cbd12fc6d8d35f886512e51aed
ILRPAGCM	8	1	05a7e120f988acc66956a75dbb8d95febbbcad8b14faefaca682f3477efbb55b
ILRPAGIO	8	1	438d9b0bcbc1fba01f5c3ea8f162fa3fca882aba4210d60f626301ff2de5ea62
ILRPEX	0	1	cc70f25150a6a916108ce92a39462bd5809663598b64051551a27c3d755aa463
ILRPGEXP	0	1	b10062394405f4fedc0b288935ebd8488a3ea46cd7998e113bd0b60dff60c3c0
ILRPOS	8	1	b354683ea93b0da13dd34146fe3bd9bb2c060d1dc1ea406fc512617ba900be9f
ILRPREAD	0	1	621876571314d1543b4313a117a27d11828bbf3fd31b6b28d48c383f164969c4
ILRPTM	8	1	9763e27406ad80b333aa2a526aefbc9b7b11720d7b2382cb32ecc7c839b68ddd
ILRQSRIT	8	1	efeb7c825fca911d0ef521a30f38a34148f42cc341c1a2c4a9a5fc2a683784eb
ILRRLG	0	1	4d828d818b1bea3778e3b9750d80d9fcf2a455ee9a91e66e033966aca9fedf23
ILRSAV	0	1	19ece6f040d6929916662b166ee52faab09b855652132e5e190d29c7ed2bbfb1
ILRSLOTC	0	1	18d3137d02c7788e4ff4abaae469d7f2621bdfb3eb05853283960e5fb93ca854
ILRSRB01	8	1	3c38810da0fbfcb8f3268a4bd1a6e736f3a6bfb7c1b866ad8d1b8ea3d2eef705
ILRSRBC	8	1	2cef967f5ee42055d73db626714f7cdd0bb8edc840c4677656c1e5e881214a40
ILRSRT	8	1	44c4dff4e43da125022fded3ef3f9d89c8bc2118482b4fae59f32386a19f2816
ILRSRT01	8	1	2ac6d03a12df5805a8200638ab1fda516aba25bd4dcf442abc2bc1d6e2608f36
ILRSWAP	8	1	5b62a013e7a415d06893762fabbfc970f3aeb8ea719675059c06db8006b134d4
ILRSWP01	8	1	9cb9b1bf0060eb62288f0d52ce3de46e465aa850d182d345bfe7060918cbc0c4
ILRSWPDR	0	1	dce356f4e96782f674dde60a481fff966d5836fb568626b5af1333f5e4bcac2b
ILRTERMR	8	1	58f860f00003bfbb2a1b009a2777989117cc113ca147c0e23f66bfc4d5ce705e
ILRTMI00	0	1	280b0a5f8517ac2979f032e1809f2327b4556899528c53422e82ed3cbbae20a0
ILRTMI01	0	1	c30bdc7379f667445b5dd103713cd2934f457394b778b2811c9662fe10e36e37
ILRTMRLG	0	1	7974710d07cbf206903496f34c1b813dfbd4d3b41233f068364e37c90a558b76
ILRVIOCM	8	1	f565f973dba1640098a884a6efe6e9ee1addea1748a8adcfe6ccf08b6e79e8b0
ILRVSAMI	0	1	8e6778066cff1e1c3fad9b331abbf6b6dc443fd47c8130e3e9bf8e1d5e9e4504
IMDUSRFF	0	1	82a1ff8146f88ad0eee1c4a334c9bae702a013987df23c770ff9f29dfc488a32
IOEDKCLS	0	1	dd6323df47e95cf21355938a4d0ba4798b4ac597d78b778039753fcb01dc7d3f
IOEDKGET	0	1	97ea1a97d79ea8e208c815978f5bff39dd6a9cc2802f0ccaf9916f0321ce0484
IOEDKMSG	0	1	58dbd5b1ff462b9ef0de4a448c683e2384fa08d0e27aaa8e44834b7f9a52fd05
IOEDKOPN	0	1	f02639254b0bb243ad746acd25fccdcd9c3b9e35f5f3512dba38af027d3159f9
IOEDKPUT	0	1	1a7ce094e3194d85e4680c1d3ea4d57113f956ab48a31d240f6c2434f2c56347
IOEDKRDR	0	1	2a9cfbd10732f0040865ae21bdc908682e0d7783e9ecd62294e92a82d6c8fcda
IOEDKWTR	0	1	89cd62d33bc96e8cc2828e33e73db533fbd0911b2e2e758f515a86b02547dc7a
IOEESTAE	0	1	68ffa1377af1475cfe5594efb24fa755fec0cf3f00058ae42cace93aaefa7616
IOESDKTI	0	1	cd592b853b1367b8dc4ccd2ecac5e0e4c87df61f13238bc6d9a65c7f9f037e15
IOESDKTO	0	1	70f68f0231b844f1b3a5ae882ec6c031de9461ae897f1442eefd3526c4c86cff
IQADVM00	0	1	a530883de15ebea7c41b47a380917f10c39dfd0699ce5e967cba92df90b5cc4b
IQARIH00	0	1	47c644abdc4c46bcbdf2b2fb18f10b91add37456febd81e67342fdf2618a430b
IRARMCNS	0	1	239eb10f02d34e8bf625eec4d27fe797c252e7c49ba6cbcdddac3c3397ddbebe
IRARMCPM	8	1	938ba7c192acbc59b64ac5f277bdc58e4bd3399861200823fb293dc1ec64b97c
IRARMCPU	0	1	5957fd0bbd84461f59fcb85321dba637d7fe8d5d314e7c3997a560a580c5c128
IRARMCTL	8	1	ebec5c0ec008f7c81187f54bc29a22a71815365096100a335abe35bbc05162fb
IRARMERR	8	1	aa5dc60c3e6867578bd5a8cc48fa4d4432ac58525b7276da7c54bc8eea744d44
IRARMEVT	8	1	fe2ecd05d0bbf9096b871f3e0904cea3c3c727966a2ded9d76465cfb8e40e547
IRARMINT	8	1	766d139d9974df6f1e3cc574fd665386d5ae2f1d925b284541d29a1338eeb436
IRARMIOM	8	1	2c24ec656f53c6bf85e629d8d80c2cb0bc7165ecd3234450bae5a17d99d86fba
IRARMIPS	8	1	c4a22276ef9999973374c1b8dc19eb0513fa7344a4c478e0a30286922b663e71
IRARMMSG	0	1	df3680bc2f0ea47ba88d875fe4ca9bd08e6e48865b5ad528b2625de7b2d18e89
IRARMRMR	8	1	534e848c0bfbcf9589b1078c06cfb623058a2aeb80306382bc304a8fb65d6502
IRARMSET	0	1	c70d3a4a5b3b2a35ddf5a20b005ab840e5c3bb6bb34145984e24b733ff943684
IRARMSRV	8	1	cb7dabd95b6d2898bd87a43543ebcf3296709c116a477072396e1a156d3c6d18
IRARMSTM	8	1	3e377e6ac70c73b1166df9179b6ab315341b005309ee1f646a9df99befc2d99a
IRARMWAR	0	1	b8b3c8ba32b5c37e0c28234b5bfc828cd36b1a5673932c58c4b83ed834828bce
IRARMWLM	8	1	2e88665001a5628c1b58dd0f1b7586212ee155017d058b876d2a7c26f69ebcb0
IRBMFALL	0	1	e0072661d32a83911fdacbef998b69bc212f2b2a5f01b6d208ccb8b6334ed030
IRBMFANL	0	1	b148768badbfae2d3da183cc0fcdf379e836a0c344a455a5a9c641d14f47dca9
IRBMFCNV	0	1	fcd8d3828e08d93e75dc071cd9061220806fe3a5976ab8b68413ddafc0749824
IRBMFDCP	0	1	3a1ed6636c57ea667f19d70b006315e75cbbd88289d906890dde22bbb3f0412c
IRBMFDDP	0	1	a7d5ad56c64f47bcaab37167803d63d94ae3c0ce88266e724b9e399961acd06f
IRBMFDEA	0	1	7d6e48c97d9b376f97a35abc3c4f659bfbdf653e73550dea88222869ee63e991
IRBMFDHP	0	1	6ccbdfae05544980a331bc2cd824bc1edea6b654df30c6a7d20d2c0ed7b97491
IRBMFDPP	0	1	2fe24365f3d69d7f2c9e164429baaa02058c420e7ce288e5f7721e5516899663
IRBMFDSP	0	1	22b2562a5c513d282ffe479ea181155bd6df3e0b194938b72ad744b81615c279
IRBMFDTA	0	1	30f01b629bac0ef97367a17b8afde0375b1be9964d6106b6aeeb0157a9eaf234
IRBMFDTP	0	1	571a53b05dcb2318f21976ca54fb8229487383cfa3439e4c9725f6f120c8d10e
IRBMFDWP	0	1	970b93349ff28bd4cdf8f81c3ed94114e9a014c0cabd43cae0b3a2573846ab5c
IRBMFECH	0	1	92a5d030c2f1e5f3d531f9f7e3f1b173b03341f9806a7d8757c9f31cb245f183
IRBMFEDV	0	1	9cad8fbe787287e735e4c9145d3f0364d3b97f6ec492de3cad1d185c70d3b6a2
IRBMFEVT	0	1	45ba3178200f08bdd1ac0a2ab9fefad39fabb21afa28796f8379841bc07dd386
IRBMFFUR	0	1	66c6ebf2f7260b4e23fd0c827c84999d3ee0bc94b51b92993b41b8fe38db8705
IRBMFICP	0	1	92b712d7ad6c48d4b36fa14cdb3f35eb032d616feb67232ed41b4f389e38312f
IRBMFIDV	0	1	4ca6d7d4a3eace1e891a650c1d4191355879b725c5ad13133fde9952c2fe3c6c
IRBMFIHA	0	1	0836c567a70fd67b0d38689db0ae31bdff49bb4108e9ad828f9e0e303af1d3a1
IRBMFINP	0	1	eeca38d5cdf8f72147e339145677c137ef91a25e10528ae83d3e8a9871f1ae0e
IRBMFIOI	0	1	2d704b43584e8f3a6800880abfbc8b4e46e6b5d07af97718f1105ef47dc7b442
IRBMFIPG	0	1	7039c8eb0062ba1fc48368fee21efa0a500be0f50314788f56a43ef7ed8f7d5a
IRBMFISP	0	1	9ada63907409757c78c54e583cb8735d8967976ef2945b80189f49157b69a08e
IRBMFITR	0	1	3791425a0ad3c8f3c2914b6b29b2abdfc852407132ae28e297c32191b6adaf9d
IRBMFIWK	0	1	9cde890c214de3df0dab7ca723e0d61ae37b0fad6f362256d8acad1f4dc7f87b
IRBMFLAV	0	1	ac1c24d3224d7fd1b55b5428c24f27bfaef4e40eb685959f4b9c3b3c00dc0f47
IRBMFLCV	0	1	5a55f0c591dc1f21236a7cb86a78764ffa472a1a7f0f317d5a72fe2076f5b836
IRBMFLDV	0	1	73ae186e1cb4666968f46a6d0644bf29fb688b9a15b8de6c49315074ea24f0d0
IRBMFLHV	0	1	3b235ef616a4843b2213d1599f44726ecf918a0191bc921c4faddfe59a9de99d
IRBMFLMV	0	1	f2b19b38a33ce0fefb1bdf4ad0c3187e50eb59a68185114c2ede92006580ce7f
IRBMFLPV	0	1	4319462160cf035b1071d62e583caec4bf810831a78a70782ca75d68365dc167
IRBMFLSV	0	1	2c4fcbfe0b0b03ad8b531ebb7794af82aedd5cdb58140cbe8ce2af48b708cd0a
IRBMFLTV	0	1	3be42d22092fce83c176297530b6273ffd17fa58ddae162b7de3a3146c3865bd
IRBMFLWV	0	1	8cd3946be292105a9fedc761673daa2f2511d68c0f489b113ecf91888dabc28c
IRBMFMFC	0	1	ffe5398370265af6117903dd0a3e1c1a9b7f0281eb658bb1dd447a11aac41930
IRBMFMLN	0	1	547847e135f9e5ea8caf0bb396226550a10e976d5a72aea98a056925a361dbec
IRBMFMPR	0	1	b512dd02c77dabd04dea2072477066137f3c3658e72caf78bcc030b04a697fd1
IRBMFRCR	0	1	2bee07171ff2d5e09b1eb3f67f45ce8747c258223edf903a9b2522540266abd0
IRBMFRDR	0	1	d25f7b507cab6ca7b49d62a4c29a066e0dcc59eb85ddcb113c3a05187857f49c
IRBMFRGM	0	1	7e4d6f88a8e31b7043a34aa8549d4705b99ec1a4a0ded254abb591a89e86975e
IRBMFRHR	0	1	843374973dde11f225b16adfcf997a789d7aa66c5654f2dbf6b38ac53b59ad6a
IRBMFRPR	0	1	a516054f9a66ee626f50d0931a706be2fa5699ed90f116d2582ea4328121b439
IRBMFRSR	0	1	c6ad59e9e6831f1552943db0706e63fa3ebb9262dbe743c47af745e077fbcb3c
IRBMFRTR	0	1	48c34b46eaddb8c9797c3cceea3806eff9c9bf93859cc7681c9826f317b346fa
IRBMFRWR	0	1	49864902c8ad4480a2696831ddc1fee8b4337160751f4e323925dd3755732278
IRBMFSAR	0	1	fec89780fffe1f5c7ffe30c1cb14be0dc32a14c9befe27341d2589cc93a07e31
IRBMFSDE	0	1	492cfb6139c889bccac00ed65604f7ac85444a74eea413cdd4e591d95d4a1c59
IRBMFTCH	0	1	4940154c0ab6cf9701dd3a66549369d334716ad397c48cc6b1a38daca350a281
IRBMFTMA	0	1	35211e255641bc6c02aa8fb04d46d349d074d6892eff555ee4643b4a58596d89
IRBMFTRM	0	1	d30477159b0e7ade098c0b811cd2c7121d49c9549ea0079fc0b11667c4b51132
IRBMFTTB	0	1	571a53b05dcb2318f21976ca54fb8229487383cfa3439e4c9725f6f120c8d10e
ISDAAPR0	8	1	0d3206e67cebda093d0c842498a8a3cee8666baf0a5b3dac6a827b98d81290c5
ISDAAPR1	8	1	188afa207769c34d3433e576ee1d4bd8e8183e69159cccd0d74ded51faa2b03d
ISDACNFG	0	1	865cb5f72148a82e506d34c1a857fa5fee3e9bdcda3502b684b1365bdf043a18
ISDACSB0	8	1	fa4170f38b592354cc3abadb4078570e69afbe5c208be188e95184b3162d44d5
ISDACSB1	8	1	31c504453c8be92523b8eab22c09fa54682a5c857ebec6911cd7feb855a1f418
ISDADAT0	8	1	06456db995407a3be6677c71bb69d77e68b43f76a17ef609cf2764c1cedb72de
ISDADAT1	8	1	a08272845de15d421d09a5adafb0863fd161120ec5852a7fbead5bc4288d3579
ISDADCK0	8	1	9c7824cccfa1d97cb4e246f2554dccb0e3ade35c74902359b84bbe13b3397034
ISDADCK1	8	1	07ee551c311da0e58f0d2fa8e87c7bf16494b100db2c78d2224483ef883c770c
ISDADCS0	8	1	153305cab3d65ecce26ec835f34000e93feafb2324343a88b3510eefb2518077
ISDADCS1	8	1	5c14604c8db269012d52d919e36b8cbb6c479921eac0dd6d569b56e17db6d3e2
ISDADHE0	8	1	4b00809e5baba23d10fb973eb5953fea7156b6a35aa0496acf84eb6cfc355d14
ISDADHE1	8	1	b27eacb4975a9b3d91c1f589de5b04477163a606d328afff6cec095920bd294a
ISDADRC0	8	1	eee7ee11c07abe9fcf29c450a1b5ae9af0ba5b08a8368b2f016ec1bfed4f6f1c
ISDADRC1	8	1	9dd1911642ec2bdf0cad3ed32773bcd67ba05187b31a74c5c3c8ad620a10d19f
ISDAEQC0	8	1	3c2a7c4c5d7930a5d4b05cae362b01e271d9ce0273ae25e5dad83fb0b0aae70b
ISDAEQC1	8	1	6c7d4703cdb8644392ecf018e51bab9dbb67012934da3a5729a4a6bce3e7c546
ISDAFSC0	8	1	dafa92c8c91dbf8b9a1ab5ed5a649b81a77d9569ac802968d5daa41bc2b40b8e
ISDAFSC1	8	1	49c4e6d26699efc97d6f65b1b2276fb1153c332ce3df1ccf4f2c503fe1c624cf
ISDAFSC2	8	1	95fc1c0ec703ed319ab8de0c76e997f9a94dcddb75835a8b090408db9fb28b64
ISDAGEN0	8	1	8e3fb8509052bbf3e79e9cfbbc8c1535e84f8ef83ef2904839b08958214f9daa
ISDAGET0	0	1	54b7d05cc9339e0c12ed905216b20d9ba041c63c3064c1ee65b2377645f53c2f
ISDAHEXP	0	1	ba6bacba08eb1ad5bcbf1b17e5bcc2112dc3a8b7adaf0e3ec4890da09b57b3b8
ISDAHIST	8	1	739953ebdff7038596f755902b577a093fa65cc4b7214f99265b3e076bb791bc
ISDALOG0	8	1	2e545b315c0a22e9e885fd62cd046fe2bb02fc49e0b1cd8cc1fc190984ba78fa
ISDAOPT0	0	1	e88e79f32ad0992ab30816a91a00752705703286ff523d2672d32dfe24d7c227
ISDAPAD0	8	1	a3a86051b2a165c379443be907672cf2e1379650aaf3ab0c484f6b673b1fcc99
ISDAPAD1	0	1	721a8f84f36ec872678d5ccb561f01ba7dc571bd29918f4b8470092b880e81f0
ISDAPARM	0	1	f78a6c6c27cf9789aba2c40f6f63321bbbeda14e7fe7a6f484d8d4ac3e9c223c
ISDAPRT0	8	1	6f846ebf84c421d1f329fb2c79e3e40f6f82974b269559d534bb32770fb1f30a
ISDAPWR0	0	1	4364646708db5bed28d79ddec875eb96d886c66ac6d359a37cf15be3350807fa
ISDAPWR1	0	1	b8c457dea3dbfa10323525a35d51172afc4c49eab424de9c19e1395c53c8353f
ISDASDA0	0	1	4d0454b1d860430baf563815d9afcc6062b0bf1185aaf1fdfbc26559181fd9e0
ISDASUM0	8	1	0ba64b1c6faa6fdf00be5ae9e33a7ead07fb7c5131c2c8b66c3c7978104514a6
ISDASUM1	8	1	73f044b765014ce7260bd13ff62a4a0ed6d239ade71cdebd0abed81ad64dbec0
ISDASUM2	0	1	ff9224ee9d008cd7bf728e3868414b523dbf06bc46ef4b8c6f5a485254a8ed8c
ISDATYPE	8	1	5ad0c8ff48ec3b933e7353578845a27195cc77500ed8ecf300aa2986396cb782
ISTAICCK	0	1	cbee24ab90aea713f09fe272b311c6f7bfa64a30d20eb05e055d422e8c63ecaf
ISTAICIR	0	1	07c604d590c5be20ec2e5dd37254ac9d2d8306a9d9aff72519f1c3b0765422c3
ISTAICPT	0	1	0f935fade88849d189a2aa9ecfd6ad69ce75ccfd560d71c1df722c42ad15f308
ISTAICTN	0	1	585ba574103db74698452c3ec11a4dba12c7ca70eed14c9c932b87ab622670f7
ISTAPC11	0	1	000461a4d821611ff5281824b9482f25315ab31d43418d5cf5f4a016c43c3b10
ISTAPC12	0	1	c88831d964b59b0e66e816ed5894fe090662b0ad95681a343b5ebc74d0628d45
ISTAPC22	0	1	e1f9c590d3712dd602c12f6f75d89d8f3f0d3c5d790998b740552e7117fe266e
ISTAPC23	0	1	f240a42c74cecd27bfc84061f020c2633b0e833a9b09d4cd0b90933240fe520f
ISTAPC25	0	1	e0f2fa6790e74b892c5b557f646260d219365ac91bd0412b5864bf6ea5c56677
ISTAPC31	0	1	1ef207d5da99c296981efeb4cc23c2a82298678ee620103f35bf1482e4fd09fd
ISTAPC32	0	1	55cdb1a09530a397983b3420a980d8d955d4721cbb38cbcd2a61aae193a2debc
ISTAPC33	0	1	e15169bae7b93b1ff862e50c092d14e8a851fab36f38cee7e2b40aabcff98f87
ISTAPC34	0	1	19e021fc3749727be7a91e2850e1c3f67a0a5d95015cedc9b44f8e06845944e9
ISTAPC35	0	1	50b9a422b4736f74040e4923fe354c8d458f8314301286a6a061e7c9927b3966
ISTAPC36	0	1	6816ef3d1a1a38923d0612545aa0c39869e20da473461c10a5fc876fc74996af
ISTAPC37	0	1	4bd1189cbe336d5ae395094a662d9f48cc5d273b7d02941c6fd950a2525eb095
ISTAPC38	0	1	d8450594d40afeb7b41afd3f39e72baf12dc3f1e86149ed0c658a0e90f8cb9ca
ISTAPC41	0	1	6ca254f8034a70631c4f1e64b1a6569b1e4b77aa2ac32a2e42beaa639ee7a8ac
ISTAPC51	0	1	9f7e433b899c42b20820066a0c33620913b2254a0e1816401e61fe6f4e194434
ISTAPC52	0	1	3f483a35febff12629ead20d7b1f840e0a960c75e420f75148de24818abef3fd
ISTAPC53	0	1	5101ad99f18d2eb77d07d7fc1a78e7fc0bf85a7c0174211c860ce20544f8489d
ISTAPC54	0	1	2556f9bd0378a60f4d2d9dabec659d1783757f2011ee82ddaef483a5cf8176b0
ISTAPC55	0	1	7ca384c747355e1003aa5bd6f46017331b869a9dcf01962e0c3f208e0ba5ee54
ISTAPC56	0	1	05f12ec2113a848093c8148fb5e35cf4f314087b1c546d9832f1cb40358ff8a1
ISTAPC57	0	1	24d9e56fa40cb57e00abe6e67c510772d4658faeb479d3e1f61b41b7ee2fa412
ISTAPC58	0	1	15dcb0f9db210a763aa6e6aabedaea2def973653c087a8ebd1f1d119a1e53e9e
ISTAPC59	0	1	73a08b11ea3e1f2acfe9614da7d632ff88c6a009f95b1c996a9af9582bd081f5
ISTAPC61	0	1	ad8f67e2864c46cbe8fa8b2d46aa78c86b9e057597f06b753130786ca3d0c198
ISTAPC62	0	1	e2700e7d1f6aa91a89dc8cf5597aadc7f657f355c3719dc4e3fbf2d9ef6939df
ISTAPC63	0	1	3015e756177bf08afca05b114ebde46eb5a9a737cba0047ab207556ae5e38fa9
ISTAPC64	0	1	2a321a2f58d438e522b847e88719260bc92ceb3a944879926581d2ea5107677d
ISTAPC66	0	1	960d432ee2f44c43c33b5788e835dcbf755db7926a9022b4be023fc83afd3a12
ISTAPC83	0	1	47c913f6b30f0954a9620657890779294010bc588c932ca1a20c42f248cc03d6
ISTAPC84	0	1	5f84533da87f0875566fa7bf194f1be0be04577a95e610c8ea6ef1d2864c8fee
ISTAPM69	0	1	f6cf01f3db18acca315825e033d891f99a700165c8066248b30ea2280f7a24af
ISTATM00	0	1	ff8b6b9ea50dec477afab0741fa59a59751bd0aa71a7b240632c0729cae03f25
ISTATM10	0	1	ae7b5091ffb0a052f4fe16b0792fd3c42fe6cced5ecff8fd766a0caad4c4c2b6
ISTAUCAG	0	1	7f65756c2151b8fecab370886efd321c7ecdebf55f7e43518be5a6eb4137c2bd
ISTAUCAT	0	1	0f43e974ae80817ff845f42d78116079397f7a52416a402b961e79cc84ce378f
ISTCC010	0	1	eed419a723fe1e1d400c424c173509488517d28390ed20c80d54f5093b54c1f7
ISTCC011	0	1	147623cdefc495319427e59886b9093ad0ec94fc2783e4170e50c15d13bb30d3
ISTCC012	0	1	3fe4fb05632b152950b934810bd43c7b68f4f4eb0861530c00ee812d52e64d0b
ISTCC013	0	1	1ea4f66f8f0a1fd9fec03af9847e03ca09e1d0f8b1181230935ce4e6f37945e6
ISTCC014	0	1	76d437c15b8f05ba2fc636974bc29a9f9a58e4c7419a58f3bd37bdcc184581c1
ISTCC015	0	1	323960e853a7eac24464a5b2ac487add0d5747667906d054033be92e0155feaa
ISTCC016	0	1	dd27d2fd080ce09057fba4dd7e19b0a0178e729e32c5acd340f1dfca5b7ebf56
ISTCFCDP	0	1	f9ccc52e0a2b4c6dd0545358f317e06458bd4808aafdb48090f21f96de299995
ISTCFCMM	0	1	00ba13debbc27f9a2e95e7a13a2be5419c95365a21d7cac157d9ec76ec8ff3cd
ISTCFCPC	0	1	493a2ce8eca0fbc4eaaee198a44960de34ae144422c8d1310df505272967af5a
ISTCFCPO	0	1	7289f2db1a400a4de0c3d575b53c2029c363a51476234bdd9e3dbe2ced669699
ISTCFCR1	0	1	389cd2f34169330401ee8513e4bfc487db3aa3289dc378c36b6f6c3a8045a4ce
ISTCFCR2	0	1	192244825430a3ef31b4ceea3a8132ea9663c3ad1c553e29aa3ffc52b35101b7
ISTCFCRP	0	1	c41d904e42189399a3076b443602a33b9090da9f869046336789567d2da7556c
ISTCFCS1	0	1	b68a8e961ff90c4a2b22ef731cae821f1c1f0e95da9dda0b274b0f58b326e9c3
ISTCFCS2	0	1	5ad5534331d8ecd90addff2afab94fc5521df5d94c060309894c4ad12221c838
ISTCFF3D	0	1	e06e139fa071d589edc9872f1d8c06277f1e13598cef3a4ed20f1d34a5b9d3b2
ISTCFMMI	0	1	62400306a8c77f2a8ccec77551ad01029f1f5b7620ce6972e9f79fb9537987e1
ISTCFMTM	0	1	12cf2e6372a67ee9ef448fb9713c91d448eb7304c2fb34fba42595972a223d52
ISTCRCR4	0	1	3152d1e0f6ecf6e0f7e7b13a6081fdd48d7d6e174e362558d4e640ae2903de35
ISTCSCAC	0	1	cff7d16b24fe70b67dde35bf00512bf6dbcc984c44c08119b498e99a4b8784a8
ISTCSCAQ	0	1	4256914147f458932ab364b7ef1a27bf854f5ad8a19920218ba913ca116d6a61
ISTCSCCL	0	1	4e017eaef9455305b86e996308c4580fc2bed6d53c2766ab765ca02e19960162
ISTCSCLG	0	1	709024647e9b20ee0bc4696c7527b5d4d0f7f02c56d3fa6a0ce75b963c48e14b
ISTCSCMR	0	1	90178ed0d2cbedd5cfc48b9443bcc0dc79bbf10e85881a40ee4df30c4fccfa1f
ISTCSCPS	0	1	edd6cdafaa9727fd17fa776e14e0ed308c03924c79692e47da350eedbe20d680
ISTCSCRL	0	1	bd83979745829a5d9abb9c16b168af7430740910dc120cc4e241a9701c2480ba
ISTDCC00	0	1	7e1b2ddaa09729107ce9f468984399757fd5fb7081357b03a8c1ecde8c595ba0
ISTDCC02	0	1	853a6186be7b9e431014359650f7ca437cd5a06904819f6072897a7598fab967
ISTDCC10	0	1	3a0bae049b2ac5476b9c4db13ade5584cba09bd87b26509b95fa3200c79b3a24
ISTDCC11	0	1	888166cfb67c760bcb6e7d74d0472e7c591ac1e06283413da41602496428bad8
ISTDCC12	0	1	befe5bcbf43eae5462ef8a61a01a0cafd5f5785ea065669c5faed038be9fb8e4
ISTDCC13	0	1	dd74932c21edb64d2253ecbc2f935d05acf46a04b58952094a50f42792a69e76
ISTDCC20	0	1	89c3e46d8bcbb41d7c0757cd96b869f8006d6e79c59b74c33c63cbafc0d7b92c
ISTDCC21	0	1	995c6cd640199d4246abe8b27a0b43b22d4d8bbb1476d2b2e82837e48c0af30b
ISTDCC22	0	1	63db95ca13ab42c449f34e9c9da58a940f2bbe9338c03617dd33ec1ba74962db
ISTDCC23	0	1	2f98f2b0f4f42128d591b5e876cd5c972e544f7b43508c653374239bb83ee669
ISTDCC24	0	1	fc51db843084f97a29a5789b246cb2a20635b2cf7e5a8a751deaefa453d6b208
ISTDCC25	0	1	686ed683f30d6f87684160f11141df9f4e04e708e37ff5d56d83c0e7d24feb8e
ISTDCC30	0	1	106b159b29d8f35cb34df7fa926c6b8aa39424c2b721446f96c5ca5c72a5e882
ISTDCC31	0	1	dbf52198f80aa40c21168620abbd5967df8ac0f9021b38680f36e8e470ff5885
ISTDCC32	0	1	9786895a4bfe8f7493b1aa5b44f3268d8eeec205f3870b74f9fa0a4a467b6629
ISTDCC35	0	1	e13ed4d2bd5f3f310f0180a4c7ea1d978b738f22970baa9e2e7b5a243d0f8377
ISTDCC40	0	1	b4a582027db31c1aac5a7b6a4a09081a9d9e85f5cc3d434489b93a82ca4f77fa
ISTDCC41	0	1	89c71b6c6b5513e58d7d3873d756bab3fd5d189389ccbd564b0473de62600263
ISTDCC42	0	1	6e9707eb79feeeebb0087dc0a162f3f6cc5db36bb625e0cb7cd1bb40d0286b13
ISTDCC50	0	1	f09bf44ee398958c0b44b8062353dc952d5208c85b74979631b6dc2cdd43b54d
ISTDCC51	0	1	0756cf34bf61be56c9ff54a63c1e60b7a1474258f54aa0d3814ee691d26a6979
ISTDCC60	0	1	d320cd99851d71fc193280c090cb78bfc5b182c5daa773457d3bbd9a353dcd80
ISTDCC61	0	1	faf01723b95c4c9237cecd4d71212db5aebc9d27029b9c13c805639566a656f4
ISTDCC80	0	1	9fda58ed60905a63b01af3f8712f01b9a7bd6b6af8346bc9c510f41966614ada
ISTDCC81	0	1	d65329bb971eb67abac2219764a2792174d121a0abf38cda81adb5672c5ad1c0
ISTDCC85	0	1	889d94d5f016161ffc104e2d38467591ba267981972c62bc8c91bf6dcfead909
ISTDVCBA	0	1	b90e748cc08b838611e770909e02be92f78ab66978dadb596fbb723a1be319c3
ISTDVCRC	0	1	b8df09fe009861fd34bcb7f2f3dab78abacc505ab87caa16e38408d060e58d4b
ISTEC000	0	1	85cfc799c6b23aa7773c4fa4362673d44e01d41d3c4b0e8cc46fa940c6914fb5
ISTEC123	0	1	cf4073643f62a0dba3e6c3c35f51ae7d6f762d883d8ada5aa92f1949d79c147a
ISTEC456	0	1	828e36edc6f7fc215277144a8db7427b2cfac543e6afb0bf1d35ef74212206c3
ISTEC789	0	1	4671dfb2e4bafde4cd17ddfcf5ae700472540a828e45fd64bcd1bd63c5e4e7ad
ISTESC01	0	1	bff029a0a333477bd888f324a721d4cc0433c11cfb1842967127ecfddca0ab06
ISTESC02	0	1	e74f98159c1b910ced9e791f550dc33b710dace508debb28462533346c4e87a2
ISTIC000	0	1	064d32a7f1eabef01fc82682dc8431382c6c6b9c1afb7f36c0fed7a2bbb0c2b3
ISTIC001	0	1	1acc688345342054d5ba22c6b1f05739bc7e51ef294587a3bf821f1bc83ab9cc
ISTIC002	0	1	1725f732a16098834c0ceef5bf21b0168ab9ace7a08ff58db1a822d064866617
ISTIC003	0	1	273c727714b54be9ae1ce522bc3488ed8d636009d1c346762083ece07c25d40d
ISTIC004	0	1	260695ca138f301cad4877f6f61b8b0a7969704789a09c57b7b51bd54afcd817
ISTIC005	0	1	b3f84d8fd4c8a30b40a22faa8f4f80c7f2d73d1cc9d0acc853e4d6968611e8bc
ISTIC006	0	1	7b23a42da4883b91253c989f9f089d43582b717199403c4b48146095d67a3946
ISTIC007	0	1	6b9caf031f97c3dddb42de30b2f35f8e105bf2f74cc64cfeedcfdb0445c07ff9
ISTIC008	0	1	9aa3a95d1212c517813b3a071ab963bf29522eb0e49adfd33a31cc78bdfd6252
ISTIC009	0	1	9918d0c46da49335c3616a2cdfc465413f113d8806427e3b630da00ee1d9ec8b
ISTIC00A	0	1	480affc7c3b1da532845bc2bd60bf3060289735ffea1f7d957aca419776c0f07
ISTINC02	0	1	18c37a46b3821e8aef58a2843efefe1c3ace80fbc57f6f09630b80254cdf94fb
ISTINC05	0	1	cb83ed84204cb2b68eefaa16c4e761bfde3bbdef1bb05274ac4eaf86d080bff8
ISTINC32	0	1	e698f54340398511a2f660542e17e4f324b44bbd2a9e68228d26a2d71c6e6911
ISTINCA0	0	1	8003cb7518b94e3c955da606156581b0ce04dea5af40129005063c7845fd080f
ISTINCAW	0	1	52538950d926254efd5a5644b31ca868925324a677b4fb6952230ad93dbf988e
ISTINCBL	0	1	4863778510096ecdbf67e5155c6f35372b57c1fea4c4c39d5c1878c8ddf13d8a
ISTINCCC	0	1	b2e84124542e0cce7cdce23950933a14b096ba2f46c274d484cdbbfc25c33381
ISTINCCF	0	1	3d649db49eaf74dcc39d50a5d8fc2a0c0b7d5b1485f442f7ec8b04c4f951ade5
ISTINCCL	0	1	0965a2f654d617380da9bccbde1afe44970b50effd59927009234901386e8443
ISTINCD0	0	1	7dd26dbcfaf84a6aeb649398c0bb774e0b4f5ba9537fb65fffa4812ae89f2137
ISTINCD1	0	1	b3b200c09cfa3306f0a1a0e923a1f149f9489b75d0a55778f458e052ec17a53f
ISTINCD2	0	1	8a864d9c90b4da2aa916f019ce3f58e194fab414a4ad58881a55e206c9893ac8
ISTINCD3	0	1	0538345c012f18c9abb4c16797a93ce3cdd0b9a279955b9729dc8b90d80f7637
ISTINCD4	0	1	70426083715e6b6aec7c2acadadc0b1921f91a35655bddf37e8d9d3400f96e81
ISTINCD5	0	1	7b2e313d70e707dc836f261950a1279ce5745cca3c30b18bc8445c1b0199f20c
ISTINCD6	0	1	ec1be39c8c7fd7dfa97ad4509faeda5a2d52b4e70d4088269b4c78d3373c0d86
ISTINCD7	0	1	6a98c220ff8bcbbc88ff73a06b25ee060727bf4ebe3ac8b2de2ab50ea3414e14
ISTINCD8	0	1	c85761895da6b3566abb261b9e484682371a0763ac2d3fa2ccc3234fe543bc46
ISTINCD9	0	1	103269a7c9c446051ee167d7c705a767738bdc3afab37e2946295b6907ebb82c
ISTINCDL	0	1	6f15fcd3b0eae8fdcee2027d01b5765cb02d0b74746b77140ac4658be5766257
ISTINCDP	0	1	aa24e7c2e60727b8863421dc0a4308463d35644fca740904138656a861d54a45
ISTINCDT	0	1	186a6d8d1d6ce5dbd00e294706ba7325f026ac7114f839428bb7c22ac737e558
ISTINCDU	0	1	9656e6bdd264fb7c99203bce74369a68fcaa896b41408715f9654d2fd8c7d29c
ISTINCE0	0	1	28b3e56b4ca9217915ec97677f401ed552fe1cb8860efde477200cc06509b7a1
ISTINCE1	0	1	763d3ce5d95e3d38b15a542cf3b8b33c98ded73d91d587b03bb944390a9a79c4
ISTINCE2	0	1	36dd2c14f471cdaf7b613ff132e7a666e113de4d2966bc0d0ff469c192dda7e1
ISTINCE3	0	1	373c4fe5488927ea500ae0713d64cfa42c58293d5627d54b7ee671c7b02b56c9
ISTINCE4	0	1	b0e5679435aa3f62a98cc880682ca8decfdad6f9bd9e1a7f4430ee51d60ac52e
ISTINCE5	0	1	1aa1076eb0ffc82508321669c34ed64b8dbf54f41e4568d7cff1ffcb7ea05f6c
ISTINCE6	0	1	d2a30db6ebba2715e849086707d59146c5d435652ece8a556440ca05ceaec5bb
ISTINCE7	0	1	2e2acdebd6b72aa8f646579fcbd2f0a9e791acd8ca98f0120f0157b4a2d8941e
ISTINCE8	0	1	c98614c45736dd5747f5813741d1898f9bd915bee76dde2f1a829dcb694755d0
ISTINCE9	0	1	9f1536daf620aec5c7388714929c242fc5a365690094c86d54d6521c66278887
ISTINCF1	0	1	daf958bdbaeb7d7ebcd4d102310ae79cb6f9cf59ce184dd978892e1bcc25d0aa
ISTINCF3	0	1	5d2a0cce46986480f9c8e854f29fe312cac4bc3418cdb675f5da10f59c52422b
ISTINCF4	0	1	c6831d5e74b469f51b8ae52af49408a78c64ba236a2fe8e8d5e609997ba5eb85
ISTINCF9	0	1	a7e04520f31263617589121a037a1361e025d20e58de0fc0770b23dd4eadd2c6
ISTINCFE	0	1	6da35e34e7cb6d49cb60fdca708b7e02c1ec952306631aa8c19ad678f55dede0
ISTINCFM	0	1	06de382b0f1b66ab0064e9c9efa4cb2c639ca221a364df521b8dccaf0101653c
ISTINCFS	0	1	22bbce37e3be5d5cc8c6492b154c5f42726d0a6fa196e2eba3eff9bdfa527a56
ISTINCHT	0	1	6d98a94c7749a9506dbfe39cb3a4d0f3cb47b44f930b9883eb6c708346c6c8a0
ISTINCIB	0	1	1f18cd5186d9eb41f2e132975ee030b2495e1b513d259bfbbbbd535695e5b94c
ISTINCIO	0	1	f6e74f9cf6911a0687a38b2bff6b648c0e6d6182b65f140ed00a20254c9b8140
ISTINCIP	0	1	ebf1a95d7c1ef981ebb40184bdb7c36951dd3c8be01d88e84fbf93cd58fc8ba3
ISTINCIT	0	1	acbf4c31e10ac140995bf2749f882e6f1f584f61688e0a5156a087cde94cdfbe
ISTINCL0	0	1	1d9262846b1de45478cae10458c358fbbc99fa492c417d6d3bc69864fb5e3ebb
ISTINCL1	0	1	8a0b0d2c00a78e0dd7e0415115f5977fbc589bd174c5fb2c79b70bf84414d607
ISTINCL2	0	1	be6c806d0a089d3b75bb181388c284ac40ed0ae3645264a1615956aca9a3977e
ISTINCL3	0	1	2c088074a5d3cb34a0ba7e628d9ec73232b32fcc1cd16941f2eefc0683390198
ISTINCL4	0	1	dd01b414d8e321d37d2638b56a48be78d30984db594c3666e416c06521cd11cd
ISTINCL5	0	1	41622e0046f0ad411f643adb0120022dcf80be35471bc54363cdd525fef493ce
ISTINCL6	0	1	955d664871c3da18703c2b25c010a9655cabf44b30040f06a97cee37da3ed3c1
ISTINCL7	0	1	2eb6a213458f7ef169d5d774facdb5b979bf157d6e6bf78b244a0ba0e6a79a8e
ISTINCL8	0	1	d184214eb4766ee15318a2e68a14376da7e9478097c867f6cc1a704e84bbb37f
ISTINCLF	0	1	a9169fc225ccc7a601d09af11e3abef77a3561d2e20f00623494311a4ec7d423
ISTINCLM	0	1	43016779715a9f2720cabf1dfbe8556b0480fe628f9cf91cd6f5508c9d49d31e
ISTINCMD	0	1	ca93d8017ffdd6530aebfaf2c7487153e77452dc723753bbb171af52f69a00e6
ISTINCMR	0	1	610efe4fa0d9e7bf694e1c75cc8516ce3f41ade850b6b9641549dd917af4f8a1
ISTINCMS	0	1	8806417daa70f6ea81757f47824afd5b75b4e2b01e7ff1e09c44b959c81901d0
ISTINCMY	0	1	24361b3eaac9dd7a713046e6c9e125b0afaa446d9a69e14e94aa72de0fae8c56
ISTINCNS	0	1	7c2b3a767cce6d2f20a731e51681dc2a56db430e701c9b715bd0f9ad2143c56a
ISTINCOE	0	1	4935a6394c953547d446f76d76284318f3f8940f5f9e0d569514184d2fafb0e3
ISTINCOI	0	1	2774686e6080c527c0618532b9277c2fe05cd535d46bdad3252ee3699fd106b6
ISTINCOQ	0	1	279b6cbe3964fd0f93849c9eeb1844bac999d15ff826fff85781fae9e5ffb8fd
ISTINCOS	0	1	c042b12452465958b3e09133d3f5599626553ab8e4d616c32d4f0b1d6216a7c0
ISTINCPD	0	1	9903e8f05ab918c6ea35802384b9bc1a54fc275b3cedb8d857e288b5b09d747f
ISTINCPH	0	1	f320b43dbfd8dabb2edd3f3b5662ca1af67b2892e6d7451650133f3fda430e19
ISTINCQB	0	1	2eaca2845b41e8371d5cd8ed480f5ed0d25d5cc7d005589ca59d3d9949b32291
ISTINCQE	0	1	4572d6bb60c61d4bc5160c9ef8137e70135a654f509be8edef1ea6b967f353ae
ISTINCR1	0	1	18a23d7b380798c46c5cf208d33ca4ee901e4d34a94f622d874bc8db07453f2c
ISTINCR2	0	1	1fdffc8be2a7f119e789b5276435f77b19999c0fc9759def71353c950958f71a
ISTINCR3	0	1	8da54be5a12fc83f4aeefaed2e6ce97506ba8c4070539ec26403a46a4dea182b
ISTINCR4	0	1	6f0f9d55dee9400c066469519e8d9baf65299bda52c7118f515612bd6b45ddc4
ISTINCR5	0	1	118b33170e5645e0e2f26bdbad632b6d1a94c1756ecbfcba4b16f8f0be1b6c01
ISTINCR6	0	1	04aed1e84b1bbdc08e5add3d1c3b56650fd46da8bce3930ce2b0f103cb2cb357
ISTINCRD	0	1	520a2d2694463dc6b39e6e4581879861ab660303f9dee78d8df48f92aa450bd6
ISTINCRF	0	1	f1b8450cf7bd6f8f9c2ba86c0cb9b54feaaf6c11e875761a14c4672f0b78151a
ISTINCRP	0	1	26059ce6259fb97af307556105b1332d9f8e2153e4b76d94e4ba6ebc317eb92f
ISTINCRR	0	1	186ef2f20eaa56122e212d5b7b71a13b94a30edc1142a7315e78f5533183a975
ISTINCRS	0	1	c913ec2505e14aa38b81a96e2765fcf4e0ca3b3f289433c009d530bb9de16e5d
ISTINCS1	0	1	7bc613df50b01e9a2df84b088c4454bcc02404ca65c78b62f6c7f3c70efbc3ff
ISTINCSD	0	1	d2b01dabb39b2fbdbc0902d20983fb82af3dbdfbfc585ff927ba8453ec48f784
ISTINCSH	0	1	f8b38bb7d1e58e96eb41ca8b560da3273fb63affa27253f9cef375bba0ab1b0e
ISTINCSM	0	1	73e63ca1b2de5e0a09f596b19b72f248e99f8880450b9b16918118ad1cdc8744
ISTINCST	0	1	2721020fddc49142641623bc3af5c18220ccb81da850c422883a63e5c3e1ffb6
ISTINCTE	0	1	ae8da22401d0efe1166fe172287cfddd421ecd9c5bca4a863bc1e0f846805dc2
ISTINCTM	0	1	1e2154b7cf99cc588c813069959c46ec6f244c0414ebdbb5d20a9b10a497210f
ISTINCTR	0	1	0c973865189a85f9afbd94fb2c209bf9fcd420bcf7acd782ef988fd966ee7fe7
ISTINCU0	0	1	dd5a7fceb42f2c9aa0e4ee20a7087fd0d31a8d8e6c7c365c59fd0f0271ccba27
ISTINCU1	0	1	045f734823e87a3a11c38b931b201be762d9009e18e1e279218a679b4bf0de2d
ISTINCU2	0	1	14fc4dd5bdf87837c880c5e7d6d102126f7cb260ea7d1ee45b73e1872c2bb8bd
ISTINCU3	0	1	a0f57e5437ec250b858fd64dda4aed0dd3f1779bba51b45eae340748b36b9da3
ISTINCU4	0	1	e4f57f2901737593f53e91a3671286d0f068f566824571c42cb28ebc7067a4c5
ISTINCU5	0	1	4e97c4b6fdf7e066e4ccc3fe9d191494d399681888f0aab272f592cab2290118
ISTINCU6	0	1	74737848d4b68a2a7541e4eb09410d04d76635e93bdb8660175d1ad609e5eb5f
ISTINCU7	8	1	f339a169d4312886a29c78717dbd4bf677490d492208ec233781df543e3ecf1c
ISTINCU8	0	1	a48f0345e4dc23db4fd6b23c4081951d41474886b19fa91e81f6c3614c14d0e8
ISTINCUA	0	1	e40d59a7cd4e2ec99f8648a38725ea49137a562847203c593ee162288bb3ef06
ISTINCUB	0	1	0d4415961c47532ec7d8d80e3aaa6084d4b31e1024f011329aee407bfa80d4a5
ISTINCUM	0	1	5a85b2225ffcfee3bfce7361813c1806577cd87cc27dbb449068f4fb414ae5dd
ISTINCUQ	0	1	fba2043e336624692983980a1b565df49d5b2ead5de4bf577e5e280b4c9b35bc
ISTINCV2	0	1	ae048f0929b884f38a3dda2ffad0a006a5e6f46ce9c238445d7897b328f69b3f
ISTINCV3	0	1	1ba43acbb7a0ec458bdd976d1a652b0ae040d09ba569e01d891dc03298243e79
ISTINCV4	0	1	50e1afa8806c7408b93e61dc7a31453de91aa20bd636fdf22ba6358d7036d667
ISTINCV5	0	1	58f697d010434cd4c394d593782ea1e9b06e8f4e6659e1d979dc20864991cd59
ISTINCV6	0	1	40203e87d3aa50ea44fb917189db05e0585eac7c67816d7c6f692f51ee74e58b
ISTINCV8	0	1	f961f409ea4f4f4edc288e06753ae8124a90ae6c5c8780b027011baa1888d920
ISTINCV9	0	1	38e2abe4ed2ec70f58aa53c0a0186d4ca32e95bcd2f94b280dc4220a09a33599
ISTINCVA	0	1	fd25c91aea5ec8d89e088ba074db7351ebe461049f283b032ca48116c702bf8a
ISTINCVI	0	1	0dd4348e5744fdb2e62b192c9af18667ab2ceb67c89b151d44205caa642317dd
ISTINCVN	0	1	47d143d2612366af1cc799ae3e64a2de5d8dfb6e28fcfe04b491fca1aaf7cab8
ISTINCVO	0	1	3ca4cd0cd8b8a24212d3bd11ce95f05e2facba987c9ae99921e16bbe07aef96c
ISTINCVP	0	1	74117e806401f05235a02d5c855a5b1f306f1599083ef02832927e3244c5fe08
ISTINCVS	0	1	b85c7a82dba982664139d4a790dd46af112f8ed1d2f2408131989245da098817
ISTINCVX	0	1	9e5843b37408c0adb6ff7fa30092115c4b1588fed8e7e25fbcf1b2986cf3057f
ISTINCW0	0	1	bb36e8a6ec648d74214e17ccded7ada40bc76dcecb54710a794dc8d3ab4d1ad5
ISTINCW2	0	1	6a4175dfc4f6ff970fbd39291ca7ba9f31fb9705e89ee686324e4fe830f0759c
ISTINCW3	0	1	4acdbe59ff710601f69a090698a2919f5f1e2707d044ef4451e52bd7d080375e
ISTINCW4	0	1	d80aba0ddb22ecf7553837ef754a95d545b28a6c61136c26495a4f09de8ce518
ISTINCW5	0	1	ebdafc5da63aebd5eca5adc3c0a544e2bb40ab5895cac6fb53dbcd69f2303506
ISTINCW6	0	1	8ca11c357c65a1f77a31f70d073e45eb9364d76e43f812859574728b12136401
ISTINCW7	0	1	6448034f8dac999a6bd22aba504019aa97943bc4a57d3d145310a5f20ddaa21e
ISTINCW8	0	1	111ce4bf7778887b6c367b3d9e0d26d43341e99a6ffd989af58e04b705514630
ISTINCW9	0	1	af52189a4c02e55069c63a46ec5938b1ea09f92353aa2c5203c236d79f2240ee
ISTINCX0	0	1	ddf71ecee57876775b97b0cb71c61c3b3e302044e962d177caa0a7704fbc6775
ISTINCX1	0	1	82f3e4f99d4fd8ba49be1c3b2f22a739c8e71a55418d467c55aa1fd7f2280fcb
ISTINCX2	0	1	bec37e01f38c89e144e7b744013ea751cd776ad11c1fffc5458980e28e4b4f00
ISTINCX3	0	1	272d3cb25295aedc4d55bfbd6f14fd83a896c57cd7970ca4e4f54246fae718fd
ISTINCX6	0	1	bf9bbcc020f718d5afcb135758b11a37b42d07d0064d624b21cb8d45273bef4f
ISTINCX7	0	1	f9ed32013d49a6cd6bfa9824b104189472587b1be05f0c6487c3c106f3a8819c
ISTINCX8	0	1	5450e5c06eb886536021be32ec0f7674182855032f068409a7f600b0585f4e1b
ISTINCX9	0	1	5b1ca190077b88f8433936385bf826188670ad30a07b3ce882546961cb86b841
ISTINCXM	0	1	82d7efcdcf7006a8a8e552fc09273f694650a861b61128505c04177e7ed7788c
ISTINCXR	0	1	ab87bea1004f2afc7d1fdab9be609a9ba6419344da034d875c36ecefba6a65f1
ISTINCY0	0	1	b52b46c25216bf778e6ede689b04041499b7f3ef5f3eb3b6066df3d717d2b11e
ISTINCY1	0	1	ab1d66240d956a4efad0251a3e5cde51d142821c8e19f2446bfada024bedc377
ISTINCY3	0	1	f98d45d3d505b186cf6efcce243da6b05d8717161e76e0ac0899ca34e9613280
ISTINCY4	0	1	68deee89e3fe71941506cf8acbd5d47f23cf6a6c73c6cc886484acc3651a36d2
ISTINCY5	0	1	1ba4f382f5e28bae36a28f73967a075c058f05404d53a7c395daf87f128800e5
ISTINFIC	0	1	763cff3224e7113b3ff8a73a762c45c42214410dec623b372aa157047d433c3f
ISTINFXI	0	1	d1618d94800d4b07071c82267e93c210f29f8fda4dbfd5b851e60993200fbc7b
ISTINM01	0	1	2ad2793388d8971b99a90f7bbf7c07fa23be983b8ce914dd8b0d1c2e3f9f9053
ISTINMAD	0	1	fe32492c4e17ede0fa142cbecc1ffd829a7a3971b4862614345f2f9d87b454d8
ISTINMAL	0	1	7b19d9bc919e2172d9089115bcab0064513f28fbaa3502a4aa735a169d8814f8
ISTINMAV	0	1	8863b92a24dc0617c1acd86d810b79c25eb59790e58ecb1f6bdf6a8f335ff20e
ISTINMDD	0	1	c3a505751e9fb341cddf7278ae20fe6d84d8c9f5619be04d53b56ec02aae3045
ISTINMN8	0	1	f8264789100ab43422c32128bf9720594223763986b23e25df4ca5bd13cce3f1
ISTNMC1S	0	1	51bbd45a8e127f1ba8c87a0d6bf5488038e8bb03ff4f54d2c65367e7bd1edc9c
ISTNMC2S	0	1	81474302a8a8f5d148379e3e2b49351807dfbacc9e5ecd58e17d92a87295d401
ISTNMC3S	0	1	73186206a95efe4e85c146b7a3751dc4060f3aa92018a3560465e11ef747b5eb
ISTNMC4P	0	1	5c8444bca65cf6881e68baaeb0c9f3e48cce1ca3354d3801d63f38406948dec5
ISTNMC4S	0	1	e5179f58e1f6e3419d3cba0fee2648c4a16fcefcec89d51491547103461ee507
ISTNMC5P	0	1	8cc9a1f56a50696ab586dfb0a3b257f01cc5e47757a05b4b630763f1b011d681
ISTNMC5S	0	1	13f3eb4c88504ab6d69b571a8fdfb6f3c30a4ac91b7b8807aa5da7ac263acb99
ISTNMC6P	0	1	4984f18984a64fa61881a9315ad05a22635bee29ab56dce691e1d47f5301bc33
ISTNMC6S	0	1	da6415a439c5e4f9ec7eac28b4837ca38618040353ed9ba7be89ec148d2d3e01
ISTNMC7P	0	1	18cd0bbbf10fb8f82416145ec1584ce59acc732095e355844f6df53cd287b303
ISTNMC7S	0	1	6c7212a29206fc90755b8bd77ea0af1b34a86bbfc8ff1e326bb8579c3b5d2abb
ISTNMC8P	0	1	9d971d61218775d5736bead7b1b408fccfb32850bb43a1365caf989f62a93f1d
ISTNMC9P	0	1	5c5442046d0f4fa5e4e24bf42c86bd3633dcd6fc5fb07fd9f78201897b6e12ea
ISTNMCCA	0	1	914c63a33852752e21e4921664c9802277357e5a6a0b3530d81207c031f63a1e
ISTNMCCB	0	1	40a3a75af9d00ba2ffd01b16a7906fc7f68128fd16269e65d37120ab1db07b20
ISTNMCCF	0	1	eb50795455a4dbc78d04511cf26fa9bb9be2aed05ebcc501f352b30b594438b6
ISTNMCCI	0	1	fab714fa8b60c65902fa9909a9f89bc24383f3f631613234a8afc4fff9a02149
ISTNMCCO	0	1	9d15ca7ef50b5d80e2c8d666500fec8aa7438b7a1a12dd00fcd5a46fb4275fc4
ISTNMCCR	0	1	80a8e19d15412d17a940759edbc215247607837195506ad6c2936d46b8a846ad
ISTNMCCS	0	1	528cde52e0003b3f7d4ba9de08c5c49db7e65532782db80df26808e029650451
ISTNMCCT	0	1	1688bf8fe7bf0ed915aab07248eae0f1e1522449275c80410b9393ff0336bdac
ISTNMCCZ	0	1	2d7ba7e212aadcd3b69dd77e6620cbd93835dfd7ccfd08292e13755e52944373
ISTNSC00	8	1	f59220c0801a961ec6f0eae3d70aacecab409500fbd6d33bc2d780c3adbb688a
ISTOCCCA	0	1	5ed80f1afdc22b0d389f4f83d6fc137071331deb0a0fbd998210b76be66c1c68
ISTOCCCB	0	1	d63cb44078312c7e257be472535347618dc2e341ea149fafec36866edc4ab08a
ISTOCCCC	0	1	35bb2013430ca40950a7d6478e1142cd9ae0b6be87ce2c79d03c3682cc754843
ISTOCCCH	0	1	0800328d74644ae81b985de5c024113b4f00c5b7ec70198b6d2ba9e964058e90
ISTOCCCL	0	1	f6bd8d2df765013936d22d88aa0115fb63eab3d0d617f57446690cff877f57c9
ISTOCCCM	0	1	b3e2aa35fb8419a4c389cc16bf8966e20b58094cb836951a816cd15f7fb5a637
ISTOCCCN	0	1	b6be6d85b14652d1f5dbdae6b38a0eba28903b4363690e6c84c445f18c4896ff
ISTOCCDF	0	1	60670d1877368bff0a735319341497b268c431a8185ec02250bdba727b9da9b5
ISTOCCFB	0	1	a3f31f37e7f14412a9fc6ed7e110898dcfe08356dc36b352e5e3e10ccd954fde
ISTOCCFD	0	1	d2d921ec7340b037827578acd8a0f8fc9998e3734f205bf94c647ba698b89222
ISTOCCFO	0	1	9ffea545675c4f69785dae049ba1e027e64094dd7abbe3f81a77cc16fc3041db
ISTOCCFR	0	1	871370b292eca9e75d6065fbe5a6916423d781612e6d7fdfb52362850a33feca
ISTOCCLD	0	1	0c941be094746730959b5a3fae2ea989d15903b64a2d0bca7328098b7826d57f
ISTOCCMD	0	1	ac5135f28905323c755097387d52e32ce25b40b4b1daeaa947f17c431dc0a4b0
ISTOCCNV	0	1	3c59bc0d7b69332d23e36f984aed348a9fa444d6c99a80c1bf4b2118d1125508
ISTOCCOA	0	1	5de28efb9210c210e0ce1a24404706aa6d49e69930d4c5649e70bd1342716e19
ISTOCCOB	0	1	9121249d76fb02606e46aadf1ae7975102b6a9afc6050dbdc5e26bc8641eab89
ISTOCCOC	0	1	78fc36994c9043494b89f3c7cf58f0c70a8c07a1fd5419541379ee898efcdb54
ISTOCCOD	0	1	285f54c5bbe60d38c05c65a6927592844374c8e4e9b35a5056f73848d5bc309a
ISTOCCOE	0	1	0e86020995a2703cc4681ce02970a34c4336ab0d730574c9dd3f04e38195f065
ISTOCCOF	0	1	b311c1f10e09dee0cc2602c9f0eef2cf0aca89ca931fce819c4f6b8ba234c6cd
ISTOCCQU	0	1	acfabb93d3e9abecda0e511cd294b843576e7008f9a57f50640886e31ccdb633
ISTOCCRD	0	1	86d46ee265be3cba845f314f58063c71b81f3e14a7be9da9feead4dd59f9e9c5
ISTOCCRL	0	1	dc9d3b9534995b77e406597abacb3be967915e831cb6021c6d69fcc190ccc7b9
ISTOCCRT	0	1	21e1fec2e9a4be50be2d1fcae53f9f5baf821c93f8fd016e6c0ae9758d9efaf6
ISTOCCSA	0	1	3d631cca5d63b46927d114cd487e50c09ac4849e0c146b309e4b0b2130aec5a6
ISTOCCSD	0	1	c925057c4b60ab99cb8b636efb0287b3b4b8a45b372580bcd43dc165abb9330b
ISTOCCSL	0	1	d1ea5fab40edf635c49ae5b52551128603be64e43696bdf314f4f9c113bb7566
ISTOCCUR	0	1	cba5729f937e6256af8d970ae6d1a0d9bc4a764af9e4bb3ceafa65bc85ca922d
ISTOCFCX	0	1	5be3937da9709f37cbfabd254159bca7d2b76806089a354b81299a58d320f331
ISTOCMDC	0	1	30dec1960a18b8daeb3461b6c9235f4b62da1da0d1b71a60a892dc4feea142dd
ISTORFBA	0	1	8ed4c23d003c44002fe6d73e6fa9a3b0e167a68ee3475330b12d50f49396bb71
ISTORFBD	0	1	936e88542adbe6d393390d4b2e80eb9891c7c4ad7932c9ddb6a2e0d8e6168440
ISTORFBF	0	1	d6a6099ca3921e1689259881dea4bb61711c32c1312140d77fcf5f033b83a3a1
ISTORFBQ	0	1	7ad0ff03ff232ec26126f5fa7c15bae97099dd5488d11c568baa1a853b3c7935
ISTORFID	0	1	42dfc9bfdb473427ce107a1de977634360a0e4d8e0fce45b8eebc6824aded39b
ISTORFPO	0	1	47631527ec1692b2c55cba689100ebd6f8b8da60b5dbcd651e6c19712cbbda97
ISTORFPR	0	1	06cd109b53c38f0d5e902426b91ec8afe01daf123ee96833ba7bf1d37e226b5a
ISTORFRA	0	1	e62c0512bfb0c49ae79ec14eff7ee93caba5136a8a60bc4e7c661d86014bb174
ISTORFSR	0	1	8057f32f57eed4a65b76c1b26d6d6643b32de3202d38e709cf7b36c2b89da821
ISTORMMG	0	1	db753337cf0a1d8d78481bc51cdbb3c8bd80f8bb049d6675d6db1db32ef4c29c
ISTORMRL	0	1	06060760cea52d7c5204f9a9cbe12337b32d3334b0dfbd10f8931c192cda8e7f
ISTPATCH	0	1	8e8a7c39ecc6fb411415858829f139a0cb59acd3969a09f0281d8732db2e6d19
ISTRACCA	0	1	4af8c69fead263cc345343961c2910a13b322b50275ca95dbf8f7f61d747538e
ISTRACCR	0	1	5fdf53fecde164bb4038e25f42020f6805bb8331119cecdc0ce81b97986ae3e9
ISTRACTB	0	1	d7e1904d80ccbeba62f03d0fb39fbd82dd39bd27170d78ed5e8881ef0ed2840b
ISTRACTL	0	1	0b3a1a60f58b6ae2e8d685956e966acb99001d206ebf2ff335803fb3add92e51
ISTRAFD1	0	1	7b7991741e9c99949cda48db71c321e910dce1d8edd17cbc83ba58bf5911c510
ISTRAFTP	0	1	9f333377322e430d2a456bbe2a3463d5e4c277aacf03d5cbbcde0cf385c140b9
ISTRAMA1	0	1	0570531c2a657be0cd342c40b5d83109cbd1f2b94d9f3c9b2430eaf5dd0fc371
ISTRAMA2	0	1	1388afab8aaf74e72d2bd04748eae3c163389bb3278f437cc72547e73a4b6653
ISTRAMA3	0	1	1f899586f25e71b1d61968e42cef74f27e7adb03025f56d86d1e6bd3a2d4eb88
ISTRAMA4	0	1	6170033b5b66032d1062f21cfd368c5a943cf64f41a814f11de80de17b1bec9b
ISTRCC21	0	1	632bb45402dae2976ed76911826417bb7517c85a483a5def79bcc276fd3b042a
ISTRCC22	0	1	ebff106fd7641c4115155707e0602683d569cd6d3f67a53b8fc13b28255075b2
ISTRCC23	0	1	96028aba274e3d4d3d63fc07714774f75d6fa65a588da4278bdd92f56f4e209a
ISTRCC26	0	1	87ddbf23e44a8ef2d05cc31cbae27b534b8986a35f233b4d023a38da7b366734
ISTRCC30	0	1	5f87b166a1e3193c7dc9b8004ac498a666e79865ac32252e29307acbd0559c3b
ISTRCC51	0	1	aa3bf617fd7e31df46c479f371a06333de1dd64c4b0c7cc503263741bb4d6d2b
ISTRCC52	0	1	223ec7f811496cdec81a95e8f3699c6ad2e3f63e45b66c7f78f0da2f57bd60f0
ISTRCC53	0	1	51ef750ead6cb880796f14cbba23836bf4d56accfe02886fd81b256c6d9cf7af
ISTRCC54	0	1	170bf8be77124e44e672edf0b5505114acce159be74b8eace391ba8bbfa662cc
ISTRCC63	0	1	37bbe72ff0cf44e24036bc484000b958292830ec17220149073a1919003f2961
ISTRCC65	0	1	6a25fa2b0112dd44ade21407bbbe8bdeaeebb1995d677f4eb090164b09dbb434
ISTRCC80	0	1	00ac801e04e69586180838f67b4f6e0bfc21bd1f1da61e796fb8e99ecc27a467
ISTRCC81	0	1	d01670cf86c60bc0f5bbe188ce0299810b9a9235fcb340c3c5a963257d26fc62
ISTRCFY0	0	1	1f65f9aef43b74f296466c615d169fba9402ac16631303082a8cd70105624bec
ISTSC020	0	1	1f8a54d40f0264cdeb81a88d7a63728fcaeff225bb379a8e366845f26b26c9dc
ISTSC021	0	1	46e183ca4dba8ad0e6ef2288f810af23a73481fba728549aa5a6752d64d5ebfe
ISTSC022	0	1	66657a1ea356fd5f8908ffb7a4f9a7613167f7ac8ea4ac2d093d381ee63640d7
ISTSC023	0	1	914469104ba7787a3541316e4c00ed881a2f6213a9d263aa0aecd59b8e4dcdb0
ISTSC024	0	1	8d42fbcb3fa15799396bde8ac32ab38e0756e5019f72f759866d20b24c0206d0
ISTSC025	0	1	733988df4e0dd4ae7c336203a942a710d1dbf116ce10b457c6c125c439083168
ISTSC026	0	1	d78f23a30d5f3e415413f6fba29c77129a2ac664bd67dc6a57b48eefd3b916c9
ISTSC027	0	1	5203f49dd079dbe9f96510eecb1b0c14d2c6476b5606a9629b095901ecd6c2d9
ISTSC028	0	1	76899ddbbd0e795fee79dad48df6db2f007ed8a52bbcac5c9f84349d339f2dfb
ISTSC029	0	1	6e0c0f85d7b101ad51dd35f78512fadcc18a6636cf3da983726f13c0b2bf6416
ISTSC02A	0	1	8845daf4f6d8d544aef2b835d60e1e5831512c83738e7f553839218ffa571f4f
ISTSC02B	0	1	6b176af2512a63f2d7f75564c8e85e856e14054f278c4334412fe75bc1dd8605
ISTSC02C	0	1	81fa648eee2e9cfa92e27b7c583326ef6c7bbb55d07075f3b0c5caa86a919eab
ISTSC02D	0	1	826e93dd9eb122d292c73b59289d173ebfdbf0907b7a4531ec3fa1777cbda44a
ISTSC02E	0	1	8e086f09cb7c4bc906915326d5694b05c4891a21f59d572bec2ba8526642681a
ISTSC02F	0	1	da1da375a05570b971f8fc3ec72480dabc81bceed355d9272c2fa9c663241d68
ISTSC030	0	1	d6b79c9f60c1d6bf422217cebb46d7d02dc3c5bf3be1162464e37bc79310a512
ISTSC031	0	1	6b7aa8f80379fa27fe2f4d71ecb8278c78b09bba3f587c429d615eb436b85c8d
ISTSC032	0	1	e335d93394b04318e660cc77fe3d22cc93779c34ba2ae27a140095b76cc5ceb6
ISTSC033	0	1	30b0114fd565e2a88348ceca0d8a34d9494143501b00d59fd8394d660a7c4e9a
ISTSC034	0	1	c066b6425839ab910715dd8dc64c9282c06f10c2b43dcdfbb701e4e909aea9c8
ISTSDCAL	0	1	32b5a6a6789a7d0087fb858da48c0a6aed3f0c3c6e39935bf3aeb80c660b2338
ISTSDCAP	0	1	1e6fa020f578999ffb7728c827347b68fead55ca6e3068344f42f5eddcf04670
ISTSDCBU	0	1	b7336c1b212325c517021de56033ca2c1986981dba15a8023dde2978fc4e0882
ISTSDCC1	0	1	aa9ccf1171806819dd384ba2e76a6dc1722d6290168e63d344a306f302d72708
ISTSDCC2	0	1	8cf085111046beb9140e5513c4902a9375606582603629d15860030393b540e1
ISTSDCC3	0	1	7b551e71f3baa92eb12d6536b52d1353ab396abf04669d1abd0e3b38df259e1c
ISTSDCC4	0	1	02d24038998a81e7756fc4925a5e86b0bf6f91a54d591deca1d4d1b217bf5b13
ISTSDCC5	0	1	3a2242b8881cf5ab275517760e27b856c4d2cd1b491c1a6f848ae41858ad6d84
ISTSDCC7	0	1	73bf5c1e5ed25605beff5d3387759b13c27d931819783c41a160a6ed911c9939
ISTSDCCA	0	1	99f78fec8a60cf31a489dd820125c2efa62253376c526a93f29d6583b9fa8ea7
ISTSDCCB	0	1	4960ed305e9bde4f12b04b85662ac89e0032549492d7098c6af8250ec22db6b9
ISTSDCCD	0	1	46830ef1d1df3bf27109b87d91dc6ac69f7ed07070589d4b904f6261a0e81092
ISTSDCCF	0	1	59e787cde1e32e138bf9d5ed990b1403a2a5f45a8f01de9d255a7d367169ed3c
ISTSDCCL	0	1	55872b1a4c8abc2ae9fbe2d9aecd252e0255ceecc228e4c05bdac303941f7ba8
ISTSDCCN	0	1	837569482c7dce35cffdc065fbc7c39ff36ef8389c808380705b01738525fd00
ISTSDCCR	0	1	7a407c693cd33d35714e05bdc23a2c3fbdc2afca693e542cbe64019474b40009
ISTSDCD1	0	1	3d28f879f3c56e2dfe1dd0c6577b12080b8a2afbef7dae439101fb5437a3def6
ISTSDCD2	0	1	85469b309ba463d85c94d37b7edaa91c601d6cef30eb9013d10c3f0cb2ae91b0
ISTSDCD3	0	1	8807d4cf48256c02bd42b5aac7346de4d43dc18264ccaeec6291ddb1d32bb62c
ISTSDCDS	0	1	266337698a5a76606e288c710eab2901115836808f6bea891304d509a19c101d
ISTSDCGE	0	1	ef58fb4a1c4ae72488a8580faa0eeeb8f6d49ec553259f36d9b6ee48c0d437fd
ISTSDCGP	0	1	81380c881cbcb743eddc60686d5fb5bc9c0778d2cb0aa200ce0c8a945a488931
ISTSDCHS	0	1	cbfe1c551dafcb6eb5c200acc85bd2dd614120abd6099a4f431b04822062f93a
ISTSDCIN	0	1	256676e65cde26365f6be34df591fb7965ba3c7a4e734a256abc7f455dabd6d7
ISTSDCLM	0	1	9c6c1437b7f14f38f3c896bb7a73499771eaf4d01d75e82323e707bf78b18052
ISTSDCLN	0	1	1f68a51e65114bda389aaa8051e9b021874d38654915cb72d29b9214f0fc882b
ISTSDCLP	0	1	f499c7f477afdae223f24729b8e5a4c603fdf11c39ccfbc9776d60f7d4506a90
ISTSDCLU	0	1	b702c1c0854e636ff2a37fe8dc9e9143fa6298e4d23ad964143d466e46869893
ISTSDCML	0	1	05931862207a58c03399bfc9d183f3301d7f1f3a550c673639ee8f62f0d47d04
ISTSDCMT	0	1	b9e774374a5a927fd1c07ed7265f4b5360e130172a245c0efa965f075ecc8254
ISTSDCOD	0	1	ea87aa8cda19d1b12e250f1f8684ab44b42262cb94a9d945c419ee623758d68b
ISTSDCP1	0	1	239807f01748718da7f033ddc0136860ad0ebd9c0be7254602b4578abcfa2da8
ISTSDCP2	0	1	2da9473eb406974cb98610ebf3e508a15f387cd2bc233ae435b55392597671d7
ISTSDCP3	0	1	331cd14068326bb0da8bcae779fa0350106a5a859860a25ae74f4c5cfaadc758
ISTSDCP4	0	1	d5febe938108f28b748c4f2c1e8bb20873fe462a1e1f00c39112310f9336ef74
ISTSDCP5	0	1	42ecd2988fb918a02d9a338d64ea463c574b53cd0b13a1b7e3bd9edc76ccd558
ISTSDCP6	0	1	87bc834ac5ebd0fa221b065b7b24f46386dfd3271e45e9199432a8aae263948e
ISTSDCPA	0	1	5be98ff2334fcd64100984c20ca80f5831bf85e96fc731ca50390ccb47881b10
ISTSDCPC	0	1	420a3eb598b761041da477d8f616212cecae60b57da7a9da5a3c82b74f414c69
ISTSDCPU	0	1	6f3a57720d12b9794139dc4c4dd36d2099d0e1520c4c113bb1dff89ab7148f7d
ISTSDCRC	0	1	99d952d8e603ab488509efa02eb76b398cd3d7243ccfc3078e4187a9bbf6902a
ISTSDCRN	0	1	7d6babc9c14539936b12f4b981a9f9a2864d22fe0108ed49c13b8abe943911ba
ISTSDCRS	0	1	d3b58cf81d0a9b3e1d999bc4cf35013010d3dbbb03cb1e4d8f8370d01afd8a50
ISTSDCSB	0	1	40b5a2631e20f7f2ef68f7260aeae835d87088cecea47d84fd79a38c48958438
ISTSDCSC	0	1	04563330c785fec7cd0590383bf422a2412205374bbedfc525eda25107724e28
ISTSDCSS	0	1	68c2c20ebb98f78abad5c710af894fac8a9c9b76cb90988b96f7d68703b3ae2c
ISTSDCSU	0	1	c9f026d29c097d8f688c3d9beed73cb4aee629cae05d81073334c40f8a8b3ce9
ISTSDCTM	0	1	77659f9c1dbe0b499766d9e3038a24d9999e5a02c31057b3151d015253f6ab23
ISTSDCVB	0	1	659da62ff95c239276f959209cd5f487c41e95c42353630e7e84e87b3c2b0c54
ISTSDCVG	0	1	72f9ea70e6e4bc35f65005c94920a1187fdf22f2cfc8fca1375ff1933af47c4d
ISTSDCVI	0	1	a95f03ddbaa168186911f669cf9fbb068a49f3157b5d6b132948f9cade199a36
ISTSEC01	0	1	a9dc5bed5891c3b5f866fe30eff5bb78c0bf5fbeea96af87aaddac33423d8a68
ISTSEC10	0	1	2b04dc2b31f5178d780a252f9d76bb247ec4da99efe37a694aee2d28253bbb4b
ISTSEC21	0	1	575910fd99b843cd0f6a3e227ae14c3e40f90875568e0e9ab631ebf170f95822
ISTSEC30	0	1	1b8e66429ce73665d3bc4172c12f6b634a2faaf4f006e32a213d9134101790c7
ISTSEC40	0	1	3eb1345d5b3f05bf38eb609ab09557d99258e9cfb9302eb62310accc662f0dc7
ISTSEC51	0	1	f9fca68427b0e281f711dc4b882e8700622ebeaee609996bdd5cf96f33b48dff
ISTSQC00	0	1	792b9fd36fe748ff170b183feb73e9252f13733584828ff2f0883b80baf51816
ISTSQC01	0	1	bff85be167f392b7b9d27568a438e023b5e08c77adf4bdd23f0971ccf06b6b2e
ISTSQC02	0	1	b4f9d42d889325106a38bbd20e4a2dd49cdd894a0406844910660d41755b8c53
ISTSQC03	0	1	f84b90e33c23c23f5da880d97d1629e2a54423f42e8f77eed46b321f19c0703b
ISTSQC04	0	1	520d6157ba176477a5d1e07819c5b463edff32bd7100bb279639c1b4d366b210
ISTSQC05	0	1	b4eeeec479617bb0506bd6eb2b85d612e50019cc7503f64394ba79468b4ed4cd
ISTSQC06	0	1	2beb2e6d0c6f820eb6e6bfc664c4073917919be0c6a854244952e26f40867b5b
ISTSQC07	0	1	afe764b520e0c87106280f3c8496df836e68c4fb96490e6ac4630de6bca4206c
ISTSQC08	0	1	d3994bcc2f764e01d5fac27268bcc08e645b3e0c678b155b1459e1c6640a24c1
ISTSQC09	0	1	fc7b79debc96fbac81ac2c83614a74da9a31fe10f9747f844fdeed1fe355a066
ISTSQC0A	0	1	b6449d13675393ffd1fb8915e34fa478561ce3095f5d6ba65fa4bbc903d97e52
ISTSQC0B	0	1	46a9dbed61b09c27713c65f468aaaea5e0756aec8df935b203fc8da16c4456c3
ISTSTC00	0	1	13c8bc0d690a7519292237150697b29fda11bc10add31ee03eebd788a3571cd0
ISTTC035	0	1	f53160915157ef7ea2305464136726c1ff5f2d600a99c039a951382312de9010
ISTTC037	0	1	5de07197e5e300eb803c647c5e994b23fd68a124c70f058c801ca35c922b7a3b
ISTVTLOD	0	1	3e377c9f9052cb4c2cac066b9b2801c8d08203766ddd3e39a6eb949e58018726
ISTYCLUS	0	1	ba057b19c68650d52547786f9011e9f4562f40e0e1fcb094310762942f868ed2
ISTYCONT	0	1	3035d28a88519f7745a96a2633332b243713fb369bf92a155d74e950ea226c39
ISTYPSOL	0	1	9b7bb33322261a3693ae77b8731d9ec73526bb86d0494880ac53a5fdcdb16702
ISTYSSCP	0	1	bf3d7a2d1a819a84685591dd18545df5f241f02f54709aa51639f3c3643244d2
ISTYTCM1	0	1	df4c05a6553daac2227b0a2d50b09ec0b5667bd6f918af9d6e73ade8b600dc3e
ISTYTCM2	0	1	2a6958fae03ffb115e306993e21ad47ee4b925468f5d7f6cb3f2130661dfd14a
ISTYTCM3	0	1	badfe4c0c7093865300a7c0185a5a71d89ee3f1891a3b4144c3551b1305e05e9
ISTZAF0A	0	1	f768a72162b36df2cd7173a150a25743f19b56d94a0550bfe4aa1b6c0602970f
ISTZAF0B	0	1	58c8849f1ad18dcbef0894e24c13777df13588f8c2ab6feadcbe67f683074ee7
ISTZAF1A	0	1	4f480e57ae05bf5e02b6591373468b14256502e20bc3f07b636af04598b8f650
ISTZAF1B	0	1	09040d350cf8937e8b47ef54b65d060ecb91fff1ba5cfb5d47fab1208887a652
ISTZAF1R	0	1	b3c50758de66ce76e2346813cb2e922b7df89d86daf691adab5ff04d5357aa2e
ISTZBF0A	0	1	93f6621497b458a31db5a65cae4721921c45caceabd387abae0d5d6d9b3ece36
ISTZBF0B	0	1	3e8e7cd97ff7e0c1253c11c29ea03f47dd8919bd564b36ab3259d10c7333d104
ISTZBF0L	0	1	4b5090551c2ca783c67106c97b9af9e170beb567ccaece590e1ef897fa22c962
ISTZBFAA	0	1	c227458f3df48f5bf3bb3c5ae23bbc1b7bc91596bfcabd04f03c7935f04f83d7
ISTZBFAB	0	1	996ee06e358578d508a3d307ab24501ea10518140eafe65235297d5397e3a7ff
ISTZBFAE	0	1	611e344325a2c201018cdeed6e22fd39c00473e99d22802f6770764be7e63e8c
ISTZBFAG	0	1	3f1eb95ad68bdd2140d924e11891dd6dd62f91b6e52c9b37a4b8b17330c526d2
ISTZBFAI	0	1	8ec788366bb2a4eea170ed1d689beb7e3a62f9deb4e4f2a475fa543421726146
ISTZBFAL	0	1	63e5367957772fc4696ec6d2299418a8b22f228fc9fd18ffbe745efbf7422eaf
ISTZBFAM	0	1	bd5218ed24045c5901edca4fcd06a5a1a3f69d4fe4bfaa80bad4c961985cb5c9
ISTZBFAR	0	1	297df49e94265d042b98647fdf4e582d84784723b000b0d59ccae0b3f881e17b
ISTZBFBA	0	1	9b34024aee4cc2c5a57b8067c3dc72a3898a19da24afc5767b27565c68ef23ec
ISTZBFBB	0	1	f3bb9fdcf7964d41c11b6d491cb3036792d2dd1d3f70f657126000e6cdfe2519
ISTZBFBI	0	1	0b3835abf552a071198d3ac532ca19b406a44b30e3b2df3dc82d2ab6cc0e0a37
ISTZBFBR	0	1	a02a2af1add31b5ecce1410a98df2eb3a199fbe333f88c493572cb8cbf1d5fd8
ISTZBFCB	0	1	2e13f0edd37bc943e9e12cdb680451406fee6bb19ec7b9b10098f5fa92b4d378
ISTZBFDI	0	1	60932307d7916695a0456223d277e8b1af5a6fde45093a033252603d6a8c7e56
ISTZBFDR	0	1	34e8010b358bd2d272abe6e8e609fa3caf5f78b0ba9e90632de601c0164fcbd3
ISTZBFEB	0	1	1c5a26e90d062c3eddf7151629c1356da8a5e9f70d9d4bbfe3babcd43c4da52e
ISTZBFFA	0	1	0d37538d5da26c2786720ae034bfdfe64b090dd0b3a442506ba8de2ec9ce080f
ISTZBFFB	0	1	ca2cc4cae29838dbd269388875fff73536d28d1c4d6ad2f97ff5431046deb2a8
ISTZBFGA	0	1	d9728fcdd7c85b63a3d7f88648487f8d3331b5c285190988185d07a5b07d045f
ISTZBFGB	0	1	e7ca504047cd18fbc0e1f755320756c78910f206f563301bfe79a7ce8ab3745b
ISTZBFHA	0	1	a83a30a891314becccffe4e0901f49a4f019bf45d87f6f40c491ad55563ad683
ISTZBFHB	0	1	8e37e3f540f10fd9ae6df59639426e6fa68343845f9e952b7af0d4f0d878edb9
ISTZBFIA	0	1	a5d50af041c123b9607cbfc99d36ba81b70df0d27953868dc28816a7362fdc7b
ISTZBFIB	0	1	a4b33b4856be620bc1f86ef8ab0a50fbebb99622598d9a01a69c7758ceb29a2b
ISTZBFID	0	1	641c406186406bf3d9167503075e86dd68b451106f5a61204b9fbec5d7f00397
ISTZBFIF	0	1	2b5ebded0624fc10ed4a48592af3a6ef493b5664dbdfd7d0edaabfe83c3b198d
ISTZBFMB	0	1	572c136752a3b28f1a00b7d6647645bcf5a3e2b7cac56d79c6c08eb2ea8a86f0
ISTZBFNB	0	1	bd6e068355acb129de181886dde40605e8217e3694351626074492e3490deba0
ISTZBFND	0	1	94aa82a7abce38f8e814ee1994e5d7e23e83d769f1830ddd4e394419f878abef
ISTZBFNE	0	1	10d8c927a4e9d261882db746cab2e21a66bb622038557943e215f72332e730e2
ISTZBFOB	0	1	cde3318d752424383bd0014f295a28d5c981593fdf07c581bd851b702d76f781
ISTZBFPB	0	1	b525557883f2923d2148764c452c3fa8495a7cab9798abd1066b6efa82476d5f
ISTZBFSC	0	1	61ae6fe063359cc0bd20066f582daeed27eb1e57d6a84e484fbcaaebac78d687
ISTZBFX0	0	1	956a80c593a1287412740b61093d3dea1d372301b4e1c1cd671665c88381e93e
ISTZBFXA	0	1	9728bf5798e6b7799c081ee0fba348a538150d33efedaebdff1f88752f16bd8b
ISTZBFY0	0	1	b9c743c9d795205268ae727b8311f4182f5ab71cd71489629a0ca63d460e8032
ISTZBFZ0	0	1	8523153103271416abaf4e73a6f0aa1a8b743067e1555b87f5c59895c02ea040
ISTZBM0J	0	1	24cc2544e4c7037a2bb3131fd48745bb8fc8d56201f96bc97dc75fdc33be547f
ISTZBM0K	0	1	35d1a2b8b006d44a48434a2b25274e4dba31030eb841ed6ce3899dd879bca270
ISTZBMJA	0	1	f328df33d9ca36887595534260a961ca6b58a0ca32240b843e99b0b2a2fbc6d6
ISTZCF0A	0	1	06f90e85ee7937c40e034ea0bb8f076d37cb0aa4785ef79385c33450331f53d1
ISTZCF0B	0	1	b164075a991ce29293d8da29bca838ee6f889c0a736666f3799b8e9d216154bb
ISTZCF1A	0	1	4c600d4b33c9a3c93f0b1e601996fea7465196c31697bccabecf5d036d516ab5
ISTZCF1B	0	1	b04e8cc51d537869999f7c8c4931b9382f74e89abbd2ed85d6882659c0b68598
ISTZCFAI	0	1	ea2da9dda580cb005e3fcbee8ee383be88ad2092f88176b5383e0c404c61cdd7
ISTZCFBI	0	1	020bf21ece421750f9729b827e2f9527d078dc6c3470a01a82cf56eeb8528d21
ISTZCFCI	0	1	163305ad6f6ebf4368d775722b5a8444f329bd6b625509845bda7dbd93efa6e2
ISTZDFA0	0	1	ec7d9bf33c6b166b25c298205e51497a329ef78a2667404343b6a0ff49af4117
ISTZDFB0	0	1	f84cb1bd72a82808ada181cad0887666dd0ab15e9e2fb93816b9ccdb0d9e390e
ISTZDFC0	0	1	4fbbfab256bf7ce4457e6a0023ce5482dfd65e2bd7af03f272eabf58e5286cd2
ISTZDFD0	0	1	f48d76082a92751ee54a2a2cbe3e43ccec89b8c914d43427df969f41ac4e7528
ISTZDFE0	0	1	2e2b86a9e82661680192f1e377dc4315e026686acecc1e5dcee895457f880090
ISTZDFF0	0	1	ffc551e2fa259e5cc48ee43a06373cea53bba70cce7fb10d1a430c7104d2cf2f
ISTZDFH0	0	1	f32e93e0c366aacdfde71d573a991e903cd9092194803c1741dd137fbb04e0c1
ISTZDFI0	0	1	7c7fcd5ef9d8863096672ffb690d5b2f63f345c876bc71100326c48d4524b7bb
ISTZDFJ0	0	1	7357c1c1fab2b16ddb84cc1f3469e33b949e9f505250a49a59d63c6eb65edd05
ISTZDFK0	0	1	2575c96c60b1a8876140983c9dc50ffee93286c9371eed18cb8de675c67d884a
ISTZDFKA	0	1	7626742b0e151e6eb35c23caf51588efb5ce66d1ed8491db1ad28b2feb26d72b
ISTZDFKB	0	1	46471ec6503ed29445f710398373b128d92cd68bce0a25676817d133bde21406
ISTZDFL0	0	1	cf01b95dff339d4190802a4ffef974c7f105768f4221aa1b9c65bea25dadcf1c
ISTZDFMF	0	1	c98dba9168bcefe561a2e4192f8af9d182fac01919583ace968ad4cd6be09c44
ISTZDFNB	0	1	a96f3e95d9807cf126e59ac531562e63facd9f867d2ab2cd056d948afee0efbc
ISTZDFPR	0	1	433873d8d8addcc58f5139776f691353f3ce0f85d826d78e1b805163dce1bbd0
ISTZDFQR	0	1	ce71d704fd565571deee6678562c1f5f53f3a8e232e76ffb53cb2f04e894c421
ISTZDFWB	0	1	1bd6f4479b901d5f72a290b1157d7dcd18152122fa2f456cbeabbdc4179180ee
ISTZDFWR	0	1	8da77a1fc0282105090d37baa973acc272921d4158fad2ad3a3073526c66ade3
ISTZDFXR	0	1	9a236eb245c8588f4170cbf2ee849729aeabff14eb44c9de70015586c5f8c93d
ISTZDMMB	0	1	e18d76e9d571993849682ac22f9d3f7953267d899f0c998538491e086831f7bc
ISTZEFBA	0	1	1e54357300a4ac8960939276a7b6b734f880281b408c1f517aaf1d049c4f00f1
ISTZEFDA	0	1	756bb903dc198947786788c03a503ed4804104ceae9e54e7f5e7ebdabf0247cd
ISTZEMAA	0	1	11100cdbcc5eaca66d4cac09cf028e1ccd3a56859793fb89e4b0318905317c42
ISTZEMAB	0	1	51da83ac633fba99e856516fde5da37cabc78111cecb67e8487d34373405f0ca
ISTZEMBB	0	1	570acfe74c3e112ddfa3c40625d4a9053bb8f6f3105abad20d1f7eb9e8210a56
ISTZEMEA	0	1	ff8dbd28c5f758cd021f75aa00ff9a7c637b217c85068af488a72973d311e891
ISTZEMFA	0	1	2b8fb415761e0832a6ff18cf803ff8d3a4ec01f85105a91f4e22190c571168d6
ISTZEMTA	0	1	e2dcb592a1aa593e6589e30a2b273e866304adbea744b8b860494472e186a37e
ISTZFFCB	0	1	72a7d54aa5e90f6c50c436b75c8bc1ee15a6784a1d32785eb1e1cefa6dfa5956
ISTZFFDB	0	1	581210a0adb35abe413e7975426a23a7c1df0986a5bccfe5b983e656a87dbcd8
ISTZFFDF	0	1	3241a1dbf8d943b4796750da591ca62e8d247c03a6e8e0f4e1e179f29c7055ff
ISTZFFEA	0	1	ab0a435badbaaed535df8d6391ade7f20bfb70cdef6d7d026b3663c7f62a6499
ISTZFFXA	0	1	fdc50671f48516ba53a5b83eee4927b7e84543485f9ae5ff795c9c9b9ea93401
ISTZFM0A	0	1	d6ec48d0d3117b6b6cca358a0e0ce9bb781a2f469235282ff1668bbd32b4ff22
ISTZFM0B	0	1	a1bbe97b0c48df5fc527d36bca1d92585adae4f8b67ce9c4f57152cc704214d5
ISTZFM1B	0	1	8e8a0619d2b4b5526e2834687e1305374bd594aabb8af16aed5c61472f53daad
ISTZFM1F	0	1	65f77ca775692ee62dbae2b70f9b7c7217552ae91811cd3bac85e5f6bfe319bd
ISTZFM2B	0	1	e1d50e21b827ee676da34f4db6f83912d8296e3c273800f3bea20b2899d0a1d6
ISTZFM3B	0	1	bf30ffe1e1c7f0dc525a26916c0ea41a77c987bd35da5d0f8e60be792c1329b5
ISTZFMAA	8	1	dd2a114b9c79b9d00a3a6538d835514cee1f91668f59244cb40efc4a8313124c
ISTZFMAB	0	1	0b3a1a2008c5d25a15d6e87b336f92cd89ba8aa2bc7f86848b20f7ce4ae4c541
ISTZFMAF	0	1	c242f3cc4ff065543c89d81518dc3858e40169cc5e5bdf5d4246c1ac401c0b2d
ISTZFMBB	0	1	b2bbd0b87095a3de641e7f4bb31c8409583d0354a57bc62d7e0aedf4b6633d78
ISTZFMEB	0	1	1cc76cdd92fc42cd7359c662ba0ba9d89e594faa45b97f88c93b67178fab94f1
ISTZFMFA	0	1	b850cb5a5ff758e91c78d7a5801764e93ecbe10ffe753b1b9dbc9bf15df3fd12
ISTZFMTA	0	1	73a013621cbbf089ad69e59dacd9f3e81d44dda9d8cb3a18922982abb4cabb05
ISTZFMUA	0	1	953f9b2494d81115b76ae28ab7b043d748ac305a0fa3310e603da891eccb1321
ISTZFMV0	0	1	518ef62f6e1ff8dbdaa01d32d91d2e2839443d1f8911b7d53d34dd6d97f9e898
ISTZFMV1	0	1	342b446b775baf9551f5e10688d7f57e6cac04640c4fb02b6a2a5e817c706e01
ISTZFSV0	0	1	1510bbb197cabb2b6cc7762b9188b3433944d24a528626c227e668aeb0fe6a73
ISTZGF0A	0	1	965e69f3445f67d58935f94ed64debd072769db4617e729e024f03dafab7aa59
ISTZGF0B	0	1	57d399947cac5e57ec8d46205edc552d0a8a86fc22a125cd32d5fbc2c532dd8e
ISTZGF1A	0	1	3acc8372f3634ba8ffb6d518bc5271bb9c24f132482351467b3355dffa7fce6d
ISTZGFAB	0	1	bb734c42b2795b7f45068b1e5ba83790e493e1d6cf4bfd9d78fb15f6a7b777bc
ISTZGFBB	0	1	c3df52541ec5ec91804b4a69095b4c772fddeed847cc4fe7d7097827f9f56b02
ISTZGFCB	0	1	b862cd85c113896d5498670d4f0b63757af54c7e7482bf0d49fa6efd63437cee
ISTZHFAN	0	1	80283a3f6a89e82d83eb9ece8443b107a5e3c90ad90a3c6d61381afe9fbca9b9
ISTZIF0B	0	1	4a0b5a9f35a1cd9ee402733da011be5ffa47c20426e1f359d6e5478071866236
ISTZIF1B	0	1	397d7f7044907fdb35c1596a0460c0351a935aa9a5ff85bd30cebcf5e996afbf
ISTZIFAA	0	1	8095ca937897322a656fd1adc043af958f68e7286804434d41004d3be5762291
ISTZIFAB	0	1	3c3aa7a0be5c0841d96df83db9a5fbeaefb79474ad182b5102becf0a8a76c62a
ISTZIFBB	0	1	7fd0ca73164baced0c8fdda05fa15db8791ed003eeb69aaac2991c0a3806a26d
ISTZIFBI	0	1	1955d20442134ea4e3793c0e3bf1ec3634e081532255523d0435993d28d9e7a8
ISTZIFCB	0	1	12b974bea0305b3fe68691508bf8b699b5d9639f4e2de505576c24b792bd583a
ISTZIFCI	0	1	9f6766aaa6c1989c0a7d5091d4d6c96771dbd7aaa656f78c8f88e0606aaf1a74
ISTZIFDB	0	1	b645c98fcb0d5a4e2d48f4b01e32c832e0d454f2155a85e704e5e605ab14ff4a
ISTZIFEB	0	1	c03d41337280acb3ecb0eedfa3ebb701932564c95cc352cee58f3d0ad5d96d68
ISTZIFGB	0	1	96726752bfb355282af9b060c4e84697ff19ba29e6beda403c0cb4e43d57ade5
ISTZIFHB	0	1	a6d42a4f511752d0e5e44cfcbc3897cb0a826e4081c4d09b995892b1e4b4c75d
ISTZIFIB	0	1	cd488646efff30a83127e2536b4e4798b9cbbe220a4f571468e694413374ab7e
ISTZIFID	0	1	79fe6afb2afc44f421da0fa8742c0517a1bdad58c64a49d2bc71bb1b82545117
ISTZIFJB	0	1	ff748ab94b46582e364e37825d8f1b2e0e4037e61ae6d68dc44e699e099e37b1
ISTZIFKB	0	1	b4566559250c51f4987a1047784195f6f3ff3b049f5d52ec2e00e271a3e376ef
ISTZIFKG	0	1	0925bc2290755f175e5b7ac2b379f5b15f2a475bfff04f40231d4c0ddaf916c2
ISTZIFLB	0	1	aea6d8760e3321107dbd23e92d9173a8b4212442472f87e836a55278ff2ad713
ISTZIFMB	0	1	3fba0fdf541a7f716c30f86238a749b49aab154bed69550c77bb98ccc43a8912
ISTZIFNA	0	1	3cc505bd6576c76d0d758469348898434a4d8f42c97966cdd0715d1c81b6d442
ISTZIFNB	0	1	246ad6d3700acb388dfc4d9bd7fc42cdad61f417344dd03f1176f124c0381a7c
ISTZIFOA	0	1	c37d25affc33cc4833974a049266ffa3ed6e019d8284bfa82d1c8bc5ee78bcec
ISTZIFOB	0	1	d2a2752f6e37634684829632b2a5c891c38a4b107504be521c522dc297337119
ISTZIFOE	0	1	8bc095e09cc3b2ce49afb47200e1d573fd6675eb12f80dbc5a097324251ddcfc
ISTZIFSB	0	1	5ef885f0f08f012fbe7140d1a7f1ed255d4280a05fb98d718e94d5c9d6e17658
ISTZIFSC	0	1	3240139ee01554bd9ef68a64b741d51f48b37e1078872564ec1e3dd8d0798fed
ISTZIFSG	0	1	e669880b6b35082592b1ceec1f82f3e5da3e8ef4c9831864a18484f76d7b8683
ISTZIFTB	0	1	9b2a4bd1336942cada227b1f0171fd229d3fbb1d52059aeeb94e59f3c47e0b28
ISTZIFUB	0	1	0e5439e66a2402bc48e32bdf8201203f28a4fc92887cf01bb183e97ae45260f8
ISTZIFVB	0	1	dc5d17f622d8dc6d25ea7d476054f7bd450e0271043ff727bf692dc98c3a0774
ISTZIFWB	0	1	97b4d929ef4b8c4f21fc85fa60c58e51aad454ef219437d562ca96f914e54cdc
ISTZIFX0	0	1	67162035fbf8e2f981beb27884968c733cdb59fd77c12960d5662cf92d25ca50
ISTZIMQA	0	1	bcef1c86b9824fd3ab1b7794347fda50a04937b6406d4d183c103311ab9f25d4
ISTZJF0B	0	1	60d457894547a9771b54b7ce1b27b72b705610e421d4b6d64ff55396f02c6b57
ISTZJFAB	0	1	95c12e3bc219cde74e5d6b7da16f68a2628d95ebd7c5fc0e8069142673d6cf5d
ISTZJFBB	0	1	337eeaa0ae1b874be62f53f2391e54e56e675a65f1869026147b90bce1abd131
ISTZJFCB	0	1	dbd6cbc2c52ad90e7efd7483e2b271f1d03d21d584c1e3acdd8e82ebbf031638
ISTZKFBB	0	1	5f4ccaa5163f718a466a64ec56211488c2c9be01eadc389dd9ab141c3326c5aa
ISTZKFBN	0	1	9572d2a28f86d3aa15e0054e63b58e08fb326bd0a46609f2a971bf28b5f1d2de
ISTZKFCB	0	1	546a340a91d1ca44141bf04458055bf4771fe7366edef802566e50c5839c58b3
ISTZKFCN	0	1	55bdefc32251f640382d42bcf17f46a2ce8bdbb541a8928edb5363a90a9ca85c
ISTZLFAB	0	1	a79e0a1b2ece5afac6eac1af9dc7f19fcb98535c7913e29450dbba7fad275279
ISTZLFV0	0	1	263f3c954cbb296a5846a55234f37052001dbd9c0d072e56f04ecb848bceb338
ISTZLPV0	0	1	8c55777cb87ed23ebe292a0bc681e8e97ebedc9157fb1ae481c8142855e2854a
ISTZPSV0	0	1	7a345d41794f86806cc74d4ca4491473ce8985ce7d20b081fc34e654ae637a33
ISTZRM01	0	1	b700cb0dd43c0bf92595de3155881b3ed8c270aa44b07988241dd9e54ca4a6cb
LETRRIP	0	1	a4f9ff34d18f2b1183b7cc1222e29c284f54a84bc4805aba7d19b45ee5bf0f26
LINK	0	1	3140ce89be28af199adb5e2c3d6712429f779ff27c9b5ee817227bb3758787f9
LOADGO	0	1	eeee5959ecb5c8d004dd70927138611253b2259e355900549d11febe1cec072c
READPSWD	0	1	deb1d2198faa197e7e2abd4d10d07d24aef8bbdf3287b1bf53ca59d82eb22096
REMOTGEN	0	1	fd8b531993561219add9873c661698696436e024ee3c96f0239d3d4d8ea4f699
SECLOADA	0	1	414511c59063912d0f45c0b70f653bee5b08ecfcba5e1c2357063153388186fa
SYS3CNVT	0	1	b8cd612d4ebb75c0d21662efdc766462e215971551d1a3f14b64aa9da2165359
USRDDT00	0	1	bcb817c218de3b75b5edd2254f980a9047f541c91eadeaab972ce4e9cb8ed55f
UTRK3390	0	1	393a7a5eb8d595ac23aa9e6ce428eff64c7b32a31df167e9010fac722de07355
UTRKCALC	0	1	75887353699b8333ca307eeeda01efef193efe80ed40a40113b8a5e4b56e523a
