module	tier
AHLMCIH	recovered
AHLTCTL1	recovered
AHLTCTL2	recovered
AHLTFOR	recovered
AHLTVTAM	recovered
AHLTXSYS	recovered
AKJLKMSG	recovered
AMASPZAP	recovered
AMDPRECT	recovered
AMDPREID	recovered
AMDPRFAR	recovered
AMDPRFXT	recovered
AMDPRLPA	recovered
AMDSAAMR	recovered
AMDSAPGI	recovered
AMDSARSM	recovered
AMDSYS06	recovered
AMDUSRF9	recovered
AMDUSRFE	recovered
BLSCAAMS	recovered
BLSCABLD	recovered
BLSCADST	recovered
BLSCAMER	recovered
BLSCAMIN	recovered
BLSCAMPR	recovered
BLSCANAL	recovered
BLSCANLI	recovered
BLSCCLSE	recovered
BLSCFAMS	recovered
BLSCFREE	recovered
BLSCGMF	recovered
BLSCHOK	recovered
BLSCRECV	recovered
BLSCRFM	recovered
BLSCRQST	recovered
BLSCRTCB	recovered
BLSCSETT	recovered
BLSCVALT	recovered
BLSDC070	recovered
BLSDC128	recovered
BLSDC600	recovered
BLSDDEQP	recovered
BLSDDT00	recovered
BLSDENQ0	recovered
BLSDENQP	recovered
BLSDFDSD	recovered
BLSDFPDR	recovered
BLSDMSG0	recovered
BLSDPC00	recovered
BLSDSV00	recovered
BLSDTIME	recovered
BLSDTM00	recovered
BLSDVECT	recovered
BLSDWAIT	recovered
BLSEAUTH	recovered
BLSEDEL0	recovered
BLSEDEL1	recovered
BLSEDELC	recovered
BLSELP00	recovered
BLSELPCC	recovered
BLSELPCL	recovered
BLSELPCT	recovered
BLSELPDS	recovered
BLSELPFM	recovered
BLSELPFR	recovered
BLSELPOP	recovered
BLSEMDP1	recovered
BLSEMDPR	recovered
BLSFAD00	recovered
BLSFAV00	recovered
BLSFBP00	recovered
BLSFCLOS	recovered
BLSFCN00	recovered
BLSFCONF	recovered
BLSFDALL	recovered
BLSFDD00	recovered
BLSFDDDP	recovered
BLSFDEL	recovered
BLSFDERS	recovered
BLSFDF00	recovered
BLSFDS00	recovered
BLSFERAS	recovered
BLSFFL00	recovered
BLSFFP00	recovered
BLSFGD00	recovered
BLSFGG00	recovered
BLSFGP00	recovered
BLSFLALL	recovered
BLSFLD00	recovered
BLSFLONE	recovered
BLSFLP00	recovered
BLSFMD00	recovered
BLSFND00	recovered
BLSFND01	recovered
BLSFOD00	recovered
BLSFOPEN	recovered
BLSFPARS	recovered
BLSFPERA	recovered
BLSFPERS	recovered
BLSFPS00	recovered
BLSFSD00	recovered
BLSFSL00	recovered
BLSFTL00	recovered
BLSFUD00	recovered
BLSFUP00	recovered
BLSFVRFY	recovered
BLSRACC	recovered
BLSRACCL	recovered
BLSRACCQ	recovered
BLSRADD2	recovered
BLSRADD3	recovered
BLSRADDP	recovered
BLSRADDR	recovered
BLSRADDS	recovered
BLSRADDT	recovered
BLSRADDU	recovered
BLSRASCX	recovered
BLSRASM7	recovered
BLSRCOCL	recovered
BLSRCOHD	recovered
BLSRCOIN	recovered
BLSRCOPY	recovered
BLSRCOTA	recovered
BLSRDUCC	recovered
BLSRDUCK	recovered
BLSRDUCL	recovered
BLSRDUDR	recovered
BLSRDUIS	recovered
BLSRDULS	recovered
BLSRENQK	recovered
BLSREQU	recovered
BLSRESAR	recovered
BLSRESDR	recovered
BLSRESGC	recovered
BLSRESGQ	recovered
BLSRESGU	recovered
BLSRESPU	recovered
BLSRESRU	recovered
BLSRESSA	recovered
BLSREVAL	recovered
BLSRFMOD	recovered
BLSRFUCB	recovered
BLSRIOSK	recovered
BLSRLSYM	recovered
BLSRMSGB	recovered
BLSRMSGD	recovered
BLSRPADS	recovered
BLSRPHAR	recovered
BLSRPHGE	recovered
BLSRRAAR	recovered
BLSRRAGE	recovered
BLSRRDAR	recovered
BLSRRDGE	recovered
BLSRRDPU	recovered
BLSRSAAR	recovered
BLSRSAG	recovered
BLSRSAGC	recovered
BLSRSAGE	recovered
BLSRSAGQ	recovered
BLSRSAGU	recovered
BLSRSAPC	recovered
BLSRSAPU	recovered
BLSRST00	recovered
BLSRSURB	recovered
BLSRSUTC	recovered
BLSRSYRB	recovered
BLSRVECT	recovered
BLSRVPAD	recovered
BLSRVPTC	recovered
BLSRVPVS	recovered
BLSSCVT2	recovered
BLSSPGTE	recovered
BLSSPSA	recovered
BLST01	recovered
BLST02	recovered
BLST03	recovered
BLST04	recovered
BLST04A	recovered
BLST04BS	recovered
BLST04CV	recovered
BLST05	recovered
BLST06	recovered
BLST08	recovered
BLSTB	recovered
BLSTB4	recovered
BLSTB5	recovered
BLSTC	recovered
BLSTF	recovered
BLSTM	recovered
BLSTM4	recovered
BLSTM5	recovered
BLSTR	recovered
BLSTU	recovered
BLSTU4	recovered
BLSTU5	recovered
BLSTY	recovered
BLSU	recovered
BLSUALLO	recovered
BLSUBLDD	recovered
BLSUBLDL	recovered
BLSUDYNA	recovered
BLSUGWDM	recovered
BLSUHELP	recovered
BLSUINI1	recovered
BLSUINI2	recovered
BLSUIT01	recovered
BLSUIT02	recovered
BLSUIT03	recovered
BLSUMON	recovered
BLSUMON2	recovered
BLSUMONC	recovered
BLSUMOND	recovered
BLSUMONI	recovered
BLSUMONL	recovered
BLSUMONT	recovered
BLSUMONX	recovered
BLSUMPK1	recovered
BLSUMPKN	recovered
BLSUMTOD	recovered
BLSUNOTE	recovered
BLSUPARI	recovered
BLSUPARU	recovered
BLSUPGMC	recovered
BLSUPGMD	recovered
BLSUPGML	recovered
BLSUPGMR	recovered
BLSUPRCL	recovered
BLSUPROP	recovered
BLSUPRTA	recovered
BLSUPRTN	recovered
BLSUPRTT	recovered
BLSUPUT	recovered
BLSUPUTA	recovered
BLSUPUTC	recovered
BLSUPUTD	recovered
BLSUPUTN	recovered
BLSUPUTO	recovered
BLSUPUTT	recovered
BLSUPUTV	recovered
BLSUSTAE	recovered
BLSUSTAI	recovered
BLSUTRMA	recovered
BLSUTRMN	recovered
BLSUTRMO	recovered
BLSUTRMV	recovered
BLSUTSO	recovered
BLSUVECT	recovered
BLSUVP21	recovered
BLSUVP31	recovered
BLSUVP32	recovered
BLSUVP99	recovered
BLSUVPVA	recovered
BLSUVPX1	recovered
BLSUVSCL	recovered
BLSUVSEN	recovered
BLSUVSER	recovered
BLSUVSGE	recovered
BLSUVSGU	recovered
BLSUVSOP	recovered
BLSUVSPO	recovered
BLSUVSPU	recovered
BLSUZZ2C	recovered
BLSUZZ2D	recovered
BLSUZZ2R	recovered
BLSVASCB	recovered
BLSVASVT	recovered
BLSVASXB	recovered
BLSVCDE	recovered
BLSVCVT	recovered
BLSVCVT2	recovered
BLSVIOC	recovered
BLSVIOX	recovered
BLSVLCCA	recovered
BLSVLCCV	recovered
BLSVLPDE	recovered
BLSVPCCV	recovered
BLSVPVT	recovered
BLSVQCBA	recovered
BLSVQCBB	recovered
BLSVQEL	recovered
BLSVRB	recovered
BLSVTCB	recovered
BLSVUCB	recovered
BLSVXTLS	recovered
FCB3STD3	recovered
GENRMT	recovered
GRAF	recovered
HASPBLKS	recovered
HASPFMT0	recovered
HASPFMT1	recovered
HASPFMT2	recovered
HASPFMT3	recovered
HASPFMT4	recovered
HASPFMT5	recovered
HMASMADD	recovered
HMASMAR4	recovered
HMASMARL	recovered
HMASMASM	recovered
HMASMBUR	recovered
HMASMCPL	recovered
HMASMCRW	recovered
HMASMFPT	recovered
HMASMFXF	recovered
HMASMSUP	recovered
HMASMTBM	recovered
HMASMTID	recovered
HMASMTL3	recovered
HMASMTM4	recovered
HMASMTMD	recovered
HMASMTMS	recovered
HMASMTPC	recovered
HMASMUCD	recovered
HMASMUXD	recovered
HMASMVLU	recovered
HMBLKERR	recovered
HMBLKMSG	recovered
IAPABNAP	recovered
IAPBLDIO	recovered
IAPCHKIO	recovered
IAPPFXAP	recovered
IAPTIMER	recovered
IASFCB26	recovered
IASFCB28	recovered
ICBVEX00	recovered
ICBVIO00	recovered
ICBVOP00	recovered
ICBVPI00	recovered
ICBVTM00	recovered
ICBVUP00	recovered
ICBVUP01	recovered
ICGDSA01	recovered
ICGDSA02	recovered
ICGDSMSG	recovered
ICGDSS01	recovered
ICGDSS02	recovered
ICGDSS04	recovered
ICGDSS05	recovered
ICGDSS99	recovered
ICGTRSUM	recovered
ICGTRVID	recovered
ICKAN01	recovered
ICKAN02	recovered
ICKAN03	recovered
ICKCDAN	recovered
ICKCDBI	recovered
ICKCDTR	recovered
ICKCL01	recovered
ICKCV01	recovered
ICKDV00	recovered
ICKDV13	recovered
ICKEX02	recovered
ICKEX03	recovered
ICKIN02	recovered
ICKRA01	recovered
ICKRD01	recovered
ICKRI03	recovered
ICKRIKT	recovered
ICKRL01	recovered
ICKRT01	recovered
ICKSA04	recovered
ICKSD01	recovered
ICKSD02	recovered
ICKTP04	recovered
ICKTR01	recovered
ICKTR02	recovered
ICKTSAN0	recovered
ICKTSBI0	recovered
ICKTSEF1	recovered
ICKTSSA0	recovered
ICKTSTP0	recovered
ICKTSUV0	recovered
ICKUSER1	recovered
ICKVD01	recovered
ICKVP01	recovered
IDA0192G	recovered
IDA0195A	recovered
IDA019RB	recovered
IDA019RC	recovered
IDA019RT	recovered
IDA019RV	recovered
IDA019S4	recovered
IDA019SB	recovered
IDA019SG	recovered
IDA019SH	recovered
IDA019SL	recovered
IDA019SM	recovered
IDA019SN	recovered
IDA121A2	recovered
IDA121CV	recovered
IDACAT21	recovered
IDAIIFBF	recovered
IDAIIPM2	recovered
IDAOCEA3	recovered
IDAVBPR1	recovered
IDAVBPR2	recovered
IDAVBPS1	recovered
IDCAM01	recovered
IDCAM02	recovered
IDCAU01	recovered
IDCAV01	recovered
IDCCDAL	recovered
IDCCDAV	recovered
IDCCDBI	recovered
IDCCDCC	recovered
IDCCDCK	recovered
IDCCDCN	recovered
IDCCDCO	recovered
IDCCDCP	recovered
IDCCDCT	recovered
IDCCDCV	recovered
IDCCDDL	recovered
IDCCDEC	recovered
IDCCDEV	recovered
IDCCDGR	recovered
IDCCDLC	recovered
IDCCDLM	recovered
IDCCDLR	recovered
IDCCDLV	recovered
IDCCDMC	recovered
IDCCDMP	recovered
IDCCDPM	recovered
IDCCDPR	recovered
IDCCDRC	recovered
IDCCDRD	recovered
IDCCDRL	recovered
IDCCDRM	recovered
IDCCDRR	recovered
IDCCDRS	recovered
IDCCDRV	recovered
IDCCDSG	recovered
IDCCDSR	recovered
IDCCDST	recovered
IDCCDSV	recovered
IDCCDTR	recovered
IDCCDVY	recovered
IDCCDXP	recovered
IDCCP01	recovered
IDCCT01	recovered
IDCDB02	recovered
IDCEC01	recovered
IDCEX01	recovered
IDCGR01	recovered
IDCIO01	recovered
IDCIO02	recovered
IDCIO03	recovered
IDCRC04	recovered
IDCRD01	recovered
IDCRD02	recovered
IDCRI02	recovered
IDCRI03	recovered
IDCRIFF	recovered
IDCRIKT	recovered
IDCRILT	recovered
IDCRIMT	recovered
IDCRL01	recovered
IDCSA03	recovered
IDCSA05	recovered
IDCSG01	recovered
IDCTSAL0	recovered
IDCTSAV0	recovered
IDCTSBI0	recovered
IDCTSCC0	recovered
IDCTSCN0	recovered
IDCTSCP0	recovered
IDCTSCT0	recovered
IDCTSCV0	recovered
IDCTSDE0	recovered
IDCTSEC0	recovered
IDCTSEV0	recovered
IDCTSEX0	recovered
IDCTSIO0	recovered
IDCTSIO5	recovered
IDCTSLM0	recovered
IDCTSLR0	recovered
IDCTSLR1	recovered
IDCTSMG0	recovered
IDCTSMP0	recovered
IDCTSMV0	recovered
IDCTSNC0	recovered
IDCTSRC0	recovered
IDCTSRI0	recovered
IDCTSRI1	recovered
IDCTSRL0	recovered
IDCTSRR0	recovered
IDCTSRS0	recovered
IDCTSRV0	recovered
IDCTSSA0	recovered
IDCTSSA6	recovered
IDCTSSA7	recovered
IDCTSSD0	recovered
IDCTSSR0	recovered
IDCTSST0	recovered
IDCTSSV0	recovered
IDCTSTP0	recovered
IDCTSTP1	recovered
IDCTSTR0	recovered
IDCTSUV0	recovered
IDCTSXP0	recovered
IDCVY01	recovered
IDDWIMRG	recovered
IEAQWAIT	recovered
IEASMFEX	recovered
IEAVAD05	recovered
IEAVAD06	recovered
IEAVAD09	recovered
IEAVAD0B	recovered
IEAVAD71	recovered
IEAVADFM	recovered
IEAVADUS	recovered
IEAVAR03	recovered
IEAVAR07	recovered
IEAVCKEY	recovered
IEAVEAC0	recovered
IEAVEE1R	recovered
IEAVEE2R	recovered
IEAVEE3R	recovered
IEAVEEER	recovered
IEAVEEXT	recovered
IEAVEIOR	recovered
IEAVELCR	recovered
IEAVELIT	recovered
IEAVELKR	recovered
IEAVERER	recovered
IEAVESCR	recovered
IEAVESPR	recovered
IEAVESVR	recovered
IEAVEUPC	recovered
IEAVEVRR	recovered
IEAVGTCL	recovered
IEAVIOCP	recovered
IEAVMWTL	recovered
IEAVNPB6	recovered
IEAVTABI	recovered
IEAVTACR	recovered
IEAVTADR	recovered
IEAVTCR1	recovered
IEAVTFHX	recovered
IEAVTFTM	recovered
IEAVTRER	recovered
IEAVTRML	recovered
IEAVTRTM	recovered
IEAVTSBP	recovered
IEAVTSDL	recovered
IEAVTSIG	recovered
IEAVTSL1	recovered
IEAVTSLB	recovered
IEAVTSLE	recovered
IEAVVCRA	recovered
IEAXPSIM	recovered
IEBBSCAN	recovered
IEBCNVT	recovered
IEBCONH2	recovered
IEBCONP2	recovered
IEBCONZ2	recovered
IEBDGMSG	recovered
IEBDRB	recovered
IEBDSU	recovered
IEBFDANL	recovered
IEBGMESG	recovered
IEBIOE	recovered
IEBISMES	recovered
IEBLENP2	recovered
IEBMCM	recovered
IEBMOVE2	recovered
IEBPPMSG	recovered
IEBTCR05	recovered
IEBTCRIN	recovered
IEBUPXIT	recovered
IEBVCT	recovered
IEBVDM	recovered
IEBVMS	recovered
IECBBFB1	recovered
IECTATEN	recovered
IECTATTN	recovered
IECTCHGN	recovered
IECTLERP	recovered
IECTSVC	recovered
IECTTRNS	recovered
IECVBRSV	recovered
IECVERPL	recovered
IECVESIO	recovered
IECVEXPR	recovered
IECVITRP	recovered
IECVOTBL	recovered
IECVRDIO	recovered
IECVRRSV	recovered
IECVURDT	recovered
IECVURSV	recovered
IED1303D	recovered
IEDAY3	recovered
IEDAYBX	recovered
IEDAYE	recovered
IEDAYP	recovered
IEDAYY	recovered
IEDBSM	recovered
IEDCMOUT	recovered
IEDCSA	recovered
IEDCSCIN	recovered
IEDDVAS	recovered
IEDFSSTB	recovered
IEDIAU	recovered
IEDKHISC	recovered
IEDMVBFR	recovered
IEDN25	recovered
IEDNCU	recovered
IEDNID	recovered
IEDNMG	recovered
IEDPMD	recovered
IEDQ10	recovered
IEDQ11	recovered
IEDQ12	recovered
IEDQ13	recovered
IEDQ14	recovered
IEDQ16	recovered
IEDQ17	recovered
IEDQ18	recovered
IEDQ19	recovered
IEDQ20	recovered
IEDQ21	recovered
IEDQ22	recovered
IEDQ23	recovered
IEDQ24	recovered
IEDQ25	recovered
IEDQ26	recovered
IEDQ27	recovered
IEDQ28	recovered
IEDQA1	recovered
IEDQA2	recovered
IEDQA7	recovered
IEDQA8	recovered
IEDQA9	recovered
IEDQAC	recovered
IEDQAD	recovered
IEDQAF	recovered
IEDQAI	recovered
IEDQAL	recovered
IEDQAN	recovered
IEDQAO	recovered
IEDQAP	recovered
IEDQAQ	recovered
IEDQAR	recovered
IEDQAU	recovered
IEDQAV	recovered
IEDQAX	recovered
IEDQAY	recovered
IEDQB1	recovered
IEDQB2	recovered
IEDQB3	recovered
IEDQBB	recovered
IEDQBG	recovered
IEDQBN	recovered
IEDQBP	recovered
IEDQBQ	recovered
IEDQBR	recovered
IEDQBX	recovered
IEDQBY	recovered
IEDQE1	recovered
IEDQE2	recovered
IEDQE3	recovered
IEDQE4	recovered
IEDQE8	recovered
IEDQET	recovered
IEDQGP	recovered
IEDQGR	recovered
IEDQHG	recovered
IEDQIN	recovered
IEDQNA	recovered
IEDQNA2	recovered
IEDQNB	recovered
IEDQNP	recovered
IEDQNR	recovered
IEDQNU	recovered
IEDQNV	recovered
IEDQNW	recovered
IEDQW33	recovered
IEDQW42	recovered
IEDQW44	recovered
IEDQW47	recovered
IEDQWA	recovered
IEDQWA1	recovered
IEDQWAA	recovered
IEDQWAB	recovered
IEDQWAJ	recovered
IEDQWB	recovered
IEDQWC	recovered
IEDQWC1	recovered
IEDQWC2	recovered
IEDQWD	recovered
IEDQWEC	recovered
IEDQWF	recovered
IEDQWF1	recovered
IEDQWI	recovered
IEDQWI5U	recovered
IEDQWI7	recovered
IEDQWI8	recovered
IEDQWI9	recovered
IEDQWJ	recovered
IEDQWJ1	recovered
IEDQWK	recovered
IEDQWL2	recovered
IEDQWM2	recovered
IEDQWN	recovered
IEDQWP	recovered
IEDQWP1	recovered
IEDQWP2	recovered
IEDQWQ	recovered
IEDQWS	recovered
IEDQWX	recovered
IEDRQIN	recovered
IEDSCLU	recovered
IEDSCPRP	recovered
IEDSCPSS	recovered
IEDUSSTB	recovered
IEDXFMO	recovered
IEDXTREQ	recovered
IEE00110	recovered
IEE21110	recovered
IEE22110	recovered
IEE6303D	recovered
IEE6403D	recovered
IEE9403D	recovered
IEECB801	recovered
IEECB806	recovered
IEECB911	recovered
IEECB915	recovered
IEECVETD	recovered
IEECVETF	recovered
IEECVETH	recovered
IEECVETP	recovered
IEECVETQ	recovered
IEECVETR	recovered
IEECVETU	recovered
IEECVFTD	recovered
IEECVFTT	recovered
IEEDISPD	recovered
IEEMB808	recovered
IEEMB809	recovered
IEEMB812	recovered
IEEMB815	recovered
IEEMB816	recovered
IEEMB822	recovered
IEEMB827	recovered
IEEMB878	recovered
IEEMB880	recovered
IEESB601	recovered
IEESB606	recovered
IEEVLDWT	recovered
IEFAB422	recovered
IEFAB428	recovered
IEFAB430	recovered
IEFAB438	recovered
IEFAB440	recovered
IEFAB442	recovered
IEFAB445	recovered
IEFAB451	recovered
IEFAB453	recovered
IEFAB454	recovered
IEFAB463	recovered
IEFAB466	recovered
IEFAB473	recovered
IEFAB476	recovered
IEFAB478	recovered
IEFAB480	recovered
IEFAB481	recovered
IEFAB489	recovered
IEFAB493	recovered
IEFAB495	recovered
IEFAB499	recovered
IEFAB49C	recovered
IEFAB4A0	recovered
IEFAB4A3	recovered
IEFAB4DE	recovered
IEFAB4E1	recovered
IEFAB4E3	recovered
IEFAB4E4	recovered
IEFAB4E6	recovered
IEFAB4E9	recovered
IEFAB4EB	recovered
IEFAB4F3	recovered
IEFAB4F6	recovered
IEFAB4F7	recovered
IEFAB4F8	recovered
IEFAB4F9	recovered
IEFAB4FD	recovered
IEFAB4FE	recovered
IEFAB4FF	recovered
IEFAB4M6	recovered
IEFAB4M7	recovered
IEFAB4SF	recovered
IEFAB820	recovered
IEFAQTOP	recovered
IEFBB401	recovered
IEFBB404	recovered
IEFBB412	recovered
IEFBB414	recovered
IEFBB4M2	recovered
IEFBR14	recovered
IEFDB401	recovered
IEFDB403	recovered
IEFDB417	recovered
IEFDB460	recovered
IEFDB481	recovered
IEFDB4FA	recovered
IEFDB4FB	recovered
IEFDB4FC	recovered
IEFDB4FD	recovered
IEFDB4FF	recovered
IEFEB4M1	recovered
IEFIMASK	recovered
IEFJACTL	recovered
IEFJCDLT	recovered
IEFJCNTL	recovered
IEFJDIRD	recovered
IEFJDSNA	recovered
IEFJDWRT	recovered
IEFJJOBS	recovered
IEFJJTRM	recovered
IEFJRASP	recovered
IEFJWRTE	recovered
IEFNB9CT	recovered
IEFNB9IT	recovered
IEFRSTRT	recovered
IEFSD087	recovered
IEFU83	recovered
IEFUJP	recovered
IEFUSO	recovered
IEFVGM90	recovered
IEFVINE	recovered
IEFXB610	recovered
IEFXVNSL	recovered
IEHDAOUT	recovered
IEHDASDR	recovered
IEHDDATE	recovered
IEHDMSGB	recovered
IEHDMSGS	recovered
IEHDSCAN	recovered
IEHINITT	recovered
IEHMESS	recovered
IEHMVMRY	recovered
IEHMVMSN	recovered
IEHMVMSQ	recovered
IEHMVMTA	recovered
IEHMVMTL	recovered
IEHMVSRA	recovered
IEHMVSSS	recovered
IEHMVXSF	recovered
IEHPROG1	recovered
IEHSCAN	recovered
IFCCRNDR	recovered
IFCEA155	recovered
IFCEA165	recovered
IFCEAEXX	recovered
IFCEB155	recovered
IFCEB165	recovered
IFCEC155	recovered
IFCEC165	recovered
IFCECHAR	recovered
IFCED155	recovered
IFCED165	recovered
IFCEDPA	recovered
IFCEE165	recovered
IFCEF165	recovered
IFCEG155	recovered
IFCEL155	recovered
IFCELEX1	recovered
IFCEM155	recovered
IFCEMER0	recovered
IFCEMER1	recovered
IFCEMER2	recovered
IFCEMER3	recovered
IFCEMER4	recovered
IFCEMER5	recovered
IFCENAGO	recovered
IFCEOAK1	recovered
IFCEOAK2	recovered
IFCEOAK3	recovered
IFCEOAK4	recovered
IFCEOAK5	recovered
IFCETRN0	recovered
IFCETRN1	recovered
IFCETRN2	recovered
IFCETRN3	recovered
IFCETRN5	recovered
IFCETRN8	recovered
IFCETUL1	recovered
IFCEWHT1	recovered
IFCFRAMS	recovered
IFCRFLO1	recovered
IFCS0135	recovered
IFCS0145	recovered
IFCS0155	recovered
IFCS2860	recovered
IFCS2870	recovered
IFCS2880	recovered
IFCS3031	recovered
IFCS3032	recovered
IFCS3033	recovered
IFCSAEXX	recovered
IFCSCHAR	recovered
IFCSCRND	recovered
IFCSCRXX	recovered
IFCSDICH	recovered
IFCSI155	recovered
IFCSNAGO	recovered
IFCST003	recovered
IFCST006	recovered
IFCST00B	recovered
IFCSUKNO	recovered
IFCSXXX0	recovered
IFCSXXX1	recovered
IFCSXXX2	recovered
IFCSXXX3	recovered
IFCSXXX4	recovered
IFCSXXX5	recovered
IFCSXXX6	recovered
IFCSXXX8	recovered
IFCSXXXD	recovered
IFCSXXXG	recovered
IFCT1107	recovered
IFCT1204	recovered
IFCT1307	recovered
IFCT2104	recovered
IFCT2204	recovered
IFCT2305	recovered
IFCT3102	recovered
IFCT3204	recovered
IFCTA105	recovered
IFCTA201	recovered
IFCTA301	recovered
IFCTABLE	recovered
IFCTB105	recovered
IFCTB205	recovered
IFCTB305	recovered
IFCTB405	recovered
IFCTC104	recovered
IFCTC201	recovered
IFCTC205	recovered
IFCTC301	recovered
IFCTC305	recovered
IFCTC401	recovered
IFDMSG00	recovered
IFDMSG05	recovered
IFDMSG08	recovered
IFDMSG13	recovered
IFDMSG32	recovered
IFDMSG38	recovered
IFDMSG74	recovered
IFDOLT06	recovered
IFDOLT0A	recovered
IFDOLT12	recovered
IFDOLT15	recovered
IFDOLT23	recovered
IFDOLT32	recovered
IFDOLT33	recovered
IFDOLT61	recovered
IFFABA	recovered
IFFAHA16	recovered
IFFAJA01	recovered
IFFCAN03	recovered
IFFPBAPR	recovered
IFFPCAAR	recovered
IFFPDAPL	recovered
IFFPEAGR	recovered
IFFPFAVA	recovered
IFFPGAVP	recovered
IFFPHALA	recovered
IFFPIAPG	recovered
IFFPLARE	recovered
IFG0559C	recovered
IFG0EX0A	recovered
IGC0003I	recovered
IGC0005D	recovered
IGC0206F	recovered
IGC0308B	recovered
IGC0508B	recovered
IGC070	recovered
IGC084	recovered
IGC0906F	recovered
IGC0B06F	recovered
IGC0G05B	recovered
IGC0G95B	recovered
IGC0H05B	recovered
IGC0I05B	recovered
IGC0Q05B	recovered
IGC121	recovered
IGCDM10D	recovered
IGCFD10D	recovered
IGCFR10D	recovered
IGCMSG6C	recovered
IGCSW10D	recovered
IGCT002E	recovered
IGCT0069	recovered
IGCT006H	recovered
IGCT010E	recovered
IGCT1081	recovered
IGCVK10D	recovered
IGE0002B	recovered
IGE0011E	recovered
IGE0104H	recovered
IGE0119I	recovered
IGE0660A	recovered
IGE0804G	recovered
IGE0804H	recovered
IGF2603D	recovered
IGFCHDA	recovered
IGFCINIT	recovered
IGFDI0	recovered
IGFPEXIT	recovered
IGFPINIT	recovered
IGFPMCIH	recovered
IGFPMFRS	recovered
IGFPMMSG	recovered
IGFPMSCA	recovered
IGFPMTHA	recovered
IGFPNSAV	recovered
IGFPSAD0	recovered
IGFPTCON	recovered
IGFPTERM	recovered
IGFPTREC	recovered
IGFPTSIG	recovered
IGFPXMFA	recovered
IGFRWAC	recovered
IGFTMC00	recovered
IGG01910	recovered
IGG01911	recovered
IGG01912	recovered
IGG01913	recovered
IGG01915	recovered
IGG01917	recovered
IGG01918	recovered
IGG01919	recovered
IGG0191B	recovered
IGG0191D	recovered
IGG0191G	recovered
IGG0191H	recovered
IGG0191K	recovered
IGG0191O	recovered
IGG0191P	recovered
IGG0191W	recovered
IGG0191X	recovered
IGG0191Y	recovered
IGG0191Z	recovered
IGG01923	recovered
IGG01926	recovered
IGG0196P	recovered
IGG01991	recovered
IGG01992	recovered
IGG01993	recovered
IGG01994	recovered
IGG0199K	recovered
IGG0199O	recovered
IGG019A4	recovered
IGG019AG	recovered
IGG019AI	recovered
IGG019AN	recovered
IGG019AX	recovered
IGG019B0	recovered
IGG019BG	recovered
IGG019BS	recovered
IGG019BU	recovered
IGG019CA	recovered
IGG019CM	recovered
IGG019CN	recovered
IGG019CO	recovered
IGG019CP	recovered
IGG019CQ	recovered
IGG019CR	recovered
IGG019DC	recovered
IGG019EM	recovered
IGG019GA	recovered
IGG019GB	recovered
IGG019GC	recovered
IGG019GD	recovered
IGG019GE	recovered
IGG019GF	recovered
IGG019GN	recovered
IGG019GO	recovered
IGG019HF	recovered
IGG019HH	recovered
IGG019HI	recovered
IGG019HJ	recovered
IGG019HL	recovered
IGG019HP	recovered
IGG019HT	recovered
IGG019I1	recovered
IGG019I2	recovered
IGG019IE	recovered
IGG019IF	recovered
IGG019IN	recovered
IGG019JD	recovered
IGG019JG	recovered
IGG019JJ	recovered
IGG019JK	recovered
IGG019JL	recovered
IGG019JM	recovered
IGG019JN	recovered
IGG019JO	recovered
IGG019JP	recovered
IGG019JQ	recovered
IGG019JR	recovered
IGG019JS	recovered
IGG019JT	recovered
IGG019JU	recovered
IGG019JV	recovered
IGG019JX	recovered
IGG019KC	recovered
IGG019KG	recovered
IGG019KH	recovered
IGG019KI	recovered
IGG019KO	recovered
IGG019KQ	recovered
IGG019KR	recovered
IGG019KW	recovered
IGG019LA	recovered
IGG019LI	recovered
IGG019LP	recovered
IGG019M0	recovered
IGG019M1	recovered
IGG019M2	recovered
IGG019M3	recovered
IGG019M4	recovered
IGG019M5	recovered
IGG019M6	recovered
IGG019MB	recovered
IGG019MD	recovered
IGG019ME	recovered
IGG019MF	recovered
IGG019MI	recovered
IGG019MJ	recovered
IGG019MK	recovered
IGG019ML	recovered
IGG019MN	recovered
IGG019MP	recovered
IGG019MT	recovered
IGG019MU	recovered
IGG019MV	recovered
IGG019MW	recovered
IGG019MX	recovered
IGG019MY	recovered
IGG019MZ	recovered
IGG019OJ	recovered
IGG019OK	recovered
IGG019P2	recovered
IGG019P7	recovered
IGG019P8	recovered
IGG019PB	recovered
IGG019PC	recovered
IGG019PE	recovered
IGG019PF	recovered
IGG019PL	recovered
IGG019PM	recovered
IGG019PN	recovered
IGG019PO	recovered
IGG019PP	recovered
IGG019PQ	recovered
IGG019Q8	recovered
IGG019QE	recovered
IGG019R1	recovered
IGG019R2	recovered
IGG019R3	recovered
IGG019R7	recovered
IGG019R8	recovered
IGG019R9	recovered
IGG019RA	recovered
IGG019RE	recovered
IGG019RF	recovered
IGG019RI	recovered
IGG019RK	recovered
IGG019RL	recovered
IGG019RP	recovered
IGG019RR	recovered
IGG019RS	recovered
IGG019RT	recovered
IGG019RU	recovered
IGG019RV	recovered
IGG019RW	recovered
IGG019RX	recovered
IGG019RY	recovered
IGG019RZ	recovered
IGG019SI	recovered
IGG019TM	recovered
IGG019TX	recovered
IGG019TY	recovered
IGG019TZ	recovered
IGG019UN	recovered
IGG019UO	recovered
IGG019V1	recovered
IGG019V3	recovered
IGG019V4	recovered
IGG019V5	recovered
IGG019V6	recovered
IGG019VA	recovered
IGG019VB	recovered
IGG019VC	recovered
IGG019VD	recovered
IGG019VE	recovered
IGG019VF	recovered
IGG019VG	recovered
IGG019VH	recovered
IGG019VI	recovered
IGG019VJ	recovered
IGG019VK	recovered
IGG0201X	recovered
IGG020D0	recovered
IGG0290E	recovered
IGG029DM	recovered
IGG029DU	recovered
IGG030DU	recovered
IGG0325P	recovered
IGG0325U	recovered
IGG0553F	recovered
IGG08110	recovered
IGG08111	recovered
IGG08112	recovered
IGG08113	recovered
IGG08114	recovered
IGG08115	recovered
IGG08116	recovered
IGG08117	recovered
IGG09300	recovered
IGG09407	recovered
IGG0940B	recovered
IGG0940C	recovered
IGG0940D	recovered
IGG0940E	recovered
IGG0940H	recovered
IGG09414	recovered
IGG0CLA1	recovered
IGG0CLB2	recovered
IGG0CLBI	recovered
IGG0CLBX	recovered
IGGMSG01	recovered
IGX00026	recovered
IGX00027	recovered
IKJCT432	recovered
IKJCT470	recovered
IKJEBEAA	recovered
IKJEBEAR	recovered
IKJEBEAT	recovered
IKJEBECH	recovered
IKJEBECK	recovered
IKJEBELE	recovered
IKJEBEPS	recovered
IKJEBERC	recovered
IKJEBESC	recovered
IKJEBEUN	recovered
IKJEFA01	recovered
IKJEFA11	recovered
IKJEFA22	recovered
IKJEFA31	recovered
IKJEFA32	recovered
IKJEFA41	recovered
IKJEFA42	recovered
IKJEFA54	recovered
IKJEFD00	recovered
IKJEFE16	recovered
IKJEFF02	recovered
IKJEFF06	recovered
IKJEFF12	recovered
IKJEFF50	recovered
IKJEFF51	recovered
IKJEFF58	recovered
IKJEFF76	recovered
IKJEFF77	recovered
IKJEFH00	recovered
IKJEFLCM	recovered
IKJEFLGH	recovered
IKJEFLLM	recovered
IKJEFT07	recovered
IKJEFT40	recovered
IKJEFT52	recovered
IKJEFT53	recovered
IKJEFT54	recovered
IKJEFTNS	recovered
IKJEGASN	recovered
IKJEGMSG	recovered
IKJEGSTA	recovered
IKJRBBCM	recovered
IKJTTRM0	recovered
IKT0009C	recovered
IKT09404	recovered
IKT09405	recovered
IKT0940D	recovered
IKT09414	recovered
IKTASCII	recovered
IKTCAS20	recovered
IKTCAS30	recovered
IKTCAS33	recovered
IKTCAS40	recovered
IKTCAS41	recovered
IKTCAS42	recovered
IKTCAS51	recovered
IKTIST00	recovered
IKTRPLXT	recovered
ILRFRSLT	recovered
ILRGOS	recovered
ILRGOS01	recovered
ILRSLOTC	recovered
ILRSRT	recovered
ILRSRT01	recovered
ILRSWPDR	recovered
IOEDKGET	recovered
IOEDKPUT	recovered
IOEESTAE	recovered
IQADVM00	recovered
IQARIH00	recovered
IRARMCPU	recovered
IRARMMSG	recovered
IRBMFANL	recovered
IRBMFDSP	recovered
IRBMFISP	recovered
IRBMFITR	recovered
IRBMFLAV	recovered
IRBMFLMV	recovered
IRBMFLSV	recovered
IRBMFRSR	recovered
IRBMFRTR	recovered
IRBMFTTB	recovered
ISDADAT0	recovered
ISDADHE0	recovered
ISDAGEN0	recovered
ISDAGET0	recovered
ISDAPRT0	recovered
ISDAPWR0	recovered
ISDAPWR1	recovered
ISDATYPE	recovered
ISTAICCK	recovered
ISTAPC12	recovered
ISTAPC33	recovered
ISTAPC34	recovered
ISTAPC53	recovered
ISTAPC64	recovered
ISTAUCAG	recovered
ISTAUCAT	recovered
ISTCC011	recovered
ISTCC015	recovered
ISTCFCR2	recovered
ISTCFCRP	recovered
ISTCFMMI	recovered
ISTCRCR4	recovered
ISTCSCCL	recovered
ISTDCC13	recovered
ISTDCC20	recovered
ISTDCC22	recovered
ISTDCC24	recovered
ISTDCC31	recovered
ISTDCC32	recovered
ISTDCC42	recovered
ISTDCC85	recovered
ISTDVCBA	recovered
ISTDVCRC	recovered
ISTEC000	recovered
ISTESC01	recovered
ISTESC02	recovered
ISTINCCC	recovered
ISTINCD0	recovered
ISTINCD1	recovered
ISTINCD3	recovered
ISTINCD6	recovered
ISTINCD7	recovered
ISTINCD8	recovered
ISTINCDL	recovered
ISTINCDT	recovered
ISTINCE0	recovered
ISTINCE1	recovered
ISTINCE2	recovered
ISTINCE3	recovered
ISTINCE4	recovered
ISTINCE5	recovered
ISTINCE9	recovered
ISTINCF1	recovered
ISTINCF3	recovered
ISTINCF4	recovered
ISTINCFE	recovered
ISTINCFM	recovered
ISTINCIP	recovered
ISTINCL0	recovered
ISTINCL2	recovered
ISTINCL5	recovered
ISTINCL6	recovered
ISTINCL7	recovered
ISTINCL8	recovered
ISTINCLF	recovered
ISTINCLM	recovered
ISTINCOS	recovered
ISTINCPD	recovered
ISTINCR2	recovered
ISTINCR3	recovered
ISTINCRR	recovered
ISTINCS1	recovered
ISTINCSM	recovered
ISTINCTE	recovered
ISTINCU0	recovered
ISTINCU1	recovered
ISTINCU2	recovered
ISTINCU3	recovered
ISTINCU5	recovered
ISTINCU6	recovered
ISTINCU7	recovered
ISTINCU8	recovered
ISTINCUA	recovered
ISTINCUB	recovered
ISTINCV2	recovered
ISTINCV3	recovered
ISTINCV4	recovered
ISTINCV6	recovered
ISTINCV8	recovered
ISTINCV9	recovered
ISTINCVS	recovered
ISTINCVX	recovered
ISTINCW0	recovered
ISTINCW2	recovered
ISTINCW3	recovered
ISTINCW4	recovered
ISTINCW5	recovered
ISTINCW6	recovered
ISTINCW7	recovered
ISTINCW8	recovered
ISTINCX0	recovered
ISTINCX2	recovered
ISTINCX6	recovered
ISTINCX7	recovered
ISTINCX9	recovered
ISTINCXM	recovered
ISTINCY3	recovered
ISTINCY4	recovered
ISTINMAL	recovered
ISTINMAV	recovered
ISTINMDD	recovered
ISTNMC1S	recovered
ISTNMC2S	recovered
ISTNMC4P	recovered
ISTNMC4S	recovered
ISTNMC5P	recovered
ISTNMC5S	recovered
ISTNMC6P	recovered
ISTNMC6S	recovered
ISTNMC7P	recovered
ISTNMCCA	recovered
ISTNMCCB	recovered
ISTNMCCF	recovered
ISTNMCCI	recovered
ISTNMCCO	recovered
ISTNMCCR	recovered
ISTNMCCS	recovered
ISTNMCCT	recovered
ISTNMCCZ	recovered
ISTOCCCM	recovered
ISTOCCCN	recovered
ISTOCCFO	recovered
ISTOCCLD	recovered
ISTOCCMD	recovered
ISTOCCNV	recovered
ISTOCCOC	recovered
ISTOCCQU	recovered
ISTOCCRD	recovered
ISTOCCSA	recovered
ISTOCCUR	recovered
ISTOCFCX	recovered
ISTORFPO	recovered
ISTORFRA	recovered
ISTORMRL	recovered
ISTPATCH	recovered
ISTRACCA	recovered
ISTRACCR	recovered
ISTRCC21	recovered
ISTRCC22	recovered
ISTRCC23	recovered
ISTRCC26	recovered
ISTRCC53	recovered
ISTRCC54	recovered
ISTRCC63	recovered
ISTRCC65	recovered
ISTRCC80	recovered
ISTSC023	recovered
ISTSC033	recovered
ISTSDCAL	recovered
ISTSDCC1	recovered
ISTSDCC3	recovered
ISTSDCC5	recovered
ISTSDCC7	recovered
ISTSDCCA	recovered
ISTSDCCD	recovered
ISTSDCCF	recovered
ISTSDCCN	recovered
ISTSDCCR	recovered
ISTSDCD1	recovered
ISTSDCD2	recovered
ISTSDCD3	recovered
ISTSDCDS	recovered
ISTSDCIN	recovered
ISTSDCLP	recovered
ISTSDCOD	recovered
ISTSDCP1	recovered
ISTSDCP2	recovered
ISTSDCP3	recovered
ISTSDCP5	recovered
ISTSDCPA	recovered
ISTSDCRC	recovered
ISTSDCSB	recovered
ISTSDCSC	recovered
ISTSDCSU	recovered
ISTSDCTM	recovered
ISTSDCVG	recovered
ISTSDCVI	recovered
ISTSEC01	recovered
ISTSEC21	recovered
ISTSEC30	recovered
ISTSEC51	recovered
ISTSQC01	recovered
ISTSQC02	recovered
ISTSQC03	recovered
ISTSQC04	recovered
ISTSQC05	recovered
ISTSQC06	recovered
ISTSQC07	recovered
ISTSQC09	recovered
ISTSQC0A	recovered
ISTVTLOD	recovered
ISTYCLUS	recovered
ISTYCONT	recovered
ISTYPSOL	recovered
ISTYSSCP	recovered
ISTYTCM1	recovered
ISTYTCM2	recovered
ISTYTCM3	recovered
ISTZAF0A	recovered
ISTZAF0B	recovered
ISTZAF1A	recovered
ISTZAF1B	recovered
ISTZAF1R	recovered
ISTZBF0B	recovered
ISTZBFAA	recovered
ISTZBFAB	recovered
ISTZBFAE	recovered
ISTZBFAI	recovered
ISTZBFAL	recovered
ISTZBFAM	recovered
ISTZBFAR	recovered
ISTZBFBI	recovered
ISTZBFBR	recovered
ISTZBFCB	recovered
ISTZBFDI	recovered
ISTZBFDR	recovered
ISTZBFEB	recovered
ISTZBFGA	recovered
ISTZBFGB	recovered
ISTZBFHA	recovered
ISTZBFHB	recovered
ISTZBFIA	recovered
ISTZBFIB	recovered
ISTZBFID	recovered
ISTZBFMB	recovered
ISTZBFND	recovered
ISTZBFNE	recovered
ISTZBFPB	recovered
ISTZBFX0	recovered
ISTZBFXA	recovered
ISTZBMJA	recovered
ISTZCF0A	recovered
ISTZCF0B	recovered
ISTZCF1B	recovered
ISTZCFAI	recovered
ISTZCFCI	recovered
ISTZDFA0	recovered
ISTZDFB0	recovered
ISTZDFE0	recovered
ISTZDFF0	recovered
ISTZDFH0	recovered
ISTZDFI0	recovered
ISTZDFMF	recovered
ISTZDFNB	recovered
ISTZDFQR	recovered
ISTZDFWB	recovered
ISTZDFWR	recovered
ISTZDFXR	recovered
ISTZEFDA	recovered
ISTZEMFA	recovered
ISTZFFCB	recovered
ISTZFFDB	recovered
ISTZFFXA	recovered
ISTZFM1F	recovered
ISTZFMAA	recovered
ISTZFMAF	recovered
ISTZFMBB	recovered
ISTZFMTA	recovered
ISTZFMV0	recovered
ISTZFMV1	recovered
ISTZFSV0	recovered
ISTZGFAB	recovered
ISTZHFAN	recovered
ISTZIFAA	recovered
ISTZIFBI	recovered
ISTZIFCI	recovered
ISTZIFGB	recovered
ISTZIFHB	recovered
ISTZIFIB	recovered
ISTZIFID	recovered
ISTZIFJB	recovered
ISTZIFKG	recovered
ISTZIFOB	recovered
ISTZIFOE	recovered
ISTZIFSB	recovered
ISTZIFTB	recovered
ISTZIFUB	recovered
ISTZIFVB	recovered
ISTZIFX0	recovered
ISTZIMQA	recovered
ISTZJF0B	recovered
ISTZJFAB	recovered
ISTZJFBB	recovered
ISTZJFCB	recovered
ISTZKFCB	recovered
ISTZKFCN	recovered
ISTZLFAB	recovered
ISTZLFV0	recovered
ISTZLPV0	recovered
ISTZPSV0	recovered
LETRRIP	recovered
LINK	recovered
LOADGO	recovered
REMOTGEN	recovered
UTRK3390	recovered
XTB1GFC	recovered
XTB1GSC	recovered
XTB1GUC	recovered
AHLSBLOK	reachable
HMASMIO	reachable
HMASMRDS	reachable
IEDQNT	reachable
IGC0410D	reachable
IGC0N10D	reachable
IGCD510D	reachable
IGCD710D	reachable
IGCDC10D	reachable
IGCFG10D	reachable
IGCI110D	reachable
IGCM210D	reachable
IGCM510D	reachable
IGCMG10D	reachable
IGCT110D	reachable
IGCV310D	reachable
IGCV710D	reachable
IGCVG10D	reachable
ISTAPC56	reachable
ISTORFBQ	reachable
ISTZFMFA	reachable
AMDPRFMG	blocked
BLSEADPR	blocked
BLSR3270	blocked
BLSRCOMK	blocked
BLSRDUAL	blocked
BLSRDUDE	blocked
BLSRDUIC	blocked
BLSRDUIH	blocked
BLSRDUOP	blocked
BLSRRACV	blocked
BLSRRNCH	blocked
BLSRTCBX	blocked
BLSSASVT	blocked
BLSSASXB	blocked
BLSSCDE	blocked
BLSSCSD	blocked
BLSSCVT	blocked
BLSSLCCA	blocked
BLSSLLPA	blocked
BLSSPVT	blocked
BLSSUCM	blocked
BLSSXTLS	blocked
BLSUMONA	blocked
BLSVPSA	blocked
ICBINIT	blocked
IDA121A6	blocked
IEAVCKRR	blocked
IEAVECBV	blocked
IEAVEDSR	blocked
IEAVEPCR	blocked
IEAVEPDR	blocked
IECVPST	blocked
IFFAHA03	blocked
IGC0N06C	blocked
IGCME10D	blocked
IGFPKREF	blocked
IGFPMHCA	blocked
IGFPMKTA	blocked
IGFPTAIM	blocked
IGG0191F	blocked
IGG01929	blocked
IGG0192E	blocked
IGG0192G	blocked
IGG0192M	blocked
IGG0192Q	blocked
IGG0192X	blocked
IGG0195G	blocked
IGG0195U	blocked
IGG0196C	blocked
IGG0196S	blocked
IGG0197A	blocked
IGG019BD	blocked
IGG019JB	blocked
IGG019MA	blocked
IGG019MR	blocked
IGG019PD	blocked
IGG02028	blocked
IGG02029	blocked
IGG0202I	blocked
IGG0202J	blocked
IGG0202L	blocked
IGG0202N	blocked
IKJEE150	blocked
IKJEFF01	blocked
IKJEFF56	blocked
IKJEHREN	blocked
IKT0940C	blocked
ILRJTERM	blocked
ILRPEX	blocked
IRARMINT	blocked
ISTORFBA	blocked
ISTORFSR	blocked
AHLCWRIT	unexplained
AHLDMPMD	unexplained
AHLGTFI	unexplained
AHLIWRIT	unexplained
AHLMCER	unexplained
AHLREADR	unexplained
AHLSBUF	unexplained
AHLSCAN	unexplained
AHLSETD	unexplained
AHLSETEV	unexplained
AHLSETMG	unexplained
AHLT103	unexplained
AHLTDIR	unexplained
AHLTDSP	unexplained
AHLTEXT	unexplained
AHLTIO	unexplained
AHLTLSR	unexplained
AHLTMMSG	unexplained
AHLTMON	unexplained
AHLTPI	unexplained
AHLTPID	unexplained
AHLTPMT	unexplained
AHLTSCN	unexplained
AHLTSIO	unexplained
AHLTSIO1	unexplained
AHLTSLIP	unexplained
AHLTSRB	unexplained
AHLTSVC	unexplained
AHLTSYFL	unexplained
AHLTSYSM	unexplained
AHLTTAB	unexplained
AHLTUIO	unexplained
AHLTUSR	unexplained
AHLVCOFF	unexplained
AHLVCON	unexplained
AHLWRMSG	unexplained
AHLWTASK	unexplained
AHLWTMSG	unexplained
AHLWTO	unexplained
AHLWTOMD	unexplained
AHLWWRIT	unexplained
AMAPTF01	unexplained
AMAPTF02	unexplained
AMAPTFLE	unexplained
AMBLKCTL	unexplained
AMBLKERR	unexplained
AMBLKIDR	unexplained
AMBLKLDM	unexplained
AMBLKLPA	unexplained
AMBLKMSG	unexplained
AMBLKOBJ	unexplained
AMBLKSZE	unexplained
AMBLKXRF	unexplained
AMDPRAPP	unexplained
AMDPRCOM	unexplained
AMDPRCTL	unexplained
AMDPRCVT	unexplained
AMDPRDPS	unexplained
AMDPREAD	unexplained
AMDPREXT	unexplained
AMDPRFCB	unexplained
AMDPRFDS	unexplained
AMDPRFLT	unexplained
AMDPRFMT	unexplained
AMDPRFRM	unexplained
AMDPRFSC	unexplained
AMDPRFSR	unexplained
AMDPRFUB	unexplained
AMDPRGCD	unexplained
AMDPRGET	unexplained
AMDPRLOD	unexplained
AMDPRMST	unexplained
AMDPRNUC	unexplained
AMDPROOT	unexplained
AMDPRPCR	unexplained
AMDPRPJB	unexplained
AMDPRPMG	unexplained
AMDPRPMS	unexplained
AMDPRQCB	unexplained
AMDPRRDC	unexplained
AMDPRREC	unexplained
AMDPRSCN	unexplained
AMDPRSEG	unexplained
AMDPRSMG	unexplained
AMDPRSN2	unexplained
AMDPRSN3	unexplained
AMDPRSUM	unexplained
AMDPRUIM	unexplained
AMDSAAID	unexplained
AMDSAARD	unexplained
AMDSAASM	unexplained
AMDSAAUD	unexplained
AMDSABUF	unexplained
AMDSACON	unexplained
AMDSACSA	unexplained
AMDSADER	unexplained
AMDSAFRM	unexplained
AMDSAGTF	unexplained
AMDSAGTM	unexplained
AMDSAIOI	unexplained
AMDSALDR	unexplained
AMDSAMDM	unexplained
AMDSAMSG	unexplained
AMDSAPGE	unexplained
AMDSAPRO	unexplained
AMDSASIN	unexplained
AMDSASIO	unexplained
AMDSASVI	unexplained
AMDSATAP	unexplained
AMDSATER	unexplained
AMDSATXT	unexplained
AMDSAUCB	unexplained
AMDSAUPD	unexplained
AMDSAVCK	unexplained
AMDSAWAT	unexplained
AMDSYS00	unexplained
AMDSYS01	unexplained
AMDSYS02	unexplained
AMDSYS03	unexplained
AMDSYS04	unexplained
AMDSYS05	unexplained
AMDUSRFD	unexplained
AMDUSRFF	unexplained
ANLZ	unexplained
BCNV	unexplained
BLSCADYN	unexplained
BLSCAINT	unexplained
BLSCALOC	unexplained
BLSCAMOD	unexplained
BLSCANLE	unexplained
BLSCENDD	unexplained
BLSCERSE	unexplained
BLSCFDYN	unexplained
BLSCGETT	unexplained
BLSCOPEN	unexplained
BLSCPOIN	unexplained
BLSCPUTT	unexplained
BLSDADSD	unexplained
BLSDAPDR	unexplained
BLSDIFP0	unexplained
BLSDMSGS	unexplained
BLSDSTAE	unexplained
BLSEADP1	unexplained
BLSELPDR	unexplained
BLSFSCRT	unexplained
BLSRADD1	unexplained
BLSRADD4	unexplained
BLSRCOMP	unexplained
BLSRDUIN	unexplained
BLSRDUSC	unexplained
BLSRESCK	unexplained
BLSRESGE	unexplained
BLSRFIND	unexplained
BLSRLIST	unexplained
BLSRMSGA	unexplained
BLSRRACR	unexplained
BLSRSADE	unexplained
BLSRSAGN	unexplained
BLSRSALI	unexplained
BLSRSCAN	unexplained
BLSRSETD	unexplained
BLSRSUMM	unexplained
BLSRVPAS	unexplained
BLSRVPCP	unexplained
BLSRVRBX	unexplained
BLSRVSLD	unexplained
BLSSASCB	unexplained
BLSSASMV	unexplained
BLSSCOMM	unexplained
BLSSIOC	unexplained
BLSSIOX	unexplained
BLSSLCCV	unexplained
BLSSLPDE	unexplained
BLSSPCCA	unexplained
BLSSPCCV	unexplained
BLSSPFT	unexplained
BLSSPRIV	unexplained
BLSSSGTE	unexplained
BLSSTCB	unexplained
BLSSUCB	unexplained
BLSUVSAR	unexplained
BLSUVSCR	unexplained
BLSUVSMR	unexplained
BLSUVSOQ	unexplained
BLSVPCCA	unexplained
BLSVPGTE	unexplained
BLSVSGTE	unexplained
BNGC3270	unexplained
BNGCDISP	unexplained
BNGCLOCL	unexplained
BNGCMENU	unexplained
BNGCRMOT	unexplained
BNGI3270	unexplained
BNGIDCBA	unexplained
BNGIDISP	unexplained
BNGIEXIT	unexplained
BNGILOCL	unexplained
BNGIMENU	unexplained
BNGIPCBX	unexplained
BNGIREAD	unexplained
BNGIRMOT	unexplained
BNGISIMS	unexplained
BNGLOGR2	unexplained
BNGT3270	unexplained
BNGTDISP	unexplained
BNGTLOCL	unexplained
BNGTMENU	unexplained
BNGTQEMA	unexplained
BNGTQEMF	unexplained
BNGTRMOT	unexplained
ESRTABLE	unexplained
GARC	unexplained
GCGRID	unexplained
GCPRNT	unexplained
GENTRANS	unexplained
GLABEL	unexplained
GOFFSG	unexplained
GPGRID	unexplained
GPVGRD	unexplained
GRAFSPC1	unexplained
GSDPLT	unexplained
GSP01	unexplained
GSPLOT	unexplained
GSTOR	unexplained
GSVPLT	unexplained
GVARC	unexplained
HASPACCT	unexplained
HASPCOMM	unexplained
HASPCON	unexplained
HASPINIT	unexplained
HASPMISC	unexplained
HASPNUC	unexplained
HASPPRPU	unexplained
HASPRDR	unexplained
HASPRTAM	unexplained
HASPSSSM	unexplained
HASPXEQ	unexplained
HEWLDIDY	unexplained
HEWLDIOC	unexplained
HEWLDLIB	unexplained
HEWLDREL	unexplained
HEWLDRGO	unexplained
HEWLFADA	unexplained
HEWLFAPT	unexplained
HEWLFBTP	unexplained
HEWLFEND	unexplained
HEWLFENS	unexplained
HEWLFENT	unexplained
HEWLFESD	unexplained
HEWLFFNL	unexplained
HEWLFIDR	unexplained
HEWLFINC	unexplained
HEWLFINP	unexplained
HEWLFINT	unexplained
HEWLFMAP	unexplained
HEWLFOPT	unexplained
HEWLFOUT	unexplained
HEWLFRAT	unexplained
HEWLFRCG	unexplained
HEWLFREL	unexplained
HEWLFROU	unexplained
HEWLFSCD	unexplained
HEWLFSCN	unexplained
HEWLFSYM	unexplained
HMAPTFLE	unexplained
HMASMAAR	unexplained
HMASMALC	unexplained
HMASMAR1	unexplained
HMASMAR2	unexplained
HMASMAR3	unexplained
HMASMASI	unexplained
HMASMBDL	unexplained
HMASMBUE	unexplained
HMASMCIL	unexplained
HMASMCMP	unexplained
HMASMCOM	unexplained
HMASMCP2	unexplained
HMASMCPI	unexplained
HMASMCPY	unexplained
HMASMCRD	unexplained
HMASMDC1	unexplained
HMASMDC2	unexplained
HMASMDLE	unexplained
HMASMDR1	unexplained
HMASMDR2	unexplained
HMASMDRV	unexplained
HMASMDS1	unexplained
HMASMDSU	unexplained
HMASMEFR	unexplained
HMASMEIS	unexplained
HMASMFVL	unexplained
HMASMGTA	unexplained
HMASMIDU	unexplained
HMASMIO1	unexplained
HMASMION	unexplained
HMASMLC1	unexplained
HMASMLCC	unexplained
HMASMLCD	unexplained
HMASMLCP	unexplained
HMASMLID	unexplained
HMASMLKD	unexplained
HMASMLKI	unexplained
HMASMLOG	unexplained
HMASMMDR	unexplained
HMASMMPA	unexplained
HMASMMPD	unexplained
HMASMMPE	unexplained
HMASMMPH	unexplained
HMASMMPI	unexplained
HMASMMPL	unexplained
HMASMMPV	unexplained
HMASMMSG	unexplained
HMASMPGC	unexplained
HMASMPIN	unexplained
HMASMRCC	unexplained
HMASMRCD	unexplained
HMASMRCF	unexplained
HMASMRCL	unexplained
HMASMREC	unexplained
HMASMREJ	unexplained
HMASMRJD	unexplained
HMASMSCN	unexplained
HMASMSEC	unexplained
HMASMSER	unexplained
HMASMSTA	unexplained
HMASMSUB	unexplained
HMASMTAD	unexplained
HMASMTAI	unexplained
HMASMTBL	unexplained
HMASMTCL	unexplained
HMASMTCR	unexplained
HMASMTD1	unexplained
HMASMTDD	unexplained
HMASMTEC	unexplained
HMASMTL1	unexplained
HMASMTL2	unexplained
HMASMTM1	unexplained
HMASMTM2	unexplained
HMASMTM3	unexplained
HMASMTMJ	unexplained
HMASMTMW	unexplained
HMASMTP2	unexplained
HMASMTPA	unexplained
HMASMTPD	unexplained
HMASMTPL	unexplained
HMASMTPO	unexplained
HMASMTPR	unexplained
HMASMTPS	unexplained
HMASMTR1	unexplained
HMASMTRM	unexplained
HMASMTSB	unexplained
HMASMUC1	unexplained
HMASMUC2	unexplained
HMASMUC3	unexplained
HMASMUC4	unexplained
HMASMULI	unexplained
HMASMULK	unexplained
HMASMUPD	unexplained
HMASMUPI	unexplained
HMASMUXC	unexplained
HMASMXRF	unexplained
HMASMZAP	unexplained
HMBLKCTL	unexplained
HMBLKIDR	unexplained
HMBLKLDM	unexplained
HMBLKLPA	unexplained
HMBLKOBJ	unexplained
HMBLKSZE	unexplained
HMBLKXRF	unexplained
HMDUSRFF	unexplained
IAPCNTRL	unexplained
IASXSD81	unexplained
IASXSD82	unexplained
IASXWR00	unexplained
ICB2ACT	unexplained
ICB2AEA	unexplained
ICB2AIR	unexplained
ICB2ATTN	unexplained
ICB2MSG	unexplained
ICB2SIOB	unexplained
ICB2SIOF	unexplained
ICBIORSI	unexplained
ICBME	unexplained
ICBMSG05	unexplained
ICBMSG56	unexplained
ICBPRGIO	unexplained
ICBTMSS0	unexplained
ICBVCR00	unexplained
ICBVDM00	unexplained
ICBVDR00	unexplained
ICBVDR01	unexplained
ICBVIN00	unexplained
ICBVIN02	unexplained
ICBVJL00	unexplained
ICBVMG00	unexplained
ICBVMS00	unexplained
ICBVMT00	unexplained
ICBVPR00	unexplained
ICBVQM00	unexplained
ICBVRR00	unexplained
ICBVSC00	unexplained
ICBVSL00	unexplained
ICBVSP00	unexplained
ICBVTP00	unexplained
ICBVTP01	unexplained
ICBVUT00	unexplained
ICBVUT01	unexplained
ICBVUT03	unexplained
ICFBDF00	unexplained
ICFBDX00	unexplained
ICFBIF00	unexplained
ICFBIX00	unexplained
ICGDSA04	unexplained
ICGDSA05	unexplained
ICGDSA06	unexplained
ICGDSA07	unexplained
ICGDSA08	unexplained
ICGDSA09	unexplained
ICGDSANL	unexplained
ICGDSB01	unexplained
ICGDSB03	unexplained
ICGDSB05	unexplained
ICGDSB06	unexplained
ICGDSB07	unexplained
ICGDSB08	unexplained
ICGDSB09	unexplained
ICGDSB10	unexplained
ICGDSB11	unexplained
ICGDSB12	unexplained
ICGDSB13	unexplained
ICGDSB14	unexplained
ICGDSB15	unexplained
ICGDSB16	unexplained
ICGDSB18	unexplained
ICGDSB19	unexplained
ICGDSB20	unexplained
ICGDSBLD	unexplained
ICGDSINT	unexplained
ICGDSS06	unexplained
ICGDSS08	unexplained
ICGDSS09	unexplained
ICGDSSCN	unexplained
ICGTRDST	unexplained
ICGTRINT	unexplained
ICHRIN00	unexplained
ICKAA01	unexplained
ICKBI01	unexplained
ICKBM01	unexplained
ICKCDIN	unexplained
ICKCDIT	unexplained
ICKCDRF	unexplained
ICKDV01	unexplained
ICKDV02	unexplained
ICKDV03	unexplained
ICKDV04	unexplained
ICKEX01	unexplained
ICKIN01	unexplained
ICKIO01	unexplained
ICKIO02	unexplained
ICKIT01	unexplained
ICKPP01	unexplained
ICKRF01	unexplained
ICKRI01	unexplained
ICKRI02	unexplained
ICKRILT	unexplained
ICKRP01	unexplained
ICKSA01	unexplained
ICKSA02	unexplained
ICKSA03	unexplained
ICKSA05	unexplained
ICKSA08	unexplained
ICKSA10	unexplained
ICKTA01	unexplained
ICKTP01	unexplained
ICKTP05	unexplained
ICKTSCC0	unexplained
ICKTSDV0	unexplained
ICKTSEF0	unexplained
ICKTSEX0	unexplained
ICKTSIO0	unexplained
ICKTSRI0	unexplained
ICKTSTP1	unexplained
ICKVA01	unexplained
ICKVLBL	unexplained
ICKVV01	unexplained
ICKWI01	unexplained
ICKWL01	unexplained
ICKWV01	unexplained
IDA0192A	unexplained
IDA0192B	unexplained
IDA0192C	unexplained
IDA0192D	unexplained
IDA0192F	unexplained
IDA0192I	unexplained
IDA0192M	unexplained
IDA0192P	unexplained
IDA0192S	unexplained
IDA0192V	unexplained
IDA0192W	unexplained
IDA0192Y	unexplained
IDA0192Z	unexplained
IDA019C1	unexplained
IDA019R1	unexplained
IDA019R2	unexplained
IDA019R3	unexplained
IDA019R4	unexplained
IDA019R5	unexplained
IDA019R7	unexplained
IDA019R8	unexplained
IDA019RA	unexplained
IDA019RD	unexplained
IDA019RE	unexplained
IDA019RF	unexplained
IDA019RG	unexplained
IDA019RH	unexplained
IDA019RI	unexplained
IDA019RJ	unexplained
IDA019RK	unexplained
IDA019RL	unexplained
IDA019RM	unexplained
IDA019RN	unexplained
IDA019RO	unexplained
IDA019RP	unexplained
IDA019RQ	unexplained
IDA019RR	unexplained
IDA019RS	unexplained
IDA019RU	unexplained
IDA019RW	unexplained
IDA019RX	unexplained
IDA019RY	unexplained
IDA019RZ	unexplained
IDA019S1	unexplained
IDA019S2	unexplained
IDA019S6	unexplained
IDA019SA	unexplained
IDA019SE	unexplained
IDA019SF	unexplained
IDA019ST	unexplained
IDA019SU	unexplained
IDA0200B	unexplained
IDA0200S	unexplained
IDA0200T	unexplained
IDA0231B	unexplained
IDA0231T	unexplained
IDA0557A	unexplained
IDA0A05B	unexplained
IDA0C05B	unexplained
IDA0C06C	unexplained
IDA0I96C	unexplained
IDA121A3	unexplained
IDA121A4	unexplained
IDA121A5	unexplained
IDACAT11	unexplained
IDACAT12	unexplained
IDACAT13	unexplained
IDACKRA1	unexplained
IDAICIA1	unexplained
IDAIIPM1	unexplained
IDAIIPM3	unexplained
IDAIISM1	unexplained
IDAM19R3	unexplained
IDAOCEA1	unexplained
IDAOCEA2	unexplained
IDAOCEA4	unexplained
IDAVBPC1	unexplained
IDAVBPJ1	unexplained
IDAVBPJ2	unexplained
IDAVBPO1	unexplained
IDAVBPP1	unexplained
IDAVBPS2	unexplained
IDCAL01	unexplained
IDCAU02	unexplained
IDCAU03	unexplained
IDCBI01	unexplained
IDCCC01	unexplained
IDCCDAU	unexplained
IDCCDCH	unexplained
IDCCDDE	unexplained
IDCCDDU	unexplained
IDCCDLD	unexplained
IDCCDMG	unexplained
IDCCDMV	unexplained
IDCCDNC	unexplained
IDCCDRP	unexplained
IDCCDSD	unexplained
IDCCDTU	unexplained
IDCCH01	unexplained
IDCCH02	unexplained
IDCCH03	unexplained
IDCCH04	unexplained
IDCCK01	unexplained
IDCCN01	unexplained
IDCCO01	unexplained
IDCCV01	unexplained
IDCDB01	unexplained
IDCDE01	unexplained
IDCDE02	unexplained
IDCDE03	unexplained
IDCDL01	unexplained
IDCDU01	unexplained
IDCEV01	unexplained
IDCEX02	unexplained
IDCEX03	unexplained
IDCIO04	unexplained
IDCIO05	unexplained
IDCLC01	unexplained
IDCLC02	unexplained
IDCLD01	unexplained
IDCLM01	unexplained
IDCLR01	unexplained
IDCLR02	unexplained
IDCLV01	unexplained
IDCMC01	unexplained
IDCMG01	unexplained
IDCMP01	unexplained
IDCMV01	unexplained
IDCNC01	unexplained
IDCPM01	unexplained
IDCPR01	unexplained
IDCRC01	unexplained
IDCRC02	unexplained
IDCRC03	unexplained
IDCRD03	unexplained
IDCRD04	unexplained
IDCRD05	unexplained
IDCRD06	unexplained
IDCRD07	unexplained
IDCRI01	unexplained
IDCRI04	unexplained
IDCRM01	unexplained
IDCRP01	unexplained
IDCRR01	unexplained
IDCRS01	unexplained
IDCRS02	unexplained
IDCRS03	unexplained
IDCRS04	unexplained
IDCRS05	unexplained
IDCRS06	unexplained
IDCRS07	unexplained
IDCRV01	unexplained
IDCSA01	unexplained
IDCSA02	unexplained
IDCSA06	unexplained
IDCSA07	unexplained
IDCSA08	unexplained
IDCSA09	unexplained
IDCSA10	unexplained
IDCSD01	unexplained
IDCSR01	unexplained
IDCST01	unexplained
IDCSV01	unexplained
IDCTP01	unexplained
IDCTP04	unexplained
IDCTP05	unexplained
IDCTP06	unexplained
IDCTR01	unexplained
IDCTSAU0	unexplained
IDCTSCH0	unexplained
IDCTSCK0	unexplained
IDCTSCM0	unexplained
IDCTSCO0	unexplained
IDCTSDL0	unexplained
IDCTSDU0	unexplained
IDCTSLC0	unexplained
IDCTSLC1	unexplained
IDCTSLD0	unexplained
IDCTSLV0	unexplained
IDCTSMC0	unexplained
IDCTSPR0	unexplained
IDCTSRD0	unexplained
IDCTSSS0	unexplained
IDCTSTP6	unexplained
IDCTSTU0	unexplained
IDCTSVS0	unexplained
IDCTU01	unexplained
IDCVS01	unexplained
IDCVS02	unexplained
IDCVS03	unexplained
IDCXP01	unexplained
IDDWIAPP	unexplained
IDDWICLS	unexplained
IDDWICPI	unexplained
IDDWIFRR	unexplained
IDDWIJRN	unexplained
IDDWITRM	unexplained
IEAFTEED	unexplained
IEAFTIHS	unexplained
IEAFTRT2	unexplained
IEAFTSCB	unexplained
IEATLEXT	unexplained
IEAV1052	unexplained
IEAV1443	unexplained
IEAV2540	unexplained
IEAVAD00	unexplained
IEAVAD01	unexplained
IEAVAD02	unexplained
IEAVAD03	unexplained
IEAVAD07	unexplained
IEAVAD08	unexplained
IEAVAD0A	unexplained
IEAVAD0C	unexplained
IEAVAD0D	unexplained
IEAVAD0E	unexplained
IEAVAD0F	unexplained
IEAVAD10	unexplained
IEAVAD11	unexplained
IEAVAD31	unexplained
IEAVAD51	unexplained
IEAVAMSI	unexplained
IEAVAP00	unexplained
IEAVAR00	unexplained
IEAVAR01	unexplained
IEAVAR02	unexplained
IEAVAR04	unexplained
IEAVAR05	unexplained
IEAVAR06	unexplained
IEAVAX00	unexplained
IEAVBLDP	unexplained
IEAVCARR	unexplained
IEAVCSEG	unexplained
IEAVDELP	unexplained
IEAVDLAS	unexplained
IEAVDSEG	unexplained
IEAVEADV	unexplained
IEAVEAT0	unexplained
IEAVECH0	unexplained
IEAVEDR	unexplained
IEAVEDS0	unexplained
IEAVEED0	unexplained
IEAVEEE0	unexplained
IEAVEEE2	unexplained
IEAVEEEP	unexplained
IEAVEES	unexplained
IEAVEEXP	unexplained
IEAVEF00	unexplained
IEAVEIO	unexplained
IEAVEIPR	unexplained
IEAVELK	unexplained
IEAVEMCR	unexplained
IEAVEMDL	unexplained
IEAVEMIN	unexplained
IEAVEMRQ	unexplained
IEAVEMS0	unexplained
IEAVENQ1	unexplained
IEAVEOR	unexplained
IEAVEPC	unexplained
IEAVEPD0	unexplained
IEAVEQR	unexplained
IEAVEQV0	unexplained
IEAVERES	unexplained
IEAVERI	unexplained
IEAVERP	unexplained
IEAVESC0	unexplained
IEAVESVC	unexplained
IEAVETCL	unexplained
IEAVEVAL	unexplained
IEAVEVT0	unexplained
IEAVEXS	unexplained
IEAVFP	unexplained
IEAVFRCL	unexplained
IEAVFREE	unexplained
IEAVFXLD	unexplained
IEAVGCAS	unexplained
IEAVGFA	unexplained
IEAVGFRR	unexplained
IEAVGM00	unexplained
IEAVGPRR	unexplained
IEAVID00	unexplained
IEAVINV	unexplained
IEAVITAS	unexplained
IEAVLK00	unexplained
IEAVLK01	unexplained
IEAVLK02	unexplained
IEAVLK03	unexplained
IEAVMASV	unexplained
IEAVMDOM	unexplained
IEAVMDSV	unexplained
IEAVMED2	unexplained
IEAVMFRR	unexplained
IEAVMNTR	unexplained
IEAVMODE	unexplained
IEAVMQR0	unexplained
IEAVMQWR	unexplained
IEAVMSGS	unexplained
IEAVMWSV	unexplained
IEAVMWTO	unexplained
IEAVNIP0	unexplained
IEAVNIPM	unexplained
IEAVNIPX	unexplained
IEAVNP01	unexplained
IEAVNP02	unexplained
IEAVNP03	unexplained
IEAVNP05	unexplained
IEAVNP07	unexplained
IEAVNP08	unexplained
IEAVNP09	unexplained
IEAVNP10	unexplained
IEAVNP11	unexplained
IEAVNP12	unexplained
IEAVNP13	unexplained
IEAVNP14	unexplained
IEAVNP16	unexplained
IEAVNP17	unexplained
IEAVNP19	unexplained
IEAVNP1A	unexplained
IEAVNP1B	unexplained
IEAVNPA1	unexplained
IEAVNPA5	unexplained
IEAVNPA6	unexplained
IEAVNPB5	unexplained
IEAVNPM2	unexplained
IEAVNPM3	unexplained
IEAVNPS5	unexplained
IEAVOUT	unexplained
IEAVPCB	unexplained
IEAVPFTE	unexplained
IEAVPIOI	unexplained
IEAVPIOP	unexplained
IEAVPIX	unexplained
IEAVPREF	unexplained
IEAVPRSB	unexplained
IEAVPRT0	unexplained
IEAVPSI	unexplained
IEAVRCF	unexplained
IEAVRCV	unexplained
IEAVRELS	unexplained
IEAVRFR	unexplained
IEAVRSM	unexplained
IEAVRT00	unexplained
IEAVRT01	unexplained
IEAVRT02	unexplained
IEAVRTI0	unexplained
IEAVRTI1	unexplained
IEAVRTOD	unexplained
IEAVSETS	unexplained
IEAVSOUT	unexplained
IEAVSQA	unexplained
IEAVSTA0	unexplained
IEAVSTAA	unexplained
IEAVSWCH	unexplained
IEAVSWIN	unexplained
IEAVSWPC	unexplained
IEAVSY50	unexplained
IEAVTABD	unexplained
IEAVTAS1	unexplained
IEAVTAS2	unexplained
IEAVTAS3	unexplained
IEAVTB00	unexplained
IEAVTERM	unexplained
IEAVTEST	unexplained
IEAVTFMT	unexplained
IEAVTFRD	unexplained
IEAVTFRT	unexplained
IEAVTFSD	unexplained
IEAVTGLB	unexplained
IEAVTJBN	unexplained
IEAVTLCL	unexplained
IEAVTMMT	unexplained
IEAVTMRM	unexplained
IEAVTMSI	unexplained
IEAVTMTC	unexplained
IEAVTMTR	unexplained
IEAVTPER	unexplained
IEAVTPMT	unexplained
IEAVTRCE	unexplained
IEAVTRET	unexplained
IEAVTRT1	unexplained
IEAVTRT2	unexplained
IEAVTRTC	unexplained
IEAVTRTE	unexplained
IEAVTRTH	unexplained
IEAVTRTR	unexplained
IEAVTRTS	unexplained
IEAVTRV	unexplained
IEAVTSDC	unexplained
IEAVTSDF	unexplained
IEAVTSDG	unexplained
IEAVTSDH	unexplained
IEAVTSDI	unexplained
IEAVTSDO	unexplained
IEAVTSDR	unexplained
IEAVTSDT	unexplained
IEAVTSDU	unexplained
IEAVTSDW	unexplained
IEAVTSDX	unexplained
IEAVTSKT	unexplained
IEAVTSL2	unexplained
IEAVTSLP	unexplained
IEAVTSLR	unexplained
IEAVTSLS	unexplained
IEAVTSSD	unexplained
IEAVTSSE	unexplained
IEAVVCRX	unexplained
IEAVVCTR	unexplained
IEAVVINT	unexplained
IEAVVRP1	unexplained
IEAVVRP2	unexplained
IEAVVWTO	unexplained
IEAVXDOM	unexplained
IEAXPALL	unexplained
IEAXPDXR	unexplained
IEBASCAN	unexplained
IEBBAM	unexplained
IEBCANAL	unexplained
IEBCCS02	unexplained
IEBCMAIN	unexplained
IEBCOMPM	unexplained
IEBCQSAM	unexplained
IEBCRANL	unexplained
IEBCREAT	unexplained
IEBCROOT	unexplained
IEBCULET	unexplained
IEBDG	unexplained
IEBDGCUP	unexplained
IEBDISKT	unexplained
IEBDRD	unexplained
IEBDSCPY	unexplained
IEBDV1	unexplained
IEBDWR	unexplained
IEBEDIT	unexplained
IEBEDIT2	unexplained
IEBFDTBL	unexplained
IEBGEN03	unexplained
IEBGENR3	unexplained
IEBGENRT	unexplained
IEBGENS3	unexplained
IEBGSCAN	unexplained
IEBIMAGE	unexplained
IEBIMSGS	unexplained
IEBISAM	unexplained
IEBISC	unexplained
IEBISCAN	unexplained
IEBISF	unexplained
IEBISL	unexplained
IEBISPL	unexplained
IEBISSI	unexplained
IEBISSO	unexplained
IEBISU	unexplained
IEBLDUL	unexplained
IEBPPAL1	unexplained
IEBPPCH1	unexplained
IEBPPUN1	unexplained
IEBRSAM	unexplained
IEBSCN	unexplained
IEBTCR02	unexplained
IEBTCR03	unexplained
IEBTCR04	unexplained
IEBUPDT2	unexplained
IEBUPDTE	unexplained
IEBUPLOG	unexplained
IEBUPNIT	unexplained
IEBVTM	unexplained
IEBVTT	unexplained
IEBWSAM	unexplained
IEBWSU	unexplained
IECDAFMT	unexplained
IECDAFT1	unexplained
IECIHIO	unexplained
IECIOFMT	unexplained
IECIOFT1	unexplained
IECIOSAM	unexplained
IECLMSGC	unexplained
IECLMSGD	unexplained
IECLMSGG	unexplained
IECLMSGM	unexplained
IECLMSGT	unexplained
IECLMSGU	unexplained
IECQBFG1	unexplained
IECTCATN	unexplained
IECTEDIT	unexplained
IECTLOPN	unexplained
IECTONLT	unexplained
IECTSCAN	unexplained
IECVCINT	unexplained
IECVCRHH	unexplained
IECVDAVV	unexplained
IECVDDT0	unexplained
IECVDDT1	unexplained
IECVDERP	unexplained
IECVDURP	unexplained
IECVEXCP	unexplained
IECVGENA	unexplained
IECVHDET	unexplained
IECVHIDT	unexplained
IECVHREC	unexplained
IECVIOPM	unexplained
IECVIRST	unexplained
IECVMAP	unexplained
IECVOID	unexplained
IECVPURG	unexplained
IECVRSTI	unexplained
IECVSMGR	unexplained
IECVTCCW	unexplained
IECVXDAS	unexplained
IECVXDAT	unexplained
IECVXDAU	unexplained
IECVXDRS	unexplained
IECVXDRT	unexplained
IECVXGRT	unexplained
IECVXMGN	unexplained
IECVXPRE	unexplained
IECVXSKE	unexplained
IECVXSKN	unexplained
IECVXSKS	unexplained
IECVXT2S	unexplained
IECVXT3S	unexplained
IECVXTAT	unexplained
IECVXTPT	unexplained
IECVXURS	unexplained
IECVXURT	unexplained
IECVXVRS	unexplained
IECVXVRT	unexplained
IECVXVRU	unexplained
IEDAY1	unexplained
IEDAY2	unexplained
IEDAY8	unexplained
IEDAY802	unexplained
IEDAY88	unexplained
IEDAYA	unexplained
IEDAYAA	unexplained
IEDAYAB	unexplained
IEDAYC	unexplained
IEDAYD	unexplained
IEDAYF	unexplained
IEDAYGP	unexplained
IEDAYH	unexplained
IEDAYHH	unexplained
IEDAYI	unexplained
IEDAYII	unexplained
IEDAYJ	unexplained
IEDAYL	unexplained
IEDAYLL	unexplained
IEDAYM	unexplained
IEDAYN	unexplained
IEDAYO	unexplained
IEDAYOO	unexplained
IEDAYQ	unexplained
IEDAYQT	unexplained
IEDAYQT1	unexplained
IEDAYS	unexplained
IEDAYT	unexplained
IEDAYV	unexplained
IEDAYW	unexplained
IEDAYX	unexplained
IEDAYZ	unexplained
IEDAYZZ	unexplained
IEDBITN	unexplained
IEDCMIN	unexplained
IEDDFOUT	unexplained
IEDIAA	unexplained
IEDIAB	unexplained
IEDIAH	unexplained
IEDIAM	unexplained
IEDIAP	unexplained
IEDIAQ	unexplained
IEDIAR	unexplained
IEDIAS	unexplained
IEDLUS	unexplained
IEDNCU2	unexplained
IEDNGD	unexplained
IEDNKA	unexplained
IEDNLT	unexplained
IEDNSL	unexplained
IEDNTR	unexplained
IEDOPTN	unexplained
IEDPCIN	unexplained
IEDPCOUT	unexplained
IEDQ15	unexplained
IEDQA0	unexplained
IEDQA3	unexplained
IEDQA4	unexplained
IEDQA5	unexplained
IEDQA6	unexplained
IEDQAA	unexplained
IEDQAB	unexplained
IEDQAE	unexplained
IEDQAG	unexplained
IEDQAH	unexplained
IEDQAJ	unexplained
IEDQAK	unexplained
IEDQAM	unexplained
IEDQAS	unexplained
IEDQAT	unexplained
IEDQATTN	unexplained
IEDQAW	unexplained
IEDQAZ	unexplained
IEDQB4	unexplained
IEDQB7	unexplained
IEDQBA	unexplained
IEDQBC	unexplained
IEDQBD	unexplained
IEDQBE	unexplained
IEDQBF	unexplained
IEDQBH	unexplained
IEDQBI	unexplained
IEDQBJ	unexplained
IEDQBL	unexplained
IEDQBM	unexplained
IEDQBO	unexplained
IEDQBS	unexplained
IEDQBT	unexplained
IEDQBU	unexplained
IEDQBUFF	unexplained
IEDQBV	unexplained
IEDQBZ	unexplained
IEDQCA	unexplained
IEDQDA	unexplained
IEDQE6	unexplained
IEDQEB	unexplained
IEDQEC	unexplained
IEDQES	unexplained
IEDQEU	unexplained
IEDQEW	unexplained
IEDQFA	unexplained
IEDQFA1	unexplained
IEDQFA2	unexplained
IEDQFE	unexplained
IEDQFE10	unexplained
IEDQFE20	unexplained
IEDQFE30	unexplained
IEDQFM	unexplained
IEDQFSC	unexplained
IEDQFW	unexplained
IEDQGA	unexplained
IEDQGH	unexplained
IEDQGQ	unexplained
IEDQGT	unexplained
IEDQHI	unexplained
IEDQHK	unexplained
IEDQHM	unexplained
IEDQHM1	unexplained
IEDQHM2	unexplained
IEDQKA	unexplained
IEDQKB	unexplained
IEDQKC	unexplained
IEDQKD	unexplained
IEDQKE	unexplained
IEDQNB02	unexplained
IEDQNB05	unexplained
IEDQND	unexplained
IEDQNF	unexplained
IEDQNG	unexplained
IEDQNH	unexplained
IEDQNJ	unexplained
IEDQNK	unexplained
IEDQNM	unexplained
IEDQNO	unexplained
IEDQNQ	unexplained
IEDQNS	unexplained
IEDQNX	unexplained
IEDQOA	unexplained
IEDQOB	unexplained
IEDQOT01	unexplained
IEDQRS	unexplained
IEDQSBT	unexplained
IEDQTL	unexplained
IEDQUI	unexplained
IEDQW21	unexplained
IEDQW25	unexplained
IEDQW43	unexplained
IEDQWAC	unexplained
IEDQWB1	unexplained
IEDQWB2	unexplained
IEDQWE	unexplained
IEDQWE1	unexplained
IEDQWE2	unexplained
IEDQWH	unexplained
IEDQWI1	unexplained
IEDQWIA	unexplained
IEDQWID	unexplained
IEDQWIE	unexplained
IEDQWJ2	unexplained
IEDQWK1	unexplained
IEDQWL	unexplained
IEDQWL1	unexplained
IEDQWL3	unexplained
IEDQWO	unexplained
IEDQWR	unexplained
IEDQWY	unexplained
IEDQXA	unexplained
IEDQXB	unexplained
IEDQXC	unexplained
IEDRSPIN	unexplained
IEDSAC	unexplained
IEDSAI	unexplained
IEDSAO	unexplained
IEDSARI	unexplained
IEDSCPDS	unexplained
IEDSCPRQ	unexplained
IEDSNS	unexplained
IEDTEDIT	unexplained
IEDUNBND	unexplained
IEDXFMI	unexplained
IEE0003D	unexplained
IEE0303D	unexplained
IEE0403D	unexplained
IEE0503D	unexplained
IEE0603D	unexplained
IEE0703D	unexplained
IEE0803D	unexplained
IEE10110	unexplained
IEE11110	unexplained
IEE12110	unexplained
IEE1403D	unexplained
IEE1603D	unexplained
IEE20110	unexplained
IEE2303D	unexplained
IEE23110	unexplained
IEE2903D	unexplained
IEE3103D	unexplained
IEE3203D	unexplained
IEE3303D	unexplained
IEE3503D	unexplained
IEE3603D	unexplained
IEE3703D	unexplained
IEE40110	unexplained
IEE4103D	unexplained
IEE4203D	unexplained
IEE4303D	unexplained
IEE4403D	unexplained
IEE4603D	unexplained
IEE4703D	unexplained
IEE4803D	unexplained
IEE4903D	unexplained
IEE5103D	unexplained
IEE5403D	unexplained
IEE5503D	unexplained
IEE5603D	unexplained
IEE5703D	unexplained
IEE5903D	unexplained
IEE6503D	unexplained
IEE6603D	unexplained
IEE6703D	unexplained
IEE6803D	unexplained
IEE6903D	unexplained
IEE70110	unexplained
IEE7103D	unexplained
IEE7203D	unexplained
IEE7303D	unexplained
IEE7503D	unexplained
IEE7703D	unexplained
IEE7803D	unexplained
IEE8603D	unexplained
IEE8B03D	unexplained
IEE90110	unexplained
IEEAB400	unexplained
IEEAB401	unexplained
IEEBASEC	unexplained
IEEC2740	unexplained
IEECB800	unexplained
IEECB860	unexplained
IEECB866	unexplained
IEECB900	unexplained
IEECB901	unexplained
IEECB904	unexplained
IEECB905	unexplained
IEECB906	unexplained
IEECB907	unexplained
IEECB908	unexplained
IEECB909	unexplained
IEECB910	unexplained
IEECB912	unexplained
IEECB914	unexplained
IEECLEAN	unexplained
IEECVCTI	unexplained
IEECVET1	unexplained
IEECVET2	unexplained
IEECVET3	unexplained
IEECVET4	unexplained
IEECVET6	unexplained
IEECVET7	unexplained
IEECVET8	unexplained
IEECVET9	unexplained
IEECVETA	unexplained
IEECVETC	unexplained
IEECVETE	unexplained
IEECVETG	unexplained
IEECVETJ	unexplained
IEECVETK	unexplained
IEECVETV	unexplained
IEECVETW	unexplained
IEECVFT1	unexplained
IEECVFT2	unexplained
IEECVFTA	unexplained
IEECVFTB	unexplained
IEECVFTG	unexplained
IEECVFTL	unexplained
IEECVFTM	unexplained
IEECVFTN	unexplained
IEECVFTO	unexplained
IEECVFTP	unexplained
IEECVFTQ	unexplained
IEECVFTR	unexplained
IEECVGCI	unexplained
IEECVXIT	unexplained
IEEDAY3	unexplained
IEEMB803	unexplained
IEEMB804	unexplained
IEEMB805	unexplained
IEEMB806	unexplained
IEEMB807	unexplained
IEEMB810	unexplained
IEEMB811	unexplained
IEEMB813	unexplained
IEEMB814	unexplained
IEEMB820	unexplained
IEEMB821	unexplained
IEEMB823	unexplained
IEEMB824	unexplained
IEEMB825	unexplained
IEEMB826	unexplained
IEEMB828	unexplained
IEEMB829	unexplained
IEEMB830	unexplained
IEEMB860	unexplained
IEEMB876	unexplained
IEEMB877	unexplained
IEEMB879	unexplained
IEEMPDEV	unexplained
IEEMPDM	unexplained
IEEMPS03	unexplained
IEEMPVST	unexplained
IEEPALTR	unexplained
IEEPRTN2	unexplained
IEEPRWI2	unexplained
IEESB605	unexplained
IEESB665	unexplained
IEESB670	unexplained
IEESTPRS	unexplained
IEEVALST	unexplained
IEEVCPU	unexplained
IEEVDCCR	unexplained
IEEVDEV	unexplained
IEEVDUMY	unexplained
IEEVDUS1	unexplained
IEEVEXSN	unexplained
IEEVIPL	unexplained
IEEVJCL	unexplained
IEEVMNT1	unexplained
IEEVMNT2	unexplained
IEEVPTH	unexplained
IEEVSDIO	unexplained
IEEVSEND	unexplained
IEEVSMSG	unexplained
IEEVSND2	unexplained
IEEVSND3	unexplained
IEEVSND4	unexplained
IEEVSND5	unexplained
IEEVSND6	unexplained
IEEVSND8	unexplained
IEEVSND9	unexplained
IEEVSTAR	unexplained
IEEVSTOP	unexplained
IEEVWAIT	unexplained
IEEVWKUP	unexplained
IEEXEDNA	unexplained
IEFAB421	unexplained
IEFAB423	unexplained
IEFAB424	unexplained
IEFAB425	unexplained
IEFAB426	unexplained
IEFAB427	unexplained
IEFAB431	unexplained
IEFAB432	unexplained
IEFAB433	unexplained
IEFAB434	unexplained
IEFAB435	unexplained
IEFAB436	unexplained
IEFAB441	unexplained
IEFAB452	unexplained
IEFAB455	unexplained
IEFAB456	unexplained
IEFAB457	unexplained
IEFAB458	unexplained
IEFAB459	unexplained
IEFAB461	unexplained
IEFAB464	unexplained
IEFAB469	unexplained
IEFAB470	unexplained
IEFAB471	unexplained
IEFAB472	unexplained
IEFAB474	unexplained
IEFAB475	unexplained
IEFAB477	unexplained
IEFAB479	unexplained
IEFAB485	unexplained
IEFAB486	unexplained
IEFAB487	unexplained
IEFAB488	unexplained
IEFAB48A	unexplained
IEFAB490	unexplained
IEFAB491	unexplained
IEFAB492	unexplained
IEFAB494	unexplained
IEFAB496	unexplained
IEFAB498	unexplained
IEFAB49A	unexplained
IEFAB49B	unexplained
IEFAB4A2	unexplained
IEFAB4A4	unexplained
IEFAB4A6	unexplained
IEFAB4A8	unexplained
IEFAB4B0	unexplained
IEFAB4B2	unexplained
IEFAB4DC	unexplained
IEFAB4DD	unexplained
IEFAB4E0	unexplained
IEFAB4E2	unexplained
IEFAB4E5	unexplained
IEFAB4E7	unexplained
IEFAB4E8	unexplained
IEFAB4EA	unexplained
IEFAB4EC	unexplained
IEFAB4ED	unexplained
IEFAB4EE	unexplained
IEFAB4EF	unexplained
IEFAB4F0	unexplained
IEFAB4F1	unexplained
IEFAB4F2	unexplained
IEFAB4F4	unexplained
IEFAB4F5	unexplained
IEFAB4FA	unexplained
IEFAB4FC	unexplained
IEFAB4M4	unexplained
IEFAB4M5	unexplained
IEFAB4M9	unexplained
IEFAB4UV	unexplained
IEFACT	unexplained
IEFACTRT	unexplained
IEFATECB	unexplained
IEFBB402	unexplained
IEFBB410	unexplained
IEFBB416	unexplained
IEFBB4M1	unexplained
IEFBB4M3	unexplained
IEFBB4M4	unexplained
IEFBB4M5	unexplained
IEFDB400	unexplained
IEFDB402	unexplained
IEFDB410	unexplained
IEFDB411	unexplained
IEFDB412	unexplained
IEFDB413	unexplained
IEFDB414	unexplained
IEFDB418	unexplained
IEFDB450	unexplained
IEFDB470	unexplained
IEFDB480	unexplained
IEFDB490	unexplained
IEFDB4A0	unexplained
IEFDB4A1	unexplained
IEFDB4D0	unexplained
IEFDB4F8	unexplained
IEFDB4F9	unexplained
IEFDB4FE	unexplained
IEFDPOST	unexplained
IEFDSLST	unexplained
IEFDSTBL	unexplained
IEFEB400	unexplained
IEFI922B	unexplained
IEFIB600	unexplained
IEFIB605	unexplained
IEFIB620	unexplained
IEFIB621	unexplained
IEFIB645	unexplained
IEFIB650	unexplained
IEFIB660	unexplained
IEFICATL	unexplained
IEFICPUA	unexplained
IEFIIC	unexplained
IEFIRECM	unexplained
IEFISEXR	unexplained
IEFJESDM	unexplained
IEFJJCLS	unexplained
IEFJREAD	unexplained
IEFJRECM	unexplained
IEFJSDTN	unexplained
IEFJSINT	unexplained
IEFJSREQ	unexplained
IEFJSSNT	unexplained
IEFJSWT	unexplained
IEFJWTOM	unexplained
IEFNB901	unexplained
IEFNB902	unexplained
IEFNB903	unexplained
IEFNB9CR	unexplained
IEFNB9IR	unexplained
IEFQB550	unexplained
IEFQB555	unexplained
IEFQB580	unexplained
IEFQB585	unexplained
IEFRPREP	unexplained
IEFSCAN	unexplained
IEFSD088	unexplained
IEFSD089	unexplained
IEFSD094	unexplained
IEFSD095	unexplained
IEFSD101	unexplained
IEFSD102	unexplained
IEFSD103	unexplained
IEFSD160	unexplained
IEFSD161	unexplained
IEFSD162	unexplained
IEFSD164	unexplained
IEFSD166	unexplained
IEFSD263	unexplained
IEFSDTTE	unexplained
IEFSDXXX	unexplained
IEFSMFIE	unexplained
IEFTB720	unexplained
IEFTB721	unexplained
IEFTB722	unexplained
IEFTB723	unexplained
IEFU29	unexplained
IEFUJI	unexplained
IEFUJV	unexplained
IEFUSI	unexplained
IEFUTL	unexplained
IEFVDA	unexplained
IEFVDBSD	unexplained
IEFVEA	unexplained
IEFVFA	unexplained
IEFVFB	unexplained
IEFVGI	unexplained
IEFVGK	unexplained
IEFVGM	unexplained
IEFVGM1	unexplained
IEFVGM10	unexplained
IEFVGM11	unexplained
IEFVGM12	unexplained
IEFVGM13	unexplained
IEFVGM14	unexplained
IEFVGM15	unexplained
IEFVGM16	unexplained
IEFVGM17	unexplained
IEFVGM18	unexplained
IEFVGM19	unexplained
IEFVGM2	unexplained
IEFVGM3	unexplained
IEFVGM4	unexplained
IEFVGM5	unexplained
IEFVGM6	unexplained
IEFVGM67	unexplained
IEFVGM7	unexplained
IEFVGM70	unexplained
IEFVGM71	unexplained
IEFVGM76	unexplained
IEFVGM78	unexplained
IEFVGM8	unexplained
IEFVGM9	unexplained
IEFVGS	unexplained
IEFVGT	unexplained
IEFVH1	unexplained
IEFVHA	unexplained
IEFVHC	unexplained
IEFVHCB	unexplained
IEFVHE	unexplained
IEFVHEB	unexplained
IEFVHF	unexplained
IEFVHH	unexplained
IEFVHL	unexplained
IEFVHM	unexplained
IEFVHN	unexplained
IEFVHQ	unexplained
IEFVHR	unexplained
IEFVINA	unexplained
IEFVINB	unexplained
IEFVINC	unexplained
IEFVIND	unexplained
IEFVJA	unexplained
IEFVPP	unexplained
IEFVSCAN	unexplained
IEFXB500	unexplained
IEFXB601	unexplained
IEFXB602	unexplained
IEFXB603	unexplained
IEFXB604	unexplained
IEFXB609	unexplained
IEHATLAS	unexplained
IEHDANAL	unexplained
IEHDASDS	unexplained
IEHDCONS	unexplained
IEHDDOIO	unexplained
IEHDDUMP	unexplained
IEHDEXCP	unexplained
IEHDGETA	unexplained
IEHDINIT	unexplained
IEHDIPLI	unexplained
IEHDLABL	unexplained
IEHDPASS	unexplained
IEHDPRNT	unexplained
IEHDRCVR	unexplained
IEHDREST	unexplained
IEHDRVID	unexplained
IEHDVTOC	unexplained
IEHLIST1	unexplained
IEHLIST2	unexplained
IEHLIST3	unexplained
IEHMOVE	unexplained
IEHMVESA	unexplained
IEHMVESC	unexplained
IEHMVESE	unexplained
IEHMVESH	unexplained
IEHMVESI	unexplained
IEHMVESJ	unexplained
IEHMVESK	unexplained
IEHMVESL	unexplained
IEHMVESM	unexplained
IEHMVESN	unexplained
IEHMVESO	unexplained
IEHMVESP	unexplained
IEHMVESQ	unexplained
IEHMVESR	unexplained
IEHMVEST	unexplained
IEHMVESU	unexplained
IEHMVETG	unexplained
IEHMVETJ	unexplained
IEHMVMRZ	unexplained
IEHMVMSY	unexplained
IEHMVSRD	unexplained
IEHMVSRK	unexplained
IEHMVSRM	unexplained
IEHMVSRV	unexplained
IEHMVSRX	unexplained
IEHMVSRY	unexplained
IEHMVSRZ	unexplained
IEHMVSSF	unexplained
IEHMVSSV	unexplained
IEHMVSSX	unexplained
IEHMVSSY	unexplained
IEHMVSSZ	unexplained
IEHMVSTA	unexplained
IEHMVSTC	unexplained
IEHMVSTL	unexplained
IEHMVXSE	unexplained
IEHPRNT	unexplained
IEHPROG2	unexplained
IEHPROG3	unexplained
IEHPROG4	unexplained
IEHPROG5	unexplained
IEWFTMIN	unexplained
IEWLDRGO	unexplained
IEWSUOVR	unexplained
IEWSWOVR	unexplained
IEZDCODE	unexplained
IEZNCODE	unexplained
IFASMFDP	unexplained
IFBDCB01	unexplained
IFBDCB02	unexplained
IFCDEVIC	unexplained
IFCDIP00	unexplained
IFCE0115	unexplained
IFCE0125	unexplained
IFCE0135	unexplained
IFCE0145	unexplained
IFCE0155	unexplained
IFCE0165	unexplained
IFCE1017	unexplained
IFCE1018	unexplained
IFCE2860	unexplained
IFCE2870	unexplained
IFCE2880	unexplained
IFCE33XX	unexplained
IFCE3401	unexplained
IFCE5424	unexplained
IFCEARG1	unexplained
IFCEARG2	unexplained
IFCEARG3	unexplained
IFCEARG4	unexplained
IFCEARG5	unexplained
IFCEARG6	unexplained
IFCEARG7	unexplained
IFCEAXXX	unexplained
IFCECUT0	unexplained
IFCEDDR0	unexplained
IFCEDSUM	unexplained
IFCEE155	unexplained
IFCEEDIT	unexplained
IFCEF155	unexplained
IFCEFBA4	unexplained
IFCEFBA5	unexplained
IFCEGUS1	unexplained
IFCEI135	unexplained
IFCEI145	unexplained
IFCEI155	unexplained
IFCEIPL0	unexplained
IFCEJ145	unexplained
IFCEMAD1	unexplained
IFCENF11	unexplained
IFCENFH3	unexplained
IFCENFM3	unexplained
IFCENFP1	unexplained
IFCENFP2	unexplained
IFCEREP1	unexplained
IFCERFMT	unexplained
IFCESOFT	unexplained
IFCESUMS	unexplained
IFCET002	unexplained
IFCET003	unexplained
IFCET004	unexplained
IFCET005	unexplained
IFCET006	unexplained
IFCET008	unexplained
IFCET00B	unexplained
IFCET00C	unexplained
IFCET00D	unexplained
IFCET040	unexplained
IFCETRN4	unexplained
IFCETRN6	unexplained
IFCETRN7	unexplained
IFCEUKNO	unexplained
IFCEVENT	unexplained
IFCEWIN1	unexplained
IFCEWIN2	unexplained
IFCEWOD1	unexplained
IFCEXXX0	unexplained
IFCEXXX1	unexplained
IFCEXXX2	unexplained
IFCEXXX3	unexplained
IFCEXXX4	unexplained
IFCEXXX5	unexplained
IFCEXXX6	unexplained
IFCEXXX7	unexplained
IFCEXXX8	unexplained
IFCEXXX9	unexplained
IFCEXXXA	unexplained
IFCEXXXB	unexplained
IFCEXXXC	unexplained
IFCEXXXD	unexplained
IFCEXXXE	unexplained
IFCEXXXF	unexplained
IFCEXXXG	unexplained
IFCEXXXH	unexplained
IFCEXXXX	unexplained
IFCFILT1	unexplained
IFCFILT2	unexplained
IFCFILT3	unexplained
IFCFILT4	unexplained
IFCFMTIO	unexplained
IFCFRAMC	unexplained
IFCFRAME	unexplained
IFCFRAMM	unexplained
IFCIOHND	unexplained
IFCMSG01	unexplained
IFCNFPDR	unexplained
IFCOFFLD	unexplained
IFCPARM1	unexplained
IFCPARM2	unexplained
IFCRDESM	unexplained
IFCS0115	unexplained
IFCS0165	unexplained
IFCS1017	unexplained
IFCS1018	unexplained
IFCS33XX	unexplained
IFCS5424	unexplained
IFCSAXXX	unexplained
IFCSDASD	unexplained
IFCSGUS1	unexplained
IFCSHARE	unexplained
IFCSI115	unexplained
IFCSI145	unexplained
IFCSIPL0	unexplained
IFCSSOFT	unexplained
IFCST005	unexplained
IFCST008	unexplained
IFCSXXX7	unexplained
IFCSXXX9	unexplained
IFCSXXXA	unexplained
IFCSXXXB	unexplained
IFCSXXXE	unexplained
IFCSXXXF	unexplained
IFCSXXXH	unexplained
IFCSXXXX	unexplained
IFCSYMCD	unexplained
IFCSYSUM	unexplained
IFCTHRSH	unexplained
IFCTREND	unexplained
IFDMSG03	unexplained
IFDMSG04	unexplained
IFDMSG06	unexplained
IFDMSG07	unexplained
IFDMSG22	unexplained
IFDMSG31	unexplained
IFDMSG33	unexplained
IFDMSG37	unexplained
IFDMSG50	unexplained
IFDMSG53	unexplained
IFDMSG54	unexplained
IFDMSG56	unexplained
IFDMSG61	unexplained
IFDMSG73	unexplained
IFDMSGAJ	unexplained
IFDOLT00	unexplained
IFDOLT03	unexplained
IFDOLT04	unexplained
IFDOLT05	unexplained
IFDOLT07	unexplained
IFDOLT08	unexplained
IFDOLT09	unexplained
IFDOLT10	unexplained
IFDOLT11	unexplained
IFDOLT13	unexplained
IFDOLT14	unexplained
IFDOLT16	unexplained
IFDOLT17	unexplained
IFDOLT18	unexplained
IFDOLT21	unexplained
IFDOLT22	unexplained
IFDOLT24	unexplained
IFDOLT26	unexplained
IFDOLT28	unexplained
IFDOLT30	unexplained
IFDOLT31	unexplained
IFDOLT35	unexplained
IFDOLT36	unexplained
IFDOLT37	unexplained
IFDOLT38	unexplained
IFDOLT39	unexplained
IFDOLT41	unexplained
IFDOLT42	unexplained
IFDOLT43	unexplained
IFDOLT44	unexplained
IFDOLT46	unexplained
IFDOLT48	unexplained
IFDOLT49	unexplained
IFDOLT50	unexplained
IFDOLT51	unexplained
IFDOLT52	unexplained
IFDOLT53	unexplained
IFDOLT54	unexplained
IFDOLT55	unexplained
IFDOLT56	unexplained
IFDOLT57	unexplained
IFDOLT58	unexplained
IFDOLT59	unexplained
IFDOLT62	unexplained
IFDOLT67	unexplained
IFDOLT73	unexplained
IFDOLT74	unexplained
IFDOLT98	unexplained
IFDOLT99	unexplained
IFDOLTAA	unexplained
IFDOLTAB	unexplained
IFDOLTAJ	unexplained
IFFAAA01	unexplained
IFFAAA02	unexplained
IFFAAA03	unexplained
IFFAAA04	unexplained
IFFAAA05	unexplained
IFFAAA06	unexplained
IFFACA00	unexplained
IFFACA01	unexplained
IFFACA02	unexplained
IFFACA03	unexplained
IFFACA04	unexplained
IFFACA05	unexplained
IFFACA06	unexplained
IFFACA07	unexplained
IFFACA08	unexplained
IFFACA13	unexplained
IFFACA50	unexplained
IFFADA01	unexplained
IFFADA02	unexplained
IFFADA03	unexplained
IFFAEA01	unexplained
IFFAEA02	unexplained
IFFAEA03	unexplained
IFFAEA04	unexplained
IFFAEA06	unexplained
IFFAEA07	unexplained
IFFAFA01	unexplained
IFFAFA02	unexplained
IFFAFA03	unexplained
IFFAFA04	unexplained
IFFAFA05	unexplained
IFFAFA06	unexplained
IFFAFA07	unexplained
IFFAFA08	unexplained
IFFAFA09	unexplained
IFFAFA10	unexplained
IFFAFA11	unexplained
IFFAFA12	unexplained
IFFAFA13	unexplained
IFFAFA14	unexplained
IFFAFA15	unexplained
IFFAFA16	unexplained
IFFAFA17	unexplained
IFFAFA18	unexplained
IFFAFA19	unexplained
IFFAFA20	unexplained
IFFAGA01	unexplained
IFFAGA02	unexplained
IFFAGA03	unexplained
IFFAGA04	unexplained
IFFAGA05	unexplained
IFFAGA06	unexplained
IFFAGA07	unexplained
IFFAGA08	unexplained
IFFAHA01	unexplained
IFFAHA02	unexplained
IFFAHA04	unexplained
IFFAHA05	unexplained
IFFAHA06	unexplained
IFFAHA07	unexplained
IFFAHA11	unexplained
IFFAHA12	unexplained
IFFAHA13	unexplained
IFFAHA14	unexplained
IFFAHA15	unexplained
IFFAJA02	unexplained
IFFAJA03	unexplained
IFFAJA04	unexplained
IFFANA	unexplained
IFFCAN01	unexplained
IFFCAN02	unexplained
IFFPAAST	unexplained
IFFPJAPV	unexplained
IFFPKADG	unexplained
IFFPPASG	unexplained
IFG0190P	unexplained
IFG0191X	unexplained
IFG0191Y	unexplained
IFG0192A	unexplained
IFG0193A	unexplained
IFG0193C	unexplained
IFG0193D	unexplained
IFG0193E	unexplained
IFG0194A	unexplained
IFG0194C	unexplained
IFG0194F	unexplained
IFG0194J	unexplained
IFG0195A	unexplained
IFG0195B	unexplained
IFG0195C	unexplained
IFG0195D	unexplained
IFG0195F	unexplained
IFG0195G	unexplained
IFG0195H	unexplained
IFG0195J	unexplained
IFG0195K	unexplained
IFG0195N	unexplained
IFG0195T	unexplained
IFG0195U	unexplained
IFG0195V	unexplained
IFG0196J	unexplained
IFG0196K	unexplained
IFG0196L	unexplained
IFG0196M	unexplained
IFG0196N	unexplained
IFG0196O	unexplained
IFG0196P	unexplained
IFG0196Q	unexplained
IFG0196T	unexplained
IFG0196U	unexplained
IFG0196V	unexplained
IFG0196W	unexplained
IFG0196X	unexplained
IFG0198N	unexplained
IFG0199B	unexplained
IFG0199D	unexplained
IFG0199E	unexplained
IFG019RA	unexplained
IFG019TR	unexplained
IFG0200N	unexplained
IFG0200P	unexplained
IFG0200V	unexplained
IFG0200W	unexplained
IFG0200Y	unexplained
IFG0200Z	unexplained
IFG0201R	unexplained
IFG0202A	unexplained
IFG0202B	unexplained
IFG0202C	unexplained
IFG0202D	unexplained
IFG0202E	unexplained
IFG0202F	unexplained
IFG0202H	unexplained
IFG0202I	unexplained
IFG0202J	unexplained
IFG0202K	unexplained
IFG0202L	unexplained
IFG0202U	unexplained
IFG0204A	unexplained
IFG0204J	unexplained
IFG0209B	unexplained
IFG0209D	unexplained
IFG0209E	unexplained
IFG020TR	unexplained
IFG0230P	unexplained
IFG0232A	unexplained
IFG0232D	unexplained
IFG0232G	unexplained
IFG0232J	unexplained
IFG0232M	unexplained
IFG0232S	unexplained
IFG0232Z	unexplained
IFG0239B	unexplained
IFG0239D	unexplained
IFG0239E	unexplained
IFG023TR	unexplained
IFG0550P	unexplained
IFG0550Y	unexplained
IFG0551B	unexplained
IFG0551D	unexplained
IFG0551F	unexplained
IFG0551H	unexplained
IFG0551L	unexplained
IFG0551N	unexplained
IFG0551P	unexplained
IFG0551R	unexplained
IFG0551T	unexplained
IFG0552B	unexplained
IFG0552D	unexplained
IFG0552F	unexplained
IFG0552N	unexplained
IFG0552R	unexplained
IFG0552T	unexplained
IFG0552V	unexplained
IFG0552X	unexplained
IFG0553B	unexplained
IFG0553C	unexplained
IFG0553F	unexplained
IFG0553H	unexplained
IFG0553P	unexplained
IFG0553X	unexplained
IFG0553Z	unexplained
IFG0554A	unexplained
IFG0554B	unexplained
IFG0554C	unexplained
IFG0554F	unexplained
IFG0554J	unexplained
IFG0554L	unexplained
IFG0554N	unexplained
IFG0554P	unexplained
IFG0554T	unexplained
IFG0554Z	unexplained
IFG0555B	unexplained
IFG0555H	unexplained
IFG0555J	unexplained
IFG0555T	unexplained
IFG0558X	unexplained
IFG0559B	unexplained
IFG0559D	unexplained
IFG0559E	unexplained
IFG055TR	unexplained
IFG0RR0A	unexplained
IFG0RR0B	unexplained
IFG0RR0E	unexplained
IFG0RR0F	unexplained
IFG0TC0A	unexplained
IFG0TC4A	unexplained
IFHSTATR	unexplained
IFNX1A	unexplained
IFNX1J	unexplained
IFNX1K	unexplained
IFNX1S	unexplained
IFNX2A	unexplained
IFNX3A	unexplained
IFNX3B	unexplained
IFNX3K	unexplained
IFNX3N	unexplained
IFNX4D	unexplained
IFNX4E	unexplained
IFNX4M	unexplained
IFNX4N	unexplained
IFNX4S	unexplained
IFNX4T	unexplained
IFNX4V	unexplained
IFNX5A	unexplained
IFNX5C	unexplained
IFNX5D	unexplained
IFNX5F	unexplained
IFNX5L	unexplained
IFNX5M	unexplained
IFNX5P	unexplained
IFNX5V	unexplained
IFNX6A	unexplained
IFNX6B	unexplained
IFNX6C	unexplained
IFOX0A	unexplained
IFOX0B	unexplained
IFOX0C	unexplained
IFOX0D	unexplained
IFOX0E	unexplained
IFOX0F	unexplained
IFOX0G	unexplained
IFOX0H	unexplained
IFOX0I	unexplained
IFOX0J	unexplained
IGARPT01	unexplained
IGC0001G	unexplained
IGC0001I	unexplained
IGC00020	unexplained
IGC0002A	unexplained
IGC0002B	unexplained
IGC0002C	unexplained
IGC0002D	unexplained
IGC0002E	unexplained
IGC0002F	unexplained
IGC0002G	unexplained
IGC0002I	unexplained
IGC00030	unexplained
IGC0003A	unexplained
IGC0003B	unexplained
IGC0005C	unexplained
IGC0005E	unexplained
IGC0005G	unexplained
IGC0005I	unexplained
IGC0006D	unexplained
IGC0006F	unexplained
IGC0006H	unexplained
IGC0006I	unexplained
IGC0007A	unexplained
IGC0007C	unexplained
IGC0007D	unexplained
IGC0007E	unexplained
IGC0007H	unexplained
IGC0008A	unexplained
IGC0008B	unexplained
IGC0008E	unexplained
IGC0008F	unexplained
IGC0008H	unexplained
IGC0009C	unexplained
IGC0009D	unexplained
IGC0009H	unexplained
IGC0010C	unexplained
IGC0010D	unexplained
IGC0010E	unexplained
IGC0012F	unexplained
IGC0101I	unexplained
IGC01020	unexplained
IGC0102G	unexplained
IGC0106F	unexplained
IGC0106H	unexplained
IGC0107C	unexplained
IGC0107D	unexplained
IGC0107H	unexplained
IGC0108B	unexplained
IGC0109H	unexplained
IGC0110D	unexplained
IGC0112F	unexplained
IGC018	unexplained
IGC0203E	unexplained
IGC0206H	unexplained
IGC0207A	unexplained
IGC0208B	unexplained
IGC0209H	unexplained
IGC0210D	unexplained
IGC0306F	unexplained
IGC0306H	unexplained
IGC0310D	unexplained
IGC0406F	unexplained
IGC0406H	unexplained
IGC0408B	unexplained
IGC0505I	unexplained
IGC0506C	unexplained
IGC0506F	unexplained
IGC0506H	unexplained
IGC0510D	unexplained
IGC058	unexplained
IGC0606F	unexplained
IGC0606H	unexplained
IGC0610D	unexplained
IGC0706F	unexplained
IGC0706H	unexplained
IGC0710D	unexplained
IGC0806F	unexplained
IGC0806H	unexplained
IGC0810D	unexplained
IGC0905I	unexplained
IGC0906H	unexplained
IGC0910D	unexplained
IGC0A06F	unexplained
IGC0A10D	unexplained
IGC0B10D	unexplained
IGC0C06F	unexplained
IGC0C10D	unexplained
IGC0D06F	unexplained
IGC0D10D	unexplained
IGC0E05A	unexplained
IGC0E06F	unexplained
IGC0E10D	unexplained
IGC0F05A	unexplained
IGC0F06F	unexplained
IGC0G10D	unexplained
IGC0H10D	unexplained
IGC0I10D	unexplained
IGC0J05B	unexplained
IGC0J10D	unexplained
IGC0K05B	unexplained
IGC0K10D	unexplained
IGC0L05B	unexplained
IGC0L10D	unexplained
IGC0M05B	unexplained
IGC0N05B	unexplained
IGC0P05B	unexplained
IGC0R05B	unexplained
IGC0S05B	unexplained
IGC0T05B	unexplained
IGC0U05B	unexplained
IGC0W05B	unexplained
IGC1006F	unexplained
IGC1106F	unexplained
IGC111	unexplained
IGC1206F	unexplained
IGC124	unexplained
IGC1306F	unexplained
IGC1406F	unexplained
IGCA010D	unexplained
IGCA110D	unexplained
IGCA210D	unexplained
IGCA310D	unexplained
IGCA410D	unexplained
IGCA510D	unexplained
IGCA610D	unexplained
IGCA710D	unexplained
IGCA810D	unexplained
IGCA910D	unexplained
IGCAA10D	unexplained
IGCAB10D	unexplained
IGCAC10D	unexplained
IGCAD10D	unexplained
IGCAE10D	unexplained
IGCAF10D	unexplained
IGCAG10D	unexplained
IGCAL10D	unexplained
IGCAT10D	unexplained
IGCC010D	unexplained
IGCC110D	unexplained
IGCD010D	unexplained
IGCD110D	unexplained
IGCD210D	unexplained
IGCD310D	unexplained
IGCD410D	unexplained
IGCD610D	unexplained
IGCD810D	unexplained
IGCD910D	unexplained
IGCDB10D	unexplained
IGCDD10D	unexplained
IGCDL10D	unexplained
IGCFA10D	unexplained
IGCFB10D	unexplained
IGCFC10D	unexplained
IGCFE10D	unexplained
IGCFF10D	unexplained
IGCFH10D	unexplained
IGCFI10D	unexplained
IGCFJ10D	unexplained
IGCFK10D	unexplained
IGCFL10D	unexplained
IGCFP10D	unexplained
IGCFQ10D	unexplained
IGCH010D	unexplained
IGCI010D	unexplained
IGCI210D	unexplained
IGCI310D	unexplained
IGCM010D	unexplained
IGCM110D	unexplained
IGCM310D	unexplained
IGCM410D	unexplained
IGCM610D	unexplained
IGCM710D	unexplained
IGCM810D	unexplained
IGCM910D	unexplained
IGCMA10D	unexplained
IGCMB10D	unexplained
IGCMD10D	unexplained
IGCMF10D	unexplained
IGCMH10D	unexplained
IGCMI10D	unexplained
IGCMK10D	unexplained
IGCML10D	unexplained
IGCMM10D	unexplained
IGCMN10D	unexplained
IGCMP10D	unexplained
IGCMR10D	unexplained
IGCMS10D	unexplained
IGCMT10D	unexplained
IGCMU10D	unexplained
IGCMV10D	unexplained
IGCMY10D	unexplained
IGCMZ10D	unexplained
IGCN010D	unexplained
IGCN410D	unexplained
IGCN510D	unexplained
IGCR010D	unexplained
IGCT0018	unexplained
IGCT0021	unexplained
IGCT002D	unexplained
IGCT005C	unexplained
IGCT005G	unexplained
IGCT010D	unexplained
IGCT105C	unexplained
IGCT210D	unexplained
IGCV010D	unexplained
IGCV110D	unexplained
IGCV210D	unexplained
IGCV410D	unexplained
IGCV510D	unexplained
IGCV610D	unexplained
IGCV810D	unexplained
IGCV910D	unexplained
IGCVA10D	unexplained
IGCVE10D	unexplained
IGCVF10D	unexplained
IGCVI10D	unexplained
IGCZ010D	unexplained
IGCZ110D	unexplained
IGE0000D	unexplained
IGE0000E	unexplained
IGE0000G	unexplained
IGE0000H	unexplained
IGE0000I	unexplained
IGE0001A	unexplained
IGE0001C	unexplained
IGE0001F	unexplained
IGE0001G	unexplained
IGE0001H	unexplained
IGE0002A	unexplained
IGE0002C	unexplained
IGE0002E	unexplained
IGE0003C	unexplained
IGE0004A	unexplained
IGE0004B	unexplained
IGE0004C	unexplained
IGE0004D	unexplained
IGE0004G	unexplained
IGE0004H	unexplained
IGE0004I	unexplained
IGE0010A	unexplained
IGE0010B	unexplained
IGE0010D	unexplained
IGE0010E	unexplained
IGE0011A	unexplained
IGE0011C	unexplained
IGE0011D	unexplained
IGE0019I	unexplained
IGE0025C	unexplained
IGE0025D	unexplained
IGE0100I	unexplained
IGE0101F	unexplained
IGE0104A	unexplained
IGE0104B	unexplained
IGE0104C	unexplained
IGE0104G	unexplained
IGE0204A	unexplained
IGE0204B	unexplained
IGE0204C	unexplained
IGE0204G	unexplained
IGE0204H	unexplained
IGE0301H	unexplained
IGE0304A	unexplained
IGE0304B	unexplained
IGE0304C	unexplained
IGE0304G	unexplained
IGE0404A	unexplained
IGE0404B	unexplained
IGE0404C	unexplained
IGE0404G	unexplained
IGE0404H	unexplained
IGE0504A	unexplained
IGE0504B	unexplained
IGE0504C	unexplained
IGE0504G	unexplained
IGE0504H	unexplained
IGE0604A	unexplained
IGE0604B	unexplained
IGE0604C	unexplained
IGE0604G	unexplained
IGE0704A	unexplained
IGE0704B	unexplained
IGE0704C	unexplained
IGE0804A	unexplained
IGE0804B	unexplained
IGE0804C	unexplained
IGE0904A	unexplained
IGE0904B	unexplained
IGE0904C	unexplained
IGE0904G	unexplained
IGE0904H	unexplained
IGE0904I	unexplained
IGF2503D	unexplained
IGFC60	unexplained
IGFC70	unexplained
IGFC80	unexplained
IGFCCHCR	unexplained
IGFCCHED	unexplained
IGFCIC	unexplained
IGFDD0	unexplained
IGFDD1	unexplained
IGFDE0	unexplained
IGFDE1	unexplained
IGFDI1	unexplained
IGFDL1	unexplained
IGFDM0	unexplained
IGFDM1	unexplained
IGFDMTXT	unexplained
IGFDR0	unexplained
IGFDS0	unexplained
IGFDS1	unexplained
IGFDT0	unexplained
IGFDT1	unexplained
IGFDT2	unexplained
IGFDU0	unexplained
IGFDU1	unexplained
IGFDV0	unexplained
IGFDV1	unexplained
IGFDW0	unexplained
IGFINTVL	unexplained
IGFPBUCR	unexplained
IGFPMPFX	unexplained
IGFPMRTM	unexplained
IGFPNRFH	unexplained
IGFPWMSG	unexplained
IGFRINIT	unexplained
IGFTMCHK	unexplained
IGG0102F	unexplained
IGG0190A	unexplained
IGG0190B	unexplained
IGG0190R	unexplained
IGG0190S	unexplained
IGG01916	unexplained
IGG0191A	unexplained
IGG0191C	unexplained
IGG0191I	unexplained
IGG0191J	unexplained
IGG0191L	unexplained
IGG0191M	unexplained
IGG0191N	unexplained
IGG0191Q	unexplained
IGG0191R	unexplained
IGG0191S	unexplained
IGG0191T	unexplained
IGG0191U	unexplained
IGG0191V	unexplained
IGG01920	unexplained
IGG01921	unexplained
IGG01922	unexplained
IGG01924	unexplained
IGG01928	unexplained
IGG0192A	unexplained
IGG0192B	unexplained
IGG0192C	unexplained
IGG0192D	unexplained
IGG0192F	unexplained
IGG0192H	unexplained
IGG0192I	unexplained
IGG0192J	unexplained
IGG0192K	unexplained
IGG0192L	unexplained
IGG0192N	unexplained
IGG0192O	unexplained
IGG0192P	unexplained
IGG0192R	unexplained
IGG0192S	unexplained
IGG0192T	unexplained
IGG0192U	unexplained
IGG0192V	unexplained
IGG0192W	unexplained
IGG0192Z	unexplained
IGG01930	unexplained
IGG01931	unexplained
IGG01933	unexplained
IGG01934	unexplained
IGG01935	unexplained
IGG01936	unexplained
IGG01937	unexplained
IGG01938	unexplained
IGG01939	unexplained
IGG0193A	unexplained
IGG0193I	unexplained
IGG0193K	unexplained
IGG0193M	unexplained
IGG0193Q	unexplained
IGG0193S	unexplained
IGG0193Y	unexplained
IGG01940	unexplained
IGG01941	unexplained
IGG01942	unexplained
IGG01943	unexplained
IGG01944	unexplained
IGG01945	unexplained
IGG01946	unexplained
IGG01948	unexplained
IGG01949	unexplained
IGG0194B	unexplained
IGG0194N	unexplained
IGG0194P	unexplained
IGG0194Q	unexplained
IGG01950	unexplained
IGG0195D	unexplained
IGG0195T	unexplained
IGG0196A	unexplained
IGG0196B	unexplained
IGG0196D	unexplained
IGG0196G	unexplained
IGG0196I	unexplained
IGG0196K	unexplained
IGG0196L	unexplained
IGG0196M	unexplained
IGG0196Q	unexplained
IGG0196R	unexplained
IGG0197B	unexplained
IGG0197C	unexplained
IGG0197D	unexplained
IGG0197E	unexplained
IGG0197F	unexplained
IGG0197J	unexplained
IGG0197K	unexplained
IGG0197L	unexplained
IGG0197M	unexplained
IGG0197N	unexplained
IGG0197P	unexplained
IGG0197Q	unexplained
IGG0197U	unexplained
IGG0197V	unexplained
IGG0198B	unexplained
IGG0198D	unexplained
IGG0198E	unexplained
IGG0198L	unexplained
IGG0199F	unexplained
IGG0199G	unexplained
IGG0199L	unexplained
IGG0199W	unexplained
IGG019AA	unexplained
IGG019AB	unexplained
IGG019AC	unexplained
IGG019AD	unexplained
IGG019AE	unexplained
IGG019AF	unexplained
IGG019AH	unexplained
IGG019AJ	unexplained
IGG019AK	unexplained
IGG019AL	unexplained
IGG019AM	unexplained
IGG019AQ	unexplained
IGG019AR	unexplained
IGG019AT	unexplained
IGG019AV	unexplained
IGG019AW	unexplained
IGG019BA	unexplained
IGG019BB	unexplained
IGG019BC	unexplained
IGG019BE	unexplained
IGG019BF	unexplained
IGG019BH	unexplained
IGG019BI	unexplained
IGG019BK	unexplained
IGG019BL	unexplained
IGG019BM	unexplained
IGG019BN	unexplained
IGG019BO	unexplained
IGG019BP	unexplained
IGG019BQ	unexplained
IGG019BR	unexplained
IGG019BT	unexplained
IGG019BV	unexplained
IGG019C0	unexplained
IGG019C1	unexplained
IGG019C2	unexplained
IGG019C3	unexplained
IGG019C4	unexplained
IGG019C8	unexplained
IGG019CB	unexplained
IGG019CC	unexplained
IGG019CD	unexplained
IGG019CE	unexplained
IGG019CF	unexplained
IGG019CG	unexplained
IGG019CH	unexplained
IGG019CI	unexplained
IGG019CJ	unexplained
IGG019CL	unexplained
IGG019CS	unexplained
IGG019CT	unexplained
IGG019CU	unexplained
IGG019CV	unexplained
IGG019CW	unexplained
IGG019CX	unexplained
IGG019CY	unexplained
IGG019CZ	unexplained
IGG019DA	unexplained
IGG019DB	unexplained
IGG019DD	unexplained
IGG019DJ	unexplained
IGG019DK	unexplained
IGG019EI	unexplained
IGG019EJ	unexplained
IGG019EK	unexplained
IGG019FA	unexplained
IGG019FB	unexplained
IGG019FD	unexplained
IGG019FF	unexplained
IGG019FG	unexplained
IGG019FJ	unexplained
IGG019FK	unexplained
IGG019FL	unexplained
IGG019FP	unexplained
IGG019FQ	unexplained
IGG019FR	unexplained
IGG019FS	unexplained
IGG019FT	unexplained
IGG019FU	unexplained
IGG019G0	unexplained
IGG019G1	unexplained
IGG019G2	unexplained
IGG019G3	unexplained
IGG019G4	unexplained
IGG019G5	unexplained
IGG019G6	unexplained
IGG019G7	unexplained
IGG019G8	unexplained
IGG019G9	unexplained
IGG019GG	unexplained
IGG019GW	unexplained
IGG019GZ	unexplained
IGG019H3	unexplained
IGG019HA	unexplained
IGG019HB	unexplained
IGG019HD	unexplained
IGG019HG	unexplained
IGG019HK	unexplained
IGG019HN	unexplained
IGG019I9	unexplained
IGG019IA	unexplained
IGG019IB	unexplained
IGG019IO	unexplained
IGG019IZ	unexplained
IGG019J0	unexplained
IGG019J3	unexplained
IGG019JA	unexplained
IGG019JC	unexplained
IGG019JH	unexplained
IGG019JI	unexplained
IGG019JW	unexplained
IGG019KA	unexplained
IGG019KE	unexplained
IGG019KF	unexplained
IGG019KJ	unexplained
IGG019KK	unexplained
IGG019KL	unexplained
IGG019KM	unexplained
IGG019KN	unexplained
IGG019KU	unexplained
IGG019KY	unexplained
IGG019LC	unexplained
IGG019LE	unexplained
IGG019LS	unexplained
IGG019LT	unexplained
IGG019LU	unexplained
IGG019MC	unexplained
IGG019MS	unexplained
IGG019OA	unexplained
IGG019OB	unexplained
IGG019OC	unexplained
IGG019OE	unexplained
IGG019P9	unexplained
IGG019PA	unexplained
IGG019PG	unexplained
IGG019PH	unexplained
IGG019PI	unexplained
IGG019PK	unexplained
IGG019Q0	unexplained
IGG019Q1	unexplained
IGG019Q2	unexplained
IGG019Q3	unexplained
IGG019Q4	unexplained
IGG019Q5	unexplained
IGG019Q6	unexplained
IGG019Q7	unexplained
IGG019Q9	unexplained
IGG019R0	unexplained
IGG019R4	unexplained
IGG019R5	unexplained
IGG019R6	unexplained
IGG019RC	unexplained
IGG019RD	unexplained
IGG019RG	unexplained
IGG019RM	unexplained
IGG019RN	unexplained
IGG019RO	unexplained
IGG019RQ	unexplained
IGG019T2	unexplained
IGG019T3	unexplained
IGG019T4	unexplained
IGG019T5	unexplained
IGG019T6	unexplained
IGG019T7	unexplained
IGG019T8	unexplained
IGG019TC	unexplained
IGG019TD	unexplained
IGG019TE	unexplained
IGG019TH	unexplained
IGG019TI	unexplained
IGG019TV	unexplained
IGG019TW	unexplained
IGG019UM	unexplained
IGG019UP	unexplained
IGG019V2	unexplained
IGG019V7	unexplained
IGG019VV	unexplained
IGG019VW	unexplained
IGG0201A	unexplained
IGG0201B	unexplained
IGG0201D	unexplained
IGG0201P	unexplained
IGG0201R	unexplained
IGG0201W	unexplained
IGG0201Y	unexplained
IGG0201Z	unexplained
IGG0202A	unexplained
IGG0202B	unexplained
IGG0202C	unexplained
IGG0202D	unexplained
IGG0202K	unexplained
IGG0202M	unexplained
IGG02030	unexplained
IGG02035	unexplained
IGG02036	unexplained
IGG0203A	unexplained
IGG0203B	unexplained
IGG0203K	unexplained
IGG0203M	unexplained
IGG0203Y	unexplained
IGG0203Z	unexplained
IGG02041	unexplained
IGG02046	unexplained
IGG020D1	unexplained
IGG020FC	unexplained
IGG020P1	unexplained
IGG020P2	unexplained
IGG020P3	unexplained
IGG020T1	unexplained
IGG0210A	unexplained
IGG0213Z	unexplained
IGG021AB	unexplained
IGG026DU	unexplained
IGG0290A	unexplained
IGG0290B	unexplained
IGG0290C	unexplained
IGG0290D	unexplained
IGG0290F	unexplained
IGG0299A	unexplained
IGG03001	unexplained
IGG03002	unexplained
IGG0300F	unexplained
IGG0325A	unexplained
IGG0325B	unexplained
IGG0325C	unexplained
IGG0325D	unexplained
IGG0325E	unexplained
IGG0325G	unexplained
IGG0325H	unexplained
IGG0325I	unexplained
IGG0325K	unexplained
IGG0325Q	unexplained
IGG0325R	unexplained
IGG0325T	unexplained
IGG0325V	unexplained
IGG0325W	unexplained
IGG0325Z	unexplained
IGG032I1	unexplained
IGG032I2	unexplained
IGG032I3	unexplained
IGG032I4	unexplained
IGG032I5	unexplained
IGG032I6	unexplained
IGG032I7	unexplained
IGG032I8	unexplained
IGG0550B	unexplained
IGG0550D	unexplained
IGG0550F	unexplained
IGG0550H	unexplained
IGG0550P	unexplained
IGG0550S	unexplained
IGG0553A	unexplained
IGG0553B	unexplained
IGG0553C	unexplained
IGG0553D	unexplained
IGG0553E	unexplained
IGG0553G	unexplained
IGG08101	unexplained
IGG08102	unexplained
IGG08103	unexplained
IGG08104	unexplained
IGG08108	unexplained
IGG0860A	unexplained
IGG0860B	unexplained
IGG0860C	unexplained
IGG0860D	unexplained
IGG086AE	unexplained
IGG09301	unexplained
IGG09302	unexplained
IGG09303	unexplained
IGG09400	unexplained
IGG09402	unexplained
IGG09403	unexplained
IGG09404	unexplained
IGG09405	unexplained
IGG09406	unexplained
IGG09408	unexplained
IGG09409	unexplained
IGG0940A	unexplained
IGG0940G	unexplained
IGG09411	unexplained
IGG0CLA0	unexplained
IGG0CLA2	unexplained
IGG0CLA3	unexplained
IGG0CLA4	unexplained
IGG0CLA5	unexplained
IGG0CLA6	unexplained
IGG0CLA7	unexplained
IGG0CLA8	unexplained
IGG0CLA9	unexplained
IGG0CLAA	unexplained
IGG0CLAB	unexplained
IGG0CLAC	unexplained
IGG0CLAD	unexplained
IGG0CLAE	unexplained
IGG0CLAF	unexplained
IGG0CLAG	unexplained
IGG0CLAH	unexplained
IGG0CLAI	unexplained
IGG0CLAJ	unexplained
IGG0CLAK	unexplained
IGG0CLAL	unexplained
IGG0CLAM	unexplained
IGG0CLAN	unexplained
IGG0CLAO	unexplained
IGG0CLAP	unexplained
IGG0CLAQ	unexplained
IGG0CLAR	unexplained
IGG0CLAS	unexplained
IGG0CLAT	unexplained
IGG0CLAU	unexplained
IGG0CLAV	unexplained
IGG0CLAW	unexplained
IGG0CLAX	unexplained
IGG0CLAY	unexplained
IGG0CLAZ	unexplained
IGG0CLB0	unexplained
IGG0CLB1	unexplained
IGG0CLB3	unexplained
IGG0CLB4	unexplained
IGG0CLB5	unexplained
IGG0CLB6	unexplained
IGG0CLB7	unexplained
IGG0CLB8	unexplained
IGG0CLB9	unexplained
IGG0CLBA	unexplained
IGG0CLBB	unexplained
IGG0CLBC	unexplained
IGG0CLBD	unexplained
IGG0CLBE	unexplained
IGG0CLBF	unexplained
IGG0CLBG	unexplained
IGG0CLBH	unexplained
IGG0CLBJ	unexplained
IGG0CLBK	unexplained
IGG0CLBL	unexplained
IGG0CLBM	unexplained
IGG0CLBN	unexplained
IGG0CLBO	unexplained
IGG0CLBP	unexplained
IGG0CLBQ	unexplained
IGG0CLBR	unexplained
IGG0CLBS	unexplained
IGG0CLBT	unexplained
IGG0CLBU	unexplained
IGG0CLBV	unexplained
IGG0CLBW	unexplained
IGG0CLBY	unexplained
IGG0CLBZ	unexplained
IGG0CLC9	unexplained
IGG0CLCA	unexplained
IGG0CLCB	unexplained
IGG0CLCC	unexplained
IGG0CLCD	unexplained
IGG0CLCE	unexplained
IGG0CLCF	unexplained
IGG0CLDA	unexplained
IGG0CLDC	unexplained
IGG0CLDD	unexplained
IGG0CLF2	unexplained
IGG1AN	unexplained
IGG1HN	unexplained
IGG1PCAN	unexplained
IGG1PCHN	unexplained
IGG1PN	unexplained
IGG1QN	unexplained
IGG1QNC	unexplained
IGG1RN	unexplained
IGG1SN	unexplained
IGG1TN	unexplained
IGG1XN	unexplained
IGG1YN	unexplained
IGG2A11	unexplained
IGG2G11	unexplained
IGG2H11	unexplained
IGG2P11	unexplained
IGG2T11	unexplained
IGG3AN	unexplained
IGG3HN	unexplained
IGG3PCAN	unexplained
IGG3PCHN	unexplained
IGG3PN	unexplained
IGG3QN	unexplained
IGG3QNC	unexplained
IGG3RN	unexplained
IGG3SN	unexplained
IGG3TN	unexplained
IGG3XN	unexplained
IGG3YN	unexplained
IGGMSG02	unexplained
IGX00013	unexplained
IGX00014	unexplained
IGX00015	unexplained
IHCGSP01	unexplained
IHCGSP02	unexplained
IHCGSP03	unexplained
IHCGSP04	unexplained
IHDGSP01	unexplained
IHDGSP02	unexplained
IHDGSP03	unexplained
IHEGSP01	unexplained
IHEGSP02	unexplained
IHEGSP03	unexplained
IHJACP00	unexplained
IHJACP01	unexplained
IHJACP02	unexplained
IHJACP20	unexplained
IHJACP25	unexplained
IHJACP50	unexplained
IHJACP70	unexplained
IHJARS00	unexplained
IHJARS01	unexplained
IHJARS60	unexplained
IHJQCP30	unexplained
IHJQCP31	unexplained
IHJQCP32	unexplained
IHJQRS20	unexplained
IHJQRS21	unexplained
IHJQRS22	unexplained
IHJQRS23	unexplained
IHJQRS24	unexplained
IKJ5803D	unexplained
IKJCB831	unexplained
IKJCT430	unexplained
IKJCT431	unexplained
IKJCT433	unexplained
IKJCT434	unexplained
IKJCT435	unexplained
IKJCT436	unexplained
IKJCT460	unexplained
IKJCT462	unexplained
IKJCT463	unexplained
IKJCT464	unexplained
IKJCT466	unexplained
IKJCT467	unexplained
IKJCT469	unexplained
IKJCT471	unexplained
IKJCT472	unexplained
IKJCT473	unexplained
IKJDAIR	unexplained
IKJEBEAE	unexplained
IKJEBEBO	unexplained
IKJEBECI	unexplained
IKJEBECO	unexplained
IKJEBEDA	unexplained
IKJEBEDC	unexplained
IKJEBEDE	unexplained
IKJEBEDX	unexplained
IKJEBEEX	unexplained
IKJEBEHE	unexplained
IKJEBEM1	unexplained
IKJEBEM2	unexplained
IKJEBEM3	unexplained
IKJEBEM4	unexplained
IKJEBEM5	unexplained
IKJEBEM6	unexplained
IKJEBEM7	unexplained
IKJEBEMC	unexplained
IKJEBEMS	unexplained
IKJEBERN	unexplained
IKJEBESE	unexplained
IKJEBETO	unexplained
IKJEBEUI	unexplained
IKJEBEVE	unexplained
IKJEE100	unexplained
IKJEE1A0	unexplained
IKJEES10	unexplained
IKJEES20	unexplained
IKJEES40	unexplained
IKJEES70	unexplained
IKJEES74	unexplained
IKJEES75	unexplained
IKJEFA10	unexplained
IKJEFA12	unexplained
IKJEFA13	unexplained
IKJEFA20	unexplained
IKJEFA21	unexplained
IKJEFA23	unexplained
IKJEFA30	unexplained
IKJEFA51	unexplained
IKJEFA52	unexplained
IKJEFA53	unexplained
IKJEFA55	unexplained
IKJEFD30	unexplained
IKJEFD31	unexplained
IKJEFD32	unexplained
IKJEFD33	unexplained
IKJEFD34	unexplained
IKJEFD35	unexplained
IKJEFD36	unexplained
IKJEFD37	unexplained
IKJEFE06	unexplained
IKJEFF00	unexplained
IKJEFF03	unexplained
IKJEFF05	unexplained
IKJEFF07	unexplained
IKJEFF08	unexplained
IKJEFF09	unexplained
IKJEFF10	unexplained
IKJEFF15	unexplained
IKJEFF19	unexplained
IKJEFF20	unexplained
IKJEFF49	unexplained
IKJEFF52	unexplained
IKJEFF53	unexplained
IKJEFF54	unexplained
IKJEFF55	unexplained
IKJEFF57	unexplained
IKJEFL00	unexplained
IKJEFLA	unexplained
IKJEFLB	unexplained
IKJEFLC	unexplained
IKJEFLE	unexplained
IKJEFLEA	unexplained
IKJEFLF	unexplained
IKJEFLG	unexplained
IKJEFLGB	unexplained
IKJEFLGM	unexplained
IKJEFLGN	unexplained
IKJEFLH	unexplained
IKJEFLI	unexplained
IKJEFLIA	unexplained
IKJEFLJ	unexplained
IKJEFLK	unexplained
IKJEFLL	unexplained
IKJEFLPA	unexplained
IKJEFLS	unexplained
IKJEFP00	unexplained
IKJEFP03	unexplained
IKJEFP10	unexplained
IKJEFP20	unexplained
IKJEFP30	unexplained
IKJEFP40	unexplained
IKJEFP60	unexplained
IKJEFT01	unexplained
IKJEFT02	unexplained
IKJEFT03	unexplained
IKJEFT04	unexplained
IKJEFT05	unexplained
IKJEFT06	unexplained
IKJEFT08	unexplained
IKJEFT09	unexplained
IKJEFT25	unexplained
IKJEFT30	unexplained
IKJEFT35	unexplained
IKJEFT45	unexplained
IKJEFT55	unexplained
IKJEFT56	unexplained
IKJEFTE2	unexplained
IKJEFTE8	unexplained
IKJEFTSC	unexplained
IKJEFXSR	unexplained
IKJEHCIR	unexplained
IKJEHDEF	unexplained
IKJEHMEM	unexplained
IKJL4T00	unexplained
IKJNULL	unexplained
IKJRBBCR	unexplained
IKJRBBMC	unexplained
IKJRBBMG	unexplained
IKJRBBMP	unexplained
IKJRBBU0	unexplained
IKJRBBU1	unexplained
IKT0009D	unexplained
IKT09401	unexplained
IKT09409	unexplained
IKT0940A	unexplained
IKT0940E	unexplained
IKT0940F	unexplained
IKT09412	unexplained
IKT09413	unexplained
IKT3270I	unexplained
IKT3270O	unexplained
IKT93EST	unexplained
IKTASTPT	unexplained
IKTATTN	unexplained
IKTAY8	unexplained
IKTCAS00	unexplained
IKTCAS21	unexplained
IKTCAS22	unexplained
IKTCAS23	unexplained
IKTCAS24	unexplained
IKTCAS31	unexplained
IKTCAS32	unexplained
IKTCAS52	unexplained
IKTCAS53	unexplained
IKTCAS54	unexplained
IKTCAS55	unexplained
IKTCAS56	unexplained
IKTCASCX	unexplained
IKTCASOX	unexplained
IKTEXIT	unexplained
IKTIIOM	unexplained
IKTIMIDS	unexplained
IKTIMLU2	unexplained
IKTIOFRR	unexplained
IKTLOGFF	unexplained
IKTLOGR	unexplained
IKTLTERM	unexplained
IKTMSGS	unexplained
IKTOMIDS	unexplained
IKTOMLU2	unexplained
IKTQMIN	unexplained
IKTQMOUT	unexplained
IKTTIMRT	unexplained
IKTTOMJR	unexplained
IKTTOMRT	unexplained
IKTVTGET	unexplained
IKTVTPUT	unexplained
IKTXINIT	unexplained
IKTXLOG	unexplained
IKTXMTPT	unexplained
ILRACT	unexplained
ILRASM00	unexplained
ILRASRIM	unexplained
ILRCMP	unexplained
ILRCMP01	unexplained
ILRFMT00	unexplained
ILRFMTCV	unexplained
ILRFMTPG	unexplained
ILRFMTSW	unexplained
ILRFRR01	unexplained
ILRIMMSG	unexplained
ILRIOFRR	unexplained
ILRMSG00	unexplained
ILROPS00	unexplained
ILRPAGCM	unexplained
ILRPAGIO	unexplained
ILRPGEXP	unexplained
ILRPOS	unexplained
ILRPREAD	unexplained
ILRPTM	unexplained
ILRQSRIT	unexplained
ILRRLG	unexplained
ILRSAV	unexplained
ILRSRB01	unexplained
ILRSRBC	unexplained
ILRSWAP	unexplained
ILRSWP01	unexplained
ILRTERMR	unexplained
ILRTMI00	unexplained
ILRTMI01	unexplained
ILRTMRLG	unexplained
ILRVIOCM	unexplained
ILRVSAMI	unexplained
IMAPTFLE	unexplained
IMASPZAP	unexplained
IMDUSRFF	unexplained
INGSP	unexplained
IOEDKCLS	unexplained
IOEDKMSG	unexplained
IOEDKOPN	unexplained
IOEDKRDR	unexplained
IOEDKWTR	unexplained
IOESDKTI	unexplained
IOESDKTO	unexplained
IRARMCNS	unexplained
IRARMCPM	unexplained
IRARMCTL	unexplained
IRARMERR	unexplained
IRARMEVT	unexplained
IRARMIOM	unexplained
IRARMIPS	unexplained
IRARMRMR	unexplained
IRARMSET	unexplained
IRARMSRV	unexplained
IRARMSTM	unexplained
IRARMWAR	unexplained
IRARMWLM	unexplained
IRBMFALL	unexplained
IRBMFCNV	unexplained
IRBMFDCP	unexplained
IRBMFDDP	unexplained
IRBMFDEA	unexplained
IRBMFDHP	unexplained
IRBMFDPP	unexplained
IRBMFDTA	unexplained
IRBMFDTP	unexplained
IRBMFDWP	unexplained
IRBMFECH	unexplained
IRBMFEDV	unexplained
IRBMFEVT	unexplained
IRBMFFUR	unexplained
IRBMFICP	unexplained
IRBMFIDV	unexplained
IRBMFIHA	unexplained
IRBMFINP	unexplained
IRBMFIOI	unexplained
IRBMFIPG	unexplained
IRBMFIWK	unexplained
IRBMFLCV	unexplained
IRBMFLDV	unexplained
IRBMFLHV	unexplained
IRBMFLPV	unexplained
IRBMFLTV	unexplained
IRBMFLWV	unexplained
IRBMFMFC	unexplained
IRBMFMLN	unexplained
IRBMFMPR	unexplained
IRBMFRCR	unexplained
IRBMFRDR	unexplained
IRBMFRGM	unexplained
IRBMFRHR	unexplained
IRBMFRPR	unexplained
IRBMFRWR	unexplained
IRBMFSAR	unexplained
IRBMFSDE	unexplained
IRBMFTCH	unexplained
IRBMFTMA	unexplained
IRBMFTRM	unexplained
ISDAAPR0	unexplained
ISDAAPR1	unexplained
ISDACNFG	unexplained
ISDACSB0	unexplained
ISDACSB1	unexplained
ISDADAT1	unexplained
ISDADCK0	unexplained
ISDADCK1	unexplained
ISDADCS0	unexplained
ISDADCS1	unexplained
ISDADHE1	unexplained
ISDADRC0	unexplained
ISDADRC1	unexplained
ISDAEQC0	unexplained
ISDAEQC1	unexplained
ISDAFSC0	unexplained
ISDAFSC1	unexplained
ISDAFSC2	unexplained
ISDAHEXP	unexplained
ISDAHIST	unexplained
ISDALOG0	unexplained
ISDAOPT0	unexplained
ISDAPAD0	unexplained
ISDAPAD1	unexplained
ISDAPARM	unexplained
ISDASDA0	unexplained
ISDASUM0	unexplained
ISDASUM1	unexplained
ISDASUM2	unexplained
ISTAICIR	unexplained
ISTAICPT	unexplained
ISTAICTN	unexplained
ISTAPC11	unexplained
ISTAPC22	unexplained
ISTAPC23	unexplained
ISTAPC25	unexplained
ISTAPC31	unexplained
ISTAPC32	unexplained
ISTAPC35	unexplained
ISTAPC36	unexplained
ISTAPC37	unexplained
ISTAPC38	unexplained
ISTAPC41	unexplained
ISTAPC51	unexplained
ISTAPC52	unexplained
ISTAPC54	unexplained
ISTAPC55	unexplained
ISTAPC57	unexplained
ISTAPC58	unexplained
ISTAPC59	unexplained
ISTAPC61	unexplained
ISTAPC62	unexplained
ISTAPC63	unexplained
ISTAPC66	unexplained
ISTAPC83	unexplained
ISTAPC84	unexplained
ISTAPM69	unexplained
ISTATM00	unexplained
ISTATM10	unexplained
ISTCC010	unexplained
ISTCC012	unexplained
ISTCC013	unexplained
ISTCC014	unexplained
ISTCC016	unexplained
ISTCFCDP	unexplained
ISTCFCMM	unexplained
ISTCFCPC	unexplained
ISTCFCPO	unexplained
ISTCFCR1	unexplained
ISTCFCS1	unexplained
ISTCFCS2	unexplained
ISTCFCTM	unexplained
ISTCFF3D	unexplained
ISTCFMTM	unexplained
ISTCSCAC	unexplained
ISTCSCAQ	unexplained
ISTCSCLG	unexplained
ISTCSCMR	unexplained
ISTCSCPS	unexplained
ISTCSCRL	unexplained
ISTDCC00	unexplained
ISTDCC02	unexplained
ISTDCC10	unexplained
ISTDCC11	unexplained
ISTDCC12	unexplained
ISTDCC21	unexplained
ISTDCC23	unexplained
ISTDCC25	unexplained
ISTDCC30	unexplained
ISTDCC35	unexplained
ISTDCC40	unexplained
ISTDCC41	unexplained
ISTDCC50	unexplained
ISTDCC51	unexplained
ISTDCC60	unexplained
ISTDCC61	unexplained
ISTDCC80	unexplained
ISTDCC81	unexplained
ISTEC123	unexplained
ISTEC456	unexplained
ISTEC789	unexplained
ISTIC000	unexplained
ISTIC001	unexplained
ISTIC002	unexplained
ISTIC003	unexplained
ISTIC004	unexplained
ISTIC005	unexplained
ISTIC006	unexplained
ISTIC007	unexplained
ISTIC008	unexplained
ISTIC009	unexplained
ISTIC00A	unexplained
ISTINC02	unexplained
ISTINC05	unexplained
ISTINC32	unexplained
ISTINCA0	unexplained
ISTINCAW	unexplained
ISTINCBL	unexplained
ISTINCCF	unexplained
ISTINCCL	unexplained
ISTINCD2	unexplained
ISTINCD4	unexplained
ISTINCD5	unexplained
ISTINCD9	unexplained
ISTINCDP	unexplained
ISTINCDU	unexplained
ISTINCE6	unexplained
ISTINCE7	unexplained
ISTINCE8	unexplained
ISTINCF9	unexplained
ISTINCFS	unexplained
ISTINCHT	unexplained
ISTINCIB	unexplained
ISTINCIO	unexplained
ISTINCIT	unexplained
ISTINCL1	unexplained
ISTINCL3	unexplained
ISTINCL4	unexplained
ISTINCMD	unexplained
ISTINCMR	unexplained
ISTINCMS	unexplained
ISTINCMY	unexplained
ISTINCN8	unexplained
ISTINCNS	unexplained
ISTINCOE	unexplained
ISTINCOI	unexplained
ISTINCOQ	unexplained
ISTINCPH	unexplained
ISTINCQB	unexplained
ISTINCQE	unexplained
ISTINCR1	unexplained
ISTINCR4	unexplained
ISTINCR5	unexplained
ISTINCR6	unexplained
ISTINCRD	unexplained
ISTINCRF	unexplained
ISTINCRP	unexplained
ISTINCRS	unexplained
ISTINCSD	unexplained
ISTINCSH	unexplained
ISTINCST	unexplained
ISTINCTM	unexplained
ISTINCTR	unexplained
ISTINCU4	unexplained
ISTINCUM	unexplained
ISTINCUQ	unexplained
ISTINCV5	unexplained
ISTINCVA	unexplained
ISTINCVI	unexplained
ISTINCVN	unexplained
ISTINCVO	unexplained
ISTINCVP	unexplained
ISTINCW9	unexplained
ISTINCX1	unexplained
ISTINCX3	unexplained
ISTINCX8	unexplained
ISTINCXR	unexplained
ISTINCY0	unexplained
ISTINCY1	unexplained
ISTINCY5	unexplained
ISTINFIC	unexplained
ISTINFN8	unexplained
ISTINFXI	unexplained
ISTINM01	unexplained
ISTINMAD	unexplained
ISTINMN8	unexplained
ISTNMC3S	unexplained
ISTNMC7S	unexplained
ISTNMC8P	unexplained
ISTNMC9P	unexplained
ISTNSC00	unexplained
ISTOCCCA	unexplained
ISTOCCCB	unexplained
ISTOCCCC	unexplained
ISTOCCCH	unexplained
ISTOCCCL	unexplained
ISTOCCDF	unexplained
ISTOCCFB	unexplained
ISTOCCFD	unexplained
ISTOCCFR	unexplained
ISTOCCOA	unexplained
ISTOCCOB	unexplained
ISTOCCOD	unexplained
ISTOCCOE	unexplained
ISTOCCOF	unexplained
ISTOCCRL	unexplained
ISTOCCRT	unexplained
ISTOCCSD	unexplained
ISTOCCSL	unexplained
ISTOCMDC	unexplained
ISTORFBD	unexplained
ISTORFBF	unexplained
ISTORFID	unexplained
ISTORFPR	unexplained
ISTORMMG	unexplained
ISTRACTB	unexplained
ISTRACTL	unexplained
ISTRAFD1	unexplained
ISTRAFTP	unexplained
ISTRAMA1	unexplained
ISTRAMA2	unexplained
ISTRAMA3	unexplained
ISTRAMA4	unexplained
ISTRCC30	unexplained
ISTRCC51	unexplained
ISTRCC52	unexplained
ISTRCC81	unexplained
ISTRCFY0	unexplained
ISTSC020	unexplained
ISTSC021	unexplained
ISTSC022	unexplained
ISTSC024	unexplained
ISTSC025	unexplained
ISTSC026	unexplained
ISTSC027	unexplained
ISTSC028	unexplained
ISTSC029	unexplained
ISTSC02A	unexplained
ISTSC02B	unexplained
ISTSC02C	unexplained
ISTSC02D	unexplained
ISTSC02E	unexplained
ISTSC02F	unexplained
ISTSC030	unexplained
ISTSC031	unexplained
ISTSC032	unexplained
ISTSC034	unexplained
ISTSDCAP	unexplained
ISTSDCBU	unexplained
ISTSDCC2	unexplained
ISTSDCC4	unexplained
ISTSDCCB	unexplained
ISTSDCCL	unexplained
ISTSDCGE	unexplained
ISTSDCGP	unexplained
ISTSDCHS	unexplained
ISTSDCLM	unexplained
ISTSDCLN	unexplained
ISTSDCLU	unexplained
ISTSDCML	unexplained
ISTSDCMT	unexplained
ISTSDCP4	unexplained
ISTSDCP6	unexplained
ISTSDCPC	unexplained
ISTSDCPU	unexplained
ISTSDCRN	unexplained
ISTSDCRS	unexplained
ISTSDCSS	unexplained
ISTSDCVB	unexplained
ISTSEC10	unexplained
ISTSEC40	unexplained
ISTSQC00	unexplained
ISTSQC08	unexplained
ISTSQC0B	unexplained
ISTSTC00	unexplained
ISTTC035	unexplained
ISTTC037	unexplained
ISTZBF0A	unexplained
ISTZBF0L	unexplained
ISTZBFAG	unexplained
ISTZBFBA	unexplained
ISTZBFBB	unexplained
ISTZBFFA	unexplained
ISTZBFFB	unexplained
ISTZBFIF	unexplained
ISTZBFNB	unexplained
ISTZBFOB	unexplained
ISTZBFSC	unexplained
ISTZBFY0	unexplained
ISTZBFZ0	unexplained
ISTZBM0J	unexplained
ISTZBM0K	unexplained
ISTZCF1A	unexplained
ISTZCFBI	unexplained
ISTZDFC0	unexplained
ISTZDFD0	unexplained
ISTZDFJ0	unexplained
ISTZDFK0	unexplained
ISTZDFKA	unexplained
ISTZDFKB	unexplained
ISTZDFL0	unexplained
ISTZDFPR	unexplained
ISTZDMMB	unexplained
ISTZEFBA	unexplained
ISTZEMAA	unexplained
ISTZEMAB	unexplained
ISTZEMBB	unexplained
ISTZEMEA	unexplained
ISTZEMTA	unexplained
ISTZFFDF	unexplained
ISTZFFEA	unexplained
ISTZFM0A	unexplained
ISTZFM0B	unexplained
ISTZFM1B	unexplained
ISTZFM2B	unexplained
ISTZFM3B	unexplained
ISTZFMAB	unexplained
ISTZFMEB	unexplained
ISTZFMUA	unexplained
ISTZGF0A	unexplained
ISTZGF0B	unexplained
ISTZGF1A	unexplained
ISTZGFBB	unexplained
ISTZGFCB	unexplained
ISTZIF0B	unexplained
ISTZIF1B	unexplained
ISTZIFAB	unexplained
ISTZIFBB	unexplained
ISTZIFCB	unexplained
ISTZIFDB	unexplained
ISTZIFEB	unexplained
ISTZIFKB	unexplained
ISTZIFLB	unexplained
ISTZIFMB	unexplained
ISTZIFNA	unexplained
ISTZIFNB	unexplained
ISTZIFOA	unexplained
ISTZIFSC	unexplained
ISTZIFSG	unexplained
ISTZIFWB	unexplained
ISTZKFBB	unexplained
ISTZKFBN	unexplained
ISTZRM01	unexplained
LISTB	unexplained
LISTBC	unexplained
LOADER	unexplained
OMODVOL1	unexplained
PENTRK	unexplained
READPSWD	unexplained
SECLOADA	unexplained
ST	unexplained
SYS3CNVT	unexplained
TMGSP	unexplained
USRDDT00	unexplained
UTRKCALC	unexplained
XTB12773	unexplained
XTB12774	unexplained
XTB1A11	unexplained
XTB1AN	unexplained
XTB1AOA	unexplained
XTB1AOD	unexplained
XTB1AON	unexplained
XTB1BOA	unexplained
XTB1BON	unexplained
XTB1DUMP	unexplained
XTB1FM10	unexplained
XTB1FM12	unexplained
XTB1FM15	unexplained
XTB1G11	unexplained
XTB1GF10	unexplained
XTB1GF12	unexplained
XTB1GF15	unexplained
XTB1GN	unexplained
XTB1GS10	unexplained
XTB1GS12	unexplained
XTB1GS15	unexplained
XTB1GU10	unexplained
XTB1GU12	unexplained
XTB1GU15	unexplained
XTB1H11	unexplained
XTB1HN	unexplained
XTB1KN1	unexplained
XTB1OAA	unexplained
XTB1OAB	unexplained
XTB1ODA	unexplained
XTB1ONA	unexplained
XTB1ONB	unexplained
XTB1P11	unexplained
XTB1PCAN	unexplained
XTB1PCHN	unexplained
XTB1PN	unexplained
XTB1QN	unexplained
XTB1QNC	unexplained
XTB1RN	unexplained
XTB1SN	unexplained
XTB1T11	unexplained
XTB1TN	unexplained
XTB1TU10	unexplained
XTB1XN	unexplained
XTB1YN	unexplained
