module	dlib	state	tk5_rmid	ce_rmid	bytes_tk5	bytes_ce	bytes_equal	v_tk5	v_ce	sect_tk5	sect_ce	diff_tk5	diff_ce	len_tk5	len_ce
AHLCWRIT	AOS11	rmid-differs	UZ48441	UZ79327	8757	8705	N	differs	differs	1	1	0	0	Y	Y
AHLGTFI	AOS11	same	UZ79012	UZ79012	7585	7585	N	differs	differs	1	1	0	0	Y	Y
AHLIWRIT	AOS11	rmid-differs	UZ48441	UZ79327	7081	7021	N	differs	differs	1	1	0	0	Y	Y
AHLMCER	AOS11	same	UZ58627	UZ58627	1923	1923	Y	differs	differs	3	3	0	0	Y	Y
AHLMCIH	AOSC5	same	FBB1221	FBB1221	769	769	Y	identical	identical	1	1	0	0	N	N
AHLREADR	AOS11	same	EBB1102	EBB1102	1469	1469	Y	differs	differs	2	2	23	23	N	N
AHLSBLOK	AOS11	same	EBB1102	EBB1102	1353	1353	Y	differs	differs	1	1	15	15	N	N
AHLSBUF	AOS11	same	UZ31786	UZ31786	1845	1845	Y	differs	differs	1	1	0	0	Y	Y
AHLSCAN	AOS11	same	EBB1102	EBB1102	2661	2661	Y	differs	differs	1	1	110	110	N	N
AHLSETD	AOS11	same	EBB1102	EBB1102	1421	1421	Y	differs	differs	1	1	17	17	N	N
AHLSETMG	AOS11	same	EBB1102	EBB1102	501	501	Y	differs	differs	1	1	2	2	N	N
AHLT103	AOS11	same	FBB1221	FBB1221	2013	2013	Y	differs	differs	1	1	0	0	Y	Y
AHLTCTL1	AOS11	same	EBB1102	EBB1102	3381	3381	Y	identical	identical	1	1	0	0	N	N
AHLTCTL2	AOS11	same	EBB1102	EBB1102	4565	4565	Y	identical	identical	1	1	0	0	N	N
AHLTDIR	AOS11	same	UZ29737	UZ29737	1369	1369	Y	differs	differs	1	1	0	0	Y	Y
AHLTEXT	AOS11	same	EBB1102	EBB1102	2033	2033	Y	differs	differs	1	1	27	27	N	N
AHLTFOR	AOS11	same	EBB1102	EBB1102	3685	3685	Y	identical	identical	1	1	0	0	N	N
AHLTMMSG	AOS11	same	EBB1102	EBB1102	917	917	Y	differs	differs	1	1	16	16	N	N
AHLTMON	AOS11	same	UZ79011	UZ79011	2769	2769	Y	differs	differs	1	1	0	0	Y	Y
AHLTPID	AOS11	same	UZ31161	UZ31161	3666	3666	Y	differs	differs	1	1	0	0	Y	Y
AHLTPMT	AOS11	same	UZ24221	UZ24221	4497	4497	Y	differs	differs	1	1	0	0	Y	Y
AHLTSCN	AOS11	same	FBB1221	FBB1221	2001	2001	Y	differs	differs	1	1	0	0	Y	Y
AHLTSIO	AOS11	same	FBB1221	FBB1221	2877	2877	Y	differs	differs	1	1	0	0	Y	Y
AHLTSLIP	AOS11	rmid-differs	UZ61726	UZ36952	7817	7809	N	differs	differs	1	1	0	0	Y	Y
AHLTSVC	AOS11	same	UZ38061	UZ38061	9517	9517	Y	differs	differs	1	1	0	0	Y	Y
AHLTSYFL	AOS11	same	EBB1102	EBB1102	2153	2153	Y	differs	differs	1	1	21	21	N	N
AHLTSYSM	AOS11	same	FBB1221	FBB1221	4449	4449	Y	differs	differs	1	1	0	0	Y	Y
AHLTTAB	AOS11	same	EBB1102	EBB1102	1829	1829	Y	differs	differs	1	1	325	325	N	N
AHLTUSR	AOS11	same	UZ35279	UZ35279	1809	1809	Y	differs	differs	1	1	0	0	Y	Y
AHLTVTAM	AOS11	same	UZ90122	UZ90122	2097	2097	Y	identical	identical	1	1	0	0	N	N
AHLTXSYS	AOS11	same	EBB1102	EBB1102	2885	2885	Y	identical	identical	1	1	0	0	N	N
AHLVCOFF	AOS11	same	UZ24956	UZ24956	525	525	Y	differs	differs	1	1	30	30	N	N
AHLVCON	AOS11	same	UZ24956	UZ24956	533	533	Y	differs	differs	1	1	0	0	Y	Y
AHLWRMSG	AOS11	same	EBB1102	EBB1102	1013	1013	Y	differs	differs	1	1	11	11	N	N
AHLWTASK	AOS11	same	UZ70539	UZ70539	3365	3365	Y	differs	differs	1	1	0	0	Y	Y
AHLWTMSG	AOS11	same	EBB1102	EBB1102	685	685	Y	differs	differs	1	1	6	6	N	N
AHLWTO	AOS11	rmid-differs	UZ60842	FBB1221	1373	1337	N	differs	differs	1	1	0	0	Y	Y
AHLWWRIT	AOS11	rmid-differs	UY14400	UZ79327	9173	9081	N	differs	differs	1	1	0	0	Y	Y
AKJLKMSG	ACMDLIB	same	UZ54575	UZ54575	3917	3917	Y	identical	identical	1	1	0	0	N	N
AMAPTF01	AOS12	same	EBB1102	EBB1102	4145	4145	Y	differs	differs	1	1	395	395	N	N
AMAPTF02	AOS12	same	EBB1102	EBB1102	873	873	Y	differs	differs	1	1	1	1	N	N
AMASPZAP	AOS12	same	UZ32524	UZ32524	14528	14528	Y	identical	identical	4	4	0	0	N	N
AMDPRAPP	AOS12	same	UZ60057	UZ60057	5209	5209	N	differs	differs	1	1	0	0	Y	Y
AMDPRCTL	AOS12	same	UZ57439	UZ57439	8144	8144	Y	differs	differs	4	4	0	0	Y	Y
AMDPRCVT	AOS12	same	FBB1221	FBB1221	5237	5237	Y	differs	differs	1	1	0	0	Y	Y
AMDPRDPS	AOS12	same	UZ21709	UZ21709	4245	4245	Y	differs	differs	1	1	0	0	Y	Y
AMDPREAD	AOS12	same	UZ30889	UZ30889	4557	4557	Y	differs	differs	1	1	0	0	Y	Y
AMDPRECT	AOS12	same	UZ68783	UZ68783	766	766	Y	identical	identical	1	1	0	0	N	N
AMDPREID	AOS12	same	EBB1102	EBB1102	561	561	Y	identical	identical	1	1	0	0	N	N
AMDPREXT	AOS12	same	EBB1102	EBB1102	2365	2365	Y	differs	differs	1	1	479	479	N	N
AMDPRFAR	AOS12	same	FBB1221	FBB1221	5617	5617	Y	identical	identical	1	1	0	0	N	N
AMDPRFDS	AOS12	same	UZ30196	UZ30196	12818	12818	Y	differs	differs	1	1	0	0	Y	Y
AMDPRFLT	AOS12	same	UZ61819	UZ61819	1741	1741	N	differs	differs	1	1	0	0	Y	Y
AMDPRFMG	AOS12	same	UZ23020	UZ23020	1438	1438	Y	differs	differs	1	1	15	15	N	N
AMDPRFMT	ALPALIB	same	UZ64456	UZ64456	1142	1142	Y	differs	differs	1	1	0	0	Y	Y
AMDPRFRM	AOS12	same	UZ60057	UZ60057	3249	3249	N	differs	differs	1	1	0	0	Y	Y
AMDPRFSC	AOS12	same	EBB1102	EBB1102	5689	5689	Y	differs	differs	1	1	189	189	N	N
AMDPRFUB	AOS12	same	UZ28396	UZ28396	1965	1965	Y	differs	differs	1	1	0	0	Y	Y
AMDPRFXT	AOS12	same	EBB1102	EBB1102	1189	1189	Y	differs	differs	1	1	2	2	N	N
AMDPRGCD	AOS12	same	UZ37426	UZ37426	16973	16973	Y	differs	differs	1	1	0	0	Y	Y
AMDPRGET	AOS12	rmid-differs	UY47701	UZ62809	5285	5317	N	differs	differs	1	1	0	0	Y	Y
AMDPRLOD	AOS12	same	UZ54747	UZ54747	4757	4757	Y	differs	differs	1	1	0	0	Y	Y
AMDPRLPA	AOS12	same	EBB1102	EBB1102	1941	1941	Y	differs	differs	2	2	0	0	N	N
AMDPRNUC	AOS12	same	EBB1102	EBB1102	2741	2741	Y	differs	differs	1	1	55	55	N	N
AMDPROOT	AOS12	same	EBB1102	EBB1102	1493	1493	Y	differs	differs	1	1	599	599	N	N
AMDPRPCR	AOS12	same	EBB1102	EBB1102	1037	1037	Y	differs	differs	1	1	108	108	N	N
AMDPRPJB	AOS12	same	EBB1102	EBB1102	2938	2938	Y	differs	differs	2	2	204	204	N	N
AMDPRPMS	AOS12	same	EBB1102	EBB1102	6234	6234	Y	differs	differs	2	2	443	443	N	N
AMDPRQCB	AOS12	same	UZ29464	UZ29464	4357	4357	Y	differs	differs	1	1	0	0	Y	Y
AMDPRREC	AOS12	same	UZ65488	UZ65488	3465	3465	Y	differs	differs	1	1	0	0	Y	Y
AMDPRSCN	AOS12	same	UZ27795	UZ27795	5733	5733	Y	differs	differs	1	1	0	0	Y	Y
AMDPRSEG	AOS12	same	UZ57439	UZ57439	4165	4165	Y	differs	differs	1	1	0	0	Y	Y
AMDPRSMG	AOS12	same	EBB1102	EBB1102	1005	1005	Y	differs	differs	1	1	10	10	N	N
AMDPRSUM	AOS12	same	UZ25456	UZ25456	15885	15885	Y	differs	differs	1	1	0	0	Y	Y
AMDPRUIM	AOS12	same	UZ78739	UZ78739	3943	3943	Y	differs	differs	2	2	8	8	Y	Y
AMDSAAID	AOS12	same	EBB1102	EBB1102	1245	1245	Y	differs	differs	1	1	80	80	N	N
AMDSAAMR	AOS12	same	EBB1102	EBB1102	1461	1461	Y	differs	differs	1	1	11	11	N	N
AMDSAARD	AOS12	same	EBB1102	EBB1102	1797	1797	Y	differs	differs	1	1	146	146	N	N
AMDSAASM	AOS12	same	EBB1102	EBB1102	1149	1149	Y	differs	differs	1	1	3	3	N	N
AMDSAAUD	AOS12	same	UZ59074	UZ59074	1745	1745	Y	differs	differs	1	1	0	0	Y	Y
AMDSABUF	AOS12	same	EBB1102	EBB1102	1389	1389	Y	differs	differs	1	1	82	82	N	N
AMDSACON	AOS12	same	UZ59074	UZ59074	1701	1701	Y	differs	differs	1	1	0	0	Y	Y
AMDSACSA	AOS12	same	EBB1102	EBB1102	829	829	Y	differs	differs	1	1	58	58	N	N
AMDSADER	AOS12	same	EBB1102	EBB1102	3565	3565	Y	differs	differs	1	1	113	113	N	N
AMDSAFRM	AOS12	same	EBB1102	EBB1102	517	517	Y	differs	differs	1	1	5	5	N	N
AMDSAGTF	AOS12	same	EBB1102	EBB1102	1437	1437	Y	differs	differs	1	1	100	100	N	N
AMDSAGTM	AOS12	same	EBB1102	EBB1102	621	621	Y	differs	differs	1	1	9	9	N	N
AMDSAIOI	AOS12	same	UZ59074	UZ59074	2349	2349	Y	differs	differs	1	1	0	0	Y	Y
AMDSALDR	AOS12	same	EBB1102	EBB1102	6021	6021	Y	differs	differs	1	1	0	0	Y	Y
AMDSAMDM	AOS12	same	EBB1102	EBB1102	2165	2165	Y	differs	differs	1	1	276	276	N	N
AMDSAMSG	AOS12	same	EBB1102	EBB1102	1309	1309	Y	differs	differs	1	1	11	11	N	N
AMDSAPGE	AOS12	same	EBB1102	EBB1102	5313	5313	Y	differs	differs	1	1	61	61	N	N
AMDSAPGI	AOS12	same	EBB1102	EBB1102	1341	1341	Y	differs	differs	1	1	8	8	N	N
AMDSAPRO	AOS12	same	UZ59074	UZ59074	2526	2526	Y	differs	differs	1	1	259	259	N	N
AMDSARSM	AOS12	same	EBB1102	EBB1102	2229	2229	Y	identical	identical	1	1	0	0	N	N
AMDSASIN	AOS12	same	EBB1102	EBB1102	2541	2541	Y	differs	differs	1	1	182	182	N	N
AMDSASIO	AOS12	same	UZ59074	UZ59074	2721	2721	Y	differs	differs	1	1	0	0	Y	Y
AMDSASVI	AOS12	same	EBB1102	EBB1102	2665	2665	Y	differs	differs	1	1	78	78	N	N
AMDSATER	AOS12	same	UZ59074	UZ59074	4793	4793	Y	differs	differs	1	1	0	0	Y	Y
AMDSATXT	AOS12	same	EBB1102	EBB1102	2849	2849	Y	differs	differs	1	1	20	20	N	N
AMDSAUCB	AOS12	rmid-differs	UZ54894	FBB1221	1341	1297	N	differs	differs	1	1	0	0	Y	Y
AMDSAUPD	AOS12	same	EBB1102	EBB1102	1093	1093	Y	differs	differs	1	1	67	67	N	N
AMDSAVCK	AOS12	same	EBB1102	EBB1102	1953	1953	Y	differs	differs	1	1	30	30	N	N
AMDSAWAT	AOS12	same	EBB1102	EBB1102	1413	1413	Y	differs	differs	1	1	91	91	N	N
AMDSYS00	AOS12	same	FBB1221	FBB1221	2481	2481	Y	differs	differs	1	1	0	0	Y	Y
AMDSYS02	AOS12	same	UZ37851	UZ37851	1701	1701	Y	differs	differs	1	1	40	40	N	N
AMDSYS04	AOS12	same	UZ37852	UZ37852	12189	12189	Y	differs	differs	1	1	0	0	Y	Y
AMDSYS05	AOS12	same	UZ37851	UZ37851	1209	1209	Y	differs	differs	1	1	0	0	Y	Y
AMDSYS06	AOS12	same	UZ37851	UZ37851	1277	1277	Y	identical	identical	1	1	0	0	N	N
AMDUSRF9	ALPALIB	same	UZ21888	UZ21888	1398	1398	Y	differs	differs	1	1	3	3	N	N
AMDUSRFD	AOS24	same	UZ29793	UZ29793	4253	4253	Y	differs	differs	1	1	0	0	Y	Y
AMDUSRFE	ALPALIB	same	UZ22219	UZ22219	2150	2150	Y	identical	identical	1	1	0	0	N	N
BLSCAAMS	AOS32	same	EIP1102	EIP1102	2457	2457	Y	identical	identical	1	1	0	0	N	N
BLSCABLD	AOS32	same	UZ32040	UZ32040	6534	6534	Y	identical	identical	1	1	0	0	N	N
BLSCADST	AOS32	same	EIP1102	EIP1102	793	793	Y	identical	identical	1	1	0	0	N	N
BLSCADYN	AOS32	same	UZ90098	UZ90098	1714	1714	Y	differs	differs	1	1	12	12	N	N
BLSCAINT	AOS32	same	UZ90098	UZ90098	1494	1494	Y	differs	differs	1	1	11	11	N	N
BLSCALOC	AOS32	same	UZ90098	UZ90098	2142	2142	Y	differs	differs	1	1	7	7	N	N
BLSCAMER	AOS32	same	EIP1102	EIP1102	3097	3097	Y	identical	identical	1	1	0	0	N	N
BLSCAMIN	AOS32	same	EIP1102	EIP1102	937	937	Y	identical	identical	1	1	0	0	N	N
BLSCAMOD	AOS32	same	UZ90098	UZ90098	4403	4403	Y	differs	differs	1	1	0	0	Y	Y
BLSCAMPR	AOS32	same	EIP1102	EIP1102	945	945	Y	identical	identical	1	1	0	0	N	N
BLSCANAL	AOS32	same	EIP1102	EIP1102	1601	1601	Y	identical	identical	1	1	0	0	N	N
BLSCANLE	AOS32	same	UZ90098	UZ90098	3502	3502	Y	differs	differs	1	1	7	7	N	N
BLSCANLI	AOS32	same	EIP1102	EIP1102	1185	1185	Y	identical	identical	1	1	0	0	N	N
BLSCENDD	AOS32	same	EIP1102	EIP1102	881	881	Y	differs	differs	1	1	20	20	N	N
BLSCERSE	AOS32	same	EIP1102	EIP1102	1161	1161	Y	differs	differs	1	1	165	165	N	N
BLSCFAMS	AOS32	same	EIP1102	EIP1102	2769	2769	Y	identical	identical	1	1	0	0	N	N
BLSCFDYN	AOS32	same	UZ90098	UZ90098	2274	2274	Y	differs	differs	1	1	14	14	N	N
BLSCFREE	AOS32	same	EIP1102	EIP1102	1105	1105	Y	identical	identical	1	1	0	0	N	N
BLSCGETT	AOS32	same	UZ90098	UZ90098	1614	1614	Y	differs	differs	1	1	481	481	N	N
BLSCGMF	AOS32	same	EIP1102	EIP1102	1169	1169	Y	identical	identical	1	1	0	0	N	N
BLSCHOK	AOS32	same	EIP1102	EIP1102	705	705	Y	identical	identical	1	1	0	0	N	N
BLSCOPEN	AOS32	same	UZ90098	UZ90098	1722	1722	Y	differs	differs	1	1	17	17	N	N
BLSCPOIN	AOS32	same	EIP1102	EIP1102	1145	1145	Y	differs	differs	1	1	136	136	N	N
BLSCPUTT	AOS32	same	EIP1102	EIP1102	1561	1561	Y	differs	differs	1	1	0	0	Y	Y
BLSCRECV	AOS32	same	EIP1102	EIP1102	561	561	Y	identical	identical	1	1	0	0	N	N
BLSCRFM	AOS32	same	EIP1102	EIP1102	921	921	Y	identical	identical	1	1	0	0	N	N
BLSCRQST	AOS32	same	EIP1102	EIP1102	1289	1289	Y	identical	identical	1	1	0	0	N	N
BLSCRTCB	AOS32	same	EIP1102	EIP1102	1033	1033	Y	identical	identical	1	1	0	0	N	N
BLSCSETT	AOS32	same	EIP1102	EIP1102	1401	1401	Y	identical	identical	1	1	0	0	N	N
BLSCVALT	AOS32	same	EIP1102	EIP1102	641	641	Y	identical	identical	1	1	0	0	N	N
BLSDADSD	AOS32	same	UZ90098	UZ90098	830	830	Y	differs	differs	1	1	12	12	N	N
BLSDAPDR	AOS32	same	UZ90098	UZ90098	822	822	Y	differs	differs	1	1	8	8	N	N
BLSDC070	AOS32	same	EIP1102	EIP1102	673	673	Y	identical	identical	1	1	0	0	N	N
BLSDC128	AOS32	same	EIP1102	EIP1102	673	673	Y	identical	identical	1	1	0	0	N	N
BLSDC600	AOS32	same	EIP1102	EIP1102	673	673	Y	identical	identical	1	1	0	0	N	N
BLSDDT00	AOS32	same	EIP1102	EIP1102	1297	1297	Y	identical	identical	1	1	0	0	N	N
BLSDENQP	AOS32	same	EIP1102	EIP1102	649	649	Y	identical	identical	1	1	0	0	N	N
BLSDFDSD	AOS32	same	EIP1102	EIP1102	1689	1689	Y	identical	identical	1	1	0	0	N	N
BLSDFPDR	AOS32	same	EIP1102	EIP1102	1841	1841	Y	identical	identical	1	1	0	0	N	N
BLSDMSG0	AOS32	same	EIP1102	EIP1102	1665	1665	Y	identical	identical	1	1	0	0	N	N
BLSDMSGS	AOS32	same	UZ33109	UZ33109	10535	10535	Y	differs	differs	1	1	393	393	N	N
BLSDPC00	AOS32	same	EIP1102	EIP1102	721	721	Y	identical	identical	1	1	0	0	N	N
BLSDSTAE	AOS32	same	EIP1102	EIP1102	609	609	Y	differs	differs	1	1	6	6	N	N
BLSDSV00	AOS32	same	EIP1102	EIP1102	593	593	Y	identical	identical	1	1	0	0	N	N
BLSDTIME	AOS32	same	EIP1102	EIP1102	1401	1401	Y	identical	identical	1	1	0	0	N	N
BLSDTM00	AOS32	same	EIP1102	EIP1102	1017	1017	Y	identical	identical	1	1	0	0	N	N
BLSDWAIT	AOS32	same	EIP1102	EIP1102	633	633	Y	identical	identical	1	1	0	0	N	N
BLSEADP1	AOS32	same	UZ90098	UZ90098	2502	2502	Y	differs	differs	1	1	8	8	N	N
BLSEAUTH	AOS32	same	EIP1102	EIP1102	801	801	Y	identical	identical	1	1	0	0	N	N
BLSEDEL0	AOS32	same	EIP1102	EIP1102	2488	2488	Y	identical	identical	2	2	0	0	N	N
BLSEDEL1	AOS32	same	EIP1102	EIP1102	825	825	Y	identical	identical	1	1	0	0	N	N
BLSEDELC	AOS32	same	EIP1102	EIP1102	1105	1105	Y	identical	identical	1	1	0	0	N	N
BLSELPCC	AOS32	same	EIP1102	EIP1102	729	729	Y	identical	identical	1	1	0	0	N	N
BLSELPCL	AOS32	same	EIP1102	EIP1102	977	977	Y	identical	identical	1	1	0	0	N	N
BLSELPDR	AOS32	same	UZ90097	UZ90097	5246	5246	Y	differs	differs	1	1	7	7	N	N
BLSELPDS	AOS32	same	EIP1102	EIP1102	689	689	Y	identical	identical	1	1	0	0	N	N
BLSELPFM	AOS32	same	EIP1102	EIP1102	745	745	Y	identical	identical	1	1	0	0	N	N
BLSELPFR	AOS32	same	EIP1102	EIP1102	1465	1465	Y	identical	identical	1	1	0	0	N	N
BLSELPOP	AOS32	same	EIP1102	EIP1102	4761	4761	Y	identical	identical	1	1	0	0	N	N
BLSEMDP1	AOS32	same	EIP1102	EIP1102	1417	1417	Y	identical	identical	1	1	0	0	N	N
BLSFAV00	AOS32	same	EIP1102	EIP1102	1113	1113	Y	identical	identical	1	1	0	0	N	N
BLSFBP00	AOS32	same	EIP1102	EIP1102	625	625	Y	identical	identical	1	1	0	0	N	N
BLSFCLOS	AOS32	same	EIP1102	EIP1102	729	729	Y	identical	identical	1	1	0	0	N	N
BLSFCN00	AOS32	same	EIP1102	EIP1102	1481	1481	Y	identical	identical	1	1	0	0	N	N
BLSFCONF	AOS32	same	EIP1102	EIP1102	825	825	Y	identical	identical	1	1	0	0	N	N
BLSFDALL	AOS32	same	EIP1102	EIP1102	1193	1193	Y	identical	identical	1	1	0	0	N	N
BLSFDD00	AOS32	same	EIP1102	EIP1102	1521	1521	Y	identical	identical	1	1	0	0	N	N
BLSFDDDP	AOS32	same	EIP1102	EIP1102	1681	1681	Y	identical	identical	1	1	0	0	N	N
BLSFDEL	AOS32	same	EIP1102	EIP1102	3161	3161	Y	identical	identical	1	1	0	0	N	N
BLSFDERS	AOS32	same	EIP1102	EIP1102	1105	1105	Y	identical	identical	1	1	0	0	N	N
BLSFDF00	AOS32	same	EIP1102	EIP1102	681	681	Y	identical	identical	1	1	0	0	N	N
BLSFDS00	AOS32	same	EIP1102	EIP1102	929	929	Y	identical	identical	1	1	0	0	N	N
BLSFERAS	AOS32	same	EIP1102	EIP1102	729	729	Y	identical	identical	1	1	0	0	N	N
BLSFFL00	AOS32	same	EIP1102	EIP1102	1041	1041	Y	identical	identical	1	1	0	0	N	N
BLSFFP00	AOS32	same	EIP1102	EIP1102	817	817	Y	identical	identical	1	1	0	0	N	N
BLSFGD00	AOS32	same	EIP1102	EIP1102	1201	1201	Y	identical	identical	1	1	0	0	N	N
BLSFGG00	AOS32	same	EIP1102	EIP1102	1233	1233	Y	identical	identical	1	1	0	0	N	N
BLSFGP00	AOS32	same	EIP1102	EIP1102	1201	1201	Y	identical	identical	1	1	0	0	N	N
BLSFLALL	AOS32	same	EIP1102	EIP1102	937	937	Y	identical	identical	1	1	0	0	N	N
BLSFLONE	AOS32	same	EIP1102	EIP1102	729	729	Y	identical	identical	1	1	0	0	N	N
BLSFLP00	AOS32	same	EIP1102	EIP1102	1297	1297	Y	identical	identical	1	1	0	0	N	N
BLSFND00	AOS32	same	EIP1102	EIP1102	841	841	Y	identical	identical	1	1	0	0	N	N
BLSFND01	AOS32	same	EIP1102	EIP1102	593	593	Y	identical	identical	1	1	0	0	N	N
BLSFOD00	AOS32	same	EIP1102	EIP1102	1321	1321	Y	identical	identical	1	1	0	0	N	N
BLSFOPEN	AOS32	same	EIP1102	EIP1102	897	897	Y	identical	identical	1	1	0	0	N	N
BLSFPARS	AOS32	same	EIP1102	EIP1102	1784	1784	Y	identical	identical	2	2	0	0	N	N
BLSFPERA	AOS32	same	EIP1102	EIP1102	1225	1225	Y	identical	identical	1	1	0	0	N	N
BLSFPERS	AOS32	same	EIP1102	EIP1102	937	937	Y	identical	identical	1	1	0	0	N	N
BLSFPS00	AOS32	same	EIP1102	EIP1102	1025	1025	Y	identical	identical	1	1	0	0	N	N
BLSFSCRT	AOS32	same	UZ90098	UZ90098	3006	3006	Y	differs	differs	1	1	9	9	N	N
BLSFSD00	AOS32	same	EIP1102	EIP1102	849	849	Y	identical	identical	1	1	0	0	N	N
BLSFSL00	AOS32	same	EIP1102	EIP1102	673	673	Y	identical	identical	1	1	0	0	N	N
BLSFTL00	AOS32	same	EIP1102	EIP1102	1017	1017	Y	identical	identical	1	1	0	0	N	N
BLSFUD00	AOS32	same	EIP1102	EIP1102	2049	2049	Y	identical	identical	1	1	0	0	N	N
BLSFUP00	AOS32	same	EIP1102	EIP1102	2049	2049	Y	identical	identical	1	1	0	0	N	N
BLSFVRFY	AOS32	same	EIP1102	EIP1102	1417	1417	Y	identical	identical	1	1	0	0	N	N
BLSRACC	AOS32	same	EIP1102	EIP1102	889	889	Y	identical	identical	1	1	0	0	N	N
BLSRACCL	AOS32	same	EIP1102	EIP1102	889	889	Y	identical	identical	1	1	0	0	N	N
BLSRACCQ	AOS32	same	EIP1102	EIP1102	1697	1697	Y	identical	identical	1	1	0	0	N	N
BLSRADD1	AOS32	same	UZ29981	UZ29981	3806	3806	Y	differs	differs	1	1	23	23	N	N
BLSRADD2	AOS32	same	EIP1102	EIP1102	577	577	Y	identical	identical	1	1	0	0	N	N
BLSRADD3	AOS32	same	UZ28623	UZ28623	974	974	Y	identical	identical	1	1	0	0	N	N
BLSRADD4	AOS32	same	UZ28623	UZ28623	710	710	Y	differs	differs	1	1	6	6	N	N
BLSRADDP	AOS32	same	EIP1102	EIP1102	1321	1321	Y	identical	identical	1	1	0	0	N	N
BLSRADDR	AOS32	same	EIP1102	EIP1102	1241	1241	Y	identical	identical	1	1	0	0	N	N
BLSRADDS	AOS32	same	EIP1102	EIP1102	609	609	Y	identical	identical	1	1	0	0	N	N
BLSRADDT	AOS32	same	EIP1102	EIP1102	609	609	Y	identical	identical	1	1	0	0	N	N
BLSRADDU	AOS32	same	EIP1102	EIP1102	761	761	Y	identical	identical	1	1	0	0	N	N
BLSRASCX	AOS32	same	EIP1102	EIP1102	1296	1296	Y	identical	identical	2	2	0	0	N	N
BLSRASM7	AOS32	same	EIP1102	EIP1102	3812	3812	Y	identical	identical	2	2	0	0	N	N
BLSRCOCL	AOS32	same	UZ90098	UZ90098	846	846	Y	identical	identical	1	1	0	0	N	N
BLSRCOHD	AOS32	same	UZ90098	UZ90098	1110	1110	Y	identical	identical	1	1	0	0	N	N
BLSRCOIN	AOS32	same	UZ90098	UZ90098	1438	1438	Y	identical	identical	1	1	0	0	N	N
BLSRCOMK	AOS32	same	UZ31057	UZ31057	3188	3188	Y	differs	differs	2	2	7	7	N	N
BLSRCOPY	AOS32	same	UZ90098	UZ90098	4044	4044	Y	identical	identical	2	2	0	0	N	N
BLSRCOTA	AOS32	same	UZ90098	UZ90098	2062	2062	Y	identical	identical	1	1	0	0	N	N
BLSRDUAL	AOS32	same	UZ90097	UZ90097	1350	1350	Y	differs	differs	1	1	9	9	N	N
BLSRDUCC	AOS32	same	EIP1102	EIP1102	841	841	Y	identical	identical	1	1	0	0	N	N
BLSRDUCK	AOS32	same	EIP1102	EIP1102	649	649	Y	identical	identical	1	1	0	0	N	N
BLSRDUCL	AOS32	same	EIP1102	EIP1102	753	753	Y	identical	identical	1	1	0	0	N	N
BLSRDUIH	AOS32	same	UZ28623	UZ28623	1070	1070	Y	differs	differs	1	1	9	9	N	N
BLSRDUIN	AOS32	rmid-differs	UZ58273	UZ56228	1774	1758	N	differs	differs	1	1	10	0	N	Y
BLSRDUIS	AOS32	same	UZ36195	UZ36195	1614	1614	Y	differs	differs	1	1	2	2	N	N
BLSRDUOP	AOS32	same	UZ55485	UZ55485	1854	1854	Y	differs	differs	1	1	11	11	N	N
BLSRDUSC	AOS32	same	UZ90097	UZ90097	2572	2572	Y	differs	differs	2	2	0	0	Y	Y
BLSRESGE	AOS32	same	UZ28623	UZ28623	1150	1150	Y	differs	differs	1	1	3	3	N	N
BLSRESGQ	AOS32	same	EIP1102	EIP1102	513	513	Y	identical	identical	1	1	0	0	N	N
BLSRESGU	AOS32	same	EIP1102	EIP1102	705	705	Y	identical	identical	1	1	0	0	N	N
BLSRESSA	AOS32	same	UZ90098	UZ90098	590	590	Y	identical	identical	1	1	0	0	N	N
BLSRFMOD	AOS32	same	EIP1102	EIP1102	4080	4080	Y	identical	identical	2	2	0	0	N	N
BLSRFUCB	AOS32	same	EIP1102	EIP1102	1640	1640	Y	identical	identical	2	2	0	0	N	N
BLSRIOSK	AOS32	same	UZ26085	UZ26085	4288	4288	Y	identical	identical	2	2	0	0	N	N
BLSRMSGA	AOS32	same	UZ28623	UZ28623	950	950	Y	differs	differs	1	1	5	5	N	N
BLSRMSGD	AOS32	same	EIP1102	EIP1102	1049	1049	Y	identical	identical	1	1	0	0	N	N
BLSRPADS	AOS32	same	EIP1102	EIP1102	985	985	Y	identical	identical	1	1	0	0	N	N
BLSRRACR	AOS32	same	UZ31366	UZ31366	1606	1606	Y	differs	differs	1	1	5	5	N	N
BLSRRACV	AOS32	same	UZ28623	UZ28623	2014	2014	Y	differs	differs	1	1	4	4	N	N
BLSRSAG	AOS32	same	EIP1102	EIP1102	1481	1481	Y	identical	identical	1	1	0	0	N	N
BLSRSAGE	AOS32	same	EIP1102	EIP1102	561	561	Y	identical	identical	1	1	0	0	N	N
BLSRSAGN	AOS32	same	UZ28623	UZ28623	1110	1110	Y	differs	differs	1	1	13	13	N	N
BLSRSAGQ	AOS32	same	EIP1102	EIP1102	537	537	Y	identical	identical	1	1	0	0	N	N
BLSRSAGU	AOS32	same	EIP1102	EIP1102	657	657	Y	identical	identical	1	1	0	0	N	N
BLSRSAPC	AOS32	same	EIP1102	EIP1102	1017	1017	Y	identical	identical	1	1	0	0	N	N
BLSRST00	AOS32	same	UZ34630	UZ34630	4812	4812	Y	identical	identical	2	2	0	0	N	N
BLSRSURB	AOS32	same	UZ30908	UZ30908	3662	3662	Y	identical	identical	1	1	0	0	N	N
BLSRSUTC	AOS32	rmid-differs	UZ60529	UZ54003	3325	3334	N	identical	differs	1	1	0	0	N	Y
BLSRSYRB	AOS32	same	EIP1102	EIP1102	841	841	Y	identical	identical	1	1	0	0	N	N
BLSRVECT	AOS32	same	UZ90098	UZ90098	4810	4810	Y	identical	identical	1	1	0	0	N	N
BLSRVPAD	AOS32	same	EIP1102	EIP1102	569	569	Y	identical	identical	1	1	0	0	N	N
BLSRVPAS	AOS32	same	UZ31058	UZ31058	934	934	Y	differs	differs	1	1	2	2	N	N
BLSRVPCP	AOS32	same	UZ90098	UZ90098	1126	1126	Y	differs	differs	1	1	20	20	N	N
BLSRVPTC	AOS32	same	UZ90097	UZ90097	718	718	Y	identical	identical	1	1	0	0	N	N
BLSRVPVS	AOS32	same	EIP1102	EIP1102	457	457	Y	identical	identical	1	1	0	0	N	N
BLSSCOMM	AOS32	same	UZ35265	UZ35265	934	934	Y	differs	differs	1	1	15	15	N	N
BLSSCVT2	AOS32	same	UZ90098	UZ90098	918	918	Y	identical	identical	1	1	0	0	N	N
BLSSPCCA	AOS32	same	UZ29043	UZ29043	1686	1686	Y	differs	differs	1	1	11	11	N	N
BLSSPFT	AOS32	same	UZ29043	UZ29043	1094	1094	Y	differs	differs	1	1	12	12	N	N
BLSSPRIV	AOS32	same	UZ35265	UZ35265	958	958	Y	differs	differs	1	1	4	4	N	N
BLSSUCB	AOS32	same	UZ29043	UZ29043	2926	2926	Y	differs	differs	1	1	12	12	N	N
BLST01	AOS32	same	EIP1102	EIP1102	665	665	Y	identical	identical	1	1	0	0	N	N
BLST02	AOS32	same	EIP1102	EIP1102	601	601	Y	identical	identical	1	1	0	0	N	N
BLST04	AOS32	same	EIP1102	EIP1102	577	577	Y	identical	identical	1	1	0	0	N	N
BLST04A	AOS32	same	EIP1102	EIP1102	753	753	Y	identical	identical	1	1	0	0	N	N
BLST04BS	AOS32	same	EIP1102	EIP1102	801	801	Y	identical	identical	1	1	0	0	N	N
BLST04CV	AOS32	same	EIP1102	EIP1102	993	993	Y	identical	identical	1	1	0	0	N	N
BLST05	AOS32	same	EIP1102	EIP1102	1713	1713	Y	differs	differs	1	1	2	2	N	N
BLST06	AOS32	same	EIP1102	EIP1102	1249	1249	Y	identical	identical	1	1	0	0	N	N
BLST08	AOS32	same	EIP1102	EIP1102	2041	2041	Y	identical	identical	1	1	0	0	N	N
BLSTB	AOS32	same	EIP1102	EIP1102	609	609	Y	identical	identical	1	1	0	0	N	N
BLSTB4	AOS32	same	EIP1102	EIP1102	1497	1497	Y	identical	identical	1	1	0	0	N	N
BLSTB5	AOS32	same	EIP1102	EIP1102	1609	1609	Y	identical	identical	1	1	0	0	N	N
BLSTC	AOS32	same	EIP1102	EIP1102	1569	1569	Y	differs	differs	1	1	2	2	N	N
BLSTF	AOS32	same	EIP1102	EIP1102	1725	1725	Y	identical	identical	1	1	0	0	N	N
BLSTM	AOS32	same	EIP1102	EIP1102	609	609	Y	identical	identical	1	1	0	0	N	N
BLSTM4	AOS32	same	EIP1102	EIP1102	1729	1729	Y	differs	differs	1	1	4	4	N	N
BLSTM5	AOS32	same	EIP1102	EIP1102	1865	1865	Y	differs	differs	1	1	4	4	N	N
BLSTU	AOS32	same	EIP1102	EIP1102	585	585	Y	identical	identical	1	1	0	0	N	N
BLSTU4	AOS32	same	EIP1102	EIP1102	1601	1601	Y	differs	differs	1	1	4	4	N	N
BLSTU5	AOS32	same	EIP1102	EIP1102	1745	1745	Y	differs	differs	1	1	4	4	N	N
BLSTY	AOS32	same	EIP1102	EIP1102	2805	2805	Y	identical	identical	1	1	0	0	N	N
BLSUALLO	AOS32	same	EIP1102	EIP1102	649	649	Y	identical	identical	1	1	0	0	N	N
BLSUBLDD	AOS32	same	EIP1102	EIP1102	521	521	Y	identical	identical	1	1	0	0	N	N
BLSUBLDL	AOS32	same	EIP1102	EIP1102	1793	1793	Y	identical	identical	1	1	0	0	N	N
BLSUDYNA	AOS32	same	EIP1102	EIP1102	633	633	Y	identical	identical	1	1	0	0	N	N
BLSUGWDM	AOS32	same	UZ22348	UZ22348	430	430	Y	identical	identical	1	1	0	0	N	N
BLSUINI2	AOS32	same	UZ90098	UZ90098	954	954	Y	identical	identical	1	1	0	0	N	N
BLSUIT01	AOS32	same	EIP1102	EIP1102	561	561	Y	identical	identical	1	1	0	0	N	N
BLSUIT02	AOS32	same	EIP1102	EIP1102	553	553	Y	identical	identical	1	1	0	0	N	N
BLSUIT03	AOS32	same	EIP1102	EIP1102	553	553	Y	identical	identical	1	1	0	0	N	N
BLSUMON2	AOS32	same	EIP1102	EIP1102	745	745	Y	identical	identical	1	1	0	0	N	N
BLSUMONC	AOS32	same	EIP1102	EIP1102	561	561	Y	identical	identical	1	1	0	0	N	N
BLSUMOND	AOS32	same	EIP1102	EIP1102	537	537	Y	identical	identical	1	1	0	0	N	N
BLSUMONL	AOS32	same	UZ22348	UZ22348	1254	1254	Y	identical	identical	1	1	0	0	N	N
BLSUMONT	AOS32	same	EIP1102	EIP1102	529	529	Y	identical	identical	1	1	0	0	N	N
BLSUMONX	AOS32	same	EIP1102	EIP1102	625	625	Y	identical	identical	1	1	0	0	N	N
BLSUMPK1	AOS32	same	EIP1102	EIP1102	569	569	Y	identical	identical	1	1	0	0	N	N
BLSUMPKN	AOS32	same	EIP1102	EIP1102	1449	1449	Y	identical	identical	1	1	0	0	N	N
BLSUMTOD	AOS32	same	UZ35548	UZ35548	894	894	Y	identical	identical	1	1	0	0	N	N
BLSUPARI	AOS32	same	EIP1102	EIP1102	761	761	Y	identical	identical	1	1	0	0	N	N
BLSUPARU	AOS32	same	EIP1102	EIP1102	937	937	Y	identical	identical	1	1	0	0	N	N
BLSUPGMC	AOS32	same	EIP1102	EIP1102	625	625	Y	identical	identical	1	1	0	0	N	N
BLSUPGMD	AOS32	same	EIP1102	EIP1102	633	633	Y	identical	identical	1	1	0	0	N	N
BLSUPGML	AOS32	same	EIP1102	EIP1102	1289	1289	Y	identical	identical	1	1	0	0	N	N
BLSUPGMR	AOS32	same	EIP1102	EIP1102	609	609	Y	identical	identical	1	1	0	0	N	N
BLSUPRCL	AOS32	same	EIP1102	EIP1102	577	577	Y	identical	identical	1	1	0	0	N	N
BLSUPROP	AOS32	same	EIP1102	EIP1102	1081	1081	Y	identical	identical	1	1	0	0	N	N
BLSUPRTA	AOS32	same	EIP1102	EIP1102	1497	1497	Y	identical	identical	1	1	0	0	N	N
BLSUPRTN	AOS32	same	EIP1102	EIP1102	633	633	Y	identical	identical	1	1	0	0	N	N
BLSUPRTT	AOS32	same	EIP1102	EIP1102	1001	1001	Y	identical	identical	1	1	0	0	N	N
BLSUPUTA	AOS32	same	EIP1102	EIP1102	649	649	Y	identical	identical	1	1	0	0	N	N
BLSUPUTN	AOS32	same	EIP1102	EIP1102	633	633	Y	identical	identical	1	1	0	0	N	N
BLSUPUTT	AOS32	same	EIP1102	EIP1102	625	625	Y	identical	identical	1	1	0	0	N	N
BLSUPUTV	AOS32	same	EIP1102	EIP1102	761	761	Y	identical	identical	1	1	0	0	N	N
BLSUSTAI	AOS32	same	EIP1102	EIP1102	721	721	Y	identical	identical	1	1	0	0	N	N
BLSUTRMA	AOS32	same	EIP1102	EIP1102	769	769	Y	identical	identical	1	1	0	0	N	N
BLSUTRMN	AOS32	same	EIP1102	EIP1102	777	777	Y	identical	identical	1	1	0	0	N	N
BLSUTSO	AOS32	same	UZ22348	UZ22348	1406	1406	Y	identical	identical	1	1	0	0	N	N
BLSUVP21	AOS32	same	EIP1102	EIP1102	481	481	Y	identical	identical	1	1	0	0	N	N
BLSUVP31	AOS32	same	UZ90098	UZ90098	494	494	Y	identical	identical	1	1	0	0	N	N
BLSUVP32	AOS32	same	EIP1102	EIP1102	505	505	Y	identical	identical	1	1	0	0	N	N
BLSUVP99	AOS32	same	EIP1102	EIP1102	505	505	Y	identical	identical	1	1	0	0	N	N
BLSUVPVA	AOS32	same	EIP1102	EIP1102	761	761	Y	identical	identical	1	1	0	0	N	N
BLSUVSCL	AOS32	same	EIP1102	EIP1102	585	585	Y	identical	identical	1	1	0	0	N	N
BLSUVSCR	AOS32	same	EIP1102	EIP1102	681	681	Y	differs	differs	1	1	116	116	N	N
BLSUVSEN	AOS32	same	EIP1102	EIP1102	617	617	Y	identical	identical	1	1	0	0	N	N
BLSUVSER	AOS32	same	EIP1102	EIP1102	617	617	Y	identical	identical	1	1	0	0	N	N
BLSUVSGE	AOS32	same	EIP1102	EIP1102	657	657	Y	identical	identical	1	1	0	0	N	N
BLSUVSGU	AOS32	same	EIP1102	EIP1102	641	641	Y	identical	identical	1	1	0	0	N	N
BLSUVSMR	AOS32	same	EIP1102	EIP1102	681	681	Y	differs	differs	1	1	116	116	N	N
BLSUVSOP	AOS32	same	EIP1102	EIP1102	1169	1169	Y	identical	identical	1	1	0	0	N	N
BLSUVSOQ	AOS32	same	EIP1102	EIP1102	993	993	Y	differs	differs	1	1	287	287	N	N
BLSUVSPO	AOS32	same	EIP1102	EIP1102	617	617	Y	identical	identical	1	1	0	0	N	N
BLSUVSPU	AOS32	same	EIP1102	EIP1102	617	617	Y	identical	identical	1	1	0	0	N	N
BLSUZZ2C	AOS32	same	EIP1102	EIP1102	633	633	Y	identical	identical	1	1	0	0	N	N
BLSUZZ2D	AOS32	same	EIP1102	EIP1102	505	505	Y	identical	identical	1	1	0	0	N	N
BLSUZZ2R	AOS32	same	EIP1102	EIP1102	465	465	Y	identical	identical	1	1	0	0	N	N
BLSVASCB	AOS32	same	EIP1102	EIP1102	3585	3585	Y	identical	identical	1	1	0	0	N	N
BLSVASVT	AOS32	same	EIP1102	EIP1102	2141	2141	Y	identical	identical	1	1	0	0	N	N
BLSVASXB	AOS32	same	EIP1102	EIP1102	2085	2085	Y	identical	identical	1	1	0	0	N	N
BLSVCDE	AOS32	same	EIP1102	EIP1102	2017	2017	Y	identical	identical	1	1	0	0	N	N
BLSVCVT2	AOS32	same	UZ90098	UZ90098	1598	1598	Y	identical	identical	1	1	0	0	N	N
BLSVIOC	AOS32	same	EIP1102	EIP1102	2305	2305	Y	identical	identical	1	1	0	0	N	N
BLSVIOX	AOS32	same	EIP1102	EIP1102	1789	1789	Y	identical	identical	1	1	0	0	N	N
BLSVLCCV	AOS32	same	EIP1102	EIP1102	1949	1949	Y	identical	identical	1	1	0	0	N	N
BLSVLPDE	AOS32	same	EIP1102	EIP1102	2229	2229	Y	identical	identical	1	1	0	0	N	N
BLSVPCCV	AOS32	same	EIP1102	EIP1102	1949	1949	Y	identical	identical	1	1	0	0	N	N
BLSVPGTE	AOS32	same	UZ32044	UZ32044	1342	1342	Y	differs	differs	1	1	10	10	N	N
BLSVQCBA	AOS32	same	EIP1102	EIP1102	2053	2053	Y	identical	identical	1	1	0	0	N	N
BLSVQCBB	AOS32	same	EIP1102	EIP1102	1897	1897	Y	identical	identical	1	1	0	0	N	N
BLSVQEL	AOS32	same	EIP1102	EIP1102	2361	2361	Y	identical	identical	1	1	0	0	N	N
BLSVRB	AOS32	same	EIP1102	EIP1102	2165	2165	Y	identical	identical	1	1	0	0	N	N
BLSVSGTE	AOS32	same	UZ32044	UZ32044	1334	1334	Y	differs	differs	1	1	5	5	N	N
BLSVUCB	AOS32	same	EIP1102	EIP1102	2273	2273	Y	identical	identical	1	1	0	0	N	N
BLSVXTLS	AOS32	same	EIP1102	EIP1102	1809	1809	Y	identical	identical	1	1	0	0	N	N
BNGILOCL	AOS29	same	UZ24563	UZ24563	8018	8018	Y	differs	differs	2	2	0	0	Y	Y
BNGIMENU	AOS29	same	UZ23495	UZ23495	798	798	Y	differs	differs	1	1	0	0	Y	Y
BNGIPCBX	AOS29	same	EDE1102	EDE1102	445	445	Y	differs	differs	1	1	0	0	Y	Y
BNGIREAD	AOS29	same	UZ23495	UZ23495	4794	4794	Y	differs	differs	1	1	0	0	Y	Y
BNGIRMOT	AOS29	same	UZ24563	UZ24563	13150	13150	Y	differs	differs	2	2	0	0	Y	Y
BNGISIMS	AOS29	same	UZ37422	UZ37422	970	970	Y	differs	differs	1	1	0	0	Y	Y
BNGTLOCL	AOS29	same	EDE1102	EDE1102	7190	7190	Y	differs	differs	1	1	2	2	N	N
BNGTMENU	AOS29	same	EDE1102	EDE1102	2538	2538	Y	differs	differs	1	1	2	2	N	N
BNGTQEMA	AOS29	same	UZ25713	UZ25713	1758	1758	Y	differs	differs	1	1	0	0	Y	Y
BNGTQEMF	AOS29	same	UZ23737	UZ23737	2294	2294	Y	differs	differs	1	1	83	83	N	N
BNGTRMOT	AOS29	same	EDE1102	EDE1102	12366	12366	Y	differs	differs	1	1	2	2	N	N
ESRTABLE	AOSC5	same	UZ28069	UZ28069	1403	1403	Y	differs	differs	1	1	13	13	N	N
FCB3STD3	AOSD0	same	EDM1102	EDM1102	429	429	Y	identical	identical	1	1	0	0	N	N
GENRMT	AOSH1	same	EML1102	EML1102	7205	7205	Y	differs	differs	1	1	8	8	N	N
GRAF	AOSD0	same	EDM1102	EDM1102	33377	33377	Y	identical	identical	1	1	0	0	N	N
HEWLDIDY	AOS05	same	EPM1102	EPM1102	874	874	Y	identical	identical	2	2	0	0	N	N
HEWLDLIB	AOS05	rmid-differs	UZ64372	EPM1102	5094	4981	N	differs	differs	1	1	0	153	Y	N
HEWLDREL	AOS05	same	EPM1102	EPM1102	5142	5142	Y	identical	identical	1	1	0	0	N	N
HEWLFADA	AOS04	rmid-differs	UZ74418	UZ37156	3350	3334	N	differs	differs	1	1	0	0	Y	Y
HEWLFAPT	AOS04	rmid-differs	UZ69717	UZ37156	1366	1422	N	differs	differs	1	1	0	0	Y	Y
HEWLFEND	AOS04	rmid-differs	UZ69717	UZ37156	998	998	N	differs	differs	1	1	0	0	Y	Y
HEWLFENS	AOS04	rmid-differs	UZ69717	UZ37156	1214	1214	N	differs	differs	1	1	0	0	Y	Y
HEWLFENT	AOS04	rmid-differs	UZ69717	UZ37156	1110	1110	N	differs	differs	1	1	0	0	Y	Y
HEWLFESD	AOS04	rmid-differs	UZ69717	UZ37156	2538	2554	N	differs	differs	1	1	0	0	Y	Y
HEWLFFNL	AOS04	rmid-differs	UZ69717	UZ37156	3414	3374	N	differs	differs	1	1	0	0	Y	Y
HEWLFIDR	AOS04	rmid-differs	UZ69717	UZ37156	3062	3238	N	differs	differs	1	1	0	0	Y	Y
HEWLFINC	AOS04	rmid-differs	UZ69717	UZ37156	3206	3206	N	differs	differs	1	1	0	0	Y	Y
HEWLFINP	AOS04	rmid-differs	UZ69717	UZ37156	2438	2446	N	differs	differs	1	1	0	0	Y	Y
HEWLFINT	AOS04	rmid-differs	UZ48373	UZ37156	4498	4322	N	differs	differs	1	1	0	0	Y	Y
HEWLFMAP	AOS04	rmid-differs	UZ75804	UZ37156	4734	4682	N	differs	differs	1	1	0	0	Y	Y
HEWLFOPT	AOS04	rmid-differs	UZ48373	UZ37156	2598	2646	N	differs	differs	1	1	0	0	Y	Y
HEWLFOUT	AOS04	rmid-differs	UZ75398	UZ56772	4154	4434	N	differs	differs	1	1	0	0	Y	Y
HEWLFRAT	AOS04	rmid-differs	UZ41342	UZ54638	7396	8060	N	differs	differs	2	2	0	0	Y	Y
HEWLFRCG	AOS04	rmid-differs	UZ69717	UZ37156	846	846	N	differs	differs	1	1	0	0	Y	Y
HEWLFREL	AOS04	rmid-differs	UZ72443	UZ37156	4538	4538	N	differs	differs	1	1	0	0	Y	Y
HEWLFROU	AOS04	rmid-differs	UZ69717	UZ57947	4442	4642	N	differs	differs	1	1	0	0	Y	Y
HEWLFSCD	AOS04	rmid-differs	UZ69717	UZ37156	6164	6180	N	differs	differs	2	2	0	0	Y	Y
HEWLFSYM	AOS04	rmid-differs	UZ69717	UZ37156	742	742	N	differs	differs	2	2	0	0	Y	Y
HMASMAAR	AOS12	same	UR01715	UR01715	3894	3894	Y	differs	differs	1	1	0	0	Y	Y
HMASMADD	AOS12	same	UR00136	UR00136	4366	4366	Y	identical	identical	1	1	0	0	N	N
HMASMAR1	AOS12	same	UR04551	UR04551	5669	5669	Y	differs	differs	1	1	792	792	N	N
HMASMAR2	AOS12	same	UR02446	UR02446	5006	5006	Y	differs	differs	1	1	886	886	N	N
HMASMAR3	AOS12	same	UR08356	UR08356	4697	4697	Y	differs	differs	1	1	775	775	N	N
HMASMAR4	AOS12	same	UR01071	UR01071	3850	3850	Y	identical	identical	1	1	0	0	N	N
HMASMARL	AOS12	same	ESY1400	ESY1400	929	929	Y	identical	identical	1	1	0	0	N	N
HMASMASM	AOS12	same	ESY1400	ESY1400	4025	4025	Y	identical	identical	1	1	0	0	N	N
HMASMBUE	AOS12	same	UR01071	UR01071	2666	2666	Y	differs	differs	1	1	201	201	N	N
HMASMBUR	AOS12	same	UR13349	UR13349	5073	5073	N	identical	identical	1	1	0	0	N	N
HMASMCIL	AOS12	same	ESY1400	ESY1400	3273	3273	Y	differs	differs	1	1	324	324	N	N
HMASMCMP	AOS12	same	UR01050	UR01050	1554	1554	Y	differs	differs	1	1	162	162	N	N
HMASMCOM	AOS12	same	UR01071	UR01071	5666	5666	Y	differs	differs	1	1	0	0	Y	Y
HMASMCP2	AOS12	same	UR00176	UR00176	2630	2630	Y	differs	differs	1	1	270	270	N	N
HMASMCPL	AOS12	same	UR17644	UR17644	10273	10273	N	differs	differs	1	1	945	945	N	N
HMASMCPY	AOS12	same	UR00824	UR00824	4710	4710	Y	differs	differs	1	1	612	612	N	N
HMASMCRD	AOS12	same	UR01071	UR01071	2218	2218	Y	differs	differs	1	1	357	357	N	N
HMASMCRW	AOS12	same	UR03386	UR03386	2054	2054	Y	identical	identical	1	1	0	0	N	N
HMASMDC1	AOS12	same	UR12812	UR12812	17189	17189	Y	differs	differs	1	1	6	6	N	N
HMASMDC2	AOS12	same	UR19590	UR19590	7797	7797	N	differs	differs	1	1	1792	1792	N	N
HMASMDLE	AOS12	same	UR10931	UR10931	8337	8337	Y	differs	differs	1	1	1115	1115	N	N
HMASMDR1	AOS12	same	UR00400	UR00400	7738	7738	Y	differs	differs	1	1	447	447	N	N
HMASMDR2	AOS12	same	UR00824	UR00824	1798	1798	Y	differs	differs	1	1	107	107	N	N
HMASMDS1	AOS12	same	UR00745	UR00745	5458	5458	Y	differs	differs	1	1	366	366	N	N
HMASMEFR	AOS12	same	UR01071	UR01071	1838	1838	Y	differs	differs	1	1	441	441	N	N
HMASMEIS	AOS12	same	UR01071	UR01071	10106	10106	Y	differs	differs	1	1	2331	2331	N	N
HMASMFPT	AOS12	same	UR00419	UR00419	7134	7134	Y	identical	identical	1	1	0	0	N	N
HMASMFVL	AOS12	same	UR00419	UR00419	1486	1486	Y	differs	differs	1	1	168	168	N	N
HMASMFXF	AOS12	same	ESY1400	ESY1400	2833	2833	Y	identical	identical	1	1	0	0	N	N
HMASMGTA	AOS12	same	UR03386	UR03386	6586	6586	Y	differs	differs	1	1	16	16	N	N
HMASMIDU	AOS12	same	UR03387	UR03387	9778	9778	Y	differs	differs	1	1	765	765	N	N
HMASMIO1	AOS12	same	UR90008	UR90008	1526	1526	Y	differs	differs	1	1	16	16	N	N
HMASMLC1	AOS12	same	UR00594	UR00594	1394	1394	Y	differs	differs	1	1	154	154	N	N
HMASMLCC	AOS12	same	UR09316	UR09316	4517	4517	Y	differs	differs	1	1	454	454	N	N
HMASMLCD	AOS12	same	UR03129	UR03129	9518	9518	Y	differs	differs	1	1	1232	1232	N	N
HMASMLCP	AOS12	same	UR00535	UR00535	4126	4126	Y	differs	differs	1	1	0	0	Y	Y
HMASMLID	AOS12	same	UR08050	UR08050	6709	6709	Y	differs	differs	1	1	362	362	N	N
HMASMLKD	AOS12	same	UR04732	UR04732	9070	9070	Y	differs	differs	1	1	1195	1195	N	N
HMASMLOG	AOS12	same	UR01071	UR01071	2734	2734	Y	differs	differs	1	1	297	297	N	N
HMASMMDR	AOS12	same	UR12812	UR12812	6429	6429	Y	differs	differs	1	1	0	0	Y	Y
HMASMMPA	AOS12	same	UR12812	UR12812	2273	2273	Y	differs	differs	1	1	0	0	Y	Y
HMASMMPD	AOS12	same	UR12812	UR12812	2145	2145	Y	differs	differs	1	1	0	0	Y	Y
HMASMMPE	AOS12	same	UR03129	UR03129	17418	17418	Y	differs	differs	1	1	437	437	N	N
HMASMMPH	AOS12	same	UR12812	UR12812	2413	2413	Y	differs	differs	1	1	0	0	Y	Y
HMASMMPI	AOS12	same	UR00162	UR00162	2098	2098	Y	differs	differs	1	1	337	337	N	N
HMASMMPL	AOS12	same	UR12812	UR12812	2709	2709	Y	differs	differs	1	1	0	0	Y	Y
HMASMMPV	AOS12	same	UR00162	UR00162	2894	2894	Y	differs	differs	1	1	327	327	N	N
HMASMMSG	AOS12	same	UR01071	UR01071	4218	4218	Y	differs	differs	1	1	1098	1098	N	N
HMASMPGC	AOS12	same	UR03386	UR03386	2926	2926	Y	differs	differs	1	1	299	299	N	N
HMASMPIN	AOS12	same	UR01071	UR01071	4750	4750	Y	differs	differs	1	1	0	0	Y	Y
HMASMRCC	AOS12	same	UR00594	UR00594	1894	1894	Y	differs	differs	1	1	186	186	N	N
HMASMRCD	AOS12	same	UR03386	UR03386	5238	5238	Y	differs	differs	1	1	0	0	Y	Y
HMASMRCF	AOS12	same	UR04540	UR04540	2213	2213	Y	differs	differs	1	1	115	115	N	N
HMASMRCL	AOS12	same	UR01715	UR01715	4854	4854	Y	differs	differs	1	1	416	416	N	N
HMASMRDS	AOS12	same	ESY1400	ESY1400	2337	2337	Y	differs	differs	1	1	4	4	N	N
HMASMREC	AOS12	same	UR17644	UR17644	15617	15617	N	differs	differs	1	1	0	0	Y	Y
HMASMREJ	AOS12	same	UR00745	UR00745	3578	3578	Y	differs	differs	1	1	302	302	N	N
HMASMRJD	AOS12	same	UR00745	UR00745	1634	1634	Y	differs	differs	1	1	402	402	N	N
HMASMSCN	AOS12	same	UR00162	UR00162	2754	2754	Y	differs	differs	1	1	1284	1284	N	N
HMASMSEC	AOS12	same	UR00535	UR00535	3206	3206	Y	differs	differs	1	1	197	197	N	N
HMASMSER	AOS12	same	UR02446	UR02446	1506	1506	Y	differs	differs	1	1	258	258	N	N
HMASMSTA	AOS12	same	UR00745	UR00745	1182	1182	Y	differs	differs	1	1	221	221	N	N
HMASMSUB	AOS12	same	UR00594	UR00594	2430	2430	Y	differs	differs	1	1	330	330	N	N
HMASMSUP	AOS12	same	UR19590	UR19590	3273	3273	N	differs	differs	1	1	219	219	N	N
HMASMTAD	AOS12	same	UR03129	UR03129	1158	1158	Y	differs	differs	1	1	110	110	N	N
HMASMTAI	AOS12	same	UR08050	UR08050	1069	1069	Y	differs	differs	1	1	117	117	N	N
HMASMTBL	AOS12	same	UR02141	UR02141	5086	5086	Y	differs	differs	1	1	1867	1867	N	N
HMASMTBM	AOS12	same	ESY1400	ESY1400	2361	2361	Y	identical	identical	1	1	0	0	N	N
HMASMTCL	AOS12	same	UR03387	UR03387	5130	5130	Y	differs	differs	1	1	647	647	N	N
HMASMTCR	AOS12	same	UR00745	UR00745	4474	4474	Y	differs	differs	1	1	608	608	N	N
HMASMTD1	AOS12	same	UR01050	UR01050	3454	3454	Y	differs	differs	1	1	219	219	N	N
HMASMTDD	AOS12	same	UR03387	UR03387	3070	3070	Y	differs	differs	1	1	296	296	N	N
HMASMTEC	AOS12	same	UR00419	UR00419	2914	2914	Y	differs	differs	1	1	294	294	N	N
HMASMTID	AOS12	same	ESY1400	ESY1400	1225	1225	Y	identical	identical	1	1	0	0	N	N
HMASMTL1	AOS12	same	UR00453	UR00453	1758	1758	Y	differs	differs	1	1	172	172	N	N
HMASMTL2	AOS12	same	UR08050	UR08050	5433	5433	Y	differs	differs	1	1	651	651	N	N
HMASMTL3	AOS12	same	ESY1400	ESY1400	985	985	Y	identical	identical	1	1	0	0	N	N
HMASMTM1	AOS12	same	UR03387	UR03387	6606	6606	Y	differs	differs	1	1	417	417	N	N
HMASMTM2	AOS12	same	UR00745	UR00745	6610	6610	Y	differs	differs	1	1	475	475	N	N
HMASMTM3	AOS12	same	UR00745	UR00745	5054	5054	Y	differs	differs	1	1	339	339	N	N
HMASMTM4	AOS12	same	UR13349	UR13349	4389	4389	N	differs	differs	1	1	339	339	N	N
HMASMTMD	AOS12	same	UR13349	UR13349	15613	15613	N	identical	identical	1	1	0	0	N	N
HMASMTMJ	AOS12	same	UR01050	UR01050	3846	3846	Y	differs	differs	1	1	540	540	N	N
HMASMTMS	AOS12	same	UR15994	UR15994	11629	11629	N	differs	differs	1	1	811	811	N	N
HMASMTMW	AOS12	same	UR01071	UR01071	3766	3766	Y	differs	differs	1	1	0	0	Y	Y
HMASMTP2	AOS12	same	UR01050	UR01050	3030	3030	Y	differs	differs	1	1	496	496	N	N
HMASMTPA	AOS12	same	UR19590	UR19590	11133	11133	N	differs	differs	1	1	862	862	N	N
HMASMTPC	AOS12	same	ESY1400	ESY1400	2593	2593	Y	identical	identical	1	1	0	0	N	N
HMASMTPD	AOS12	same	UR01366	UR01366	2730	2730	Y	differs	differs	1	1	394	394	N	N
HMASMTPL	AOS12	same	UR03815	UR03815	4558	4558	Y	differs	differs	1	1	557	557	N	N
HMASMTPO	AOS12	same	UR03386	UR03386	3746	3746	Y	differs	differs	1	1	406	406	N	N
HMASMTPR	AOS12	same	UR10931	UR10931	6253	6253	Y	differs	differs	1	1	638	638	N	N
HMASMTPS	AOS12	same	UR02141	UR02141	1286	1286	Y	differs	differs	1	1	171	171	N	N
HMASMTR1	AOS12	same	UR00176	UR00176	2070	2070	Y	differs	differs	1	1	334	334	N	N
HMASMTRM	AOS12	same	UR03387	UR03387	15738	15738	Y	differs	differs	1	1	974	974	N	N
HMASMTSB	AOS12	same	UR01050	UR01050	5786	5786	Y	differs	differs	1	1	4	4	N	N
HMASMUC1	AOS12	same	UR03387	UR03387	32034	32034	Y	differs	differs	1	1	350	350	N	N
HMASMUC2	AOS12	same	UR01050	UR01050	12838	12838	Y	differs	differs	1	1	856	856	N	N
HMASMUC3	AOS12	same	UR04551	UR04551	5621	5621	Y	differs	differs	1	1	484	484	N	N
HMASMUC4	AOS12	same	UR01715	UR01715	3006	3006	Y	differs	differs	1	1	353	353	N	N
HMASMUCD	AOS12	same	ESY1400	ESY1400	801	801	Y	identical	identical	1	1	0	0	N	N
HMASMULI	AOS12	same	UR01071	UR01071	1318	1318	Y	differs	differs	1	1	0	0	Y	Y
HMASMULK	AOS12	same	UR00824	UR00824	3678	3678	Y	differs	differs	1	1	613	613	N	N
HMASMUPD	AOS12	same	UR01050	UR01050	7406	7406	Y	differs	differs	1	1	2481	2481	N	N
HMASMUXC	AOS12	same	UR01366	UR01366	3130	3130	Y	differs	differs	1	1	1824	1824	N	N
HMASMUXD	AOS12	same	ESY1400	ESY1400	425	425	Y	identical	identical	1	1	0	0	N	N
HMASMVLU	AOS12	same	ESY1400	ESY1400	1897	1897	Y	differs	differs	1	1	25	25	N	N
HMASMXRF	AOS12	same	UR00162	UR00162	3206	3206	Y	differs	differs	1	1	319	319	N	N
HMASMZAP	AOS12	same	UR00824	UR00824	5378	5378	Y	differs	differs	1	1	0	0	Y	Y
HMBLKMSG	AOS12	same	EPM1102	EPM1102	2049	2049	Y	identical	identical	1	1	0	0	N	N
IAPABNAP	AOSU0	same	EDS1102	EDS1102	681	681	Y	identical	identical	1	1	0	0	N	N
IAPBLDIO	AOSU0	same	EDS1102	EDS1102	6433	6433	Y	identical	identical	1	1	0	0	N	N
IAPPFXAP	AOSU0	same	EDS1102	EDS1102	473	473	Y	identical	identical	1	1	0	0	N	N
IAPTIMER	AOSU0	same	EDS1102	EDS1102	673	673	Y	identical	identical	1	1	0	0	N	N
IASFCB26	AOSD0	rmid-differs	UY12602	EXW1102	438	405	N	identical	differs	1	1	0	0	N	N
IASFCB28	AOSD0	rmid-differs	UY12602	EXW1102	462	429	N	identical	differs	1	1	0	0	N	N
IASXSD81	AOSB0	rmid-differs	UY00372	UZ26378	3204	3140	N	differs	differs	2	2	0	0	Y	Y
IASXWR00	AOSB0	rmid-differs	UY20325	UZ26378	782	782	N	differs	identical	1	1	0	0	Y	N
ICB2ACT	AOSD0	same	UZ37214	UZ37214	717	717	Y	differs	differs	1	1	0	0	Y	Y
ICB2AEA	AOSD0	same	EMS1102	EMS1102	1329	1329	Y	differs	differs	1	1	0	0	Y	Y
ICB2AIR	AOSD0	same	UZ56085	UZ56085	941	941	Y	differs	differs	1	1	0	0	Y	Y
ICB2ATTN	AOSD0	same	UZ23862	UZ23862	1478	1478	Y	differs	differs	1	1	0	0	Y	Y
ICB2MSG	AOSD0	rmid-differs	UZ38523	UZ56366	18265	18177	N	differs	differs	1	1	0	0	Y	Y
ICB2SIOB	AOSD0	same	UZ23092	UZ23092	1054	1054	Y	differs	differs	1	1	0	0	Y	Y
ICB2SIOF	AOSD0	rmid-differs	UZ58252	UZ29280	1013	1006	N	differs	differs	1	1	525	0	N	Y
ICBINIT	AOSD0	same	EMS1102	EMS1102	1677	1677	Y	differs	differs	1	1	26	26	N	N
ICBIORSI	AOSD0	same	UZ24629	UZ24629	678	678	Y	differs	differs	1	1	0	0	Y	Y
ICBME	AOSD0	same	EMS1102	EMS1102	1525	1525	Y	differs	differs	1	1	3	3	N	N
ICBMSG05	AOSD0	rmid-differs	UZ39347	UZ55256	12009	11961	N	differs	differs	1	1	0	0	Y	Y
ICBMSG56	AOSD0	rmid-differs	UZ71727	UZ52095	32925	32589	N	differs	differs	1	1	0	0	Y	Y
ICBPRGIO	AOSD0	same	UZ23092	UZ23092	1110	1110	Y	differs	differs	1	1	0	0	Y	Y
ICBTMSS0	AOSD0	rmid-differs	UZ71105	UZ32933	1301	1293	N	differs	differs	1	1	0	678	Y	N
ICBVCR00	AOSD0	rmid-differs	UY00729	EMS1102	1913	1701	N	differs	identical	1	1	0	0	Y	N
ICBVDM00	AOSD0	rmid-differs	UZ51239	EMS1102	5133	5185	N	differs	identical	1	1	0	0	Y	N
ICBVDR00	AOSD0	same	EMS1102	EMS1102	2685	2685	Y	differs	differs	1	1	588	588	N	N
ICBVDR01	AOSD0	rmid-differs	UY03283	UZ32486	8714	8513	N	differs	differs	1	1	0	0	Y	Y
ICBVEX00	AOSD0	same	EMS1102	EMS1102	3077	3077	Y	identical	identical	1	1	0	0	N	N
ICBVIN00	AOSD0	rmid-differs	UZ38355	UZ55945	14753	14713	N	differs	differs	1	1	0	0	Y	Y
ICBVIN02	AOSD0	same	UZ55058	UZ55058	5289	5289	Y	differs	differs	1	1	0	0	Y	Y
ICBVIO00	AOSD0	same	EMS1102	EMS1102	2085	2085	Y	identical	identical	1	1	0	0	N	N
ICBVJL00	AOSD0	rmid-differs	UZ59949	UZ34318	5841	5801	N	differs	differs	1	1	0	0	Y	Y
ICBVMG00	AOSD0	rmid-differs	UY01975	UZ57284	8022	7910	N	differs	differs	1	1	0	0	Y	Y
ICBVMS00	AOSD0	same	UZ90149	UZ90149	13665	13665	Y	differs	differs	1	1	0	0	Y	Y
ICBVMT00	AOSD0	rmid-differs	UY01975	UZ90149	11669	9797	N	differs	differs	1	1	0	0	Y	Y
ICBVPI00	AOSD0	same	EMS1102	EMS1102	1497	1497	Y	identical	identical	1	1	0	0	N	N
ICBVPR00	AOSD0	rmid-differs	UY20289	UZ51972	3613	3133	N	differs	differs	1	1	0	0	Y	Y
ICBVQM00	AOSD0	rmid-differs	UZ51239	UZ90149	4517	4461	N	differs	differs	1	1	0	0	Y	Y
ICBVRR00	AOSD0	rmid-differs	UZ49996	EMS1102	2889	3589	N	differs	identical	1	1	0	0	Y	N
ICBVSC00	AOSD0	rmid-differs	UZ39935	UZ31814	2853	2837	N	differs	differs	1	1	0	0	Y	Y
ICBVSL00	AOSD0	rmid-differs	UY01975	UZ56714	23641	18853	N	differs	differs	1	1	0	0	Y	Y
ICBVSP00	AOSD0	same	UZ34377	UZ34377	6589	6589	Y	differs	differs	1	1	0	0	Y	Y
ICBVTM00	AOSD0	same	EMS1102	EMS1102	2165	2165	Y	identical	identical	1	1	0	0	N	N
ICBVTP00	AOSD0	rmid-differs	UY38165	UZ34732	2854	2757	N	differs	differs	1	1	0	0	Y	Y
ICBVTP01	AOSD0	rmid-differs	UZ38392	UZ34732	2397	2365	N	differs	differs	1	1	0	0	Y	Y
ICBVUP00	AOSD0	same	EMS1102	EMS1102	1469	1469	Y	identical	identical	1	1	0	0	N	N
ICBVUP01	AOSD0	same	EMS1102	EMS1102	1141	1141	Y	identical	identical	1	1	0	0	N	N
ICBVUT00	AOSD0	rmid-differs	UY01975	UZ54242	22657	22657	N	differs	differs	1	1	0	0	Y	Y
ICBVUT01	AOSD0	rmid-differs	UY01975	UZ56159	23161	22889	N	differs	differs	1	1	0	0	Y	Y
ICBVUT03	AOSD0	same	UZ90149	UZ90149	4425	4425	Y	differs	differs	1	1	0	0	Y	Y
ICFBDX00	AOSCE	same	EBB1102	EBB1102	341	341	Y	identical	identical	1	1	0	0	N	N
ICFBIX00	AOSCE	same	EBB1102	EBB1102	341	341	Y	identical	identical	1	1	0	0	N	N
ICGDSA01	AOSD0	same	EMS1102	EMS1102	2189	2189	Y	differs	differs	1	1	4	4	N	N
ICGDSA02	AOSD0	same	EMS1102	EMS1102	1661	1661	Y	differs	differs	1	1	1	1	N	N
ICGDSA04	AOSD0	same	EMS1102	EMS1102	1437	1437	Y	differs	differs	1	1	5	5	N	N
ICGDSA05	AOSD0	rmid-differs	UZ76429	UZ29041	2877	2782	N	differs	differs	1	1	0	0	Y	Y
ICGDSA06	AOSD0	same	UZ23478	UZ23478	4674	4674	Y	differs	differs	1	1	0	0	Y	Y
ICGDSA07	AOSD0	same	UZ26545	UZ26545	3370	3370	Y	differs	differs	1	1	0	0	Y	Y
ICGDSA08	AOSD0	same	EMS1102	EMS1102	2353	2353	Y	differs	differs	1	1	2	2	N	N
ICGDSA09	AOSD0	same	UZ29041	UZ29041	3018	3018	Y	differs	differs	1	1	0	0	Y	Y
ICGDSANL	AOSD0	same	EMS1102	EMS1102	1005	1005	Y	differs	differs	1	1	1	1	N	N
ICGDSB01	AOSD0	rmid-differs	UZ90202	UZ52792	1745	1665	N	differs	differs	1	1	0	0	Y	Y
ICGDSB03	AOSD0	rmid-differs	UZ63343	UZ52792	2197	2173	N	differs	differs	1	1	0	0	Y	Y
ICGDSB05	AOSD0	rmid-differs	UZ90202	UZ26803	1909	1590	N	differs	differs	1	1	0	0	Y	Y
ICGDSB06	AOSD0	rmid-differs	UZ90202	UZ26803	2549	2502	N	differs	differs	1	1	0	0	Y	Y
ICGDSB09	AOSD0	same	UZ90113	UZ90113	6990	6990	Y	differs	differs	1	1	0	0	Y	Y
ICGDSB11	AOSD0	same	UZ90025	UZ90025	2174	2174	Y	differs	differs	1	1	0	0	Y	Y
ICGDSB12	AOSD0	same	UZ90025	UZ90025	2262	2262	Y	differs	differs	1	1	0	0	Y	Y
ICGDSB13	AOSD0	same	UZ90025	UZ90025	2206	2206	Y	differs	differs	1	1	0	0	Y	Y
ICGDSB15	AOSD0	rmid-differs	UZ90202	UZ90025	2045	1670	N	differs	differs	1	1	0	0	Y	Y
ICGDSB16	AOSD0	same	UZ90025	UZ90025	1334	1334	Y	differs	differs	1	1	0	0	Y	Y
ICGDSB18	AOSD0	same	UZ90113	UZ90113	5270	5270	Y	differs	differs	1	1	0	0	Y	Y
ICGDSB19	AOSD0	rmid-differs	UZ64281	UZ22729	6477	6002	N	differs	differs	1	1	0	0	Y	Y
ICGDSB20	AOSD0	rmid-differs	UZ68986	UZ35644	6953	7265	N	differs	differs	1	1	0	0	Y	Y
ICGDSBLD	AOSD0	rmid-differs	UZ75099	UZ34689	4189	3933	N	differs	differs	1	1	0	0	Y	Y
ICGDSINT	AOSD0	rmid-differs	UZ90202	UZ90025	2301	2286	N	differs	differs	1	1	0	10	Y	N
ICGDSMSG	AOSD0	same	EMS1102	EMS1102	3953	3953	Y	identical	identical	1	1	0	0	N	N
ICGDSS01	AOSD0	same	EMS1102	EMS1102	2413	2413	Y	identical	identical	1	1	0	0	N	N
ICGDSS02	AOSD0	same	EMS1102	EMS1102	3037	3037	Y	identical	identical	1	1	0	0	N	N
ICGDSS04	AOSD0	same	EMS1102	EMS1102	7157	7157	Y	identical	identical	1	1	0	0	N	N
ICGDSS05	AOSD0	same	EMS1102	EMS1102	3781	3781	Y	identical	identical	1	1	0	0	N	N
ICGDSS06	AOSD0	same	UZ90113	UZ90113	2522	2522	Y	differs	differs	1	1	0	0	Y	Y
ICGDSS08	AOSD0	rmid-differs	UZ90202	UZ26803	3553	3402	N	differs	differs	1	1	0	0	Y	Y
ICGDSS09	AOSD0	rmid-differs	UZ38395	UZ31832	7482	7498	N	differs	differs	1	1	0	0	Y	Y
ICGDSS99	AOSD0	same	EMS1102	EMS1102	1565	1565	Y	identical	identical	1	1	0	0	N	N
ICGDSSCN	AOSD0	rmid-differs	UZ90202	EMS1102	2509	2469	N	differs	differs	1	1	0	2	Y	N
ICGTRDST	AOSD0	same	UZ53994	UZ53994	11493	11493	Y	differs	differs	1	1	843	843	N	N
ICGTRINT	AOSD0	rmid-differs	UZ72110	UZ53363	15721	15433	N	differs	differs	1	1	0	0	Y	Y
ICGTRSUM	AOSD0	same	EMS1102	EMS1102	7409	7409	Y	identical	identical	1	1	0	0	N	N
ICGTRVID	AOSD0	same	EMS1102	EMS1102	5897	5897	Y	identical	identical	1	1	0	0	N	N
ICKAA01	AOSU0	same	FDZ1610	FDZ1610	2589	2589	Y	differs	differs	1	1	0	0	Y	Y
ICKAN01	AOSU0	rmid-differs	UZ66662	FDZ1610	8209	8085	N	differs	differs	1	1	79	0	N	Y
ICKAN02	AOSU0	same	FDZ1610	FDZ1610	7497	7497	Y	identical	identical	1	1	0	0	N	N
ICKAN03	AOSU0	same	FDZ1610	FDZ1610	4529	4529	Y	identical	identical	1	1	0	0	N	N
ICKBI01	AOSU0	rmid-differs	UY01018	FDZ1610	13789	13761	N	differs	differs	1	1	23	0	N	Y
ICKBM01	AOSU0	same	FDZ1610	FDZ1610	1441	1441	Y	differs	differs	1	1	0	0	Y	Y
ICKCDAN	AOSU0	same	FDZ1610	FDZ1610	970	970	Y	identical	identical	1	1	0	0	N	N
ICKCDBI	AOSU0	same	FDZ1610	FDZ1610	618	618	Y	identical	identical	1	1	0	0	N	N
ICKCDIN	AOSU0	same	FDZ1610	FDZ1610	2682	2682	Y	differs	differs	1	1	0	0	Y	Y
ICKCDIT	AOSU0	same	FDZ1610	FDZ1610	1770	1770	Y	differs	differs	1	1	0	0	Y	Y
ICKCDRF	AOSU0	same	FDZ1610	FDZ1610	1242	1242	Y	differs	differs	1	1	0	0	Y	Y
ICKCDTR	AOSU0	same	FDZ1610	FDZ1610	986	986	Y	identical	identical	1	1	0	0	N	N
ICKCL01	AOSU0	same	EDS1102	EDS1102	1097	1097	Y	identical	identical	1	1	0	0	N	N
ICKCV01	AOSU0	same	EDS1102	EDS1102	1297	1297	Y	identical	identical	1	1	0	0	N	N
ICKDV00	AOSU0	rmid-differs	UZ68412	FDZ1610	3773	3745	N	differs	differs	1	1	9	0	N	Y
ICKDV01	AOSU0	rmid-differs	UZ68412	FDZ1610	10549	10457	N	differs	differs	1	1	0	0	Y	Y
ICKDV02	AOSU0	rmid-differs	UZ68412	FDZ1610	3793	3781	N	differs	differs	1	1	0	0	Y	Y
ICKDV03	AOSU0	rmid-differs	UZ74973	FDZ1610	7317	7225	N	differs	differs	1	1	0	0	Y	Y
ICKDV04	AOSU0	rmid-differs	UZ61637	FDZ1610	3241	3229	N	differs	differs	1	1	0	0	Y	Y
ICKDV13	AOSU0	same	FDZ1610	FDZ1610	2625	2625	Y	identical	identical	1	1	0	0	N	N
ICKEX01	AOSU0	same	FDZ1610	FDZ1610	1653	1653	Y	differs	differs	1	1	0	0	Y	Y
ICKEX02	AOSU0	same	EDS1102	EDS1102	893	893	Y	identical	identical	1	1	0	0	N	N
ICKEX03	AOSU0	same	EDS1102	EDS1102	941	941	Y	identical	identical	1	1	0	0	N	N
ICKIN01	AOSU0	rmid-differs	UZ79073	FDZ1610	14329	14309	N	differs	differs	1	1	0	0	Y	Y
ICKIN02	AOSU0	rmid-differs	UZ73141	FDZ1610	10245	10233	N	differs	differs	1	1	13	92	N	N
ICKIO01	AOSU0	same	FDZ1610	FDZ1610	5381	5381	Y	differs	differs	1	1	0	0	Y	Y
ICKIO02	AOSU0	same	FDZ1610	FDZ1610	7009	7009	Y	differs	differs	1	1	0	0	Y	Y
ICKIT01	AOSU0	rmid-differs	UZ74973	FDZ1610	16009	15805	N	differs	differs	1	1	0	0	Y	Y
ICKPP01	AOSU0	rmid-differs	UZ73117	FDZ1610	2593	2573	N	differs	differs	1	1	0	0	Y	Y
ICKRA01	AOSU0	same	EDS1102	EDS1102	2973	2973	Y	identical	identical	1	1	0	0	N	N
ICKRD01	AOSU0	same	EDS1102	EDS1102	1593	1593	Y	identical	identical	1	1	0	0	N	N
ICKRF01	AOSU0	same	FDZ1610	FDZ1610	4605	4605	Y	differs	differs	1	1	0	0	Y	Y
ICKRI01	AOSU0	rmid-differs	UZ65154	FDZ1610	22301	22345	N	differs	differs	1	1	0	0	Y	Y
ICKRI02	AOSU0	same	FDZ1610	FDZ1610	2917	2917	Y	differs	differs	1	1	0	0	Y	Y
ICKRI03	AOSU0	same	EDS1102	EDS1102	1725	1725	Y	identical	identical	1	1	0	0	N	N
ICKRIKT	AOSU0	same	FDZ1610	FDZ1610	450	450	Y	identical	identical	1	1	0	0	N	N
ICKRILT	AOSU0	same	FDZ1610	FDZ1610	505	505	Y	differs	differs	1	1	0	0	Y	Y
ICKRL01	AOSU0	same	EDS1102	EDS1102	1365	1365	Y	identical	identical	1	1	0	0	N	N
ICKRP01	AOSU0	same	FDZ1610	FDZ1610	1549	1549	Y	differs	differs	1	1	0	0	Y	Y
ICKRT01	AOSU0	same	EDS1102	EDS1102	1341	1341	Y	identical	identical	1	1	0	0	N	N
ICKSA01	AOSU0	same	FDZ1610	FDZ1610	3833	3833	Y	differs	differs	1	1	0	0	Y	Y
ICKSA02	AOSU0	same	FDZ1610	FDZ1610	6441	6441	Y	differs	differs	1	1	0	0	Y	Y
ICKSA03	AOSU0	same	FDZ1610	FDZ1610	1565	1565	Y	differs	differs	1	1	0	0	Y	Y
ICKSA04	AOSU0	same	FDZ1610	FDZ1610	6969	6969	Y	identical	identical	1	1	0	0	N	N
ICKSA05	AOSU0	same	FDZ1610	FDZ1610	1141	1141	Y	differs	differs	1	1	0	0	Y	Y
ICKSA08	AOSU0	same	FDZ1610	FDZ1610	3385	3385	Y	differs	differs	1	1	0	0	Y	Y
ICKSA10	AOSU0	same	FDZ1610	FDZ1610	2001	2001	Y	differs	differs	1	1	0	0	Y	Y
ICKSD01	AOSU0	same	FDZ1610	FDZ1610	8625	8625	Y	identical	identical	1	1	0	0	N	N
ICKSD02	AOSU0	rmid-differs	UZ74973	FDZ1610	8285	8273	N	differs	differs	1	1	11	14	N	N
ICKTA01	AOSU0	same	FDZ1610	FDZ1610	1941	1941	Y	differs	differs	1	1	0	0	Y	Y
ICKTP04	AOSU0	same	EDS1102	EDS1102	4849	4849	Y	identical	identical	1	1	0	0	N	N
ICKTP05	AOSU0	same	FDZ1610	FDZ1610	1621	1621	Y	differs	differs	1	1	0	0	Y	Y
ICKTR01	AOSU0	same	FDZ1610	FDZ1610	1981	1981	Y	identical	identical	1	1	0	0	N	N
ICKTR02	AOSU0	same	FDZ1610	FDZ1610	5613	5613	Y	identical	identical	1	1	0	0	N	N
ICKTSAN0	AOSU0	same	FDZ1610	FDZ1610	4898	4898	Y	differs	differs	1	1	1	1	N	N
ICKTSBI0	AOSU0	same	FDZ1610	FDZ1610	2122	2122	Y	identical	identical	1	1	0	0	N	N
ICKTSCC0	AOSU0	same	FDZ1610	FDZ1610	6362	6362	Y	differs	differs	1	1	0	0	Y	Y
ICKTSDV0	AOSU0	same	FDZ1610	FDZ1610	2002	2002	Y	differs	differs	1	1	0	0	Y	Y
ICKTSEF0	AOSU0	same	FDZ1610	FDZ1610	3506	3506	Y	differs	differs	1	1	0	0	Y	Y
ICKTSEF1	AOSU0	rmid-differs	UZ74973	FDZ1610	8290	8190	N	differs	differs	1	1	3	0	N	Y
ICKTSEX0	AOSU0	same	FDZ1610	FDZ1610	914	914	Y	differs	differs	1	1	0	0	Y	Y
ICKTSIO0	AOSU0	same	FDZ1610	FDZ1610	1218	1218	Y	differs	differs	1	1	0	0	Y	Y
ICKTSRI0	AOSU0	rmid-differs	UZ65154	FDZ1610	3334	3330	N	differs	differs	1	1	0	0	Y	Y
ICKTSSA0	AOSU0	same	FDZ1610	FDZ1610	1050	1050	Y	identical	identical	1	1	0	0	N	N
ICKTSTP0	AOSU0	same	EDS1102	EDS1102	2210	2210	Y	differs	differs	1	1	11	11	N	N
ICKTSTP1	AOSU0	same	FDZ1610	FDZ1610	786	786	Y	differs	differs	1	1	0	0	Y	Y
ICKTSUV0	AOSU0	same	FDZ1610	FDZ1610	978	978	Y	identical	identical	1	1	0	0	N	N
ICKUSER1	AOSU0	same	FDZ1610	FDZ1610	538	538	Y	identical	identical	1	1	0	0	N	N
ICKVA01	AOSU0	same	FDZ1610	FDZ1610	1229	1229	Y	differs	differs	1	1	0	0	Y	Y
ICKVD01	AOSU0	same	EDS1102	EDS1102	1165	1165	Y	identical	identical	1	1	0	0	N	N
ICKVLBL	AOSU0	same	FDZ1610	FDZ1610	885	885	Y	differs	differs	1	1	0	0	Y	Y
ICKVP01	AOSU0	same	EDS1102	EDS1102	2237	2237	Y	identical	identical	1	1	0	0	N	N
ICKVV01	AOSU0	same	FDZ1610	FDZ1610	1109	1109	Y	differs	differs	1	1	0	0	Y	Y
ICKWI01	AOSU0	rmid-differs	UZ72085	FDZ1610	4249	4213	N	differs	differs	1	1	0	0	Y	Y
ICKWL01	AOSU0	same	FDZ1610	FDZ1610	1549	1549	Y	differs	differs	1	1	0	0	Y	Y
ICKWV01	AOSU0	rmid-differs	UZ68852	FDZ1610	2841	2877	N	differs	differs	1	1	0	0	Y	Y
IDA0192A	AOSA0	rmid-differs	UZ74545	UZ56097	10257	10273	N	differs	differs	1	1	0	0	Y	Y
IDA0192B	AOSA0	rmid-differs	UZ73172	UZ26147	7154	7026	N	differs	differs	1	1	0	0	Y	Y
IDA0192C	AOSA0	rmid-differs	UZ72378	UZ36755	8513	8457	N	differs	differs	1	1	0	0	Y	Y
IDA0192D	AOSA0	same	UZ56839	UZ56839	3438	3438	Y	differs	differs	1	1	0	0	Y	Y
IDA0192F	AOSA0	rmid-differs	UZ69609	UZ28701	8394	8426	N	differs	differs	1	1	0	0	Y	Y
IDA0192G	AOSA0	same	EDM1102	EDM1102	757	757	Y	differs	differs	1	1	4	4	N	N
IDA0192I	AOSA0	same	UZ24186	UZ24186	4286	4286	Y	differs	differs	1	1	0	0	Y	Y
IDA0192M	AOSA0	rmid-differs	UZ74799	EDM1102	4662	4937	N	differs	identical	1	1	0	0	Y	N
IDA0192P	AOSA0	same	UZ55411	UZ55411	3565	3565	Y	differs	differs	1	1	0	0	Y	Y
IDA0192S	AOSA0	same	UZ27798	UZ27798	2334	2334	Y	differs	differs	1	1	0	0	Y	Y
IDA0192V	AOSA0	rmid-differs	UZ60241	UZ35166	7241	7097	N	differs	differs	1	1	0	0	Y	Y
IDA0192W	AOSA0	same	EDM1102	EDM1102	2821	2821	Y	differs	differs	1	1	8	8	N	N
IDA0192Y	AOSA0	rmid-differs	UZ74897	UZ56628	14085	14733	N	differs	differs	1	1	0	0	Y	Y
IDA0192Z	AOSA0	rmid-differs	UY04882	UZ56097	8641	8641	N	differs	differs	1	1	0	0	Y	Y
IDA0195A	AOSA0	same	EDM1102	EDM1102	6773	6773	Y	identical	identical	1	1	0	0	N	N
IDA019R1	AOSA0	rmid-differs	UZ38699	UZ30330	5861	5258	N	differs	differs	1	1	0	0	Y	Y
IDA019R2	AOSA0	rmid-differs	UZ38213	UZ30328	3717	3582	N	differs	differs	1	1	0	0	Y	Y
IDA019R4	AOSA0	rmid-differs	UZ71742	UZ56837	6617	6545	N	differs	differs	1	1	0	0	Y	Y
IDA019R5	AOSA0	rmid-differs	UZ61860	UZ56255	3489	3409	N	differs	differs	1	1	0	0	Y	Y
IDA019R8	AOSA0	rmid-differs	UZ79124	UZ37832	3245	3253	N	differs	differs	1	1	0	0	Y	Y
IDA019RA	AOSA0	rmid-differs	UZ73847	UZ24156	4077	3934	N	differs	differs	1	1	0	0	Y	Y
IDA019RB	AOSA0	same	EDM1102	EDM1102	1001	1001	Y	identical	identical	1	1	0	0	N	N
IDA019RC	AOSA0	same	EDM1102	EDM1102	801	801	Y	identical	identical	1	1	0	0	N	N
IDA019RD	AOSA0	same	UZ22408	UZ22408	854	854	Y	differs	differs	1	1	0	0	Y	Y
IDA019RE	AOSA0	rmid-differs	UZ65704	UZ37771	5245	5141	N	differs	differs	1	1	0	0	Y	Y
IDA019RF	AOSA0	rmid-differs	UZ74831	UZ54276	4773	4725	N	differs	differs	1	1	0	0	Y	Y
IDA019RG	AOSA0	rmid-differs	UZ78287	EDM1102	4233	4165	N	differs	identical	1	1	0	0	Y	N
IDA019RH	AOSA0	same	UZ36732	UZ36732	4077	4077	Y	differs	differs	1	1	18	18	N	N
IDA019RI	AOSA0	rmid-differs	UZ78287	UZ24465	4313	4194	N	differs	differs	1	1	0	7	Y	N
IDA019RJ	AOSA0	rmid-differs	UZ78287	UZ36732	4741	4605	N	differs	differs	1	1	0	0	Y	Y
IDA019RK	AOSA0	rmid-differs	UZ69605	UZ36730	2277	2221	N	differs	differs	1	1	0	0	Y	Y
IDA019RL	AOSA0	rmid-differs	UZ59560	UZ37845	2685	2653	N	differs	differs	1	1	0	0	Y	Y
IDA019RM	AOSA0	rmid-differs	UZ70957	UZ27997	2889	2842	N	differs	differs	1	1	0	0	Y	Y
IDA019RN	AOSA0	rmid-differs	UZ57928	UZ31385	1909	1878	N	differs	differs	1	1	0	0	Y	Y
IDA019RO	AOSA0	rmid-differs	UZ57355	UZ22906	1501	1534	N	differs	differs	1	1	0	0	Y	Y
IDA019RP	AOSA0	rmid-differs	UY10582	UZ52080	3017	2769	N	differs	differs	1	1	0	0	Y	Y
IDA019RQ	AOSA0	rmid-differs	UZ47564	UZ35343	4710	4694	N	differs	differs	1	1	0	0	Y	Y
IDA019RR	AOSA0	rmid-differs	UZ40855	UZ36594	4206	4134	N	differs	differs	1	1	0	0	Y	Y
IDA019RS	AOSA0	rmid-differs	UZ65257	UZ36370	4678	4654	N	differs	differs	1	1	0	1757	Y	N
IDA019RT	AOSA0	same	EDM1102	EDM1102	3861	3861	Y	identical	identical	1	1	0	0	N	N
IDA019RU	AOSA0	rmid-differs	UZ68578	UZ56837	6181	6086	N	differs	differs	1	1	0	0	Y	Y
IDA019RV	AOSA0	same	EDM1102	EDM1102	2705	2705	Y	identical	identical	1	1	0	0	N	N
IDA019RW	AOSA0	same	UZ26877	UZ26877	3734	3734	Y	differs	differs	1	1	0	0	Y	Y
IDA019RX	AOSA0	rmid-differs	UZ41209	UZ56967	6222	6222	N	differs	differs	1	1	0	0	Y	Y
IDA019RY	AOSA0	rmid-differs	UZ47349	UZ36730	6730	6370	N	differs	differs	1	1	0	0	Y	Y
IDA019RZ	AOSA0	rmid-differs	UZ45189	UZ28450	1726	1678	N	differs	differs	1	1	0	14	Y	N
IDA019S1	AOSA0	rmid-differs	UZ74841	EDM1102	1510	1385	N	differs	identical	1	1	0	0	Y	N
IDA019S2	AOSA0	rmid-differs	UZ74841	UZ57027	3101	3053	N	differs	differs	1	1	0	0	Y	Y
IDA019S4	AOSC5	rmid-differs	UZ74841	EDM1102	621	577	N	differs	differs	1	1	5	0	N	Y
IDA019S6	AOSA0	rmid-differs	UZ60863	UZ27917	1781	1782	N	differs	differs	1	1	0	0	Y	Y
IDA019SA	AOSA0	same	UZ56253	UZ56253	3118	3118	Y	differs	differs	1	1	0	0	Y	Y
IDA019SB	AOSC5	same	UZ36218	UZ36218	3310	3310	Y	identical	identical	1	1	0	0	N	N
IDA019SE	AOSA0	rmid-differs	UZ57928	UZ36730	3862	3741	N	differs	differs	1	1	0	0	Y	Y
IDA019SF	AOSA0	rmid-differs	UZ65704	EDM1102	2686	2625	N	differs	identical	1	1	0	0	Y	N
IDA019SG	AOSA0	same	UZ90008	UZ90008	1502	1502	Y	identical	identical	1	1	0	0	N	N
IDA019SH	AOSA0	same	UZ90008	UZ90008	2726	2726	Y	identical	identical	1	1	0	0	N	N
IDA019SL	AOSA0	same	UZ37737	UZ37737	1177	1177	Y	identical	identical	1	1	0	0	N	N
IDA019SM	AOSA0	same	UZ90008	UZ90008	790	790	Y	identical	identical	1	1	0	0	N	N
IDA019SN	AOSA0	same	EDM1102	EDM1102	1545	1545	Y	identical	identical	1	1	0	0	N	N
IDA019SU	AOSA0	rmid-differs	UZ79831	UZ33012	4557	4533	N	differs	differs	2	2	0	0	Y	Y
IDA0200B	AOSA0	rmid-differs	UZ81213	UZ52782	6826	6382	N	differs	differs	1	1	0	0	Y	Y
IDA0200S	AOSA0	rmid-differs	UZ77738	UZ34965	2069	2069	N	differs	differs	1	1	0	0	Y	Y
IDA0200T	AOSA0	rmid-differs	UZ40024	UZ35972	9353	9297	N	differs	differs	1	1	0	0	Y	Y
IDA0231B	AOSA0	same	UZ31152	UZ31152	3254	3254	Y	differs	differs	1	1	0	0	Y	Y
IDA0231T	AOSA0	rmid-differs	UZ39009	UZ30832	3301	3254	N	differs	differs	1	1	0	0	Y	Y
IDA0557A	AOSA0	rmid-differs	UZ73436	UZ54639	14309	14317	N	differs	differs	1	1	0	0	Y	Y
IDA0A05B	AOSA0	rmid-differs	UZ40565	UZ56664	9313	9249	N	differs	differs	1	1	0	0	Y	Y
IDA0C05B	AOSA0	same	EDM1102	EDM1102	1149	1149	Y	differs	differs	1	1	0	0	Y	Y
IDA0C06C	AOSA0	rmid-differs	UZ70803	UZ56664	5909	5925	N	differs	differs	1	1	0	0	Y	Y
IDA0I96C	AOSA0	same	UZ37354	UZ37354	1069	1069	Y	differs	differs	1	1	0	0	Y	Y
IDA121A3	AOSC5	rmid-differs	UZ74841	UZ36360	2742	2646	N	differs	differs	1	1	17	0	N	Y
IDA121A5	AOSC5	same	UZ56343	UZ56343	613	613	Y	differs	differs	1	1	0	0	Y	Y
IDA121A6	AOSC5	same	UZ30327	UZ30327	678	678	Y	differs	differs	1	1	4	4	N	N
IDA121CV	AOSC5	rmid-differs	UZ68843	EDM1102	502	490	N	identical	identical	1	1	0	0	N	N
IDACAT11	AOSA0	rmid-differs	UZ66340	UZ32834	4033	3969	N	differs	differs	1	1	0	0	Y	Y
IDACAT12	AOSA0	same	UZ32834	UZ32834	2257	2257	Y	differs	differs	1	1	0	0	Y	Y
IDACAT13	AOSA0	same	UZ34255	UZ34255	1769	1769	Y	differs	differs	1	1	0	0	Y	Y
IDACAT21	AOSU0	same	UZ35336	UZ35336	5605	5605	Y	identical	identical	1	1	0	0	N	N
IDACKRA1	AOSA0	same	EDM1102	EDM1102	1349	1349	Y	differs	differs	1	1	0	0	Y	Y
IDAICIA1	AOSA0	same	UZ30800	UZ30800	2694	2694	Y	differs	differs	1	1	0	0	Y	Y
IDAIIFBF	AOSA0	same	EDM1102	EDM1102	641	641	Y	identical	identical	1	1	0	0	N	N
IDAIIPM1	AOSA0	same	UZ27151	UZ27151	1310	1310	Y	differs	differs	1	1	0	0	Y	Y
IDAIIPM2	AOSA0	same	EDM1102	EDM1102	2065	2065	Y	identical	identical	1	1	0	0	N	N
IDAIIPM3	AOSA0	rmid-differs	UZ72677	UZ31841	2381	2254	N	differs	differs	1	1	0	1361	Y	N
IDAIISM1	AOSA0	same	UZ31048	UZ31048	2046	2046	Y	differs	differs	1	1	0	0	Y	Y
IDAM19R3	AOSC5	rmid-differs	UZ42857	UZ56344	977	885	N	differs	differs	1	1	0	0	Y	Y
IDAOCEA1	AOSA0	rmid-differs	UZ73436	UZ28002	1245	1214	N	differs	differs	1	1	0	0	Y	Y
IDAOCEA2	AOSA0	rmid-differs	UZ63830	UZ37483	2805	2757	N	differs	differs	1	1	0	0	Y	Y
IDAOCEA3	AOSA0	same	EDM1102	EDM1102	397	397	Y	identical	identical	1	1	0	0	N	N
IDAOCEA4	AOSA0	same	EDM1102	EDM1102	509	509	Y	differs	differs	1	1	4	4	N	N
IDAVBPC1	AOSA0	rmid-differs	UZ61349	UZ52124	749	693	N	differs	differs	1	1	0	0	Y	Y
IDAVBPJ1	AOSA0	same	EDM1102	EDM1102	1501	1501	Y	differs	differs	1	1	0	0	Y	Y
IDAVBPJ2	AOSA1	same	EDM1102	EDM1102	1005	1005	Y	differs	differs	1	1	1	1	N	N
IDAVBPO1	AOSA0	same	UZ28732	UZ28732	1446	1446	Y	differs	differs	1	1	15	15	N	N
IDAVBPP1	AOSA0	rmid-differs	UZ61349	UZ52124	2049	2049	N	differs	differs	1	1	0	0	Y	Y
IDAVBPR2	AOSA0	same	EDM1102	EDM1102	1433	1433	Y	identical	identical	1	1	0	0	N	N
IDAVBPS1	AOSA0	same	EDM1102	EDM1102	961	961	Y	identical	identical	1	1	0	0	N	N
IDAVBPS2	AOSA0	same	EDM1102	EDM1102	1333	1333	Y	differs	differs	1	1	0	0	Y	Y
IDCAL01	AOSU0	rmid-differs	UZ67828	UZ32723	18793	18761	N	differs	differs	1	1	0	0	Y	Y
IDCAM01	ACMDLIB	same	EDM1102	EDM1102	649	649	Y	identical	identical	1	1	0	0	N	N
IDCAM02	ACMDLIB	same	EDM1102	EDM1102	649	649	Y	differs	differs	1	1	2	2	N	N
IDCAU01	AOSU0	same	EMS1102	EMS1102	3925	3925	Y	identical	identical	1	1	0	0	N	N
IDCAU02	AOSU0	same	EMS1102	EMS1102	4865	4865	Y	differs	differs	1	1	32	32	N	N
IDCAU03	AOSU0	same	UZ34277	UZ34277	15937	15937	Y	differs	differs	1	1	0	0	Y	Y
IDCAV01	AOSU0	same	EMS1102	EMS1102	13929	13929	Y	identical	identical	1	1	0	0	N	N
IDCBI01	AOSU0	rmid-differs	UZ76648	UZ51920	16605	16613	N	differs	differs	1	1	0	0	Y	Y
IDCCC01	AOSU0	rmid-differs	UZ73075	EDM1102	12181	11941	N	differs	differs	1	1	0	4	Y	N
IDCCDAL	AOSU0	same	EDM1102	EDM1102	7338	7338	Y	differs	differs	2	2	3	3	N	N
IDCCDAU	AOSU0	same	EMS1102	EMS1102	1430	1430	Y	differs	differs	1	1	0	0	Y	Y
IDCCDAV	AOSU0	same	EMS1102	EMS1102	845	845	Y	identical	identical	1	1	0	0	N	N
IDCCDBI	AOSU0	same	EDM1102	EDM1102	1714	1714	Y	identical	identical	2	2	0	0	N	N
IDCCDCC	AOSU0	same	EDM1102	EDM1102	1703	1703	Y	identical	identical	3	3	0	0	N	N
IDCCDCH	AOSU0	same	UZ90118	UZ90118	1302	1302	Y	differs	differs	1	1	0	0	Y	Y
IDCCDCK	AOSU0	same	EDM1102	EDM1102	906	906	Y	identical	identical	2	2	0	0	N	N
IDCCDCN	AOSU0	same	EMS1102	EMS1102	1061	1061	Y	identical	identical	1	1	0	0	N	N
IDCCDCO	AOSU0	same	EMS1102	EMS1102	1157	1157	Y	identical	identical	1	1	0	0	N	N
IDCCDCP	AOSU0	same	EMS1102	EMS1102	669	669	Y	identical	identical	1	1	0	0	N	N
IDCCDCT	AOSU0	same	EMS1102	EMS1102	421	421	Y	identical	identical	1	1	0	0	N	N
IDCCDCV	AOSU0	same	EMS1102	EMS1102	1245	1245	Y	identical	identical	1	1	0	0	N	N
IDCCDDE	AOSU0	same	EDM1102	EDM1102	49098	49098	Y	differs	differs	10	10	0	0	Y	Y
IDCCDDL	AOSU0	same	EDM1102	EDM1102	2178	2178	Y	identical	identical	2	2	0	0	N	N
IDCCDDU	AOSU0	same	UZ90134	UZ90134	1342	1342	Y	differs	differs	1	1	0	0	Y	Y
IDCCDEC	AOSU0	same	EMS1102	EMS1102	573	573	Y	identical	identical	1	1	0	0	N	N
IDCCDEV	AOSU0	same	EMS1102	EMS1102	709	709	Y	identical	identical	1	1	0	0	N	N
IDCCDGR	AOSU0	same	EMS1102	EMS1102	1317	1317	Y	identical	identical	1	1	0	0	N	N
IDCCDLC	AOSU0	same	EDM1102	EDM1102	2490	2490	Y	identical	identical	2	2	0	0	N	N
IDCCDLD	AOSU0	rmid-differs	UY01975	EMS1102	1326	1293	N	differs	identical	1	1	3	0	N	N
IDCCDLM	AOSU0	same	EMS1102	EMS1102	853	853	Y	identical	identical	1	1	0	0	N	N
IDCCDLR	AOSU0	same	EDM1102	EDM1102	1967	1967	Y	identical	identical	3	3	0	0	N	N
IDCCDLV	AOSU0	same	EMS1102	EMS1102	1665	1665	Y	identical	identical	1	1	0	0	N	N
IDCCDMC	AOSU0	same	EMS1102	EMS1102	1641	1641	Y	identical	identical	1	1	0	0	N	N
IDCCDMG	AOSU0	rmid-differs	UZ40304	EMS1102	1606	1617	N	differs	identical	1	1	0	0	Y	N
IDCCDMP	AOSU0	same	EDM1102	EDM1102	3924	3924	Y	identical	identical	4	4	0	0	N	N
IDCCDMV	AOSU0	rmid-differs	UY12664	EMS1102	1854	1821	N	differs	differs	1	1	0	0	Y	Y
IDCCDNC	AOSU0	same	UZ90134	UZ90134	886	886	Y	differs	differs	1	1	0	0	Y	Y
IDCCDPM	AOSU0	same	EDM1102	EDM1102	2729	2729	Y	identical	identical	5	5	0	0	N	N
IDCCDPR	AOSU0	same	EDM1102	EDM1102	3866	3866	Y	identical	identical	2	2	0	0	N	N
IDCCDRC	AOSU0	same	EDM1102	EDM1102	2913	2913	Y	identical	identical	5	5	0	0	N	N
IDCCDRD	AOSU0	same	EMS1102	EMS1102	15079	15079	Y	identical	identical	11	11	0	0	N	N
IDCCDRL	AOSU0	same	EMS1102	EMS1102	517	517	Y	identical	identical	1	1	0	0	N	N
IDCCDRM	AOSU0	same	EDM1102	EDM1102	2916	2916	Y	identical	identical	4	4	0	0	N	N
IDCCDRP	AOSU0	same	UZ51920	UZ51920	3362	3362	Y	differs	differs	3	3	0	0	Y	Y
IDCCDRR	AOSU0	same	EMS1102	EMS1102	693	693	Y	identical	identical	1	1	0	0	N	N
IDCCDRS	AOSU0	same	EDM1102	EDM1102	2321	2321	Y	identical	identical	5	5	0	0	N	N
IDCCDRV	AOSU0	same	EMS1102	EMS1102	861	861	Y	identical	identical	1	1	0	0	N	N
IDCCDSD	AOSU0	rmid-differs	UY01975	EMS1102	1334	1301	N	differs	identical	1	1	3	0	N	N
IDCCDSG	AOSU0	same	EMS1102	EMS1102	413	413	Y	identical	identical	1	1	0	0	N	N
IDCCDSR	AOSU0	same	EMS1102	EMS1102	901	901	Y	identical	identical	1	1	0	0	N	N
IDCCDST	AOSU0	same	EMS1102	EMS1102	357	357	Y	identical	identical	1	1	0	0	N	N
IDCCDSV	AOSU0	same	EMS1102	EMS1102	597	597	Y	identical	identical	1	1	0	0	N	N
IDCCDTR	AOSU0	same	EMS1102	EMS1102	1085	1085	Y	identical	identical	1	1	0	0	N	N
IDCCDTU	AOSU0	same	UZ90107	UZ90107	935	935	Y	differs	differs	1	1	0	0	Y	Y
IDCCDVY	AOSU0	same	EDM1102	EDM1102	666	666	Y	identical	identical	2	2	0	0	N	N
IDCCDXP	AOSU0	same	EDM1102	EDM1102	2839	2839	Y	identical	identical	3	3	0	0	N	N
IDCCH01	AOSU0	rmid-differs	UZ78728	UZ90118	17489	16937	N	differs	differs	1	1	0	0	Y	Y
IDCCH02	AOSU0	same	UZ57530	UZ57530	30185	30185	Y	differs	differs	1	1	0	0	Y	Y
IDCCH03	AOSU0	same	UZ90118	UZ90118	6049	6049	Y	differs	differs	1	1	0	0	Y	Y
IDCCH04	AOSU0	rmid-differs	UZ77689	UZ90118	8161	8025	N	differs	differs	1	1	0	0	Y	Y
IDCCK01	AOSU0	same	EDM1102	EDM1102	6385	6385	Y	differs	differs	1	1	2	2	N	N
IDCCN01	AOSU0	same	UZ28739	UZ28739	13778	13778	Y	differs	differs	1	1	0	0	Y	Y
IDCCO01	AOSU0	rmid-differs	UZ57201	UZ29438	12661	12413	N	differs	differs	1	1	0	0	Y	Y
IDCCP01	AOSU0	same	EMS1102	EMS1102	6793	6793	Y	identical	identical	1	1	0	0	N	N
IDCCT01	AOSU0	same	EMS1102	EMS1102	1889	1889	Y	differs	differs	1	1	4	4	N	N
IDCCV01	AOSU0	same	UZ30385	UZ30385	9138	9138	Y	differs	differs	1	1	0	0	Y	Y
IDCDB01	AOSU0	same	EDM1102	EDM1102	1673	1673	Y	differs	differs	1	1	3	3	N	N
IDCDE01	AOSU0	same	UZ55659	UZ55659	6345	6345	Y	differs	differs	1	1	0	0	Y	Y
IDCDE02	AOSU0	rmid-differs	UZ38803	UZ34056	12245	12181	N	differs	differs	1	1	0	0	Y	Y
IDCDE03	AOSU0	rmid-differs	UZ70928	EDM1102	15865	15129	N	differs	differs	1	1	0	2	Y	N
IDCDL01	AOSU0	rmid-differs	UZ59271	UZ56312	10421	10493	N	differs	differs	1	1	0	0	Y	Y
IDCDU01	AOSU0	rmid-differs	UZ67200	UZ90134	16885	16797	N	differs	differs	1	1	0	0	Y	Y
IDCEC01	AOSU0	same	EMS1102	EMS1102	3209	3209	Y	differs	differs	1	1	6	6	N	N
IDCEV01	AOSU0	same	EMS1102	EMS1102	5029	5029	Y	differs	differs	1	1	5	5	N	N
IDCEX01	AOSU0	same	EDM1102	EDM1102	1385	1385	Y	differs	differs	1	1	4	4	N	N
IDCEX02	AOSU0	same	EDM1102	EDM1102	993	993	Y	differs	differs	1	1	1	1	N	N
IDCEX03	AOSU0	same	UZ34231	UZ34231	1097	1097	Y	differs	differs	1	1	0	0	Y	Y
IDCGR01	AOSU0	same	EMS1102	EMS1102	2309	2309	Y	identical	identical	1	1	0	0	N	N
IDCIO01	AOSU0	rmid-differs	UZ76507	UZ53709	12077	12021	N	differs	differs	1	1	291	0	N	Y
IDCIO02	AOSU0	rmid-differs	UZ73075	UZ53784	11989	11897	N	differs	differs	1	1	5	0	N	Y
IDCIO03	AOSU0	same	EDM1102	EDM1102	4789	4789	Y	identical	identical	1	1	0	0	N	N
IDCIO04	AOSU0	same	EDM1102	EDM1102	1653	1653	Y	differs	differs	1	1	103	103	N	N
IDCIO05	AOSU0	same	UZ90120	UZ90120	21233	21233	Y	differs	differs	1	1	0	0	Y	Y
IDCLC01	AOSU0	rmid-differs	UZ75384	UZ57191	17889	17841	N	differs	differs	1	1	0	0	Y	Y
IDCLC02	AOSU0	rmid-differs	UZ66932	UZ28477	19497	19474	N	differs	differs	1	1	0	0	Y	Y
IDCLD01	AOSU0	rmid-differs	UY01975	EMS1102	13250	13137	N	differs	identical	1	1	0	0	Y	N
IDCLM01	AOSU0	same	UZ29552	UZ29552	13558	13558	Y	differs	differs	1	1	0	0	Y	Y
IDCLR01	AOSU0	same	UZ30699	UZ30699	24093	24093	Y	differs	differs	1	1	0	0	Y	Y
IDCLR02	AOSU0	same	EDM1102	EDM1102	1365	1365	Y	differs	differs	1	1	53	53	N	N
IDCLV01	AOSU0	rmid-differs	UY09934	UZ90149	14389	14285	N	differs	differs	1	1	0	0	Y	Y
IDCMC01	AOSU0	same	EMS1102	EMS1102	3725	3725	Y	differs	differs	1	1	0	0	Y	Y
IDCMG01	AOSU0	rmid-differs	UZ40304	EMS1102	4634	4593	N	differs	identical	1	1	0	0	Y	N
IDCMP01	AOSU0	rmid-differs	UZ76156	UZ37989	23725	23497	N	differs	differs	1	1	0	0	Y	Y
IDCMV01	AOSU0	rmid-differs	UY12664	UZ29438	14218	14333	N	differs	differs	1	1	0	0	Y	Y
IDCNC01	AOSU0	same	UZ90134	UZ90134	2841	2841	Y	differs	differs	1	1	0	0	Y	Y
IDCPM01	AOSU0	same	UZ51920	UZ51920	2801	2801	Y	differs	differs	1	1	0	0	Y	Y
IDCPR01	AOSU0	rmid-differs	UZ62122	UZ51920	4713	4665	N	differs	differs	1	1	0	0	Y	Y
IDCRC01	AOSU0	rmid-differs	UZ74456	UZ57196	14917	14573	N	differs	differs	1	1	0	0	Y	Y
IDCRC02	AOSU0	rmid-differs	UZ65649	UZ57772	13801	13709	N	differs	differs	1	1	0	0	Y	Y
IDCRC03	AOSU0	same	EDM1102	EDM1102	1085	1085	Y	differs	differs	1	1	5	5	N	N
IDCRD01	AOSU0	same	EMS1102	EMS1102	2969	2969	Y	differs	differs	1	1	4	4	N	N
IDCRD02	AOSU0	same	EMS1102	EMS1102	6709	6709	Y	identical	identical	1	1	0	0	N	N
IDCRD03	AOSU0	rmid-differs	UY28452	UZ22893	7213	7190	N	differs	differs	1	1	0	2318	Y	N
IDCRD04	AOSU0	same	UZ36046	UZ36046	7137	7137	Y	differs	differs	1	1	0	0	Y	Y
IDCRD05	AOSU0	same	UZ29300	UZ29300	12450	12450	Y	differs	differs	1	1	0	0	Y	Y
IDCRD06	AOSU0	rmid-differs	UZ38932	EMS1102	15098	15241	N	differs	identical	1	1	0	0	Y	N
IDCRD07	AOSU0	same	UZ55451	UZ55451	18173	18173	Y	differs	differs	1	1	0	0	Y	Y
IDCRI01	AOSU0	rmid-differs	UZ64205	UZ34269	22941	22925	N	differs	differs	1	1	0	0	Y	Y
IDCRI02	AOSU0	same	EDM1102	EDM1102	2185	2185	Y	identical	identical	1	1	0	0	N	N
IDCRI03	AOSU0	same	EDM1102	EDM1102	1817	1817	Y	differs	differs	1	1	4	4	N	N
IDCRI04	AOSU0	rmid-differs	UZ76315	UZ31563	15917	15909	N	differs	differs	13	13	0	0	Y	Y
IDCRIFF	AOSU0	same	EDM1102	EDM1102	362	362	Y	identical	identical	1	1	0	0	N	N
IDCRIKT	AOSU0	same	EDM1102	EDM1102	429	429	Y	identical	identical	1	1	0	0	N	N
IDCRILT	AOSU0	same	EDM1102	EDM1102	834	834	Y	identical	identical	1	1	0	0	N	N
IDCRIMT	AOSU0	same	EMS1102	EMS1102	1058	1058	Y	identical	identical	1	1	0	0	N	N
IDCRL01	AOSU0	same	EMS1102	EMS1102	3641	3641	Y	identical	identical	1	1	0	0	N	N
IDCRM01	AOSU0	same	UZ52407	UZ52407	28981	28981	Y	differs	differs	1	1	0	0	Y	Y
IDCRP01	AOSU0	rmid-differs	UZ50178	UZ51920	12813	12629	N	differs	differs	1	1	0	0	Y	Y
IDCRR01	AOSU0	same	UZ22209	UZ22209	5042	5042	Y	differs	differs	1	1	0	0	Y	Y
IDCRS01	AOSU0	rmid-differs	UZ74312	UZ56650	18898	18898	N	differs	differs	1	1	0	0	Y	Y
IDCRS02	AOSU0	rmid-differs	UZ74312	UZ56650	18138	18138	N	differs	differs	1	1	81	80	N	N
IDCRS03	AOSU0	rmid-differs	UZ74312	UZ56650	17594	17594	N	differs	differs	1	1	29	36	N	N
IDCRS04	AOSU0	rmid-differs	UZ74312	UZ56650	9942	9942	N	differs	differs	1	1	27	26	N	N
IDCRS05	AOSU0	rmid-differs	UZ74312	UZ56650	11098	11098	N	differs	differs	1	1	215	215	N	N
IDCRS06	AOSU0	rmid-differs	UZ74312	UZ56650	13370	13362	N	differs	differs	1	1	0	56	Y	N
IDCRS07	AOSU0	rmid-differs	UZ74312	UZ56650	10370	10370	N	differs	differs	1	1	20	27	N	N
IDCRV01	AOSU0	same	UZ29438	UZ29438	8365	8365	Y	differs	differs	1	1	0	0	Y	Y
IDCSA01	AOSU0	same	UZ31929	UZ31929	5401	5401	Y	differs	differs	1	1	0	0	Y	Y
IDCSA02	AOSU0	rmid-differs	UZ67828	UZ51920	13521	13109	N	differs	differs	1	1	0	0	Y	Y
IDCSA03	AOSU0	same	EDM1102	EDM1102	2141	2141	Y	differs	differs	1	1	4	4	N	N
IDCSA05	AOSU0	same	EDM1102	EDM1102	1269	1269	Y	identical	identical	1	1	0	0	N	N
IDCSA06	AOSU0	same	EMS1102	EMS1102	9889	9889	Y	differs	differs	1	1	0	0	Y	Y
IDCSA07	AOSU0	rmid-differs	UY01975	UZ55784	5941	5757	N	differs	differs	1	1	0	0	Y	Y
IDCSA08	AOSU0	rmid-differs	UZ69576	EDM1102	5241	5013	N	differs	differs	1	1	0	0	Y	Y
IDCSA09	AOSU0	rmid-differs	UY16087	EMS1102	3949	3869	N	differs	identical	1	1	0	0	Y	N
IDCSA10	AOSU0	same	EMS1102	EMS1102	2917	2917	Y	differs	differs	1	1	0	0	Y	Y
IDCSD01	AOSU0	rmid-differs	UY01975	EMS1102	11233	10849	N	differs	identical	1	1	0	0	Y	N
IDCSG01	AOSU0	same	EMS1102	EMS1102	1617	1617	Y	identical	identical	1	1	0	0	N	N
IDCSR01	AOSU0	same	EMS1102	EMS1102	9813	9813	Y	differs	differs	1	1	2	2	N	N
IDCST01	AOSU0	same	EMS1102	EMS1102	2245	2245	Y	differs	differs	1	1	0	0	Y	Y
IDCSV01	AOSU0	same	UZ37274	UZ37274	7337	7337	Y	differs	differs	1	1	0	0	Y	Y
IDCTP01	AOSU0	rmid-differs	UZ74329	UZ57157	10345	10321	N	differs	differs	1	1	0	0	Y	Y
IDCTP04	AOSU0	same	EDM1102	EDM1102	5005	5005	Y	differs	differs	1	1	70	70	N	N
IDCTP05	AOSU0	same	EDM1102	EDM1102	1649	1649	Y	differs	differs	1	1	47	47	N	N
IDCTP06	AOSU0	same	UZ27169	UZ27169	2242	2242	Y	differs	differs	1	1	0	0	Y	Y
IDCTR01	AOSU0	same	UZ25620	UZ25620	7570	7570	Y	differs	differs	1	1	0	0	Y	Y
IDCTSAL0	AOSU0	same	EDM1102	EDM1102	2381	2381	Y	identical	identical	1	1	0	0	N	N
IDCTSAU0	AOSU0	same	EMS1102	EMS1102	5378	5378	Y	differs	differs	1	1	85	85	N	N
IDCTSAV0	AOSU0	same	EMS1102	EMS1102	997	997	Y	identical	identical	1	1	0	0	N	N
IDCTSBI0	AOSU0	same	EDM1102	EDM1102	1869	1869	Y	identical	identical	1	1	0	0	N	N
IDCTSCC0	AOSU0	same	EDM1102	EDM1102	1525	1525	Y	identical	identical	1	1	0	0	N	N
IDCTSCH0	AOSU0	same	UZ90118	UZ90118	6650	6650	Y	differs	differs	1	1	0	0	Y	Y
IDCTSCK0	AOSU0	same	UZ22613	UZ22613	1507	1507	Y	differs	differs	1	1	0	0	Y	Y
IDCTSCM0	AOSU0	rmid-differs	UZ57201	UZ25620	7182	6823	N	differs	differs	1	1	0	0	Y	Y
IDCTSCN0	AOSU0	same	EMS1102	EMS1102	1465	1465	Y	identical	identical	1	1	0	0	N	N
IDCTSCO0	AOSU0	same	UZ34692	UZ34692	1358	1358	Y	differs	differs	1	1	1	1	N	N
IDCTSCP0	AOSU0	same	EMS1102	EMS1102	2597	2597	Y	identical	identical	1	1	0	0	N	N
IDCTSCT0	AOSU0	same	EMS1102	EMS1102	429	429	Y	identical	identical	1	1	0	0	N	N
IDCTSCV0	AOSU0	same	EMS1102	EMS1102	1253	1253	Y	identical	identical	1	1	0	0	N	N
IDCTSDE0	AOSU0	same	UZ28083	UZ28083	2575	2575	Y	identical	identical	1	1	0	0	N	N
IDCTSDL0	AOSU0	same	UZ56312	UZ56312	1538	1538	Y	differs	differs	1	1	0	0	Y	Y
IDCTSDU0	AOSU0	same	UZ90134	UZ90134	5814	5814	Y	differs	differs	1	1	0	0	Y	Y
IDCTSEC0	AOSU0	same	EMS1102	EMS1102	765	765	Y	identical	identical	1	1	0	0	N	N
IDCTSEV0	AOSU0	same	EMS1102	EMS1102	405	405	Y	identical	identical	1	1	0	0	N	N
IDCTSEX0	AOSU0	same	EDM1102	EDM1102	1293	1293	Y	differs	differs	1	1	3	3	N	N
IDCTSIO0	AOSU0	same	EDM1102	EDM1102	3394	3394	Y	identical	identical	1	1	0	0	N	N
IDCTSIO5	AOSU0	same	EMS1102	EMS1102	1005	1005	Y	identical	identical	1	1	0	0	N	N
IDCTSLC0	AOSU0	same	UZ28477	UZ28477	9479	9479	Y	differs	differs	1	1	0	0	Y	Y
IDCTSLC1	AOSU0	rmid-differs	UZ67138	EDM1102	1954	1854	N	differs	identical	1	1	0	0	Y	N
IDCTSLD0	AOSU0	rmid-differs	UY01975	EMS1102	4814	4882	N	differs	identical	1	1	4	0	N	N
IDCTSLM0	AOSU0	same	EMS1102	EMS1102	3517	3517	Y	identical	identical	1	1	0	0	N	N
IDCTSLR0	AOSU0	same	EDM1102	EDM1102	1462	1462	Y	identical	identical	1	1	0	0	N	N
IDCTSLR1	AOSU0	same	EDM1102	EDM1102	1605	1605	Y	identical	identical	1	1	0	0	N	N
IDCTSLV0	AOSU0	rmid-differs	UY01975	UZ90149	12838	13038	N	differs	differs	1	1	0	0	Y	Y
IDCTSMC0	AOSU0	same	EMS1102	EMS1102	562	562	Y	differs	differs	1	1	0	0	Y	Y
IDCTSMG0	AOSU0	same	EMS1102	EMS1102	517	517	Y	identical	identical	1	1	0	0	N	N
IDCTSMP0	AOSU0	same	EDM1102	EDM1102	2297	2297	Y	identical	identical	1	1	0	0	N	N
IDCTSMV0	AOSU0	same	EMS1102	EMS1102	581	581	Y	identical	identical	1	1	0	0	N	N
IDCTSNC0	AOSU0	same	EMS1102	EMS1102	437	437	Y	identical	identical	1	1	0	0	N	N
IDCTSPR0	AOSU0	rmid-differs	UZ50178	UZ51920	2494	2266	N	differs	differs	1	1	0	0	Y	Y
IDCTSRC0	AOSU0	same	EDM1102	EDM1102	2458	2458	Y	identical	identical	1	1	0	0	N	N
IDCTSRD0	AOSU0	rmid-differs	UZ38932	EMS1102	7858	7782	N	differs	identical	1	1	0	0	Y	N
IDCTSRI0	AOSU0	same	EDM1102	EDM1102	3285	3285	Y	identical	identical	1	1	0	0	N	N
IDCTSRI1	AOSU0	same	EDM1102	EDM1102	1661	1661	Y	identical	identical	1	1	0	0	N	N
IDCTSRL0	AOSU0	same	EMS1102	EMS1102	549	549	Y	identical	identical	1	1	0	0	N	N
IDCTSRR0	AOSU0	same	EMS1102	EMS1102	861	861	Y	identical	identical	1	1	0	0	N	N
IDCTSRS0	AOSU0	same	EDM1102	EDM1102	5362	5362	Y	identical	identical	1	1	0	0	N	N
IDCTSRV0	AOSU0	same	EMS1102	EMS1102	645	645	Y	identical	identical	1	1	0	0	N	N
IDCTSSA0	AOSU0	same	UZ23137	UZ23137	1055	1055	Y	identical	identical	1	1	0	0	N	N
IDCTSSA6	AOSU0	same	EMS1102	EMS1102	1741	1741	Y	identical	identical	1	1	0	0	N	N
IDCTSSA7	AOSU0	same	EMS1102	EMS1102	1285	1285	Y	identical	identical	1	1	0	0	N	N
IDCTSSD0	AOSU0	same	EMS1102	EMS1102	1109	1109	Y	identical	identical	1	1	0	0	N	N
IDCTSSR0	AOSU0	same	EMS1102	EMS1102	965	965	Y	identical	identical	1	1	0	0	N	N
IDCTSSS0	AOSU0	same	UZ90107	UZ90107	3375	3375	Y	differs	differs	1	1	0	0	Y	Y
IDCTSST0	AOSU0	same	EMS1102	EMS1102	421	421	Y	identical	identical	1	1	0	0	N	N
IDCTSSV0	AOSU0	same	EMS1102	EMS1102	637	637	Y	identical	identical	1	1	0	0	N	N
IDCTSTP0	AOSU0	same	EDM1102	EDM1102	2173	2173	Y	differs	differs	1	1	11	11	N	N
IDCTSTP1	AOSU0	same	EDM1102	EDM1102	709	709	Y	identical	identical	1	1	0	0	N	N
IDCTSTP6	AOSU0	rmid-differs	UZ72975	EDM1102	2086	2066	N	differs	identical	1	1	0	0	Y	N
IDCTSTR0	AOSU0	same	EMS1102	EMS1102	773	773	Y	identical	identical	1	1	0	0	N	N
IDCTSTU0	AOSU0	same	UZ90107	UZ90107	3231	3231	Y	differs	differs	1	1	0	0	Y	Y
IDCTSUV0	AOSU0	same	EDM1102	EDM1102	1573	1573	Y	identical	identical	1	1	0	0	N	N
IDCTSVS0	AOSU0	rmid-differs	UZ71348	EMS1102	2106	2085	N	differs	identical	1	1	0	0	Y	N
IDCTSXP0	AOSU0	same	EDM1102	EDM1102	781	781	Y	identical	identical	1	1	0	0	N	N
IDCTU01	AOSU0	same	UZ90107	UZ90107	6898	6898	Y	differs	differs	1	1	0	0	Y	Y
IDCVS01	AOSU0	rmid-differs	UZ38393	UZ55784	9461	9381	N	differs	differs	1	1	0	0	Y	Y
IDCVS02	AOSU0	same	EMS1102	EMS1102	5161	5161	Y	differs	differs	1	1	36	36	N	N
IDCVS03	AOSU0	rmid-differs	UZ46415	UZ56309	8149	8149	N	differs	differs	1	1	0	0	Y	Y
IDCVY01	AOSU0	same	EDM1102	EDM1102	1665	1665	Y	identical	identical	1	1	0	0	N	N
IDCXP01	AOSU0	rmid-differs	UZ76156	EDM1102	13801	13753	N	differs	identical	1	1	8871	0	N	N
IDDWIAPP	AOSA0	rmid-differs	UZ70140	UZ52124	2829	2773	N	differs	differs	1	1	0	0	Y	Y
IDDWICLS	AOSA0	rmid-differs	UZ61349	UZ52124	909	909	N	differs	differs	1	1	0	0	Y	Y
IDDWICPI	AOSA0	rmid-differs	UZ70140	UZ52124	5230	5190	N	differs	differs	1	1	0	0	Y	Y
IDDWIJRN	AOSA0	rmid-differs	UZ61605	UZ54991	2273	2425	N	differs	differs	1	1	0	0	Y	Y
IDDWIMRG	AOSA1	same	EDM1102	EDM1102	469	469	Y	differs	differs	1	1	4	4	N	N
IDDWITRM	AOSA0	rmid-differs	UZ61349	UZ52124	997	997	N	differs	differs	1	1	133	134	N	N
IEAFTEED	AOSC5	same	UZ21482	UZ21482	6054	6054	Y	differs	differs	1	1	0	0	Y	Y
IEAFTIHS	AOSC5	same	UZ21482	UZ21482	6350	6350	Y	differs	differs	1	1	0	0	Y	Y
IEAFTRT2	AOSC5	same	UZ30649	UZ30649	11386	11386	Y	differs	differs	1	1	0	0	Y	Y
IEAFTSCB	AOSC5	same	UZ24820	UZ24820	5282	5282	Y	differs	differs	1	1	0	0	Y	Y
IEAQWAIT	AOS00	same	EBB1102	EBB1102	461	461	Y	differs	differs	2	2	0	0	N	N
IEASMFEX	AOS00	same	UZ38026	UZ38026	671	671	Y	differs	differs	2	2	0	0	N	N
IEATLEXT	AOS00	same	EBB1102	EBB1102	965	965	Y	differs	differs	1	1	144	144	N	N
IEAVAD00	AOSC5	same	UZ53816	UZ53816	6362	6362	Y	differs	differs	1	1	0	0	Y	Y
IEAVAD01	AOSC5	same	UZ61929	UZ61929	8953	8953	Y	differs	differs	1	1	0	0	Y	Y
IEAVAD02	AOSC5	same	FBB1221	FBB1221	1049	1049	Y	differs	differs	1	1	0	0	Y	Y
IEAVAD03	AOSC5	same	UZ31253	UZ31253	4598	4598	Y	differs	differs	1	1	925	925	N	N
IEAVAD05	AOSC5	same	EBB1102	EBB1102	2549	2549	Y	identical	identical	1	1	0	0	N	N
IEAVAD06	AOSC5	same	EBB1102	EBB1102	2257	2257	Y	identical	identical	1	1	0	0	N	N
IEAVAD07	AOSC5	same	UZ60132	UZ60132	3325	3325	Y	differs	differs	1	1	0	0	Y	Y
IEAVAD08	AOSC5	same	UZ61929	UZ61929	1262	1262	Y	differs	differs	1	1	0	0	Y	Y
IEAVAD09	AOSC5	same	EBB1102	EBB1102	841	841	Y	identical	identical	1	1	0	0	N	N
IEAVAD0A	AOSC5	same	UZ25903	UZ25903	1854	1854	Y	differs	differs	1	1	1158	1158	N	N
IEAVAD0B	AOSC5	same	EBB1102	EBB1102	3513	3513	Y	identical	identical	1	1	0	0	N	N
IEAVAD0C	AOSC5	same	EBB1102	EBB1102	1117	1117	Y	identical	identical	1	1	0	0	N	N
IEAVAD0D	AOSC5	same	UZ76909	UZ76909	3150	3150	Y	differs	differs	1	1	0	0	Y	Y
IEAVAD0E	AOSC5	same	UZ27256	UZ27256	3078	3078	Y	differs	differs	1	1	0	0	Y	Y
IEAVAD0F	AOSC5	same	UZ61153	UZ61153	1477	1477	Y	differs	differs	1	1	0	0	Y	Y
IEAVAD10	AOSC5	same	EBB1102	EBB1102	1257	1257	Y	differs	differs	1	1	0	0	Y	Y
IEAVAD11	AOSC5	rmid-differs	UY35469	UZ31337	1006	935	N	differs	differs	1	1	0	0	Y	Y
IEAVAD31	AOSC5	same	UZ52371	UZ52371	687	687	Y	differs	differs	1	1	0	0	Y	Y
IEAVAD51	AOSC5	same	UZ61115	UZ61115	1182	1182	Y	differs	differs	1	1	0	0	Y	Y
IEAVAD71	AOSC5	same	EBB1102	EBB1102	2029	2029	Y	differs	differs	1	1	5	5	N	N
IEAVADFM	AOSC5	same	EBB1102	EBB1102	381	381	Y	identical	identical	1	1	0	0	N	N
IEAVADUS	AOSC5	same	EBB1102	EBB1102	373	373	Y	differs	differs	1	1	5	5	N	N
IEAVAR00	AOSC5	same	UZ29078	UZ29078	3206	3206	Y	differs	differs	1	1	0	0	Y	Y
IEAVAR01	AOSC5	same	UZ69152	UZ69152	749	749	Y	differs	differs	1	1	0	0	Y	Y
IEAVAR02	AOSC5	same	UZ36116	UZ36116	2118	2118	Y	differs	differs	1	1	0	0	Y	Y
IEAVAR03	AOSC5	same	EBB1102	EBB1102	1189	1189	Y	identical	identical	1	1	0	0	N	N
IEAVAR04	AOSC5	same	EBB1102	EBB1102	1889	1889	Y	differs	differs	1	1	0	0	Y	Y
IEAVAR05	AOSC5	rmid-differs	UY40025	UZ37194	1229	1238	N	differs	differs	1	1	608	0	N	Y
IEAVAR06	AOSC5	same	UZ28168	UZ28168	1382	1382	Y	differs	differs	1	1	611	611	N	N
IEAVAR07	AOSC5	same	EBB1102	EBB1102	1013	1013	Y	identical	identical	1	1	0	0	N	N
IEAVAX00	AOSC5	same	UZ51847	UZ51847	2506	2506	Y	differs	differs	1	1	0	0	Y	Y
IEAVBLDP	AOSC5	same	EBB1102	EBB1102	1013	1013	Y	differs	differs	1	1	0	0	Y	Y
IEAVCARR	AOSC5	same	EBB1102	EBB1102	1485	1485	Y	differs	differs	1	1	0	0	Y	Y
IEAVCKEY	AOSC5	same	EBB1102	EBB1102	1657	1657	Y	differs	differs	1	1	2	2	N	N
IEAVCKRR	AOSC5	same	EBB1102	EBB1102	629	629	Y	differs	differs	1	1	4	4	N	N
IEAVDELP	AOSC5	same	EBB1102	EBB1102	773	773	Y	differs	differs	1	1	0	0	Y	Y
IEAVDSEG	AOSC5	same	EBB1102	EBB1102	677	677	Y	differs	differs	1	1	4	4	N	N
IEAVEAC0	AOSC5	same	UZ36086	UZ36086	1558	1558	Y	identical	identical	1	1	0	0	N	N
IEAVECBV	AOSC5	same	EBB1102	EBB1102	1245	1245	Y	differs	differs	1	1	2	2	N	N
IEAVECH0	AOSC5	same	EBB1102	EBB1102	2029	2029	Y	differs	differs	1	1	0	0	Y	Y
IEAVEDR	AOSC5	same	UZ36461	UZ36461	1091	1091	Y	differs	differs	1	1	12	12	N	N
IEAVEDSR	AOSC5	same	EBB1102	EBB1102	1525	1525	Y	differs	differs	1	1	1	1	N	N
IEAVEE1R	AOSC5	same	EBB1102	EBB1102	445	445	Y	identical	identical	1	1	0	0	N	N
IEAVEE2R	AOSC5	same	EBB1102	EBB1102	453	453	Y	identical	identical	1	1	0	0	N	N
IEAVEE3R	AOSC5	same	EBB1102	EBB1102	437	437	Y	identical	identical	1	1	0	0	N	N
IEAVEED0	AOSC5	same	EBB1102	EBB1102	1813	1813	Y	differs	differs	1	1	0	0	Y	Y
IEAVEEE0	AOSC5	same	FBB1221	FBB1221	1393	1393	Y	identical	identical	1	1	0	0	N	N
IEAVEEE2	AOSC5	same	EBB1102	EBB1102	605	605	Y	differs	differs	1	1	0	0	Y	Y
IEAVEEEP	AOSC5	same	EBB1102	EBB1102	517	517	Y	differs	differs	1	1	10	10	N	N
IEAVEEER	AOSC5	same	EBB1102	EBB1102	1021	1021	Y	differs	differs	1	1	5	5	N	N
IEAVEES	AOSC5	rmid-differs	UZ58916	FBB1221	906	802	N	differs	differs	1	1	21	0	N	Y
IEAVEEXP	AOSC5	same	EBB1102	EBB1102	1381	1381	Y	differs	differs	1	1	0	0	Y	Y
IEAVEEXT	AOSC5	same	UZ24824	UZ24824	1399	1399	Y	identical	identical	1	1	0	0	N	N
IEAVEF00	AOSC5	same	EBB1102	EBB1102	629	629	Y	differs	differs	1	1	6	6	N	N
IEAVEIO	AOSC5	same	UZ28752	UZ28752	1103	1103	Y	differs	differs	1	1	4	4	N	N
IEAVEIOR	AOSC5	same	EBB1102	EBB1102	397	397	Y	identical	identical	1	1	0	0	N	N
IEAVEIPR	AOSC5	same	UZ34944	UZ34944	535	535	Y	differs	differs	1	1	15	15	N	N
IEAVELCR	AOSC5	same	EBB1102	EBB1102	1269	1269	Y	identical	identical	1	1	0	0	N	N
IEAVELIT	AOSC5	same	EBB1102	EBB1102	1713	1713	Y	identical	identical	1	1	0	0	N	N
IEAVELKR	AOSC5	same	EBB1102	EBB1102	2182	2182	Y	identical	identical	1	1	0	0	N	N
IEAVEMCR	AOSC5	same	EBB1102	EBB1102	1557	1557	Y	differs	differs	1	1	0	0	Y	Y
IEAVEMDL	AOSC5	same	EBB1102	EBB1102	1549	1549	Y	differs	differs	1	1	0	0	Y	Y
IEAVEMIN	AOSC5	same	FBB1221	FBB1221	1353	1353	Y	differs	differs	1	1	0	0	Y	Y
IEAVEMRQ	AOSC5	same	FBB1221	FBB1221	3257	3257	Y	differs	differs	1	1	0	0	Y	Y
IEAVEMS0	AOSC5	same	EBB1102	EBB1102	881	881	Y	differs	differs	2	2	13	13	N	N
IEAVEOR	AOSC5	same	UZ24351	UZ24351	2086	2086	Y	differs	differs	1	1	17	17	N	N
IEAVEPC	AOSC5	same	UZ36571	UZ36571	3671	3671	Y	differs	differs	1	1	12	12	N	N
IEAVEPCR	AOSC5	same	EBB1102	EBB1102	485	485	Y	differs	differs	1	1	6	6	N	N
IEAVEPD0	AOSC5	same	EBB1102	EBB1102	1529	1529	Y	differs	differs	1	1	0	0	Y	Y
IEAVEPDR	AOSC5	same	EBB1102	EBB1102	845	845	Y	differs	differs	1	1	8	8	N	N
IEAVERER	AOSC5	same	EBB1102	EBB1102	413	413	Y	identical	identical	1	1	0	0	N	N
IEAVERI	AOSC5	same	UZ29943	UZ29943	1223	1223	Y	differs	differs	1	1	13	13	N	N
IEAVERP	AOSC5	same	UZ29943	UZ29943	839	839	Y	differs	differs	1	1	15	15	N	N
IEAVESCR	AOSC5	same	EBB1102	EBB1102	925	925	Y	differs	differs	1	1	5	5	N	N
IEAVESPR	AOSC5	same	EBB1102	EBB1102	2297	2297	Y	identical	identical	1	1	0	0	N	N
IEAVESVC	AOSC5	same	FBB1221	FBB1221	2274	2274	Y	differs	differs	1	1	13	13	N	N
IEAVESVR	AOSC5	same	EBB1102	EBB1102	413	413	Y	identical	identical	1	1	0	0	N	N
IEAVEUPC	AOSC5	same	EBB1102	EBB1102	389	389	Y	identical	identical	1	1	0	0	N	N
IEAVEVAL	AOSC5	same	UZ52628	UZ52628	911	911	Y	differs	differs	1	1	21	21	N	N
IEAVEVT0	AOSC5	same	EBB1102	EBB1102	1785	1785	Y	differs	differs	1	1	12	12	N	N
IEAVEXS	AOSC5	same	EBB1102	EBB1102	909	909	Y	differs	differs	1	1	0	0	Y	Y
IEAVFP	AOSC5	same	UZ28905	UZ28905	615	615	Y	differs	differs	1	1	14	14	N	N
IEAVFREE	AOSC5	same	UZ33993	UZ33993	1806	1806	Y	differs	differs	1	1	22	22	N	N
IEAVGCAS	AOSC5	same	EBB1102	EBB1102	3049	3049	Y	differs	differs	1	1	0	0	Y	Y
IEAVGPRR	AOSC5	same	EBB1102	EBB1102	3537	3537	Y	differs	differs	1	1	0	0	Y	Y
IEAVIOCP	AOSC5	same	EBB1102	EBB1102	1965	1965	Y	differs	differs	1	1	4	4	N	N
IEAVITAS	AOSC5	same	EBB1102	EBB1102	1345	1345	Y	differs	differs	1	1	12	12	N	N
IEAVLK02	AOSC5	same	UZ69157	UZ69157	2298	2298	Y	differs	differs	1	1	15	15	N	N
IEAVLK03	AOSC5	same	UZ69157	UZ69157	1662	1662	Y	differs	differs	1	1	16	16	N	N
IEAVMASV	AOSC5	same	EBB1102	EBB1102	1221	1221	Y	differs	differs	1	1	0	0	Y	Y
IEAVMDOM	AOSC5	same	UZ34090	UZ34090	3054	3054	Y	differs	differs	1	1	0	0	Y	Y
IEAVMED2	AOSC5	same	UZ23078	UZ23078	2754	2754	Y	differs	differs	1	1	0	0	Y	Y
IEAVMNTR	AOSC5	same	EBB1102	EBB1102	1917	1917	Y	differs	differs	1	1	18	18	N	N
IEAVMQR0	AOSC5	same	EBB1102	EBB1102	1581	1581	Y	differs	differs	1	1	6	6	N	N
IEAVMQWR	AOSC5	same	FBB1221	FBB1221	1610	1610	Y	differs	differs	1	1	0	0	Y	Y
IEAVMSGS	AOSC5	same	EBB1102	EBB1102	901	901	Y	identical	identical	1	1	0	0	N	N
IEAVMWSV	AOSC5	same	UZ28173	UZ28173	3255	3255	Y	differs	differs	1	1	0	0	Y	Y
IEAVMWTL	AOSC5	same	EBB1102	EBB1102	493	493	Y	identical	identical	1	1	0	0	N	N
IEAVMWTO	AOSC5	rmid-differs	UZ62088	UZ52963	5662	5663	N	differs	differs	1	1	0	0	Y	Y
IEAVNPB6	AOSC5	same	EBB1102	EBB1102	362	362	Y	identical	identical	1	1	0	0	N	N
IEAVPCB	AOSC5	same	UZ53364	UZ53364	2358	2358	Y	differs	differs	1	1	17	17	N	N
IEAVPFTE	AOSC5	same	EBB1102	EBB1102	2417	2417	Y	differs	differs	1	1	13	13	N	N
IEAVPREF	AOSC5	same	UZ33317	UZ33317	1750	1750	Y	differs	differs	1	1	24	24	N	N
IEAVPRSB	AOSC5	same	EBB1102	EBB1102	1329	1329	Y	differs	differs	1	1	13	13	N	N
IEAVPSI	AOSC5	same	UZ34542	UZ34542	3247	3247	Y	differs	differs	1	1	15	15	N	N
IEAVRSM	AOSC5	same	UZ28909	UZ28909	3519	3519	Y	differs	differs	1	1	14	14	N	N
IEAVRT00	AOSC5	same	UZ35704	UZ35704	3878	3878	Y	differs	differs	1	1	0	0	Y	Y
IEAVRT01	AOSC5	rmid-differs	UZ83139	EBB1102	1621	1757	N	differs	differs	1	1	0	5	Y	N
IEAVRT02	AOSC5	same	EBB1102	EBB1102	685	685	Y	differs	differs	1	1	0	0	Y	Y
IEAVRTI1	AOSC5	same	UZ61852	UZ61852	4381	4381	Y	differs	differs	1	1	78	78	N	N
IEAVRTOD	AOSC5	same	FBB1221	FBB1221	6777	6777	Y	identical	identical	1	1	0	0	N	N
IEAVSETS	AOSC5	same	UZ35514	UZ35514	4143	4143	Y	differs	differs	1	1	19	19	N	N
IEAVSQA	AOSC5	same	UZ35051	UZ35051	2166	2166	Y	differs	differs	1	1	12	12	N	N
IEAVSTA0	AOSC5	same	UZ56054	UZ56054	2854	2854	Y	differs	differs	1	1	0	0	Y	Y
IEAVSWCH	AOSC5	same	UZ61918	UZ61918	12073	12073	N	differs	differs	1	1	0	0	Y	Y
IEAVTABD	AOSC5	same	UZ62593	UZ62593	8165	8165	Y	differs	differs	1	1	0	0	Y	Y
IEAVTACR	AOSC5	same	FBB1221	FBB1221	3257	3257	Y	identical	identical	1	1	0	0	N	N
IEAVTADR	AOSC5	same	FBB1221	FBB1221	969	969	Y	identical	identical	1	1	0	0	N	N
IEAVTAS1	AOSC5	same	UZ37896	UZ37896	4470	4470	Y	differs	differs	1	1	0	0	Y	Y
IEAVTAS2	AOSC5	same	UZ33264	UZ33264	1718	1718	Y	differs	differs	1	1	0	0	Y	Y
IEAVTAS3	AOSC5	same	UZ31454	UZ31454	3294	3294	Y	differs	differs	1	1	0	0	Y	Y
IEAVTB00	AOSC5	same	UZ23364	UZ23364	2825	2825	Y	differs	differs	2	2	0	0	Y	Y
IEAVTCR1	AOSC5	same	FBB1221	FBB1221	1793	1793	Y	identical	identical	1	1	0	0	N	N
IEAVTEST	AOSC5	same	UZ56774	UZ56774	717	717	Y	identical	identical	2	2	0	0	N	N
IEAVTFHX	AOSC5	same	EBB1102	EBB1102	2501	2501	Y	identical	identical	1	1	0	0	N	N
IEAVTFMT	AOSC5	same	UZ32271	UZ32271	6030	6030	Y	differs	differs	1	1	0	0	Y	Y
IEAVTFRD	AOSC5	same	UZ64091	UZ64091	1981	1981	Y	differs	differs	1	1	0	0	Y	Y
IEAVTFRT	AOSC5	rmid-differs	UZ84624	UZ21482	1469	1454	N	differs	differs	1	1	0	0	Y	Y
IEAVTFSD	AOSC5	rmid-differs	UZ84624	UZ59620	1749	1725	N	differs	differs	1	1	0	0	Y	Y
IEAVTFTM	AOSC5	same	FBB1221	FBB1221	4358	4358	Y	identical	identical	1	1	0	0	N	N
IEAVTGLB	AOSC5	same	UZ57404	UZ57404	5642	5642	Y	differs	differs	1	1	0	0	Y	Y
IEAVTJBN	AOSC5	same	UZ28319	UZ28319	1402	1402	Y	differs	differs	1	1	0	0	Y	Y
IEAVTLCL	AOSC5	same	UZ27080	UZ27080	3314	3314	Y	differs	differs	1	1	0	0	Y	Y
IEAVTMMT	AOSC5	same	EBB1102	EBB1102	1453	1453	Y	differs	differs	1	1	26	26	N	N
IEAVTMRM	AOSC5	same	UZ21789	UZ21789	558	558	Y	differs	differs	1	1	0	0	Y	Y
IEAVTMSI	AOSC5	same	EBB1102	EBB1102	1029	1029	Y	differs	differs	1	1	0	0	Y	Y
IEAVTMTC	AOSC5	same	UZ55709	UZ55709	2122	2122	Y	differs	differs	1	1	0	0	Y	Y
IEAVTMTR	AOSC5	same	UZ40179	UZ40179	461	461	Y	differs	differs	1	1	0	0	Y	Y
IEAVTPMT	AOSC5	same	EBB1102	EBB1102	965	965	Y	differs	differs	1	1	14	14	N	N
IEAVTRCE	AOSC5	same	FBB1221	FBB1221	1618	1618	Y	differs	differs	1	1	13	13	N	N
IEAVTRET	AOSC5	same	UZ54347	UZ54347	4038	4038	Y	differs	differs	1	1	0	0	Y	Y
IEAVTRML	AOSC5	same	EBB1102	EBB1102	381	381	Y	identical	identical	1	1	0	0	N	N
IEAVTRT1	AOSC5	same	FBB1221	FBB1221	2314	2314	Y	differs	differs	1	1	13	13	N	N
IEAVTRT2	AOSC5	rmid-differs	UZ62340	UZ33270	4581	4574	N	differs	differs	1	1	0	0	Y	Y
IEAVTRTC	AOSC5	same	UZ55910	UZ55910	4590	4590	Y	differs	differs	1	1	0	0	Y	Y
IEAVTRTE	AOSC5	same	UZ53848	UZ53848	3222	3222	Y	differs	differs	1	1	0	0	Y	Y
IEAVTRV	AOSC5	same	UZ31424	UZ31424	535	535	Y	differs	differs	1	1	16	16	N	N
IEAVTSBP	AOSC5	same	UZ37541	UZ37541	1694	1694	Y	differs	differs	1	1	5	5	N	N
IEAVTSDC	AOSC5	same	UZ37884	UZ37884	4614	4614	Y	differs	differs	1	1	0	0	Y	Y
IEAVTSDF	AOSC5	same	UZ29089	UZ29089	1086	1086	Y	differs	differs	1	1	0	0	Y	Y
IEAVTSDG	AOSC5	same	UZ58406	UZ58406	3098	3098	Y	differs	differs	1	1	0	0	Y	Y
IEAVTSDH	AOSC5	rmid-differs	UZ54567	UZ37884	3629	3566	N	differs	differs	1	1	0	0	Y	Y
IEAVTSDL	AOSC5	same	EBB1102	EBB1102	2837	2837	Y	identical	identical	1	1	0	0	N	N
IEAVTSDO	AOSC5	same	UZ54159	UZ54159	2350	2350	Y	differs	differs	1	1	0	0	Y	Y
IEAVTSDR	AOSC5	same	UZ69646	UZ69646	3181	3181	Y	differs	differs	1	1	0	0	Y	Y
IEAVTSDT	AOSC5	same	UZ37725	UZ37725	6706	6706	Y	differs	differs	1	1	0	0	Y	Y
IEAVTSDU	AOSC5	same	UZ27094	UZ27094	766	766	Y	differs	differs	1	1	30	30	N	N
IEAVTSDW	AOSC5	same	UZ29409	UZ29409	1646	1646	Y	differs	differs	1	1	0	0	Y	Y
IEAVTSIG	AOSC5	same	FBB1221	FBB1221	521	521	Y	identical	identical	1	1	0	0	N	N
IEAVTSKT	AOSC5	same	UZ69646	UZ69646	2253	2253	Y	differs	differs	1	1	0	0	Y	Y
IEAVTSL1	AOSC5	same	UZ25896	UZ25896	3446	3446	Y	identical	identical	1	1	0	0	N	N
IEAVTSL2	AOSC5	same	UZ25896	UZ25896	3594	3594	Y	identical	identical	1	1	0	0	N	N
IEAVTSLB	AOSC5	same	UZ25896	UZ25896	2850	2850	Y	identical	identical	1	1	0	0	N	N
IEAVTSLE	AOSC5	same	UZ25896	UZ25896	982	982	Y	identical	identical	1	1	0	0	N	N
IEAVTSLP	AOSC5	same	UZ25896	UZ25896	2482	2482	Y	differs	differs	1	1	0	0	Y	Y
IEAVTSLR	AOSC5	same	UZ25896	UZ25896	2702	2702	Y	differs	differs	1	1	0	0	Y	Y
IEAVTSLS	AOSC5	same	UZ57326	UZ57326	3894	3894	Y	identical	identical	1	1	0	0	N	N
IEAVTSSD	AOSC5	rmid-differs	UZ60943	UZ33882	6525	6390	N	differs	differs	1	1	0	0	Y	Y
IEAVTSSE	AOSC5	same	UZ26061	UZ26061	3938	3938	Y	differs	differs	1	1	0	0	Y	Y
IEAVVCRX	AOSC5	same	UZ25695	UZ25695	559	559	Y	differs	differs	1	1	14	14	N	N
IEAVVINT	AOSC5	same	FBB1221	FBB1221	2265	2265	Y	differs	differs	1	1	0	0	Y	Y
IEAVVRP1	AOSC5	same	UZ30126	UZ30126	3542	3542	Y	differs	differs	1	1	0	0	Y	Y
IEAVVRP2	AOSC5	same	UZ55582	UZ55582	2342	2342	Y	differs	differs	1	1	0	0	Y	Y
IEAVVWTO	AOSC5	rmid-differs	UZ62088	UZ60302	6757	6741	N	differs	differs	1	1	0	0	Y	Y
IEAVXDOM	AOSC5	same	UZ31607	UZ31607	1822	1822	Y	differs	differs	1	1	0	0	Y	Y
IEAXPALL	AOSC5	same	UZ34849	UZ34849	3176	3176	Y	differs	differs	2	2	0	0	Y	Y
IEAXPDXR	AOSC5	same	EBB1102	EBB1102	1554	1554	Y	differs	differs	2	2	4	4	N	N
IEAXPSIM	AOSC5	same	EBB1102	EBB1102	413	413	Y	identical	identical	1	1	0	0	N	N
IEBASCAN	AOSU0	rmid-differs	UZ61317	UZ25083	4858	4913	N	differs	differs	2	2	0	0	Y	Y
IEBBSCAN	AOSU0	same	EUT1102	EUT1102	1777	1777	Y	differs	differs	2	2	0	0	N	N
IEBCANAL	AOSU0	same	EUT1102	EUT1102	2289	2289	Y	differs	differs	1	1	279	279	N	N
IEBCCS02	AOSU0	same	EUT1102	EUT1102	3641	3641	Y	differs	differs	1	1	0	0	Y	Y
IEBCNVT	AOSU0	same	EUT1102	EUT1102	642	642	Y	identical	identical	1	1	0	0	N	N
IEBCOMPM	AOSU0	same	EUT1102	EUT1102	4269	4269	Y	differs	differs	1	1	163	163	N	N
IEBCONH2	AOSU0	same	EUT1102	EUT1102	693	693	Y	identical	identical	1	1	0	0	N	N
IEBCONP2	AOSU0	same	EUT1102	EUT1102	469	469	Y	identical	identical	1	1	0	0	N	N
IEBCONZ2	AOSU0	same	EUT1102	EUT1102	477	477	Y	identical	identical	1	1	0	0	N	N
IEBCQSAM	AOSU0	rmid-differs	UZ62024	UZ53170	1822	1782	N	differs	differs	1	1	0	116	Y	N
IEBCROOT	AOSU0	same	EUT1102	EUT1102	2085	2085	Y	differs	differs	1	1	366	366	N	N
IEBCULET	AOSU0	same	EUT1102	EUT1102	1813	1813	Y	differs	differs	1	1	242	242	N	N
IEBDISKT	AOSD0	rmid-differs	UZ47406	UZ33035	29642	29649	N	differs	differs	1	1	0	0	Y	Y
IEBDRB	AOSU0	same	EUT1102	EUT1102	1330	1330	Y	identical	identical	1	1	0	0	N	N
IEBDSU	AOSU0	same	EUT1102	EUT1102	1574	1574	Y	identical	identical	1	1	0	0	N	N
IEBEDIT2	AOSU0	same	UZ24998	UZ24998	1205	1205	Y	differs	differs	1	1	0	0	Y	Y
IEBGEN03	AOSU0	rmid-differs	UZ71035	UZ52836	5198	5066	N	differs	differs	1	1	0	0	Y	Y
IEBGENRT	AOSU0	rmid-differs	UZ49382	UZ54553	2862	2850	N	differs	differs	1	1	0	0	Y	Y
IEBGENS3	AOSU0	same	EUT1102	EUT1102	4877	4877	Y	differs	differs	1	1	0	0	Y	Y
IEBGMESG	AOSU0	same	EUT1102	EUT1102	4073	4073	Y	identical	identical	1	1	0	0	N	N
IEBGSCAN	AOSU0	rmid-differs	UZ73093	UZ34182	4874	4809	N	differs	differs	1	1	0	0	Y	Y
IEBIMAGE	AOSU0	same	UZ53004	UZ53004	20097	20097	Y	differs	differs	1	1	0	0	Y	Y
IEBIMSGS	AOSU0	same	FUT1133	FUT1133	3673	3673	Y	differs	differs	1	1	0	0	Y	Y
IEBIOE	AOSU0	rmid-differs	UZ66774	UZ35409	3048	2999	N	differs	differs	2	2	4	0	N	Y
IEBISAM	AOSU0	rmid-differs	UZ38262	EUT1102	1730	1598	N	differs	differs	2	2	0	0	Y	N
IEBISC	AOSU0	rmid-differs	UZ38262	UZ27371	2058	2017	N	differs	differs	2	2	0	0	Y	Y
IEBISCAN	AOSU0	same	UZ36362	UZ36362	9449	9449	Y	differs	differs	1	1	0	0	Y	Y
IEBISF	AOSU0	rmid-differs	UZ38262	EUT1102	1190	1114	N	differs	differs	2	2	0	242	Y	N
IEBISL	AOSU0	rmid-differs	UZ38262	UZ33730	1918	1861	N	differs	differs	2	2	0	0	Y	Y
IEBISMES	AOSU0	rmid-differs	UZ38262	EUT1102	1686	1674	N	identical	identical	1	1	0	0	N	N
IEBISPL	AOSU0	rmid-differs	UZ38262	EUT1102	2542	2414	N	differs	differs	2	2	0	0	Y	Y
IEBISSI	AOSU0	rmid-differs	UZ38262	EUT1102	1402	1358	N	differs	differs	1	1	0	0	Y	Y
IEBISSO	AOSU0	rmid-differs	UZ38262	EUT1102	1450	1394	N	differs	differs	2	2	0	0	Y	Y
IEBISU	AOSU0	rmid-differs	UZ38262	EUT1102	1354	1286	N	differs	differs	2	2	0	0	Y	Y
IEBLDUL	AOSU0	same	UZ57774	UZ57774	2274	2274	Y	differs	differs	1	1	248	248	N	N
IEBLENP2	AOSU0	same	EUT1102	EUT1102	461	461	Y	identical	identical	1	1	0	0	N	N
IEBMCM	AOSU0	same	UZ35147	UZ35147	1061	1061	Y	identical	identical	1	1	0	0	N	N
IEBMOVE2	AOSU0	same	EUT1102	EUT1102	445	445	Y	identical	identical	1	1	0	0	N	N
IEBPPMSG	AOSU0	same	EUT1102	EUT1102	1853	1853	Y	identical	identical	1	1	0	0	N	N
IEBPPUN1	AOSU0	same	UZ27964	UZ27964	2969	2969	Y	differs	differs	1	1	422	422	N	N
IEBRSAM	AOSU0	same	UZ53565	UZ53565	1754	1754	Y	differs	differs	1	1	199	199	N	N
IEBUPDTE	AOSU0	same	EUT1102	EUT1102	1569	1569	Y	differs	differs	2	2	0	0	Y	Y
IEBUPLOG	AOSU0	same	EUT1102	EUT1102	4481	4481	Y	differs	differs	2	2	538	538	N	N
IEBUPNIT	AOSU0	same	EUT1102	EUT1102	2309	2309	Y	differs	differs	1	1	36	36	N	N
IEBUPXIT	AOSU0	same	EUT1102	EUT1102	3146	3146	Y	identical	identical	1	1	0	0	N	N
IEBVCT	AOSU0	same	EUT1102	EUT1102	1090	1090	Y	identical	identical	1	1	0	0	N	N
IEBVDM	AOSU0	rmid-differs	UZ69525	EUT1102	2210	2174	N	identical	differs	1	1	0	0	N	Y
IEBVMS	AOSU0	rmid-differs	UZ59273	UZ33640	5464	5463	N	identical	differs	2	2	0	29	N	N
IEBWSAM	AOSU0	same	UZ53565	UZ53565	1906	1906	Y	differs	differs	1	1	100	100	N	N
IECBBFB1	AOSD0	same	EDM1102	EDM1102	421	421	Y	identical	identical	1	1	0	0	N	N
IECDAFMT	AOSC5	same	UZ71196	UZ71196	5533	5533	Y	differs	differs	1	1	0	0	Y	Y
IECDAFT1	AOSC5	same	UZ70358	UZ70358	8465	8465	Y	differs	differs	1	1	0	0	Y	Y
IECIOFMT	AOSC5	same	UZ29811	UZ29811	4006	4006	Y	differs	differs	1	1	0	0	Y	Y
IECIOFT1	AOSC5	same	UZ21482	UZ21482	4014	4014	Y	differs	differs	1	1	0	0	Y	Y
IECLMSGC	AOSC5	rmid-differs	UZ50248	UZ62873	1677	1677	N	differs	differs	1	1	0	0	Y	Y
IECLMSGD	AOSC5	rmid-differs	UZ50248	UZ62873	1909	1909	N	differs	differs	1	1	0	0	Y	Y
IECLMSGG	AOSC5	rmid-differs	UZ50248	UZ62873	1469	1469	N	differs	differs	1	1	0	0	Y	Y
IECLMSGM	AOSC5	rmid-differs	UZ50248	UZ62873	1437	1437	N	differs	differs	1	1	0	0	Y	Y
IECLMSGT	AOSC5	rmid-differs	UZ50248	UZ67316	1869	1869	N	differs	differs	1	1	0	0	Y	Y
IECLMSGU	AOSC5	rmid-differs	UZ50248	UZ62873	1893	1885	N	differs	differs	1	1	0	0	Y	Y
IECQBFG1	AOSD0	same	EDM1102	EDM1102	573	573	Y	differs	differs	1	1	0	0	Y	Y
IECTATEN	AOS20	rmid-differs	UY76392	UZ57786	994	970	N	identical	differs	1	1	0	0	N	Y
IECTATTN	AOSC5	same	EDS1102	EDS1102	357	357	Y	identical	identical	1	1	0	0	N	N
IECTCATN	AOSC5	same	UZ53852	UZ53852	775	775	Y	differs	differs	2	2	1	1	N	N
IECTCHGN	AOS20	same	UZ55396	UZ55396	678	678	Y	identical	identical	1	1	0	0	N	N
IECTEDIT	AOS20	same	EBT1102	EBT1102	2589	2589	Y	differs	differs	1	1	45	45	N	N
IECTLERP	AOS20	same	EBT1102	EBT1102	693	693	Y	identical	identical	1	1	0	0	N	N
IECTLOPN	AOS20	rmid-differs	UY74903	UZ31417	1126	1102	N	differs	differs	1	1	0	0	Y	Y
IECTONLT	AOS20	same	EBT1102	EBT1102	797	797	Y	differs	differs	1	1	72	72	N	N
IECTSCAN	AOS20	rmid-differs	UZ77326	EBT1102	4686	4653	N	differs	differs	1	1	113	4	N	N
IECTSVC	AOS20	same	UZ29482	UZ29482	1450	1450	Y	identical	identical	1	1	0	0	N	N
IECTTRNS	AOS20	same	EBT1102	EBT1102	565	565	Y	differs	differs	1	1	4	4	N	N
IECVDDT0	AOSC5	same	UZ90163	UZ90163	3063	3063	Y	differs	differs	1	1	14	14	N	N
IECVDURP	AOSC5	rmid-differs	UZ75618	UZ52410	2581	2509	N	differs	differs	1	1	1	0	N	Y
IECVERPL	AOSC5	rmid-differs	UZ80701	UZ66206	1529	1529	N	differs	differs	1	1	10	12	N	N
IECVEXPR	AOSC5	rmid-differs	UY09531	UZ61195	4302	4390	N	identical	differs	1	1	0	0	N	Y
IECVHIDT	AOSC5	same	UZ25990	UZ25990	383	383	Y	differs	differs	1	1	0	0	Y	Y
IECVIOPM	ALPALIB	same	UZ72152	UZ72152	3269	3269	N	differs	differs	1	1	0	0	Y	Y
IECVITRP	AOSC5	same	EBB1102	EBB1102	437	437	Y	identical	identical	1	1	0	0	N	N
IECVOID	AOSC5	same	FBB1221	FBB1221	910	910	Y	differs	differs	1	1	0	0	N	N
IECVOTBL	AOSC5	rmid-differs	UZ48970	FBB1221	4846	5125	N	identical	differs	17	17	0	9	N	N
IECVPST	AOSC5	same	UZ69472	UZ69472	4614	4614	Y	differs	differs	2	2	5	5	N	N
IECVPURG	AOSC5	same	UZ67425	UZ67425	974	974	Y	differs	differs	1	1	12	12	N	N
IECVSMGR	AOSC5	same	UZ52902	UZ52902	5439	5439	Y	differs	differs	1	1	0	0	Y	Y
IECVURSV	AOSC5	same	UZ25926	UZ25926	1238	1238	Y	identical	identical	1	1	0	0	N	N
IED1303D	AOS21	same	ETC0108	ETC0108	741	741	Y	differs	differs	1	1	0	0	Y	Y
IEDAY2	AOST3	same	ETC0108	ETC0108	1205	1205	Y	differs	differs	1	1	13	13	N	N
IEDAY3	AOST3	same	ETI1106	ETI1106	509	509	Y	identical	identical	1	1	0	0	N	N
IEDAY8	AOST3	rmid-differs	UY31757	UZ25386	974	886	N	differs	differs	1	1	0	0	Y	Y
IEDAY88	AOST3	same	UZ37730	UZ37730	1270	1270	Y	differs	differs	1	1	0	0	Y	Y
IEDAYA	AOS21	same	UZ56831	UZ56831	1158	1158	Y	differs	differs	1	1	0	0	Y	Y
IEDAYAA	AOST3	same	UZ56510	UZ56510	1958	1958	Y	differs	differs	1	1	0	0	Y	Y
IEDAYBX	AOS21	same	ETC0108	ETC0108	809	809	Y	differs	differs	1	1	0	0	Y	Y
IEDAYD	AOS21	same	UZ33654	UZ33654	510	510	Y	differs	differs	1	1	0	0	Y	Y
IEDAYF	AOS21	same	UZ32848	UZ32848	938	938	Y	differs	differs	1	1	0	0	Y	Y
IEDAYGP	AOST3	same	UZ25281	UZ25281	2678	2678	Y	differs	differs	1	1	0	0	Y	Y
IEDAYH	AOS21	rmid-differs	UZ58382	UZ34472	1906	1922	N	differs	differs	1	1	0	0	Y	Y
IEDAYHH	AOST3	same	UZ37522	UZ37522	774	774	Y	differs	differs	1	1	0	0	Y	Y
IEDAYI	AOS21	same	UZ54830	UZ54830	2670	2670	Y	differs	differs	1	1	0	0	Y	Y
IEDAYII	AOST3	same	UZ35970	UZ35970	2638	2638	Y	differs	differs	1	1	0	0	Y	Y
IEDAYLL	AOST3	same	ETC0108	ETC0108	1074	1074	Y	identical	identical	1	1	0	0	N	N
IEDAYOO	AOST3	same	UZ56513	UZ56513	2958	2958	Y	differs	differs	1	1	0	0	Y	Y
IEDAYP	AOS21	same	ETC0108	ETC0108	797	797	Y	differs	differs	1	1	0	0	Y	Y
IEDAYQT	AOST3	same	ETC0108	ETC0108	2046	2046	Y	differs	differs	1	1	0	0	Y	Y
IEDAYT	AOS21	same	ETC0108	ETC0108	741	741	Y	differs	differs	1	1	3	3	N	N
IEDAYV	AOS21	same	UZ32954	UZ32954	3422	3422	Y	differs	differs	1	1	0	0	Y	Y
IEDAYW	AOS21	same	UZ32954	UZ32954	4766	4766	Y	differs	differs	1	1	0	0	Y	Y
IEDAYX	AOS21	same	ETC0108	ETC0108	397	397	Y	differs	differs	1	1	0	0	Y	Y
IEDAYY	AOS21	same	ETC0108	ETC0108	453	453	Y	differs	differs	1	1	0	0	Y	Y
IEDAYZ	AOS21	same	UZ30771	UZ30771	3410	3410	Y	differs	differs	1	1	0	0	Y	Y
IEDBITN	AOS21	same	ETC0108	ETC0108	1157	1157	Y	differs	differs	1	1	0	0	Y	Y
IEDBSM	AOS21	same	ETC0108	ETC0108	2557	2557	Y	differs	differs	1	1	0	0	Y	Y
IEDCMIN	AOS21	same	UZ33630	UZ33630	1373	1373	Y	differs	differs	1	1	0	0	Y	Y
IEDCMOUT	AOS21	same	ETC0108	ETC0108	861	861	Y	differs	differs	1	1	407	407	N	N
IEDCSA	AOS21	same	ETC0108	ETC0108	1126	1126	Y	differs	differs	5	5	0	0	Y	Y
IEDCSCIN	AOS21	same	ETC0108	ETC0108	1897	1897	Y	differs	differs	1	1	1351	1351	N	N
IEDDFOUT	AOS21	same	UZ33247	UZ33247	2273	2273	Y	differs	differs	1	1	0	0	Y	Y
IEDDVAS	AOS21	same	ETC0108	ETC0108	1721	1721	Y	differs	differs	1	1	0	0	Y	Y
IEDFSSTB	AOS21	same	ETC0108	ETC0108	761	761	Y	identical	identical	1	1	0	0	N	N
IEDIAA	AOS21	same	UZ33204	UZ33204	1538	1538	Y	differs	differs	1	1	0	0	Y	Y
IEDIAB	AOS21	same	UZ35495	UZ35495	2049	2049	Y	differs	differs	1	1	0	0	Y	Y
IEDIAH	AOS21	same	UZ31659	UZ31659	2025	2025	Y	differs	differs	1	1	0	0	Y	Y
IEDIAM	AOS21	same	UZ34835	UZ34835	2993	2993	Y	differs	differs	1	1	0	0	Y	Y
IEDIAP	AOS21	same	UZ31351	UZ31351	1973	1973	Y	differs	differs	1	1	0	0	Y	Y
IEDIAQ	AOS21	same	UZ30695	UZ30695	3445	3445	Y	differs	differs	1	1	0	0	Y	Y
IEDIAR	AOS21	same	ETC0108	ETC0108	1785	1785	Y	differs	differs	1	1	0	0	Y	Y
IEDIAS	AOS21	same	ETC0108	ETC0108	493	493	Y	differs	differs	1	1	113	113	N	N
IEDIAU	AOS21	same	ETC0108	ETC0108	365	365	Y	identical	identical	1	1	0	0	N	N
IEDKHISC	AOS21	same	ETC0108	ETC0108	885	885	Y	differs	differs	1	1	0	0	Y	Y
IEDMVBFR	AOS21	same	ETC0108	ETC0108	901	901	Y	differs	differs	1	1	0	0	Y	Y
IEDN25	AOS21	same	ETC0108	ETC0108	621	621	Y	identical	identical	1	1	0	0	N	N
IEDNCU	AOS21	same	ETC0108	ETC0108	2421	2421	Y	differs	differs	1	1	1669	1669	N	N
IEDNCU2	AOS21	same	UZ34473	UZ34473	3657	3657	Y	differs	differs	1	1	0	0	Y	Y
IEDNGD	AOS21	same	UZ29104	UZ29104	3445	3445	Y	differs	differs	1	1	0	0	Y	Y
IEDNID	AOS21	same	ETC0108	ETC0108	677	677	Y	differs	differs	1	1	0	0	Y	Y
IEDNKA	AOS21	same	UZ32845	UZ32845	3633	3633	Y	differs	differs	1	1	0	0	Y	Y
IEDNLT	AOS21	same	UZ30259	UZ30259	1165	1165	Y	differs	differs	1	1	0	0	Y	Y
IEDNMG	AOS21	same	ETC0108	ETC0108	1165	1165	Y	identical	identical	1	1	0	0	N	N
IEDNTR	AOS21	same	UZ33489	UZ33489	1085	1085	Y	differs	differs	1	1	0	0	Y	Y
IEDOPTN	AOS21	same	UZ26407	UZ26407	573	573	Y	differs	differs	1	1	0	0	Y	Y
IEDPCIN	AOS21	same	UZ32472	UZ32472	2717	2717	Y	differs	differs	1	1	0	0	Y	Y
IEDPCOUT	AOS21	same	UZ32472	UZ32472	1005	1005	Y	differs	differs	1	1	0	0	Y	Y
IEDPMD	AOS21	same	ETC0108	ETC0108	1701	1701	Y	differs	differs	1	1	0	0	Y	Y
IEDQ10	AOS21	same	ETC0108	ETC0108	877	877	Y	identical	identical	1	1	0	0	N	N
IEDQ11	AOS21	same	ETC0108	ETC0108	877	877	Y	identical	identical	1	1	0	0	N	N
IEDQ12	AOS21	same	ETC0108	ETC0108	877	877	Y	identical	identical	1	1	0	0	N	N
IEDQ13	AOS21	same	ETC0108	ETC0108	877	877	Y	identical	identical	1	1	0	0	N	N
IEDQ14	AOS21	same	ETC0108	ETC0108	909	909	Y	identical	identical	1	1	0	0	N	N
IEDQ16	AOS21	same	ETC0108	ETC0108	877	877	Y	identical	identical	1	1	0	0	N	N
IEDQ17	AOS21	same	ETC0108	ETC0108	877	877	Y	identical	identical	1	1	0	0	N	N
IEDQ18	AOS21	same	ETC0108	ETC0108	877	877	Y	identical	identical	1	1	0	0	N	N
IEDQ19	AOS21	same	ETC0108	ETC0108	877	877	Y	identical	identical	1	1	0	0	N	N
IEDQ20	AOS21	same	ETC0108	ETC0108	877	877	Y	identical	identical	1	1	0	0	N	N
IEDQ21	AOS21	same	ETC0108	ETC0108	877	877	Y	identical	identical	1	1	0	0	N	N
IEDQ22	AOS21	same	ETC0108	ETC0108	877	877	Y	identical	identical	1	1	0	0	N	N
IEDQ23	AOS21	same	ETC0108	ETC0108	877	877	Y	identical	identical	1	1	0	0	N	N
IEDQ24	AOS21	same	ETC0108	ETC0108	877	877	Y	identical	identical	1	1	0	0	N	N
IEDQ25	AOS21	same	ETC0108	ETC0108	341	341	Y	identical	identical	1	1	0	0	N	N
IEDQ26	AOS21	same	ETC0108	ETC0108	877	877	Y	identical	identical	1	1	0	0	N	N
IEDQ27	AOS21	same	ETC0108	ETC0108	877	877	Y	identical	identical	1	1	0	0	N	N
IEDQ28	AOS21	same	ETC0108	ETC0108	877	877	Y	identical	identical	1	1	0	0	N	N
IEDQA0	AOS21	same	UZ52253	UZ52253	582	582	Y	differs	differs	1	1	0	0	Y	Y
IEDQA1	AOS21	same	ETC0108	ETC0108	565	565	Y	differs	differs	1	1	0	0	Y	Y
IEDQA2	AOS21	same	ETC0108	ETC0108	621	621	Y	differs	differs	1	1	0	0	Y	Y
IEDQA3	AOS21	same	UZ26407	UZ26407	910	910	Y	differs	differs	1	1	0	0	Y	Y
IEDQA4	AOS21	same	UZ32861	UZ32861	1134	1134	Y	differs	differs	1	1	0	0	Y	Y
IEDQA5	AOS21	same	UZ52243	UZ52243	1578	1578	Y	differs	differs	1	1	0	0	Y	Y
IEDQA6	AOS21	rmid-differs	UZ62193	UZ51974	1022	1022	N	differs	differs	1	1	0	0	Y	Y
IEDQA7	AOS21	same	ETC0108	ETC0108	445	445	Y	identical	identical	1	1	0	0	N	N
IEDQA8	AOS21	same	ETC0108	ETC0108	733	733	Y	differs	differs	1	1	0	0	Y	Y
IEDQA9	AOS21	same	ETC0108	ETC0108	637	637	Y	identical	identical	1	1	0	0	N	N
IEDQAB	AOS21	same	ETC0108	ETC0108	405	405	Y	differs	differs	1	1	0	0	Y	Y
IEDQAC	AOS21	same	ETC0108	ETC0108	581	581	Y	differs	differs	1	1	0	0	Y	Y
IEDQAD	AOS21	same	ETC0108	ETC0108	445	445	Y	differs	differs	1	1	0	0	Y	Y
IEDQAE	AOS21	same	UZ26407	UZ26407	670	670	Y	differs	differs	1	1	0	0	Y	Y
IEDQAF	AOS21	same	ETC0108	ETC0108	893	893	Y	differs	differs	1	1	0	0	Y	Y
IEDQAG	AOS21	same	UZ32267	UZ32267	646	646	Y	differs	differs	1	1	0	0	Y	Y
IEDQAH	AOS21	same	UZ26841	UZ26841	574	574	Y	differs	differs	1	1	0	0	Y	Y
IEDQAI	AOS21	same	ETC0108	ETC0108	1122	1122	Y	differs	differs	1	1	0	0	Y	Y
IEDQAJ	AOS21	same	UZ34282	UZ34282	862	862	Y	differs	differs	1	1	0	0	Y	Y
IEDQAL	AOS21	same	ETC0108	ETC0108	533	533	Y	differs	differs	1	1	0	0	Y	Y
IEDQAM	AOS21	same	UZ26892	UZ26892	798	798	Y	differs	differs	1	1	0	0	Y	Y
IEDQAN	AOS21	same	ETC0108	ETC0108	2361	2361	Y	differs	differs	1	1	0	0	Y	Y
IEDQAO	AOS21	same	ETC0108	ETC0108	621	621	Y	differs	differs	1	1	0	0	Y	Y
IEDQAP	AOS21	same	ETC0108	ETC0108	1497	1497	Y	differs	differs	1	1	0	0	Y	Y
IEDQAQ	AOS21	same	ETC0108	ETC0108	562	562	Y	differs	differs	1	1	0	0	Y	Y
IEDQAR	AOS21	same	ETC0108	ETC0108	485	485	Y	differs	differs	1	1	0	0	Y	Y
IEDQAS	AOS21	same	UZ34344	UZ34344	2422	2422	Y	differs	differs	1	1	0	0	Y	Y
IEDQAT	AOS21	same	UZ31603	UZ31603	978	978	Y	differs	differs	1	1	0	0	Y	Y
IEDQATTN	AOS21	same	ETC0108	ETC0108	381	381	Y	differs	differs	1	1	0	0	Y	Y
IEDQAU	AOS21	same	ETC0108	ETC0108	1194	1194	Y	differs	differs	1	1	500	500	N	N
IEDQAV	AOS21	same	ETC0108	ETC0108	581	581	Y	differs	differs	1	1	0	0	Y	Y
IEDQAW	AOS21	same	UZ30038	UZ30038	766	766	Y	differs	differs	1	1	0	0	Y	Y
IEDQAX	AOS21	same	ETC0108	ETC0108	885	885	Y	differs	differs	1	1	0	0	Y	Y
IEDQAZ	AOS21	same	UZ30775	UZ30775	1386	1386	Y	differs	differs	1	1	0	0	Y	Y
IEDQB1	AOS21	same	ETC0108	ETC0108	557	557	Y	differs	differs	1	1	0	0	Y	Y
IEDQB2	AOS21	same	ETC0108	ETC0108	581	581	Y	differs	differs	1	1	112	112	N	N
IEDQB3	AOS21	same	ETC0108	ETC0108	821	821	Y	differs	differs	1	1	0	0	Y	Y
IEDQB4	AOS21	same	UZ24158	UZ24158	582	582	Y	differs	differs	1	1	0	0	Y	Y
IEDQB7	AOS21	same	UZ26407	UZ26407	698	698	Y	differs	differs	1	1	0	0	Y	Y
IEDQBA	AOS21	same	UZ26407	UZ26407	982	982	Y	differs	differs	1	1	0	0	Y	Y
IEDQBB	AOS21	same	ETC0108	ETC0108	421	421	Y	identical	identical	1	1	0	0	N	N
IEDQBC	AOS21	same	UZ26407	UZ26407	710	710	Y	differs	differs	1	1	0	0	Y	Y
IEDQBD	AOS21	same	UZ34434	UZ34434	2238	2238	Y	differs	differs	1	1	0	0	Y	Y
IEDQBE	AOS21	same	UZ26635	UZ26635	718	718	Y	differs	differs	1	1	0	0	Y	Y
IEDQBF	AOS21	same	ETC0108	ETC0108	466	466	Y	differs	differs	1	1	0	0	Y	Y
IEDQBG	AOS21	same	ETC0108	ETC0108	722	722	Y	differs	differs	1	1	0	0	Y	Y
IEDQBH	AOS21	same	UZ24650	UZ24650	1318	1318	Y	differs	differs	1	1	0	0	Y	Y
IEDQBI	AOS21	rmid-differs	UZ60067	UZ35509	3746	3746	N	differs	differs	1	1	0	0	Y	Y
IEDQBJ	AOS21	same	UZ26407	UZ26407	638	638	Y	differs	differs	1	1	0	0	Y	Y
IEDQBL	AOS21	same	UZ27847	UZ27847	1298	1298	Y	differs	differs	1	1	0	0	Y	Y
IEDQBM	AOS21	same	UZ24650	UZ24650	1062	1062	Y	differs	differs	1	1	0	0	Y	Y
IEDQBN	AOS21	same	ETC0108	ETC0108	1045	1045	Y	differs	differs	1	1	0	0	Y	Y
IEDQBO	AOS21	same	UZ34120	UZ34120	4098	4098	Y	differs	differs	1	1	0	0	Y	Y
IEDQBP	AOS21	same	ETC0108	ETC0108	613	613	Y	differs	differs	1	1	0	0	Y	Y
IEDQBQ	AOS21	same	ETC0108	ETC0108	2013	2013	Y	differs	differs	1	1	1063	1063	N	N
IEDQBR	AOS21	same	ETC0108	ETC0108	565	565	Y	differs	differs	1	1	0	0	Y	Y
IEDQBT	AOS21	same	UZ30418	UZ30418	3054	3054	Y	differs	differs	1	1	0	0	Y	Y
IEDQBU	AOS21	same	UZ25947	UZ25947	1386	1386	Y	differs	differs	1	1	0	0	Y	Y
IEDQBUFF	AOS21	same	UZ53076	UZ53076	1238	1238	Y	differs	differs	1	1	0	0	Y	Y
IEDQBV	AOS21	same	ETC0108	ETC0108	1013	1013	Y	differs	differs	1	1	0	0	Y	Y
IEDQBX	AOS21	same	ETC0108	ETC0108	589	589	Y	differs	differs	1	1	0	0	Y	Y
IEDQBY	AOS21	same	ETC0108	ETC0108	429	429	Y	differs	differs	1	1	0	0	Y	Y
IEDQBZ	AOS21	same	ETC0108	ETC0108	965	965	Y	differs	differs	1	1	0	0	Y	Y
IEDQCA	AOS21	same	UZ31275	UZ31275	7528	7528	Y	differs	differs	2	2	0	0	Y	Y
IEDQDA	AOS21	same	UZ31470	UZ31470	598	598	Y	differs	differs	1	1	0	0	Y	Y
IEDQE1	AOS21	same	ETC0108	ETC0108	581	581	Y	differs	differs	1	1	0	0	Y	Y
IEDQE2	AOS21	same	ETC0108	ETC0108	573	573	Y	differs	differs	1	1	0	0	Y	Y
IEDQE3	AOS21	same	ETC0108	ETC0108	541	541	Y	differs	differs	1	1	72	72	N	N
IEDQE4	AOS21	same	ETC0108	ETC0108	533	533	Y	differs	differs	1	1	64	64	N	N
IEDQE6	AOS21	same	ETC0108	ETC0108	429	429	Y	differs	differs	1	1	0	0	Y	Y
IEDQE8	AOS21	same	ETC0108	ETC0108	501	501	Y	differs	differs	1	1	0	0	Y	Y
IEDQEB	AOS21	same	UZ33696	UZ33696	4298	4298	Y	differs	differs	1	1	0	0	Y	Y
IEDQEC	AOS21	same	UZ26841	UZ26841	2662	2662	Y	differs	differs	1	1	0	0	Y	Y
IEDQES	AOS21	same	UZ30687	UZ30687	686	686	Y	differs	differs	1	1	0	0	Y	Y
IEDQET	AOS21	same	ETC0108	ETC0108	605	605	Y	differs	differs	1	1	132	132	N	N
IEDQEU	AOS21	same	UZ54448	UZ54448	4202	4202	Y	differs	differs	1	1	0	0	Y	Y
IEDQEW	AOS21	same	UZ30685	UZ30685	5602	5602	Y	differs	differs	1	1	0	0	Y	Y
IEDQFA	AOS21	same	UZ36429	UZ36429	8522	8522	Y	differs	differs	1	1	0	0	Y	Y
IEDQFA1	AOS21	same	UZ36429	UZ36429	4886	4886	Y	differs	differs	1	1	0	0	Y	Y
IEDQFA2	AOS21	same	UZ36429	UZ36429	6966	6966	Y	differs	differs	1	1	0	0	Y	Y
IEDQFE	AOS21	same	ETC0108	ETC0108	397	397	Y	identical	identical	1	1	0	0	N	N
IEDQFE10	AOS21	same	UZ28539	UZ28539	1102	1102	Y	differs	differs	1	1	0	0	Y	Y
IEDQFE20	AOS21	same	UZ34387	UZ34387	838	838	Y	differs	differs	1	1	0	0	Y	Y
IEDQFE30	AOS21	same	UZ53076	UZ53076	3650	3650	Y	differs	differs	1	1	0	0	Y	Y
IEDQFM	AOS21	same	UZ33721	UZ33721	4185	4185	Y	differs	differs	1	1	0	0	Y	Y
IEDQFW	AOS21	same	UZ29864	UZ29864	3488	3488	Y	differs	differs	2	2	0	0	Y	Y
IEDQGA	AOS21	rmid-differs	UZ64025	UZ34950	3454	3398	N	differs	differs	1	1	0	0	Y	Y
IEDQGH	AOS21	same	ETC0108	ETC0108	3109	3109	Y	differs	differs	1	1	2385	2385	N	N
IEDQGP	AOS21	same	ETC0108	ETC0108	1125	1125	Y	differs	differs	1	1	0	0	Y	Y
IEDQGQ	AOS21	same	UZ55477	UZ55477	1810	1810	Y	differs	differs	1	1	0	0	Y	Y
IEDQGR	AOS21	same	ETC0108	ETC0108	437	437	Y	differs	differs	1	1	54	54	N	N
IEDQGT	AOS21	same	UZ32861	UZ32861	1986	1986	Y	differs	differs	1	1	0	0	Y	Y
IEDQHI	AOS21	same	ETC0108	ETC0108	1077	1077	Y	differs	differs	1	1	0	0	Y	Y
IEDQHK	AOS21	same	UZ31610	UZ31610	2482	2482	Y	differs	differs	1	1	0	0	Y	Y
IEDQHM	AOS21	same	UZ34970	UZ34970	4842	4842	Y	differs	differs	1	1	0	0	Y	Y
IEDQHM1	AOS21	same	UZ34970	UZ34970	3702	3702	Y	differs	differs	1	1	0	0	Y	Y
IEDQHM2	AOS21	same	UZ34970	UZ34970	2882	2882	Y	differs	differs	1	1	0	0	Y	Y
IEDQIN	AOS21	same	ETC0108	ETC0108	1005	1005	Y	differs	differs	1	1	0	0	Y	Y
IEDQKA	AOS21	same	UZ32475	UZ32475	5366	5366	Y	differs	differs	1	1	0	0	Y	Y
IEDQKB	AOS21	same	UZ32475	UZ32475	4098	4098	Y	differs	differs	1	1	0	0	Y	Y
IEDQKC	AOS21	same	UZ32475	UZ32475	4426	4426	Y	differs	differs	1	1	0	0	Y	Y
IEDQKD	AOS21	same	UZ32475	UZ32475	2558	2558	Y	differs	differs	1	1	0	0	Y	Y
IEDQKE	AOS21	same	UZ32475	UZ32475	3754	3754	Y	differs	differs	1	1	0	0	Y	Y
IEDQNA	AOS21	same	ETC0108	ETC0108	453	453	Y	identical	identical	1	1	0	0	N	N
IEDQNA2	AOS21	same	ETC0108	ETC0108	1026	1026	Y	differs	differs	1	1	411	411	N	N
IEDQNB	AOS21	same	ETC0108	ETC0108	877	877	Y	differs	differs	1	1	387	387	N	N
IEDQND	AOS21	same	UZ53093	UZ53093	3174	3174	Y	differs	differs	1	1	0	0	Y	Y
IEDQNF	AOS21	same	UZ55688	UZ55688	1722	1722	Y	differs	differs	1	1	0	0	Y	Y
IEDQNG	AOS21	same	UZ26407	UZ26407	630	630	Y	differs	differs	1	1	0	0	Y	Y
IEDQNH	AOS21	same	UZ26407	UZ26407	694	694	Y	differs	differs	1	1	0	0	Y	Y
IEDQNJ	AOS21	same	ETC0108	ETC0108	1050	1050	Y	differs	differs	1	1	0	0	Y	Y
IEDQNK	AOS21	same	UZ29868	UZ29868	2066	2066	Y	differs	differs	1	1	0	0	Y	Y
IEDQNO	AOS21	same	UZ28265	UZ28265	662	662	Y	differs	differs	1	1	0	0	Y	Y
IEDQNP	AOS21	same	ETC0108	ETC0108	1053	1053	Y	identical	identical	1	1	0	0	N	N
IEDQNQ	AOS21	same	UZ36766	UZ36766	1498	1498	Y	differs	differs	1	1	0	0	Y	Y
IEDQNR	AOS21	same	ETC0108	ETC0108	581	581	Y	identical	identical	1	1	0	0	N	N
IEDQNS	AOS21	same	UZ27510	UZ27510	702	702	Y	differs	differs	1	1	0	0	Y	Y
IEDQNT	AOS21	same	ETC0108	ETC0108	1465	1465	Y	differs	differs	1	1	0	0	Y	Y
IEDQNU	AOS21	same	ETC0108	ETC0108	1857	1857	Y	differs	differs	1	1	1237	1237	N	N
IEDQNV	AOS21	same	ETC0108	ETC0108	1417	1417	Y	differs	differs	1	1	0	0	Y	Y
IEDQNW	AOS21	same	ETC0108	ETC0108	541	541	Y	differs	differs	1	1	170	170	N	N
IEDQNX	AOS21	same	UZ33242	UZ33242	2074	2074	Y	differs	differs	1	1	0	0	Y	Y
IEDQOA	AOS21	same	UZ36584	UZ36584	5534	5534	Y	differs	differs	1	1	0	0	Y	Y
IEDQOT01	AOS21	same	UZ30764	UZ30764	2418	2418	Y	differs	differs	1	1	0	0	Y	Y
IEDQRS	AOS21	same	UZ35467	UZ35467	2977	2977	Y	differs	differs	1	1	0	0	Y	Y
IEDQSBT	AOS21	same	UZ55744	UZ55744	877	877	Y	differs	differs	1	1	0	0	Y	Y
IEDQTL	AOS21	same	ETC0108	ETC0108	445	445	Y	differs	differs	1	1	0	0	Y	Y
IEDQUI	AOS21	same	ETC0108	ETC0108	429	429	Y	differs	differs	1	1	0	0	Y	Y
IEDQW25	AOS21	same	ETC0108	ETC0108	2053	2053	Y	differs	differs	1	1	0	0	Y	Y
IEDQW33	AOS21	same	ETC0108	ETC0108	2385	2385	Y	differs	differs	1	1	1761	1761	N	N
IEDQW42	AOS21	same	ETC0108	ETC0108	1013	1013	Y	differs	differs	1	1	0	0	Y	Y
IEDQW44	AOS21	same	ETC0108	ETC0108	1205	1205	Y	differs	differs	1	1	0	0	Y	Y
IEDQW47	AOS21	same	ETC0108	ETC0108	1181	1181	Y	differs	differs	1	1	0	0	Y	Y
IEDQWA	AOS21	same	ETC0108	ETC0108	2605	2605	Y	differs	differs	1	1	0	0	Y	Y
IEDQWA1	AOS21	same	ETC0108	ETC0108	5209	5209	Y	differs	differs	1	1	3494	3494	N	N
IEDQWAA	AOS21	same	ETC0108	ETC0108	741	741	Y	differs	differs	1	1	0	0	Y	Y
IEDQWAB	AOS21	same	ETC0108	ETC0108	581	581	Y	differs	differs	1	1	0	0	Y	Y
IEDQWAC	AOS21	same	ETC0108	ETC0108	2693	2693	Y	differs	differs	1	1	759	759	N	N
IEDQWAJ	AOS21	same	ETC0108	ETC0108	1837	1837	Y	differs	differs	1	1	0	0	Y	Y
IEDQWB1	AOS21	same	ETC0108	ETC0108	2730	2730	Y	differs	differs	1	1	834	834	N	N
IEDQWB2	AOS21	same	UZ34772	UZ34772	2806	2806	Y	differs	differs	1	1	0	0	Y	Y
IEDQWC	AOS21	same	ETC0108	ETC0108	4498	4498	Y	differs	differs	1	1	0	0	Y	Y
IEDQWC1	AOS21	same	ETC0108	ETC0108	3861	3861	Y	differs	differs	1	1	2525	2525	N	N
IEDQWC2	AOS21	same	ETC0108	ETC0108	3857	3857	Y	differs	differs	1	1	0	0	Y	Y
IEDQWD	AOS21	same	ETC0108	ETC0108	3577	3577	Y	differs	differs	1	1	2290	2290	N	N
IEDQWE2	AOS21	same	UZ24150	UZ24150	4466	4466	Y	differs	differs	1	1	0	0	Y	Y
IEDQWEC	AOS21	same	ETC0108	ETC0108	1237	1237	Y	differs	differs	1	1	0	0	Y	Y
IEDQWF	AOS21	same	ETC0108	ETC0108	661	661	Y	differs	differs	1	1	0	0	Y	Y
IEDQWF1	AOS21	same	ETC0108	ETC0108	4401	4401	Y	differs	differs	1	1	2192	2192	N	N
IEDQWH	AOS21	same	ETC0108	ETC0108	2101	2101	Y	differs	differs	1	1	679	679	N	N
IEDQWI	AOS21	same	ETC0108	ETC0108	1413	1413	Y	differs	differs	1	1	0	0	Y	Y
IEDQWI5U	AOS21	same	ETC0108	ETC0108	949	949	Y	differs	differs	1	1	0	0	Y	Y
IEDQWI7	AOS21	same	ETC0108	ETC0108	669	669	Y	differs	differs	1	1	0	0	Y	Y
IEDQWI8	AOS21	same	ETC0108	ETC0108	1130	1130	Y	differs	differs	1	1	0	0	Y	Y
IEDQWIA	AOS21	same	ETC0108	ETC0108	2994	2994	Y	differs	differs	1	1	0	0	Y	Y
IEDQWID	AOS21	same	ETC0108	ETC0108	2129	2129	Y	differs	differs	1	1	1135	1135	N	N
IEDQWIE	AOS21	same	ETC0108	ETC0108	4089	4089	Y	differs	differs	1	1	0	0	Y	Y
IEDQWJ	AOS21	same	ETC0108	ETC0108	3741	3741	Y	differs	differs	1	1	2517	2517	N	N
IEDQWJ1	AOS21	same	ETC0108	ETC0108	3785	3785	Y	differs	differs	1	1	2579	2579	N	N
IEDQWJ2	AOS21	same	ETC0108	ETC0108	4261	4261	Y	differs	differs	1	1	1877	1877	N	N
IEDQWK	AOS21	same	ETC0108	ETC0108	1565	1565	Y	differs	differs	1	1	0	0	Y	Y
IEDQWL	AOS21	same	ETC0108	ETC0108	2089	2089	Y	differs	differs	1	1	0	0	Y	Y
IEDQWL1	AOS21	same	ETC0108	ETC0108	2353	2353	Y	differs	differs	1	1	0	0	Y	Y
IEDQWL2	AOS21	same	ETC0108	ETC0108	1561	1561	Y	differs	differs	1	1	0	0	Y	Y
IEDQWL3	AOS21	same	ETC0108	ETC0108	2973	2973	Y	differs	differs	1	1	0	0	Y	Y
IEDQWM2	AOS21	same	ETC0108	ETC0108	1109	1109	Y	differs	differs	1	1	0	0	Y	Y
IEDQWN	AOS21	same	ETC0108	ETC0108	3253	3253	Y	differs	differs	1	1	0	0	Y	Y
IEDQWO	AOS21	same	UZ34772	UZ34772	3117	3117	Y	differs	differs	1	1	0	0	Y	Y
IEDQWP	AOS21	same	ETC0108	ETC0108	1521	1521	Y	differs	differs	1	1	934	934	N	N
IEDQWP1	AOS21	same	ETC0108	ETC0108	1465	1465	Y	differs	differs	1	1	0	0	Y	Y
IEDQWP2	AOS21	same	ETC0108	ETC0108	1325	1325	Y	differs	differs	1	1	0	0	Y	Y
IEDQWQ	AOS21	same	ETC0108	ETC0108	1569	1569	Y	differs	differs	1	1	0	0	Y	Y
IEDQWR	AOS21	same	ETC0108	ETC0108	1449	1449	Y	differs	differs	1	1	0	0	Y	Y
IEDQWS	AOS21	same	ETC0108	ETC0108	2401	2401	Y	differs	differs	1	1	0	0	Y	Y
IEDQWX	AOS21	same	ETC0108	ETC0108	781	781	Y	differs	differs	1	1	0	0	Y	Y
IEDQWY	AOS21	same	ETC0108	ETC0108	1125	1125	Y	differs	differs	1	1	149	149	N	N
IEDQXA	AOS21	same	ETC0108	ETC0108	3105	3105	Y	differs	differs	1	1	2	2	N	N
IEDRQIN	AOS21	same	ETC0108	ETC0108	4185	4185	Y	differs	differs	1	1	3444	3444	N	N
IEDRSPIN	AOS21	same	UZ32012	UZ32012	2065	2065	Y	differs	differs	1	1	0	0	Y	Y
IEDSAC	AOS21	same	UZ33822	UZ33822	4425	4425	Y	differs	differs	1	1	0	0	Y	Y
IEDSAI	AOS21	same	UZ31752	UZ31752	2385	2385	Y	differs	differs	1	1	0	0	Y	Y
IEDSAO	AOS21	same	UZ30737	UZ30737	1221	1221	Y	differs	differs	1	1	0	0	Y	Y
IEDSARI	AOS21	same	UZ32572	UZ32572	4997	4997	Y	differs	differs	1	1	0	0	Y	Y
IEDSCLU	AOS21	same	ETC0108	ETC0108	3609	3609	Y	differs	differs	1	1	0	0	Y	Y
IEDSCPDS	AOS21	same	UZ27476	UZ27476	709	709	Y	differs	differs	1	1	0	0	Y	Y
IEDSCPRP	AOS21	same	ETC0108	ETC0108	1557	1557	Y	differs	differs	1	1	1020	1020	N	N
IEDSCPRQ	AOS21	same	UZ30586	UZ30586	1173	1173	Y	differs	differs	1	1	0	0	Y	Y
IEDSCPSS	AOS21	same	ETC0108	ETC0108	621	621	Y	differs	differs	1	1	0	0	Y	Y
IEDSNS	AOS21	same	UZ26635	UZ26635	493	493	Y	differs	differs	1	1	0	0	Y	Y
IEDTEDIT	AOS21	same	UZ24650	UZ24650	2662	2662	Y	differs	differs	1	1	45	45	N	N
IEDUNBND	AOS21	same	UZ24650	UZ24650	1133	1133	Y	differs	differs	1	1	0	0	Y	Y
IEDUSSTB	AOS21	same	UZ24650	UZ24650	602	602	Y	identical	identical	1	1	0	0	N	N
IEDXFMI	AOS21	same	ETC0108	ETC0108	885	885	Y	differs	differs	1	1	0	0	Y	Y
IEDXFMO	AOS21	same	ETC0108	ETC0108	1125	1125	Y	differs	differs	1	1	577	577	N	N
IEDXTREQ	AOS21	same	ETC0108	ETC0108	533	533	Y	differs	differs	1	1	0	0	Y	Y
IEE0003D	AOSB3	same	UZ52149	UZ52149	1478	1478	Y	differs	differs	1	1	0	0	Y	Y
IEE00110	AOSB3	same	EBB1102	EBB1102	554	554	Y	differs	differs	1	1	6	6	N	N
IEE0303D	AOSB3	same	UZ27390	UZ27390	1467	1467	Y	differs	differs	1	1	0	0	Y	Y
IEE0503D	AOSB3	same	FBB1221	FBB1221	3458	3458	Y	differs	differs	1	1	0	0	Y	Y
IEE0603D	AOSB3	same	EBB1102	EBB1102	1658	1658	Y	differs	differs	1	1	0	0	Y	Y
IEE0703D	AOSB3	same	UZ34227	UZ34227	1435	1435	Y	differs	differs	1	1	0	0	Y	Y
IEE0803D	AOSB3	rmid-differs	UZ51345	FBB1221	1610	1574	N	differs	differs	1	1	0	0	Y	Y
IEE10110	AOSC5	same	FBB1221	FBB1221	2809	2809	Y	differs	differs	1	1	0	0	Y	Y
IEE11110	AOSC5	same	EBB1102	EBB1102	1197	1197	Y	differs	differs	1	1	12	12	N	N
IEE12110	AOSC5	same	EBB1102	EBB1102	1173	1173	Y	differs	differs	1	1	6	6	N	N
IEE1403D	AOSB3	rmid-differs	UZ45158	FBB1221	1102	1074	N	differs	differs	2	2	0	0	Y	Y
IEE22110	AOSC5	same	EBB1102	EBB1102	773	773	Y	identical	identical	1	1	0	0	N	N
IEE2303D	AOSB3	same	EBB1102	EBB1102	1485	1485	Y	differs	differs	1	1	0	0	Y	Y
IEE3203D	AOSB3	rmid-differs	UZ45157	EBB1102	1574	1506	N	differs	differs	1	1	0	14	Y	N
IEE3303D	AOSB3	same	UZ26628	UZ26628	1295	1295	Y	differs	differs	1	1	0	0	Y	Y
IEE3503D	AOSB3	rmid-differs	UZ45157	EBB1102	1526	1461	N	differs	differs	1	1	14	0	N	Y
IEE3603D	AOSB3	same	UZ36990	UZ36990	3643	3643	Y	differs	differs	1	1	0	0	Y	Y
IEE3703D	AOSB3	same	UZ27373	UZ27373	1427	1427	Y	differs	differs	1	1	0	0	Y	Y
IEE40110	AOSC5	same	UZ26889	UZ26889	1079	1079	Y	differs	differs	1	1	0	0	Y	Y
IEE4103D	AOSB3	same	EBB1102	EBB1102	1245	1245	Y	differs	differs	1	1	0	0	Y	Y
IEE4203D	AOSB3	same	UZ34774	UZ34774	1775	1775	Y	differs	differs	1	1	0	0	Y	Y
IEE4303D	AOSB3	same	EBB1102	EBB1102	1061	1061	Y	differs	differs	1	1	0	0	Y	Y
IEE4403D	AOSB3	same	UZ26628	UZ26628	1703	1703	Y	differs	differs	1	1	0	0	Y	Y
IEE4703D	AOSB3	same	UZ26628	UZ26628	1151	1151	Y	differs	differs	1	1	15	15	N	N
IEE4803D	AOSB3	same	UZ26628	UZ26628	1279	1279	Y	differs	differs	1	1	0	0	Y	Y
IEE5103D	AOSB3	same	UZ52149	UZ52149	1743	1743	Y	differs	differs	1	1	0	0	Y	Y
IEE5403D	AOSB3	same	FBB1221	FBB1221	1314	1314	Y	differs	differs	1	1	0	0	Y	Y
IEE5603D	AOSB3	same	UZ53024	UZ53024	1623	1623	Y	differs	differs	1	1	0	0	Y	Y
IEE5703D	AOSB3	same	EBB1102	EBB1102	1101	1101	Y	differs	differs	1	1	0	0	Y	Y
IEE5903D	AOSB3	same	FBB1221	FBB1221	1386	1386	Y	differs	differs	1	1	0	0	Y	Y
IEE6303D	AOSB3	same	EBB1102	EBB1102	1957	1957	Y	differs	differs	1	1	4	4	N	N
IEE6403D	AOSB3	same	EBB1102	EBB1102	1741	1741	Y	differs	differs	1	1	4	4	N	N
IEE6503D	AOSC5	same	UZ30540	UZ30540	1694	1694	Y	differs	differs	1	1	5	5	N	N
IEE6603D	AOSC5	same	EBB1102	EBB1102	1061	1061	Y	differs	differs	1	1	8	8	N	N
IEE6703D	AOSB3	same	UZ52491	UZ52491	2215	2215	Y	differs	differs	1	1	0	0	Y	Y
IEE6803D	AOSB3	same	UZ29400	UZ29400	1487	1487	Y	differs	differs	1	1	0	0	Y	Y
IEE6903D	AOSB3	same	UZ29400	UZ29400	1935	1935	Y	differs	differs	1	1	0	0	Y	Y
IEE7203D	AOSB3	same	EBB1102	EBB1102	1213	1213	Y	differs	differs	1	1	0	0	Y	Y
IEE7303D	AOSB3	same	UZ26628	UZ26628	1231	1231	Y	differs	differs	1	1	0	0	Y	Y
IEE7503D	AOSB3	same	UZ37025	UZ37025	3127	3127	Y	differs	differs	1	1	0	0	Y	Y
IEE7703D	AOSB3	same	EBB1102	EBB1102	869	869	Y	differs	differs	1	1	0	0	Y	Y
IEE7803D	AOSB3	same	UZ36914	UZ36914	919	919	Y	differs	differs	1	1	0	0	Y	Y
IEE8603D	AOSC5	same	EBB1102	EBB1102	2689	2689	Y	differs	differs	1	1	8	8	N	N
IEE8B03D	AOSB3	same	UZ53225	UZ53225	5430	5430	Y	differs	differs	1	1	0	0	Y	Y
IEE90110	AOSB3	same	EBB1102	EBB1102	517	517	Y	differs	differs	1	1	0	0	Y	Y
IEE9403D	AOSB3	same	EBB1102	EBB1102	1057	1057	Y	identical	identical	1	1	0	0	N	N
IEEAB400	AOSB3	same	UZ27100	UZ27100	1470	1470	Y	differs	differs	1	1	0	0	Y	Y
IEEAB401	AOSB3	same	UZ27100	UZ27100	1658	1658	Y	differs	differs	1	1	0	0	Y	Y
IEEBASEC	AOSB3	same	FBB1221	FBB1221	650	650	Y	identical	identical	1	1	0	0	N	N
IEECB801	AOSB3	same	EBB1102	EBB1102	777	777	Y	differs	differs	1	1	3	3	N	N
IEECB806	AOSB3	same	FBB1221	FBB1221	2105	2105	Y	identical	identical	1	1	0	0	N	N
IEECB860	AOSB3	same	UZ21690	UZ21690	1538	1538	Y	differs	differs	1	1	0	0	Y	Y
IEECB866	AOSB3	same	UZ33883	UZ33883	6298	6298	Y	differs	differs	1	1	0	0	Y	Y
IEECB900	AOSB3	same	EBB1102	EBB1102	2169	2169	Y	differs	differs	1	1	8	8	N	N
IEECB901	AOSB3	same	EBB1102	EBB1102	877	877	Y	differs	differs	1	1	6	6	N	N
IEECB904	AOSB3	same	UZ55971	UZ55971	2142	2142	Y	differs	differs	1	1	0	0	Y	Y
IEECB905	AOSC5	same	UZ32328	UZ32328	13710	13710	Y	differs	differs	1	1	0	0	Y	Y
IEECB906	AOSC5	rmid-differs	UZ70880	FBB1221	3265	3301	N	differs	differs	1	1	0	0	Y	Y
IEECB907	AOSC5	same	UZ52937	UZ52937	12226	12226	Y	differs	differs	1	1	0	0	Y	Y
IEECB908	AOSC5	same	FBB1221	FBB1221	8105	8105	Y	differs	differs	1	1	0	0	Y	Y
IEECB909	AOSC5	same	UZ37878	UZ37878	20850	20850	Y	differs	differs	1	1	0	0	Y	Y
IEECB910	AOSC5	same	EBB1102	EBB1102	3913	3913	Y	differs	differs	1	1	1	1	N	N
IEECB911	AOSC5	same	EBB1102	EBB1102	1681	1681	Y	differs	differs	1	1	4	4	N	N
IEECB912	AOSC5	same	UZ27734	UZ27734	1302	1302	Y	differs	differs	1	1	0	0	Y	Y
IEECB914	AOSC5	rmid-differs	UZ71281	FBB1221	1469	1425	N	differs	identical	1	1	0	0	Y	N
IEECB915	AOSC5	same	FBB1221	FBB1221	1001	1001	Y	identical	identical	1	1	0	0	N	N
IEECLEAN	AOSC5	same	UZ54099	UZ54099	9142	9142	Y	differs	differs	1	1	0	0	Y	Y
IEECVET3	AOSC5	same	UZ29751	UZ29751	607	607	Y	differs	differs	1	1	0	0	Y	Y
IEECVET6	AOSC5	same	UZ33931	UZ33931	1367	1367	Y	differs	differs	1	1	0	0	Y	Y
IEECVET7	AOSC5	same	EBB1102	EBB1102	885	885	Y	differs	differs	1	1	4	4	N	N
IEECVET8	AOSC5	same	UZ33931	UZ33931	1207	1207	Y	differs	differs	1	1	0	0	Y	Y
IEECVET9	AOSC5	same	UZ34405	UZ34405	1271	1271	Y	differs	differs	1	1	0	0	Y	Y
IEECVETA	AOSC5	same	UZ33931	UZ33931	1287	1287	Y	differs	differs	1	1	0	0	Y	Y
IEECVETD	AOSC5	same	EBB1102	EBB1102	1197	1197	Y	identical	identical	1	1	0	0	N	N
IEECVETE	AOSC5	same	UZ32817	UZ32817	1419	1419	Y	differs	differs	1	1	0	0	Y	Y
IEECVETF	AOSC5	same	EBB1102	EBB1102	1325	1325	Y	identical	identical	1	1	0	0	N	N
IEECVETJ	AOSC5	same	UZ55797	UZ55797	1727	1727	Y	differs	differs	1	1	0	0	Y	Y
IEECVFT1	AOSC5	same	EBB1102	EBB1102	781	781	Y	differs	differs	1	1	1	1	N	N
IEECVFT2	AOSC5	same	UZ35980	UZ35980	1327	1327	Y	differs	differs	1	1	0	0	Y	Y
IEECVFTA	AOSC5	same	EBB1102	EBB1102	1213	1213	Y	identical	identical	1	1	0	0	N	N
IEECVFTB	AOSC5	same	UZ33930	UZ33930	1427	1427	Y	differs	differs	1	1	0	0	Y	Y
IEECVFTD	AOSC5	same	EBB1102	EBB1102	813	813	Y	identical	identical	1	1	0	0	N	N
IEECVFTG	AOSC5	same	UZ25551	UZ25551	1351	1351	Y	differs	differs	1	1	0	0	Y	Y
IEECVFTL	AOSC5	same	UZ35980	UZ35980	1515	1515	Y	differs	differs	1	1	0	0	Y	Y
IEECVFTN	AOSC5	same	UZ36265	UZ36265	1071	1071	Y	differs	differs	1	1	0	0	Y	Y
IEECVFTP	AOSC5	same	UZ52158	UZ52158	1391	1391	Y	differs	differs	1	1	0	0	Y	Y
IEECVFTT	AOSC5	same	EBB1102	EBB1102	789	789	Y	differs	differs	1	1	4	4	N	N
IEECVXIT	AOSC5	same	EBB1102	EBB1102	357	357	Y	identical	identical	1	1	0	0	N	N
IEEDISPD	ALPALIB	same	EBB1102	EBB1102	2725	2725	Y	identical	identical	1	1	0	0	N	N
IEEMB803	AOSB3	rmid-differs	UY32723	UZ64627	4373	4381	N	differs	differs	1	1	0	0	Y	Y
IEEMB804	AOSB3	rmid-differs	UZ48270	UZ80275	2677	2717	N	differs	differs	1	1	0	0	Y	Y
IEEMB805	AOSB3	same	UZ30678	UZ30678	1358	1358	Y	differs	differs	1	1	0	0	Y	Y
IEEMB806	AOSB3	rmid-differs	UY11943	EBB1102	1605	1517	N	differs	differs	1	1	0	0	Y	Y
IEEMB807	AOSB3	same	EBB1102	EBB1102	1285	1285	Y	differs	differs	1	1	5	5	N	N
IEEMB808	AOSB3	same	FBB1221	FBB1221	1225	1225	Y	identical	identical	1	1	0	0	N	N
IEEMB809	AOSB3	same	FBB1221	FBB1221	2521	2521	Y	identical	identical	1	1	0	0	N	N
IEEMB810	AOSB3	same	UZ27143	UZ27143	1594	1594	Y	differs	differs	1	1	56	56	N	N
IEEMB811	AOSB3	same	FBB1221	FBB1221	1417	1417	Y	differs	differs	1	1	0	0	Y	Y
IEEMB812	AOSB3	same	FBB1221	FBB1221	2289	2289	Y	identical	identical	1	1	0	0	N	N
IEEMB813	AOSB3	same	UZ26628	UZ26628	1906	1906	Y	differs	differs	1	1	0	0	Y	Y
IEEMB814	AOSB3	same	FBB1221	FBB1221	985	985	Y	differs	differs	1	1	0	0	Y	Y
IEEMB815	AOSC5	same	EBB1102	EBB1102	5205	5205	Y	identical	identical	1	1	0	0	N	N
IEEMB816	AOSB3	same	FBB1221	FBB1221	3497	3497	Y	identical	identical	1	1	0	0	N	N
IEEMB820	AOS00	same	EBB1102	EBB1102	1029	1029	Y	differs	differs	1	1	0	0	Y	Y
IEEMB821	AOS00	same	EBB1102	EBB1102	4049	4049	Y	differs	differs	1	1	0	0	Y	Y
IEEMB822	AOS00	same	EBB1102	EBB1102	1545	1545	Y	identical	identical	1	1	0	0	N	N
IEEMB823	AOS00	same	UZ25628	UZ25628	1754	1754	Y	differs	differs	1	1	0	0	Y	Y
IEEMB824	AOS00	same	EBB1102	EBB1102	1445	1445	Y	differs	differs	1	1	12	12	N	N
IEEMB825	AOS00	same	UZ34226	UZ34226	1358	1358	Y	differs	differs	1	1	0	0	Y	Y
IEEMB826	AOS00	same	EBB1102	EBB1102	493	493	Y	differs	differs	1	1	1	1	N	N
IEEMB827	AOS00	same	EBB1102	EBB1102	717	717	Y	differs	differs	1	1	4	4	N	N
IEEMB828	AOS00	same	EBB1102	EBB1102	685	685	Y	differs	differs	1	1	2	2	N	N
IEEMB829	AOS00	same	UZ21392	UZ21392	4046	4046	Y	differs	differs	1	1	0	0	Y	Y
IEEMB860	AOSB3	same	UZ29621	UZ29621	3226	3226	Y	differs	differs	1	1	0	0	Y	Y
IEEMB876	AOSB3	same	FBB1221	FBB1221	465	465	Y	differs	differs	1	1	13	13	N	N
IEEMB877	AOSB3	same	FBB1221	FBB1221	949	949	Y	differs	differs	1	1	13	13	N	N
IEEMB878	AOSB3	same	FBB1221	FBB1221	1253	1253	Y	identical	identical	1	1	0	0	N	N
IEEMB879	AOSB3	rmid-differs	UZ78177	UZ33013	1309	1286	N	differs	differs	1	1	0	0	Y	Y
IEEMB880	AOSB3	same	FBB1221	FBB1221	1265	1265	Y	identical	identical	1	1	0	0	N	N
IEEMPDEV	AOSC5	same	UZ35077	UZ35077	10414	10414	Y	differs	differs	1	1	0	0	Y	Y
IEEMPS03	AOSC5	same	UZ34746	UZ34746	2194	2194	Y	differs	differs	1	1	0	0	Y	Y
IEEMPVST	AOSC5	same	UZ36392	UZ36392	7126	7126	Y	differs	differs	1	1	5138	5138	N	N
IEEPALTR	AOSB3	same	EBB1102	EBB1102	613	613	Y	differs	differs	1	1	0	0	Y	Y
IEEPRTN2	AOSB3	rmid-differs	UZ51349	EBB1102	629	573	N	differs	differs	1	1	0	4	Y	N
IEEPRWI2	AOSB3	same	EBB1102	EBB1102	1017	1017	Y	differs	differs	1	1	0	0	Y	Y
IEESB601	AOSB3	same	EBB1102	EBB1102	1501	1501	Y	differs	differs	1	1	2	2	N	N
IEESB605	AOSB3	same	UZ25780	UZ25780	3166	3166	Y	differs	differs	1	1	0	0	Y	Y
IEESB606	AOSB3	same	EBB1102	EBB1102	541	541	Y	differs	differs	1	1	4	4	N	N
IEESTPRS	AOSC5	same	UZ28427	UZ28427	2926	2926	Y	differs	differs	1	1	14	14	N	N
IEEVALST	AOSC5	same	UZ35179	UZ35179	638	638	Y	differs	differs	1	1	146	146	N	N
IEEVCPU	AOSC5	rmid-differs	UZ57937	UZ54417	14218	14242	N	differs	differs	1	1	0	0	Y	Y
IEEVDUMY	AOSC5	same	EBB1102	EBB1102	625	625	Y	differs	differs	1	1	12	12	N	N
IEEVEXSN	AOSC5	rmid-differs	UZ56445	UZ37142	2561	2310	N	differs	differs	1	1	14	0	N	Y
IEEVIPL	AOSB3	rmid-differs	UZ79442	UZ28779	2722	2723	N	differs	differs	1	1	0	0	Y	Y
IEEVJCL	AOSB3	same	EBB1102	EBB1102	850	850	Y	differs	differs	1	1	12	12	N	N
IEEVLDWT	AOSC5	same	FBB1221	FBB1221	2225	2225	Y	identical	identical	1	1	0	0	N	N
IEEVMNT2	AOSB3	same	UZ36796	UZ36796	1262	1262	Y	differs	differs	1	1	0	0	Y	Y
IEEVPTH	AOSC5	same	UZ37971	UZ37971	6454	6454	Y	differs	differs	1	1	0	0	Y	Y
IEEVSDIO	AOST4	same	UZ39679	UZ39679	2518	2518	Y	differs	differs	1	1	0	0	Y	Y
IEEVSEND	AOST4	same	UZ68493	UZ68493	3301	3301	Y	differs	differs	1	1	0	0	Y	Y
IEEVSMSG	AOSB3	same	EBB1102	EBB1102	1089	1089	Y	differs	differs	1	1	0	0	Y	Y
IEEVSND2	AOST4	same	UZ32555	UZ32555	1561	1561	Y	differs	differs	1	1	0	0	Y	Y
IEEVSND3	AOST4	rmid-differs	UZ47795	UZ31571	1937	1873	N	differs	differs	1	1	0	0	Y	Y
IEEVSND4	AOST4	same	EBB1102	EBB1102	2581	2581	Y	differs	differs	1	1	1862	1862	N	N
IEEVSND5	AOST4	same	EBB1102	EBB1102	1053	1053	Y	differs	differs	1	1	0	0	Y	Y
IEEVSND6	AOST4	same	EBB1102	EBB1102	1973	1973	Y	differs	differs	1	1	0	0	Y	Y
IEEVSND8	AOST4	same	EBB1102	EBB1102	1393	1393	Y	differs	differs	1	1	0	0	Y	Y
IEEVSND9	AOST4	same	EBB1102	EBB1102	785	785	Y	differs	differs	1	1	0	0	Y	Y
IEEVSTAR	AOSB3	same	EBB1102	EBB1102	4222	4222	Y	differs	differs	1	1	12	12	N	N
IEEVWAIT	AOSB3	same	FBB1221	FBB1221	3130	3130	Y	differs	differs	1	1	0	0	Y	Y
IEEVWKUP	AOSC5	same	UZ52515	UZ52515	1686	1686	Y	differs	differs	1	1	0	0	Y	Y
IEFAB421	AOSB3	rmid-differs	UZ58427	UZ36568	7842	7466	N	differs	differs	1	1	0	0	Y	Y
IEFAB422	AOSB3	same	EBB1102	EBB1102	2169	2169	Y	identical	identical	1	1	0	0	N	N
IEFAB423	AOSB3	same	UZ65417	UZ65417	3261	3261	Y	differs	differs	1	1	0	0	Y	Y
IEFAB424	AOSB3	same	EBB1102	EBB1102	2673	2673	Y	differs	differs	1	1	0	0	Y	Y
IEFAB425	AOSB3	same	EBB1102	EBB1102	2137	2137	Y	differs	differs	1	1	5	5	N	N
IEFAB426	AOSB3	rmid-differs	UY31727	EBB1102	1581	1585	N	differs	differs	1	1	0	3	Y	N
IEFAB427	AOSB3	same	UZ36250	UZ36250	3838	3838	Y	differs	differs	1	1	0	0	Y	Y
IEFAB428	AOSB3	same	EBB1102	EBB1102	3573	3573	Y	differs	differs	1	1	4	4	N	N
IEFAB430	AOSB3	same	EBB1102	EBB1102	1905	1905	Y	identical	identical	1	1	0	0	N	N
IEFAB431	AOSB3	same	UZ59776	UZ59776	1557	1557	Y	differs	differs	1	1	0	0	Y	Y
IEFAB432	AOSB3	rmid-differs	UZ78302	UZ28062	2537	2530	N	differs	differs	1	1	0	0	Y	Y
IEFAB433	AOSB3	same	UZ25269	UZ25269	2570	2570	Y	differs	differs	1	1	10	10	N	N
IEFAB434	AOSB3	same	UZ59776	UZ59776	3141	3141	Y	differs	differs	1	1	0	0	Y	Y
IEFAB435	AOSB3	same	UZ60808	UZ60808	4233	4233	Y	differs	differs	1	1	0	0	Y	Y
IEFAB436	AOSB3	same	UZ59633	UZ59633	4629	4629	Y	differs	differs	1	1	0	0	Y	Y
IEFAB438	AOSB3	same	EBB1102	EBB1102	541	541	Y	identical	identical	1	1	0	0	N	N
IEFAB440	AOSB3	same	EBB1102	EBB1102	1181	1181	Y	differs	differs	1	1	7	7	N	N
IEFAB441	AOSB3	same	UZ60783	UZ60783	2781	2781	Y	differs	differs	1	1	0	0	Y	Y
IEFAB442	AOSB3	same	EBB1102	EBB1102	1449	1449	Y	identical	identical	1	1	0	0	N	N
IEFAB445	AOSB3	same	EBB1102	EBB1102	357	357	Y	identical	identical	1	1	0	0	N	N
IEFAB451	AOSB3	same	EBB1102	EBB1102	2205	2205	Y	identical	identical	1	1	0	0	N	N
IEFAB452	AOSB3	rmid-differs	UY32725	EBB1102	1789	1685	N	differs	differs	1	1	0	6	Y	N
IEFAB453	AOSB3	same	EBB1102	EBB1102	1669	1669	Y	differs	differs	1	1	4	4	N	N
IEFAB454	AOSB3	same	EBB1102	EBB1102	1581	1581	Y	identical	identical	1	1	0	0	N	N
IEFAB455	AOSB3	same	UZ63499	UZ63499	1693	1693	Y	differs	differs	1	1	919	919	N	N
IEFAB456	AOSB3	same	UZ61977	UZ61977	1565	1565	Y	differs	differs	1	1	0	0	Y	Y
IEFAB457	AOSB3	same	UZ26060	UZ26060	4222	4222	Y	differs	differs	1	1	0	0	Y	Y
IEFAB458	AOSB3	rmid-differs	UZ84276	EBB1102	1789	1741	N	differs	identical	1	1	0	0	Y	N
IEFAB459	AOSB3	same	UZ70212	UZ70212	3089	3089	Y	differs	differs	1	1	0	0	Y	Y
IEFAB461	AOSB3	same	UZ66553	UZ66553	2685	2685	Y	differs	differs	1	1	0	0	Y	Y
IEFAB463	AOSB3	same	EBB1102	EBB1102	893	893	Y	differs	differs	1	1	6	6	N	N
IEFAB464	AOSB3	same	UZ50553	UZ50553	4813	4813	N	differs	differs	1	1	0	0	Y	Y
IEFAB466	AOSB3	same	EBB1102	EBB1102	1681	1681	Y	identical	identical	1	1	0	0	N	N
IEFAB469	AOSB3	same	UZ26145	UZ26145	3082	3082	Y	differs	differs	1	1	10	10	N	N
IEFAB470	AOSB3	same	FBB1221	FBB1221	1081	1081	Y	differs	differs	1	1	395	395	N	N
IEFAB471	AOSB3	same	UZ24978	UZ24978	3978	3978	Y	differs	differs	1	1	0	0	Y	Y
IEFAB472	AOSB3	same	UZ35680	UZ35680	3734	3734	Y	differs	differs	1	1	0	0	Y	Y
IEFAB473	AOSB3	same	EBB1102	EBB1102	2157	2157	Y	identical	identical	1	1	0	0	N	N
IEFAB474	AOSB3	same	UZ25269	UZ25269	2062	2062	Y	differs	differs	1	1	11	11	N	N
IEFAB475	AOSB3	same	EBB1102	EBB1102	2597	2597	Y	differs	differs	1	1	7	7	N	N
IEFAB476	AOSB3	same	EBB1102	EBB1102	1197	1197	Y	differs	differs	1	1	2	2	N	N
IEFAB477	AOSB3	same	UZ26826	UZ26826	2902	2902	Y	differs	differs	1	1	0	0	Y	Y
IEFAB478	AOSB3	same	EBB1102	EBB1102	3693	3693	Y	identical	identical	1	1	0	0	N	N
IEFAB479	AOSB3	same	EBB1102	EBB1102	3917	3917	Y	differs	differs	1	1	16	16	N	N
IEFAB480	AOSB3	same	EBB1102	EBB1102	3877	3877	Y	differs	differs	1	1	2	2	N	N
IEFAB481	AOSB3	same	EBB1102	EBB1102	813	813	Y	differs	differs	1	1	4	4	N	N
IEFAB485	AOSB3	same	UZ26826	UZ26826	4250	4250	Y	differs	differs	1	1	0	0	Y	Y
IEFAB486	AOSB3	same	UZ25269	UZ25269	4838	4838	Y	differs	differs	1	1	0	0	Y	Y
IEFAB487	AOSB3	same	UZ24977	UZ24977	3490	3490	Y	differs	differs	1	1	0	0	Y	Y
IEFAB488	AOSB3	same	UZ34295	UZ34295	3642	3642	Y	differs	differs	1	1	0	0	Y	Y
IEFAB489	AOSB3	same	EBB1102	EBB1102	4225	4225	Y	identical	identical	1	1	0	0	N	N
IEFAB48A	AOSB3	same	UZ24977	UZ24977	2950	2950	Y	differs	differs	1	1	0	0	Y	Y
IEFAB490	AOSB3	same	UZ64948	UZ64948	5789	5789	Y	differs	differs	1	1	0	0	Y	Y
IEFAB491	AOSB3	same	UZ24977	UZ24977	3130	3130	Y	differs	differs	1	1	0	0	Y	Y
IEFAB492	AOSB3	same	UZ59776	UZ59776	3681	3681	Y	differs	differs	1	1	0	0	Y	Y
IEFAB493	AOSB3	same	EBB1102	EBB1102	1481	1481	Y	identical	identical	1	1	0	0	N	N
IEFAB494	AOSB3	same	UZ25162	UZ25162	2598	2598	Y	differs	differs	1	1	0	0	Y	Y
IEFAB495	AOSB3	same	EBB1102	EBB1102	3297	3297	Y	identical	identical	1	1	0	0	N	N
IEFAB496	AOSB3	same	UZ29972	UZ29972	2118	2118	Y	differs	differs	1	1	0	0	Y	Y
IEFAB498	AOSB3	same	EBB1102	EBB1102	1165	1165	Y	differs	differs	1	1	19	19	N	N
IEFAB499	AOSB3	same	EBB1102	EBB1102	2689	2689	Y	differs	differs	1	1	2	2	N	N
IEFAB49A	AOSB3	same	UZ29972	UZ29972	1830	1830	Y	differs	differs	1	1	0	0	Y	Y
IEFAB49B	AOSB3	same	UZ29972	UZ29972	2634	2634	Y	differs	differs	1	1	0	0	Y	Y
IEFAB49C	AOSB3	same	EBB1102	EBB1102	813	813	Y	differs	differs	1	1	2	2	N	N
IEFAB4A0	AOSB3	same	EBB1102	EBB1102	4313	4313	Y	identical	identical	1	1	0	0	N	N
IEFAB4A2	AOSB3	same	UZ75723	UZ75723	6169	6169	Y	differs	differs	1	1	0	0	Y	Y
IEFAB4A3	AOSB3	same	EBB1102	EBB1102	1613	1613	Y	differs	differs	1	1	2	2	N	N
IEFAB4A4	AOSB3	same	UZ25921	UZ25921	4002	4002	Y	differs	differs	1	1	0	0	Y	Y
IEFAB4A6	AOSB3	same	EBB1102	EBB1102	2685	2685	Y	differs	differs	1	1	0	0	Y	Y
IEFAB4A8	AOSB3	same	UZ58580	UZ58580	1962	1962	Y	differs	differs	1	1	0	0	Y	Y
IEFAB4B2	AOSB3	same	EBB1102	EBB1102	1597	1597	Y	differs	differs	1	1	4	4	N	N
IEFAB4DC	AOSB3	same	UZ52881	UZ52881	4274	4274	Y	differs	differs	1	1	0	0	Y	Y
IEFAB4DE	AOSB3	same	EBB1102	EBB1102	1537	1537	Y	identical	identical	1	1	0	0	N	N
IEFAB4E0	AOSB3	same	UZ25162	UZ25162	1070	1070	Y	differs	differs	1	1	0	0	Y	Y
IEFAB4E1	AOSB3	same	EBB1102	EBB1102	589	589	Y	identical	identical	1	1	0	0	N	N
IEFAB4E2	AOSB3	same	UZ35926	UZ35926	798	798	Y	differs	differs	1	1	5	5	N	N
IEFAB4E3	AOSB3	same	EBB1102	EBB1102	449	449	Y	identical	identical	1	1	0	0	N	N
IEFAB4E4	AOSB3	same	EBB1102	EBB1102	793	793	Y	identical	identical	1	1	0	0	N	N
IEFAB4E5	AOSB3	same	UZ64216	UZ64216	1749	1749	N	differs	differs	1	1	0	0	Y	Y
IEFAB4E6	AOSB3	same	EBB1102	EBB1102	541	541	Y	differs	differs	1	1	2	2	N	N
IEFAB4E7	AOSB3	same	EBB1102	EBB1102	857	857	Y	differs	differs	1	1	0	0	Y	Y
IEFAB4E8	AOSB3	same	UZ35926	UZ35926	1662	1662	Y	differs	differs	1	1	0	0	Y	Y
IEFAB4E9	AOSB3	same	EBB1102	EBB1102	1133	1133	Y	differs	differs	1	1	4	4	N	N
IEFAB4EA	AOSB3	same	UZ26145	UZ26145	1010	1010	Y	differs	differs	1	1	12	12	N	N
IEFAB4EB	AOSB3	same	EBB1102	EBB1102	821	821	Y	differs	differs	1	1	4	4	N	N
IEFAB4EC	AOSB3	same	UZ24978	UZ24978	2838	2838	Y	differs	differs	1	1	0	0	Y	Y
IEFAB4ED	AOSB3	same	FBB1221	FBB1221	1593	1593	Y	differs	differs	1	1	0	0	Y	Y
IEFAB4EE	AOSB3	same	UZ38435	UZ38435	1789	1789	Y	differs	differs	1	1	0	0	Y	Y
IEFAB4EF	AOSB3	same	UZ26145	UZ26145	2098	2098	Y	differs	differs	1	1	0	0	Y	Y
IEFAB4F0	AOSB3	same	EBB1102	EBB1102	1165	1165	Y	differs	differs	1	1	0	0	Y	Y
IEFAB4F1	AOSB3	same	EBB1102	EBB1102	717	717	Y	differs	differs	1	1	4	4	N	N
IEFAB4F2	AOSB3	same	EBB1102	EBB1102	1837	1837	Y	differs	differs	1	1	4	4	N	N
IEFAB4F4	AOSB3	same	UZ57652	UZ57652	2378	2378	Y	differs	differs	1	1	0	0	Y	Y
IEFAB4F5	AOSB3	same	UZ69154	UZ69154	3057	3057	Y	differs	differs	1	1	179	179	N	N
IEFAB4F6	AOSB3	same	EBB1102	EBB1102	938	938	Y	identical	identical	1	1	0	0	N	N
IEFAB4F7	AOSB3	same	EBB1102	EBB1102	1381	1381	Y	differs	differs	1	1	6	6	N	N
IEFAB4F8	AOSB3	same	EBB1102	EBB1102	1085	1085	Y	differs	differs	1	1	19	19	N	N
IEFAB4F9	AOSB3	same	EBB1102	EBB1102	997	997	Y	differs	differs	1	1	7	7	N	N
IEFAB4FA	AOSB3	same	UZ58819	UZ58819	4937	4937	Y	differs	differs	1	1	0	0	Y	Y
IEFAB4FC	AOSB3	same	UZ27238	UZ27238	3478	3478	Y	differs	differs	1	1	0	0	Y	Y
IEFAB4FD	AOSB3	same	EBB1102	EBB1102	901	901	Y	differs	differs	1	1	6	6	N	N
IEFAB4FE	AOSB3	same	EBB1102	EBB1102	1769	1769	Y	identical	identical	1	1	0	0	N	N
IEFAB4FF	AOSB3	same	EBB1102	EBB1102	933	933	Y	differs	differs	1	1	4	4	N	N
IEFAB4M4	AOSB3	same	EBB1102	EBB1102	1101	1101	Y	differs	differs	1	1	109	109	N	N
IEFAB4M5	AOSB3	same	EBB1102	EBB1102	1369	1369	Y	differs	differs	1	1	0	0	Y	Y
IEFAB4M6	AOSB3	same	EBB1102	EBB1102	729	729	Y	identical	identical	1	1	0	0	N	N
IEFAB4M7	AOSB3	same	EBB1102	EBB1102	661	661	Y	identical	identical	1	1	0	0	N	N
IEFAB4M9	AOSB3	same	EBB1102	EBB1102	1349	1349	Y	differs	differs	1	1	4	4	N	N
IEFAB4SF	AOSB3	same	UZ31056	UZ31056	4094	4094	Y	identical	identical	1	1	0	0	N	N
IEFAB4UV	AOSB3	same	FBB1221	FBB1221	2673	2673	Y	differs	differs	1	1	0	0	Y	Y
IEFAB820	AOSB3	same	EBB1102	EBB1102	785	785	Y	differs	differs	1	1	4	4	N	N
IEFACT	AOSB3	same	EBB1102	EBB1102	365	365	Y	differs	differs	1	1	0	0	Y	Y
IEFACTRT	AOSB3	same	EBB1102	EBB1102	357	357	Y	differs	differs	1	1	0	0	Y	Y
IEFAQTOP	AOSB3	same	FBB1221	FBB1221	933	933	Y	identical	identical	1	1	0	0	N	N
IEFATECB	AOSB3	same	EBB1102	EBB1102	389	389	Y	identical	identical	1	1	0	0	N	N
IEFBB401	AOSB3	same	EBB1102	EBB1102	4217	4217	Y	identical	identical	1	1	0	0	N	N
IEFBB402	AOSB3	same	UZ72478	UZ72478	1817	1817	Y	differs	differs	1	1	0	0	Y	Y
IEFBB404	AOSB3	same	EBB1102	EBB1102	2297	2297	Y	identical	identical	1	1	0	0	N	N
IEFBB410	AOSB3	same	UZ37446	UZ37446	7242	7242	Y	differs	differs	1	1	0	0	Y	Y
IEFBB412	AOSB3	same	EBB1102	EBB1102	893	893	Y	differs	differs	1	1	6	6	N	N
IEFBB414	AOSB3	same	EBB1102	EBB1102	1749	1749	Y	identical	identical	1	1	0	0	N	N
IEFBB416	AOSB3	same	UZ63499	UZ63499	5649	5649	Y	differs	differs	1	1	0	0	Y	Y
IEFBB4M1	AOSB3	same	EBB1102	EBB1102	605	605	Y	differs	differs	1	1	2	2	N	N
IEFBB4M2	AOSB3	same	EBB1102	EBB1102	2465	2465	Y	identical	identical	1	1	0	0	N	N
IEFBB4M3	AOSB3	same	UZ59776	UZ59776	8737	8737	Y	differs	differs	1	1	0	0	Y	Y
IEFBB4M4	AOSB3	same	EBB1102	EBB1102	1357	1357	Y	differs	differs	1	1	0	0	Y	Y
IEFBB4M5	AOSB3	same	EBB1102	EBB1102	725	725	Y	differs	differs	1	1	0	0	Y	Y
IEFBR14	AOSB3	same	EBB1102	EBB1102	341	341	Y	identical	identical	1	1	0	0	N	N
IEFDB400	AOSB3	same	UZ61932	UZ61932	4257	4257	Y	differs	differs	1	1	0	0	Y	Y
IEFDB401	AOSB3	same	EBB1102	EBB1102	365	365	Y	differs	differs	1	1	7	7	N	N
IEFDB402	AOSB3	same	EBB1102	EBB1102	881	881	Y	differs	differs	1	1	0	0	Y	Y
IEFDB403	AOSB3	same	EBB1102	EBB1102	565	565	Y	differs	differs	1	1	2	2	N	N
IEFDB410	AOSB3	same	UZ65874	UZ65874	5837	5837	Y	differs	differs	1	1	0	0	Y	Y
IEFDB411	AOSB3	same	UZ57383	UZ57383	4070	4070	Y	differs	differs	1	1	0	0	Y	Y
IEFDB412	AOSB3	same	UZ53846	UZ53846	6510	6510	Y	differs	differs	1	1	0	0	Y	Y
IEFDB413	AOSB3	same	UZ63293	UZ63293	6517	6517	Y	differs	differs	1	1	0	0	Y	Y
IEFDB414	AOSB3	same	UZ57077	UZ57077	6282	6282	Y	differs	differs	1	1	0	0	Y	Y
IEFDB417	AOSB3	same	EBB1102	EBB1102	1957	1957	Y	differs	differs	1	1	4	4	N	N
IEFDB418	AOSB3	same	UZ63301	UZ63301	2273	2273	Y	differs	differs	1	1	0	0	Y	Y
IEFDB450	AOSB3	same	EBB1102	EBB1102	2757	2757	Y	differs	differs	1	1	5	5	N	N
IEFDB460	AOSB3	same	EBB1102	EBB1102	1541	1541	Y	differs	differs	1	1	2	2	N	N
IEFDB470	AOSB3	same	UZ22035	UZ22035	2470	2470	Y	differs	differs	1	1	0	0	Y	Y
IEFDB480	AOSB3	same	EBB1102	EBB1102	1613	1613	Y	differs	differs	1	1	1	1	N	N
IEFDB481	AOSB3	same	EBB1102	EBB1102	1189	1189	Y	differs	differs	1	1	4	4	N	N
IEFDB490	AOSB3	same	EBB1102	EBB1102	1381	1381	Y	differs	differs	1	1	1	1	N	N
IEFDB4A0	AOSB3	same	UZ53724	UZ53724	4502	4502	Y	differs	differs	1	1	16	16	N	N
IEFDB4D0	AOST4	same	UZ53312	UZ53312	9586	9586	Y	differs	differs	1	1	0	0	Y	Y
IEFDB4F8	AOSB3	same	UZ37503	UZ37503	2454	2454	Y	differs	differs	1	1	0	0	Y	Y
IEFDB4F9	AOSB3	same	UZ37503	UZ37503	4426	4426	Y	differs	differs	1	1	0	0	Y	Y
IEFDB4FA	AOSB3	same	EBB1102	EBB1102	709	709	Y	differs	differs	1	1	2	2	N	N
IEFDB4FB	AOSB3	same	EBB1102	EBB1102	669	669	Y	identical	identical	1	1	0	0	N	N
IEFDB4FC	AOSB3	same	EBB1102	EBB1102	525	525	Y	differs	differs	1	1	2	2	N	N
IEFDB4FD	AOSB3	same	EBB1102	EBB1102	909	909	Y	differs	differs	1	1	3	3	N	N
IEFDB4FE	AOSB3	same	EBB1102	EBB1102	1033	1033	Y	differs	differs	1	1	0	0	Y	Y
IEFDB4FF	AOSB3	same	EBB1102	EBB1102	1365	1365	Y	differs	differs	1	1	4	4	N	N
IEFDPOST	AOSB3	same	EBB1102	EBB1102	557	557	Y	differs	differs	1	1	6	6	N	N
IEFDSLST	AOSB3	same	EBB1102	EBB1102	717	717	Y	differs	differs	1	1	14	14	N	N
IEFDSTBL	AOSB3	same	EBB1102	EBB1102	1165	1165	Y	differs	differs	1	1	38	38	N	N
IEFEB400	AOSB3	rmid-differs	UZ60947	FBB1221	2001	1989	N	differs	differs	1	1	7	120	N	N
IEFEB4M1	AOSB3	same	FBB1221	FBB1221	625	625	Y	identical	identical	1	1	0	0	N	N
IEFI922B	AOSB3	same	EBB1102	EBB1102	477	477	Y	differs	differs	1	1	4	4	N	N
IEFIB600	AOSB3	same	FBB1221	FBB1221	2705	2705	Y	differs	differs	1	1	0	0	Y	Y
IEFIB605	AOSB3	same	EBB1102	EBB1102	885	885	Y	differs	differs	1	1	21	21	N	N
IEFIB620	AOSB3	same	EBB1102	EBB1102	1245	1245	Y	differs	differs	1	1	0	0	Y	Y
IEFIB621	AOSB3	same	UZ61982	UZ61982	1037	1037	Y	differs	differs	1	1	0	0	Y	Y
IEFIB650	AOSB3	same	UZ72648	UZ72648	1742	1742	Y	differs	differs	1	1	32	32	N	N
IEFIB660	AOSB3	same	UZ37503	UZ37503	1070	1070	Y	differs	differs	1	1	0	0	Y	Y
IEFICATL	AOSB3	same	EBB1102	EBB1102	685	685	Y	differs	differs	1	1	5	5	N	N
IEFICPUA	AOSB3	same	EBB1102	EBB1102	569	569	Y	differs	differs	1	1	6	6	N	N
IEFIMASK	AOSB3	same	EBB1102	EBB1102	589	589	Y	differs	differs	1	1	2	2	N	N
IEFIRECM	AOSB3	same	EBB1102	EBB1102	1273	1273	Y	differs	differs	1	1	5	5	N	N
IEFJACTL	AOSB3	same	EBB1102	EBB1102	757	757	Y	differs	differs	1	1	11	11	N	N
IEFJCDLT	AOSB3	same	EBB1102	EBB1102	557	557	Y	differs	differs	1	1	6	6	N	N
IEFJCNTL	AOSB3	same	UZ33647	UZ33647	1882	1882	Y	differs	differs	1	1	5	5	N	N
IEFJDIRD	AOSB3	same	EBB1102	EBB1102	525	525	Y	differs	differs	1	1	13	13	N	N
IEFJDSNA	AOSB3	same	EBB1102	EBB1102	549	549	Y	differs	differs	1	1	1	1	N	N
IEFJDWRT	AOSB3	same	EBB1102	EBB1102	525	525	Y	identical	identical	1	1	0	0	N	N
IEFJESDM	AOSB3	same	FBB1221	FBB1221	449	449	Y	identical	identical	1	1	0	0	N	N
IEFJJCLS	AOSB3	same	EBB1102	EBB1102	781	781	Y	differs	differs	1	1	6	6	N	N
IEFJJOBS	AOSB3	same	EBB1102	EBB1102	981	981	Y	differs	differs	1	1	2	2	N	N
IEFJJTRM	AOSB3	same	EBB1102	EBB1102	501	501	Y	differs	differs	1	1	6	6	N	N
IEFJRASP	AOSB3	same	EBB1102	EBB1102	717	717	Y	differs	differs	1	1	2	2	N	N
IEFJREAD	AOSB3	same	EBB1102	EBB1102	581	581	Y	differs	differs	1	1	9	9	N	N
IEFJRECM	AOSB3	same	EBB1102	EBB1102	1241	1241	Y	differs	differs	1	1	1	1	N	N
IEFJSDTN	AOSB3	rmid-differs	UY02859	EBB1102	765	653	N	differs	identical	1	1	0	0	Y	N
IEFJSINT	AOSB3	same	EBB1102	EBB1102	1873	1873	Y	identical	identical	1	1	0	0	N	N
IEFJSREQ	AOSB3	same	EBB1102	EBB1102	845	845	Y	differs	differs	1	1	1	1	N	N
IEFJSSNT	AOSB3	same	EBB1102	EBB1102	946	946	Y	differs	differs	1	1	12	12	N	N
IEFJSWT	AOSB3	same	UZ25987	UZ25987	1474	1474	Y	differs	differs	1	1	0	0	Y	Y
IEFJWRTE	AOSB3	same	EBB1102	EBB1102	669	669	Y	differs	differs	1	1	15	15	N	N
IEFJWTOM	AOSB3	rmid-differs	UY27599	EBB1102	869	805	N	differs	differs	1	1	0	7	Y	N
IEFNB901	AOSB3	rmid-differs	UY09721	UZ65878	1501	1501	N	differs	differs	1	1	0	0	Y	Y
IEFNB902	AOSB3	same	EDM1102	EDM1102	2981	2981	Y	differs	differs	1	1	81	81	N	N
IEFNB903	AOSB3	same	UZ51830	UZ51830	1871	1871	Y	differs	differs	1	1	0	0	Y	Y
IEFNB9CR	AOSB3	same	EBB1102	EBB1102	997	997	Y	differs	differs	1	1	0	0	Y	Y
IEFNB9CT	AOSB3	same	EBB1102	EBB1102	517	517	Y	differs	differs	1	1	6	6	N	N
IEFNB9IR	AOSB3	same	EBB1102	EBB1102	997	997	Y	differs	differs	1	1	0	0	Y	Y
IEFNB9IT	AOSB3	same	EBB1102	EBB1102	577	577	Y	identical	identical	1	1	0	0	N	N
IEFQB550	AOSB3	same	UZ33391	UZ33391	1974	1974	Y	differs	differs	1	1	0	0	Y	Y
IEFQB555	AOSB3	same	UZ54232	UZ54232	1974	1974	Y	differs	differs	1	1	0	0	Y	Y
IEFQB580	AOSB3	same	EBB1102	EBB1102	613	613	Y	differs	differs	1	1	19	19	N	N
IEFQB585	AOSB3	same	EBB1102	EBB1102	653	653	Y	differs	differs	1	1	38	38	N	N
IEFRSTRT	AOSB3	same	EBB1102	EBB1102	341	341	Y	identical	identical	1	1	0	0	N	N
IEFSCAN	AOSB3	same	EBB1102	EBB1102	661	661	Y	differs	differs	1	1	0	0	Y	Y
IEFSD087	AOSB0	same	UZ26378	UZ26378	1960	1960	Y	differs	differs	3	3	2	2	Y	Y
IEFSD088	AOSB0	same	UZ26378	UZ26378	622	622	Y	differs	differs	2	2	0	0	Y	Y
IEFSD089	AOSB0	rmid-differs	UZ71633	UZ26378	2036	2012	N	differs	differs	3	3	0	2	Y	Y
IEFSD094	AOSB0	same	UZ26378	UZ26378	1622	1622	Y	differs	differs	1	1	0	0	Y	Y
IEFSD095	AOSB0	same	UZ26378	UZ26378	1518	1518	Y	differs	differs	2	2	0	0	Y	Y
IEFSD101	AOSB3	rmid-differs	UY02270	EBB1102	1422	1402	N	differs	differs	1	1	0	3	Y	N
IEFSD102	AOSB3	same	UZ72648	UZ72648	1197	1197	Y	differs	differs	1	1	7	7	N	N
IEFSD103	AOSB3	same	UZ33323	UZ33323	799	799	Y	differs	differs	1	1	0	0	Y	Y
IEFSD160	AOSB3	same	EBB1102	EBB1102	1005	1005	Y	differs	differs	1	1	0	0	Y	Y
IEFSD161	AOSB3	same	UZ30512	UZ30512	3770	3770	Y	differs	differs	1	1	0	0	Y	Y
IEFSD162	AOSB3	same	UZ22590	UZ22590	2971	2971	Y	differs	differs	1	1	41	41	N	N
IEFSD164	AOSB3	rmid-differs	UZ43063	UZ52808	1910	1911	N	differs	differs	1	1	0	0	Y	Y
IEFSD166	AOSB3	same	UZ39902	UZ39902	1625	1625	Y	differs	differs	1	1	0	0	Y	Y
IEFSDTTE	AOSB0	same	UZ54391	UZ54391	2582	2582	Y	differs	differs	1	1	0	0	Y	Y
IEFSDXXX	AOSB0	same	UZ26378	UZ26378	1486	1486	Y	differs	differs	2	2	1	1	N	N
IEFSMFIE	AOSB3	same	UZ31977	UZ31977	1391	1391	Y	differs	differs	1	1	0	0	Y	Y
IEFTB720	AOSB3	same	EBB1102	EBB1102	725	725	Y	differs	differs	1	1	0	0	Y	Y
IEFTB721	AOSB3	same	UZ37452	UZ37452	2578	2578	Y	differs	differs	1	1	0	0	Y	Y
IEFTB722	AOSB3	same	UZ37452	UZ37452	3850	3850	Y	differs	differs	1	1	0	0	Y	Y
IEFTB723	AOSB3	same	UZ27145	UZ27145	710	710	Y	differs	differs	1	1	0	0	Y	Y
IEFU29	AOS00	same	EBB1102	EBB1102	365	365	Y	differs	differs	1	1	10	10	N	N
IEFU83	AOS00	same	EBB1102	EBB1102	341	341	Y	identical	identical	1	1	0	0	N	N
IEFUJI	AOSB3	same	EBB1102	EBB1102	365	365	Y	differs	differs	1	1	0	0	Y	Y
IEFUJP	ALPALIB	same	EBB1102	EBB1102	341	341	Y	identical	identical	1	1	0	0	N	N
IEFUJV	AOSB3	same	EBB1102	EBB1102	365	365	Y	differs	differs	1	1	0	0	Y	Y
IEFUSI	AOSB3	same	EBB1102	EBB1102	365	365	Y	differs	differs	1	1	0	0	Y	Y
IEFUSO	ALPALIB	same	EBB1102	EBB1102	341	341	Y	identical	identical	1	1	0	0	N	N
IEFUTL	AOSB3	same	EBB1102	EBB1102	365	365	Y	differs	differs	1	1	0	0	Y	Y
IEFVDBSD	AOSB3	same	UZ27637	UZ27637	1039	1039	Y	differs	differs	1	1	0	0	Y	Y
IEFVFB	AOSB3	rmid-differs	UY28299	UZ80285	2478	2438	N	differs	differs	1	1	0	1749	Y	N
IEFVGI	AOSB3	same	EBB1102	EBB1102	922	922	Y	differs	differs	1	1	13	13	N	N
IEFVGK	AOSB3	same	EBB1102	EBB1102	978	978	Y	differs	differs	1	1	13	13	N	N
IEFVGM	AOSB3	same	UZ58715	UZ58715	1791	1791	Y	differs	differs	1	1	0	0	Y	Y
IEFVGM1	AOSB3	same	EBB1102	EBB1102	669	669	Y	differs	differs	1	1	0	0	Y	Y
IEFVGM10	AOSB3	same	EBB1102	EBB1102	725	725	Y	differs	differs	1	1	0	0	Y	Y
IEFVGM11	AOSB3	same	EBB1102	EBB1102	717	717	Y	differs	differs	1	1	0	0	Y	Y
IEFVGM12	AOSB3	same	EBB1102	EBB1102	717	717	Y	differs	differs	1	1	0	0	Y	Y
IEFVGM13	AOSB3	same	EBB1102	EBB1102	693	693	Y	differs	differs	1	1	0	0	Y	Y
IEFVGM14	AOSB3	same	EBB1102	EBB1102	557	557	Y	differs	differs	1	1	0	0	Y	Y
IEFVGM15	AOSB3	same	EBB1102	EBB1102	517	517	Y	differs	differs	1	1	0	0	Y	Y
IEFVGM16	AOSB3	same	EBB1102	EBB1102	533	533	Y	differs	differs	1	1	0	0	Y	Y
IEFVGM17	AOSB3	same	EBB1102	EBB1102	594	594	Y	differs	differs	1	1	13	13	N	N
IEFVGM18	AOSB3	same	EBB1102	EBB1102	517	517	Y	differs	differs	1	1	0	0	Y	Y
IEFVGM19	AOSB3	same	EBB1102	EBB1102	629	629	Y	differs	differs	1	1	0	0	Y	Y
IEFVGM2	AOSB3	same	EBB1102	EBB1102	677	677	Y	differs	differs	1	1	0	0	Y	Y
IEFVGM3	AOSB3	same	EBB1102	EBB1102	781	781	Y	differs	differs	1	1	0	0	Y	Y
IEFVGM4	AOSB3	same	EBB1102	EBB1102	645	645	Y	differs	differs	1	1	0	0	Y	Y
IEFVGM5	AOSB3	same	EBB1102	EBB1102	637	637	Y	differs	differs	1	1	0	0	Y	Y
IEFVGM6	AOSB3	same	EBB1102	EBB1102	669	669	Y	differs	differs	1	1	0	0	Y	Y
IEFVGM67	AOSB3	same	EBB1102	EBB1102	669	669	Y	differs	differs	1	1	0	0	Y	Y
IEFVGM7	AOSB3	same	EBB1102	EBB1102	685	685	Y	differs	differs	1	1	0	0	Y	Y
IEFVGM70	AOSB3	same	EBB1102	EBB1102	661	661	Y	differs	differs	1	1	0	0	Y	Y
IEFVGM71	AOSB3	same	UZ25549	UZ25549	1367	1367	Y	differs	differs	1	1	0	0	Y	Y
IEFVGM76	AOSB3	same	EBB1102	EBB1102	810	810	Y	differs	differs	1	1	13	13	N	N
IEFVGM78	AOSB3	same	EBB1102	EBB1102	629	629	Y	differs	differs	1	1	0	0	Y	Y
IEFVGM8	AOSB3	same	EBB1102	EBB1102	525	525	Y	differs	differs	1	1	0	0	Y	Y
IEFVGM9	AOSB3	same	EBB1102	EBB1102	581	581	Y	differs	differs	1	1	0	0	Y	Y
IEFVGM90	AOSB3	same	EBB1102	EBB1102	517	517	Y	identical	identical	1	1	0	0	N	N
IEFVGS	AOSB3	same	UZ64501	UZ64501	1462	1462	Y	differs	differs	1	1	0	0	Y	Y
IEFVGT	AOSB3	same	UZ30233	UZ30233	1375	1375	Y	differs	differs	1	1	0	0	Y	Y
IEFVH1	AOSB3	same	UZ59124	UZ59124	1438	1438	Y	differs	differs	1	1	0	0	Y	Y
IEFVHA	AOSB3	same	UZ58120	UZ58120	1607	1607	Y	differs	differs	1	1	0	0	Y	Y
IEFVHC	AOSB3	same	UZ52989	UZ52989	1055	1055	Y	differs	differs	1	1	0	0	Y	Y
IEFVHCB	AOSB3	same	UZ58715	UZ58715	2711	2711	Y	differs	differs	1	1	0	0	Y	Y
IEFVHE	AOSB3	same	UZ58715	UZ58715	1295	1295	N	differs	differs	1	1	0	0	Y	Y
IEFVHEB	AOSB3	same	EBB1102	EBB1102	1381	1381	Y	differs	differs	1	1	0	0	Y	Y
IEFVHF	AOSB3	same	UZ51830	UZ51830	1223	1223	N	differs	differs	1	1	0	0	Y	Y
IEFVHH	AOSB3	same	UZ30233	UZ30233	1487	1487	Y	differs	differs	1	1	0	0	Y	Y
IEFVHL	AOSB3	same	EBB1102	EBB1102	829	829	Y	differs	differs	1	1	0	0	Y	Y
IEFVHM	AOSB3	same	EBB1102	EBB1102	1641	1641	Y	differs	differs	1	1	0	0	Y	Y
IEFVHN	AOSB3	same	EBB1102	EBB1102	1042	1042	Y	differs	differs	1	1	13	13	N	N
IEFVHQ	AOSB3	same	UZ59124	UZ59124	814	814	Y	differs	differs	1	1	0	0	Y	Y
IEFVHR	AOSB3	same	EBB1102	EBB1102	1169	1169	Y	differs	differs	1	1	0	0	Y	Y
IEFVINA	AOSB3	same	UZ64858	UZ64858	2142	2142	Y	differs	differs	1	1	0	0	Y	Y
IEFVINB	AOSB3	same	EBB1102	EBB1102	485	485	Y	differs	differs	1	1	0	0	Y	Y
IEFVINC	AOSB3	rmid-differs	UZ44548	EBB1102	821	781	N	differs	differs	1	1	0	1	Y	N
IEFVIND	AOSB3	same	EBB1102	EBB1102	877	877	Y	differs	differs	1	1	0	0	Y	Y
IEFVINE	AOSB3	same	EBB1102	EBB1102	973	973	Y	differs	differs	1	1	5	5	N	N
IEFVJA	AOSB3	same	UZ39248	UZ39248	2310	2310	Y	differs	differs	1	1	0	0	Y	Y
IEFXB500	AOSB3	same	UZ69623	UZ69623	3289	3289	Y	differs	differs	1	1	0	0	Y	Y
IEFXB601	AOSB3	same	UZ59884	UZ59884	7485	7485	Y	differs	differs	1	1	0	0	Y	Y
IEFXB602	AOSB3	same	EBB1102	EBB1102	1469	1469	Y	differs	differs	1	1	6	6	N	N
IEFXB603	AOSB3	same	EBB1102	EBB1102	1113	1113	Y	differs	differs	1	1	17	17	N	N
IEFXB604	AOSB3	same	EBB1102	EBB1102	1245	1245	Y	differs	differs	1	1	52	52	N	N
IEFXVNSL	AOSB3	same	EBB1102	EBB1102	341	341	Y	identical	identical	1	1	0	0	N	N
IEHATLAS	AOSU0	same	UZ53196	UZ53196	4746	4746	Y	differs	differs	1	1	0	0	Y	Y
IEHDAOUT	AOSU0	same	EDS1102	EDS1102	1518	1518	Y	identical	identical	1	1	0	0	N	N
IEHDASDR	AOSU0	same	EDS1102	EDS1102	1550	1550	Y	identical	identical	1	1	0	0	N	N
IEHDCONS	AOSU0	same	EDS1102	EDS1102	1886	1886	Y	differs	differs	1	1	0	0	Y	Y
IEHDDATE	AOSU0	same	EDS1102	EDS1102	610	610	Y	identical	identical	1	1	0	0	N	N
IEHDLABL	AOSU0	same	UZ34341	UZ34341	2137	2137	Y	differs	differs	1	1	0	0	Y	Y
IEHDMSGB	AOSU0	same	EDS1102	EDS1102	522	522	Y	identical	identical	1	1	0	0	N	N
IEHDMSGS	AOSU0	same	UZ34450	UZ34450	4385	4385	Y	identical	identical	1	1	0	0	N	N
IEHDPRNT	AOSU0	same	UZ25004	UZ25004	845	845	Y	differs	differs	1	1	67	67	N	N
IEHDSCAN	AOSU0	same	UZ30975	UZ30975	3333	3333	Y	identical	identical	1	1	0	0	N	N
IEHLIST2	AOSU0	same	EUT1102	EUT1102	6166	6166	Y	identical	identical	1	1	0	0	N	N
IEHMESS	AOSU0	same	EDS1102	EDS1102	2069	2069	Y	identical	identical	1	1	0	0	N	N
IEHMOVE	AOSU0	rmid-differs	UZ64586	UZ24307	1174	1045	N	differs	differs	1	1	0	32	Y	N
IEHMVESA	AOSU0	same	UZ24328	UZ24328	1815	1815	Y	identical	identical	2	2	0	0	N	N
IEHMVESC	AOSU0	same	UZ57924	UZ57924	4504	4504	Y	differs	differs	2	2	0	0	Y	Y
IEHMVESI	AOSU0	same	EUT1102	EUT1102	1910	1910	Y	differs	differs	2	2	219	219	N	N
IEHMVESK	AOSU0	rmid-differs	UZ64586	UZ24329	1273	1279	N	differs	differs	2	2	0	4	Y	N
IEHMVESL	AOSU0	rmid-differs	UZ68505	UZ26050	3449	2807	N	differs	differs	2	2	0	0	Y	Y
IEHMVESM	AOSU0	rmid-differs	UZ90251	UZ24397	3845	3159	N	differs	differs	2	2	0	2	Y	N
IEHMVESN	AOSU0	rmid-differs	UZ70337	UZ30285	2678	2465	N	differs	differs	1	1	0	0	Y	Y
IEHMVESO	AOSU0	same	UZ24417	UZ24417	1235	1235	Y	differs	differs	2	2	4	4	N	N
IEHMVESP	AOSU0	same	EUT1102	EUT1102	2122	2122	Y	differs	differs	2	2	42	42	N	N
IEHMVESQ	AOSU0	same	EUT1102	EUT1102	2242	2242	Y	differs	differs	1	1	35	35	N	N
IEHMVESR	AOSU0	same	UZ24506	UZ24506	1309	1309	Y	differs	differs	2	2	0	0	Y	Y
IEHMVEST	AOSU0	rmid-differs	UZ68472	EUT1102	2858	2769	N	differs	differs	1	1	0	44	Y	N
IEHMVESU	AOSU0	same	UZ29571	UZ29571	933	933	Y	differs	differs	1	1	0	0	Y	Y
IEHMVETG	AOSU0	same	UZ36157	UZ36157	4503	4503	Y	differs	differs	2	2	0	0	Y	Y
IEHMVETJ	AOSU0	rmid-differs	UZ71929	UZ33765	4801	4239	N	differs	differs	2	2	0	0	Y	Y
IEHMVMRY	AOSU0	same	EUT1102	EUT1102	1861	1861	Y	identical	identical	1	1	0	0	N	N
IEHMVMRZ	AOSU0	rmid-differs	UZ90251	UZ33850	2554	2461	N	differs	differs	1	1	0	0	Y	Y
IEHMVMSN	AOSU0	same	UZ24443	UZ24443	741	741	Y	identical	identical	1	1	0	0	N	N
IEHMVMSQ	AOSU0	same	UZ24470	UZ24470	981	981	Y	identical	identical	1	1	0	0	N	N
IEHMVMSY	AOSU0	rmid-differs	UZ90251	UZ36443	2178	1993	N	differs	differs	1	1	0	0	Y	Y
IEHMVMTA	AOSU0	same	EUT1102	EUT1102	1869	1869	Y	identical	identical	1	1	0	0	N	N
IEHMVMTL	AOSU0	same	UZ24495	UZ24495	1137	1137	Y	identical	identical	1	1	0	0	N	N
IEHMVSRA	AOSU0	same	UZ24504	UZ24504	2739	2739	Y	differs	differs	3	3	2	2	N	N
IEHMVSRD	AOSU0	same	UZ33417	UZ33417	2619	2619	Y	differs	differs	2	2	0	0	Y	Y
IEHMVSRK	AOSU0	rmid-differs	UZ68505	EUT1102	1261	1222	N	differs	differs	2	2	0	6	Y	N
IEHMVSRM	AOSU0	same	EUT1102	EUT1102	829	829	Y	differs	differs	1	1	2	2	N	N
IEHMVSRV	AOSU0	rmid-differs	UZ78161	UZ35492	4338	3397	N	differs	differs	1	1	0	0	Y	Y
IEHMVSRX	AOSU0	rmid-differs	UZ77472	UZ35854	4950	3245	N	differs	differs	1	1	0	0	Y	Y
IEHMVSRY	AOSU0	rmid-differs	UZ68676	EUT1102	1506	1369	N	differs	differs	1	1	0	0	Y	Y
IEHMVSRZ	AOSU0	rmid-differs	UZ47187	UZ24497	1578	1457	N	differs	differs	1	1	0	0	Y	Y
IEHMVSSF	AOSU0	rmid-differs	UZ74453	UZ33810	3770	3581	N	differs	differs	1	1	0	0	Y	Y
IEHMVSSS	AOSU0	same	EUT1102	EUT1102	4422	4422	Y	identical	identical	1	1	0	0	N	N
IEHMVSSV	AOSU0	same	UZ34775	UZ34775	1705	1705	Y	differs	differs	1	1	0	0	Y	Y
IEHMVSSY	AOSU0	rmid-differs	UZ90251	UZ29701	2594	2449	N	differs	differs	1	1	0	0	Y	Y
IEHMVSSZ	AOSU0	rmid-differs	UZ59466	UZ36380	2730	2805	N	differs	differs	1	1	0	0	Y	Y
IEHMVSTA	AOSU0	rmid-differs	UZ71526	UZ33393	3002	2977	N	differs	differs	2	2	0	0	Y	Y
IEHMVSTC	AOSU0	rmid-differs	UZ67298	UZ33806	2312	2331	N	differs	differs	3	3	0	0	Y	Y
IEHMVSTL	AOSU0	rmid-differs	UZ68505	UZ24501	3510	3509	N	differs	differs	1	1	0	0	Y	Y
IEHMVXSE	AOSU0	rmid-differs	UZ72602	UZ33853	4010	3985	N	differs	differs	1	1	0	0	Y	Y
IEHMVXSF	AOSU0	same	UZ33823	UZ33823	485	485	Y	differs	differs	1	1	2	2	N	N
IEHPRNT	AOSU0	same	EUT1102	EUT1102	661	661	Y	differs	differs	1	1	5	5	N	N
IEHPROG3	AOSU0	rmid-differs	UZ72844	UZ28350	4386	4385	N	differs	differs	1	1	0	0	Y	Y
IEHPROG4	AOSU0	same	UZ25730	UZ25730	1433	1433	Y	differs	differs	1	1	0	0	Y	Y
IEHPROG5	AOSU0	same	UZ25737	UZ25737	933	933	Y	differs	differs	1	1	0	0	Y	Y
IEHSCAN	AOSU0	same	EUT1102	EUT1102	1693	1693	Y	identical	identical	1	1	0	0	N	N
IEWFTMIN	AOSC2	same	EPM1102	EPM1102	1533	1533	Y	differs	differs	2	2	4	4	N	N
IEWSWOVR	ALPALIB	rmid-differs	UZ63912	UZ27442	1726	1631	N	differs	differs	1	1	0	0	Y	Y
IEZDCODE	AOSB3	same	EBB1102	EBB1102	733	733	Y	differs	differs	1	1	0	0	Y	Y
IEZNCODE	AOSB3	same	EBB1102	EBB1102	765	765	Y	differs	differs	1	1	0	0	Y	Y
IFCCRNDR	AOSCD	same	EER1400	EER1400	11981	11981	Y	identical	identical	1	1	0	0	N	N
IFCE0145	AOSCD	same	EER1400	EER1400	11910	11910	Y	differs	differs	1	1	0	0	Y	Y
IFCE0155	AOSCD	same	EER1400	EER1400	3102	3102	Y	differs	differs	1	1	0	0	Y	Y
IFCE2860	AOSCD	same	EER1400	EER1400	7154	7154	Y	differs	differs	1	1	0	0	Y	Y
IFCE2870	AOSCD	same	EER1400	EER1400	7186	7186	Y	differs	differs	1	1	0	0	Y	Y
IFCEA165	AOSCD	same	EER1400	EER1400	8242	8242	Y	identical	identical	1	1	0	0	N	N
IFCEAEXX	AOSCD	same	EER1400	EER1400	6458	6458	Y	identical	identical	1	1	0	0	N	N
IFCEB155	AOSCD	same	EER1400	EER1400	1710	1710	Y	identical	identical	1	1	0	0	N	N
IFCEB165	AOSCD	same	EER1400	EER1400	8706	8706	Y	identical	identical	1	1	0	0	N	N
IFCEC155	AOSCD	same	EER1400	EER1400	1726	1726	Y	identical	identical	1	1	0	0	N	N
IFCECHAR	AOSCD	same	EER1400	EER1400	2878	2878	Y	identical	identical	1	1	0	0	N	N
IFCED165	AOSCD	same	EER1400	EER1400	8970	8970	Y	identical	identical	1	1	0	0	N	N
IFCEDDR0	AOSCD	same	EER1400	EER1400	1566	1566	Y	differs	differs	1	1	0	0	Y	Y
IFCEDPA	AOSCD	same	EER1400	EER1400	2894	2894	Y	identical	identical	1	1	0	0	N	N
IFCEE155	AOSCD	same	EER1400	EER1400	3510	3510	Y	differs	differs	1	1	0	0	Y	Y
IFCEE165	AOSCD	same	EER1400	EER1400	7618	7618	Y	identical	identical	1	1	0	0	N	N
IFCEF165	AOSCD	same	EER1400	EER1400	9546	9546	Y	identical	identical	1	1	0	0	N	N
IFCEI135	AOSCD	same	EER1400	EER1400	7490	7490	Y	differs	differs	1	1	0	0	Y	Y
IFCEI155	AOSCD	same	EER1400	EER1400	7082	7082	Y	differs	differs	1	1	0	0	Y	Y
IFCEIPL0	AOSCD	same	EER1400	EER1400	2614	2614	Y	differs	differs	1	1	0	0	Y	Y
IFCEJ145	AOSCD	same	EER1400	EER1400	3426	3426	Y	differs	differs	1	1	0	0	Y	Y
IFCELEX1	AOSCD	same	EER1400	EER1400	8462	8462	Y	identical	identical	1	1	0	0	N	N
IFCEMAD1	AOSCD	same	EER1400	EER1400	3822	3822	Y	differs	differs	1	1	0	0	Y	Y
IFCEMER0	AOSCD	same	EER1400	EER1400	1358	1358	Y	identical	identical	1	1	0	0	N	N
IFCEMER1	AOSCD	same	EER1400	EER1400	2590	2590	Y	identical	identical	1	1	0	0	N	N
IFCEMER2	AOSCD	same	EER1400	EER1400	2662	2662	Y	identical	identical	1	1	0	0	N	N
IFCEMER3	AOSCD	same	EER1400	EER1400	1830	1830	Y	identical	identical	1	1	0	0	N	N
IFCEMER5	AOSCD	same	EER1400	EER1400	3118	3118	Y	identical	identical	1	1	0	0	N	N
IFCENAGO	AOSCD	same	EER1400	EER1400	5626	5626	Y	identical	identical	1	1	0	0	N	N
IFCERFMT	AOSC5	same	EER1400	EER1400	3905	3905	Y	differs	differs	1	1	0	0	Y	Y
IFCESOFT	AOSCD	same	EER1400	EER1400	5262	5262	Y	differs	differs	1	1	0	0	Y	Y
IFCET002	AOSCD	same	EER1400	EER1400	3102	3102	Y	differs	differs	1	1	0	0	Y	Y
IFCET004	AOSCD	same	EER1400	EER1400	1886	1886	Y	differs	differs	1	1	0	0	Y	Y
IFCET005	AOSCD	same	EER1400	EER1400	1110	1110	Y	differs	differs	1	1	0	0	Y	Y
IFCET006	AOSCD	same	EER1400	EER1400	1358	1358	Y	differs	differs	1	1	0	0	Y	Y
IFCET00B	AOSCD	same	EER1400	EER1400	1054	1054	Y	differs	differs	1	1	0	0	Y	Y
IFCETRN1	AOSCD	same	EER1400	EER1400	2754	2754	Y	identical	identical	1	1	0	0	N	N
IFCETRN2	AOSCD	same	EER1400	EER1400	1122	1122	Y	identical	identical	1	1	0	0	N	N
IFCETRN4	AOSCD	same	EER1400	EER1400	1806	1806	Y	differs	differs	1	1	0	0	Y	Y
IFCETRN8	AOSCD	same	EER1400	EER1400	1622	1622	Y	identical	identical	1	1	0	0	N	N
IFCETUL1	AOSCD	same	EER1400	EER1400	12062	12062	Y	identical	identical	1	1	0	0	N	N
IFCEUKNO	AOSCD	same	EER1400	EER1400	2110	2110	Y	differs	differs	1	1	0	0	Y	Y
IFCEWHT1	AOSCD	same	EER1400	EER1400	1118	1118	Y	identical	identical	1	1	0	0	N	N
IFCEWIN1	AOSCD	same	EER1400	EER1400	3646	3646	Y	differs	differs	1	1	0	0	Y	Y
IFCEXXX0	AOSCD	same	EER1400	EER1400	3590	3590	Y	differs	differs	1	1	0	0	Y	Y
IFCEXXX1	AOSCD	same	EER1400	EER1400	3174	3174	Y	differs	differs	1	1	0	0	Y	Y
IFCEXXX2	AOSCD	same	EER1400	EER1400	3322	3322	Y	differs	differs	1	1	0	0	Y	Y
IFCEXXX3	AOSCD	same	EER1400	EER1400	3994	3994	Y	differs	differs	1	1	0	0	Y	Y
IFCEXXX4	AOSCD	same	EER1400	EER1400	3902	3902	Y	differs	differs	1	1	0	0	Y	Y
IFCEXXX5	AOSCD	same	EER1400	EER1400	3390	3390	Y	differs	differs	1	1	0	0	Y	Y
IFCEXXX6	AOSCD	same	EER1400	EER1400	3558	3558	Y	differs	differs	1	1	0	0	Y	Y
IFCEXXX7	AOSCD	same	EER1400	EER1400	3826	3826	Y	differs	differs	1	1	0	0	Y	Y
IFCEXXX8	AOSCD	same	EER1400	EER1400	3794	3794	Y	differs	differs	1	1	0	0	Y	Y
IFCEXXX9	AOSCD	same	EER1400	EER1400	4434	4434	Y	differs	differs	1	1	0	0	Y	Y
IFCEXXXA	AOSCD	same	EER1400	EER1400	8054	8054	Y	differs	differs	1	1	0	0	Y	Y
IFCEXXXB	AOSCD	same	EER1400	EER1400	6102	6102	Y	differs	differs	1	1	0	0	Y	Y
IFCEXXXD	AOSCD	same	EER1400	EER1400	5014	5014	Y	differs	differs	1	1	0	0	Y	Y
IFCEXXXE	AOSCD	same	EER1400	EER1400	3646	3646	Y	differs	differs	1	1	0	0	Y	Y
IFCEXXXX	AOSCD	same	EER1400	EER1400	3766	3766	Y	differs	differs	1	1	0	0	Y	Y
IFCFMTIO	AOSC5	same	EER1400	EER1400	1617	1617	Y	differs	differs	1	1	0	0	Y	Y
IFCFRAMS	AOSCD	same	EER1400	EER1400	3681	3681	Y	identical	identical	1	1	0	0	N	N
IFCRFLO1	AOSCD	same	EER1400	EER1400	14561	14561	Y	identical	identical	1	1	0	0	N	N
IFCS0135	AOSCD	same	EER1400	EER1400	838	838	Y	identical	identical	1	1	0	0	N	N
IFCS0145	AOSCD	same	EER1400	EER1400	4718	4718	Y	identical	identical	1	1	0	0	N	N
IFCS0155	AOSCD	same	EER1400	EER1400	1182	1182	Y	identical	identical	1	1	0	0	N	N
IFCS0165	AOSCD	same	EER1400	EER1400	8106	8106	Y	differs	differs	1	1	0	0	Y	Y
IFCS2860	AOSCD	same	EER1400	EER1400	3114	3114	Y	identical	identical	1	1	0	0	N	N
IFCS2870	AOSCD	same	EER1400	EER1400	3162	3162	Y	identical	identical	1	1	0	0	N	N
IFCS2880	AOSCD	same	EER1400	EER1400	3210	3210	Y	identical	identical	1	1	0	0	N	N
IFCS3031	AOSCD	same	EER1400	EER1400	15429	15429	Y	identical	identical	1	1	0	0	N	N
IFCS3032	AOSCD	same	EER1400	EER1400	15109	15109	Y	identical	identical	1	1	0	0	N	N
IFCS3033	AOSCD	same	EER1400	EER1400	14577	14577	Y	identical	identical	1	1	0	0	N	N
IFCSAEXX	AOSCD	same	EER1400	EER1400	5558	5558	Y	identical	identical	1	1	0	0	N	N
IFCSAXXX	AOSCD	same	EER1400	EER1400	4226	4226	Y	differs	differs	1	1	0	0	Y	Y
IFCSCHAR	AOSCD	same	EER1400	EER1400	4238	4238	Y	differs	differs	1	1	1	1	N	N
IFCSCRND	AOSCD	same	EER1400	EER1400	14961	14961	Y	identical	identical	1	1	0	0	N	N
IFCSCRXX	AOSCD	same	EER1400	EER1400	826	826	Y	identical	identical	1	1	0	0	N	N
IFCSDICH	AOSCD	same	EER1400	EER1400	16453	16453	Y	identical	identical	1	1	0	0	N	N
IFCSI145	AOSCD	same	EER1400	EER1400	5914	5914	Y	differs	differs	1	1	0	0	Y	Y
IFCSI155	AOSCD	same	EER1400	EER1400	1842	1842	Y	identical	identical	1	1	0	0	N	N
IFCSIPL0	AOSCD	same	EER1400	EER1400	2250	2250	Y	identical	identical	1	1	0	0	N	N
IFCSNAGO	AOSCD	same	EER1400	EER1400	6042	6042	Y	identical	identical	1	1	0	0	N	N
IFCST003	AOSCD	same	EER1400	EER1400	2302	2302	Y	identical	identical	1	1	0	0	N	N
IFCST005	AOSCD	same	EER1400	EER1400	2330	2330	Y	differs	differs	1	1	0	0	Y	Y
IFCST006	AOSCD	same	EER1400	EER1400	1906	1906	Y	identical	identical	1	1	0	0	N	N
IFCST008	AOSCD	same	EER1400	EER1400	6482	6482	Y	differs	differs	1	1	0	0	Y	Y
IFCST00B	AOSCD	same	EER1400	EER1400	1310	1310	Y	identical	identical	1	1	0	0	N	N
IFCSUKNO	AOSCD	same	EER1400	EER1400	1646	1646	Y	identical	identical	1	1	0	0	N	N
IFCSXXX0	AOSCD	same	EER1400	EER1400	2686	2686	Y	identical	identical	1	1	0	0	N	N
IFCSXXX1	AOSCD	same	EER1400	EER1400	3006	3006	Y	identical	identical	1	1	0	0	N	N
IFCSXXX2	AOSCD	same	EER1400	EER1400	3042	3042	Y	identical	identical	1	1	0	0	N	N
IFCSXXX3	AOSCD	same	EER1400	EER1400	3738	3738	Y	identical	identical	1	1	0	0	N	N
IFCSXXX4	AOSCD	same	EER1400	EER1400	4950	4950	Y	identical	identical	1	1	0	0	N	N
IFCSXXX5	AOSCD	same	EER1400	EER1400	3654	3654	Y	identical	identical	1	1	0	0	N	N
IFCSXXX6	AOSCD	same	EER1400	EER1400	3646	3646	Y	identical	identical	1	1	0	0	N	N
IFCSXXX7	AOSCD	same	EER1400	EER1400	3546	3546	Y	differs	differs	1	1	0	0	Y	Y
IFCSXXX8	AOSCD	same	EER1400	EER1400	3642	3642	Y	identical	identical	1	1	0	0	N	N
IFCSXXX9	AOSCD	same	EER1400	EER1400	5498	5498	Y	differs	differs	1	1	0	0	Y	Y
IFCSXXXA	AOSCD	same	EER1400	EER1400	9542	9542	Y	differs	differs	1	1	0	0	Y	Y
IFCSXXXE	AOSCD	same	EER1400	EER1400	3990	3990	Y	differs	differs	1	1	0	0	Y	Y
IFCSXXXG	AOSCD	same	EER1400	EER1400	1302	1302	Y	identical	identical	1	1	0	0	N	N
IFCSXXXX	AOSCD	same	EER1400	EER1400	3654	3654	Y	differs	differs	1	1	0	0	Y	Y
IFCSYMCD	AOSCD	same	EER1400	EER1400	657	657	Y	differs	differs	1	1	2	2	N	N
IFCT1107	AOSCD	same	EER1400	EER1400	5037	5037	Y	identical	identical	1	1	0	0	N	N
IFCT1204	AOSCD	same	EER1400	EER1400	4265	4265	Y	identical	identical	1	1	0	0	N	N
IFCT1307	AOSCD	same	EER1400	EER1400	2213	2213	Y	identical	identical	1	1	0	0	N	N
IFCT2104	AOSCD	same	EER1400	EER1400	4101	4101	Y	identical	identical	1	1	0	0	N	N
IFCT2204	AOSCD	same	EER1400	EER1400	3617	3617	Y	identical	identical	1	1	0	0	N	N
IFCT2305	AOSCD	same	EER1400	EER1400	3509	3509	Y	identical	identical	1	1	0	0	N	N
IFCT3102	AOSCD	same	EER1400	EER1400	6273	6273	Y	identical	identical	1	1	0	0	N	N
IFCT3204	AOSCD	same	EER1400	EER1400	5045	5045	Y	identical	identical	1	1	0	0	N	N
IFCTA105	AOSCD	same	EER1400	EER1400	6145	6145	Y	identical	identical	1	1	0	0	N	N
IFCTA201	AOSCD	same	EER1400	EER1400	5217	5217	Y	identical	identical	1	1	0	0	N	N
IFCTA301	AOSCD	same	EER1400	EER1400	3965	3965	Y	identical	identical	1	1	0	0	N	N
IFCTABLE	AOSCD	same	EER1400	EER1400	4098	4098	Y	identical	identical	1	1	0	0	N	N
IFCTB105	AOSCD	same	EER1400	EER1400	6145	6145	Y	identical	identical	1	1	0	0	N	N
IFCTB205	AOSCD	same	EER1400	EER1400	6001	6001	Y	identical	identical	1	1	0	0	N	N
IFCTB305	AOSCD	same	EER1400	EER1400	4785	4785	Y	identical	identical	1	1	0	0	N	N
IFCTB405	AOSCD	same	EER1400	EER1400	2537	2537	Y	identical	identical	1	1	0	0	N	N
IFCTC104	AOSCD	same	EER1400	EER1400	6145	6145	Y	identical	identical	1	1	0	0	N	N
IFCTC201	AOSCD	same	EER1400	EER1400	6001	6001	Y	identical	identical	1	1	0	0	N	N
IFCTC205	AOSCD	same	EER1400	EER1400	5265	5265	Y	identical	identical	1	1	0	0	N	N
IFCTC301	AOSCD	same	EER1400	EER1400	4785	4785	Y	identical	identical	1	1	0	0	N	N
IFCTC305	AOSCD	same	EER1400	EER1400	3965	3965	Y	identical	identical	1	1	0	0	N	N
IFCTC401	AOSCD	same	EER1400	EER1400	2537	2537	Y	identical	identical	1	1	0	0	N	N
IFDMSG00	AOS06	same	UZ59401	UZ59401	2993	2993	Y	identical	identical	1	1	0	0	N	N
IFDMSG03	AOS06	same	UZ59401	UZ59401	1441	1441	Y	differs	differs	1	1	41	41	N	N
IFDMSG04	AOS06	same	EBB1102	EBB1102	597	597	Y	differs	differs	1	1	4	4	N	N
IFDMSG05	AOS06	same	EBB1102	EBB1102	465	465	Y	differs	differs	1	1	2	2	N	N
IFDMSG06	AOS06	same	EBB1102	EBB1102	445	445	Y	differs	differs	1	1	9	9	N	N
IFDMSG07	AOS06	same	EBB1102	EBB1102	885	885	Y	differs	differs	1	1	25	25	N	N
IFDMSG08	AOS06	same	EBB1102	EBB1102	429	429	Y	differs	differs	1	1	5	5	N	N
IFDMSG13	AOS06	same	EBB1102	EBB1102	545	545	Y	differs	differs	1	1	3	3	N	N
IFDMSG22	AOS06	same	EBB1102	EBB1102	681	681	Y	differs	differs	1	1	2	2	N	N
IFDMSG31	AOS06	same	EBB1102	EBB1102	1061	1061	Y	differs	differs	1	1	16	16	N	N
IFDMSG32	AOS06	same	EBB1102	EBB1102	549	549	Y	differs	differs	1	1	7	7	N	N
IFDMSG33	AOS06	same	EBB1102	EBB1102	825	825	Y	differs	differs	1	1	10	10	N	N
IFDMSG37	AOS06	same	EBB1102	EBB1102	545	545	Y	differs	differs	1	1	2	2	N	N
IFDMSG38	AOS06	same	EBB1102	EBB1102	489	489	Y	differs	differs	1	1	2	2	N	N
IFDMSG50	AOS06	same	EBB1102	EBB1102	2509	2509	Y	differs	differs	1	1	6	6	N	N
IFDMSG53	AOS06	same	UZ59401	UZ59401	733	733	Y	differs	differs	1	1	22	22	N	N
IFDMSG54	AOS06	same	EBB1102	EBB1102	685	685	Y	differs	differs	1	1	14	14	N	N
IFDMSG56	AOS06	same	EBB1102	EBB1102	637	637	Y	differs	differs	1	1	17	17	N	N
IFDMSG61	AOS06	same	EBB1102	EBB1102	737	737	Y	differs	differs	1	1	8	8	N	N
IFDMSG73	AOS06	same	EBB1102	EBB1102	973	973	Y	differs	differs	1	1	17	17	N	N
IFDMSG74	AOS06	same	EBB1102	EBB1102	421	421	Y	differs	differs	1	1	1	1	N	N
IFDMSGAJ	AOS06	same	EBB1102	EBB1102	1089	1089	Y	differs	differs	1	1	7	7	N	N
IFDOLT0A	AOS06	same	UZ31173	UZ31173	430	430	Y	identical	identical	1	1	0	0	N	N
IFDOLT10	AOS06	same	EBB1102	EBB1102	605	605	Y	differs	differs	1	1	10	10	N	N
IFDOLT11	AOS06	same	EBB1102	EBB1102	525	525	Y	differs	differs	1	1	10	10	N	N
IFDOLT23	AOS06	same	EBB1102	EBB1102	4361	4361	Y	differs	differs	1	1	2	2	N	N
IFDOLT41	AOS06	same	EBB1102	EBB1102	645	645	Y	differs	differs	1	1	10	10	N	N
IFDOLT46	AOS06	same	UZ64446	UZ64446	2382	2382	Y	differs	differs	1	1	143	143	N	N
IFDOLT59	AOS06	same	EBB1102	EBB1102	421	421	Y	differs	differs	1	1	6	6	N	N
IFDOLTAA	AOS06	same	EBB1102	EBB1102	701	701	Y	differs	differs	1	1	10	10	N	N
IFDOLTAB	AOS06	same	EBB1102	EBB1102	525	525	Y	differs	differs	1	1	10	10	N	N
IFFABA	AOSG0	rmid-differs	UZ51149	UZ57991	622	614	N	identical	differs	1	1	0	0	N	Y
IFFAHA11	AOS07	same	UZ90085	UZ90085	1358	1358	Y	differs	differs	2	2	0	0	Y	Y
IFFAHA12	AOS07	same	UZ90085	UZ90085	1850	1850	Y	differs	differs	1	1	11	11	N	N
IFFAHA16	AOS07	same	UZ28975	UZ28975	3762	3762	Y	identical	identical	1	1	0	0	N	N
IFFAJA01	AOS07	same	EGS1102	EGS1102	637	637	Y	identical	identical	1	1	0	0	N	N
IFFANA	AOSG0	same	EGA1102	EGA1102	1005	1005	Y	differs	differs	2	2	4	4	N	N
IFFCAN01	AOSG0	rmid-differs	UZ51149	UZ31164	3050	2970	N	differs	differs	1	1	0	0	Y	Y
IFFCAN02	AOSG0	same	UZ52993	UZ52993	2726	2726	Y	differs	differs	1	1	0	0	Y	Y
IFFCAN03	AOSG0	same	EGA1102	EGA1102	397	397	Y	identical	identical	1	1	0	0	N	N
IFFPAAST	AOSG0	same	EGA1102	EGA1102	749	749	Y	differs	differs	1	1	1	1	N	N
IFFPBAPR	AOSG0	same	EGA1102	EGA1102	1469	1469	Y	identical	identical	1	1	0	0	N	N
IFFPCAAR	AOSG0	same	EGA1102	EGA1102	2653	2653	Y	differs	differs	1	1	2	2	N	N
IFFPDAPL	AOSG0	same	EGA1102	EGA1102	3565	3565	Y	identical	identical	1	1	0	0	N	N
IFFPEAGR	AOSG0	same	EGA1102	EGA1102	1669	1669	Y	identical	identical	1	1	0	0	N	N
IFFPFAVA	AOSG0	same	EGA1102	EGA1102	3125	3125	Y	differs	differs	1	1	4	4	N	N
IFFPGAVP	AOSG0	same	EGA1102	EGA1102	3077	3077	Y	identical	identical	1	1	0	0	N	N
IFFPHALA	AOSG0	same	EGA1102	EGA1102	2045	2045	Y	identical	identical	1	1	0	0	N	N
IFFPIAPG	AOSG0	same	EGA1102	EGA1102	4213	4213	Y	differs	differs	1	1	4	4	N	N
IFFPJAPV	AOSG0	same	EGA1102	EGA1102	3733	3733	Y	differs	differs	1	1	1507	1507	N	N
IFFPLARE	AOSG0	same	EGA1102	EGA1102	1317	1317	Y	identical	identical	1	1	0	0	N	N
IFFPPASG	AOSG0	same	EGA1102	EGA1102	1093	1093	Y	identical	identical	1	1	0	0	N	N
IFG0559C	AOSD0	same	EDM1102	EDM1102	1785	1785	Y	identical	identical	1	1	0	0	N	N
IFG0EX0A	AOSD0	same	EDM1102	EDM1102	341	341	Y	identical	identical	1	1	0	0	N	N
IFHSTATR	AOSU0	same	EUT1102	EUT1102	2229	2229	Y	differs	differs	1	1	140	140	N	N
IFNX5F	AOS03	same	EAS1102	EAS1102	2022	2022	Y	differs	differs	1	1	9	9	N	N
IFNX5V	AOS03	same	EAS1102	EAS1102	2210	2210	Y	differs	differs	1	1	9	9	N	N
IFNX6C	AOS03	same	EAS1102	EAS1102	10718	10718	Y	differs	differs	1	1	2052	2052	N	N
IFOX0B	AOS03	same	EAS1102	EAS1102	2110	2110	Y	differs	differs	1	1	9	9	N	N
IFOX0C	AOS03	rmid-differs	UZ57269	EAS1102	2198	2186	N	differs	differs	1	1	9	14	N	N
IFOX0E	AOS03	same	EAS1102	EAS1102	774	774	Y	differs	differs	1	1	8	8	N	N
IFOX0F	AOS03	same	UZ32460	UZ32460	1237	1237	Y	differs	differs	1	1	0	0	Y	Y
IFOX0G	AOS03	same	EAS1102	EAS1102	1022	1022	Y	differs	differs	1	1	13	13	N	N
IFOX0H	AOS03	rmid-differs	UZ58330	EAS1102	1434	1422	N	differs	differs	1	1	11	86	N	N
IFOX0J	AOS03	same	EAS1102	EAS1102	378	378	Y	identical	identical	1	1	0	0	N	N
IGC0001G	ALPALIB	same	EBB1102	EBB1102	810	810	Y	differs	differs	1	1	13	13	N	N
IGC0002D	AOSD0	rmid-differs	UZ73568	UZ55548	1522	1498	N	differs	differs	1	1	0	0	Y	Y
IGC0002E	AOSD0	rmid-differs	UZ61346	UZ37211	1818	1818	N	differs	differs	1	1	0	0	Y	Y
IGC0002F	AOSD0	rmid-differs	UZ77659	UZ55818	4733	4533	N	differs	differs	1	1	0	0	Y	Y
IGC0003I	AOSU0	same	EUT1102	EUT1102	1357	1357	Y	identical	identical	1	1	0	0	N	N
IGC0005D	AOSD8	same	UZ24449	UZ24449	887	887	Y	identical	identical	1	1	0	0	N	N
IGC0006H	AOSD0	same	EDM1102	EDM1102	1490	1490	Y	differs	differs	1	1	0	0	Y	Y
IGC0006I	AOSD0	rmid-differs	UZ67535	UZ35213	1646	1622	N	differs	differs	1	1	0	0	Y	Y
IGC0007A	AOSG0	rmid-differs	UZ70235	UZ56893	4098	4026	N	differs	differs	1	1	0	0	Y	Y
IGC0007C	AOSG0	rmid-differs	UZ60117	UZ31164	1150	1142	N	differs	differs	1	1	0	0	Y	Y
IGC0007D	AOSG0	same	UZ31164	UZ31164	1238	1238	Y	differs	differs	1	1	0	0	Y	Y
IGC0007E	AOSG0	same	UZ35659	UZ35659	1062	1062	Y	differs	differs	1	1	0	0	Y	Y
IGC0008A	AOSD0	rmid-differs	UZ46194	UZ37464	2734	2566	N	differs	differs	1	1	0	0	Y	Y
IGC0008E	AOSCE	same	EBB1102	EBB1102	569	569	Y	differs	differs	1	1	3	3	N	N
IGC0008F	AOSU0	same	UZ33208	UZ33208	1521	1521	Y	differs	differs	1	1	0	0	Y	Y
IGC0008H	AOSC5	same	UZ60084	UZ60084	838	838	Y	differs	differs	1	1	0	0	Y	Y
IGC0009C	AOST3	same	UZ56850	UZ56850	990	990	Y	differs	differs	1	1	0	0	Y	Y
IGC0009H	AOSD0	rmid-differs	UZ69430	UZ35595	1986	1914	N	differs	differs	1	1	0	0	Y	Y
IGC0010D	AOS21	same	UZ31811	UZ31811	2066	2066	Y	differs	differs	1	1	0	0	Y	Y
IGC0012F	AOSD0	rmid-differs	UY06637	UZ54214	10993	10153	N	differs	differs	1	1	0	0	Y	Y
IGC0106F	AOS20	rmid-differs	UZ77326	EBT1102	1214	1181	N	differs	identical	1	1	3	0	N	N
IGC0106H	AOSD0	rmid-differs	UZ71628	UZ90039	1110	1063	N	differs	differs	1	1	0	0	Y	Y
IGC0107C	AOSG0	same	EGA1102	EGA1102	813	813	Y	differs	differs	1	1	9	9	N	N
IGC0107D	AOSG0	same	EGA1102	EGA1102	1165	1165	Y	differs	differs	1	1	13	13	N	N
IGC0109H	AOSD0	same	UZ32133	UZ32133	1723	1723	Y	differs	differs	1	1	0	0	Y	Y
IGC0110D	AOS21	same	UZ27745	UZ27745	1570	1570	Y	differs	differs	1	1	0	0	Y	Y
IGC0112F	AOSD0	same	UZ56085	UZ56085	2821	2821	Y	differs	differs	1	1	0	0	Y	Y
IGC0203E	AOSB3	rmid-differs	UY13810	UZ66596	1969	1945	N	differs	differs	1	1	0	0	Y	Y
IGC0206F	AOS20	rmid-differs	UZ77326	EBT1102	1182	1149	N	identical	differs	1	1	0	1	N	N
IGC0206H	AOSD0	same	EDM1102	EDM1102	877	877	Y	differs	differs	1	1	0	0	Y	Y
IGC0207A	AOSG0	same	EGA1102	EGA1102	1397	1397	Y	differs	differs	1	1	12	12	N	N
IGC0209H	AOSD0	rmid-differs	UZ59657	UZ31625	1698	1659	N	differs	differs	1	1	0	0	Y	Y
IGC0210D	AOS21	same	UZ27745	UZ27745	2201	2201	Y	differs	differs	1	1	0	0	Y	Y
IGC0306F	AOS20	rmid-differs	UZ77326	EBT1102	1286	1253	N	differs	differs	1	1	3	2	N	N
IGC0306H	AOSD0	same	EDM1102	EDM1102	1010	1010	Y	differs	differs	1	1	0	0	Y	Y
IGC0308B	AOSU0	same	EDS1102	EDS1102	954	954	Y	identical	identical	1	1	0	0	N	N
IGC0310D	AOS21	same	UZ29740	UZ29740	1498	1498	Y	differs	differs	1	1	0	0	Y	Y
IGC0406F	AOS20	rmid-differs	UZ77326	EBT1102	1238	1205	N	differs	differs	1	1	6	3	N	N
IGC0406H	AOSD0	rmid-differs	UZ57182	EDM1102	1030	986	N	differs	differs	1	1	0	0	Y	Y
IGC0408B	AOSU0	same	EMS1102	EMS1102	1661	1661	Y	differs	differs	1	1	272	272	N	N
IGC0410D	AOS21	same	UZ27745	UZ27745	1358	1358	Y	differs	differs	1	1	0	0	Y	Y
IGC0506C	AOSC6	same	UZ30520	UZ30520	1631	1631	Y	differs	differs	1	1	0	0	Y	Y
IGC0506F	AOS20	same	UZ25095	UZ25095	1318	1318	Y	differs	differs	1	1	0	0	Y	Y
IGC0506H	AOSD0	same	EDM1102	EDM1102	741	741	Y	differs	differs	1	1	0	0	Y	Y
IGC0508B	AOSU0	same	UZ24304	UZ24304	2233	2233	Y	identical	identical	1	1	0	0	N	N
IGC0510D	AOS21	same	UZ29740	UZ29740	1474	1474	Y	differs	differs	1	1	0	0	Y	Y
IGC0606F	AOS20	rmid-differs	UZ77326	EBT1102	854	821	N	differs	differs	1	1	1	1	N	N
IGC0606H	AOSD0	same	EDM1102	EDM1102	1109	1109	Y	differs	differs	1	1	0	0	Y	Y
IGC0610D	AOS21	same	UZ34340	UZ34340	1745	1745	Y	differs	differs	1	1	0	0	Y	Y
IGC0706F	AOS20	rmid-differs	UY15787	EBT1102	1086	1045	N	differs	identical	1	1	0	0	Y	N
IGC0706H	AOSD0	same	UZ27678	UZ27678	927	927	Y	differs	differs	1	1	0	0	Y	Y
IGC0710D	AOS21	same	UZ30024	UZ30024	1970	1970	Y	differs	differs	1	1	0	0	Y	Y
IGC0806F	AOS20	rmid-differs	UY15787	EBT1102	1310	1277	N	differs	differs	1	1	442	1	N	N
IGC0806H	AOSD0	same	UZ90039	UZ90039	759	759	Y	differs	differs	1	1	0	0	Y	Y
IGC0810D	AOS21	same	UZ27745	UZ27745	1466	1466	Y	differs	differs	1	1	0	0	Y	Y
IGC084	AOSG0	same	UZ31164	UZ31164	566	566	Y	differs	differs	1	1	2	2	N	N
IGC0906F	AOS20	rmid-differs	UZ77326	EBT1102	1150	1117	N	differs	differs	1	1	3	1	N	N
IGC0906H	AOSD0	rmid-differs	UZ63727	EDM1102	1246	1221	N	differs	differs	1	1	0	0	Y	Y
IGC0910D	AOS21	same	UZ27745	UZ27745	1374	1374	Y	differs	differs	1	1	0	0	Y	Y
IGC0A06F	AOS20	rmid-differs	UZ77326	EBT1102	1150	1117	N	differs	differs	1	1	5	1	N	N
IGC0A10D	AOS21	same	UZ55744	UZ55744	3430	3430	Y	differs	differs	1	1	0	0	Y	Y
IGC0B06F	AOS20	rmid-differs	UZ77326	EBT1102	726	693	N	differs	differs	1	1	2	2	N	N
IGC0B10D	AOS21	same	UZ31475	UZ31475	2517	2517	Y	differs	differs	1	1	0	0	Y	Y
IGC0C06F	AOS20	rmid-differs	UZ77326	EBT1102	1286	1253	N	differs	differs	1	1	7	5	N	N
IGC0C10D	AOS21	same	UZ29740	UZ29740	1609	1609	Y	differs	differs	1	1	0	0	Y	Y
IGC0D06F	AOS20	rmid-differs	UY15787	UZ25095	1414	1414	N	differs	differs	1	1	0	0	Y	Y
IGC0D10D	AOS21	same	UZ27745	UZ27745	1649	1649	Y	differs	differs	1	1	0	0	Y	Y
IGC0E06F	AOS20	rmid-differs	UY15787	UZ25095	1190	1182	N	differs	differs	1	1	0	0	Y	Y
IGC0E10D	AOS21	same	UZ30261	UZ30261	1721	1721	Y	differs	differs	1	1	0	0	Y	Y
IGC0F05A	AOS11	same	UZ67485	UZ67485	9149	9149	N	differs	differs	1	1	0	0	Y	Y
IGC0F06F	AOS20	rmid-differs	UY15787	UZ25095	1270	1262	N	differs	differs	1	1	0	0	Y	Y
IGC0G05B	AOSC6	same	EDM1102	EDM1102	1274	1274	Y	differs	differs	1	1	5	5	N	N
IGC0G10D	AOS21	same	UZ27745	UZ27745	1405	1405	Y	differs	differs	1	1	0	0	Y	Y
IGC0G95B	AOSC6	same	EDM1102	EDM1102	1346	1346	Y	differs	differs	1	1	5	5	N	N
IGC0H05B	AOSC6	same	EDM1102	EDM1102	1630	1630	Y	differs	differs	1	1	5	5	N	N
IGC0H10D	AOS21	same	UZ27745	UZ27745	2533	2533	Y	differs	differs	1	1	0	0	Y	Y
IGC0I05B	AOSC6	same	EDM1102	EDM1102	986	986	Y	differs	differs	1	1	5	5	N	N
IGC0J05B	AOS21	same	ETC0108	ETC0108	970	970	Y	differs	differs	1	1	94	94	N	N
IGC0K10D	AOS21	same	UZ27745	UZ27745	1853	1853	Y	differs	differs	1	1	0	0	Y	Y
IGC0L05B	AOSC6	rmid-differs	UZ66691	UZ24473	742	727	N	differs	differs	1	1	0	0	Y	Y
IGC0L10D	AOS21	same	UZ27745	UZ27745	1585	1585	Y	differs	differs	1	1	0	0	Y	Y
IGC0N06C	AOSC6	same	EDM1102	EDM1102	1301	1301	Y	differs	differs	1	1	0	0	Y	Y
IGC0N10D	AOS21	same	UZ27745	UZ27745	597	597	Y	differs	differs	1	1	0	0	Y	Y
IGC0P05B	AOSC6	same	EDM1102	EDM1102	1069	1069	Y	differs	differs	1	1	0	0	Y	Y
IGC0Q05B	AOSC6	same	EDM1102	EDM1102	930	930	Y	differs	differs	1	1	5	5	N	N
IGC0R05B	AOSC6	rmid-differs	UZ77806	UZ25848	2234	2203	N	differs	differs	1	1	0	0	Y	Y
IGC0T05B	AOSC6	rmid-differs	UZ66717	EDM1102	1334	1346	N	differs	differs	1	1	0	5	Y	N
IGC0W05B	AOSC6	same	EDM1102	EDM1102	1218	1218	Y	differs	differs	1	1	0	0	Y	Y
IGC1006F	AOS20	rmid-differs	UY15787	UZ25095	1302	1294	N	differs	differs	1	1	254	0	N	Y
IGC1106F	AOS20	rmid-differs	UY15787	UZ25095	1358	1358	N	differs	differs	1	1	254	0	N	Y
IGC1206F	AOS20	same	UZ25095	UZ25095	590	590	Y	differs	differs	1	1	0	0	Y	Y
IGC1306F	AOS20	rmid-differs	UY15787	UZ25095	1022	1022	N	differs	differs	1	1	0	75	Y	N
IGC1406F	AOS20	rmid-differs	UY15787	UZ25095	1022	1014	N	differs	differs	1	1	0	12	Y	N
IGCA010D	AOS21	same	UZ27618	UZ27618	1189	1189	Y	differs	differs	1	1	0	0	Y	Y
IGCA110D	AOS21	same	UZ24879	UZ24879	1993	1993	Y	differs	differs	1	1	0	0	Y	Y
IGCA210D	AOS21	same	UZ27618	UZ27618	1689	1689	Y	differs	differs	1	1	0	0	Y	Y
IGCA310D	AOS21	same	UZ27618	UZ27618	2129	2129	Y	differs	differs	1	1	0	0	Y	Y
IGCA410D	AOS21	same	UZ27618	UZ27618	893	893	Y	differs	differs	1	1	0	0	Y	Y
IGCA510D	AOS21	same	UZ34384	UZ34384	1673	1673	Y	differs	differs	1	1	0	0	Y	Y
IGCA610D	AOS21	same	UZ27618	UZ27618	1225	1225	Y	differs	differs	1	1	0	0	Y	Y
IGCA710D	AOS21	same	UZ27618	UZ27618	925	925	Y	differs	differs	1	1	0	0	Y	Y
IGCA810D	AOS21	same	UZ27618	UZ27618	773	773	Y	differs	differs	1	1	0	0	Y	Y
IGCA910D	AOS21	same	UZ27618	UZ27618	1197	1197	Y	differs	differs	1	1	0	0	Y	Y
IGCAA10D	AOS21	same	UZ27618	UZ27618	1457	1457	Y	differs	differs	1	1	0	0	Y	Y
IGCAB10D	AOS21	same	UZ27618	UZ27618	1053	1053	Y	differs	differs	1	1	0	0	Y	Y
IGCAC10D	AOS21	same	UZ27618	UZ27618	981	981	Y	differs	differs	1	1	0	0	Y	Y
IGCAD10D	AOS21	same	UZ27618	UZ27618	1341	1341	Y	differs	differs	1	1	0	0	Y	Y
IGCAE10D	AOS21	same	UZ27618	UZ27618	1125	1125	Y	differs	differs	1	1	0	0	Y	Y
IGCAF10D	AOS21	same	UZ27618	UZ27618	813	813	Y	differs	differs	1	1	266	266	N	N
IGCAG10D	AOS21	same	UZ27618	UZ27618	925	925	Y	differs	differs	1	1	0	0	Y	Y
IGCAL10D	AOS21	same	UZ34384	UZ34384	997	997	Y	differs	differs	1	1	0	0	Y	Y
IGCAT10D	AOS21	same	UZ27618	UZ27618	2161	2161	Y	differs	differs	1	1	0	0	Y	Y
IGCC010D	AOS21	same	UZ30182	UZ30182	1405	1405	Y	differs	differs	1	1	407	407	N	N
IGCC110D	AOS21	same	UZ31756	UZ31756	2477	2477	Y	differs	differs	1	1	0	0	Y	Y
IGCD010D	AOS21	same	UZ35015	UZ35015	1706	1706	Y	differs	differs	1	1	0	0	Y	Y
IGCD110D	AOS21	same	UZ33869	UZ33869	1418	1418	Y	differs	differs	1	1	0	0	Y	Y
IGCD210D	AOS21	same	UZ36050	UZ36050	1134	1134	Y	differs	differs	1	1	0	0	Y	Y
IGCD310D	AOS21	same	UZ53344	UZ53344	2710	2710	Y	differs	differs	1	1	0	0	Y	Y
IGCD410D	AOS21	same	UZ34028	UZ34028	918	918	Y	differs	differs	1	1	0	0	Y	Y
IGCD510D	AOS21	same	UZ27621	UZ27621	1466	1466	Y	differs	differs	1	1	0	0	Y	Y
IGCD610D	AOS21	same	UZ34000	UZ34000	1286	1286	Y	differs	differs	1	1	0	0	Y	Y
IGCD710D	AOS21	same	UZ27621	UZ27621	742	742	Y	differs	differs	1	1	0	0	Y	Y
IGCD810D	AOS21	same	UZ27621	UZ27621	1286	1286	Y	differs	differs	1	1	0	0	Y	Y
IGCD910D	AOS21	same	UZ27621	UZ27621	1506	1506	Y	differs	differs	1	1	0	0	Y	Y
IGCDB10D	AOS21	same	UZ27621	UZ27621	949	949	Y	differs	differs	1	1	0	0	Y	Y
IGCDC10D	AOS21	same	UZ27621	UZ27621	1553	1553	Y	differs	differs	1	1	0	0	Y	Y
IGCDD10D	AOS21	same	UZ27621	UZ27621	1441	1441	Y	differs	differs	1	1	0	0	Y	Y
IGCDL10D	AOS21	same	UZ33997	UZ33997	2001	2001	Y	differs	differs	1	1	0	0	Y	Y
IGCDM10D	AOS21	same	UZ27621	UZ27621	997	997	Y	identical	identical	1	1	0	0	N	N
IGCFA10D	AOS21	same	UZ56668	UZ56668	1737	1737	Y	differs	differs	1	1	0	0	Y	Y
IGCFB10D	AOS21	same	UZ31475	UZ31475	1921	1921	Y	differs	differs	1	1	0	0	Y	Y
IGCFC10D	AOS21	same	UZ34384	UZ34384	1381	1381	Y	differs	differs	1	1	0	0	Y	Y
IGCFD10D	AOS21	same	UZ27635	UZ27635	829	829	Y	differs	differs	1	1	319	319	N	N
IGCFE10D	AOS21	same	UZ56668	UZ56668	1721	1721	Y	differs	differs	1	1	0	0	Y	Y
IGCFF10D	AOS21	same	UZ34799	UZ34799	1953	1953	Y	differs	differs	1	1	0	0	Y	Y
IGCFG10D	AOS21	same	UZ27635	UZ27635	1609	1609	Y	differs	differs	1	1	0	0	Y	Y
IGCFH10D	AOS21	same	UZ27635	UZ27635	1897	1897	Y	differs	differs	1	1	0	0	Y	Y
IGCFI10D	AOS21	same	UZ34032	UZ34032	2177	2177	Y	differs	differs	1	1	0	0	Y	Y
IGCFJ10D	AOS21	same	UZ56668	UZ56668	2493	2493	Y	differs	differs	1	1	0	0	Y	Y
IGCFK10D	AOS21	same	UZ27635	UZ27635	781	781	Y	differs	differs	1	1	0	0	Y	Y
IGCFL10D	AOS21	same	UZ36066	UZ36066	2273	2273	Y	differs	differs	1	1	0	0	Y	Y
IGCFP10D	AOS21	same	UZ29096	UZ29096	2097	2097	Y	differs	differs	1	1	0	0	Y	Y
IGCFQ10D	AOS21	same	UZ27635	UZ27635	2393	2393	Y	differs	differs	1	1	0	0	Y	Y
IGCFR10D	AOS21	same	UZ56668	UZ56668	1625	1625	Y	identical	identical	1	1	0	0	N	N
IGCH010D	AOS21	same	UZ34240	UZ34240	2477	2477	Y	differs	differs	1	1	0	0	Y	Y
IGCI010D	AOS21	same	UZ27746	UZ27746	1754	1754	Y	differs	differs	1	1	0	0	Y	Y
IGCI110D	AOS21	same	UZ27746	UZ27746	1150	1150	Y	differs	differs	1	1	0	0	Y	Y
IGCI210D	AOS21	same	UZ27746	UZ27746	2193	2193	Y	differs	differs	1	1	0	0	Y	Y
IGCI310D	AOS21	same	UZ27746	UZ27746	1585	1585	Y	differs	differs	1	1	0	0	Y	Y
IGCM010D	AOS21	same	UZ27662	UZ27662	1390	1390	Y	differs	differs	1	1	525	525	N	N
IGCM110D	AOS21	same	UZ29740	UZ29740	1554	1554	Y	differs	differs	1	1	0	0	Y	Y
IGCM210D	AOS21	same	UZ27662	UZ27662	958	958	Y	differs	differs	1	1	0	0	Y	Y
IGCM310D	AOS21	same	UZ27662	UZ27662	1213	1213	Y	differs	differs	1	1	0	0	Y	Y
IGCM410D	AOS21	same	UZ27662	UZ27662	2434	2434	Y	differs	differs	1	1	1509	1509	N	N
IGCM510D	AOS21	same	UZ27662	UZ27662	950	950	Y	differs	differs	1	1	0	0	Y	Y
IGCM610D	AOS21	same	UZ31409	UZ31409	1334	1334	Y	differs	differs	1	1	0	0	Y	Y
IGCM710D	AOS21	same	UZ27662	UZ27662	1390	1390	Y	differs	differs	1	1	916	916	N	N
IGCM810D	AOS21	same	UZ27662	UZ27662	1482	1482	Y	differs	differs	1	1	0	0	Y	Y
IGCM910D	AOS21	same	UZ31727	UZ31727	1586	1586	Y	differs	differs	1	1	0	0	Y	Y
IGCMA10D	AOS21	same	UZ27636	UZ27636	1318	1318	Y	differs	differs	1	1	0	0	Y	Y
IGCMB10D	AOS21	same	UZ31811	UZ31811	1826	1826	Y	differs	differs	1	1	0	0	Y	Y
IGCMD10D	AOS21	same	UZ34765	UZ34765	1390	1390	Y	differs	differs	1	1	918	918	N	N
IGCME10D	AOS21	same	UZ27636	UZ27636	1214	1214	Y	differs	differs	1	1	0	0	Y	Y
IGCMF10D	AOS21	same	UZ30306	UZ30306	1382	1382	Y	differs	differs	1	1	0	0	Y	Y
IGCMG10D	AOS21	same	UZ27636	UZ27636	1358	1358	Y	differs	differs	1	1	0	0	Y	Y
IGCMH10D	AOS21	same	UZ27636	UZ27636	1237	1237	Y	differs	differs	1	1	0	0	Y	Y
IGCMI10D	AOS21	same	UZ35493	UZ35493	1365	1365	Y	differs	differs	1	1	0	0	Y	Y
IGCMK10D	AOS21	same	UZ27636	UZ27636	749	749	Y	differs	differs	1	1	0	0	Y	Y
IGCML10D	AOS21	same	UZ27636	UZ27636	1037	1037	Y	differs	differs	1	1	0	0	Y	Y
IGCMM10D	AOS21	same	UZ31392	UZ31392	1594	1594	Y	differs	differs	1	1	0	0	Y	Y
IGCMN10D	AOS21	same	UZ27636	UZ27636	2257	2257	Y	differs	differs	1	1	0	0	Y	Y
IGCMP10D	AOS21	rmid-differs	UZ59303	UZ31467	1609	1689	N	differs	differs	1	1	0	0	Y	Y
IGCMR10D	AOS21	same	UZ27636	UZ27636	1093	1093	Y	differs	differs	1	1	0	0	Y	Y
IGCMS10D	AOS21	same	UZ27636	UZ27636	1721	1721	Y	differs	differs	1	1	0	0	Y	Y
IGCMSG6C	ALPALIB	same	EDM1102	EDM1102	1177	1177	Y	identical	identical	1	1	0	0	N	N
IGCMT10D	AOS21	same	UZ27636	UZ27636	2257	2257	Y	differs	differs	1	1	1645	1645	N	N
IGCMU10D	AOS21	same	UZ27636	UZ27636	1053	1053	Y	differs	differs	1	1	0	0	Y	Y
IGCMV10D	AOS21	same	UZ27636	UZ27636	2145	2145	Y	differs	differs	1	1	0	0	Y	Y
IGCMY10D	AOS21	same	UZ27636	UZ27636	1937	1937	Y	differs	differs	1	1	0	0	Y	Y
IGCMZ10D	AOS21	same	UZ30537	UZ30537	838	838	Y	differs	differs	1	1	0	0	Y	Y
IGCN010D	AOS21	same	UZ27662	UZ27662	1553	1553	Y	differs	differs	1	1	0	0	Y	Y
IGCN410D	AOS21	same	UZ30234	UZ30234	2449	2449	Y	differs	differs	1	1	1783	1783	N	N
IGCN510D	AOS21	same	UZ35493	UZ35493	2449	2449	Y	differs	differs	1	1	1058	1058	N	N
IGCR010D	AOS21	same	UZ28559	UZ28559	1890	1890	Y	differs	differs	1	1	0	0	Y	Y
IGCSW10D	AOS21	same	ETC0108	ETC0108	1409	1409	Y	differs	differs	1	1	769	769	N	N
IGCT0018	AOSD0	rmid-differs	UZ60962	UZ53850	1925	1917	N	identical	differs	1	1	0	0	N	Y
IGCT0021	AOSD0	rmid-differs	UZ66006	UZ55313	2030	2006	N	identical	differs	1	1	0	0	N	Y
IGCT002D	AOSD0	same	UZ28801	UZ28801	1422	1422	Y	identical	identical	1	1	0	0	N	N
IGCT002E	AOSD0	same	UZ28600	UZ28600	1782	1782	Y	identical	identical	1	1	0	0	N	N
IGCT005C	AOSD7	same	EDM1102	EDM1102	2877	2877	Y	differs	differs	1	1	0	0	Y	Y
IGCT005G	AOSD7	same	EDM1102	EDM1102	3229	3229	Y	differs	differs	1	1	0	0	Y	Y
IGCT0069	AOSD0	same	UZ28600	UZ28600	2238	2238	Y	identical	identical	1	1	0	0	N	N
IGCT006H	AOSD0	same	EDM1102	EDM1102	1929	1929	Y	identical	identical	1	1	0	0	N	N
IGCT010D	AOS21	same	UZ56198	UZ56198	2057	2057	Y	differs	differs	1	1	0	0	Y	Y
IGCT010E	AOSD0	same	UZ31619	UZ31619	1446	1446	Y	differs	differs	1	1	1	1	N	N
IGCT105C	AOSD7	same	UZ25760	UZ25760	3394	3394	Y	differs	differs	1	1	0	0	Y	Y
IGCT1081	AOSD0	same	UZ35199	UZ35199	4377	4377	Y	identical	identical	1	1	0	0	N	N
IGCT110D	AOS21	same	UZ27662	UZ27662	1833	1833	Y	differs	differs	1	1	0	0	Y	Y
IGCT210D	AOS21	same	UZ33512	UZ33512	1713	1713	Y	differs	differs	1	1	0	0	Y	Y
IGCV010D	AOS21	same	UZ27703	UZ27703	1674	1674	Y	differs	differs	1	1	0	0	Y	Y
IGCV110D	AOS21	same	UZ37626	UZ37626	1898	1898	Y	differs	differs	1	1	0	0	Y	Y
IGCV210D	AOS21	same	UZ29588	UZ29588	1722	1722	Y	differs	differs	1	1	0	0	Y	Y
IGCV310D	AOS21	same	UZ27703	UZ27703	1294	1294	Y	differs	differs	1	1	0	0	Y	Y
IGCV410D	AOS21	same	UZ27703	UZ27703	1174	1174	Y	differs	differs	1	1	0	0	Y	Y
IGCV510D	AOS21	same	UZ27703	UZ27703	1390	1390	Y	differs	differs	1	1	921	921	N	N
IGCV610D	AOS21	same	UZ27703	UZ27703	1390	1390	Y	differs	differs	1	1	876	876	N	N
IGCV710D	AOS21	same	UZ27703	UZ27703	838	838	Y	differs	differs	1	1	0	0	Y	Y
IGCV810D	AOS21	same	UZ34129	UZ34129	2821	2821	Y	differs	differs	1	1	0	0	Y	Y
IGCV910D	AOS21	same	UZ34214	UZ34214	2377	2377	Y	differs	differs	1	1	0	0	Y	Y
IGCVA10D	AOS21	same	UZ32324	UZ32324	2441	2441	Y	differs	differs	1	1	0	0	Y	Y
IGCVE10D	AOS21	rmid-differs	UZ62603	UZ29170	2605	2565	N	differs	differs	1	1	0	0	Y	Y
IGCVF10D	AOS21	rmid-differs	UZ59303	UZ27703	2009	1961	N	differs	differs	1	1	0	0	Y	Y
IGCVG10D	AOS21	same	UZ27703	UZ27703	1101	1101	Y	differs	differs	1	1	0	0	Y	Y
IGCVI10D	AOS21	same	UZ29673	UZ29673	2169	2169	Y	differs	differs	1	1	0	0	Y	Y
IGCVK10D	AOS21	same	UZ29096	UZ29096	1929	1929	Y	identical	identical	1	1	0	0	N	N
IGCZ010D	AOS21	same	UZ27703	UZ27703	2153	2153	Y	differs	differs	1	1	0	0	Y	Y
IGCZ110D	AOS21	same	UZ32838	UZ32838	1746	1746	Y	differs	differs	1	1	0	0	Y	Y
IGE0000D	AOSCA	same	EDS1102	EDS1102	1305	1305	Y	differs	differs	1	1	0	0	Y	Y
IGE0000G	AOSCA	rmid-differs	UZ47741	UZ53720	5605	5117	N	differs	differs	1	1	0	0	Y	N
IGE0001A	AOSCA	same	UZ25256	UZ25256	1086	1086	Y	differs	differs	1	1	0	0	Y	Y
IGE0001C	AOSCA	same	UZ37689	UZ37689	1341	1341	Y	differs	differs	1	1	0	0	Y	Y
IGE0001F	AOSCA	rmid-differs	UY55885	EMI1102	1021	965	N	differs	differs	1	1	0	82	Y	N
IGE0001G	AOSD0	same	EMI1102	EMI1102	1297	1297	Y	identical	identical	1	1	0	0	N	N
IGE0002B	AOSD0	rmid-differs	UZ47406	UZ24023	2414	2445	N	identical	differs	1	1	0	1462	N	N
IGE0002C	AOSD0	rmid-differs	UZ81419	UZ28513	2990	2741	N	differs	differs	1	1	0	0	Y	Y
IGE0002E	AOSC5	same	UZ69562	UZ69562	774	774	Y	differs	differs	1	1	0	0	Y	Y
IGE0003C	AOSCA	same	EBB1102	EBB1102	341	341	Y	differs	differs	1	1	0	0	Y	Y
IGE0004A	AOS20	same	UZ32772	UZ32772	1554	1554	Y	differs	differs	1	1	0	0	Y	Y
IGE0004B	AOS20	same	UZ25095	UZ25095	958	958	Y	differs	differs	1	1	0	0	Y	Y
IGE0004C	AOS20	rmid-differs	UZ40804	UZ51598	2090	1994	N	differs	differs	1	1	0	0	Y	Y
IGE0004D	AOS20	rmid-differs	UY15207	UZ37326	2974	2950	N	differs	differs	1	1	0	0	Y	Y
IGE0004G	AOS21	same	UZ27679	UZ27679	1794	1794	Y	differs	differs	1	1	0	0	Y	Y
IGE0004H	AOS21	same	UZ27679	UZ27679	1714	1714	Y	differs	differs	1	1	0	0	Y	Y
IGE0004I	AOS21	same	UZ34459	UZ34459	1917	1917	Y	differs	differs	1	1	0	0	Y	Y
IGE0010A	AOSG0	rmid-differs	UZ69350	UZ56893	1450	1434	N	differs	differs	1	1	0	0	Y	Y
IGE0010B	AOSG0	same	UZ56893	UZ56893	1546	1546	Y	differs	differs	1	1	0	0	Y	Y
IGE0010D	AOSG0	rmid-differs	UZ59565	UZ28266	1014	1014	N	differs	differs	1	1	0	0	Y	Y
IGE0010E	AOSG0	rmid-differs	UY37061	UZ33213	3222	3206	N	differs	differs	1	1	0	0	Y	Y
IGE0011C	AOSD0	rmid-differs	UZ47406	UZ35360	1686	1494	N	differs	differs	1	1	0	0	Y	Y
IGE0011D	AOSD0	rmid-differs	UZ47406	UZ35360	1470	1350	N	differs	differs	1	1	0	0	Y	Y
IGE0011E	AOSD0	same	EST1102	EST1102	621	621	Y	differs	differs	1	1	4	4	N	N
IGE0025C	ALPALIB	rmid-differs	UZ69699	UZ67316	2349	2341	N	differs	differs	1	1	0	0	Y	Y
IGE0025D	ALPALIB	same	EBB1102	EBB1102	717	717	Y	differs	differs	2	2	0	0	N	N
IGE0101F	AOSCA	rmid-differs	UZ47406	UZ28840	1702	1557	N	differs	differs	1	1	0	0	Y	Y
IGE0104A	AOS20	rmid-differs	UZ72363	UZ32821	1158	1142	N	differs	differs	1	1	0	0	Y	Y
IGE0104B	AOS20	same	UZ25095	UZ25095	822	822	Y	differs	differs	1	1	0	0	Y	Y
IGE0104C	AOS20	rmid-differs	UZ40804	UZ29446	846	846	N	differs	differs	1	1	0	442	Y	N
IGE0104G	AOS21	same	UZ24650	UZ24650	1358	1358	Y	differs	differs	1	1	0	0	Y	Y
IGE0104H	AOS21	same	ETC0108	ETC0108	1245	1245	Y	identical	identical	1	1	0	0	N	N
IGE0204A	AOS20	rmid-differs	UY76720	UZ25095	1222	1174	N	differs	differs	1	1	0	0	Y	Y
IGE0204B	AOS20	rmid-differs	UZ68854	UZ32775	966	966	N	differs	differs	1	1	0	0	Y	Y
IGE0204C	AOS20	rmid-differs	UZ40804	UZ51599	1774	1766	N	differs	differs	1	1	0	0	Y	Y
IGE0204G	AOS21	same	UZ31490	UZ31490	1246	1246	Y	differs	differs	1	1	0	0	Y	Y
IGE0204H	AOS21	same	UZ26340	UZ26340	1350	1350	Y	differs	differs	1	1	0	0	Y	Y
IGE0301H	AOSCA	rmid-differs	UZ71390	UZ90135	4205	4157	N	differs	differs	1	1	0	0	Y	Y
IGE0304A	AOS20	same	UZ25095	UZ25095	1142	1142	Y	differs	differs	1	1	0	0	Y	Y
IGE0304B	AOS20	same	UZ25095	UZ25095	1166	1166	Y	differs	differs	1	1	0	0	Y	Y
IGE0304C	AOS20	rmid-differs	UZ40804	UZ25095	870	862	N	differs	differs	1	1	0	0	Y	Y
IGE0304G	AOS21	same	UZ24650	UZ24650	798	798	Y	differs	differs	1	1	0	0	Y	Y
IGE0404A	AOS20	same	UZ25095	UZ25095	886	886	Y	differs	differs	1	1	0	0	Y	Y
IGE0404B	AOS20	rmid-differs	UZ72363	UZ30960	998	982	N	differs	differs	1	1	0	0	Y	Y
IGE0404C	AOS20	rmid-differs	UY76720	UZ25095	1502	1438	N	differs	differs	1	1	0	0	Y	Y
IGE0404G	AOS21	same	UZ29346	UZ29346	870	870	Y	differs	differs	1	1	0	0	Y	Y
IGE0404H	AOS21	same	UZ30695	UZ30695	1262	1262	Y	differs	differs	1	1	0	0	Y	Y
IGE0504A	AOS20	same	UZ57352	UZ57352	1366	1366	Y	differs	differs	1	1	0	0	Y	Y
IGE0504B	AOS20	rmid-differs	UZ72363	UZ28349	966	950	N	differs	differs	1	1	0	0	Y	Y
IGE0504C	AOS20	rmid-differs	UY77697	UZ35276	2294	2190	N	differs	differs	1	1	0	0	Y	Y
IGE0504G	AOS21	same	UZ32899	UZ32899	1802	1802	Y	differs	differs	1	1	0	0	Y	Y
IGE0504H	AOS21	same	UZ30992	UZ30992	1698	1698	Y	differs	differs	1	1	0	0	Y	Y
IGE0604A	AOS20	same	UZ25096	UZ25096	766	766	Y	differs	differs	1	1	0	0	Y	Y
IGE0604B	AOS20	same	UZ29370	UZ29370	766	766	Y	differs	differs	1	1	0	0	Y	Y
IGE0604C	AOS20	rmid-differs	UY76720	UZ25096	1046	966	N	differs	differs	1	1	0	0	Y	Y
IGE0604G	AOS21	same	UZ24650	UZ24650	950	950	Y	differs	differs	1	1	0	0	Y	Y
IGE0660A	AOSCE	same	EBB1102	EBB1102	1361	1361	Y	identical	identical	1	1	0	0	N	N
IGE0704A	AOS20	same	UZ25096	UZ25096	902	902	Y	differs	differs	1	1	0	0	Y	Y
IGE0704B	AOS20	same	UZ25096	UZ25096	758	758	Y	differs	differs	1	1	0	0	Y	Y
IGE0704C	AOS20	rmid-differs	UY61527	UZ25096	990	998	N	differs	differs	1	1	0	0	Y	Y
IGE0804A	AOS20	same	UZ25096	UZ25096	574	574	Y	differs	differs	1	1	0	0	Y	Y
IGE0804B	AOS20	same	UZ25096	UZ25096	1134	1134	Y	differs	differs	1	1	0	0	Y	Y
IGE0804C	AOS20	rmid-differs	UZ40804	UZ25096	1054	1046	N	differs	differs	1	1	0	0	Y	Y
IGE0804G	AOS21	same	ETC0108	ETC0108	997	997	Y	differs	differs	1	1	0	0	Y	Y
IGE0804H	AOS21	same	ETC0108	ETC0108	389	389	Y	identical	identical	1	1	0	0	N	N
IGE0904A	AOS20	same	UZ25096	UZ25096	758	758	Y	differs	differs	1	1	0	0	Y	Y
IGE0904B	AOS20	rmid-differs	UZ75642	UZ33405	1958	1726	N	differs	differs	1	1	0	0	Y	Y
IGE0904C	AOS20	rmid-differs	UY00293	UZ35277	2054	2006	N	differs	differs	1	1	0	0	Y	Y
IGE0904G	AOS21	same	UZ31401	UZ31401	550	550	Y	differs	differs	1	1	0	0	Y	Y
IGE0904H	AOS21	same	UZ30992	UZ30992	1302	1302	Y	differs	differs	1	1	0	0	Y	Y
IGE0904I	AOS21	same	UZ30860	UZ30860	2377	2377	Y	differs	differs	1	1	0	0	Y	Y
IGF2503D	AOSCE	same	EBB1102	EBB1102	1405	1405	Y	differs	differs	1	1	9	9	N	N
IGF2603D	AOSCE	same	EBB1102	EBB1102	5933	5933	Y	identical	identical	1	1	0	0	N	N
IGFC60	AOSCE	same	UZ27409	UZ27409	1515	1515	Y	differs	differs	1	1	0	0	Y	Y
IGFC70	AOSCE	same	EBB1102	EBB1102	1486	1486	Y	differs	differs	1	1	13	13	N	N
IGFC80	AOSCE	same	EBB1102	EBB1102	1026	1026	Y	differs	differs	1	1	13	13	N	N
IGFCHDA	AOSCE	same	EBB1102	EBB1102	442	442	Y	identical	identical	1	1	0	0	N	N
IGFCIC	AOSCE	same	FBB1221	FBB1221	729	729	Y	differs	differs	1	1	0	0	Y	Y
IGFDD0	AOSCE	same	EBB1102	EBB1102	1005	1005	Y	differs	differs	1	1	4	4	N	N
IGFDD1	AOSCE	same	EBB1102	EBB1102	901	901	Y	differs	differs	1	1	7	7	N	N
IGFDE0	AOSCE	same	EBB1102	EBB1102	693	693	Y	differs	differs	1	1	0	0	Y	Y
IGFDE1	AOSCE	same	UZ23582	UZ23582	1670	1670	Y	differs	differs	1	1	0	0	Y	Y
IGFDI0	AOSCE	same	EBB1102	EBB1102	1277	1277	Y	identical	identical	1	1	0	0	N	N
IGFDI1	AOSCE	same	UZ25911	UZ25911	2190	2190	Y	differs	differs	1	1	0	0	Y	Y
IGFDL1	AOSCE	same	EBB1102	EBB1102	1269	1269	Y	differs	differs	1	1	8	8	N	N
IGFDM0	AOSCE	same	EBB1102	EBB1102	2165	2165	Y	differs	differs	1	1	4	4	N	N
IGFDM1	AOSCE	rmid-differs	UZ81089	UZ25911	1869	1870	N	differs	differs	1	1	0	0	Y	Y
IGFDMTXT	AOSCE	same	UZ35695	UZ35695	1714	1714	Y	differs	differs	1	1	0	0	Y	Y
IGFDS0	AOSCE	same	EBB1102	EBB1102	1229	1229	Y	differs	differs	1	1	24	24	N	N
IGFDS1	AOSCE	same	EBB1102	EBB1102	909	909	Y	differs	differs	1	1	2	2	N	N
IGFDT0	AOSCE	same	EBB1102	EBB1102	1293	1293	Y	differs	differs	1	1	4	4	N	N
IGFDT1	AOSCE	same	UZ35695	UZ35695	2342	2342	Y	differs	differs	1	1	0	0	Y	Y
IGFDT2	AOSCE	same	UZ60605	UZ60605	2153	2153	Y	differs	differs	1	1	10	10	N	N
IGFDU0	AOSCE	same	EBB1102	EBB1102	997	997	Y	differs	differs	1	1	4	4	N	N
IGFDU1	AOSCE	same	EBB1102	EBB1102	837	837	Y	differs	differs	1	1	6	6	N	N
IGFDV0	AOSCE	same	UZ35695	UZ35695	2198	2198	Y	differs	differs	1	1	0	0	Y	Y
IGFDW0	AOSCE	same	EBB1102	EBB1102	1361	1361	Y	differs	differs	1	1	0	0	Y	Y
IGFINTVL	AOSCE	same	UZ90161	UZ90161	671	671	Y	differs	differs	1	1	10	10	N	N
IGFPKREF	AOSCE	same	EBB1102	EBB1102	517	517	Y	differs	differs	1	1	2	2	N	N
IGFPMFRS	AOSCE	same	EBB1102	EBB1102	689	689	Y	identical	identical	1	1	0	0	N	N
IGFPMHCA	AOSCE	same	UZ24574	UZ24574	1022	1022	Y	differs	differs	1	1	2	2	N	N
IGFPMKTA	AOSCE	same	UZ24574	UZ24574	1018	1018	Y	differs	differs	1	1	2	2	N	N
IGFPMMSG	AOSCE	same	EBB1102	EBB1102	565	565	Y	identical	identical	1	1	0	0	N	N
IGFPMPFX	AOSCE	same	EBB1102	EBB1102	605	605	Y	differs	differs	1	1	17	17	N	N
IGFPMRTM	AOSCE	same	EBB1102	EBB1102	629	629	Y	differs	differs	1	1	9	9	N	N
IGFPMSCA	AOSCE	same	EBB1102	EBB1102	705	705	Y	identical	identical	1	1	0	0	N	N
IGFPMTHA	AOSCE	same	EBB1102	EBB1102	1097	1097	Y	identical	identical	1	1	0	0	N	N
IGFPNSAV	AOSC5	same	EBB1102	EBB1102	769	769	Y	identical	identical	1	1	0	0	N	N
IGFPSAD0	AOSCE	same	EBB1102	EBB1102	378	378	Y	identical	identical	1	1	0	0	N	N
IGFPTAIM	AOSCE	same	UZ24574	UZ24574	630	630	Y	differs	differs	1	1	6	6	N	N
IGFPTCON	AOSCE	same	EBB1102	EBB1102	901	901	Y	identical	identical	1	1	0	0	N	N
IGFPTERM	AOSCE	same	UZ27139	UZ27139	1202	1202	Y	identical	identical	1	1	0	0	N	N
IGFPTSIG	AOSCE	same	UZ55036	UZ55036	1122	1122	Y	identical	identical	1	1	0	0	N	N
IGFPWMSG	AOSCE	same	FBB1221	FBB1221	2365	2365	Y	differs	differs	1	1	0	0	Y	Y
IGFPXMFA	AOSCE	same	UZ33271	UZ33271	910	910	Y	identical	identical	1	1	0	0	N	N
IGFRWAC	AOSCE	same	EBB1102	EBB1102	493	493	Y	identical	identical	1	1	0	0	N	N
IGFTMC00	AOSCE	same	UZ36506	UZ36506	3086	3086	Y	identical	identical	1	1	0	0	N	N
IGG01920	AOSD8	rmid-differs	UZ66364	EDM1102	1526	1506	N	differs	differs	1	1	478	0	N	Y
IGG01921	AOSD8	same	UZ90073	UZ90073	1199	1199	Y	differs	differs	1	1	0	0	Y	Y
IGG01922	AOSD8	same	EDM1102	EDM1102	1338	1338	Y	differs	differs	1	1	0	0	Y	Y
IGG01924	AOSD8	same	UZ90074	UZ90074	1311	1311	Y	differs	differs	1	1	0	0	Y	Y
IGG01928	AOSD8	same	UZ30106	UZ30106	1287	1287	Y	differs	differs	1	1	0	0	Y	Y
IGG01929	AOSD8	same	EDM1102	EDM1102	1341	1341	Y	differs	differs	1	1	0	0	Y	Y
IGG0192A	AOSD8	same	UZ34839	UZ34839	1526	1526	Y	differs	differs	1	1	0	0	Y	Y
IGG0192B	AOSD8	rmid-differs	UZ72895	UZ30108	1334	1327	N	differs	differs	1	1	0	0	Y	Y
IGG0192D	AOSD8	same	UZ90073	UZ90073	1471	1471	Y	differs	differs	1	1	0	0	Y	Y
IGG0192E	AOSD8	same	EDM1102	EDM1102	1333	1333	Y	differs	differs	1	1	0	0	Y	Y
IGG0192F	AOSD8	same	UZ53935	UZ53935	1054	1054	Y	differs	differs	1	1	0	0	Y	Y
IGG0192G	AOSD8	same	EDM1102	EDM1102	1437	1437	Y	differs	differs	1	1	0	0	Y	Y
IGG0192H	AOSD8	same	UZ90075	UZ90075	1559	1559	Y	differs	differs	1	1	0	0	Y	Y
IGG0192I	AOSD8	same	UZ90075	UZ90075	1199	1199	Y	differs	differs	1	1	0	0	Y	Y
IGG0192J	AOSD8	same	EDM1102	EDM1102	1053	1053	Y	differs	differs	1	1	0	0	Y	Y
IGG0192K	AOSD8	same	EDM1102	EDM1102	1173	1173	Y	differs	differs	1	1	0	0	Y	Y
IGG0192L	AOSD8	same	EDM1102	EDM1102	981	981	Y	differs	differs	1	1	0	0	Y	Y
IGG0192M	AOSD8	same	EDM1102	EDM1102	1045	1045	Y	differs	differs	1	1	0	0	Y	Y
IGG0192N	AOSD8	same	EDM1102	EDM1102	1037	1037	Y	differs	differs	1	1	0	0	Y	Y
IGG0192O	AOSD8	same	EDM1102	EDM1102	1365	1365	Y	differs	differs	1	1	21	21	N	N
IGG0192P	AOSD8	rmid-differs	UZ65546	UZ52841	1230	1230	N	differs	differs	1	1	681	678	N	N
IGG0192Q	AOSD8	same	EDM1102	EDM1102	1013	1013	Y	differs	differs	1	1	0	0	Y	Y
IGG0192R	AOSD8	same	UZ30105	UZ30105	1263	1263	Y	differs	differs	1	1	0	0	Y	Y
IGG0192S	AOSD8	same	UZ31697	UZ31697	1591	1591	Y	differs	differs	1	1	0	0	Y	Y
IGG0192T	AOSD8	same	EDM1102	EDM1102	1173	1173	Y	differs	differs	1	1	0	0	Y	Y
IGG0192U	AOSD8	same	UZ30105	UZ30105	1383	1383	Y	differs	differs	1	1	0	0	Y	Y
IGG0192V	AOSD8	same	EDM1102	EDM1102	1365	1365	Y	differs	differs	1	1	84	84	N	N
IGG0192W	AOSD8	same	UZ30733	UZ30733	1415	1415	Y	differs	differs	1	1	0	0	Y	Y
IGG0192X	AOSD8	same	EDM1102	EDM1102	1093	1093	Y	differs	differs	1	1	0	0	Y	Y
IGG0192Z	AOSD8	same	EDM1102	EDM1102	981	981	Y	differs	differs	1	1	25	25	N	N
IGG01930	AOS21	same	UZ30701	UZ30701	1118	1118	Y	differs	differs	1	1	0	0	Y	Y
IGG01933	AOS21	same	UZ30701	UZ30701	1522	1522	Y	differs	differs	1	1	0	0	Y	Y
IGG01934	AOS21	same	UZ36497	UZ36497	1078	1078	Y	differs	differs	1	1	0	0	Y	Y
IGG01935	AOS21	same	UZ26615	UZ26615	1418	1418	Y	differs	differs	1	1	0	0	Y	Y
IGG01936	AOS21	same	UZ30992	UZ30992	2394	2394	Y	differs	differs	1	1	0	0	Y	Y
IGG01937	AOS21	same	UZ34176	UZ34176	1390	1390	Y	differs	differs	1	1	956	956	N	N
IGG01938	AOS21	same	UZ32387	UZ32387	1522	1522	Y	differs	differs	1	1	0	0	Y	Y
IGG01939	AOS21	same	UZ34279	UZ34279	1142	1142	Y	differs	differs	1	1	0	0	Y	Y
IGG0193M	AOS20	rmid-differs	UY11554	EBT1102	1382	1370	N	differs	differs	1	1	0	0	Y	Y
IGG01940	AOS21	same	ETC0108	ETC0108	997	997	Y	differs	differs	1	1	589	589	N	N
IGG01941	AOS21	rmid-differs	UZ59303	UZ24392	1602	1594	N	differs	differs	1	1	0	0	Y	Y
IGG01942	AOS21	same	UZ35116	UZ35116	2434	2434	Y	differs	differs	1	1	0	0	Y	Y
IGG01943	AOS21	same	UZ34005	UZ34005	2394	2394	Y	differs	differs	1	1	0	0	Y	Y
IGG01944	AOS21	same	UZ30511	UZ30511	1530	1530	Y	differs	differs	1	1	0	0	Y	Y
IGG01945	AOS21	same	UZ24392	UZ24392	782	782	Y	differs	differs	1	1	0	0	Y	Y
IGG01946	AOS21	same	UZ24650	UZ24650	1898	1898	Y	differs	differs	1	1	0	0	Y	Y
IGG01948	AOS21	same	ETC0108	ETC0108	1378	1378	Y	differs	differs	1	1	667	667	N	N
IGG01949	AOS21	same	UZ28532	UZ28532	1954	1954	Y	differs	differs	1	1	0	0	Y	Y
IGG0194B	AOS21	same	UZ24392	UZ24392	1062	1062	Y	differs	differs	1	1	370	370	N	N
IGG0194N	AOS20	rmid-differs	UY78248	EBT1102	1254	1210	N	differs	differs	1	1	0	0	Y	Y
IGG01950	AOSD8	same	UZ34778	UZ34778	1526	1526	Y	differs	differs	1	1	0	0	Y	Y
IGG0195D	AOSD8	same	EDM1102	EDM1102	1101	1101	Y	differs	differs	1	1	19	19	N	N
IGG0195G	AOSD8	same	EDM1102	EDM1102	1101	1101	Y	differs	differs	1	1	0	0	Y	Y
IGG0195T	AOSD8	same	EDM1102	EDM1102	1381	1381	Y	differs	differs	1	1	36	36	N	N
IGG0195U	AOSD8	same	EDM1102	EDM1102	941	941	Y	differs	differs	1	1	0	0	Y	Y
IGG0196C	AOSD8	same	EDM1102	EDM1102	725	725	Y	differs	differs	1	1	0	0	Y	Y
IGG0196D	AOSD8	same	EDM1102	EDM1102	1245	1245	Y	differs	differs	1	1	39	39	N	N
IGG0196G	AOSD8	same	UZ90073	UZ90073	1383	1383	Y	differs	differs	1	1	0	0	Y	Y
IGG0196Q	AOSD0	same	FDM1133	FDM1133	1565	1565	Y	differs	differs	1	1	116	116	N	N
IGG0197C	AOSD0	same	EST1102	EST1102	1125	1125	Y	differs	differs	1	1	93	93	N	N
IGG0197J	AOSD0	same	EDM1102	EDM1102	389	389	Y	identical	identical	1	1	0	0	N	N
IGG0197K	AOSD0	same	EDM1102	EDM1102	405	405	Y	identical	identical	1	1	0	0	N	N
IGG0198B	AOS21	same	UZ28558	UZ28558	1737	1737	Y	differs	differs	1	1	0	0	Y	Y
IGG0198D	AOS21	same	UZ24650	UZ24650	1405	1405	Y	differs	differs	1	1	849	849	N	N
IGG0198E	AOS21	same	UZ37826	UZ37826	1405	1405	Y	differs	differs	1	1	775	775	N	N
IGG0198L	AOSD0	same	EDM1102	EDM1102	1121	1121	Y	differs	differs	1	1	17	17	N	N
IGG0199F	AOSD0	rmid-differs	UZ38207	UZ56881	1669	1669	N	differs	differs	1	1	0	0	Y	Y
IGG0199G	AOSD0	rmid-differs	UZ56759	UZ26206	1669	1670	N	differs	differs	1	1	583	401	N	N
IGG0199W	AOSD0	rmid-differs	UZ76220	UZ23267	1749	1614	N	differs	differs	1	1	0	0	Y	Y
IGG019A4	AOSU0	same	EMS1102	EMS1102	801	801	Y	identical	identical	1	1	0	0	N	N
IGG019AA	AOSD0	same	UZ26802	UZ26802	607	607	Y	differs	differs	1	1	0	0	Y	Y
IGG019AB	AOSD0	same	UZ34974	UZ34974	630	630	Y	differs	differs	1	1	0	0	Y	Y
IGG019AC	AOSD0	same	EDM1102	EDM1102	738	738	Y	differs	differs	1	1	1	1	N	N
IGG019AD	AOSD0	rmid-differs	UZ71546	UZ28913	782	775	N	differs	differs	1	1	0	0	Y	Y
IGG019AE	AOSD0	same	EDM1102	EDM1102	989	989	Y	differs	differs	1	1	0	0	Y	Y
IGG019AF	AOSD0	same	EDM1102	EDM1102	1186	1186	Y	differs	differs	2	2	0	0	Y	Y
IGG019AG	AOSD0	same	EDM1102	EDM1102	477	477	Y	identical	identical	1	1	0	0	N	N
IGG019AH	AOSD0	rmid-differs	UZ38989	UZ30731	1581	1534	N	differs	differs	1	1	0	11	Y	N
IGG019AI	AOSD0	same	EDM1102	EDM1102	461	461	Y	differs	differs	2	2	0	0	N	N
IGG019AJ	AOSD0	same	UZ51744	UZ51744	774	774	Y	differs	differs	2	2	0	0	Y	Y
IGG019AK	AOSD0	same	EDM1102	EDM1102	658	658	Y	differs	differs	1	1	0	0	Y	Y
IGG019AL	AOSD0	same	EDM1102	EDM1102	781	781	Y	differs	differs	1	1	0	0	Y	Y
IGG019AM	AOSD0	same	EDM1102	EDM1102	493	493	Y	differs	differs	1	1	3	3	N	N
IGG019AN	AOSD0	same	EDM1102	EDM1102	613	613	Y	identical	identical	1	1	0	0	N	N
IGG019AQ	AOSD0	same	UZ51562	UZ51562	878	878	Y	differs	differs	1	1	0	0	Y	Y
IGG019AR	AOSD0	same	UZ90037	UZ90037	647	647	Y	differs	differs	1	1	0	0	Y	Y
IGG019AT	AOSD0	same	EDM1102	EDM1102	1085	1085	Y	differs	differs	1	1	2	2	N	N
IGG019AV	AOSD0	same	EDM1102	EDM1102	702	702	Y	differs	differs	1	1	0	0	Y	Y
IGG019AW	AOSD0	same	EDM1102	EDM1102	725	725	Y	differs	differs	1	1	0	0	Y	Y
IGG019AX	AOSD0	same	EDM1102	EDM1102	453	453	Y	identical	identical	1	1	0	0	N	N
IGG019B0	AOSD0	same	EDM1102	EDM1102	461	461	Y	identical	identical	1	1	0	0	N	N
IGG019BA	AOSD0	rmid-differs	UZ73463	UZ36655	942	942	N	differs	differs	1	1	0	0	Y	Y
IGG019BB	AOSD0	same	UZ53965	UZ53965	982	982	Y	differs	differs	1	1	0	0	Y	Y
IGG019BC	AOSD0	same	EDM1102	EDM1102	741	741	Y	differs	differs	2	2	0	0	Y	Y
IGG019BD	AOSD0	same	EDM1102	EDM1102	701	701	Y	differs	differs	1	1	4	4	N	N
IGG019BE	AOSD0	same	EDM1102	EDM1102	877	877	Y	differs	differs	1	1	0	0	Y	Y
IGG019BF	AOSD0	same	EDM1102	EDM1102	925	925	Y	differs	differs	1	1	0	0	Y	Y
IGG019BG	AOSD0	same	EDM1102	EDM1102	581	581	Y	differs	differs	2	2	0	0	N	N
IGG019BH	AOSD0	same	UZ25687	UZ25687	887	887	Y	differs	differs	2	2	0	0	Y	Y
IGG019BI	AOSD0	same	EDM1102	EDM1102	605	605	Y	differs	differs	1	1	0	0	Y	Y
IGG019BK	AOSD0	same	UZ23931	UZ23931	983	983	Y	differs	differs	2	2	0	0	Y	Y
IGG019BL	AOSD0	same	EDM1102	EDM1102	613	613	Y	differs	differs	2	2	0	0	Y	Y
IGG019BM	AOSD0	same	UZ28605	UZ28605	647	647	Y	differs	differs	1	1	0	0	Y	Y
IGG019BN	AOSD0	rmid-differs	UZ61346	EDM1102	2430	2397	N	differs	differs	1	1	0	0	Y	Y
IGG019BO	AOSD0	rmid-differs	UZ64107	EDM1102	1142	1101	N	differs	differs	1	1	0	0	Y	Y
IGG019BP	AOSD0	same	EDM1102	EDM1102	1301	1301	Y	differs	differs	1	1	0	0	Y	Y
IGG019BQ	AOSD0	same	UZ31876	UZ31876	1367	1367	Y	differs	differs	1	1	0	0	Y	Y
IGG019BS	AOSD7	same	EDM1102	EDM1102	733	733	Y	identical	identical	1	1	0	0	N	N
IGG019BU	AOSD7	same	EDM1102	EDM1102	485	485	Y	identical	identical	1	1	0	0	N	N
IGG019BV	AOSD7	same	UZ28667	UZ28667	815	815	Y	differs	differs	1	1	0	0	Y	Y
IGG019C0	AOSD0	same	UZ53969	UZ53969	1054	1054	Y	differs	differs	1	1	0	0	Y	Y
IGG019C1	AOSD0	same	UZ33555	UZ33555	822	822	Y	differs	differs	1	1	0	0	Y	Y
IGG019C2	AOSD0	same	UZ57059	UZ57059	1630	1630	Y	differs	differs	1	1	0	0	Y	Y
IGG019C3	AOSD0	same	UZ28605	UZ28605	1111	1111	Y	differs	differs	1	1	0	0	Y	Y
IGG019C4	AOSD0	same	UZ28605	UZ28605	1079	1079	Y	differs	differs	1	1	0	0	Y	Y
IGG019C8	AOSU0	same	UZ90091	UZ90091	1873	1873	Y	differs	differs	1	1	0	0	Y	Y
IGG019CA	AOSD0	same	EDM1102	EDM1102	509	509	Y	identical	identical	1	1	0	0	N	N
IGG019CB	AOSD0	same	UZ90037	UZ90037	543	543	Y	differs	differs	1	1	0	0	Y	Y
IGG019CC	AOSD0	rmid-differs	UZ61346	UZ37211	1350	1350	N	differs	differs	1	1	0	0	Y	Y
IGG019CD	AOSD0	rmid-differs	UZ67083	UZ54807	1446	1446	N	differs	differs	1	1	0	0	Y	Y
IGG019CE	AOSD0	same	UZ53242	UZ53242	1222	1222	Y	differs	differs	2	2	0	0	Y	Y
IGG019CF	AOSD0	same	UZ53242	UZ53242	1294	1294	Y	differs	differs	2	2	0	0	Y	Y
IGG019CG	AOSD0	same	UZ28605	UZ28605	719	719	Y	differs	differs	1	1	0	0	Y	Y
IGG019CH	AOSD0	same	UZ28605	UZ28605	615	615	Y	differs	differs	1	1	0	0	Y	Y
IGG019CI	AOSD0	same	UZ28600	UZ28600	1399	1399	Y	differs	differs	1	1	0	0	Y	Y
IGG019CJ	AOSD0	same	UZ28600	UZ28600	1375	1375	Y	differs	differs	1	1	0	0	Y	Y
IGG019CL	AOSD0	same	UZ28801	UZ28801	535	535	Y	differs	differs	1	1	0	0	Y	Y
IGG019CM	AOSD0	same	EDM1102	EDM1102	1101	1101	Y	identical	identical	1	1	0	0	N	N
IGG019CN	AOSD0	same	EDM1102	EDM1102	845	845	Y	identical	identical	1	1	0	0	N	N
IGG019CO	AOSD0	same	EDM1102	EDM1102	845	845	Y	identical	identical	1	1	0	0	N	N
IGG019CP	AOSD0	same	EDM1102	EDM1102	1101	1101	Y	identical	identical	1	1	0	0	N	N
IGG019CQ	AOSD0	same	EDM1102	EDM1102	1101	1101	Y	identical	identical	1	1	0	0	N	N
IGG019CR	AOSD0	same	EDM1102	EDM1102	1101	1101	Y	identical	identical	1	1	0	0	N	N
IGG019CS	AOSD0	same	EDM1102	EDM1102	437	437	Y	differs	differs	2	2	0	0	Y	Y
IGG019CT	AOSD0	same	EDM1102	EDM1102	413	413	Y	differs	differs	1	1	0	0	Y	Y
IGG019CU	AOSD0	rmid-differs	UZ74098	UZ53967	2950	2870	N	differs	differs	1	1	0	0	Y	Y
IGG019CV	AOSD0	rmid-differs	UZ72535	UZ55816	1910	1886	N	differs	differs	2	2	0	0	Y	Y
IGG019CW	AOSD0	rmid-differs	UZ61346	UZ37211	1198	1198	N	differs	differs	1	1	0	0	Y	Y
IGG019CX	AOSD0	same	UZ53242	UZ53242	822	822	Y	differs	differs	2	2	0	0	Y	Y
IGG019CY	AOSD0	same	UZ53242	UZ53242	1038	1038	Y	differs	differs	1	1	0	0	Y	Y
IGG019CZ	AOSD0	same	UZ54990	UZ54990	646	646	Y	differs	differs	1	1	0	0	Y	Y
IGG019DA	AOSD7	rmid-differs	UZ78992	UZ90072	1310	1311	N	differs	differs	1	1	0	0	Y	Y
IGG019DB	AOSD7	rmid-differs	UZ66724	UZ90072	1302	1247	N	differs	differs	1	1	0	0	Y	Y
IGG019DC	AOSD7	same	EDM1102	EDM1102	581	581	Y	identical	identical	1	1	0	0	N	N
IGG019DD	AOSD7	same	UZ90072	UZ90072	1871	1871	Y	differs	differs	1	1	0	0	Y	Y
IGG019DJ	AOSD0	rmid-differs	UZ72372	UZ36378	2325	2165	N	differs	differs	1	1	0	0	Y	Y
IGG019DK	AOSD0	rmid-differs	UZ76001	UZ35407	2673	2625	N	differs	differs	1	1	0	0	Y	Y
IGG019EI	AOSD0	same	UZ28801	UZ28801	919	919	Y	differs	differs	1	1	0	0	Y	Y
IGG019EJ	AOSD0	same	UZ28801	UZ28801	927	927	Y	differs	differs	1	1	0	0	Y	Y
IGG019EK	AOSD0	same	EDM1102	EDM1102	829	829	Y	differs	differs	1	1	6	6	N	N
IGG019EM	AOS21	same	ETC0108	ETC0108	381	381	Y	identical	identical	1	1	0	0	N	N
IGG019FB	AOSD0	same	EDM1102	EDM1102	565	565	Y	differs	differs	1	1	0	0	Y	Y
IGG019FD	AOSD0	rmid-differs	UZ58823	EDM1102	918	906	N	differs	differs	1	1	0	0	Y	Y
IGG019FF	AOSD0	same	EDM1102	EDM1102	821	821	Y	differs	differs	1	1	0	0	Y	Y
IGG019FG	AOSD0	same	UZ32515	UZ32515	1006	1006	Y	differs	differs	1	1	0	0	Y	Y
IGG019FJ	AOSD0	same	EDM1102	EDM1102	693	693	Y	differs	differs	1	1	0	0	Y	Y
IGG019FL	AOSD0	rmid-differs	UZ75050	EDM1102	1014	1002	N	differs	differs	1	1	0	0	Y	Y
IGG019FP	AOSD0	same	UZ28605	UZ28605	1087	1087	Y	differs	differs	1	1	0	0	Y	Y
IGG019FR	AOSD0	same	UZ28606	UZ28606	607	607	Y	differs	differs	1	1	0	0	Y	Y
IGG019FS	AOSD0	same	EDM1102	EDM1102	1309	1309	Y	differs	differs	1	1	0	0	Y	Y
IGG019FT	AOSU0	same	EUT1102	EUT1102	1074	1074	Y	differs	differs	1	1	19	19	N	N
IGG019G0	AOSD8	same	UZ30109	UZ30109	2983	2983	Y	differs	differs	1	1	0	0	Y	Y
IGG019G1	AOSD8	same	UZ30109	UZ30109	2999	2999	Y	differs	differs	1	1	0	0	Y	Y
IGG019G2	AOSD8	same	UZ30109	UZ30109	2719	2719	Y	differs	differs	1	1	0	0	Y	Y
IGG019G3	AOSD8	same	UZ30109	UZ30109	2983	2983	Y	differs	differs	1	1	0	0	Y	Y
IGG019G4	AOSD8	same	UZ30109	UZ30109	3551	3551	Y	differs	differs	1	1	0	0	Y	Y
IGG019G5	AOSD8	same	UZ30109	UZ30109	3623	3623	Y	differs	differs	1	1	0	0	Y	Y
IGG019G6	AOSD8	same	UZ30109	UZ30109	3943	3943	Y	differs	differs	1	1	0	0	Y	Y
IGG019G7	AOSD8	same	UZ30109	UZ30109	4463	4463	Y	differs	differs	1	1	0	0	Y	Y
IGG019G8	AOSD8	same	UZ30109	UZ30109	1919	1919	Y	differs	differs	1	1	0	0	Y	Y
IGG019G9	AOSD8	same	UZ30109	UZ30109	2143	2143	Y	differs	differs	1	1	0	0	Y	Y
IGG019GA	AOSD8	same	EDM1102	EDM1102	4146	4146	Y	identical	identical	1	1	0	0	N	N
IGG019GB	AOSD8	same	EDM1102	EDM1102	4178	4178	Y	identical	identical	1	1	0	0	N	N
IGG019GC	AOSD8	same	EDM1102	EDM1102	1973	1973	Y	identical	identical	1	1	0	0	N	N
IGG019GD	AOSD8	same	EDM1102	EDM1102	2333	2333	Y	identical	identical	1	1	0	0	N	N
IGG019GE	AOSD8	same	EDM1102	EDM1102	949	949	Y	identical	identical	1	1	0	0	N	N
IGG019GF	AOSD8	same	EDM1102	EDM1102	1093	1093	Y	identical	identical	1	1	0	0	N	N
IGG019GG	AOSD8	same	UZ90073	UZ90073	1655	1655	Y	differs	differs	1	1	0	0	Y	Y
IGG019GN	AOSD8	same	EDM1102	EDM1102	4229	4229	Y	identical	identical	1	1	0	0	N	N
IGG019GO	AOSD8	same	EDM1102	EDM1102	4549	4549	Y	identical	identical	1	1	0	0	N	N
IGG019GW	AOSD8	same	UZ27522	UZ27522	4055	4055	Y	differs	differs	1	1	0	0	Y	Y
IGG019GZ	AOSD8	same	UZ28381	UZ28381	4023	4023	Y	differs	differs	1	1	0	0	Y	Y
IGG019H3	AOSD8	same	UZ30107	UZ30107	2687	2687	Y	differs	differs	1	1	0	0	Y	Y
IGG019HA	AOSD8	same	UZ90074	UZ90074	1239	1239	Y	differs	differs	1	1	0	0	Y	Y
IGG019HD	AOSD8	same	EDM1102	EDM1102	1805	1805	Y	differs	differs	1	1	1	1	N	N
IGG019HF	AOSD8	same	EDM1102	EDM1102	1013	1013	Y	identical	identical	1	1	0	0	N	N
IGG019HJ	AOSD8	same	EDM1102	EDM1102	397	397	Y	identical	identical	1	1	0	0	N	N
IGG019HK	AOSD8	same	EDM1102	EDM1102	1077	1077	Y	differs	differs	1	1	0	0	Y	Y
IGG019HL	AOSD8	same	EDM1102	EDM1102	965	965	Y	identical	identical	1	1	0	0	N	N
IGG019HP	AOSD8	same	EDM1102	EDM1102	1605	1605	Y	differs	differs	1	1	1	1	N	N
IGG019HT	AOSD0	same	EDM1102	EDM1102	517	517	Y	identical	identical	1	1	0	0	N	N
IGG019I1	AOSD8	same	EDM1102	EDM1102	4181	4181	Y	identical	identical	1	1	0	0	N	N
IGG019I2	AOSD8	same	EDM1102	EDM1102	4253	4253	Y	identical	identical	1	1	0	0	N	N
IGG019I9	AOSD8	same	UZ30110	UZ30110	2175	2175	Y	differs	differs	1	1	0	0	Y	Y
IGG019IA	AOSD8	rmid-differs	UZ68250	UZ31763	4662	4615	N	differs	differs	1	1	0	0	Y	Y
IGG019IB	AOSD8	same	UZ31763	UZ31763	4687	4687	Y	differs	differs	1	1	0	0	Y	Y
IGG019IE	AOSD8	same	EDM1102	EDM1102	949	949	Y	identical	identical	1	1	0	0	N	N
IGG019IF	AOSD8	same	EDM1102	EDM1102	1093	1093	Y	identical	identical	1	1	0	0	N	N
IGG019IN	AOSD8	same	EDM1102	EDM1102	4301	4301	Y	identical	identical	1	1	0	0	N	N
IGG019IO	AOSD8	same	UZ30111	UZ30111	4407	4407	Y	differs	differs	1	1	0	0	Y	Y
IGG019IZ	AOSD8	same	UZ90075	UZ90075	5327	5327	Y	differs	differs	1	1	0	0	Y	Y
IGG019J0	AOSD8	same	EDM1102	EDM1102	2229	2229	Y	differs	differs	1	1	4	4	N	N
IGG019J3	AOSD8	same	UZ30107	UZ30107	2599	2599	Y	differs	differs	1	1	0	0	Y	Y
IGG019JC	AOSD8	same	EDM1102	EDM1102	517	517	Y	differs	differs	1	1	1	1	N	N
IGG019JD	AOSD0	same	EDM1102	EDM1102	573	573	Y	identical	identical	1	1	0	0	N	N
IGG019JG	AOSD8	same	EDM1102	EDM1102	821	821	Y	identical	identical	1	1	0	0	N	N
IGG019JI	AOSD8	same	EDM1102	EDM1102	1373	1373	Y	differs	differs	1	1	14	14	N	N
IGG019JJ	AOSD8	same	EDM1102	EDM1102	525	525	Y	identical	identical	1	1	0	0	N	N
IGG019JK	AOSD8	same	EDM1102	EDM1102	421	421	Y	identical	identical	1	1	0	0	N	N
IGG019JL	AOSD8	same	EDM1102	EDM1102	741	741	Y	identical	identical	1	1	0	0	N	N
IGG019JM	AOSD8	same	EDM1102	EDM1102	869	869	Y	identical	identical	1	1	0	0	N	N
IGG019JN	AOSD8	same	EDM1102	EDM1102	1261	1261	Y	differs	differs	1	1	1	1	N	N
IGG019JO	AOSD8	same	EDM1102	EDM1102	1189	1189	Y	differs	differs	1	1	1	1	N	N
IGG019JP	AOSD8	same	EDM1102	EDM1102	1581	1581	Y	differs	differs	1	1	1	1	N	N
IGG019JQ	AOSD8	same	EDM1102	EDM1102	1477	1477	Y	differs	differs	1	1	1	1	N	N
IGG019JR	AOSD8	same	EDM1102	EDM1102	1221	1221	Y	differs	differs	1	1	1	1	N	N
IGG019JS	AOSD8	same	EDM1102	EDM1102	1237	1237	Y	differs	differs	1	1	1	1	N	N
IGG019JT	AOSD8	same	EDM1102	EDM1102	1541	1541	Y	differs	differs	1	1	1	1	N	N
IGG019JU	AOSD8	same	EDM1102	EDM1102	1557	1557	Y	differs	differs	1	1	1	1	N	N
IGG019JV	AOSD8	same	EDM1102	EDM1102	717	717	Y	identical	identical	1	1	0	0	N	N
IGG019JW	AOSD8	same	EDM1102	EDM1102	698	698	Y	differs	differs	1	1	5	5	N	N
IGG019JX	AOSD8	same	EDM1102	EDM1102	1109	1109	Y	identical	identical	1	1	0	0	N	N
IGG019KC	AOSD7	same	EDM1102	EDM1102	629	629	Y	identical	identical	1	1	0	0	N	N
IGG019KE	AOSD7	rmid-differs	UZ66375	EDM1102	742	677	N	differs	identical	1	1	0	0	Y	N
IGG019KF	AOSD7	rmid-differs	UZ66375	EDM1102	1166	1109	N	differs	identical	1	1	0	0	Y	N
IGG019KG	AOSD7	same	EDM1102	EDM1102	549	549	Y	identical	identical	1	1	0	0	N	N
IGG019KH	AOSD7	same	EDM1102	EDM1102	613	613	Y	identical	identical	1	1	0	0	N	N
IGG019KI	AOSD7	same	EDM1102	EDM1102	565	565	Y	identical	identical	1	1	0	0	N	N
IGG019KJ	AOSD7	rmid-differs	UZ67148	UZ90072	4266	4267	N	differs	differs	1	1	0	0	Y	Y
IGG019KM	AOSD7	same	UZ90072	UZ90072	1135	1135	Y	differs	differs	1	1	0	0	Y	Y
IGG019KN	AOSD7	same	UZ90072	UZ90072	1895	1895	Y	differs	differs	1	1	0	0	Y	Y
IGG019KO	AOSD7	same	EDM1102	EDM1102	965	965	Y	identical	identical	1	1	0	0	N	N
IGG019KQ	AOSD7	same	EDM1102	EDM1102	685	685	Y	identical	identical	1	1	0	0	N	N
IGG019KR	AOSD7	same	EDM1102	EDM1102	1141	1141	Y	identical	identical	1	1	0	0	N	N
IGG019KW	AOSD7	same	EDM1102	EDM1102	741	741	Y	identical	identical	1	1	0	0	N	N
IGG019KY	AOSD7	same	EDM1102	EDM1102	565	565	Y	differs	differs	1	1	1	1	N	N
IGG019LA	AOSD7	same	EDM1102	EDM1102	613	613	Y	identical	identical	1	1	0	0	N	N
IGG019LC	AOSD7	same	UZ23609	UZ23609	663	663	Y	differs	differs	1	1	0	0	Y	Y
IGG019LS	AOSD0	same	UZ25496	UZ25496	917	917	Y	differs	differs	1	1	0	0	Y	Y
IGG019LT	AOSD0	same	EMI1102	EMI1102	2061	2061	Y	differs	differs	1	1	82	82	N	N
IGG019LU	AOSD0	same	EMI1102	EMI1102	1093	1093	Y	differs	differs	1	1	61	61	N	N
IGG019M0	AOS20	same	EBT1102	EBT1102	605	605	Y	identical	identical	1	1	0	0	N	N
IGG019M1	AOS20	same	EBT1102	EBT1102	594	594	Y	differs	differs	1	1	5	5	N	N
IGG019M2	AOS20	same	EBT1102	EBT1102	485	485	Y	identical	identical	1	1	0	0	N	N
IGG019M3	AOS20	same	EBT1102	EBT1102	650	650	Y	identical	identical	1	1	0	0	N	N
IGG019M4	AOS20	same	EBT1102	EBT1102	533	533	Y	identical	identical	1	1	0	0	N	N
IGG019M5	AOS20	same	EBT1102	EBT1102	621	621	Y	identical	identical	1	1	0	0	N	N
IGG019M6	AOS20	same	EBT1102	EBT1102	786	786	Y	identical	identical	1	1	0	0	N	N
IGG019MC	AOS20	rmid-differs	UY05101	UZ52421	2082	2058	N	differs	differs	1	1	5	0	N	Y
IGG019MD	AOS20	same	EBT1102	EBT1102	573	573	Y	identical	identical	1	1	0	0	N	N
IGG019ME	AOS20	same	EBT1102	EBT1102	541	541	Y	identical	identical	1	1	0	0	N	N
IGG019MF	AOS20	same	EBT1102	EBT1102	645	645	Y	identical	identical	1	1	0	0	N	N
IGG019MI	AOS20	same	EBT1102	EBT1102	525	525	Y	identical	identical	1	1	0	0	N	N
IGG019MJ	AOS20	same	EBT1102	EBT1102	557	557	Y	identical	identical	1	1	0	0	N	N
IGG019MK	AOS20	same	EBT1102	EBT1102	557	557	Y	identical	identical	1	1	0	0	N	N
IGG019ML	AOS20	same	EBT1102	EBT1102	485	485	Y	identical	identical	1	1	0	0	N	N
IGG019MN	AOS20	same	EBT1102	EBT1102	477	477	Y	identical	identical	1	1	0	0	N	N
IGG019MP	AOS20	same	EBT1102	EBT1102	509	509	Y	identical	identical	1	1	0	0	N	N
IGG019MS	AOS20	same	UZ25090	UZ25090	790	790	Y	differs	differs	1	1	3	3	N	N
IGG019MT	AOS20	same	EBT1102	EBT1102	485	485	Y	identical	identical	1	1	0	0	N	N
IGG019MU	AOS20	same	EBT1102	EBT1102	509	509	Y	identical	identical	1	1	0	0	N	N
IGG019MV	AOS20	same	EBT1102	EBT1102	605	605	Y	identical	identical	1	1	0	0	N	N
IGG019MW	AOS20	same	EBT1102	EBT1102	525	525	Y	identical	identical	1	1	0	0	N	N
IGG019MX	AOS20	same	EBT1102	EBT1102	605	605	Y	identical	identical	1	1	0	0	N	N
IGG019MY	AOS20	same	EBT1102	EBT1102	549	549	Y	identical	identical	1	1	0	0	N	N
IGG019MZ	AOS20	same	EBT1102	EBT1102	485	485	Y	identical	identical	1	1	0	0	N	N
IGG019OA	AOSG0	same	UZ52995	UZ52995	3438	3438	Y	differs	differs	2	2	0	0	Y	Y
IGG019OB	AOSG0	rmid-differs	UZ62515	UZ56893	750	750	N	differs	differs	2	2	320	321	N	N
IGG019OC	AOSG0	same	UZ56893	UZ56893	446	446	Y	differs	differs	2	2	56	56	N	N
IGG019OE	AOSG0	rmid-differs	UZ65007	UZ56893	2990	2862	N	differs	differs	1	1	0	0	Y	Y
IGG019OJ	AOSG0	same	EGA1102	EGA1102	533	533	Y	identical	identical	1	1	0	0	N	N
IGG019OK	AOSG0	same	EGA1102	EGA1102	1550	1550	Y	differs	differs	2	2	0	0	N	N
IGG019P2	AOSU0	same	FDZ1610	FDZ1610	620	620	Y	identical	identical	2	2	0	0	N	N
IGG019P8	AOSU0	same	EDS1102	EDS1102	762	762	Y	identical	identical	1	1	0	0	N	N
IGG019PB	AOS20	same	EBT1102	EBT1102	493	493	Y	identical	identical	1	1	0	0	N	N
IGG019PC	AOS20	same	EBT1102	EBT1102	653	653	Y	identical	identical	1	1	0	0	N	N
IGG019PE	AOS20	same	EBT1102	EBT1102	445	445	Y	identical	identical	1	1	0	0	N	N
IGG019PF	AOS20	same	EBT1102	EBT1102	477	477	Y	identical	identical	1	1	0	0	N	N
IGG019PG	AOS20	rmid-differs	UY15787	UZ25094	630	662	N	differs	differs	1	1	0	0	Y	Y
IGG019PH	AOS20	rmid-differs	UY00891	UZ90084	510	510	N	differs	differs	1	1	0	0	Y	Y
IGG019PI	AOS20	rmid-differs	UY15787	UZ25094	1086	1078	N	differs	differs	1	1	0	0	Y	Y
IGG019PK	AOS20	rmid-differs	UY15787	UZ57416	582	590	N	differs	differs	1	1	0	0	Y	Y
IGG019PL	AOS20	same	EBT1102	EBT1102	597	597	Y	identical	identical	1	1	0	0	N	N
IGG019PM	AOS20	same	EBT1102	EBT1102	669	669	Y	identical	identical	1	1	0	0	N	N
IGG019PN	AOS20	same	EBT1102	EBT1102	557	557	Y	identical	identical	1	1	0	0	N	N
IGG019PO	AOS20	same	EBT1102	EBT1102	645	645	Y	identical	identical	1	1	0	0	N	N
IGG019PP	AOS20	same	EBT1102	EBT1102	557	557	Y	identical	identical	1	1	0	0	N	N
IGG019PQ	AOS20	same	EBT1102	EBT1102	605	605	Y	identical	identical	1	1	0	0	N	N
IGG019Q1	AOS21	same	UZ34664	UZ34664	1334	1334	Y	differs	differs	1	1	0	0	Y	Y
IGG019Q6	AOS21	same	UZ31517	UZ31517	1734	1734	Y	differs	differs	1	1	0	0	Y	Y
IGG019Q7	AOS21	same	UZ31517	UZ31517	2070	2070	Y	differs	differs	1	1	0	0	Y	Y
IGG019Q9	AOS21	same	UZ24392	UZ24392	2058	2058	Y	differs	differs	1	1	0	0	Y	Y
IGG019QE	AOS21	same	UZ30992	UZ30992	1318	1318	Y	differs	differs	1	1	907	907	N	N
IGG019R1	AOS21	same	UZ25956	UZ25956	1586	1586	Y	differs	differs	1	1	1137	1137	N	N
IGG019R2	AOS21	same	UZ36497	UZ36497	1294	1294	Y	differs	differs	1	1	832	832	N	N
IGG019R3	AOS21	same	ETC0108	ETC0108	1165	1165	Y	differs	differs	1	1	0	0	Y	Y
IGG019R4	AOS21	same	UZ31517	UZ31517	2350	2350	Y	differs	differs	1	1	0	0	Y	Y
IGG019R6	AOS21	same	UZ34970	UZ34970	1562	1562	Y	differs	differs	1	1	0	0	Y	Y
IGG019R7	AOS21	same	ETC0108	ETC0108	453	453	Y	identical	identical	1	1	0	0	N	N
IGG019R8	AOS21	same	ETC0108	ETC0108	453	453	Y	identical	identical	1	1	0	0	N	N
IGG019R9	AOS21	same	ETC0108	ETC0108	445	445	Y	identical	identical	1	1	0	0	N	N
IGG019RA	AOS21	same	UZ24392	UZ24392	622	622	Y	identical	identical	1	1	0	0	N	N
IGG019RC	AOS21	same	UZ34393	UZ34393	2218	2218	Y	differs	differs	1	1	1142	1142	N	N
IGG019RD	AOS21	same	UZ31517	UZ31517	2814	2814	Y	differs	differs	1	1	0	0	Y	Y
IGG019RE	AOS21	same	ETC0108	ETC0108	677	677	Y	identical	identical	1	1	0	0	N	N
IGG019RF	AOS21	same	ETC0108	ETC0108	1389	1389	Y	differs	differs	1	1	344	344	N	N
IGG019RG	AOS21	same	ETC0108	ETC0108	821	821	Y	differs	differs	1	1	0	0	Y	Y
IGG019RI	AOS21	same	ETC0108	ETC0108	1098	1098	Y	differs	differs	1	1	630	630	N	N
IGG019RK	AOS21	same	ETC0108	ETC0108	869	869	Y	differs	differs	1	1	495	495	N	N
IGG019RM	AOS21	same	ETC0108	ETC0108	413	413	Y	differs	differs	1	1	0	0	Y	Y
IGG019RN	AOS21	same	UZ24650	UZ24650	3110	3110	Y	differs	differs	1	1	0	0	Y	Y
IGG019RR	AOS21	same	UZ27381	UZ27381	462	462	Y	identical	identical	1	1	0	0	N	N
IGG019RS	AOS21	same	ETC0108	ETC0108	405	405	Y	identical	identical	1	1	0	0	N	N
IGG019RT	AOS21	same	ETC0108	ETC0108	405	405	Y	identical	identical	1	1	0	0	N	N
IGG019RU	AOS21	same	ETC0108	ETC0108	397	397	Y	identical	identical	1	1	0	0	N	N
IGG019RV	AOS21	same	ETC0108	ETC0108	381	381	Y	identical	identical	1	1	0	0	N	N
IGG019RW	AOS21	same	ETC0108	ETC0108	421	421	Y	identical	identical	1	1	0	0	N	N
IGG019RX	AOS21	same	ETC0108	ETC0108	397	397	Y	identical	identical	1	1	0	0	N	N
IGG019RY	AOS21	same	ETC0108	ETC0108	365	365	Y	identical	identical	1	1	0	0	N	N
IGG019RZ	AOS21	same	UZ34279	UZ34279	462	462	Y	identical	identical	1	1	0	0	N	N
IGG019SI	AOSC6	same	EDM1102	EDM1102	509	509	Y	differs	differs	1	1	2	2	N	N
IGG019T2	AOSD0	rmid-differs	UZ61346	UZ90002	1662	1663	N	differs	differs	1	1	0	0	Y	Y
IGG019T3	AOST3	same	UZ36512	UZ36512	774	774	Y	differs	differs	1	1	0	0	Y	Y
IGG019T4	AOST3	same	UZ31096	UZ31096	718	718	Y	differs	differs	1	1	0	0	Y	Y
IGG019T5	AOST3	same	UZ36512	UZ36512	886	886	Y	differs	differs	1	1	0	0	Y	Y
IGG019T6	AOST3	same	UZ36512	UZ36512	854	854	Y	differs	differs	1	1	0	0	Y	Y
IGG019T7	AOST3	same	UZ36512	UZ36512	798	798	Y	differs	differs	1	1	0	0	Y	Y
IGG019T8	AOST3	same	ETI1106	ETI1106	501	501	Y	differs	differs	1	1	0	0	Y	Y
IGG019TC	AOSD0	rmid-differs	UZ61346	UZ37211	1294	1294	N	differs	differs	1	1	0	0	Y	Y
IGG019TD	AOSD0	same	UZ90002	UZ90002	1271	1271	Y	differs	differs	1	1	0	0	Y	Y
IGG019TM	AOS21	same	ETC0108	ETC0108	373	373	Y	identical	identical	1	1	0	0	N	N
IGG019TV	AOSD0	rmid-differs	UZ61346	UZ90002	1590	1591	N	differs	differs	1	1	0	0	Y	Y
IGG019TW	AOSD0	rmid-differs	UZ61346	UZ37211	1246	1246	N	differs	differs	1	1	0	0	Y	Y
IGG019TX	AOST3	same	ETI1106	ETI1106	397	397	Y	differs	differs	1	1	2	2	N	N
IGG019TY	AOST3	same	ETI1106	ETI1106	341	341	Y	identical	identical	1	1	0	0	N	N
IGG019TZ	AOST3	same	ETI1106	ETI1106	349	349	Y	identical	identical	1	1	0	0	N	N
IGG019UM	AOSD0	same	EMI1102	EMI1102	1101	1101	Y	differs	differs	1	1	56	56	N	N
IGG019UN	AOSD0	same	EMI1102	EMI1102	1013	1013	Y	differs	differs	1	1	4	4	N	N
IGG019UO	AOSD0	same	EMI1102	EMI1102	445	445	Y	identical	identical	1	1	0	0	N	N
IGG019UP	AOS20	rmid-differs	UY85819	UZ29482	846	854	N	differs	differs	1	1	0	0	Y	Y
IGG019V1	AOSD0	same	EST1102	EST1102	549	549	Y	differs	differs	1	1	4	4	N	N
IGG019V2	AOSD0	same	EST1102	EST1102	770	770	Y	differs	differs	1	1	6	6	N	N
IGG019V3	AOSD0	same	EST1102	EST1102	842	842	Y	differs	differs	1	1	4	4	N	N
IGG019V4	AOSD0	same	EST1102	EST1102	813	813	Y	differs	differs	1	1	4	4	N	N
IGG019V5	AOSD0	same	UZ26026	UZ26026	4523	4523	Y	identical	identical	1	1	0	0	N	N
IGG019V6	AOSD0	rmid-differs	UZ61346	UZ55916	2606	2598	N	differs	differs	1	1	6	0	N	Y
IGG019VA	AOSD0	same	EMI1102	EMI1102	597	597	Y	identical	identical	1	1	0	0	N	N
IGG019VB	AOSD0	same	EMI1102	EMI1102	693	693	Y	identical	identical	1	1	0	0	N	N
IGG019VC	AOSD0	same	EMI1102	EMI1102	653	653	Y	identical	identical	1	1	0	0	N	N
IGG019VD	AOSD0	same	EMI1102	EMI1102	733	733	Y	identical	identical	1	1	0	0	N	N
IGG019VE	AOSD0	same	EMI1102	EMI1102	1178	1178	Y	identical	identical	1	1	0	0	N	N
IGG019VF	AOSD0	same	EMI1102	EMI1102	413	413	Y	identical	identical	1	1	0	0	N	N
IGG019VG	AOSD0	same	EMI1102	EMI1102	1085	1085	Y	identical	identical	1	1	0	0	N	N
IGG019VH	AOSD0	same	EMI1102	EMI1102	1117	1117	Y	identical	identical	1	1	0	0	N	N
IGG019VI	AOSD0	same	EMI1102	EMI1102	509	509	Y	identical	identical	1	1	0	0	N	N
IGG019VJ	AOSD0	same	EMI1102	EMI1102	749	749	Y	identical	identical	1	1	0	0	N	N
IGG019VK	AOSD0	same	EMI1102	EMI1102	877	877	Y	identical	identical	1	1	0	0	N	N
IGG019VV	AOSD0	same	EMI1102	EMI1102	669	669	Y	differs	differs	1	1	14	14	N	N
IGG019VW	AOSD0	rmid-differs	UZ42656	UZ30404	1238	1221	N	differs	differs	1	1	0	0	Y	Y
IGG0201W	AOSD0	rmid-differs	UZ62779	UZ51743	1661	1661	N	differs	differs	1	1	767	724	N	N
IGG02028	AOSD8	same	EDM1102	EDM1102	1501	1501	Y	differs	differs	1	1	0	0	Y	Y
IGG0202A	AOSD8	rmid-differs	UZ68416	EDM1102	1598	1525	N	differs	differs	1	1	0	0	Y	Y
IGG0202B	AOSD8	rmid-differs	UZ73480	EDM1102	1366	1338	N	differs	differs	1	1	0	4	Y	N
IGG0202D	AOSD8	same	UZ90073	UZ90073	1375	1375	Y	differs	differs	1	1	0	0	Y	Y
IGG0202I	AOSD8	same	EDM1102	EDM1102	1269	1269	Y	differs	differs	1	1	0	0	Y	Y
IGG0202J	AOSD8	same	EDM1102	EDM1102	1461	1461	Y	differs	differs	1	1	0	0	Y	Y
IGG0202K	AOSD8	same	EDM1102	EDM1102	1229	1229	Y	differs	differs	1	1	0	0	Y	Y
IGG0202L	AOSD8	same	EDM1102	EDM1102	1285	1285	Y	differs	differs	1	1	0	0	Y	Y
IGG0202M	AOSD8	same	EDM1102	EDM1102	1381	1381	Y	differs	differs	1	1	0	0	Y	Y
IGG0202N	AOSD8	same	EDM1102	EDM1102	821	821	Y	differs	differs	1	1	0	0	Y	Y
IGG02030	AOS21	same	UZ36497	UZ36497	1158	1158	Y	differs	differs	1	1	0	0	Y	Y
IGG02035	AOS21	same	ETC0108	ETC0108	898	898	Y	differs	differs	1	1	453	453	N	N
IGG02036	AOS21	same	UZ30992	UZ30992	1906	1906	Y	differs	differs	1	1	1321	1321	N	N
IGG0203B	AOS21	same	UZ28558	UZ28558	741	741	Y	differs	differs	1	1	0	0	Y	Y
IGG02041	AOS21	same	UZ24392	UZ24392	1382	1382	Y	differs	differs	1	1	959	959	N	N
IGG02046	AOS21	rmid-differs	UZ59303	ETC0108	1554	1518	N	differs	differs	1	1	0	965	Y	N
IGG020FC	AOSD0	same	EDM1102	EDM1102	981	981	Y	differs	differs	1	1	18	18	N	N
IGG020T1	AOSD0	rmid-differs	UZ69011	EDM1102	1573	1601	N	differs	identical	1	1	0	0	Y	N
IGG026DU	AOSD0	same	EDM1102	EDM1102	389	389	Y	identical	identical	1	1	0	0	N	N
IGG029DM	AOSD0	same	UZ90007	UZ90007	390	390	Y	identical	identical	1	1	0	0	N	N
IGG029DU	AOSD0	same	EDM1102	EDM1102	389	389	Y	identical	identical	1	1	0	0	N	N
IGG030DU	AOSD0	same	EDM1102	EDM1102	389	389	Y	identical	identical	1	1	0	0	N	N
IGG08108	AOSD0	same	UZ32523	UZ32523	3057	3057	Y	differs	differs	1	1	0	0	Y	Y
IGG08110	AOSD0	same	UZ53854	UZ53854	2221	2221	Y	identical	identical	1	1	0	0	N	N
IGG08111	AOSD0	same	UZ53854	UZ53854	3893	3893	Y	identical	identical	1	1	0	0	N	N
IGG08112	AOSD0	same	UZ53854	UZ53854	2941	2941	Y	identical	identical	1	1	0	0	N	N
IGG08113	AOSD0	rmid-differs	UZ74336	UZ53854	3453	3445	N	identical	differs	1	1	0	0	N	Y
IGG08114	AOSD0	same	UZ34063	UZ34063	2085	2085	Y	identical	identical	1	1	0	0	N	N
IGG08115	AOSD0	same	FDM1133	FDM1133	1345	1345	Y	identical	identical	1	1	0	0	N	N
IGG08116	AOSD0	same	UZ30728	UZ30728	2334	2334	Y	differs	differs	1	1	1	1	N	N
IGG08117	AOSD0	rmid-differs	UZ59019	UZ56448	3093	3093	N	identical	differs	1	1	0	16	N	N
IGG0860A	AOSU0	same	EDS1102	EDS1102	1357	1357	Y	differs	differs	1	1	860	860	N	N
IGG0860B	AOSU0	same	UZ90093	UZ90093	1389	1389	Y	differs	differs	1	1	258	258	N	N
IGG0860D	AOSU0	same	UZ90093	UZ90093	1389	1389	Y	differs	differs	1	1	883	883	N	N
IGG09300	AOST3	same	UZ23355	UZ23355	2094	2094	Y	identical	identical	1	1	0	0	N	N
IGG09301	AOST3	same	UZ54203	UZ54203	1574	1574	Y	differs	differs	1	1	0	0	Y	Y
IGG09302	AOST3	same	UZ33259	UZ33259	1894	1894	Y	differs	differs	1	1	0	0	Y	Y
IGG09303	AOST3	same	UZ25385	UZ25385	774	774	Y	differs	differs	1	1	1	1	N	N
IGG09400	AOST3	same	UZ35771	UZ35771	990	990	Y	differs	differs	1	1	0	0	Y	Y
IGG09402	AOST3	same	UZ53562	UZ53562	734	734	Y	differs	differs	1	1	0	0	Y	Y
IGG09403	AOST3	same	UZ36549	UZ36549	526	526	Y	differs	differs	1	1	4	4	N	N
IGG09404	AOST3	same	ETC0108	ETC0108	677	677	Y	differs	differs	1	1	6	6	N	N
IGG09405	AOST3	same	ETC0108	ETC0108	421	421	Y	differs	differs	1	1	14	14	N	N
IGG09406	AOST3	same	ETC0108	ETC0108	549	549	Y	differs	differs	1	1	2	2	N	N
IGG09407	AOST3	same	ETC0108	ETC0108	730	730	Y	identical	identical	1	1	0	0	N	N
IGG09408	AOST3	same	UZ23963	UZ23963	950	950	Y	differs	differs	1	1	0	0	Y	Y
IGG09409	AOST3	same	UZ25385	UZ25385	558	558	Y	differs	differs	1	1	0	0	Y	Y
IGG0940A	AOST3	same	UZ25385	UZ25385	646	646	Y	differs	differs	1	1	0	0	Y	Y
IGG0940B	AOST3	same	ETC0108	ETC0108	437	437	Y	identical	identical	1	1	0	0	N	N
IGG0940C	AOST3	same	ETC0108	ETC0108	477	477	Y	identical	identical	1	1	0	0	N	N
IGG0940D	AOST3	same	ETC0108	ETC0108	445	445	Y	identical	identical	1	1	0	0	N	N
IGG0940E	AOST3	same	ETC0108	ETC0108	485	485	Y	identical	identical	1	1	0	0	N	N
IGG0940G	AOST3	same	UZ25385	UZ25385	534	534	Y	differs	differs	1	1	0	0	Y	Y
IGG0940H	AOST3	same	ETC0108	ETC0108	1517	1517	Y	differs	differs	2	2	0	0	Y	Y
IGG09411	AOST3	rmid-differs	UZ57962	UZ52590	693	693	N	differs	differs	1	1	0	0	Y	Y
IGG09414	AOST3	same	ETC0108	ETC0108	537	537	Y	identical	identical	1	1	0	0	N	N
IGG0CLA0	AOSA0	same	UZ54323	UZ54323	1637	1637	Y	differs	differs	1	1	0	0	Y	Y
IGG0CLA1	AOSA0	same	EDM1102	EDM1102	509	509	Y	differs	differs	1	1	2	2	N	N
IGG0CLA2	AOSA0	same	UZ32834	UZ32834	3301	3301	Y	differs	differs	1	1	0	0	Y	Y
IGG0CLA3	AOSA0	rmid-differs	UZ62510	UZ54429	4593	4553	N	differs	differs	1	1	0	0	Y	Y
IGG0CLA4	AOSA0	same	UZ35737	UZ35737	4965	4965	Y	differs	differs	1	1	0	0	Y	Y
IGG0CLA5	AOSA0	same	UZ33900	UZ33900	3373	3373	Y	differs	differs	1	1	0	0	Y	Y
IGG0CLA6	AOSA0	same	UZ35616	UZ35616	2533	2533	Y	differs	differs	1	1	0	0	Y	Y
IGG0CLA7	AOSA0	same	UZ34244	UZ34244	5269	5269	Y	differs	differs	1	1	0	0	Y	Y
IGG0CLA8	AOSA0	same	UZ37623	UZ37623	1285	1285	Y	differs	differs	1	1	0	0	Y	Y
IGG0CLAA	AOSA0	same	EDM1102	EDM1102	4349	4349	Y	differs	differs	1	1	11	11	N	N
IGG0CLAB	AOSA0	same	UZ27352	UZ27352	2630	2630	Y	differs	differs	1	1	4	4	N	N
IGG0CLAC	AOSA0	same	EDM1102	EDM1102	821	821	Y	differs	differs	1	1	0	0	Y	Y
IGG0CLAD	AOSA0	same	UZ53568	UZ53568	2973	2973	Y	differs	differs	1	1	0	0	Y	Y
IGG0CLAE	AOSA0	same	UZ32834	UZ32834	3021	3021	Y	differs	differs	1	1	0	0	Y	Y
IGG0CLAF	AOSA0	rmid-differs	UZ72803	UZ32834	5585	5301	N	differs	differs	1	1	0	0	Y	Y
IGG0CLAG	AOSA0	rmid-differs	UZ58773	UZ35971	8889	8809	N	differs	differs	1	1	0	0	Y	Y
IGG0CLAH	AOSA0	rmid-differs	UZ71195	UZ32834	4681	4345	N	differs	differs	1	1	0	0	Y	Y
IGG0CLAI	AOSA0	same	UZ27348	UZ27348	2582	2582	Y	differs	differs	1	1	0	0	Y	Y
IGG0CLAJ	AOSA0	rmid-differs	UZ60327	EDM1102	4173	3997	N	differs	differs	1	1	0	4	Y	N
IGG0CLAK	AOSA0	same	UZ33061	UZ33061	4453	4453	Y	differs	differs	1	1	0	0	Y	Y
IGG0CLAL	AOSA0	rmid-differs	UZ77518	UZ29757	4781	4702	N	differs	differs	1	1	0	0	Y	Y
IGG0CLAM	AOSA0	same	UZ27348	UZ27348	2286	2286	Y	differs	differs	1	1	0	0	Y	Y
IGG0CLAN	AOSA0	same	UZ27348	UZ27348	4638	4638	Y	differs	differs	1	1	0	0	Y	Y
IGG0CLAO	AOSA0	same	UZ27347	UZ27347	2646	2646	Y	differs	differs	1	1	1549	1549	N	N
IGG0CLAP	AOSA0	rmid-differs	UZ72061	UZ35054	3237	3205	N	differs	differs	1	1	0	0	Y	Y
IGG0CLAQ	AOSA0	rmid-differs	UZ72965	UZ34149	4693	4661	N	differs	differs	1	1	0	0	Y	Y
IGG0CLAR	AOSA0	same	UZ27347	UZ27347	1582	1582	Y	differs	differs	1	1	0	0	Y	Y
IGG0CLAS	AOSA0	same	UZ32834	UZ32834	4813	4813	Y	differs	differs	1	1	0	0	Y	Y
IGG0CLAT	AOSA0	rmid-differs	UZ72651	UZ51938	5533	5517	N	differs	differs	1	1	0	0	Y	Y
IGG0CLAU	AOSA0	same	EDM1102	EDM1102	3053	3053	Y	differs	differs	1	1	9	9	N	N
IGG0CLAV	AOSA0	same	EDM1102	EDM1102	3005	3005	Y	differs	differs	1	1	12	12	N	N
IGG0CLAW	AOSA0	same	UZ32834	UZ32834	3909	3909	Y	differs	differs	1	1	0	0	Y	Y
IGG0CLAX	AOSA0	same	UZ54408	UZ54408	4053	4053	Y	differs	differs	1	1	0	0	Y	Y
IGG0CLAZ	AOSA0	rmid-differs	UZ72403	UZ27347	3605	3550	N	differs	differs	1	1	0	0	Y	Y
IGG0CLB0	AOSA0	same	UZ35616	UZ35616	5013	5013	Y	differs	differs	1	1	0	0	Y	Y
IGG0CLB1	AOSA0	same	UZ27347	UZ27347	3014	3014	Y	differs	differs	1	1	0	0	Y	Y
IGG0CLB2	AOSA0	same	EDM1102	EDM1102	1757	1757	Y	differs	differs	1	1	9	9	N	N
IGG0CLB3	AOSA0	same	EDM1102	EDM1102	1429	1429	Y	differs	differs	1	1	5	5	N	N
IGG0CLB4	AOSA0	same	UZ37548	UZ37548	3437	3437	Y	differs	differs	1	1	2338	2338	N	N
IGG0CLB5	AOSA0	same	UZ32923	UZ32923	4949	4949	Y	differs	differs	1	1	0	0	Y	Y
IGG0CLB6	AOSA0	rmid-differs	UZ41208	UZ56933	3501	3349	N	differs	differs	1	1	0	0	Y	Y
IGG0CLB7	AOSA0	rmid-differs	UZ59300	UZ32834	3333	3309	N	differs	differs	1	1	0	0	Y	Y
IGG0CLB8	AOSA0	same	UZ54543	UZ54543	4029	4029	Y	differs	differs	1	1	0	0	Y	Y
IGG0CLB9	AOSA0	same	UZ35588	UZ35588	4173	4173	Y	differs	differs	1	1	0	0	Y	Y
IGG0CLBA	AOSA0	same	UZ27347	UZ27347	3510	3510	Y	differs	differs	1	1	0	0	Y	Y
IGG0CLBB	AOSA0	same	UZ27347	UZ27347	4494	4494	Y	differs	differs	1	1	0	0	Y	Y
IGG0CLBC	AOSA0	same	EDM1102	EDM1102	2029	2029	Y	differs	differs	1	1	2	2	N	N
IGG0CLBD	AOSA0	same	UZ27348	UZ27348	4854	4854	Y	differs	differs	1	1	0	0	Y	Y
IGG0CLBE	AOSA0	same	UZ32834	UZ32834	4125	4125	Y	differs	differs	1	1	0	0	Y	Y
IGG0CLBF	AOSA0	same	EDM1102	EDM1102	997	997	Y	differs	differs	1	1	6	6	N	N
IGG0CLBG	AOSA0	rmid-differs	UZ65674	UZ36792	5897	5889	N	differs	differs	1	1	0	0	Y	Y
IGG0CLBH	AOSA0	same	UZ27347	UZ27347	2910	2910	Y	differs	differs	1	1	0	0	Y	Y
IGG0CLBI	AOSA0	same	UZ35971	UZ35971	5933	5933	Y	differs	differs	1	1	8	8	N	N
IGG0CLBJ	AOSA0	rmid-differs	UZ57742	EDM1102	1893	1805	N	differs	differs	1	1	0	4	Y	N
IGG0CLBK	AOSA0	same	UZ32834	UZ32834	3597	3597	Y	differs	differs	1	1	0	0	Y	Y
IGG0CLBL	AOSA0	same	UZ27347	UZ27347	4518	4518	Y	differs	differs	1	1	0	0	Y	Y
IGG0CLBM	AOSA0	rmid-differs	UZ41208	UZ34957	5381	5189	N	differs	differs	1	1	0	0	Y	Y
IGG0CLBN	AOSA0	same	UZ30647	UZ30647	5046	5046	Y	differs	differs	1	1	0	0	Y	Y
IGG0CLBO	AOSA0	rmid-differs	UZ68184	UZ35588	4997	4869	N	differs	differs	1	1	0	0	Y	Y
IGG0CLBP	AOSA0	rmid-differs	UZ74634	UZ27347	4654	4598	N	differs	differs	1	1	0	0	Y	Y
IGG0CLBQ	AOSA0	same	EDM1102	EDM1102	1853	1853	Y	differs	differs	1	1	4	4	N	N
IGG0CLBR	AOSA0	same	EDM1102	EDM1102	2101	2101	Y	differs	differs	1	1	2	2	N	N
IGG0CLBS	AOSA0	same	UZ27347	UZ27347	3718	3718	Y	differs	differs	1	1	0	0	Y	Y
IGG0CLBT	AOSA0	same	UZ27347	UZ27347	2614	2614	Y	differs	differs	1	1	0	0	Y	Y
IGG0CLBU	AOSA0	rmid-differs	UZ58280	UZ27347	2253	1846	N	differs	differs	1	1	0	0	Y	Y
IGG0CLBV	AOSA0	rmid-differs	UZ58280	UZ32834	4725	4565	N	differs	differs	1	1	0	0	Y	Y
IGG0CLBW	AOSA0	same	UZ27347	UZ27347	3198	3198	Y	differs	differs	1	1	0	0	Y	Y
IGG0CLBX	AOSA0	same	UZ35616	UZ35616	4421	4421	Y	differs	differs	1	1	2	2	N	N
IGG0CLBY	AOSA0	rmid-differs	UZ72069	UZ55976	3789	3645	N	differs	differs	1	1	0	0	Y	Y
IGG0CLBZ	AOSA0	same	UZ27347	UZ27347	2622	2622	Y	differs	differs	1	1	0	0	Y	Y
IGG0CLC9	AOSA0	rmid-differs	UZ62510	UZ35064	8865	8945	N	differs	differs	1	1	0	0	Y	Y
IGG0CLCB	AOSD0	same	UZ55818	UZ55818	3206	3206	Y	differs	differs	1	1	0	0	Y	Y
IGG0CLCE	AOSD0	rmid-differs	UZ67190	UZ55818	3454	3430	N	differs	differs	1	1	0	0	Y	Y
IGG0CLCF	AOSD0	same	UZ55818	UZ55818	3006	3006	Y	differs	differs	1	1	0	0	Y	Y
IGG0CLDA	AOSA0	same	UZ27347	UZ27347	2686	2686	Y	differs	differs	1	1	1642	1642	N	N
IGG0CLDC	AOSA0	rmid-differs	UZ66928	UZ27355	2853	2750	N	differs	differs	1	1	0	0	Y	Y
IGG0CLDD	AOSA0	rmid-differs	UZ66928	UZ27355	3469	2918	N	differs	differs	1	1	0	0	Y	Y
IGG1AN	AOSD0	same	EDM1102	EDM1102	866	866	Y	identical	identical	2	2	0	0	N	N
IGG1HN	AOSD0	same	EDM1102	EDM1102	866	866	Y	identical	identical	2	2	0	0	N	N
IGG1PCAN	AOSD0	same	EDM1102	EDM1102	866	866	Y	identical	identical	2	2	0	0	N	N
IGG1PCHN	AOSD0	same	EDM1102	EDM1102	866	866	Y	identical	identical	2	2	0	0	N	N
IGG1PN	AOSD0	same	EDM1102	EDM1102	866	866	Y	differs	differs	2	2	16	16	N	N
IGG1QN	AOSD0	same	EDM1102	EDM1102	866	866	Y	differs	differs	2	2	4	4	N	N
IGG1QNC	AOSD0	same	EDM1102	EDM1102	866	866	Y	differs	differs	2	2	4	4	N	N
IGG1RN	AOSD0	same	EDM1102	EDM1102	866	866	Y	identical	identical	2	2	0	0	N	N
IGG1SN	AOSD0	same	EDM1102	EDM1102	866	866	Y	differs	differs	2	2	14	14	N	N
IGG1TN	AOSD0	same	UZ24905	UZ24905	885	885	Y	identical	identical	2	2	0	0	N	N
IGG1XN	AOSD0	same	EDM1102	EDM1102	866	866	Y	identical	identical	2	2	0	0	N	N
IGG1YN	AOSD0	same	EDM1102	EDM1102	866	866	Y	identical	identical	2	2	0	0	N	N
IGG2A11	AOSD0	same	EDM1102	EDM1102	1426	1426	Y	identical	identical	2	2	0	0	N	N
IGG2G11	AOSD0	same	EDM1102	EDM1102	1442	1442	Y	differs	differs	2	2	32	32	N	N
IGG2H11	AOSD0	same	EDM1102	EDM1102	1426	1426	Y	identical	identical	2	2	0	0	N	N
IGG2P11	AOSD0	same	EDM1102	EDM1102	1442	1442	Y	differs	differs	2	2	16	16	N	N
IGG2T11	AOSD0	same	EDM1102	EDM1102	1426	1426	Y	identical	identical	2	2	0	0	N	N
IGG3AN	AOSD0	same	UZ90040	UZ90040	1013	1013	Y	identical	identical	2	2	0	0	N	N
IGG3HN	AOSD0	same	UZ90040	UZ90040	1013	1013	Y	identical	identical	2	2	0	0	N	N
IGG3PCAN	AOSD0	same	UZ90040	UZ90040	1013	1013	Y	identical	identical	2	2	0	0	N	N
IGG3PCHN	AOSD0	same	UZ90040	UZ90040	1013	1013	Y	identical	identical	2	2	0	0	N	N
IGG3PN	AOSD0	same	UZ90040	UZ90040	1013	1013	Y	differs	differs	2	2	8	8	N	N
IGG3QN	AOSD0	same	UZ90040	UZ90040	1013	1013	Y	differs	differs	2	2	2	2	N	N
IGG3QNC	AOSD0	same	UZ90040	UZ90040	1013	1013	Y	differs	differs	2	2	2	2	N	N
IGG3RN	AOSD0	same	UZ90040	UZ90040	1013	1013	Y	identical	identical	2	2	0	0	N	N
IGG3SN	AOSD0	same	UZ90040	UZ90040	1013	1013	Y	identical	identical	2	2	0	0	N	N
IGG3TN	AOSD0	same	UZ90040	UZ90040	1013	1013	Y	differs	differs	2	2	4	4	N	N
IGG3XN	AOSD0	same	UZ90039	UZ90039	1013	1013	Y	identical	identical	2	2	0	0	N	N
IGG3YN	AOSD0	same	UZ90039	UZ90039	1013	1013	Y	identical	identical	2	2	0	0	N	N
IGGMSG01	AOSD0	same	UZ30728	UZ30728	3111	3111	Y	identical	identical	1	1	0	0	N	N
IGGMSG02	AOSD0	rmid-differs	UZ57182	EDM1102	2774	2722	N	identical	differs	1	1	0	0	N	Y
IGX00013	AOSC5	same	EMF1102	EMF1102	2785	2785	Y	differs	differs	1	1	0	0	Y	Y
IGX00014	ALPALIB	same	EMF1102	EMF1102	2161	2161	Y	differs	differs	1	1	93	93	N	N
IGX00015	AOSC5	same	EBB1102	EBB1102	517	517	Y	differs	differs	1	1	0	0	Y	Y
IGX00026	AOST4	rmid-differs	UZ48765	UZ60444	1653	1485	N	identical	differs	1	1	0	0	N	Y
IGX00027	AOST4	rmid-differs	UZ48765	UZ59182	981	965	N	identical	differs	1	1	0	0	N	Y
IHCGSP04	AOS07	same	EGS1102	EGS1102	1177	1177	Y	differs	differs	1	1	62	62	N	N
IHJACP20	AOSC6	same	EDM1102	EDM1102	874	874	Y	identical	identical	1	1	0	0	N	N
IHJACP25	AOSC6	rmid-differs	UZ59987	UZ22244	2410	2411	N	differs	differs	1	1	0	0	Y	Y
IHJARS01	AOSC6	same	EDM1102	EDM1102	1066	1066	Y	differs	differs	1	1	0	0	Y	Y
IHJQCP30	AOSC6	same	EDM1102	EDM1102	973	973	Y	differs	differs	1	1	53	53	N	N
IHJQCP31	AOSC6	same	EDM1102	EDM1102	1862	1862	Y	identical	identical	1	1	0	0	N	N
IHJQCP32	AOSC6	same	EDM1102	EDM1102	2078	2078	Y	differs	differs	1	1	5	5	N	N
IHJQRS20	AOSC6	same	EDM1102	EDM1102	1378	1378	Y	differs	differs	1	1	5	5	N	N
IHJQRS21	AOSC6	rmid-differs	UZ72454	UZ37487	2434	2434	N	differs	differs	1	1	0	0	Y	Y
IHJQRS22	AOSC6	same	EDM1102	EDM1102	1838	1838	Y	differs	differs	1	1	5	5	N	N
IHJQRS23	AOSC6	same	EDM1102	EDM1102	1154	1154	Y	differs	differs	1	1	5	5	N	N
IHJQRS24	AOSC6	rmid-differs	UZ71565	EDM1102	1594	1582	N	differs	differs	1	1	120	5	N	N
IKJ5803D	AOST4	same	EBB1102	EBB1102	581	581	Y	differs	differs	1	1	0	0	Y	Y
IKJCB831	AOST4	rmid-differs	UY07656	EBB1102	5053	5133	N	differs	differs	1	1	0	8	Y	N
IKJCT432	AOST4	same	UZ25767	UZ25767	9113	9113	Y	identical	identical	1	1	0	0	N	N
IKJCT433	AOST4	rmid-differs	UY17021	UZ68075	12917	12837	N	differs	differs	1	1	0	0	Y	Y
IKJCT434	AOST4	same	UZ26051	UZ26051	6001	6001	Y	differs	differs	1	1	0	0	Y	Y
IKJCT435	AOST4	same	EBB1102	EBB1102	3637	3637	Y	differs	differs	1	1	0	0	Y	Y
IKJCT460	AOST4	rmid-differs	UZ50509	UZ69787	1609	1569	N	differs	differs	1	1	0	0	Y	Y
IKJCT462	AOST4	same	UZ80230	UZ80230	4777	4777	Y	differs	differs	1	1	0	0	Y	Y
IKJCT463	AOST4	same	UZ80347	UZ80347	4489	4489	Y	differs	differs	3	3	0	0	Y	Y
IKJCT464	AOST4	same	UZ80230	UZ80230	1421	1421	Y	differs	differs	1	1	0	0	Y	Y
IKJCT466	AOST4	same	UZ80230	UZ80230	969	969	Y	differs	differs	1	1	0	0	Y	Y
IKJCT470	AOST4	same	EBB1102	EBB1102	1165	1165	Y	differs	differs	1	1	4	4	N	N
IKJCT471	AOST4	same	UZ60205	UZ60205	1157	1157	Y	differs	differs	1	1	0	0	Y	Y
IKJCT473	AOST4	same	UZ58481	UZ58481	2329	2329	Y	differs	differs	1	1	0	0	Y	Y
IKJEBEAA	ACMDLIB	same	UZ25185	UZ25185	6000	6000	Y	identical	identical	16	16	0	0	N	N
IKJEBEAE	ACMDLIB	rmid-differs	UY12210	UZ67795	1685	1461	N	differs	differs	1	1	15	0	N	Y
IKJEBEAR	AOST4	same	EBB1102	EBB1102	365	365	Y	identical	identical	1	1	0	0	N	N
IKJEBEAT	ACMDLIB	same	EBB1102	EBB1102	737	737	Y	identical	identical	1	1	0	0	N	N
IKJEBEBO	ACMDLIB	same	EBB1102	EBB1102	525	525	Y	differs	differs	1	1	0	0	Y	Y
IKJEBECH	ACMDLIB	same	UZ59807	UZ59807	8897	8897	Y	identical	identical	5	5	0	0	N	N
IKJEBECI	ACMDLIB	same	UZ79544	UZ79544	3304	3304	Y	differs	differs	2	2	1	1	Y	Y
IKJEBECK	AOST4	same	EBB1102	EBB1102	365	365	Y	identical	identical	1	1	0	0	N	N
IKJEBECO	ACMDLIB	same	UZ29612	UZ29612	2314	2314	Y	differs	differs	1	1	15	15	N	N
IKJEBEDA	ACMDLIB	same	UZ74471	UZ74471	1330	1330	Y	differs	differs	1	1	12	12	N	N
IKJEBEDC	ACMDLIB	same	EBB1102	EBB1102	1317	1317	Y	differs	differs	1	1	11	11	N	N
IKJEBEDE	ACMDLIB	same	EBB1102	EBB1102	2310	2310	Y	differs	differs	2	2	0	0	Y	Y
IKJEBEDX	ACMDLIB	same	EBB1102	EBB1102	2093	2093	Y	differs	differs	1	1	0	0	Y	Y
IKJEBEEX	ACMDLIB	same	UZ27324	UZ27324	982	982	Y	differs	differs	1	1	17	17	N	N
IKJEBEHE	ACMDLIB	same	EBB1102	EBB1102	485	485	Y	differs	differs	1	1	0	0	Y	Y
IKJEBELE	ACMDLIB	same	UZ35891	UZ35891	2701	2701	Y	differs	differs	1	1	7	7	N	N
IKJEBEM1	ACMDLIB	same	EBB1102	EBB1102	1481	1481	Y	differs	differs	1	1	24	24	N	N
IKJEBEM2	ACMDLIB	same	EBB1102	EBB1102	2149	2149	Y	differs	differs	1	1	18	18	N	N
IKJEBEM3	ACMDLIB	same	EBB1102	EBB1102	1429	1429	Y	differs	differs	1	1	10	10	N	N
IKJEBEM4	ACMDLIB	same	UZ31570	UZ31570	1502	1502	Y	differs	differs	1	1	21	21	N	N
IKJEBEM5	ACMDLIB	same	EBB1102	EBB1102	1633	1633	Y	differs	differs	1	1	34	34	N	N
IKJEBEM6	ACMDLIB	same	EBB1102	EBB1102	1701	1701	Y	differs	differs	1	1	9	9	N	N
IKJEBEM7	ACMDLIB	same	EBB1102	EBB1102	2301	2301	Y	differs	differs	1	1	40	40	N	N
IKJEBEMS	ACMDLIB	same	EBB1102	EBB1102	1085	1085	Y	differs	differs	1	1	0	0	Y	Y
IKJEBEPS	ACMDLIB	same	EBB1102	EBB1102	477	477	Y	identical	identical	1	1	0	0	N	N
IKJEBERC	AOST4	same	EBB1102	EBB1102	365	365	Y	identical	identical	1	1	0	0	N	N
IKJEBERN	ACMDLIB	same	UZ29102	UZ29102	3230	3230	Y	differs	differs	1	1	15	15	N	N
IKJEBESC	ACMDLIB	same	UZ34976	UZ34976	5107	5107	Y	identical	identical	2	2	0	0	N	N
IKJEBESE	ACMDLIB	same	UZ55060	UZ55060	1246	1246	Y	differs	differs	1	1	12	12	N	N
IKJEBETO	ACMDLIB	same	EBB1102	EBB1102	565	565	Y	differs	differs	1	1	0	0	Y	Y
IKJEBEUI	ACMDLIB	same	UZ32429	UZ32429	2590	2590	Y	differs	differs	1	1	12	12	N	N
IKJEBEUN	AOST4	rmid-differs	UZ44270	EBB1102	1529	1457	N	differs	differs	1	1	3	0	N	Y
IKJEBEVE	ACMDLIB	same	EBB1102	EBB1102	790	790	Y	differs	differs	2	2	0	0	Y	Y
IKJEE100	ACMDLIB	rmid-differs	UZ48524	UZ28003	5045	5101	N	differs	differs	1	1	24	0	N	Y
IKJEE150	ACMDLIB	same	UZ78266	UZ78266	1805	1805	Y	differs	differs	1	1	7	7	N	N
IKJEE1A0	ACMDLIB	same	EBB1102	EBB1102	1149	1149	Y	differs	differs	1	1	9	9	N	N
IKJEES10	ACMDLIB	same	UZ80347	UZ80347	4777	4777	Y	differs	differs	1	1	18	18	N	N
IKJEES20	AOST4	same	UZ65105	UZ65105	1937	1937	Y	differs	differs	1	1	125	125	N	N
IKJEES40	ACMDLIB	same	EBB1102	EBB1102	3965	3965	Y	differs	differs	1	1	0	0	Y	Y
IKJEES74	AOST4	same	EBB1102	EBB1102	1357	1357	Y	differs	differs	1	1	0	0	Y	Y
IKJEES75	AOST4	same	EBB1102	EBB1102	2021	2021	Y	differs	differs	1	1	1064	1064	N	N
IKJEFA01	ACMDLIB	same	EBB1102	EBB1102	1433	1433	Y	identical	identical	1	1	0	0	N	N
IKJEFA10	ACMDLIB	same	EBB1102	EBB1102	4908	4908	Y	differs	differs	2	2	0	0	Y	Y
IKJEFA11	ACMDLIB	same	EBB1102	EBB1102	2001	2001	Y	differs	differs	1	1	1	1	N	N
IKJEFA12	ACMDLIB	same	EBB1102	EBB1102	3369	3369	Y	differs	differs	1	1	0	0	Y	Y
IKJEFA13	ACMDLIB	same	EBB1102	EBB1102	3973	3973	Y	differs	differs	1	1	0	0	Y	Y
IKJEFA20	ACMDLIB	rmid-differs	UZ51405	UZ31166	4685	4701	N	differs	differs	1	1	0	0	Y	Y
IKJEFA21	ACMDLIB	rmid-differs	UZ51405	EBB1102	3193	3145	N	differs	differs	1	1	5	0	N	Y
IKJEFA22	ACMDLIB	same	EBB1102	EBB1102	3997	3997	Y	differs	differs	1	1	4	4	N	N
IKJEFA23	ACMDLIB	same	UZ22662	UZ22662	3022	3022	Y	differs	differs	1	1	0	0	Y	Y
IKJEFA30	ACMDLIB	same	UZ75399	UZ75399	4963	4963	Y	differs	differs	2	2	0	0	Y	Y
IKJEFA31	ACMDLIB	same	EBB1102	EBB1102	2369	2369	Y	differs	differs	1	1	30	30	N	N
IKJEFA32	ACMDLIB	same	EBB1102	EBB1102	2149	2149	Y	identical	identical	1	1	0	0	N	N
IKJEFA41	ACMDLIB	same	EBB1102	EBB1102	1421	1421	Y	differs	differs	1	1	1	1	N	N
IKJEFA42	ACMDLIB	same	EBB1102	EBB1102	4549	4549	Y	identical	identical	1	1	0	0	N	N
IKJEFA51	ACMDLIB	same	UZ69616	UZ69616	2333	2333	Y	differs	differs	1	1	0	0	Y	Y
IKJEFA52	ACMDLIB	same	EBB1102	EBB1102	1277	1277	Y	differs	differs	1	1	9	9	N	N
IKJEFA53	ACMDLIB	same	UZ23071	UZ23071	814	814	Y	differs	differs	1	1	0	0	Y	Y
IKJEFA54	ACMDLIB	same	EBB1102	EBB1102	981	981	Y	differs	differs	1	1	3	3	N	N
IKJEFA55	ACMDLIB	rmid-differs	UY08801	EBB1102	4036	3886	N	differs	differs	6	6	0	8	Y	Y
IKJEFD00	AOST4	same	EBB1102	EBB1102	12301	12301	Y	identical	identical	1	1	0	0	N	N
IKJEFD30	AOST4	same	UZ80347	UZ80347	1929	1929	Y	differs	differs	1	1	12	12	N	N
IKJEFD31	AOST4	same	EBB1102	EBB1102	1725	1725	Y	identical	identical	1	1	0	0	N	N
IKJEFD32	AOST4	same	UZ69512	UZ69512	4005	4005	Y	differs	differs	1	1	8	8	N	N
IKJEFD33	AOST4	same	UZ58132	UZ58132	2165	2165	Y	identical	identical	1	1	0	0	N	N
IKJEFD34	AOST4	same	EBB1102	EBB1102	3025	3025	Y	identical	identical	1	1	0	0	N	N
IKJEFD35	AOST4	same	EBB1102	EBB1102	1189	1189	Y	differs	differs	1	1	1	1	N	N
IKJEFD36	AOST4	same	EBB1102	EBB1102	1585	1585	Y	differs	differs	1	1	5	5	N	N
IKJEFE06	ACMDLIB	same	EBB1102	EBB1102	3013	3013	Y	differs	differs	1	1	7	7	N	N
IKJEFE16	ACMDLIB	rmid-differs	UY04130	UZ69726	733	718	N	differs	differs	1	1	2	11	N	N
IKJEFF00	AOST4	rmid-differs	UZ47243	UZ80230	6705	6681	N	differs	differs	1	1	0	0	Y	Y
IKJEFF01	ACMDLIB	same	UZ80347	UZ80347	1017	1017	Y	differs	differs	1	1	11	11	N	N
IKJEFF02	AOST4	rmid-differs	UZ46135	UZ55435	5531	5587	N	differs	differs	2	2	2	0	N	Y
IKJEFF03	ACMDLIB	rmid-differs	UY22333	EBB1102	2406	2325	N	differs	differs	1	1	0	0	Y	Y
IKJEFF05	ACMDLIB	rmid-differs	UY22333	UZ80230	4117	3653	N	differs	differs	1	1	0	0	Y	Y
IKJEFF06	ACMDLIB	same	EBB1102	EBB1102	1261	1261	Y	differs	differs	1	1	2	2	N	N
IKJEFF07	ACMDLIB	same	UZ70231	UZ70231	2141	2141	Y	differs	differs	1	1	0	0	Y	Y
IKJEFF08	ACMDLIB	same	UZ80230	UZ80230	1245	1245	Y	differs	differs	1	1	0	0	Y	Y
IKJEFF09	ACMDLIB	rmid-differs	UY13425	UZ26710	1469	1333	N	differs	differs	1	1	0	0	Y	Y
IKJEFF10	ACMDLIB	same	EBB1102	EBB1102	445	445	Y	identical	identical	1	1	0	0	N	N
IKJEFF12	ACMDLIB	same	EBB1102	EBB1102	925	925	Y	differs	differs	1	1	4	4	N	N
IKJEFF15	AOST4	same	UZ80230	UZ80230	1509	1509	Y	differs	differs	1	1	0	0	Y	Y
IKJEFF19	AOST4	same	UZ63330	UZ63330	8071	8071	Y	differs	differs	2	2	0	0	Y	Y
IKJEFF20	AOST4	same	UZ80230	UZ80230	837	837	Y	differs	differs	1	1	0	0	Y	Y
IKJEFF50	ACMDLIB	rmid-differs	UZ42921	UZ80230	1879	1879	N	differs	differs	2	2	2	29	N	N
IKJEFF51	AOST4	same	EBB1102	EBB1102	1685	1685	Y	differs	differs	1	1	4	4	N	N
IKJEFF52	AOST4	rmid-differs	UZ48744	UZ80230	2109	2133	N	differs	differs	1	1	0	0	Y	Y
IKJEFF53	AOST4	same	EBB1102	EBB1102	929	929	Y	identical	identical	1	1	0	0	N	N
IKJEFF54	AOST4	same	UZ80230	UZ80230	1421	1421	Y	differs	differs	1	1	0	0	Y	Y
IKJEFF55	ACMDLIB	rmid-differs	UZ48456	UZ74375	2430	2430	N	differs	differs	1	1	0	0	Y	Y
IKJEFF56	AOST4	same	UZ80347	UZ80347	1097	1097	Y	differs	differs	1	1	9	9	N	N
IKJEFF57	ACMDLIB	same	UZ80230	UZ80230	1473	1473	Y	differs	differs	1	1	0	0	Y	Y
IKJEFF58	AOST4	same	EBB1102	EBB1102	485	485	Y	identical	identical	1	1	0	0	N	N
IKJEFF76	AOST4	same	UZ80230	UZ80230	1693	1693	Y	identical	identical	1	1	0	0	N	N
IKJEFF77	AOST4	same	UZ80230	UZ80230	750	750	Y	identical	identical	1	1	0	0	N	N
IKJEFH00	ACMDLIB	same	EBB1102	EBB1102	1381	1381	Y	identical	identical	1	1	0	0	N	N
IKJEFL00	ACMDLIB	same	UZ24079	UZ24079	581	581	Y	differs	differs	1	1	10	10	N	N
IKJEFLA	AOST4	rmid-differs	UY17588	UZ80230	2201	2201	N	differs	differs	1	1	0	0	Y	Y
IKJEFLB	AOST4	rmid-differs	UY07104	UZ30666	2141	2085	N	differs	differs	1	1	0	0	Y	Y
IKJEFLC	AOST4	same	UZ80347	UZ80347	2469	2469	Y	differs	differs	1	1	0	0	Y	Y
IKJEFLCM	AOST4	same	EBB1102	EBB1102	477	477	Y	differs	differs	1	1	5	5	N	N
IKJEFLE	AOST4	rmid-differs	UY39539	UZ70581	11065	10937	N	differs	differs	1	1	0	0	Y	Y
IKJEFLF	AOST4	same	UZ29625	UZ29625	678	678	Y	differs	differs	1	1	0	0	Y	Y
IKJEFLGB	AOST4	rmid-differs	UY17588	UZ23431	2605	2261	N	differs	differs	1	1	0	0	Y	Y
IKJEFLGH	AOST4	rmid-differs	UY17588	EBB1102	549	501	N	differs	differs	1	1	10	8	N	N
IKJEFLGM	AOST4	rmid-differs	UY17588	UZ23796	1857	1801	N	differs	differs	1	1	0	0	Y	Y
IKJEFLGN	AOST4	same	UZ73871	UZ73871	4445	4445	Y	differs	differs	1	1	0	0	Y	Y
IKJEFLH	AOST4	same	UZ36652	UZ36652	1229	1229	Y	differs	differs	1	1	0	0	Y	Y
IKJEFLI	AOST4	rmid-differs	UY17588	UZ70837	5408	5371	N	differs	differs	2	2	0	3	Y	Y
IKJEFLJ	AOST4	rmid-differs	UY07104	UZ73917	1373	1373	N	differs	differs	1	1	0	0	Y	Y
IKJEFLK	AOST4	rmid-differs	UY07104	UZ53382	1269	1309	N	differs	differs	1	1	0	0	Y	Y
IKJEFLL	AOST4	rmid-differs	UY17588	UZ73871	3269	3253	N	differs	differs	1	1	0	0	Y	Y
IKJEFLLM	AOST4	same	UZ55177	UZ55177	917	917	Y	differs	differs	1	1	16	16	N	N
IKJEFLS	AOST4	rmid-differs	UY17588	UZ59568	1765	1565	N	differs	differs	1	1	0	0	Y	Y
IKJEFP00	AOST4	rmid-differs	UY17760	UZ71091	11888	11806	N	differs	differs	3	3	0	0	Y	Y
IKJEFP03	AOST4	same	EBB1102	EBB1102	2645	2645	Y	differs	differs	1	1	0	0	Y	Y
IKJEFP10	AOST4	rmid-differs	UY14769	EBB1102	1370	1306	N	differs	identical	1	1	0	0	Y	N
IKJEFP20	AOST4	rmid-differs	UY14769	UZ69914	2894	2886	N	differs	differs	1	1	0	0	Y	Y
IKJEFP30	AOST4	same	UZ63579	UZ63579	1118	1118	Y	differs	differs	1	1	16	16	N	N
IKJEFP40	AOST4	same	EBB1102	EBB1102	1301	1301	Y	differs	differs	1	1	0	0	Y	Y
IKJEFT03	AOST4	rmid-differs	UY09172	UZ80230	2249	2209	N	differs	differs	1	1	0	0	Y	Y
IKJEFT04	AOST4	rmid-differs	UZ83396	UZ80230	3169	2873	N	differs	differs	1	1	0	0	Y	Y
IKJEFT05	AOST4	rmid-differs	UY02947	UZ39168	5901	5605	N	differs	differs	1	1	0	0	Y	Y
IKJEFT06	AOST4	rmid-differs	UZ42826	UZ23796	2725	2725	N	differs	differs	1	1	0	0	Y	Y
IKJEFT07	AOST4	same	UZ80347	UZ80347	1261	1261	Y	differs	differs	1	1	5	5	N	N
IKJEFT09	AOST4	rmid-differs	UZ82014	UZ80230	1253	1253	N	identical	differs	1	1	0	18	N	N
IKJEFT35	AOST4	rmid-differs	UY17021	UZ35003	2809	2761	N	differs	differs	1	1	0	0	Y	Y
IKJEFT52	AOST4	same	EBB1102	EBB1102	637	637	Y	differs	differs	1	1	2	2	N	N
IKJEFT53	AOST4	same	EBB1102	EBB1102	469	469	Y	differs	differs	1	1	4	4	N	N
IKJEFT54	AOST4	same	EBB1102	EBB1102	1141	1141	Y	differs	differs	1	1	6	6	N	N
IKJEFT55	AOST4	rmid-differs	UY43689	UZ80347	4693	4517	N	differs	differs	1	1	0	0	Y	Y
IKJEFT56	AOST4	same	EBB1102	EBB1102	1005	1005	Y	identical	identical	1	1	0	0	N	N
IKJEFTE2	AOST4	same	EBB1102	EBB1102	474	474	Y	identical	identical	1	1	0	0	N	N
IKJEFTE8	AOST4	same	UZ78841	UZ78841	486	486	Y	differs	differs	1	1	8	8	N	N
IKJEFTNS	AOST4	same	EBB1102	EBB1102	530	530	Y	identical	identical	1	1	0	0	N	N
IKJEFTSC	AOST4	rmid-differs	UY43678	UZ80230	4269	4061	N	identical	differs	1	1	0	0	N	Y
IKJEFXSR	AOST4	same	UZ77304	UZ77304	2053	2053	Y	differs	differs	1	1	0	0	Y	Y
IKJEGASN	ACMDLIB	same	EBB1102	EBB1102	2461	2461	Y	differs	differs	1	1	1	1	N	N
IKJEGMSG	ACMDLIB	rmid-differs	UZ48384	UZ26587	15381	15273	N	differs	differs	1	1	100	0	N	Y
IKJEGSTA	ACMDLIB	same	UZ38716	UZ38716	2746	2746	Y	differs	differs	1	1	2	2	N	N
IKJEHCIR	ACMDLIB	rmid-differs	UZ43283	UZ29539	4805	4249	N	differs	differs	1	1	0	0	Y	Y
IKJEHDEF	ACMDLIB	rmid-differs	UZ43283	EST1102	4532	4266	N	differs	differs	2	2	2	2	Y	Y
IKJEHMEM	ACMDLIB	same	EST1102	EST1102	1541	1541	Y	differs	differs	1	1	0	0	Y	Y
IKJEHREN	ACMDLIB	rmid-differs	UZ45173	UZ26412	10216	9956	N	differs	differs	6	6	7	37	N	Y
IKJL4T00	AOST4	same	UZ27010	UZ27010	1142	1142	Y	differs	differs	1	1	21	21	N	N
IKJNULL	AOSB3	same	EBB1102	EBB1102	429	429	Y	differs	differs	1	1	0	0	Y	Y
IKJRBBCM	AOST4	rmid-differs	UZ83118	EBB1102	910	877	N	identical	differs	1	1	0	3	N	N
IKJRBBCR	AOST4	same	UZ25504	UZ25504	2681	2681	Y	differs	differs	1	1	0	0	Y	Y
IKJRBBMC	AOST4	rmid-differs	UZ48765	UZ80347	3125	2909	N	differs	differs	1	1	0	0	Y	Y
IKJRBBMG	AOST4	same	EBB1102	EBB1102	997	997	Y	differs	differs	1	1	14	14	N	N
IKJRBBU1	AOST4	same	EBB1102	EBB1102	2385	2385	Y	differs	differs	1	1	22	22	N	N
IKJTTRM0	AOST4	rmid-differs	UZ81247	UZ80230	1161	1097	N	identical	differs	1	1	0	0	N	Y
IKT0009C	AOST3	same	UZ35180	UZ35180	1149	1149	Y	identical	identical	1	1	0	0	N	N
IKT0009D	AOST3	same	UZ22286	UZ22286	973	973	Y	differs	differs	1	1	0	0	Y	Y
IKT09401	AOST3	rmid-differs	UZ67122	UZ26904	709	693	N	differs	differs	1	1	0	0	Y	Y
IKT09404	AOST3	same	ETV0108	ETV0108	601	601	Y	identical	identical	1	1	0	0	N	N
IKT09405	AOST3	same	ETV0108	ETV0108	537	537	Y	identical	identical	1	1	0	0	N	N
IKT09409	AOST3	same	UZ22286	UZ22286	645	645	Y	differs	differs	1	1	0	0	Y	Y
IKT0940A	AOST3	same	ETV0108	ETV0108	673	673	Y	identical	identical	1	1	0	0	N	N
IKT0940C	AOST3	same	ETV0108	ETV0108	577	577	Y	differs	differs	1	1	6	6	N	N
IKT0940D	AOST3	same	ETV0108	ETV0108	553	553	Y	identical	identical	1	1	0	0	N	N
IKT0940E	AOST3	same	UZ22286	UZ22286	645	645	Y	differs	differs	1	1	0	0	Y	Y
IKT0940F	AOST3	same	UZ36881	UZ36881	2021	2021	Y	differs	differs	1	1	0	0	Y	Y
IKT09412	AOST3	same	UZ54020	UZ54020	717	717	Y	differs	differs	1	1	0	0	Y	Y
IKT09413	AOST3	rmid-differs	UZ68882	UZ31365	677	645	N	differs	differs	1	1	0	6	Y	N
IKT09414	AOST3	same	ETV0108	ETV0108	537	537	Y	identical	identical	1	1	0	0	N	N
IKT3270I	AOST3	rmid-differs	UZ71054	UZ30658	3541	3525	N	differs	differs	1	1	0	0	Y	Y
IKT3270O	AOST3	rmid-differs	UZ67122	UZ55134	10545	10385	N	differs	differs	1	1	0	0	Y	Y
IKT93EST	AOST3	same	UZ20953	UZ20953	1317	1317	Y	differs	differs	1	1	0	0	Y	Y
IKTASCII	AOST3	same	ETV0108	ETV0108	1174	1174	Y	identical	identical	1	1	0	0	N	N
IKTASTPT	AOST3	same	UZ20953	UZ20953	2485	2485	Y	differs	differs	1	1	0	0	Y	Y
IKTATTN	AOST3	same	UZ55134	UZ55134	813	813	Y	differs	differs	1	1	0	0	Y	Y
IKTCAS00	AOST3	same	UZ23110	UZ23110	3785	3785	Y	differs	differs	1	1	0	0	Y	Y
IKTCAS20	AOST3	same	ETV0108	ETV0108	1249	1249	Y	identical	identical	1	1	0	0	N	N
IKTCAS21	AOST3	same	ETV0108	ETV0108	1749	1749	Y	differs	differs	1	1	0	0	Y	Y
IKTCAS22	AOST3	same	UZ29064	UZ29064	869	869	Y	differs	differs	1	1	0	0	Y	Y
IKTCAS23	AOST3	same	UZ37081	UZ37081	4109	4109	Y	differs	differs	1	1	0	0	Y	Y
IKTCAS24	AOST3	same	UZ28155	UZ28155	1257	1257	Y	differs	differs	1	1	0	0	Y	Y
IKTCAS30	AOST3	same	ETV0108	ETV0108	1153	1153	Y	identical	identical	1	1	0	0	N	N
IKTCAS31	AOST3	same	UZ30817	UZ30817	2637	2637	Y	differs	differs	1	1	0	0	Y	Y
IKTCAS32	AOST3	same	UZ23918	UZ23918	1037	1037	Y	differs	differs	1	1	0	0	Y	Y
IKTCAS33	AOST3	same	ETV0108	ETV0108	937	937	Y	identical	identical	1	1	0	0	N	N
IKTCAS40	AOST3	same	ETV0108	ETV0108	1757	1757	Y	identical	identical	1	1	0	0	N	N
IKTCAS41	AOST3	same	ETV0108	ETV0108	1629	1629	Y	identical	identical	1	1	0	0	N	N
IKTCAS42	AOST3	same	ETV0108	ETV0108	1285	1285	Y	identical	identical	1	1	0	0	N	N
IKTCAS51	AOST3	same	ETV0108	ETV0108	881	881	Y	identical	identical	1	1	0	0	N	N
IKTCAS52	AOST3	same	UZ22705	UZ22705	1269	1269	Y	differs	differs	1	1	0	0	Y	Y
IKTCAS53	AOST3	same	UZ28016	UZ28016	1285	1285	Y	differs	differs	1	1	0	0	Y	Y
IKTCAS54	AOST3	same	UZ28257	UZ28257	7005	7005	Y	identical	identical	1	1	0	0	N	N
IKTCAS55	AOST3	same	ETV0108	ETV0108	1777	1777	Y	differs	differs	1	1	0	0	Y	Y
IKTCAS56	AOST3	same	UZ26649	UZ26649	2489	2489	Y	differs	differs	1	1	0	0	Y	Y
IKTCASCX	AOST3	same	UZ28016	UZ28016	1653	1653	Y	differs	differs	1	1	0	0	Y	Y
IKTCASOX	AOST3	same	UZ35215	UZ35215	1549	1549	Y	differs	differs	1	1	0	0	Y	Y
IKTEXIT	AOST3	same	UZ22286	UZ22286	1093	1093	Y	differs	differs	1	1	0	0	Y	Y
IKTIIOM	AOST4	same	UZ28016	UZ28016	1733	1733	Y	differs	differs	1	1	0	0	Y	Y
IKTIMIDS	AOST3	same	UZ54076	UZ54076	2877	2877	Y	differs	differs	1	1	0	0	Y	Y
IKTIMLU2	AOST3	same	UZ30124	UZ30124	3549	3549	Y	differs	differs	1	1	0	0	Y	Y
IKTIOFRR	AOST3	same	UZ28252	UZ28252	1717	1717	Y	differs	differs	1	1	0	0	Y	Y
IKTIST00	AOST3	same	ETV0108	ETV0108	697	697	Y	identical	identical	1	1	0	0	N	N
IKTLOGFF	AOST4	same	UZ28155	UZ28155	941	941	Y	differs	differs	1	1	0	0	Y	Y
IKTLOGR	AOST4	same	UZ28255	UZ28255	2117	2117	Y	differs	differs	1	1	0	0	Y	Y
IKTLTERM	AOST3	same	UZ34888	UZ34888	5149	5149	Y	differs	differs	1	1	0	0	Y	Y
IKTMSGS	AOST3	same	UZ27561	UZ27561	1702	1702	Y	differs	differs	1	1	0	0	Y	Y
IKTOMIDS	AOST3	same	UZ31989	UZ31989	2669	2669	Y	differs	differs	1	1	0	0	Y	Y
IKTOMLU2	AOST3	same	UZ55134	UZ55134	3853	3853	Y	differs	differs	1	1	0	0	Y	Y
IKTQMIN	AOST3	same	UZ55134	UZ55134	4601	4601	Y	differs	differs	1	1	0	0	Y	Y
IKTRPLXT	AOST4	same	ETV0108	ETV0108	705	705	Y	identical	identical	1	1	0	0	N	N
IKTTIMRT	AOST3	same	UZ37081	UZ37081	4317	4317	Y	differs	differs	1	1	0	0	Y	Y
IKTTOMJR	AOST3	same	UZ22286	UZ22286	573	573	Y	differs	differs	1	1	0	0	Y	Y
IKTTOMRT	AOST3	same	UZ37081	UZ37081	9897	9897	Y	differs	differs	1	1	0	0	Y	Y
IKTVTGET	AOST3	rmid-differs	UZ57385	UZ55134	3029	3037	N	differs	differs	1	1	0	0	Y	Y
IKTVTPUT	AOST3	same	UZ26905	UZ26905	1749	1749	Y	differs	differs	1	1	0	0	Y	Y
IKTXLOG	AOST4	same	ETV0108	ETV0108	441	441	Y	identical	identical	1	1	0	0	N	N
IKTXMTPT	AOST3	rmid-differs	UZ61840	UZ27111	1525	1477	N	differs	differs	1	1	0	0	Y	Y
ILRACT	AOSC5	same	UZ21112	UZ21112	2054	2054	Y	differs	differs	1	1	1271	1271	N	N
ILRASM00	AOSC5	same	EBB1102	EBB1102	1949	1949	Y	differs	differs	1	1	0	0	Y	Y
ILRFMT00	AOSC5	same	UZ36038	UZ36038	10494	10494	Y	differs	differs	1	1	0	0	Y	Y
ILRFMTCV	AOSC5	same	UZ30643	UZ30643	9734	9734	Y	differs	differs	1	1	0	0	Y	Y
ILRFMTPG	AOSC5	same	EBB1102	EBB1102	4937	4937	Y	differs	differs	1	1	0	0	Y	Y
ILRFMTSW	AOSC5	same	UZ30643	UZ30643	8318	8318	Y	differs	differs	1	1	0	0	Y	Y
ILRFRSLT	AOSC5	same	EBB1102	EBB1102	925	925	Y	differs	differs	1	1	3	3	N	N
ILRGOS01	AOSC5	same	UZ26912	UZ26912	3606	3606	Y	identical	identical	1	1	0	0	N	N
ILRJTERM	AOSC5	same	EBB1102	EBB1102	973	973	Y	differs	differs	1	1	4	4	N	N
ILRPEX	AOSC5	same	EBB1102	EBB1102	693	693	Y	differs	differs	1	1	4	4	N	N
ILRPGEXP	AOSC5	same	UZ53910	UZ53910	6746	6746	Y	differs	differs	1	1	0	0	Y	Y
ILRPREAD	AOSC5	same	EBB1102	EBB1102	1845	1845	Y	differs	differs	1	1	11	11	N	N
ILRRLG	AOSC5	same	UZ26912	UZ26912	1950	1950	Y	differs	differs	1	1	0	0	Y	Y
ILRSAV	AOSC5	same	UZ21112	UZ21112	2278	2278	Y	differs	differs	1	1	0	0	Y	Y
ILRSLOTC	AOSC5	same	UZ76596	UZ76596	404	404	Y	identical	identical	2	2	0	0	N	N
ILRSWPDR	AOSC5	same	EBB1102	EBB1102	925	925	Y	differs	differs	1	1	4	4	N	N
ILRTMI00	AOSC5	same	EBB1102	EBB1102	5997	5997	Y	differs	differs	1	1	0	0	Y	Y
ILRTMI01	AOSC5	same	UZ26912	UZ26912	2790	2790	Y	differs	differs	1	1	0	0	Y	Y
IOEDKCLS	AOSD0	same	EMI1102	EMI1102	589	589	Y	differs	differs	1	1	24	24	N	N
IOEDKGET	AOSD0	same	EMI1102	EMI1102	1181	1181	Y	differs	differs	1	1	4	4	N	N
IOEDKMSG	AOSD0	rmid-differs	UZ47406	EMI1102	3334	3301	N	differs	differs	1	1	0	66	Y	N
IOEDKOPN	AOSD0	rmid-differs	UY33436	EMI1102	2181	2101	N	differs	differs	1	1	0	38	Y	N
IOEDKPUT	AOSD0	same	EMI1102	EMI1102	1257	1257	Y	identical	identical	1	1	0	0	N	N
IOEDKRDR	AOSD0	rmid-differs	UY11736	UZ27310	14005	13909	N	differs	differs	1	1	0	0	Y	Y
IOEDKWTR	AOSD0	rmid-differs	UY49149	UZ25396	8361	8065	N	differs	differs	1	1	0	0	Y	Y
IOEESTAE	AOSD0	same	EMI1102	EMI1102	661	661	Y	identical	identical	1	1	0	0	N	N
IOESDKTI	AOSD0	same	EMI1102	EMI1102	4689	4689	Y	differs	differs	1	1	20	20	N	N
IOESDKTO	AOSD0	rmid-differs	UZ47406	EMI1102	5202	5061	N	differs	identical	1	1	0	0	Y	N
IQADVM00	AOSC5	same	EBB1102	EBB1102	362	362	Y	identical	identical	1	1	0	0	N	N
IQARIH00	AOSC5	same	EBB1102	EBB1102	362	362	Y	identical	identical	1	1	0	0	N	N
IRARMMSG	AOSC5	same	UZ31779	UZ31779	1255	1255	Y	differs	differs	1	1	21	21	N	N
IRARMSET	ALPALIB	same	UZ35231	UZ35231	990	990	Y	differs	differs	1	1	19	19	N	N
IRARMWAR	ALPALIB	same	UZ35231	UZ35231	2142	2142	Y	differs	differs	1	1	0	0	Y	Y
IRBMFALL	AOSC5	same	EMF1102	EMF1102	757	757	Y	differs	differs	1	1	106	106	N	N
IRBMFANL	AOSC5	same	FBB1221	FBB1221	1081	1081	Y	identical	identical	1	1	0	0	N	N
IRBMFCNV	AOSC5	same	EMF1102	EMF1102	3045	3045	Y	differs	differs	1	1	83	83	N	N
IRBMFDDP	AOSC5	same	EMF1102	EMF1102	3929	3929	Y	differs	differs	1	1	429	429	N	N
IRBMFDHP	AOSC5	same	EMF1102	EMF1102	3545	3545	Y	differs	differs	1	1	147	147	N	N
IRBMFDPP	AOSC5	same	EMF1102	EMF1102	1793	1793	Y	differs	differs	1	1	96	96	N	N
IRBMFDSP	AOSC5	same	EMF1102	EMF1102	341	341	Y	differs	differs	1	1	2	2	N	N
IRBMFDTA	AOSC5	same	EMF1102	EMF1102	2269	2269	Y	differs	differs	1	1	0	0	Y	Y
IRBMFDTP	AOSC5	same	EMF1102	EMF1102	341	341	Y	identical	identical	1	1	0	0	N	N
IRBMFDWP	AOSC5	same	EMF1102	EMF1102	2577	2577	Y	differs	differs	1	1	98	98	N	N
IRBMFECH	ALPALIB	same	EMF1102	EMF1102	1213	1213	Y	differs	differs	1	1	108	108	N	N
IRBMFEDV	ALPALIB	same	EMF1102	EMF1102	989	989	Y	differs	differs	1	1	101	101	N	N
IRBMFEVT	ALPALIB	same	EMF1102	EMF1102	925	925	Y	differs	differs	2	2	106	106	N	N
IRBMFFUR	AOSC5	same	EMF1102	EMF1102	437	437	Y	differs	differs	1	1	54	54	N	N
IRBMFICP	AOSC5	same	EMF1102	EMF1102	837	837	Y	differs	differs	1	1	100	100	N	N
IRBMFIDV	AOSC5	same	EMF1102	EMF1102	2933	2933	Y	differs	differs	1	1	104	104	N	N
IRBMFIHA	AOSC5	same	EMF1102	EMF1102	2445	2445	Y	differs	differs	1	1	75	75	N	N
IRBMFINP	AOSC5	same	EMF1102	EMF1102	17525	17525	Y	differs	differs	1	1	0	0	Y	Y
IRBMFIOI	AOSC5	same	EMF1102	EMF1102	2309	2309	Y	differs	differs	1	1	0	0	Y	Y
IRBMFIPG	AOSC5	same	EMF1102	EMF1102	821	821	Y	differs	differs	1	1	70	70	N	N
IRBMFISP	AOSC5	same	EMF1102	EMF1102	341	341	Y	differs	differs	1	1	2	2	N	N
IRBMFITR	AOSC5	same	EMF1102	EMF1102	341	341	Y	differs	differs	1	1	2	2	N	N
IRBMFIWK	AOSC5	same	EMF1102	EMF1102	1565	1565	Y	differs	differs	1	1	40	40	N	N
IRBMFLAV	AOSC5	same	EMF1102	EMF1102	341	341	Y	differs	differs	1	1	2	2	N	N
IRBMFLCV	AOSC5	same	EMF1102	EMF1102	766	766	Y	differs	differs	3	3	100	100	N	N
IRBMFLDV	AOSC5	same	EMF1102	EMF1102	1322	1322	Y	differs	differs	2	2	204	204	N	N
IRBMFLHV	AOSC5	same	EMF1102	EMF1102	1030	1030	Y	differs	differs	2	2	187	187	N	N
IRBMFLMV	AOSC5	same	EMF1102	EMF1102	2490	2490	Y	differs	differs	3	3	0	0	N	N
IRBMFLPV	AOSC5	same	EMF1102	EMF1102	2034	2034	Y	differs	differs	3	3	27	27	N	N
IRBMFLSV	AOSC5	same	EMF1102	EMF1102	341	341	Y	differs	differs	1	1	2	2	N	N
IRBMFLTV	AOSC5	same	EMF1102	EMF1102	806	806	Y	differs	differs	2	2	200	200	N	N
IRBMFLWV	AOSC5	same	EMF1102	EMF1102	1158	1158	Y	differs	differs	2	2	97	97	N	N
IRBMFMPR	AOSC5	same	EMF1102	EMF1102	3434	3434	Y	differs	differs	2	2	100	100	N	N
IRBMFRCR	AOSC5	same	EMF1102	EMF1102	2821	2821	Y	differs	differs	1	1	88	88	N	N
IRBMFRDR	AOSC5	same	EMF1102	EMF1102	3457	3457	Y	differs	differs	1	1	178	178	N	N
IRBMFRHR	AOSC5	same	EMF1102	EMF1102	3893	3893	Y	differs	differs	1	1	171	171	N	N
IRBMFRPR	AOSC5	same	EMF1102	EMF1102	10081	10081	Y	differs	differs	1	1	372	372	N	N
IRBMFRSR	AOSC5	same	EMF1102	EMF1102	341	341	Y	differs	differs	1	1	2	2	N	N
IRBMFRTR	AOSC5	same	EMF1102	EMF1102	341	341	Y	differs	differs	1	1	2	2	N	N
IRBMFRWR	AOSC5	same	EMF1102	EMF1102	6737	6737	Y	differs	differs	1	1	108	108	N	N
IRBMFSAR	AOSC5	same	EMF1102	EMF1102	1649	1649	Y	differs	differs	1	1	0	0	Y	Y
IRBMFSDE	AOSC5	same	EMF1102	EMF1102	525	525	Y	differs	differs	1	1	50	50	N	N
IRBMFTCH	ALPALIB	same	EMF1102	EMF1102	653	653	Y	differs	differs	1	1	98	98	N	N
IRBMFTRM	AOSC5	same	EMF1102	EMF1102	1453	1453	Y	differs	differs	1	1	0	0	Y	Y
IRBMFTTB	AOSC5	same	EMF1102	EMF1102	341	341	Y	identical	identical	1	1	0	0	N	N
ISDACNFG	AOSD0	same	UZ54659	UZ54659	5393	5393	Y	differs	differs	1	1	0	0	Y	Y
ISDAGET0	AOSD0	same	EMS1102	EMS1102	949	949	Y	identical	identical	1	1	0	0	N	N
ISDAHEXP	AOSD0	same	UZ25345	UZ25345	1006	1006	Y	differs	differs	1	1	0	0	Y	Y
ISDAOPT0	AOSD0	same	UZ25621	UZ25621	3526	3526	Y	differs	differs	1	1	0	0	Y	Y
ISDAPARM	AOSD0	same	UZ90119	UZ90119	7713	7713	Y	differs	differs	1	1	0	0	Y	Y
ISDAPWR0	AOSD0	same	EMS1102	EMS1102	397	397	Y	identical	identical	1	1	0	0	N	N
ISDAPWR1	AOSD0	same	EMS1102	EMS1102	397	397	Y	identical	identical	1	1	0	0	N	N
ISDASDA0	AOSD0	rmid-differs	UY39686	UZ53613	10769	9977	N	differs	differs	1	1	0	0	Y	Y
ISDASUM2	AOSD0	same	UZ90150	UZ90150	2933	2933	Y	differs	differs	1	1	0	0	Y	Y
ISTAICCK	AOS26	same	EVT0108	EVT0108	793	793	Y	identical	identical	1	1	0	0	N	N
ISTAICIR	AOS26	same	UZ31209	UZ31209	2865	2865	Y	differs	differs	1	1	0	0	Y	Y
ISTAICPT	AOS24	same	UZ26983	UZ26983	2309	2309	Y	differs	differs	1	1	0	0	Y	Y
ISTAICTN	AOS24	same	UZ25739	UZ25739	1521	1521	Y	differs	differs	1	1	0	0	Y	Y
ISTAPC11	AOS24	same	UZ19883	UZ19883	3005	3005	Y	differs	differs	1	1	0	0	Y	Y
ISTAPC12	AOS24	same	EVT0108	EVT0108	1257	1257	Y	identical	identical	1	1	0	0	N	N
ISTAPC22	AOS26	same	UZ26899	UZ26899	1381	1381	Y	differs	differs	1	1	13	13	N	N
ISTAPC23	AOS24	same	UZ22141	UZ22141	1965	1965	Y	differs	differs	1	1	0	0	Y	Y
ISTAPC25	AOS24	same	UZ25686	UZ25686	2125	2125	Y	differs	differs	1	1	1120	1120	N	N
ISTAPC31	AOS24	same	UZ21928	UZ21928	1581	1581	Y	differs	differs	1	1	0	0	Y	Y
ISTAPC32	AOS24	same	UZ26222	UZ26222	749	749	Y	differs	differs	1	1	0	0	Y	Y
ISTAPC33	AOS24	same	EVT0108	EVT0108	1461	1461	Y	identical	identical	1	1	0	0	N	N
ISTAPC34	AOS24	same	EVT0108	EVT0108	469	469	Y	identical	identical	1	1	0	0	N	N
ISTAPC35	AOS24	same	EVT0108	EVT0108	689	689	Y	differs	differs	1	1	0	0	Y	Y
ISTAPC36	AOS24	same	EVT0108	EVT0108	641	641	Y	differs	differs	1	1	0	0	Y	Y
ISTAPC37	AOS24	same	EVT0108	EVT0108	789	789	Y	differs	differs	1	1	8	8	N	N
ISTAPC38	AOS24	same	EVT0108	EVT0108	733	733	Y	differs	differs	1	1	8	8	N	N
ISTAPC41	AOS24	same	EVT0108	EVT0108	613	613	Y	differs	differs	1	1	36	36	N	N
ISTAPC51	AOS24	same	EVT0108	EVT0108	881	881	Y	differs	differs	1	1	0	0	Y	Y
ISTAPC52	AOS24	same	UZ26988	UZ26988	1437	1437	Y	differs	differs	1	1	0	0	Y	Y
ISTAPC53	AOS24	same	EVT0108	EVT0108	673	673	Y	identical	identical	1	1	0	0	N	N
ISTAPC54	AOS24	same	UZ52611	UZ52611	1545	1545	Y	differs	differs	1	1	0	0	Y	Y
ISTAPC55	AOS24	same	UZ21967	UZ21967	2157	2157	Y	differs	differs	1	1	470	470	N	N
ISTAPC56	AOS24	same	EVT0108	EVT0108	589	589	Y	differs	differs	1	1	13	13	N	N
ISTAPC57	AOS24	same	EVT0108	EVT0108	1049	1049	Y	differs	differs	1	1	0	0	Y	Y
ISTAPC58	AOS24	same	UZ26595	UZ26595	1133	1133	Y	differs	differs	1	1	539	539	N	N
ISTAPC59	AOS24	same	EVT0108	EVT0108	949	949	Y	differs	differs	1	1	22	22	N	N
ISTAPC61	AOS24	same	UZ19883	UZ19883	2229	2229	Y	differs	differs	1	1	0	0	Y	Y
ISTAPC62	AOS24	same	UZ34637	UZ34637	2069	2069	Y	differs	differs	1	1	0	0	Y	Y
ISTAPC63	AOS24	same	UZ25582	UZ25582	789	789	Y	differs	differs	1	1	124	124	N	N
ISTAPC64	AOS24	same	EVT0108	EVT0108	637	637	Y	identical	identical	1	1	0	0	N	N
ISTAPC66	AOS24	same	UZ19883	UZ19883	1701	1701	Y	differs	differs	1	1	0	0	Y	Y
ISTAPC83	AOS24	same	UZ22336	UZ22336	885	885	Y	differs	differs	1	1	0	0	Y	Y
ISTAPC84	AOS24	same	UZ31430	UZ31430	949	949	Y	differs	differs	1	1	0	0	Y	Y
ISTAPM69	AOS24	same	EVT0108	EVT0108	461	461	Y	differs	differs	1	1	5	5	N	N
ISTATM00	AOS26	same	EVT0108	EVT0108	3081	3081	Y	differs	differs	1	1	0	0	Y	Y
ISTATM10	AOS26	same	UZ23108	UZ23108	2709	2709	Y	differs	differs	1	1	0	0	Y	Y
ISTAUCAG	AOS24	same	EVT0108	EVT0108	381	381	Y	identical	identical	1	1	0	0	N	N
ISTAUCAT	AOS24	same	EVT0108	EVT0108	381	381	Y	identical	identical	1	1	0	0	N	N
ISTCC010	AOS26	same	EVT0108	EVT0108	1821	1821	Y	differs	differs	1	1	50	50	N	N
ISTCC011	AOS26	same	EVT0108	EVT0108	3961	3961	Y	identical	identical	1	1	0	0	N	N
ISTCC012	AOS26	same	EVT0108	EVT0108	861	861	Y	differs	differs	1	1	12	12	N	N
ISTCC013	AOS26	same	UZ18498	UZ18498	2361	2361	Y	differs	differs	1	1	5	5	N	N
ISTCC016	AOS26	same	EVT0108	EVT0108	3917	3917	Y	differs	differs	1	1	6	6	N	N
ISTCFCDP	AOS26	same	EVT0108	EVT0108	6205	6205	Y	differs	differs	1	1	6	6	N	N
ISTCFCMM	AOS24	same	UZ31983	UZ31983	27508	27508	Y	differs	differs	2	2	37	37	N	N
ISTCFCPC	AOS26	same	UZ30709	UZ30709	1181	1181	Y	differs	differs	1	1	154	154	N	N
ISTCFCPO	AOS26	same	EVT0108	EVT0108	861	861	Y	differs	differs	1	1	2	2	N	N
ISTCFCR1	AOS26	same	UZ28440	UZ28440	1965	1965	Y	differs	differs	1	1	0	0	Y	Y
ISTCFCR2	AOS26	same	UZ19575	UZ19575	4229	4229	Y	differs	differs	1	1	2	2	N	N
ISTCFCRP	AOS26	same	EVT0108	EVT0108	1777	1777	Y	identical	identical	1	1	0	0	N	N
ISTCFCS1	AOS26	same	UZ30146	UZ30146	2413	2413	Y	differs	differs	1	1	0	0	Y	Y
ISTCFCS2	AOS26	same	UZ28440	UZ28440	1677	1677	Y	differs	differs	1	1	0	0	Y	Y
ISTCFF3D	AOSB3	same	EVT0108	EVT0108	1593	1593	Y	differs	differs	1	1	6	6	N	N
ISTCFMMI	AOS26	same	UZ30053	UZ30053	605	605	Y	identical	identical	1	1	0	0	N	N
ISTCFMTM	AOS24	same	UZ30020	UZ30020	2181	2181	Y	differs	differs	1	1	0	0	Y	Y
ISTCRCR4	AOS26	same	EVT0108	EVT0108	1689	1689	Y	identical	identical	1	1	0	0	N	N
ISTDCC00	AOS24	same	UZ24610	UZ24610	3125	3125	Y	differs	differs	1	1	0	0	Y	Y
ISTDCC02	AOS24	same	UZ22201	UZ22201	2293	2293	Y	differs	differs	1	1	0	0	Y	Y
ISTDCC10	AOS24	same	EVT0108	EVT0108	877	877	Y	differs	differs	1	1	2	2	N	N
ISTDCC11	AOS24	same	UZ22805	UZ22805	2789	2789	Y	differs	differs	1	1	0	0	Y	Y
ISTDCC12	AOS24	same	EVT0108	EVT0108	2533	2533	Y	differs	differs	1	1	3	3	N	N
ISTDCC13	AOS24	same	EVT0108	EVT0108	813	813	Y	identical	identical	1	1	0	0	N	N
ISTDCC20	AOS24	same	EVT0108	EVT0108	773	773	Y	identical	identical	1	1	0	0	N	N
ISTDCC21	AOS24	same	UZ35636	UZ35636	1989	1989	Y	differs	differs	1	1	0	0	Y	Y
ISTDCC22	AOS24	same	EVT0108	EVT0108	1213	1213	Y	identical	identical	1	1	0	0	N	N
ISTDCC23	AOS24	same	EVT0108	EVT0108	749	749	Y	differs	differs	1	1	4	4	N	N
ISTDCC24	AOS24	same	EVT0108	EVT0108	1029	1029	Y	differs	differs	1	1	8	8	N	N
ISTDCC25	AOS24	same	UZ35636	UZ35636	2045	2045	Y	differs	differs	1	1	0	0	Y	Y
ISTDCC30	AOS24	same	UZ22403	UZ22403	1565	1565	Y	differs	differs	1	1	6	6	N	N
ISTDCC31	AOS24	same	EVT0108	EVT0108	1245	1245	Y	identical	identical	1	1	0	0	N	N
ISTDCC32	AOS24	same	EVT0108	EVT0108	1525	1525	Y	identical	identical	1	1	0	0	N	N
ISTDCC35	AOS24	same	UZ37485	UZ37485	2357	2357	Y	differs	differs	1	1	0	0	Y	Y
ISTDCC40	AOS24	same	UZ22805	UZ22805	2581	2581	Y	differs	differs	1	1	0	0	Y	Y
ISTDCC41	AOS24	same	EVT0108	EVT0108	773	773	Y	differs	differs	1	1	5	5	N	N
ISTDCC42	AOS24	same	EVT0108	EVT0108	941	941	Y	identical	identical	1	1	0	0	N	N
ISTDCC50	AOS24	same	UZ26960	UZ26960	3485	3485	Y	differs	differs	1	1	0	0	Y	Y
ISTDCC51	AOS24	same	UZ31026	UZ31026	957	957	Y	differs	differs	1	1	0	0	Y	Y
ISTDCC60	AOS24	same	UZ22805	UZ22805	1237	1237	Y	differs	differs	1	1	616	616	N	N
ISTDCC61	AOS24	same	UZ25569	UZ25569	981	981	Y	differs	differs	1	1	0	0	Y	Y
ISTDCC80	AOS24	same	UZ23129	UZ23129	1581	1581	Y	differs	differs	1	1	0	0	Y	Y
ISTDCC81	AOS24	same	UZ29275	UZ29275	3629	3629	Y	differs	differs	1	1	0	0	Y	Y
ISTDCC85	AOS24	same	EVT0108	EVT0108	1037	1037	Y	identical	identical	1	1	0	0	N	N
ISTDVCBA	AOS24	same	EVT0108	EVT0108	5573	5573	Y	identical	identical	1	1	0	0	N	N
ISTDVCRC	AOS24	same	EVT0108	EVT0108	4869	4869	Y	identical	identical	1	1	0	0	N	N
ISTEC000	AOS26	same	EVT0108	EVT0108	365	365	Y	differs	differs	1	1	6	6	N	N
ISTEC123	AOS26	same	EVT0108	EVT0108	5941	5941	Y	differs	differs	1	1	1	1	N	N
ISTEC456	AOS26	same	EVT0108	EVT0108	5085	5085	Y	differs	differs	1	1	3	3	N	N
ISTEC789	AOS26	same	EVT0108	EVT0108	1789	1789	Y	differs	differs	1	1	1	1	N	N
ISTESC01	AOS24	same	EVT0108	EVT0108	397	397	Y	identical	identical	1	1	0	0	N	N
ISTESC02	AOS24	same	EVT0108	EVT0108	477	477	Y	identical	identical	1	1	0	0	N	N
ISTIC000	AOS26	same	UZ28203	UZ28203	6501	6501	Y	differs	differs	1	1	0	0	Y	Y
ISTIC001	AOS26	same	EVT0108	EVT0108	3389	3389	Y	differs	differs	1	1	116	116	N	N
ISTIC002	AOS26	same	UZ24809	UZ24809	4925	4925	Y	differs	differs	1	1	0	0	Y	Y
ISTIC003	AOS26	same	EVT0108	EVT0108	2325	2325	Y	differs	differs	1	1	60	60	N	N
ISTIC004	AOS26	same	EVT0108	EVT0108	3277	3277	Y	differs	differs	1	1	47	47	N	N
ISTIC005	AOS26	same	EVT0108	EVT0108	2805	2805	Y	differs	differs	1	1	129	129	N	N
ISTIC006	AOS26	same	UZ27658	UZ27658	2693	2693	Y	differs	differs	1	1	0	0	Y	Y
ISTIC007	AOS26	same	EVT0108	EVT0108	1353	1353	Y	differs	differs	1	1	112	112	N	N
ISTIC008	AOS26	same	UZ23382	UZ23382	2361	2361	Y	differs	differs	1	1	0	0	Y	Y
ISTIC009	AOS26	same	EVT0108	EVT0108	3001	3001	Y	differs	differs	1	1	194	194	N	N
ISTIC00A	AOS26	same	UZ27658	UZ27658	3557	3557	Y	differs	differs	1	1	0	0	Y	Y
ISTINC02	AOS26	same	EVT0108	EVT0108	1773	1773	Y	differs	differs	1	1	190	190	N	N
ISTINC05	AOS26	same	UZ31983	UZ31983	1713	1713	Y	differs	differs	1	1	0	0	Y	Y
ISTINC32	AOS26	same	EVT0108	EVT0108	773	773	Y	differs	differs	1	1	8	8	N	N
ISTINCA0	AOS26	same	EVT0108	EVT0108	909	909	Y	differs	differs	1	1	111	111	N	N
ISTINCAW	AOS26	same	EVT0108	EVT0108	8989	8989	Y	differs	differs	1	1	179	179	N	N
ISTINCBL	AOS26	same	EVT0108	EVT0108	693	693	Y	differs	differs	1	1	131	131	N	N
ISTINCCC	AOS26	same	EVT0108	EVT0108	9433	9433	Y	identical	identical	1	1	0	0	N	N
ISTINCCF	AOS26	same	EVT0108	EVT0108	917	917	Y	differs	differs	1	1	78	78	N	N
ISTINCD0	AOS26	same	EVT0108	EVT0108	1273	1273	Y	identical	identical	1	1	0	0	N	N
ISTINCD1	AOS26	same	EVT0108	EVT0108	589	589	Y	differs	differs	1	1	2	2	N	N
ISTINCD2	AOS26	same	UZ28821	UZ28821	877	877	Y	differs	differs	1	1	0	0	Y	Y
ISTINCD3	AOS26	same	EVT0108	EVT0108	1657	1657	Y	identical	identical	1	1	0	0	N	N
ISTINCD4	AOS26	same	UZ28821	UZ28821	941	941	Y	differs	differs	1	1	0	0	Y	Y
ISTINCD5	AOS26	same	UZ28821	UZ28821	1365	1365	Y	differs	differs	1	1	0	0	Y	Y
ISTINCD6	AOS26	same	EVT0108	EVT0108	997	997	Y	differs	differs	1	1	4	4	N	N
ISTINCD7	AOS26	same	UZ28821	UZ28821	693	693	Y	identical	identical	1	1	0	0	N	N
ISTINCD9	AOS26	same	EVT0108	EVT0108	3413	3413	Y	differs	differs	1	1	2	2	N	N
ISTINCDL	AOS26	same	EVT0108	EVT0108	2717	2717	Y	differs	differs	1	1	4	4	N	N
ISTINCDP	AOS26	same	UZ31983	UZ31983	5429	5429	Y	differs	differs	1	1	0	0	Y	Y
ISTINCDT	AOS26	same	EVT0108	EVT0108	1385	1385	Y	identical	identical	1	1	0	0	N	N
ISTINCDU	AOS26	same	EVT0108	EVT0108	1557	1557	Y	differs	differs	1	1	119	119	N	N
ISTINCE0	AOS26	same	EVT0108	EVT0108	1345	1345	Y	identical	identical	1	1	0	0	N	N
ISTINCE1	AOS26	same	EVT0108	EVT0108	1021	1021	Y	differs	differs	1	1	2	2	N	N
ISTINCE2	AOS26	same	EVT0108	EVT0108	533	533	Y	differs	differs	1	1	6	6	N	N
ISTINCE3	AOS26	same	EVT0108	EVT0108	709	709	Y	identical	identical	1	1	0	0	N	N
ISTINCE4	AOS26	same	EVT0108	EVT0108	1213	1213	Y	differs	differs	1	1	2	2	N	N
ISTINCE5	AOS26	same	EVT0108	EVT0108	645	645	Y	differs	differs	1	1	5	5	N	N
ISTINCE6	AOS26	same	EVT0108	EVT0108	1109	1109	Y	differs	differs	1	1	1	1	N	N
ISTINCE7	AOS26	same	EVT0108	EVT0108	1773	1773	Y	differs	differs	1	1	7	7	N	N
ISTINCE9	AOS26	same	EVT0108	EVT0108	1141	1141	Y	identical	identical	1	1	0	0	N	N
ISTINCF1	AOS26	same	EVT0108	EVT0108	757	757	Y	identical	identical	1	1	0	0	N	N
ISTINCF3	AOS26	same	EVT0108	EVT0108	2669	2669	Y	identical	identical	1	1	0	0	N	N
ISTINCF4	AOS26	same	EVT0108	EVT0108	1597	1597	Y	differs	differs	1	1	6	6	N	N
ISTINCF9	AOS26	same	EVT0108	EVT0108	837	837	Y	differs	differs	1	1	67	67	N	N
ISTINCFE	AOS26	same	EVT0108	EVT0108	565	565	Y	identical	identical	1	1	0	0	N	N
ISTINCFM	AOS26	same	EVT0108	EVT0108	645	645	Y	differs	differs	1	1	2	2	N	N
ISTINCHT	AOS26	same	EVT0108	EVT0108	1873	1873	Y	differs	differs	1	1	204	204	N	N
ISTINCIB	AOS26	same	EVT0108	EVT0108	645	645	Y	differs	differs	1	1	66	66	N	N
ISTINCIO	AOS26	same	UZ30544	UZ30544	7505	7505	Y	differs	differs	1	1	0	0	Y	Y
ISTINCIP	AOS26	same	UZ18721	UZ18721	3941	3941	Y	identical	identical	1	1	0	0	N	N
ISTINCIT	AOS26	same	EVT0108	EVT0108	741	741	Y	differs	differs	1	1	73	73	N	N
ISTINCL0	AOS26	same	EVT0108	EVT0108	1201	1201	Y	identical	identical	1	1	0	0	N	N
ISTINCL1	AOS26	same	UZ23321	UZ23321	837	837	Y	differs	differs	1	1	0	0	Y	Y
ISTINCL2	AOS26	same	EVT0108	EVT0108	741	741	Y	differs	differs	1	1	4	4	N	N
ISTINCL3	AOS26	same	UZ29306	UZ29306	1117	1117	Y	differs	differs	1	1	0	0	Y	Y
ISTINCL4	AOS26	same	EVT0108	EVT0108	1985	1985	Y	differs	differs	1	1	6	6	N	N
ISTINCL5	AOS26	same	EVT0108	EVT0108	661	661	Y	differs	differs	1	1	2	2	N	N
ISTINCL6	AOS26	same	EVT0108	EVT0108	685	685	Y	identical	identical	1	1	0	0	N	N
ISTINCL7	AOS26	same	EVT0108	EVT0108	621	621	Y	differs	differs	1	1	4	4	N	N
ISTINCL8	AOS26	same	EVT0108	EVT0108	1061	1061	Y	identical	identical	1	1	0	0	N	N
ISTINCLM	AOS24	same	EVT0108	EVT0108	781	781	Y	identical	identical	1	1	0	0	N	N
ISTINCMD	AOS26	same	EVT0108	EVT0108	1629	1629	Y	differs	differs	1	1	7	7	N	N
ISTINCMR	AOS26	same	EVT0108	EVT0108	965	965	Y	differs	differs	1	1	61	61	N	N
ISTINCMS	AOS26	same	UZ22722	UZ22722	3773	3773	Y	differs	differs	1	1	0	0	Y	Y
ISTINCMY	AOS26	same	UZ20218	UZ20218	5157	5157	Y	differs	differs	1	1	0	0	Y	Y
ISTINCNS	AOS26	same	UZ35168	UZ35168	2005	2005	Y	differs	differs	1	1	0	0	Y	Y
ISTINCOE	AOS26	same	EVT0108	EVT0108	525	525	Y	differs	differs	1	1	77	77	N	N
ISTINCOI	AOS26	same	EVT0108	EVT0108	541	541	Y	differs	differs	1	1	75	75	N	N
ISTINCOQ	AOS26	same	UZ31983	UZ31983	733	733	Y	differs	differs	1	1	0	0	Y	Y
ISTINCOS	AOS26	same	EVT0108	EVT0108	3001	3001	Y	identical	identical	1	1	0	0	N	N
ISTINCPD	AOS26	same	EVT0108	EVT0108	3297	3297	Y	identical	identical	1	1	0	0	N	N
ISTINCPH	AOS26	same	UZ32978	UZ32978	4653	4653	Y	differs	differs	1	1	0	0	Y	Y
ISTINCQB	AOS26	same	EVT0108	EVT0108	1565	1565	Y	differs	differs	1	1	155	155	N	N
ISTINCQE	AOS26	same	UZ33217	UZ33217	1773	1773	Y	differs	differs	1	1	0	0	Y	Y
ISTINCR1	AOS26	same	EVT0108	EVT0108	1477	1477	Y	differs	differs	1	1	1	1	N	N
ISTINCR2	AOS26	same	EVT0108	EVT0108	1933	1933	Y	differs	differs	1	1	2	2	N	N
ISTINCR3	AOS26	same	EVT0108	EVT0108	1589	1589	Y	identical	identical	1	1	0	0	N	N
ISTINCR4	AOS26	same	UZ33551	UZ33551	4973	4973	Y	differs	differs	1	1	0	0	Y	Y
ISTINCR5	AOS26	same	EVT0108	EVT0108	2301	2301	Y	differs	differs	1	1	3	3	N	N
ISTINCR6	AOS26	same	UZ31983	UZ31983	3733	3733	Y	differs	differs	1	1	0	0	Y	Y
ISTINCRD	AOS26	same	UZ36908	UZ36908	3829	3829	Y	differs	differs	1	1	0	0	Y	Y
ISTINCRF	AOS26	same	EVT0108	EVT0108	1661	1661	Y	differs	differs	1	1	98	98	N	N
ISTINCRP	AOS26	same	UZ31983	UZ31983	1121	1121	Y	differs	differs	1	1	0	0	Y	Y
ISTINCRR	AOS26	same	EVT0108	EVT0108	5461	5461	Y	identical	identical	1	1	0	0	N	N
ISTINCRS	AOS26	same	EVT0108	EVT0108	877	877	Y	differs	differs	1	1	60	60	N	N
ISTINCS1	AOS26	same	EVT0108	EVT0108	613	613	Y	identical	identical	1	1	0	0	N	N
ISTINCSD	AOS26	same	EVT0108	EVT0108	373	373	Y	differs	differs	1	1	6	6	N	N
ISTINCSH	AOS24	same	EVT0108	EVT0108	818	818	Y	differs	differs	2	2	1	1	N	N
ISTINCSM	AOS26	same	EVT0108	EVT0108	1985	1985	Y	identical	identical	1	1	0	0	N	N
ISTINCST	AOS26	same	UZ27557	UZ27557	1741	1741	Y	differs	differs	1	1	0	0	Y	Y
ISTINCTE	AOS26	same	EVT0108	EVT0108	1193	1193	Y	identical	identical	1	1	0	0	N	N
ISTINCTM	AOS26	same	EVT0108	EVT0108	885	885	Y	differs	differs	1	1	153	153	N	N
ISTINCTR	AOS26	same	UZ25018	UZ25018	3253	3253	Y	differs	differs	1	1	0	0	Y	Y
ISTINCU0	AOS26	same	EVT0108	EVT0108	1781	1781	Y	differs	differs	1	1	2	2	N	N
ISTINCU1	AOS26	same	EVT0108	EVT0108	773	773	Y	differs	differs	1	1	4	4	N	N
ISTINCU2	AOS26	same	EVT0108	EVT0108	1213	1213	Y	differs	differs	1	1	2	2	N	N
ISTINCU3	AOS26	same	EVT0108	EVT0108	1733	1733	Y	differs	differs	1	1	2	2	N	N
ISTINCU4	AOS26	same	EVT0108	EVT0108	1269	1269	Y	differs	differs	1	1	3	3	N	N
ISTINCU5	AOS26	same	EVT0108	EVT0108	1397	1397	Y	differs	differs	1	1	2	2	N	N
ISTINCU6	AOS26	same	EVT0108	EVT0108	1717	1717	Y	differs	differs	1	1	4	4	N	N
ISTINCU8	AOS26	same	EVT0108	EVT0108	525	525	Y	identical	identical	1	1	0	0	N	N
ISTINCUA	AOS26	same	EVT0108	EVT0108	2165	2165	Y	identical	identical	1	1	0	0	N	N
ISTINCUB	AOS26	same	EVT0108	EVT0108	1357	1357	Y	differs	differs	1	1	4	4	N	N
ISTINCUQ	AOS26	same	EVT0108	EVT0108	869	869	Y	differs	differs	1	1	1	1	N	N
ISTINCV2	AOS26	same	EVT0108	EVT0108	1529	1529	Y	identical	identical	1	1	0	0	N	N
ISTINCV3	AOS26	same	EVT0108	EVT0108	1221	1221	Y	differs	differs	1	1	2	2	N	N
ISTINCV4	AOS26	same	EVT0108	EVT0108	681	681	Y	identical	identical	1	1	0	0	N	N
ISTINCV5	AOS26	same	EVT0108	EVT0108	741	741	Y	differs	differs	1	1	7	7	N	N
ISTINCV6	AOS26	same	EVT0108	EVT0108	845	845	Y	differs	differs	1	1	2	2	N	N
ISTINCV8	AOS26	same	EVT0108	EVT0108	1149	1149	Y	differs	differs	1	1	2	2	N	N
ISTINCV9	AOS26	same	EVT0108	EVT0108	2077	2077	Y	identical	identical	1	1	0	0	N	N
ISTINCVA	AOS26	same	UZ30893	UZ30893	9777	9777	Y	differs	differs	1	1	0	0	Y	Y
ISTINCVN	AOS26	same	EVT0108	EVT0108	1389	1389	Y	differs	differs	1	1	2	2	N	N
ISTINCVO	AOS26	same	UZ30544	UZ30544	5133	5133	Y	differs	differs	1	1	0	0	Y	Y
ISTINCVP	AOS26	same	UZ28960	UZ28960	8073	8073	Y	differs	differs	1	1	0	0	Y	Y
ISTINCVS	AOS26	same	EVT0108	EVT0108	3197	3197	Y	differs	differs	1	1	2	2	N	N
ISTINCVX	AOS26	same	EVT0108	EVT0108	5433	5433	Y	identical	identical	1	1	0	0	N	N
ISTINCW0	AOS26	same	EVT0108	EVT0108	1465	1465	Y	identical	identical	1	1	0	0	N	N
ISTINCW2	AOS26	same	EVT0108	EVT0108	837	837	Y	identical	identical	1	1	0	0	N	N
ISTINCW3	AOS24	same	EVT0108	EVT0108	1357	1357	Y	identical	identical	1	1	0	0	N	N
ISTINCW4	AOS26	same	EVT0108	EVT0108	1581	1581	Y	differs	differs	1	1	6	6	N	N
ISTINCW5	AOS26	same	EVT0108	EVT0108	837	837	Y	differs	differs	1	1	4	4	N	N
ISTINCW6	AOS26	same	EVT0108	EVT0108	1213	1213	Y	differs	differs	1	1	6	6	N	N
ISTINCW7	AOS26	same	EVT0108	EVT0108	621	621	Y	differs	differs	1	1	2	2	N	N
ISTINCW8	AOS26	same	EVT0108	EVT0108	805	805	Y	identical	identical	1	1	0	0	N	N
ISTINCW9	AOS26	same	EVT0108	EVT0108	1173	1173	Y	differs	differs	1	1	5	5	N	N
ISTINCX0	AOS26	same	EVT0108	EVT0108	1821	1821	Y	differs	differs	1	1	4	4	N	N
ISTINCX1	AOS26	same	UZ28821	UZ28821	1485	1485	Y	differs	differs	1	1	0	0	Y	Y
ISTINCX2	AOS26	same	EVT0108	EVT0108	685	685	Y	identical	identical	1	1	0	0	N	N
ISTINCX3	AOS26	same	EVT0108	EVT0108	2077	2077	Y	differs	differs	1	1	5	5	N	N
ISTINCX6	AOS26	same	EVT0108	EVT0108	645	645	Y	differs	differs	1	1	2	2	N	N
ISTINCX7	AOS26	same	EVT0108	EVT0108	733	733	Y	differs	differs	1	1	4	4	N	N
ISTINCX8	AOS26	same	UZ28960	UZ28960	1469	1469	Y	differs	differs	1	1	0	0	Y	Y
ISTINCX9	AOS26	same	EVT0108	EVT0108	853	853	Y	differs	differs	1	1	1	1	N	N
ISTINCXR	AOS26	same	UZ27982	UZ27982	1293	1293	Y	differs	differs	1	1	0	0	Y	Y
ISTINCY0	AOS26	same	UZ31983	UZ31983	2365	2365	Y	differs	differs	1	1	0	0	Y	Y
ISTINCY1	AOS26	same	UZ26804	UZ26804	789	789	Y	differs	differs	1	1	10	10	N	N
ISTINCY3	AOS26	same	EVT0108	EVT0108	733	733	Y	differs	differs	1	1	5	5	N	N
ISTINCY4	AOS26	same	EVT0108	EVT0108	909	909	Y	identical	identical	1	1	0	0	N	N
ISTINCY5	AOS26	same	UZ28821	UZ28821	1173	1173	Y	differs	differs	1	1	0	0	Y	Y
ISTINFIC	AOS26	same	UZ31020	UZ31020	2901	2901	Y	differs	differs	1	1	0	0	Y	Y
ISTINFXI	AOS26	same	UZ31983	UZ31983	1453	1453	Y	differs	differs	1	1	0	0	Y	Y
ISTINM01	AOS26	same	UZ31020	UZ31020	3165	3165	Y	differs	differs	1	1	0	0	Y	Y
ISTINMAD	AOS26	same	EVT0108	EVT0108	773	773	Y	differs	differs	1	1	57	57	N	N
ISTINMAL	AOS26	same	EVT0108	EVT0108	925	925	Y	identical	identical	1	1	0	0	N	N
ISTINMAV	AOS26	same	UZ53331	UZ53331	3125	3125	Y	identical	identical	1	1	0	0	N	N
ISTINMDD	AOS26	same	EVT0108	EVT0108	881	881	Y	identical	identical	1	1	0	0	N	N
ISTINMN8	AOS26	same	UZ31020	UZ31020	957	957	Y	differs	differs	1	1	20	20	N	N
ISTNMC1S	AOS24	same	EVT0108	EVT0108	2277	2277	Y	identical	identical	1	1	0	0	N	N
ISTNMC2S	AOS24	same	EVT0108	EVT0108	461	461	Y	identical	identical	1	1	0	0	N	N
ISTNMC3S	AOS24	same	UZ22293	UZ22293	3349	3349	Y	differs	differs	1	1	0	0	Y	Y
ISTNMC4P	AOS24	same	EVT0108	EVT0108	1341	1341	Y	identical	identical	1	1	0	0	N	N
ISTNMC4S	AOS24	same	EVT0108	EVT0108	1005	1005	Y	identical	identical	1	1	0	0	N	N
ISTNMC5P	AOS24	same	EVT0108	EVT0108	717	717	Y	differs	differs	1	1	4	4	N	N
ISTNMC5S	AOS24	same	EVT0108	EVT0108	1149	1149	Y	differs	differs	1	1	2	2	N	N
ISTNMC6P	AOS24	same	EVT0108	EVT0108	757	757	Y	identical	identical	1	1	0	0	N	N
ISTNMC6S	AOS24	same	EVT0108	EVT0108	785	785	Y	identical	identical	1	1	0	0	N	N
ISTNMC7P	AOS24	same	EVT0108	EVT0108	477	477	Y	differs	differs	1	1	4	4	N	N
ISTNMC7S	AOS24	same	UZ22293	UZ22293	2005	2005	Y	differs	differs	1	1	0	0	Y	Y
ISTNMC8P	AOS24	same	EVT0108	EVT0108	557	557	Y	differs	differs	1	1	2	2	N	N
ISTNMC9P	AOS24	same	EVT0108	EVT0108	2125	2125	Y	differs	differs	1	1	9	9	N	N
ISTNMCCA	AOS24	same	EVT0108	EVT0108	573	573	Y	identical	identical	1	1	0	0	N	N
ISTNMCCB	AOS24	same	EVT0108	EVT0108	897	897	Y	identical	identical	1	1	0	0	N	N
ISTNMCCF	AOS24	same	EVT0108	EVT0108	501	501	Y	differs	differs	1	1	4	4	N	N
ISTNMCCI	AOS24	same	EVT0108	EVT0108	1069	1069	Y	identical	identical	1	1	0	0	N	N
ISTNMCCO	AOS24	same	EVT0108	EVT0108	829	829	Y	differs	differs	1	1	6	6	N	N
ISTNMCCR	AOS24	same	EVT0108	EVT0108	749	749	Y	identical	identical	1	1	0	0	N	N
ISTNMCCS	AOS24	same	EVT0108	EVT0108	525	525	Y	differs	differs	1	1	6	6	N	N
ISTNMCCT	AOS24	same	EVT0108	EVT0108	781	781	Y	differs	differs	1	1	7	7	N	N
ISTNMCCZ	AOS24	same	EVT0108	EVT0108	705	705	Y	identical	identical	1	1	0	0	N	N
ISTOCCCA	AOS26	same	UZ19883	UZ19883	1421	1421	Y	differs	differs	1	1	399	399	N	N
ISTOCCCB	AOS24	same	UZ31602	UZ31602	1157	1157	Y	differs	differs	1	1	0	0	Y	Y
ISTOCCCC	AOS26	same	UZ29304	UZ29304	4469	4469	Y	differs	differs	1	1	0	0	Y	Y
ISTOCCCH	AOS26	same	UZ29275	UZ29275	2597	2597	Y	differs	differs	1	1	0	0	Y	Y
ISTOCCCL	AOS26	rmid-differs	UZ56324	UZ34365	6809	6769	N	differs	differs	1	1	0	0	Y	Y
ISTOCCCM	AOS26	same	EVT0108	EVT0108	1221	1221	Y	identical	identical	1	1	0	0	N	N
ISTOCCCN	AOS26	same	EVT0108	EVT0108	2449	2449	Y	identical	identical	1	1	0	0	N	N
ISTOCCDF	AOS24	same	EVT0108	EVT0108	1181	1181	Y	differs	differs	1	1	4	4	N	N
ISTOCCFD	AOS26	same	EVT0108	EVT0108	1393	1393	Y	differs	differs	1	1	582	582	N	N
ISTOCCFO	AOS26	same	EVT0108	EVT0108	901	901	Y	identical	identical	1	1	0	0	N	N
ISTOCCMD	AOS26	same	EVT0108	EVT0108	2725	2725	Y	identical	identical	1	1	0	0	N	N
ISTOCCNV	AOS26	same	EVT0108	EVT0108	681	681	Y	identical	identical	1	1	0	0	N	N
ISTOCCOC	AOS26	same	EVT0108	EVT0108	1413	1413	Y	identical	identical	1	1	0	0	N	N
ISTOCCOD	AOS26	same	UZ23330	UZ23330	4781	4781	Y	differs	differs	1	1	0	0	Y	Y
ISTOCCOE	AOS26	same	UZ34793	UZ34793	7089	7089	Y	differs	differs	1	1	0	0	Y	Y
ISTOCCOF	AOS26	same	EVT0108	EVT0108	1941	1941	Y	differs	differs	1	1	9	9	N	N
ISTOCCQU	AOS26	same	EVT0108	EVT0108	1981	1981	Y	identical	identical	1	1	0	0	N	N
ISTOCCRD	AOS26	same	EVT0108	EVT0108	2429	2429	Y	identical	identical	1	1	0	0	N	N
ISTOCCRL	AOS26	same	EVT0108	EVT0108	981	981	Y	differs	differs	1	1	1	1	N	N
ISTOCCRT	AOS26	same	UZ19575	UZ19575	1869	1869	Y	differs	differs	1	1	0	0	Y	Y
ISTOCCSA	AOS24	same	EVT0108	EVT0108	1205	1205	Y	identical	identical	1	1	0	0	N	N
ISTOCCSD	AOS26	same	EVT0108	EVT0108	709	709	Y	differs	differs	1	1	2	2	N	N
ISTOCCSL	AOS26	same	EVT0108	EVT0108	609	609	Y	differs	differs	1	1	1	1	N	N
ISTOCCUR	AOS26	same	EVT0108	EVT0108	1045	1045	Y	identical	identical	1	1	0	0	N	N
ISTOCFCX	AOS26	same	EVT0108	EVT0108	741	741	Y	identical	identical	1	1	0	0	N	N
ISTOCMDC	AOS24	same	UZ22409	UZ22409	581	581	Y	differs	differs	1	1	0	0	Y	Y
ISTORFBA	AOS24	same	EVT0108	EVT0108	1369	1369	Y	differs	differs	1	1	6	6	N	N
ISTORFBD	AOS24	same	UZ23343	UZ23343	845	845	Y	differs	differs	1	1	0	0	Y	Y
ISTORFBF	AOS24	same	EVT0108	EVT0108	805	805	Y	differs	differs	1	1	7	7	N	N
ISTORFBQ	AOS24	same	EVT0108	EVT0108	1841	1841	Y	differs	differs	1	1	28	28	N	N
ISTORFID	AOS24	same	EVT0108	EVT0108	445	445	Y	differs	differs	1	1	4	4	N	N
ISTORFPO	AOS26	same	EVT0108	EVT0108	3597	3597	Y	identical	identical	1	1	0	0	N	N
ISTORFPR	AOS24	same	UZ26029	UZ26029	717	717	Y	differs	differs	1	1	0	0	Y	Y
ISTORFRA	AOS24	same	EVT0108	EVT0108	553	553	Y	identical	identical	1	1	0	0	N	N
ISTORFSR	AOS24	same	EVT0108	EVT0108	1553	1553	Y	differs	differs	1	1	6	6	N	N
ISTORMMG	AOS26	same	UZ22912	UZ22912	917	917	Y	differs	differs	1	1	0	0	Y	Y
ISTORMRL	AOS26	same	EVT0108	EVT0108	697	697	Y	identical	identical	1	1	0	0	N	N
ISTRACCA	AOS24	same	EVT0108	EVT0108	669	669	Y	differs	differs	1	1	6	6	N	N
ISTRACCR	AOS26	same	EVT0108	EVT0108	525	525	Y	differs	differs	1	1	2	2	N	N
ISTRACTB	AOS24	same	EVT0108	EVT0108	2261	2261	Y	differs	differs	1	1	2	2	N	N
ISTRACTL	AOS26	same	UZ33299	UZ33299	1365	1365	Y	differs	differs	1	1	0	0	Y	Y
ISTRAFD1	ALPALIB	same	UZ34139	UZ34139	8065	8065	Y	differs	differs	1	1	0	0	Y	Y
ISTRAFTP	AOS26	same	UZ29628	UZ29628	2053	2053	Y	differs	differs	1	1	0	0	Y	Y
ISTRAMA1	AOS26	same	UZ34139	UZ34139	3701	3701	Y	differs	differs	1	1	0	0	Y	Y
ISTRAMA2	AOS26	same	UZ51930	UZ51930	7817	7817	Y	differs	differs	1	1	0	0	Y	Y
ISTRAMA3	AOS26	same	UZ19883	UZ19883	1765	1765	Y	differs	differs	1	1	0	0	Y	Y
ISTRAMA4	AOS26	same	UZ19883	UZ19883	1597	1597	Y	differs	differs	1	1	0	0	Y	Y
ISTRCC21	AOS24	same	EVT0108	EVT0108	1721	1721	Y	identical	identical	1	1	0	0	N	N
ISTRCC22	AOS24	same	EVT0108	EVT0108	2337	2337	Y	identical	identical	1	1	0	0	N	N
ISTRCC23	AOS24	same	EVT0108	EVT0108	761	761	Y	identical	identical	1	1	0	0	N	N
ISTRCC26	AOS24	same	EVT0108	EVT0108	897	897	Y	identical	identical	1	1	0	0	N	N
ISTRCC30	AOS24	same	UZ28668	UZ28668	829	829	Y	differs	differs	1	1	0	0	Y	Y
ISTRCC51	AOS24	same	EVT0108	EVT0108	2553	2553	Y	differs	differs	1	1	0	0	Y	Y
ISTRCC52	AOS24	same	UZ22805	UZ22805	1461	1461	Y	differs	differs	1	1	0	0	Y	Y
ISTRCC53	AOS24	same	EVT0108	EVT0108	861	861	Y	differs	differs	1	1	2	2	N	N
ISTRCC54	AOS24	same	EVT0108	EVT0108	769	769	Y	identical	identical	1	1	0	0	N	N
ISTRCC63	AOS24	same	EVT0108	EVT0108	2041	2041	Y	identical	identical	1	1	0	0	N	N
ISTRCC65	AOS24	same	EVT0108	EVT0108	993	993	Y	identical	identical	1	1	0	0	N	N
ISTRCC80	AOS24	same	EVT0108	EVT0108	637	637	Y	differs	differs	1	1	4	4	N	N
ISTRCC81	AOS24	same	EVT0108	EVT0108	1173	1173	Y	differs	differs	1	1	5	5	N	N
ISTRCFY0	AOS24	same	UZ21571	UZ21571	1013	1013	Y	differs	differs	1	1	10	10	N	N
ISTSC020	AOS26	same	EVT0108	EVT0108	2821	2821	Y	differs	differs	1	1	222	222	N	N
ISTSC021	AOS26	same	EVT0108	EVT0108	669	669	Y	differs	differs	1	1	7	7	N	N
ISTSC024	AOS26	same	EVT0108	EVT0108	4397	4397	Y	differs	differs	1	1	28	28	N	N
ISTSC027	AOS26	same	UZ33552	UZ33552	2725	2725	Y	differs	differs	1	1	63	63	N	N
ISTSC028	AOS26	same	EVT0108	EVT0108	669	669	Y	differs	differs	1	1	70	70	N	N
ISTSC02A	AOS26	same	EVT0108	EVT0108	1109	1109	Y	differs	differs	1	1	13	13	N	N
ISTSC02B	AOS26	same	EVT0108	EVT0108	629	629	Y	differs	differs	1	1	7	7	N	N
ISTSC02C	AOS26	same	EVT0108	EVT0108	941	941	Y	differs	differs	1	1	61	61	N	N
ISTSC02D	AOS26	same	EVT0108	EVT0108	1093	1093	Y	differs	differs	1	1	14	14	N	N
ISTSC030	AOS26	same	UZ27555	UZ27555	7521	7521	Y	differs	differs	1	1	0	0	Y	Y
ISTSC031	AOS26	same	EVT0108	EVT0108	2761	2761	Y	differs	differs	1	1	105	105	N	N
ISTSC034	AOS26	same	UZ27031	UZ27031	3533	3533	Y	differs	differs	1	1	0	0	Y	Y
ISTSDCAL	AOS24	same	EVT0108	EVT0108	1325	1325	Y	differs	differs	1	1	4	4	N	N
ISTSDCAP	AOS26	same	UZ24197	UZ24197	4793	4793	Y	differs	differs	1	1	0	0	Y	Y
ISTSDCBU	AOS26	same	UZ28810	UZ28810	3729	3729	Y	differs	differs	1	1	0	0	Y	Y
ISTSDCC2	AOS26	same	UZ30716	UZ30716	1797	1797	Y	differs	differs	1	1	0	0	Y	Y
ISTSDCC3	AOS26	same	EVT0108	EVT0108	1237	1237	Y	differs	differs	1	1	4	4	N	N
ISTSDCC5	AOS26	same	EVT0108	EVT0108	645	645	Y	differs	differs	1	1	3	3	N	N
ISTSDCC7	AOS26	same	EVT0108	EVT0108	713	713	Y	identical	identical	1	1	0	0	N	N
ISTSDCCA	AOS24	same	EVT0108	EVT0108	657	657	Y	identical	identical	1	1	0	0	N	N
ISTSDCCB	AOS26	same	UZ27032	UZ27032	2869	2869	Y	differs	differs	1	1	0	0	Y	Y
ISTSDCCD	AOS24	same	EVT0108	EVT0108	653	653	Y	identical	identical	1	1	0	0	N	N
ISTSDCCF	AOS24	same	EVT0108	EVT0108	1109	1109	Y	differs	differs	1	1	2	2	N	N
ISTSDCCL	AOS26	same	UZ27604	UZ27604	2905	2905	Y	differs	differs	1	1	0	0	Y	Y
ISTSDCCN	AOS24	same	EVT0108	EVT0108	573	573	Y	identical	identical	1	1	0	0	N	N
ISTSDCCR	AOS24	same	EVT0108	EVT0108	597	597	Y	differs	differs	1	1	2	2	N	N
ISTSDCD1	AOS26	same	EVT0108	EVT0108	573	573	Y	identical	identical	1	1	0	0	N	N
ISTSDCD2	AOS26	same	EVT0108	EVT0108	589	589	Y	differs	differs	1	1	6	6	N	N
ISTSDCD3	AOS26	same	EVT0108	EVT0108	1381	1381	Y	identical	identical	1	1	0	0	N	N
ISTSDCDS	AOS26	same	EVT0108	EVT0108	533	533	Y	differs	differs	1	1	6	6	N	N
ISTSDCGE	AOS26	same	UZ28810	UZ28810	4101	4101	Y	differs	differs	1	1	0	0	Y	Y
ISTSDCGP	AOS26	same	UZ30441	UZ30441	6861	6861	Y	differs	differs	1	1	0	0	Y	Y
ISTSDCHS	AOS26	same	UZ32142	UZ32142	1317	1317	Y	differs	differs	1	1	0	0	Y	Y
ISTSDCIN	AOS26	same	EVT0108	EVT0108	1189	1189	Y	identical	identical	1	1	0	0	N	N
ISTSDCLM	AOS26	same	UZ30047	UZ30047	909	909	Y	differs	differs	1	1	0	0	Y	Y
ISTSDCLN	AOS26	same	UZ30441	UZ30441	6853	6853	Y	differs	differs	1	1	0	0	Y	Y
ISTSDCLP	AOS26	same	EVT0108	EVT0108	869	869	Y	identical	identical	1	1	0	0	N	N
ISTSDCLU	AOS26	same	UZ27987	UZ27987	2561	2561	Y	differs	differs	1	1	0	0	Y	Y
ISTSDCML	AOS26	same	UZ30441	UZ30441	1237	1237	Y	differs	differs	1	1	0	0	Y	Y
ISTSDCMT	AOS26	same	UZ30441	UZ30441	1417	1417	Y	differs	differs	1	1	0	0	Y	Y
ISTSDCOD	AOS24	same	EVT0108	EVT0108	853	853	Y	identical	identical	1	1	0	0	N	N
ISTSDCP1	AOS26	same	EVT0108	EVT0108	605	605	Y	differs	differs	1	1	3	3	N	N
ISTSDCP2	AOS26	same	EVT0108	EVT0108	597	597	Y	differs	differs	1	1	2	2	N	N
ISTSDCP3	AOS26	same	EVT0108	EVT0108	837	837	Y	differs	differs	1	1	2	2	N	N
ISTSDCP4	AOS26	same	UZ30441	UZ30441	1025	1025	Y	differs	differs	1	1	0	0	Y	Y
ISTSDCP5	AOS26	same	EVT0108	EVT0108	621	621	Y	identical	identical	1	1	0	0	N	N
ISTSDCP6	AOS26	same	EVT0108	EVT0108	893	893	Y	differs	differs	1	1	6	6	N	N
ISTSDCPA	AOS26	same	EVT0108	EVT0108	2225	2225	Y	differs	differs	1	1	2	2	N	N
ISTSDCPC	AOS26	same	UZ26003	UZ26003	1953	1953	Y	differs	differs	1	1	5	5	N	N
ISTSDCPU	AOS26	same	UZ90014	UZ90014	5137	5137	Y	differs	differs	1	1	0	0	Y	Y
ISTSDCRC	AOS26	same	EVT0108	EVT0108	2589	2589	Y	differs	differs	1	1	9	9	N	N
ISTSDCRN	AOS26	same	UZ28810	UZ28810	3545	3545	Y	differs	differs	1	1	0	0	Y	Y
ISTSDCRS	AOS26	same	UZ51674	UZ51674	2141	2141	Y	differs	differs	1	1	0	0	Y	Y
ISTSDCSB	AOS26	same	EVT0108	EVT0108	373	373	Y	differs	differs	1	1	7	7	N	N
ISTSDCSC	AOS26	same	EVT0108	EVT0108	1281	1281	Y	identical	identical	1	1	0	0	N	N
ISTSDCSS	AOS26	same	UZ29021	UZ29021	1665	1665	Y	differs	differs	1	1	0	0	Y	Y
ISTSDCSU	AOS26	same	UZ34368	UZ34368	1173	1173	Y	identical	identical	1	1	0	0	N	N
ISTSDCTM	AOS26	same	EVT0108	EVT0108	5409	5409	Y	identical	identical	1	1	0	0	N	N
ISTSDCVB	AOS26	same	UZ30714	UZ30714	2037	2037	Y	differs	differs	1	1	0	0	Y	Y
ISTSDCVG	AOS26	same	EVT0108	EVT0108	1565	1565	Y	differs	differs	1	1	2	2	N	N
ISTSDCVI	AOS26	same	EVT0108	EVT0108	1681	1681	Y	differs	differs	1	1	2	2	N	N
ISTSEC01	AOS24	same	EVT0108	EVT0108	1081	1081	Y	identical	identical	1	1	0	0	N	N
ISTSEC10	AOS24	same	EVT0108	EVT0108	1869	1869	Y	differs	differs	1	1	0	0	Y	Y
ISTSEC21	AOS24	same	EVT0108	EVT0108	1701	1701	Y	differs	differs	1	1	8	8	N	N
ISTSEC30	AOS24	same	EVT0108	EVT0108	1801	1801	Y	identical	identical	1	1	0	0	N	N
ISTSEC40	AOS24	same	EVT0108	EVT0108	725	725	Y	differs	differs	1	1	11	11	N	N
ISTSQC00	AOS26	same	UZ21531	UZ21531	2369	2369	Y	differs	differs	1	1	0	0	Y	Y
ISTSQC01	AOS26	same	EVT0108	EVT0108	1093	1093	Y	identical	identical	1	1	0	0	N	N
ISTSQC02	AOS26	same	EVT0108	EVT0108	957	957	Y	differs	differs	1	1	4	4	N	N
ISTSQC03	AOS26	same	EVT0108	EVT0108	837	837	Y	identical	identical	1	1	0	0	N	N
ISTSQC04	AOS26	same	EVT0108	EVT0108	2221	2221	Y	identical	identical	1	1	0	0	N	N
ISTSQC05	AOS26	same	EVT0108	EVT0108	517	517	Y	differs	differs	1	1	4	4	N	N
ISTSQC06	AOS26	same	EVT0108	EVT0108	5849	5849	Y	identical	identical	1	1	0	0	N	N
ISTSQC07	AOS26	same	EVT0108	EVT0108	885	885	Y	differs	differs	1	1	8	8	N	N
ISTSQC08	AOS26	same	EVT0108	EVT0108	1357	1357	Y	differs	differs	1	1	2	2	N	N
ISTSQC09	AOS26	same	EVT0108	EVT0108	893	893	Y	differs	differs	1	1	2	2	N	N
ISTSQC0A	AOS26	same	EVT0108	EVT0108	813	813	Y	identical	identical	1	1	0	0	N	N
ISTSQC0B	AOS26	same	EVT0108	EVT0108	1617	1617	Y	differs	differs	1	1	0	0	Y	Y
ISTSTC00	AOS26	same	UZ28293	UZ28293	2317	2317	Y	differs	differs	1	1	0	0	Y	Y
ISTTC035	AOS26	same	UZ28957	UZ28957	1157	1157	Y	differs	differs	1	1	0	0	Y	Y
ISTTC037	AOS26	same	EVT0108	EVT0108	3045	3045	Y	differs	differs	1	1	84	84	N	N
ISTVTLOD	AOS26	same	EVT0108	EVT0108	1841	1841	Y	identical	identical	1	1	0	0	N	N
ISTYCLUS	AOS24	same	EVT0108	EVT0108	2629	2629	Y	identical	identical	1	1	0	0	N	N
ISTYCONT	AOS24	same	EVT0108	EVT0108	2157	2157	Y	identical	identical	1	1	0	0	N	N
ISTYPSOL	AOS24	same	EVT0108	EVT0108	2997	2997	Y	identical	identical	1	1	0	0	N	N
ISTYSSCP	AOS24	same	EVT0108	EVT0108	1597	1597	Y	identical	identical	1	1	0	0	N	N
ISTYTCM1	AOS24	same	EVT0108	EVT0108	4173	4173	Y	identical	identical	1	1	0	0	N	N
ISTYTCM2	AOS24	same	EVT0108	EVT0108	2181	2181	Y	identical	identical	1	1	0	0	N	N
ISTYTCM3	AOS24	same	EVT0108	EVT0108	4050	4050	Y	identical	identical	1	1	0	0	N	N
ISTZAF0A	AOS24	same	EVT0108	EVT0108	1489	1489	Y	identical	identical	1	1	0	0	N	N
ISTZAF0B	AOS24	same	EVT0108	EVT0108	2433	2433	Y	identical	identical	1	1	0	0	N	N
ISTZAF1A	AOS24	same	EVT0108	EVT0108	2305	2305	Y	identical	identical	1	1	0	0	N	N
ISTZAF1B	AOS24	same	EVT0108	EVT0108	2153	2153	Y	identical	identical	1	1	0	0	N	N
ISTZAF1R	AOS24	same	EVT0108	EVT0108	4305	4305	Y	identical	identical	1	1	0	0	N	N
ISTZBF0A	AOS24	same	UZ22722	UZ22722	2325	2325	Y	differs	differs	1	1	0	0	Y	Y
ISTZBF0B	AOS24	same	EVT0108	EVT0108	2921	2921	Y	identical	identical	1	1	0	0	N	N
ISTZBF0L	AOS24	same	EVT0108	EVT0108	2721	2721	Y	identical	identical	1	1	0	0	N	N
ISTZBFAA	AOS24	same	EVT0108	EVT0108	1113	1113	Y	differs	differs	1	1	7	7	N	N
ISTZBFAB	AOS24	same	EVT0108	EVT0108	1653	1653	Y	differs	differs	1	1	1	1	N	N
ISTZBFAE	AOS24	same	EVT0108	EVT0108	2133	2133	Y	differs	differs	1	1	7	7	N	N
ISTZBFAG	AOS24	same	EVT0108	EVT0108	2309	2309	Y	differs	differs	1	1	2	2	N	N
ISTZBFAI	AOS24	same	EVT0108	EVT0108	1165	1165	Y	differs	differs	1	1	1	1	N	N
ISTZBFAL	AOS24	same	EVT0108	EVT0108	981	981	Y	differs	differs	1	1	1	1	N	N
ISTZBFAM	AOS24	same	EVT0108	EVT0108	637	637	Y	differs	differs	1	1	5	5	N	N
ISTZBFAR	AOS24	same	EVT0108	EVT0108	1013	1013	Y	differs	differs	1	1	5	5	N	N
ISTZBFBA	AOS24	same	EVT0108	EVT0108	1245	1245	Y	differs	differs	1	1	3	3	N	N
ISTZBFBB	AOS24	same	UZ26814	UZ26814	1485	1485	Y	differs	differs	1	1	0	0	Y	Y
ISTZBFBI	AOS24	same	EVT0108	EVT0108	1781	1781	Y	identical	identical	1	1	0	0	N	N
ISTZBFBR	AOS24	same	EVT0108	EVT0108	1817	1817	Y	identical	identical	1	1	0	0	N	N
ISTZBFCB	AOS24	same	EVT0108	EVT0108	1189	1189	Y	differs	differs	1	1	7	7	N	N
ISTZBFDI	AOS24	same	EVT0108	EVT0108	1673	1673	Y	identical	identical	1	1	0	0	N	N
ISTZBFDR	AOS24	same	EVT0108	EVT0108	1449	1449	Y	identical	identical	1	1	0	0	N	N
ISTZBFEB	AOS24	same	EVT0108	EVT0108	893	893	Y	differs	differs	1	1	3	3	N	N
ISTZBFFA	AOS24	same	UZ24058	UZ24058	1653	1653	Y	differs	differs	1	1	0	0	Y	Y
ISTZBFFB	AOS24	same	UZ20805	UZ20805	2565	2565	Y	differs	differs	1	1	0	0	Y	Y
ISTZBFGA	AOS24	same	EVT0108	EVT0108	541	541	Y	differs	differs	1	1	5	5	N	N
ISTZBFGB	AOS24	same	EVT0108	EVT0108	965	965	Y	differs	differs	1	1	1	1	N	N
ISTZBFHA	AOS24	same	EVT0108	EVT0108	549	549	Y	differs	differs	1	1	6	6	N	N
ISTZBFHB	AOS24	same	EVT0108	EVT0108	909	909	Y	differs	differs	1	1	5	5	N	N
ISTZBFIA	AOS24	same	EVT0108	EVT0108	809	809	Y	identical	identical	1	1	0	0	N	N
ISTZBFIB	AOS24	same	EVT0108	EVT0108	929	929	Y	identical	identical	1	1	0	0	N	N
ISTZBFID	AOS24	same	EVT0108	EVT0108	3193	3193	Y	identical	identical	1	1	0	0	N	N
ISTZBFIF	AOS24	same	UZ28249	UZ28249	3285	3285	Y	differs	differs	1	1	0	0	Y	Y
ISTZBFMB	AOS26	same	EVT0108	EVT0108	897	897	Y	identical	identical	1	1	0	0	N	N
ISTZBFNB	AOS24	same	EVT0108	EVT0108	717	717	Y	differs	differs	1	1	5	5	N	N
ISTZBFND	AOS24	same	EVT0108	EVT0108	997	997	Y	differs	differs	1	1	1	1	N	N
ISTZBFNE	AOS24	same	EVT0108	EVT0108	885	885	Y	differs	differs	1	1	1	1	N	N
ISTZBFOB	AOS26	same	UZ23383	UZ23383	821	821	Y	differs	differs	1	1	0	0	Y	Y
ISTZBFPB	AOS24	same	EVT0108	EVT0108	877	877	Y	differs	differs	1	1	3	3	N	N
ISTZBFSC	AOS24	same	UZ28668	UZ28668	3445	3445	Y	differs	differs	1	1	0	0	Y	Y
ISTZBFX0	AOS24	same	EVT0108	EVT0108	445	445	Y	differs	differs	1	1	2	2	N	N
ISTZBFXA	AOS24	same	EVT0108	EVT0108	437	437	Y	differs	differs	1	1	5	5	N	N
ISTZBFY0	AOS26	same	UZ22447	UZ22447	1109	1109	Y	differs	differs	1	1	0	0	Y	Y
ISTZBFZ0	AOS26	same	UZ22447	UZ22447	1581	1581	Y	differs	differs	1	1	0	0	Y	Y
ISTZBM0J	AOS26	same	UZ19886	UZ19886	2645	2645	Y	differs	differs	1	1	306	306	N	N
ISTZBM0K	AOS26	same	UZ28882	UZ28882	1141	1141	Y	differs	differs	1	1	0	0	Y	Y
ISTZCF0A	AOS24	same	EVT0108	EVT0108	445	445	Y	identical	identical	1	1	0	0	N	N
ISTZCF0B	AOS24	same	EVT0108	EVT0108	1653	1653	Y	differs	differs	1	1	2	2	N	N
ISTZCF1A	AOS24	same	UZ23859	UZ23859	1725	1725	Y	differs	differs	1	1	0	0	Y	Y
ISTZCF1B	AOS24	same	UZ17956	UZ17956	3253	3253	Y	differs	differs	1	1	3	3	N	N
ISTZCFAI	AOS24	same	EVT0108	EVT0108	1101	1101	Y	identical	identical	1	1	0	0	N	N
ISTZCFBI	AOS24	same	UZ31769	UZ31769	3149	3149	Y	differs	differs	1	1	0	0	Y	Y
ISTZCFCI	AOS24	same	EVT0108	EVT0108	569	569	Y	identical	identical	1	1	0	0	N	N
ISTZDFA0	AOS26	same	EVT0108	EVT0108	1061	1061	Y	identical	identical	1	1	0	0	N	N
ISTZDFB0	AOS26	same	EVT0108	EVT0108	797	797	Y	identical	identical	1	1	0	0	N	N
ISTZDFC0	AOS26	same	UZ31214	UZ31214	1789	1789	Y	differs	differs	1	1	0	0	Y	Y
ISTZDFD0	AOS26	same	UZ28594	UZ28594	1117	1117	Y	differs	differs	1	1	0	0	Y	Y
ISTZDFE0	AOS24	same	EVT0108	EVT0108	637	637	Y	differs	differs	1	1	6	6	N	N
ISTZDFF0	AOS26	same	EVT0108	EVT0108	1577	1577	Y	identical	identical	1	1	0	0	N	N
ISTZDFH0	AOS26	same	EVT0108	EVT0108	905	905	Y	identical	identical	1	1	0	0	N	N
ISTZDFI0	AOS26	same	EVT0108	EVT0108	893	893	Y	identical	identical	1	1	0	0	N	N
ISTZDFJ0	AOS26	same	UZ31020	UZ31020	2069	2069	Y	differs	differs	1	1	0	0	Y	Y
ISTZDFK0	AOS26	same	UZ31020	UZ31020	717	717	Y	differs	differs	1	1	29	29	N	N
ISTZDFKA	AOS24	same	UZ28522	UZ28522	1629	1629	Y	differs	differs	1	1	11	11	N	N
ISTZDFKB	AOS24	same	UZ26248	UZ26248	1325	1325	Y	differs	differs	1	1	0	0	Y	Y
ISTZDFL0	AOS24	same	EVT0108	EVT0108	465	465	Y	differs	differs	1	1	0	0	Y	Y
ISTZDFMF	AOS26	same	EVT0108	EVT0108	609	609	Y	identical	identical	1	1	0	0	N	N
ISTZDFNB	AOS26	same	EVT0108	EVT0108	761	761	Y	identical	identical	1	1	0	0	N	N
ISTZDFPR	AOS26	same	UZ21497	UZ21497	765	765	Y	differs	differs	1	1	0	0	Y	Y
ISTZDFQR	AOS26	same	EVT0108	EVT0108	685	685	Y	differs	differs	1	1	1	1	N	N
ISTZDFWB	AOS24	same	EVT0108	EVT0108	405	405	Y	differs	differs	1	1	1	1	N	N
ISTZDFWR	AOS24	same	EVT0108	EVT0108	745	745	Y	identical	identical	1	1	0	0	N	N
ISTZDFXR	AOS26	same	EVT0108	EVT0108	525	525	Y	differs	differs	1	1	5	5	N	N
ISTZEFBA	AOS26	same	UZ31020	UZ31020	1493	1493	Y	differs	differs	1	1	25	25	N	N
ISTZEFDA	AOS26	same	EVT0108	EVT0108	585	585	Y	identical	identical	1	1	0	0	N	N
ISTZEMAA	AOS26	same	UZ33410	UZ33410	1509	1509	Y	differs	differs	1	1	796	796	N	N
ISTZEMAB	AOS26	same	UZ24634	UZ24634	1765	1765	Y	differs	differs	1	1	0	0	Y	Y
ISTZEMBB	AOS26	same	UZ31020	UZ31020	2053	2053	Y	differs	differs	1	1	0	0	Y	Y
ISTZEMEA	AOS26	same	UZ31020	UZ31020	1573	1573	Y	differs	differs	1	1	42	42	N	N
ISTZEMFA	AOS26	same	EVT0108	EVT0108	445	445	Y	differs	differs	1	1	1	1	N	N
ISTZEMTA	AOS26	same	UZ33410	UZ33410	997	997	Y	differs	differs	1	1	0	0	Y	Y
ISTZFFCB	AOS26	same	EVT0108	EVT0108	1569	1569	Y	identical	identical	1	1	0	0	N	N
ISTZFFDB	AOS26	same	EVT0108	EVT0108	941	941	Y	differs	differs	1	1	1	1	N	N
ISTZFFDF	AOS26	same	EVT0108	EVT0108	789	789	Y	differs	differs	1	1	4	4	N	N
ISTZFFEA	AOS26	same	UZ31020	UZ31020	1053	1053	Y	differs	differs	1	1	27	27	N	N
ISTZFFXA	AOS26	same	EVT0108	EVT0108	969	969	Y	identical	identical	1	1	0	0	N	N
ISTZFM0A	AOS26	same	UZ34878	UZ34878	3685	3685	Y	differs	differs	1	1	0	0	Y	Y
ISTZFM0B	AOS26	same	UZ31020	UZ31020	1837	1837	Y	differs	differs	1	1	897	897	N	N
ISTZFM1B	AOS26	same	UZ20805	UZ20805	1869	1869	Y	differs	differs	1	1	0	0	Y	Y
ISTZFM1F	AOS26	same	EVT0108	EVT0108	1081	1081	Y	identical	identical	1	1	0	0	N	N
ISTZFM2B	AOS26	same	UZ31020	UZ31020	841	841	Y	differs	differs	1	1	26	26	N	N
ISTZFM3B	AOS26	same	UZ31020	UZ31020	2277	2277	Y	differs	differs	1	1	0	0	Y	Y
ISTZFMAB	AOS26	same	UZ31020	UZ31020	757	757	Y	differs	differs	1	1	18	18	N	N
ISTZFMAF	AOS26	same	EVT0108	EVT0108	597	597	Y	differs	differs	1	1	5	5	N	N
ISTZFMBB	AOS26	same	EVT0108	EVT0108	2749	2749	Y	differs	differs	1	1	2	2	N	N
ISTZFMEB	AOS26	same	UZ31020	UZ31020	1029	1029	Y	differs	differs	1	1	0	0	Y	Y
ISTZFMFA	AOS26	same	EVT0108	EVT0108	657	657	Y	differs	differs	1	1	2	2	N	N
ISTZFMTA	AOS26	same	EVT0108	EVT0108	909	909	Y	differs	differs	1	1	6	6	N	N
ISTZFMUA	AOS26	same	UZ26104	UZ26104	605	605	Y	differs	differs	1	1	172	172	N	N
ISTZFMV0	AOS26	same	EVT0108	EVT0108	405	405	Y	identical	identical	1	1	0	0	N	N
ISTZFMV1	AOS26	same	EVT0108	EVT0108	437	437	Y	identical	identical	1	1	0	0	N	N
ISTZFSV0	AOS26	same	EVT0108	EVT0108	485	485	Y	identical	identical	1	1	0	0	N	N
ISTZGF0B	AOS24	same	UZ21859	UZ21859	2925	2925	Y	differs	differs	1	1	8	8	N	N
ISTZGF1A	AOS24	same	EVT0108	EVT0108	605	605	Y	differs	differs	1	1	1	1	N	N
ISTZGFAB	AOS24	same	EVT0108	EVT0108	781	781	Y	differs	differs	1	1	2	2	N	N
ISTZGFBB	AOS24	same	UZ20805	UZ20805	1277	1277	Y	differs	differs	1	1	0	0	Y	Y
ISTZGFCB	AOS26	same	EVT0108	EVT0108	709	709	Y	differs	differs	1	1	4	4	N	N
ISTZHFAN	AOS24	same	EVT0108	EVT0108	1181	1181	Y	differs	differs	1	1	3	3	N	N
ISTZIF0B	AOS24	same	UZ30070	UZ30070	3853	3853	Y	differs	differs	1	1	0	0	Y	Y
ISTZIF1B	AOS24	same	UZ22759	UZ22759	2285	2285	Y	differs	differs	1	1	0	0	Y	Y
ISTZIFAA	AOS24	same	EVT0108	EVT0108	685	685	Y	differs	differs	1	1	2	2	N	N
ISTZIFAB	AOS24	same	UZ29576	UZ29576	1989	1989	Y	differs	differs	1	1	0	0	Y	Y
ISTZIFBB	AOS24	same	UZ24965	UZ24965	973	973	Y	differs	differs	1	1	0	0	Y	Y
ISTZIFBI	AOS24	same	EVT0108	EVT0108	1289	1289	Y	identical	identical	1	1	0	0	N	N
ISTZIFCB	AOS24	same	UZ27021	UZ27021	3037	3037	Y	differs	differs	1	1	0	0	Y	Y
ISTZIFCI	AOS24	same	EVT0108	EVT0108	1593	1593	Y	identical	identical	1	1	0	0	N	N
ISTZIFDB	AOS24	same	UZ24421	UZ24421	2045	2045	Y	differs	differs	1	1	0	0	Y	Y
ISTZIFEB	AOS24	same	EVT0108	EVT0108	989	989	Y	differs	differs	1	1	2	2	N	N
ISTZIFGB	AOS24	same	EVT0108	EVT0108	1893	1893	Y	identical	identical	1	1	0	0	N	N
ISTZIFHB	AOS24	same	EVT0108	EVT0108	893	893	Y	differs	differs	1	1	7	7	N	N
ISTZIFIB	AOS24	same	EVT0108	EVT0108	1237	1237	Y	differs	differs	1	1	3	3	N	N
ISTZIFID	AOS24	same	EVT0108	EVT0108	1789	1789	Y	differs	differs	1	1	1	1	N	N
ISTZIFJB	AOS24	same	EVT0108	EVT0108	493	493	Y	differs	differs	1	1	1	1	N	N
ISTZIFKB	AOS24	same	UZ27021	UZ27021	1293	1293	Y	differs	differs	1	1	0	0	Y	Y
ISTZIFKG	AOS24	same	EVT0108	EVT0108	2401	2401	Y	identical	identical	1	1	0	0	N	N
ISTZIFLB	AOS24	same	UZ31565	UZ31565	1413	1413	Y	differs	differs	1	1	0	0	Y	Y
ISTZIFMB	AOS24	same	UZ22517	UZ22517	3021	3021	Y	differs	differs	1	1	0	0	Y	Y
ISTZIFNA	AOS24	same	UZ25708	UZ25708	1637	1637	Y	differs	differs	1	1	1006	1006	N	N
ISTZIFNB	AOS24	same	UZ30281	UZ30281	2005	2005	Y	differs	differs	1	1	0	0	Y	Y
ISTZIFOA	AOS24	same	UZ23595	UZ23595	1405	1405	Y	differs	differs	1	1	5	5	N	N
ISTZIFOB	AOS24	same	EVT0108	EVT0108	1945	1945	Y	identical	identical	1	1	0	0	N	N
ISTZIFOE	AOS24	same	EVT0108	EVT0108	1277	1277	Y	differs	differs	1	1	3	3	N	N
ISTZIFSB	AOS24	same	EVT0108	EVT0108	1125	1125	Y	differs	differs	1	1	1	1	N	N
ISTZIFSC	AOS24	same	UZ21213	UZ21213	1893	1893	Y	differs	differs	1	1	7	7	N	N
ISTZIFSG	AOS24	same	UZ18721	UZ18721	1485	1485	Y	differs	differs	1	1	0	0	Y	Y
ISTZIFTB	AOS24	same	EVT0108	EVT0108	1585	1585	Y	identical	identical	1	1	0	0	N	N
ISTZIFUB	AOS24	same	EVT0108	EVT0108	1229	1229	Y	differs	differs	1	1	5	5	N	N
ISTZIFVB	AOS24	same	EVT0108	EVT0108	645	645	Y	identical	identical	1	1	0	0	N	N
ISTZIFWB	AOS24	same	UZ23130	UZ23130	1053	1053	Y	differs	differs	1	1	0	0	Y	Y
ISTZIFX0	AOS24	same	EVT0108	EVT0108	941	941	Y	differs	differs	1	1	1	1	N	N
ISTZJF0B	AOS24	same	EVT0108	EVT0108	453	453	Y	differs	differs	1	1	5	5	N	N
ISTZJFAB	AOS24	same	EVT0108	EVT0108	797	797	Y	differs	differs	1	1	1	1	N	N
ISTZJFBB	AOS24	same	EVT0108	EVT0108	741	741	Y	differs	differs	1	1	1	1	N	N
ISTZJFCB	AOS24	same	EVT0108	EVT0108	493	493	Y	differs	differs	1	1	1	1	N	N
ISTZKFBB	AOS24	same	EVT0108	EVT0108	437	437	Y	differs	differs	1	1	5	5	N	N
ISTZKFBN	AOS24	same	UZ22293	UZ22293	637	637	Y	differs	differs	1	1	0	0	Y	Y
ISTZKFCB	AOS24	same	EVT0108	EVT0108	437	437	Y	differs	differs	1	1	7	7	N	N
ISTZKFCN	AOS24	same	EVT0108	EVT0108	925	925	Y	differs	differs	1	1	2	2	N	N
ISTZLFAB	AOS26	same	EVT0108	EVT0108	3585	3585	Y	identical	identical	1	1	0	0	N	N
ISTZLFV0	AOS26	same	EVT0108	EVT0108	645	645	Y	identical	identical	1	1	0	0	N	N
ISTZLPV0	AOS26	same	UZ23761	UZ23761	453	453	Y	identical	identical	1	1	0	0	N	N
ISTZPSV0	AOS26	same	EVT0108	EVT0108	1117	1117	Y	identical	identical	1	1	0	0	N	N
ISTZRM01	AOS24	same	UZ27792	UZ27792	1021	1021	Y	differs	differs	1	1	0	0	Y	Y
LETRRIP	AOSH1	same	EML1102	EML1102	3769	3769	Y	identical	identical	1	1	0	0	N	N
LINK	ACMDLIB	same	EST1102	EST1102	405	405	Y	differs	differs	1	1	6	6	N	N
LOADGO	ACMDLIB	same	EST1102	EST1102	421	421	Y	differs	differs	1	1	6	6	N	N
REMOTGEN	AOSH1	same	EML1102	EML1102	1301	1301	Y	identical	identical	1	1	0	0	N	N
SYS3CNVT	AOSH1	same	EML1102	EML1102	2633	2633	Y	differs	differs	1	1	2	2	N	N
USRDDT00	AOSC5	same	M024001	M024001	702	702	N	differs	differs	1	1	0	0	Y	Y
