module	distlib	tk5_rmid	ce_rmid	state
ABEND0C1	AHTTPLOD		THTP400	only-CE
AHLCWRIT	AOS11	UZ48441	UZ79327	rmid-differs
AHLGTFI	AOS11	UZ79012	UZ79012	same
AHLIWRIT	AOS11	UZ48441	UZ79327	rmid-differs
AHLMCER	AOS11	UZ58627	UZ58627	same
AHLMCIH	AOSC5	FBB1221	FBB1221	same
AHLREADR	AOS11	EBB1102	EBB1102	same
AHLSBLOK	AOS11	EBB1102	EBB1102	same
AHLSBUF	AOS11	UZ31786	UZ31786	same
AHLSCAN	AOS11	EBB1102	EBB1102	same
AHLSETD	AOS11	EBB1102	EBB1102	same
AHLSETEV	AOS11	UZ59072	UZ59072	same
AHLSETMG	AOS11	EBB1102	EBB1102	same
AHLT103	AOS11	FBB1221	FBB1221	same
AHLTCTL1	AOS11	EBB1102	EBB1102	same
AHLTCTL2	AOS11	EBB1102	EBB1102	same
AHLTDIR	AOS11	UZ29737	UZ29737	same
AHLTEXT	AOS11	EBB1102	EBB1102	same
AHLTFOR	AOS11	EBB1102	EBB1102	same
AHLTMMSG	AOS11	EBB1102	EBB1102	same
AHLTMON	AOS11	UZ79011	UZ79011	same
AHLTPID	AOS11	UZ31161	UZ31161	same
AHLTPMT	AOS11	UZ24221	UZ24221	same
AHLTSCN	AOS11	FBB1221	FBB1221	same
AHLTSIO	AOS11	FBB1221	FBB1221	same
AHLTSLIP	AOS11	UZ61726	UZ36952	rmid-differs
AHLTSVC	AOS11	UZ38061	UZ38061	same
AHLTSYFL	AOS11	EBB1102	EBB1102	same
AHLTSYSM	AOS11	FBB1221	FBB1221	same
AHLTTAB	AOS11	EBB1102	EBB1102	same
AHLTUSR	AOS11	UZ35279	UZ35279	same
AHLTVTAM	AOS11	UZ90122	UZ90122	same
AHLTXSYS	AOS11	EBB1102	EBB1102	same
AHLVCOFF	AOS11	UZ24956	UZ24956	same
AHLVCON	AOS11	UZ24956	UZ24956	same
AHLWRMSG	AOS11	EBB1102	EBB1102	same
AHLWTASK	AOS11	UZ70539	UZ70539	same
AHLWTMSG	AOS11	EBB1102	EBB1102	same
AHLWTO	AOS11	UZ60842	FBB1221	rmid-differs
AHLWWRIT	AOS11	UY14400	UZ79327	rmid-differs
AKJLKL01	ACMDLIB	UZ71478	UZ34914	rmid-differs
AKJLKL02	ACMDLIB	UZ34914	UZ34914	same
AKJLKMSG	ACMDLIB	UZ54575	UZ54575	same
AMAPTF01	AOS12	EBB1102	EBB1102	same
AMAPTF02	AOS12	EBB1102	EBB1102	same
AMAPTFLE	AOS12	EBB1102	EBB1102	same
AMASPZAP	AOS12	UZ32524	UZ32524	same
AMDPRAPP	AOS12	UZ60057	UZ60057	same
AMDPRCOM	AOS12	UZ52471	UZ52471	same
AMDPRCTL	AOS12	UZ57439	UZ57439	same
AMDPRCVT	AOS12	FBB1221	FBB1221	same
AMDPRDPS	AOS12	UZ21709	UZ21709	same
AMDPREAD	AOS12	UZ30889	UZ30889	same
AMDPRECT	AOS12	UZ68783	UZ68783	same
AMDPREID	AOS12	EBB1102	EBB1102	same
AMDPREXT	AOS12	EBB1102	EBB1102	same
AMDPRFAR	AOS12	FBB1221	FBB1221	same
AMDPRFCB	AOS12	UZ22762	UZ22762	same
AMDPRFDS	AOS12	UZ30196	UZ30196	same
AMDPRFLT	AOS12	UZ61819	UZ61819	same
AMDPRFMG	AOS12	UZ23020	UZ23020	same
AMDPRFMT	ALPALIB	UZ64456	UZ64456	same
AMDPRFRM	AOS12	UZ60057	UZ60057	same
AMDPRFSC	AOS12	EBB1102	EBB1102	same
AMDPRFSR	AOS12	EBB1102	EBB1102	same
AMDPRFUB	AOS12	UZ28396	UZ28396	same
AMDPRFXT	AOS12	EBB1102	EBB1102	same
AMDPRGCD	AOS12	UZ37426	UZ37426	same
AMDPRGET	AOS12	UY47701	UZ62809	rmid-differs
AMDPRLOD	AOS12	UZ54747	UZ54747	same
AMDPRLPA	AOS12	EBB1102	EBB1102	same
AMDPRMST	AOS12	UZ31460	UZ31460	same
AMDPRNUC	AOS12	EBB1102	EBB1102	same
AMDPROOT	AOS12	EBB1102	EBB1102	same
AMDPRPCR	AOS12	EBB1102	EBB1102	same
AMDPRPJB	AOS12	EBB1102	EBB1102	same
AMDPRPMG	AOS12	EBB1102	EBB1102	same
AMDPRPMS	AOS12	EBB1102	EBB1102	same
AMDPRQCB	AOS12	UZ29464	UZ29464	same
AMDPRRDC	AOS12	UZ26703	UZ26703	same
AMDPRREC	AOS12	UZ65488	UZ65488	same
AMDPRSCN	AOS12	UZ27795	UZ27795	same
AMDPRSEG	AOS12	UZ57439	UZ57439	same
AMDPRSMG	AOS12	EBB1102	EBB1102	same
AMDPRSN2	AOS12	UZ72384	UZ72384	same
AMDPRSN3	AOS12	FBB1221	FBB1221	same
AMDPRSUM	AOS12	UZ25456	UZ25456	same
AMDPRUIM	AOS12	UZ78739	UZ78739	same
AMDSAAID	AOS12	EBB1102	EBB1102	same
AMDSAAMR	AOS12	EBB1102	EBB1102	same
AMDSAARD	AOS12	EBB1102	EBB1102	same
AMDSAASM	AOS12	EBB1102	EBB1102	same
AMDSAAUD	AOS12	UZ59074	UZ59074	same
AMDSABUF	AOS12	EBB1102	EBB1102	same
AMDSACON	AOS12	UZ59074	UZ59074	same
AMDSACSA	AOS12	EBB1102	EBB1102	same
AMDSADER	AOS12	EBB1102	EBB1102	same
AMDSAFRM	AOS12	EBB1102	EBB1102	same
AMDSAGTF	AOS12	EBB1102	EBB1102	same
AMDSAGTM	AOS12	EBB1102	EBB1102	same
AMDSAIOI	AOS12	UZ59074	UZ59074	same
AMDSALDR	AOS12	EBB1102	EBB1102	same
AMDSAMDM	AOS12	EBB1102	EBB1102	same
AMDSAMSG	AOS12	EBB1102	EBB1102	same
AMDSAPGE	AOS12	EBB1102	EBB1102	same
AMDSAPGI	AOS12	EBB1102	EBB1102	same
AMDSAPRO	AOS12	UZ59074	UZ59074	same
AMDSARSM	AOS12	EBB1102	EBB1102	same
AMDSASIN	AOS12	EBB1102	EBB1102	same
AMDSASIO	AOS12	UZ59074	UZ59074	same
AMDSASVI	AOS12	EBB1102	EBB1102	same
AMDSATAP	AOS12	UZ66768	UZ66768	same
AMDSATER	AOS12	UZ59074	UZ59074	same
AMDSATXT	AOS12	EBB1102	EBB1102	same
AMDSAUCB	AOS12	UZ54894	FBB1221	rmid-differs
AMDSAUPD	AOS12	EBB1102	EBB1102	same
AMDSAVCK	AOS12	EBB1102	EBB1102	same
AMDSAWAT	AOS12	EBB1102	EBB1102	same
AMDSYS00	AOS12	FBB1221	FBB1221	same
AMDSYS01	AOS12	UZ47317	UZ79292	rmid-differs
AMDSYS02	AOS12	UZ37851	UZ37851	same
AMDSYS03	AOS12	UZ37852	UZ37852	same
AMDSYS04	AOS12	UZ37852	UZ37852	same
AMDSYS05	AOS12	UZ37851	UZ37851	same
AMDSYS06	AOS12	UZ37851	UZ37851	same
AMDUSRF9	ALPALIB	UZ21888	UZ21888	same
AMDUSRFD	AOS24	UZ29793	UZ29793	same
AMDUSRFE	ALPALIB	UZ22219	UZ22219	same
BLSCAAMS	AOS32	EIP1102	EIP1102	same
BLSCABLD	AOS32	UZ32040	UZ32040	same
BLSCADST	AOS32	EIP1102	EIP1102	same
BLSCADYN	AOS32	UZ90098	UZ90098	same
BLSCAINT	AOS32	UZ90098	UZ90098	same
BLSCALOC	AOS32	UZ90098	UZ90098	same
BLSCAMER	AOS32	EIP1102	EIP1102	same
BLSCAMIN	AOS32	EIP1102	EIP1102	same
BLSCAMOD	AOS32	UZ90098	UZ90098	same
BLSCAMPR	AOS32	EIP1102	EIP1102	same
BLSCANAL	AOS32	EIP1102	EIP1102	same
BLSCANLE	AOS32	UZ90098	UZ90098	same
BLSCANLI	AOS32	EIP1102	EIP1102	same
BLSCCLSE	AOS32	UZ90098	UZ90098	same
BLSCENDD	AOS32	EIP1102	EIP1102	same
BLSCERSE	AOS32	EIP1102	EIP1102	same
BLSCFAMS	AOS32	EIP1102	EIP1102	same
BLSCFDYN	AOS32	UZ90098	UZ90098	same
BLSCFREE	AOS32	EIP1102	EIP1102	same
BLSCGETT	AOS32	UZ90098	UZ90098	same
BLSCGMF	AOS32	EIP1102	EIP1102	same
BLSCHOK	AOS32	EIP1102	EIP1102	same
BLSCOPEN	AOS32	UZ90098	UZ90098	same
BLSCPOIN	AOS32	EIP1102	EIP1102	same
BLSCPUTT	AOS32	EIP1102	EIP1102	same
BLSCRECV	AOS32	EIP1102	EIP1102	same
BLSCRFM	AOS32	EIP1102	EIP1102	same
BLSCRQST	AOS32	EIP1102	EIP1102	same
BLSCRTCB	AOS32	EIP1102	EIP1102	same
BLSCSETT	AOS32	EIP1102	EIP1102	same
BLSCVALT	AOS32	EIP1102	EIP1102	same
BLSDADSD	AOS32	UZ90098	UZ90098	same
BLSDAPDR	AOS32	UZ90098	UZ90098	same
BLSDC070	AOS32	EIP1102	EIP1102	same
BLSDC128	AOS32	EIP1102	EIP1102	same
BLSDC600	AOS32	EIP1102	EIP1102	same
BLSDDEQP	AOS32	EIP1102	EIP1102	same
BLSDDT00	AOS32	EIP1102	EIP1102	same
BLSDENQ0	AOS32	EIP1102	EIP1102	same
BLSDENQP	AOS32	EIP1102	EIP1102	same
BLSDFDSD	AOS32	EIP1102	EIP1102	same
BLSDFPDR	AOS32	EIP1102	EIP1102	same
BLSDIFP0	AOS32	UZ31367	UZ31367	same
BLSDMSG0	AOS32	EIP1102	EIP1102	same
BLSDMSGS	AOS32	UZ33109	UZ33109	same
BLSDPC00	AOS32	EIP1102	EIP1102	same
BLSDSTAE	AOS32	EIP1102	EIP1102	same
BLSDSV00	AOS32	EIP1102	EIP1102	same
BLSDTIME	AOS32	EIP1102	EIP1102	same
BLSDTM00	AOS32	EIP1102	EIP1102	same
BLSDVECT	AOS32	EIP1102	EIP1102	same
BLSDWAIT	AOS32	EIP1102	EIP1102	same
BLSEADP1	AOS32	UZ90098	UZ90098	same
BLSEADPR	AOS32	UZ90097	UZ90097	same
BLSEAUTH	AOS32	EIP1102	EIP1102	same
BLSEDEL0	AOS32	EIP1102	EIP1102	same
BLSEDEL1	AOS32	EIP1102	EIP1102	same
BLSEDELC	AOS32	EIP1102	EIP1102	same
BLSELP00	AOS32	EIP1102	EIP1102	same
BLSELPCC	AOS32	EIP1102	EIP1102	same
BLSELPCL	AOS32	EIP1102	EIP1102	same
BLSELPCT	AOS32	EIP1102	EIP1102	same
BLSELPDR	AOS32	UZ90097	UZ90097	same
BLSELPDS	AOS32	EIP1102	EIP1102	same
BLSELPFM	AOS32	EIP1102	EIP1102	same
BLSELPFR	AOS32	EIP1102	EIP1102	same
BLSELPOP	AOS32	EIP1102	EIP1102	same
BLSEMDP1	AOS32	EIP1102	EIP1102	same
BLSEMDPR	AOS32	EIP1102	EIP1102	same
BLSFAD00	AOS32	EIP1102	EIP1102	same
BLSFAV00	AOS32	EIP1102	EIP1102	same
BLSFBP00	AOS32	EIP1102	EIP1102	same
BLSFCLOS	AOS32	EIP1102	EIP1102	same
BLSFCN00	AOS32	EIP1102	EIP1102	same
BLSFCONF	AOS32	EIP1102	EIP1102	same
BLSFDALL	AOS32	EIP1102	EIP1102	same
BLSFDD00	AOS32	EIP1102	EIP1102	same
BLSFDDDP	AOS32	EIP1102	EIP1102	same
BLSFDEL	AOS32	EIP1102	EIP1102	same
BLSFDERS	AOS32	EIP1102	EIP1102	same
BLSFDF00	AOS32	EIP1102	EIP1102	same
BLSFDS00	AOS32	EIP1102	EIP1102	same
BLSFERAS	AOS32	EIP1102	EIP1102	same
BLSFFL00	AOS32	EIP1102	EIP1102	same
BLSFFP00	AOS32	EIP1102	EIP1102	same
BLSFGD00	AOS32	EIP1102	EIP1102	same
BLSFGG00	AOS32	EIP1102	EIP1102	same
BLSFGP00	AOS32	EIP1102	EIP1102	same
BLSFLALL	AOS32	EIP1102	EIP1102	same
BLSFLD00	AOS32	UZ57960	EIP1102	rmid-differs
BLSFLONE	AOS32	EIP1102	EIP1102	same
BLSFLP00	AOS32	EIP1102	EIP1102	same
BLSFMD00	AOS32	EIP1102	EIP1102	same
BLSFND00	AOS32	EIP1102	EIP1102	same
BLSFND01	AOS32	EIP1102	EIP1102	same
BLSFOD00	AOS32	EIP1102	EIP1102	same
BLSFOPEN	AOS32	EIP1102	EIP1102	same
BLSFPARS	AOS32	EIP1102	EIP1102	same
BLSFPERA	AOS32	EIP1102	EIP1102	same
BLSFPERS	AOS32	EIP1102	EIP1102	same
BLSFPS00	AOS32	EIP1102	EIP1102	same
BLSFSCRT	AOS32	UZ90098	UZ90098	same
BLSFSD00	AOS32	EIP1102	EIP1102	same
BLSFSL00	AOS32	EIP1102	EIP1102	same
BLSFTL00	AOS32	EIP1102	EIP1102	same
BLSFUD00	AOS32	EIP1102	EIP1102	same
BLSFUP00	AOS32	EIP1102	EIP1102	same
BLSFVRFY	AOS32	EIP1102	EIP1102	same
BLSR3270	AOS32	UZ35141	UZ35141	same
BLSRACC	AOS32	EIP1102	EIP1102	same
BLSRACCL	AOS32	EIP1102	EIP1102	same
BLSRACCQ	AOS32	EIP1102	EIP1102	same
BLSRADD1	AOS32	UZ29981	UZ29981	same
BLSRADD2	AOS32	EIP1102	EIP1102	same
BLSRADD3	AOS32	UZ28623	UZ28623	same
BLSRADD4	AOS32	UZ28623	UZ28623	same
BLSRADDP	AOS32	EIP1102	EIP1102	same
BLSRADDR	AOS32	EIP1102	EIP1102	same
BLSRADDS	AOS32	EIP1102	EIP1102	same
BLSRADDT	AOS32	EIP1102	EIP1102	same
BLSRADDU	AOS32	EIP1102	EIP1102	same
BLSRASCX	AOS32	EIP1102	EIP1102	same
BLSRASM7	AOS32	EIP1102	EIP1102	same
BLSRCOCL	AOS32	UZ90098	UZ90098	same
BLSRCOHD	AOS32	UZ90098	UZ90098	same
BLSRCOIN	AOS32	UZ90098	UZ90098	same
BLSRCOMK	AOS32	UZ31057	UZ31057	same
BLSRCOMP	AOS32	UZ58904	UZ28623	rmid-differs
BLSRCOPY	AOS32	UZ90098	UZ90098	same
BLSRCOTA	AOS32	UZ90098	UZ90098	same
BLSRDUAL	AOS32	UZ90097	UZ90097	same
BLSRDUCC	AOS32	EIP1102	EIP1102	same
BLSRDUCK	AOS32	EIP1102	EIP1102	same
BLSRDUCL	AOS32	EIP1102	EIP1102	same
BLSRDUDE	AOS32	UZ28623	UZ28623	same
BLSRDUDR	AOS32	EIP1102	EIP1102	same
BLSRDUIC	AOS32	UZ28623	UZ28623	same
BLSRDUIH	AOS32	UZ28623	UZ28623	same
BLSRDUIN	AOS32	UZ58273	UZ56228	rmid-differs
BLSRDUIS	AOS32	UZ36195	UZ36195	same
BLSRDULS	AOS32	EIP1102	EIP1102	same
BLSRDUOP	AOS32	UZ55485	UZ55485	same
BLSRDUSC	AOS32	UZ90097	UZ90097	same
BLSRENQK	AOS32	EIP1102	EIP1102	same
BLSREQU	AOS32	UZ28623	UZ28623	same
BLSRESAR	AOS32	UZ35265	UZ35265	same
BLSRESCK	AOS32	UZ28623	UZ28623	same
BLSRESDR	AOS32	EIP1102	EIP1102	same
BLSRESGC	AOS32	EIP1102	EIP1102	same
BLSRESGE	AOS32	UZ28623	UZ28623	same
BLSRESGQ	AOS32	EIP1102	EIP1102	same
BLSRESGU	AOS32	EIP1102	EIP1102	same
BLSRESPU	AOS32	UZ35265	UZ35265	same
BLSRESRU	AOS32	EIP1102	EIP1102	same
BLSRESSA	AOS32	UZ90098	UZ90098	same
BLSREVAL	AOS32	UZ28623	UZ28623	same
BLSRFIND	AOS32	UZ28623	UZ28623	same
BLSRFMOD	AOS32	EIP1102	EIP1102	same
BLSRFUCB	AOS32	EIP1102	EIP1102	same
BLSRIOSK	AOS32	UZ26085	UZ26085	same
BLSRLIST	AOS32	UZ28623	UZ28623	same
BLSRLSYM	AOS32	EIP1102	EIP1102	same
BLSRMSGA	AOS32	UZ28623	UZ28623	same
BLSRMSGB	AOS32	EIP1102	EIP1102	same
BLSRMSGD	AOS32	EIP1102	EIP1102	same
BLSRPADS	AOS32	EIP1102	EIP1102	same
BLSRPHAR	AOS32	EIP1102	EIP1102	same
BLSRPHGE	AOS32	EIP1102	EIP1102	same
BLSRRAAR	AOS32	EIP1102	EIP1102	same
BLSRRACR	AOS32	UZ31366	UZ31366	same
BLSRRACV	AOS32	UZ28623	UZ28623	same
BLSRRAGE	AOS32	EIP1102	EIP1102	same
BLSRRDAR	AOS32	EIP1102	EIP1102	same
BLSRRDGE	AOS32	EIP1102	EIP1102	same
BLSRRDPU	AOS32	EIP1102	EIP1102	same
BLSRRNCH	AOS32	UZ28623	UZ28623	same
BLSRSAAR	AOS32	EIP1102	EIP1102	same
BLSRSADE	AOS32	UZ28623	UZ28623	same
BLSRSAG	AOS32	EIP1102	EIP1102	same
BLSRSAGC	AOS32	EIP1102	EIP1102	same
BLSRSAGE	AOS32	EIP1102	EIP1102	same
BLSRSAGN	AOS32	UZ28623	UZ28623	same
BLSRSAGQ	AOS32	EIP1102	EIP1102	same
BLSRSAGU	AOS32	EIP1102	EIP1102	same
BLSRSALI	AOS32	UZ28623	UZ28623	same
BLSRSAPC	AOS32	EIP1102	EIP1102	same
BLSRSAPU	AOS32	EIP1102	EIP1102	same
BLSRSCAN	AOS32	UZ28623	UZ28623	same
BLSRSETD	AOS32	UZ28623	UZ28623	same
BLSRST00	AOS32	UZ34630	UZ34630	same
BLSRSUMM	AOS32	UZ90097	UZ90097	same
BLSRSURB	AOS32	UZ30908	UZ30908	same
BLSRSUTC	AOS32	UZ60529	UZ54003	rmid-differs
BLSRSYRB	AOS32	EIP1102	EIP1102	same
BLSRTCBX	AOS32	UZ28623	UZ28623	same
BLSRVECT	AOS32	UZ90098	UZ90098	same
BLSRVPAD	AOS32	EIP1102	EIP1102	same
BLSRVPAS	AOS32	UZ31058	UZ31058	same
BLSRVPCP	AOS32	UZ90098	UZ90098	same
BLSRVPTC	AOS32	UZ90097	UZ90097	same
BLSRVPVS	AOS32	EIP1102	EIP1102	same
BLSRVRBX	AOS32	UZ29812	UZ29812	same
BLSRVSLD	AOS32	UZ27045	UZ27045	same
BLSSASCB	AOS32	UZ29043	UZ29043	same
BLSSASMV	AOS32	UZ29043	UZ29043	same
BLSSASVT	AOS32	UZ29043	UZ29043	same
BLSSASXB	AOS32	UZ29043	UZ29043	same
BLSSCDE	AOS32	UZ29043	UZ29043	same
BLSSCOMM	AOS32	UZ35265	UZ35265	same
BLSSCSD	AOS32	UZ29043	UZ29043	same
BLSSCVT	AOS32	UZ29043	UZ29043	same
BLSSCVT2	AOS32	UZ90098	UZ90098	same
BLSSIOC	AOS32	UZ29043	UZ29043	same
BLSSIOX	AOS32	UZ29043	UZ29043	same
BLSSLCCA	AOS32	UZ29043	UZ29043	same
BLSSLCCV	AOS32	UZ29043	UZ29043	same
BLSSLLPA	AOS32	UZ29043	UZ29043	same
BLSSLPDE	AOS32	UZ29043	UZ29043	same
BLSSPCCA	AOS32	UZ29043	UZ29043	same
BLSSPCCV	AOS32	UZ29043	UZ29043	same
BLSSPFT	AOS32	UZ29043	UZ29043	same
BLSSPGTE	AOS32	UZ29043	UZ29043	same
BLSSPRIV	AOS32	UZ35265	UZ35265	same
BLSSPSA	AOS32	EIP1102	EIP1102	same
BLSSPVT	AOS32	UZ29043	UZ29043	same
BLSSSGTE	AOS32	UZ29043	UZ29043	same
BLSSTCB	AOS32	UZ29043	UZ29043	same
BLSSUCB	AOS32	UZ29043	UZ29043	same
BLSSUCM	AOS32	UZ29043	UZ29043	same
BLSSXTLS	AOS32	UZ29043	UZ29043	same
BLST01	AOS32	EIP1102	EIP1102	same
BLST02	AOS32	EIP1102	EIP1102	same
BLST03	AOS32	EIP1102	EIP1102	same
BLST04	AOS32	EIP1102	EIP1102	same
BLST04A	AOS32	EIP1102	EIP1102	same
BLST04BS	AOS32	EIP1102	EIP1102	same
BLST04CV	AOS32	EIP1102	EIP1102	same
BLST05	AOS32	EIP1102	EIP1102	same
BLST06	AOS32	EIP1102	EIP1102	same
BLST08	AOS32	EIP1102	EIP1102	same
BLSTB	AOS32	EIP1102	EIP1102	same
BLSTB4	AOS32	EIP1102	EIP1102	same
BLSTB5	AOS32	EIP1102	EIP1102	same
BLSTC	AOS32	EIP1102	EIP1102	same
BLSTF	AOS32	EIP1102	EIP1102	same
BLSTM	AOS32	EIP1102	EIP1102	same
BLSTM4	AOS32	EIP1102	EIP1102	same
BLSTM5	AOS32	EIP1102	EIP1102	same
BLSTR	AOS32	EIP1102	EIP1102	same
BLSTU	AOS32	EIP1102	EIP1102	same
BLSTU4	AOS32	EIP1102	EIP1102	same
BLSTU5	AOS32	EIP1102	EIP1102	same
BLSTY	AOS32	EIP1102	EIP1102	same
BLSU	AOS32	EIP1102	EIP1102	same
BLSUALLO	AOS32	EIP1102	EIP1102	same
BLSUBLDD	AOS32	EIP1102	EIP1102	same
BLSUBLDL	AOS32	EIP1102	EIP1102	same
BLSUDYNA	AOS32	EIP1102	EIP1102	same
BLSUGWDM	AOS32	UZ22348	UZ22348	same
BLSUHELP	AOS32	EIP1102	EIP1102	same
BLSUINI1	AOS32	EIP1102	EIP1102	same
BLSUINI2	AOS32	UZ90098	UZ90098	same
BLSUIT01	AOS32	EIP1102	EIP1102	same
BLSUIT02	AOS32	EIP1102	EIP1102	same
BLSUIT03	AOS32	EIP1102	EIP1102	same
BLSUMON	AOS32	EIP1102	EIP1102	same
BLSUMON2	AOS32	EIP1102	EIP1102	same
BLSUMONA	AOS32	UZ24711	UZ24711	same
BLSUMONC	AOS32	EIP1102	EIP1102	same
BLSUMOND	AOS32	EIP1102	EIP1102	same
BLSUMONI	AOS32	EIP1102	EIP1102	same
BLSUMONL	AOS32	UZ22348	UZ22348	same
BLSUMONT	AOS32	EIP1102	EIP1102	same
BLSUMONX	AOS32	EIP1102	EIP1102	same
BLSUMPK1	AOS32	EIP1102	EIP1102	same
BLSUMPKN	AOS32	EIP1102	EIP1102	same
BLSUMTOD	AOS32	UZ35548	UZ35548	same
BLSUNOTE	AOS32	EIP1102	EIP1102	same
BLSUPARI	AOS32	EIP1102	EIP1102	same
BLSUPARU	AOS32	EIP1102	EIP1102	same
BLSUPGMC	AOS32	EIP1102	EIP1102	same
BLSUPGMD	AOS32	EIP1102	EIP1102	same
BLSUPGML	AOS32	EIP1102	EIP1102	same
BLSUPGMR	AOS32	EIP1102	EIP1102	same
BLSUPRCL	AOS32	EIP1102	EIP1102	same
BLSUPROP	AOS32	EIP1102	EIP1102	same
BLSUPRTA	AOS32	EIP1102	EIP1102	same
BLSUPRTN	AOS32	EIP1102	EIP1102	same
BLSUPRTT	AOS32	EIP1102	EIP1102	same
BLSUPUT	AOS32	UZ90097	UZ90097	same
BLSUPUTA	AOS32	EIP1102	EIP1102	same
BLSUPUTC	AOS32	EIP1102	EIP1102	same
BLSUPUTD	AOS32	EIP1102	EIP1102	same
BLSUPUTN	AOS32	EIP1102	EIP1102	same
BLSUPUTO	AOS32	EIP1102	EIP1102	same
BLSUPUTT	AOS32	EIP1102	EIP1102	same
BLSUPUTV	AOS32	EIP1102	EIP1102	same
BLSUSTAE	AOS32	EIP1102	EIP1102	same
BLSUSTAI	AOS32	EIP1102	EIP1102	same
BLSUTRMA	AOS32	EIP1102	EIP1102	same
BLSUTRMN	AOS32	EIP1102	EIP1102	same
BLSUTRMO	AOS32	EIP1102	EIP1102	same
BLSUTRMV	AOS32	EIP1102	EIP1102	same
BLSUTSO	AOS32	UZ22348	UZ22348	same
BLSUVECT	AOS32	UZ90098	UZ90098	same
BLSUVP21	AOS32	EIP1102	EIP1102	same
BLSUVP31	AOS32	UZ90098	UZ90098	same
BLSUVP32	AOS32	EIP1102	EIP1102	same
BLSUVP99	AOS32	EIP1102	EIP1102	same
BLSUVPVA	AOS32	EIP1102	EIP1102	same
BLSUVPX1	AOS32	EIP1102	EIP1102	same
BLSUVSAR	AOS32	EIP1102	EIP1102	same
BLSUVSCL	AOS32	EIP1102	EIP1102	same
BLSUVSCR	AOS32	EIP1102	EIP1102	same
BLSUVSEN	AOS32	EIP1102	EIP1102	same
BLSUVSER	AOS32	EIP1102	EIP1102	same
BLSUVSGE	AOS32	EIP1102	EIP1102	same
BLSUVSGU	AOS32	EIP1102	EIP1102	same
BLSUVSMR	AOS32	EIP1102	EIP1102	same
BLSUVSOP	AOS32	EIP1102	EIP1102	same
BLSUVSOQ	AOS32	EIP1102	EIP1102	same
BLSUVSPO	AOS32	EIP1102	EIP1102	same
BLSUVSPU	AOS32	EIP1102	EIP1102	same
BLSUZZ2C	AOS32	EIP1102	EIP1102	same
BLSUZZ2D	AOS32	EIP1102	EIP1102	same
BLSUZZ2R	AOS32	EIP1102	EIP1102	same
BLSVASCB	AOS32	EIP1102	EIP1102	same
BLSVASVT	AOS32	EIP1102	EIP1102	same
BLSVASXB	AOS32	EIP1102	EIP1102	same
BLSVCDE	AOS32	EIP1102	EIP1102	same
BLSVCVT	AOS32	EIP1102	EIP1102	same
BLSVCVT2	AOS32	UZ90098	UZ90098	same
BLSVIOC	AOS32	EIP1102	EIP1102	same
BLSVIOX	AOS32	EIP1102	EIP1102	same
BLSVLCCA	AOS32	EIP1102	EIP1102	same
BLSVLCCV	AOS32	EIP1102	EIP1102	same
BLSVLPDE	AOS32	EIP1102	EIP1102	same
BLSVPCCA	AOS32	UZ29043	UZ29043	same
BLSVPCCV	AOS32	EIP1102	EIP1102	same
BLSVPGTE	AOS32	UZ32044	UZ32044	same
BLSVPSA	AOS32	UZ29043	UZ29043	same
BLSVPVT	AOS32	EIP1102	EIP1102	same
BLSVQCBA	AOS32	EIP1102	EIP1102	same
BLSVQCBB	AOS32	EIP1102	EIP1102	same
BLSVQEL	AOS32	EIP1102	EIP1102	same
BLSVRB	AOS32	EIP1102	EIP1102	same
BLSVSGTE	AOS32	UZ32044	UZ32044	same
BLSVTCB	AOS32	EIP1102	EIP1102	same
BLSVUCB	AOS32	EIP1102	EIP1102	same
BLSVXTLS	AOS32	EIP1102	EIP1102	same
BNGC3270	AOS29	UZ26935	UZ26935	same
BNGCDISP	AOS29	UZ25711	UZ25711	same
BNGCLOCL	AOS29	UZ23498	UZ23498	same
BNGCMENU	AOS29	UZ23498	UZ23498	same
BNGCRMOT	AOS29	UZ23498	UZ23498	same
BNGI3270	AOS29	UZ26934	UZ26934	same
BNGIDISP	AOS29	UZ26764	UZ26764	same
BNGIEXIT	AOS29	UZ23495	UZ23495	same
BNGILOCL	AOS29	UZ24563	UZ24563	same
BNGIMENU	AOS29	UZ23495	UZ23495	same
BNGIPCBX	AOS29	EDE1102	EDE1102	same
BNGIREAD	AOS29	UZ23495	UZ23495	same
BNGIRMOT	AOS29	UZ24563	UZ24563	same
BNGISIMS	AOS29	UZ37422	UZ37422	same
BNGLOGR2	AOS29	UZ62117	UZ36925	rmid-differs
BNGT3270	AOS29	UZ25713	UZ25713	same
BNGTDISP	AOS29	UZ26346	UZ26346	same
BNGTLOCL	AOS29	EDE1102	EDE1102	same
BNGTMENU	AOS29	EDE1102	EDE1102	same
BNGTQEMA	AOS29	UZ25713	UZ25713	same
BNGTQEMF	AOS29	UZ23737	UZ23737	same
BNGTRMOT	AOS29	EDE1102	EDE1102	same
ESRTABLE	AOSC5	UZ28069	UZ28069	same
FCB3STD3	AOSD0	EDM1102	EDM1102	same
FTPD	AFTPDLOD		TFTP100	only-CE
GENRMT	AOSH1	EML1102	EML1102	same
GRAF	AOSD0	EDM1102	EDM1102	same
GRAFSPC1	AOSD0	EDM1102	EDM1102	same
HASPACCT	AOSH3	UZ60375	UZ37263	rmid-differs
HASPBLKS	AOSH3	EJE1103	EJE1103	same
HASPCOMM	AOSH3	UZ79531	UZ54837	rmid-differs
HASPCON	AOSH3	UZ76165	UZ37263	rmid-differs
HASPFMT0	AOSH3	EJE1103	EJE1103	same
HASPFMT1	AOSH3	EJE1103	EJE1103	same
HASPFMT2	AOSH3	EJE1103	EJE1103	same
HASPFMT3	AOSH3	EJE1103	EJE1103	same
HASPFMT4	AOSH3	EJE1103	EJE1103	same
HASPFMT5	AOSH3	EJE1103	EJE1103	same
HASPINIT	AOSH3	UZ76165	UZ54837	rmid-differs
HASPMISC	AOSH3	UZ79531	UZ54837	rmid-differs
HASPNUC	AOSH3	UZ77164	UZ54837	rmid-differs
HASPPRPU	AOSH3	UZ76165	UZ54837	rmid-differs
HASPRDR	AOSH3	UZ77164	UZ54837	rmid-differs
HASPRTAM	AOSH3	UZ79531	UZ54837	rmid-differs
HASPSSSM	AOSH3	UZ77164	UZ54837	rmid-differs
HASPXEQ	AOSH3	UZ76165	UZ54837	rmid-differs
HEWLDIDY	AOS05	EPM1102	EPM1102	same
HEWLDIOC	AOS05	UZ72791	EPM1102	rmid-differs
HEWLDLIB	AOS05	UZ64372	EPM1102	rmid-differs
HEWLDREL	AOS05	EPM1102	EPM1102	same
HEWLDRGO	AOS05	EPM1102	EPM1102	same
HEWLFADA	AOS04	UZ74418	UZ37156	rmid-differs
HEWLFAPT	AOS04	UZ69717	UZ37156	rmid-differs
HEWLFBTP	AOS04	UZ75395	UZ37156	rmid-differs
HEWLFEND	AOS04	UZ69717	UZ37156	rmid-differs
HEWLFENS	AOS04	UZ69717	UZ37156	rmid-differs
HEWLFENT	AOS04	UZ69717	UZ37156	rmid-differs
HEWLFESD	AOS04	UZ69717	UZ37156	rmid-differs
HEWLFFNL	AOS04	UZ69717	UZ37156	rmid-differs
HEWLFIDR	AOS04	UZ69717	UZ37156	rmid-differs
HEWLFINC	AOS04	UZ69717	UZ37156	rmid-differs
HEWLFINP	AOS04	UZ69717	UZ37156	rmid-differs
HEWLFINT	AOS04	UZ48373	UZ37156	rmid-differs
HEWLFMAP	AOS04	UZ75804	UZ37156	rmid-differs
HEWLFOPT	AOS04	UZ48373	UZ37156	rmid-differs
HEWLFOUT	AOS04	UZ75398	UZ56772	rmid-differs
HEWLFRAT	AOS04	UZ41342	UZ54638	rmid-differs
HEWLFRCG	AOS04	UZ69717	UZ37156	rmid-differs
HEWLFREL	AOS04	UZ72443	UZ37156	rmid-differs
HEWLFROU	AOS04	UZ69717	UZ57947	rmid-differs
HEWLFSCD	AOS04	UZ69717	UZ37156	rmid-differs
HEWLFSCN	AOS04	UZ69717	UZ53873	rmid-differs
HEWLFSYM	AOS04	UZ69717	UZ37156	rmid-differs
HMASMAAR	AOS12	UR01715	UR01715	same
HMASMADD	AOS12	UR00136	UR00136	same
HMASMALC	AOS12	UR01050	UR01050	same
HMASMAR1	AOS12	UR04551	UR04551	same
HMASMAR2	AOS12	UR02446	UR02446	same
HMASMAR3	AOS12	UR08356	UR08356	same
HMASMAR4	AOS12	UR01071	UR01071	same
HMASMARL	AOS12	ESY1400	ESY1400	same
HMASMASI	AOS12	UR01715	UR01715	same
HMASMASM	AOS12	ESY1400	ESY1400	same
HMASMBDL	AOS12	UR00400	UR00400	same
HMASMBUE	AOS12	UR01071	UR01071	same
HMASMBUR	AOS12	UR13349	UR13349	same
HMASMCIL	AOS12	ESY1400	ESY1400	same
HMASMCMP	AOS12	UR01050	UR01050	same
HMASMCOM	AOS12	UR01071	UR01071	same
HMASMCP2	AOS12	UR00176	UR00176	same
HMASMCPI	AOS12	UR05565	UR05565	same
HMASMCPL	AOS12	UR17644	UR17644	same
HMASMCPY	AOS12	UR00824	UR00824	same
HMASMCRD	AOS12	UR01071	UR01071	same
HMASMCRW	AOS12	UR03386	UR03386	same
HMASMDC1	AOS12	UR12812	UR12812	same
HMASMDC2	AOS12	UR19590	UR19590	same
HMASMDLE	AOS12	UR10931	UR10931	same
HMASMDR1	AOS12	UR00400	UR00400	same
HMASMDR2	AOS12	UR00824	UR00824	same
HMASMDRV	AOS12	UR03387	UR03387	same
HMASMDS1	AOS12	UR00745	UR00745	same
HMASMDSU	AOS12	UR00519	UR00519	same
HMASMEFR	AOS12	UR01071	UR01071	same
HMASMEIS	AOS12	UR01071	UR01071	same
HMASMFPT	AOS12	UR00419	UR00419	same
HMASMFVL	AOS12	UR00419	UR00419	same
HMASMFXF	AOS12	ESY1400	ESY1400	same
HMASMGTA	AOS12	UR03386	UR03386	same
HMASMIDU	AOS12	UR03387	UR03387	same
HMASMIO	AOS12	UR03386	UR03386	same
HMASMIO1	AOS12	UR90008	UR90008	same
HMASMION	AOS12	UR00419	UR00419	same
HMASMLC1	AOS12	UR00594	UR00594	same
HMASMLCC	AOS12	UR09316	UR09316	same
HMASMLCD	AOS12	UR03129	UR03129	same
HMASMLCP	AOS12	UR00535	UR00535	same
HMASMLID	AOS12	UR08050	UR08050	same
HMASMLKD	AOS12	UR04732	UR04732	same
HMASMLKI	AOS12	UR03129	UR03129	same
HMASMLOG	AOS12	UR01071	UR01071	same
HMASMMDR	AOS12	UR12812	UR12812	same
HMASMMPA	AOS12	UR12812	UR12812	same
HMASMMPD	AOS12	UR12812	UR12812	same
HMASMMPE	AOS12	UR03129	UR03129	same
HMASMMPH	AOS12	UR12812	UR12812	same
HMASMMPI	AOS12	UR00162	UR00162	same
HMASMMPL	AOS12	UR12812	UR12812	same
HMASMMPV	AOS12	UR00162	UR00162	same
HMASMMSG	AOS12	UR01071	UR01071	same
HMASMPGC	AOS12	UR03386	UR03386	same
HMASMPIN	AOS12	UR01071	UR01071	same
HMASMRCC	AOS12	UR00594	UR00594	same
HMASMRCD	AOS12	UR03386	UR03386	same
HMASMRCF	AOS12	UR04540	UR04540	same
HMASMRCL	AOS12	UR01715	UR01715	same
HMASMRDS	AOS12	ESY1400	ESY1400	same
HMASMREC	AOS12	UR17644	UR17644	same
HMASMREJ	AOS12	UR00745	UR00745	same
HMASMRJD	AOS12	UR00745	UR00745	same
HMASMSCN	AOS12	UR00162	UR00162	same
HMASMSEC	AOS12	UR00535	UR00535	same
HMASMSER	AOS12	UR02446	UR02446	same
HMASMSTA	AOS12	UR00745	UR00745	same
HMASMSUB	AOS12	UR00594	UR00594	same
HMASMSUP	AOS12	UR19590	UR19590	same
HMASMTAD	AOS12	UR03129	UR03129	same
HMASMTAI	AOS12	UR08050	UR08050	same
HMASMTBL	AOS12	UR02141	UR02141	same
HMASMTBM	AOS12	ESY1400	ESY1400	same
HMASMTCL	AOS12	UR03387	UR03387	same
HMASMTCR	AOS12	UR00745	UR00745	same
HMASMTD1	AOS12	UR01050	UR01050	same
HMASMTDD	AOS12	UR03387	UR03387	same
HMASMTEC	AOS12	UR00419	UR00419	same
HMASMTID	AOS12	ESY1400	ESY1400	same
HMASMTL1	AOS12	UR00453	UR00453	same
HMASMTL2	AOS12	UR08050	UR08050	same
HMASMTL3	AOS12	ESY1400	ESY1400	same
HMASMTM1	AOS12	UR03387	UR03387	same
HMASMTM2	AOS12	UR00745	UR00745	same
HMASMTM3	AOS12	UR00745	UR00745	same
HMASMTM4	AOS12	UR13349	UR13349	same
HMASMTMD	AOS12	UR13349	UR13349	same
HMASMTMJ	AOS12	UR01050	UR01050	same
HMASMTMS	AOS12	UR15994	UR15994	same
HMASMTMW	AOS12	UR01071	UR01071	same
HMASMTP2	AOS12	UR01050	UR01050	same
HMASMTPA	AOS12	UR19590	UR19590	same
HMASMTPC	AOS12	ESY1400	ESY1400	same
HMASMTPD	AOS12	UR01366	UR01366	same
HMASMTPL	AOS12	UR03815	UR03815	same
HMASMTPO	AOS12	UR03386	UR03386	same
HMASMTPR	AOS12	UR10931	UR10931	same
HMASMTPS	AOS12	UR02141	UR02141	same
HMASMTR1	AOS12	UR00176	UR00176	same
HMASMTRM	AOS12	UR03387	UR03387	same
HMASMTSB	AOS12	UR01050	UR01050	same
HMASMUC1	AOS12	UR03387	UR03387	same
HMASMUC2	AOS12	UR01050	UR01050	same
HMASMUC3	AOS12	UR04551	UR04551	same
HMASMUC4	AOS12	UR01715	UR01715	same
HMASMUCD	AOS12	ESY1400	ESY1400	same
HMASMULI	AOS12	UR01071	UR01071	same
HMASMULK	AOS12	UR00824	UR00824	same
HMASMUPD	AOS12	UR01050	UR01050	same
HMASMUPI	AOS12	UR00824	UR00824	same
HMASMUXC	AOS12	UR01366	UR01366	same
HMASMUXD	AOS12	ESY1400	ESY1400	same
HMASMVLU	AOS12	ESY1400	ESY1400	same
HMASMXRF	AOS12	UR00162	UR00162	same
HMASMZAP	AOS12	UR00824	UR00824	same
HMBLKCTL	AOS12	UZ62743	UZ52061	rmid-differs
HMBLKERR	AOS12	EPM1102	EPM1102	same
HMBLKIDR	AOS12	UZ52497	UZ52497	same
HMBLKLDM	AOS12	UZ58963	EPM1102	rmid-differs
HMBLKLPA	AOS12	EPM1102	EPM1102	same
HMBLKMSG	AOS12	EPM1102	EPM1102	same
HMBLKOBJ	AOS12	UZ71624	EPM1102	rmid-differs
HMBLKSZE	AOS12	UZ52061	UZ52061	same
HMBLKXRF	AOS12	UZ58963	EPM1102	rmid-differs
HTTPD	AHTTPLOD		THTP400	only-CE
HTTPDM	AHTTPLOD		THTP400	only-CE
HTTPDMTT	AHTTPLOD		THTP400	only-CE
HTTPDSRV	AHTTPLOD		THTP400	only-CE
IAPABNAP	AOSU0	EDS1102	EDS1102	same
IAPBLDIO	AOSU0	EDS1102	EDS1102	same
IAPCHKIO	AOSU0	EDS1102	EDS1102	same
IAPCNTRL	AOSU0	EDS1102	EDS1102	same
IAPPFXAP	AOSU0	EDS1102	EDS1102	same
IAPTIMER	AOSU0	EDS1102	EDS1102	same
IASFCB26	AOSD0	UY12602	EXW1102	rmid-differs
IASFCB28	AOSD0	UY12602	EXW1102	rmid-differs
IASXSD81	AOSB0	UY00372	UZ26378	rmid-differs
IASXSD82	AOSB0	UY21852	UZ51711	rmid-differs
IASXWR00	AOSB0	UY20325	UZ26378	rmid-differs
ICB2ACT	AOSD0	UZ37214	UZ37214	same
ICB2AEA	AOSD0	EMS1102	EMS1102	same
ICB2AIR	AOSD0	UZ56085	UZ56085	same
ICB2ATTN	AOSD0	UZ23862	UZ23862	same
ICB2MSG	AOSD0	UZ38523	UZ56366	rmid-differs
ICB2SIOB	AOSD0	UZ23092	UZ23092	same
ICB2SIOF	AOSD0	UZ58252	UZ29280	rmid-differs
ICBINIT	AOSD0	EMS1102	EMS1102	same
ICBIORSI	AOSD0	UZ24629	UZ24629	same
ICBME	AOSD0	EMS1102	EMS1102	same
ICBMSG05	AOSD0	UZ39347	UZ55256	rmid-differs
ICBMSG56	AOSD0	UZ71727	UZ52095	rmid-differs
ICBPRGIO	AOSD0	UZ23092	UZ23092	same
ICBTMSS0	AOSD0	UZ71105	UZ32933	rmid-differs
ICBVCR00	AOSD0	UY00729	EMS1102	rmid-differs
ICBVDM00	AOSD0	UZ51239	EMS1102	rmid-differs
ICBVDR00	AOSD0	EMS1102	EMS1102	same
ICBVDR01	AOSD0	UY03283	UZ32486	rmid-differs
ICBVEX00	AOSD0	EMS1102	EMS1102	same
ICBVIN00	AOSD0	UZ38355	UZ55945	rmid-differs
ICBVIN02	AOSD0	UZ55058	UZ55058	same
ICBVIO00	AOSD0	EMS1102	EMS1102	same
ICBVJL00	AOSD0	UZ59949	UZ34318	rmid-differs
ICBVMG00	AOSD0	UY01975	UZ57284	rmid-differs
ICBVMS00	AOSD0	UZ90149	UZ90149	same
ICBVMT00	AOSD0	UY01975	UZ90149	rmid-differs
ICBVOP00	AOSD0	EMS1102	EMS1102	same
ICBVPI00	AOSD0	EMS1102	EMS1102	same
ICBVPR00	AOSD0	UY20289	UZ51972	rmid-differs
ICBVQM00	AOSD0	UZ51239	UZ90149	rmid-differs
ICBVRR00	AOSD0	UZ49996	EMS1102	rmid-differs
ICBVSC00	AOSD0	UZ39935	UZ31814	rmid-differs
ICBVSL00	AOSD0	UY01975	UZ56714	rmid-differs
ICBVSP00	AOSD0	UZ34377	UZ34377	same
ICBVTM00	AOSD0	EMS1102	EMS1102	same
ICBVTP00	AOSD0	UY38165	UZ34732	rmid-differs
ICBVTP01	AOSD0	UZ38392	UZ34732	rmid-differs
ICBVUP00	AOSD0	EMS1102	EMS1102	same
ICBVUP01	AOSD0	EMS1102	EMS1102	same
ICBVUT00	AOSD0	UY01975	UZ54242	rmid-differs
ICBVUT01	AOSD0	UY01975	UZ56159	rmid-differs
ICBVUT03	AOSD0	UZ90149	UZ90149	same
ICFBDF00	AOSCE	UZ30456	UZ30456	same
ICFBDX00	AOSCE	EBB1102	EBB1102	same
ICFBIF00	AOSCE	UZ28475	UZ28475	same
ICFBIX00	AOSCE	EBB1102	EBB1102	same
ICGDSA01	AOSD0	EMS1102	EMS1102	same
ICGDSA02	AOSD0	EMS1102	EMS1102	same
ICGDSA04	AOSD0	EMS1102	EMS1102	same
ICGDSA05	AOSD0	UZ76429	UZ29041	rmid-differs
ICGDSA06	AOSD0	UZ23478	UZ23478	same
ICGDSA07	AOSD0	UZ26545	UZ26545	same
ICGDSA08	AOSD0	EMS1102	EMS1102	same
ICGDSA09	AOSD0	UZ29041	UZ29041	same
ICGDSANL	AOSD0	EMS1102	EMS1102	same
ICGDSB01	AOSD0	UZ90202	UZ52792	rmid-differs
ICGDSB03	AOSD0	UZ63343	UZ52792	rmid-differs
ICGDSB05	AOSD0	UZ90202	UZ26803	rmid-differs
ICGDSB06	AOSD0	UZ90202	UZ26803	rmid-differs
ICGDSB07	AOSD0	UZ90025	UZ90025	same
ICGDSB08	AOSD0	UZ90025	UZ90025	same
ICGDSB09	AOSD0	UZ90113	UZ90113	same
ICGDSB10	AOSD0	UZ90025	UZ90025	same
ICGDSB11	AOSD0	UZ90025	UZ90025	same
ICGDSB12	AOSD0	UZ90025	UZ90025	same
ICGDSB13	AOSD0	UZ90025	UZ90025	same
ICGDSB14	AOSD0	UZ90025	UZ90025	same
ICGDSB15	AOSD0	UZ90202	UZ90025	rmid-differs
ICGDSB16	AOSD0	UZ90025	UZ90025	same
ICGDSB18	AOSD0	UZ90113	UZ90113	same
ICGDSB19	AOSD0	UZ64281	UZ22729	rmid-differs
ICGDSB20	AOSD0	UZ68986	UZ35644	rmid-differs
ICGDSBLD	AOSD0	UZ75099	UZ34689	rmid-differs
ICGDSINT	AOSD0	UZ90202	UZ90025	rmid-differs
ICGDSMSG	AOSD0	EMS1102	EMS1102	same
ICGDSS01	AOSD0	EMS1102	EMS1102	same
ICGDSS02	AOSD0	EMS1102	EMS1102	same
ICGDSS04	AOSD0	EMS1102	EMS1102	same
ICGDSS05	AOSD0	EMS1102	EMS1102	same
ICGDSS06	AOSD0	UZ90113	UZ90113	same
ICGDSS08	AOSD0	UZ90202	UZ26803	rmid-differs
ICGDSS09	AOSD0	UZ38395	UZ31832	rmid-differs
ICGDSS99	AOSD0	EMS1102	EMS1102	same
ICGDSSCN	AOSD0	UZ90202	EMS1102	rmid-differs
ICGTRDST	AOSD0	UZ53994	UZ53994	same
ICGTRINT	AOSD0	UZ72110	UZ53363	rmid-differs
ICGTRSUM	AOSD0	EMS1102	EMS1102	same
ICGTRVID	AOSD0	EMS1102	EMS1102	same
ICKAA01	AOSU0	FDZ1610	FDZ1610	same
ICKAN01	AOSU0	UZ66662	FDZ1610	rmid-differs
ICKAN02	AOSU0	FDZ1610	FDZ1610	same
ICKAN03	AOSU0	FDZ1610	FDZ1610	same
ICKBI01	AOSU0	UY01018	FDZ1610	rmid-differs
ICKBM01	AOSU0	FDZ1610	FDZ1610	same
ICKCDAN	AOSU0	FDZ1610	FDZ1610	same
ICKCDBI	AOSU0	FDZ1610	FDZ1610	same
ICKCDIN	AOSU0	FDZ1610	FDZ1610	same
ICKCDIT	AOSU0	FDZ1610	FDZ1610	same
ICKCDRF	AOSU0	FDZ1610	FDZ1610	same
ICKCDTR	AOSU0	FDZ1610	FDZ1610	same
ICKCL01	AOSU0	EDS1102	EDS1102	same
ICKCV01	AOSU0	EDS1102	EDS1102	same
ICKDV00	AOSU0	UZ68412	FDZ1610	rmid-differs
ICKDV01	AOSU0	UZ68412	FDZ1610	rmid-differs
ICKDV02	AOSU0	UZ68412	FDZ1610	rmid-differs
ICKDV03	AOSU0	UZ74973	FDZ1610	rmid-differs
ICKDV04	AOSU0	UZ61637	FDZ1610	rmid-differs
ICKDV13	AOSU0	FDZ1610	FDZ1610	same
ICKEX01	AOSU0	FDZ1610	FDZ1610	same
ICKEX02	AOSU0	EDS1102	EDS1102	same
ICKEX03	AOSU0	EDS1102	EDS1102	same
ICKIN01	AOSU0	UZ79073	FDZ1610	rmid-differs
ICKIN02	AOSU0	UZ73141	FDZ1610	rmid-differs
ICKIO01	AOSU0	FDZ1610	FDZ1610	same
ICKIO02	AOSU0	FDZ1610	FDZ1610	same
ICKIT01	AOSU0	UZ74973	FDZ1610	rmid-differs
ICKPP01	AOSU0	UZ73117	FDZ1610	rmid-differs
ICKRA01	AOSU0	EDS1102	EDS1102	same
ICKRD01	AOSU0	EDS1102	EDS1102	same
ICKRF01	AOSU0	FDZ1610	FDZ1610	same
ICKRI01	AOSU0	UZ65154	FDZ1610	rmid-differs
ICKRI02	AOSU0	FDZ1610	FDZ1610	same
ICKRI03	AOSU0	EDS1102	EDS1102	same
ICKRIKT	AOSU0	FDZ1610	FDZ1610	same
ICKRILT	AOSU0	FDZ1610	FDZ1610	same
ICKRL01	AOSU0	EDS1102	EDS1102	same
ICKRP01	AOSU0	FDZ1610	FDZ1610	same
ICKRT01	AOSU0	EDS1102	EDS1102	same
ICKSA01	AOSU0	FDZ1610	FDZ1610	same
ICKSA02	AOSU0	FDZ1610	FDZ1610	same
ICKSA03	AOSU0	FDZ1610	FDZ1610	same
ICKSA04	AOSU0	FDZ1610	FDZ1610	same
ICKSA05	AOSU0	FDZ1610	FDZ1610	same
ICKSA08	AOSU0	FDZ1610	FDZ1610	same
ICKSA10	AOSU0	FDZ1610	FDZ1610	same
ICKSD01	AOSU0	FDZ1610	FDZ1610	same
ICKSD02	AOSU0	UZ74973	FDZ1610	rmid-differs
ICKTA01	AOSU0	FDZ1610	FDZ1610	same
ICKTP01	AOSU0	FDZ1610	FDZ1610	same
ICKTP04	AOSU0	EDS1102	EDS1102	same
ICKTP05	AOSU0	FDZ1610	FDZ1610	same
ICKTR01	AOSU0	FDZ1610	FDZ1610	same
ICKTR02	AOSU0	FDZ1610	FDZ1610	same
ICKTSAN0	AOSU0	FDZ1610	FDZ1610	same
ICKTSBI0	AOSU0	FDZ1610	FDZ1610	same
ICKTSCC0	AOSU0	FDZ1610	FDZ1610	same
ICKTSDV0	AOSU0	FDZ1610	FDZ1610	same
ICKTSEF0	AOSU0	FDZ1610	FDZ1610	same
ICKTSEF1	AOSU0	UZ74973	FDZ1610	rmid-differs
ICKTSEX0	AOSU0	FDZ1610	FDZ1610	same
ICKTSIO0	AOSU0	FDZ1610	FDZ1610	same
ICKTSRI0	AOSU0	UZ65154	FDZ1610	rmid-differs
ICKTSSA0	AOSU0	FDZ1610	FDZ1610	same
ICKTSTP0	AOSU0	EDS1102	EDS1102	same
ICKTSTP1	AOSU0	FDZ1610	FDZ1610	same
ICKTSUV0	AOSU0	FDZ1610	FDZ1610	same
ICKUSER1	AOSU0	FDZ1610	FDZ1610	same
ICKVA01	AOSU0	FDZ1610	FDZ1610	same
ICKVD01	AOSU0	EDS1102	EDS1102	same
ICKVLBL	AOSU0	FDZ1610	FDZ1610	same
ICKVP01	AOSU0	EDS1102	EDS1102	same
ICKVV01	AOSU0	FDZ1610	FDZ1610	same
ICKWI01	AOSU0	UZ72085	FDZ1610	rmid-differs
ICKWL01	AOSU0	FDZ1610	FDZ1610	same
ICKWV01	AOSU0	UZ68852	FDZ1610	rmid-differs
IDA0192A	AOSA0	UZ74545	UZ56097	rmid-differs
IDA0192B	AOSA0	UZ73172	UZ26147	rmid-differs
IDA0192C	AOSA0	UZ72378	UZ36755	rmid-differs
IDA0192D	AOSA0	UZ56839	UZ56839	same
IDA0192F	AOSA0	UZ69609	UZ28701	rmid-differs
IDA0192G	AOSA0	EDM1102	EDM1102	same
IDA0192I	AOSA0	UZ24186	UZ24186	same
IDA0192M	AOSA0	UZ74799	EDM1102	rmid-differs
IDA0192P	AOSA0	UZ55411	UZ55411	same
IDA0192S	AOSA0	UZ27798	UZ27798	same
IDA0192V	AOSA0	UZ60241	UZ35166	rmid-differs
IDA0192W	AOSA0	EDM1102	EDM1102	same
IDA0192Y	AOSA0	UZ74897	UZ56628	rmid-differs
IDA0192Z	AOSA0	UY04882	UZ56097	rmid-differs
IDA0195A	AOSA0	EDM1102	EDM1102	same
IDA019C1	AOSA0	UZ50839	UZ53350	rmid-differs
IDA019R1	AOSA0	UZ38699	UZ30330	rmid-differs
IDA019R2	AOSA0	UZ38213	UZ30328	rmid-differs
IDA019R4	AOSA0	UZ71742	UZ56837	rmid-differs
IDA019R5	AOSA0	UZ61860	UZ56255	rmid-differs
IDA019R8	AOSA0	UZ79124	UZ37832	rmid-differs
IDA019RA	AOSA0	UZ73847	UZ24156	rmid-differs
IDA019RB	AOSA0	EDM1102	EDM1102	same
IDA019RC	AOSA0	EDM1102	EDM1102	same
IDA019RD	AOSA0	UZ22408	UZ22408	same
IDA019RE	AOSA0	UZ65704	UZ37771	rmid-differs
IDA019RF	AOSA0	UZ74831	UZ54276	rmid-differs
IDA019RG	AOSA0	UZ78287	EDM1102	rmid-differs
IDA019RH	AOSA0	UZ36732	UZ36732	same
IDA019RI	AOSA0	UZ78287	UZ24465	rmid-differs
IDA019RJ	AOSA0	UZ78287	UZ36732	rmid-differs
IDA019RK	AOSA0	UZ69605	UZ36730	rmid-differs
IDA019RL	AOSA0	UZ59560	UZ37845	rmid-differs
IDA019RM	AOSA0	UZ70957	UZ27997	rmid-differs
IDA019RN	AOSA0	UZ57928	UZ31385	rmid-differs
IDA019RO	AOSA0	UZ57355	UZ22906	rmid-differs
IDA019RP	AOSA0	UY10582	UZ52080	rmid-differs
IDA019RQ	AOSA0	UZ47564	UZ35343	rmid-differs
IDA019RR	AOSA0	UZ40855	UZ36594	rmid-differs
IDA019RS	AOSA0	UZ65257	UZ36370	rmid-differs
IDA019RT	AOSA0	EDM1102	EDM1102	same
IDA019RU	AOSA0	UZ68578	UZ56837	rmid-differs
IDA019RV	AOSA0	EDM1102	EDM1102	same
IDA019RW	AOSA0	UZ26877	UZ26877	same
IDA019RX	AOSA0	UZ41209	UZ56967	rmid-differs
IDA019RY	AOSA0	UZ47349	UZ36730	rmid-differs
IDA019RZ	AOSA0	UZ45189	UZ28450	rmid-differs
IDA019S1	AOSA0	UZ74841	EDM1102	rmid-differs
IDA019S2	AOSA0	UZ74841	UZ57027	rmid-differs
IDA019S4	AOSC5	UZ74841	EDM1102	rmid-differs
IDA019S6	AOSA0	UZ60863	UZ27917	rmid-differs
IDA019SA	AOSA0	UZ56253	UZ56253	same
IDA019SB	AOSC5	UZ36218	UZ36218	same
IDA019SE	AOSA0	UZ57928	UZ36730	rmid-differs
IDA019SF	AOSA0	UZ65704	EDM1102	rmid-differs
IDA019SG	AOSA0	UZ90008	UZ90008	same
IDA019SH	AOSA0	UZ90008	UZ90008	same
IDA019SL	AOSA0	UZ37737	UZ37737	same
IDA019SM	AOSA0	UZ90008	UZ90008	same
IDA019SN	AOSA0	EDM1102	EDM1102	same
IDA019ST	AOSA0	UZ79831	UZ30219	rmid-differs
IDA019SU	AOSA0	UZ79831	UZ33012	rmid-differs
IDA0200B	AOSA0	UZ81213	UZ52782	rmid-differs
IDA0200S	AOSA0	UZ77738	UZ34965	rmid-differs
IDA0200T	AOSA0	UZ40024	UZ35972	rmid-differs
IDA0231B	AOSA0	UZ31152	UZ31152	same
IDA0231T	AOSA0	UZ39009	UZ30832	rmid-differs
IDA0557A	AOSA0	UZ73436	UZ54639	rmid-differs
IDA0A05B	AOSA0	UZ40565	UZ56664	rmid-differs
IDA0C05B	AOSA0	EDM1102	EDM1102	same
IDA0C06C	AOSA0	UZ70803	UZ56664	rmid-differs
IDA0I96C	AOSA0	UZ37354	UZ37354	same
IDA121A2	AOSC5	UZ34640	UZ34640	same
IDA121A3	AOSC5	UZ74841	UZ36360	rmid-differs
IDA121A4	AOSC5	UZ74841	UZ28833	rmid-differs
IDA121A5	AOSC5	UZ56343	UZ56343	same
IDA121A6	AOSC5	UZ30327	UZ30327	same
IDA121CV	AOSC5	UZ68843	EDM1102	rmid-differs
IDACAT11	AOSA0	UZ66340	UZ32834	rmid-differs
IDACAT12	AOSA0	UZ32834	UZ32834	same
IDACAT13	AOSA0	UZ34255	UZ34255	same
IDACAT21	AOSU0	UZ35336	UZ35336	same
IDACKRA1	AOSA0	EDM1102	EDM1102	same
IDAICIA1	AOSA0	UZ30800	UZ30800	same
IDAIIFBF	AOSA0	EDM1102	EDM1102	same
IDAIIPM1	AOSA0	UZ27151	UZ27151	same
IDAIIPM2	AOSA0	EDM1102	EDM1102	same
IDAIIPM3	AOSA0	UZ72677	UZ31841	rmid-differs
IDAIISM1	AOSA0	UZ31048	UZ31048	same
IDAM19R3	AOSC5	UZ42857	UZ56344	rmid-differs
IDAOCEA1	AOSA0	UZ73436	UZ28002	rmid-differs
IDAOCEA2	AOSA0	UZ63830	UZ37483	rmid-differs
IDAOCEA3	AOSA0	EDM1102	EDM1102	same
IDAOCEA4	AOSA0	EDM1102	EDM1102	same
IDAVBPC1	AOSA0	UZ61349	UZ52124	rmid-differs
IDAVBPJ1	AOSA0	EDM1102	EDM1102	same
IDAVBPJ2	AOSA1	EDM1102	EDM1102	same
IDAVBPO1	AOSA0	UZ28732	UZ28732	same
IDAVBPP1	AOSA0	UZ61349	UZ52124	rmid-differs
IDAVBPR1	AOSA0	EDM1102	EDM1102	same
IDAVBPR2	AOSA0	EDM1102	EDM1102	same
IDAVBPS1	AOSA0	EDM1102	EDM1102	same
IDAVBPS2	AOSA0	EDM1102	EDM1102	same
IDCAL01	AOSU0	UZ67828	UZ32723	rmid-differs
IDCAM01	ACMDLIB	EDM1102	EDM1102	same
IDCAM02	ACMDLIB	EDM1102	EDM1102	same
IDCAU01	AOSU0	EMS1102	EMS1102	same
IDCAU02	AOSU0	EMS1102	EMS1102	same
IDCAU03	AOSU0	UZ34277	UZ34277	same
IDCAV01	AOSU0	EMS1102	EMS1102	same
IDCBI01	AOSU0	UZ76648	UZ51920	rmid-differs
IDCCC01	AOSU0	UZ73075	EDM1102	rmid-differs
IDCCDAL	AOSU0	EDM1102	EDM1102	same
IDCCDAU	AOSU0	EMS1102	EMS1102	same
IDCCDAV	AOSU0	EMS1102	EMS1102	same
IDCCDBI	AOSU0	EDM1102	EDM1102	same
IDCCDCC	AOSU0	EDM1102	EDM1102	same
IDCCDCH	AOSU0	UZ90118	UZ90118	same
IDCCDCK	AOSU0	EDM1102	EDM1102	same
IDCCDCN	AOSU0	EMS1102	EMS1102	same
IDCCDCO	AOSU0	EMS1102	EMS1102	same
IDCCDCP	AOSU0	EMS1102	EMS1102	same
IDCCDCT	AOSU0	EMS1102	EMS1102	same
IDCCDCV	AOSU0	EMS1102	EMS1102	same
IDCCDDE	AOSU0	EDM1102	EDM1102	same
IDCCDDL	AOSU0	EDM1102	EDM1102	same
IDCCDDU	AOSU0	UZ90134	UZ90134	same
IDCCDEC	AOSU0	EMS1102	EMS1102	same
IDCCDEV	AOSU0	EMS1102	EMS1102	same
IDCCDGR	AOSU0	EMS1102	EMS1102	same
IDCCDLC	AOSU0	EDM1102	EDM1102	same
IDCCDLD	AOSU0	UY01975	EMS1102	rmid-differs
IDCCDLM	AOSU0	EMS1102	EMS1102	same
IDCCDLR	AOSU0	EDM1102	EDM1102	same
IDCCDLV	AOSU0	EMS1102	EMS1102	same
IDCCDMC	AOSU0	EMS1102	EMS1102	same
IDCCDMG	AOSU0	UZ40304	EMS1102	rmid-differs
IDCCDMP	AOSU0	EDM1102	EDM1102	same
IDCCDMV	AOSU0	UY12664	EMS1102	rmid-differs
IDCCDNC	AOSU0	UZ90134	UZ90134	same
IDCCDPM	AOSU0	EDM1102	EDM1102	same
IDCCDPR	AOSU0	EDM1102	EDM1102	same
IDCCDRC	AOSU0	EDM1102	EDM1102	same
IDCCDRD	AOSU0	EMS1102	EMS1102	same
IDCCDRL	AOSU0	EMS1102	EMS1102	same
IDCCDRM	AOSU0	EDM1102	EDM1102	same
IDCCDRP	AOSU0	UZ51920	UZ51920	same
IDCCDRR	AOSU0	EMS1102	EMS1102	same
IDCCDRS	AOSU0	EDM1102	EDM1102	same
IDCCDRV	AOSU0	EMS1102	EMS1102	same
IDCCDSD	AOSU0	UY01975	EMS1102	rmid-differs
IDCCDSG	AOSU0	EMS1102	EMS1102	same
IDCCDSR	AOSU0	EMS1102	EMS1102	same
IDCCDST	AOSU0	EMS1102	EMS1102	same
IDCCDSV	AOSU0	EMS1102	EMS1102	same
IDCCDTR	AOSU0	EMS1102	EMS1102	same
IDCCDTU	AOSU0	UZ90107	UZ90107	same
IDCCDVY	AOSU0	EDM1102	EDM1102	same
IDCCDXP	AOSU0	EDM1102	EDM1102	same
IDCCH01	AOSU0	UZ78728	UZ90118	rmid-differs
IDCCH02	AOSU0	UZ57530	UZ57530	same
IDCCH03	AOSU0	UZ90118	UZ90118	same
IDCCH04	AOSU0	UZ77689	UZ90118	rmid-differs
IDCCK01	AOSU0	EDM1102	EDM1102	same
IDCCN01	AOSU0	UZ28739	UZ28739	same
IDCCO01	AOSU0	UZ57201	UZ29438	rmid-differs
IDCCP01	AOSU0	EMS1102	EMS1102	same
IDCCT01	AOSU0	EMS1102	EMS1102	same
IDCCV01	AOSU0	UZ30385	UZ30385	same
IDCDB01	AOSU0	EDM1102	EDM1102	same
IDCDB02	AOSU0	EDM1102	EDM1102	same
IDCDE01	AOSU0	UZ55659	UZ55659	same
IDCDE02	AOSU0	UZ38803	UZ34056	rmid-differs
IDCDE03	AOSU0	UZ70928	EDM1102	rmid-differs
IDCDL01	AOSU0	UZ59271	UZ56312	rmid-differs
IDCDU01	AOSU0	UZ67200	UZ90134	rmid-differs
IDCEC01	AOSU0	EMS1102	EMS1102	same
IDCEV01	AOSU0	EMS1102	EMS1102	same
IDCEX01	AOSU0	EDM1102	EDM1102	same
IDCEX02	AOSU0	EDM1102	EDM1102	same
IDCEX03	AOSU0	UZ34231	UZ34231	same
IDCGR01	AOSU0	EMS1102	EMS1102	same
IDCIO01	AOSU0	UZ76507	UZ53709	rmid-differs
IDCIO02	AOSU0	UZ73075	UZ53784	rmid-differs
IDCIO03	AOSU0	EDM1102	EDM1102	same
IDCIO04	AOSU0	EDM1102	EDM1102	same
IDCIO05	AOSU0	UZ90120	UZ90120	same
IDCLC01	AOSU0	UZ75384	UZ57191	rmid-differs
IDCLC02	AOSU0	UZ66932	UZ28477	rmid-differs
IDCLD01	AOSU0	UY01975	EMS1102	rmid-differs
IDCLM01	AOSU0	UZ29552	UZ29552	same
IDCLR01	AOSU0	UZ30699	UZ30699	same
IDCLR02	AOSU0	EDM1102	EDM1102	same
IDCLV01	AOSU0	UY09934	UZ90149	rmid-differs
IDCMC01	AOSU0	EMS1102	EMS1102	same
IDCMG01	AOSU0	UZ40304	EMS1102	rmid-differs
IDCMP01	AOSU0	UZ76156	UZ37989	rmid-differs
IDCMV01	AOSU0	UY12664	UZ29438	rmid-differs
IDCNC01	AOSU0	UZ90134	UZ90134	same
IDCPM01	AOSU0	UZ51920	UZ51920	same
IDCPR01	AOSU0	UZ62122	UZ51920	rmid-differs
IDCRC01	AOSU0	UZ74456	UZ57196	rmid-differs
IDCRC02	AOSU0	UZ65649	UZ57772	rmid-differs
IDCRC03	AOSU0	EDM1102	EDM1102	same
IDCRC04	AOSU0	EDM1102	EDM1102	same
IDCRD01	AOSU0	EMS1102	EMS1102	same
IDCRD02	AOSU0	EMS1102	EMS1102	same
IDCRD03	AOSU0	UY28452	UZ22893	rmid-differs
IDCRD04	AOSU0	UZ36046	UZ36046	same
IDCRD05	AOSU0	UZ29300	UZ29300	same
IDCRD06	AOSU0	UZ38932	EMS1102	rmid-differs
IDCRD07	AOSU0	UZ55451	UZ55451	same
IDCRI01	AOSU0	UZ64205	UZ34269	rmid-differs
IDCRI02	AOSU0	EDM1102	EDM1102	same
IDCRI03	AOSU0	EDM1102	EDM1102	same
IDCRI04	AOSU0	UZ76315	UZ31563	rmid-differs
IDCRIFF	AOSU0	EDM1102	EDM1102	same
IDCRIKT	AOSU0	EDM1102	EDM1102	same
IDCRILT	AOSU0	EDM1102	EDM1102	same
IDCRIMT	AOSU0	EMS1102	EMS1102	same
IDCRL01	AOSU0	EMS1102	EMS1102	same
IDCRM01	AOSU0	UZ52407	UZ52407	same
IDCRP01	AOSU0	UZ50178	UZ51920	rmid-differs
IDCRR01	AOSU0	UZ22209	UZ22209	same
IDCRS01	AOSU0	UZ74312	UZ56650	rmid-differs
IDCRS02	AOSU0	UZ74312	UZ56650	rmid-differs
IDCRS03	AOSU0	UZ74312	UZ56650	rmid-differs
IDCRS04	AOSU0	UZ74312	UZ56650	rmid-differs
IDCRS05	AOSU0	UZ74312	UZ56650	rmid-differs
IDCRS06	AOSU0	UZ74312	UZ56650	rmid-differs
IDCRS07	AOSU0	UZ74312	UZ56650	rmid-differs
IDCRV01	AOSU0	UZ29438	UZ29438	same
IDCSA01	AOSU0	UZ31929	UZ31929	same
IDCSA02	AOSU0	UZ67828	UZ51920	rmid-differs
IDCSA03	AOSU0	EDM1102	EDM1102	same
IDCSA05	AOSU0	EDM1102	EDM1102	same
IDCSA06	AOSU0	EMS1102	EMS1102	same
IDCSA07	AOSU0	UY01975	UZ55784	rmid-differs
IDCSA08	AOSU0	UZ69576	EDM1102	rmid-differs
IDCSA09	AOSU0	UY16087	EMS1102	rmid-differs
IDCSA10	AOSU0	EMS1102	EMS1102	same
IDCSD01	AOSU0	UY01975	EMS1102	rmid-differs
IDCSG01	AOSU0	EMS1102	EMS1102	same
IDCSR01	AOSU0	EMS1102	EMS1102	same
IDCST01	AOSU0	EMS1102	EMS1102	same
IDCSV01	AOSU0	UZ37274	UZ37274	same
IDCTP01	AOSU0	UZ74329	UZ57157	rmid-differs
IDCTP04	AOSU0	EDM1102	EDM1102	same
IDCTP05	AOSU0	EDM1102	EDM1102	same
IDCTP06	AOSU0	UZ27169	UZ27169	same
IDCTR01	AOSU0	UZ25620	UZ25620	same
IDCTSAL0	AOSU0	EDM1102	EDM1102	same
IDCTSAU0	AOSU0	EMS1102	EMS1102	same
IDCTSAV0	AOSU0	EMS1102	EMS1102	same
IDCTSBI0	AOSU0	EDM1102	EDM1102	same
IDCTSCC0	AOSU0	EDM1102	EDM1102	same
IDCTSCH0	AOSU0	UZ90118	UZ90118	same
IDCTSCK0	AOSU0	UZ22613	UZ22613	same
IDCTSCM0	AOSU0	UZ57201	UZ25620	rmid-differs
IDCTSCN0	AOSU0	EMS1102	EMS1102	same
IDCTSCO0	AOSU0	UZ34692	UZ34692	same
IDCTSCP0	AOSU0	EMS1102	EMS1102	same
IDCTSCT0	AOSU0	EMS1102	EMS1102	same
IDCTSCV0	AOSU0	EMS1102	EMS1102	same
IDCTSDE0	AOSU0	UZ28083	UZ28083	same
IDCTSDL0	AOSU0	UZ56312	UZ56312	same
IDCTSDU0	AOSU0	UZ90134	UZ90134	same
IDCTSEC0	AOSU0	EMS1102	EMS1102	same
IDCTSEV0	AOSU0	EMS1102	EMS1102	same
IDCTSEX0	AOSU0	EDM1102	EDM1102	same
IDCTSIO0	AOSU0	EDM1102	EDM1102	same
IDCTSIO5	AOSU0	EMS1102	EMS1102	same
IDCTSLC0	AOSU0	UZ28477	UZ28477	same
IDCTSLC1	AOSU0	UZ67138	EDM1102	rmid-differs
IDCTSLD0	AOSU0	UY01975	EMS1102	rmid-differs
IDCTSLM0	AOSU0	EMS1102	EMS1102	same
IDCTSLR0	AOSU0	EDM1102	EDM1102	same
IDCTSLR1	AOSU0	EDM1102	EDM1102	same
IDCTSLV0	AOSU0	UY01975	UZ90149	rmid-differs
IDCTSMC0	AOSU0	EMS1102	EMS1102	same
IDCTSMG0	AOSU0	EMS1102	EMS1102	same
IDCTSMP0	AOSU0	EDM1102	EDM1102	same
IDCTSMV0	AOSU0	EMS1102	EMS1102	same
IDCTSNC0	AOSU0	EMS1102	EMS1102	same
IDCTSPR0	AOSU0	UZ50178	UZ51920	rmid-differs
IDCTSRC0	AOSU0	EDM1102	EDM1102	same
IDCTSRD0	AOSU0	UZ38932	EMS1102	rmid-differs
IDCTSRI0	AOSU0	EDM1102	EDM1102	same
IDCTSRI1	AOSU0	EDM1102	EDM1102	same
IDCTSRL0	AOSU0	EMS1102	EMS1102	same
IDCTSRR0	AOSU0	EMS1102	EMS1102	same
IDCTSRS0	AOSU0	EDM1102	EDM1102	same
IDCTSRV0	AOSU0	EMS1102	EMS1102	same
IDCTSSA0	AOSU0	UZ23137	UZ23137	same
IDCTSSA6	AOSU0	EMS1102	EMS1102	same
IDCTSSA7	AOSU0	EMS1102	EMS1102	same
IDCTSSD0	AOSU0	EMS1102	EMS1102	same
IDCTSSR0	AOSU0	EMS1102	EMS1102	same
IDCTSSS0	AOSU0	UZ90107	UZ90107	same
IDCTSST0	AOSU0	EMS1102	EMS1102	same
IDCTSSV0	AOSU0	EMS1102	EMS1102	same
IDCTSTP0	AOSU0	EDM1102	EDM1102	same
IDCTSTP1	AOSU0	EDM1102	EDM1102	same
IDCTSTP6	AOSU0	UZ72975	EDM1102	rmid-differs
IDCTSTR0	AOSU0	EMS1102	EMS1102	same
IDCTSTU0	AOSU0	UZ90107	UZ90107	same
IDCTSUV0	AOSU0	EDM1102	EDM1102	same
IDCTSVS0	AOSU0	UZ71348	EMS1102	rmid-differs
IDCTSXP0	AOSU0	EDM1102	EDM1102	same
IDCTU01	AOSU0	UZ90107	UZ90107	same
IDCVS01	AOSU0	UZ38393	UZ55784	rmid-differs
IDCVS02	AOSU0	EMS1102	EMS1102	same
IDCVS03	AOSU0	UZ46415	UZ56309	rmid-differs
IDCVY01	AOSU0	EDM1102	EDM1102	same
IDCXP01	AOSU0	UZ76156	EDM1102	rmid-differs
IDDWIAPP	AOSA0	UZ70140	UZ52124	rmid-differs
IDDWICLS	AOSA0	UZ61349	UZ52124	rmid-differs
IDDWICPI	AOSA0	UZ70140	UZ52124	rmid-differs
IDDWIFRR	AOSA0	UZ29858	UZ29858	same
IDDWIJRN	AOSA0	UZ61605	UZ54991	rmid-differs
IDDWIMRG	AOSA1	EDM1102	EDM1102	same
IDDWITRM	AOSA0	UZ61349	UZ52124	rmid-differs
IEAFTEED	AOSC5	UZ21482	UZ21482	same
IEAFTIHS	AOSC5	UZ21482	UZ21482	same
IEAFTRT2	AOSC5	UZ30649	UZ30649	same
IEAFTSCB	AOSC5	UZ24820	UZ24820	same
IEAQWAIT	AOS00	EBB1102	EBB1102	same
IEASMFEX	AOS00	UZ38026	UZ38026	same
IEATLEXT	AOS00	EBB1102	EBB1102	same
IEAV1052	AOSC5	UZ61918	UZ61918	same
IEAV1443	AOSC5	UZ71294	UZ71294	same
IEAV2540	AOSC5	UZ61917	UZ61917	same
IEAVAD00	AOSC5	UZ53816	UZ53816	same
IEAVAD01	AOSC5	UZ61929	UZ61929	same
IEAVAD02	AOSC5	FBB1221	FBB1221	same
IEAVAD03	AOSC5	UZ31253	UZ31253	same
IEAVAD05	AOSC5	EBB1102	EBB1102	same
IEAVAD06	AOSC5	EBB1102	EBB1102	same
IEAVAD07	AOSC5	UZ60132	UZ60132	same
IEAVAD08	AOSC5	UZ61929	UZ61929	same
IEAVAD09	AOSC5	EBB1102	EBB1102	same
IEAVAD0A	AOSC5	UZ25903	UZ25903	same
IEAVAD0B	AOSC5	EBB1102	EBB1102	same
IEAVAD0C	AOSC5	EBB1102	EBB1102	same
IEAVAD0D	AOSC5	UZ76909	UZ76909	same
IEAVAD0E	AOSC5	UZ27256	UZ27256	same
IEAVAD0F	AOSC5	UZ61153	UZ61153	same
IEAVAD10	AOSC5	EBB1102	EBB1102	same
IEAVAD11	AOSC5	UY35469	UZ31337	rmid-differs
IEAVAD31	AOSC5	UZ52371	UZ52371	same
IEAVAD51	AOSC5	UZ61115	UZ61115	same
IEAVAD71	AOSC5	EBB1102	EBB1102	same
IEAVADFM	AOSC5	EBB1102	EBB1102	same
IEAVADUS	AOSC5	EBB1102	EBB1102	same
IEAVAMSI	AOSC5	EBB1102	EBB1102	same
IEAVAP00	AOSC5	UZ56782	UZ56782	same
IEAVAR00	AOSC5	UZ29078	UZ29078	same
IEAVAR01	AOSC5	UZ69152	UZ69152	same
IEAVAR02	AOSC5	UZ36116	UZ36116	same
IEAVAR03	AOSC5	EBB1102	EBB1102	same
IEAVAR04	AOSC5	EBB1102	EBB1102	same
IEAVAR05	AOSC5	UY40025	UZ37194	rmid-differs
IEAVAR06	AOSC5	UZ28168	UZ28168	same
IEAVAR07	AOSC5	EBB1102	EBB1102	same
IEAVAX00	AOSC5	UZ51847	UZ51847	same
IEAVBLDP	AOSC5	EBB1102	EBB1102	same
IEAVCARR	AOSC5	EBB1102	EBB1102	same
IEAVCKEY	AOSC5	EBB1102	EBB1102	same
IEAVCKRR	AOSC5	EBB1102	EBB1102	same
IEAVCSEG	AOSC5	EBB1102	EBB1102	same
IEAVDELP	AOSC5	EBB1102	EBB1102	same
IEAVDLAS	AOSC5	EBB1102	EBB1102	same
IEAVDSEG	AOSC5	EBB1102	EBB1102	same
IEAVEAC0	AOSC5	UZ36086	UZ36086	same
IEAVEADV	AOSC5	EBB1102	EBB1102	same
IEAVEAT0	AOSC5	UZ33228	UZ33228	same
IEAVECBV	AOSC5	EBB1102	EBB1102	same
IEAVECH0	AOSC5	EBB1102	EBB1102	same
IEAVEDR	AOSC5	UZ36461	UZ36461	same
IEAVEDS0	AOSC5	UZ30139	UZ30139	same
IEAVEDSR	AOSC5	EBB1102	EBB1102	same
IEAVEE1R	AOSC5	EBB1102	EBB1102	same
IEAVEE2R	AOSC5	EBB1102	EBB1102	same
IEAVEE3R	AOSC5	EBB1102	EBB1102	same
IEAVEED0	AOSC5	EBB1102	EBB1102	same
IEAVEEE0	AOSC5	FBB1221	FBB1221	same
IEAVEEE2	AOSC5	EBB1102	EBB1102	same
IEAVEEEP	AOSC5	EBB1102	EBB1102	same
IEAVEEER	AOSC5	EBB1102	EBB1102	same
IEAVEES	AOSC5	UZ58916	FBB1221	rmid-differs
IEAVEEXP	AOSC5	EBB1102	EBB1102	same
IEAVEEXT	AOSC5	UZ24824	UZ24824	same
IEAVEF00	AOSC5	EBB1102	EBB1102	same
IEAVEIO	AOSC5	UZ28752	UZ28752	same
IEAVEIOR	AOSC5	EBB1102	EBB1102	same
IEAVEIPR	AOSC5	UZ34944	UZ34944	same
IEAVELCR	AOSC5	EBB1102	EBB1102	same
IEAVELIT	AOSC5	EBB1102	EBB1102	same
IEAVELK	AOSC5	UZ37599	UZ37599	same
IEAVELKR	AOSC5	EBB1102	EBB1102	same
IEAVEMCR	AOSC5	EBB1102	EBB1102	same
IEAVEMDL	AOSC5	EBB1102	EBB1102	same
IEAVEMIN	AOSC5	FBB1221	FBB1221	same
IEAVEMRQ	AOSC5	FBB1221	FBB1221	same
IEAVEMS0	AOSC5	EBB1102	EBB1102	same
IEAVENQ1	AOSC5	UZ33622	UZ33622	same
IEAVEOR	AOSC5	UZ24351	UZ24351	same
IEAVEPC	AOSC5	UZ36571	UZ36571	same
IEAVEPCR	AOSC5	EBB1102	EBB1102	same
IEAVEPD0	AOSC5	EBB1102	EBB1102	same
IEAVEPDR	AOSC5	EBB1102	EBB1102	same
IEAVEQR	AOSC5	UZ25071	UZ25071	same
IEAVEQV0	AOSC5	UZ30998	UZ30998	same
IEAVERER	AOSC5	EBB1102	EBB1102	same
IEAVERES	AOSC5	UZ51835	UZ51835	same
IEAVERI	AOSC5	UZ29943	UZ29943	same
IEAVERP	AOSC5	UZ29943	UZ29943	same
IEAVESC0	AOSC5	EBB1102	EBB1102	same
IEAVESCR	AOSC5	EBB1102	EBB1102	same
IEAVESPR	AOSC5	EBB1102	EBB1102	same
IEAVESVC	AOSC5	FBB1221	FBB1221	same
IEAVESVR	AOSC5	EBB1102	EBB1102	same
IEAVETCL	AOSC5	UZ29328	UZ29328	same
IEAVEUPC	AOSC5	EBB1102	EBB1102	same
IEAVEVAL	AOSC5	UZ52628	UZ52628	same
IEAVEVRR	AOSC5	EBB1102	EBB1102	same
IEAVEVT0	AOSC5	EBB1102	EBB1102	same
IEAVEXS	AOSC5	EBB1102	EBB1102	same
IEAVFP	AOSC5	UZ28905	UZ28905	same
IEAVFRCL	AOSC5	EBB1102	EBB1102	same
IEAVFREE	AOSC5	UZ33993	UZ33993	same
IEAVFXLD	AOSC5	UZ21199	UZ21199	same
IEAVGCAS	AOSC5	EBB1102	EBB1102	same
IEAVGFA	AOSC5	UZ24591	UZ24591	same
IEAVGFRR	AOSC5	UZ27263	UZ27263	same
IEAVGM00	AOSC5	UZ63173	UZ63173	same
IEAVGPRR	AOSC5	EBB1102	EBB1102	same
IEAVGTCL	AOSC5	EBB1102	EBB1102	same
IEAVID00	AOSC5	UZ69157	UZ69157	same
IEAVINV	AOSC5	UZ26306	UZ26306	same
IEAVIOCP	AOSC5	EBB1102	EBB1102	same
IEAVITAS	AOSC5	EBB1102	EBB1102	same
IEAVLK00	AOSC5	UZ48820	UZ53937	rmid-differs
IEAVLK01	AOSC5	UZ48820	UZ51713	rmid-differs
IEAVLK02	AOSC5	UZ69157	UZ69157	same
IEAVLK03	AOSC5	UZ69157	UZ69157	same
IEAVMASV	AOSC5	EBB1102	EBB1102	same
IEAVMDOM	AOSC5	UZ34090	UZ34090	same
IEAVMDSV	AOSC5	UZ33578	UZ33578	same
IEAVMED2	AOSC5	UZ23078	UZ23078	same
IEAVMFRR	AOSC5	UZ55574	UZ55574	same
IEAVMNTR	AOSC5	EBB1102	EBB1102	same
IEAVMODE	AOSC5	EBB1102	EBB1102	same
IEAVMQR0	AOSC5	EBB1102	EBB1102	same
IEAVMQWR	AOSC5	FBB1221	FBB1221	same
IEAVMSGS	AOSC5	EBB1102	EBB1102	same
IEAVMWSV	AOSC5	UZ28173	UZ28173	same
IEAVMWTL	AOSC5	EBB1102	EBB1102	same
IEAVMWTO	AOSC5	UZ62088	UZ52963	rmid-differs
IEAVNIP0	AOSC5	UZ55453	UZ55453	same
IEAVNIPM	AOSC5	EBB1102	EBB1102	same
IEAVNIPX	AOSC5	UZ56350	UZ56350	same
IEAVNP01	AOSC5	EBB1102	EBB1102	same
IEAVNP02	AOSC5	UZ69168	UZ69168	same
IEAVNP03	AOSC5	EBB1102	EBB1102	same
IEAVNP05	AOSC5	UZ30612	UZ30612	same
IEAVNP07	AOSC5	EBB1102	EBB1102	same
IEAVNP08	AOSC5	UZ27495	UZ27495	same
IEAVNP09	AOSC5	EBB1102	EBB1102	same
IEAVNP10	AOSC5	UZ35231	UZ35231	same
IEAVNP11	AOSC5	UZ62171	UZ56079	rmid-differs
IEAVNP12	AOSC5	UZ72608	UZ72608	same
IEAVNP13	AOSC5	FBB1221	FBB1221	same
IEAVNP14	AOSC5	EBB1102	EBB1102	same
IEAVNP16	AOSC5	UZ28496	UZ28496	same
IEAVNP17	AOSC5	EBB1102	EBB1102	same
IEAVNP19	AOSC5	UZ67537	UZ90180	rmid-differs
IEAVNP1A	AOSC5	UZ45387	EDM1102	rmid-differs
IEAVNP1B	AOSC5	UZ62171	EDM1102	rmid-differs
IEAVNPA1	AOSC5	FBB1221	FBB1221	same
IEAVNPA5	AOSC5	UZ60307	UZ60307	same
IEAVNPA6	AOSC5	UZ64496	UZ25885	rmid-differs
IEAVNPB5	AOSC5	EBB1102	EBB1102	same
IEAVNPB6	AOSC5	EBB1102	EBB1102	same
IEAVNPM2	AOSC5	UZ51787	UZ51787	same
IEAVNPM3	AOSC5	UZ55941	UZ55941	same
IEAVNPS5	AOSC5	UZ36112	UZ36112	same
IEAVOUT	AOSC5	UZ21199	UZ21199	same
IEAVPCB	AOSC5	UZ53364	UZ53364	same
IEAVPFTE	AOSC5	EBB1102	EBB1102	same
IEAVPIOI	AOSC5	EBB1102	EBB1102	same
IEAVPIOP	AOSC5	UZ34561	UZ34561	same
IEAVPIX	AOSC5	EBB1102	EBB1102	same
IEAVPREF	AOSC5	UZ33317	UZ33317	same
IEAVPRSB	AOSC5	EBB1102	EBB1102	same
IEAVPRT0	AOSC5	UZ35042	UZ35042	same
IEAVPSI	AOSC5	UZ34542	UZ34542	same
IEAVRCF	AOSC5	UZ32242	UZ32242	same
IEAVRCV	AOSC5	UZ28905	UZ28905	same
IEAVRELS	AOSC5	UZ27266	UZ27266	same
IEAVRFR	AOSC5	UZ36150	UZ36150	same
IEAVRSM	AOSC5	UZ28909	UZ28909	same
IEAVRT00	AOSC5	UZ35704	UZ35704	same
IEAVRT01	AOSC5	UZ83139	EBB1102	rmid-differs
IEAVRT02	AOSC5	EBB1102	EBB1102	same
IEAVRTI0	AOSC5	UZ79220	UZ79220	same
IEAVRTI1	AOSC5	UZ61852	UZ61852	same
IEAVRTOD	AOSC5	FBB1221	FBB1221	same
IEAVSETS	AOSC5	UZ35514	UZ35514	same
IEAVSOUT	AOSC5	UZ36995	UZ36995	same
IEAVSQA	AOSC5	UZ35051	UZ35051	same
IEAVSTA0	AOSC5	UZ56054	UZ56054	same
IEAVSTAA	AOSC5	UZ52449	UZ52449	same
IEAVSWCH	AOSC5	UZ61918	UZ61918	same
IEAVSWIN	AOSC5	UZ37174	UZ37174	same
IEAVSWPC	AOSC5	EBB1102	EBB1102	same
IEAVSY50	AOSC5	UZ37128	UZ37128	same
IEAVTABD	AOSC5	UZ62593	UZ62593	same
IEAVTABI	AOSC5	EBB1102	EBB1102	same
IEAVTACR	AOSC5	FBB1221	FBB1221	same
IEAVTADR	AOSC5	FBB1221	FBB1221	same
IEAVTAS1	AOSC5	UZ37896	UZ37896	same
IEAVTAS2	AOSC5	UZ33264	UZ33264	same
IEAVTAS3	AOSC5	UZ31454	UZ31454	same
IEAVTB00	AOSC5	UZ23364	UZ23364	same
IEAVTCR1	AOSC5	FBB1221	FBB1221	same
IEAVTERM	AOSC5	UZ26164	UZ26164	same
IEAVTEST	AOSC5	UZ56774	UZ56774	same
IEAVTFHX	AOSC5	EBB1102	EBB1102	same
IEAVTFMT	AOSC5	UZ32271	UZ32271	same
IEAVTFRD	AOSC5	UZ64091	UZ64091	same
IEAVTFRT	AOSC5	UZ84624	UZ21482	rmid-differs
IEAVTFSD	AOSC5	UZ84624	UZ59620	rmid-differs
IEAVTFTM	AOSC5	FBB1221	FBB1221	same
IEAVTGLB	AOSC5	UZ57404	UZ57404	same
IEAVTJBN	AOSC5	UZ28319	UZ28319	same
IEAVTLCL	AOSC5	UZ27080	UZ27080	same
IEAVTMMT	AOSC5	EBB1102	EBB1102	same
IEAVTMRM	AOSC5	UZ21789	UZ21789	same
IEAVTMSI	AOSC5	EBB1102	EBB1102	same
IEAVTMTC	AOSC5	UZ55709	UZ55709	same
IEAVTMTR	AOSC5	UZ40179	UZ40179	same
IEAVTPER	AOSC5	UZ29397	UZ29397	same
IEAVTPMT	AOSC5	EBB1102	EBB1102	same
IEAVTRCE	AOSC5	FBB1221	FBB1221	same
IEAVTRER	AOSC5	UZ53001	UZ53001	same
IEAVTRET	AOSC5	UZ54347	UZ54347	same
IEAVTRML	AOSC5	EBB1102	EBB1102	same
IEAVTRT1	AOSC5	FBB1221	FBB1221	same
IEAVTRT2	AOSC5	UZ62340	UZ33270	rmid-differs
IEAVTRTC	AOSC5	UZ55910	UZ55910	same
IEAVTRTE	AOSC5	UZ53848	UZ53848	same
IEAVTRTH	AOSC5	UZ26324	UZ26324	same
IEAVTRTM	AOSC5	UZ60341	UZ60341	same
IEAVTRTR	AOSC5	UZ20856	UZ20856	same
IEAVTRTS	AOSC5	UZ24137	UZ24137	same
IEAVTRV	AOSC5	UZ31424	UZ31424	same
IEAVTSBP	AOSC5	UZ37541	UZ37541	same
IEAVTSDC	AOSC5	UZ37884	UZ37884	same
IEAVTSDF	AOSC5	UZ29089	UZ29089	same
IEAVTSDG	AOSC5	UZ58406	UZ58406	same
IEAVTSDH	AOSC5	UZ54567	UZ37884	rmid-differs
IEAVTSDI	AOSC5	UZ57311	UZ57311	same
IEAVTSDL	AOSC5	EBB1102	EBB1102	same
IEAVTSDO	AOSC5	UZ54159	UZ54159	same
IEAVTSDR	AOSC5	UZ69646	UZ69646	same
IEAVTSDT	AOSC5	UZ37725	UZ37725	same
IEAVTSDU	AOSC5	UZ27094	UZ27094	same
IEAVTSDW	AOSC5	UZ29409	UZ29409	same
IEAVTSDX	AOSC5	UZ32236	UZ32236	same
IEAVTSIG	AOSC5	FBB1221	FBB1221	same
IEAVTSKT	AOSC5	UZ69646	UZ69646	same
IEAVTSL1	AOSC5	UZ25896	UZ25896	same
IEAVTSL2	AOSC5	UZ25896	UZ25896	same
IEAVTSLB	AOSC5	UZ25896	UZ25896	same
IEAVTSLE	AOSC5	UZ25896	UZ25896	same
IEAVTSLP	AOSC5	UZ25896	UZ25896	same
IEAVTSLR	AOSC5	UZ25896	UZ25896	same
IEAVTSLS	AOSC5	UZ57326	UZ57326	same
IEAVTSSD	AOSC5	UZ60943	UZ33882	rmid-differs
IEAVTSSE	AOSC5	UZ26061	UZ26061	same
IEAVVCRA	AOSC5	EBB1102	EBB1102	same
IEAVVCRX	AOSC5	UZ25695	UZ25695	same
IEAVVCTR	AOSC5	UZ30336	UZ30336	same
IEAVVINT	AOSC5	FBB1221	FBB1221	same
IEAVVRP1	AOSC5	UZ30126	UZ30126	same
IEAVVRP2	AOSC5	UZ55582	UZ55582	same
IEAVVWTO	AOSC5	UZ62088	UZ60302	rmid-differs
IEAVXDOM	AOSC5	UZ31607	UZ31607	same
IEAXPALL	AOSC5	UZ34849	UZ34849	same
IEAXPDXR	AOSC5	EBB1102	EBB1102	same
IEAXPSIM	AOSC5	EBB1102	EBB1102	same
IEBASCAN	AOSU0	UZ61317	UZ25083	rmid-differs
IEBBAM	AOSU0	UZ54629	UZ54629	same
IEBBSCAN	AOSU0	EUT1102	EUT1102	same
IEBCANAL	AOSU0	EUT1102	EUT1102	same
IEBCCS02	AOSU0	EUT1102	EUT1102	same
IEBCMAIN	AOSU0	UZ62024	UZ34099	rmid-differs
IEBCNVT	AOSU0	EUT1102	EUT1102	same
IEBCOMPM	AOSU0	EUT1102	EUT1102	same
IEBCONH2	AOSU0	EUT1102	EUT1102	same
IEBCONP2	AOSU0	EUT1102	EUT1102	same
IEBCONZ2	AOSU0	EUT1102	EUT1102	same
IEBCQSAM	AOSU0	UZ62024	UZ53170	rmid-differs
IEBCRANL	AOSU0	UZ71562	EUT1102	rmid-differs
IEBCREAT	AOSU0	UZ24999	UZ24999	same
IEBCROOT	AOSU0	EUT1102	EUT1102	same
IEBCULET	AOSU0	EUT1102	EUT1102	same
IEBDG	AOSU0	UZ59042	UZ26321	rmid-differs
IEBDGCUP	AOSU0	EUT1102	EUT1102	same
IEBDGMSG	AOSU0	EUT1102	EUT1102	same
IEBDISKT	AOSD0	UZ47406	UZ33035	rmid-differs
IEBDRB	AOSU0	EUT1102	EUT1102	same
IEBDRD	AOSU0	UZ72087	UZ51873	rmid-differs
IEBDSCPY	AOSU0	UZ65749	UZ54629	rmid-differs
IEBDSU	AOSU0	EUT1102	EUT1102	same
IEBDV1	AOSU0	UZ72719	UZ35013	rmid-differs
IEBDWR	AOSU0	UZ72464	UZ34154	rmid-differs
IEBEDIT	AOSU0	UZ70136	UZ24302	rmid-differs
IEBEDIT2	AOSU0	UZ24998	UZ24998	same
IEBFDANL	AOSU0	EUT1102	EUT1102	same
IEBFDTBL	AOSU0	EUT1102	EUT1102	same
IEBGEN03	AOSU0	UZ71035	UZ52836	rmid-differs
IEBGENR3	AOSU0	UZ66702	UZ57782	rmid-differs
IEBGENRT	AOSU0	UZ49382	UZ54553	rmid-differs
IEBGENS3	AOSU0	EUT1102	EUT1102	same
IEBGMESG	AOSU0	EUT1102	EUT1102	same
IEBGSCAN	AOSU0	UZ73093	UZ34182	rmid-differs
IEBIMAGE	AOSU0	UZ53004	UZ53004	same
IEBIMSGS	AOSU0	FUT1133	FUT1133	same
IEBIOE	AOSU0	UZ66774	UZ35409	rmid-differs
IEBISAM	AOSU0	UZ38262	EUT1102	rmid-differs
IEBISC	AOSU0	UZ38262	UZ27371	rmid-differs
IEBISCAN	AOSU0	UZ36362	UZ36362	same
IEBISF	AOSU0	UZ38262	EUT1102	rmid-differs
IEBISL	AOSU0	UZ38262	UZ33730	rmid-differs
IEBISMES	AOSU0	UZ38262	EUT1102	rmid-differs
IEBISPL	AOSU0	UZ38262	EUT1102	rmid-differs
IEBISSI	AOSU0	UZ38262	EUT1102	rmid-differs
IEBISSO	AOSU0	UZ38262	EUT1102	rmid-differs
IEBISU	AOSU0	UZ38262	EUT1102	rmid-differs
IEBLDUL	AOSU0	UZ57774	UZ57774	same
IEBLENP2	AOSU0	EUT1102	EUT1102	same
IEBMCM	AOSU0	UZ35147	UZ35147	same
IEBMOVE2	AOSU0	EUT1102	EUT1102	same
IEBPPAL1	AOSU0	UZ53578	UZ53578	same
IEBPPCH1	AOSU0	UZ27714	UZ27714	same
IEBPPMSG	AOSU0	EUT1102	EUT1102	same
IEBPPUN1	AOSU0	UZ27964	UZ27964	same
IEBRSAM	AOSU0	UZ53565	UZ53565	same
IEBSCN	AOSU0	UZ74408	UZ54629	rmid-differs
IEBTCR02	AOSU0	EMI1102	EMI1102	same
IEBTCR03	AOSU0	EMI1102	EMI1102	same
IEBTCR04	AOSU0	EMI1102	EMI1102	same
IEBTCR05	AOSU0	EMI1102	EMI1102	same
IEBTCRIN	AOSU0	EMI1102	EMI1102	same
IEBUPDT2	AOSU0	UZ66629	UZ30929	rmid-differs
IEBUPDTE	AOSU0	EUT1102	EUT1102	same
IEBUPLOG	AOSU0	EUT1102	EUT1102	same
IEBUPNIT	AOSU0	EUT1102	EUT1102	same
IEBUPXIT	AOSU0	EUT1102	EUT1102	same
IEBVCT	AOSU0	EUT1102	EUT1102	same
IEBVDM	AOSU0	UZ69525	EUT1102	rmid-differs
IEBVMS	AOSU0	UZ59273	UZ33640	rmid-differs
IEBVTM	AOSU0	UY02385	UZ54629	rmid-differs
IEBVTT	AOSU0	UZ54629	UZ54629	same
IEBWSAM	AOSU0	UZ53565	UZ53565	same
IEBWSU	AOSU0	UZ36610	UZ36610	same
IECBBFB1	AOSD0	EDM1102	EDM1102	same
IECDAFMT	AOSC5	UZ71196	UZ71196	same
IECDAFT1	AOSC5	UZ70358	UZ70358	same
IECIHIO	AOSC5	UZ68680	UZ58603	rmid-differs
IECIOFMT	AOSC5	UZ29811	UZ29811	same
IECIOFT1	AOSC5	UZ21482	UZ21482	same
IECIOSAM	AOSC5	UZ68196	UZ64419	rmid-differs
IECLMSGC	AOSC5	UZ50248	UZ62873	rmid-differs
IECLMSGD	AOSC5	UZ50248	UZ62873	rmid-differs
IECLMSGG	AOSC5	UZ50248	UZ62873	rmid-differs
IECLMSGM	AOSC5	UZ50248	UZ62873	rmid-differs
IECLMSGT	AOSC5	UZ50248	UZ67316	rmid-differs
IECLMSGU	AOSC5	UZ50248	UZ62873	rmid-differs
IECQBFG1	AOSD0	EDM1102	EDM1102	same
IECTATEN	AOS20	UY76392	UZ57786	rmid-differs
IECTATTN	AOSC5	EDS1102	EDS1102	same
IECTCATN	AOSC5	UZ53852	UZ53852	same
IECTCHGN	AOS20	UZ55396	UZ55396	same
IECTEDIT	AOS20	EBT1102	EBT1102	same
IECTLERP	AOS20	EBT1102	EBT1102	same
IECTLOPN	AOS20	UY74903	UZ31417	rmid-differs
IECTONLT	AOS20	EBT1102	EBT1102	same
IECTSCAN	AOS20	UZ77326	EBT1102	rmid-differs
IECTSVC	AOS20	UZ29482	UZ29482	same
IECTTRNS	AOS20	EBT1102	EBT1102	same
IECVBRSV	AOSC5	FBB1221	FBB1221	same
IECVCINT	AOSC5	UZ64419	UZ64419	same
IECVCRHH	AOSC5	FBB1221	FBB1221	same
IECVDAVV	AOSC5	UZ62826	UZ62826	same
IECVDDT0	AOSC5	UZ90163	UZ90163	same
IECVDDT1	AOSC5	UZ69419	UZ28061	rmid-differs
IECVDERP	AOSC5	UZ74474	UZ57018	rmid-differs
IECVDURP	AOSC5	UZ75618	UZ52410	rmid-differs
IECVERPL	AOSC5	UZ80701	UZ66206	rmid-differs
IECVESIO	AOSC5	UZ64174	UZ53205	rmid-differs
IECVEXCP	AOSC5	UY09531	UZ73316	rmid-differs
IECVEXPR	AOSC5	UY09531	UZ61195	rmid-differs
IECVGENA	AOSC5	UZ57498	UZ57498	same
IECVHDET	AOSC5	UZ61200	UZ61200	same
IECVHIDT	AOSC5	UZ25990	UZ25990	same
IECVHREC	AOSC5	UZ58102	UZ34671	rmid-differs
IECVIOPM	ALPALIB	UZ72152	UZ72152	same
IECVIRST	AOSC5	UZ34080	UZ34080	same
IECVITRP	AOSC5	EBB1102	EBB1102	same
IECVMAP	AOSC5	FBB1221	FBB1221	same
IECVOID	AOSC5	FBB1221	FBB1221	same
IECVOTBL	AOSC5	UZ48970	FBB1221	rmid-differs
IECVPST	AOSC5	UZ69472	UZ69472	same
IECVPURG	AOSC5	UZ67425	UZ67425	same
IECVRDIO	AOSC5	FBB1221	FBB1221	same
IECVRRSV	AOSC5	UZ65945	UZ36457	rmid-differs
IECVRSTI	AOSC5	UZ62613	UZ54753	rmid-differs
IECVSMGR	AOSC5	UZ52902	UZ52902	same
IECVTCCW	AOSC5	UY10657	UY10657	same
IECVURDT	AOSC5	UZ53675	UZ53675	same
IECVURSV	AOSC5	UZ25926	UZ25926	same
IECVXDAS	AOSC5	UZ36540	UZ36540	same
IECVXDAT	AOSC5	FBB1221	FBB1221	same
IECVXDAU	AOSC5	FBB1221	FBB1221	same
IECVXDRS	AOSC5	UZ30377	UZ30377	same
IECVXDRT	AOSC5	FBB1221	FBB1221	same
IECVXGRT	AOSC5	FBB1221	FBB1221	same
IECVXMGN	AOSC5	FBB1221	FBB1221	same
IECVXPRE	AOSC5	FBB1221	FBB1221	same
IECVXSKE	AOSC5	UZ35076	UZ35076	same
IECVXSKN	AOSC5	FBB1221	FBB1221	same
IECVXSKS	AOSC5	FBB1221	FBB1221	same
IECVXT2S	AOSC5	UZ32045	UZ32045	same
IECVXT3S	AOSC5	FBB1221	FBB1221	same
IECVXTAT	AOSC5	FBB1221	FBB1221	same
IECVXTPT	AOSC5	FBB1221	FBB1221	same
IECVXURS	AOSC5	FBB1221	FBB1221	same
IECVXURT	AOSC5	FBB1221	FBB1221	same
IECVXVRS	AOSC5	FBB1221	FBB1221	same
IECVXVRT	AOSC5	FBB1221	FBB1221	same
IECVXVRU	AOSC5	FBB1221	FBB1221	same
IED1303D	AOS21	ETC0108	ETC0108	same
IEDAY1	AOST3	UZ22655	UZ22655	same
IEDAY2	AOST3	ETC0108	ETC0108	same
IEDAY3	AOST3	ETI1106	ETI1106	same
IEDAY8	AOST3	UY31757	UZ25386	rmid-differs
IEDAY88	AOST3	UZ37730	UZ37730	same
IEDAYA	AOS21	UZ56831	UZ56831	same
IEDAYAA	AOST3	UZ56510	UZ56510	same
IEDAYAB	AOS21	ETC0108	ETC0108	same
IEDAYBX	AOS21	ETC0108	ETC0108	same
IEDAYC	AOS21	UZ34573	UZ34573	same
IEDAYD	AOS21	UZ33654	UZ33654	same
IEDAYE	AOS21	ETC0108	ETC0108	same
IEDAYF	AOS21	UZ32848	UZ32848	same
IEDAYGP	AOST3	UZ25281	UZ25281	same
IEDAYH	AOS21	UZ58382	UZ34472	rmid-differs
IEDAYHH	AOST3	UZ37522	UZ37522	same
IEDAYI	AOS21	UZ54830	UZ54830	same
IEDAYII	AOST3	UZ35970	UZ35970	same
IEDAYJ	AOS21	UZ51795	UZ51795	same
IEDAYL	AOS21	UZ54424	UZ54424	same
IEDAYLL	AOST3	ETC0108	ETC0108	same
IEDAYM	AOS21	UZ52584	UZ52584	same
IEDAYN	AOS21	UZ54830	UZ54830	same
IEDAYO	AOS21	UZ54830	UZ54830	same
IEDAYOO	AOST3	UZ56513	UZ56513	same
IEDAYP	AOS21	ETC0108	ETC0108	same
IEDAYQ	AOS21	UZ59749	UZ56311	rmid-differs
IEDAYQT	AOST3	ETC0108	ETC0108	same
IEDAYS	AOS21	UZ55290	UZ55290	same
IEDAYT	AOS21	ETC0108	ETC0108	same
IEDAYV	AOS21	UZ32954	UZ32954	same
IEDAYW	AOS21	UZ32954	UZ32954	same
IEDAYX	AOS21	ETC0108	ETC0108	same
IEDAYY	AOS21	ETC0108	ETC0108	same
IEDAYZ	AOS21	UZ30771	UZ30771	same
IEDAYZZ	AOS21	ETC0108	ETC0108	same
IEDBITN	AOS21	ETC0108	ETC0108	same
IEDBSM	AOS21	ETC0108	ETC0108	same
IEDCMIN	AOS21	UZ33630	UZ33630	same
IEDCMOUT	AOS21	ETC0108	ETC0108	same
IEDCSA	AOS21	ETC0108	ETC0108	same
IEDCSCIN	AOS21	ETC0108	ETC0108	same
IEDDFOUT	AOS21	UZ33247	UZ33247	same
IEDDVAS	AOS21	ETC0108	ETC0108	same
IEDFSSTB	AOS21	ETC0108	ETC0108	same
IEDIAA	AOS21	UZ33204	UZ33204	same
IEDIAB	AOS21	UZ35495	UZ35495	same
IEDIAH	AOS21	UZ31659	UZ31659	same
IEDIAM	AOS21	UZ34835	UZ34835	same
IEDIAP	AOS21	UZ31351	UZ31351	same
IEDIAQ	AOS21	UZ30695	UZ30695	same
IEDIAR	AOS21	ETC0108	ETC0108	same
IEDIAS	AOS21	ETC0108	ETC0108	same
IEDIAU	AOS21	ETC0108	ETC0108	same
IEDKHISC	AOS21	ETC0108	ETC0108	same
IEDLUS	AOS21	UZ34130	UZ34130	same
IEDMVBFR	AOS21	ETC0108	ETC0108	same
IEDN25	AOS21	ETC0108	ETC0108	same
IEDNCU	AOS21	ETC0108	ETC0108	same
IEDNCU2	AOS21	UZ34473	UZ34473	same
IEDNGD	AOS21	UZ29104	UZ29104	same
IEDNID	AOS21	ETC0108	ETC0108	same
IEDNKA	AOS21	UZ32845	UZ32845	same
IEDNLT	AOS21	UZ30259	UZ30259	same
IEDNMG	AOS21	ETC0108	ETC0108	same
IEDNSL	AOS21	UZ62603	UZ33953	rmid-differs
IEDNTR	AOS21	UZ33489	UZ33489	same
IEDOPTN	AOS21	UZ26407	UZ26407	same
IEDPCIN	AOS21	UZ32472	UZ32472	same
IEDPCOUT	AOS21	UZ32472	UZ32472	same
IEDPMD	AOS21	ETC0108	ETC0108	same
IEDQ10	AOS21	ETC0108	ETC0108	same
IEDQ11	AOS21	ETC0108	ETC0108	same
IEDQ12	AOS21	ETC0108	ETC0108	same
IEDQ13	AOS21	ETC0108	ETC0108	same
IEDQ14	AOS21	ETC0108	ETC0108	same
IEDQ16	AOS21	ETC0108	ETC0108	same
IEDQ17	AOS21	ETC0108	ETC0108	same
IEDQ18	AOS21	ETC0108	ETC0108	same
IEDQ19	AOS21	ETC0108	ETC0108	same
IEDQ20	AOS21	ETC0108	ETC0108	same
IEDQ21	AOS21	ETC0108	ETC0108	same
IEDQ22	AOS21	ETC0108	ETC0108	same
IEDQ23	AOS21	ETC0108	ETC0108	same
IEDQ24	AOS21	ETC0108	ETC0108	same
IEDQ25	AOS21	ETC0108	ETC0108	same
IEDQ26	AOS21	ETC0108	ETC0108	same
IEDQ27	AOS21	ETC0108	ETC0108	same
IEDQ28	AOS21	ETC0108	ETC0108	same
IEDQA0	AOS21	UZ52253	UZ52253	same
IEDQA1	AOS21	ETC0108	ETC0108	same
IEDQA2	AOS21	ETC0108	ETC0108	same
IEDQA3	AOS21	UZ26407	UZ26407	same
IEDQA4	AOS21	UZ32861	UZ32861	same
IEDQA5	AOS21	UZ52243	UZ52243	same
IEDQA6	AOS21	UZ62193	UZ51974	rmid-differs
IEDQA7	AOS21	ETC0108	ETC0108	same
IEDQA8	AOS21	ETC0108	ETC0108	same
IEDQA9	AOS21	ETC0108	ETC0108	same
IEDQAA	AOS21	UZ32553	UZ32553	same
IEDQAB	AOS21	ETC0108	ETC0108	same
IEDQAC	AOS21	ETC0108	ETC0108	same
IEDQAD	AOS21	ETC0108	ETC0108	same
IEDQAE	AOS21	UZ26407	UZ26407	same
IEDQAF	AOS21	ETC0108	ETC0108	same
IEDQAG	AOS21	UZ32267	UZ32267	same
IEDQAH	AOS21	UZ26841	UZ26841	same
IEDQAI	AOS21	ETC0108	ETC0108	same
IEDQAJ	AOS21	UZ34282	UZ34282	same
IEDQAK	AOS21	UZ52826	UZ52826	same
IEDQAL	AOS21	ETC0108	ETC0108	same
IEDQAM	AOS21	UZ26892	UZ26892	same
IEDQAN	AOS21	ETC0108	ETC0108	same
IEDQAO	AOS21	ETC0108	ETC0108	same
IEDQAP	AOS21	ETC0108	ETC0108	same
IEDQAQ	AOS21	ETC0108	ETC0108	same
IEDQAR	AOS21	ETC0108	ETC0108	same
IEDQAS	AOS21	UZ34344	UZ34344	same
IEDQAT	AOS21	UZ31603	UZ31603	same
IEDQATTN	AOS21	ETC0108	ETC0108	same
IEDQAU	AOS21	ETC0108	ETC0108	same
IEDQAV	AOS21	ETC0108	ETC0108	same
IEDQAW	AOS21	UZ30038	UZ30038	same
IEDQAX	AOS21	ETC0108	ETC0108	same
IEDQAY	AOS21	ETC0108	ETC0108	same
IEDQAZ	AOS21	UZ30775	UZ30775	same
IEDQB1	AOS21	ETC0108	ETC0108	same
IEDQB2	AOS21	ETC0108	ETC0108	same
IEDQB3	AOS21	ETC0108	ETC0108	same
IEDQB4	AOS21	UZ24158	UZ24158	same
IEDQB7	AOS21	UZ26407	UZ26407	same
IEDQBA	AOS21	UZ26407	UZ26407	same
IEDQBB	AOS21	ETC0108	ETC0108	same
IEDQBC	AOS21	UZ26407	UZ26407	same
IEDQBD	AOS21	UZ34434	UZ34434	same
IEDQBE	AOS21	UZ26635	UZ26635	same
IEDQBF	AOS21	ETC0108	ETC0108	same
IEDQBG	AOS21	ETC0108	ETC0108	same
IEDQBH	AOS21	UZ24650	UZ24650	same
IEDQBI	AOS21	UZ60067	UZ35509	rmid-differs
IEDQBJ	AOS21	UZ26407	UZ26407	same
IEDQBL	AOS21	UZ27847	UZ27847	same
IEDQBM	AOS21	UZ24650	UZ24650	same
IEDQBN	AOS21	ETC0108	ETC0108	same
IEDQBO	AOS21	UZ34120	UZ34120	same
IEDQBP	AOS21	ETC0108	ETC0108	same
IEDQBQ	AOS21	ETC0108	ETC0108	same
IEDQBR	AOS21	ETC0108	ETC0108	same
IEDQBS	AOS21	UZ37410	UZ37410	same
IEDQBT	AOS21	UZ30418	UZ30418	same
IEDQBU	AOS21	UZ25947	UZ25947	same
IEDQBUFF	AOS21	UZ53076	UZ53076	same
IEDQBV	AOS21	ETC0108	ETC0108	same
IEDQBX	AOS21	ETC0108	ETC0108	same
IEDQBY	AOS21	ETC0108	ETC0108	same
IEDQBZ	AOS21	ETC0108	ETC0108	same
IEDQCA	AOS21	UZ31275	UZ31275	same
IEDQDA	AOS21	UZ31470	UZ31470	same
IEDQE1	AOS21	ETC0108	ETC0108	same
IEDQE2	AOS21	ETC0108	ETC0108	same
IEDQE3	AOS21	ETC0108	ETC0108	same
IEDQE4	AOS21	ETC0108	ETC0108	same
IEDQE6	AOS21	ETC0108	ETC0108	same
IEDQE8	AOS21	ETC0108	ETC0108	same
IEDQEB	AOS21	UZ33696	UZ33696	same
IEDQEC	AOS21	UZ26841	UZ26841	same
IEDQES	AOS21	UZ30687	UZ30687	same
IEDQET	AOS21	ETC0108	ETC0108	same
IEDQEU	AOS21	UZ54448	UZ54448	same
IEDQEW	AOS21	UZ30685	UZ30685	same
IEDQFA	AOS21	UZ36429	UZ36429	same
IEDQFA1	AOS21	UZ36429	UZ36429	same
IEDQFA2	AOS21	UZ36429	UZ36429	same
IEDQFE	AOS21	ETC0108	ETC0108	same
IEDQFE10	AOS21	UZ28539	UZ28539	same
IEDQFE20	AOS21	UZ34387	UZ34387	same
IEDQFE30	AOS21	UZ53076	UZ53076	same
IEDQFM	AOS21	UZ33721	UZ33721	same
IEDQFSC	AOS21	UZ61706	UZ56359	rmid-differs
IEDQFW	AOS21	UZ29864	UZ29864	same
IEDQGA	AOS21	UZ64025	UZ34950	rmid-differs
IEDQGH	AOS21	ETC0108	ETC0108	same
IEDQGP	AOS21	ETC0108	ETC0108	same
IEDQGQ	AOS21	UZ55477	UZ55477	same
IEDQGR	AOS21	ETC0108	ETC0108	same
IEDQGT	AOS21	UZ32861	UZ32861	same
IEDQHG	AOS21	ETC0108	ETC0108	same
IEDQHI	AOS21	ETC0108	ETC0108	same
IEDQHK	AOS21	UZ31610	UZ31610	same
IEDQHM	AOS21	UZ34970	UZ34970	same
IEDQHM1	AOS21	UZ34970	UZ34970	same
IEDQHM2	AOS21	UZ34970	UZ34970	same
IEDQIN	AOS21	ETC0108	ETC0108	same
IEDQKA	AOS21	UZ32475	UZ32475	same
IEDQKB	AOS21	UZ32475	UZ32475	same
IEDQKC	AOS21	UZ32475	UZ32475	same
IEDQKD	AOS21	UZ32475	UZ32475	same
IEDQKE	AOS21	UZ32475	UZ32475	same
IEDQNA	AOS21	ETC0108	ETC0108	same
IEDQNA2	AOS21	ETC0108	ETC0108	same
IEDQNB	AOS21	ETC0108	ETC0108	same
IEDQND	AOS21	UZ53093	UZ53093	same
IEDQNF	AOS21	UZ55688	UZ55688	same
IEDQNG	AOS21	UZ26407	UZ26407	same
IEDQNH	AOS21	UZ26407	UZ26407	same
IEDQNJ	AOS21	ETC0108	ETC0108	same
IEDQNK	AOS21	UZ29868	UZ29868	same
IEDQNM	AOS21	UZ26407	UZ26407	same
IEDQNO	AOS21	UZ28265	UZ28265	same
IEDQNP	AOS21	ETC0108	ETC0108	same
IEDQNQ	AOS21	UZ36766	UZ36766	same
IEDQNR	AOS21	ETC0108	ETC0108	same
IEDQNS	AOS21	UZ27510	UZ27510	same
IEDQNT	AOS21	ETC0108	ETC0108	same
IEDQNU	AOS21	ETC0108	ETC0108	same
IEDQNV	AOS21	ETC0108	ETC0108	same
IEDQNW	AOS21	ETC0108	ETC0108	same
IEDQNX	AOS21	UZ33242	UZ33242	same
IEDQOA	AOS21	UZ36584	UZ36584	same
IEDQOB	AOS21	ETC0108	ETC0108	same
IEDQOT01	AOS21	UZ30764	UZ30764	same
IEDQRS	AOS21	UZ35467	UZ35467	same
IEDQSBT	AOS21	UZ55744	UZ55744	same
IEDQTL	AOS21	ETC0108	ETC0108	same
IEDQUI	AOS21	ETC0108	ETC0108	same
IEDQW25	AOS21	ETC0108	ETC0108	same
IEDQW33	AOS21	ETC0108	ETC0108	same
IEDQW42	AOS21	ETC0108	ETC0108	same
IEDQW44	AOS21	ETC0108	ETC0108	same
IEDQW47	AOS21	ETC0108	ETC0108	same
IEDQWA	AOS21	ETC0108	ETC0108	same
IEDQWA1	AOS21	ETC0108	ETC0108	same
IEDQWAA	AOS21	ETC0108	ETC0108	same
IEDQWAB	AOS21	ETC0108	ETC0108	same
IEDQWAC	AOS21	ETC0108	ETC0108	same
IEDQWAJ	AOS21	ETC0108	ETC0108	same
IEDQWB	AOS21	ETC0108	ETC0108	same
IEDQWB1	AOS21	ETC0108	ETC0108	same
IEDQWB2	AOS21	UZ34772	UZ34772	same
IEDQWC	AOS21	ETC0108	ETC0108	same
IEDQWC1	AOS21	ETC0108	ETC0108	same
IEDQWC2	AOS21	ETC0108	ETC0108	same
IEDQWD	AOS21	ETC0108	ETC0108	same
IEDQWE	AOS21	ETC0108	ETC0108	same
IEDQWE2	AOS21	UZ24150	UZ24150	same
IEDQWEC	AOS21	ETC0108	ETC0108	same
IEDQWF	AOS21	ETC0108	ETC0108	same
IEDQWF1	AOS21	ETC0108	ETC0108	same
IEDQWH	AOS21	ETC0108	ETC0108	same
IEDQWI	AOS21	ETC0108	ETC0108	same
IEDQWI5U	AOS21	ETC0108	ETC0108	same
IEDQWI7	AOS21	ETC0108	ETC0108	same
IEDQWI8	AOS21	ETC0108	ETC0108	same
IEDQWI9	AOS21	ETC0108	ETC0108	same
IEDQWIA	AOS21	ETC0108	ETC0108	same
IEDQWID	AOS21	ETC0108	ETC0108	same
IEDQWIE	AOS21	ETC0108	ETC0108	same
IEDQWJ	AOS21	ETC0108	ETC0108	same
IEDQWJ1	AOS21	ETC0108	ETC0108	same
IEDQWJ2	AOS21	ETC0108	ETC0108	same
IEDQWK	AOS21	ETC0108	ETC0108	same
IEDQWL	AOS21	ETC0108	ETC0108	same
IEDQWL1	AOS21	ETC0108	ETC0108	same
IEDQWL2	AOS21	ETC0108	ETC0108	same
IEDQWL3	AOS21	ETC0108	ETC0108	same
IEDQWM2	AOS21	ETC0108	ETC0108	same
IEDQWN	AOS21	ETC0108	ETC0108	same
IEDQWO	AOS21	UZ34772	UZ34772	same
IEDQWP	AOS21	ETC0108	ETC0108	same
IEDQWP1	AOS21	ETC0108	ETC0108	same
IEDQWP2	AOS21	ETC0108	ETC0108	same
IEDQWQ	AOS21	ETC0108	ETC0108	same
IEDQWR	AOS21	ETC0108	ETC0108	same
IEDQWS	AOS21	ETC0108	ETC0108	same
IEDQWX	AOS21	ETC0108	ETC0108	same
IEDQWY	AOS21	ETC0108	ETC0108	same
IEDQXA	AOS21	ETC0108	ETC0108	same
IEDQXB	AOS21	UZ34217	UZ34217	same
IEDQXC	AOS21	UZ31713	UZ31713	same
IEDRQIN	AOS21	ETC0108	ETC0108	same
IEDRSPIN	AOS21	UZ32012	UZ32012	same
IEDSAC	AOS21	UZ33822	UZ33822	same
IEDSAI	AOS21	UZ31752	UZ31752	same
IEDSAO	AOS21	UZ30737	UZ30737	same
IEDSARI	AOS21	UZ32572	UZ32572	same
IEDSCLU	AOS21	ETC0108	ETC0108	same
IEDSCPDS	AOS21	UZ27476	UZ27476	same
IEDSCPRP	AOS21	ETC0108	ETC0108	same
IEDSCPRQ	AOS21	UZ30586	UZ30586	same
IEDSCPSS	AOS21	ETC0108	ETC0108	same
IEDSNS	AOS21	UZ26635	UZ26635	same
IEDTEDIT	AOS21	UZ24650	UZ24650	same
IEDUNBND	AOS21	UZ24650	UZ24650	same
IEDUSSTB	AOS21	UZ24650	UZ24650	same
IEDXFMI	AOS21	ETC0108	ETC0108	same
IEDXFMO	AOS21	ETC0108	ETC0108	same
IEDXTREQ	AOS21	ETC0108	ETC0108	same
IEE0003D	AOSB3	UZ52149	UZ52149	same
IEE00110	AOSB3	EBB1102	EBB1102	same
IEE0303D	AOSB3	UZ27390	UZ27390	same
IEE0403D	AOSB3	UZ33858	UZ33858	same
IEE0503D	AOSB3	FBB1221	FBB1221	same
IEE0603D	AOSB3	EBB1102	EBB1102	same
IEE0703D	AOSB3	UZ34227	UZ34227	same
IEE0803D	AOSB3	UZ51345	FBB1221	rmid-differs
IEE10110	AOSC5	FBB1221	FBB1221	same
IEE11110	AOSC5	EBB1102	EBB1102	same
IEE12110	AOSC5	EBB1102	EBB1102	same
IEE1403D	AOSB3	UZ45158	FBB1221	rmid-differs
IEE1603D	AOSB3	EBB1102	EBB1102	same
IEE20110	AOSC5	UZ23362	UZ23362	same
IEE21110	AOSC5	EBB1102	EBB1102	same
IEE22110	AOSC5	EBB1102	EBB1102	same
IEE2303D	AOSB3	EBB1102	EBB1102	same
IEE23110	AOSC5	UZ23360	UZ23360	same
IEE2903D	AOSB3	UZ32818	UZ32818	same
IEE3103D	AOSB3	UZ26628	UZ26628	same
IEE3203D	AOSB3	UZ45157	EBB1102	rmid-differs
IEE3303D	AOSB3	UZ26628	UZ26628	same
IEE3503D	AOSB3	UZ45157	EBB1102	rmid-differs
IEE3603D	AOSB3	UZ36990	UZ36990	same
IEE3703D	AOSB3	UZ27373	UZ27373	same
IEE40110	AOSC5	UZ26889	UZ26889	same
IEE4103D	AOSB3	EBB1102	EBB1102	same
IEE4203D	AOSB3	UZ34774	UZ34774	same
IEE4303D	AOSB3	EBB1102	EBB1102	same
IEE4403D	AOSB3	UZ26628	UZ26628	same
IEE4603D	AOSB3	UZ61267	UZ61267	same
IEE4703D	AOSB3	UZ26628	UZ26628	same
IEE4803D	AOSB3	UZ26628	UZ26628	same
IEE4903D	AOSB3	UZ26628	UZ26628	same
IEE5103D	AOSB3	UZ52149	UZ52149	same
IEE5403D	AOSB3	FBB1221	FBB1221	same
IEE5503D	AOSB3	EBB1102	EBB1102	same
IEE5603D	AOSB3	UZ53024	UZ53024	same
IEE5703D	AOSB3	EBB1102	EBB1102	same
IEE5903D	AOSB3	FBB1221	FBB1221	same
IEE6303D	AOSB3	EBB1102	EBB1102	same
IEE6403D	AOSB3	EBB1102	EBB1102	same
IEE6503D	AOSC5	UZ30540	UZ30540	same
IEE6603D	AOSC5	EBB1102	EBB1102	same
IEE6703D	AOSB3	UZ52491	UZ52491	same
IEE6803D	AOSB3	UZ29400	UZ29400	same
IEE6903D	AOSB3	UZ29400	UZ29400	same
IEE70110	AOSB3	UZ26535	UZ26535	same
IEE7103D	AOSB3	EBB1102	EBB1102	same
IEE7203D	AOSB3	EBB1102	EBB1102	same
IEE7303D	AOSB3	UZ26628	UZ26628	same
IEE7503D	AOSB3	UZ37025	UZ37025	same
IEE7703D	AOSB3	EBB1102	EBB1102	same
IEE7803D	AOSB3	UZ36914	UZ36914	same
IEE8603D	AOSC5	EBB1102	EBB1102	same
IEE8B03D	AOSB3	UZ53225	UZ53225	same
IEE90110	AOSB3	EBB1102	EBB1102	same
IEE9403D	AOSB3	EBB1102	EBB1102	same
IEEAB400	AOSB3	UZ27100	UZ27100	same
IEEAB401	AOSB3	UZ27100	UZ27100	same
IEEBASEC	AOSB3	FBB1221	FBB1221	same
IEEC2740	AOSC5	UZ71108	UZ71108	same
IEECB800	AOSB3	UZ55925	UZ55925	same
IEECB801	AOSB3	EBB1102	EBB1102	same
IEECB806	AOSB3	FBB1221	FBB1221	same
IEECB860	AOSB3	UZ21690	UZ21690	same
IEECB866	AOSB3	UZ33883	UZ33883	same
IEECB900	AOSB3	EBB1102	EBB1102	same
IEECB901	AOSB3	EBB1102	EBB1102	same
IEECB904	AOSB3	UZ55971	UZ55971	same
IEECB905	AOSC5	UZ32328	UZ32328	same
IEECB906	AOSC5	UZ70880	FBB1221	rmid-differs
IEECB907	AOSC5	UZ52937	UZ52937	same
IEECB908	AOSC5	FBB1221	FBB1221	same
IEECB909	AOSC5	UZ37878	UZ37878	same
IEECB910	AOSC5	EBB1102	EBB1102	same
IEECB911	AOSC5	EBB1102	EBB1102	same
IEECB912	AOSC5	UZ27734	UZ27734	same
IEECB914	AOSC5	UZ71281	FBB1221	rmid-differs
IEECB915	AOSC5	FBB1221	FBB1221	same
IEECLEAN	AOSC5	UZ54099	UZ54099	same
IEECVET1	AOSC5	UZ61917	UZ61917	same
IEECVET2	AOSC5	UZ24108	UZ24108	same
IEECVET3	AOSC5	UZ29751	UZ29751	same
IEECVET4	AOSC5	UZ33933	UZ33933	same
IEECVET6	AOSC5	UZ33931	UZ33931	same
IEECVET7	AOSC5	EBB1102	EBB1102	same
IEECVET8	AOSC5	UZ33931	UZ33931	same
IEECVET9	AOSC5	UZ34405	UZ34405	same
IEECVETA	AOSC5	UZ33931	UZ33931	same
IEECVETC	AOSC5	UZ35148	UZ35148	same
IEECVETD	AOSC5	EBB1102	EBB1102	same
IEECVETE	AOSC5	UZ32817	UZ32817	same
IEECVETF	AOSC5	EBB1102	EBB1102	same
IEECVETG	AOSC5	UZ30335	UZ30335	same
IEECVETH	AOSC5	EBB1102	EBB1102	same
IEECVETJ	AOSC5	UZ55797	UZ55797	same
IEECVETK	AOSC5	UZ56928	UZ56928	same
IEECVETP	AOSC5	EBB1102	EBB1102	same
IEECVETQ	AOSC5	EBB1102	EBB1102	same
IEECVETR	AOSC5	EBB1102	EBB1102	same
IEECVETU	AOSC5	EBB1102	EBB1102	same
IEECVETV	AOSC5	UZ35462	UZ35462	same
IEECVETW	AOSC5	UZ74989	UZ61918	rmid-differs
IEECVFT1	AOSC5	EBB1102	EBB1102	same
IEECVFT2	AOSC5	UZ35980	UZ35980	same
IEECVFTA	AOSC5	EBB1102	EBB1102	same
IEECVFTB	AOSC5	UZ33930	UZ33930	same
IEECVFTD	AOSC5	EBB1102	EBB1102	same
IEECVFTG	AOSC5	UZ25551	UZ25551	same
IEECVFTL	AOSC5	UZ35980	UZ35980	same
IEECVFTM	AOSC5	UZ58527	UZ58527	same
IEECVFTN	AOSC5	UZ36265	UZ36265	same
IEECVFTO	AOSC5	UZ58193	UZ58193	same
IEECVFTP	AOSC5	UZ52158	UZ52158	same
IEECVFTQ	AOSC5	UZ58193	UZ58193	same
IEECVFTR	AOSC5	EBB1102	EBB1102	same
IEECVFTT	AOSC5	EBB1102	EBB1102	same
IEECVGCI	AOSC5	UZ33324	UZ33324	same
IEECVXIT	AOSC5	EBB1102	EBB1102	same
IEEDISPD	ALPALIB	EBB1102	EBB1102	same
IEEMB803	AOSB3	UY32723	UZ64627	rmid-differs
IEEMB804	AOSB3	UZ48270	UZ80275	rmid-differs
IEEMB805	AOSB3	UZ30678	UZ30678	same
IEEMB806	AOSB3	UY11943	EBB1102	rmid-differs
IEEMB807	AOSB3	EBB1102	EBB1102	same
IEEMB808	AOSB3	FBB1221	FBB1221	same
IEEMB809	AOSB3	FBB1221	FBB1221	same
IEEMB810	AOSB3	UZ27143	UZ27143	same
IEEMB811	AOSB3	FBB1221	FBB1221	same
IEEMB812	AOSB3	FBB1221	FBB1221	same
IEEMB813	AOSB3	UZ26628	UZ26628	same
IEEMB814	AOSB3	FBB1221	FBB1221	same
IEEMB815	AOSC5	EBB1102	EBB1102	same
IEEMB816	AOSB3	FBB1221	FBB1221	same
IEEMB820	AOS00	EBB1102	EBB1102	same
IEEMB821	AOS00	EBB1102	EBB1102	same
IEEMB822	AOS00	EBB1102	EBB1102	same
IEEMB823	AOS00	UZ25628	UZ25628	same
IEEMB824	AOS00	EBB1102	EBB1102	same
IEEMB825	AOS00	UZ34226	UZ34226	same
IEEMB826	AOS00	EBB1102	EBB1102	same
IEEMB827	AOS00	EBB1102	EBB1102	same
IEEMB828	AOS00	EBB1102	EBB1102	same
IEEMB829	AOS00	UZ21392	UZ21392	same
IEEMB830	AOS00	EBB1102	EBB1102	same
IEEMB860	AOSB3	UZ29621	UZ29621	same
IEEMB876	AOSB3	FBB1221	FBB1221	same
IEEMB877	AOSB3	FBB1221	FBB1221	same
IEEMB878	AOSB3	FBB1221	FBB1221	same
IEEMB879	AOSB3	UZ78177	UZ33013	rmid-differs
IEEMB880	AOSB3	FBB1221	FBB1221	same
IEEMPDEV	AOSC5	UZ35077	UZ35077	same
IEEMPDM	AOSC5	UZ27336	UZ27336	same
IEEMPS03	AOSC5	UZ34746	UZ34746	same
IEEMPVST	AOSC5	UZ36392	UZ36392	same
IEEPALTR	AOSB3	EBB1102	EBB1102	same
IEEPRTN2	AOSB3	UZ51349	EBB1102	rmid-differs
IEEPRWI2	AOSB3	EBB1102	EBB1102	same
IEESB601	AOSB3	EBB1102	EBB1102	same
IEESB605	AOSB3	UZ25780	UZ25780	same
IEESB606	AOSB3	EBB1102	EBB1102	same
IEESB665	AOSB3	EBB1102	EBB1102	same
IEESB670	AOSB3	EBB1102	EBB1102	same
IEESTPRS	AOSC5	UZ28427	UZ28427	same
IEEVALST	AOSC5	UZ35179	UZ35179	same
IEEVCPU	AOSC5	UZ57937	UZ54417	rmid-differs
IEEVDCCR	AOSC5	UZ55331	UZ55331	same
IEEVDEV	AOSC5	FBB1221	FBB1221	same
IEEVDUMY	AOSC5	EBB1102	EBB1102	same
IEEVDUS1	AOST4	EBB1102	EBB1102	same
IEEVEXSN	AOSC5	UZ56445	UZ37142	rmid-differs
IEEVIPL	AOSB3	UZ79442	UZ28779	rmid-differs
IEEVJCL	AOSB3	EBB1102	EBB1102	same
IEEVLDWT	AOSC5	FBB1221	FBB1221	same
IEEVMNT1	AOSB3	EBB1102	EBB1102	same
IEEVMNT2	AOSB3	UZ36796	UZ36796	same
IEEVPTH	AOSC5	UZ37971	UZ37971	same
IEEVSDIO	AOST4	UZ39679	UZ39679	same
IEEVSEND	AOST4	UZ68493	UZ68493	same
IEEVSMSG	AOSB3	EBB1102	EBB1102	same
IEEVSND2	AOST4	UZ32555	UZ32555	same
IEEVSND3	AOST4	UZ47795	UZ31571	rmid-differs
IEEVSND4	AOST4	EBB1102	EBB1102	same
IEEVSND5	AOST4	EBB1102	EBB1102	same
IEEVSND6	AOST4	EBB1102	EBB1102	same
IEEVSND8	AOST4	EBB1102	EBB1102	same
IEEVSND9	AOST4	EBB1102	EBB1102	same
IEEVSTAR	AOSB3	EBB1102	EBB1102	same
IEEVSTOP	AOSC5	UZ53776	UZ53776	same
IEEVWAIT	AOSB3	FBB1221	FBB1221	same
IEEVWKUP	AOSC5	UZ52515	UZ52515	same
IEEXEDNA	AOSB3	UZ23584	UZ23584	same
IEFAB421	AOSB3	UZ58427	UZ36568	rmid-differs
IEFAB422	AOSB3	EBB1102	EBB1102	same
IEFAB423	AOSB3	UZ65417	UZ65417	same
IEFAB424	AOSB3	EBB1102	EBB1102	same
IEFAB425	AOSB3	EBB1102	EBB1102	same
IEFAB426	AOSB3	UY31727	EBB1102	rmid-differs
IEFAB427	AOSB3	UZ36250	UZ36250	same
IEFAB428	AOSB3	EBB1102	EBB1102	same
IEFAB430	AOSB3	EBB1102	EBB1102	same
IEFAB431	AOSB3	UZ59776	UZ59776	same
IEFAB432	AOSB3	UZ78302	UZ28062	rmid-differs
IEFAB433	AOSB3	UZ25269	UZ25269	same
IEFAB434	AOSB3	UZ59776	UZ59776	same
IEFAB435	AOSB3	UZ60808	UZ60808	same
IEFAB436	AOSB3	UZ59633	UZ59633	same
IEFAB438	AOSB3	EBB1102	EBB1102	same
IEFAB440	AOSB3	EBB1102	EBB1102	same
IEFAB441	AOSB3	UZ60783	UZ60783	same
IEFAB442	AOSB3	EBB1102	EBB1102	same
IEFAB445	AOSB3	EBB1102	EBB1102	same
IEFAB451	AOSB3	EBB1102	EBB1102	same
IEFAB452	AOSB3	UY32725	EBB1102	rmid-differs
IEFAB453	AOSB3	EBB1102	EBB1102	same
IEFAB454	AOSB3	EBB1102	EBB1102	same
IEFAB455	AOSB3	UZ63499	UZ63499	same
IEFAB456	AOSB3	UZ61977	UZ61977	same
IEFAB457	AOSB3	UZ26060	UZ26060	same
IEFAB458	AOSB3	UZ84276	EBB1102	rmid-differs
IEFAB459	AOSB3	UZ70212	UZ70212	same
IEFAB461	AOSB3	UZ66553	UZ66553	same
IEFAB463	AOSB3	EBB1102	EBB1102	same
IEFAB464	AOSB3	UZ50553	UZ50553	same
IEFAB466	AOSB3	EBB1102	EBB1102	same
IEFAB469	AOSB3	UZ26145	UZ26145	same
IEFAB470	AOSB3	FBB1221	FBB1221	same
IEFAB471	AOSB3	UZ24978	UZ24978	same
IEFAB472	AOSB3	UZ35680	UZ35680	same
IEFAB473	AOSB3	EBB1102	EBB1102	same
IEFAB474	AOSB3	UZ25269	UZ25269	same
IEFAB475	AOSB3	EBB1102	EBB1102	same
IEFAB476	AOSB3	EBB1102	EBB1102	same
IEFAB477	AOSB3	UZ26826	UZ26826	same
IEFAB478	AOSB3	EBB1102	EBB1102	same
IEFAB479	AOSB3	EBB1102	EBB1102	same
IEFAB480	AOSB3	EBB1102	EBB1102	same
IEFAB481	AOSB3	EBB1102	EBB1102	same
IEFAB485	AOSB3	UZ26826	UZ26826	same
IEFAB486	AOSB3	UZ25269	UZ25269	same
IEFAB487	AOSB3	UZ24977	UZ24977	same
IEFAB488	AOSB3	UZ34295	UZ34295	same
IEFAB489	AOSB3	EBB1102	EBB1102	same
IEFAB48A	AOSB3	UZ24977	UZ24977	same
IEFAB490	AOSB3	UZ64948	UZ64948	same
IEFAB491	AOSB3	UZ24977	UZ24977	same
IEFAB492	AOSB3	UZ59776	UZ59776	same
IEFAB493	AOSB3	EBB1102	EBB1102	same
IEFAB494	AOSB3	UZ25162	UZ25162	same
IEFAB495	AOSB3	EBB1102	EBB1102	same
IEFAB496	AOSB3	UZ29972	UZ29972	same
IEFAB498	AOSB3	EBB1102	EBB1102	same
IEFAB499	AOSB3	EBB1102	EBB1102	same
IEFAB49A	AOSB3	UZ29972	UZ29972	same
IEFAB49B	AOSB3	UZ29972	UZ29972	same
IEFAB49C	AOSB3	EBB1102	EBB1102	same
IEFAB4A0	AOSB3	EBB1102	EBB1102	same
IEFAB4A2	AOSB3	UZ75723	UZ75723	same
IEFAB4A3	AOSB3	EBB1102	EBB1102	same
IEFAB4A4	AOSB3	UZ25921	UZ25921	same
IEFAB4A6	AOSB3	EBB1102	EBB1102	same
IEFAB4A8	AOSB3	UZ58580	UZ58580	same
IEFAB4B0	AOSB3	EBB1102	EBB1102	same
IEFAB4B2	AOSB3	EBB1102	EBB1102	same
IEFAB4DC	AOSB3	UZ52881	UZ52881	same
IEFAB4DD	AOSB3	EBB1102	EBB1102	same
IEFAB4DE	AOSB3	EBB1102	EBB1102	same
IEFAB4E0	AOSB3	UZ25162	UZ25162	same
IEFAB4E1	AOSB3	EBB1102	EBB1102	same
IEFAB4E2	AOSB3	UZ35926	UZ35926	same
IEFAB4E3	AOSB3	EBB1102	EBB1102	same
IEFAB4E4	AOSB3	EBB1102	EBB1102	same
IEFAB4E5	AOSB3	UZ64216	UZ64216	same
IEFAB4E6	AOSB3	EBB1102	EBB1102	same
IEFAB4E7	AOSB3	EBB1102	EBB1102	same
IEFAB4E8	AOSB3	UZ35926	UZ35926	same
IEFAB4E9	AOSB3	EBB1102	EBB1102	same
IEFAB4EA	AOSB3	UZ26145	UZ26145	same
IEFAB4EB	AOSB3	EBB1102	EBB1102	same
IEFAB4EC	AOSB3	UZ24978	UZ24978	same
IEFAB4ED	AOSB3	FBB1221	FBB1221	same
IEFAB4EE	AOSB3	UZ38435	UZ38435	same
IEFAB4EF	AOSB3	UZ26145	UZ26145	same
IEFAB4F0	AOSB3	EBB1102	EBB1102	same
IEFAB4F1	AOSB3	EBB1102	EBB1102	same
IEFAB4F2	AOSB3	EBB1102	EBB1102	same
IEFAB4F3	AOSB3	EBB1102	EBB1102	same
IEFAB4F4	AOSB3	UZ57652	UZ57652	same
IEFAB4F5	AOSB3	UZ69154	UZ69154	same
IEFAB4F6	AOSB3	EBB1102	EBB1102	same
IEFAB4F7	AOSB3	EBB1102	EBB1102	same
IEFAB4F8	AOSB3	EBB1102	EBB1102	same
IEFAB4F9	AOSB3	EBB1102	EBB1102	same
IEFAB4FA	AOSB3	UZ58819	UZ58819	same
IEFAB4FC	AOSB3	UZ27238	UZ27238	same
IEFAB4FD	AOSB3	EBB1102	EBB1102	same
IEFAB4FE	AOSB3	EBB1102	EBB1102	same
IEFAB4FF	AOSB3	EBB1102	EBB1102	same
IEFAB4M4	AOSB3	EBB1102	EBB1102	same
IEFAB4M5	AOSB3	EBB1102	EBB1102	same
IEFAB4M6	AOSB3	EBB1102	EBB1102	same
IEFAB4M7	AOSB3	EBB1102	EBB1102	same
IEFAB4M9	AOSB3	EBB1102	EBB1102	same
IEFAB4SF	AOSB3	UZ31056	UZ31056	same
IEFAB4UV	AOSB3	FBB1221	FBB1221	same
IEFAB820	AOSB3	EBB1102	EBB1102	same
IEFACT	AOSB3	EBB1102	EBB1102	same
IEFACTRT	AOSB3	EBB1102	EBB1102	same
IEFAQTOP	AOSB3	FBB1221	FBB1221	same
IEFATECB	AOSB3	EBB1102	EBB1102	same
IEFBB401	AOSB3	EBB1102	EBB1102	same
IEFBB402	AOSB3	UZ72478	UZ72478	same
IEFBB404	AOSB3	EBB1102	EBB1102	same
IEFBB410	AOSB3	UZ37446	UZ37446	same
IEFBB412	AOSB3	EBB1102	EBB1102	same
IEFBB414	AOSB3	EBB1102	EBB1102	same
IEFBB416	AOSB3	UZ63499	UZ63499	same
IEFBB4M1	AOSB3	EBB1102	EBB1102	same
IEFBB4M2	AOSB3	EBB1102	EBB1102	same
IEFBB4M3	AOSB3	UZ59776	UZ59776	same
IEFBB4M4	AOSB3	EBB1102	EBB1102	same
IEFBB4M5	AOSB3	EBB1102	EBB1102	same
IEFBR14	AOSB3	EBB1102	EBB1102	same
IEFDB400	AOSB3	UZ61932	UZ61932	same
IEFDB401	AOSB3	EBB1102	EBB1102	same
IEFDB402	AOSB3	EBB1102	EBB1102	same
IEFDB403	AOSB3	EBB1102	EBB1102	same
IEFDB410	AOSB3	UZ65874	UZ65874	same
IEFDB411	AOSB3	UZ57383	UZ57383	same
IEFDB412	AOSB3	UZ53846	UZ53846	same
IEFDB413	AOSB3	UZ63293	UZ63293	same
IEFDB414	AOSB3	UZ57077	UZ57077	same
IEFDB417	AOSB3	EBB1102	EBB1102	same
IEFDB418	AOSB3	UZ63301	UZ63301	same
IEFDB450	AOSB3	EBB1102	EBB1102	same
IEFDB460	AOSB3	EBB1102	EBB1102	same
IEFDB470	AOSB3	UZ22035	UZ22035	same
IEFDB480	AOSB3	EBB1102	EBB1102	same
IEFDB481	AOSB3	EBB1102	EBB1102	same
IEFDB490	AOSB3	EBB1102	EBB1102	same
IEFDB4A0	AOSB3	UZ53724	UZ53724	same
IEFDB4A1	AOSB3	UZ54554	UZ54554	same
IEFDB4D0	AOST4	UZ53312	UZ53312	same
IEFDB4F8	AOSB3	UZ37503	UZ37503	same
IEFDB4F9	AOSB3	UZ37503	UZ37503	same
IEFDB4FA	AOSB3	EBB1102	EBB1102	same
IEFDB4FB	AOSB3	EBB1102	EBB1102	same
IEFDB4FC	AOSB3	EBB1102	EBB1102	same
IEFDB4FD	AOSB3	EBB1102	EBB1102	same
IEFDB4FE	AOSB3	EBB1102	EBB1102	same
IEFDB4FF	AOSB3	EBB1102	EBB1102	same
IEFDPOST	AOSB3	EBB1102	EBB1102	same
IEFDSLST	AOSB3	EBB1102	EBB1102	same
IEFDSTBL	AOSB3	EBB1102	EBB1102	same
IEFEB400	AOSB3	UZ60947	FBB1221	rmid-differs
IEFEB4M1	AOSB3	FBB1221	FBB1221	same
IEFI922B	AOSB3	EBB1102	EBB1102	same
IEFIB600	AOSB3	FBB1221	FBB1221	same
IEFIB605	AOSB3	EBB1102	EBB1102	same
IEFIB620	AOSB3	EBB1102	EBB1102	same
IEFIB621	AOSB3	UZ61982	UZ61982	same
IEFIB645	AOSB3	EBB1102	EBB1102	same
IEFIB650	AOSB3	UZ72648	UZ72648	same
IEFIB660	AOSB3	UZ37503	UZ37503	same
IEFICATL	AOSB3	EBB1102	EBB1102	same
IEFICPUA	AOSB3	EBB1102	EBB1102	same
IEFIIC	AOSB3	UZ61982	UZ61982	same
IEFIMASK	AOSB3	EBB1102	EBB1102	same
IEFIRECM	AOSB3	EBB1102	EBB1102	same
IEFISEXR	AOSB3	EBB1102	EBB1102	same
IEFJACTL	AOSB3	EBB1102	EBB1102	same
IEFJCDLT	AOSB3	EBB1102	EBB1102	same
IEFJCNTL	AOSB3	UZ33647	UZ33647	same
IEFJDIRD	AOSB3	EBB1102	EBB1102	same
IEFJDSNA	AOSB3	EBB1102	EBB1102	same
IEFJDWRT	AOSB3	EBB1102	EBB1102	same
IEFJESDM	AOSB3	FBB1221	FBB1221	same
IEFJESNM	AOSB3	EBB1102		only-TK5
IEFJJCLS	AOSB3	EBB1102	EBB1102	same
IEFJJOBS	AOSB3	EBB1102	EBB1102	same
IEFJJTRM	AOSB3	EBB1102	EBB1102	same
IEFJRASP	AOSB3	EBB1102	EBB1102	same
IEFJREAD	AOSB3	EBB1102	EBB1102	same
IEFJRECM	AOSB3	EBB1102	EBB1102	same
IEFJSDTN	AOSB3	UY02859	EBB1102	rmid-differs
IEFJSINT	AOSB3	EBB1102	EBB1102	same
IEFJSREQ	AOSB3	EBB1102	EBB1102	same
IEFJSSNT	AOSB3	EBB1102	EBB1102	same
IEFJSWT	AOSB3	UZ25987	UZ25987	same
IEFJWRTE	AOSB3	EBB1102	EBB1102	same
IEFJWTOM	AOSB3	UY27599	EBB1102	rmid-differs
IEFNB901	AOSB3	UY09721	UZ65878	rmid-differs
IEFNB902	AOSB3	EDM1102	EDM1102	same
IEFNB903	AOSB3	UZ51830	UZ51830	same
IEFNB9CR	AOSB3	EBB1102	EBB1102	same
IEFNB9CT	AOSB3	EBB1102	EBB1102	same
IEFNB9IR	AOSB3	EBB1102	EBB1102	same
IEFNB9IT	AOSB3	EBB1102	EBB1102	same
IEFQB550	AOSB3	UZ33391	UZ33391	same
IEFQB555	AOSB3	UZ54232	UZ54232	same
IEFQB580	AOSB3	EBB1102	EBB1102	same
IEFQB585	AOSB3	EBB1102	EBB1102	same
IEFRPREP	AOSB3	UY31192	EBB1102	rmid-differs
IEFRSTRT	AOSB3	EBB1102	EBB1102	same
IEFSCAN	AOSB3	EBB1102	EBB1102	same
IEFSD087	AOSB0	UZ26378	UZ26378	same
IEFSD088	AOSB0	UZ26378	UZ26378	same
IEFSD089	AOSB0	UZ71633	UZ26378	rmid-differs
IEFSD094	AOSB0	UZ26378	UZ26378	same
IEFSD095	AOSB0	UZ26378	UZ26378	same
IEFSD101	AOSB3	UY02270	EBB1102	rmid-differs
IEFSD102	AOSB3	UZ72648	UZ72648	same
IEFSD103	AOSB3	UZ33323	UZ33323	same
IEFSD160	AOSB3	EBB1102	EBB1102	same
IEFSD161	AOSB3	UZ30512	UZ30512	same
IEFSD162	AOSB3	UZ22590	UZ22590	same
IEFSD164	AOSB3	UZ43063	UZ52808	rmid-differs
IEFSD166	AOSB3	UZ39902	UZ39902	same
IEFSD263	AOSB3	UZ67391	UZ67391	same
IEFSDTTE	AOSB0	UZ54391	UZ54391	same
IEFSDXXX	AOSB0	UZ26378	UZ26378	same
IEFSMFIE	AOSB3	UZ31977	UZ31977	same
IEFTB720	AOSB3	EBB1102	EBB1102	same
IEFTB721	AOSB3	UZ37452	UZ37452	same
IEFTB722	AOSB3	UZ37452	UZ37452	same
IEFTB723	AOSB3	UZ27145	UZ27145	same
IEFU29	AOS00	EBB1102	EBB1102	same
IEFU83	AOS00	EBB1102	EBB1102	same
IEFUJI	AOSB3	EBB1102	EBB1102	same
IEFUJP	ALPALIB	EBB1102	EBB1102	same
IEFUJV	AOSB3	EBB1102	EBB1102	same
IEFUSI	AOSB3	EBB1102	EBB1102	same
IEFUSO	ALPALIB	EBB1102	EBB1102	same
IEFUTL	AOSB3	EBB1102	EBB1102	same
IEFVDA	AOSB3	UZ64963	UZ64963	same
IEFVDBSD	AOSB3	UZ27637	UZ27637	same
IEFVEA	AOSB3	UZ36835	UZ36835	same
IEFVFA	AOSB3	UZ69627	UZ69627	same
IEFVFB	AOSB3	UY28299	UZ80285	rmid-differs
IEFVGI	AOSB3	EBB1102	EBB1102	same
IEFVGK	AOSB3	EBB1102	EBB1102	same
IEFVGM	AOSB3	UZ58715	UZ58715	same
IEFVGM1	AOSB3	EBB1102	EBB1102	same
IEFVGM10	AOSB3	EBB1102	EBB1102	same
IEFVGM11	AOSB3	EBB1102	EBB1102	same
IEFVGM12	AOSB3	EBB1102	EBB1102	same
IEFVGM13	AOSB3	EBB1102	EBB1102	same
IEFVGM14	AOSB3	EBB1102	EBB1102	same
IEFVGM15	AOSB3	EBB1102	EBB1102	same
IEFVGM16	AOSB3	EBB1102	EBB1102	same
IEFVGM17	AOSB3	EBB1102	EBB1102	same
IEFVGM18	AOSB3	EBB1102	EBB1102	same
IEFVGM19	AOSB3	EBB1102	EBB1102	same
IEFVGM2	AOSB3	EBB1102	EBB1102	same
IEFVGM3	AOSB3	EBB1102	EBB1102	same
IEFVGM4	AOSB3	EBB1102	EBB1102	same
IEFVGM5	AOSB3	EBB1102	EBB1102	same
IEFVGM6	AOSB3	EBB1102	EBB1102	same
IEFVGM67	AOSB3	EBB1102	EBB1102	same
IEFVGM7	AOSB3	EBB1102	EBB1102	same
IEFVGM70	AOSB3	EBB1102	EBB1102	same
IEFVGM71	AOSB3	UZ25549	UZ25549	same
IEFVGM76	AOSB3	EBB1102	EBB1102	same
IEFVGM78	AOSB3	EBB1102	EBB1102	same
IEFVGM8	AOSB3	EBB1102	EBB1102	same
IEFVGM9	AOSB3	EBB1102	EBB1102	same
IEFVGM90	AOSB3	EBB1102	EBB1102	same
IEFVGS	AOSB3	UZ64501	UZ64501	same
IEFVGT	AOSB3	UZ30233	UZ30233	same
IEFVH1	AOSB3	UZ59124	UZ59124	same
IEFVHA	AOSB3	UZ58120	UZ58120	same
IEFVHC	AOSB3	UZ52989	UZ52989	same
IEFVHCB	AOSB3	UZ58715	UZ58715	same
IEFVHE	AOSB3	UZ58715	UZ58715	same
IEFVHEB	AOSB3	EBB1102	EBB1102	same
IEFVHF	AOSB3	UZ51830	UZ51830	same
IEFVHH	AOSB3	UZ30233	UZ30233	same
IEFVHL	AOSB3	EBB1102	EBB1102	same
IEFVHM	AOSB3	EBB1102	EBB1102	same
IEFVHN	AOSB3	EBB1102	EBB1102	same
IEFVHQ	AOSB3	UZ59124	UZ59124	same
IEFVHR	AOSB3	EBB1102	EBB1102	same
IEFVINA	AOSB3	UZ64858	UZ64858	same
IEFVINB	AOSB3	EBB1102	EBB1102	same
IEFVINC	AOSB3	UZ44548	EBB1102	rmid-differs
IEFVIND	AOSB3	EBB1102	EBB1102	same
IEFVINE	AOSB3	EBB1102	EBB1102	same
IEFVJA	AOSB3	UZ39248	UZ39248	same
IEFVPP	AOSB3	#DYP002	#DYP002	same
IEFVSCAN	AOST4	EBB1102	EBB1102	same
IEFXB500	AOSB3	UZ69623	UZ69623	same
IEFXB601	AOSB3	UZ59884	UZ59884	same
IEFXB602	AOSB3	EBB1102	EBB1102	same
IEFXB603	AOSB3	EBB1102	EBB1102	same
IEFXB604	AOSB3	EBB1102	EBB1102	same
IEFXB609	AOSB3	UY24918	UZ59885	rmid-differs
IEFXB610	AOSB3	EBB1102	EBB1102	same
IEFXVNSL	AOSB3	EBB1102	EBB1102	same
IEHATLAS	AOSU0	UZ53196	UZ53196	same
IEHDANAL	AOSU0	UZ34331	UZ34331	same
IEHDAOUT	AOSU0	EDS1102	EDS1102	same
IEHDASDR	AOSU0	EDS1102	EDS1102	same
IEHDASDS	AOSU0	UZ28186	UZ28186	same
IEHDCONS	AOSU0	EDS1102	EDS1102	same
IEHDDATE	AOSU0	EDS1102	EDS1102	same
IEHDDOIO	AOSU0	EDS1102	EDS1102	same
IEHDDUMP	AOSU0	EDS1102	EDS1102	same
IEHDEXCP	AOSU0	UZ24994	UZ24994	same
IEHDGETA	AOSU0	EDS1102	EDS1102	same
IEHDINIT	AOSU0	UZ24992	UZ24992	same
IEHDIPLI	AOSU0	EDS1102	EDS1102	same
IEHDLABL	AOSU0	UZ34341	UZ34341	same
IEHDMSGB	AOSU0	EDS1102	EDS1102	same
IEHDMSGS	AOSU0	UZ34450	UZ34450	same
IEHDPASS	AOSU0	UZ34563	UZ34563	same
IEHDPRNT	AOSU0	UZ25004	UZ25004	same
IEHDRCVR	AOSU0	UZ25244	UZ25244	same
IEHDREST	AOSU0	EDS1102	EDS1102	same
IEHDRVID	AOSU0	UZ24993	UZ24993	same
IEHDSCAN	AOSU0	UZ30975	UZ30975	same
IEHDVTOC	AOSU0	EDS1102	EDS1102	same
IEHINITT	AOSU0	EUT1102	EUT1102	same
IEHLIST1	AOSU0	UZ61769	UZ28712	rmid-differs
IEHLIST2	AOSU0	EUT1102	EUT1102	same
IEHLIST3	AOSU0	UZ71482	UZ29432	rmid-differs
IEHMESS	AOSU0	EDS1102	EDS1102	same
IEHMOVE	AOSU0	UZ64586	UZ24307	rmid-differs
IEHMVESA	AOSU0	UZ24328	UZ24328	same
IEHMVESC	AOSU0	UZ57924	UZ57924	same
IEHMVESH	AOSU0	UZ21260	UZ21260	same
IEHMVESI	AOSU0	EUT1102	EUT1102	same
IEHMVESJ	AOSU0	EUT1102	EUT1102	same
IEHMVESK	AOSU0	UZ64586	UZ24329	rmid-differs
IEHMVESL	AOSU0	UZ68505	UZ26050	rmid-differs
IEHMVESM	AOSU0	UZ90251	UZ24397	rmid-differs
IEHMVESN	AOSU0	UZ70337	UZ30285	rmid-differs
IEHMVESO	AOSU0	UZ24417	UZ24417	same
IEHMVESP	AOSU0	EUT1102	EUT1102	same
IEHMVESQ	AOSU0	EUT1102	EUT1102	same
IEHMVESR	AOSU0	UZ24506	UZ24506	same
IEHMVEST	AOSU0	UZ68472	EUT1102	rmid-differs
IEHMVESU	AOSU0	UZ29571	UZ29571	same
IEHMVETG	AOSU0	UZ36157	UZ36157	same
IEHMVETJ	AOSU0	UZ71929	UZ33765	rmid-differs
IEHMVMRY	AOSU0	EUT1102	EUT1102	same
IEHMVMRZ	AOSU0	UZ90251	UZ33850	rmid-differs
IEHMVMSN	AOSU0	UZ24443	UZ24443	same
IEHMVMSQ	AOSU0	UZ24470	UZ24470	same
IEHMVMSY	AOSU0	UZ90251	UZ36443	rmid-differs
IEHMVMTA	AOSU0	EUT1102	EUT1102	same
IEHMVMTL	AOSU0	UZ24495	UZ24495	same
IEHMVSRA	AOSU0	UZ24504	UZ24504	same
IEHMVSRD	AOSU0	UZ33417	UZ33417	same
IEHMVSRK	AOSU0	UZ68505	EUT1102	rmid-differs
IEHMVSRM	AOSU0	EUT1102	EUT1102	same
IEHMVSRV	AOSU0	UZ78161	UZ35492	rmid-differs
IEHMVSRX	AOSU0	UZ77472	UZ35854	rmid-differs
IEHMVSRY	AOSU0	UZ68676	EUT1102	rmid-differs
IEHMVSRZ	AOSU0	UZ47187	UZ24497	rmid-differs
IEHMVSSF	AOSU0	UZ74453	UZ33810	rmid-differs
IEHMVSSS	AOSU0	EUT1102	EUT1102	same
IEHMVSSV	AOSU0	UZ34775	UZ34775	same
IEHMVSSX	AOSU0	UZ76063	UZ52878	rmid-differs
IEHMVSSY	AOSU0	UZ90251	UZ29701	rmid-differs
IEHMVSSZ	AOSU0	UZ59466	UZ36380	rmid-differs
IEHMVSTA	AOSU0	UZ71526	UZ33393	rmid-differs
IEHMVSTC	AOSU0	UZ67298	UZ33806	rmid-differs
IEHMVSTL	AOSU0	UZ68505	UZ24501	rmid-differs
IEHMVXSE	AOSU0	UZ72602	UZ33853	rmid-differs
IEHMVXSF	AOSU0	UZ33823	UZ33823	same
IEHPRNT	AOSU0	EUT1102	EUT1102	same
IEHPROG1	AOSU0	UZ72844	UZ30863	rmid-differs
IEHPROG2	AOSU0	UZ38302	UZ32443	rmid-differs
IEHPROG3	AOSU0	UZ72844	UZ28350	rmid-differs
IEHPROG4	AOSU0	UZ25730	UZ25730	same
IEHPROG5	AOSU0	UZ25737	UZ25737	same
IEHSCAN	AOSU0	EUT1102	EUT1102	same
IEWFETCH	ALPALIB	UZ41374	UZ54723	rmid-differs
IEWFTMIN	AOSC2	EPM1102	EPM1102	same
IEWSUOVR	AOSC2	EPM1102	EPM1102	same
IEWSWOVR	ALPALIB	UZ63912	UZ27442	rmid-differs
IEZDCODE	AOSB3	EBB1102	EBB1102	same
IEZNCODE	AOSB3	EBB1102	EBB1102	same
IFASMFDP	AOS00	UZ25041	UZ25041	same
IFBDCB01	AOSCD	EBB1102	EBB1102	same
IFBDCB02	AOSCD	EBB1102	EBB1102	same
IFBOBR00	ALPALIB	UZ39057	UZ38121	rmid-differs
IFBOBR01	ALPALIB	UZ82327	UZ56216	rmid-differs
IFBSVC76	ALPALIB	UZ42622	UZ75187	rmid-differs
IFCCRNDR	AOSCD	EER1400	EER1400	same
IFCDEVIC	AOSCD	EER1400	EER1400	same
IFCDIP00	AOSCD	UZ53051	UZ53051	same
IFCE0115	AOSCD	EER1400	EER1400	same
IFCE0125	AOSCD	EER1400	EER1400	same
IFCE0135	AOSCD	EER1400	EER1400	same
IFCE0145	AOSCD	EER1400	EER1400	same
IFCE0155	AOSCD	EER1400	EER1400	same
IFCE0165	AOSCD	EER1400	EER1400	same
IFCE1017	AOSCD	EER1400	EER1400	same
IFCE1018	AOSCD	EER1400	EER1400	same
IFCE2860	AOSCD	EER1400	EER1400	same
IFCE2870	AOSCD	EER1400	EER1400	same
IFCE2880	AOSCD	EER1400	EER1400	same
IFCE33XX	AOSCD	EER1400	EER1400	same
IFCE3401	AOSCD	EER1400	EER1400	same
IFCE5424	AOSCD	EER1400	EER1400	same
IFCEA155	AOSCD	EER1400	EER1400	same
IFCEA165	AOSCD	EER1400	EER1400	same
IFCEAEXX	AOSCD	EER1400	EER1400	same
IFCEARG1	AOSCD	EER1400	EER1400	same
IFCEARG2	AOSCD	EER1400	EER1400	same
IFCEARG3	AOSCD	EER1400	EER1400	same
IFCEARG4	AOSCD	EER1400	EER1400	same
IFCEARG5	AOSCD	EER1400	EER1400	same
IFCEARG6	AOSCD	EER1400	EER1400	same
IFCEARG7	AOSCD	EER1400	EER1400	same
IFCEAXXX	AOSCD	EER1400	EER1400	same
IFCEB155	AOSCD	EER1400	EER1400	same
IFCEB165	AOSCD	EER1400	EER1400	same
IFCEC155	AOSCD	EER1400	EER1400	same
IFCEC165	AOSCD	EER1400	EER1400	same
IFCECHAR	AOSCD	EER1400	EER1400	same
IFCECUT0	AOSCD	EER1400	EER1400	same
IFCED155	AOSCD	EER1400	EER1400	same
IFCED165	AOSCD	EER1400	EER1400	same
IFCEDDR0	AOSCD	EER1400	EER1400	same
IFCEDPA	AOSCD	EER1400	EER1400	same
IFCEDSUM	AOSCD	EER1400	EER1400	same
IFCEE155	AOSCD	EER1400	EER1400	same
IFCEE165	AOSCD	EER1400	EER1400	same
IFCEEDIT	AOSCD	EER1400	EER1400	same
IFCEF155	AOSCD	EER1400	EER1400	same
IFCEF165	AOSCD	EER1400	EER1400	same
IFCEFBA4	AOSCD	EER1400	EER1400	same
IFCEFBA5	AOSCD	EER1400	EER1400	same
IFCEG155	AOSCD	EER1400	EER1400	same
IFCEGUS1	AOSCD	EER1400	EER1400	same
IFCEI135	AOSCD	EER1400	EER1400	same
IFCEI145	AOSCD	EER1400	EER1400	same
IFCEI155	AOSCD	EER1400	EER1400	same
IFCEIPL0	AOSCD	EER1400	EER1400	same
IFCEJ145	AOSCD	EER1400	EER1400	same
IFCEL155	AOSCD	EER1400	EER1400	same
IFCELEX1	AOSCD	EER1400	EER1400	same
IFCEM155	AOSCD	EER1400	EER1400	same
IFCEMAD1	AOSCD	EER1400	EER1400	same
IFCEMER0	AOSCD	EER1400	EER1400	same
IFCEMER1	AOSCD	EER1400	EER1400	same
IFCEMER2	AOSCD	EER1400	EER1400	same
IFCEMER3	AOSCD	EER1400	EER1400	same
IFCEMER4	AOSCD	EER1400	EER1400	same
IFCEMER5	AOSCD	EER1400	EER1400	same
IFCENAGO	AOSCD	EER1400	EER1400	same
IFCENF11	AOSCD	EER1400	EER1400	same
IFCENFH3	AOSCD	EER1400	EER1400	same
IFCENFM3	AOSCD	EER1400	EER1400	same
IFCENFP1	AOSCD	EER1400	EER1400	same
IFCENFP2	AOSCD	EER1400	EER1400	same
IFCEOAK1	AOSCD	EER1400	EER1400	same
IFCEOAK2	AOSCD	EER1400	EER1400	same
IFCEOAK3	AOSCD	EER1400	EER1400	same
IFCEOAK4	AOSCD	EER1400	EER1400	same
IFCEOAK5	AOSCD	EER1400	EER1400	same
IFCEREP1	AOSCD	EER1400	EER1400	same
IFCERFMT	AOSC5	EER1400	EER1400	same
IFCESOFT	AOSCD	EER1400	EER1400	same
IFCESUMS	AOSCD	EER1400	EER1400	same
IFCET002	AOSCD	EER1400	EER1400	same
IFCET003	AOSCD	EER1400	EER1400	same
IFCET004	AOSCD	EER1400	EER1400	same
IFCET005	AOSCD	EER1400	EER1400	same
IFCET006	AOSCD	EER1400	EER1400	same
IFCET008	AOSCD	EER1400	EER1400	same
IFCET00B	AOSCD	EER1400	EER1400	same
IFCET00C	AOSCD	EER1400	EER1400	same
IFCET00D	AOSCD	EER1400	EER1400	same
IFCET040	AOSCD	EER1400	EER1400	same
IFCETRN0	AOSCD	EER1400	EER1400	same
IFCETRN1	AOSCD	EER1400	EER1400	same
IFCETRN2	AOSCD	EER1400	EER1400	same
IFCETRN3	AOSCD	EER1400	EER1400	same
IFCETRN4	AOSCD	EER1400	EER1400	same
IFCETRN5	AOSCD	EER1400	EER1400	same
IFCETRN6	AOSCD	EER1400	EER1400	same
IFCETRN7	AOSCD	EER1400	EER1400	same
IFCETRN8	AOSCD	EER1400	EER1400	same
IFCETUL1	AOSCD	EER1400	EER1400	same
IFCEUKNO	AOSCD	EER1400	EER1400	same
IFCEVENT	AOSCD	EER1400	EER1400	same
IFCEWHT1	AOSCD	EER1400	EER1400	same
IFCEWIN1	AOSCD	EER1400	EER1400	same
IFCEWIN2	AOSCD	EER1400	EER1400	same
IFCEWOD1	AOSCD	EER1400	EER1400	same
IFCEXXX0	AOSCD	EER1400	EER1400	same
IFCEXXX1	AOSCD	EER1400	EER1400	same
IFCEXXX2	AOSCD	EER1400	EER1400	same
IFCEXXX3	AOSCD	EER1400	EER1400	same
IFCEXXX4	AOSCD	EER1400	EER1400	same
IFCEXXX5	AOSCD	EER1400	EER1400	same
IFCEXXX6	AOSCD	EER1400	EER1400	same
IFCEXXX7	AOSCD	EER1400	EER1400	same
IFCEXXX8	AOSCD	EER1400	EER1400	same
IFCEXXX9	AOSCD	EER1400	EER1400	same
IFCEXXXA	AOSCD	EER1400	EER1400	same
IFCEXXXB	AOSCD	EER1400	EER1400	same
IFCEXXXC	AOSCD	EER1400	EER1400	same
IFCEXXXD	AOSCD	EER1400	EER1400	same
IFCEXXXE	AOSCD	EER1400	EER1400	same
IFCEXXXF	AOSCD	EER1400	EER1400	same
IFCEXXXG	AOSCD	EER1400	EER1400	same
IFCEXXXH	AOSCD	EER1400	EER1400	same
IFCEXXXX	AOSCD	EER1400	EER1400	same
IFCFILT1	AOSCD	EER1400	EER1400	same
IFCFILT2	AOSCD	EER1400	EER1400	same
IFCFILT3	AOSCD	EER1400	EER1400	same
IFCFILT4	AOSCD	EER1400	EER1400	same
IFCFMTIO	AOSC5	EER1400	EER1400	same
IFCFRAMC	AOSCD	EER1400	EER1400	same
IFCFRAME	AOSCD	EER1400	EER1400	same
IFCFRAMM	AOSCD	EER1400	EER1400	same
IFCFRAMS	AOSCD	EER1400	EER1400	same
IFCIOHND	AOSCD	EER1400	EER1400	same
IFCMSG01	AOSCD	EER1400	EER1400	same
IFCNFPDR	AOSCD	EER1400	EER1400	same
IFCOFFLD	AOSCD	EER1400	EER1400	same
IFCPARM1	AOSCD	EER1400	EER1400	same
IFCPARM2	AOSCD	EER1400	EER1400	same
IFCRDESM	AOSCD	EER1400	EER1400	same
IFCRFLO1	AOSCD	EER1400	EER1400	same
IFCS0115	AOSCD	EER1400	EER1400	same
IFCS0135	AOSCD	EER1400	EER1400	same
IFCS0145	AOSCD	EER1400	EER1400	same
IFCS0155	AOSCD	EER1400	EER1400	same
IFCS0165	AOSCD	EER1400	EER1400	same
IFCS1017	AOSCD	EER1400	EER1400	same
IFCS1018	AOSCD	EER1400	EER1400	same
IFCS2860	AOSCD	EER1400	EER1400	same
IFCS2870	AOSCD	EER1400	EER1400	same
IFCS2880	AOSCD	EER1400	EER1400	same
IFCS3031	AOSCD	EER1400	EER1400	same
IFCS3032	AOSCD	EER1400	EER1400	same
IFCS3033	AOSCD	EER1400	EER1400	same
IFCS33XX	AOSCD	EER1400	EER1400	same
IFCS5424	AOSCD	EER1400	EER1400	same
IFCSAEXX	AOSCD	EER1400	EER1400	same
IFCSAXXX	AOSCD	EER1400	EER1400	same
IFCSCHAR	AOSCD	EER1400	EER1400	same
IFCSCRND	AOSCD	EER1400	EER1400	same
IFCSCRXX	AOSCD	EER1400	EER1400	same
IFCSDASD	AOSCD	EER1400	EER1400	same
IFCSDICH	AOSCD	EER1400	EER1400	same
IFCSGUS1	AOSCD	EER1400	EER1400	same
IFCSHARE	AOSCD	EER1400	EER1400	same
IFCSI115	AOSCD	EER1400	EER1400	same
IFCSI145	AOSCD	EER1400	EER1400	same
IFCSI155	AOSCD	EER1400	EER1400	same
IFCSIPL0	AOSCD	EER1400	EER1400	same
IFCSNAGO	AOSCD	EER1400	EER1400	same
IFCSSOFT	AOSCD	EER1400	EER1400	same
IFCST003	AOSCD	EER1400	EER1400	same
IFCST005	AOSCD	EER1400	EER1400	same
IFCST006	AOSCD	EER1400	EER1400	same
IFCST008	AOSCD	EER1400	EER1400	same
IFCST00B	AOSCD	EER1400	EER1400	same
IFCSUKNO	AOSCD	EER1400	EER1400	same
IFCSXXX0	AOSCD	EER1400	EER1400	same
IFCSXXX1	AOSCD	EER1400	EER1400	same
IFCSXXX2	AOSCD	EER1400	EER1400	same
IFCSXXX3	AOSCD	EER1400	EER1400	same
IFCSXXX4	AOSCD	EER1400	EER1400	same
IFCSXXX5	AOSCD	EER1400	EER1400	same
IFCSXXX6	AOSCD	EER1400	EER1400	same
IFCSXXX7	AOSCD	EER1400	EER1400	same
IFCSXXX8	AOSCD	EER1400	EER1400	same
IFCSXXX9	AOSCD	EER1400	EER1400	same
IFCSXXXA	AOSCD	EER1400	EER1400	same
IFCSXXXB	AOSCD	EER1400	EER1400	same
IFCSXXXD	AOSCD	EER1400	EER1400	same
IFCSXXXE	AOSCD	EER1400	EER1400	same
IFCSXXXF	AOSCD	EER1400	EER1400	same
IFCSXXXG	AOSCD	EER1400	EER1400	same
IFCSXXXH	AOSCD	EER1400	EER1400	same
IFCSXXXX	AOSCD	EER1400	EER1400	same
IFCSYMCD	AOSCD	EER1400	EER1400	same
IFCSYSUM	AOSCD	EER1400	EER1400	same
IFCT1107	AOSCD	EER1400	EER1400	same
IFCT1204	AOSCD	EER1400	EER1400	same
IFCT1307	AOSCD	EER1400	EER1400	same
IFCT2104	AOSCD	EER1400	EER1400	same
IFCT2204	AOSCD	EER1400	EER1400	same
IFCT2305	AOSCD	EER1400	EER1400	same
IFCT3102	AOSCD	EER1400	EER1400	same
IFCT3204	AOSCD	EER1400	EER1400	same
IFCTA105	AOSCD	EER1400	EER1400	same
IFCTA201	AOSCD	EER1400	EER1400	same
IFCTA301	AOSCD	EER1400	EER1400	same
IFCTABLE	AOSCD	EER1400	EER1400	same
IFCTB105	AOSCD	EER1400	EER1400	same
IFCTB205	AOSCD	EER1400	EER1400	same
IFCTB305	AOSCD	EER1400	EER1400	same
IFCTB405	AOSCD	EER1400	EER1400	same
IFCTC104	AOSCD	EER1400	EER1400	same
IFCTC201	AOSCD	EER1400	EER1400	same
IFCTC205	AOSCD	EER1400	EER1400	same
IFCTC301	AOSCD	EER1400	EER1400	same
IFCTC305	AOSCD	EER1400	EER1400	same
IFCTC401	AOSCD	EER1400	EER1400	same
IFCTHRSH	AOSCD	EER1400	EER1400	same
IFCTREND	AOSCD	EER1400	EER1400	same
IFDMSG00	AOS06	UZ59401	UZ59401	same
IFDMSG03	AOS06	UZ59401	UZ59401	same
IFDMSG04	AOS06	EBB1102	EBB1102	same
IFDMSG05	AOS06	EBB1102	EBB1102	same
IFDMSG06	AOS06	EBB1102	EBB1102	same
IFDMSG07	AOS06	EBB1102	EBB1102	same
IFDMSG08	AOS06	EBB1102	EBB1102	same
IFDMSG13	AOS06	EBB1102	EBB1102	same
IFDMSG22	AOS06	EBB1102	EBB1102	same
IFDMSG31	AOS06	EBB1102	EBB1102	same
IFDMSG32	AOS06	EBB1102	EBB1102	same
IFDMSG33	AOS06	EBB1102	EBB1102	same
IFDMSG37	AOS06	EBB1102	EBB1102	same
IFDMSG38	AOS06	EBB1102	EBB1102	same
IFDMSG50	AOS06	EBB1102	EBB1102	same
IFDMSG53	AOS06	UZ59401	UZ59401	same
IFDMSG54	AOS06	EBB1102	EBB1102	same
IFDMSG56	AOS06	EBB1102	EBB1102	same
IFDMSG61	AOS06	EBB1102	EBB1102	same
IFDMSG73	AOS06	EBB1102	EBB1102	same
IFDMSG74	AOS06	EBB1102	EBB1102	same
IFDMSGAJ	AOS06	EBB1102	EBB1102	same
IFDOLT00	AOS06	UZ49895	UZ64132	rmid-differs
IFDOLT03	AOS06	UZ75107	UZ75107	same
IFDOLT04	AOS06	EBB1102	EBB1102	same
IFDOLT05	AOS06	EBB1102	EBB1102	same
IFDOLT06	AOS06	EBB1102	EBB1102	same
IFDOLT07	AOS06	EBB1102	EBB1102	same
IFDOLT08	AOS06	EBB1102	EBB1102	same
IFDOLT09	AOS06	EBB1102	EBB1102	same
IFDOLT0A	AOS06	UZ31173	UZ31173	same
IFDOLT10	AOS06	EBB1102	EBB1102	same
IFDOLT11	AOS06	EBB1102	EBB1102	same
IFDOLT12	AOS06	UZ26756	UZ26756	same
IFDOLT13	AOS06	EBB1102	EBB1102	same
IFDOLT14	AOS06	EBB1102	EBB1102	same
IFDOLT15	AOS06	UZ72469	UZ72469	same
IFDOLT16	AOS06	EBB1102	EBB1102	same
IFDOLT17	AOS06	EBB1102	EBB1102	same
IFDOLT18	AOS06	EBB1102	EBB1102	same
IFDOLT21	AOS06	EBB1102	EBB1102	same
IFDOLT22	AOS06	UZ50293	EBB1102	rmid-differs
IFDOLT23	AOS06	EBB1102	EBB1102	same
IFDOLT24	AOS06	EBB1102	EBB1102	same
IFDOLT26	AOS06	EBB1102	EBB1102	same
IFDOLT28	AOS06	EBB1102	EBB1102	same
IFDOLT30	AOS06	UZ64132	UZ64132	same
IFDOLT31	AOS06	EBB1102	EBB1102	same
IFDOLT32	AOS06	EBB1102	EBB1102	same
IFDOLT33	AOS06	EBB1102	EBB1102	same
IFDOLT35	AOS06	EBB1102	EBB1102	same
IFDOLT36	AOS06	UZ66225	UZ66225	same
IFDOLT37	AOS06	EBB1102	EBB1102	same
IFDOLT38	AOS06	EBB1102	EBB1102	same
IFDOLT39	AOS06	EBB1102	EBB1102	same
IFDOLT41	AOS06	EBB1102	EBB1102	same
IFDOLT42	AOS06	EBB1102	EBB1102	same
IFDOLT43	AOS06	EBB1102	EBB1102	same
IFDOLT44	AOS06	UZ25750	UZ25750	same
IFDOLT46	AOS06	UZ64446	UZ64446	same
IFDOLT48	AOS06	EBB1102	EBB1102	same
IFDOLT49	AOS06	EBB1102	EBB1102	same
IFDOLT50	AOS06	EBB1102	EBB1102	same
IFDOLT51	AOS06	EBB1102	EBB1102	same
IFDOLT52	AOS06	UZ63994	UZ63994	same
IFDOLT53	AOS06	UZ42671	UZ59401	rmid-differs
IFDOLT54	AOS06	EBB1102	EBB1102	same
IFDOLT55	AOS06	EBB1102	EBB1102	same
IFDOLT56	AOS06	EBB1102	EBB1102	same
IFDOLT57	AOS06	EBB1102	EBB1102	same
IFDOLT58	AOS06	UZ61562	UZ61562	same
IFDOLT59	AOS06	EBB1102	EBB1102	same
IFDOLT61	AOS06	EBB1102	EBB1102	same
IFDOLT62	AOS06	UZ64132	UZ64132	same
IFDOLT67	AOS06	UZ28842	UZ28842	same
IFDOLT73	AOS06	EBB1102	EBB1102	same
IFDOLT74	AOS06	EBB1102	EBB1102	same
IFDOLT98	AOS06	EBB1102	EBB1102	same
IFDOLT99	AOS06	UY17414	UZ32514	rmid-differs
IFDOLTAA	AOS06	EBB1102	EBB1102	same
IFDOLTAB	AOS06	EBB1102	EBB1102	same
IFDOLTAJ	AOS06	EBB1102	EBB1102	same
IFFAAA01	AOS07	EGS1102	EGS1102	same
IFFAAA02	AOS07	UZ60166	EGS1102	rmid-differs
IFFAAA03	AOS07	UZ60166	EGS1102	rmid-differs
IFFAAA04	AOS07	UZ60166	EGS1102	rmid-differs
IFFAAA05	AOS07	UZ90085	UZ90085	same
IFFAAA06	AOS07	UZ60166	EGS1102	rmid-differs
IFFABA	AOSG0	UZ51149	UZ57991	rmid-differs
IFFACA00	AOS07	EGS1102	EGS1102	same
IFFACA01	AOS07	EGS1102	EGS1102	same
IFFACA02	AOS07	EGS1102	EGS1102	same
IFFACA03	AOS07	EGS1102	EGS1102	same
IFFACA04	AOS07	EGS1102	EGS1102	same
IFFACA05	AOS07	EGS1102	EGS1102	same
IFFACA06	AOS07	EGS1102	EGS1102	same
IFFACA07	AOS07	EGS1102	EGS1102	same
IFFACA08	AOS07	UZ90085	UZ90085	same
IFFACA13	AOS07	EGS1102	EGS1102	same
IFFACA50	AOS07	UZ58305	UZ90085	rmid-differs
IFFADA01	AOS07	UZ31039	UZ31039	same
IFFADA02	AOS07	EGS1102	EGS1102	same
IFFADA03	AOS07	UZ66158	EGS1102	rmid-differs
IFFAEA01	AOS07	EGS1102	EGS1102	same
IFFAEA02	AOS07	EGS1102	EGS1102	same
IFFAEA03	AOS07	EGS1102	EGS1102	same
IFFAEA04	AOS07	EGS1102	EGS1102	same
IFFAEA06	AOS07	EGS1102	EGS1102	same
IFFAEA07	AOS07	UZ90085	UZ90085	same
IFFAFA01	AOS07	UZ60166	EGS1102	rmid-differs
IFFAFA02	AOS07	UZ60166	EGS1102	rmid-differs
IFFAFA03	AOS07	UZ30743	UZ30743	same
IFFAFA04	AOS07	UZ60166	EGS1102	rmid-differs
IFFAFA05	AOS07	EGS1102	EGS1102	same
IFFAFA06	AOS07	EGS1102	EGS1102	same
IFFAFA07	AOS07	EGS1102	EGS1102	same
IFFAFA08	AOS07	UZ33413	UZ33413	same
IFFAFA09	AOS07	UZ33413	UZ33413	same
IFFAFA11	AOS07	UZ52798	UZ52798	same
IFFAFA12	AOS07	UZ60166	EGS1102	rmid-differs
IFFAFA13	AOS07	UZ60166	EGS1102	rmid-differs
IFFAFA14	AOS07	EGS1102	EGS1102	same
IFFAFA15	AOS07	UZ63726	UZ34382	rmid-differs
IFFAFA19	AOS07	EGS1102	EGS1102	same
IFFAGA01	AOS07	UZ30890	UZ30890	same
IFFAGA02	AOS07	EGS1102	EGS1102	same
IFFAGA03	AOS07	EGS1102	EGS1102	same
IFFAGA04	AOS07	UZ69351	EGS1102	rmid-differs
IFFAGA05	AOS07	EGS1102	EGS1102	same
IFFAGA06	AOS07	UZ60166	EGS1102	rmid-differs
IFFAGA07	AOS07	UZ59511	UZ35264	rmid-differs
IFFAGA08	AOS07	EGS1102	EGS1102	same
IFFAHA01	AOS07	EGS1102	EGS1102	same
IFFAHA02	AOS07	EGS1102	EGS1102	same
IFFAHA03	AOS07	EGS1102	EGS1102	same
IFFAHA04	AOS07	EGS1102	EGS1102	same
IFFAHA05	AOS07	UZ60166	UZ90085	rmid-differs
IFFAHA06	AOS07	EGS1102	EGS1102	same
IFFAHA07	AOS07	EGS1102	EGS1102	same
IFFAHA11	AOS07	UZ90085	UZ90085	same
IFFAHA12	AOS07	UZ90085	UZ90085	same
IFFAHA13	AOS07	UZ23081	UZ23081	same
IFFAHA16	AOS07	UZ28975	UZ28975	same
IFFAJA01	AOS07	EGS1102	EGS1102	same
IFFAJA02	AOS07	UZ60166	EGS1102	rmid-differs
IFFAJA04	AOS07	UZ90085	UZ90085	same
IFFANA	AOSG0	EGA1102	EGA1102	same
IFFCAN01	AOSG0	UZ51149	UZ31164	rmid-differs
IFFCAN02	AOSG0	UZ52993	UZ52993	same
IFFCAN03	AOSG0	EGA1102	EGA1102	same
IFFPAAST	AOSG0	EGA1102	EGA1102	same
IFFPBAPR	AOSG0	EGA1102	EGA1102	same
IFFPCAAR	AOSG0	EGA1102	EGA1102	same
IFFPDAPL	AOSG0	EGA1102	EGA1102	same
IFFPEAGR	AOSG0	EGA1102	EGA1102	same
IFFPFAVA	AOSG0	EGA1102	EGA1102	same
IFFPGAVP	AOSG0	EGA1102	EGA1102	same
IFFPHALA	AOSG0	EGA1102	EGA1102	same
IFFPIAPG	AOSG0	EGA1102	EGA1102	same
IFFPJAPV	AOSG0	EGA1102	EGA1102	same
IFFPKADG	AOSG0	EGA1102	EGA1102	same
IFFPLARE	AOSG0	EGA1102	EGA1102	same
IFFPPASG	AOSG0	EGA1102	EGA1102	same
IFG0190P	AOSD0	UZ70047	UZ29538	rmid-differs
IFG0191X	AOSA0	UZ27348	UZ27348	same
IFG0191Y	AOSA0	UZ45726	UZ36690	rmid-differs
IFG0192A	AOSA0	UZ35370	UZ35370	same
IFG0193A	AOSD0	UZ77778	UZ52128	rmid-differs
IFG0193C	AOSD0	EDM1102	EDM1102	same
IFG0193D	AOSD0	UZ70257	EDM1102	rmid-differs
IFG0193E	AOSD0	UZ35369	UZ35369	same
IFG0194A	AOSD0	UZ79449	UZ52633	rmid-differs
IFG0194C	AOSD0	UZ74083	UZ52633	rmid-differs
IFG0194F	AOSD0	UZ84450	UZ51904	rmid-differs
IFG0194J	AOSD0	UZ75999	UZ56066	rmid-differs
IFG0195A	AOSD0	UZ32436	UZ32436	same
IFG0195B	AOSD0	UZ66341	UZ33839	rmid-differs
IFG0195C	AOSD0	EDM1102	EDM1102	same
IFG0195D	AOSD0	EDM1102	EDM1102	same
IFG0195G	AOSD0	EDM1102	EDM1102	same
IFG0195H	AOSD0	UZ61367	UZ37061	rmid-differs
IFG0195J	AOSD0	EDM1102	EDM1102	same
IFG0195K	AOSD0	UZ78286	UZ31855	rmid-differs
IFG0195N	AOSD0	EDM1102	EDM1102	same
IFG0195T	AOSD0	EDM1102	EDM1102	same
IFG0195U	AOSD0	UZ57919	EDM1102	rmid-differs
IFG0195V	AOSD0	UZ61367	UZ28419	rmid-differs
IFG0196J	AOSD0	EDM1102	EDM1102	same
IFG0196K	AOSD0	EDM1102	EDM1102	same
IFG0196L	AOSD0	UZ70047	UZ53511	rmid-differs
IFG0196M	AOSD0	EDM1102	EDM1102	same
IFG0196N	AOSD0	UY07083	UZ32594	rmid-differs
IFG0196O	AOSD0	UZ30343	UZ30343	same
IFG0196Q	AOSD0	EDM1102	EDM1102	same
IFG0196T	AOSD0	UZ77545	UZ51594	rmid-differs
IFG0196U	AOSD0	UZ26566	UZ26566	same
IFG0196V	AOSD0	EDM1102	EDM1102	same
IFG0196W	AOSD0	UZ55132	UZ55132	same
IFG0196X	AOSD0	UZ62155	UZ55132	rmid-differs
IFG0198N	AOSD0	UZ63846	UZ56908	rmid-differs
IFG0199B	AOSD0	UZ73857	UZ57521	rmid-differs
IFG0199D	AOSD0	UZ74789	UZ53693	rmid-differs
IFG0199E	AOSD0	UZ76065	UZ29103	rmid-differs
IFG0199I	AOSD0	UZ67660		only-TK5
IFG019RA	AOSD0	UZ67976	UZ90094	rmid-differs
IFG019TR	AOSD0	UZ26307	UZ26307	same
IFG0200N	AOSA0	UZ38421	UZ34190	rmid-differs
IFG0200P	AOSD0	EDM1102	EDM1102	same
IFG0200V	AOSD0	UZ61253	UZ52294	rmid-differs
IFG0200W	AOSD0	UZ61367	UZ24852	rmid-differs
IFG0200Y	AOSD0	UZ60593	UZ56648	rmid-differs
IFG0200Z	AOSD0	UZ60594	UZ53479	rmid-differs
IFG0201R	AOSD0	EDM1102	EDM1102	same
IFG0202A	AOSD0	EDM1102	EDM1102	same
IFG0202B	AOSD0	EDM1102	EDM1102	same
IFG0202C	AOSD0	UZ57969	UZ57969	same
IFG0202D	AOSD0	EDM1102	EDM1102	same
IFG0202E	AOSD0	UZ65280	UZ56648	rmid-differs
IFG0202F	AOSD0	UZ77744	EDM1102	rmid-differs
IFG0202H	AOSD0	UZ62424	UZ37663	rmid-differs
IFG0202I	AOSD0	UZ62424	UZ56249	rmid-differs
IFG0202J	AOSD0	UZ90056	UZ90056	same
IFG0202K	AOSD0	UZ61367	UZ52962	rmid-differs
IFG0202L	AOSD0	UZ34152	UZ34152	same
IFG0230P	AOSD0	EDM1102	EDM1102	same
IFG0232D	AOSD0	UZ61367	EDM1102	rmid-differs
IFG0232G	AOSD0	UY03022	UZ54762	rmid-differs
IFG0232J	AOSD0	EDM1102	EDM1102	same
IFG0232M	AOSD0	EDM1102	EDM1102	same
IFG0232S	AOSD0	UZ54379	UZ54379	same
IFG0232Z	AOSD0	UZ64650	UZ28431	rmid-differs
IFG0550P	AOSD0	UZ45363	EDM1102	rmid-differs
IFG0551B	AOSD0	UZ61367	UZ57462	rmid-differs
IFG0551D	AOSD0	UZ61367	UZ28432	rmid-differs
IFG0551F	AOSD0	UZ61367	UZ54431	rmid-differs
IFG0551H	AOSD0	EDM1102	EDM1102	same
IFG0551L	AOSD0	UZ73978	UZ54268	rmid-differs
IFG0551P	AOSD0	UZ27893	UZ27893	same
IFG0551R	AOSD0	UZ60594	UZ56339	rmid-differs
IFG0551T	AOSD0	UZ64583	UZ22277	rmid-differs
IFG0552B	AOSD0	UZ32787	UZ32787	same
IFG0552D	AOSD0	UZ51594	UZ51594	same
IFG0552F	AOSD0	UZ60594	UZ32570	rmid-differs
IFG0552N	AOSD0	EDM1102	EDM1102	same
IFG0552R	AOSD0	UZ60767	UZ57238	rmid-differs
IFG0552T	AOSD0	EDM1102	EDM1102	same
IFG0552V	AOSD0	EDM1102	EDM1102	same
IFG0552X	AOSD0	UZ64292	UZ53310	rmid-differs
IFG0553C	AOSD0	EDM1102	EDM1102	same
IFG0553F	AOSD0	UZ45363	UZ53371	rmid-differs
IFG0553H	AOSD0	EDM1102	EDM1102	same
IFG0553P	AOSD0	UZ61367	UZ90005	rmid-differs
IFG0553X	AOSD0	UZ61367	UZ28413	rmid-differs
IFG0553Z	AOSD0	UZ61367	EDM1102	rmid-differs
IFG0554B	AOSD0	UZ61367	EDM1102	rmid-differs
IFG0554L	AOSD0	EDM1102	EDM1102	same
IFG0554N	AOSD0	UZ69799	UZ28432	rmid-differs
IFG0554P	AOSD0	UZ51971	UZ51971	same
IFG0554T	AOSD0	UZ60424	UZ30595	rmid-differs
IFG0554Z	AOSD0	EDM1102	EDM1102	same
IFG0555B	AOSD0	EDM1102	EDM1102	same
IFG0555H	AOSD0	UZ90005	UZ90005	same
IFG0555J	AOSD0	EDM1102	EDM1102	same
IFG0558X	AOSD0	EDM1102	EDM1102	same
IFG0559C	AOSD0	EDM1102	EDM1102	same
IFG0EX0A	AOSD0	EDM1102	EDM1102	same
IFG0RR0A	AOSD0	UZ55965	UZ55965	same
IFG0RR0B	AOSD0	UZ77448	UZ37745	rmid-differs
IFG0RR0E	AOSD0	UZ66795	UZ21424	rmid-differs
IFG0RR0F	AOSD0	EDM1102	EDM1102	same
IFG0TC0A	AOSD0	UZ79340	UZ53681	rmid-differs
IFHSTATR	AOSU0	EUT1102	EUT1102	same
IFNX1A	AOS03	UZ42140	UZ35490	rmid-differs
IFNX1J	AOS03	EAS1102	EAS1102	same
IFNX1K	AOS03	UZ52227	UZ52227	same
IFNX1S	AOS03	EAS1102	EAS1102	same
IFNX2A	AOS03	UY77102	UZ36111	rmid-differs
IFNX3A	AOS03	UZ71064	EAS1102	rmid-differs
IFNX3B	AOS03	UZ71064	EAS1102	rmid-differs
IFNX3K	AOS03	UZ52227	UZ52227	same
IFNX3N	AOS03	UZ73741	EAS1102	rmid-differs
IFNX4D	AOS03	UZ81148	EAS1102	rmid-differs
IFNX4E	AOS03	UZ81148	EAS1102	rmid-differs
IFNX4M	AOS03	UZ81148	UZ31800	rmid-differs
IFNX4N	AOS03	UZ81148	EAS1102	rmid-differs
IFNX4S	AOS03	UZ81148	EAS1102	rmid-differs
IFNX4T	AOS03	UZ81148	UZ31801	rmid-differs
IFNX4V	AOS03	UZ81148	EAS1102	rmid-differs
IFNX5A	AOS03	EAS1102	EAS1102	same
IFNX5C	AOS03	EAS1102	EAS1102	same
IFNX5D	AOS03	UZ49959	UZ36471	rmid-differs
IFNX5F	AOS03	EAS1102	EAS1102	same
IFNX5L	AOS03	UZ73839	EAS1102	rmid-differs
IFNX5M	AOS03	UZ52227	UZ52227	same
IFNX5P	AOS03	UZ80273	UZ34598	rmid-differs
IFNX5V	AOS03	EAS1102	EAS1102	same
IFNX6A	AOS03	UZ57526	UZ35791	rmid-differs
IFNX6B	AOS03	UZ36971	UZ36971	same
IFNX6C	AOS03	EAS1102	EAS1102	same
IFOX0A	AOS03	UZ34601	UZ34601	same
IFOX0B	AOS03	EAS1102	EAS1102	same
IFOX0C	AOS03	UZ57269	EAS1102	rmid-differs
IFOX0D	AOS03	UZ57269	UZ23668	rmid-differs
IFOX0E	AOS03	EAS1102	EAS1102	same
IFOX0F	AOS03	UZ32460	UZ32460	same
IFOX0G	AOS03	EAS1102	EAS1102	same
IFOX0H	AOS03	UZ58330	EAS1102	rmid-differs
IFOX0I	AOS03	UZ32461	UZ32461	same
IFOX0J	AOS03	EAS1102	EAS1102	same
IGARPT01	AOSC5	EBB1102	EBB1102	same
IGC0001F	ALPALIB	UZ72214	UZ72214	same
IGC0001G	ALPALIB	EBB1102	EBB1102	same
IGC0001I	AOSD0	UZ70047	UZ90094	rmid-differs
IGC00020	AOSD0	UZ65904	UZ52294	rmid-differs
IGC0002A	AOSD0	UZ90061	UZ90061	same
IGC0002B	AOSD0	UZ38478	UZ28405	rmid-differs
IGC0002C	AOSD0	UZ61367	UZ27984	rmid-differs
IGC0002D	AOSD0	UZ73568	UZ55548	rmid-differs
IGC0002E	AOSD0	UZ61346	UZ37211	rmid-differs
IGC0002F	AOSD0	UZ77659	UZ55818	rmid-differs
IGC0002G	AOSD0	UZ66793	UZ51611	rmid-differs
IGC0002I	AOSD0	UZ84553	UZ55994	rmid-differs
IGC00030	AOSD0	UZ34313	UZ34313	same
IGC0003A	AOSD0	UZ65038	UZ55906	rmid-differs
IGC0003B	AOSD0	UZ53241	UZ53241	same
IGC0003C	ALPALIB	UZ58603	UZ58603	same
IGC0003I	AOSU0	EUT1102	EUT1102	same
IGC0005C	AOSD7	UZ30518	UZ30518	same
IGC0005D	AOSD8	UZ24449	UZ24449	same
IGC0005E	AOSD0	UZ67354	UZ55906	rmid-differs
IGC0005G	AOSD7	UZ23609	UZ23609	same
IGC0005I	AOS06	UZ39942	UZ39942	same
IGC0006A	ACMDLIB	UY03099	UZ78104	rmid-differs
IGC0006D	AOSD0	UZ61367	UZ28419	rmid-differs
IGC0006F	AOS20	UZ29578	UZ29578	same
IGC0006H	AOSD0	EDM1102	EDM1102	same
IGC0006I	AOSD0	UZ67535	UZ35213	rmid-differs
IGC0007A	AOSG0	UZ70235	UZ56893	rmid-differs
IGC0007C	AOSG0	UZ60117	UZ31164	rmid-differs
IGC0007D	AOSG0	UZ31164	UZ31164	same
IGC0007E	AOSG0	UZ35659	UZ35659	same
IGC0007H	AOSD0	UZ66793	EDM1102	rmid-differs
IGC0008A	AOSD0	UZ46194	UZ37464	rmid-differs
IGC0008B	AOSU0	UZ34594	UZ34594	same
IGC0008E	AOSCE	EBB1102	EBB1102	same
IGC0008F	AOSU0	UZ33208	UZ33208	same
IGC0008H	AOSC5	UZ60084	UZ60084	same
IGC0009A	ALPALIB	UZ71903	UZ71903	same
IGC0009C	AOST3	UZ56850	UZ56850	same
IGC0009D	AOST3	UZ79918	ETI1106	rmid-differs
IGC0009G	ACMDLIB	UY29952	UZ78104	rmid-differs
IGC0009H	AOSD0	UZ69430	UZ35595	rmid-differs
IGC0010C	AOSD0	UZ54016	UZ54016	same
IGC0010D	AOS21	UZ31811	UZ31811	same
IGC0010E	AOSD0	UZ61376	UZ34904	rmid-differs
IGC0012F	AOSD0	UY06637	UZ54214	rmid-differs
IGC0102G	AOSD0	UZ55903	UZ55903	same
IGC0106F	AOS20	UZ77326	EBT1102	rmid-differs
IGC0106H	AOSD0	UZ71628	UZ90039	rmid-differs
IGC0107C	AOSG0	EGA1102	EGA1102	same
IGC0107D	AOSG0	EGA1102	EGA1102	same
IGC0107H	AOSD0	UZ66793	UZ56074	rmid-differs
IGC0108B	AOSU0	UZ24995	UZ24995	same
IGC0109H	AOSD0	UZ32133	UZ32133	same
IGC0110D	AOS21	UZ27745	UZ27745	same
IGC0112F	AOSD0	UZ56085	UZ56085	same
IGC018	AOSD0	UZ39100	UZ56062	rmid-differs
IGC0203E	AOSB3	UY13810	UZ66596	rmid-differs
IGC0206F	AOS20	UZ77326	EBT1102	rmid-differs
IGC0206H	AOSD0	EDM1102	EDM1102	same
IGC0207A	AOSG0	EGA1102	EGA1102	same
IGC0208B	AOSU0	UZ26891	UZ26891	same
IGC0209H	AOSD0	UZ59657	UZ31625	rmid-differs
IGC0210D	AOS21	UZ27745	UZ27745	same
IGC0306F	AOS20	UZ77326	EBT1102	rmid-differs
IGC0306H	AOSD0	EDM1102	EDM1102	same
IGC0308B	AOSU0	EDS1102	EDS1102	same
IGC0310D	AOS21	UZ29740	UZ29740	same
IGC0406F	AOS20	UZ77326	EBT1102	rmid-differs
IGC0406H	AOSD0	UZ57182	EDM1102	rmid-differs
IGC0408B	AOSU0	EMS1102	EMS1102	same
IGC0410D	AOS21	UZ27745	UZ27745	same
IGC0505I	AOS06	UZ62236	UZ62236	same
IGC0506C	AOSC6	UZ30520	UZ30520	same
IGC0506F	AOS20	UZ25095	UZ25095	same
IGC0506H	AOSD0	EDM1102	EDM1102	same
IGC0508B	AOSU0	UZ24304	UZ24304	same
IGC0510D	AOS21	UZ29740	UZ29740	same
IGC058	AOS20	UZ25090	UZ25090	same
IGC0606F	AOS20	UZ77326	EBT1102	rmid-differs
IGC0606H	AOSD0	EDM1102	EDM1102	same
IGC0610D	AOS21	UZ34340	UZ34340	same
IGC070	AOSG0	UZ31164	UZ31164	same
IGC0706F	AOS20	UY15787	EBT1102	rmid-differs
IGC0706H	AOSD0	UZ27678	UZ27678	same
IGC0710D	AOS21	UZ30024	UZ30024	same
IGC0806F	AOS20	UY15787	EBT1102	rmid-differs
IGC0806H	AOSD0	UZ90039	UZ90039	same
IGC0810D	AOS21	UZ27745	UZ27745	same
IGC084	AOSG0	UZ31164	UZ31164	same
IGC0905I	AOS06	UZ61670	UZ61670	same
IGC0906F	AOS20	UZ77326	EBT1102	rmid-differs
IGC0906H	AOSD0	UZ63727	EDM1102	rmid-differs
IGC0910D	AOS21	UZ27745	UZ27745	same
IGC0A06F	AOS20	UZ77326	EBT1102	rmid-differs
IGC0A10D	AOS21	UZ55744	UZ55744	same
IGC0B06F	AOS20	UZ77326	EBT1102	rmid-differs
IGC0B10D	AOS21	UZ31475	UZ31475	same
IGC0C06F	AOS20	UZ77326	EBT1102	rmid-differs
IGC0C10D	AOS21	UZ29740	UZ29740	same
IGC0D06F	AOS20	UY15787	UZ25095	rmid-differs
IGC0D10D	AOS21	UZ27745	UZ27745	same
IGC0E05A	AOS21	UZ34694	UZ34694	same
IGC0E06F	AOS20	UY15787	UZ25095	rmid-differs
IGC0E10D	AOS21	UZ30261	UZ30261	same
IGC0F05A	AOS11	UZ67485	UZ67485	same
IGC0F06F	AOS20	UY15787	UZ25095	rmid-differs
IGC0G05B	AOSC6	EDM1102	EDM1102	same
IGC0G10D	AOS21	UZ27745	UZ27745	same
IGC0G95B	AOSC6	EDM1102	EDM1102	same
IGC0H05B	AOSC6	EDM1102	EDM1102	same
IGC0H10D	AOS21	UZ27745	UZ27745	same
IGC0I05B	AOSC6	EDM1102	EDM1102	same
IGC0I10D	AOS21	ETC0108	ETC0108	same
IGC0J05B	AOS21	ETC0108	ETC0108	same
IGC0J10D	AOS21	ETC0108	ETC0108	same
IGC0K05B	AOSC6	UZ66648	UZ32940	rmid-differs
IGC0K10D	AOS21	UZ27745	UZ27745	same
IGC0L05B	AOSC6	UZ66691	UZ24473	rmid-differs
IGC0L10D	AOS21	UZ27745	UZ27745	same
IGC0M05B	AOSC6	UZ33634	UZ33634	same
IGC0N05B	AOSC6	UZ66717	EDM1102	rmid-differs
IGC0N06C	AOSC6	EDM1102	EDM1102	same
IGC0N10D	AOS21	UZ27745	UZ27745	same
IGC0P05B	AOSC6	EDM1102	EDM1102	same
IGC0Q05B	AOSC6	EDM1102	EDM1102	same
IGC0R05B	AOSC6	UZ77806	UZ25848	rmid-differs
IGC0S05B	AOSC6	UZ63538	UZ57728	rmid-differs
IGC0T05B	AOSC6	UZ66717	EDM1102	rmid-differs
IGC0U05B	AOSC6	EDM1102	EDM1102	same
IGC0W05B	AOSC6	EDM1102	EDM1102	same
IGC1006F	AOS20	UY15787	UZ25095	rmid-differs
IGC1106F	AOS20	UY15787	UZ25095	rmid-differs
IGC111	AOSB3	UZ31487	UZ31487	same
IGC1206F	AOS20	UZ25095	UZ25095	same
IGC121	AOSC5	UZ76579	UZ54657	rmid-differs
IGC1306F	AOS20	UY15787	UZ25095	rmid-differs
IGC1406F	AOS20	UY15787	UZ25095	rmid-differs
IGCA010D	AOS21	UZ27618	UZ27618	same
IGCA110D	AOS21	UZ24879	UZ24879	same
IGCA210D	AOS21	UZ27618	UZ27618	same
IGCA310D	AOS21	UZ27618	UZ27618	same
IGCA410D	AOS21	UZ27618	UZ27618	same
IGCA510D	AOS21	UZ34384	UZ34384	same
IGCA610D	AOS21	UZ27618	UZ27618	same
IGCA710D	AOS21	UZ27618	UZ27618	same
IGCA810D	AOS21	UZ27618	UZ27618	same
IGCA910D	AOS21	UZ27618	UZ27618	same
IGCAA10D	AOS21	UZ27618	UZ27618	same
IGCAB10D	AOS21	UZ27618	UZ27618	same
IGCAC10D	AOS21	UZ27618	UZ27618	same
IGCAD10D	AOS21	UZ27618	UZ27618	same
IGCAE10D	AOS21	UZ27618	UZ27618	same
IGCAF10D	AOS21	UZ27618	UZ27618	same
IGCAG10D	AOS21	UZ27618	UZ27618	same
IGCAL10D	AOS21	UZ34384	UZ34384	same
IGCAT10D	AOS21	UZ27618	UZ27618	same
IGCC010D	AOS21	UZ30182	UZ30182	same
IGCC110D	AOS21	UZ31756	UZ31756	same
IGCD010D	AOS21	UZ35015	UZ35015	same
IGCD110D	AOS21	UZ33869	UZ33869	same
IGCD210D	AOS21	UZ36050	UZ36050	same
IGCD310D	AOS21	UZ53344	UZ53344	same
IGCD410D	AOS21	UZ34028	UZ34028	same
IGCD510D	AOS21	UZ27621	UZ27621	same
IGCD610D	AOS21	UZ34000	UZ34000	same
IGCD710D	AOS21	UZ27621	UZ27621	same
IGCD810D	AOS21	UZ27621	UZ27621	same
IGCD910D	AOS21	UZ27621	UZ27621	same
IGCDB10D	AOS21	UZ27621	UZ27621	same
IGCDC10D	AOS21	UZ27621	UZ27621	same
IGCDD10D	AOS21	UZ27621	UZ27621	same
IGCDL10D	AOS21	UZ33997	UZ33997	same
IGCDM10D	AOS21	UZ27621	UZ27621	same
IGCFA10D	AOS21	UZ56668	UZ56668	same
IGCFB10D	AOS21	UZ31475	UZ31475	same
IGCFC10D	AOS21	UZ34384	UZ34384	same
IGCFD10D	AOS21	UZ27635	UZ27635	same
IGCFE10D	AOS21	UZ56668	UZ56668	same
IGCFF10D	AOS21	UZ34799	UZ34799	same
IGCFG10D	AOS21	UZ27635	UZ27635	same
IGCFH10D	AOS21	UZ27635	UZ27635	same
IGCFI10D	AOS21	UZ34032	UZ34032	same
IGCFJ10D	AOS21	UZ56668	UZ56668	same
IGCFK10D	AOS21	UZ27635	UZ27635	same
IGCFL10D	AOS21	UZ36066	UZ36066	same
IGCFP10D	AOS21	UZ29096	UZ29096	same
IGCFQ10D	AOS21	UZ27635	UZ27635	same
IGCFR10D	AOS21	UZ56668	UZ56668	same
IGCH010D	AOS21	UZ34240	UZ34240	same
IGCI010D	AOS21	UZ27746	UZ27746	same
IGCI110D	AOS21	UZ27746	UZ27746	same
IGCI210D	AOS21	UZ27746	UZ27746	same
IGCI310D	AOS21	UZ27746	UZ27746	same
IGCM010D	AOS21	UZ27662	UZ27662	same
IGCM110D	AOS21	UZ29740	UZ29740	same
IGCM210D	AOS21	UZ27662	UZ27662	same
IGCM310D	AOS21	UZ27662	UZ27662	same
IGCM410D	AOS21	UZ27662	UZ27662	same
IGCM510D	AOS21	UZ27662	UZ27662	same
IGCM610D	AOS21	UZ31409	UZ31409	same
IGCM710D	AOS21	UZ27662	UZ27662	same
IGCM810D	AOS21	UZ27662	UZ27662	same
IGCM910D	AOS21	UZ31727	UZ31727	same
IGCMA10D	AOS21	UZ27636	UZ27636	same
IGCMB10D	AOS21	UZ31811	UZ31811	same
IGCMD10D	AOS21	UZ34765	UZ34765	same
IGCME10D	AOS21	UZ27636	UZ27636	same
IGCMF10D	AOS21	UZ30306	UZ30306	same
IGCMG10D	AOS21	UZ27636	UZ27636	same
IGCMH10D	AOS21	UZ27636	UZ27636	same
IGCMI10D	AOS21	UZ35493	UZ35493	same
IGCMK10D	AOS21	UZ27636	UZ27636	same
IGCML10D	AOS21	UZ27636	UZ27636	same
IGCMM10D	AOS21	UZ31392	UZ31392	same
IGCMN10D	AOS21	UZ27636	UZ27636	same
IGCMP10D	AOS21	UZ59303	UZ31467	rmid-differs
IGCMR10D	AOS21	UZ27636	UZ27636	same
IGCMS10D	AOS21	UZ27636	UZ27636	same
IGCMSG6C	ALPALIB	EDM1102	EDM1102	same
IGCMT10D	AOS21	UZ27636	UZ27636	same
IGCMU10D	AOS21	UZ27636	UZ27636	same
IGCMV10D	AOS21	UZ27636	UZ27636	same
IGCMY10D	AOS21	UZ27636	UZ27636	same
IGCMZ10D	AOS21	UZ30537	UZ30537	same
IGCN010D	AOS21	UZ27662	UZ27662	same
IGCN410D	AOS21	UZ30234	UZ30234	same
IGCN510D	AOS21	UZ35493	UZ35493	same
IGCR010D	AOS21	UZ28559	UZ28559	same
IGCSW10D	AOS21	ETC0108	ETC0108	same
IGCT0018	AOSD0	UZ60962	UZ53850	rmid-differs
IGCT0021	AOSD0	UZ66006	UZ55313	rmid-differs
IGCT002D	AOSD0	UZ28801	UZ28801	same
IGCT002E	AOSD0	UZ28600	UZ28600	same
IGCT005C	AOSD7	EDM1102	EDM1102	same
IGCT005G	AOSD7	EDM1102	EDM1102	same
IGCT0069	AOSD0	UZ28600	UZ28600	same
IGCT006H	AOSD0	EDM1102	EDM1102	same
IGCT010D	AOS21	UZ56198	UZ56198	same
IGCT010E	AOSD0	UZ31619	UZ31619	same
IGCT105C	AOSD7	UZ25760	UZ25760	same
IGCT1081	AOSD0	UZ35199	UZ35199	same
IGCT110D	AOS21	UZ27662	UZ27662	same
IGCT210D	AOS21	UZ33512	UZ33512	same
IGCV010D	AOS21	UZ27703	UZ27703	same
IGCV110D	AOS21	UZ37626	UZ37626	same
IGCV210D	AOS21	UZ29588	UZ29588	same
IGCV310D	AOS21	UZ27703	UZ27703	same
IGCV410D	AOS21	UZ27703	UZ27703	same
IGCV510D	AOS21	UZ27703	UZ27703	same
IGCV610D	AOS21	UZ27703	UZ27703	same
IGCV710D	AOS21	UZ27703	UZ27703	same
IGCV810D	AOS21	UZ34129	UZ34129	same
IGCV910D	AOS21	UZ34214	UZ34214	same
IGCVA10D	AOS21	UZ32324	UZ32324	same
IGCVE10D	AOS21	UZ62603	UZ29170	rmid-differs
IGCVF10D	AOS21	UZ59303	UZ27703	rmid-differs
IGCVG10D	AOS21	UZ27703	UZ27703	same
IGCVI10D	AOS21	UZ29673	UZ29673	same
IGCVK10D	AOS21	UZ29096	UZ29096	same
IGCZ010D	AOS21	UZ27703	UZ27703	same
IGCZ110D	AOS21	UZ32838	UZ32838	same
IGE0000D	AOSCA	EDS1102	EDS1102	same
IGE0000E	AOSCA	EDS1102	EDS1102	same
IGE0000G	AOSCA	UZ47741	UZ53720	rmid-differs
IGE0000H	AOSCA	EDS1102	EDS1102	same
IGE0000I	AOSCA	UZ79837	UZ68825	rmid-differs
IGE0001A	AOSCA	UZ25256	UZ25256	same
IGE0001C	AOSCA	UZ37689	UZ37689	same
IGE0001F	AOSCA	UY55885	EMI1102	rmid-differs
IGE0001G	AOSD0	EMI1102	EMI1102	same
IGE0001H	AOSCA	UZ54303	UZ54303	same
IGE0002A	AOSCA	EDS1102	EDS1102	same
IGE0002B	AOSD0	UZ47406	UZ24023	rmid-differs
IGE0002C	AOSD0	UZ81419	UZ28513	rmid-differs
IGE0002E	AOSC5	UZ69562	UZ69562	same
IGE0003C	AOSCA	EBB1102	EBB1102	same
IGE0004A	AOS20	UZ32772	UZ32772	same
IGE0004B	AOS20	UZ25095	UZ25095	same
IGE0004C	AOS20	UZ40804	UZ51598	rmid-differs
IGE0004D	AOS20	UY15207	UZ37326	rmid-differs
IGE0004G	AOS21	UZ27679	UZ27679	same
IGE0004H	AOS21	UZ27679	UZ27679	same
IGE0004I	AOS21	UZ34459	UZ34459	same
IGE0010A	AOSG0	UZ69350	UZ56893	rmid-differs
IGE0010B	AOSG0	UZ56893	UZ56893	same
IGE0010D	AOSG0	UZ59565	UZ28266	rmid-differs
IGE0010E	AOSG0	UY37061	UZ33213	rmid-differs
IGE0011A	AOSU0	UZ53265	UZ53265	same
IGE0011C	AOSD0	UZ47406	UZ35360	rmid-differs
IGE0011D	AOSD0	UZ47406	UZ35360	rmid-differs
IGE0011E	AOSD0	EST1102	EST1102	same
IGE0019I	AOS06	UZ32374	UZ32374	same
IGE0025C	ALPALIB	UZ69699	UZ67316	rmid-differs
IGE0025D	ALPALIB	EBB1102	EBB1102	same
IGE0100I	AOSCA	UZ68825	UZ68825	same
IGE0101F	AOSCA	UZ47406	UZ28840	rmid-differs
IGE0104A	AOS20	UZ72363	UZ32821	rmid-differs
IGE0104B	AOS20	UZ25095	UZ25095	same
IGE0104C	AOS20	UZ40804	UZ29446	rmid-differs
IGE0104G	AOS21	UZ24650	UZ24650	same
IGE0104H	AOS21	ETC0108	ETC0108	same
IGE0119I	AOS06	EBB1102	EBB1102	same
IGE0204A	AOS20	UY76720	UZ25095	rmid-differs
IGE0204B	AOS20	UZ68854	UZ32775	rmid-differs
IGE0204C	AOS20	UZ40804	UZ51599	rmid-differs
IGE0204G	AOS21	UZ31490	UZ31490	same
IGE0204H	AOS21	UZ26340	UZ26340	same
IGE0301H	AOSCA	UZ71390	UZ90135	rmid-differs
IGE0304A	AOS20	UZ25095	UZ25095	same
IGE0304B	AOS20	UZ25095	UZ25095	same
IGE0304C	AOS20	UZ40804	UZ25095	rmid-differs
IGE0304G	AOS21	UZ24650	UZ24650	same
IGE0404A	AOS20	UZ25095	UZ25095	same
IGE0404B	AOS20	UZ72363	UZ30960	rmid-differs
IGE0404C	AOS20	UY76720	UZ25095	rmid-differs
IGE0404G	AOS21	UZ29346	UZ29346	same
IGE0404H	AOS21	UZ30695	UZ30695	same
IGE0504A	AOS20	UZ57352	UZ57352	same
IGE0504B	AOS20	UZ72363	UZ28349	rmid-differs
IGE0504C	AOS20	UY77697	UZ35276	rmid-differs
IGE0504G	AOS21	UZ32899	UZ32899	same
IGE0504H	AOS21	UZ30992	UZ30992	same
IGE0604A	AOS20	UZ25096	UZ25096	same
IGE0604B	AOS20	UZ29370	UZ29370	same
IGE0604C	AOS20	UY76720	UZ25096	rmid-differs
IGE0604G	AOS21	UZ24650	UZ24650	same
IGE0660A	AOSCE	EBB1102	EBB1102	same
IGE0704A	AOS20	UZ25096	UZ25096	same
IGE0704B	AOS20	UZ25096	UZ25096	same
IGE0704C	AOS20	UY61527	UZ25096	rmid-differs
IGE0804A	AOS20	UZ25096	UZ25096	same
IGE0804B	AOS20	UZ25096	UZ25096	same
IGE0804C	AOS20	UZ40804	UZ25096	rmid-differs
IGE0804G	AOS21	ETC0108	ETC0108	same
IGE0804H	AOS21	ETC0108	ETC0108	same
IGE0904A	AOS20	UZ25096	UZ25096	same
IGE0904B	AOS20	UZ75642	UZ33405	rmid-differs
IGE0904C	AOS20	UY00293	UZ35277	rmid-differs
IGE0904G	AOS21	UZ31401	UZ31401	same
IGE0904H	AOS21	UZ30992	UZ30992	same
IGE0904I	AOS21	UZ30860	UZ30860	same
IGF2503D	AOSCE	EBB1102	EBB1102	same
IGF2603D	AOSCE	EBB1102	EBB1102	same
IGFC60	AOSCE	UZ27409	UZ27409	same
IGFC70	AOSCE	EBB1102	EBB1102	same
IGFC80	AOSCE	EBB1102	EBB1102	same
IGFCCHCR	AOSCE	UZ29478	UZ29478	same
IGFCCHED	AOSCE	FBB1221	FBB1221	same
IGFCHDA	AOSCE	EBB1102	EBB1102	same
IGFCIC	AOSCE	FBB1221	FBB1221	same
IGFCINIT	AOSC5	UZ26706	UZ26706	same
IGFDD0	AOSCE	EBB1102	EBB1102	same
IGFDD1	AOSCE	EBB1102	EBB1102	same
IGFDE0	AOSCE	EBB1102	EBB1102	same
IGFDE1	AOSCE	UZ23582	UZ23582	same
IGFDI0	AOSCE	EBB1102	EBB1102	same
IGFDI1	AOSCE	UZ25911	UZ25911	same
IGFDL1	AOSCE	EBB1102	EBB1102	same
IGFDM0	AOSCE	EBB1102	EBB1102	same
IGFDM1	AOSCE	UZ81089	UZ25911	rmid-differs
IGFDMTXT	AOSCE	UZ35695	UZ35695	same
IGFDR0	AOSCE	UZ29481	UZ29481	same
IGFDS0	AOSCE	EBB1102	EBB1102	same
IGFDS1	AOSCE	EBB1102	EBB1102	same
IGFDT0	AOSCE	EBB1102	EBB1102	same
IGFDT1	AOSCE	UZ35695	UZ35695	same
IGFDT2	AOSCE	UZ60605	UZ60605	same
IGFDU0	AOSCE	EBB1102	EBB1102	same
IGFDU1	AOSCE	EBB1102	EBB1102	same
IGFDV0	AOSCE	UZ35695	UZ35695	same
IGFDV1	AOSCE	UZ33926	UZ33926	same
IGFDW0	AOSCE	EBB1102	EBB1102	same
IGFINTVL	AOSCE	UZ90161	UZ90161	same
IGFPBUCR	AOSCE	UZ29509	UZ29509	same
IGFPEXIT	AOSCE	EBB1102	EBB1102	same
IGFPINIT	AOSC5	EBB1102	EBB1102	same
IGFPKREF	AOSCE	EBB1102	EBB1102	same
IGFPMCIH	AOSCE	UZ21618	UZ21618	same
IGFPMFRS	AOSCE	EBB1102	EBB1102	same
IGFPMHCA	AOSCE	UZ24574	UZ24574	same
IGFPMKTA	AOSCE	UZ24574	UZ24574	same
IGFPMMSG	AOSCE	EBB1102	EBB1102	same
IGFPMPFX	AOSCE	EBB1102	EBB1102	same
IGFPMRTM	AOSCE	EBB1102	EBB1102	same
IGFPMSCA	AOSCE	EBB1102	EBB1102	same
IGFPMTHA	AOSCE	EBB1102	EBB1102	same
IGFPNRFH	AOSCE	EBB1102	EBB1102	same
IGFPNSAV	AOSC5	EBB1102	EBB1102	same
IGFPSAD0	AOSCE	EBB1102	EBB1102	same
IGFPTAIM	AOSCE	UZ24574	UZ24574	same
IGFPTCON	AOSCE	EBB1102	EBB1102	same
IGFPTERM	AOSCE	UZ27139	UZ27139	same
IGFPTREC	AOSCE	UZ25984	UZ25984	same
IGFPTSIG	AOSCE	UZ55036	UZ55036	same
IGFPWMSG	AOSCE	FBB1221	FBB1221	same
IGFPXMFA	AOSCE	UZ33271	UZ33271	same
IGFRINIT	AOSC5	EBB1102	EBB1102	same
IGFRWAC	AOSCE	EBB1102	EBB1102	same
IGFTMC00	AOSCE	UZ36506	UZ36506	same
IGFTMCHK	AOSCE	UZ56937	UZ56937	same
IGG01910	AOSD0	EDM1102	EDM1102	same
IGG01911	AOSD0	EDM1102	EDM1102	same
IGG01912	AOSD0	EDM1102	EDM1102	same
IGG01913	AOSD0	EDM1102	EDM1102	same
IGG01915	AOSD0	EDM1102	EDM1102	same
IGG01916	AOSD0	UZ25502	UZ25502	same
IGG01917	AOSD0	EDM1102	EDM1102	same
IGG01918	AOSD0	EDM1102	EDM1102	same
IGG01919	AOSD0	EDM1102	EDM1102	same
IGG0191A	AOSD0	UZ59848	UZ30313	rmid-differs
IGG0191B	AOSD0	EDM1102	EDM1102	same
IGG0191C	AOSD0	UZ31695	UZ31695	same
IGG0191D	AOSD0	EDM1102	EDM1102	same
IGG0191F	AOSD0	EDM1102	EDM1102	same
IGG0191G	AOSD0	EDM1102	EDM1102	same
IGG0191H	AOSD0	EDM1102	EDM1102	same
IGG0191I	AOSD0	UZ78191	UZ54126	rmid-differs
IGG0191J	AOSD0	EDM1102	EDM1102	same
IGG0191K	AOSD0	EDM1102	EDM1102	same
IGG0191L	AOSD7	UZ90072	UZ90072	same
IGG0191M	AOSD7	UZ90072	UZ90072	same
IGG0191N	AOSD0	UZ70771	UZ53963	rmid-differs
IGG0191O	AOSD0	EDM1102	EDM1102	same
IGG0191P	AOSD0	EDM1102	EDM1102	same
IGG0191Q	AOSD0	UZ90037	UZ90037	same
IGG0191R	AOSD0	UZ51927	UZ51927	same
IGG0191S	AOSD0	UZ37211	UZ37211	same
IGG0191T	AOSD0	UZ63029	UZ90037	rmid-differs
IGG0191U	AOSD0	UZ90037	UZ90037	same
IGG0191V	AOSD0	UZ34565	UZ34565	same
IGG0191W	AOSD0	EDM1102	EDM1102	same
IGG0191X	AOSD0	EDM1102	EDM1102	same
IGG0191Y	AOSD0	EDM1102	EDM1102	same
IGG0191Z	AOSD0	EDM1102	EDM1102	same
IGG01920	AOSD8	UZ66364	EDM1102	rmid-differs
IGG01921	AOSD8	UZ90073	UZ90073	same
IGG01922	AOSD8	EDM1102	EDM1102	same
IGG01923	AOSD0	EDM1102	EDM1102	same
IGG01924	AOSD8	UZ90074	UZ90074	same
IGG01926	AOSD0	EDM1102	EDM1102	same
IGG01928	AOSD8	UZ30106	UZ30106	same
IGG01929	AOSD8	EDM1102	EDM1102	same
IGG0192A	AOSD8	UZ34839	UZ34839	same
IGG0192B	AOSD8	UZ72895	UZ30108	rmid-differs
IGG0192C	AOSD8	UZ30104	UZ30104	same
IGG0192D	AOSD8	UZ90073	UZ90073	same
IGG0192E	AOSD8	EDM1102	EDM1102	same
IGG0192F	AOSD8	UZ53935	UZ53935	same
IGG0192G	AOSD8	EDM1102	EDM1102	same
IGG0192H	AOSD8	UZ90075	UZ90075	same
IGG0192I	AOSD8	UZ90075	UZ90075	same
IGG0192J	AOSD8	EDM1102	EDM1102	same
IGG0192K	AOSD8	EDM1102	EDM1102	same
IGG0192L	AOSD8	EDM1102	EDM1102	same
IGG0192M	AOSD8	EDM1102	EDM1102	same
IGG0192N	AOSD8	EDM1102	EDM1102	same
IGG0192O	AOSD8	EDM1102	EDM1102	same
IGG0192P	AOSD8	UZ65546	UZ52841	rmid-differs
IGG0192Q	AOSD8	EDM1102	EDM1102	same
IGG0192R	AOSD8	UZ30105	UZ30105	same
IGG0192S	AOSD8	UZ31697	UZ31697	same
IGG0192T	AOSD8	EDM1102	EDM1102	same
IGG0192U	AOSD8	UZ30105	UZ30105	same
IGG0192V	AOSD8	EDM1102	EDM1102	same
IGG0192W	AOSD8	UZ30733	UZ30733	same
IGG0192X	AOSD8	EDM1102	EDM1102	same
IGG0192Z	AOSD8	EDM1102	EDM1102	same
IGG01930	AOS21	UZ30701	UZ30701	same
IGG01931	AOS21	UZ28558	UZ28558	same
IGG01933	AOS21	UZ30701	UZ30701	same
IGG01934	AOS21	UZ36497	UZ36497	same
IGG01935	AOS21	UZ26615	UZ26615	same
IGG01936	AOS21	UZ30992	UZ30992	same
IGG01937	AOS21	UZ34176	UZ34176	same
IGG01938	AOS21	UZ32387	UZ32387	same
IGG01939	AOS21	UZ34279	UZ34279	same
IGG0193A	AOSD7	UZ47545	UZ90072	rmid-differs
IGG0193I	AOSD0	UZ90041	UZ90041	same
IGG0193K	AOSD0	UZ55481	UZ55481	same
IGG0193M	AOS20	UY11554	EBT1102	rmid-differs
IGG0193Q	AOS20	UY76720	UZ31104	rmid-differs
IGG0193S	AOS20	UY11554	UZ27940	rmid-differs
IGG0193Y	AOSG0	UY05260	UZ31164	rmid-differs
IGG01940	AOS21	ETC0108	ETC0108	same
IGG01941	AOS21	UZ59303	UZ24392	rmid-differs
IGG01942	AOS21	UZ35116	UZ35116	same
IGG01943	AOS21	UZ34005	UZ34005	same
IGG01944	AOS21	UZ30511	UZ30511	same
IGG01945	AOS21	UZ24392	UZ24392	same
IGG01946	AOS21	UZ24650	UZ24650	same
IGG01948	AOS21	ETC0108	ETC0108	same
IGG01949	AOS21	UZ28532	UZ28532	same
IGG0194B	AOS21	UZ24392	UZ24392	same
IGG0194N	AOS20	UY78248	EBT1102	rmid-differs
IGG0194P	AOS20	UY76720	UZ52176	rmid-differs
IGG0194Q	AOS20	UY11554	UZ28053	rmid-differs
IGG01950	AOSD8	UZ34778	UZ34778	same
IGG0195D	AOSD8	EDM1102	EDM1102	same
IGG0195G	AOSD8	EDM1102	EDM1102	same
IGG0195T	AOSD8	EDM1102	EDM1102	same
IGG0195U	AOSD8	EDM1102	EDM1102	same
IGG0196A	AOSD0	UZ28061	UZ28061	same
IGG0196B	AOSD0	UZ28061	UZ28061	same
IGG0196C	AOSD8	EDM1102	EDM1102	same
IGG0196D	AOSD8	EDM1102	EDM1102	same
IGG0196G	AOSD8	UZ90073	UZ90073	same
IGG0196I	AOSD0	UZ77281	UZ29852	rmid-differs
IGG0196K	AOSD0	UZ90041	UZ90041	same
IGG0196L	AOSD0	UZ28009	UZ28009	same
IGG0196M	AOSD0	UZ75241	UZ27759	rmid-differs
IGG0196P	AOSD0	EDM1102	EDM1102	same
IGG0196Q	AOSD0	FDM1133	FDM1133	same
IGG0196R	AOSD0	UZ47406	EMI1102	rmid-differs
IGG0196S	AOST3	ETI1106	ETI1106	same
IGG0197A	AOSD0	EMI1102	EMI1102	same
IGG0197B	AOSD0	UZ27946	UZ27946	same
IGG0197C	AOSD0	EST1102	EST1102	same
IGG0197D	AOSD0	EST1102	EST1102	same
IGG0197E	AOSD0	UZ31916	UZ31916	same
IGG0197F	AOSD0	UZ61261	UZ56363	rmid-differs
IGG0197J	AOSD0	EDM1102	EDM1102	same
IGG0197K	AOSD0	EDM1102	EDM1102	same
IGG0197L	AOSD0	UZ30760	UZ30760	same
IGG0197M	AOSD0	EBB1102	EBB1102	same
IGG0197N	AOSD0	UZ22457	UZ22457	same
IGG0197P	AOSD0	EBB1102	EBB1102	same
IGG0197Q	AOSD0	EBB1102	EBB1102	same
IGG0197U	AOSD0	UZ35200	UZ35200	same
IGG0197V	AOSD0	UZ80304	UZ27606	rmid-differs
IGG0198B	AOS21	UZ28558	UZ28558	same
IGG0198D	AOS21	UZ24650	UZ24650	same
IGG0198E	AOS21	UZ37826	UZ37826	same
IGG0198L	AOSD0	EDM1102	EDM1102	same
IGG01991	AOSD0	EDM1102	EDM1102	same
IGG01992	AOSD0	EDM1102	EDM1102	same
IGG01993	AOSD0	EDM1102	EDM1102	same
IGG01994	AOSD0	EDM1102	EDM1102	same
IGG0199F	AOSD0	UZ38207	UZ56881	rmid-differs
IGG0199G	AOSD0	UZ56759	UZ26206	rmid-differs
IGG0199K	AOSD0	EDM1102	EDM1102	same
IGG0199L	AOSD7	UZ72207	UZ90072	rmid-differs
IGG0199O	AOSD0	EDM1102	EDM1102	same
IGG0199W	AOSD0	UZ76220	UZ23267	rmid-differs
IGG019A4	AOSU0	EMS1102	EMS1102	same
IGG019AA	AOSD0	UZ26802	UZ26802	same
IGG019AB	AOSD0	UZ34974	UZ34974	same
IGG019AC	AOSD0	EDM1102	EDM1102	same
IGG019AD	AOSD0	UZ71546	UZ28913	rmid-differs
IGG019AE	AOSD0	EDM1102	EDM1102	same
IGG019AF	AOSD0	EDM1102	EDM1102	same
IGG019AG	AOSD0	EDM1102	EDM1102	same
IGG019AH	AOSD0	UZ38989	UZ30731	rmid-differs
IGG019AI	AOSD0	EDM1102	EDM1102	same
IGG019AJ	AOSD0	UZ51744	UZ51744	same
IGG019AK	AOSD0	EDM1102	EDM1102	same
IGG019AL	AOSD0	EDM1102	EDM1102	same
IGG019AM	AOSD0	EDM1102	EDM1102	same
IGG019AN	AOSD0	EDM1102	EDM1102	same
IGG019AQ	AOSD0	UZ51562	UZ51562	same
IGG019AR	AOSD0	UZ90037	UZ90037	same
IGG019AT	AOSD0	EDM1102	EDM1102	same
IGG019AV	AOSD0	EDM1102	EDM1102	same
IGG019AW	AOSD0	EDM1102	EDM1102	same
IGG019AX	AOSD0	EDM1102	EDM1102	same
IGG019B0	AOSD0	EDM1102	EDM1102	same
IGG019BA	AOSD0	UZ73463	UZ36655	rmid-differs
IGG019BB	AOSD0	UZ53965	UZ53965	same
IGG019BC	AOSD0	EDM1102	EDM1102	same
IGG019BD	AOSD0	EDM1102	EDM1102	same
IGG019BE	AOSD0	EDM1102	EDM1102	same
IGG019BF	AOSD0	EDM1102	EDM1102	same
IGG019BG	AOSD0	EDM1102	EDM1102	same
IGG019BH	AOSD0	UZ25687	UZ25687	same
IGG019BI	AOSD0	EDM1102	EDM1102	same
IGG019BK	AOSD0	UZ23931	UZ23931	same
IGG019BL	AOSD0	EDM1102	EDM1102	same
IGG019BM	AOSD0	UZ28605	UZ28605	same
IGG019BN	AOSD0	UZ61346	EDM1102	rmid-differs
IGG019BO	AOSD0	UZ64107	EDM1102	rmid-differs
IGG019BP	AOSD0	EDM1102	EDM1102	same
IGG019BQ	AOSD0	UZ31876	UZ31876	same
IGG019BR	AOSD7	UZ65512	UZ36469	rmid-differs
IGG019BS	AOSD7	EDM1102	EDM1102	same
IGG019BT	AOSD7	EDM1102	EDM1102	same
IGG019BU	AOSD7	EDM1102	EDM1102	same
IGG019BV	AOSD7	UZ28667	UZ28667	same
IGG019C0	AOSD0	UZ53969	UZ53969	same
IGG019C1	AOSD0	UZ33555	UZ33555	same
IGG019C2	AOSD0	UZ57059	UZ57059	same
IGG019C3	AOSD0	UZ28605	UZ28605	same
IGG019C4	AOSD0	UZ28605	UZ28605	same
IGG019C8	AOSU0	UZ90091	UZ90091	same
IGG019CA	AOSD0	EDM1102	EDM1102	same
IGG019CB	AOSD0	UZ90037	UZ90037	same
IGG019CC	AOSD0	UZ61346	UZ37211	rmid-differs
IGG019CD	AOSD0	UZ67083	UZ54807	rmid-differs
IGG019CE	AOSD0	UZ53242	UZ53242	same
IGG019CF	AOSD0	UZ53242	UZ53242	same
IGG019CG	AOSD0	UZ28605	UZ28605	same
IGG019CH	AOSD0	UZ28605	UZ28605	same
IGG019CI	AOSD0	UZ28600	UZ28600	same
IGG019CJ	AOSD0	UZ28600	UZ28600	same
IGG019CL	AOSD0	UZ28801	UZ28801	same
IGG019CM	AOSD0	EDM1102	EDM1102	same
IGG019CN	AOSD0	EDM1102	EDM1102	same
IGG019CO	AOSD0	EDM1102	EDM1102	same
IGG019CP	AOSD0	EDM1102	EDM1102	same
IGG019CQ	AOSD0	EDM1102	EDM1102	same
IGG019CR	AOSD0	EDM1102	EDM1102	same
IGG019CS	AOSD0	EDM1102	EDM1102	same
IGG019CT	AOSD0	EDM1102	EDM1102	same
IGG019CU	AOSD0	UZ74098	UZ53967	rmid-differs
IGG019CV	AOSD0	UZ72535	UZ55816	rmid-differs
IGG019CW	AOSD0	UZ61346	UZ37211	rmid-differs
IGG019CX	AOSD0	UZ53242	UZ53242	same
IGG019CY	AOSD0	UZ53242	UZ53242	same
IGG019CZ	AOSD0	UZ54990	UZ54990	same
IGG019DA	AOSD7	UZ78992	UZ90072	rmid-differs
IGG019DB	AOSD7	UZ66724	UZ90072	rmid-differs
IGG019DC	AOSD7	EDM1102	EDM1102	same
IGG019DD	AOSD7	UZ90072	UZ90072	same
IGG019DJ	AOSD0	UZ72372	UZ36378	rmid-differs
IGG019DK	AOSD0	UZ76001	UZ35407	rmid-differs
IGG019EI	AOSD0	UZ28801	UZ28801	same
IGG019EJ	AOSD0	UZ28801	UZ28801	same
IGG019EK	AOSD0	EDM1102	EDM1102	same
IGG019EM	AOS21	ETC0108	ETC0108	same
IGG019FA	AOSD0	EBB1102	EBB1102	same
IGG019FB	AOSD0	EDM1102	EDM1102	same
IGG019FD	AOSD0	UZ58823	EDM1102	rmid-differs
IGG019FF	AOSD0	EDM1102	EDM1102	same
IGG019FG	AOSD0	UZ32515	UZ32515	same
IGG019FJ	AOSD0	EDM1102	EDM1102	same
IGG019FK	AOSD0	EBB1102	EBB1102	same
IGG019FL	AOSD0	UZ75050	EDM1102	rmid-differs
IGG019FP	AOSD0	UZ28605	UZ28605	same
IGG019FQ	AOSD0	EBB1102	EBB1102	same
IGG019FR	AOSD0	UZ28606	UZ28606	same
IGG019FS	AOSD0	EDM1102	EDM1102	same
IGG019FT	AOSU0	EUT1102	EUT1102	same
IGG019FU	AOSD0	EBB1102	EBB1102	same
IGG019G0	AOSD8	UZ30109	UZ30109	same
IGG019G1	AOSD8	UZ30109	UZ30109	same
IGG019G2	AOSD8	UZ30109	UZ30109	same
IGG019G3	AOSD8	UZ30109	UZ30109	same
IGG019G4	AOSD8	UZ30109	UZ30109	same
IGG019G5	AOSD8	UZ30109	UZ30109	same
IGG019G6	AOSD8	UZ30109	UZ30109	same
IGG019G7	AOSD8	UZ30109	UZ30109	same
IGG019G8	AOSD8	UZ30109	UZ30109	same
IGG019G9	AOSD8	UZ30109	UZ30109	same
IGG019GA	AOSD8	EDM1102	EDM1102	same
IGG019GB	AOSD8	EDM1102	EDM1102	same
IGG019GC	AOSD8	EDM1102	EDM1102	same
IGG019GD	AOSD8	EDM1102	EDM1102	same
IGG019GE	AOSD8	EDM1102	EDM1102	same
IGG019GF	AOSD8	EDM1102	EDM1102	same
IGG019GG	AOSD8	UZ90073	UZ90073	same
IGG019GN	AOSD8	EDM1102	EDM1102	same
IGG019GO	AOSD8	EDM1102	EDM1102	same
IGG019GW	AOSD8	UZ27522	UZ27522	same
IGG019GZ	AOSD8	UZ28381	UZ28381	same
IGG019H3	AOSD8	UZ30107	UZ30107	same
IGG019HA	AOSD8	UZ90074	UZ90074	same
IGG019HB	AOSD8	UZ35389	UZ35389	same
IGG019HD	AOSD8	EDM1102	EDM1102	same
IGG019HF	AOSD8	EDM1102	EDM1102	same
IGG019HG	AOSD8	UZ90074	UZ90074	same
IGG019HH	AOSD8	EDM1102	EDM1102	same
IGG019HI	AOSD8	EDM1102	EDM1102	same
IGG019HJ	AOSD8	EDM1102	EDM1102	same
IGG019HK	AOSD8	EDM1102	EDM1102	same
IGG019HL	AOSD8	EDM1102	EDM1102	same
IGG019HN	AOSD8	UZ35389	UZ35389	same
IGG019HP	AOSD8	EDM1102	EDM1102	same
IGG019HT	AOSD0	EDM1102	EDM1102	same
IGG019I1	AOSD8	EDM1102	EDM1102	same
IGG019I2	AOSD8	EDM1102	EDM1102	same
IGG019I9	AOSD8	UZ30110	UZ30110	same
IGG019IA	AOSD8	UZ68250	UZ31763	rmid-differs
IGG019IB	AOSD8	UZ31763	UZ31763	same
IGG019IE	AOSD8	EDM1102	EDM1102	same
IGG019IF	AOSD8	EDM1102	EDM1102	same
IGG019IN	AOSD8	EDM1102	EDM1102	same
IGG019IO	AOSD8	UZ30111	UZ30111	same
IGG019IZ	AOSD8	UZ90075	UZ90075	same
IGG019J0	AOSD8	EDM1102	EDM1102	same
IGG019J3	AOSD8	UZ30107	UZ30107	same
IGG019JA	AOSD7	UZ32655	UZ32655	same
IGG019JB	AOSD7	EDM1102	EDM1102	same
IGG019JC	AOSD8	EDM1102	EDM1102	same
IGG019JD	AOSD0	EDM1102	EDM1102	same
IGG019JG	AOSD8	EDM1102	EDM1102	same
IGG019JH	AOSD8	UZ65643	UZ54024	rmid-differs
IGG019JI	AOSD8	EDM1102	EDM1102	same
IGG019JJ	AOSD8	EDM1102	EDM1102	same
IGG019JK	AOSD8	EDM1102	EDM1102	same
IGG019JL	AOSD8	EDM1102	EDM1102	same
IGG019JM	AOSD8	EDM1102	EDM1102	same
IGG019JN	AOSD8	EDM1102	EDM1102	same
IGG019JO	AOSD8	EDM1102	EDM1102	same
IGG019JP	AOSD8	EDM1102	EDM1102	same
IGG019JQ	AOSD8	EDM1102	EDM1102	same
IGG019JR	AOSD8	EDM1102	EDM1102	same
IGG019JS	AOSD8	EDM1102	EDM1102	same
IGG019JT	AOSD8	EDM1102	EDM1102	same
IGG019JU	AOSD8	EDM1102	EDM1102	same
IGG019JV	AOSD8	EDM1102	EDM1102	same
IGG019JW	AOSD8	EDM1102	EDM1102	same
IGG019JX	AOSD8	EDM1102	EDM1102	same
IGG019KA	AOSD7	UZ25759	UZ25759	same
IGG019KC	AOSD7	EDM1102	EDM1102	same
IGG019KE	AOSD7	UZ66375	EDM1102	rmid-differs
IGG019KF	AOSD7	UZ66375	EDM1102	rmid-differs
IGG019KG	AOSD7	EDM1102	EDM1102	same
IGG019KH	AOSD7	EDM1102	EDM1102	same
IGG019KI	AOSD7	EDM1102	EDM1102	same
IGG019KJ	AOSD7	UZ67148	UZ90072	rmid-differs
IGG019KK	AOSD7	UZ22124	UZ22124	same
IGG019KL	AOSD7	EDM1102	EDM1102	same
IGG019KM	AOSD7	UZ90072	UZ90072	same
IGG019KN	AOSD7	UZ90072	UZ90072	same
IGG019KO	AOSD7	EDM1102	EDM1102	same
IGG019KQ	AOSD7	EDM1102	EDM1102	same
IGG019KR	AOSD7	EDM1102	EDM1102	same
IGG019KU	AOSD7	UY02271	UZ54063	rmid-differs
IGG019KW	AOSD7	EDM1102	EDM1102	same
IGG019KY	AOSD7	EDM1102	EDM1102	same
IGG019LA	AOSD7	EDM1102	EDM1102	same
IGG019LC	AOSD7	UZ23609	UZ23609	same
IGG019LE	AOSD7	UZ23609	UZ23609	same
IGG019LI	AOSD7	EDM1102	EDM1102	same
IGG019LP	AOS20	EBT1102	EBT1102	same
IGG019LS	AOSD0	UZ25496	UZ25496	same
IGG019LT	AOSD0	EMI1102	EMI1102	same
IGG019LU	AOSD0	EMI1102	EMI1102	same
IGG019M0	AOS20	EBT1102	EBT1102	same
IGG019M1	AOS20	EBT1102	EBT1102	same
IGG019M2	AOS20	EBT1102	EBT1102	same
IGG019M3	AOS20	EBT1102	EBT1102	same
IGG019M4	AOS20	EBT1102	EBT1102	same
IGG019M5	AOS20	EBT1102	EBT1102	same
IGG019M6	AOS20	EBT1102	EBT1102	same
IGG019MA	AOS20	UY15787	UZ56596	rmid-differs
IGG019MB	AOS20	UY86189	UZ56056	rmid-differs
IGG019MC	AOS20	UY05101	UZ52421	rmid-differs
IGG019MD	AOS20	EBT1102	EBT1102	same
IGG019ME	AOS20	EBT1102	EBT1102	same
IGG019MF	AOS20	EBT1102	EBT1102	same
IGG019MI	AOS20	EBT1102	EBT1102	same
IGG019MJ	AOS20	EBT1102	EBT1102	same
IGG019MK	AOS20	EBT1102	EBT1102	same
IGG019ML	AOS20	EBT1102	EBT1102	same
IGG019MN	AOS20	EBT1102	EBT1102	same
IGG019MP	AOS20	EBT1102	EBT1102	same
IGG019MR	AOS20	UY15787	UZ25095	rmid-differs
IGG019MS	AOS20	UZ25090	UZ25090	same
IGG019MT	AOS20	EBT1102	EBT1102	same
IGG019MU	AOS20	EBT1102	EBT1102	same
IGG019MV	AOS20	EBT1102	EBT1102	same
IGG019MW	AOS20	EBT1102	EBT1102	same
IGG019MX	AOS20	EBT1102	EBT1102	same
IGG019MY	AOS20	EBT1102	EBT1102	same
IGG019MZ	AOS20	EBT1102	EBT1102	same
IGG019OA	AOSG0	UZ52995	UZ52995	same
IGG019OB	AOSG0	UZ62515	UZ56893	rmid-differs
IGG019OC	AOSG0	UZ56893	UZ56893	same
IGG019OE	AOSG0	UZ65007	UZ56893	rmid-differs
IGG019OJ	AOSG0	EGA1102	EGA1102	same
IGG019OK	AOSG0	EGA1102	EGA1102	same
IGG019P2	AOSU0	FDZ1610	FDZ1610	same
IGG019P7	AOSU0	EDS1102	EDS1102	same
IGG019P8	AOSU0	EDS1102	EDS1102	same
IGG019P9	AOSU0	UZ33664	UZ33664	same
IGG019PA	AOS20	UZ59296	UZ52994	rmid-differs
IGG019PB	AOS20	EBT1102	EBT1102	same
IGG019PC	AOS20	EBT1102	EBT1102	same
IGG019PD	AOS20	UZ29444	UZ29444	same
IGG019PE	AOS20	EBT1102	EBT1102	same
IGG019PF	AOS20	EBT1102	EBT1102	same
IGG019PG	AOS20	UY15787	UZ25094	rmid-differs
IGG019PH	AOS20	UY00891	UZ90084	rmid-differs
IGG019PI	AOS20	UY15787	UZ25094	rmid-differs
IGG019PK	AOS20	UY15787	UZ57416	rmid-differs
IGG019PL	AOS20	EBT1102	EBT1102	same
IGG019PM	AOS20	EBT1102	EBT1102	same
IGG019PN	AOS20	EBT1102	EBT1102	same
IGG019PO	AOS20	EBT1102	EBT1102	same
IGG019PP	AOS20	EBT1102	EBT1102	same
IGG019PQ	AOS20	EBT1102	EBT1102	same
IGG019Q0	AOS21	UZ34161	UZ34161	same
IGG019Q1	AOS21	UZ34664	UZ34664	same
IGG019Q2	AOS21	UZ33750	UZ33750	same
IGG019Q3	AOS21	UZ33368	UZ33368	same
IGG019Q4	AOS21	UZ33368	UZ33368	same
IGG019Q5	AOS21	UZ33368	UZ33368	same
IGG019Q6	AOS21	UZ31517	UZ31517	same
IGG019Q7	AOS21	UZ31517	UZ31517	same
IGG019Q8	AOS21	UZ35475	UZ35475	same
IGG019Q9	AOS21	UZ24392	UZ24392	same
IGG019QE	AOS21	UZ30992	UZ30992	same
IGG019R0	AOS21	UZ33750	UZ33750	same
IGG019R1	AOS21	UZ25956	UZ25956	same
IGG019R2	AOS21	UZ36497	UZ36497	same
IGG019R3	AOS21	ETC0108	ETC0108	same
IGG019R4	AOS21	UZ31517	UZ31517	same
IGG019R5	AOS21	UZ34664	UZ34664	same
IGG019R6	AOS21	UZ34970	UZ34970	same
IGG019R7	AOS21	ETC0108	ETC0108	same
IGG019R8	AOS21	ETC0108	ETC0108	same
IGG019R9	AOS21	ETC0108	ETC0108	same
IGG019RA	AOS21	UZ24392	UZ24392	same
IGG019RC	AOS21	UZ34393	UZ34393	same
IGG019RD	AOS21	UZ31517	UZ31517	same
IGG019RE	AOS21	ETC0108	ETC0108	same
IGG019RF	AOS21	ETC0108	ETC0108	same
IGG019RG	AOS21	ETC0108	ETC0108	same
IGG019RI	AOS21	ETC0108	ETC0108	same
IGG019RK	AOS21	ETC0108	ETC0108	same
IGG019RL	AOS21	UZ31703	UZ31703	same
IGG019RM	AOS21	ETC0108	ETC0108	same
IGG019RN	AOS21	UZ24650	UZ24650	same
IGG019RO	AOS21	UZ33489	UZ33489	same
IGG019RP	AOS21	ETC0108	ETC0108	same
IGG019RQ	AOS21	ETC0108	ETC0108	same
IGG019RR	AOS21	UZ27381	UZ27381	same
IGG019RS	AOS21	ETC0108	ETC0108	same
IGG019RT	AOS21	ETC0108	ETC0108	same
IGG019RU	AOS21	ETC0108	ETC0108	same
IGG019RV	AOS21	ETC0108	ETC0108	same
IGG019RW	AOS21	ETC0108	ETC0108	same
IGG019RX	AOS21	ETC0108	ETC0108	same
IGG019RY	AOS21	ETC0108	ETC0108	same
IGG019RZ	AOS21	UZ34279	UZ34279	same
IGG019SI	AOSC6	EDM1102	EDM1102	same
IGG019T2	AOSD0	UZ61346	UZ90002	rmid-differs
IGG019T3	AOST3	UZ36512	UZ36512	same
IGG019T4	AOST3	UZ31096	UZ31096	same
IGG019T5	AOST3	UZ36512	UZ36512	same
IGG019T6	AOST3	UZ36512	UZ36512	same
IGG019T7	AOST3	UZ36512	UZ36512	same
IGG019T8	AOST3	ETI1106	ETI1106	same
IGG019TC	AOSD0	UZ61346	UZ37211	rmid-differs
IGG019TD	AOSD0	UZ90002	UZ90002	same
IGG019TE	AOS21	UZ30737	UZ30737	same
IGG019TH	AOS21	UZ35426	UZ35426	same
IGG019TI	AOS21	UZ34321	UZ34321	same
IGG019TM	AOS21	ETC0108	ETC0108	same
IGG019TV	AOSD0	UZ61346	UZ90002	rmid-differs
IGG019TW	AOSD0	UZ61346	UZ37211	rmid-differs
IGG019TX	AOST3	ETI1106	ETI1106	same
IGG019TY	AOST3	ETI1106	ETI1106	same
IGG019TZ	AOST3	ETI1106	ETI1106	same
IGG019UM	AOSD0	EMI1102	EMI1102	same
IGG019UN	AOSD0	EMI1102	EMI1102	same
IGG019UO	AOSD0	EMI1102	EMI1102	same
IGG019UP	AOS20	UY85819	UZ29482	rmid-differs
IGG019V1	AOSD0	EST1102	EST1102	same
IGG019V2	AOSD0	EST1102	EST1102	same
IGG019V3	AOSD0	EST1102	EST1102	same
IGG019V4	AOSD0	EST1102	EST1102	same
IGG019V5	AOSD0	UZ26026	UZ26026	same
IGG019V6	AOSD0	UZ61346	UZ55916	rmid-differs
IGG019VA	AOSD0	EMI1102	EMI1102	same
IGG019VB	AOSD0	EMI1102	EMI1102	same
IGG019VC	AOSD0	EMI1102	EMI1102	same
IGG019VD	AOSD0	EMI1102	EMI1102	same
IGG019VE	AOSD0	EMI1102	EMI1102	same
IGG019VF	AOSD0	EMI1102	EMI1102	same
IGG019VG	AOSD0	EMI1102	EMI1102	same
IGG019VH	AOSD0	EMI1102	EMI1102	same
IGG019VI	AOSD0	EMI1102	EMI1102	same
IGG019VJ	AOSD0	EMI1102	EMI1102	same
IGG019VK	AOSD0	EMI1102	EMI1102	same
IGG019VV	AOSD0	EMI1102	EMI1102	same
IGG019VW	AOSD0	UZ42656	UZ30404	rmid-differs
IGG0201A	AOSD0	UZ71843	UZ35025	rmid-differs
IGG0201B	AOSD0	UZ28885	UZ28885	same
IGG0201D	AOSD0	UZ36262	UZ36262	same
IGG0201P	AOSD0	UZ32008	UZ32008	same
IGG0201R	AOSD0	EBB1102	EBB1102	same
IGG0201W	AOSD0	UZ62779	UZ51743	rmid-differs
IGG0201X	AOSD0	EDM1102	EDM1102	same
IGG0201Y	AOSD0	UZ72327	UZ53964	rmid-differs
IGG0201Z	AOSD0	UZ68686	UZ36761	rmid-differs
IGG02028	AOSD8	EDM1102	EDM1102	same
IGG02029	AOSD8	EDM1102	EDM1102	same
IGG0202A	AOSD8	UZ68416	EDM1102	rmid-differs
IGG0202B	AOSD8	UZ73480	EDM1102	rmid-differs
IGG0202D	AOSD8	UZ90073	UZ90073	same
IGG0202I	AOSD8	EDM1102	EDM1102	same
IGG0202J	AOSD8	EDM1102	EDM1102	same
IGG0202K	AOSD8	EDM1102	EDM1102	same
IGG0202L	AOSD8	EDM1102	EDM1102	same
IGG0202M	AOSD8	EDM1102	EDM1102	same
IGG0202N	AOSD8	EDM1102	EDM1102	same
IGG02030	AOS21	UZ36497	UZ36497	same
IGG02035	AOS21	ETC0108	ETC0108	same
IGG02036	AOS21	UZ30992	UZ30992	same
IGG0203A	AOSD7	UZ70163	UZ30291	rmid-differs
IGG0203B	AOS21	UZ28558	UZ28558	same
IGG0203K	AOSD0	UZ26897	UZ26897	same
IGG0203M	AOS20	UY76720	UZ51809	rmid-differs
IGG0203Y	AOSG0	UZ32823	UZ32823	same
IGG0203Z	AOSG0	UZ60117	UZ56893	rmid-differs
IGG02041	AOS21	UZ24392	UZ24392	same
IGG02046	AOS21	UZ59303	ETC0108	rmid-differs
IGG020D0	AOSD0	EDM1102	EDM1102	same
IGG020D1	AOSD0	EDM1102	EDM1102	same
IGG020FC	AOSD0	EDM1102	EDM1102	same
IGG020P1	AOSD0	UZ63089	UZ56743	rmid-differs
IGG020P2	AOSD0	UZ52337	UZ52337	same
IGG020P3	AOSD0	UZ63089	EDM1102	rmid-differs
IGG020T1	AOSD0	UZ69011	EDM1102	rmid-differs
IGG0210A	AOSD0	UZ29490	UZ29490	same
IGG021AB	AOSD0	UZ60687	UZ90061	rmid-differs
IGG026DU	AOSD0	EDM1102	EDM1102	same
IGG0290A	AOSD0	UZ68267	UZ56676	rmid-differs
IGG0290B	AOSD0	UZ30476	UZ30476	same
IGG0290C	AOSD0	UZ30476	UZ30476	same
IGG0290D	AOSD0	UZ81940	UZ57132	rmid-differs
IGG0290E	AOSD0	UZ63439	UZ56676	rmid-differs
IGG0290F	AOSD0	UZ30476	UZ30476	same
IGG0299A	AOSD0	UZ63439	UZ56743	rmid-differs
IGG029DM	AOSD0	UZ90007	UZ90007	same
IGG029DU	AOSD0	EDM1102	EDM1102	same
IGG03001	AOSD0	UZ63439	UZ37677	rmid-differs
IGG03002	AOSD0	UZ34313	UZ34313	same
IGG030DU	AOSD0	EDM1102	EDM1102	same
IGG0325A	AOSD0	UZ67577	UZ51611	rmid-differs
IGG0325B	AOSD0	UZ90076	UZ90076	same
IGG0325C	AOSD0	EDM1102	EDM1102	same
IGG0325D	AOSD0	UZ69130	EDM1102	rmid-differs
IGG0325E	AOSD0	UZ67577	UZ53478	rmid-differs
IGG0325G	AOSD0	UZ60516	UZ57120	rmid-differs
IGG0325H	AOSD0	UZ63439	EDM1102	rmid-differs
IGG0325I	AOSD0	UZ90076	UZ90076	same
IGG0325K	AOSD0	EDM1102	EDM1102	same
IGG0325P	AOSD0	EDM1102	EDM1102	same
IGG0325Q	AOSD0	EDM1102	EDM1102	same
IGG0325R	AOSD0	UZ78519	EDM1102	rmid-differs
IGG0325T	AOSD0	EDM1102	EDM1102	same
IGG0325U	AOSD0	EDM1102	EDM1102	same
IGG0325V	AOSD0	EDM1102	EDM1102	same
IGG0325W	AOSD0	EDM1102	EDM1102	same
IGG0325Z	AOSD0	UZ23791	UZ23791	same
IGG032I1	AOSD0	UZ63061	EDM1102	rmid-differs
IGG032I2	AOSD0	UZ35886	UZ35886	same
IGG032I3	AOSD0	UZ67577	EDM1102	rmid-differs
IGG032I4	AOSD0	EDM1102	EDM1102	same
IGG032I5	AOSD0	UZ67577	EDM1102	rmid-differs
IGG032I6	AOSD0	EDM1102	EDM1102	same
IGG032I7	AOSD0	UZ63439	EDM1102	rmid-differs
IGG032I8	AOSD0	UZ63439	EDM1102	rmid-differs
IGG0553A	AOSD0	UZ63439	UZ51611	rmid-differs
IGG0553B	AOSD0	EDM1102	EDM1102	same
IGG0553C	AOSD0	UZ67885	EDM1102	rmid-differs
IGG0553D	AOSD0	EDM1102	EDM1102	same
IGG0553E	AOSD0	UZ63439	EDM1102	rmid-differs
IGG0553F	AOSD0	EDM1102	EDM1102	same
IGG0553G	AOSD0	UZ67885	UZ37910	rmid-differs
IGG08101	AOSD0	FDM1133	FDM1133	same
IGG08102	AOSD0	FDM1133	FDM1133	same
IGG08103	AOSD0	FDM1133	FDM1133	same
IGG08104	AOSD0	UZ29828	UZ29828	same
IGG08108	AOSD0	UZ32523	UZ32523	same
IGG08110	AOSD0	UZ53854	UZ53854	same
IGG08111	AOSD0	UZ53854	UZ53854	same
IGG08112	AOSD0	UZ53854	UZ53854	same
IGG08113	AOSD0	UZ74336	UZ53854	rmid-differs
IGG08114	AOSD0	UZ34063	UZ34063	same
IGG08115	AOSD0	FDM1133	FDM1133	same
IGG08116	AOSD0	UZ30728	UZ30728	same
IGG08117	AOSD0	UZ59019	UZ56448	rmid-differs
IGG0860A	AOSU0	EDS1102	EDS1102	same
IGG0860B	AOSU0	UZ90093	UZ90093	same
IGG0860C	AOSU0	UZ90093	UZ90093	same
IGG0860D	AOSU0	UZ90093	UZ90093	same
IGG086AE	AOSU0	EDS1102	EDS1102	same
IGG09300	AOST3	UZ23355	UZ23355	same
IGG09301	AOST3	UZ54203	UZ54203	same
IGG09302	AOST3	UZ33259	UZ33259	same
IGG09303	AOST3	UZ25385	UZ25385	same
IGG09400	AOST3	UZ35771	UZ35771	same
IGG09402	AOST3	UZ53562	UZ53562	same
IGG09403	AOST3	UZ36549	UZ36549	same
IGG09404	AOST3	ETC0108	ETC0108	same
IGG09405	AOST3	ETC0108	ETC0108	same
IGG09406	AOST3	ETC0108	ETC0108	same
IGG09407	AOST3	ETC0108	ETC0108	same
IGG09408	AOST3	UZ23963	UZ23963	same
IGG09409	AOST3	UZ25385	UZ25385	same
IGG0940A	AOST3	UZ25385	UZ25385	same
IGG0940B	AOST3	ETC0108	ETC0108	same
IGG0940C	AOST3	ETC0108	ETC0108	same
IGG0940D	AOST3	ETC0108	ETC0108	same
IGG0940E	AOST3	ETC0108	ETC0108	same
IGG0940G	AOST3	UZ25385	UZ25385	same
IGG0940H	AOST3	ETC0108	ETC0108	same
IGG09411	AOST3	UZ57962	UZ52590	rmid-differs
IGG09414	AOST3	ETC0108	ETC0108	same
IGG0CLA0	AOSA0	UZ54323	UZ54323	same
IGG0CLA1	AOSA0	EDM1102	EDM1102	same
IGG0CLA2	AOSA0	UZ32834	UZ32834	same
IGG0CLA3	AOSA0	UZ62510	UZ54429	rmid-differs
IGG0CLA4	AOSA0	UZ35737	UZ35737	same
IGG0CLA5	AOSA0	UZ33900	UZ33900	same
IGG0CLA6	AOSA0	UZ35616	UZ35616	same
IGG0CLA7	AOSA0	UZ34244	UZ34244	same
IGG0CLA8	AOSA0	UZ37623	UZ37623	same
IGG0CLA9	AOSA0	UZ62510	UZ56325	rmid-differs
IGG0CLAA	AOSA0	EDM1102	EDM1102	same
IGG0CLAB	AOSA0	UZ27352	UZ27352	same
IGG0CLAC	AOSA0	EDM1102	EDM1102	same
IGG0CLAD	AOSA0	UZ53568	UZ53568	same
IGG0CLAE	AOSA0	UZ32834	UZ32834	same
IGG0CLAF	AOSA0	UZ72803	UZ32834	rmid-differs
IGG0CLAG	AOSA0	UZ58773	UZ35971	rmid-differs
IGG0CLAH	AOSA0	UZ71195	UZ32834	rmid-differs
IGG0CLAI	AOSA0	UZ27348	UZ27348	same
IGG0CLAJ	AOSA0	UZ60327	EDM1102	rmid-differs
IGG0CLAK	AOSA0	UZ33061	UZ33061	same
IGG0CLAL	AOSA0	UZ77518	UZ29757	rmid-differs
IGG0CLAM	AOSA0	UZ27348	UZ27348	same
IGG0CLAN	AOSA0	UZ27348	UZ27348	same
IGG0CLAO	AOSA0	UZ27347	UZ27347	same
IGG0CLAP	AOSA0	UZ72061	UZ35054	rmid-differs
IGG0CLAQ	AOSA0	UZ72965	UZ34149	rmid-differs
IGG0CLAR	AOSA0	UZ27347	UZ27347	same
IGG0CLAS	AOSA0	UZ32834	UZ32834	same
IGG0CLAT	AOSA0	UZ72651	UZ51938	rmid-differs
IGG0CLAU	AOSA0	EDM1102	EDM1102	same
IGG0CLAV	AOSA0	EDM1102	EDM1102	same
IGG0CLAW	AOSA0	UZ32834	UZ32834	same
IGG0CLAX	AOSA0	UZ54408	UZ54408	same
IGG0CLAY	AOSA0	UZ27348	UZ27348	same
IGG0CLAZ	AOSA0	UZ72403	UZ27347	rmid-differs
IGG0CLB0	AOSA0	UZ35616	UZ35616	same
IGG0CLB1	AOSA0	UZ27347	UZ27347	same
IGG0CLB2	AOSA0	EDM1102	EDM1102	same
IGG0CLB3	AOSA0	EDM1102	EDM1102	same
IGG0CLB4	AOSA0	UZ37548	UZ37548	same
IGG0CLB5	AOSA0	UZ32923	UZ32923	same
IGG0CLB6	AOSA0	UZ41208	UZ56933	rmid-differs
IGG0CLB7	AOSA0	UZ59300	UZ32834	rmid-differs
IGG0CLB8	AOSA0	UZ54543	UZ54543	same
IGG0CLB9	AOSA0	UZ35588	UZ35588	same
IGG0CLBA	AOSA0	UZ27347	UZ27347	same
IGG0CLBB	AOSA0	UZ27347	UZ27347	same
IGG0CLBC	AOSA0	EDM1102	EDM1102	same
IGG0CLBD	AOSA0	UZ27348	UZ27348	same
IGG0CLBE	AOSA0	UZ32834	UZ32834	same
IGG0CLBF	AOSA0	EDM1102	EDM1102	same
IGG0CLBG	AOSA0	UZ65674	UZ36792	rmid-differs
IGG0CLBH	AOSA0	UZ27347	UZ27347	same
IGG0CLBI	AOSA0	UZ35971	UZ35971	same
IGG0CLBJ	AOSA0	UZ57742	EDM1102	rmid-differs
IGG0CLBK	AOSA0	UZ32834	UZ32834	same
IGG0CLBL	AOSA0	UZ27347	UZ27347	same
IGG0CLBM	AOSA0	UZ41208	UZ34957	rmid-differs
IGG0CLBN	AOSA0	UZ30647	UZ30647	same
IGG0CLBO	AOSA0	UZ68184	UZ35588	rmid-differs
IGG0CLBP	AOSA0	UZ74634	UZ27347	rmid-differs
IGG0CLBQ	AOSA0	EDM1102	EDM1102	same
IGG0CLBR	AOSA0	EDM1102	EDM1102	same
IGG0CLBS	AOSA0	UZ27347	UZ27347	same
IGG0CLBT	AOSA0	UZ27347	UZ27347	same
IGG0CLBU	AOSA0	UZ58280	UZ27347	rmid-differs
IGG0CLBV	AOSA0	UZ58280	UZ32834	rmid-differs
IGG0CLBW	AOSA0	UZ27347	UZ27347	same
IGG0CLBX	AOSA0	UZ35616	UZ35616	same
IGG0CLBY	AOSA0	UZ72069	UZ55976	rmid-differs
IGG0CLBZ	AOSA0	UZ27347	UZ27347	same
IGG0CLC9	AOSA0	UZ62510	UZ35064	rmid-differs
IGG0CLCA	AOSD0	UZ84866	UZ55818	rmid-differs
IGG0CLCB	AOSD0	UZ55818	UZ55818	same
IGG0CLCC	AOSD0	UZ79993	UZ55818	rmid-differs
IGG0CLCD	AOSD0	UZ66313	UZ55818	rmid-differs
IGG0CLCE	AOSD0	UZ67190	UZ55818	rmid-differs
IGG0CLCF	AOSD0	UZ55818	UZ55818	same
IGG0CLDA	AOSA0	UZ27347	UZ27347	same
IGG0CLDC	AOSA0	UZ66928	UZ27355	rmid-differs
IGG0CLDD	AOSA0	UZ66928	UZ27355	rmid-differs
IGG0CLF2	AOSD0	UZ28922	UZ28922	same
IGG1AN	AOSD0	EDM1102	EDM1102	same
IGG1HN	AOSD0	EDM1102	EDM1102	same
IGG1PCAN	AOSD0	EDM1102	EDM1102	same
IGG1PCHN	AOSD0	EDM1102	EDM1102	same
IGG1PN	AOSD0	EDM1102	EDM1102	same
IGG1QN	AOSD0	EDM1102	EDM1102	same
IGG1QNC	AOSD0	EDM1102	EDM1102	same
IGG1RN	AOSD0	EDM1102	EDM1102	same
IGG1SN	AOSD0	EDM1102	EDM1102	same
IGG1TN	AOSD0	UZ24905	UZ24905	same
IGG1XN	AOSD0	EDM1102	EDM1102	same
IGG1YN	AOSD0	EDM1102	EDM1102	same
IGG2A11	AOSD0	EDM1102	EDM1102	same
IGG2G11	AOSD0	EDM1102	EDM1102	same
IGG2H11	AOSD0	EDM1102	EDM1102	same
IGG2P11	AOSD0	EDM1102	EDM1102	same
IGG2T11	AOSD0	EDM1102	EDM1102	same
IGG3AN	AOSD0	UZ90040	UZ90040	same
IGG3HN	AOSD0	UZ90040	UZ90040	same
IGG3PCAN	AOSD0	UZ90040	UZ90040	same
IGG3PCHN	AOSD0	UZ90040	UZ90040	same
IGG3PN	AOSD0	UZ90040	UZ90040	same
IGG3QN	AOSD0	UZ90040	UZ90040	same
IGG3QNC	AOSD0	UZ90040	UZ90040	same
IGG3RN	AOSD0	UZ90040	UZ90040	same
IGG3SN	AOSD0	UZ90040	UZ90040	same
IGG3TN	AOSD0	UZ90040	UZ90040	same
IGG3XN	AOSD0	UZ90039	UZ90039	same
IGG3YN	AOSD0	UZ90039	UZ90039	same
IGGMSG01	AOSD0	UZ30728	UZ30728	same
IGGMSG02	AOSD0	UZ57182	EDM1102	rmid-differs
IGX00013	AOSC5	EMF1102	EMF1102	same
IGX00014	ALPALIB	EMF1102	EMF1102	same
IGX00015	AOSC5	EBB1102	EBB1102	same
IGX00026	AOST4	UZ48765	UZ60444	rmid-differs
IGX00027	AOST4	UZ48765	UZ59182	rmid-differs
IHCGSP01	AOS07	EGS1102	EGS1102	same
IHCGSP02	AOS07	EGS1102	EGS1102	same
IHCGSP03	AOS07	UZ90085	UZ90085	same
IHCGSP04	AOS07	EGS1102	EGS1102	same
IHDGSP01	AOS07	EGS1102	EGS1102	same
IHDGSP03	AOS07	UZ90085	UZ90085	same
IHEGSP03	AOS07	UZ90085	UZ90085	same
IHJACP00	AOSC6	UZ38165	UZ38165	same
IHJACP01	AOSC6	UZ53752	UZ53752	same
IHJACP02	AOSC6	UZ66717	UZ24477	rmid-differs
IHJACP20	AOSC6	EDM1102	EDM1102	same
IHJACP25	AOSC6	UZ59987	UZ22244	rmid-differs
IHJACP50	AOSC6	UZ24153	UZ24153	same
IHJACP70	AOSC6	EDM1102	EDM1102	same
IHJARS00	AOSC6	UZ22245	UZ22245	same
IHJARS01	AOSC6	EDM1102	EDM1102	same
IHJARS60	AOSC6	UZ63538	UZ22181	rmid-differs
IHJQCP30	AOSC6	EDM1102	EDM1102	same
IHJQCP31	AOSC6	EDM1102	EDM1102	same
IHJQCP32	AOSC6	EDM1102	EDM1102	same
IHJQRS20	AOSC6	EDM1102	EDM1102	same
IHJQRS21	AOSC6	UZ72454	UZ37487	rmid-differs
IHJQRS22	AOSC6	EDM1102	EDM1102	same
IHJQRS23	AOSC6	EDM1102	EDM1102	same
IHJQRS24	AOSC6	UZ71565	EDM1102	rmid-differs
IKJ5803D	AOST4	EBB1102	EBB1102	same
IKJCB831	AOST4	UY07656	EBB1102	rmid-differs
IKJCT430	AOST4	UY16532	UZ80347	rmid-differs
IKJCT431	AOST4	UY16532	UZ59182	rmid-differs
IKJCT432	AOST4	UZ25767	UZ25767	same
IKJCT433	AOST4	UY17021	UZ68075	rmid-differs
IKJCT434	AOST4	UZ26051	UZ26051	same
IKJCT435	AOST4	EBB1102	EBB1102	same
IKJCT436	AOST4	UY17021	UZ80347	rmid-differs
IKJCT460	AOST4	UZ50509	UZ69787	rmid-differs
IKJCT462	AOST4	UZ80230	UZ80230	same
IKJCT463	AOST4	UZ80347	UZ80347	same
IKJCT464	AOST4	UZ80230	UZ80230	same
IKJCT466	AOST4	UZ80230	UZ80230	same
IKJCT467	AOST4	UZ80230	UZ80230	same
IKJCT469	AOST4	UZ40360	UZ40360	same
IKJCT470	AOST4	EBB1102	EBB1102	same
IKJCT471	AOST4	UZ60205	UZ60205	same
IKJCT472	AOST4	UZ80230	UZ80230	same
IKJCT473	AOST4	UZ58481	UZ58481	same
IKJEBEAA	ACMDLIB	UZ25185	UZ25185	same
IKJEBEAE	ACMDLIB	UY12210	UZ67795	rmid-differs
IKJEBEAR	AOST4	EBB1102	EBB1102	same
IKJEBEAT	ACMDLIB	EBB1102	EBB1102	same
IKJEBEBO	ACMDLIB	EBB1102	EBB1102	same
IKJEBECH	ACMDLIB	UZ59807	UZ59807	same
IKJEBECI	ACMDLIB	UZ79544	UZ79544	same
IKJEBECK	AOST4	EBB1102	EBB1102	same
IKJEBECO	ACMDLIB	UZ29612	UZ29612	same
IKJEBEDA	ACMDLIB	UZ74471	UZ74471	same
IKJEBEDC	ACMDLIB	EBB1102	EBB1102	same
IKJEBEDE	ACMDLIB	EBB1102	EBB1102	same
IKJEBEDO	ACMDLIB	EBB1102	EBB1102	same
IKJEBEDX	ACMDLIB	EBB1102	EBB1102	same
IKJEBEEN	ACMDLIB	UZ22743	UZ22743	same
IKJEBEEX	ACMDLIB	UZ27324	UZ27324	same
IKJEBEFC	ACMDLIB	UZ27663	UZ27663	same
IKJEBEFI	ACMDLIB	UZ28576	UZ28576	same
IKJEBEFO	ACMDLIB	UZ40114	UZ40114	same
IKJEBEHE	ACMDLIB	EBB1102	EBB1102	same
IKJEBEIA	ACMDLIB	UZ84183	EBB1102	rmid-differs
IKJEBEIP	ACMDLIB	UZ53197	UZ53197	same
IKJEBEIS	ACMDLIB	UY03346	EBB1102	rmid-differs
IKJEBELE	ACMDLIB	UZ35891	UZ35891	same
IKJEBELI	ACMDLIB	UZ44111	EBB1102	rmid-differs
IKJEBELT	ACMDLIB	EBB1102	EBB1102	same
IKJEBEM1	ACMDLIB	EBB1102	EBB1102	same
IKJEBEM2	ACMDLIB	EBB1102	EBB1102	same
IKJEBEM3	ACMDLIB	EBB1102	EBB1102	same
IKJEBEM4	ACMDLIB	UZ31570	UZ31570	same
IKJEBEM5	ACMDLIB	EBB1102	EBB1102	same
IKJEBEM6	ACMDLIB	EBB1102	EBB1102	same
IKJEBEM7	ACMDLIB	EBB1102	EBB1102	same
IKJEBEMA	ACMDLIB	UZ38452	UZ38452	same
IKJEBEMC	AOST4	UZ68810	UZ68810	same
IKJEBEME	ACMDLIB	UZ40114	UZ40114	same
IKJEBEMR	ACMDLIB	EBB1102	EBB1102	same
IKJEBEMS	ACMDLIB	EBB1102	EBB1102	same
IKJEBEPS	ACMDLIB	EBB1102	EBB1102	same
IKJEBERC	AOST4	EBB1102	EBB1102	same
IKJEBERE	ACMDLIB	EBB1102	EBB1102	same
IKJEBERN	ACMDLIB	UZ29102	UZ29102	same
IKJEBERU	ACMDLIB	UY12811	UZ32693	rmid-differs
IKJEBESA	ACMDLIB	UZ84183	UZ38590	rmid-differs
IKJEBESC	ACMDLIB	UZ34976	UZ34976	same
IKJEBESE	ACMDLIB	UZ55060	UZ55060	same
IKJEBESU	ACMDLIB	EBB1102	EBB1102	same
IKJEBETA	ACMDLIB	UZ31570	UZ31570	same
IKJEBETO	ACMDLIB	EBB1102	EBB1102	same
IKJEBEUI	ACMDLIB	UZ32429	UZ32429	same
IKJEBEUN	AOST4	UZ44270	EBB1102	rmid-differs
IKJEBEUP	ACMDLIB	EBB1102	EBB1102	same
IKJEBEUT	ACMDLIB	EBB1102	EBB1102	same
IKJEBEVE	ACMDLIB	EBB1102	EBB1102	same
IKJEE100	ACMDLIB	UZ48524	UZ28003	rmid-differs
IKJEE150	ACMDLIB	UZ78266	UZ78266	same
IKJEE1A0	ACMDLIB	EBB1102	EBB1102	same
IKJEES10	ACMDLIB	UZ80347	UZ80347	same
IKJEES11	ACMDLIB	UZ28726	UZ28726	same
IKJEES20	AOST4	UZ65105	UZ65105	same
IKJEES40	ACMDLIB	EBB1102	EBB1102	same
IKJEES70	AOST4	UZ80347	UZ80347	same
IKJEES74	AOST4	EBB1102	EBB1102	same
IKJEES75	AOST4	EBB1102	EBB1102	same
IKJEFA00	ACMDLIB	UZ80347	UZ80347	same
IKJEFA01	ACMDLIB	EBB1102	EBB1102	same
IKJEFA10	ACMDLIB	EBB1102	EBB1102	same
IKJEFA11	ACMDLIB	EBB1102	EBB1102	same
IKJEFA12	ACMDLIB	EBB1102	EBB1102	same
IKJEFA13	ACMDLIB	EBB1102	EBB1102	same
IKJEFA20	ACMDLIB	UZ51405	UZ31166	rmid-differs
IKJEFA21	ACMDLIB	UZ51405	EBB1102	rmid-differs
IKJEFA22	ACMDLIB	EBB1102	EBB1102	same
IKJEFA23	ACMDLIB	UZ22662	UZ22662	same
IKJEFA24	ACMDLIB	EBB1102	EBB1102	same
IKJEFA30	ACMDLIB	UZ75399	UZ75399	same
IKJEFA31	ACMDLIB	EBB1102	EBB1102	same
IKJEFA32	ACMDLIB	EBB1102	EBB1102	same
IKJEFA40	ACMDLIB	EBB1102	EBB1102	same
IKJEFA41	ACMDLIB	EBB1102	EBB1102	same
IKJEFA42	ACMDLIB	EBB1102	EBB1102	same
IKJEFA51	ACMDLIB	UZ69616	UZ69616	same
IKJEFA52	ACMDLIB	EBB1102	EBB1102	same
IKJEFA53	ACMDLIB	UZ23071	UZ23071	same
IKJEFA54	ACMDLIB	EBB1102	EBB1102	same
IKJEFA55	ACMDLIB	UY08801	EBB1102	rmid-differs
IKJEFATT	ACMDLIB	UZ80347	UZ80347	same
IKJEFD00	AOST4	EBB1102	EBB1102	same
IKJEFD20	ACMDLIB	UY08308	UZ66821	rmid-differs
IKJEFD30	AOST4	UZ80347	UZ80347	same
IKJEFD31	AOST4	EBB1102	EBB1102	same
IKJEFD32	AOST4	UZ69512	UZ69512	same
IKJEFD33	AOST4	UZ58132	UZ58132	same
IKJEFD34	AOST4	EBB1102	EBB1102	same
IKJEFD35	AOST4	EBB1102	EBB1102	same
IKJEFD36	AOST4	EBB1102	EBB1102	same
IKJEFD37	AOST4	UZ65229	UZ65229	same
IKJEFE01	ACMDLIB	EBB1102	EBB1102	same
IKJEFE02	ACMDLIB	EBB1102	EBB1102	same
IKJEFE03	ACMDLIB	EBB1102	EBB1102	same
IKJEFE04	ACMDLIB	EBB1102	EBB1102	same
IKJEFE05	ACMDLIB	EBB1102	EBB1102	same
IKJEFE06	ACMDLIB	EBB1102	EBB1102	same
IKJEFE11	ACMDLIB	UY04130	EBB1102	rmid-differs
IKJEFE15	ACMDLIB	UY04130	EBB1102	rmid-differs
IKJEFE16	ACMDLIB	UY04130	UZ69726	rmid-differs
IKJEFF00	AOST4	UZ47243	UZ80230	rmid-differs
IKJEFF01	ACMDLIB	UZ80347	UZ80347	same
IKJEFF02	AOST4	UZ46135	UZ55435	rmid-differs
IKJEFF03	ACMDLIB	UY22333	EBB1102	rmid-differs
IKJEFF04	ACMDLIB	UY07976	UZ80230	rmid-differs
IKJEFF05	ACMDLIB	UY22333	UZ80230	rmid-differs
IKJEFF06	ACMDLIB	EBB1102	EBB1102	same
IKJEFF07	ACMDLIB	UZ70231	UZ70231	same
IKJEFF08	ACMDLIB	UZ80230	UZ80230	same
IKJEFF09	ACMDLIB	UY13425	UZ26710	rmid-differs
IKJEFF10	ACMDLIB	EBB1102	EBB1102	same
IKJEFF12	ACMDLIB	EBB1102	EBB1102	same
IKJEFF13	ACMDLIB	UZ83913	UZ80230	rmid-differs
IKJEFF15	AOST4	UZ80230	UZ80230	same
IKJEFF16	ACMDLIB	UZ40049	UZ40049	same
IKJEFF18	ACMDLIB	UY11778	UZ70578	rmid-differs
IKJEFF19	AOST4	UZ63330	UZ63330	same
IKJEFF20	AOST4	UZ80230	UZ80230	same
IKJEFF49	AOST4	UZ80230	UZ80230	same
IKJEFF50	ACMDLIB	UZ42921	UZ80230	rmid-differs
IKJEFF51	AOST4	EBB1102	EBB1102	same
IKJEFF52	AOST4	UZ48744	UZ80230	rmid-differs
IKJEFF53	AOST4	EBB1102	EBB1102	same
IKJEFF54	AOST4	UZ80230	UZ80230	same
IKJEFF55	ACMDLIB	UZ48456	UZ74375	rmid-differs
IKJEFF56	AOST4	UZ80347	UZ80347	same
IKJEFF57	ACMDLIB	UZ80230	UZ80230	same
IKJEFF58	AOST4	EBB1102	EBB1102	same
IKJEFF76	AOST4	UZ80230	UZ80230	same
IKJEFF77	AOST4	UZ80230	UZ80230	same
IKJEFG00	ACMDLIB	UZ59182	UZ59182	same
IKJEFH00	ACMDLIB	EBB1102	EBB1102	same
IKJEFH01	ACMDLIB	UY20282	UZ80347	rmid-differs
IKJEFH02	ACMDLIB	UZ84329	EBB1102	rmid-differs
IKJEFH03	ACMDLIB	UZ84329	UZ25644	rmid-differs
IKJEFL00	ACMDLIB	UZ24079	UZ24079	same
IKJEFLA	AOST4	UY17588	UZ80230	rmid-differs
IKJEFLB	AOST4	UY07104	UZ30666	rmid-differs
IKJEFLC	AOST4	UZ80347	UZ80347	same
IKJEFLCM	AOST4	EBB1102	EBB1102	same
IKJEFLE	AOST4	UY39539	UZ70581	rmid-differs
IKJEFLEA	AOST4	UZ55427	UZ55427	same
IKJEFLF	AOST4	UZ29625	UZ29625	same
IKJEFLG	AOST4	UY17588	EBB1102	rmid-differs
IKJEFLGB	AOST4	UY17588	UZ23431	rmid-differs
IKJEFLGH	AOST4	UY17588	EBB1102	rmid-differs
IKJEFLGM	AOST4	UY17588	UZ23796	rmid-differs
IKJEFLGN	AOST4	UZ73871	UZ73871	same
IKJEFLH	AOST4	UZ36652	UZ36652	same
IKJEFLI	AOST4	UY17588	UZ70837	rmid-differs
IKJEFLJ	AOST4	UY07104	UZ73917	rmid-differs
IKJEFLK	AOST4	UY07104	UZ53382	rmid-differs
IKJEFLL	AOST4	UY17588	UZ73871	rmid-differs
IKJEFLLM	AOST4	UZ55177	UZ55177	same
IKJEFLPA	AOST4	UY17588	EBB1102	rmid-differs
IKJEFLS	AOST4	UY17588	UZ59568	rmid-differs
IKJEFP00	AOST4	UY17760	UZ71091	rmid-differs
IKJEFP03	AOST4	EBB1102	EBB1102	same
IKJEFP10	AOST4	UY14769	EBB1102	rmid-differs
IKJEFP20	AOST4	UY14769	UZ69914	rmid-differs
IKJEFP30	AOST4	UZ63579	UZ63579	same
IKJEFP40	AOST4	EBB1102	EBB1102	same
IKJEFP60	AOST4	UZ70068	UZ70068	same
IKJEFR00	ACMDLIB	UZ28856	UZ28856	same
IKJEFT01	AOST4	UY13431	UZ80347	rmid-differs
IKJEFT02	AOST4	UY30864	UZ39610	rmid-differs
IKJEFT03	AOST4	UY09172	UZ80230	rmid-differs
IKJEFT04	AOST4	UZ83396	UZ80230	rmid-differs
IKJEFT05	AOST4	UY02947	UZ39168	rmid-differs
IKJEFT06	AOST4	UZ42826	UZ23796	rmid-differs
IKJEFT07	AOST4	UZ80347	UZ80347	same
IKJEFT08	AOST4	UZ80347	UZ80347	same
IKJEFT09	AOST4	UZ82014	UZ80230	rmid-differs
IKJEFT25	AOST4	UZ27405	UZ27405	same
IKJEFT30	AOST4	UY13091	UZ78896	rmid-differs
IKJEFT35	AOST4	UY17021	UZ35003	rmid-differs
IKJEFT40	AOST4	EBB1102	EBB1102	same
IKJEFT45	AOST4	UZ44184	UZ60105	rmid-differs
IKJEFT52	AOST4	EBB1102	EBB1102	same
IKJEFT53	AOST4	EBB1102	EBB1102	same
IKJEFT54	AOST4	EBB1102	EBB1102	same
IKJEFT55	AOST4	UY43689	UZ80347	rmid-differs
IKJEFT56	AOST4	EBB1102	EBB1102	same
IKJEFT80	ACMDLIB	UY01743	UZ70923	rmid-differs
IKJEFT82	ACMDLIB	UZ70923	UZ70923	same
IKJEFTE2	AOST4	EBB1102	EBB1102	same
IKJEFTE8	AOST4	UZ78841	UZ78841	same
IKJEFTNS	AOST4	EBB1102	EBB1102	same
IKJEFTSC	AOST4	UY43678	UZ80230	rmid-differs
IKJEFXSR	AOST4	UZ77304	UZ77304	same
IKJEGASN	ACMDLIB	EBB1102	EBB1102	same
IKJEGAT	ACMDLIB	UZ39644	UZ39644	same
IKJEGATD	ACMDLIB	UZ78104	UZ78104	same
IKJEGATN	ACMDLIB	UZ48384	EBB1102	rmid-differs
IKJEGCIV	ACMDLIB	UZ36442	UZ36442	same
IKJEGCPY	ACMDLIB	EBB1102	EBB1102	same
IKJEGCVT	ACMDLIB	UY07264	UZ39644	rmid-differs
IKJEGDCB	ACMDLIB	UZ25642	UZ25642	same
IKJEGDEB	ACMDLIB	UZ31861	UZ31861	same
IKJEGEND	ACMDLIB	EBB1102	EBB1102	same
IKJEGEQU	ACMDLIB	EBB1102	EBB1102	same
IKJEGGO	ACMDLIB	UZ31165	UZ31165	same
IKJEGINT	ACMDLIB	UZ82014	UZ39563	rmid-differs
IKJEGIO	ACMDLIB	UY08628	UZ23670	rmid-differs
IKJEGLDF	ACMDLIB	UY29952	UZ39563	rmid-differs
IKJEGLDR	ACMDLIB	UZ24372	UZ24372	same
IKJEGLSA	ACMDLIB	UY29953	UZ39425	rmid-differs
IKJEGLST	ACMDLIB	UY38623	EBB1102	rmid-differs
IKJEGMAP	ACMDLIB	UZ26588	UZ26588	same
IKJEGMNL	ACMDLIB	UY29952	UZ39563	rmid-differs
IKJEGMSG	ACMDLIB	UZ48384	UZ26587	rmid-differs
IKJEGOFF	ACMDLIB	UZ44378	EBB1102	rmid-differs
IKJEGPCH	ACMDLIB	UZ53327	UZ53327	same
IKJEGPSW	ACMDLIB	EBB1102	EBB1102	same
IKJEGQFY	ACMDLIB	UY06583	EBB1102	rmid-differs
IKJEGSRH	ACMDLIB	UZ66677	UZ66677	same
IKJEGSTA	ACMDLIB	UZ38716	UZ38716	same
IKJEGSYM	ACMDLIB	UZ81433	UZ52521	rmid-differs
IKJEGTCB	ACMDLIB	UZ28974	UZ28974	same
IKJEGWHR	ACMDLIB	UY08805	UZ32026	rmid-differs
IKJEHAL1	ACMDLIB	UZ38998	UZ31416	rmid-differs
IKJEHCIR	ACMDLIB	UZ43283	UZ29539	rmid-differs
IKJEHDEF	ACMDLIB	UZ43283	EST1102	rmid-differs
IKJEHDS1	ACMDLIB	UZ45029	UZ54574	rmid-differs
IKJEHMEM	ACMDLIB	EST1102	EST1102	same
IKJEHPRO	ACMDLIB	UZ38998	UZ28892	rmid-differs
IKJEHREN	ACMDLIB	UZ45173	UZ26412	rmid-differs
IKJEHSIR	ACMDLIB	EST1102	EST1102	same
IKJL4T00	AOST4	UZ27010	UZ27010	same
IKJNULL	AOSB3	EBB1102	EBB1102	same
IKJRBBCM	AOST4	UZ83118	EBB1102	rmid-differs
IKJRBBCR	AOST4	UZ25504	UZ25504	same
IKJRBBMC	AOST4	UZ48765	UZ80347	rmid-differs
IKJRBBMG	AOST4	EBB1102	EBB1102	same
IKJRBBMP	AOST4	EBB1102	EBB1102	same
IKJRBBU0	AOST4	UZ41714	UZ53152	rmid-differs
IKJRBBU1	AOST4	EBB1102	EBB1102	same
IKJTTRM0	AOST4	UZ81247	UZ80230	rmid-differs
IKT0009C	AOST3	UZ35180	UZ35180	same
IKT0009D	AOST3	UZ22286	UZ22286	same
IKT09401	AOST3	UZ67122	UZ26904	rmid-differs
IKT09404	AOST3	ETV0108	ETV0108	same
IKT09405	AOST3	ETV0108	ETV0108	same
IKT09409	AOST3	UZ22286	UZ22286	same
IKT0940A	AOST3	ETV0108	ETV0108	same
IKT0940C	AOST3	ETV0108	ETV0108	same
IKT0940D	AOST3	ETV0108	ETV0108	same
IKT0940E	AOST3	UZ22286	UZ22286	same
IKT0940F	AOST3	UZ36881	UZ36881	same
IKT09412	AOST3	UZ54020	UZ54020	same
IKT09413	AOST3	UZ68882	UZ31365	rmid-differs
IKT09414	AOST3	ETV0108	ETV0108	same
IKT3270I	AOST3	UZ71054	UZ30658	rmid-differs
IKT3270O	AOST3	UZ67122	UZ55134	rmid-differs
IKT93EST	AOST3	UZ20953	UZ20953	same
IKTASCII	AOST3	ETV0108	ETV0108	same
IKTASTPT	AOST3	UZ20953	UZ20953	same
IKTATTN	AOST3	UZ55134	UZ55134	same
IKTAY8	AOST3	UZ20953	UZ20953	same
IKTCAS00	AOST3	UZ23110	UZ23110	same
IKTCAS20	AOST3	ETV0108	ETV0108	same
IKTCAS21	AOST3	ETV0108	ETV0108	same
IKTCAS22	AOST3	UZ29064	UZ29064	same
IKTCAS23	AOST3	UZ37081	UZ37081	same
IKTCAS24	AOST3	UZ28155	UZ28155	same
IKTCAS30	AOST3	ETV0108	ETV0108	same
IKTCAS31	AOST3	UZ30817	UZ30817	same
IKTCAS32	AOST3	UZ23918	UZ23918	same
IKTCAS33	AOST3	ETV0108	ETV0108	same
IKTCAS40	AOST3	ETV0108	ETV0108	same
IKTCAS41	AOST3	ETV0108	ETV0108	same
IKTCAS42	AOST3	ETV0108	ETV0108	same
IKTCAS51	AOST3	ETV0108	ETV0108	same
IKTCAS52	AOST3	UZ22705	UZ22705	same
IKTCAS53	AOST3	UZ28016	UZ28016	same
IKTCAS54	AOST3	UZ28257	UZ28257	same
IKTCAS55	AOST3	ETV0108	ETV0108	same
IKTCAS56	AOST3	UZ26649	UZ26649	same
IKTCASCX	AOST3	UZ28016	UZ28016	same
IKTCASOX	AOST3	UZ35215	UZ35215	same
IKTEXIT	AOST3	UZ22286	UZ22286	same
IKTIIOM	AOST4	UZ28016	UZ28016	same
IKTIMIDS	AOST3	UZ54076	UZ54076	same
IKTIMLU2	AOST3	UZ30124	UZ30124	same
IKTIOFRR	AOST3	UZ28252	UZ28252	same
IKTIST00	AOST3	ETV0108	ETV0108	same
IKTLOGFF	AOST4	UZ28155	UZ28155	same
IKTLOGR	AOST4	UZ28255	UZ28255	same
IKTLTERM	AOST3	UZ34888	UZ34888	same
IKTMSGS	AOST3	UZ27561	UZ27561	same
IKTOMIDS	AOST3	UZ31989	UZ31989	same
IKTOMLU2	AOST3	UZ55134	UZ55134	same
IKTQMIN	AOST3	UZ55134	UZ55134	same
IKTRPLXT	AOST4	ETV0108	ETV0108	same
IKTTIMRT	AOST3	UZ37081	UZ37081	same
IKTTOMJR	AOST3	UZ22286	UZ22286	same
IKTTOMRT	AOST3	UZ37081	UZ37081	same
IKTVTGET	AOST3	UZ57385	UZ55134	rmid-differs
IKTVTPUT	AOST3	UZ26905	UZ26905	same
IKTXINIT	AOST4	UZ33846	UZ33846	same
IKTXLOG	AOST4	ETV0108	ETV0108	same
IKTXMTPT	AOST3	UZ61840	UZ27111	rmid-differs
ILRACT	AOSC5	UZ21112	UZ21112	same
ILRASM00	AOSC5	EBB1102	EBB1102	same
ILRASRIM	AOSC5	UZ26912	UZ26912	same
ILRCMP	AOSC5	UZ31059	UZ31059	same
ILRCMP01	AOSC5	EBB1102	EBB1102	same
ILRFMT00	AOSC5	UZ36038	UZ36038	same
ILRFMTCV	AOSC5	UZ30643	UZ30643	same
ILRFMTPG	AOSC5	EBB1102	EBB1102	same
ILRFMTSW	AOSC5	UZ30643	UZ30643	same
ILRFRR01	AOSC5	UZ21112	UZ21112	same
ILRFRSLT	AOSC5	EBB1102	EBB1102	same
ILRGOS	AOSC5	UZ21112	UZ21112	same
ILRGOS01	AOSC5	UZ26912	UZ26912	same
ILRIMMSG	AOSC5	UZ26912	UZ26912	same
ILRIOFRR	AOSC5	EBB1102	EBB1102	same
ILRJTERM	AOSC5	EBB1102	EBB1102	same
ILRMSG00	AOSC5	UZ33123	UZ33123	same
ILROPS00	AOSC5	UZ34403	UZ34403	same
ILRPAGCM	AOSC5	UZ51665	UZ51665	same
ILRPAGIO	AOSC5	EBB1102	EBB1102	same
ILRPEX	AOSC5	EBB1102	EBB1102	same
ILRPGEXP	AOSC5	UZ53910	UZ53910	same
ILRPOS	AOSC5	EBB1102	EBB1102	same
ILRPREAD	AOSC5	EBB1102	EBB1102	same
ILRPTM	AOSC5	UZ34701	UZ34701	same
ILRQSRIT	AOSC5	UZ28781	UZ28781	same
ILRRLG	AOSC5	UZ26912	UZ26912	same
ILRSAV	AOSC5	UZ21112	UZ21112	same
ILRSLOTC	AOSC5	UZ76596	UZ76596	same
ILRSRB01	AOSC5	EBB1102	EBB1102	same
ILRSRBC	AOSC5	EBB1102	EBB1102	same
ILRSRT	AOSC5	EBB1102	EBB1102	same
ILRSRT01	AOSC5	EBB1102	EBB1102	same
ILRSWAP	AOSC5	EBB1102	EBB1102	same
ILRSWP01	AOSC5	EBB1102	EBB1102	same
ILRSWPDR	AOSC5	EBB1102	EBB1102	same
ILRTERMR	AOSC5	UZ26912	UZ26912	same
ILRTMI00	AOSC5	EBB1102	EBB1102	same
ILRTMI01	AOSC5	UZ26912	UZ26912	same
ILRTMRLG	AOSC5	UZ21112	UZ21112	same
ILRVIOCM	AOSC5	EBB1102	EBB1102	same
ILRVSAMI	AOSC5	UZ36910	UZ36910	same
IMDUSRFF	AOSD0	UZ22381	UZ22381	same
IOEDKCLS	AOSD0	EMI1102	EMI1102	same
IOEDKGET	AOSD0	EMI1102	EMI1102	same
IOEDKMSG	AOSD0	UZ47406	EMI1102	rmid-differs
IOEDKOPN	AOSD0	UY33436	EMI1102	rmid-differs
IOEDKPUT	AOSD0	EMI1102	EMI1102	same
IOEDKRDR	AOSD0	UY11736	UZ27310	rmid-differs
IOEDKWTR	AOSD0	UY49149	UZ25396	rmid-differs
IOEESTAE	AOSD0	EMI1102	EMI1102	same
IOESDKTI	AOSD0	EMI1102	EMI1102	same
IOESDKTO	AOSD0	UZ47406	EMI1102	rmid-differs
IQADVM00	AOSC5	EBB1102	EBB1102	same
IQARIH00	AOSC5	EBB1102	EBB1102	same
IRARMCNS	AOSC5	UZ36042	UZ36042	same
IRARMCPM	AOSC5	UZ35231	UZ35231	same
IRARMCPU	AOSC5	UZ34335	UZ34335	same
IRARMCTL	AOSC5	UZ74689	UZ74689	same
IRARMERR	AOSC5	UZ33154	UZ33154	same
IRARMEVT	AOSC5	UZ53786	UZ53786	same
IRARMINT	AOSC5	UZ30169	UZ30169	same
IRARMIOM	AOSC5	UZ57092	UZ57092	same
IRARMIPS	AOSC5	FBB1221	FBB1221	same
IRARMMSG	AOSC5	UZ31779	UZ31779	same
IRARMRMR	AOSC5	UZ22927	UZ22927	same
IRARMSET	ALPALIB	UZ35231	UZ35231	same
IRARMSRV	AOSC5	UZ22927	UZ22927	same
IRARMSTM	AOSC5	UZ53786	UZ53786	same
IRARMWAR	ALPALIB	UZ35231	UZ35231	same
IRARMWLM	AOSC5	UZ35231	UZ35231	same
IRBMFALL	AOSC5	EMF1102	EMF1102	same
IRBMFANL	AOSC5	FBB1221	FBB1221	same
IRBMFCNV	AOSC5	EMF1102	EMF1102	same
IRBMFDCP	AOSC5	EMF1102	EMF1102	same
IRBMFDDP	AOSC5	EMF1102	EMF1102	same
IRBMFDEA	AOSC5	EMF1102	EMF1102	same
IRBMFDHP	AOSC5	EMF1102	EMF1102	same
IRBMFDPP	AOSC5	EMF1102	EMF1102	same
IRBMFDSP	AOSC5	EMF1102	EMF1102	same
IRBMFDTA	AOSC5	EMF1102	EMF1102	same
IRBMFDTP	AOSC5	EMF1102	EMF1102	same
IRBMFDWP	AOSC5	EMF1102	EMF1102	same
IRBMFECH	ALPALIB	EMF1102	EMF1102	same
IRBMFEDV	ALPALIB	EMF1102	EMF1102	same
IRBMFEVT	ALPALIB	EMF1102	EMF1102	same
IRBMFFUR	AOSC5	EMF1102	EMF1102	same
IRBMFICP	AOSC5	EMF1102	EMF1102	same
IRBMFIDV	AOSC5	EMF1102	EMF1102	same
IRBMFIHA	AOSC5	EMF1102	EMF1102	same
IRBMFINP	AOSC5	EMF1102	EMF1102	same
IRBMFIOI	AOSC5	EMF1102	EMF1102	same
IRBMFIPG	AOSC5	EMF1102	EMF1102	same
IRBMFISP	AOSC5	EMF1102	EMF1102	same
IRBMFITR	AOSC5	EMF1102	EMF1102	same
IRBMFIWK	AOSC5	EMF1102	EMF1102	same
IRBMFLAV	AOSC5	EMF1102	EMF1102	same
IRBMFLCV	AOSC5	EMF1102	EMF1102	same
IRBMFLDV	AOSC5	EMF1102	EMF1102	same
IRBMFLHV	AOSC5	EMF1102	EMF1102	same
IRBMFLMV	AOSC5	EMF1102	EMF1102	same
IRBMFLPV	AOSC5	EMF1102	EMF1102	same
IRBMFLSV	AOSC5	EMF1102	EMF1102	same
IRBMFLTV	AOSC5	EMF1102	EMF1102	same
IRBMFLWV	AOSC5	EMF1102	EMF1102	same
IRBMFMFC	AOSC5	EMF1102	EMF1102	same
IRBMFMLN	AOSC5	EMF1102	EMF1102	same
IRBMFMPR	AOSC5	EMF1102	EMF1102	same
IRBMFRCR	AOSC5	EMF1102	EMF1102	same
IRBMFRDR	AOSC5	EMF1102	EMF1102	same
IRBMFRGM	AOSC5	EMF1102	EMF1102	same
IRBMFRHR	AOSC5	EMF1102	EMF1102	same
IRBMFRPR	AOSC5	EMF1102	EMF1102	same
IRBMFRSR	AOSC5	EMF1102	EMF1102	same
IRBMFRTR	AOSC5	EMF1102	EMF1102	same
IRBMFRWR	AOSC5	EMF1102	EMF1102	same
IRBMFSAR	AOSC5	EMF1102	EMF1102	same
IRBMFSDE	AOSC5	EMF1102	EMF1102	same
IRBMFTCH	ALPALIB	EMF1102	EMF1102	same
IRBMFTMA	AOSC5	EMF1102	EMF1102	same
IRBMFTRM	AOSC5	EMF1102	EMF1102	same
IRBMFTTB	AOSC5	EMF1102	EMF1102	same
ISDAAPR0	AOSD0	UZ54021	UZ54021	same
ISDAAPR1	AOSD0	UZ39442	UZ90150	rmid-differs
ISDACNFG	AOSD0	UZ54659	UZ54659	same
ISDACSB0	AOSD0	UZ90119	UZ90119	same
ISDACSB1	AOSD0	UZ90119	UZ90119	same
ISDADAT0	AOSD0	EMS1102	EMS1102	same
ISDADAT1	AOSD0	UZ90119	UZ90119	same
ISDADCK0	AOSD0	EMS1102	EMS1102	same
ISDADCK1	AOSD0	UZ90119	UZ90119	same
ISDADCS0	AOSD0	UZ27430	UZ27430	same
ISDADCS1	AOSD0	UZ25621	UZ25621	same
ISDADHE0	AOSD0	EMS1102	EMS1102	same
ISDADHE1	AOSD0	EMS1102	EMS1102	same
ISDADRC0	AOSD0	UZ90150	UZ90150	same
ISDADRC1	AOSD0	UZ90119	UZ90119	same
ISDAEQC0	AOSD0	UZ72771	UZ28887	rmid-differs
ISDAEQC1	AOSD0	EMS1102	EMS1102	same
ISDAFSC0	AOSD0	UZ72771	UZ32030	rmid-differs
ISDAFSC1	AOSD0	UZ90119	UZ90119	same
ISDAFSC2	AOSD0	UZ90119	UZ90119	same
ISDAGEN0	AOSD0	EMS1102	EMS1102	same
ISDAGET0	AOSD0	EMS1102	EMS1102	same
ISDAHEXP	AOSD0	UZ25345	UZ25345	same
ISDAHIST	AOSD0	UZ69705	UZ90119	rmid-differs
ISDALOG0	AOSD0	UZ25277	UZ25277	same
ISDAOPT0	AOSD0	UZ25621	UZ25621	same
ISDAPAD0	AOSD0	UZ73396	UZ37324	rmid-differs
ISDAPAD1	AOSD0	UZ90027	UZ90027	same
ISDAPARM	AOSD0	UZ90119	UZ90119	same
ISDAPRT0	AOSD0	EMS1102	EMS1102	same
ISDAPWR0	AOSD0	EMS1102	EMS1102	same
ISDAPWR1	AOSD0	EMS1102	EMS1102	same
ISDASDA0	AOSD0	UY39686	UZ53613	rmid-differs
ISDASUM0	AOSD0	UZ67573	UZ55255	rmid-differs
ISDASUM1	AOSD0	UZ90150	UZ90150	same
ISDASUM2	AOSD0	UZ90150	UZ90150	same
ISDATYPE	AOSD0	EMS1102	EMS1102	same
ISTAICCK	AOS26	EVT0108	EVT0108	same
ISTAICIR	AOS26	UZ31209	UZ31209	same
ISTAICPT	AOS24	UZ26983	UZ26983	same
ISTAICTN	AOS24	UZ25739	UZ25739	same
ISTAPC11	AOS24	UZ19883	UZ19883	same
ISTAPC12	AOS24	EVT0108	EVT0108	same
ISTAPC22	AOS26	UZ26899	UZ26899	same
ISTAPC23	AOS24	UZ22141	UZ22141	same
ISTAPC25	AOS24	UZ25686	UZ25686	same
ISTAPC31	AOS24	UZ21928	UZ21928	same
ISTAPC32	AOS24	UZ26222	UZ26222	same
ISTAPC33	AOS24	EVT0108	EVT0108	same
ISTAPC34	AOS24	EVT0108	EVT0108	same
ISTAPC35	AOS24	EVT0108	EVT0108	same
ISTAPC36	AOS24	EVT0108	EVT0108	same
ISTAPC37	AOS24	EVT0108	EVT0108	same
ISTAPC38	AOS24	EVT0108	EVT0108	same
ISTAPC41	AOS24	EVT0108	EVT0108	same
ISTAPC51	AOS24	EVT0108	EVT0108	same
ISTAPC52	AOS24	UZ26988	UZ26988	same
ISTAPC53	AOS24	EVT0108	EVT0108	same
ISTAPC54	AOS24	UZ52611	UZ52611	same
ISTAPC55	AOS24	UZ21967	UZ21967	same
ISTAPC56	AOS24	EVT0108	EVT0108	same
ISTAPC57	AOS24	EVT0108	EVT0108	same
ISTAPC58	AOS24	UZ26595	UZ26595	same
ISTAPC59	AOS24	EVT0108	EVT0108	same
ISTAPC61	AOS24	UZ19883	UZ19883	same
ISTAPC62	AOS24	UZ34637	UZ34637	same
ISTAPC63	AOS24	UZ25582	UZ25582	same
ISTAPC64	AOS24	EVT0108	EVT0108	same
ISTAPC66	AOS24	UZ19883	UZ19883	same
ISTAPC83	AOS24	UZ22336	UZ22336	same
ISTAPC84	AOS24	UZ31430	UZ31430	same
ISTAPM69	AOS24	EVT0108	EVT0108	same
ISTATM00	AOS26	EVT0108	EVT0108	same
ISTATM10	AOS26	UZ23108	UZ23108	same
ISTAUCAG	AOS24	EVT0108	EVT0108	same
ISTAUCAT	AOS24	EVT0108	EVT0108	same
ISTCC010	AOS26	EVT0108	EVT0108	same
ISTCC011	AOS26	EVT0108	EVT0108	same
ISTCC012	AOS26	EVT0108	EVT0108	same
ISTCC013	AOS26	UZ18498	UZ18498	same
ISTCC014	AOS26	UZ25808	UZ25808	same
ISTCC015	AOS26	EVT0108	EVT0108	same
ISTCC016	AOS26	EVT0108	EVT0108	same
ISTCFCDP	AOS26	EVT0108	EVT0108	same
ISTCFCMM	AOS24	UZ31983	UZ31983	same
ISTCFCPC	AOS26	UZ30709	UZ30709	same
ISTCFCPO	AOS26	EVT0108	EVT0108	same
ISTCFCR1	AOS26	UZ28440	UZ28440	same
ISTCFCR2	AOS26	UZ19575	UZ19575	same
ISTCFCRP	AOS26	EVT0108	EVT0108	same
ISTCFCS1	AOS26	UZ30146	UZ30146	same
ISTCFCS2	AOS26	UZ28440	UZ28440	same
ISTCFF3D	AOSB3	EVT0108	EVT0108	same
ISTCFMMI	AOS26	UZ30053	UZ30053	same
ISTCFMTM	AOS24	UZ30020	UZ30020	same
ISTCRCR4	AOS26	EVT0108	EVT0108	same
ISTCSCAC	AOS26	UZ35928	UZ35928	same
ISTCSCAQ	AOS26	UZ35928	UZ35928	same
ISTCSCCL	AOS26	EVT0108	EVT0108	same
ISTCSCLG	AOS26	UZ35928	UZ35928	same
ISTCSCMR	AOS26	UZ35928	UZ35928	same
ISTCSCPS	AOS26	UZ24154	UZ24154	same
ISTCSCRL	AOS26	UZ22727	UZ22727	same
ISTDCC00	AOS24	UZ24610	UZ24610	same
ISTDCC02	AOS24	UZ22201	UZ22201	same
ISTDCC10	AOS24	EVT0108	EVT0108	same
ISTDCC11	AOS24	UZ22805	UZ22805	same
ISTDCC12	AOS24	EVT0108	EVT0108	same
ISTDCC13	AOS24	EVT0108	EVT0108	same
ISTDCC20	AOS24	EVT0108	EVT0108	same
ISTDCC21	AOS24	UZ35636	UZ35636	same
ISTDCC22	AOS24	EVT0108	EVT0108	same
ISTDCC23	AOS24	EVT0108	EVT0108	same
ISTDCC24	AOS24	EVT0108	EVT0108	same
ISTDCC25	AOS24	UZ35636	UZ35636	same
ISTDCC30	AOS24	UZ22403	UZ22403	same
ISTDCC31	AOS24	EVT0108	EVT0108	same
ISTDCC32	AOS24	EVT0108	EVT0108	same
ISTDCC35	AOS24	UZ37485	UZ37485	same
ISTDCC40	AOS24	UZ22805	UZ22805	same
ISTDCC41	AOS24	EVT0108	EVT0108	same
ISTDCC42	AOS24	EVT0108	EVT0108	same
ISTDCC50	AOS24	UZ26960	UZ26960	same
ISTDCC51	AOS24	UZ31026	UZ31026	same
ISTDCC60	AOS24	UZ22805	UZ22805	same
ISTDCC61	AOS24	UZ25569	UZ25569	same
ISTDCC80	AOS24	UZ23129	UZ23129	same
ISTDCC81	AOS24	UZ29275	UZ29275	same
ISTDCC85	AOS24	EVT0108	EVT0108	same
ISTDVCBA	AOS24	EVT0108	EVT0108	same
ISTDVCRC	AOS24	EVT0108	EVT0108	same
ISTEC000	AOS26	EVT0108	EVT0108	same
ISTEC123	AOS26	EVT0108	EVT0108	same
ISTEC456	AOS26	EVT0108	EVT0108	same
ISTEC789	AOS26	EVT0108	EVT0108	same
ISTESC01	AOS24	EVT0108	EVT0108	same
ISTESC02	AOS24	EVT0108	EVT0108	same
ISTIC000	AOS26	UZ28203	UZ28203	same
ISTIC001	AOS26	EVT0108	EVT0108	same
ISTIC002	AOS26	UZ24809	UZ24809	same
ISTIC003	AOS26	EVT0108	EVT0108	same
ISTIC004	AOS26	EVT0108	EVT0108	same
ISTIC005	AOS26	EVT0108	EVT0108	same
ISTIC006	AOS26	UZ27658	UZ27658	same
ISTIC007	AOS26	EVT0108	EVT0108	same
ISTIC008	AOS26	UZ23382	UZ23382	same
ISTIC009	AOS26	EVT0108	EVT0108	same
ISTIC00A	AOS26	UZ27658	UZ27658	same
ISTINC02	AOS26	EVT0108	EVT0108	same
ISTINC05	AOS26	UZ31983	UZ31983	same
ISTINC32	AOS26	EVT0108	EVT0108	same
ISTINCA0	AOS26	EVT0108	EVT0108	same
ISTINCAW	AOS26	EVT0108	EVT0108	same
ISTINCBL	AOS26	EVT0108	EVT0108	same
ISTINCCC	AOS26	EVT0108	EVT0108	same
ISTINCCF	AOS26	EVT0108	EVT0108	same
ISTINCCL	AOS26	UZ32836	UZ32836	same
ISTINCD0	AOS26	EVT0108	EVT0108	same
ISTINCD1	AOS26	EVT0108	EVT0108	same
ISTINCD2	AOS26	UZ28821	UZ28821	same
ISTINCD3	AOS26	EVT0108	EVT0108	same
ISTINCD4	AOS26	UZ28821	UZ28821	same
ISTINCD5	AOS26	UZ28821	UZ28821	same
ISTINCD6	AOS26	EVT0108	EVT0108	same
ISTINCD7	AOS26	UZ28821	UZ28821	same
ISTINCD8	AOS26	EVT0108	EVT0108	same
ISTINCD9	AOS26	EVT0108	EVT0108	same
ISTINCDL	AOS26	EVT0108	EVT0108	same
ISTINCDP	AOS26	UZ31983	UZ31983	same
ISTINCDT	AOS26	EVT0108	EVT0108	same
ISTINCDU	AOS26	EVT0108	EVT0108	same
ISTINCE0	AOS26	EVT0108	EVT0108	same
ISTINCE1	AOS26	EVT0108	EVT0108	same
ISTINCE2	AOS26	EVT0108	EVT0108	same
ISTINCE3	AOS26	EVT0108	EVT0108	same
ISTINCE4	AOS26	EVT0108	EVT0108	same
ISTINCE5	AOS26	EVT0108	EVT0108	same
ISTINCE6	AOS26	EVT0108	EVT0108	same
ISTINCE7	AOS26	EVT0108	EVT0108	same
ISTINCE8	AOS26	UZ21696	UZ21696	same
ISTINCE9	AOS26	EVT0108	EVT0108	same
ISTINCF1	AOS26	EVT0108	EVT0108	same
ISTINCF3	AOS26	EVT0108	EVT0108	same
ISTINCF4	AOS26	EVT0108	EVT0108	same
ISTINCF9	AOS26	EVT0108	EVT0108	same
ISTINCFE	AOS26	EVT0108	EVT0108	same
ISTINCFM	AOS26	EVT0108	EVT0108	same
ISTINCFS	AOS26	UZ27980	UZ27980	same
ISTINCHT	AOS26	EVT0108	EVT0108	same
ISTINCIB	AOS26	EVT0108	EVT0108	same
ISTINCIO	AOS26	UZ30544	UZ30544	same
ISTINCIP	AOS26	UZ18721	UZ18721	same
ISTINCIT	AOS26	EVT0108	EVT0108	same
ISTINCL0	AOS26	EVT0108	EVT0108	same
ISTINCL1	AOS26	UZ23321	UZ23321	same
ISTINCL2	AOS26	EVT0108	EVT0108	same
ISTINCL3	AOS26	UZ29306	UZ29306	same
ISTINCL4	AOS26	EVT0108	EVT0108	same
ISTINCL5	AOS26	EVT0108	EVT0108	same
ISTINCL6	AOS26	EVT0108	EVT0108	same
ISTINCL7	AOS26	EVT0108	EVT0108	same
ISTINCL8	AOS26	EVT0108	EVT0108	same
ISTINCLF	AOS26	EVT0108	EVT0108	same
ISTINCLM	AOS24	EVT0108	EVT0108	same
ISTINCMD	AOS26	EVT0108	EVT0108	same
ISTINCMR	AOS26	EVT0108	EVT0108	same
ISTINCMS	AOS26	UZ22722	UZ22722	same
ISTINCMY	AOS26	UZ20218	UZ20218	same
ISTINCNS	AOS26	UZ35168	UZ35168	same
ISTINCOE	AOS26	EVT0108	EVT0108	same
ISTINCOI	AOS26	EVT0108	EVT0108	same
ISTINCOQ	AOS26	UZ31983	UZ31983	same
ISTINCOS	AOS26	EVT0108	EVT0108	same
ISTINCPD	AOS26	EVT0108	EVT0108	same
ISTINCPH	AOS26	UZ32978	UZ32978	same
ISTINCQB	AOS26	EVT0108	EVT0108	same
ISTINCQE	AOS26	UZ33217	UZ33217	same
ISTINCR1	AOS26	EVT0108	EVT0108	same
ISTINCR2	AOS26	EVT0108	EVT0108	same
ISTINCR3	AOS26	EVT0108	EVT0108	same
ISTINCR4	AOS26	UZ33551	UZ33551	same
ISTINCR5	AOS26	EVT0108	EVT0108	same
ISTINCR6	AOS26	UZ31983	UZ31983	same
ISTINCRD	AOS26	UZ36908	UZ36908	same
ISTINCRF	AOS26	EVT0108	EVT0108	same
ISTINCRP	AOS26	UZ31983	UZ31983	same
ISTINCRR	AOS26	EVT0108	EVT0108	same
ISTINCRS	AOS26	EVT0108	EVT0108	same
ISTINCS1	AOS26	EVT0108	EVT0108	same
ISTINCSD	AOS26	EVT0108	EVT0108	same
ISTINCSH	AOS24	EVT0108	EVT0108	same
ISTINCSM	AOS26	EVT0108	EVT0108	same
ISTINCST	AOS26	UZ27557	UZ27557	same
ISTINCTE	AOS26	EVT0108	EVT0108	same
ISTINCTM	AOS26	EVT0108	EVT0108	same
ISTINCTR	AOS26	UZ25018	UZ25018	same
ISTINCU0	AOS26	EVT0108	EVT0108	same
ISTINCU1	AOS26	EVT0108	EVT0108	same
ISTINCU2	AOS26	EVT0108	EVT0108	same
ISTINCU3	AOS26	EVT0108	EVT0108	same
ISTINCU4	AOS26	EVT0108	EVT0108	same
ISTINCU5	AOS26	EVT0108	EVT0108	same
ISTINCU6	AOS26	EVT0108	EVT0108	same
ISTINCU7	AOS26	EVT0108	EVT0108	same
ISTINCU8	AOS26	EVT0108	EVT0108	same
ISTINCUA	AOS26	EVT0108	EVT0108	same
ISTINCUB	AOS26	EVT0108	EVT0108	same
ISTINCUM	AOS26	UZ26495	UZ26495	same
ISTINCUQ	AOS26	EVT0108	EVT0108	same
ISTINCV2	AOS26	EVT0108	EVT0108	same
ISTINCV3	AOS26	EVT0108	EVT0108	same
ISTINCV4	AOS26	EVT0108	EVT0108	same
ISTINCV5	AOS26	EVT0108	EVT0108	same
ISTINCV6	AOS26	EVT0108	EVT0108	same
ISTINCV8	AOS26	EVT0108	EVT0108	same
ISTINCV9	AOS26	EVT0108	EVT0108	same
ISTINCVA	AOS26	UZ30893	UZ30893	same
ISTINCVI	AOS26	UZ26387	UZ26387	same
ISTINCVN	AOS26	EVT0108	EVT0108	same
ISTINCVO	AOS26	UZ30544	UZ30544	same
ISTINCVP	AOS26	UZ28960	UZ28960	same
ISTINCVS	AOS26	EVT0108	EVT0108	same
ISTINCVX	AOS26	EVT0108	EVT0108	same
ISTINCW0	AOS26	EVT0108	EVT0108	same
ISTINCW2	AOS26	EVT0108	EVT0108	same
ISTINCW3	AOS24	EVT0108	EVT0108	same
ISTINCW4	AOS26	EVT0108	EVT0108	same
ISTINCW5	AOS26	EVT0108	EVT0108	same
ISTINCW6	AOS26	EVT0108	EVT0108	same
ISTINCW7	AOS26	EVT0108	EVT0108	same
ISTINCW8	AOS26	EVT0108	EVT0108	same
ISTINCW9	AOS26	EVT0108	EVT0108	same
ISTINCX0	AOS26	EVT0108	EVT0108	same
ISTINCX1	AOS26	UZ28821	UZ28821	same
ISTINCX2	AOS26	EVT0108	EVT0108	same
ISTINCX3	AOS26	EVT0108	EVT0108	same
ISTINCX6	AOS26	EVT0108	EVT0108	same
ISTINCX7	AOS26	EVT0108	EVT0108	same
ISTINCX8	AOS26	UZ28960	UZ28960	same
ISTINCX9	AOS26	EVT0108	EVT0108	same
ISTINCXM	AOS26	EVT0108	EVT0108	same
ISTINCXR	AOS26	UZ27982	UZ27982	same
ISTINCY0	AOS26	UZ31983	UZ31983	same
ISTINCY1	AOS26	UZ26804	UZ26804	same
ISTINCY3	AOS26	EVT0108	EVT0108	same
ISTINCY4	AOS26	EVT0108	EVT0108	same
ISTINCY5	AOS26	UZ28821	UZ28821	same
ISTINFIC	AOS26	UZ31020	UZ31020	same
ISTINFXI	AOS26	UZ31983	UZ31983	same
ISTINM01	AOS26	UZ31020	UZ31020	same
ISTINMAD	AOS26	EVT0108	EVT0108	same
ISTINMAL	AOS26	EVT0108	EVT0108	same
ISTINMAV	AOS26	UZ53331	UZ53331	same
ISTINMDD	AOS26	EVT0108	EVT0108	same
ISTINMN8	AOS26	UZ31020	UZ31020	same
ISTNMC1S	AOS24	EVT0108	EVT0108	same
ISTNMC2S	AOS24	EVT0108	EVT0108	same
ISTNMC3S	AOS24	UZ22293	UZ22293	same
ISTNMC4P	AOS24	EVT0108	EVT0108	same
ISTNMC4S	AOS24	EVT0108	EVT0108	same
ISTNMC5P	AOS24	EVT0108	EVT0108	same
ISTNMC5S	AOS24	EVT0108	EVT0108	same
ISTNMC6P	AOS24	EVT0108	EVT0108	same
ISTNMC6S	AOS24	EVT0108	EVT0108	same
ISTNMC7P	AOS24	EVT0108	EVT0108	same
ISTNMC7S	AOS24	UZ22293	UZ22293	same
ISTNMC8P	AOS24	EVT0108	EVT0108	same
ISTNMC9P	AOS24	EVT0108	EVT0108	same
ISTNMCCA	AOS24	EVT0108	EVT0108	same
ISTNMCCB	AOS24	EVT0108	EVT0108	same
ISTNMCCF	AOS24	EVT0108	EVT0108	same
ISTNMCCI	AOS24	EVT0108	EVT0108	same
ISTNMCCO	AOS24	EVT0108	EVT0108	same
ISTNMCCR	AOS24	EVT0108	EVT0108	same
ISTNMCCS	AOS24	EVT0108	EVT0108	same
ISTNMCCT	AOS24	EVT0108	EVT0108	same
ISTNMCCZ	AOS24	EVT0108	EVT0108	same
ISTNSC00	AOS26	UZ29597	UZ29597	same
ISTOCCCA	AOS26	UZ19883	UZ19883	same
ISTOCCCB	AOS24	UZ31602	UZ31602	same
ISTOCCCC	AOS26	UZ29304	UZ29304	same
ISTOCCCH	AOS26	UZ29275	UZ29275	same
ISTOCCCL	AOS26	UZ56324	UZ34365	rmid-differs
ISTOCCCM	AOS26	EVT0108	EVT0108	same
ISTOCCCN	AOS26	EVT0108	EVT0108	same
ISTOCCDF	AOS24	EVT0108	EVT0108	same
ISTOCCFB	AOS26	UZ29275	UZ29275	same
ISTOCCFD	AOS26	EVT0108	EVT0108	same
ISTOCCFO	AOS26	EVT0108	EVT0108	same
ISTOCCFR	AOS26	UZ28729	UZ28729	same
ISTOCCLD	AOS26	EVT0108	EVT0108	same
ISTOCCMD	AOS26	EVT0108	EVT0108	same
ISTOCCNV	AOS26	EVT0108	EVT0108	same
ISTOCCOA	AOS26	UZ19883	UZ19883	same
ISTOCCOB	AOS26	UZ32360	UZ32360	same
ISTOCCOC	AOS26	EVT0108	EVT0108	same
ISTOCCOD	AOS26	UZ23330	UZ23330	same
ISTOCCOE	AOS26	UZ34793	UZ34793	same
ISTOCCOF	AOS26	EVT0108	EVT0108	same
ISTOCCQU	AOS26	EVT0108	EVT0108	same
ISTOCCRD	AOS26	EVT0108	EVT0108	same
ISTOCCRL	AOS26	EVT0108	EVT0108	same
ISTOCCRT	AOS26	UZ19575	UZ19575	same
ISTOCCSA	AOS24	EVT0108	EVT0108	same
ISTOCCSD	AOS26	EVT0108	EVT0108	same
ISTOCCSL	AOS26	EVT0108	EVT0108	same
ISTOCCUR	AOS26	EVT0108	EVT0108	same
ISTOCFCX	AOS26	EVT0108	EVT0108	same
ISTOCMDC	AOS24	UZ22409	UZ22409	same
ISTORFBA	AOS24	EVT0108	EVT0108	same
ISTORFBD	AOS24	UZ23343	UZ23343	same
ISTORFBF	AOS24	EVT0108	EVT0108	same
ISTORFBQ	AOS24	EVT0108	EVT0108	same
ISTORFID	AOS24	EVT0108	EVT0108	same
ISTORFPO	AOS26	EVT0108	EVT0108	same
ISTORFPR	AOS24	UZ26029	UZ26029	same
ISTORFRA	AOS24	EVT0108	EVT0108	same
ISTORFSR	AOS24	EVT0108	EVT0108	same
ISTORMMG	AOS26	UZ22912	UZ22912	same
ISTORMRL	AOS26	EVT0108	EVT0108	same
ISTPATCH	AOS24	EVT0108	EVT0108	same
ISTRACCA	AOS24	EVT0108	EVT0108	same
ISTRACCR	AOS26	EVT0108	EVT0108	same
ISTRACTB	AOS24	EVT0108	EVT0108	same
ISTRACTL	AOS26	UZ33299	UZ33299	same
ISTRAFD1	ALPALIB	UZ34139	UZ34139	same
ISTRAFTP	AOS26	UZ29628	UZ29628	same
ISTRAMA1	AOS26	UZ34139	UZ34139	same
ISTRAMA2	AOS26	UZ51930	UZ51930	same
ISTRAMA3	AOS26	UZ19883	UZ19883	same
ISTRAMA4	AOS26	UZ19883	UZ19883	same
ISTRCC21	AOS24	EVT0108	EVT0108	same
ISTRCC22	AOS24	EVT0108	EVT0108	same
ISTRCC23	AOS24	EVT0108	EVT0108	same
ISTRCC26	AOS24	EVT0108	EVT0108	same
ISTRCC30	AOS24	UZ28668	UZ28668	same
ISTRCC51	AOS24	EVT0108	EVT0108	same
ISTRCC52	AOS24	UZ22805	UZ22805	same
ISTRCC53	AOS24	EVT0108	EVT0108	same
ISTRCC54	AOS24	EVT0108	EVT0108	same
ISTRCC63	AOS24	EVT0108	EVT0108	same
ISTRCC65	AOS24	EVT0108	EVT0108	same
ISTRCC80	AOS24	EVT0108	EVT0108	same
ISTRCC81	AOS24	EVT0108	EVT0108	same
ISTRCFY0	AOS24	UZ21571	UZ21571	same
ISTSC020	AOS26	EVT0108	EVT0108	same
ISTSC021	AOS26	EVT0108	EVT0108	same
ISTSC022	AOS26	EVT0108	EVT0108	same
ISTSC023	AOS26	EVT0108	EVT0108	same
ISTSC024	AOS26	EVT0108	EVT0108	same
ISTSC025	AOS26	EVT0108	EVT0108	same
ISTSC026	AOS26	EVT0108	EVT0108	same
ISTSC027	AOS26	UZ33552	UZ33552	same
ISTSC028	AOS26	EVT0108	EVT0108	same
ISTSC029	AOS26	UZ18498	UZ18498	same
ISTSC02A	AOS26	EVT0108	EVT0108	same
ISTSC02B	AOS26	EVT0108	EVT0108	same
ISTSC02C	AOS26	EVT0108	EVT0108	same
ISTSC02D	AOS26	EVT0108	EVT0108	same
ISTSC02E	AOS26	EVT0108	EVT0108	same
ISTSC02F	AOS26	EVT0108	EVT0108	same
ISTSC030	AOS26	UZ27555	UZ27555	same
ISTSC031	AOS26	EVT0108	EVT0108	same
ISTSC032	AOS26	UZ26068	UZ26068	same
ISTSC033	AOS26	EVT0108	EVT0108	same
ISTSC034	AOS26	UZ27031	UZ27031	same
ISTSDCAL	AOS24	EVT0108	EVT0108	same
ISTSDCAP	AOS26	UZ24197	UZ24197	same
ISTSDCBU	AOS26	UZ28810	UZ28810	same
ISTSDCC1	AOS26	EVT0108	EVT0108	same
ISTSDCC2	AOS26	UZ30716	UZ30716	same
ISTSDCC3	AOS26	EVT0108	EVT0108	same
ISTSDCC4	AOS26	EVT0108	EVT0108	same
ISTSDCC5	AOS26	EVT0108	EVT0108	same
ISTSDCC7	AOS26	EVT0108	EVT0108	same
ISTSDCCA	AOS24	EVT0108	EVT0108	same
ISTSDCCB	AOS26	UZ27032	UZ27032	same
ISTSDCCD	AOS24	EVT0108	EVT0108	same
ISTSDCCF	AOS24	EVT0108	EVT0108	same
ISTSDCCL	AOS26	UZ27604	UZ27604	same
ISTSDCCN	AOS24	EVT0108	EVT0108	same
ISTSDCCR	AOS24	EVT0108	EVT0108	same
ISTSDCD1	AOS26	EVT0108	EVT0108	same
ISTSDCD2	AOS26	EVT0108	EVT0108	same
ISTSDCD3	AOS26	EVT0108	EVT0108	same
ISTSDCDS	AOS26	EVT0108	EVT0108	same
ISTSDCGE	AOS26	UZ28810	UZ28810	same
ISTSDCGP	AOS26	UZ30441	UZ30441	same
ISTSDCHS	AOS26	UZ32142	UZ32142	same
ISTSDCIN	AOS26	EVT0108	EVT0108	same
ISTSDCLM	AOS26	UZ30047	UZ30047	same
ISTSDCLN	AOS26	UZ30441	UZ30441	same
ISTSDCLP	AOS26	EVT0108	EVT0108	same
ISTSDCLU	AOS26	UZ27987	UZ27987	same
ISTSDCML	AOS26	UZ30441	UZ30441	same
ISTSDCMT	AOS26	UZ30441	UZ30441	same
ISTSDCOD	AOS24	EVT0108	EVT0108	same
ISTSDCP1	AOS26	EVT0108	EVT0108	same
ISTSDCP2	AOS26	EVT0108	EVT0108	same
ISTSDCP3	AOS26	EVT0108	EVT0108	same
ISTSDCP4	AOS26	UZ30441	UZ30441	same
ISTSDCP5	AOS26	EVT0108	EVT0108	same
ISTSDCP6	AOS26	EVT0108	EVT0108	same
ISTSDCPA	AOS26	EVT0108	EVT0108	same
ISTSDCPC	AOS26	UZ26003	UZ26003	same
ISTSDCPU	AOS26	UZ90014	UZ90014	same
ISTSDCRC	AOS26	EVT0108	EVT0108	same
ISTSDCRN	AOS26	UZ28810	UZ28810	same
ISTSDCRS	AOS26	UZ51674	UZ51674	same
ISTSDCSB	AOS26	EVT0108	EVT0108	same
ISTSDCSC	AOS26	EVT0108	EVT0108	same
ISTSDCSS	AOS26	UZ29021	UZ29021	same
ISTSDCSU	AOS26	UZ34368	UZ34368	same
ISTSDCTM	AOS26	EVT0108	EVT0108	same
ISTSDCVB	AOS26	UZ30714	UZ30714	same
ISTSDCVG	AOS26	EVT0108	EVT0108	same
ISTSDCVI	AOS26	EVT0108	EVT0108	same
ISTSEC01	AOS24	EVT0108	EVT0108	same
ISTSEC10	AOS24	EVT0108	EVT0108	same
ISTSEC21	AOS24	EVT0108	EVT0108	same
ISTSEC30	AOS24	EVT0108	EVT0108	same
ISTSEC40	AOS24	EVT0108	EVT0108	same
ISTSEC51	AOS24	EVT0108	EVT0108	same
ISTSQC00	AOS26	UZ21531	UZ21531	same
ISTSQC01	AOS26	EVT0108	EVT0108	same
ISTSQC02	AOS26	EVT0108	EVT0108	same
ISTSQC03	AOS26	EVT0108	EVT0108	same
ISTSQC04	AOS26	EVT0108	EVT0108	same
ISTSQC05	AOS26	EVT0108	EVT0108	same
ISTSQC06	AOS26	EVT0108	EVT0108	same
ISTSQC07	AOS26	EVT0108	EVT0108	same
ISTSQC08	AOS26	EVT0108	EVT0108	same
ISTSQC09	AOS26	EVT0108	EVT0108	same
ISTSQC0A	AOS26	EVT0108	EVT0108	same
ISTSQC0B	AOS26	EVT0108	EVT0108	same
ISTSTC00	AOS26	UZ28293	UZ28293	same
ISTTC035	AOS26	UZ28957	UZ28957	same
ISTTC037	AOS26	EVT0108	EVT0108	same
ISTVTLOD	AOS26	EVT0108	EVT0108	same
ISTYCLUS	AOS24	EVT0108	EVT0108	same
ISTYCONT	AOS24	EVT0108	EVT0108	same
ISTYPSOL	AOS24	EVT0108	EVT0108	same
ISTYSSCP	AOS24	EVT0108	EVT0108	same
ISTYTCM1	AOS24	EVT0108	EVT0108	same
ISTYTCM2	AOS24	EVT0108	EVT0108	same
ISTYTCM3	AOS24	EVT0108	EVT0108	same
ISTZAF0A	AOS24	EVT0108	EVT0108	same
ISTZAF0B	AOS24	EVT0108	EVT0108	same
ISTZAF1A	AOS24	EVT0108	EVT0108	same
ISTZAF1B	AOS24	EVT0108	EVT0108	same
ISTZAF1R	AOS24	EVT0108	EVT0108	same
ISTZBF0A	AOS24	UZ22722	UZ22722	same
ISTZBF0B	AOS24	EVT0108	EVT0108	same
ISTZBF0L	AOS24	EVT0108	EVT0108	same
ISTZBFAA	AOS24	EVT0108	EVT0108	same
ISTZBFAB	AOS24	EVT0108	EVT0108	same
ISTZBFAE	AOS24	EVT0108	EVT0108	same
ISTZBFAG	AOS24	EVT0108	EVT0108	same
ISTZBFAI	AOS24	EVT0108	EVT0108	same
ISTZBFAL	AOS24	EVT0108	EVT0108	same
ISTZBFAM	AOS24	EVT0108	EVT0108	same
ISTZBFAR	AOS24	EVT0108	EVT0108	same
ISTZBFBA	AOS24	EVT0108	EVT0108	same
ISTZBFBB	AOS24	UZ26814	UZ26814	same
ISTZBFBI	AOS24	EVT0108	EVT0108	same
ISTZBFBR	AOS24	EVT0108	EVT0108	same
ISTZBFCB	AOS24	EVT0108	EVT0108	same
ISTZBFDI	AOS24	EVT0108	EVT0108	same
ISTZBFDR	AOS24	EVT0108	EVT0108	same
ISTZBFEB	AOS24	EVT0108	EVT0108	same
ISTZBFFA	AOS24	UZ24058	UZ24058	same
ISTZBFFB	AOS24	UZ20805	UZ20805	same
ISTZBFGA	AOS24	EVT0108	EVT0108	same
ISTZBFGB	AOS24	EVT0108	EVT0108	same
ISTZBFHA	AOS24	EVT0108	EVT0108	same
ISTZBFHB	AOS24	EVT0108	EVT0108	same
ISTZBFIA	AOS24	EVT0108	EVT0108	same
ISTZBFIB	AOS24	EVT0108	EVT0108	same
ISTZBFID	AOS24	EVT0108	EVT0108	same
ISTZBFIF	AOS24	UZ28249	UZ28249	same
ISTZBFMB	AOS26	EVT0108	EVT0108	same
ISTZBFNB	AOS24	EVT0108	EVT0108	same
ISTZBFND	AOS24	EVT0108	EVT0108	same
ISTZBFNE	AOS24	EVT0108	EVT0108	same
ISTZBFOB	AOS26	UZ23383	UZ23383	same
ISTZBFPB	AOS24	EVT0108	EVT0108	same
ISTZBFSC	AOS24	UZ28668	UZ28668	same
ISTZBFX0	AOS24	EVT0108	EVT0108	same
ISTZBFXA	AOS24	EVT0108	EVT0108	same
ISTZBFY0	AOS26	UZ22447	UZ22447	same
ISTZBFZ0	AOS26	UZ22447	UZ22447	same
ISTZBM0J	AOS26	UZ19886	UZ19886	same
ISTZBM0K	AOS26	UZ28882	UZ28882	same
ISTZBMJA	AOS24	EVT0108	EVT0108	same
ISTZCF0A	AOS24	EVT0108	EVT0108	same
ISTZCF0B	AOS24	EVT0108	EVT0108	same
ISTZCF1A	AOS24	UZ23859	UZ23859	same
ISTZCF1B	AOS24	UZ17956	UZ17956	same
ISTZCFAI	AOS24	EVT0108	EVT0108	same
ISTZCFBI	AOS24	UZ31769	UZ31769	same
ISTZCFCI	AOS24	EVT0108	EVT0108	same
ISTZDFA0	AOS26	EVT0108	EVT0108	same
ISTZDFB0	AOS26	EVT0108	EVT0108	same
ISTZDFC0	AOS26	UZ31214	UZ31214	same
ISTZDFD0	AOS26	UZ28594	UZ28594	same
ISTZDFE0	AOS24	EVT0108	EVT0108	same
ISTZDFF0	AOS26	EVT0108	EVT0108	same
ISTZDFH0	AOS26	EVT0108	EVT0108	same
ISTZDFI0	AOS26	EVT0108	EVT0108	same
ISTZDFJ0	AOS26	UZ31020	UZ31020	same
ISTZDFK0	AOS26	UZ31020	UZ31020	same
ISTZDFKA	AOS24	UZ28522	UZ28522	same
ISTZDFKB	AOS24	UZ26248	UZ26248	same
ISTZDFL0	AOS24	EVT0108	EVT0108	same
ISTZDFMF	AOS26	EVT0108	EVT0108	same
ISTZDFNB	AOS26	EVT0108	EVT0108	same
ISTZDFPR	AOS26	UZ21497	UZ21497	same
ISTZDFQR	AOS26	EVT0108	EVT0108	same
ISTZDFWB	AOS24	EVT0108	EVT0108	same
ISTZDFWR	AOS24	EVT0108	EVT0108	same
ISTZDFXR	AOS26	EVT0108	EVT0108	same
ISTZDMMB	AOS26	UZ38175	UZ38175	same
ISTZEFBA	AOS26	UZ31020	UZ31020	same
ISTZEFDA	AOS26	EVT0108	EVT0108	same
ISTZEMAA	AOS26	UZ33410	UZ33410	same
ISTZEMAB	AOS26	UZ24634	UZ24634	same
ISTZEMBB	AOS26	UZ31020	UZ31020	same
ISTZEMEA	AOS26	UZ31020	UZ31020	same
ISTZEMFA	AOS26	EVT0108	EVT0108	same
ISTZEMTA	AOS26	UZ33410	UZ33410	same
ISTZFFCB	AOS26	EVT0108	EVT0108	same
ISTZFFDB	AOS26	EVT0108	EVT0108	same
ISTZFFDF	AOS26	EVT0108	EVT0108	same
ISTZFFEA	AOS26	UZ31020	UZ31020	same
ISTZFFXA	AOS26	EVT0108	EVT0108	same
ISTZFM0A	AOS26	UZ34878	UZ34878	same
ISTZFM0B	AOS26	UZ31020	UZ31020	same
ISTZFM1B	AOS26	UZ20805	UZ20805	same
ISTZFM1F	AOS26	EVT0108	EVT0108	same
ISTZFM2B	AOS26	UZ31020	UZ31020	same
ISTZFM3B	AOS26	UZ31020	UZ31020	same
ISTZFMAA	AOS26	UZ52316	UZ52316	same
ISTZFMAB	AOS26	UZ31020	UZ31020	same
ISTZFMAF	AOS26	EVT0108	EVT0108	same
ISTZFMBB	AOS26	EVT0108	EVT0108	same
ISTZFMEB	AOS26	UZ31020	UZ31020	same
ISTZFMFA	AOS26	EVT0108	EVT0108	same
ISTZFMTA	AOS26	EVT0108	EVT0108	same
ISTZFMUA	AOS26	UZ26104	UZ26104	same
ISTZFMV0	AOS26	EVT0108	EVT0108	same
ISTZFMV1	AOS26	EVT0108	EVT0108	same
ISTZFSV0	AOS26	EVT0108	EVT0108	same
ISTZGF0A	AOS24	UZ29505	UZ29505	same
ISTZGF0B	AOS24	UZ21859	UZ21859	same
ISTZGF1A	AOS24	EVT0108	EVT0108	same
ISTZGFAB	AOS24	EVT0108	EVT0108	same
ISTZGFBB	AOS24	UZ20805	UZ20805	same
ISTZGFCB	AOS26	EVT0108	EVT0108	same
ISTZHFAN	AOS24	EVT0108	EVT0108	same
ISTZIF0B	AOS24	UZ30070	UZ30070	same
ISTZIF1B	AOS24	UZ22759	UZ22759	same
ISTZIFAA	AOS24	EVT0108	EVT0108	same
ISTZIFAB	AOS24	UZ29576	UZ29576	same
ISTZIFBB	AOS24	UZ24965	UZ24965	same
ISTZIFBI	AOS24	EVT0108	EVT0108	same
ISTZIFCB	AOS24	UZ27021	UZ27021	same
ISTZIFCI	AOS24	EVT0108	EVT0108	same
ISTZIFDB	AOS24	UZ24421	UZ24421	same
ISTZIFEB	AOS24	EVT0108	EVT0108	same
ISTZIFGB	AOS24	EVT0108	EVT0108	same
ISTZIFHB	AOS24	EVT0108	EVT0108	same
ISTZIFIB	AOS24	EVT0108	EVT0108	same
ISTZIFID	AOS24	EVT0108	EVT0108	same
ISTZIFJB	AOS24	EVT0108	EVT0108	same
ISTZIFKB	AOS24	UZ27021	UZ27021	same
ISTZIFKG	AOS24	EVT0108	EVT0108	same
ISTZIFLB	AOS24	UZ31565	UZ31565	same
ISTZIFMB	AOS24	UZ22517	UZ22517	same
ISTZIFNA	AOS24	UZ25708	UZ25708	same
ISTZIFNB	AOS24	UZ30281	UZ30281	same
ISTZIFOA	AOS24	UZ23595	UZ23595	same
ISTZIFOB	AOS24	EVT0108	EVT0108	same
ISTZIFOE	AOS24	EVT0108	EVT0108	same
ISTZIFSB	AOS24	EVT0108	EVT0108	same
ISTZIFSC	AOS24	UZ21213	UZ21213	same
ISTZIFSG	AOS24	UZ18721	UZ18721	same
ISTZIFTB	AOS24	EVT0108	EVT0108	same
ISTZIFUB	AOS24	EVT0108	EVT0108	same
ISTZIFVB	AOS24	EVT0108	EVT0108	same
ISTZIFWB	AOS24	UZ23130	UZ23130	same
ISTZIFX0	AOS24	EVT0108	EVT0108	same
ISTZIMQA	AOS24	EVT0108	EVT0108	same
ISTZJF0B	AOS24	EVT0108	EVT0108	same
ISTZJFAB	AOS24	EVT0108	EVT0108	same
ISTZJFBB	AOS24	EVT0108	EVT0108	same
ISTZJFCB	AOS24	EVT0108	EVT0108	same
ISTZKFBB	AOS24	EVT0108	EVT0108	same
ISTZKFBN	AOS24	UZ22293	UZ22293	same
ISTZKFCB	AOS24	EVT0108	EVT0108	same
ISTZKFCN	AOS24	EVT0108	EVT0108	same
ISTZLFAB	AOS26	EVT0108	EVT0108	same
ISTZLFV0	AOS26	EVT0108	EVT0108	same
ISTZLPV0	AOS26	UZ23761	UZ23761	same
ISTZPSV0	AOS26	EVT0108	EVT0108	same
ISTZRM01	AOS24	UZ27792	UZ27792	same
LETRRIP	AOSH1	EML1102	EML1102	same
LINK	ACMDLIB	EST1102	EST1102	same
LOADGO	ACMDLIB	EST1102	EST1102	same
READPSWD	AOSD0	UZ78474	UZ54926	rmid-differs
REMOTGEN	AOSH1	EML1102	EML1102	same
SECLOADA	AOSD0	UZ27521	UZ27521	same
SMPTEST	ASMPTEST		TSMP100	only-CE
SYS3CNVT	AOSH1	EML1102	EML1102	same
UFSD	AUFSDLOD		TUFS120	only-CE
UFSDCLNP	AUFSDLOD		TUFS120	only-CE
UFSDSSIR	AUFSDLOD		TUFS120	only-CE
UFSFMT	AUFSDLOD		TUFS120	only-CE
USRDDT00	AOSC5	M024001	M024001	same
UTRK3390	AOSD0	M023000	M023000	same
UTRKCALC	AOSD0	M024001	M024001	same
XTB12773	AOSD0	EDM1102	EDM1102	same
XTB12774	AOSD0	EDM1102	EDM1102	same
XTB1A11	AOSD0	EDM1102	EDM1102	same
XTB1AN	AOSD0	EDM1102	EDM1102	same
XTB1AOA	AOSD0	EDM1102	EDM1102	same
XTB1AOD	AOSD0	EDM1102	EDM1102	same
XTB1AON	AOSD0	EDM1102	EDM1102	same
XTB1BOA	AOSD0	EDM1102	EDM1102	same
XTB1BON	AOSD0	EDM1102	EDM1102	same
XTB1DUMP	AOSD0	EDM1102	EDM1102	same
XTB1FM10	AOSD0	EDM1102	EDM1102	same
XTB1FM12	AOSD0	EDM1102	EDM1102	same
XTB1FM15	AOSD0	EDM1102	EDM1102	same
XTB1G11	AOSD0	EDM1102	EDM1102	same
XTB1GF10	AOSD0	EDM1102	EDM1102	same
XTB1GF12	AOSD0	EDM1102	EDM1102	same
XTB1GF15	AOSD0	EDM1102	EDM1102	same
XTB1GFC	AOSD0	EDM1102	EDM1102	same
XTB1GN	AOSD0	EDM1102	EDM1102	same
XTB1GS10	AOSD0	EDM1102	EDM1102	same
XTB1GS12	AOSD0	EDM1102	EDM1102	same
XTB1GS15	AOSD0	EDM1102	EDM1102	same
XTB1GSC	AOSD0	EDM1102	EDM1102	same
XTB1GU10	AOSD0	EDM1102	EDM1102	same
XTB1GU12	AOSD0	EDM1102	EDM1102	same
XTB1GU15	AOSD0	EDM1102	EDM1102	same
XTB1GUC	AOSD0	EDM1102	EDM1102	same
XTB1H11	AOSD0	EDM1102	EDM1102	same
XTB1HN	AOSD0	EDM1102	EDM1102	same
XTB1KN1	AOSD0	EDM1102	EDM1102	same
XTB1OAA	AOSD0	EDM1102	EDM1102	same
XTB1OAB	AOSD0	EDM1102	EDM1102	same
XTB1ODA	AOSD0	EDM1102	EDM1102	same
XTB1ONA	AOSD0	EDM1102	EDM1102	same
XTB1ONB	AOSD0	EDM1102	EDM1102	same
XTB1P11	AOSD0	EDM1102	EDM1102	same
XTB1PCAN	AOSD0	EDM1102	EDM1102	same
XTB1PCHN	AOSD0	EDM1102	EDM1102	same
XTB1PN	AOSD0	EDM1102	EDM1102	same
XTB1QN	AOSD0	EDM1102	EDM1102	same
XTB1QNC	AOSD0	EDM1102	EDM1102	same
XTB1RN	AOSD0	EDM1102	EDM1102	same
XTB1SN	AOSD0	EDM1102	EDM1102	same
XTB1T11	AOSD0	EDM1102	EDM1102	same
XTB1TN	AOSD0	EDM1102	EDM1102	same
XTB1TU10	AOSD0	EDM1102	EDM1102	same
XTB1XN	AOSD0	EDM1102	EDM1102	same
XTB1YN	AOSD0	EDM1102	EDM1102	same
