module	class	differing_code_lines	archive_lines	system_lines
AHLCWRIT	comment-only	0	12373	12373
AHLGTFI	comment-only	0	5790	5790
AHLIWRIT	comment-only	0	10883	10883
AHLMCER	comment-only	0	2736	2736
AHLMCIH	comment-only	0	251	1459
AHLREADR	comment-only	0	3278	3278
AHLSBLOK	comment-only	0	6246	6246
AHLSBUF	comment-only	0	3284	3284
AHLSCAN	comment-only	0	2244	2244
AHLSETD	comment-only	0	2496	2496
AHLSETEV	comment-only	0	7849	7849
AHLSETMG	identical	0	49	49
AHLT103	comment-only	0	1060	1060
AHLTCTL1	code	670	1741	1924
AHLTCTL2	identical	0	662	662
AHLTDIR	comment-only	0	3168	3168
AHLTEXT	comment-only	0	4200	4200
AHLTFOR	comment-only	0	4758	4758
AHLTMMSG	identical	0	118	118
AHLTMON	comment-only	0	2636	2636
AHLTPID	comment-only	0	5262	5262
AHLTPMT	comment-only	0	3166	3166
AHLTSCN	comment-only	0	1389	1389
AHLTSIO	comment-only	0	4440	4440
AHLTSLIP	comment-only	0	9108	9108
AHLTSVC	comment-only	0	10029	10029
AHLTSYFL	comment-only	0	3215	3215
AHLTSYSM	comment-only	0	5023	5023
AHLTTAB	comment-only	0	1019	1019
AHLTUSR	comment-only	0	3845	3845
AHLTVTAM	identical	0	367	367
AHLTXSYS	comment-only	0	4636	4636
AHLVCOFF	comment-only	0	1057	1057
AHLVCON	comment-only	0	1092	1092
AHLWRMSG	identical	0	122	122
AHLWTASK	comment-only	0	3662	3662
AHLWTMSG	identical	0	74	74
AHLWTO	comment-only	0	1983	1983
AHLWWRIT	comment-only	0	12686	12686
AKJLKL01	code	2739	3775	3944
AKJLKL02	code	284	376	391
AKJLKMSG	code	1110	1367	1405
AMAPTF01	comment-only	0	1590	1590
AMAPTF02	identical	0	228	228
AMAPTFLE	identical	0	2840	2840
AMASPZAP	code	2454	3837	3585
AMDPRAPP	comment-only	0	1393	1393
AMDPRCOM	identical	0	1827	1827
AMDPRCTL	identical	0	2997	2997
AMDPRCVT	comment-only	0	3082	3082
AMDPRDPS	comment-only	0	1869	1869
AMDPREAD	comment-only	0	2612	2612
AMDPRECT	code	2	291	291
AMDPREID	identical	0	150	150
AMDPREXT	comment-only	0	779	779
AMDPRFAR	code	350	1995	2317
AMDPRFCB	identical	0	2923	2923
AMDPRFDS	comment-only	0	2972	2972
AMDPRFLT	comment-only	0	770	770
AMDPRFMG	code	46	123	108
AMDPRFMT	identical	0	835	835
AMDPRFRM	comment-only	0	1823	1823
AMDPRFSC	comment-only	0	4007	4007
AMDPRFUB	comment-only	0	1078	1078
AMDPRFXT	comment-only	0	1259	1259
AMDPRGCD	comment-only	0	7436	7436
AMDPRGET	comment-only	0	3393	3393
AMDPRLOD	comment-only	0	2273	2273
AMDPRLPA	identical	0	554	554
AMDPRMST	code	1	1579	1579
AMDPRNUC	comment-only	0	1983	1983
AMDPROOT	identical	0	377	377
AMDPRPCR	comment-only	0	648	648
AMDPRPJB	comment-only	0	2177	2177
AMDPRPMG	identical	0	73	73
AMDPRPMS	comment-only	0	2561	2561
AMDPRQCB	comment-only	0	2591	2591
AMDPRRDC	comment-only	0	4659	4659
AMDPRREC	comment-only	0	1191	1191
AMDPRSCN	comment-only	0	2605	2605
AMDPRSEG	comment-only	0	3047	3047
AMDPRSMG	identical	0	76	76
AMDPRSN2	comment-only	0	2274	2274
AMDPRSN3	comment-only	0	2198	2198
AMDPRSUM	comment-only	0	8790	8790
AMDPRUIM	comment-only	0	1585	1585
AMDSAAID	comment-only	0	1728	1728
AMDSAAMR	comment-only	0	2330	2330
AMDSAARD	comment-only	0	1358	1358
AMDSAASM	comment-only	0	4983	4983
AMDSAAUD	comment-only	0	1569	1569
AMDSABUF	comment-only	0	1315	1315
AMDSACON	comment-only	0	1340	1340
AMDSACSA	comment-only	0	1292	1292
AMDSADER	comment-only	0	2885	2885
AMDSAFRM	comment-only	0	549	549
AMDSAGTF	comment-only	0	1921	1921
AMDSAGTM	identical	0	573	573
AMDSAIOI	comment-only	0	1565	1565
AMDSALDR	comment-only	0	3343	3343
AMDSAMDM	comment-only	0	2214	2214
AMDSAMSG	identical	0	156	156
AMDSAPGE	comment-only	0	3257	3257
AMDSAPGI	comment-only	0	1407	1407
AMDSAPRO	code	249	1247	1228
AMDSARSM	comment-only	0	2763	2763
AMDSASIN	comment-only	0	2738	2738
AMDSASIO	comment-only	0	1977	1977
AMDSASVI	comment-only	0	1515	1515
AMDSATAP	comment-only	0	1063	1063
AMDSATER	comment-only	0	3172	3172
AMDSATXT	identical	0	544	544
AMDSAUCB	comment-only	0	2244	2244
AMDSAUPD	comment-only	0	863	863
AMDSAVCK	comment-only	0	3692	3692
AMDSAWAT	comment-only	0	1364	1364
AMDSYS00	comment-only	0	1283	1283
AMDSYS01	comment-only	0	6104	6104
AMDSYS02	comment-only	0	942	942
AMDSYS03	comment-only	0	2648	2648
AMDSYS04	comment-only	0	1554	1554
AMDSYS05	comment-only	0	651	651
AMDSYS06	identical	0	282	282
AMDUSRF9	identical	0	942	942
AMDUSRFD	comment-only	0	3605	3605
AMDUSRFE	identical	0	302	302
BLSCAAMS	code	154	1373	1519
BLSCABLD	code	1556	3011	3178
BLSCADST	code	118	280	395
BLSCADYN	code	430	565	674
BLSCAINT	code	363	499	614
BLSCALOC	code	1246	1118	1803
BLSCAMER	code	151	1158	1305
BLSCAMIN	code	17	418	427
BLSCAMOD	code	138	297	165
BLSCAMPR	code	20	434	447
BLSCANAL	code	131	909	1036
BLSCANLE	code	693	1774	1923
BLSCANLI	code	682	795	1473
BLSCCLSE	code	420	473	666
BLSCENDD	code	105	324	422
BLSCERSE	code	166	445	570
BLSCFAMS	code	137	1533	1659
BLSCFDYN	code	649	1056	1182
BLSCFREE	code	444	802	1243
BLSCGETT	code	743	907	1198
BLSCGMF	code	114	512	619
BLSCHOK	code	117	204	318
BLSCOPEN	code	759	837	1182
BLSCPOIN	code	165	440	565
BLSCPUTT	code	498	854	1153
BLSCRECV	code	386	255	638
BLSCRFM	code	112	344	453
BLSCRQST	code	97	378	472
BLSCRTCB	code	692	729	1418
BLSCSETT	code	669	677	1341
BLSCVALT	code	463	470	930
BLSDADSD	code	884	464	1060
BLSDAPDR	code	883	463	1059
BLSDC070	code	1	833	833
BLSDC128	code	1	833	833
BLSDC600	code	1	833	833
BLSDDEQP	code	1	813	813
BLSDDT00	code	1	1247	1247
BLSDENQ0	code	1	910	910
BLSDENQP	code	1	960	960
BLSDFDSD	code	691	1114	1800
BLSDFPDR	code	690	1230	1912
BLSDIFP0	code	1508	1371	2190
BLSDMSG0	code	1	1777	1777
BLSDMSGS	code	96	398	360
BLSDPC00	code	1	873	873
BLSDSTAE	code	1	1212	1212
BLSDSV00	code	1	794	794
BLSDTIME	code	1	1299	1299
BLSDTM00	code	1	1116	1116
BLSDVECT	code	314	376	687
BLSDWAIT	code	450	460	907
BLSEADP1	code	1494	1479	2235
BLSEADPR	code	2692	3035	3907
BLSEAUTH	code	1	978	978
BLSEDEL0	code	1	2115	2115
BLSEDEL1	code	1	961	961
BLSEDELC	code	1	1374	1374
BLSELP00	code	1	3192	3192
BLSELPCC	code	1	914	914
BLSELPCL	code	1	1072	1072
BLSELPCT	code	1	1537	1537
BLSELPDR	code	925	2803	3486
BLSELPDS	code	1	845	845
BLSELPFM	code	1	1019	1019
BLSELPFR	code	1	1536	1536
BLSELPOP	code	1	2970	2970
BLSEMDP1	code	1	1555	1555
BLSEMDPR	code	1	4003	4003
BLSFAD00	code	1	2864	2864
BLSFAV00	code	1	1235	1235
BLSFBP00	code	1	881	881
BLSFCLOS	code	1	1025	1025
BLSFCN00	code	674	762	1237
BLSFCONF	code	1	870	870
BLSFDALL	code	1	1057	1057
BLSFDD00	code	1	1412	1412
BLSFDDDP	code	1	1467	1467
BLSFDEL	code	1	2612	2612
BLSFDERS	code	1	1221	1221
BLSFDF00	code	1	836	836
BLSFDS00	code	1	1046	1046
BLSFERAS	code	1	1024	1024
BLSFFL00	code	1	1004	1004
BLSFFP00	code	1	1009	1009
BLSFGD00	code	1	1325	1325
BLSFGG00	code	1	1336	1336
BLSFGP00	code	1	1361	1361
BLSFLALL	code	1	1128	1128
BLSFLD00	code	1266	910	1610
BLSFLONE	code	1	902	902
BLSFLP00	code	1	1246	1246
BLSFMD00	code	1	2264	2264
BLSFND00	code	1	1014	1014
BLSFND01	code	1	823	823
BLSFOD00	code	1	1310	1310
BLSFOPEN	code	1	1123	1123
BLSFPARS	code	1	1341	1341
BLSFPERA	code	1	1371	1371
BLSFPERS	code	1	1186	1186
BLSFPS00	code	1	1186	1186
BLSFSCRT	code	1780	1533	2474
BLSFSD00	code	1	1093	1093
BLSFSL00	code	1	849	849
BLSFTL00	code	1	1028	1028
BLSFUD00	code	1	2081	2081
BLSFUP00	code	1	2131	2131
BLSFVRFY	code	1	1450	1450
BLSR3270	code	1187	1208	1922
BLSRACC	code	513	678	1188
BLSRACCL	code	561	686	1243
BLSRACCQ	code	866	1326	2186
BLSRADD1	code	2144	1975	3035
BLSRADD2	code	596	516	1109
BLSRADD3	code	1144	497	1353
BLSRADD4	code	1060	306	1150
BLSRADDP	code	563	908	1467
BLSRADDR	code	634	959	1589
BLSRADDS	code	645	565	1207
BLSRADDT	code	573	527	1097
BLSRADDU	code	566	632	1194
BLSRASCX	code	436	879	1310
BLSRASM7	code	1589	2100	3678
BLSRCOCL	identical	0	152	152
BLSRCOHD	identical	0	200	200
BLSRCOIN	identical	0	300	300
BLSRCOMK	code	2713	1624	3280
BLSRCOMP	code	2529	1928	3133
BLSRCOPY	identical	0	946	946
BLSRCOTA	identical	0	460	460
BLSRDUAL	code	1357	722	1643
BLSRDUCC	code	520	852	1369
BLSRDUCK	code	414	552	961
BLSRDUCL	code	523	773	1293
BLSRDUDE	code	839	689	1375
BLSRDUDR	code	771	750	1515
BLSRDUIC	code	970	406	1148
BLSRDUIH	code	1124	449	1237
BLSRDUIN	code	1665	1089	2001
BLSRDUIS	code	1314	630	1465
BLSRDULS	code	551	885	1431
BLSRDUOP	code	1312	1005	1804
BLSRDUSC	code	2149	1422	2534
BLSRENQK	code	1376	2712	4072
BLSREQU	code	1274	599	1509
BLSRESAR	code	950	293	1047
BLSRESCK	code	1422	894	1731
BLSRESDR	code	471	1211	1673
BLSRESGC	code	626	567	1188
BLSRESGE	code	1173	569	1403
BLSRESGQ	code	520	488	1005
BLSRESGU	code	465	521	983
BLSRESPU	code	888	296	989
BLSRESRU	code	439	869	1301
BLSRESSA	identical	0	80	80
BLSREVAL	code	1285	635	1520
BLSRFIND	code	2638	2366	3400
BLSRFMOD	code	1050	2051	3085
BLSRFUCB	code	425	973	1394
BLSRIOSK	code	3184	2018	3801
BLSRLIST	code	1518	784	1758
BLSRLSYM	code	470	1833	2293
BLSRMSGA	code	1062	305	1317
BLSRMSGB	code	443	758	1198
BLSRMSGD	code	424	720	1141
BLSRPADS	code	415	891	1302
BLSRPHAR	code	434	503	934
BLSRPHGE	code	552	616	1163
BLSRRAAR	code	526	2528	3041
BLSRRACR	code	1253	888	1596
BLSRRACV	code	1389	1028	1740
BLSRRAGE	code	504	1099	1597
BLSRRDAR	code	443	489	929
BLSRRDGE	code	609	643	1248
BLSRRDPU	code	504	787	1283
BLSRRNCH	code	1972	1292	2391
BLSRSAAR	code	505	506	1008
BLSRSADE	code	1824	1266	2270
BLSRSAG	code	640	1108	1742
BLSRSAGC	code	669	585	1249
BLSRSAGE	code	463	453	913
BLSRSAGN	code	976	481	1157
BLSRSAGQ	code	564	507	1067
BLSRSAGU	code	502	530	1029
BLSRSALI	code	2157	2008	2930
BLSRSAPC	code	516	712	1225
BLSRSAPU	code	458	511	966
BLSRSCAN	code	2169	1698	2786
BLSRSETD	code	1978	1815	2731
BLSRST00	identical	0	1377	1377
BLSRSUMM	code	4409	2472	5881
BLSRSURB	identical	0	737	737
BLSRSUTC	identical	0	625	625
BLSRSYRB	code	422	571	987
BLSRTCBX	code	1429	742	1684
BLSRVECT	code	818	230	852
BLSRVPAD	code	462	486	945
BLSRVPAS	code	1176	437	1305
BLSRVPCP	code	598	761	1356
BLSRVPTC	identical	0	130	130
BLSRVPVS	code	30	146	173
BLSRVRBX	code	1174	765	1447
BLSRVSLD	code	1681	1381	2318
BLSSASCB	code	1270	593	1493
BLSSASMV	code	1785	417	1886
BLSSASVT	code	1750	412	1872
BLSSASXB	code	1288	397	1404
BLSSCDE	code	1964	703	2183
BLSSCOMM	code	1724	509	1866
BLSSCSD	code	1785	419	1886
BLSSCVT	code	1569	654	1851
BLSSCVT2	identical	0	155	155
BLSSIOC	code	1744	336	1840
BLSSIOX	code	1135	330	1231
BLSSLCCA	code	1234	492	1388
BLSSLCCV	code	1750	421	1886
BLSSLLPA	code	1397	643	1600
BLSSLPDE	code	2002	741	2231
BLSSPCCA	code	1729	717	1952
BLSSPCCV	code	1749	420	1885
BLSSPFT	code	1344	493	1489
BLSSPGTE	code	1229	480	1399
BLSSPRIV	code	1755	516	1881
BLSSPSA	code	819	681	1494
BLSSPVT	code	1782	425	1886
BLSSSGTE	code	1748	769	2037
BLSSTCB	code	1815	771	2065
BLSSUCB	code	2233	1080	2597
BLSSUCM	code	1785	420	1887
BLSSXTLS	code	1219	454	1382
BLST01	code	463	505	963
BLST02	code	464	495	954
BLST03	code	459	1008	1464
BLST04	code	517	479	993
BLST04A	code	513	630	1139
BLST04BS	code	517	615	1127
BLST04CV	code	512	800	1305
BLST05	code	464	1045	1503
BLST06	code	568	810	1375
BLST08	code	466	1560	2016
BLSTB	code	466	539	1002
BLSTB4	code	463	1196	1653
BLSTB5	code	463	1325	1782
BLSTC	code	463	1086	1543
BLSTF	code	466	889	1352
BLSTM	code	504	487	988
BLSTM4	code	465	1336	1792
BLSTM5	code	465	1484	1940
BLSTR	code	524	1491	2007
BLSTU	code	499	478	974
BLSTU4	code	465	1257	1713
BLSTU5	code	465	1389	1845
BLSTY	code	466	1218	1681
BLSU	code	602	1393	1991
BLSUALLO	code	351	479	827
BLSUBLDD	code	392	458	847
BLSUBLDL	code	460	1192	1649
BLSUDYNA	code	351	386	734
BLSUGWDM	identical	0	36	36
BLSUHELP	code	378	1051	1426
BLSUINI1	code	434	671	1102
BLSUINI2	code	1135	370	1280
BLSUIT01	code	526	381	904
BLSUIT02	code	496	362	855
BLSUIT03	code	496	362	855
BLSUMON	code	336	1021	1350
BLSUMON2	code	332	438	767
BLSUMONA	code	841	638	1130
BLSUMONC	code	346	423	766
BLSUMOND	code	318	331	646
BLSUMONI	code	567	953	1425
BLSUMONL	code	1027	624	1318
BLSUMONT	code	320	338	655
BLSUMONX	code	320	466	783
BLSUMPK1	code	326	335	658
BLSUMPKN	code	329	708	1034
BLSUMTOD	identical	0	155	155
BLSUNOTE	code	372	972	1338
BLSUPARI	code	319	446	762
BLSUPARU	code	325	582	902
BLSUPGMC	code	321	384	702
BLSUPGMD	code	325	424	744
BLSUPGML	code	348	1064	1409
BLSUPGMR	code	321	381	699
BLSUPRCL	code	521	571	1088
BLSUPROP	code	525	819	1340
BLSUPRTA	code	526	1051	1573
BLSUPRTN	code	356	476	829
BLSUPRTT	code	359	747	1103
BLSUPUT	code	281	2197	2404
BLSUPUTA	code	350	478	824
BLSUPUTC	code	354	542	893
BLSUPUTD	code	352	548	894
BLSUPUTN	code	352	471	819
BLSUPUTO	code	353	542	892
BLSUPUTT	code	348	453	798
BLSUPUTV	code	347	543	887
BLSUSTAE	code	632	605	1234
BLSUSTAI	code	610	565	1171
BLSUTRMA	code	349	530	875
BLSUTRMN	code	353	552	902
BLSUTRMO	code	352	467	815
BLSUTRMV	code	353	479	828
BLSUTSO	code	924	625	1190
BLSUVECT	code	503	260	685
BLSUVP21	code	18	137	152
BLSUVP31	code	19	137	152
BLSUVP32	code	17	155	169
BLSUVP99	code	17	155	169
BLSUVPVA	code	525	532	1054
BLSUVPX1	code	532	502	1031
BLSUVSAR	code	685	490	1057
BLSUVSCL	code	327	385	709
BLSUVSCR	code	536	215	676
BLSUVSEN	code	428	416	840
BLSUVSER	code	456	492	944
BLSUVSGE	code	455	518	969
BLSUVSGU	code	455	510	961
BLSUVSMR	code	536	215	676
BLSUVSOP	code	356	755	1108
BLSUVSOQ	code	674	465	1019
BLSUVSPO	code	454	501	952
BLSUVSPU	code	456	492	944
BLSUZZ2C	code	316	449	762
BLSUZZ2D	code	324	365	686
BLSUZZ2R	code	321	310	628
BLSVASCB	code	719	2106	2812
BLSVASVT	code	608	1516	2116
BLSVASXB	code	661	1433	2083
BLSVCDE	code	628	1415	2031
BLSVCVT	code	1157	2243	3388
BLSVCVT2	identical	0	263	263
BLSVIOC	code	638	1473	2102
BLSVIOX	code	618	1110	1721
BLSVLCCA	code	784	1352	2127
BLSVLCCV	code	612	1344	1947
BLSVLPDE	code	630	1471	2091
BLSVPCCA	code	1788	1113	2214
BLSVPCCV	code	612	1344	1947
BLSVPGTE	code	1101	668	1559
BLSVPSA	code	1931	1279	2436
BLSVPVT	code	758	1417	2165
BLSVQCBA	code	624	1368	1982
BLSVQCBB	code	624	1322	1936
BLSVQEL	code	625	1624	2236
BLSVRB	code	811	1545	2347
BLSVSGTE	code	1315	654	1561
BLSVTCB	code	945	1685	2618
BLSVUCB	code	911	1677	2577
BLSVXTLS	code	609	1103	1704
BNGC3270	identical	0	1288	1288
BNGCDISP	identical	0	1556	1556
BNGCLOCL	identical	0	512	512
BNGCMENU	identical	0	342	342
BNGCRMOT	identical	0	654	654
BNGI3270	identical	0	1302	1302
BNGIDISP	identical	0	1538	1538
BNGIEXIT	identical	0	508	508
BNGILOCL	identical	0	544	544
BNGIMENU	identical	0	192	192
BNGIPCBX	identical	0	5	5
BNGIREAD	identical	0	220	220
BNGIRMOT	identical	0	638	638
BNGISIMS	identical	0	128	128
BNGLOGR2	identical	0	855	855
BNGT3270	identical	0	1305	1305
BNGTDISP	identical	0	1475	1475
BNGTLOCL	identical	0	566	566
BNGTMENU	identical	0	351	351
BNGTQEMA	identical	0	580	580
BNGTQEMF	identical	0	444	444
BNGTRMOT	identical	0	707	707
ESRTABLE	comment-only	0	132	137
FCB3STD3	identical	0	32	32
GENRMT	code	8	4845	4845
GRAF	identical	0	11110	11110
HEWLDIDY	identical	0	252	252
HEWLDIOC	identical	0	2248	2248
HEWLDLIB	identical	0	1512	1512
HEWLDREL	identical	0	1673	1673
HEWLDRGO	identical	0	278	278
HEWLFADA	identical	0	942	942
HEWLFAPT	identical	0	31	31
HEWLFBTP	identical	0	1442	1442
HEWLFEND	identical	0	262	262
HEWLFENS	identical	0	444	444
HEWLFENT	identical	0	346	346
HEWLFESD	identical	0	814	814
HEWLFFNL	identical	0	854	854
HEWLFIDR	comment-only	0	1470	1597
HEWLFINC	identical	0	773	773
HEWLFINP	identical	0	803	803
HEWLFINT	identical	0	1261	1261
HEWLFMAP	identical	0	984	984
HEWLFOPT	identical	0	946	946
HEWLFOUT	identical	0	1509	1509
HEWLFRAT	identical	0	2733	2733
HEWLFRCG	identical	0	177	177
HEWLFREL	identical	0	1296	1296
HEWLFROU	identical	0	1356	1356
HEWLFSCD	comment-only	0	1677	1678
HEWLFSCN	identical	0	1574	1574
HEWLFSYM	identical	0	182	182
HMASMAAR	code	790	1817	3187
HMASMADD	identical	0	620	620
HMASMALC	comment-only	0	1013	3708
HMASMAR1	comment-only	0	2139	3493
HMASMAR2	comment-only	0	2002	3287
HMASMAR3	comment-only	0	784	3835
HMASMAR4	comment-only	0	1344	2628
HMASMARL	comment-only	0	221	591
HMASMASI	code	1	827	2090
HMASMASM	comment-only	0	1276	2179
HMASMBDL	code	243	579	1171
HMASMBUE	comment-only	0	1189	2156
HMASMBUR	comment-only	0	2427	3330
HMASMCIL	code	220	1202	2473
HMASMCMP	comment-only	0	484	1700
HMASMCOM	code	269	2146	3427
HMASMCP2	comment-only	0	1221	2257
HMASMCPI	comment-only	0	2151	3490
HMASMCPL	comment-only	0	4741	6332
HMASMCPY	comment-only	0	1567	2495
HMASMCRD	comment-only	0	920	1835
HMASMCRW	comment-only	0	803	1640
HMASMDC1	comment-only	0	2949	3232
HMASMDC2	code	2	704	711
HMASMDLE	comment-only	0	3732	5191
HMASMDR1	code	7	3540	4509
HMASMDR2	comment-only	0	680	1621
HMASMDRV	code	2651	6713	8121
HMASMDS1	comment-only	0	1751	2669
HMASMDSU	code	385	2034	2983
HMASMEFR	code	5	276	276
HMASMEIS	comment-only	0	3624	4486
HMASMFPT	code	4	2342	3521
HMASMFVL	code	1	435	1314
HMASMFXF	comment-only	0	1114	1999
HMASMGTA	code	856	2390	2501
HMASMIDU	comment-only	0	4041	5493
HMASMIO	code	2100	7486	10624
HMASMIO1	comment-only	0	639	1184
HMASMION	comment-only	0	1494	2189
HMASMLC1	comment-only	0	346	1215
HMASMLCC	comment-only	0	1519	2400
HMASMLCD	code	5	2987	4233
HMASMLCP	comment-only	0	1362	2356
HMASMLID	code	2	2618	3597
HMASMLKD	comment-only	0	3382	4357
HMASMLKI	code	113	2797	4059
HMASMLOG	code	2	1067	1981
HMASMMDR	code	1082	1109	1110
HMASMMPA	identical	0	313	313
HMASMMPD	comment-only	0	470	1558
HMASMMPE	comment-only	0	4692	5692
HMASMMPH	code	4	658	1659
HMASMMPI	comment-only	0	598	1139
HMASMMPL	code	361	369	370
HMASMMPV	comment-only	0	1044	2057
HMASMMSG	code	1	1152	2049
HMASMPGC	comment-only	0	1324	2541
HMASMPIN	code	877	843	890
HMASMRCC	comment-only	0	751	1698
HMASMRCD	code	668	2316	3293
HMASMRCF	comment-only	0	956	1869
HMASMRCL	comment-only	0	1552	2460
HMASMRDS	code	277	948	1808
HMASMREC	code	1598	7653	8953
HMASMREJ	code	1	1273	2252
HMASMRJD	comment-only	0	532	1380
HMASMSCN	code	322	653	798
HMASMSEC	comment-only	0	1217	2470
HMASMSER	comment-only	0	513	982
HMASMSTA	code	98	452	1529
HMASMSUB	code	399	805	1664
HMASMSUP	comment-only	0	1176	2364
HMASMTAD	comment-only	0	407	1226
HMASMTAI	comment-only	0	317	1144
HMASMTBL	code	411	1834	3351
HMASMTBM	comment-only	0	815	1638
HMASMTCL	code	1019	2131	3002
HMASMTCR	comment-only	0	1910	3251
HMASMTD1	comment-only	0	1465	2861
HMASMTDD	comment-only	0	1005	2315
HMASMTEC	comment-only	0	1093	1795
HMASMTID	comment-only	0	356	1632
HMASMTL1	comment-only	0	712	1485
HMASMTL2	comment-only	0	2137	3557
HMASMTL3	comment-only	0	195	1277
HMASMTM1	comment-only	0	2892	4345
HMASMTM2	comment-only	0	2760	4189
HMASMTM3	comment-only	0	2306	3710
HMASMTM4	comment-only	0	2015	3421
HMASMTMD	code	1	7200	9000
HMASMTMJ	comment-only	0	1483	2826
HMASMTMS	comment-only	0	5437	6913
HMASMTMW	code	615	1542	2769
HMASMTP2	comment-only	0	1303	2550
HMASMTPA	comment-only	0	6406	7415
HMASMTPC	comment-only	0	1044	2324
HMASMTPD	comment-only	0	1182	2273
HMASMTPL	comment-only	0	2346	3238
HMASMTPO	comment-only	0	1483	2804
HMASMTPR	comment-only	0	3379	4415
HMASMTPS	comment-only	0	200	1361
HMASMTR1	comment-only	0	1022	1886
HMASMTRM	comment-only	0	8180	9837
HMASMTSB	code	1546	3067	4504
HMASMUC1	comment-only	0	9052	10151
HMASMUC2	comment-only	0	4426	5424
HMASMUC3	comment-only	0	2041	3050
HMASMUC4	comment-only	0	1085	2195
HMASMUCD	comment-only	0	146	239
HMASMULI	code	121	139	175
HMASMULK	identical	0	605	605
HMASMUPD	code	822	1809	2780
HMASMUPI	comment-only	0	1657	2913
HMASMUXC	code	591	1051	1429
HMASMUXD	comment-only	0	166	196
HMASMVLU	code	2	672	1015
HMASMXRF	comment-only	0	1502	2479
HMASMZAP	code	683	2211	3497
HMBLKCTL	comment-only	0	3633	3633
HMBLKERR	comment-only	0	287	287
HMBLKIDR	comment-only	0	3124	3124
HMBLKLDM	comment-only	0	1888	1888
HMBLKLPA	identical	0	600	600
HMBLKMSG	identical	0	133	133
HMBLKOBJ	comment-only	0	1562	1562
HMBLKSZE	identical	0	80	80
HMBLKXRF	comment-only	0	4997	4997
IAPABNAP	comment-only	0	1896	1896
IAPBLDIO	identical	0	2408	2408
IAPCHKIO	comment-only	0	2481	2481
IAPCNTRL	code	2228	5846	8046
IAPPFXAP	identical	0	500	500
IAPTIMER	identical	0	310	310
IASFCB26	identical	0	31	31
IASFCB28	identical	0	31	31
IASXSD81	identical	0	681	681
IASXSD82	identical	0	1172	1172
IASXWR00	identical	0	229	229
IBCDASDI	code	5121	5957	5956
IBCDMPRS	code	4652	5511	5510
ICAPRTBL	code	3	1740	1740
ICB2ACT	comment-only	0	1181	1181
ICB2AEA	comment-only	0	2202	2203
ICB2AIR	comment-only	0	1300	1300
ICB2ATTN	comment-only	0	2338	2338
ICB2MSG	comment-only	0	13370	13370
ICB2SIOB	comment-only	0	2461	2461
ICB2SIOF	comment-only	0	1873	1873
ICBINIT	comment-only	0	2561	2561
ICBIORSI	identical	0	1619	1619
ICBME	comment-only	0	2105	2105
ICBMSG05	comment-only	0	9238	9238
ICBMSG56	comment-only	0	14367	14367
ICBPRGIO	comment-only	0	2055	2055
ICBTMSS0	comment-only	0	2038	2038
ICBVCR00	comment-only	0	1468	1468
ICBVDM00	comment-only	0	3158	3158
ICBVDR00	comment-only	0	1563	1563
ICBVDR01	comment-only	0	6375	6375
ICBVEX00	comment-only	0	1214	1214
ICBVIN00	comment-only	0	9752	9752
ICBVIN02	comment-only	0	4378	4378
ICBVIO00	comment-only	0	1665	1665
ICBVJL00	comment-only	0	4607	4607
ICBVMG00	code	1	613	613
ICBVMS00	comment-only	0	8176	8176
ICBVMT00	comment-only	0	5132	5132
ICBVOP00	comment-only	0	1143	1143
ICBVPI00	comment-only	0	2548	2548
ICBVPR00	comment-only	0	2570	2570
ICBVQM00	comment-only	0	4645	4645
ICBVRR00	comment-only	0	3589	3589
ICBVSC00	comment-only	0	3500	3500
ICBVSL00	comment-only	0	9432	9432
ICBVSP00	comment-only	0	4130	4130
ICBVTM00	comment-only	0	900	900
ICBVTP00	comment-only	0	3088	3088
ICBVTP01	comment-only	0	2732	2732
ICBVUP00	comment-only	0	1907	1907
ICBVUP01	comment-only	0	1923	1923
ICBVUT00	comment-only	0	14205	14205
ICBVUT01	comment-only	0	14707	14707
ICBVUT03	comment-only	0	2273	2273
ICFBDF00	code	3	1897	1898
ICFBDX00	identical	0	15	15
ICFBIF00	comment-only	0	2249	2250
ICFBIX00	identical	0	15	15
ICGDSA01	comment-only	0	1107	1107
ICGDSA02	comment-only	0	961	961
ICGDSA04	identical	0	671	671
ICGDSA05	comment-only	0	1152	1152
ICGDSA06	comment-only	0	2222	2222
ICGDSA07	comment-only	0	1715	1715
ICGDSA08	comment-only	0	1463	1463
ICGDSA09	comment-only	0	1637	1637
ICGDSANL	comment-only	0	432	432
ICGDSB01	comment-only	0	1678	1678
ICGDSB03	comment-only	0	1656	1656
ICGDSB05	comment-only	0	1236	1236
ICGDSB06	comment-only	0	1632	1632
ICGDSB07	comment-only	0	1349	1349
ICGDSB08	comment-only	0	1924	1924
ICGDSB09	comment-only	0	2967	2967
ICGDSB10	identical	0	1035	1035
ICGDSB11	comment-only	0	1311	1311
ICGDSB12	identical	0	1256	1256
ICGDSB13	comment-only	0	1320	1320
ICGDSB14	comment-only	0	863	863
ICGDSB15	comment-only	0	945	945
ICGDSB16	comment-only	0	619	619
ICGDSB18	comment-only	0	2914	2914
ICGDSB19	comment-only	0	3909	3909
ICGDSB20	comment-only	0	2808	2808
ICGDSBLD	comment-only	0	1992	1992
ICGDSINT	comment-only	0	1473	1473
ICGDSMSG	comment-only	0	1460	1460
ICGDSS01	comment-only	0	1570	1570
ICGDSS02	comment-only	0	2452	2452
ICGDSS04	comment-only	0	4842	4842
ICGDSS05	comment-only	0	2269	2269
ICGDSS06	comment-only	0	1628	1628
ICGDSS08	comment-only	0	2205	2205
ICGDSS09	comment-only	0	4031	4031
ICGDSS99	comment-only	0	1151	1151
ICGDSSCN	comment-only	0	1464	1464
ICGTRDST	comment-only	0	4304	4304
ICGTRINT	comment-only	0	6451	6451
ICGTRSUM	comment-only	0	3344	3344
ICGTRVID	comment-only	0	2622	2622
ICHRIN00	identical	0	169	169
ICKAA01	comment-only	0	1372	1372
ICKAN01	identical	0	1757	1757
ICKAN02	identical	0	1135	1135
ICKAN03	identical	0	1266	1266
ICKBI01	identical	0	3322	3322
ICKBM01	comment-only	0	713	713
ICKCDAN	identical	0	166	166
ICKCDBI	identical	0	86	86
ICKCDIN	identical	0	643	643
ICKCDIT	identical	0	470	470
ICKCDRF	identical	0	374	374
ICKCDTR	identical	0	181	181
ICKCL01	comment-only	0	508	508
ICKCV01	comment-only	0	611	611
ICKDV00	identical	0	762	762
ICKDV01	comment-only	0	12402	12402
ICKDV02	comment-only	0	6180	6180
ICKDV03	comment-only	0	18302	18302
ICKDV04	comment-only	0	8674	8674
ICKDV13	identical	0	623	623
ICKEX01	identical	0	839	839
ICKEX02	comment-only	0	641	641
ICKEX03	comment-only	0	633	633
ICKIN01	comment-only	0	8062	8062
ICKIN02	identical	0	2463	2463
ICKIO01	comment-only	0	3884	3884
ICKIO02	comment-only	0	5825	5825
ICKIT01	comment-only	0	8116	8116
ICKPP01	comment-only	0	1339	1339
ICKRA01	comment-only	0	1433	1433
ICKRD01	comment-only	0	827	827
ICKRF01	comment-only	0	1590	1590
ICKRI01	code	1	13405	13405
ICKRI02	comment-only	0	1168	1168
ICKRI03	comment-only	0	869	869
ICKRIKT	identical	0	69	69
ICKRILT	identical	0	68	68
ICKRL01	comment-only	0	639	639
ICKRP01	identical	0	996	996
ICKRT01	identical	0	634	634
ICKSA01	comment-only	0	1771	1771
ICKSA02	comment-only	0	3409	3409
ICKSA03	comment-only	0	1481	1481
ICKSA04	identical	0	1591	1591
ICKSA05	comment-only	0	795	795
ICKSA08	comment-only	0	4128	4128
ICKSA10	comment-only	0	3142	3142
ICKSD01	identical	0	2039	2039
ICKSD02	identical	0	2109	2109
ICKTA01	identical	0	809	809
ICKTP01	comment-only	0	5948	5948
ICKTP04	comment-only	0	3002	3002
ICKTP05	comment-only	0	952	952
ICKTR01	identical	0	457	457
ICKTR02	identical	0	1278	1278
ICKTSAN0	code	1	861	861
ICKTSBI0	identical	0	305	305
ICKTSCC0	identical	0	2007	2007
ICKTSDV0	identical	0	231	231
ICKTSEF0	identical	0	1116	1116
ICKTSEF1	identical	0	1278	1278
ICKTSEX0	identical	0	382	382
ICKTSIO0	identical	0	431	431
ICKTSRI0	identical	0	1129	1129
ICKTSSA0	identical	0	343	343
ICKTSTP0	code	5	172	172
ICKTSTP1	identical	0	176	176
ICKTSUV0	identical	0	291	291
ICKUSER1	identical	0	66	66
ICKVA01	comment-only	0	602	602
ICKVD01	identical	0	591	591
ICKVLBL	identical	0	406	406
ICKVP01	comment-only	0	1051	1051
ICKVV01	comment-only	0	585	585
ICKWI01	comment-only	0	1609	1609
ICKWL01	comment-only	0	815	815
ICKWV01	comment-only	0	1464	1464
IDA0192A	comment-only	0	10456	10456
IDA0192B	comment-only	0	8723	8723
IDA0192C	comment-only	0	7318	7318
IDA0192D	comment-only	0	4941	4941
IDA0192F	comment-only	0	8232	8232
IDA0192G	comment-only	0	2111	2111
IDA0192I	comment-only	0	5057	5057
IDA0192M	comment-only	0	5649	5649
IDA0192P	comment-only	0	4686	4686
IDA0192S	comment-only	0	4171	4171
IDA0192V	comment-only	0	7293	7293
IDA0192W	comment-only	0	4631	4631
IDA0192Y	comment-only	0	11128	11128
IDA0192Z	comment-only	0	8877	8877
IDA0195A	comment-only	0	6113	6113
IDA019C1	comment-only	0	13943	13943
IDA019R1	comment-only	0	3250	3250
IDA019R2	comment-only	0	3074	3074
IDA019R4	comment-only	0	4439	4439
IDA019R5	comment-only	0	4294	4294
IDA019R8	comment-only	0	2651	2651
IDA019RA	comment-only	0	2654	2654
IDA019RB	comment-only	0	845	845
IDA019RC	identical	0	407	407
IDA019RD	comment-only	0	622	622
IDA019RE	comment-only	0	3412	3412
IDA019RF	comment-only	0	3223	3223
IDA019RG	comment-only	0	2941	2941
IDA019RH	comment-only	0	2841	2841
IDA019RI	comment-only	0	2929	2929
IDA019RJ	comment-only	0	3460	3460
IDA019RK	comment-only	0	1877	1877
IDA019RL	comment-only	0	1867	1867
IDA019RM	comment-only	0	1961	1961
IDA019RN	comment-only	0	1612	1612
IDA019RO	comment-only	0	1221	1221
IDA019RP	comment-only	0	3416	3416
IDA019RQ	comment-only	0	3086	3086
IDA019RR	comment-only	0	2564	2564
IDA019RS	comment-only	0	2904	2904
IDA019RT	comment-only	0	2567	2567
IDA019RU	comment-only	0	4120	4120
IDA019RV	comment-only	0	2177	2177
IDA019RW	comment-only	0	3140	3140
IDA019RX	comment-only	0	3884	3884
IDA019RY	comment-only	0	4695	4695
IDA019RZ	comment-only	0	1374	1374
IDA019S1	comment-only	0	1447	1447
IDA019S2	comment-only	0	5114	5114
IDA019S4	code	5	133	1175
IDA019S6	comment-only	0	1765	1765
IDA019SA	comment-only	0	2383	2383
IDA019SB	comment-only	0	1765	3645
IDA019SE	comment-only	0	5240	5240
IDA019SF	comment-only	0	2032	2032
IDA019SG	code	307	313	303
IDA019SH	code	611	635	635
IDA019SL	identical	0	225	225
IDA019SM	identical	0	141	141
IDA019SN	comment-only	0	1603	1603
IDA019ST	identical	0	3735	3735
IDA019SU	identical	0	2448	2448
IDA0200B	comment-only	0	7531	7531
IDA0200S	comment-only	0	3627	3627
IDA0200T	comment-only	0	9213	9213
IDA0231B	comment-only	0	5467	5467
IDA0231T	comment-only	0	4608	4608
IDA0557A	comment-only	0	12958	12958
IDA0A05B	comment-only	0	8824	8824
IDA0C05B	comment-only	0	2571	2571
IDA0C06C	comment-only	0	6381	6381
IDA0I96C	comment-only	0	2141	2141
IDA121A2	code	23	3757	6675
IDA121A3	code	22	1687	4356
IDA121A4	code	18	1684	4801
IDA121A5	identical	0	607	607
IDA121A6	comment-only	0	443	2046
IDA121CV	comment-only	0	75	76
IDACAT11	comment-only	0	4232	4232
IDACAT12	comment-only	0	3526	3526
IDACAT13	comment-only	0	2720	2720
IDACAT21	identical	0	1317	1317
IDACKRA1	comment-only	0	1965	1965
IDAICIA1	comment-only	0	3982	3982
IDAIIFBF	comment-only	0	2300	2300
IDAIIPM1	comment-only	0	1549	1549
IDAIIPM2	comment-only	0	2171	2171
IDAIIPM3	comment-only	0	2364	2364
IDAIISM1	comment-only	0	2794	2794
IDAM19R3	comment-only	0	779	779
IDAOCEA1	comment-only	0	2725	2725
IDAOCEA2	comment-only	0	4378	4378
IDAOCEA3	identical	0	1461	1461
IDAOCEA4	comment-only	0	1186	1186
IDAVBPC1	comment-only	0	1272	1272
IDAVBPJ1	comment-only	0	2795	2795
IDAVBPJ2	comment-only	0	2350	2350
IDAVBPO1	comment-only	0	2865	2865
IDAVBPP1	comment-only	0	2600	2600
IDAVBPR1	comment-only	0	2987	2987
IDAVBPR2	comment-only	0	1970	1970
IDAVBPS1	comment-only	0	1758	1758
IDAVBPS2	comment-only	0	2542	2542
IDCAL01	comment-only	0	11094	11094
IDCAM01	code	7	160	164
IDCAM02	code	7	164	168
IDCAU01	comment-only	0	3257	3257
IDCAU02	comment-only	0	2834	2834
IDCAU03	comment-only	0	9594	9594
IDCAV01	comment-only	0	11269	11269
IDCBI01	comment-only	0	11220	11220
IDCCC01	comment-only	0	8365	8365
IDCCDAL	code	1	1754	1754
IDCCDAU	identical	0	498	498
IDCCDAV	identical	0	289	289
IDCCDBI	identical	0	333	333
IDCCDCC	identical	0	343	343
IDCCDCH	identical	0	206	206
IDCCDCK	identical	0	166	166
IDCCDCN	identical	0	381	381
IDCCDCO	identical	0	427	427
IDCCDCP	identical	0	219	219
IDCCDCT	identical	0	105	105
IDCCDCV	identical	0	457	457
IDCCDDE	identical	0	8666	8666
IDCCDDL	identical	0	600	600
IDCCDDU	identical	0	464	464
IDCCDEC	identical	0	173	173
IDCCDEV	identical	0	239	239
IDCCDGR	identical	0	472	472
IDCCDLC	identical	0	555	555
IDCCDLD	identical	0	472	472
IDCCDLM	identical	0	289	289
IDCCDLR	identical	0	349	349
IDCCDLV	identical	0	618	618
IDCCDMC	identical	0	644	644
IDCCDMG	identical	0	588	588
IDCCDMP	identical	0	796	796
IDCCDMV	identical	0	569	569
IDCCDNC	identical	0	258	258
IDCCDPM	identical	0	653	653
IDCCDPR	identical	0	789	789
IDCCDRC	identical	0	512	512
IDCCDRD	identical	0	2918	2918
IDCCDRL	identical	0	151	151
IDCCDRM	identical	0	475	475
IDCCDRP	identical	0	662	662
IDCCDRR	identical	0	230	230
IDCCDRS	identical	0	464	464
IDCCDRV	identical	0	298	298
IDCCDSD	identical	0	457	457
IDCCDSG	identical	0	106	106
IDCCDSR	identical	0	317	317
IDCCDST	identical	0	81	81
IDCCDSV	identical	0	194	194
IDCCDTR	identical	0	417	417
IDCCDTU	identical	0	275	275
IDCCDVY	identical	0	137	137
IDCCDXP	identical	0	576	576
IDCCH01	comment-only	0	9505	9505
IDCCH02	comment-only	0	11560	11560
IDCCH03	comment-only	0	4702	4702
IDCCH04	comment-only	0	5146	5146
IDCCK01	comment-only	0	3781	3781
IDCCN01	comment-only	0	10784	10784
IDCCO01	comment-only	0	10635	10635
IDCCP01	comment-only	0	4678	4678
IDCCT01	comment-only	0	1762	1762
IDCCV01	comment-only	0	7043	7043
IDCDB01	comment-only	0	1113	1113
IDCDB02	comment-only	0	2095	2095
IDCDE01	comment-only	0	4975	4975
IDCDE02	comment-only	0	9613	9613
IDCDE03	comment-only	0	8432	8432
IDCDL01	comment-only	0	6778	6778
IDCDU01	comment-only	0	8933	8933
IDCEC01	comment-only	0	2877	2877
IDCEV01	comment-only	0	4198	4198
IDCEX01	identical	0	1019	1019
IDCEX02	comment-only	0	847	847
IDCEX03	comment-only	0	839	839
IDCGR01	comment-only	0	2105	2105
IDCIO01	identical	0	2803	2803
IDCIO02	identical	0	2762	2762
IDCIO03	comment-only	0	4877	4877
IDCIO04	comment-only	0	1107	1107
IDCIO05	comment-only	0	18076	18076
IDCLC01	comment-only	0	9325	9325
IDCLC02	comment-only	0	11085	11085
IDCLD01	comment-only	0	9594	9594
IDCLM01	comment-only	0	9131	9131
IDCLR01	comment-only	0	10595	10595
IDCLR02	comment-only	0	878	878
IDCLV01	comment-only	0	10271	10271
IDCMC01	comment-only	0	3018	3018
IDCMG01	comment-only	0	3596	3596
IDCMP01	comment-only	0	14121	14121
IDCMV01	comment-only	0	9727	9727
IDCNC01	comment-only	0	2313	2313
IDCPM01	comment-only	0	1821	1821
IDCPR01	comment-only	0	3155	3155
IDCRC01	comment-only	0	7989	7989
IDCRC02	comment-only	0	8716	8716
IDCRC03	comment-only	0	849	849
IDCRC04	comment-only	0	3694	3694
IDCRD01	comment-only	0	2178	2178
IDCRD02	comment-only	0	4657	4657
IDCRD03	comment-only	0	4280	4280
IDCRD04	comment-only	0	4379	4379
IDCRD05	comment-only	0	8301	8301
IDCRD06	comment-only	0	12093	12093
IDCRD07	comment-only	0	15559	15559
IDCRI01	code	1	13357	13357
IDCRI02	comment-only	0	1427	1427
IDCRI03	comment-only	0	1144	1144
IDCRI04	comment-only	0	9508	9508
IDCRIFF	identical	0	80	80
IDCRIKT	identical	0	69	69
IDCRILT	identical	0	143	143
IDCRIMT	identical	0	170	170
IDCRL01	comment-only	0	3058	3058
IDCRM01	comment-only	0	17476	17476
IDCRP01	comment-only	0	7608	7608
IDCRR01	comment-only	0	3799	3799
IDCRS01	comment-only	0	13906	13906
IDCRS02	comment-only	0	12551	12551
IDCRS03	code	1933	9866	11783
IDCRS04	comment-only	0	6758	6758
IDCRS05	comment-only	0	10083	10083
IDCRS06	comment-only	0	10724	10724
IDCRS07	code	2256	7093	9340
IDCRV01	comment-only	0	6311	6311
IDCSA01	comment-only	0	2704	2704
IDCSA02	comment-only	0	10029	10029
IDCSA03	comment-only	0	1724	1724
IDCSA05	comment-only	0	1008	1008
IDCSA06	comment-only	0	8415	8415
IDCSA07	comment-only	0	4042	4042
IDCSA08	comment-only	0	10045	10045
IDCSA09	comment-only	0	4201	4201
IDCSA10	comment-only	0	3563	3563
IDCSD01	comment-only	0	8260	8260
IDCSG01	comment-only	0	1496	1496
IDCSR01	comment-only	0	7702	7702
IDCST01	comment-only	0	2427	2427
IDCSV01	comment-only	0	5062	5062
IDCTP01	comment-only	0	6814	6814
IDCTP04	comment-only	0	3286	3286
IDCTP05	comment-only	0	1170	1170
IDCTP06	comment-only	0	2145	2145
IDCTR01	comment-only	0	5346	5346
IDCTSAL0	identical	0	706	706
IDCTSAU0	code	8	2083	2083
IDCTSAV0	identical	0	353	353
IDCTSBI0	identical	0	712	712
IDCTSCC0	identical	0	463	463
IDCTSCH0	identical	0	2859	2859
IDCTSCK0	identical	0	509	509
IDCTSCM0	identical	0	2714	2714
IDCTSCN0	identical	0	493	493
IDCTSCO0	identical	0	481	481
IDCTSCP0	identical	0	955	955
IDCTSCT0	identical	0	94	94
IDCTSCV0	identical	0	471	471
IDCTSDE0	code	1	734	734
IDCTSDL0	identical	0	422	422
IDCTSDU0	identical	0	1870	1870
IDCTSEC0	identical	0	264	264
IDCTSEV0	identical	0	108	108
IDCTSEX0	identical	0	372	372
IDCTSIO0	identical	0	1182	1182
IDCTSIO5	identical	0	406	406
IDCTSLC0	identical	0	3171	3171
IDCTSLC1	identical	0	650	650
IDCTSLD0	identical	0	2028	2028
IDCTSLM0	identical	0	1284	1284
IDCTSLR0	identical	0	752	752
IDCTSLR1	identical	0	477	477
IDCTSLV0	identical	0	3873	3873
IDCTSMC0	identical	0	116	116
IDCTSMG0	identical	0	125	125
IDCTSMP0	identical	0	752	752
IDCTSMV0	identical	0	158	158
IDCTSNC0	identical	0	102	102
IDCTSPR0	identical	0	856	856
IDCTSRC0	identical	0	826	826
IDCTSRD0	identical	0	3346	3346
IDCTSRI0	identical	0	1131	1131
IDCTSRI1	identical	0	623	623
IDCTSRL0	identical	0	153	153
IDCTSRR0	identical	0	306	306
IDCTSRS0	identical	0	2344	2344
IDCTSRV0	identical	0	191	191
IDCTSSA0	identical	0	347	347
IDCTSSA6	identical	0	708	708
IDCTSSA7	identical	0	472	472
IDCTSSD0	identical	0	443	443
IDCTSSR0	identical	0	311	311
IDCTSSS0	identical	0	1184	1184
IDCTSST0	identical	0	94	94
IDCTSSV0	identical	0	212	212
IDCTSTP0	code	6	172	172
IDCTSTP1	identical	0	176	176
IDCTSTP6	identical	0	686	686
IDCTSTR0	comment-only	0	218	218
IDCTSTU0	identical	0	1387	1387
IDCTSUV0	identical	0	513	513
IDCTSVS0	identical	0	809	809
IDCTSXP0	identical	0	210	210
IDCTU01	comment-only	0	4373	4373
IDCVS01	comment-only	0	6779	6779
IDCVS02	comment-only	0	3938	3938
IDCVS03	comment-only	0	5727	5727
IDCVY01	comment-only	0	1084	1084
IDCXP01	comment-only	0	8372	8372
IDDWIAPP	comment-only	0	5011	5011
IDDWICLS	comment-only	0	1944	1944
IDDWICPI	identical	0	3701	3701
IDDWIFRR	comment-only	0	3593	3593
IDDWIJRN	comment-only	0	3871	3871
IDDWIMRG	comment-only	0	1735	1735
IDDWITRM	comment-only	0	1619	1619
IEAFTEED	comment-only	0	2861	2861
IEAFTIHS	comment-only	0	3806	3806
IEAFTRT2	comment-only	0	6396	6396
IEAFTSCB	comment-only	0	3560	3560
IEAQWAIT	comment-only	0	164	177
IEASMFEX	comment-only	0	239	267
IEATLEXT	code	79	183	196
IEAV1052	identical	0	1465	1465
IEAV1443	identical	0	1228	1228
IEAV2540	identical	0	733	733
IEAVAD00	comment-only	0	8393	8393
IEAVAD01	comment-only	0	8053	8053
IEAVAD02	comment-only	0	2701	2701
IEAVAD03	comment-only	0	4717	4717
IEAVAD05	comment-only	0	3337	3337
IEAVAD06	comment-only	0	3195	3195
IEAVAD07	comment-only	0	4252	4252
IEAVAD08	comment-only	0	2640	2640
IEAVAD09	comment-only	0	2050	2050
IEAVAD0A	comment-only	0	2850	2850
IEAVAD0B	comment-only	0	4229	4229
IEAVAD0C	comment-only	0	2061	2061
IEAVAD0D	comment-only	0	4107	4107
IEAVAD0E	comment-only	0	3531	3531
IEAVAD0F	comment-only	0	1201	1201
IEAVAD10	comment-only	0	1729	1729
IEAVAD11	identical	0	463	463
IEAVAD31	identical	0	257	257
IEAVAD51	identical	0	495	495
IEAVAD71	identical	0	965	965
IEAVADFM	identical	0	50	50
IEAVADUS	identical	0	75	75
IEAVAMSI	code	32	3004	4950
IEAVAP00	code	44	6645	9277
IEAVAR00	comment-only	0	5090	5090
IEAVAR01	comment-only	0	1187	1187
IEAVAR02	code	352	1948	4796
IEAVAR03	comment-only	0	3487	3487
IEAVAR04	comment-only	0	3662	3662
IEAVAR05	comment-only	0	2423	2423
IEAVAR06	comment-only	0	2835	2835
IEAVAR07	comment-only	0	1929	1929
IEAVAX00	comment-only	0	3750	3750
IEAVBLDP	identical	0	656	656
IEAVCARR	code	70	545	2017
IEAVCKEY	comment-only	0	800	805
IEAVCKRR	code	7	204	999
IEAVCSEG	code	15	1060	2622
IEAVDELP	code	97	520	527
IEAVDLAS	code	34	711	2592
IEAVDSEG	code	5	326	1583
IEAVEAC0	code	15	1399	3001
IEAVEADV	comment-only	0	259	267
IEAVEAT0	comment-only	0	8910	8910
IEAVECBV	code	11	790	2474
IEAVECH0	code	93	1621	1659
IEAVEDR	comment-only	0	593	612
IEAVEDS0	comment-only	0	4070	4119
IEAVEDSR	comment-only	0	713	713
IEAVEE1R	identical	0	221	221
IEAVEE2R	identical	0	226	226
IEAVEE3R	identical	0	205	205
IEAVEED0	code	101	1489	1507
IEAVEEE0	code	11	1025	3235
IEAVEEE2	comment-only	0	3780	5390
IEAVEEEP	code	119	212	665
IEAVEEER	code	4	698	2192
IEAVEES	comment-only	0	376	392
IEAVEEXP	code	108	726	754
IEAVEEXT	comment-only	0	745	780
IEAVEF00	comment-only	0	269	2247
IEAVEIO	code	38	567	588
IEAVEIOR	identical	0	189	189
IEAVEIPR	comment-only	0	219	225
IEAVELCR	comment-only	0	413	422
IEAVELIT	identical	0	437	437
IEAVELK	comment-only	0	3530	3664
IEAVELKR	comment-only	0	1111	1128
IEAVEMCR	comment-only	0	2765	2765
IEAVEMDL	comment-only	0	2242	2242
IEAVEMIN	comment-only	0	3049	3049
IEAVEMRQ	comment-only	0	3194	3194
IEAVEMS0	comment-only	0	631	631
IEAVENQ1	comment-only	0	4108	4116
IEAVEOR	code	13	1515	3462
IEAVEPC	comment-only	0	2298	2349
IEAVEPCR	code	35	315	329
IEAVEPD0	code	438	1195	3256
IEAVEPDR	code	5	574	1908
IEAVEQR	code	18	4014	6057
IEAVEQV0	code	12	2325	2460
IEAVERER	comment-only	0	206	207
IEAVERES	comment-only	0	435	436
IEAVERI	comment-only	0	472	499
IEAVERP	comment-only	0	342	369
IEAVESC0	comment-only	0	732	747
IEAVESCR	code	4	554	2185
IEAVESPR	code	14	928	2565
IEAVESVC	comment-only	0	1803	1837
IEAVESVR	comment-only	0	269	271
IEAVETCL	comment-only	0	1044	1046
IEAVEUPC	identical	0	109	109
IEAVEVAL	identical	0	529	529
IEAVEVRR	code	6	576	2090
IEAVEVT0	code	11	1541	3969
IEAVEXS	code	53	342	357
IEAVFP	identical	0	446	446
IEAVFRCL	identical	0	523	523
IEAVFREE	code	18	1009	2528
IEAVFXLD	code	23	1568	3719
IEAVGCAS	code	831	1305	3169
IEAVGFA	code	41	5142	7179
IEAVGFRR	code	187	2383	4741
IEAVGM00	comment-only	0	6101	6265
IEAVGPRR	code	804	1595	3836
IEAVGTCL	identical	0	459	459
IEAVID00	comment-only	0	1552	1555
IEAVINV	code	5	435	2145
IEAVIOCP	code	7	1526	3487
IEAVITAS	code	7	726	2222
IEAVLK00	comment-only	0	3526	3589
IEAVLK01	comment-only	0	2563	2605
IEAVLK02	comment-only	0	1362	1393
IEAVLK03	comment-only	0	804	814
IEAVMASV	comment-only	0	2188	2188
IEAVMDOM	comment-only	0	4600	4600
IEAVMDSV	identical	0	1721	1721
IEAVMED2	comment-only	0	4325	4325
IEAVMFRR	comment-only	0	3149	3149
IEAVMNTR	comment-only	0	2998	2998
IEAVMODE	identical	0	262	262
IEAVMQR0	comment-only	0	1884	1884
IEAVMQWR	identical	0	690	690
IEAVMSGS	identical	0	31	31
IEAVMWSV	identical	0	1146	1146
IEAVMWTL	identical	0	167	167
IEAVMWTO	identical	0	2495	2495
IEAVNIP0	code	59	14526	18750
IEAVNIPM	code	42	6219	10498
IEAVNIPX	code	50	3307	6263
IEAVNP01	code	23	925	2743
IEAVNP02	code	30	2728	5408
IEAVNP03	code	91	7171	8965
IEAVNP05	code	2708	17860	20661
IEAVNP07	code	400	574	2283
IEAVNP08	code	35	2315	3991
IEAVNP09	code	159	494	1426
IEAVNP10	code	18	2878	5755
IEAVNP11	code	1749	3052	5571
IEAVNP12	code	647	2110	4322
IEAVNP13	code	35	3015	4581
IEAVNP16	code	25	1211	2882
IEAVNP17	code	73	514	2012
IEAVNP19	code	19	2933	4966
IEAVNP1A	code	21	5822	10168
IEAVNP1B	comment-only	0	142	970
IEAVNPA1	code	41	5318	7108
IEAVNPA5	code	18	2444	3702
IEAVNPA6	code	4	385	1852
IEAVNPB5	code	5	404	1740
IEAVNPB6	identical	0	27	27
IEAVNPM2	code	64	4743	6960
IEAVNPM3	code	43	3812	5839
IEAVNPS5	code	6	662	1636
IEAVOUT	code	23	1220	3029
IEAVPCB	code	8	1469	3098
IEAVPFTE	code	28	1519	3170
IEAVPIOI	code	32	629	2390
IEAVPIOP	code	54	2522	4151
IEAVPIX	comment-only	0	580	2301
IEAVPREF	code	10	981	2675
IEAVPRSB	code	4	597	2392
IEAVPRT0	comment-only	0	2006	2051
IEAVPSI	comment-only	0	2204	2240
IEAVRCF	code	35	2116	4175
IEAVRCV	code	95	1260	3469
IEAVRELS	code	28	2667	5042
IEAVRFR	code	13	1895	3704
IEAVRSM	identical	0	139	139
IEAVRT00	comment-only	0	4623	4623
IEAVRT01	code	1	2839	2839
IEAVRT02	comment-only	0	456	456
IEAVRTI0	code	836	3217	6322
IEAVRTI1	code	21	2560	5722
IEAVRTOD	code	3637	5797	7787
IEAVSETS	comment-only	0	1947	1965
IEAVSOUT	code	119	5368	7734
IEAVSQA	code	10	1370	3114
IEAVSTA0	comment-only	0	3989	3989
IEAVSTAA	identical	0	800	800
IEAVSWCH	comment-only	0	10796	10796
IEAVSWIN	code	25	3055	4843
IEAVSWPC	comment-only	0	512	2475
IEAVSY50	comment-only	0	2234	2250
IEAVTABD	comment-only	0	7640	7640
IEAVTABI	code	54	2802	4839
IEAVTACR	code	8	3218	5379
IEAVTADR	comment-only	0	373	373
IEAVTAS1	comment-only	0	5545	5545
IEAVTAS2	comment-only	0	3443	3443
IEAVTAS3	comment-only	0	5605	5605
IEAVTB00	identical	0	1097	1097
IEAVTCR1	code	4	675	2716
IEAVTERM	code	22	2403	4479
IEAVTEST	identical	0	280	280
IEAVTFHX	comment-only	0	1184	1184
IEAVTFMT	comment-only	0	6780	6780
IEAVTFRD	comment-only	0	1854	1854
IEAVTFRT	comment-only	0	581	581
IEAVTFSD	comment-only	0	689	689
IEAVTFTM	code	17	548	536
IEAVTGLB	comment-only	0	5639	5639
IEAVTJBN	comment-only	0	2137	2137
IEAVTLCL	comment-only	0	4667	4667
IEAVTMMT	comment-only	0	3002	3002
IEAVTMRM	comment-only	0	2075	2075
IEAVTMSI	comment-only	0	2038	2038
IEAVTMTC	comment-only	0	3482	3482
IEAVTMTR	identical	0	67	67
IEAVTPER	comment-only	0	1004	1005
IEAVTPMT	comment-only	0	2049	2049
IEAVTRCE	comment-only	0	961	970
IEAVTRER	code	9	2673	4270
IEAVTRET	comment-only	0	4642	4642
IEAVTRML	identical	0	83	83
IEAVTRT1	comment-only	0	1556	1571
IEAVTRT2	comment-only	0	6286	6286
IEAVTRTC	comment-only	0	6240	6240
IEAVTRTE	comment-only	0	4978	4978
IEAVTRTH	code	435	1464	3676
IEAVTRTM	code	23	5368	8493
IEAVTRTR	code	28	4137	6487
IEAVTRTS	code	486	5670	8497
IEAVTRV	identical	0	291	291
IEAVTSBP	code	5	1047	3604
IEAVTSDC	comment-only	0	6090	6090
IEAVTSDF	comment-only	0	2769	2769
IEAVTSDG	comment-only	0	4680	4680
IEAVTSDH	comment-only	0	6356	6356
IEAVTSDI	code	13	5633	7843
IEAVTSDL	comment-only	0	5065	5065
IEAVTSDO	comment-only	0	4931	4931
IEAVTSDR	comment-only	0	4308	4308
IEAVTSDT	comment-only	0	5099	5099
IEAVTSDU	identical	0	1654	1654
IEAVTSDW	comment-only	0	2352	2352
IEAVTSDX	code	10	4221	8598
IEAVTSIG	comment-only	0	1129	1129
IEAVTSKT	comment-only	0	3764	3764
IEAVTSL1	identical	0	746	746
IEAVTSL2	identical	0	792	792
IEAVTSLB	identical	0	701	701
IEAVTSLE	identical	0	163	163
IEAVTSLP	comment-only	0	6408	6408
IEAVTSLR	comment-only	0	3724	3724
IEAVTSLS	identical	0	874	874
IEAVTSSD	comment-only	0	6277	6277
IEAVTSSE	comment-only	0	5411	5411
IEAVVCRA	identical	0	465	465
IEAVVCRX	identical	0	203	203
IEAVVCTR	identical	0	456	456
IEAVVINT	comment-only	0	4663	4663
IEAVVRP1	comment-only	0	4006	4006
IEAVVRP2	comment-only	0	3030	3030
IEAVVWTO	code	1	7297	7297
IEAVXDOM	comment-only	0	3709	3709
IEAXPALL	identical	0	986	986
IEAXPDXR	identical	0	522	522
IEAXPSIM	identical	0	62	62
IEBASCAN	identical	0	1292	1292
IEBBAM	code	3	500	500
IEBBSCAN	identical	0	438	438
IEBCANAL	identical	0	542	542
IEBCCS02	identical	0	1180	1180
IEBCMAIN	identical	0	2072	2072
IEBCNVT	identical	0	305	305
IEBCOMPM	identical	0	265	265
IEBCONH2	identical	0	63	63
IEBCONP2	identical	0	57	57
IEBCONZ2	identical	0	54	54
IEBCQSAM	identical	0	373	373
IEBCRANL	comment-only	0	2775	2775
IEBCREAT	comment-only	0	2370	2370
IEBCROOT	identical	0	404	404
IEBCULET	identical	0	483	483
IEBDG	comment-only	0	2676	2676
IEBDGCUP	code	1	1032	1032
IEBDGMSG	comment-only	0	865	865
IEBDISKT	comment-only	0	10084	10084
IEBDRB	identical	0	397	397
IEBDRD	code	585	929	936
IEBDSCPY	code	1521	2075	2002
IEBDSU	identical	0	600	600
IEBDV1	code	1096	1440	1431
IEBDWR	code	508	944	864
IEBEDIT	identical	0	2425	2425
IEBEDIT2	identical	0	96	96
IEBFDANL	code	1	2244	2244
IEBFDTBL	code	1	1959	1959
IEBGEN03	identical	0	1173	1173
IEBGENR3	identical	0	1170	1170
IEBGENRT	identical	0	543	543
IEBGENS3	identical	0	1117	1117
IEBGMESG	identical	0	134	134
IEBGSCAN	identical	0	1249	1249
IEBIMAGE	comment-only	0	8748	8748
IEBIMSGS	comment-only	0	738	738
IEBIOE	code	708	970	963
IEBISAM	identical	0	495	495
IEBISC	identical	0	411	411
IEBISCAN	comment-only	0	4365	4365
IEBISF	identical	0	219	219
IEBISL	identical	0	490	490
IEBISMES	identical	0	86	86
IEBISPL	identical	0	517	517
IEBISSI	identical	0	378	378
IEBISSO	identical	0	403	403
IEBISU	identical	0	266	266
IEBLDUL	code	471	1177	1146
IEBLENP2	identical	0	60	60
IEBMCM	code	203	320	336
IEBMOVE2	identical	0	47	47
IEBPPAL1	identical	0	1796	1796
IEBPPCH1	identical	0	2546	2546
IEBPPMSG	identical	0	87	87
IEBPPUN1	identical	0	643	643
IEBRSAM	code	320	701	673
IEBSCN	code	878	1452	1445
IEBTCR02	identical	0	180	180
IEBTCR03	identical	0	877	877
IEBTCR04	comment-only	0	1902	1902
IEBTCR05	identical	0	1823	1823
IEBTCRIN	identical	0	1722	1722
IEBUPDT2	identical	0	1894	1894
IEBUPDTE	code	2	284	284
IEBUPLOG	identical	0	837	837
IEBUPNIT	identical	0	498	498
IEBUPXIT	code	2	696	696
IEBVCT	identical	0	278	278
IEBVDM	code	254	597	594
IEBVMS	code	3	613	613
IEBVTM	code	700	872	840
IEBVTT	code	213	412	461
IEBWSAM	code	361	780	780
IEBWSU	code	699	1153	1194
IECBBFB1	identical	0	61	61
IECDAFMT	comment-only	0	5091	5091
IECDAFT1	comment-only	0	4691	4691
IECIHIO	code	2	930	960
IECIOFMT	comment-only	0	4279	4279
IECIOFT1	comment-only	0	2347	2347
IECIOSAM	comment-only	0	9741	9973
IECLMSGC	comment-only	0	2373	2373
IECLMSGD	comment-only	0	2525	2525
IECLMSGG	comment-only	0	2243	2243
IECLMSGM	comment-only	0	2244	2244
IECLMSGT	comment-only	0	2522	2522
IECLMSGU	comment-only	0	2516	2516
IECQBFG1	identical	0	140	140
IECTATEN	comment-only	0	432	463
IECTATTN	identical	0	65	65
IECTCATN	comment-only	0	244	246
IECTCHGN	identical	0	178	178
IECTEDIT	code	1	732	732
IECTLERP	identical	0	159	159
IECTLOPN	identical	0	362	362
IECTONLT	identical	0	183	183
IECTSCAN	comment-only	0	3632	3632
IECTSVC	comment-only	0	592	636
IECTTRNS	identical	0	104	104
IECVBRSV	code	4	881	2801
IECVCINT	comment-only	0	4728	4728
IECVCRHH	identical	0	859	859
IECVDAVV	comment-only	0	1154	1190
IECVDDT0	comment-only	0	506	508
IECVDDT1	identical	0	78	78
IECVDERP	code	79	4010	5663
IECVDURP	identical	0	536	536
IECVERPL	code	5	858	3217
IECVESIO	code	21	1766	4096
IECVEXCP	comment-only	0	3500	3597
IECVEXPR	code	1	1976	2046
IECVGENA	comment-only	0	2317	2375
IECVHDET	code	130	464	2829
IECVHIDT	identical	0	2	2
IECVHREC	code	2165	4069	6834
IECVIOPM	comment-only	0	4388	4388
IECVIRST	code	13	4276	6432
IECVITRP	comment-only	0	147	154
IECVMAP	comment-only	0	383	398
IECVOID	identical	0	4	4
IECVOTBL	comment-only	0	704	708
IECVPST	code	2	1797	2165
IECVPURG	comment-only	0	372	382
IECVRDIO	code	4	2042	4333
IECVRRSV	code	5	2261	4322
IECVRSTI	code	40	3607	7053
IECVSMGR	code	820	2324	2416
IECVTCCW	code	10	1567	1737
IECVURDT	identical	0	629	629
IECVURSV	identical	0	243	243
IECVXDAS	comment-only	0	398	399
IECVXDAT	identical	0	181	181
IECVXDAU	identical	0	104	104
IECVXDRS	identical	0	529	529
IECVXDRT	identical	0	212	212
IECVXGRT	identical	0	101	101
IECVXMGN	identical	0	106	106
IECVXPRE	identical	0	155	155
IECVXSKE	comment-only	0	126	132
IECVXSKN	comment-only	0	175	176
IECVXSKS	comment-only	0	533	536
IECVXT2S	sequence-only	0	244	244
IECVXT3S	comment-only	0	227	228
IECVXTAT	comment-only	0	132	134
IECVXTPT	identical	0	73	73
IECVXURS	comment-only	0	121	122
IECVXURT	comment-only	0	147	149
IECVXVRS	identical	0	453	453
IECVXVRT	identical	0	255	255
IECVXVRU	sequence-only	0	113	113
IED1303D	identical	0	232	232
IEDAY1	identical	0	1905	1905
IEDAY2	identical	0	97	97
IEDAY3	identical	0	123	123
IEDAY8	identical	0	326	326
IEDAY88	identical	0	523	523
IEDAYA	identical	0	508	508
IEDAYAA	comment-only	0	875	876
IEDAYAB	identical	0	88	88
IEDAYBX	comment-only	0	1410	1410
IEDAYC	identical	0	888	888
IEDAYD	identical	0	203	203
IEDAYE	identical	0	488	488
IEDAYF	identical	0	343	343
IEDAYGP	identical	0	1666	1666
IEDAYH	identical	0	897	897
IEDAYHH	identical	0	253	253
IEDAYI	identical	0	1454	1454
IEDAYII	identical	0	1448	1448
IEDAYJ	comment-only	0	6349	6349
IEDAYL	identical	0	1128	1128
IEDAYLL	identical	0	584	584
IEDAYM	identical	0	1651	1651
IEDAYN	identical	0	962	962
IEDAYO	identical	0	1960	1960
IEDAYOO	identical	0	1339	1339
IEDAYP	identical	0	365	365
IEDAYQ	identical	0	2144	2144
IEDAYQT	identical	0	703	703
IEDAYS	identical	0	1124	1124
IEDAYT	identical	0	273	273
IEDAYV	identical	0	1326	1326
IEDAYW	identical	0	1734	1734
IEDAYX	identical	0	98	98
IEDAYY	identical	0	150	150
IEDAYZ	identical	0	1698	1698
IEDAYZZ	identical	0	192	192
IEDBITN	identical	0	4	4
IEDBSM	comment-only	0	1754	1754
IEDCMIN	comment-only	0	1875	1875
IEDCMOUT	comment-only	0	1647	1647
IEDCSA	comment-only	0	412	412
IEDCSCIN	comment-only	0	2049	2049
IEDDFOUT	comment-only	0	2780	2780
IEDDVAS	comment-only	0	2562	2562
IEDFSSTB	identical	0	3	3
IEDIAA	identical	0	597	597
IEDIAB	comment-only	0	3447	3447
IEDIAH	comment-only	0	2368	2368
IEDIAM	comment-only	0	3200	3200
IEDIAP	comment-only	0	2873	2873
IEDIAQ	comment-only	0	3805	3805
IEDIAR	comment-only	0	2093	2093
IEDIAS	comment-only	0	1199	1199
IEDIAU	identical	0	29	29
IEDKHISC	identical	0	1246	1246
IEDLUS	comment-only	0	6145	6145
IEDMVBFR	identical	0	1825	1825
IEDN25	identical	0	87	87
IEDNCU	comment-only	0	3746	3746
IEDNCU2	comment-only	0	3758	3758
IEDNGD	comment-only	0	3844	3844
IEDNID	comment-only	0	1258	1258
IEDNKA	comment-only	0	3927	3927
IEDNLT	comment-only	0	1402	1402
IEDNMG	identical	0	119	119
IEDNSL	comment-only	0	6133	6133
IEDNTR	comment-only	0	1096	1096
IEDOPTN	comment-only	0	1485	1485
IEDPCIN	comment-only	0	2658	2658
IEDPCOUT	comment-only	0	1518	1518
IEDPMD	comment-only	0	1319	1319
IEDQ10	identical	0	42	42
IEDQ11	identical	0	42	42
IEDQ12	identical	0	42	42
IEDQ13	identical	0	42	42
IEDQ14	identical	0	45	45
IEDQ16	identical	0	42	42
IEDQ17	identical	0	42	42
IEDQ18	identical	0	42	42
IEDQ19	identical	0	42	42
IEDQ20	identical	0	59	59
IEDQ21	identical	0	42	42
IEDQ22	identical	0	42	42
IEDQ23	identical	0	42	42
IEDQ24	identical	0	42	42
IEDQ25	identical	0	7	7
IEDQ26	identical	0	41	41
IEDQ27	identical	0	42	42
IEDQ28	identical	0	41	41
IEDQA0	identical	0	271	271
IEDQA1	identical	0	324	324
IEDQA2	identical	0	302	302
IEDQA3	identical	0	337	337
IEDQA4	comment-only	0	678	678
IEDQA5	identical	0	926	926
IEDQA6	identical	0	531	531
IEDQA7	identical	0	147	147
IEDQA8	identical	0	378	378
IEDQA9	identical	0	235	235
IEDQAA	identical	0	1320	1320
IEDQAB	identical	0	101	101
IEDQAC	identical	0	267	267
IEDQAD	identical	0	173	173
IEDQAE	identical	0	328	328
IEDQAF	identical	0	589	589
IEDQAG	identical	0	196	196
IEDQAH	identical	0	264	264
IEDQAI	identical	0	664	664
IEDQAJ	identical	0	523	523
IEDQAK	identical	0	1084	1084
IEDQAL	identical	0	157	157
IEDQAM	identical	0	383	383
IEDQAN	comment-only	0	1078	1078
IEDQAO	identical	0	280	280
IEDQAP	identical	0	722	722
IEDQAQ	identical	0	221	221
IEDQAR	identical	0	124	124
IEDQAS	identical	0	931	931
IEDQAT	identical	0	477	477
IEDQATTN	comment-only	0	137	142
IEDQAU	identical	0	641	641
IEDQAV	identical	0	240	240
IEDQAW	identical	0	429	429
IEDQAX	comment-only	0	233	379
IEDQAY	comment-only	0	719	719
IEDQAZ	identical	0	623	623
IEDQB1	identical	0	145	145
IEDQB2	identical	0	160	160
IEDQB3	identical	0	306	306
IEDQB4	identical	0	228	228
IEDQB7	identical	0	232	232
IEDQBA	identical	0	452	452
IEDQBB	identical	0	117	117
IEDQBC	identical	0	239	239
IEDQBD	comment-only	0	912	912
IEDQBE	identical	0	219	219
IEDQBF	identical	0	144	144
IEDQBG	identical	0	220	220
IEDQBH	identical	0	462	462
IEDQBI	identical	0	1460	1460
IEDQBJ	identical	0	211	211
IEDQBL	identical	0	576	576
IEDQBM	identical	0	627	627
IEDQBN	identical	0	334	334
IEDQBO	identical	0	1415	1415
IEDQBP	identical	0	340	340
IEDQBQ	identical	0	793	793
IEDQBR	identical	0	197	197
IEDQBS	identical	0	359	359
IEDQBT	identical	0	1212	1212
IEDQBU	identical	0	547	547
IEDQBUFF	identical	0	314	314
IEDQBV	identical	0	391	391
IEDQBX	identical	0	202	202
IEDQBY	comment-only	0	108	108
IEDQBZ	identical	0	342	342
IEDQCA	comment-only	0	2574	2574
IEDQDA	identical	0	148	148
IEDQE1	identical	0	150	150
IEDQE2	identical	0	147	147
IEDQE3	identical	0	134	134
IEDQE4	identical	0	137	137
IEDQE6	identical	0	97	97
IEDQE8	identical	0	260	260
IEDQEB	identical	0	2378	2378
IEDQEC	identical	0	1153	1153
IEDQES	identical	0	210	210
IEDQET	code	1	197	197
IEDQEU	identical	0	1702	1702
IEDQEW	comment-only	0	2187	2187
IEDQFA	identical	0	5	5
IEDQFA1	identical	0	5	5
IEDQFA2	identical	0	5	5
IEDQFE	identical	0	117	117
IEDQFE10	identical	0	276	276
IEDQFE20	identical	0	266	266
IEDQFE30	identical	0	543	543
IEDQFM	comment-only	0	3836	3836
IEDQFSC	identical	0	404	404
IEDQFW	identical	0	786	786
IEDQGA	identical	0	1552	1552
IEDQGH	identical	0	1292	1292
IEDQGP	identical	0	485	485
IEDQGQ	comment-only	0	816	826
IEDQGR	identical	0	150	150
IEDQGT	identical	0	776	776
IEDQHG	identical	0	773	773
IEDQHI	identical	0	507	507
IEDQHK	identical	0	973	973
IEDQHM	identical	0	5	5
IEDQHM1	identical	0	5	5
IEDQHM2	identical	0	5	5
IEDQIN	comment-only	0	1648	1648
IEDQKA	identical	0	5	5
IEDQKB	identical	0	5	5
IEDQKC	identical	0	5	5
IEDQKD	identical	0	5	5
IEDQKE	identical	0	5	5
IEDQNA	identical	0	145	145
IEDQNA2	identical	0	338	338
IEDQNB	identical	0	358	358
IEDQND	identical	0	1088	1088
IEDQNF	comment-only	0	682	685
IEDQNG	identical	0	213	213
IEDQNH	identical	0	257	257
IEDQNJ	identical	0	432	432
IEDQNK	identical	0	776	776
IEDQNM	identical	0	343	343
IEDQNO	identical	0	224	224
IEDQNP	identical	0	400	400
IEDQNQ	code	1	505	505
IEDQNR	identical	0	156	156
IEDQNS	identical	0	218	218
IEDQNT	comment-only	0	2185	2185
IEDQNU	comment-only	0	3373	3373
IEDQNV	comment-only	0	2337	2337
IEDQNW	comment-only	0	841	841
IEDQNX	identical	0	889	889
IEDQOA	comment-only	0	2716	2716
IEDQOB	code	1	1865	1865
IEDQOT01	identical	0	1196	1196
IEDQRS	comment-only	0	2778	2778
IEDQSBT	comment-only	0	622	622
IEDQTL	comment-only	0	170	170
IEDQUI	identical	0	238	238
IEDQW25	comment-only	0	3299	3299
IEDQW33	comment-only	0	3649	3649
IEDQW42	identical	0	436	436
IEDQW44	identical	0	499	499
IEDQW47	identical	0	498	498
IEDQWA	identical	0	1386	1386
IEDQWA1	comment-only	0	4911	4911
IEDQWAA	identical	0	221	221
IEDQWAB	identical	0	177	177
IEDQWAC	identical	0	1047	1047
IEDQWAJ	identical	0	836	836
IEDQWB	identical	0	1585	1585
IEDQWB1	identical	0	757	757
IEDQWB2	identical	0	1078	1078
IEDQWC	identical	0	1441	1441
IEDQWC1	identical	0	1316	1316
IEDQWC2	identical	0	1036	1036
IEDQWD	identical	0	1256	1256
IEDQWE	identical	0	1248	1248
IEDQWE2	identical	0	1399	1399
IEDQWEC	identical	0	372	372
IEDQWF	identical	0	147	147
IEDQWF1	identical	0	1074	1074
IEDQWH	identical	0	357	357
IEDQWI	identical	0	438	438
IEDQWI5U	identical	0	301	301
IEDQWI7	identical	0	202	202
IEDQWI8	identical	0	408	408
IEDQWI9	comment-only	0	891	894
IEDQWIA	comment-only	0	824	825
IEDQWID	code	1	505	505
IEDQWIE	comment-only	0	1140	1140
IEDQWJ	identical	0	1282	1282
IEDQWJ1	code	2	1063	1063
IEDQWJ2	identical	0	1239	1239
IEDQWK	identical	0	506	506
IEDQWL	identical	0	404	404
IEDQWL1	identical	0	384	384
IEDQWL2	identical	0	313	313
IEDQWL3	identical	0	497	497
IEDQWM2	identical	0	521	521
IEDQWN	identical	0	1562	1562
IEDQWO	comment-only	0	4390	4390
IEDQWP	identical	0	629	629
IEDQWP1	identical	0	550	550
IEDQWP2	identical	0	540	540
IEDQWQ	comment-only	0	704	705
IEDQWR	identical	0	593	593
IEDQWS	code	1	1079	1079
IEDQWX	identical	0	292	292
IEDQWY	identical	0	461	461
IEDQXA	identical	0	1130	1130
IEDQXB	comment-only	0	2764	2773
IEDQXC	code	2	1363	1363
IEDRQIN	comment-only	0	4078	4078
IEDRSPIN	comment-only	0	2602	2602
IEDSAC	comment-only	0	3993	3993
IEDSAI	comment-only	0	2841	2841
IEDSAO	comment-only	0	2106	2106
IEDSARI	comment-only	0	4068	4068
IEDSCLU	comment-only	0	3500	3500
IEDSCPDS	comment-only	0	1493	1493
IEDSCPRP	comment-only	0	1675	1675
IEDSCPRQ	comment-only	0	2047	2047
IEDSCPSS	identical	0	1590	1590
IEDSNS	identical	0	1026	1026
IEDTEDIT	code	1	736	736
IEDUNBND	comment-only	0	1646	1646
IEDUSSTB	identical	0	3	3
IEDXFMI	comment-only	0	521	521
IEDXFMO	comment-only	0	1728	1728
IEDXTREQ	identical	0	733	733
IEE0003D	comment-only	0	1635	1635
IEE00110	comment-only	0	1122	1122
IEE0303D	identical	0	699	699
IEE0403D	identical	0	1225	1225
IEE0503D	identical	0	777	777
IEE0603D	code	428	818	826
IEE0703D	identical	0	741	741
IEE0803D	identical	0	829	829
IEE10110	comment-only	0	426	426
IEE11110	comment-only	0	351	351
IEE12110	comment-only	0	357	357
IEE1403D	identical	0	600	600
IEE1603D	comment-only	0	645	645
IEE20110	identical	0	774	774
IEE21110	identical	0	522	522
IEE22110	identical	0	385	385
IEE2303D	identical	0	892	892
IEE23110	identical	0	673	673
IEE2903D	identical	0	1354	1354
IEE3103D	identical	0	751	751
IEE3203D	identical	0	611	611
IEE3303D	identical	0	641	641
IEE3503D	code	406	1024	1066
IEE3603D	identical	0	1315	1315
IEE3703D	identical	0	846	846
IEE40110	identical	0	437	437
IEE4103D	identical	0	544	544
IEE4203D	identical	0	795	795
IEE4303D	identical	0	600	600
IEE4403D	identical	0	782	782
IEE4603D	identical	0	987	987
IEE4703D	identical	0	555	555
IEE4803D	identical	0	667	667
IEE4903D	identical	0	1171	1171
IEE5103D	identical	0	659	659
IEE5403D	code	3	553	553
IEE5503D	identical	0	1053	1053
IEE5603D	identical	0	935	935
IEE5703D	identical	0	695	695
IEE5903D	identical	0	661	661
IEE6303D	identical	0	1210	1210
IEE6403D	identical	0	916	916
IEE6503D	code	1888	1449	2744
IEE6603D	comment-only	0	1875	1875
IEE6703D	identical	0	1408	1408
IEE6803D	identical	0	768	768
IEE6903D	identical	0	1125	1125
IEE70110	comment-only	0	487	487
IEE7103D	identical	0	708	708
IEE7203D	identical	0	622	622
IEE7303D	identical	0	662	662
IEE7503D	comment-only	0	2337	2337
IEE7703D	identical	0	579	579
IEE7803D	identical	0	563	563
IEE8603D	comment-only	0	2110	2110
IEE8B03D	comment-only	0	6023	6023
IEE90110	identical	0	207	207
IEE9403D	comment-only	0	1726	1726
IEEAB400	comment-only	0	879	879
IEEAB401	comment-only	0	2123	2123
IEEBASEC	identical	0	24	24
IEEC2740	identical	0	1777	1777
IEECB800	comment-only	0	6484	6484
IEECB801	comment-only	0	615	615
IEECB806	comment-only	0	3378	3378
IEECB860	comment-only	0	1064	1064
IEECB866	comment-only	0	5024	5024
IEECB900	comment-only	0	2304	2304
IEECB901	comment-only	0	1543	1543
IEECB904	comment-only	0	1334	1334
IEECB905	comment-only	0	9296	9296
IEECB906	comment-only	0	2126	2126
IEECB907	comment-only	0	4397	4397
IEECB908	comment-only	0	850	850
IEECB909	comment-only	0	11737	11737
IEECB910	comment-only	0	3620	3620
IEECB911	identical	0	301	301
IEECB912	comment-only	0	682	682
IEECB914	comment-only	0	2116	2116
IEECB915	comment-only	0	1892	1892
IEECLEAN	comment-only	0	7301	7301
IEECVET1	identical	0	854	854
IEECVET2	identical	0	378	378
IEECVET3	code	1	268	268
IEECVET4	code	1	585	585
IEECVET6	code	1	424	424
IEECVET7	code	1	380	380
IEECVET8	code	1	456	456
IEECVET9	code	1	448	448
IEECVETA	identical	0	485	485
IEECVETC	identical	0	435	435
IEECVETD	identical	0	354	354
IEECVETE	identical	0	326	326
IEECVETF	identical	0	457	457
IEECVETG	identical	0	419	419
IEECVETH	identical	0	480	480
IEECVETJ	identical	0	567	567
IEECVETK	identical	0	380	380
IEECVETP	identical	0	551	551
IEECVETQ	identical	0	584	584
IEECVETR	identical	0	468	468
IEECVETU	identical	0	627	627
IEECVETV	identical	0	517	517
IEECVETW	identical	0	635	635
IEECVFT1	identical	0	266	266
IEECVFT2	code	1	586	586
IEECVFTA	identical	0	578	578
IEECVFTB	identical	0	617	617
IEECVFTD	identical	0	231	231
IEECVFTG	identical	0	599	599
IEECVFTL	code	1	473	473
IEECVFTM	identical	0	620	620
IEECVFTN	identical	0	485	485
IEECVFTO	identical	0	783	783
IEECVFTP	identical	0	535	535
IEECVFTQ	identical	0	794	794
IEECVFTR	identical	0	247	247
IEECVFTT	identical	0	307	307
IEECVGCI	identical	0	516	516
IEECVXIT	identical	0	11	11
IEEDISPD	comment-only	0	2693	2693
IEEMB803	comment-only	0	4357	4357
IEEMB804	comment-only	0	3433	3433
IEEMB805	comment-only	0	2147	2147
IEEMB806	comment-only	0	2517	2517
IEEMB807	identical	0	229	229
IEEMB808	comment-only	0	1764	1764
IEEMB809	comment-only	0	3233	3233
IEEMB810	comment-only	0	1926	1926
IEEMB811	comment-only	0	618	618
IEEMB812	comment-only	0	3144	3144
IEEMB813	comment-only	0	2175	2175
IEEMB814	comment-only	0	513	513
IEEMB815	comment-only	0	4967	4967
IEEMB816	comment-only	0	4197	4197
IEEMB820	comment-only	0	1313	1313
IEEMB821	code	2	2866	2866
IEEMB822	comment-only	0	1690	1690
IEEMB823	comment-only	0	2476	2476
IEEMB824	identical	0	209	209
IEEMB825	comment-only	0	1676	1676
IEEMB826	identical	0	53	53
IEEMB827	comment-only	0	1607	1607
IEEMB828	identical	0	84	84
IEEMB829	comment-only	0	4198	4198
IEEMB830	comment-only	0	3175	3175
IEEMB860	comment-only	0	3749	3749
IEEMB876	identical	0	44	44
IEEMB877	identical	0	142	142
IEEMB878	code	164	770	930
IEEMB879	identical	0	2234	2234
IEEMB880	identical	0	2314	2314
IEEMPDEV	comment-only	0	7440	7440
IEEMPDM	comment-only	0	7774	7807
IEEMPS03	comment-only	0	3904	3904
IEEMPVST	comment-only	0	8087	8087
IEEPALTR	identical	0	181	181
IEEPRTN2	comment-only	0	1891	1891
IEEPRWI2	comment-only	0	1779	1779
IEESA03D	code	2	541	541
IEESB03D	identical	0	311	311
IEESB601	comment-only	0	2051	2051
IEESB605	comment-only	0	3114	3114
IEESB606	identical	0	1922	1922
IEESB665	comment-only	0	2220	2220
IEESB670	comment-only	0	2025	2025
IEESC03D	identical	0	269	269
IEESD03D	identical	0	863	863
IEESE03D	identical	0	543	543
IEESF03D	code	1	713	713
IEESG03D	identical	0	435	435
IEESH03D	identical	0	307	307
IEESI03D	identical	0	786	786
IEESJ03D	identical	0	685	685
IEESK03D	identical	0	529	529
IEESL03D	identical	0	432	432
IEESM03D	identical	0	670	670
IEESN03D	identical	0	805	805
IEESO03D	identical	0	157	157
IEESP03D	identical	0	317	317
IEESQ03D	identical	0	296	296
IEESR03D	identical	0	469	469
IEESS03D	identical	0	245	245
IEESTPRS	code	6	2150	4258
IEESZ03D	identical	0	459	459
IEEVALST	identical	0	296	296
IEEVCPU	comment-only	0	13157	13157
IEEVDCCR	code	31	5858	8609
IEEVDEV	comment-only	0	2303	2939
IEEVDUMY	identical	0	2045	2045
IEEVDUS1	comment-only	0	2361	2363
IEEVEXSN	comment-only	0	1022	2879
IEEVIPL	identical	0	892	892
IEEVJCL	identical	0	466	466
IEEVLDWT	code	7	1071	2892
IEEVMNT1	identical	0	618	618
IEEVMNT2	comment-only	0	2320	2320
IEEVPTH	comment-only	0	6824	6824
IEEVSDIO	code	1	769	769
IEEVSEND	comment-only	0	1784	1784
IEEVSMSG	identical	0	379	379
IEEVSND2	comment-only	0	728	728
IEEVSND3	comment-only	0	945	945
IEEVSND4	code	1	1442	1442
IEEVSND5	identical	0	411	411
IEEVSND6	comment-only	0	1840	1840
IEEVSND8	identical	0	774	774
IEEVSND9	identical	0	293	293
IEEVSTAR	identical	0	1627	1627
IEEVSTOP	comment-only	0	114	1111
IEEVWAIT	identical	0	1575	1575
IEEVWKUP	comment-only	0	2684	2684
IEEXEDNA	comment-only	0	5471	5471
IEEZA03D	identical	0	793	793
IEEZB03D	identical	0	593	593
IEEZC03D	identical	0	653	653
IEEZJ03D	identical	0	455	455
IEEZP03D	identical	0	229	229
IEEZS03D	identical	0	611	611
IEFAB421	comment-only	0	6757	6757
IEFAB422	comment-only	0	2819	2819
IEFAB423	comment-only	0	2501	2501
IEFAB424	comment-only	0	2829	2829
IEFAB425	comment-only	0	1592	1592
IEFAB426	comment-only	0	988	988
IEFAB427	comment-only	0	3494	3494
IEFAB428	comment-only	0	2632	2632
IEFAB430	comment-only	0	1643	1643
IEFAB431	comment-only	0	1332	1332
IEFAB432	comment-only	0	1976	1976
IEFAB433	comment-only	0	1926	1926
IEFAB434	comment-only	0	3688	3688
IEFAB435	comment-only	0	4325	4325
IEFAB436	comment-only	0	3298	3298
IEFAB438	comment-only	0	211	1190
IEFAB440	comment-only	0	721	721
IEFAB441	comment-only	0	2450	2450
IEFAB442	comment-only	0	861	861
IEFAB445	identical	0	48	48
IEFAB451	comment-only	0	2774	2774
IEFAB452	comment-only	0	1383	1383
IEFAB453	comment-only	0	1277	1277
IEFAB454	comment-only	0	986	986
IEFAB455	comment-only	0	1178	1178
IEFAB456	comment-only	0	1137	1137
IEFAB457	comment-only	0	3749	3749
IEFAB458	comment-only	0	1346	1346
IEFAB459	comment-only	0	3544	3544
IEFAB461	comment-only	0	1826	1826
IEFAB463	comment-only	0	420	420
IEFAB464	comment-only	0	2951	2951
IEFAB466	comment-only	0	1373	1373
IEFAB469	comment-only	0	2212	2212
IEFAB470	comment-only	0	855	855
IEFAB471	comment-only	0	3555	3555
IEFAB472	comment-only	0	3621	3621
IEFAB473	comment-only	0	2583	2583
IEFAB474	comment-only	0	1338	1338
IEFAB475	comment-only	0	2180	2180
IEFAB476	comment-only	0	535	535
IEFAB477	comment-only	0	2932	2932
IEFAB478	comment-only	0	3618	3618
IEFAB479	comment-only	0	2699	2699
IEFAB480	comment-only	0	3465	3465
IEFAB481	identical	0	489	489
IEFAB485	comment-only	0	3103	3103
IEFAB486	comment-only	0	3311	3311
IEFAB487	comment-only	0	2522	2522
IEFAB488	comment-only	0	4417	4417
IEFAB489	comment-only	0	3962	3962
IEFAB48A	comment-only	0	3076	3076
IEFAB490	comment-only	0	6042	6042
IEFAB491	comment-only	0	2264	2264
IEFAB492	comment-only	0	3899	3899
IEFAB493	comment-only	0	1539	1539
IEFAB494	comment-only	0	3784	3784
IEFAB495	comment-only	0	3944	3944
IEFAB496	comment-only	0	1835	1835
IEFAB498	comment-only	0	1440	1440
IEFAB499	comment-only	0	1471	1471
IEFAB49A	comment-only	0	2175	2175
IEFAB49B	comment-only	0	2778	2778
IEFAB49C	comment-only	0	525	525
IEFAB4A0	comment-only	0	4502	4502
IEFAB4A2	comment-only	0	5273	5273
IEFAB4A3	comment-only	0	2226	2226
IEFAB4A4	comment-only	0	3516	3516
IEFAB4A6	comment-only	0	1424	1424
IEFAB4A8	comment-only	0	1788	1788
IEFAB4B0	comment-only	0	597	597
IEFAB4B2	comment-only	0	860	860
IEFAB4DC	comment-only	0	2903	2903
IEFAB4DD	comment-only	0	2666	2666
IEFAB4DE	comment-only	0	2287	2287
IEFAB4E0	comment-only	0	1527	1527
IEFAB4E1	comment-only	0	1205	1205
IEFAB4E2	comment-only	0	646	646
IEFAB4E3	identical	0	55	55
IEFAB4E4	comment-only	0	805	805
IEFAB4E5	comment-only	0	2186	2186
IEFAB4E6	comment-only	0	895	895
IEFAB4E7	identical	0	165	165
IEFAB4E8	comment-only	0	1936	1936
IEFAB4E9	comment-only	0	687	687
IEFAB4EA	comment-only	0	1272	1272
IEFAB4EB	comment-only	0	203	203
IEFAB4EC	comment-only	0	2529	2529
IEFAB4ED	comment-only	0	3058	3058
IEFAB4EE	comment-only	0	1226	1226
IEFAB4EF	comment-only	0	1142	1142
IEFAB4F0	comment-only	0	369	369
IEFAB4F1	comment-only	0	112	112
IEFAB4F2	comment-only	0	1694	1694
IEFAB4F3	comment-only	0	200	200
IEFAB4F4	comment-only	0	2363	2363
IEFAB4F5	comment-only	0	2095	2095
IEFAB4F6	comment-only	0	412	412
IEFAB4F7	comment-only	0	1067	1067
IEFAB4F8	identical	0	2417	2417
IEFAB4F9	identical	0	1026	1026
IEFAB4FA	comment-only	0	4817	4817
IEFAB4FC	comment-only	0	2578	2578
IEFAB4FD	identical	0	309	309
IEFAB4FE	comment-only	0	1603	1603
IEFAB4FF	comment-only	0	1044	1044
IEFAB4M4	identical	0	132	132
IEFAB4M5	identical	0	70	70
IEFAB4M6	identical	0	236	236
IEFAB4M7	identical	0	91	91
IEFAB4M9	identical	0	270	270
IEFAB4SF	identical	0	912	912
IEFAB4UV	comment-only	0	2513	2513
IEFAB820	comment-only	0	1490	1490
IEFACT	identical	0	60	60
IEFACTRT	identical	0	5	5
IEFAQTOP	identical	0	10	10
IEFATECB	identical	0	42	42
IEFBB401	comment-only	0	4341	4341
IEFBB402	comment-only	0	1248	1248
IEFBB404	comment-only	0	1368	1368
IEFBB410	comment-only	0	5797	5797
IEFBB412	comment-only	0	392	392
IEFBB414	comment-only	0	1418	1418
IEFBB416	comment-only	0	4760	4760
IEFBB4M1	identical	0	67	67
IEFBB4M2	identical	0	343	343
IEFBB4M3	identical	0	1082	1082
IEFBB4M4	identical	0	166	166
IEFBB4M5	identical	0	73	73
IEFBR14	identical	0	5	5
IEFDB400	comment-only	0	3109	3109
IEFDB401	identical	0	38	38
IEFDB402	comment-only	0	943	943
IEFDB403	comment-only	0	675	675
IEFDB410	comment-only	0	4881	4881
IEFDB411	comment-only	0	2639	2639
IEFDB412	comment-only	0	4619	4619
IEFDB413	comment-only	0	5706	5706
IEFDB414	comment-only	0	5005	5005
IEFDB417	comment-only	0	977	977
IEFDB418	comment-only	0	3226	3226
IEFDB450	comment-only	0	1684	1684
IEFDB460	comment-only	0	1152	1152
IEFDB470	comment-only	0	2123	2123
IEFDB480	comment-only	0	1459	1459
IEFDB481	comment-only	0	935	935
IEFDB490	comment-only	0	1061	1061
IEFDB4A0	comment-only	0	3590	3590
IEFDB4A1	comment-only	0	4988	4988
IEFDB4D0	comment-only	0	5825	5825
IEFDB4F8	comment-only	0	2082	2082
IEFDB4F9	comment-only	0	3628	3628
IEFDB4FA	comment-only	0	721	721
IEFDB4FB	identical	0	797	797
IEFDB4FC	comment-only	0	256	256
IEFDB4FD	comment-only	0	523	523
IEFDB4FE	comment-only	0	1200	1200
IEFDB4FF	comment-only	0	557	557
IEFDPOST	comment-only	0	174	1204
IEFDSLST	comment-only	0	238	238
IEFDSTBL	comment-only	0	536	536
IEFEB400	code	1694	1176	2281
IEFEB4M1	identical	0	59	59
IEFI922B	identical	0	726	726
IEFIB600	comment-only	0	3725	3725
IEFIB605	comment-only	0	1430	1430
IEFIB620	comment-only	0	2261	2261
IEFIB621	comment-only	0	2474	2474
IEFIB645	comment-only	0	2710	2710
IEFIB650	identical	0	224	224
IEFIB660	comment-only	0	1174	1174
IEFICATL	comment-only	0	1437	1437
IEFICPUA	identical	0	109	109
IEFIIC	comment-only	0	2305	2305
IEFIMASK	identical	0	163	163
IEFIRECM	comment-only	0	1596	1596
IEFISEXR	comment-only	0	607	607
IEFJACTL	identical	0	420	420
IEFJCDLT	comment-only	0	183	183
IEFJCNTL	comment-only	0	2390	2390
IEFJDIRD	identical	0	232	232
IEFJDSNA	comment-only	0	1091	1091
IEFJDWRT	identical	0	233	233
IEFJESDM	code	22	24	50
IEFJJCLS	comment-only	0	202	202
IEFJJOBS	comment-only	0	384	384
IEFJJTRM	comment-only	0	865	865
IEFJRASP	comment-only	0	932	932
IEFJREAD	identical	0	357	357
IEFJRECM	comment-only	0	1536	1536
IEFJSDTN	comment-only	0	890	890
IEFJSINT	comment-only	0	1975	1975
IEFJSREQ	comment-only	0	1593	1593
IEFJSSNT	comment-only	0	174	174
IEFJSWT	comment-only	0	658	658
IEFJWRTE	comment-only	0	392	392
IEFJWTOM	comment-only	0	666	666
IEFNB901	comment-only	0	1292	1292
IEFNB902	comment-only	0	2918	2918
IEFNB903	identical	0	721	721
IEFNB9CR	comment-only	0	823	823
IEFNB9CT	comment-only	0	377	377
IEFNB9IR	comment-only	0	821	821
IEFNB9IT	comment-only	0	932	932
IEFQB550	comment-only	0	1580	1580
IEFQB555	comment-only	0	1708	1708
IEFQB580	comment-only	0	208	208
IEFQB585	identical	0	899	899
IEFRPREP	identical	0	542	542
IEFRSTRT	identical	0	31	31
IEFSCAN	identical	0	111	111
IEFSD087	identical	0	660	660
IEFSD088	identical	0	323	323
IEFSD089	identical	0	558	558
IEFSD094	identical	0	529	529
IEFSD095	identical	0	343	343
IEFSD101	identical	0	796	796
IEFSD102	comment-only	0	1151	1151
IEFSD103	identical	0	267	267
IEFSD160	comment-only	0	2454	2454
IEFSD161	comment-only	0	4412	4412
IEFSD162	identical	0	1503	1503
IEFSD164	identical	0	786	786
IEFSD166	comment-only	0	3164	3164
IEFSD263	identical	0	1632	1632
IEFSD87M	identical	0	27	27
IEFSD89M	identical	0	25	25
IEFSDTTE	identical	0	618	618
IEFSDXXX	identical	0	446	446
IEFSMFIE	identical	0	547	547
IEFTB720	identical	0	75	75
IEFTB721	comment-only	0	3494	3494
IEFTB722	comment-only	0	4092	4092
IEFTB723	identical	0	471	471
IEFU29	identical	0	57	57
IEFU83	identical	0	24	24
IEFUJI	identical	0	60	60
IEFUJP	identical	0	6	6
IEFUJV	identical	0	7	7
IEFUSI	identical	0	60	60
IEFUSO	identical	0	6	6
IEFUTL	identical	0	60	60
IEFVDA	code	1	6099	6099
IEFVDBSD	identical	0	279	279
IEFVEA	identical	0	3190	3190
IEFVFA	identical	0	3832	3832
IEFVFB	identical	0	1087	1087
IEFVGI	identical	0	214	214
IEFVGK	identical	0	345	345
IEFVGM	identical	0	643	643
IEFVGM1	identical	0	56	56
IEFVGM10	identical	0	56	56
IEFVGM11	identical	0	56	56
IEFVGM12	identical	0	56	56
IEFVGM13	identical	0	55	55
IEFVGM14	identical	0	48	48
IEFVGM15	identical	0	44	44
IEFVGM16	identical	0	48	48
IEFVGM17	identical	0	62	62
IEFVGM18	identical	0	35	35
IEFVGM19	identical	0	66	66
IEFVGM2	identical	0	64	64
IEFVGM3	identical	0	68	68
IEFVGM4	identical	0	61	61
IEFVGM5	identical	0	59	59
IEFVGM6	identical	0	60	60
IEFVGM67	identical	0	49	49
IEFVGM7	identical	0	62	62
IEFVGM70	identical	0	59	59
IEFVGM71	identical	0	125	125
IEFVGM76	identical	0	93	93
IEFVGM78	identical	0	53	53
IEFVGM8	identical	0	51	51
IEFVGM9	identical	0	50	50
IEFVGM90	identical	0	70	70
IEFVGS	identical	0	472	472
IEFVGT	comment-only	0	492	493
IEFVH1	identical	0	645	645
IEFVHA	identical	0	470	470
IEFVHC	identical	0	267	267
IEFVHCB	identical	0	933	933
IEFVHE	identical	0	456	456
IEFVHEB	identical	0	435	435
IEFVHF	identical	0	444	444
IEFVHH	identical	0	439	439
IEFVHL	identical	0	178	178
IEFVHM	identical	0	413	413
IEFVHN	identical	0	449	449
IEFVHQ	identical	0	202	202
IEFVHR	identical	0	190	190
IEFVINA	identical	0	951	951
IEFVINB	identical	0	171	171
IEFVINC	identical	0	459	459
IEFVIND	identical	0	335	335
IEFVINE	comment-only	0	211	211
IEFVJA	identical	0	1178	1178
IEFVSCAN	comment-only	0	3376	3376
IEFXB500	comment-only	0	3833	3833
IEFXB601	comment-only	0	6189	6189
IEFXB602	comment-only	0	1818	1818
IEFXB603	identical	0	99	99
IEFXB604	comment-only	0	2341	2341
IEFXB609	comment-only	0	11707	11707
IEFXB610	identical	0	188	188
IEFXVNSL	identical	0	74	74
IEHATLAS	identical	0	1398	1398
IEHDANAL	code	1641	2085	2078
IEHDAOUT	identical	0	382	382
IEHDASDR	identical	0	356	356
IEHDASDS	code	847	1541	1459
IEHDCONS	code	369	603	473
IEHDDATE	identical	0	151	151
IEHDDOIO	code	742	1238	1236
IEHDDUMP	code	944	1334	1331
IEHDEXCP	code	629	857	875
IEHDGETA	code	240	534	536
IEHDINIT	code	539	738	727
IEHDIPLI	code	590	736	741
IEHDLABL	code	360	462	453
IEHDMSGB	comment-only	0	93	94
IEHDMSGS	code	84	496	495
IEHDPASS	code	1135	1345	1123
IEHDPRNT	code	32	156	157
IEHDRCVR	code	629	892	836
IEHDREST	code	175	1129	1133
IEHDRVID	code	292	363	394
IEHDSCAN	code	5	979	980
IEHDVTOC	code	1184	1316	1202
IEHINITT	identical	0	1127	1127
IEHLIST1	code	3469	4042	4002
IEHLIST2	identical	0	539	539
IEHLIST3	identical	0	619	619
IEHMESS	identical	0	96	96
IEHMOVE	identical	0	315	315
IEHMVESA	identical	0	171	171
IEHMVESC	identical	0	1002	1002
IEHMVESH	identical	0	788	788
IEHMVESI	identical	0	248	248
IEHMVESJ	identical	0	726	726
IEHMVESK	identical	0	202	202
IEHMVESL	identical	0	573	573
IEHMVESM	identical	0	689	689
IEHMVESN	identical	0	679	679
IEHMVESO	identical	0	268	268
IEHMVESP	identical	0	449	449
IEHMVESQ	identical	0	666	666
IEHMVESR	identical	0	353	353
IEHMVEST	identical	0	839	839
IEHMVESU	identical	0	157	157
IEHMVETG	identical	0	1111	1111
IEHMVETJ	identical	0	977	977
IEHMVMRY	identical	0	205	205
IEHMVMRZ	identical	0	200	200
IEHMVMSN	identical	0	47	47
IEHMVMSQ	identical	0	57	57
IEHMVMSY	identical	0	187	187
IEHMVMTA	identical	0	178	178
IEHMVMTL	identical	0	66	66
IEHMVSRA	identical	0	637	637
IEHMVSRD	identical	0	624	624
IEHMVSRK	identical	0	411	411
IEHMVSRM	identical	0	173	173
IEHMVSRV	identical	0	1041	1041
IEHMVSRX	identical	0	1140	1140
IEHMVSRY	identical	0	277	277
IEHMVSRZ	identical	0	298	298
IEHMVSSF	identical	0	1730	1730
IEHMVSSS	identical	0	1410	1410
IEHMVSSV	identical	0	533	533
IEHMVSSX	identical	0	1464	1464
IEHMVSSY	identical	0	655	655
IEHMVSSZ	identical	0	683	683
IEHMVSTA	identical	0	761	761
IEHMVSTC	identical	0	550	550
IEHMVSTL	identical	0	883	883
IEHMVXSE	identical	0	990	990
IEHMVXSF	code	5	58	57
IEHPRNT	identical	0	291	291
IEHPROG1	code	1866	2416	2405
IEHPROG2	identical	0	1935	1935
IEHPROG3	identical	0	689	689
IEHPROG4	identical	0	457	457
IEHPROG5	identical	0	350	350
IEHSCAN	identical	0	660	660
IER8BN	identical	0	227	227
IER8BO	identical	0	371	371
IER8CI	identical	0	359	359
IER8CM	identical	0	724	724
IER8DJ	identical	0	110	110
IER8GB	identical	0	733	733
IER8GC	identical	0	597	597
IER8ON	identical	0	1413	1413
IER8PA	identical	0	526	526
IER8PM	identical	0	321	321
IER9BN	identical	0	260	260
IER9BO	identical	0	370	370
IER9DJ	identical	0	252	252
IER9GB	identical	0	823	823
IER9GC	identical	0	835	835
IER9GN	identical	0	581	581
IER9ON	identical	0	1609	1609
IER9PA	identical	0	765	765
IERABA	identical	0	331	331
IERABB	identical	0	276	276
IERABC	identical	0	283	283
IERABE	identical	0	361	361
IERABF	code	2	527	527
IERABG	identical	0	296	296
IERABH	identical	0	298	298
IERABI	identical	0	356	356
IERABJ	identical	0	334	334
IERABK	identical	0	387	387
IERABL	identical	0	183	183
IERABM	identical	0	318	318
IERABN	identical	0	246	246
IERABO	identical	0	364	364
IERABP	identical	0	184	184
IERABQ	identical	0	282	282
IERABR	identical	0	282	282
IERABS	identical	0	276	276
IERABT	identical	0	322	322
IERABU	identical	0	322	322
IERABV	identical	0	349	349
IERABW	identical	0	357	357
IERABX	identical	0	381	381
IERABY	identical	0	274	274
IERABZ	identical	0	289	289
IERADB	identical	0	293	293
IERADC	identical	0	297	297
IERADD	identical	0	466	466
IERADE	identical	0	475	475
IERADG	identical	0	319	319
IERADH	identical	0	301	301
IERADI	identical	0	259	259
IERADJ	identical	0	235	235
IERADL	identical	0	376	376
IERADM	identical	0	208	208
IERADP	identical	0	345	345
IERADQ	identical	0	339	339
IERADR	identical	0	529	529
IERADS	identical	0	587	587
IERADT	identical	0	420	420
IERADX	identical	0	258	258
IERAGA	identical	0	763	763
IERAGB	identical	0	806	806
IERAGC	identical	0	758	758
IERAGD	identical	0	740	740
IERAGE	identical	0	940	940
IERAGF	identical	0	245	245
IERAGG	identical	0	812	812
IERAGH	identical	0	312	312
IERAGI	identical	0	713	713
IERAGJ	identical	0	739	739
IERAGK	identical	0	799	799
IERAGL	identical	0	842	842
IERAGM	identical	0	825	825
IERAGN	identical	0	661	661
IERAGO	identical	0	658	658
IERAGP	identical	0	835	835
IERAM1	identical	0	55	55
IERAMA	identical	0	48	48
IERAMB	identical	0	55	55
IERAMC	identical	0	48	48
IERAO1	identical	0	405	405
IERAO2	identical	0	729	729
IERAO3	identical	0	434	434
IERAOA	identical	0	939	939
IERAOB	identical	0	903	903
IERAOC	identical	0	602	602
IERAOD	identical	0	642	642
IERAOE	identical	0	969	969
IERAOF	identical	0	925	925
IERAOG	identical	0	641	641
IERAOH	identical	0	680	680
IERAOI	identical	0	504	504
IERAOJ	identical	0	484	484
IERAOK	identical	0	550	550
IERAOL	identical	0	222	222
IERAOM	identical	0	1413	1413
IERAON	identical	0	1152	1152
IERAOO	identical	0	399	399
IERAOP	identical	0	885	885
IERAOQ	identical	0	976	976
IERAOR	identical	0	483	483
IERAOS	identical	0	539	539
IERAOT	identical	0	612	612
IERAOU	identical	0	617	617
IERAOV	identical	0	710	710
IERAOW	identical	0	890	890
IERAOX	identical	0	776	776
IERAOY	identical	0	560	560
IERAOZ	identical	0	525	525
IERAP1	identical	0	69	69
IERAP2	identical	0	78	78
IERAP3	identical	0	68	68
IERAPA	identical	0	757	757
IERAPB	identical	0	808	808
IERAPC	identical	0	306	306
IERAPD	identical	0	652	652
IERAPE	identical	0	704	704
IERAPF	identical	0	636	636
IERAPG	identical	0	527	527
IERAPH	identical	0	489	489
IERAPI	identical	0	431	431
IERAPJ	identical	0	359	359
IERAPK	identical	0	889	889
IERAPL	identical	0	723	723
IERAPN	identical	0	689	689
IERAPO	identical	0	624	624
IERBGA	code	1	4901	4901
IERBGB	identical	0	1415	1415
IERCHK	identical	0	188	188
IERDM4	identical	0	140	140
IEREX1	identical	0	153	153
IEREX2	identical	0	150	150
IEREX3	identical	0	154	154
IERRBA	identical	0	344	344
IERRBB	identical	0	245	245
IERRBC	identical	0	226	226
IERRBE	identical	0	344	344
IERRBF	code	2	455	455
IERRBG	identical	0	275	275
IERRBH	identical	0	282	282
IERRBI	identical	0	345	345
IERRBJ	identical	0	314	314
IERRBK	identical	0	396	396
IERRBL	identical	0	131	131
IERRBM	identical	0	316	316
IERRBN	identical	0	221	221
IERRBO	identical	0	366	366
IERRBP	identical	0	148	148
IERRBT	identical	0	282	282
IERRBU	identical	0	288	288
IERRBV	identical	0	350	350
IERRBW	identical	0	325	325
IERRBX	identical	0	401	401
IERRBY	identical	0	247	247
IERRBZ	identical	0	230	230
IERRC1	identical	0	177	177
IERRC2	identical	0	414	414
IERRC3	identical	0	57	57
IERRC4	identical	0	647	647
IERRC6	identical	0	928	928
IERRC7	identical	0	548	548
IERRC8	identical	0	619	619
IERRC9	identical	0	425	425
IERRCA	identical	0	648	648
IERRCB	identical	0	417	417
IERRCC	identical	0	649	649
IERRCD	identical	0	342	342
IERRCE	identical	0	711	711
IERRCF	identical	0	71	71
IERRCG	identical	0	453	453
IERRCH	identical	0	936	936
IERRCI	identical	0	1283	1283
IERRCJ	identical	0	684	684
IERRCK	identical	0	1481	1481
IERRCL	identical	0	555	555
IERRCM	identical	0	346	346
IERRCN	identical	0	356	356
IERRCO	identical	0	166	166
IERRCP	identical	0	427	427
IERRCQ	identical	0	64	64
IERRCR	code	1	4902	4902
IERRCS	code	1	4902	4902
IERRCT	identical	0	313	313
IERRCU	identical	0	161	161
IERRCV	identical	0	605	605
IERRCW	identical	0	65	65
IERRCX	identical	0	75	75
IERRCY	identical	0	67	67
IERRCZ	identical	0	447	447
IERRDB	identical	0	274	274
IERRDC	identical	0	288	288
IERRDD	identical	0	461	461
IERRDE	identical	0	436	436
IERRDG	identical	0	252	252
IERRDH	identical	0	202	202
IERRDI	identical	0	164	164
IERRDJ	identical	0	104	104
IERRDL	identical	0	249	249
IERRDP	identical	0	318	318
IERRDQ	identical	0	330	330
IERRDR	identical	0	529	529
IERRDS	identical	0	550	550
IERRDT	identical	0	356	356
IERRDX	identical	0	213	213
IERRGA	identical	0	134	134
IERRGB	identical	0	615	615
IERRGC	identical	0	584	584
IERRGD	identical	0	439	439
IERRGE	identical	0	515	515
IERRGF	identical	0	157	157
IERRGL	identical	0	671	671
IERRGM	identical	0	501	501
IERRGO	identical	0	514	514
IERRGP	identical	0	457	457
IERRMA	identical	0	52	52
IERRMB	identical	0	52	52
IERRMC	identical	0	49	49
IERRO3	identical	0	332	332
IERROA	identical	0	791	791
IERROB	identical	0	749	749
IERROC	identical	0	524	524
IERROD	identical	0	525	525
IERROE	identical	0	845	845
IERROF	identical	0	759	759
IERROG	identical	0	566	566
IERROH	identical	0	560	560
IERROI	identical	0	397	397
IERROJ	identical	0	400	400
IERROK	identical	0	463	463
IERRON	identical	0	1077	1077
IERROO	identical	0	341	341
IERROP	identical	0	810	810
IERROQ	identical	0	816	816
IERROR	identical	0	405	405
IERROS	identical	0	397	397
IERROT	identical	0	461	461
IERROU	identical	0	570	570
IERROV	identical	0	580	580
IERROW	identical	0	890	890
IERROX	identical	0	763	763
IERROY	identical	0	566	566
IERROZ	identical	0	520	520
IERRPA	identical	0	609	609
IERRPB	identical	0	557	557
IERRPC	identical	0	374	374
IERRPD	identical	0	517	517
IERRPE	identical	0	530	530
IERRPF	identical	0	304	304
IERRPG	identical	0	449	449
IERRPM	identical	0	290	290
IERRPN	identical	0	534	534
IERRPO	identical	0	471	471
IEWFETCH	comment-only	0	4095	4228
IEWFTMIN	identical	0	700	700
IEWSUOVR	comment-only	0	245	261
IEWSWOVR	comment-only	0	947	948
IEZDCODE	identical	0	321	321
IEZNCODE	comment-only	0	314	315
IFASMFDP	comment-only	0	938	984
IFBDCB01	identical	0	73	73
IFBDCB02	identical	0	53	53
IFCCRNDR	identical	0	2657	2657
IFCDEVIC	identical	0	2366	2366
IFCDIP00	code	1394	2027	1996
IFCE0115	identical	0	333	333
IFCE0125	identical	0	839	839
IFCE0135	identical	0	1574	1574
IFCE0145	identical	0	2088	2088
IFCE0155	identical	0	1762	1762
IFCE0165	identical	0	2120	2120
IFCE1017	identical	0	386	386
IFCE1018	identical	0	382	382
IFCE2860	identical	0	1982	1982
IFCE2870	identical	0	2010	2010
IFCE2880	identical	0	3370	3370
IFCE33XX	comment-only	0	3170	3175
IFCE3401	identical	0	266	266
IFCE5424	identical	0	276	276
IFCEA155	identical	0	2031	2031
IFCEA165	identical	0	1188	1188
IFCEAEXX	identical	0	944	944
IFCEARG1	code	1110	205	1132
IFCEARG2	code	1111	208	1133
IFCEARG3	code	1110	207	1132
IFCEARG4	code	1102	199	1124
IFCEARG5	code	1085	182	1107
IFCEARG6	code	1054	152	1077
IFCEARG7	code	1029	127	1052
IFCEAXXX	identical	0	1967	1967
IFCEB155	identical	0	1385	1385
IFCEB165	identical	0	1352	1352
IFCEC155	identical	0	1389	1389
IFCEC165	identical	0	2404	2404
IFCECHAR	identical	0	379	379
IFCECUT0	identical	0	287	287
IFCED155	identical	0	2274	2274
IFCED165	identical	0	1551	1551
IFCEDDR0	identical	0	1144	1144
IFCEDPA	identical	0	559	559
IFCEDSUM	comment-only	0	3459	3459
IFCEE155	identical	0	1849	1849
IFCEE165	identical	0	1502	1502
IFCEEDIT	comment-only	0	1512	1512
IFCEF155	identical	0	1851	1851
IFCEF165	identical	0	1724	1724
IFCEFBA4	identical	0	298	298
IFCEFBA5	identical	0	294	294
IFCEG155	identical	0	2074	2074
IFCEGUS1	identical	0	1900	1900
IFCEI135	identical	0	1953	1953
IFCEI145	identical	0	2482	2482
IFCEI155	identical	0	1837	1837
IFCEIPL0	identical	0	821	821
IFCEJ145	identical	0	1147	1147
IFCEL155	identical	0	2854	2854
IFCELEX1	identical	0	1563	1563
IFCEM155	identical	0	2664	2664
IFCEMAD1	identical	0	1076	1076
IFCEMER0	identical	0	892	892
IFCEMER1	identical	0	895	895
IFCEMER2	identical	0	893	893
IFCEMER3	identical	0	809	809
IFCEMER4	identical	0	1054	1054
IFCEMER5	identical	0	1027	1027
IFCENAGO	identical	0	792	792
IFCENF11	identical	0	472	472
IFCENFH3	identical	0	406	406
IFCENFM3	identical	0	438	438
IFCENFP1	identical	0	493	493
IFCENFP2	identical	0	407	407
IFCEOAK1	identical	0	1511	1511
IFCEOAK2	identical	0	1628	1628
IFCEOAK3	identical	0	1952	1952
IFCEOAK4	identical	0	4177	4177
IFCEOAK5	identical	0	4132	4132
IFCEREP1	comment-only	0	1377	1377
IFCERFMT	comment-only	0	3939	3940
IFCESOFT	identical	0	1646	1646
IFCESUMS	comment-only	0	1284	1284
IFCET002	identical	0	985	985
IFCET003	identical	0	722	722
IFCET004	identical	0	827	827
IFCET005	identical	0	848	848
IFCET006	identical	0	710	710
IFCET008	identical	0	1428	1428
IFCET00B	identical	0	852	852
IFCET00C	code	3	1554	1554
IFCET00D	identical	0	1460	1460
IFCET040	identical	0	236	236
IFCETRN0	identical	0	905	905
IFCETRN1	identical	0	1032	1032
IFCETRN2	identical	0	792	792
IFCETRN3	identical	0	919	919
IFCETRN4	identical	0	833	833
IFCETRN5	comment-only	0	1111	1113
IFCETRN6	identical	0	312	312
IFCETRN7	identical	0	69	69
IFCETRN8	identical	0	221	221
IFCETUL1	code	1262	2060	2059
IFCEUKNO	identical	0	961	961
IFCEVENT	comment-only	0	4123	4123
IFCEWHT1	identical	0	169	169
IFCEWIN1	identical	0	1071	1071
IFCEWIN2	identical	0	441	441
IFCEWOD1	code	21	667	660
IFCEXXX0	identical	0	1208	1208
IFCEXXX1	identical	0	1165	1165
IFCEXXX2	identical	0	1170	1170
IFCEXXX3	identical	0	1297	1297
IFCEXXX4	identical	0	1233	1233
IFCEXXX5	identical	0	1154	1154
IFCEXXX6	identical	0	1171	1171
IFCEXXX7	identical	0	1206	1206
IFCEXXX8	identical	0	1207	1207
IFCEXXX9	identical	0	1286	1286
IFCEXXXA	identical	0	1756	1756
IFCEXXXB	identical	0	1362	1362
IFCEXXXC	identical	0	1321	1321
IFCEXXXD	identical	0	1196	1196
IFCEXXXE	identical	0	1237	1237
IFCEXXXF	identical	0	1531	1531
IFCEXXXG	identical	0	4333	4333
IFCEXXXH	identical	0	1825	1825
IFCEXXXX	identical	0	1336	1336
IFCFILT1	comment-only	0	5350	5350
IFCFILT2	comment-only	0	5786	5786
IFCFILT3	comment-only	0	6459	6459
IFCFILT4	comment-only	0	5538	5538
IFCFMTIO	comment-only	0	1340	1340
IFCFRAMC	comment-only	0	3104	3104
IFCFRAME	code	2	4683	4683
IFCFRAMM	comment-only	0	3534	3534
IFCFRAMS	identical	0	513	513
IFCIOHND	code	2789	3915	4505
IFCMSG01	comment-only	0	1164	1164
IFCNFPDR	comment-only	0	8317	8317
IFCOFFLD	comment-only	0	669	669
IFCPARM1	comment-only	0	6597	6597
IFCPARM2	comment-only	0	5815	5815
IFCRDESM	identical	0	3035	3035
IFCRFLO1	identical	0	3136	3136
IFCS0115	identical	0	222	222
IFCS0135	identical	0	583	583
IFCS0145	identical	0	1092	1092
IFCS0155	identical	0	567	567
IFCS0165	identical	0	1947	1947
IFCS1017	identical	0	264	264
IFCS1018	identical	0	259	259
IFCS2860	identical	0	1101	1101
IFCS2870	identical	0	1085	1085
IFCS2880	identical	0	1159	1159
IFCS3031	identical	0	2435	2435
IFCS3032	identical	0	2348	2348
IFCS3033	identical	0	2270	2270
IFCS33XX	identical	0	44	44
IFCS5424	identical	0	415	415
IFCSAEXX	identical	0	1025	1025
IFCSAXXX	identical	0	1746	1746
IFCSCHAR	code	1	728	728
IFCSCRND	identical	0	2925	2925
IFCSCRXX	identical	0	140	140
IFCSDASD	code	2	6548	6548
IFCSDICH	identical	0	2498	2498
IFCSGUS1	identical	0	2028	2028
IFCSHARE	comment-only	0	2970	2970
IFCSI115	identical	0	236	236
IFCSI145	identical	0	1427	1427
IFCSI155	identical	0	846	846
IFCSIPL0	identical	0	856	856
IFCSNAGO	identical	0	1407	1407
IFCSSOFT	identical	0	1138	1138
IFCST003	identical	0	921	921
IFCST005	identical	0	1036	1036
IFCST006	identical	0	822	822
IFCST008	identical	0	1606	1606
IFCST00B	code	1	970	970
IFCSUKNO	identical	0	819	819
IFCSXXX0	identical	0	1160	1160
IFCSXXX1	identical	0	1230	1230
IFCSXXX2	identical	0	1229	1229
IFCSXXX3	identical	0	1348	1348
IFCSXXX4	code	1	1406	1406
IFCSXXX5	identical	0	1329	1329
IFCSXXX6	code	1	1325	1325
IFCSXXX7	identical	0	1275	1275
IFCSXXX8	identical	0	1277	1277
IFCSXXX9	identical	0	1572	1572
IFCSXXXA	identical	0	1519	1519
IFCSXXXB	identical	0	1951	1951
IFCSXXXD	identical	0	1762	1762
IFCSXXXE	identical	0	1230	1230
IFCSXXXF	identical	0	1661	1661
IFCSXXXG	identical	0	1245	1245
IFCSXXXH	identical	0	2010	2010
IFCSXXXX	identical	0	1144	1144
IFCSYMCD	code	701	285	735
IFCSYSUM	comment-only	0	3063	3063
IFCT1107	identical	0	473	473
IFCT1204	identical	0	388	388
IFCT1307	identical	0	186	186
IFCT2104	identical	0	355	355
IFCT2204	identical	0	316	316
IFCT2305	identical	0	289	289
IFCT3102	identical	0	536	536
IFCT3204	identical	0	448	448
IFCTA105	identical	0	537	537
IFCTA201	identical	0	547	547
IFCTA301	identical	0	331	331
IFCTABLE	identical	0	1091	1091
IFCTB105	identical	0	536	536
IFCTB205	identical	0	609	609
IFCTB305	identical	0	374	374
IFCTB405	identical	0	177	177
IFCTC104	identical	0	536	536
IFCTC201	identical	0	605	605
IFCTC205	identical	0	559	559
IFCTC301	identical	0	373	373
IFCTC305	identical	0	329	329
IFCTC401	identical	0	184	184
IFCTHRSH	comment-only	0	4619	4619
IFCTREND	comment-only	0	2639	2639
IFDMSG00	code	1	151	151
IFDMSG03	identical	0	87	87
IFDMSG04	identical	0	43	43
IFDMSG05	identical	0	37	37
IFDMSG06	identical	0	36	36
IFDMSG07	identical	0	61	61
IFDMSG08	identical	0	36	36
IFDMSG13	identical	0	40	40
IFDMSG22	identical	0	52	52
IFDMSG31	identical	0	64	64
IFDMSG32	identical	0	41	41
IFDMSG33	identical	0	54	54
IFDMSG37	identical	0	42	42
IFDMSG38	identical	0	38	38
IFDMSG50	identical	0	88	88
IFDMSG53	identical	0	49	49
IFDMSG54	identical	0	51	51
IFDMSG56	identical	0	51	51
IFDMSG61	identical	0	49	49
IFDMSG73	identical	0	57	57
IFDMSG74	identical	0	35	35
IFDMSGAJ	identical	0	69	69
IFDOLT00	comment-only	0	1232	1232
IFDOLT03	comment-only	0	1307	1307
IFDOLT04	comment-only	0	481	481
IFDOLT05	comment-only	0	828	828
IFDOLT06	comment-only	0	679	679
IFDOLT07	comment-only	0	1038	1038
IFDOLT08	comment-only	0	946	946
IFDOLT09	comment-only	0	244	244
IFDOLT0A	comment-only	0	62	68
IFDOLT10	comment-only	0	203	203
IFDOLT11	identical	0	128	128
IFDOLT12	code	3	976	976
IFDOLT13	identical	0	352	352
IFDOLT14	identical	0	521	521
IFDOLT15	code	2	803	803
IFDOLT16	identical	0	383	383
IFDOLT17	identical	0	127	127
IFDOLT18	comment-only	0	2319	2319
IFDOLT21	comment-only	0	631	631
IFDOLT22	comment-only	0	1246	1246
IFDOLT23	identical	0	34	34
IFDOLT24	comment-only	0	557	557
IFDOLT26	comment-only	0	496	496
IFDOLT28	comment-only	0	489	489
IFDOLT30	comment-only	0	1437	1437
IFDOLT31	comment-only	0	1524	1524
IFDOLT32	comment-only	0	986	986
IFDOLT33	comment-only	0	1579	1579
IFDOLT35	identical	0	991	991
IFDOLT36	comment-only	0	1662	1662
IFDOLT37	comment-only	0	518	518
IFDOLT38	comment-only	0	882	882
IFDOLT39	code	6	856	856
IFDOLT41	comment-only	0	289	289
IFDOLT42	identical	0	388	388
IFDOLT43	identical	0	130	130
IFDOLT44	comment-only	0	1034	1034
IFDOLT46	identical	0	561	561
IFDOLT48	comment-only	0	1937	1937
IFDOLT49	comment-only	0	1039	1039
IFDOLT50	comment-only	0	251	251
IFDOLT51	identical	0	79	79
IFDOLT52	comment-only	0	756	756
IFDOLT53	comment-only	0	787	787
IFDOLT54	comment-only	0	905	905
IFDOLT55	code	2	1196	1196
IFDOLT56	comment-only	0	499	499
IFDOLT57	identical	0	344	344
IFDOLT58	identical	0	664	664
IFDOLT59	identical	0	64	64
IFDOLT61	comment-only	0	1553	1553
IFDOLT62	comment-only	0	758	758
IFDOLT67	comment-only	0	1001	1001
IFDOLT73	comment-only	0	1290	1290
IFDOLT74	comment-only	0	467	467
IFDOLT98	code	1	572	572
IFDOLT99	identical	0	1012	1012
IFDOLTAA	identical	0	147	147
IFDOLTAB	identical	0	92	92
IFDOLTAJ	comment-only	0	841	841
IFFAAA01	identical	0	107	107
IFFAAA02	identical	0	107	107
IFFAAA03	identical	0	458	458
IFFAAA04	identical	0	193	193
IFFAAA05	identical	0	398	398
IFFAAA06	identical	0	201	201
IFFABA	comment-only	0	317	329
IFFACA00	identical	0	280	280
IFFACA01	identical	0	255	255
IFFACA02	identical	0	381	381
IFFACA03	identical	0	303	303
IFFACA04	identical	0	433	433
IFFACA05	identical	0	223	223
IFFACA06	identical	0	177	177
IFFACA07	identical	0	306	306
IFFACA08	identical	0	964	964
IFFACA13	identical	0	85	85
IFFACA50	identical	0	261	261
IFFADA01	identical	0	739	739
IFFADA02	identical	0	182	182
IFFADA03	identical	0	472	472
IFFAEA01	identical	0	292	292
IFFAEA02	identical	0	92	92
IFFAEA03	identical	0	127	127
IFFAEA04	identical	0	400	400
IFFAEA06	identical	0	84	84
IFFAEA07	identical	0	85	85
IFFAFA01	identical	0	900	900
IFFAFA02	identical	0	1083	1083
IFFAFA03	identical	0	1055	1055
IFFAFA04	identical	0	711	711
IFFAFA05	identical	0	319	319
IFFAFA06	identical	0	180	180
IFFAFA07	identical	0	320	320
IFFAFA08	identical	0	447	447
IFFAFA09	identical	0	424	424
IFFAFA11	identical	0	290	290
IFFAFA12	identical	0	677	677
IFFAFA13	identical	0	204	204
IFFAFA14	identical	0	69	69
IFFAFA15	identical	0	367	367
IFFAFA19	identical	0	298	298
IFFAGA01	identical	0	422	422
IFFAGA02	identical	0	383	383
IFFAGA03	identical	0	175	175
IFFAGA04	identical	0	110	110
IFFAGA05	identical	0	329	329
IFFAGA06	identical	0	1230	1230
IFFAGA07	identical	0	1003	1003
IFFAGA08	identical	0	339	339
IFFAHA01	identical	0	518	518
IFFAHA02	identical	0	600	600
IFFAHA03	identical	0	305	305
IFFAHA04	identical	0	844	844
IFFAHA05	identical	0	919	919
IFFAHA06	identical	0	294	294
IFFAHA07	identical	0	600	600
IFFAHA11	identical	0	531	531
IFFAHA12	comment-only	0	330	330
IFFAHA13	identical	0	539	539
IFFAHA16	code	3	297	297
IFFAJA01	identical	0	153	153
IFFAJA02	identical	0	243	243
IFFAJA04	identical	0	167	167
IFFANA	identical	0	238	238
IFFCAN01	comment-only	0	882	945
IFFCAN02	code	3	1702	1702
IFFCAN03	identical	0	47	47
IFFPAAST	identical	0	129	129
IFFPBAPR	identical	0	438	438
IFFPCAAR	identical	0	782	782
IFFPDAPL	identical	0	1170	1170
IFFPEAGR	identical	0	501	501
IFFPFAVA	identical	0	898	898
IFFPGAVP	identical	0	1021	1021
IFFPHALA	identical	0	603	603
IFFPIAPG	identical	0	1200	1200
IFFPJAPV	identical	0	1069	1069
IFFPKADG	identical	0	1433	1433
IFFPLARE	identical	0	364	364
IFFPPASG	identical	0	274	274
IFG0190P	identical	0	3	3
IFG0191X	comment-only	0	5247	5247
IFG0191Y	comment-only	0	4848	4848
IFG0192A	identical	0	621	621
IFG0193A	identical	0	846	846
IFG0193C	identical	0	373	373
IFG0193D	identical	0	773	773
IFG0193E	identical	0	575	575
IFG0194A	identical	0	2431	2431
IFG0194C	identical	0	3069	3069
IFG0194F	identical	0	2255	2255
IFG0194J	identical	0	2844	2844
IFG0195A	identical	0	373	373
IFG0195B	identical	0	880	880
IFG0195C	identical	0	351	351
IFG0195D	identical	0	252	252
IFG0195G	identical	0	202	202
IFG0195H	identical	0	456	456
IFG0195J	identical	0	237	237
IFG0195K	identical	0	522	522
IFG0195N	identical	0	425	425
IFG0195T	identical	0	330	330
IFG0195U	identical	0	502	502
IFG0195V	identical	0	616	616
IFG0196J	identical	0	629	629
IFG0196K	identical	0	405	405
IFG0196L	identical	0	795	795
IFG0196M	identical	0	635	635
IFG0196N	identical	0	484	484
IFG0196O	identical	0	312	312
IFG0196Q	identical	0	376	376
IFG0196T	identical	0	626	626
IFG0196U	identical	0	373	373
IFG0196V	identical	0	644	644
IFG0196W	identical	0	635	635
IFG0196X	identical	0	555	555
IFG0198N	identical	0	825	825
IFG0199B	identical	0	598	598
IFG0199D	identical	0	542	542
IFG0199E	identical	0	815	815
IFG0199I	identical	0	129	129
IFG019RA	identical	0	3271	3271
IFG019TR	identical	0	285	285
IFG0200N	comment-only	0	5443	5443
IFG0200P	identical	0	3	3
IFG0200V	identical	0	566	566
IFG0200W	identical	0	479	479
IFG0200Y	identical	0	678	678
IFG0200Z	identical	0	592	592
IFG0201R	identical	0	550	550
IFG0202A	identical	0	656	656
IFG0202B	identical	0	649	649
IFG0202C	identical	0	642	642
IFG0202D	identical	0	492	492
IFG0202E	identical	0	619	619
IFG0202F	identical	0	587	587
IFG0202H	identical	0	493	493
IFG0202I	identical	0	605	605
IFG0202J	identical	0	730	730
IFG0202K	identical	0	957	957
IFG0202L	identical	0	720	720
IFG0230P	identical	0	3	3
IFG0232D	identical	0	682	682
IFG0232G	identical	0	623	623
IFG0232J	identical	0	488	488
IFG0232M	identical	0	729	729
IFG0232S	identical	0	620	620
IFG0232Z	identical	0	826	826
IFG0550P	identical	0	3	3
IFG0551B	identical	0	684	684
IFG0551D	identical	0	424	424
IFG0551F	identical	0	714	714
IFG0551H	identical	0	566	566
IFG0551L	identical	0	1094	1094
IFG0551P	identical	0	338	338
IFG0551R	identical	0	603	603
IFG0551T	identical	0	382	382
IFG0552B	identical	0	736	736
IFG0552D	identical	0	275	275
IFG0552F	identical	0	679	679
IFG0552N	identical	0	321	321
IFG0552R	identical	0	667	667
IFG0552T	identical	0	524	524
IFG0552V	identical	0	584	584
IFG0552X	identical	0	818	818
IFG0553C	identical	0	384	384
IFG0553F	identical	0	1278	1278
IFG0553H	identical	0	263	263
IFG0553P	identical	0	606	606
IFG0553X	identical	0	977	977
IFG0553Z	identical	0	364	364
IFG0554B	identical	0	727	727
IFG0554L	identical	0	671	671
IFG0554N	identical	0	520	520
IFG0554P	identical	0	896	896
IFG0554T	identical	0	689	689
IFG0554Z	identical	0	415	415
IFG0555B	identical	0	476	476
IFG0555H	identical	0	986	986
IFG0555J	identical	0	519	519
IFG0558X	identical	0	197	197
IFG0559C	identical	0	414	414
IFG0EX0A	identical	0	26	26
IFG0RR0A	comment-only	0	3764	3764
IFG0RR0B	comment-only	0	8368	8368
IFG0RR0E	comment-only	0	3857	3857
IFG0RR0F	comment-only	0	2561	2561
IFG0TC0A	comment-only	0	4707	4707
IFHSTATR	identical	0	388	388
IFNX1A	identical	0	5295	5295
IFNX1J	identical	0	1369	1369
IFNX1K	identical	0	4	4
IFNX1S	identical	0	252	252
IFNX2A	identical	0	1993	1993
IFNX3A	identical	0	2724	2724
IFNX3B	identical	0	334	334
IFNX3K	identical	0	4	4
IFNX3N	identical	0	1515	1515
IFNX4D	identical	0	4	4
IFNX4E	identical	0	4	4
IFNX4M	identical	0	4	4
IFNX4N	identical	0	4	4
IFNX4S	identical	0	4	4
IFNX4T	identical	0	4	4
IFNX4V	identical	0	4	4
IFNX5A	identical	0	1514	1514
IFNX5C	identical	0	385	385
IFNX5D	identical	0	1371	1371
IFNX5F	identical	0	638	638
IFNX5L	identical	0	159	159
IFNX5M	identical	0	1678	1678
IFNX5P	identical	0	739	739
IFNX5V	identical	0	4	4
IFNX6A	identical	0	1593	1593
IFNX6B	identical	0	1213	1213
IFNX6C	identical	0	43	43
IFOX0A	identical	0	442	442
IFOX0B	identical	0	524	524
IFOX0C	identical	0	179	179
IFOX0D	identical	0	799	799
IFOX0E	code	2	90	90
IFOX0F	identical	0	306	306
IFOX0G	identical	0	103	103
IFOX0H	identical	0	354	354
IFOX0I	identical	0	357	357
IFOX0J	identical	0	56	56
IGARPT01	code	11	10415	10415
IGC0001F	comment-only	0	3395	3558
IGC0001G	identical	0	293	293
IGC0001I	identical	0	605	605
IGC00020	identical	0	754	754
IGC0002A	comment-only	0	843	843
IGC0002B	identical	0	1396	1396
IGC0002C	identical	0	728	728
IGC0002D	identical	0	429	429
IGC0002E	identical	0	615	615
IGC0002F	comment-only	0	3314	3314
IGC0002G	identical	0	746	746
IGC0002I	code	538	867	830
IGC00030	identical	0	696	696
IGC0003A	identical	0	969	969
IGC0003B	code	111	389	391
IGC0003C	identical	0	1417	1417
IGC0003I	identical	0	410	410
IGC0005C	identical	0	1849	1849
IGC0005D	identical	0	331	331
IGC0005E	identical	0	1064	1064
IGC0005G	identical	0	432	432
IGC0005I	code	1	1627	1627
IGC0006A	identical	0	991	991
IGC0006D	identical	0	413	413
IGC0006F	identical	0	442	442
IGC0006H	identical	0	392	392
IGC0006I	identical	0	747	747
IGC0007A	identical	0	1117	1117
IGC0007C	identical	0	375	375
IGC0007D	identical	0	320	320
IGC0007E	identical	0	406	406
IGC0007F	code	1162	1951	1111
IGC0007H	identical	0	521	521
IGC0008A	identical	0	1175	1175
IGC0008B	code	774	870	1004
IGC0008E	identical	0	519	519
IGC0008F	identical	0	742	742
IGC0008H	identical	0	206	206
IGC0009A	code	1080	1358	1078
IGC0009C	identical	0	1334	1334
IGC0009D	identical	0	234	234
IGC0009G	identical	0	1472	1472
IGC0009H	identical	0	831	831
IGC0010C	identical	0	317	317
IGC0010D	identical	0	830	830
IGC0010E	identical	0	644	644
IGC0012F	comment-only	0	9728	9728
IGC0102G	comment-only	0	1458	1458
IGC0106F	identical	0	327	327
IGC0106H	identical	0	317	317
IGC0107C	identical	0	108	108
IGC0107D	identical	0	151	151
IGC0107H	identical	0	452	452
IGC0108B	code	799	873	964
IGC0109H	identical	0	992	992
IGC0110D	identical	0	626	626
IGC0112F	comment-only	0	2304	2304
IGC017	code	142	149	141
IGC018	code	541	2139	2159
IGC0203E	comment-only	0	3205	3205
IGC0206F	identical	0	278	278
IGC0206H	identical	0	274	274
IGC0207A	identical	0	137	137
IGC0208B	code	410	456	482
IGC0209H	identical	0	745	745
IGC0210D	comment-only	0	3023	3023
IGC0306F	identical	0	315	315
IGC0306H	comment-only	0	262	264
IGC0308B	code	329	395	426
IGC0310D	identical	0	384	384
IGC0406F	identical	0	309	309
IGC0406H	identical	0	278	278
IGC0408B	identical	0	1539	1539
IGC0410D	identical	0	318	318
IGC0505I	identical	0	408	408
IGC0506C	identical	0	689	689
IGC0506F	identical	0	314	314
IGC0506H	identical	0	223	223
IGC0508B	identical	0	531	531
IGC0510D	identical	0	352	352
IGC058	comment-only	0	180	210
IGC0606F	identical	0	218	218
IGC0606H	identical	0	323	323
IGC0610D	comment-only	0	3203	3203
IGC070	comment-only	0	162	207
IGC0706F	identical	0	266	266
IGC0706H	identical	0	320	320
IGC0710D	identical	0	743	743
IGC0806F	identical	0	283	283
IGC0806H	comment-only	0	182	183
IGC0810D	identical	0	290	290
IGC084	comment-only	0	103	139
IGC0905I	comment-only	0	1050	1050
IGC0906F	identical	0	282	282
IGC0906H	identical	0	440	440
IGC0910D	identical	0	339	339
IGC0A06F	identical	0	271	271
IGC0A10D	identical	0	1473	1473
IGC0B06F	identical	0	195	195
IGC0B10D	comment-only	0	1395	1395
IGC0C06F	identical	0	325	325
IGC0C10D	comment-only	0	1118	1118
IGC0D06F	identical	0	438	438
IGC0D10D	comment-only	0	1276	1276
IGC0E05A	identical	0	1734	1734
IGC0E06F	code	1	425	425
IGC0E10D	comment-only	0	1385	1385
IGC0F05A	comment-only	0	7055	7055
IGC0F06F	identical	0	347	347
IGC0G05B	identical	0	887	887
IGC0G10D	comment-only	0	1110	1110
IGC0G95B	identical	0	768	768
IGC0H05B	identical	0	996	996
IGC0H10D	comment-only	0	1340	1340
IGC0I05B	identical	0	591	591
IGC0I10D	identical	0	843	843
IGC0J05B	identical	0	491	491
IGC0J10D	comment-only	0	626	628
IGC0K05B	identical	0	1514	1514
IGC0K10D	comment-only	0	1317	1317
IGC0L05B	identical	0	703	703
IGC0L10D	comment-only	0	1184	1184
IGC0M05B	identical	0	1274	1274
IGC0N05B	identical	0	1279	1279
IGC0N06C	identical	0	500	500
IGC0N10D	comment-only	0	909	909
IGC0P05B	identical	0	632	632
IGC0Q05B	identical	0	372	372
IGC0R05B	identical	0	1218	1218
IGC0S05B	identical	0	1438	1438
IGC0T05B	identical	0	933	933
IGC0U05B	identical	0	905	905
IGC0W05B	identical	0	682	682
IGC1006F	identical	0	406	406
IGC1106F	identical	0	399	399
IGC111	identical	0	211	211
IGC1206F	identical	0	163	163
IGC121	code	14	2327	5962
IGC1306F	identical	0	358	358
IGC1406F	identical	0	345	345
IGCA010D	comment-only	0	1457	1457
IGCA110D	comment-only	0	2069	2069
IGCA210D	comment-only	0	1951	1951
IGCA310D	comment-only	0	2252	2252
IGCA410D	identical	0	1430	1430
IGCA510D	comment-only	0	1846	1846
IGCA610D	identical	0	1797	1797
IGCA710D	identical	0	1317	1317
IGCA810D	identical	0	1590	1590
IGCA910D	identical	0	1657	1657
IGCAA10D	comment-only	0	1741	1741
IGCAB10D	comment-only	0	1320	1320
IGCAC10D	identical	0	1347	1347
IGCAD10D	comment-only	0	1612	1612
IGCAE10D	comment-only	0	1238	1238
IGCAF10D	comment-only	0	1117	1117
IGCAG10D	comment-only	0	1212	1212
IGCAL10D	identical	0	1208	1208
IGCAT10D	comment-only	0	2298	2298
IGCC010D	identical	0	1411	1411
IGCC110D	comment-only	0	3717	3717
IGCD010D	identical	0	502	502
IGCD110D	identical	0	329	329
IGCD210D	identical	0	379	379
IGCD310D	code	2	849	849
IGCD410D	identical	0	255	255
IGCD510D	identical	0	449	449
IGCD610D	identical	0	439	439
IGCD710D	identical	0	259	259
IGCD810D	code	1	449	449
IGCD910D	identical	0	570	570
IGCDB10D	identical	0	1647	1647
IGCDC10D	comment-only	0	1800	1800
IGCDD10D	comment-only	0	2172	2172
IGCDL10D	comment-only	0	1664	1664
IGCDM10D	identical	0	183	183
IGCFA10D	comment-only	0	2459	2459
IGCFB10D	comment-only	0	3368	3368
IGCFC10D	comment-only	0	1652	1652
IGCFD10D	comment-only	0	1962	1962
IGCFE10D	comment-only	0	2685	2685
IGCFF10D	comment-only	0	2351	2351
IGCFG10D	comment-only	0	1861	1861
IGCFH10D	comment-only	0	3323	3323
IGCFI10D	comment-only	0	3265	3265
IGCFJ10D	comment-only	0	2610	2610
IGCFK10D	identical	0	1075	1075
IGCFL10D	comment-only	0	2325	2325
IGCFP10D	comment-only	0	2217	2217
IGCFQ10D	comment-only	0	2546	2546
IGCFR10D	identical	0	348	348
IGCH010D	comment-only	0	2833	2833
IGCI010D	identical	0	746	746
IGCI110D	identical	0	485	485
IGCI210D	comment-only	0	2091	2091
IGCI310D	comment-only	0	1724	1724
IGCM010D	identical	0	318	318
IGCM110D	identical	0	417	417
IGCM210D	identical	0	368	368
IGCM310D	comment-only	0	1116	1116
IGCM410D	identical	0	648	648
IGCM510D	identical	0	401	401
IGCM610D	identical	0	590	590
IGCM710D	identical	0	555	555
IGCM810D	identical	0	556	556
IGCM910D	identical	0	590	590
IGCMA10D	identical	0	490	490
IGCMB10D	identical	0	797	797
IGCMD10D	identical	0	756	756
IGCME10D	identical	0	804	804
IGCMF10D	identical	0	875	875
IGCMG10D	identical	0	857	857
IGCMH10D	comment-only	0	2712	2712
IGCMI10D	comment-only	0	2486	2486
IGCMK10D	comment-only	0	1538	1538
IGCML10D	comment-only	0	1915	1915
IGCMM10D	identical	0	482	482
IGCMN10D	comment-only	0	2155	2155
IGCMP10D	identical	0	2427	2427
IGCMR10D	comment-only	0	1585	1585
IGCMS10D	comment-only	0	2055	2055
IGCMSG6C	comment-only	0	482	482
IGCMT10D	comment-only	0	2265	2265
IGCMU10D	comment-only	0	1532	1532
IGCMV10D	comment-only	0	2672	2672
IGCMY10D	comment-only	0	2702	2702
IGCMZ10D	identical	0	199	199
IGCN010D	comment-only	0	1639	1639
IGCN410D	comment-only	0	3187	3187
IGCN510D	comment-only	0	2623	2623
IGCR010D	code	2	739	739
IGCSW10D	comment-only	0	2165	2165
IGCT0018	identical	0	407	407
IGCT0021	identical	0	450	450
IGCT002D	identical	0	282	282
IGCT002E	identical	0	378	378
IGCT005C	comment-only	0	5161	5161
IGCT005G	comment-only	0	5585	5585
IGCT0069	identical	0	531	531
IGCT006H	identical	0	392	392
IGCT010D	comment-only	0	2206	2206
IGCT010E	code	1	272	272
IGCT105C	comment-only	0	5269	5269
IGCT1081	identical	0	1073	1073
IGCT110D	comment-only	0	1861	1861
IGCT210D	comment-only	0	2401	2401
IGCV010D	identical	0	662	662
IGCV110D	identical	0	765	765
IGCV210D	identical	0	684	684
IGCV310D	identical	0	546	546
IGCV410D	identical	0	550	550
IGCV510D	identical	0	497	497
IGCV610D	identical	0	497	497
IGCV710D	identical	0	364	364
IGCV810D	comment-only	0	3311	3311
IGCV910D	comment-only	0	2827	2827
IGCVA10D	comment-only	0	4663	4663
IGCVE10D	comment-only	0	3433	3433
IGCVF10D	comment-only	0	3691	3691
IGCVG10D	comment-only	0	1486	1486
IGCVI10D	comment-only	0	2867	2867
IGCVK10D	identical	0	441	441
IGCZ010D	comment-only	0	3237	3237
IGCZ110D	identical	0	780	780
IGE0000D	comment-only	0	2200	2200
IGE0000E	comment-only	0	443	445
IGE0000G	comment-only	0	5434	5434
IGE0000H	identical	0	1117	1117
IGE0000I	identical	0	2056	2056
IGE0001A	comment-only	0	1534	1534
IGE0001C	comment-only	0	2147	2147
IGE0001F	comment-only	0	1336	1336
IGE0001G	comment-only	0	1983	1983
IGE0001H	identical	0	1454	1454
IGE0002A	comment-only	0	3529	3529
IGE0002B	identical	0	530	530
IGE0002C	comment-only	0	2967	2967
IGE0002E	identical	0	378	378
IGE0003C	comment-only	0	5184	5184
IGE0004A	identical	0	531	531
IGE0004B	identical	0	368	368
IGE0004C	identical	0	605	605
IGE0004D	identical	0	208	208
IGE0004G	identical	0	825	825
IGE0004H	identical	0	803	803
IGE0004I	comment-only	0	3931	3931
IGE0010A	identical	0	569	569
IGE0010B	identical	0	619	619
IGE0010D	identical	0	433	433
IGE0010E	identical	0	1352	1352
IGE0011A	identical	0	747	747
IGE0011C	identical	0	581	581
IGE0011D	identical	0	542	542
IGE0011E	identical	0	320	320
IGE0019I	comment-only	0	1188	1188
IGE0025C	comment-only	0	4753	4753
IGE0025D	identical	0	278	278
IGE0025F	identical	0	734	734
IGE0100I	identical	0	1364	1364
IGE0101F	comment-only	0	2094	2094
IGE0104A	identical	0	371	371
IGE0104B	identical	0	293	293
IGE0104C	identical	0	331	331
IGE0104G	identical	0	640	640
IGE0104H	identical	0	538	538
IGE0119I	comment-only	0	682	682
IGE0125F	identical	0	675	675
IGE0204A	identical	0	407	407
IGE0204B	identical	0	326	326
IGE0204C	identical	0	563	563
IGE0204G	identical	0	500	500
IGE0204H	identical	0	554	554
IGE0301H	comment-only	0	4456	4456
IGE0304A	identical	0	406	406
IGE0304B	identical	0	411	411
IGE0304C	identical	0	327	327
IGE0304G	identical	0	341	341
IGE0404A	identical	0	316	316
IGE0404B	identical	0	327	327
IGE0404C	identical	0	489	489
IGE0404G	identical	0	341	341
IGE0404H	identical	0	530	530
IGE0504A	identical	0	466	466
IGE0504B	identical	0	309	309
IGE0504C	identical	0	722	722
IGE0504G	identical	0	720	720
IGE0504H	identical	0	666	666
IGE0604A	identical	0	297	297
IGE0604B	identical	0	274	274
IGE0604C	identical	0	361	361
IGE0604G	identical	0	408	408
IGE0660A	comment-only	0	3302	3302
IGE0704A	identical	0	328	328
IGE0704B	identical	0	320	320
IGE0704C	identical	0	372	372
IGE0804A	identical	0	213	213
IGE0804B	identical	0	403	403
IGE0804C	identical	0	362	362
IGE0804G	identical	0	481	481
IGE0804H	identical	0	106	106
IGE0904A	identical	0	264	264
IGE0904B	identical	0	513	513
IGE0904C	identical	0	677	677
IGE0904G	identical	0	204	204
IGE0904H	identical	0	563	563
IGE0904I	comment-only	0	3670	3670
IGF2503D	comment-only	0	2134	2134
IGF2603D	comment-only	0	5593	5593
IGFC60	identical	0	551	551
IGFC70	identical	0	578	578
IGFC80	identical	0	459	459
IGFCCHCR	code	21	4484	7679
IGFCCHED	comment-only	0	506	2121
IGFCHDA	identical	0	75	75
IGFCIC	comment-only	0	784	784
IGFCINIT	code	4	291	1570
IGFDD0	comment-only	0	523	523
IGFDD1	comment-only	0	768	768
IGFDE0	identical	0	174	174
IGFDE1	comment-only	0	2813	2813
IGFDI0	comment-only	0	2067	2067
IGFDI1	comment-only	0	3771	3771
IGFDL1	comment-only	0	1938	1938
IGFDM0	comment-only	0	1614	1614
IGFDM1	comment-only	0	2594	2594
IGFDMTXT	identical	0	247	247
IGFDR0	comment-only	0	2847	2847
IGFDS0	comment-only	0	2654	2654
IGFDS1	comment-only	0	857	857
IGFDT0	comment-only	0	1713	1713
IGFDT1	comment-only	0	3876	3876
IGFDT2	comment-only	0	1644	1644
IGFDU0	comment-only	0	1582	1582
IGFDU1	identical	0	730	730
IGFDV0	comment-only	0	1516	1516
IGFDV1	comment-only	0	2482	2482
IGFDW0	comment-only	0	2130	2130
IGFINTVL	identical	0	145	145
IGFPBUCR	code	16	886	2722
IGFPEXIT	code	4	422	1876
IGFPINIT	code	10	580	2296
IGFPKREF	comment-only	0	172	1440
IGFPMCIH	identical	0	381	381
IGFPMFRS	code	11	241	1476
IGFPMHCA	comment-only	0	497	1989
IGFPMKTA	comment-only	0	430	1885
IGFPMMSG	comment-only	0	205	1478
IGFPMPFX	comment-only	0	164	1433
IGFPMRTM	code	58	233	1622
IGFPMSCA	comment-only	0	300	1798
IGFPMTHA	code	6	494	2064
IGFPNRFH	code	265	901	3269
IGFPNSAV	code	4	191	1653
IGFPSAD0	comment-only	0	94	96
IGFPTAIM	comment-only	0	164	1620
IGFPTCON	code	9	417	2085
IGFPTERM	code	9	446	2299
IGFPTREC	code	18	1311	3485
IGFPTSIG	comment-only	0	303	1837
IGFPWMSG	comment-only	0	1798	1798
IGFPXMFA	comment-only	0	418	2281
IGFRINIT	code	267	455	1836
IGFRWAC	identical	0	51	51
IGFTMC00	code	306	1586	4944
IGFTMCHK	code	149	2295	5065
IGG01910	identical	0	669	669
IGG01911	comment-only	0	931	931
IGG01912	identical	0	756	756
IGG01913	identical	0	579	579
IGG01915	identical	0	647	647
IGG01916	identical	0	381	381
IGG01917	identical	0	725	725
IGG01918	identical	0	616	616
IGG01919	identical	0	421	421
IGG0191A	identical	0	642	642
IGG0191B	identical	0	648	648
IGG0191C	identical	0	612	612
IGG0191D	identical	0	842	842
IGG0191F	identical	0	647	647
IGG0191G	identical	0	510	510
IGG0191H	identical	0	974	974
IGG0191I	identical	0	642	642
IGG0191J	identical	0	520	520
IGG0191K	identical	0	818	818
IGG0191L	identical	0	565	565
IGG0191M	identical	0	635	635
IGG0191N	comment-only	0	1136	1136
IGG0191O	identical	0	860	860
IGG0191P	identical	0	468	468
IGG0191Q	identical	0	675	675
IGG0191R	identical	0	413	413
IGG0191S	identical	0	769	769
IGG0191T	identical	0	853	853
IGG0191U	identical	0	732	732
IGG0191V	identical	0	831	831
IGG0191W	identical	0	873	873
IGG0191X	identical	0	773	773
IGG0191Y	identical	0	625	625
IGG0191Z	identical	0	524	524
IGG01920	identical	0	569	569
IGG01921	identical	0	498	498
IGG01922	identical	0	489	489
IGG01923	identical	0	442	442
IGG01924	comment-only	0	476	507
IGG01926	identical	0	582	582
IGG01928	identical	0	529	529
IGG01929	identical	0	454	454
IGG0192A	identical	0	528	528
IGG0192B	identical	0	472	472
IGG0192C	identical	0	595	595
IGG0192D	identical	0	554	554
IGG0192E	identical	0	486	486
IGG0192F	identical	0	377	377
IGG0192G	identical	0	647	647
IGG0192H	identical	0	714	714
IGG0192I	identical	0	456	456
IGG0192J	identical	0	430	430
IGG0192K	identical	0	438	438
IGG0192L	identical	0	341	341
IGG0192M	identical	0	324	324
IGG0192N	identical	0	324	324
IGG0192O	identical	0	420	420
IGG0192P	identical	0	459	459
IGG0192Q	identical	0	314	314
IGG0192R	identical	0	582	582
IGG0192S	identical	0	644	644
IGG0192T	identical	0	468	468
IGG0192U	identical	0	654	654
IGG0192V	identical	0	553	553
IGG0192W	comment-only	0	542	543
IGG0192X	identical	0	340	340
IGG0192Z	identical	0	319	319
IGG01930	identical	0	594	594
IGG01931	identical	0	912	912
IGG01933	identical	0	701	701
IGG01934	identical	0	587	587
IGG01935	identical	0	789	789
IGG01936	identical	0	1153	1153
IGG01937	identical	0	610	610
IGG01938	identical	0	783	783
IGG01939	identical	0	595	595
IGG0193A	identical	0	2411	2411
IGG0193I	identical	0	352	352
IGG0193K	comment-only	0	2902	2902
IGG0193M	identical	0	594	594
IGG0193Q	identical	0	680	680
IGG0193S	identical	0	600	600
IGG0193Y	identical	0	1254	1254
IGG01940	identical	0	532	532
IGG01941	identical	0	569	569
IGG01942	code	1	601	601
IGG01943	identical	0	824	824
IGG01944	identical	0	819	819
IGG01945	identical	0	401	401
IGG01946	identical	0	801	801
IGG01948	identical	0	558	558
IGG01949	identical	0	879	879
IGG0194B	identical	0	387	387
IGG0194N	identical	0	492	492
IGG0194P	identical	0	606	606
IGG0194Q	identical	0	629	629
IGG01950	comment-only	0	544	560
IGG0195D	identical	0	471	471
IGG0195G	identical	0	487	487
IGG0195T	identical	0	641	641
IGG0195U	identical	0	487	487
IGG0196A	identical	0	724	724
IGG0196B	comment-only	0	386	387
IGG0196C	identical	0	291	291
IGG0196D	identical	0	649	649
IGG0196G	identical	0	631	631
IGG0196I	identical	0	514	514
IGG0196K	comment-only	0	453	454
IGG0196L	identical	0	500	500
IGG0196M	identical	0	3	3
IGG0196P	identical	0	699	699
IGG0196Q	comment-only	0	3532	3532
IGG0196R	comment-only	0	1945	1945
IGG0196S	identical	0	621	621
IGG0197A	identical	0	521	521
IGG0197B	comment-only	0	514	515
IGG0197C	identical	0	454	454
IGG0197D	identical	0	460	460
IGG0197E	comment-only	0	810	814
IGG0197F	identical	0	1021	1021
IGG0197J	identical	0	29	29
IGG0197K	identical	0	29	29
IGG0197L	identical	0	565	565
IGG0197M	identical	0	253	253
IGG0197N	identical	0	573	573
IGG0197P	identical	0	629	629
IGG0197Q	identical	0	435	435
IGG0197U	identical	0	876	876
IGG0197V	comment-only	0	3074	3074
IGG0198B	comment-only	0	3547	3547
IGG0198D	comment-only	0	2842	2842
IGG0198E	comment-only	0	2725	2725
IGG0198L	comment-only	0	780	780
IGG01991	identical	0	612	612
IGG01992	identical	0	381	381
IGG01993	identical	0	506	506
IGG01994	identical	0	405	405
IGG0199F	comment-only	0	1009	1009
IGG0199G	comment-only	0	1387	1387
IGG0199K	identical	0	984	984
IGG0199L	identical	0	769	769
IGG0199O	identical	0	714	714
IGG0199W	comment-only	0	1140	1140
IGG019A4	comment-only	0	918	918
IGG019AA	identical	0	169	169
IGG019AB	identical	0	150	150
IGG019AC	identical	0	241	241
IGG019AD	identical	0	191	191
IGG019AE	identical	0	325	325
IGG019AF	identical	0	438	438
IGG019AG	identical	0	142	142
IGG019AH	comment-only	0	1606	1606
IGG019AI	identical	0	126	126
IGG019AJ	identical	0	195	195
IGG019AK	identical	0	174	174
IGG019AL	identical	0	235	235
IGG019AM	identical	0	156	156
IGG019AN	identical	0	183	183
IGG019AQ	identical	0	278	278
IGG019AR	identical	0	257	257
IGG019AT	identical	0	603	603
IGG019AV	comment-only	0	161	162
IGG019AW	identical	0	231	231
IGG019AX	identical	0	260	260
IGG019B0	identical	0	148	148
IGG019BA	identical	0	327	327
IGG019BB	identical	0	419	419
IGG019BC	identical	0	229	229
IGG019BD	comment-only	0	260	263
IGG019BE	identical	0	338	338
IGG019BF	identical	0	375	375
IGG019BG	identical	0	229	229
IGG019BH	identical	0	310	310
IGG019BI	identical	0	230	230
IGG019BK	identical	0	276	276
IGG019BL	identical	0	262	262
IGG019BM	identical	0	219	219
IGG019BN	identical	0	1130	1130
IGG019BO	identical	0	460	460
IGG019BP	identical	0	589	589
IGG019BQ	identical	0	621	621
IGG019BR	identical	0	1681	1681
IGG019BS	identical	0	436	436
IGG019BT	identical	0	256	256
IGG019BU	identical	0	223	223
IGG019BV	identical	0	321	321
IGG019C0	identical	0	183	183
IGG019C1	identical	0	454	454
IGG019C2	identical	0	1002	1002
IGG019C3	identical	0	300	300
IGG019C4	identical	0	237	237
IGG019C8	identical	0	777	777
IGG019CA	identical	0	158	158
IGG019CB	identical	0	124	124
IGG019CC	identical	0	387	387
IGG019CD	identical	0	608	608
IGG019CE	identical	0	253	253
IGG019CF	identical	0	377	377
IGG019CG	comment-only	0	224	225
IGG019CH	identical	0	166	166
IGG019CI	identical	0	223	223
IGG019CJ	identical	0	201	201
IGG019CL	identical	0	64	64
IGG019CM	identical	0	196	196
IGG019CN	identical	0	620	620
IGG019CO	identical	0	361	361
IGG019CP	identical	0	501	501
IGG019CQ	comment-only	0	486	488
IGG019CR	identical	0	485	485
IGG019CS	identical	0	65	65
IGG019CT	identical	0	89	89
IGG019CU	identical	0	1178	1178
IGG019CV	identical	0	689	689
IGG019CW	identical	0	386	386
IGG019CX	identical	0	246	246
IGG019CY	identical	0	358	358
IGG019CZ	identical	0	225	225
IGG019DA	identical	0	528	528
IGG019DB	identical	0	535	535
IGG019DC	identical	0	276	276
IGG019DD	identical	0	810	810
IGG019DJ	comment-only	0	1280	1280
IGG019DK	comment-only	0	1666	1666
IGG019EI	identical	0	451	451
IGG019EJ	identical	0	429	429
IGG019EK	identical	0	392	392
IGG019EM	identical	0	50	50
IGG019FA	identical	0	255	255
IGG019FB	identical	0	161	161
IGG019FD	identical	0	241	241
IGG019FF	identical	0	262	262
IGG019FG	identical	0	311	311
IGG019FJ	identical	0	210	210
IGG019FK	identical	0	255	255
IGG019FL	identical	0	306	306
IGG019FP	identical	0	295	295
IGG019FQ	identical	0	495	495
IGG019FR	identical	0	133	133
IGG019FS	identical	0	641	641
IGG019FT	identical	0	348	348
IGG019FU	identical	0	278	278
IGG019G0	identical	0	958	958
IGG019G1	identical	0	966	966
IGG019G2	identical	0	908	908
IGG019G3	identical	0	991	991
IGG019G4	identical	0	1169	1169
IGG019G5	identical	0	1190	1190
IGG019G6	identical	0	1280	1280
IGG019G7	identical	0	1403	1403
IGG019G8	identical	0	660	660
IGG019G9	identical	0	751	751
IGG019GA	identical	0	1864	1864
IGG019GB	identical	0	1861	1861
IGG019GC	identical	0	978	978
IGG019GD	identical	0	1136	1136
IGG019GE	identical	0	50	50
IGG019GF	identical	0	54	54
IGG019GG	comment-only	0	775	777
IGG019GN	code	1	1258	1258
IGG019GO	code	1	1390	1390
IGG019GW	identical	0	1310	1310
IGG019GZ	identical	0	1297	1297
IGG019H3	comment-only	0	837	839
IGG019HA	identical	0	599	599
IGG019HB	identical	0	1804	1804
IGG019HD	identical	0	584	584
IGG019HF	identical	0	343	343
IGG019HG	identical	0	645	645
IGG019HH	identical	0	258	258
IGG019HI	identical	0	551	551
IGG019HJ	identical	0	121	121
IGG019HK	identical	0	370	370
IGG019HL	identical	0	93	93
IGG019HN	identical	0	1884	1884
IGG019HP	identical	0	37	37
IGG019HT	identical	0	81	81
IGG019I1	identical	0	1988	1988
IGG019I2	identical	0	2019	2019
IGG019I9	identical	0	755	755
IGG019IA	comment-only	0	1898	1907
IGG019IB	comment-only	0	1923	1945
IGG019IE	identical	0	57	57
IGG019IF	identical	0	53	53
IGG019IN	code	1	1271	1273
IGG019IO	identical	0	1430	1430
IGG019IZ	comment-only	0	1703	1705
IGG019J0	identical	0	734	734
IGG019J3	identical	0	813	813
IGG019JA	identical	0	864	864
IGG019JB	identical	0	841	841
IGG019JC	identical	0	177	177
IGG019JD	identical	0	83	83
IGG019JG	identical	0	343	343
IGG019JH	identical	0	1539	1539
IGG019JI	identical	0	575	575
IGG019JJ	comment-only	0	34	36
IGG019JK	identical	0	34	34
IGG019JL	identical	0	45	45
IGG019JM	identical	0	46	46
IGG019JN	identical	0	67	67
IGG019JO	identical	0	66	66
IGG019JP	identical	0	66	66
IGG019JQ	identical	0	65	65
IGG019JR	identical	0	65	65
IGG019JS	identical	0	69	69
IGG019JT	identical	0	66	66
IGG019JU	identical	0	71	71
IGG019JV	identical	0	278	278
IGG019JW	identical	0	258	258
IGG019JX	identical	0	348	348
IGG019KA	identical	0	1035	1035
IGG019KC	identical	0	278	278
IGG019KE	identical	0	325	325
IGG019KF	identical	0	506	506
IGG019KG	identical	0	265	265
IGG019KH	identical	0	305	305
IGG019KI	identical	0	248	248
IGG019KJ	identical	0	2155	2155
IGG019KK	identical	0	301	301
IGG019KL	identical	0	542	542
IGG019KM	identical	0	618	618
IGG019KN	identical	0	1033	1033
IGG019KO	identical	0	362	362
IGG019KQ	identical	0	300	300
IGG019KR	identical	0	599	599
IGG019KU	identical	0	726	726
IGG019KW	identical	0	368	368
IGG019KY	identical	0	220	220
IGG019LA	identical	0	224	224
IGG019LC	identical	0	294	294
IGG019LE	identical	0	660	660
IGG019LI	identical	0	212	212
IGG019LP	identical	0	242	242
IGG019LS	comment-only	0	782	782
IGG019LT	comment-only	0	1503	1503
IGG019LU	comment-only	0	1197	1197
IGG019M0	identical	0	108	108
IGG019M1	identical	0	95	95
IGG019M2	identical	0	79	79
IGG019M3	identical	0	118	118
IGG019M4	identical	0	86	86
IGG019M5	identical	0	115	115
IGG019M6	identical	0	138	138
IGG019MA	comment-only	0	1545	1625
IGG019MB	comment-only	0	2338	2404
IGG019MC	comment-only	0	695	857
IGG019MD	identical	0	96	96
IGG019ME	identical	0	88	88
IGG019MF	identical	0	101	101
IGG019MI	identical	0	85	85
IGG019MJ	identical	0	91	91
IGG019MK	identical	0	90	90
IGG019ML	identical	0	77	77
IGG019MN	identical	0	74	74
IGG019MP	identical	0	79	79
IGG019MR	comment-only	0	1221	1374
IGG019MS	comment-only	0	293	307
IGG019MT	identical	0	79	79
IGG019MU	identical	0	79	79
IGG019MV	identical	0	95	95
IGG019MW	identical	0	82	82
IGG019MX	identical	0	97	97
IGG019MY	identical	0	91	91
IGG019MZ	identical	0	79	79
IGG019OA	identical	0	680	680
IGG019OB	identical	0	356	356
IGG019OC	identical	0	111	111
IGG019OE	identical	0	848	848
IGG019OJ	identical	0	162	162
IGG019OK	identical	0	288	288
IGG019P2	comment-only	0	311	1924
IGG019P7	code	44	181	182
IGG019P8	code	161	201	229
IGG019P9	code	195	232	245
IGG019PA	identical	0	484	484
IGG019PB	identical	0	79	79
IGG019PC	identical	0	116	116
IGG019PD	comment-only	0	427	445
IGG019PE	identical	0	92	92
IGG019PF	identical	0	95	95
IGG019PG	identical	0	219	219
IGG019PH	identical	0	120	120
IGG019PI	identical	0	421	421
IGG019PK	identical	0	85	85
IGG019PL	identical	0	99	99
IGG019PM	identical	0	109	109
IGG019PN	identical	0	92	92
IGG019PO	identical	0	101	101
IGG019PP	identical	0	89	89
IGG019PQ	identical	0	94	94
IGG019Q0	comment-only	0	1419	1467
IGG019Q1	comment-only	0	643	669
IGG019Q2	identical	0	5	5
IGG019Q3	identical	0	5	5
IGG019Q4	identical	0	5	5
IGG019Q5	identical	0	5	5
IGG019Q6	identical	0	5	5
IGG019Q7	identical	0	5	5
IGG019Q8	comment-only	0	1757	2143
IGG019Q9	comment-only	0	769	788
IGG019QE	comment-only	0	598	617
IGG019R0	identical	0	5	5
IGG019R1	comment-only	0	606	616
IGG019R2	comment-only	0	873	889
IGG019R3	comment-only	0	480	492
IGG019R4	identical	0	5	5
IGG019R5	comment-only	0	595	3146
IGG019R6	comment-only	0	659	662
IGG019R7	identical	0	147	147
IGG019R8	identical	0	154	154
IGG019R9	identical	0	151	151
IGG019RA	code	69	198	204
IGG019RC	comment-only	0	1362	1395
IGG019RD	comment-only	0	1226	1244
IGG019RE	comment-only	0	248	261
IGG019RF	comment-only	0	747	755
IGG019RG	comment-only	0	393	407
IGG019RI	comment-only	0	456	473
IGG019RK	comment-only	0	423	435
IGG019RL	comment-only	0	282	294
IGG019RM	comment-only	0	153	165
IGG019RN	comment-only	0	1308	1331
IGG019RO	comment-only	0	780	797
IGG019RP	comment-only	0	2283	2295
IGG019RQ	comment-only	0	154	167
IGG019RR	comment-only	0	85	87
IGG019RS	identical	0	86	86
IGG019RT	identical	0	73	73
IGG019RU	identical	0	84	84
IGG019RV	comment-only	0	50	55
IGG019RW	identical	0	65	65
IGG019RX	identical	0	97	97
IGG019RY	identical	0	42	42
IGG019RZ	identical	0	84	84
IGG019SI	identical	0	110	110
IGG019T2	identical	0	1070	1070
IGG019T3	identical	0	325	325
IGG019T4	identical	0	330	330
IGG019T5	identical	0	407	407
IGG019T6	code	1	403	403
IGG019T7	code	1	338	338
IGG019T8	identical	0	210	210
IGG019TC	identical	0	369	369
IGG019TD	identical	0	616	616
IGG019TE	comment-only	0	659	1794
IGG019TH	comment-only	0	2155	4382
IGG019TI	comment-only	0	779	1930
IGG019TM	identical	0	69	69
IGG019TV	identical	0	744	744
IGG019TW	identical	0	354	354
IGG019TX	identical	0	128	128
IGG019TY	identical	0	55	55
IGG019TZ	identical	0	60	60
IGG019UM	comment-only	0	1027	1027
IGG019UN	comment-only	0	710	710
IGG019UO	identical	0	689	689
IGG019UP	identical	0	362	362
IGG019V1	identical	0	228	228
IGG019V2	identical	0	349	349
IGG019V3	identical	0	327	327
IGG019V4	identical	0	321	321
IGG019V5	comment-only	0	1784	1843
IGG019V6	comment-only	0	1122	1141
IGG019VA	identical	0	249	249
IGG019VB	identical	0	293	293
IGG019VC	identical	0	264	264
IGG019VD	identical	0	293	293
IGG019VE	identical	0	590	590
IGG019VF	identical	0	149	149
IGG019VG	identical	0	570	570
IGG019VH	comment-only	0	734	735
IGG019VI	identical	0	191	191
IGG019VJ	identical	0	334	334
IGG019VK	identical	0	394	394
IGG019VV	comment-only	0	2461	2461
IGG019VW	comment-only	0	2201	2201
IGG0201A	comment-only	0	775	776
IGG0201B	identical	0	657	657
IGG0201D	identical	0	475	475
IGG0201P	identical	0	655	655
IGG0201R	identical	0	372	372
IGG0201W	comment-only	0	1609	1609
IGG0201X	identical	0	496	496
IGG0201Y	identical	0	548	548
IGG0201Z	identical	0	747	747
IGG02028	comment-only	0	674	682
IGG02029	identical	0	746	746
IGG0202A	identical	0	663	663
IGG0202B	identical	0	733	733
IGG0202D	identical	0	524	524
IGG0202I	identical	0	611	611
IGG0202J	identical	0	718	718
IGG0202K	identical	0	439	439
IGG0202L	identical	0	707	707
IGG0202M	identical	0	745	745
IGG0202N	identical	0	387	387
IGG02030	identical	0	531	531
IGG02035	identical	0	430	430
IGG02036	identical	0	905	905
IGG0203A	identical	0	789	789
IGG0203B	comment-only	0	2114	2114
IGG0203K	comment-only	0	2023	2023
IGG0203M	identical	0	790	790
IGG0203Y	identical	0	926	926
IGG0203Z	identical	0	776	776
IGG02041	identical	0	293	293
IGG02046	identical	0	687	687
IGG020D0	code	185	386	406
IGG020D1	code	315	496	510
IGG020FC	comment-only	0	1845	1845
IGG020P1	identical	0	821	821
IGG020P2	code	143	422	413
IGG020P3	code	219	401	371
IGG020T1	comment-only	0	3134	3134
IGG0210A	identical	0	695	695
IGG021AB	identical	0	893	893
IGG026DU	identical	0	109	109
IGG0290A	code	468	700	623
IGG0290B	code	283	492	496
IGG0290C	code	302	459	477
IGG0290D	code	535	797	678
IGG0290E	code	385	597	636
IGG0290F	code	686	1305	1332
IGG0299A	code	318	464	531
IGG029DM	identical	0	27	27
IGG029DU	identical	0	123	123
IGG03001	identical	0	977	977
IGG03002	identical	0	560	560
IGG030DU	identical	0	106	106
IGG0325A	code	309	603	554
IGG0325B	code	352	569	709
IGG0325C	code	145	390	386
IGG0325D	code	270	517	511
IGG0325E	code	323	586	615
IGG0325G	code	274	501	510
IGG0325H	code	368	647	617
IGG0325I	code	3015	1708	3730
IGG0325K	code	217	354	378
IGG0325P	code	430	664	694
IGG0325Q	code	200	347	369
IGG0325R	code	336	509	533
IGG0325T	code	301	447	468
IGG0325U	code	224	381	400
IGG0325V	code	202	325	342
IGG0325W	code	209	332	352
IGG0325Z	code	309	418	477
IGG032I1	code	379	748	753
IGG032I2	code	315	583	580
IGG032I3	code	355	590	641
IGG032I4	code	278	488	493
IGG032I5	code	316	532	557
IGG032I6	code	48	521	517
IGG032I7	code	316	618	618
IGG032I8	code	274	536	513
IGG0553A	code	278	493	472
IGG0553B	code	322	532	560
IGG0553C	code	376	561	584
IGG0553D	code	317	459	469
IGG0553E	code	298	563	534
IGG0553F	code	141	318	337
IGG0553G	code	178	304	355
IGG08101	identical	0	946	946
IGG08102	identical	0	953	953
IGG08103	identical	0	654	654
IGG08104	identical	0	806	806
IGG08108	comment-only	0	4190	4190
IGG08110	identical	0	906	906
IGG08111	identical	0	1008	1008
IGG08112	identical	0	694	694
IGG08113	identical	0	846	846
IGG08114	identical	0	465	465
IGG08115	identical	0	258	258
IGG08116	code	1	585	585
IGG08117	identical	0	700	700
IGG0860A	identical	0	518	518
IGG0860B	identical	0	580	580
IGG0860C	identical	0	582	582
IGG0860D	identical	0	629	629
IGG086AE	identical	0	708	708
IGG09300	identical	0	497	497
IGG09301	identical	0	977	977
IGG09302	identical	0	1036	1036
IGG09303	identical	0	432	432
IGG09400	identical	0	370	370
IGG09402	identical	0	294	294
IGG09403	identical	0	69	69
IGG09404	identical	0	299	299
IGG09405	identical	0	178	178
IGG09406	identical	0	223	223
IGG09407	identical	0	312	312
IGG09408	identical	0	391	391
IGG09409	identical	0	236	236
IGG0940A	identical	0	281	281
IGG0940B	identical	0	179	179
IGG0940C	identical	0	242	242
IGG0940D	identical	0	182	182
IGG0940E	identical	0	233	233
IGG0940G	identical	0	229	229
IGG0940H	identical	0	452	452
IGG09411	comment-only	0	293	293
IGG09414	comment-only	0	260	260
IGG0CLA0	comment-only	0	786	786
IGG0CLA1	comment-only	0	1316	1316
IGG0CLA2	comment-only	0	4780	4780
IGG0CLA3	comment-only	0	5677	5677
IGG0CLA4	comment-only	0	6092	6092
IGG0CLA5	comment-only	0	4929	4929
IGG0CLA6	comment-only	0	4288	4288
IGG0CLA7	comment-only	0	6808	6808
IGG0CLA8	comment-only	0	3089	3089
IGG0CLA9	comment-only	0	5866	5866
IGG0CLAA	comment-only	0	5145	5145
IGG0CLAB	comment-only	0	3687	3687
IGG0CLAC	comment-only	0	2431	2431
IGG0CLAD	comment-only	0	4845	4845
IGG0CLAE	comment-only	0	4596	4596
IGG0CLAF	comment-only	0	6150	6150
IGG0CLAG	comment-only	0	5010	5010
IGG0CLAH	comment-only	0	6310	6310
IGG0CLAI	comment-only	0	4984	4984
IGG0CLAJ	comment-only	0	4755	4755
IGG0CLAK	comment-only	0	5071	5071
IGG0CLAL	comment-only	0	6220	6220
IGG0CLAM	comment-only	0	4168	4168
IGG0CLAN	comment-only	0	5785	5785
IGG0CLAO	comment-only	0	4259	4259
IGG0CLAP	comment-only	0	4410	4410
IGG0CLAQ	comment-only	0	5826	5826
IGG0CLAR	comment-only	0	3074	3074
IGG0CLAS	comment-only	0	4994	4994
IGG0CLAT	comment-only	0	6846	6846
IGG0CLAU	comment-only	0	3887	3887
IGG0CLAV	comment-only	0	3778	3778
IGG0CLAW	comment-only	0	4399	4399
IGG0CLAX	comment-only	0	4638	4638
IGG0CLAY	comment-only	0	3077	3077
IGG0CLAZ	comment-only	0	4613	4613
IGG0CLB0	comment-only	0	5553	5553
IGG0CLB1	comment-only	0	4541	4541
IGG0CLB2	comment-only	0	4048	4048
IGG0CLB3	comment-only	0	3181	3181
IGG0CLB4	comment-only	0	6074	6074
IGG0CLB5	comment-only	0	6876	6876
IGG0CLB6	comment-only	0	5045	5045
IGG0CLB7	comment-only	0	4421	4421
IGG0CLB8	comment-only	0	5591	5591
IGG0CLB9	comment-only	0	5603	5603
IGG0CLBA	comment-only	0	4240	4240
IGG0CLBB	comment-only	0	5381	5381
IGG0CLBC	comment-only	0	3688	3688
IGG0CLBD	comment-only	0	5276	5276
IGG0CLBE	comment-only	0	4869	4869
IGG0CLBF	comment-only	0	2728	2728
IGG0CLBG	comment-only	0	6880	6880
IGG0CLBH	comment-only	0	3814	3814
IGG0CLBI	code	3643	3151	4738
IGG0CLBJ	comment-only	0	3326	3326
IGG0CLBK	comment-only	0	4442	4442
IGG0CLBL	comment-only	0	6542	6542
IGG0CLBM	comment-only	0	5506	5506
IGG0CLBN	comment-only	0	5746	5746
IGG0CLBO	comment-only	0	5756	5756
IGG0CLBP	comment-only	0	7659	7659
IGG0CLBQ	comment-only	0	3097	3097
IGG0CLBR	comment-only	0	3711	3711
IGG0CLBS	comment-only	0	4157	4157
IGG0CLBT	comment-only	0	3804	3804
IGG0CLBU	comment-only	0	3220	3220
IGG0CLBV	comment-only	0	6852	6852
IGG0CLBW	comment-only	0	4101	4101
IGG0CLBX	code	4023	2956	5526
IGG0CLBY	comment-only	0	4346	4346
IGG0CLBZ	comment-only	0	4515	4515
IGG0CLC9	comment-only	0	9424	9424
IGG0CLCA	comment-only	0	6761	6761
IGG0CLCB	identical	0	1185	1185
IGG0CLCC	identical	0	2997	2997
IGG0CLCD	identical	0	2730	2730
IGG0CLCE	comment-only	0	2114	2114
IGG0CLCF	identical	0	1616	1616
IGG0CLDA	comment-only	0	4905	4905
IGG0CLDC	comment-only	0	4417	4417
IGG0CLDD	comment-only	0	4920	4920
IGG0CLF2	code	268	380	419
IGG1AN	identical	0	96	96
IGG1HN	identical	0	96	96
IGG1PCAN	identical	0	103	103
IGG1PCHN	identical	0	103	103
IGG1PN	code	16	102	102
IGG1QN	code	4	96	96
IGG1QNC	code	4	96	96
IGG1RN	identical	0	97	97
IGG1SN	code	6	103	103
IGG1TN	identical	0	109	109
IGG1XN	identical	0	88	88
IGG1YN	identical	0	109	109
IGG2A11	identical	0	108	108
IGG2G11	code	2	112	112
IGG2H11	identical	0	108	108
IGG2P11	code	2	112	112
IGG2T11	identical	0	145	145
IGG3AN	identical	0	81	81
IGG3HN	identical	0	81	81
IGG3PCAN	identical	0	87	87
IGG3PCHN	identical	0	83	83
IGG3PN	code	8	75	75
IGG3QN	code	2	69	69
IGG3QNC	code	2	69	69
IGG3RN	identical	0	79	79
IGG3SN	identical	0	103	103
IGG3TN	code	4	119	119
IGG3XN	identical	0	69	69
IGG3YN	identical	0	75	75
IGGMSG01	identical	0	471	471
IGGMSG02	identical	0	457	457
IGX00013	comment-only	0	6714	6714
IGX00014	comment-only	0	2680	2680
IGX00015	identical	0	201	201
IGX00026	identical	0	386	386
IGX00027	identical	0	204	204
IHCGSP01	identical	0	137	137
IHCGSP02	identical	0	109	109
IHCGSP03	identical	0	296	296
IHCGSP04	identical	0	248	248
IHDGSP01	identical	0	135	135
IHDGSP03	identical	0	293	293
IHEGSP03	identical	0	321	321
IHJACP00	comment-only	0	1445	1446
IHJACP01	identical	0	694	694
IHJACP02	identical	0	476	476
IHJACP20	identical	0	334	334
IHJACP25	code	1	895	895
IHJACP50	code	1	724	724
IHJACP70	identical	0	480	480
IHJARS00	identical	0	626	626
IHJARS01	identical	0	486	486
IHJARS60	identical	0	392	392
IHJQCP30	identical	0	784	784
IHJQCP31	identical	0	1584	1584
IHJQCP32	identical	0	854	854
IHJQRS20	identical	0	737	737
IHJQRS21	identical	0	1028	1028
IHJQRS22	identical	0	706	706
IHJQRS23	identical	0	425	425
IHJQRS24	identical	0	605	605
IKJ5803D	identical	0	236	236
IKJCB831	comment-only	0	3244	3244
IKJCT430	code	2199	3334	3330
IKJCT431	code	3173	4121	5011
IKJCT432	code	2819	4514	4756
IKJCT433	comment-only	0	5803	5803
IKJCT434	code	6	2848	2848
IKJCT435	code	1	175	175
IKJCT436	comment-only	0	6237	6237
IKJCT460	comment-only	0	1135	1135
IKJCT462	comment-only	0	3711	3711
IKJCT463	comment-only	0	3399	3399
IKJCT464	comment-only	0	1529	1529
IKJCT466	code	160	445	472
IKJCT467	identical	0	1941	1941
IKJCT469	code	470	2495	2493
IKJCT470	comment-only	0	778	778
IKJCT471	comment-only	0	841	841
IKJCT472	comment-only	0	510	510
IKJCT473	comment-only	0	1299	1299
IKJEBEAA	code	578	2801	2799
IKJEBEAE	code	970	918	1339
IKJEBEAR	code	29	32	34
IKJEBEAT	code	1	401	401
IKJEBEBO	code	1	174	174
IKJEBECH	code	3118	6529	6628
IKJEBECI	code	744	1017	1004
IKJEBECK	identical	0	34	34
IKJEBECO	code	136	870	867
IKJEBEDA	code	129	564	561
IKJEBEDC	code	207	576	775
IKJEBEDE	code	560	1058	1057
IKJEBEDO	code	188	443	442
IKJEBEDX	code	796	1148	1147
IKJEBEEN	code	6	919	920
IKJEBEEX	code	181	275	260
IKJEBEFC	code	248	763	765
IKJEBEFI	code	163	524	522
IKJEBEFO	identical	0	838	838
IKJEBEHE	code	1	169	169
IKJEBEIA	code	929	1981	1973
IKJEBEIP	code	2148	4136	4131
IKJEBEIS	code	1405	1399	2166
IKJEBELE	code	388	1465	1463
IKJEBELI	code	1551	1510	2266
IKJEBELT	code	3	793	793
IKJEBEM1	identical	0	125	125
IKJEBEM2	identical	0	151	151
IKJEBEM3	identical	0	115	115
IKJEBEM4	code	1	108	108
IKJEBEM5	comment-only	0	133	138
IKJEBEM6	identical	0	141	141
IKJEBEM7	identical	0	142	142
IKJEBEMA	code	690	1730	1724
IKJEBEMC	code	2407	3782	4572
IKJEBEME	identical	0	1070	1070
IKJEBEMR	code	1	333	333
IKJEBEMS	code	1	529	529
IKJEBEPS	identical	0	149	149
IKJEBERC	identical	0	33	33
IKJEBERE	code	1346	1974	1971
IKJEBERN	code	1	1111	1111
IKJEBERU	code	2428	3640	3654
IKJEBESA	code	2424	3512	3475
IKJEBESC	code	2039	3442	4219
IKJEBESE	code	287	456	449
IKJEBESU	code	798	1300	2089
IKJEBETA	code	354	432	426
IKJEBETO	code	1	182	182
IKJEBEUI	code	470	809	800
IKJEBEUN	code	623	1068	1252
IKJEBEUP	code	175	401	400
IKJEBEUT	code	150	345	344
IKJEBEVE	code	1	196	196
IKJEE100	code	1953	2548	3287
IKJEE150	code	560	963	1059
IKJEE1A0	comment-only	0	507	507
IKJEES10	code	1436	1934	2122
IKJEES11	code	1279	1651	1664
IKJEES20	code	278	188	282
IKJEES40	comment-only	0	1876	1876
IKJEES70	code	1158	2018	2015
IKJEES74	code	9	232	232
IKJEES75	code	55	895	894
IKJEFA00	comment-only	0	1689	1689
IKJEFA01	identical	0	238	238
IKJEFA10	comment-only	0	1885	1885
IKJEFA11	identical	0	320	320
IKJEFA12	comment-only	0	1667	1667
IKJEFA13	comment-only	0	2129	2129
IKJEFA20	comment-only	0	2505	2505
IKJEFA21	code	23	466	465
IKJEFA22	comment-only	0	2446	2446
IKJEFA23	comment-only	0	1907	1907
IKJEFA24	comment-only	0	867	867
IKJEFA30	comment-only	0	2198	2199
IKJEFA31	identical	0	408	408
IKJEFA32	comment-only	0	1184	1184
IKJEFA40	comment-only	0	1070	1071
IKJEFA41	identical	0	199	199
IKJEFA42	code	104	2119	2197
IKJEFA51	comment-only	0	846	846
IKJEFA52	comment-only	0	481	481
IKJEFA53	comment-only	0	339	339
IKJEFA54	comment-only	0	417	417
IKJEFA55	code	132	1511	1519
IKJEFATT	code	506	2489	2620
IKJEFD00	identical	0	4019	4019
IKJEFD20	code	2135	2610	3262
IKJEFD30	code	175	1036	1200
IKJEFD31	identical	0	78	78
IKJEFD32	code	2039	3236	3248
IKJEFD33	code	696	1339	1349
IKJEFD34	code	250	1722	1955
IKJEFD35	code	200	623	817
IKJEFD36	code	780	1020	1788
IKJEFD37	code	2281	3140	3181
IKJEFE01	comment-only	0	1358	1358
IKJEFE02	comment-only	0	2489	2489
IKJEFE03	comment-only	0	3064	3064
IKJEFE04	comment-only	0	1442	1442
IKJEFE05	comment-only	0	3539	3539
IKJEFE06	identical	0	283	283
IKJEFE11	code	471	1009	1078
IKJEFE15	code	286	618	654
IKJEFE16	code	3	130	130
IKJEFF00	comment-only	0	4461	4461
IKJEFF01	code	161	417	445
IKJEFF02	code	1585	3045	3203
IKJEFF03	comment-only	0	830	830
IKJEFF04	comment-only	0	4125	4125
IKJEFF05	comment-only	0	2732	2732
IKJEFF06	comment-only	0	621	621
IKJEFF07	comment-only	0	1499	1499
IKJEFF08	comment-only	0	737	737
IKJEFF09	comment-only	0	837	837
IKJEFF10	identical	0	145	145
IKJEFF12	comment-only	0	724	724
IKJEFF13	comment-only	0	1187	1187
IKJEFF15	comment-only	0	1125	1125
IKJEFF16	comment-only	0	1440	1440
IKJEFF18	comment-only	0	4573	4573
IKJEFF19	comment-only	0	4151	4151
IKJEFF20	comment-only	0	931	931
IKJEFF49	comment-only	0	1357	1357
IKJEFF50	code	1097	924	1491
IKJEFF51	comment-only	0	1043	1043
IKJEFF52	comment-only	0	2063	2063
IKJEFF53	comment-only	0	350	350
IKJEFF54	comment-only	0	1483	1483
IKJEFF55	identical	0	611	611
IKJEFF56	code	276	479	505
IKJEFF57	comment-only	0	1402	1402
IKJEFF58	code	1	73	73
IKJEFF76	identical	0	377	377
IKJEFF77	identical	0	73	73
IKJEFG00	code	1035	2274	2303
IKJEFH00	identical	0	142	142
IKJEFH01	code	1067	1977	2032
IKJEFH02	code	357	787	784
IKJEFH03	code	243	401	393
IKJEFL00	code	74	149	220
IKJEFLA	comment-only	0	2599	2599
IKJEFLB	comment-only	0	2513	2513
IKJEFLC	comment-only	0	3129	3129
IKJEFLCM	identical	0	72	72
IKJEFLE	comment-only	0	8701	8701
IKJEFLEA	comment-only	0	3970	3970
IKJEFLF	identical	0	320	320
IKJEFLG	comment-only	0	1500	1500
IKJEFLGB	comment-only	0	2367	2367
IKJEFLGH	identical	0	53	53
IKJEFLGM	comment-only	0	2079	2079
IKJEFLGN	identical	0	1101	1101
IKJEFLH	comment-only	0	1410	1410
IKJEFLI	comment-only	0	4713	4713
IKJEFLJ	comment-only	0	2605	2605
IKJEFLK	comment-only	0	2922	2922
IKJEFLL	comment-only	0	3330	3330
IKJEFLLM	identical	0	114	114
IKJEFLPA	comment-only	0	1129	1190
IKJEFLS	comment-only	0	2097	2097
IKJEFP00	identical	0	7283	7283
IKJEFP03	identical	0	1620	1620
IKJEFP10	identical	0	143	143
IKJEFP20	code	4	1156	1156
IKJEFP30	identical	0	704	704
IKJEFP40	code	3	590	590
IKJEFP60	comment-only	0	10283	10283
IKJEFR00	code	2581	3676	3877
IKJEFT01	comment-only	0	5964	5964
IKJEFT02	comment-only	0	7193	7193
IKJEFT03	comment-only	0	2339	2339
IKJEFT04	comment-only	0	2564	2564
IKJEFT05	comment-only	0	4295	4295
IKJEFT06	identical	0	568	568
IKJEFT07	comment-only	0	1825	1825
IKJEFT08	comment-only	0	4982	4982
IKJEFT09	identical	0	264	264
IKJEFT25	comment-only	0	1808	1808
IKJEFT30	comment-only	0	2586	2586
IKJEFT35	identical	0	623	623
IKJEFT40	comment-only	0	545	545
IKJEFT45	comment-only	0	947	947
IKJEFT52	comment-only	0	230	230
IKJEFT53	comment-only	0	166	166
IKJEFT54	comment-only	0	489	489
IKJEFT55	comment-only	0	2108	2108
IKJEFT56	comment-only	0	484	484
IKJEFT80	code	3220	4971	4963
IKJEFT82	code	2256	2007	3148
IKJEFTE2	identical	0	106	106
IKJEFTE8	identical	0	105	105
IKJEFTNS	identical	0	131	131
IKJEFTSC	identical	0	1102	1102
IKJEFXSR	comment-only	0	2161	2161
IKJEGASN	identical	0	1019	1019
IKJEGAT	code	724	2261	2252
IKJEGATD	code	1	576	576
IKJEGATN	code	443	641	617
IKJEGCIV	code	293	473	484
IKJEGCPY	identical	0	956	956
IKJEGCVT	code	2824	3484	3614
IKJEGDCB	code	1	1116	1116
IKJEGDEB	code	1	1177	1177
IKJEGEND	identical	0	325	325
IKJEGEQU	code	915	1305	1303
IKJEGGO	code	534	1364	1362
IKJEGINT	code	1163	1555	1660
IKJEGIO	code	2503	4804	4906
IKJEGLDF	code	1321	1660	1597
IKJEGLDR	code	299	591	590
IKJEGLSA	code	1355	1843	1801
IKJEGLST	code	1318	1919	1872
IKJEGMAP	code	375	847	844
IKJEGMNL	code	1356	1997	2069
IKJEGMSG	code	4187	3463	4188
IKJEGOFF	code	605	1411	1395
IKJEGPCH	code	2	956	956
IKJEGPSW	identical	0	815	815
IKJEGQFY	code	869	1227	1284
IKJEGSCD	identical	0	9	9
IKJEGSRH	code	112	541	540
IKJEGSTA	code	597	811	874
IKJEGSYM	code	1405	2420	2407
IKJEGTCB	code	2	1556	1556
IKJEGWHR	code	1084	1280	1258
IKJEHAL1	code	1366	2128	2134
IKJEHCIR	comment-only	0	2109	2109
IKJEHDEF	identical	0	1115	1115
IKJEHDS1	code	2854	3981	3760
IKJEHMEM	identical	0	591	591
IKJEHPRO	code	509	1321	1334
IKJEHREN	code	1909	2511	2477
IKJEHSIR	code	2	879	879
IKJL4T00	identical	0	702	702
IKJNULL	identical	0	83	83
IKJRBBCM	code	1	54	54
IKJRBBCR	comment-only	0	1256	1257
IKJRBBMC	comment-only	0	1455	1455
IKJRBBMG	identical	0	156	156
IKJRBBMP	comment-only	0	1937	1937
IKJRBBU0	comment-only	0	8396	8396
IKJRBBU1	identical	0	456	456
IKJTTRM0	identical	0	251	251
IKT0009C	identical	0	215	215
IKT0009D	comment-only	0	136	136
IKT09401	identical	0	1575	1575
IKT09404	comment-only	0	1322	1322
IKT09405	comment-only	0	265	265
IKT09409	comment-only	0	1411	1411
IKT0940A	comment-only	0	563	563
IKT0940C	comment-only	0	1390	1390
IKT0940D	comment-only	0	307	307
IKT0940E	comment-only	0	1464	1464
IKT0940F	comment-only	0	2453	2453
IKT09412	comment-only	0	508	508
IKT09413	comment-only	0	505	505
IKT09414	comment-only	0	264	264
IKT3270I	comment-only	0	3405	3405
IKT3270O	comment-only	0	6017	6017
IKT93EST	comment-only	0	2566	2566
IKTASCII	identical	0	59	59
IKTASTPT	comment-only	0	3210	3210
IKTATTN	identical	0	1815	1815
IKTAY8	comment-only	0	3958	3958
IKTCAS00	comment-only	0	2678	2678
IKTCAS20	comment-only	0	642	642
IKTCAS21	comment-only	0	801	801
IKTCAS22	identical	0	469	469
IKTCAS23	comment-only	0	2990	2990
IKTCAS24	comment-only	0	759	759
IKTCAS30	comment-only	0	538	538
IKTCAS31	comment-only	0	2287	2287
IKTCAS32	comment-only	0	1197	1197
IKTCAS33	comment-only	0	848	848
IKTCAS40	comment-only	0	922	922
IKTCAS41	comment-only	0	746	746
IKTCAS42	comment-only	0	743	743
IKTCAS51	identical	0	249	249
IKTCAS52	comment-only	0	1183	1183
IKTCAS53	comment-only	0	1218	1218
IKTCAS54	code	671	3435	4077
IKTCAS55	comment-only	0	858	858
IKTCAS56	comment-only	0	254	254
IKTCASCX	comment-only	0	2054	2054
IKTCASOX	comment-only	0	2033	2033
IKTEXIT	comment-only	0	1854	1854
IKTIIOM	comment-only	0	2137	2137
IKTIMIDS	comment-only	0	3224	3224
IKTIMLU2	comment-only	0	4317	4317
IKTIOFRR	comment-only	0	2898	2898
IKTIST00	comment-only	0	2117	2117
IKTLOGFF	comment-only	0	2131	2131
IKTLOGR	comment-only	0	2147	2147
IKTLTERM	comment-only	0	5794	5794
IKTMSGS	identical	0	172	172
IKTOMIDS	comment-only	0	3548	3548
IKTOMLU2	comment-only	0	4581	4581
IKTQMIN	comment-only	0	4600	4600
IKTRPLXT	comment-only	0	1314	1314
IKTTIMRT	comment-only	0	3842	3842
IKTTOMJR	comment-only	0	2144	2144
IKTTOMRT	comment-only	0	7256	7256
IKTVTGET	comment-only	0	4255	4255
IKTVTPUT	comment-only	0	3326	3326
IKTXINIT	comment-only	0	4211	4211
IKTXLOG	identical	0	774	774
IKTXMTPT	comment-only	0	2522	2522
ILRACT	comment-only	0	2948	2948
ILRASM00	identical	0	96	96
ILRASRIM	code	935	7927	9941
ILRCMP	code	7	2949	5189
ILRCMP01	code	4	983	2918
ILRFMT00	comment-only	0	11144	11144
ILRFMTCV	comment-only	0	9247	9247
ILRFMTPG	comment-only	0	4290	4290
ILRFMTSW	comment-only	0	7775	7775
ILRFRR01	code	228	2215	4844
ILRFRSLT	code	5	542	2021
ILRGOS	code	16	2896	4454
ILRGOS01	code	890	3167	5239
ILRIMMSG	code	6	1919	2292
ILRIOFRR	code	19	2967	5129
ILRJTERM	comment-only	0	575	2347
ILRMSG00	code	17	1732	4016
ILROPS00	code	3895	2663	5180
ILRPAGCM	code	32	2348	4161
ILRPAGIO	code	8	1513	3089
ILRPEX	code	5	331	1453
ILRPGEXP	comment-only	0	4900	4900
ILRPOS	code	13	2207	3848
ILRPREAD	comment-only	0	3566	3566
ILRPTM	code	15	2442	4053
ILRQSRIT	code	4	513	1738
ILRRLG	comment-only	0	2874	2874
ILRSAV	comment-only	0	3322	3322
ILRSLOTC	identical	0	88	88
ILRSRB01	comment-only	0	881	2856
ILRSRBC	code	195	1134	2743
ILRSRT	code	357	4775	6459
ILRSRT01	code	13	1715	3653
ILRSWAP	code	13	1930	3701
ILRSWP01	code	5	1538	3781
ILRSWPDR	code	14	417	2098
ILRTERMR	code	9	2493	5004
ILRTMI00	comment-only	0	4725	4725
ILRTMI01	comment-only	0	3889	3889
ILRTMRLG	comment-only	0	3128	3128
ILRVIOCM	code	5	481	2185
ILRVSAMI	comment-only	0	5515	5515
IMDUSRFF	comment-only	0	1481	1481
IOEDKCLS	identical	0	1339	1339
IOEDKGET	comment-only	0	1241	1241
IOEDKMSG	comment-only	0	864	864
IOEDKOPN	comment-only	0	3482	3482
IOEDKPUT	comment-only	0	1927	1927
IOEDKRDR	comment-only	0	7431	7431
IOEDKWTR	comment-only	0	6644	6644
IOEESTAE	comment-only	0	1140	1140
IOESDKTI	comment-only	0	3965	3965
IOESDKTO	comment-only	0	4405	4405
IQADVM00	identical	0	11	11
IQARIH00	identical	0	35	35
IRARMCNS	identical	0	209	209
IRARMCPM	code	14	1447	3594
IRARMCPU	identical	0	96	96
IRARMCTL	code	19	3523	5667
IRARMERR	code	123	1682	3960
IRARMEVT	code	381	6993	8816
IRARMINT	code	7	950	2674
IRARMIOM	code	14	2504	5356
IRARMIPS	code	56	6721	7979
IRARMMSG	identical	0	119	119
IRARMRMR	code	4	700	2760
IRARMSET	comment-only	0	1282	1282
IRARMSRV	code	148	1092	3413
IRARMSTM	code	7	2397	4681
IRARMWAR	comment-only	0	3136	3136
IRARMWLM	code	9	2395	4592
IRBMFALL	comment-only	0	341	341
IRBMFANL	code	4	323	393
IRBMFCNV	comment-only	0	1820	1820
IRBMFDCP	comment-only	0	2970	2970
IRBMFDDP	comment-only	0	2564	2564
IRBMFDEA	comment-only	0	724	724
IRBMFDHP	comment-only	0	1971	1971
IRBMFDPP	identical	0	2107	2107
IRBMFDSP	identical	0	28	28
IRBMFDTA	code	640	1651	1663
IRBMFDTP	code	1	5	5
IRBMFDWP	comment-only	0	3313	3313
IRBMFECH	comment-only	0	2095	2095
IRBMFEDV	comment-only	0	924	924
IRBMFEVT	identical	0	270	270
IRBMFFUR	identical	0	68	68
IRBMFICP	identical	0	998	998
IRBMFIDV	comment-only	0	3203	3203
IRBMFIHA	comment-only	0	2723	2723
IRBMFINP	code	4205	8174	8190
IRBMFIOI	code	2073	3543	3603
IRBMFIPG	identical	0	393	393
IRBMFISP	identical	0	28	28
IRBMFITR	identical	0	28	28
IRBMFIWK	comment-only	0	2456	2456
IRBMFLAV	identical	0	28	28
IRBMFLCV	identical	0	42	42
IRBMFLDV	identical	0	54	54
IRBMFLHV	identical	0	48	48
IRBMFLMV	identical	0	105	105
IRBMFLPV	identical	0	89	89
IRBMFLSV	identical	0	28	28
IRBMFLTV	identical	0	38	38
IRBMFLWV	identical	0	60	60
IRBMFMFC	code	782	1455	1682
IRBMFMLN	comment-only	0	826	826
IRBMFMPR	comment-only	0	1174	1174
IRBMFRCR	comment-only	0	1305	1305
IRBMFRDR	comment-only	0	1581	1581
IRBMFRGM	code	1401	3098	3123
IRBMFRHR	comment-only	0	1822	1822
IRBMFRPR	comment-only	0	5327	5327
IRBMFRSR	identical	0	28	28
IRBMFRTR	identical	0	28	28
IRBMFRWR	comment-only	0	4548	4548
IRBMFSAR	code	927	1558	1572
IRBMFSDE	code	5	499	499
IRBMFTCH	comment-only	0	1097	1097
IRBMFTMA	code	6	2617	2617
IRBMFTRM	code	1577	2144	2164
IRBMFTTB	code	20	26	5
ISDAAPR0	comment-only	0	1775	1775
ISDAAPR1	code	9	3294	3294
ISDACNFG	comment-only	0	2578	2578
ISDACSB0	comment-only	0	1489	1489
ISDACSB1	comment-only	0	1946	1946
ISDADAT0	comment-only	0	665	665
ISDADAT1	code	13	664	664
ISDADCK0	comment-only	0	1048	1048
ISDADCK1	code	16	1365	1365
ISDADCS0	comment-only	0	915	915
ISDADCS1	code	11	2536	2536
ISDADHE0	comment-only	0	1572	1572
ISDADHE1	code	11	2443	2443
ISDADRC0	comment-only	0	620	620
ISDADRC1	code	9	585	585
ISDAEQC0	comment-only	0	1344	1344
ISDAEQC1	comment-only	0	1243	1243
ISDAFSC0	comment-only	0	2613	2613
ISDAFSC1	comment-only	0	1421	1421
ISDAFSC2	comment-only	0	1005	1005
ISDAGEN0	comment-only	0	736	736
ISDAGET0	identical	0	396	396
ISDAHEXP	comment-only	0	377	377
ISDAHIST	comment-only	0	435	435
ISDALOG0	comment-only	0	601	601
ISDAOPT0	comment-only	0	1104	1104
ISDAPAD0	comment-only	0	1638	1638
ISDAPAD1	comment-only	0	5188	5188
ISDAPARM	code	5	3279	3279
ISDAPRT0	comment-only	0	648	648
ISDAPWR0	identical	0	60	60
ISDAPWR1	identical	0	60	60
ISDASDA0	comment-only	0	3926	3926
ISDASUM0	comment-only	0	3393	3393
ISDASUM1	code	11	1453	1453
ISDASUM2	identical	0	837	837
ISDATYPE	comment-only	0	453	453
ISTAICCK	comment-only	0	949	949
ISTAICIR	comment-only	0	4600	4600
ISTAICPT	comment-only	0	5429	5429
ISTAICTN	comment-only	0	952	952
ISTAPC11	comment-only	0	6006	6006
ISTAPC12	comment-only	0	4841	4841
ISTAPC22	code	322	1043	3951
ISTAPC23	comment-only	0	4587	4587
ISTAPC25	comment-only	0	5322	5322
ISTAPC31	comment-only	0	3433	3433
ISTAPC32	comment-only	0	1746	1746
ISTAPC33	comment-only	0	3539	3539
ISTAPC34	comment-only	0	1365	1365
ISTAPC35	comment-only	0	1386	1386
ISTAPC36	comment-only	0	1349	1349
ISTAPC37	comment-only	0	2463	2463
ISTAPC38	comment-only	0	2429	2429
ISTAPC41	comment-only	0	1321	1321
ISTAPC51	comment-only	0	2479	2479
ISTAPC52	comment-only	0	3861	3861
ISTAPC53	comment-only	0	2231	2231
ISTAPC54	comment-only	0	4083	4083
ISTAPC55	comment-only	0	4013	4013
ISTAPC56	comment-only	0	2503	2503
ISTAPC57	comment-only	0	2366	2366
ISTAPC58	comment-only	0	3438	3438
ISTAPC59	comment-only	0	3052	3052
ISTAPC61	comment-only	0	4583	4583
ISTAPC62	comment-only	0	4542	4542
ISTAPC63	comment-only	0	2798	2798
ISTAPC64	comment-only	0	2647	2647
ISTAPC66	comment-only	0	3540	3540
ISTAPC83	comment-only	0	2674	2674
ISTAPC84	comment-only	0	3690	3690
ISTAPM69	comment-only	0	484	484
ISTATM00	comment-only	0	5755	5755
ISTATM10	comment-only	0	3392	3392
ISTAUCAG	identical	0	59	59
ISTAUCAT	identical	0	59	59
ISTCC010	comment-only	0	1570	1570
ISTCC011	comment-only	0	3207	3207
ISTCC012	comment-only	0	783	783
ISTCC013	identical	0	1271	1271
ISTCC014	comment-only	0	3113	3113
ISTCC015	comment-only	0	1138	1138
ISTCC016	comment-only	0	3008	3008
ISTCFCDP	comment-only	0	6293	6293
ISTCFCMM	identical	0	704	704
ISTCFCPC	comment-only	0	5812	5812
ISTCFCPO	comment-only	0	5771	5771
ISTCFCR1	comment-only	0	8984	8984
ISTCFCR2	comment-only	0	8734	8734
ISTCFCRP	comment-only	0	6322	6322
ISTCFCS1	comment-only	0	9111	9111
ISTCFCS2	comment-only	0	8889	8889
ISTCFF3D	comment-only	0	3045	3045
ISTCFMMI	code	638	476	917
ISTCFMTM	comment-only	0	3445	3445
ISTCRCR4	comment-only	0	5093	5093
ISTCSCAC	comment-only	0	2463	2463
ISTCSCAQ	comment-only	0	3739	3739
ISTCSCCL	comment-only	0	3225	3225
ISTCSCLG	comment-only	0	2166	2166
ISTCSCMR	comment-only	0	6520	6520
ISTCSCPS	comment-only	0	2430	2430
ISTCSCRL	comment-only	0	5190	5190
ISTDCC00	comment-only	0	5386	5386
ISTDCC02	comment-only	0	4870	4870
ISTDCC10	comment-only	0	3571	3571
ISTDCC11	comment-only	0	5456	5456
ISTDCC12	comment-only	0	4922	4922
ISTDCC13	comment-only	0	2496	2496
ISTDCC20	comment-only	0	4308	4308
ISTDCC21	comment-only	0	5056	5056
ISTDCC22	comment-only	0	4553	4553
ISTDCC23	comment-only	0	2606	2606
ISTDCC24	comment-only	0	4047	4047
ISTDCC25	comment-only	0	5184	5184
ISTDCC30	comment-only	0	4566	4566
ISTDCC31	comment-only	0	4036	4036
ISTDCC32	comment-only	0	3860	3860
ISTDCC35	comment-only	0	5484	5484
ISTDCC40	comment-only	0	5244	5244
ISTDCC41	comment-only	0	3339	3339
ISTDCC42	comment-only	0	3393	3393
ISTDCC50	comment-only	0	6828	6828
ISTDCC51	comment-only	0	2766	2766
ISTDCC60	comment-only	0	3634	3634
ISTDCC61	comment-only	0	3364	3364
ISTDCC80	comment-only	0	4955	4955
ISTDCC81	comment-only	0	5771	5771
ISTDCC85	comment-only	0	2354	2354
ISTDVCBA	identical	0	451	451
ISTDVCRC	identical	0	405	405
ISTEC000	identical	0	47	47
ISTEC123	identical	0	1032	1032
ISTEC456	identical	0	1012	1012
ISTEC789	identical	0	858	858
ISTESC01	identical	0	1881	1881
ISTESC02	comment-only	0	2822	2822
ISTIC000	comment-only	0	4799	4799
ISTIC001	comment-only	0	3763	3763
ISTIC002	comment-only	0	3467	3467
ISTIC003	comment-only	0	1601	1601
ISTIC004	comment-only	0	2584	2584
ISTIC005	comment-only	0	1847	1847
ISTIC006	comment-only	0	1591	1591
ISTIC007	code	1	1033	1033
ISTIC008	comment-only	0	1353	1353
ISTIC009	comment-only	0	1480	1480
ISTIC00A	comment-only	0	2238	2238
ISTINC02	comment-only	0	2669	2669
ISTINC05	comment-only	0	4297	4297
ISTINC32	comment-only	0	1082	1082
ISTINCA0	comment-only	0	2003	2003
ISTINCAW	comment-only	0	6922	6922
ISTINCBL	code	1221	1047	2064
ISTINCCC	comment-only	0	8481	8481
ISTINCCF	comment-only	0	2265	2265
ISTINCCL	comment-only	0	9869	9869
ISTINCD0	comment-only	0	4348	4348
ISTINCD1	identical	0	4629	4629
ISTINCD2	identical	0	7302	7302
ISTINCD3	comment-only	0	4653	4653
ISTINCD4	comment-only	0	6547	6547
ISTINCD5	comment-only	0	7391	7391
ISTINCD6	comment-only	0	6585	6585
ISTINCD7	code	3070	3998	6471
ISTINCD8	comment-only	0	7842	7842
ISTINCD9	comment-only	0	10326	10326
ISTINCDL	comment-only	0	6984	6984
ISTINCDP	comment-only	0	2004	2004
ISTINCDT	identical	0	142	142
ISTINCDU	comment-only	0	1623	1623
ISTINCE0	comment-only	0	7175	7175
ISTINCE1	comment-only	0	8253	8253
ISTINCE2	comment-only	0	6300	6300
ISTINCE3	comment-only	0	6365	6365
ISTINCE4	comment-only	0	3994	3994
ISTINCE5	comment-only	0	6266	6327
ISTINCE6	comment-only	0	6708	6708
ISTINCE7	comment-only	0	4421	4421
ISTINCE8	comment-only	0	7298	7298
ISTINCE9	comment-only	0	6107	6107
ISTINCF1	comment-only	0	3245	3245
ISTINCF3	comment-only	0	7080	7080
ISTINCF4	comment-only	0	5242	5242
ISTINCF9	comment-only	0	2571	2571
ISTINCFE	identical	0	4729	4729
ISTINCFM	identical	0	3078	3078
ISTINCFS	comment-only	0	13205	13205
ISTINCHT	comment-only	0	4973	4973
ISTINCIB	comment-only	0	1252	1252
ISTINCIO	comment-only	0	9247	9247
ISTINCIP	identical	0	1006	1006
ISTINCIT	identical	0	1458	1458
ISTINCL0	comment-only	0	6208	6208
ISTINCL1	comment-only	0	4919	4919
ISTINCL2	identical	0	6502	6502
ISTINCL3	comment-only	0	6737	6737
ISTINCL4	comment-only	0	7542	7542
ISTINCL5	identical	0	5798	5798
ISTINCL6	identical	0	5816	5816
ISTINCL7	comment-only	0	7867	7867
ISTINCL8	comment-only	0	9374	9374
ISTINCLF	comment-only	0	5288	5288
ISTINCLM	identical	0	129	129
ISTINCMD	comment-only	0	7117	7117
ISTINCMR	identical	0	1983	1983
ISTINCMS	comment-only	0	12786	12786
ISTINCMY	comment-only	0	9552	9552
ISTINCNS	comment-only	0	4527	4527
ISTINCOE	identical	0	1861	1861
ISTINCOI	identical	0	1248	1248
ISTINCOQ	comment-only	0	1026	1026
ISTINCOS	code	2338	2164	4492
ISTINCPD	comment-only	0	4154	4154
ISTINCPH	comment-only	0	2833	2833
ISTINCQB	comment-only	0	7629	7629
ISTINCQE	comment-only	0	4164	4164
ISTINCR1	comment-only	0	4955	4955
ISTINCR2	comment-only	0	7911	7911
ISTINCR3	comment-only	0	5071	5071
ISTINCR4	comment-only	0	6579	6579
ISTINCR5	comment-only	0	10272	10272
ISTINCR6	comment-only	0	6657	6657
ISTINCRD	comment-only	0	4095	4095
ISTINCRF	comment-only	0	3654	3654
ISTINCRP	comment-only	0	2897	2897
ISTINCRR	comment-only	0	7308	7308
ISTINCRS	comment-only	0	826	826
ISTINCS1	comment-only	0	4283	4283
ISTINCSD	identical	0	43	43
ISTINCSH	comment-only	0	1546	1546
ISTINCSM	comment-only	0	5437	5437
ISTINCST	comment-only	0	3635	3635
ISTINCTE	comment-only	0	3274	3274
ISTINCTM	identical	0	1250	1250
ISTINCTR	comment-only	0	6362	6362
ISTINCU0	comment-only	0	7374	7374
ISTINCU1	comment-only	0	5517	5517
ISTINCU2	code	2	4380	4380
ISTINCU3	comment-only	0	7985	7985
ISTINCU4	comment-only	0	6613	6613
ISTINCU5	comment-only	0	6679	6679
ISTINCU6	code	2914	2750	4787
ISTINCU7	code	827	6025	4732
ISTINCU8	identical	0	4591	4591
ISTINCUA	comment-only	0	8186	8186
ISTINCUB	comment-only	0	3521	3521
ISTINCUM	comment-only	0	6061	6061
ISTINCUQ	comment-only	0	4421	4421
ISTINCV2	comment-only	0	7605	7605
ISTINCV3	comment-only	0	4083	4083
ISTINCV4	comment-only	0	6444	6444
ISTINCV5	comment-only	0	6478	6478
ISTINCV6	comment-only	0	4809	4809
ISTINCV8	comment-only	0	5049	5049
ISTINCV9	comment-only	0	5373	5373
ISTINCVA	comment-only	0	11234	11234
ISTINCVI	comment-only	0	11778	11778
ISTINCVN	comment-only	0	6456	6456
ISTINCVO	comment-only	0	7594	7594
ISTINCVP	comment-only	0	10989	10989
ISTINCVS	comment-only	0	6526	6526
ISTINCVX	comment-only	0	8158	8158
ISTINCW0	comment-only	0	6198	6198
ISTINCW2	identical	0	6489	6489
ISTINCW3	comment-only	0	3482	3482
ISTINCW4	comment-only	0	12401	12401
ISTINCW5	comment-only	0	4569	4569
ISTINCW6	comment-only	0	4050	4050
ISTINCW7	comment-only	0	4350	4350
ISTINCW8	comment-only	0	5013	5013
ISTINCW9	comment-only	0	6755	6755
ISTINCX0	comment-only	0	7899	7899
ISTINCX1	comment-only	0	7082	7082
ISTINCX2	comment-only	0	6445	6445
ISTINCX3	comment-only	0	4591	4591
ISTINCX6	comment-only	0	6303	6303
ISTINCX7	identical	0	7315	7315
ISTINCX8	comment-only	0	4155	4155
ISTINCX9	comment-only	0	5279	5279
ISTINCXM	comment-only	0	4335	4335
ISTINCXR	comment-only	0	3150	3150
ISTINCY0	comment-only	0	8587	8587
ISTINCY1	comment-only	0	5028	5028
ISTINCY3	comment-only	0	5375	5375
ISTINCY4	comment-only	0	6593	6593
ISTINCY5	comment-only	0	7340	7340
ISTINFIC	identical	0	5684	5684
ISTINFXI	comment-only	0	4225	4225
ISTINM01	comment-only	0	4571	4571
ISTINMAD	comment-only	0	1461	1461
ISTINMAL	comment-only	0	1200	1200
ISTINMAV	code	3251	2665	5893
ISTINMDD	comment-only	0	3011	3011
ISTINMN8	code	2831	988	3814
ISTNMC1S	comment-only	0	5459	5459
ISTNMC2S	identical	0	6563	6563
ISTNMC3S	comment-only	0	6542	6542
ISTNMC4P	comment-only	0	5478	5478
ISTNMC4S	comment-only	0	5203	5203
ISTNMC5P	comment-only	0	4564	4564
ISTNMC5S	comment-only	0	5245	5245
ISTNMC6P	comment-only	0	4765	4765
ISTNMC6S	comment-only	0	8908	8908
ISTNMC7P	identical	0	3607	3607
ISTNMC7S	comment-only	0	5981	5981
ISTNMC8P	identical	0	4493	4493
ISTNMC9P	comment-only	0	6489	6489
ISTNMCCA	identical	0	3081	3081
ISTNMCCB	comment-only	0	4344	4344
ISTNMCCF	identical	0	3734	3734
ISTNMCCI	comment-only	0	4470	4470
ISTNMCCO	identical	0	4147	4147
ISTNMCCR	identical	0	3297	3297
ISTNMCCS	identical	0	2933	2933
ISTNMCCT	comment-only	0	4086	4086
ISTNMCCZ	identical	0	4048	4048
ISTNSC00	code	265	268	7
ISTOCCCA	comment-only	0	3495	3495
ISTOCCCB	comment-only	0	4620	4620
ISTOCCCC	comment-only	0	9056	9056
ISTOCCCH	comment-only	0	6721	6721
ISTOCCCL	comment-only	0	9273	9273
ISTOCCCM	comment-only	0	5114	5114
ISTOCCCN	comment-only	0	7147	7147
ISTOCCDF	comment-only	0	1888	1888
ISTOCCFB	comment-only	0	8650	8650
ISTOCCFD	comment-only	0	5152	5152
ISTOCCFO	comment-only	0	3658	3658
ISTOCCFR	comment-only	0	6824	6824
ISTOCCLD	comment-only	0	5696	5696
ISTOCCMD	comment-only	0	6142	6142
ISTOCCNV	identical	0	3897	3897
ISTOCCOA	comment-only	0	3839	3839
ISTOCCOB	comment-only	0	6157	6157
ISTOCCOC	comment-only	0	6602	6602
ISTOCCOD	comment-only	0	7601	7601
ISTOCCOE	comment-only	0	11682	11682
ISTOCCOF	comment-only	0	4980	4980
ISTOCCQU	comment-only	0	5945	5945
ISTOCCRD	comment-only	0	4678	4678
ISTOCCRL	comment-only	0	3370	3370
ISTOCCRT	comment-only	0	4823	4823
ISTOCCSA	comment-only	0	2171	2171
ISTOCCSD	comment-only	0	2640	2640
ISTOCCSL	identical	0	2510	2510
ISTOCCUR	comment-only	0	5594	5594
ISTOCFCX	comment-only	0	4967	4967
ISTOCMDC	comment-only	0	853	853
ISTORFBA	comment-only	0	2702	2702
ISTORFBD	comment-only	0	1998	1998
ISTORFBF	comment-only	0	569	569
ISTORFBQ	comment-only	0	4073	4073
ISTORFID	comment-only	0	169	169
ISTORFPO	comment-only	0	8172	8172
ISTORFPR	comment-only	0	1684	1684
ISTORFRA	comment-only	0	1671	1671
ISTORFSR	comment-only	0	2974	2974
ISTORMMG	comment-only	0	2207	2207
ISTORMRL	comment-only	0	2565	2565
ISTPATCH	identical	0	32	32
ISTRACCA	identical	0	330	330
ISTRACCR	identical	0	181	181
ISTRACTB	comment-only	0	4975	4975
ISTRACTL	comment-only	0	3216	3216
ISTRAFD1	comment-only	0	8179	8179
ISTRAFTP	comment-only	0	4588	4588
ISTRAMA1	comment-only	0	7537	7537
ISTRAMA2	comment-only	0	10013	10013
ISTRAMA3	comment-only	0	4103	4103
ISTRAMA4	comment-only	0	3326	3326
ISTRCC21	comment-only	0	4470	4470
ISTRCC22	comment-only	0	4252	4252
ISTRCC23	comment-only	0	3114	3114
ISTRCC26	comment-only	0	3510	3510
ISTRCC30	comment-only	0	3348	3348
ISTRCC51	comment-only	0	4974	4974
ISTRCC52	comment-only	0	4305	4305
ISTRCC53	comment-only	0	3425	3425
ISTRCC54	comment-only	0	3401	3401
ISTRCC63	comment-only	0	4247	4247
ISTRCC65	identical	0	2455	2455
ISTRCC80	identical	0	3165	3165
ISTRCC81	comment-only	0	3853	3853
ISTRCFY0	comment-only	0	3266	3266
ISTSC020	comment-only	0	1599	1599
ISTSC021	comment-only	0	275	275
ISTSC022	comment-only	0	1376	1376
ISTSC023	identical	0	142	142
ISTSC024	comment-only	0	3011	3011
ISTSC025	comment-only	0	1887	1887
ISTSC026	identical	0	90	90
ISTSC027	comment-only	0	3764	3764
ISTSC028	comment-only	0	801	801
ISTSC029	comment-only	0	2314	2314
ISTSC02A	comment-only	0	789	789
ISTSC02B	comment-only	0	355	355
ISTSC02C	comment-only	0	1020	1020
ISTSC02D	comment-only	0	655	655
ISTSC02E	identical	0	833	833
ISTSC02F	comment-only	0	4459	4459
ISTSC030	comment-only	0	5188	5188
ISTSC031	comment-only	0	3154	3154
ISTSC032	comment-only	0	3058	3058
ISTSC033	comment-only	0	1539	1539
ISTSC034	comment-only	0	6553	6553
ISTSDCAL	comment-only	0	2410	2410
ISTSDCAP	comment-only	0	6204	6204
ISTSDCBU	comment-only	0	3029	3029
ISTSDCC1	comment-only	0	3560	3560
ISTSDCC2	code	2	2008	2008
ISTSDCC3	comment-only	0	426	426
ISTSDCC4	identical	0	1098	1098
ISTSDCC5	identical	0	410	410
ISTSDCC7	comment-only	0	3386	3386
ISTSDCCA	comment-only	0	2160	2160
ISTSDCCB	comment-only	0	8445	8445
ISTSDCCD	comment-only	0	2183	2183
ISTSDCCF	comment-only	0	2850	2850
ISTSDCCL	comment-only	0	2728	2728
ISTSDCCN	identical	0	2041	2041
ISTSDCCR	comment-only	0	2145	2145
ISTSDCD1	comment-only	0	1629	1629
ISTSDCD2	comment-only	0	3947	3947
ISTSDCD3	comment-only	0	3165	3165
ISTSDCDS	comment-only	0	1115	1115
ISTSDCGE	comment-only	0	6050	6050
ISTSDCGP	comment-only	0	4457	4457
ISTSDCHS	identical	0	2166	2166
ISTSDCIN	identical	0	1465	1465
ISTSDCLM	comment-only	0	2758	2758
ISTSDCLN	comment-only	0	4681	4681
ISTSDCLP	comment-only	0	1367	1367
ISTSDCLU	identical	0	2800	2800
ISTSDCML	comment-only	0	2275	2275
ISTSDCMT	comment-only	0	1847	1847
ISTSDCOD	identical	0	86	86
ISTSDCP1	identical	0	1251	1251
ISTSDCP2	identical	0	1226	1226
ISTSDCP3	comment-only	0	1578	1578
ISTSDCP4	comment-only	0	1259	1259
ISTSDCP5	comment-only	0	1265	1265
ISTSDCP6	comment-only	0	1415	1415
ISTSDCPA	comment-only	0	3496	3496
ISTSDCPC	code	782	1655	2420
ISTSDCPU	comment-only	0	6775	6775
ISTSDCRC	comment-only	0	4585	4585
ISTSDCRN	comment-only	0	5257	5257
ISTSDCRS	comment-only	0	2349	2349
ISTSDCSB	identical	0	930	930
ISTSDCSC	identical	0	1648	1648
ISTSDCSS	comment-only	0	4561	4561
ISTSDCSU	code	2787	2149	4257
ISTSDCTM	comment-only	0	4415	4415
ISTSDCVB	comment-only	0	3332	3332
ISTSDCVG	comment-only	0	2913	2913
ISTSDCVI	comment-only	0	2330	2330
ISTSEC01	comment-only	0	3626	3626
ISTSEC10	comment-only	0	4317	4317
ISTSEC21	comment-only	0	4395	4395
ISTSEC30	comment-only	0	4364	4364
ISTSEC40	identical	0	2798	2798
ISTSEC51	comment-only	0	3272	3272
ISTSQC00	comment-only	0	6323	6323
ISTSQC01	comment-only	0	4907	4907
ISTSQC02	comment-only	0	4725	4725
ISTSQC03	comment-only	0	4691	4691
ISTSQC04	comment-only	0	5957	5957
ISTSQC05	identical	0	2922	2922
ISTSQC06	comment-only	0	10289	10289
ISTSQC07	comment-only	0	4698	4698
ISTSQC08	comment-only	0	6183	6183
ISTSQC09	comment-only	0	4710	4710
ISTSQC0A	comment-only	0	4663	4663
ISTSQC0B	comment-only	0	5435	5435
ISTSTC00	comment-only	0	6521	6521
ISTTC035	identical	0	934	934
ISTTC037	comment-only	0	2154	2154
ISTVTLOD	identical	0	1387	1387
ISTYCLUS	identical	0	286	286
ISTYCONT	identical	0	270	270
ISTYPSOL	identical	0	309	309
ISTYSSCP	identical	0	171	171
ISTYTCM1	identical	0	338	338
ISTYTCM2	identical	0	101	101
ISTYTCM3	identical	0	354	354
ISTZAF0A	comment-only	0	4069	4069
ISTZAF0B	comment-only	0	5050	5050
ISTZAF1A	comment-only	0	4736	4736
ISTZAF1B	comment-only	0	4684	4684
ISTZAF1R	comment-only	0	6788	6788
ISTZBF0A	comment-only	0	4535	4535
ISTZBF0B	comment-only	0	5531	5531
ISTZBF0L	comment-only	0	5426	5426
ISTZBFAA	comment-only	0	2943	2943
ISTZBFAB	comment-only	0	3036	3036
ISTZBFAE	comment-only	0	3745	3745
ISTZBFAG	comment-only	0	4481	4481
ISTZBFAI	comment-only	0	2594	2594
ISTZBFAL	comment-only	0	2879	2879
ISTZBFAM	comment-only	0	2009	2009
ISTZBFAR	comment-only	0	2445	2445
ISTZBFBA	comment-only	0	3712	3712
ISTZBFBB	comment-only	0	3016	3016
ISTZBFBI	comment-only	0	3008	3008
ISTZBFBR	comment-only	0	3010	3010
ISTZBFCB	comment-only	0	2587	2587
ISTZBFDI	comment-only	0	3741	3741
ISTZBFDR	comment-only	0	3401	3401
ISTZBFEB	comment-only	0	2395	2395
ISTZBFFA	comment-only	0	4561	4561
ISTZBFFB	comment-only	0	4791	4791
ISTZBFGA	comment-only	0	3300	3300
ISTZBFGB	comment-only	0	2484	2484
ISTZBFHA	comment-only	0	3264	3264
ISTZBFHB	comment-only	0	3355	3355
ISTZBFIA	comment-only	0	3518	3518
ISTZBFIB	comment-only	0	3945	3945
ISTZBFID	comment-only	0	4650	4650
ISTZBFIF	comment-only	0	4673	4673
ISTZBFMB	comment-only	0	2128	2128
ISTZBFNB	comment-only	0	2507	2507
ISTZBFND	comment-only	0	2734	2734
ISTZBFNE	comment-only	0	2305	2305
ISTZBFOB	comment-only	0	2698	2698
ISTZBFPB	comment-only	0	3418	3418
ISTZBFSC	comment-only	0	5329	5329
ISTZBFX0	identical	0	2694	2694
ISTZBFXA	identical	0	1756	1756
ISTZBFY0	comment-only	0	3156	3156
ISTZBFZ0	comment-only	0	3828	3828
ISTZBM0J	comment-only	0	4578	4578
ISTZBM0K	comment-only	0	4279	4279
ISTZBMJA	comment-only	0	3716	3716
ISTZCF0A	identical	0	1622	1622
ISTZCF0B	comment-only	0	4182	4182
ISTZCF1A	comment-only	0	4518	4518
ISTZCF1B	comment-only	0	6334	6334
ISTZCFAI	comment-only	0	3229	3229
ISTZCFBI	comment-only	0	5642	5642
ISTZCFCI	comment-only	0	2932	2932
ISTZDFA0	comment-only	0	3621	3621
ISTZDFB0	comment-only	0	3359	3359
ISTZDFC0	comment-only	0	4699	4699
ISTZDFD0	comment-only	0	2985	2985
ISTZDFE0	comment-only	0	2167	2167
ISTZDFF0	comment-only	0	4525	4525
ISTZDFH0	comment-only	0	2359	2359
ISTZDFI0	identical	0	1502	1502
ISTZDFJ0	comment-only	0	6108	6108
ISTZDFK0	identical	0	3895	3895
ISTZDFKA	comment-only	0	4420	4420
ISTZDFKB	comment-only	0	4600	4600
ISTZDFL0	identical	0	870	870
ISTZDFMF	identical	0	2632	2632
ISTZDFNB	comment-only	0	3350	3350
ISTZDFPR	comment-only	0	3326	3326
ISTZDFQR	identical	0	3261	3261
ISTZDFWB	identical	0	1246	1246
ISTZDFWR	comment-only	0	3298	3298
ISTZDFXR	comment-only	0	3192	3192
ISTZDMMB	comment-only	0	4542	4542
ISTZEFBA	comment-only	0	4675	4675
ISTZEFDA	comment-only	0	3245	3245
ISTZEMAA	comment-only	0	3282	3282
ISTZEMAB	comment-only	0	3730	3730
ISTZEMBB	comment-only	0	5226	5226
ISTZEMEA	comment-only	0	4345	4345
ISTZEMFA	identical	0	1926	1926
ISTZEMTA	comment-only	0	2455	2455
ISTZFFCB	comment-only	0	3920	3920
ISTZFFDB	comment-only	0	3266	3266
ISTZFFDF	comment-only	0	3095	3095
ISTZFFEA	comment-only	0	4401	4401
ISTZFFXA	comment-only	0	3488	3488
ISTZFM0A	comment-only	0	6090	6090
ISTZFM0B	comment-only	0	4012	4012
ISTZFM1B	comment-only	0	3452	3452
ISTZFM1F	comment-only	0	2655	2655
ISTZFM2B	identical	0	2683	2683
ISTZFM3B	comment-only	0	4580	4580
ISTZFMAA	code	6	1175	3762
ISTZFMAB	code	257	530	2728
ISTZFMAF	comment-only	0	1679	1679
ISTZFMBB	comment-only	0	5776	5776
ISTZFMEB	comment-only	0	3995	3995
ISTZFMFA	comment-only	0	3137	3137
ISTZFMTA	comment-only	0	3203	3203
ISTZFMUA	identical	0	2306	2306
ISTZFMV0	identical	0	33	33
ISTZFMV1	identical	0	34	34
ISTZFSV0	identical	0	40	40
ISTZGF0A	comment-only	0	8412	8412
ISTZGF0B	comment-only	0	6703	6703
ISTZGF1A	comment-only	0	2895	2895
ISTZGFAB	comment-only	0	2390	2390
ISTZGFBB	comment-only	0	3874	3874
ISTZGFCB	comment-only	0	2188	2188
ISTZHFAN	comment-only	0	2641	2641
ISTZIF0B	comment-only	0	5186	5186
ISTZIF1B	comment-only	0	4808	4808
ISTZIFAA	comment-only	0	3406	3406
ISTZIFAB	comment-only	0	4074	4074
ISTZIFBB	comment-only	0	2501	2501
ISTZIFBI	comment-only	0	3201	3201
ISTZIFCB	comment-only	0	5577	5577
ISTZIFCI	comment-only	0	4599	4599
ISTZIFDB	comment-only	0	4172	4172
ISTZIFEB	comment-only	0	2476	2476
ISTZIFGB	comment-only	0	3962	3962
ISTZIFHB	comment-only	0	2845	2845
ISTZIFIB	comment-only	0	2766	2766
ISTZIFID	comment-only	0	4206	4206
ISTZIFJB	identical	0	3029	3029
ISTZIFKB	comment-only	0	3556	3556
ISTZIFKG	comment-only	0	4948	4948
ISTZIFLB	comment-only	0	3681	3681
ISTZIFMB	comment-only	0	4840	4840
ISTZIFNA	comment-only	0	4295	4295
ISTZIFNB	comment-only	0	4240	4240
ISTZIFOA	comment-only	0	4100	4100
ISTZIFOB	comment-only	0	4005	4005
ISTZIFOE	comment-only	0	3483	3483
ISTZIFSB	comment-only	0	3174	3174
ISTZIFSC	comment-only	0	3867	3867
ISTZIFSG	comment-only	0	2741	2741
ISTZIFTB	comment-only	0	3342	3342
ISTZIFUB	comment-only	0	3785	3785
ISTZIFVB	comment-only	0	2856	2856
ISTZIFWB	comment-only	0	2893	2893
ISTZIFX0	comment-only	0	2674	2674
ISTZIMQA	comment-only	0	4387	4387
ISTZJF0B	identical	0	2313	2313
ISTZJFAB	comment-only	0	3157	3157
ISTZJFBB	comment-only	0	3051	3051
ISTZJFCB	identical	0	3201	3201
ISTZKFBB	identical	0	1880	1880
ISTZKFBN	identical	0	2845	2845
ISTZKFCB	identical	0	1880	1880
ISTZKFCN	comment-only	0	4193	4193
ISTZLFAB	comment-only	0	7196	7196
ISTZLFV0	identical	0	43	43
ISTZLPV0	identical	0	37	37
ISTZPSV0	identical	0	96	96
ISTZRM01	comment-only	0	3474	3474
LETRRIP	identical	0	17100	17100
LINK	identical	0	36	36
LOADGO	identical	0	38	38
READPSWD	identical	0	448	448
REMOTGEN	identical	0	314	314
SECLOADA	identical	0	330	330
SYS3CNVT	code	2	520	520
USRDDT00	code	21	126	96
UTRK3390	comment-only	0	401	401
UTRKCALC	code	189	894	493
