module	dlib_lib	dlib	dlib_c	tgt_lib	tgt_lmod	tgt_c	tgt_members	tgt_split	dlib_len	tgt_len	len_same
AHLCWRIT	AOS11	len-differs	len-differs	LINKLIB	AHLCWRIT	len-differs	1	N	001EF0	001EF0	Y
AHLDMPMD	AOS11	no-deck	no-deck	-	-	not-in-target	0	-	-	-	-
AHLGTFI	AOS11	len-differs	len-differs	LINKLIB	AHLGTF	len-differs	1	N	001A68	001A68	Y
AHLIWRIT	AOS11	len-differs	len-differs	LINKLIB	AHLIWRIT	len-differs	1	N	0018B8	0018B8	Y
AHLMCER	AOS11	len-differs	len-differs	LPALIB	AHLSETD	len-differs	1	N	000558	000558	Y
AHLMCIH	AOSC5	identical	identical	NUCLEUS	IEANUC01	identical	1	N	000120	000120	Y
AHLREADR	AOS11	differs	differs	LPALIB	AHLREADR	differs	1	N	000404	000404	Y
AHLSBLOK	AOS11	differs	differs	LPALIB	AHLWSMOD	differs	1	N	0003CA	0003CA	Y
AHLSBUF	AOS11	len-differs	len-differs	LPALIB	AHLWSMOD	len-differs	1	N	00058E	00058E	Y
AHLSCAN	AOS11	holes	holes	LINKLIB	AHLGTF	holes	1	N	000820	000820	Y
AHLSETD	AOS11	differs	differs	LPALIB	AHLSETD	differs	1	N	00043C	00043C	Y
AHLSETEV	AOS11	len-differs	len-differs	LPALIB	AHLSETEV	len-differs	1	N	001C14	001C14	Y
AHLSETMG	AOS11	holes	holes	LPALIB	AHLSETEV	holes	1	N	000086	000086	Y
AHLT103	AOS11	len-differs	len-differs	LINKLIB	AHLGTF	len-differs	1	N	0005F4	0005F4	Y
AHLTCTL1	AOS11	identical	identical	LINKLIB	AHLGTF	identical	1	N	000AD8	000AD8	Y
AHLTCTL2	AOS11	identical	identical	LINKLIB	AHLGTF	identical	1	N	000BEB	000BEB	Y
AHLTDIR	AOS11	len-differs	len-differs	LPALIB	AHLSETD	len-differs	1	N	0003C8	0003C8	Y
AHLTDSP	AOS11	no-deck	no-deck	-	-	not-in-target	0	-	-	-	-
AHLTEXT	AOS11	differs	differs	LPALIB	AHLTEXT	differs	1	N	000666	000666	Y
AHLTFOR	AOS11	identical	identical	LPALIB	AHLTFOR	identical	1	N	000C6E	000C6E	Y
AHLTIO	AOS11	no-deck	no-deck	-	-	not-in-target	0	-	-	-	-
AHLTLSR	AOS11	no-deck	no-deck	-	-	not-in-target	0	-	-	-	-
AHLTMMSG	AOS11	holes	holes	LINKLIB	AHLTMON	holes	1	N	0001C1	0001C1	Y
AHLTMON	AOS11	len-differs	len-differs	LINKLIB	AHLTMON	len-differs	1	N	000870	000870	Y
AHLTPI	AOS11	no-deck	no-deck	-	-	not-in-target	0	-	-	-	-
AHLTPID	AOS11	len-differs	len-differs	LPALIB	AHLTPID	len-differs	1	N	000BB8	000BB8	Y
AHLTPMT	AOS11	len-differs	len-differs	LINKLIB	AHLGTF	len-differs	1	N	000FB4	000FB4	Y
AHLTSCN	AOS11	len-differs	len-differs	LINKLIB	AHLGTF	len-differs	1	N	000620	000620	Y
AHLTSIO	AOS11	len-differs	len-differs	LPALIB	AHLTSIO	len-differs	1	N	000936	000A5E	N
AHLTSIO1	AOS11	no-deck	no-deck	-	-	not-in-target	0	-	-	-	-
AHLTSLIP	AOS11	len-differs	len-differs	LPALIB	AHLTSLIP	len-differs	1	N	001CAF	001CAF	Y
AHLTSRB	AOS11	no-deck	no-deck	-	-	not-in-target	0	-	-	-	-
AHLTSVC	AOS11	len-differs	len-differs	LPALIB	AHLTSVC	len-differs	1	N	0021DC	0021DC	Y
AHLTSYFL	AOS11	differs	differs	LPALIB	AHLTSYFL	differs	1	N	0006B2	0006B2	Y
AHLTSYSM	AOS11	len-differs	len-differs	LPALIB	AHLTSYSM	len-differs	1	N	000F12	000F12	Y
AHLTTAB	AOS11	holes	holes	LINKLIB	AHLGTF	holes	1	N	0005A0	0005A0	Y
AHLTUIO	AOS11	no-deck	no-deck	-	-	not-in-target	0	-	-	-	-
AHLTUSR	AOS11	len-differs	len-differs	LPALIB	AHLTUSR	len-differs	1	N	00055C	00055C	Y
AHLTVTAM	AOS11	identical	identical	LPALIB	AHLTVTAM	identical	1	N	00064A	00064A	Y
AHLTXSYS	AOS11	identical	identical	LPALIB	AHLTXSYS	identical	1	N	00095A	00095A	Y
AHLVCOFF	AOS11	differs	differs	LPALIB	AHLVCOFF	differs	1	N	000090	000090	Y
AHLVCON	AOS11	len-differs	len-differs	LPALIB	AHLVCON	len-differs	1	N	000094	000094	Y
AHLWRMSG	AOS11	holes	holes	LINKLIB	AHLCWRIT	holes	3	N	0001E4	0001E4	Y
AHLWTASK	AOS11	len-differs	len-differs	LINKLIB	AHLWTASK	len-differs	1	N	000B20	000B20	Y
AHLWTMSG	AOS11	holes	holes	LINKLIB	AHLWTASK	holes	1	N	000120	000120	Y
AHLWTO	AOS11	len-differs	len-differs	LPALIB	AHLSETD	len-differs	1	N	000388	000388	Y
AHLWTOMD	AOS11	no-deck	no-deck	-	-	not-in-target	0	-	-	-	-
AHLWWRIT	AOS11	len-differs	len-differs	LINKLIB	AHLWWRIT	len-differs	1	N	002090	002090	Y
AKJLKMSG	ACMDLIB	identical	identical	CMDLIB	AKJLKL01	error	1	N	-	000DA3	?
AMAPTF01	AOS12	holes	holes	LINKLIB	AMAPTF01	holes	1	N	000E68	000E68	Y
AMAPTF02	AOS12	holes	holes	LINKLIB	AMAPTF02	holes	1	N	000200	000200	Y
AMAPTFLE	AOS12	holes	holes	LINKLIB	AMAPTFLE	holes	1	N	00211C	00211C	Y
AMASPZAP	AOS12	identical	identical	LINKLIB	AMASPZAP	identical	1	N	001489	001489	Y
AMBLKCTL	AOS12	no-deck	no-deck	-	-	not-in-target	0	-	-	-	-
AMBLKERR	AOS12	no-deck	no-deck	-	-	not-in-target	0	-	-	-	-
AMBLKIDR	AOS12	no-deck	no-deck	-	-	not-in-target	0	-	-	-	-
AMBLKLDM	AOS12	no-deck	no-deck	-	-	not-in-target	0	-	-	-	-
AMBLKLPA	AOS12	no-deck	no-deck	-	-	not-in-target	0	-	-	-	-
AMBLKMSG	AOS12	no-deck	no-deck	-	-	not-in-target	0	-	-	-	-
AMBLKOBJ	AOS12	no-deck	no-deck	-	-	not-in-target	0	-	-	-	-
AMBLKSZE	AOS12	no-deck	no-deck	-	-	not-in-target	0	-	-	-	-
AMBLKXRF	AOS12	no-deck	no-deck	-	-	not-in-target	0	-	-	-	-
AMDPRAPP	AOS12	len-differs	len-differs	LINKLIB	AMDPRXED	error	1	N	001244	001244	Y
AMDPRCOM	AOS12	len-differs	differs	LINKLIB	AMDPRDMP	differs	1	N	00085A	00085A	Y
AMDPRCTL	AOS12	len-differs	len-differs	LINKLIB	AMDPRDMP	len-differs	1	N	00065C	00065C	Y
AMDPRCVT	AOS12	len-differs	len-differs	LINKLIB	AMDPRCVT	len-differs	1	N	0011FA	0011FA	Y
AMDPRDPS	AOS12	len-differs	len-differs	LINKLIB	AMDPRDPS	len-differs	1	N	000ED0	000ED0	Y
AMDPREAD	AOS12	len-differs	len-differs	LINKLIB	AMDPRDMP	len-differs	1	N	00102C	00102C	Y
AMDPRECT	AOS12	identical	identical	LINKLIB	AMDPRECT	identical	1	N	000190	000190	Y
AMDPREID	AOS12	identical	identical	LINKLIB	AMDPRSCN	identical	1	N	0000B0	0000B0	Y
AMDPREXT	AOS12	holes	holes	LINKLIB	AMDPRXED	error	1	N	000780	000780	Y
AMDPRFAR	AOS12	identical	identical	LINKLIB	AMDPRFAR	identical	1	N	0013BF	0013BF	Y
AMDPRFCB	AOS12	len-differs	error	-	-	not-in-target	0	-	-	-	-
AMDPRFDS	AOS12	len-differs	len-differs	LINKLIB	AMDPRFDS	len-differs	1	N	003068	003068	Y
AMDPRFLT	AOS12	len-differs	len-differs	LINKLIB	AMDPRXED	error	1	N	00053B	00053B	Y
AMDPRFMG	AOS12	differs	differs	LINKLIB	AMDPRXED	differs	1	N	0003DD	0003DD	Y
AMDPRFMT	ALPALIB	len-differs	len-differs	LPALIB	AMDPRFMT	len-differs	1	N	-	000308	?
AMDPRFRM	AOS12	len-differs	len-differs	LINKLIB	AMDPRXED	len-differs	1	N	000A0E	000A0E	Y
AMDPRFSC	AOS12	holes	holes	LINKLIB	AMDPRFSR	holes	1	N	0013EC	0013EC	Y
AMDPRFSR	AOS12	no-deck	no-deck	-	-	not-in-target	0	-	00074C	-	-
AMDPRFUB	AOS12	len-differs	len-differs	LINKLIB	AMDPRFUB	len-differs	1	N	000608	000608	Y
AMDPRFXT	AOS12	identical	identical	LINKLIB	AMDPRFXT	identical	1	N	000338	000338	Y
AMDPRGCD	AOS12	len-differs	len-differs	LINKLIB	AMDPRGCD	len-differs	1	N	003E00	003E00	Y
AMDPRGET	AOS12	len-differs	len-differs	LINKLIB	AMDPRXED	len-differs	1	N	0012F0	0012F0	Y
AMDPRLOD	AOS12	len-differs	len-differs	LINKLIB	AMDPRLOD	len-differs	1	N	0010E4	0010E4	Y
AMDPRLPA	AOS12	differs	identical	LINKLIB	AMDPRLPA	identical	1	N	000648	000648	Y
AMDPRMST	AOS12	len-differs	len-differs	LINKLIB	AMDPRMST	len-differs	1	N	00106C	00106C	Y
AMDPRNUC	AOS12	holes	holes	LINKLIB	AMDPRNUC	holes	1	N	000964	000964	Y
AMDPROOT	AOS12	holes	holes	LINKLIB	AMDPROOT	holes	1	N	00043E	00043E	Y
AMDPRPCR	AOS12	holes	holes	LINKLIB	AMDPRPCR	holes	1	N	0002C0	0002C0	Y
AMDPRPJB	AOS12	holes	holes	LINKLIB	AMDPRPJB	holes	1	N	000980	000980	Y
AMDPRPMG	AOS12	holes	holes	LINKLIB	AMDPRDMP	holes	1	N	000379	000379	Y
AMDPRPMS	AOS12	holes	holes	LINKLIB	AMDPRPMS	holes	1	N	0015E4	0015E4	Y
AMDPRQCB	AOS12	len-differs	len-differs	LINKLIB	AMDPRQCB	len-differs	1	N	000F92	000F92	Y
AMDPRRDC	AOS12	len-differs	len-differs	LINKLIB	AMDPRDMP	len-differs	1	N	001650	001650	Y
AMDPRREC	AOS12	len-differs	error	-	-	not-in-target	0	-	-	-	-
AMDPRSCN	AOS12	len-differs	len-differs	LINKLIB	AMDPRSCN	len-differs	1	N	001230	001230	Y
AMDPRSEG	AOS12	len-differs	len-differs	LINKLIB	AMDPRDMP	len-differs	1	N	000E80	000E80	Y
AMDPRSMG	AOS12	holes	holes	LINKLIB	AMDPRSCN	holes	1	N	00024C	00024C	Y
AMDPRSN2	AOS12	len-differs	len-differs	LINKLIB	AMDPRSCN	len-differs	1	N	000E89	000E89	Y
AMDPRSN3	AOS12	len-differs	len-differs	LINKLIB	AMDPRSCN	len-differs	1	N	0013DC	0013DC	Y
AMDPRSUM	AOS12	len-differs	len-differs	LINKLIB	AMDPRSUM	len-differs	1	N	003C2C	003C2C	Y
AMDPRUIM	AOS12	len-differs	len-differs	LINKLIB	AMDPRDMP	len-differs	1	N	000B0C	000B0C	Y
AMDSAAID	AOS12	holes	holes	LINKLIB	AMDSAPGE	holes	1	N	000334	000334	Y
AMDSAAMR	AOS12	identical	identical	-	-	not-in-target	0	-	00043C	-	-
AMDSAARD	AOS12	holes	holes	LINKLIB	AMDSAPGE	holes	1	N	000550	000550	Y
AMDSAASM	AOS12	holes	holes	LINKLIB	AMDSAPGE	holes	1	N	0002F4	0002F4	Y
AMDSAAUD	AOS12	len-differs	len-differs	LINKLIB	AMDSAPGE	len-differs	1	N	0004D8	0004D8	Y
AMDSABUF	AOS12	holes	holes	LINKLIB	AMDSAPGE	holes	1	N	0003C8	0003C8	Y
AMDSACON	AOS12	len-differs	len-differs	LINKLIB	AMDSAPGE	len-differs	1	N	0004B8	0004B8	Y
AMDSACSA	AOS12	holes	holes	LINKLIB	AMDSAPGE	holes	1	N	00017C	00017C	Y
AMDSADER	AOS12	holes	holes	LINKLIB	AMDSAPGE	holes	1	N	000C14	000C14	Y
AMDSAFRM	AOS12	holes	holes	LINKLIB	AMDSAPGE	holes	1	N	0000B8	0000B8	Y
AMDSAGTF	AOS12	holes	holes	LINKLIB	AMDSAPGE	holes	1	N	000394	000394	Y
AMDSAGTM	AOS12	holes	holes	LINKLIB	AMDSAPGE	holes	1	N	000120	000120	Y
AMDSAIOI	AOS12	len-differs	len-differs	LINKLIB	AMDSAPGE	len-differs	1	N	000720	000720	Y
AMDSALDR	AOS12	len-differs	len-differs	LINKLIB	AMDSALDR	len-differs	1	N	00158C	00158C	Y
AMDSAMDM	AOS12	holes	holes	LINKLIB	AMDSAPGE	holes	1	N	000680	000680	Y
AMDSAMSG	AOS12	holes	holes	LINKLIB	AMDSALDR	holes	1	N	00036C	00036C	Y
AMDSAPGE	AOS12	holes	holes	LINKLIB	AMDSAPGE	holes	1	N	00111C	00111C	Y
AMDSAPGI	AOS12	identical	identical	LINKLIB	AMDSAPGE	identical	1	N	0003BC	0003BC	Y
AMDSAPRO	AOS12	differs	differs	LINKLIB	AMDSAPRO	differs	1	N	000800	000800	Y
AMDSARSM	AOS12	identical	identical	LINKLIB	AMDSAPGE	identical	1	N	000730	000730	Y
AMDSASIN	AOS12	holes	holes	LINKLIB	AMDSAPGE	holes	1	N	000829	000829	Y
AMDSASIO	AOS12	len-differs	len-differs	LINKLIB	AMDSAPGE	len-differs	1	N	000858	000858	Y
AMDSASVI	AOS12	holes	holes	LINKLIB	AMDSAPGE	holes	1	N	000554	000554	Y
AMDSATAP	AOS12	len-differs	len-differs	LINKLIB	AMDSAPGE	len-differs	1	N	000246	000246	Y
AMDSATER	AOS12	len-differs	len-differs	LINKLIB	AMDSAPGE	len-differs	1	N	000F80	000F80	Y
AMDSATXT	AOS12	holes	holes	LINKLIB	AMDSAPGE	holes	1	N	0006D8	0006D8	Y
AMDSAUCB	AOS12	len-differs	len-differs	LINKLIB	AMDSAPGE	len-differs	1	N	000363	000363	Y
AMDSAUPD	AOS12	holes	holes	LINKLIB	AMDSAPGE	holes	1	N	0002B4	0002B4	Y
AMDSAVCK	AOS12	holes	holes	LINKLIB	AMDSAPGE	holes	1	N	000583	000583	Y
AMDSAWAT	AOS12	holes	holes	LINKLIB	AMDSAPGE	holes	1	N	0003B8	0003B8	Y
AMDSYS00	AOS12	len-differs	len-differs	LPALIB	AMDSYS00	len-differs	1	N	000820	000A3C	N
AMDSYS01	AOS12	len-differs	len-differs	LPALIB	AMDSYS01	len-differs	1	N	0029B0	0029B0	Y
AMDSYS02	AOS12	differs	differs	LPALIB	AMDSYS02	differs	1	N	0004E9	0004E9	Y
AMDSYS03	AOS12	len-differs	len-differs	LPALIB	AMDSYS03	len-differs	1	N	00182B	00182B	Y
AMDSYS04	AOS12	len-differs	len-differs	LPALIB	AMDSYS04	len-differs	1	N	002BB8	002BB8	Y
AMDSYS05	AOS12	len-differs	len-differs	LPALIB	AMDSYS05	len-differs	1	N	000301	000301	Y
AMDSYS06	AOS12	identical	identical	LPALIB	AMDSYS06	identical	1	N	00037F	00037F	Y
AMDUSRF9	ALPALIB	differs	differs	LPALIB	AMDUSRF9	differs	1	N	-	0003F5	?
AMDUSRFD	AOS24	len-differs	len-differs	LPALIB	AMDUSRFD	len-differs	1	N	000F2F	000F2F	Y
AMDUSRFE	ALPALIB	identical	identical	LPALIB	AMDUSRFE	identical	1	N	-	0006C4	?
AMDUSRFF	AOSD0	no-deck	no-deck	-	-	not-in-target	0	-	-	-	-
ANLZ	AOSG0	no-deck	no-deck	-	-	not-in-target	0	-	-	-	-
BCNV	AOS07	no-deck	no-deck	-	-	not-in-target	0	-	-	-	-
BLSCAAMS	AOS32	identical	identical	CMDLIB	BLSU	identical	1	N	0007A0	0007A0	Y
BLSCABLD	AOS32	identical	identical	CMDLIB	BLSU	identical	1	N	001570	001570	Y
BLSCADST	AOS32	identical	identical	CMDLIB	BLSU	identical	1	N	0001A8	0001A8	Y
BLSCADYN	AOS32	differs	differs	CMDLIB	BLSU	differs	1	N	0004F8	0004F8	Y
BLSCAINT	AOS32	differs	differs	CMDLIB	BLSU	differs	1	N	0003E8	0003E8	Y
BLSCALOC	AOS32	differs	differs	CMDLIB	BLSU	differs	1	N	000640	000640	Y
BLSCAMER	AOS32	identical	identical	CMDLIB	BLSU	identical	1	N	000878	000878	Y
BLSCAMIN	AOS32	identical	identical	CMDLIB	BLSU	identical	1	N	000238	000238	Y
BLSCAMOD	AOS32	len-differs	len-differs	CMDLIB	BLSU	len-differs	1	N	000D7C	000D7C	Y
BLSCAMPR	AOS32	identical	identical	CMDLIB	BLSU	identical	1	N	000240	000240	Y
BLSCANAL	AOS32	identical	identical	CMDLIB	BLSU	identical	1	N	0004A8	0004A8	Y
BLSCANLE	AOS32	differs	differs	CMDLIB	BLSU	differs	1	N	000C08	000C08	Y
BLSCANLI	AOS32	identical	identical	CMDLIB	BLSU	identical	1	N	000308	000308	Y
BLSCCLSE	AOS32	identical	identical	CMDLIB	BLSU	identical	1	N	0002F8	0002F8	Y
BLSCENDD	AOS32	differs	differs	CMDLIB	BLSU	differs	1	N	0001D8	0001D8	Y
BLSCERSE	AOS32	differs	differs	CMDLIB	BLSU	differs	1	N	0002F0	0002F0	Y
BLSCFAMS	AOS32	identical	identical	CMDLIB	BLSU	identical	1	N	0008D8	0008D8	Y
BLSCFDYN	AOS32	differs	differs	CMDLIB	BLSU	differs	1	N	000728	000728	Y
BLSCFREE	AOS32	identical	identical	CMDLIB	BLSU	identical	1	N	000288	000288	Y
BLSCGETT	AOS32	differs	differs	CMDLIB	BLSU	differs	1	N	0004A8	0004A8	Y
BLSCGMF	AOS32	identical	identical	CMDLIB	BLSU	identical	1	N	0002F8	0002F8	Y
BLSCHOK	AOS32	identical	identical	CMDLIB	BLSU	identical	1	N	000150	000150	Y
BLSCOPEN	AOS32	differs	differs	CMDLIB	BLSU	differs	1	N	000470	000470	Y
BLSCPOIN	AOS32	differs	differs	CMDLIB	BLSU	differs	1	N	0002E0	0002E0	Y
BLSCPUTT	AOS32	len-differs	len-differs	CMDLIB	BLSU	len-differs	1	N	000480	000480	Y
BLSCRECV	AOS32	identical	identical	CMDLIB	BLSU	identical	1	N	0000C0	0000C0	Y
BLSCRFM	AOS32	identical	identical	CMDLIB	BLSU	identical	1	N	0001E8	0001E8	Y
BLSCRQST	AOS32	identical	identical	CMDLIB	BLSU	identical	1	N	000278	000278	Y
BLSCRTCB	AOS32	identical	identical	CMDLIB	BLSU	identical	1	N	000298	000298	Y
BLSCSETT	AOS32	identical	identical	CMDLIB	BLSU	identical	1	N	000408	000408	Y
BLSCVALT	AOS32	identical	identical	CMDLIB	BLSU	identical	1	N	000110	000110	Y
BLSDADSD	AOS32	holes	holes	CMDLIB	BLSU	holes	1	N	0001C0	0001C0	Y
BLSDAPDR	AOS32	holes	holes	CMDLIB	BLSU	holes	1	N	0001B8	0001B8	Y
BLSDC070	AOS32	identical	identical	CMDLIB	BLSEADPR	identical	2	N	000130	000130	Y
BLSDC128	AOS32	identical	identical	CMDLIB	BLSEADPR	identical	2	N	000130	000130	Y
BLSDC600	AOS32	identical	identical	CMDLIB	BLSEADPR	identical	4	N	000130	000130	Y
BLSDDEQP	AOS32	identical	identical	CMDLIB	BLSUINI2	identical	1	N	0000D0	0000D0	Y
BLSDDT00	AOS32	identical	identical	CMDLIB	BLSEADPR	identical	2	N	0003A0	0003A0	Y
BLSDENQ0	AOS32	identical	identical	CMDLIB	BLSU	identical	1	N	000170	000170	Y
BLSDENQP	AOS32	identical	identical	CMDLIB	BLSUINI2	identical	1	N	000118	000118	Y
BLSDFDSD	AOS32	identical	identical	CMDLIB	BLSU	identical	1	N	000528	000528	Y
BLSDFPDR	AOS32	identical	identical	CMDLIB	BLSU	identical	1	N	0005C0	0005C0	Y
BLSDIFP0	AOS32	differs	differs	CMDLIB	BLSUINI1	differs	1	N	000828	000828	Y
BLSDMSG0	AOS32	identical	identical	CMDLIB	BLSU	identical	1	N	000510	000510	Y
BLSDMSGS	AOS32	differs	differs	CMDLIB	BLSU	differs	1	N	002534	002534	Y
BLSDPC00	AOS32	identical	identical	CMDLIB	BLSELP00	identical	1	N	000160	000160	Y
BLSDSTAE	AOS32	differs	differs	CMDLIB	BLSUINI2	differs	1	N	0000F0	0000F0	Y
BLSDSV00	AOS32	identical	identical	CMDLIB	BLSEADPR	identical	3	N	0000E0	0000E0	Y
BLSDTIME	AOS32	identical	identical	CMDLIB	BLSEADPR	identical	3	N	000408	000408	Y
BLSDTM00	AOS32	identical	identical	CMDLIB	BLSEADPR	identical	2	N	000288	000288	Y
BLSDVECT	AOS32	identical	identical	CMDLIB	BLSUINI2	identical	1	N	000118	000118	Y
BLSDWAIT	AOS32	identical	identical	CMDLIB	BLSU	identical	1	N	000108	000108	Y
BLSEADP1	AOS32	differs	differs	CMDLIB	BLSEADPR	differs	2	N	000848	000848	Y
BLSEADPR	AOS32	differs	differs	CMDLIB	BLSEADPR	differs	1	N	0014F0	0014F0	Y
BLSEAUTH	AOS32	identical	identical	CMDLIB	BLSUINI2	identical	1	N	0001B0	0001B0	Y
BLSEDEL0	AOS32	identical	identical	CMDLIB	BLSEDEL0	identical	1	N	000778	000778	Y
BLSEDEL1	AOS32	identical	identical	CMDLIB	BLSEDEL0	identical	1	N	000188	000188	Y
BLSEDELC	AOS32	identical	identical	CMDLIB	BLSEDEL0	identical	1	N	0002E0	0002E0	Y
BLSELP00	AOS32	identical	identical	CMDLIB	BLSELP00	identical	1	N	000D58	000D58	Y
BLSELPCC	AOS32	identical	identical	CMDLIB	BLSUINI2	identical	1	N	000168	000168	Y
BLSELPCL	AOS32	identical	identical	CMDLIB	BLSUINI2	identical	1	N	000208	000208	Y
BLSELPCT	AOS32	identical	identical	CMDLIB	BLSUINI2	identical	1	N	000570	000570	Y
BLSELPDR	AOS32	holes	holes	CMDLIB	BLSELP00	holes	1	N	001300	001300	Y
BLSELPDS	AOS32	identical	identical	CMDLIB	BLSFDD00	identical	1	N	000140	000140	Y
BLSELPFM	AOS32	identical	identical	CMDLIB	BLSUINI2	identical	1	N	000178	000178	Y
BLSELPFR	AOS32	identical	identical	CMDLIB	BLSUINI2	identical	1	N	000448	000448	Y
BLSELPOP	AOS32	identical	identical	CMDLIB	BLSUINI2	identical	1	N	001128	001128	Y
BLSEMDP1	AOS32	identical	identical	CMDLIB	BLSEMDPR	identical	1	N	0003F0	0003F0	Y
BLSEMDPR	AOS32	identical	identical	CMDLIB	BLSEMDPR	identical	1	N	001168	001168	Y
BLSFAD00	AOS32	identical	identical	CMDLIB	BLSFAD00	identical	1	N	000C18	000C18	Y
BLSFAV00	AOS32	identical	identical	CMDLIB	BLSFAD00	identical	1	N	0002E8	0002E8	Y
BLSFBP00	AOS32	identical	identical	CMDLIB	BLSUINI2	identical	1	N	000100	000100	Y
BLSFCLOS	AOS32	identical	identical	CMDLIB	BLSUINI2	identical	1	N	000168	000168	Y
BLSFCN00	AOS32	identical	identical	CMDLIB	BLSUINI2	identical	1	N	000440	000440	Y
BLSFCONF	AOS32	identical	identical	CMDLIB	BLSFDD00	identical	1	N	0001A0	0001A0	Y
BLSFDALL	AOS32	identical	identical	CMDLIB	BLSUINI2	identical	1	N	000310	000310	Y
BLSFDD00	AOS32	identical	identical	CMDLIB	BLSFDD00	identical	1	N	000410	000410	Y
BLSFDDDP	AOS32	identical	identical	CMDLIB	BLSEDEL0	identical	1	N	000520	000520	Y
BLSFDEL	AOS32	identical	identical	CMDLIB	BLSUINI2	identical	1	N	000A78	000A78	Y
BLSFDERS	AOS32	identical	identical	CMDLIB	BLSUINI2	identical	1	N	0002B8	0002B8	Y
BLSFDF00	AOS32	identical	identical	CMDLIB	BLSUINI2	identical	1	N	000138	000138	Y
BLSFDS00	AOS32	identical	identical	CMDLIB	BLSUINI2	identical	1	N	000230	000230	Y
BLSFERAS	AOS32	identical	identical	CMDLIB	BLSUINI2	identical	1	N	000168	000168	Y
BLSFFL00	AOS32	identical	identical	CMDLIB	BLSUINI2	identical	1	N	0002A0	0002A0	Y
BLSFFP00	AOS32	identical	identical	CMDLIB	BLSUINI2	identical	1	N	0001C0	0001C0	Y
BLSFGD00	AOS32	identical	identical	CMDLIB	BLSUINI2	identical	1	N	000340	000340	Y
BLSFGG00	AOS32	identical	identical	CMDLIB	BLSUINI2	identical	1	N	000360	000360	Y
BLSFGP00	AOS32	identical	identical	CMDLIB	BLSUINI2	identical	1	N	000340	000340	Y
BLSFLALL	AOS32	identical	identical	CMDLIB	BLSUINI2	identical	1	N	000210	000210	Y
BLSFLD00	AOS32	identical	identical	CMDLIB	BLSFLD00	identical	1	N	000540	000540	Y
BLSFLONE	AOS32	identical	identical	CMDLIB	BLSFDD00	identical	1	N	000168	000168	Y
BLSFLP00	AOS32	identical	identical	CMDLIB	BLSUINI2	identical	1	N	0003A0	0003A0	Y
BLSFMD00	AOS32	identical	identical	CMDLIB	BLSFMD00	identical	1	N	000988	000988	Y
BLSFND00	AOS32	identical	identical	CMDLIB	BLSUINI2	identical	1	N	0001D8	0001D8	Y
BLSFND01	AOS32	identical	identical	CMDLIB	BLSUINI2	identical	1	N	0000E0	0000E0	Y
BLSFOD00	AOS32	identical	identical	CMDLIB	BLSUINI2	identical	1	N	0003B8	0003B8	Y
BLSFOPEN	AOS32	identical	identical	CMDLIB	BLSUINI2	identical	1	N	000210	000210	Y
BLSFPARS	AOS32	identical	identical	CMDLIB	BLSFDD00	identical	1	N	000450	000450	Y
BLSFPERA	AOS32	identical	identical	CMDLIB	BLSUINI2	identical	1	N	000330	000330	Y
BLSFPERS	AOS32	identical	identical	CMDLIB	BLSUINI2	identical	1	N	000210	000210	Y
BLSFPS00	AOS32	identical	identical	CMDLIB	BLSUINI2	identical	1	N	000290	000290	Y
BLSFSCRT	AOS32	differs	differs	CMDLIB	BLSUINI2	differs	1	N	000A40	000A40	Y
BLSFSD00	AOS32	identical	identical	CMDLIB	BLSUINI2	identical	1	N	0001E0	0001E0	Y
BLSFSL00	AOS32	identical	identical	CMDLIB	BLSUINI2	identical	1	N	000130	000130	Y
BLSFTL00	AOS32	identical	identical	CMDLIB	BLSUINI2	identical	1	N	000288	000288	Y
BLSFUD00	AOS32	identical	identical	CMDLIB	BLSUINI2	identical	1	N	000690	000690	Y
BLSFUP00	AOS32	identical	identical	CMDLIB	BLSUINI2	identical	1	N	000690	000690	Y
BLSFVRFY	AOS32	identical	identical	CMDLIB	BLSFDD00	identical	1	N	000418	000418	Y
BLSR3270	AOS32	len-differs	differs	CMDLIB	BLSR3270	differs	1	N	0006C8	0006C8	Y
BLSRACC	AOS32	identical	identical	CMDLIB	BLSUINI2	identical	1	N	000208	000208	Y
BLSRACCL	AOS32	identical	identical	CMDLIB	BLSUINI2	identical	1	N	000208	000208	Y
BLSRACCQ	AOS32	identical	identical	CMDLIB	BLSUINI2	identical	1	N	000530	000530	Y
BLSRADD1	AOS32	differs	differs	CMDLIB	BLSUINI2	differs	1	N	000D60	000D60	Y
BLSRADD2	AOS32	identical	identical	CMDLIB	BLSUINI2	identical	1	N	0000D0	0000D0	Y
BLSRADD3	AOS32	identical	identical	CMDLIB	BLSUINI2	identical	1	N	000250	000250	Y
BLSRADD4	AOS32	holes	holes	CMDLIB	BLSUINI2	holes	1	N	000148	000148	Y
BLSRADDP	AOS32	identical	identical	CMDLIB	BLSUINI2	identical	1	N	0003B8	0003B8	Y
BLSRADDR	AOS32	identical	identical	CMDLIB	BLSUINI2	identical	1	N	000368	000368	Y
BLSRADDS	AOS32	identical	identical	CMDLIB	BLSUINI2	identical	1	N	0000F0	0000F0	Y
BLSRADDT	AOS32	identical	identical	CMDLIB	BLSUINI2	identical	1	N	0000F0	0000F0	Y
BLSRADDU	AOS32	identical	identical	CMDLIB	BLSUINI2	identical	1	N	000188	000188	Y
BLSRASCX	AOS32	identical	identical	CMDLIB	BLSRASCX	identical	1	N	0002A0	0002A0	Y
BLSRASM7	AOS32	identical	identical	CMDLIB	BLSRASM7	identical	1	N	000C20	000C20	Y
BLSRCOCL	AOS32	identical	identical	CMDLIB	BLSUINI2	identical	1	N	0001D0	0001D0	Y
BLSRCOHD	AOS32	identical	identical	CMDLIB	BLSRCOPY	identical	1	N	0002D8	0002D8	Y
BLSRCOIN	AOS32	identical	identical	CMDLIB	BLSRCOPY	identical	1	N	000420	000420	Y
BLSRCOMK	AOS32	differs	differs	CMDLIB	BLSRCOMK	differs	1	N	000A00	000A00	Y
BLSRCOMP	AOS32	identical	identical	CMDLIB	BLSRCOMP	differs	1	N	000B30	000B30	Y
BLSRCOPY	AOS32	identical	identical	CMDLIB	BLSRCOPY	identical	1	N	000B58	000B58	Y
BLSRCOTA	AOS32	identical	identical	CMDLIB	BLSRCOPY	identical	1	N	000690	000690	Y
BLSRDUAL	AOS32	differs	differs	CMDLIB	BLSRDUAL	differs	1	N	0003A0	0003A0	Y
BLSRDUCC	AOS32	identical	identical	CMDLIB	BLSUINI2	identical	1	N	0001D4	0001D4	Y
BLSRDUCK	AOS32	identical	identical	CMDLIB	BLSUINI2	identical	1	N	000118	000118	Y
BLSRDUCL	AOS32	identical	identical	CMDLIB	BLSU	identical	1	N	00017C	00017C	Y
BLSRDUDE	AOS32	differs	differs	CMDLIB	BLSRDUDE	differs	1	N	0002F0	0002F0	Y
BLSRDUDR	AOS32	identical	identical	CMDLIB	BLSRDUDR	identical	1	N	000340	000340	Y
BLSRDUIC	AOS32	differs	differs	CMDLIB	BLSRDUIN	differs	1	N	000240	000240	Y
BLSRDUIH	AOS32	differs	differs	CMDLIB	BLSRDUIN	differs	1	N	0002B0	0002B0	Y
BLSRDUIN	AOS32	differs	differs	CMDLIB	BLSRDUIN	differs	1	N	000518	000518	Y
BLSRDUIS	AOS32	identical	identical	CMDLIB	BLSRDUIN	identical	1	N	0004D0	0004D0	Y
BLSRDULS	AOS32	identical	identical	CMDLIB	BLSRDULS	identical	1	N	000330	000330	Y
BLSRDUOP	AOS32	differs	differs	CMDLIB	BLSRDUAL	differs	1	N	0005A0	0005A0	Y
BLSRDUSC	AOS32	len-differs	len-differs	CMDLIB	BLSRDUSC	len-differs	1	N	000810	000810	Y
BLSRENQK	AOS32	identical	identical	CMDLIB	BLSRENQK	identical	1	N	000E60	000E60	Y
BLSREQU	AOS32	identical	identical	CMDLIB	BLSREQU	identical	1	N	0001F0	0001F0	Y
BLSRESAR	AOS32	identical	identical	CMDLIB	BLSUINI2	identical	1	N	000268	000268	Y
BLSRESCK	AOS32	differs	differs	CMDLIB	BLSUINI2	differs	1	N	000498	000498	Y
BLSRESDR	AOS32	identical	identical	CMDLIB	BLSRESDR	identical	1	N	0005E8	0005E8	Y
BLSRESGC	AOS32	identical	identical	CMDLIB	BLSUINI2	identical	1	N	0001D0	0001D0	Y
BLSRESGE	AOS32	holes	holes	CMDLIB	BLSUINI2	holes	1	N	0002D8	0002D8	Y
BLSRESGQ	AOS32	identical	identical	CMDLIB	BLSUINI2	identical	1	N	000090	000090	Y
BLSRESGU	AOS32	identical	identical	CMDLIB	BLSUINI2	identical	1	N	000150	000150	Y
BLSRESPU	AOS32	identical	identical	CMDLIB	BLSUINI2	identical	1	N	000238	000238	Y
BLSRESRU	AOS32	identical	identical	CMDLIB	BLSRESRU	identical	1	N	000570	000570	Y
BLSRESSA	AOS32	identical	identical	CMDLIB	BLSUINI2	identical	1	N	0000D0	0000D0	Y
BLSREVAL	AOS32	identical	identical	CMDLIB	BLSREVAL	identical	1	N	000240	000240	Y
BLSRFIND	AOS32	differs	differs	CMDLIB	BLSRFIND	differs	1	N	000D10	000D10	Y
BLSRFMOD	AOS32	identical	identical	CMDLIB	BLSRFMOD	identical	1	N	000C40	000C40	Y
BLSRFUCB	AOS32	identical	identical	CMDLIB	BLSRFUCB	identical	1	N	0002D0	0002D0	Y
BLSRIOSK	AOS32	identical	identical	CMDLIB	BLSRIOSK	identical	1	N	000E18	000E18	Y
BLSRLIST	AOS32	differs	differs	CMDLIB	BLSRLIST	differs	1	N	000378	000378	Y
BLSRLSYM	AOS32	identical	identical	CMDLIB	BLSRLSYM	identical	1	N	000A70	000A70	Y
BLSRMSGA	AOS32	differs	differs	CMDLIB	BLSUINI2	differs	1	N	000238	000238	Y
BLSRMSGB	AOS32	identical	identical	CMDLIB	BLSUINI2	identical	1	N	000228	000228	Y
BLSRMSGD	AOS32	identical	identical	CMDLIB	BLSUINI2	identical	1	N	000290	000290	Y
BLSRPADS	AOS32	identical	identical	CMDLIB	BLSUINI2	identical	1	N	000268	000268	Y
BLSRPHAR	AOS32	identical	identical	CMDLIB	BLSRPHAR	identical	1	N	0001C8	0001C8	Y
BLSRPHGE	AOS32	identical	identical	CMDLIB	BLSRPHGE	identical	1	N	000210	000210	Y
BLSRRAAR	AOS32	identical	identical	CMDLIB	BLSUINI2	identical	1	N	000D00	000D00	Y
BLSRRACR	AOS32	differs	differs	CMDLIB	BLSUINI2	differs	1	N	0004C8	0004C8	Y
BLSRRACV	AOS32	differs	differs	CMDLIB	BLSUINI2	differs	1	N	000660	000660	Y
BLSRRAGE	AOS32	identical	identical	CMDLIB	BLSUINI2	identical	1	N	0004E0	0004E0	Y
BLSRRDAR	AOS32	identical	identical	CMDLIB	BLSRRDAR	identical	1	N	0001B0	0001B0	Y
BLSRRDGE	AOS32	identical	identical	CMDLIB	BLSRRDGE	identical	1	N	0001F8	0001F8	Y
BLSRRDPU	AOS32	identical	identical	CMDLIB	BLSRRDPU	identical	1	N	000388	000388	Y
BLSRRNCH	AOS32	differs	differs	CMDLIB	BLSRRNCH	differs	1	N	000700	000700	Y
BLSRSAAR	AOS32	identical	identical	CMDLIB	BLSUINI2	identical	1	N	0001D0	0001D0	Y
BLSRSADE	AOS32	differs	differs	CMDLIB	BLSRSADE	differs	1	N	0006A8	0006A8	Y
BLSRSAG	AOS32	identical	identical	CMDLIB	BLSUINI2	identical	1	N	000430	000430	Y
BLSRSAGC	AOS32	identical	identical	CMDLIB	BLSUINI2	identical	1	N	0001F0	0001F0	Y
BLSRSAGE	AOS32	identical	identical	CMDLIB	BLSUINI2	identical	1	N	0000C0	0000C0	Y
BLSRSAGN	AOS32	differs	differs	CMDLIB	BLSUINI2	differs	1	N	0002D8	0002D8	Y
BLSRSAGQ	AOS32	identical	identical	CMDLIB	BLSUINI2	identical	1	N	0000A8	0000A8	Y
BLSRSAGU	AOS32	identical	identical	CMDLIB	BLSUINI2	identical	1	N	000120	000120	Y
BLSRSALI	AOS32	differs	differs	CMDLIB	BLSRSALI	differs	1	N	000A78	000A78	Y
BLSRSAPC	AOS32	identical	identical	CMDLIB	BLSUINI2	identical	1	N	000288	000288	Y
BLSRSAPU	AOS32	identical	identical	CMDLIB	BLSUINI2	identical	1	N	0001A0	0001A0	Y
BLSRSCAN	AOS32	differs	differs	CMDLIB	BLSRSCAN	differs	1	N	000998	000998	Y
BLSRSETD	AOS32	differs	differs	CMDLIB	BLSRSETD	differs	1	N	000BB8	000BB8	Y
BLSRST00	AOS32	identical	identical	CMDLIB	BLSRST00	identical	1	N	000FB8	000FB8	Y
BLSRSUMM	AOS32	differs	differs	CMDLIB	BLSRSUMM	differs	1	N	000E48	000E48	Y
BLSRSURB	AOS32	identical	identical	CMDLIB	BLSRSUMM	error	1	N	000CD0	000CD0	Y
BLSRSUTC	AOS32	identical	identical	CMDLIB	BLSRSUMM	identical	1	N	000B58	000B58	Y
BLSRSYRB	AOS32	identical	identical	CMDLIB	BLSRSYRB	identical	1	N	0001D8	0001D8	Y
BLSRTCBX	AOS32	differs	differs	CMDLIB	BLSRTCBX	differs	1	N	0002F8	0002F8	Y
BLSRVECT	AOS32	identical	identical	CMDLIB	BLSUINI2	identical	1	N	000C48	000C48	Y
BLSRVPAD	AOS32	identical	identical	CMDLIB	BLSRCOMP	identical	10	N	0000C8	0000C8	Y
BLSRVPAS	AOS32	differs	differs	CMDLIB	BLSRASCX	differs	14	Y	000228	000228	Y
BLSRVPCP	AOS32	differs	differs	CMDLIB	BLSRCOMP	differs	12	N	0002E8	0002E8	Y
BLSRVPTC	AOS32	identical	identical	CMDLIB	BLSRSUMM	error	1	N	000150	000150	Y
BLSRVPVS	AOS32	identical	identical	CMDLIB	BLSRVSLD	identical	1	N	000058	000058	Y
BLSRVRBX	AOS32	differs	differs	CMDLIB	BLSRVRBX	differs	1	N	000480	000480	Y
BLSRVSLD	AOS32	len-differs	len-differs	CMDLIB	BLSRVSLD	len-differs	1	N	0007E8	0007E8	Y
BLSSASCB	AOS32	differs	differs	CMDLIB	BLSSASCB	differs	1	N	0003E0	0003E0	Y
BLSSASMV	AOS32	differs	differs	CMDLIB	BLSSASMV	differs	1	N	0001F8	0001F8	Y
BLSSASVT	AOS32	differs	differs	CMDLIB	BLSSASVT	differs	1	N	000208	000208	Y
BLSSASXB	AOS32	differs	differs	CMDLIB	BLSSASXB	differs	1	N	000268	000268	Y
BLSSCDE	AOS32	differs	differs	CMDLIB	BLSSCDE	differs	1	N	0003E8	0003E8	Y
BLSSCOMM	AOS32	differs	differs	CMDLIB	BLSSCOMM	differs	1	N	000228	000228	Y
BLSSCSD	AOS32	differs	differs	CMDLIB	BLSSCSD	differs	1	N	0001F8	0001F8	Y
BLSSCVT	AOS32	differs	differs	CMDLIB	BLSSCVT	differs	1	N	0002D8	0002D8	Y
BLSSCVT2	AOS32	identical	identical	CMDLIB	BLSSCVT2	identical	1	N	000218	000218	Y
BLSSIOC	AOS32	holes	holes	CMDLIB	BLSSIOC	holes	1	N	000240	000240	Y
BLSSIOX	AOS32	differs	differs	CMDLIB	BLSSIOX	differs	1	N	000258	000258	Y
BLSSLCCA	AOS32	differs	differs	CMDLIB	BLSSLCCA	differs	1	N	000318	000318	Y
BLSSLCCV	AOS32	holes	holes	CMDLIB	BLSSLCCV	holes	1	N	000220	000220	Y
BLSSLLPA	AOS32	differs	differs	CMDLIB	BLSSLLPA	differs	1	N	000420	000420	Y
BLSSLPDE	AOS32	differs	differs	CMDLIB	BLSSLPDE	differs	1	N	000438	000438	Y
BLSSPCCA	AOS32	differs	differs	CMDLIB	BLSSPCCA	differs	1	N	000518	000518	Y
BLSSPCCV	AOS32	holes	holes	CMDLIB	BLSSPCCV	holes	1	N	000220	000220	Y
BLSSPFT	AOS32	differs	differs	CMDLIB	BLSSPFT	differs	1	N	0002C8	0002C8	Y
BLSSPGTE	AOS32	identical	identical	CMDLIB	BLSSPGTE	identical	1	N	000290	000290	Y
BLSSPRIV	AOS32	holes	holes	CMDLIB	BLSSPRIV	holes	1	N	000240	000240	Y
BLSSPSA	AOS32	identical	identical	CMDLIB	BLSSPSA	identical	1	N	000250	000250	Y
BLSSPVT	AOS32	differs	differs	CMDLIB	BLSSPVT	differs	1	N	000210	000210	Y
BLSSSGTE	AOS32	differs	differs	CMDLIB	BLSSSGTE	differs	1	N	000448	000448	Y
BLSSTCB	AOS32	differs	differs	CMDLIB	BLSSTCB	differs	1	N	000480	000480	Y
BLSSUCB	AOS32	differs	differs	CMDLIB	BLSSUCB	differs	1	N	0009F0	0009F0	Y
BLSSUCM	AOS32	differs	differs	CMDLIB	BLSSUCM	differs	1	N	0001F8	0001F8	Y
BLSSXTLS	AOS32	differs	differs	CMDLIB	BLSSXTLS	differs	1	N	0002C8	0002C8	Y
BLST01	AOS32	identical	identical	CMDLIB	BLSUINI2	identical	1	N	000100	000100	Y
BLST02	AOS32	identical	identical	CMDLIB	BLSUINI2	identical	1	N	0000E8	0000E8	Y
BLST03	AOS32	identical	identical	CMDLIB	BLSUINI2	identical	1	N	000470	000470	Y
BLST04	AOS32	identical	identical	CMDLIB	BLSUINI2	identical	1	N	0000D0	0000D0	Y
BLST04A	AOS32	identical	identical	CMDLIB	BLST04A	identical	1	N	000180	000180	Y
BLST04BS	AOS32	identical	identical	CMDLIB	BLST04BS	identical	1	N	000190	000190	Y
BLST04CV	AOS32	identical	identical	CMDLIB	BLST04CV	identical	1	N	000260	000260	Y
BLST05	AOS32	identical	identical	CMDLIB	BLSUINI2	identical	1	N	000540	000540	Y
BLST06	AOS32	identical	identical	CMDLIB	BLSUINI2	identical	1	N	000370	000370	Y
BLST08	AOS32	identical	identical	CMDLIB	BLSUINI2	identical	1	N	000688	000688	Y
BLSTB	AOS32	identical	identical	CMDLIB	BLSUINI2	identical	1	N	0000E0	0000E0	Y
BLSTB4	AOS32	identical	identical	CMDLIB	BLSTB4	identical	1	N	000468	000468	Y
BLSTB5	AOS32	identical	identical	CMDLIB	BLSTB5	identical	1	N	0004D8	0004D8	Y
BLSTC	AOS32	identical	identical	CMDLIB	BLSUINI2	identical	1	N	0004B0	0004B0	Y
BLSTF	AOS32	identical	identical	CMDLIB	BLSUINI2	identical	1	N	0004E8	0004E8	Y
BLSTM	AOS32	identical	identical	CMDLIB	BLSUINI2	identical	1	N	0000E0	0000E0	Y
BLSTM4	AOS32	identical	identical	CMDLIB	BLSTM4	identical	1	N	000550	000550	Y
BLSTM5	AOS32	identical	identical	CMDLIB	BLSTM5	identical	1	N	0005D8	0005D8	Y
BLSTR	AOS32	identical	identical	CMDLIB	BLSUINI2	identical	1	N	000678	000678	Y
BLSTU	AOS32	identical	identical	CMDLIB	BLSUINI2	identical	1	N	0000D8	0000D8	Y
BLSTU4	AOS32	identical	identical	CMDLIB	BLSTU4	identical	1	N	0004D0	0004D0	Y
BLSTU5	AOS32	identical	identical	CMDLIB	BLSTU5	identical	1	N	000560	000560	Y
BLSTY	AOS32	identical	identical	CMDLIB	BLSUINI2	identical	1	N	0008D0	0008D0	Y
BLSU	AOS32	identical	identical	CMDLIB	BLSU	identical	1	N	000670	000670	Y
BLSUALLO	AOS32	identical	identical	CMDLIB	BLSU	identical	1	N	0000F8	0000F8	Y
BLSUBLDD	AOS32	identical	identical	CMDLIB	BLSUINI2	identical	1	N	000098	000098	Y
BLSUBLDL	AOS32	identical	identical	CMDLIB	BLSUINI2	identical	1	N	000578	000578	Y
BLSUDYNA	AOS32	identical	identical	CMDLIB	BLSU	identical	1	N	000108	000108	Y
BLSUGWDM	AOS32	identical	identical	CMDLIB	BLSUINI2	identical	2	N	000030	000030	Y
BLSUHELP	AOS32	identical	identical	CMDLIB	BLSUHELP	identical	1	N	0003F0	0003F0	Y
BLSUINI1	AOS32	identical	identical	CMDLIB	BLSUINI1	identical	1	N	0001B8	0001B8	Y
BLSUINI2	AOS32	identical	identical	CMDLIB	BLSUINI2	identical	1	N	0001A8	0001A8	Y
BLSUIT01	AOS32	identical	identical	CMDLIB	BLSU	identical	1	N	0000C0	0000C0	Y
BLSUIT02	AOS32	identical	identical	CMDLIB	BLSU	identical	1	N	0000B8	0000B8	Y
BLSUIT03	AOS32	identical	identical	CMDLIB	BLSU	identical	1	N	0000B8	0000B8	Y
BLSUMON	AOS32	identical	identical	CMDLIB	BLSUINI2	identical	1	N	000468	000468	Y
BLSUMON2	AOS32	identical	identical	CMDLIB	BLSUINI2	identical	1	N	000178	000178	Y
BLSUMONA	AOS32	differs	differs	CMDLIB	BLSUINI2	differs	1	N	0002CC	0002CC	Y
BLSUMONC	AOS32	identical	identical	CMDLIB	BLSUINI2	identical	1	N	0000C0	0000C0	Y
BLSUMOND	AOS32	identical	identical	CMDLIB	BLSUINI2	identical	1	N	0000A8	0000A8	Y
BLSUMONI	AOS32	identical	identical	CMDLIB	BLSUINI2	identical	1	N	0003E8	0003E8	Y
BLSUMONL	AOS32	identical	identical	CMDLIB	BLSUINI2	identical	1	N	000340	000340	Y
BLSUMONT	AOS32	identical	identical	CMDLIB	BLSUINI2	identical	1	N	0000A0	0000A0	Y
BLSUMONX	AOS32	identical	identical	CMDLIB	BLSUINI2	identical	1	N	000100	000100	Y
BLSUMPK1	AOS32	identical	identical	CMDLIB	BLSUINI2	identical	1	N	0000C8	0000C8	Y
BLSUMPKN	AOS32	identical	identical	CMDLIB	BLSUINI2	identical	1	N	000438	000438	Y
BLSUMTOD	AOS32	identical	identical	CMDLIB	BLSUMTOD	identical	1	N	000200	000200	Y
BLSUNOTE	AOS32	identical	identical	CMDLIB	BLSUNOTE	identical	1	N	000360	000360	Y
BLSUPARI	AOS32	identical	identical	CMDLIB	BLSUINI2	identical	1	N	000188	000188	Y
BLSUPARU	AOS32	identical	identical	CMDLIB	BLSUINI2	identical	1	N	000238	000238	Y
BLSUPGMC	AOS32	identical	identical	CMDLIB	BLSUINI2	identical	1	N	000100	000100	Y
BLSUPGMD	AOS32	identical	identical	CMDLIB	BLSUINI2	identical	1	N	000108	000108	Y
BLSUPGML	AOS32	identical	identical	CMDLIB	BLSUINI2	identical	1	N	000398	000398	Y
BLSUPGMR	AOS32	identical	identical	CMDLIB	BLSUINI2	identical	1	N	0000F0	0000F0	Y
BLSUPRCL	AOS32	identical	identical	CMDLIB	BLSU	identical	1	N	0000CC	0000CC	Y
BLSUPROP	AOS32	identical	identical	CMDLIB	BLSUINI1	identical	1	N	0002C4	0002C4	Y
BLSUPRTA	AOS32	identical	identical	CMDLIB	BLSUINI2	identical	1	N	000438	000438	Y
BLSUPRTN	AOS32	identical	identical	CMDLIB	BLSUINI2	identical	1	N	000108	000108	Y
BLSUPRTT	AOS32	identical	identical	CMDLIB	BLSUINI2	identical	1	N	000278	000278	Y
BLSUPUT	AOS32	identical	identical	CMDLIB	BLSUPUT	identical	1	N	003458	003458	Y
BLSUPUTA	AOS32	identical	identical	CMDLIB	BLSUINI2	identical	1	N	000118	000118	Y
BLSUPUTC	AOS32	identical	identical	CMDLIB	BLSUINI2	identical	1	N	000180	000180	Y
BLSUPUTD	AOS32	identical	identical	CMDLIB	BLSUINI2	identical	1	N	0001B0	0001B0	Y
BLSUPUTN	AOS32	identical	identical	CMDLIB	BLSU	identical	1	N	000108	000108	Y
BLSUPUTO	AOS32	identical	identical	CMDLIB	BLSUINI2	identical	1	N	000180	000180	Y
BLSUPUTT	AOS32	identical	identical	CMDLIB	BLSUINI2	identical	1	N	0000F0	0000F0	Y
BLSUPUTV	AOS32	identical	identical	CMDLIB	BLSUINI2	identical	1	N	000188	000188	Y
BLSUSTAE	AOS32	identical	identical	CMDLIB	BLSU	identical	1	N	000140	000140	Y
BLSUSTAI	AOS32	identical	identical	CMDLIB	BLSU	identical	1	N	000160	000160	Y
BLSUTRMA	AOS32	identical	identical	CMDLIB	BLSUINI2	identical	1	N	000190	000190	Y
BLSUTRMN	AOS32	identical	identical	CMDLIB	BLSU	identical	1	N	000198	000198	Y
BLSUTRMO	AOS32	identical	identical	CMDLIB	BLSU	identical	1	N	000120	000120	Y
BLSUTRMV	AOS32	identical	identical	CMDLIB	BLSU	identical	1	N	000138	000138	Y
BLSUTSO	AOS32	identical	identical	CMDLIB	BLSUTSO	identical	1	N	0003D8	0003D8	Y
BLSUVECT	AOS32	identical	identical	CMDLIB	BLSUINI2	identical	1	N	000778	000778	Y
BLSUVP21	AOS32	identical	identical	CMDLIB	BLSRSCAN	identical	1	N	000070	000070	Y
BLSUVP31	AOS32	identical	identical	CMDLIB	BLSRCOMP	identical	12	N	000070	000070	Y
BLSUVP32	AOS32	identical	identical	CMDLIB	BLSRCOMP	identical	10	N	000088	000088	Y
BLSUVP99	AOS32	identical	identical	CMDLIB	BLSRDUSC	identical	1	N	000088	000088	Y
BLSUVPVA	AOS32	identical	identical	CMDLIB	BLSRCOMP	identical	2	N	000188	000188	Y
BLSUVPX1	AOS32	identical	identical	CMDLIB	BLSRFUCB	identical	1	N	000120	000120	Y
BLSUVSAR	AOS32	len-differs	len-differs	CMDLIB	BLSUINI2	len-differs	1	N	000458	000458	Y
BLSUVSCL	AOS32	identical	identical	CMDLIB	BLSU	identical	1	N	0000D4	0000D4	Y
BLSUVSCR	AOS32	differs	differs	CMDLIB	BLSUINI2	differs	1	N	000138	000138	Y
BLSUVSEN	AOS32	identical	identical	CMDLIB	BLSUINI2	identical	1	N	0000F8	0000F8	Y
BLSUVSER	AOS32	identical	identical	CMDLIB	BLSUINI2	identical	1	N	0000F8	0000F8	Y
BLSUVSGE	AOS32	identical	identical	CMDLIB	BLSUINI2	identical	1	N	000120	000120	Y
BLSUVSGU	AOS32	identical	identical	CMDLIB	BLSUINI2	identical	1	N	000110	000110	Y
BLSUVSMR	AOS32	differs	differs	CMDLIB	BLSUINI2	differs	1	N	000138	000138	Y
BLSUVSOP	AOS32	identical	identical	CMDLIB	BLSUINI1	identical	1	N	0002F8	0002F8	Y
BLSUVSOQ	AOS32	differs	differs	CMDLIB	BLSUINI1	differs	1	N	000270	000270	Y
BLSUVSPO	AOS32	identical	identical	CMDLIB	BLSUINI2	identical	1	N	0000F8	0000F8	Y
BLSUVSPU	AOS32	identical	identical	CMDLIB	BLSUINI2	identical	1	N	0000F8	0000F8	Y
BLSUZZ2C	AOS32	identical	identical	CMDLIB	BLSU	identical	1	N	000108	000108	Y
BLSUZZ2D	AOS32	identical	identical	CMDLIB	BLSU	identical	1	N	000088	000088	Y
BLSUZZ2R	AOS32	identical	identical	CMDLIB	BLSUINI2	identical	1	N	000060	000060	Y
BLSVASCB	AOS32	identical	identical	CMDLIB	BLSVASCB	identical	1	N	000C50	000C50	Y
BLSVASVT	AOS32	identical	identical	CMDLIB	BLSVASVT	identical	1	N	0006C8	0006C8	Y
BLSVASXB	AOS32	identical	identical	CMDLIB	BLSVASXB	identical	1	N	000690	000690	Y
BLSVCDE	AOS32	identical	identical	CMDLIB	BLSVCDE	identical	1	N	000650	000650	Y
BLSVCVT	AOS32	identical	identical	CMDLIB	BLSVCVT	identical	1	N	000E68	000E68	Y
BLSVCVT2	AOS32	identical	identical	CMDLIB	BLSVCVT2	identical	1	N	000498	000498	Y
BLSVIOC	AOS32	identical	identical	CMDLIB	BLSVIOC	identical	1	N	000760	000760	Y
BLSVIOX	AOS32	identical	identical	CMDLIB	BLSVIOX	identical	1	N	000558	000558	Y
BLSVLCCA	AOS32	identical	identical	CMDLIB	BLSVLCCA	identical	1	N	000588	000588	Y
BLSVLCCV	AOS32	identical	identical	CMDLIB	BLSVLCCV	identical	1	N	000610	000610	Y
BLSVLPDE	AOS32	identical	identical	CMDLIB	BLSVLPDE	identical	1	N	000718	000718	Y
BLSVPCCA	AOS32	differs	differs	CMDLIB	BLSVPCCA	differs	1	N	000598	000598	Y
BLSVPCCV	AOS32	identical	identical	CMDLIB	BLSVPCCV	identical	1	N	000610	000610	Y
BLSVPGTE	AOS32	differs	differs	CMDLIB	BLSVPGTE	differs	1	N	0003A0	0003A0	Y
BLSVPSA	AOS32	differs	differs	CMDLIB	BLSVPSA	differs	1	N	000700	000700	Y
BLSVPVT	AOS32	identical	identical	CMDLIB	BLSVPVT	identical	1	N	000690	000690	Y
BLSVQCBA	AOS32	identical	identical	CMDLIB	BLSVQCBA	identical	1	N	000670	000670	Y
BLSVQCBB	AOS32	identical	identical	CMDLIB	BLSVQCBB	identical	1	N	0005D8	0005D8	Y
BLSVQEL	AOS32	identical	identical	CMDLIB	BLSVQEL	identical	1	N	0007A8	0007A8	Y
BLSVRB	AOS32	identical	identical	CMDLIB	BLSVRB	identical	1	N	0006E0	0006E0	Y
BLSVSGTE	AOS32	differs	differs	CMDLIB	BLSVSGTE	differs	1	N	000398	000398	Y
BLSVTCB	AOS32	identical	identical	CMDLIB	BLSVTCB	identical	1	N	0008D8	0008D8	Y
BLSVUCB	AOS32	identical	identical	CMDLIB	BLSVUCB	identical	1	N	000750	000750	Y
BLSVXTLS	AOS32	identical	identical	CMDLIB	BLSVXTLS	identical	1	N	000570	000570	Y
BNGC3270	AOS29	len-differs	len-differs	-	-	not-in-target	0	-	0021BC	-	-
BNGCDISP	AOS29	len-differs	len-differs	-	-	not-in-target	0	-	001EAE	-	-
BNGCLOCL	AOS29	len-differs	len-differs	-	-	not-in-target	0	-	001A45	-	-
BNGCMENU	AOS29	len-differs	len-differs	-	-	not-in-target	0	-	00087A	-	-
BNGCRMOT	AOS29	len-differs	len-differs	-	-	not-in-target	0	-	002E86	-	-
BNGI3270	AOS29	len-differs	len-differs	-	-	not-in-target	0	-	002888	-	-
BNGIDCBA	AOS29	no-deck	no-deck	-	-	not-in-target	0	-	000218	-	-
BNGIDISP	AOS29	len-differs	len-differs	-	-	not-in-target	0	-	0026CF	-	-
BNGIEXIT	AOS29	len-differs	len-differs	-	-	not-in-target	0	-	000684	-	-
BNGILOCL	AOS29	len-differs	len-differs	-	-	not-in-target	0	-	001D1E	-	-
BNGIMENU	AOS29	len-differs	len-differs	-	-	not-in-target	0	-	000167	-	-
BNGIPCBX	AOS29	len-differs	error	-	-	not-in-target	0	-	-	-	-
BNGIREAD	AOS29	len-differs	len-differs	-	-	not-in-target	0	-	00112E	-	-
BNGIRMOT	AOS29	len-differs	len-differs	-	-	not-in-target	0	-	003111	-	-
BNGISIMS	AOS29	len-differs	error	-	-	not-in-target	0	-	-	-	-
BNGLOGR2	AOS29	len-differs	error	-	-	not-in-target	0	-	-	-	-
BNGT3270	AOS29	differs	differs	LINKLIB	BNGT3270	differs	1	N	002091	002091	Y
BNGTDISP	AOS29	differs	differs	LINKLIB	BNGTDISP	differs	1	N	002E70	002E70	Y
BNGTLOCL	AOS29	differs	differs	LINKLIB	BNGTLOCL	differs	1	N	001A95	001A95	Y
BNGTMENU	AOS29	differs	differs	LINKLIB	BNGTMENU	differs	1	N	000888	000888	Y
BNGTQEMA	AOS29	len-differs	len-differs	TELCMLIB	BNGTQEMA	len-differs	1	N	00056C	00056C	Y
BNGTQEMF	AOS29	differs	differs	LINKLIB	BNGTQEMF	differs	1	N	000746	000746	Y
BNGTRMOT	AOS29	differs	differs	LINKLIB	BNGTRMOT	differs	1	N	002ECE	002ECE	Y
ESRTABLE	AOSC5	differs	differs	NUCLEUS	IEANUC01	differs	1	N	0001F8	0001F8	Y
FCB3STD3	AOSD0	identical	identical	-	-	not-in-target	0	-	000060	-	-
GARC	AOSG0	no-deck	no-deck	-	-	not-in-target	0	-	-	-	-
GCGRID	AOSG0	no-deck	no-deck	-	-	not-in-target	0	-	-	-	-
GCPRNT	AOSG0	no-deck	no-deck	-	-	not-in-target	0	-	-	-	-
GENRMT	AOSH1	identical	identical	-	-	not-in-target	0	-	004C96	-	-
GENTRANS	AOST4	no-deck	no-deck	-	-	not-in-target	0	-	-	-	-
GLABEL	AOSG0	no-deck	no-deck	-	-	not-in-target	0	-	-	-	-
GOFFSG	AOSG0	no-deck	no-deck	-	-	not-in-target	0	-	-	-	-
GPGRID	AOSG0	no-deck	no-deck	-	-	not-in-target	0	-	-	-	-
GPVGRD	AOSG0	no-deck	no-deck	-	-	not-in-target	0	-	-	-	-
GRAF	AOSD0	identical	identical	-	-	not-in-target	0	-	007EA4	-	-
GRAFSPC1	AOSD0	no-deck	no-deck	-	-	not-in-target	0	-	0000E3	-	-
GSDPLT	AOSG0	no-deck	no-deck	-	-	not-in-target	0	-	-	-	-
GSP01	AOS07	no-deck	no-deck	-	-	not-in-target	0	-	-	-	-
GSPLOT	AOSG0	no-deck	no-deck	-	-	not-in-target	0	-	-	-	-
GSTOR	AOSG0	no-deck	no-deck	-	-	not-in-target	0	-	-	-	-
GSVPLT	AOSG0	no-deck	no-deck	-	-	not-in-target	0	-	-	-	-
GVARC	AOSG0	no-deck	no-deck	-	-	not-in-target	0	-	-	-	-
HASPACCT	AOSH3	no-deck	no-deck	LINKLIB	HASJES20	no-deck	1	N	00016D	00016D	Y
HASPBLKS	AOSH3	identical	identical	LINKLIB	HASPBLKS	identical	1	N	000FA6	000FA6	Y
HASPCOMM	AOSH3	no-deck	no-deck	LINKLIB	HASJES20	no-deck	1	N	001FB8	001FB8	Y
HASPCON	AOSH3	no-deck	no-deck	LINKLIB	HASJES20	no-deck	1	N	00097D	00097D	Y
HASPFMT0	AOSH3	identical	identical	LINKLIB	HASPFMT0	identical	1	N	000158	000158	Y
HASPFMT1	AOSH3	identical	identical	LINKLIB	HASPFMT1	identical	1	N	0008D0	0008D0	Y
HASPFMT2	AOSH3	identical	identical	LINKLIB	HASPFMT2	identical	1	N	001230	001230	Y
HASPFMT3	AOSH3	identical	identical	LINKLIB	HASPFMT3	identical	1	N	000168	000168	Y
HASPFMT4	AOSH3	identical	identical	LINKLIB	HASPFMT4	identical	1	N	000460	000460	Y
HASPFMT5	AOSH3	identical	identical	LINKLIB	HASPFMT5	identical	1	N	000C28	000C28	Y
HASPINIT	AOSH3	no-deck	no-deck	LINKLIB	HASJES20	no-deck	1	N	00ABF5	00AC25	N
HASPMISC	AOSH3	no-deck	no-deck	LINKLIB	HASJES20	no-deck	1	N	003B9D	003B9D	Y
HASPNUC	AOSH3	no-deck	no-deck	LINKLIB	HASJES20	no-deck	1	N	005504	005504	Y
HASPPRPU	AOSH3	no-deck	no-deck	LINKLIB	HASJES20	no-deck	1	N	008635	008AA0	N
HASPRDR	AOSH3	no-deck	no-deck	LINKLIB	HASJES20	no-deck	1	N	001520	001520	Y
HASPRTAM	AOSH3	no-deck	no-deck	LINKLIB	HASJES20	no-deck	1	N	008E15	008E15	Y
HASPSSSM	AOSH3	no-deck	no-deck	LPALIB	HASPSSSM	no-deck	1	N	008DE5	008E75	N
HASPXEQ	AOSH3	no-deck	no-deck	LINKLIB	HASJES20	no-deck	1	N	004065	00406D	N
HEWLDIDY	AOS05	identical	error	-	-	not-in-target	0	-	-	-	-
HEWLDIOC	AOS05	len-differs	error	-	-	not-in-target	0	-	-	-	-
HEWLDLIB	AOS05	len-differs	error	-	-	not-in-target	0	-	-	-	-
HEWLDREL	AOS05	identical	error	-	-	not-in-target	0	-	-	-	-
HEWLDRGO	AOS05	holes	error	-	-	not-in-target	0	-	-	-	-
HEWLFADA	AOS04	len-differs	len-differs	LINKLIB	HEWLF064	error	1	N	000ACB	000ACB	Y
HEWLFAPT	AOS04	len-differs	len-differs	LINKLIB	HEWLF064	error	1	N	00031E	00031E	Y
HEWLFBTP	AOS04	len-differs	len-differs	LINKLIB	HEWLF064	error	1	N	001227	001227	Y
HEWLFEND	AOS04	len-differs	len-differs	LINKLIB	HEWLF064	error	1	N	000273	000273	Y
HEWLFENS	AOS04	len-differs	len-differs	LINKLIB	HEWLF064	error	1	N	00031B	00031B	Y
HEWLFENT	AOS04	len-differs	len-differs	LINKLIB	HEWLF064	error	1	N	0002E7	0002E7	Y
HEWLFESD	AOS04	len-differs	len-differs	LINKLIB	HEWLF064	error	1	N	0007C7	0007C7	Y
HEWLFFNL	AOS04	len-differs	len-differs	LINKLIB	HEWLF064	error	1	N	0009E9	0009E9	Y
HEWLFIDR	AOS04	len-differs	len-differs	LINKLIB	HEWLF064	error	1	N	000A33	000A33	Y
HEWLFINC	AOS04	len-differs	len-differs	LINKLIB	HEWLF064	error	1	N	0009DA	0009DA	Y
HEWLFINP	AOS04	len-differs	len-differs	LINKLIB	HEWLF064	error	1	N	00067A	00067A	Y
HEWLFINT	AOS04	len-differs	len-differs	LINKLIB	HEWLF064	error	1	N	000DD8	000DD8	Y
HEWLFMAP	AOS04	len-differs	len-differs	LINKLIB	HEWLF064	error	1	N	00102C	00102C	Y
HEWLFOPT	AOS04	len-differs	len-differs	LINKLIB	HEWLF064	error	1	N	00082C	00082C	Y
HEWLFOUT	AOS04	len-differs	len-differs	LINKLIB	HEWLF064	error	1	N	000DE6	000DE6	Y
HEWLFRAT	AOS04	len-differs	len-differs	LINKLIB	HEWLF064	error	1	N	000BDF	000BDF	Y
HEWLFRCG	AOS04	len-differs	len-differs	LINKLIB	HEWLF064	error	1	N	000167	000167	Y
HEWLFREL	AOS04	len-differs	len-differs	LINKLIB	HEWLF064	error	1	N	000F13	000F13	Y
HEWLFROU	AOS04	len-differs	len-differs	LINKLIB	HEWLF064	error	1	N	000C7B	000C7B	Y
HEWLFSCD	AOS04	len-differs	len-differs	LINKLIB	HEWLF064	error	1	N	000C2F	000C2F	Y
HEWLFSCN	AOS04	len-differs	len-differs	LINKLIB	HEWLF064	error	1	N	001367	001367	Y
HEWLFSYM	AOS04	len-differs	len-differs	LINKLIB	HEWLF064	error	1	N	00013F	00013F	Y
HMAPTFLE	AOS12	no-deck	no-deck	-	-	not-in-target	0	-	-	-	-
HMASMAAR	AOS12	len-differs	len-differs	LINKLIB	HMASMP	len-differs	1	N	000C88	000C88	Y
HMASMADD	AOS12	identical	identical	LINKLIB	HMASMP	identical	1	N	000D2A	000D2A	Y
HMASMALC	AOS12	differs	differs	LINKLIB	HMASMP	differs	1	N	0009BC	0009BC	Y
HMASMAR1	AOS12	differs	differs	LINKLIB	HMASMP	differs	1	N	001450	001450	Y
HMASMAR2	AOS12	differs	differs	LINKLIB	HMASMP	differs	1	N	0011B8	0011B8	Y
HMASMAR3	AOS12	differs	differs	LINKLIB	HMASMP	differs	1	N	001058	001058	Y
HMASMAR4	AOS12	identical	identical	LINKLIB	HMASMP	identical	1	N	000D30	000D30	Y
HMASMARL	AOS12	identical	identical	LINKLIB	HMASMP	identical	1	N	0001A0	0001A0	Y
HMASMASI	AOS12	differs	differs	LINKLIB	HMASMP	differs	1	N	000810	000810	Y
HMASMASM	AOS12	identical	identical	LINKLIB	HMASMP	identical	1	N	000D3E	000D3E	Y
HMASMBDL	AOS12	len-differs	len-differs	LINKLIB	HMASMP	len-differs	1	N	0007D0	0007D0	Y
HMASMBUE	AOS12	differs	differs	LINKLIB	HMASMP	differs	1	N	000888	000888	Y
HMASMBUR	AOS12	identical	identical	LINKLIB	HMASMP	identical	1	N	0011C8	0011C8	Y
HMASMCIL	AOS12	differs	differs	LINKLIB	HMASMP	differs	1	N	000AC1	000AC1	Y
HMASMCMP	AOS12	differs	differs	LINKLIB	HMASMP	differs	1	N	000414	000414	Y
HMASMCOM	AOS12	len-differs	len-differs	LINKLIB	HMASMP	len-differs	1	N	001400	001400	Y
HMASMCP2	AOS12	differs	differs	LINKLIB	HMASMP	differs	1	N	000890	000890	Y
HMASMCPI	AOS12	differs	differs	LINKLIB	HMASMP	differs	1	N	0014B0	0014B0	Y
HMASMCPL	AOS12	differs	differs	LINKLIB	HMASMP	identical	1	N	002538	002538	Y
HMASMCPY	AOS12	differs	differs	LINKLIB	HMASMP	differs	1	N	000F39	000F39	Y
HMASMCRD	AOS12	differs	differs	LINKLIB	HMASMP	differs	1	N	0006C1	0006C1	Y
HMASMCRW	AOS12	identical	identical	LINKLIB	HMASMP	identical	1	N	000624	000624	Y
HMASMDC1	AOS12	differs	differs	LINKLIB	HMASMP	differs	1	N	0039E8	0039E8	Y
HMASMDC2	AOS12	differs	differs	LINKLIB	HMASMP	differs	1	N	000FB8	000FB8	Y
HMASMDLE	AOS12	differs	differs	LINKLIB	HMASMP	differs	1	N	001E08	001E08	Y
HMASMDR1	AOS12	differs	differs	LINKLIB	HMASMP	differs	1	N	001BB0	001BB0	Y
HMASMDR2	AOS12	differs	differs	LINKLIB	HMASMP	differs	1	N	00053A	00053A	Y
HMASMDRV	AOS12	differs	differs	LINKLIB	HMASMP	differs	1	N	003B98	003B98	Y
HMASMDS1	AOS12	differs	differs	LINKLIB	HMASMP	differs	1	N	001328	001328	Y
HMASMDSU	AOS12	differs	differs	LINKLIB	HMASMP	differs	1	N	001069	001069	Y
HMASMEFR	AOS12	differs	differs	LINKLIB	HMASMP	differs	1	N	000580	000580	Y
HMASMEIS	AOS12	differs	differs	LINKLIB	HMASMP	differs	1	N	002530	002530	Y
HMASMFPT	AOS12	identical	identical	LINKLIB	HMASMP	identical	1	N	0019C4	0019C4	Y
HMASMFVL	AOS12	differs	differs	LINKLIB	HMASMP	differs	1	N	000422	000422	Y
HMASMFXF	AOS12	identical	identical	LINKLIB	HMASMP	identical	1	N	00095B	00095B	Y
HMASMGTA	AOS12	differs	differs	LINKLIB	HMASMP	differs	1	N	002274	002274	Y
HMASMIDU	AOS12	differs	differs	LINKLIB	HMASMP	differs	1	N	0023F8	0023F8	Y
HMASMIO	AOS12	differs	differs	LINKLIB	HMASMP	differs	1	N	005640	005640	Y
HMASMIO1	AOS12	differs	differs	LINKLIB	HMASMP	differs	1	N	000478	000478	Y
HMASMION	AOS12	differs	differs	LINKLIB	HMASMP	differs	1	N	000BC4	000BC4	Y
HMASMLC1	AOS12	differs	differs	LINKLIB	HMASMP	differs	1	N	0003B1	0003B1	Y
HMASMLCC	AOS12	differs	differs	LINKLIB	HMASMP	differs	1	N	000FE8	000FE8	Y
HMASMLCD	AOS12	differs	differs	LINKLIB	HMASMP	differs	1	N	0022C0	0022C0	Y
HMASMLCP	AOS12	len-differs	len-differs	LINKLIB	HMASMP	len-differs	1	N	000DF0	000DF0	Y
HMASMLID	AOS12	differs	differs	LINKLIB	HMASMP	differs	1	N	001796	001796	Y
HMASMLKD	AOS12	differs	differs	LINKLIB	HMASMP	differs	1	N	0020AE	0020AE	Y
HMASMLKI	AOS12	differs	differs	LINKLIB	HMASMP	differs	1	N	001988	001988	Y
HMASMLOG	AOS12	differs	differs	LINKLIB	HMASMP	differs	1	N	0008CC	0008CC	Y
HMASMMDR	AOS12	len-differs	len-differs	LINKLIB	HMASMP	len-differs	1	N	001560	001560	Y
HMASMMPA	AOS12	len-differs	len-differs	LINKLIB	HMASMP	len-differs	1	N	0006B0	0006B0	Y
HMASMMPD	AOS12	len-differs	len-differs	LINKLIB	HMASMP	len-differs	1	N	000558	000558	Y
HMASMMPE	AOS12	differs	differs	LINKLIB	HMASMP	differs	1	N	0037DE	0037DE	Y
HMASMMPH	AOS12	len-differs	len-differs	LINKLIB	HMASMP	len-differs	1	N	0006F8	0006F8	Y
HMASMMPI	AOS12	differs	differs	LINKLIB	HMASMP	differs	1	N	0005BE	0005BE	Y
HMASMMPL	AOS12	len-differs	len-differs	LINKLIB	HMASMP	len-differs	1	N	0007F0	0007F0	Y
HMASMMPV	AOS12	differs	differs	LINKLIB	HMASMP	differs	1	N	0008BE	0008BE	Y
HMASMMSG	AOS12	differs	differs	LINKLIB	HMASMP	differs	1	N	000E65	000E65	Y
HMASMPGC	AOS12	differs	differs	LINKLIB	HMASMP	differs	1	N	000994	000994	Y
HMASMPIN	AOS12	len-differs	len-differs	LINKLIB	HMASMP	len-differs	1	N	001070	001070	Y
HMASMRCC	AOS12	differs	differs	LINKLIB	HMASMP	error	1	N	000528	000528	Y
HMASMRCD	AOS12	len-differs	len-differs	LINKLIB	HMASMP	error	1	N	001270	001270	Y
HMASMRCF	AOS12	differs	differs	LINKLIB	HMASMP	error	1	N	0006B0	0006B0	Y
HMASMRCL	AOS12	differs	differs	LINKLIB	HMASMP	error	1	N	0010D8	0010D8	Y
HMASMRDS	AOS12	differs	differs	LINKLIB	HMASMP	differs	1	N	000744	000744	Y
HMASMREC	AOS12	len-differs	len-differs	LINKLIB	HMASMP	len-differs	1	N	003778	003778	Y
HMASMREJ	AOS12	differs	differs	LINKLIB	HMASMP	differs	1	N	000BC0	000BC0	Y
HMASMRJD	AOS12	differs	differs	LINKLIB	HMASMP	differs	1	N	000480	000480	Y
HMASMSCN	AOS12	differs	differs	LINKLIB	HMASMP	differs	1	N	000924	000924	Y
HMASMSEC	AOS12	differs	differs	LINKLIB	HMASMP	differs	1	N	000AC0	000AC0	Y
HMASMSER	AOS12	differs	differs	LINKLIB	HMASMP	differs	1	N	0003B6	0003B6	Y
HMASMSTA	AOS12	differs	differs	LINKLIB	HMASMP	differs	1	N	0002D8	0002D8	Y
HMASMSUB	AOS12	differs	differs	LINKLIB	HMASMP	differs	1	N	000798	000798	Y
HMASMSUP	AOS12	differs	differs	LINKLIB	HMASMP	identical	1	N	000AE8	000AE8	Y
HMASMTAD	AOS12	differs	differs	LINKLIB	HMASMP	error	1	N	0002D8	0002D8	Y
HMASMTAI	AOS12	differs	differs	LINKLIB	HMASMP	error	1	N	000280	000280	Y
HMASMTBL	AOS12	differs	differs	LINKLIB	HMASMP	error	1	N	001068	001068	Y
HMASMTBM	AOS12	identical	identical	LINKLIB	HMASMP	error	1	N	000798	000798	Y
HMASMTCL	AOS12	differs	differs	LINKLIB	HMASMP	error	1	N	001224	001224	Y
HMASMTCR	AOS12	differs	differs	LINKLIB	HMASMP	differs	1	N	000F62	000F62	Y
HMASMTD1	AOS12	differs	differs	LINKLIB	HMASMP	differs	1	N	000B58	000B58	Y
HMASMTDD	AOS12	differs	differs	LINKLIB	HMASMP	error	1	N	000A34	000A34	Y
HMASMTEC	AOS12	differs	differs	LINKLIB	HMASMP	error	1	N	000935	000935	Y
HMASMTID	AOS12	identical	identical	LINKLIB	HMASMP	identical	1	N	000330	000330	Y
HMASMTL1	AOS12	differs	differs	LINKLIB	HMASMP	differs	1	N	000507	000507	Y
HMASMTL2	AOS12	differs	differs	LINKLIB	HMASMP	differs	1	N	001358	001358	Y
HMASMTL3	AOS12	identical	identical	LINKLIB	HMASMP	identical	1	N	00023C	00023C	Y
HMASMTM1	AOS12	differs	differs	LINKLIB	HMASMP	differs	1	N	0017BA	0017BA	Y
HMASMTM2	AOS12	differs	differs	LINKLIB	HMASMP	differs	1	N	00179C	00179C	Y
HMASMTM3	AOS12	differs	differs	LINKLIB	HMASMP	differs	1	N	001191	001191	Y
HMASMTM4	AOS12	differs	differs	LINKLIB	HMASMP	identical	1	N	000EE8	000EE8	Y
HMASMTMD	AOS12	identical	identical	LINKLIB	HMASMP	identical	1	N	003970	003970	Y
HMASMTMJ	AOS12	differs	differs	LINKLIB	HMASMP	differs	1	N	000C62	000C62	Y
HMASMTMS	AOS12	differs	differs	LINKLIB	HMASMP	identical	1	N	002AF0	002AF0	Y
HMASMTMW	AOS12	len-differs	len-differs	LINKLIB	HMASMP	len-differs	1	N	000CE2	000CE2	Y
HMASMTP2	AOS12	differs	differs	LINKLIB	HMASMP	differs	1	N	0009DD	0009DD	Y
HMASMTPA	AOS12	differs	differs	LINKLIB	HMASMP	differs	1	N	0028B0	0028B0	Y
HMASMTPC	AOS12	identical	identical	LINKLIB	HMASMP	identical	1	N	0007C1	0007C1	Y
HMASMTPD	AOS12	differs	differs	LINKLIB	HMASMP	error	1	N	0008C6	0008C6	Y
HMASMTPL	AOS12	differs	differs	LINKLIB	HMASMP	differs	1	N	000FB9	000FB9	Y
HMASMTPO	AOS12	differs	differs	LINKLIB	HMASMP	differs	1	N	000CCF	000CCF	Y
HMASMTPR	AOS12	differs	differs	LINKLIB	HMASMP	differs	1	N	001648	001648	Y
HMASMTPS	AOS12	differs	differs	LINKLIB	HMASMP	differs	1	N	000384	000384	Y
HMASMTR1	AOS12	differs	differs	LINKLIB	HMASMP	differs	1	N	000695	000695	Y
HMASMTRM	AOS12	differs	differs	LINKLIB	HMASMP	differs	1	N	00399A	00399A	Y
HMASMTSB	AOS12	differs	differs	LINKLIB	HMASMP	error	1	N	001493	001493	Y
HMASMUC1	AOS12	differs	differs	LINKLIB	HMASMP	differs	1	N	006A10	006A10	Y
HMASMUC2	AOS12	differs	differs	LINKLIB	HMASMP	differs	1	N	002AD0	002AD0	Y
HMASMUC3	AOS12	differs	differs	LINKLIB	HMASMP	differs	1	N	001295	001295	Y
HMASMUC4	AOS12	differs	differs	LINKLIB	HMASMP	differs	1	N	000956	000956	Y
HMASMUCD	AOS12	identical	identical	LINKLIB	HMASMP	identical	1	N	000140	000140	Y
HMASMULI	AOS12	len-differs	len-differs	LINKLIB	HMASMP	len-differs	1	N	000380	000380	Y
HMASMULK	AOS12	differs	differs	LINKLIB	HMASMP	differs	1	N	000BDA	000BDA	Y
HMASMUPD	AOS12	differs	differs	LINKLIB	HMASMP	differs	1	N	001986	001986	Y
HMASMUPI	AOS12	differs	differs	LINKLIB	HMASMP	differs	1	N	001018	001018	Y
HMASMUXC	AOS12	differs	differs	LINKLIB	HMASMP	differs	1	N	000A68	000A68	Y
HMASMUXD	AOS12	identical	identical	LINKLIB	HMASMUXD	identical	1	N	000038	000038	Y
HMASMVLU	AOS12	identical	identical	LINKLIB	HMASMP	identical	1	N	0005AE	0005AE	Y
HMASMXRF	AOS12	differs	differs	LINKLIB	HMASMP	differs	1	N	000AA1	000AA1	Y
HMASMZAP	AOS12	len-differs	len-differs	LINKLIB	HMASMP	len-differs	1	N	00127B	00127B	Y
HMBLKCTL	AOS12	len-differs	len-differs	LINKLIB	AMBLIST	len-differs	1	N	0024F0	0024F0	Y
HMBLKERR	AOS12	identical	identical	LINKLIB	AMBLIST	identical	1	N	000264	000264	Y
HMBLKIDR	AOS12	len-differs	len-differs	LINKLIB	AMBLIST	len-differs	1	N	001A44	001A44	Y
HMBLKLDM	AOS12	len-differs	len-differs	LINKLIB	AMBLIST	len-differs	1	N	001019	001019	Y
HMBLKLPA	AOS12	holes	holes	LINKLIB	AMBLIST	holes	1	N	000451	000451	Y
HMBLKMSG	AOS12	identical	identical	LINKLIB	AMBLIST	identical	1	N	00066C	00066C	Y
HMBLKOBJ	AOS12	len-differs	len-differs	LINKLIB	AMBLIST	len-differs	1	N	000D40	000D40	Y
HMBLKSZE	AOS12	len-differs	len-differs	LINKLIB	AMBLIST	len-differs	1	N	0000E8	0000E8	Y
HMBLKXRF	AOS12	len-differs	len-differs	LINKLIB	AMBLIST	len-differs	1	N	00279C	00279C	Y
HMDUSRFF	AOSD0	no-deck	no-deck	-	-	not-in-target	0	-	-	-	-
IAPABNAP	AOSU0	identical	identical	LINKLIB	IAPAP100	identical	1	N	000134	000134	Y
IAPBLDIO	AOSU0	identical	identical	LINKLIB	IAPAP100	identical	1	N	001736	001736	Y
IAPCHKIO	AOSU0	identical	identical	LINKLIB	IAPAP100	identical	1	N	0010D4	0010D4	Y
IAPCNTRL	AOSU0	differs	differs	LINKLIB	IAPAP100	differs	1	N	0021FA	0021FA	Y
IAPPFXAP	AOSU0	identical	identical	LINKLIB	IAPAP100	identical	1	N	000064	000064	Y
IAPTIMER	AOSU0	identical	identical	LINKLIB	IAPAP100	identical	1	N	000130	000130	Y
IASFCB26	AOSD0	identical	identical	-	-	not-in-target	0	-	000045	-	-
IASFCB28	AOSD0	identical	identical	-	-	not-in-target	0	-	00005B	-	-
IASXSD81	AOSB0	len-differs	len-differs	LPALIB	IASXWR00	len-differs	1	N	0008B4	0008B4	Y
IASXSD82	AOSB0	len-differs	len-differs	LPALIB	IASXWR00	len-differs	1	N	000E1C	000E1C	Y
IASXWR00	AOSB0	len-differs	len-differs	LPALIB	IASXWR00	len-differs	1	N	000174	000174	Y
ICB2ACT	AOSD0	len-differs	len-differs	-	-	not-in-target	0	-	00014C	-	-
ICB2AEA	AOSD0	len-differs	len-differs	-	-	not-in-target	0	-	0003BA	-	-
ICB2AIR	AOSD0	len-differs	len-differs	-	-	not-in-target	0	-	000229	-	-
ICB2ATTN	AOSD0	len-differs	len-differs	-	-	not-in-target	0	-	000447	-	-
ICB2MSG	AOSD0	len-differs	len-differs	LINKLIB	ICB2MSG	len-differs	1	N	0043FC	0043FC	Y
ICB2SIOB	AOSD0	len-differs	len-differs	-	-	not-in-target	0	-	00029A	-	-
ICB2SIOF	AOSD0	differs	differs	-	-	not-in-target	0	-	000274	-	-
ICBINIT	AOSD0	differs	differs	-	-	not-in-target	0	-	0004FC	-	-
ICBIORSI	AOSD0	len-differs	len-differs	-	-	not-in-target	0	-	000128	-	-
ICBME	AOSD0	holes	holes	-	-	not-in-target	0	-	0004A6	-	-
ICBMSG05	AOSD0	len-differs	len-differs	LINKLIB	ICBMSG05	len-differs	1	N	002D40	002D40	Y
ICBMSG56	AOSD0	len-differs	len-differs	LINKLIB	ICB2MSG	len-differs	1	N	007F42	007F42	Y
ICBPRGIO	AOSD0	len-differs	len-differs	-	-	not-in-target	0	-	0002D6	-	-
ICBTMSS0	AOSD0	len-differs	len-differs	-	-	not-in-target	0	-	000388	-	-
ICBVCR00	AOSD0	len-differs	len-differs	LINKLIB	ICBVVI00	len-differs	1	N	000478	000478	Y
ICBVDM00	AOSD0	len-differs	len-differs	LINKLIB	ICBVVI00	len-differs	1	N	0011FD	0011FD	Y
ICBVDR00	AOSD0	holes	holes	-	-	not-in-target	0	-	00092D	-	-
ICBVDR01	AOSD0	len-differs	len-differs	LINKLIB	ICBVDR01	len-differs	1	N	002068	002068	Y
ICBVEX00	AOSD0	identical	identical	-	-	not-in-target	0	-	000A74	-	-
ICBVIN00	AOSD0	len-differs	len-differs	LINKLIB	ICBVVI00	len-differs	1	N	003734	003734	Y
ICBVIN02	AOSD0	len-differs	len-differs	-	-	not-in-target	0	-	0012F8	-	-
ICBVIO00	AOSD0	identical	identical	-	-	not-in-target	0	-	0006B0	-	-
ICBVJL00	AOSD0	len-differs	len-differs	LINKLIB	ICBVVI00	len-differs	1	N	001500	001500	Y
ICBVMG00	AOSD0	len-differs	len-differs	LINKLIB	ICBVVI00	len-differs	1	N	001ACA	001ACA	Y
ICBVMS00	AOSD0	len-differs	len-differs	-	-	not-in-target	0	-	003280	-	-
ICBVMT00	AOSD0	len-differs	len-differs	LINKLIB	ICBVVI00	len-differs	1	N	002B5C	002B5C	Y
ICBVOP00	AOSD0	identical	identical	-	-	not-in-target	0	-	000808	-	-
ICBVPI00	AOSD0	identical	identical	-	-	not-in-target	0	-	000466	-	-
ICBVPR00	AOSD0	len-differs	len-differs	LINKLIB	ICBVVI00	len-differs	1	N	000A34	000A34	Y
ICBVQM00	AOSD0	len-differs	len-differs	-	-	not-in-target	0	-	001025	-	-
ICBVRR00	AOSD0	len-differs	len-differs	LINKLIB	ICBVVI00	len-differs	1	N	000958	000958	Y
ICBVSC00	AOSD0	len-differs	len-differs	-	-	not-in-target	0	-	000964	-	-
ICBVSL00	AOSD0	len-differs	len-differs	LINKLIB	ICBVVI00	len-differs	1	N	0059A8	0059A8	Y
ICBVSP00	AOSD0	len-differs	len-differs	-	-	not-in-target	0	-	0017D4	-	-
ICBVTM00	AOSD0	identical	identical	-	-	not-in-target	0	-	0006E8	-	-
ICBVTP00	AOSD0	len-differs	len-differs	LINKLIB	ICBVVI00	len-differs	1	N	00098C	00098C	Y
ICBVTP01	AOSD0	len-differs	len-differs	-	-	not-in-target	0	-	0007DC	-	-
ICBVUP00	AOSD0	identical	identical	-	-	not-in-target	0	-	000470	-	-
ICBVUP01	AOSD0	identical	identical	-	-	not-in-target	0	-	000324	-	-
ICBVUT00	AOSD0	len-differs	len-differs	LINKLIB	ICBVVI00	len-differs	1	N	005578	005578	Y
ICBVUT01	AOSD0	len-differs	len-differs	LINKLIB	ICBVVI00	len-differs	1	N	0057CC	0057CC	Y
ICBVUT03	AOSD0	len-differs	len-differs	-	-	not-in-target	0	-	000E60	-	-
ICFBDF00	AOSCE	len-differs	error	-	-	not-in-target	0	-	-	-	-
ICFBDX00	AOSCE	identical	error	-	-	not-in-target	0	-	-	-	-
ICFBIF00	AOSCE	len-differs	error	-	-	not-in-target	0	-	-	-	-
ICFBIX00	AOSCE	identical	error	-	-	not-in-target	0	-	-	-	-
ICGDSA01	AOSD0	identical	identical	-	-	not-in-target	0	-	000724	-	-
ICGDSA02	AOSD0	identical	identical	-	-	not-in-target	0	-	00050B	-	-
ICGDSA04	AOSD0	holes	holes	-	-	not-in-target	0	-	000434	-	-
ICGDSA05	AOSD0	len-differs	len-differs	-	-	not-in-target	0	-	0009A8	-	-
ICGDSA06	AOSD0	len-differs	len-differs	-	-	not-in-target	0	-	00109D	-	-
ICGDSA07	AOSD0	len-differs	len-differs	-	-	not-in-target	0	-	000B8C	-	-
ICGDSA08	AOSD0	holes	holes	-	-	not-in-target	0	-	0007C2	-	-
ICGDSA09	AOSD0	len-differs	len-differs	-	-	not-in-target	0	-	000A29	-	-
ICGDSANL	AOSD0	holes	holes	-	-	not-in-target	0	-	000262	-	-
ICGDSB01	AOSD0	len-differs	len-differs	-	-	not-in-target	0	-	00052C	-	-
ICGDSB03	AOSD0	len-differs	len-differs	-	-	not-in-target	0	-	000711	-	-
ICGDSB05	AOSD0	len-differs	len-differs	-	-	not-in-target	0	-	0005D9	-	-
ICGDSB06	AOSD0	len-differs	len-differs	-	-	not-in-target	0	-	00085F	-	-
ICGDSB07	AOSD0	differs	differs	-	-	not-in-target	0	-	000720	-	-
ICGDSB08	AOSD0	len-differs	len-differs	-	-	not-in-target	0	-	000E9F	-	-
ICGDSB09	AOSD0	len-differs	len-differs	-	-	not-in-target	0	-	0019AA	-	-
ICGDSB10	AOSD0	len-differs	len-differs	-	-	not-in-target	0	-	00048A	-	-
ICGDSB11	AOSD0	len-differs	len-differs	-	-	not-in-target	0	-	0006E1	-	-
ICGDSB12	AOSD0	len-differs	len-differs	-	-	not-in-target	0	-	000758	-	-
ICGDSB13	AOSD0	len-differs	len-differs	-	-	not-in-target	0	-	000706	-	-
ICGDSB14	AOSD0	len-differs	len-differs	-	-	not-in-target	0	-	000428	-	-
ICGDSB15	AOSD0	len-differs	len-differs	-	-	not-in-target	0	-	000668	-	-
ICGDSB16	AOSD0	len-differs	len-differs	-	-	not-in-target	0	-	0003B8	-	-
ICGDSB18	AOSD0	len-differs	len-differs	-	-	not-in-target	0	-	001315	-	-
ICGDSB19	AOSD0	len-differs	len-differs	-	-	not-in-target	0	-	00178A	-	-
ICGDSB20	AOSD0	len-differs	len-differs	-	-	not-in-target	0	-	001989	-	-
ICGDSBLD	AOSD0	len-differs	len-differs	-	-	not-in-target	0	-	000E53	-	-
ICGDSINT	AOSD0	len-differs	len-differs	-	-	not-in-target	0	-	00073C	-	-
ICGDSMSG	AOSD0	identical	identical	-	-	not-in-target	0	-	000D4B	-	-
ICGDSS01	AOSD0	identical	identical	-	-	not-in-target	0	-	0007FA	-	-
ICGDSS02	AOSD0	identical	identical	-	-	not-in-target	0	-	000A70	-	-
ICGDSS04	AOSD0	identical	identical	-	-	not-in-target	0	-	001A5B	-	-
ICGDSS05	AOSD0	identical	identical	-	-	not-in-target	0	-	000D58	-	-
ICGDSS06	AOSD0	len-differs	len-differs	-	-	not-in-target	0	-	000831	-	-
ICGDSS08	AOSD0	len-differs	len-differs	-	-	not-in-target	0	-	000C3C	-	-
ICGDSS09	AOSD0	len-differs	len-differs	-	-	not-in-target	0	-	001BA7	-	-
ICGDSS99	AOSD0	identical	identical	-	-	not-in-target	0	-	0004A4	-	-
ICGDSSCN	AOSD0	len-differs	len-differs	-	-	not-in-target	0	-	0007F3	-	-
ICGTRDST	AOSD0	differs	differs	-	-	not-in-target	0	-	002B14	-	-
ICGTRINT	AOSD0	len-differs	len-differs	-	-	not-in-target	0	-	003B70	-	-
ICGTRSUM	AOSD0	identical	identical	-	-	not-in-target	0	-	001B48	-	-
ICGTRVID	AOSD0	identical	identical	-	-	not-in-target	0	-	001574	-	-
ICHRIN00	AOSBN	differs	differs	LPALIB	ICHRIN00	len-differs	1	N	0000A8	000098	N
ICKAA01	AOSU0	len-differs	len-differs	LINKLIB	ICKDSF	len-differs	1	N	000890	000890	Y
ICKAN01	AOSU0	differs	differs	LINKLIB	ICKDSF	identical	1	N	001DCA	001DCA	Y
ICKAN02	AOSU0	identical	identical	LINKLIB	ICKDSF	identical	1	N	001B38	001B38	Y
ICKAN03	AOSU0	identical	identical	LINKLIB	ICKDSF	identical	1	N	000FB8	000FB8	Y
ICKBI01	AOSU0	differs	differs	LINKLIB	ICKDSF	differs	1	N	0033E0	0033E0	Y
ICKBM01	AOSU0	len-differs	len-differs	LINKLIB	ICKDSF	len-differs	1	N	000400	000400	Y
ICKCDAN	AOSU0	identical	identical	LINKLIB	ICKDSF	identical	1	N	000261	000261	Y
ICKCDBI	AOSU0	identical	identical	LINKLIB	ICKDSF	identical	1	N	000101	000101	Y
ICKCDIN	AOSU0	len-differs	len-differs	LINKLIB	ICKDSF	len-differs	1	N	000911	000911	Y
ICKCDIT	AOSU0	len-differs	len-differs	LINKLIB	ICKDSF	len-differs	1	N	000581	000581	Y
ICKCDRF	AOSU0	len-differs	len-differs	LINKLIB	ICKDSF	len-differs	1	N	000371	000371	Y
ICKCDTR	AOSU0	identical	identical	LINKLIB	ICKDSF	identical	1	N	000275	000275	Y
ICKCL01	AOSU0	identical	identical	-	-	not-in-target	0	-	00028F	-	-
ICKCV01	AOSU0	identical	identical	-	-	not-in-target	0	-	000354	-	-
ICKDV00	AOSU0	differs	differs	LINKLIB	ICKDSF	identical	1	N	000CD8	000CD8	Y
ICKDV01	AOSU0	len-differs	len-differs	LINKLIB	ICKDSF	len-differs	1	N	002718	002718	Y
ICKDV02	AOSU0	len-differs	len-differs	LINKLIB	ICKDSF	len-differs	1	N	000BD8	000BD8	Y
ICKDV03	AOSU0	len-differs	len-differs	LINKLIB	ICKDSF	len-differs	1	N	001AC0	001AC0	Y
ICKDV04	AOSU0	len-differs	len-differs	LINKLIB	ICKDSF	len-differs	1	N	000AE8	000AE8	Y
ICKDV13	AOSU0	identical	identical	LINKLIB	ICKDSF	identical	1	N	000878	000878	Y
ICKEX01	AOSU0	len-differs	len-differs	LINKLIB	ICKDSF	len-differs	1	N	0004C8	0004C8	Y
ICKEX02	AOSU0	identical	identical	-	-	not-in-target	0	-	0001D2	-	-
ICKEX03	AOSU0	identical	identical	-	-	not-in-target	0	-	00020D	-	-
ICKIN01	AOSU0	len-differs	len-differs	LINKLIB	ICKDSF	len-differs	1	N	003500	003500	Y
ICKIN02	AOSU0	differs	differs	LINKLIB	ICKDSF	identical	1	N	002620	002620	Y
ICKIO01	AOSU0	len-differs	len-differs	LINKLIB	ICKDSF	len-differs	1	N	0012E0	0012E0	Y
ICKIO02	AOSU0	len-differs	len-differs	LINKLIB	ICKDSF	len-differs	1	N	0019B0	0019B0	Y
ICKIT01	AOSU0	len-differs	len-differs	LINKLIB	ICKDSF	len-differs	1	N	003BF0	003BF0	Y
ICKPP01	AOSU0	len-differs	len-differs	LINKLIB	ICKDSF	len-differs	1	N	000880	000880	Y
ICKRA01	AOSU0	identical	identical	-	-	not-in-target	0	-	0009FC	-	-
ICKRD01	AOSU0	identical	identical	-	-	not-in-target	0	-	000471	-	-
ICKRF01	AOSU0	len-differs	len-differs	LINKLIB	ICKDSF	len-differs	1	N	001010	001010	Y
ICKRI01	AOSU0	len-differs	len-differs	LINKLIB	ICKDSF	len-differs	1	N	005488	005488	Y
ICKRI02	AOSU0	len-differs	len-differs	LINKLIB	ICKDSF	len-differs	1	N	0009C0	0009C0	Y
ICKRI03	AOSU0	identical	identical	-	-	not-in-target	0	-	000512	-	-
ICKRIKT	AOSU0	identical	identical	LINKLIB	ICKDSF	identical	1	N	00005A	00005A	Y
ICKRILT	AOSU0	len-differs	len-differs	LINKLIB	ICKDSF	len-differs	1	N	000088	000088	Y
ICKRL01	AOSU0	identical	identical	-	-	not-in-target	0	-	0003B2	-	-
ICKRP01	AOSU0	len-differs	len-differs	LINKLIB	ICKDSF	len-differs	1	N	000480	000480	Y
ICKRT01	AOSU0	identical	identical	-	-	not-in-target	0	-	0003A0	-	-
ICKSA01	AOSU0	len-differs	len-differs	LINKLIB	ICKDSF	len-differs	1	N	000968	000968	Y
ICKSA02	AOSU0	len-differs	len-differs	LINKLIB	ICKDSF	len-differs	1	N	000FB8	000FB8	Y
ICKSA03	AOSU0	len-differs	len-differs	LINKLIB	ICKDSF	len-differs	1	N	000460	000460	Y
ICKSA04	AOSU0	identical	identical	LINKLIB	ICKDSF	identical	1	N	001938	001938	Y
ICKSA05	AOSU0	len-differs	len-differs	LINKLIB	ICKDSF	len-differs	1	N	0002E4	0002E4	Y
ICKSA08	AOSU0	len-differs	len-differs	LINKLIB	ICKDSF	len-differs	1	N	000B28	000B28	Y
ICKSA10	AOSU0	len-differs	len-differs	LINKLIB	ICKDSF	len-differs	1	N	000620	000620	Y
ICKSD01	AOSU0	identical	identical	LINKLIB	ICKDSF	identical	1	N	001FE0	001FE0	Y
ICKSD02	AOSU0	differs	differs	LINKLIB	ICKDSF	identical	1	N	001E98	001E98	Y
ICKTA01	AOSU0	len-differs	len-differs	LINKLIB	ICKDSF	len-differs	1	N	0005D8	0005D8	Y
ICKTP01	AOSU0	len-differs	len-differs	LINKLIB	ICKDSF	len-differs	1	N	001F60	001F60	Y
ICKTP04	AOSU0	identical	identical	-	-	not-in-target	0	-	00113F	-	-
ICKTP05	AOSU0	len-differs	len-differs	LINKLIB	ICKDSF	len-differs	2	N	0004C0	0004C0	Y
ICKTR01	AOSU0	identical	identical	LINKLIB	ICKDSF	identical	1	N	000630	000630	Y
ICKTR02	AOSU0	identical	identical	LINKLIB	ICKDSF	identical	1	N	001418	001418	Y
ICKTSAN0	AOSU0	identical	identical	LINKLIB	ICKDSF	identical	1	N	0011BC	0011BC	Y
ICKTSBI0	AOSU0	identical	identical	LINKLIB	ICKDSF	identical	1	N	0006E3	0006E3	Y
ICKTSCC0	AOSU0	len-differs	len-differs	LINKLIB	ICKDSF	len-differs	1	N	001771	001771	Y
ICKTSDV0	AOSU0	len-differs	len-differs	LINKLIB	ICKDSF	len-differs	1	N	00066D	00066D	Y
ICKTSEF0	AOSU0	len-differs	len-differs	LINKLIB	ICKDSF	len-differs	1	N	000C49	000C49	Y
ICKTSEF1	AOSU0	differs	differs	LINKLIB	ICKDSF	identical	1	N	001ED9	001ED9	Y
ICKTSEX0	AOSU0	len-differs	len-differs	LINKLIB	ICKDSF	len-differs	1	N	000230	000230	Y
ICKTSIO0	AOSU0	len-differs	len-differs	LINKLIB	ICKDSF	len-differs	1	N	000359	000359	Y
ICKTSRI0	AOSU0	len-differs	len-differs	LINKLIB	ICKDSF	len-differs	1	N	000B98	000B98	Y
ICKTSSA0	AOSU0	identical	identical	LINKLIB	ICKDSF	identical	1	N	0002B5	0002B5	Y
ICKTSTP0	AOSU0	identical	identical	-	-	not-in-target	0	-	00072C	-	-
ICKTSTP1	AOSU0	len-differs	len-differs	LINKLIB	ICKDSF	len-differs	1	N	0001A9	0001A9	Y
ICKTSUV0	AOSU0	identical	identical	LINKLIB	ICKDSF	identical	1	N	000270	000270	Y
ICKUSER1	AOSU0	identical	identical	LINKLIB	ICKDSF	identical	1	N	0000B6	0000B6	Y
ICKVA01	AOSU0	len-differs	len-differs	LINKLIB	ICKDSF	len-differs	1	N	000330	000330	Y
ICKVD01	AOSU0	identical	identical	-	-	not-in-target	0	-	0002EB	-	-
ICKVLBL	AOSU0	len-differs	len-differs	LINKLIB	ICKDSF	len-differs	1	N	0001E8	0001E8	Y
ICKVP01	AOSU0	identical	identical	-	-	not-in-target	0	-	0006BB	-	-
ICKVV01	AOSU0	len-differs	len-differs	LINKLIB	ICKDSF	len-differs	1	N	0002C8	0002C8	Y
ICKWI01	AOSU0	len-differs	len-differs	LINKLIB	ICKDSF	len-differs	1	N	000F00	000F00	Y
ICKWL01	AOSU0	len-differs	len-differs	LINKLIB	ICKDSF	len-differs	1	N	000460	000460	Y
ICKWV01	AOSU0	len-differs	len-differs	LINKLIB	ICKDSF	len-differs	1	N	000978	000978	Y
IDA0192A	AOSA0	len-differs	len-differs	LPALIB	IDA0192A	len-differs	1	N	0025F8	0025F8	Y
IDA0192B	AOSA0	len-differs	len-differs	LPALIB	IDA0192A	len-differs	1	N	0019D0	0019D0	Y
IDA0192C	AOSA0	len-differs	len-differs	LPALIB	IDA0192A	len-differs	1	N	001FB0	001FB0	Y
IDA0192D	AOSA0	len-differs	len-differs	LPALIB	IDA0192A	error	1	N	000BD8	000BD8	Y
IDA0192F	AOSA0	len-differs	len-differs	LPALIB	IDA0192A	len-differs	1	N	001ED8	001ED8	Y
IDA0192G	AOSA0	identical	identical	LPALIB	IDA0192A	identical	1	N	00017A	00017A	Y
IDA0192I	AOSA0	len-differs	len-differs	LPALIB	IDA0192A	len-differs	1	N	000F3B	000F3B	Y
IDA0192M	AOSA0	len-differs	len-differs	LPALIB	IDA0192A	len-differs	1	N	0010C8	0010C8	Y
IDA0192P	AOSA0	len-differs	len-differs	LPALIB	IDA0192A	len-differs	1	N	000C6F	000C6F	Y
IDA0192S	AOSA0	len-differs	len-differs	LPALIB	IDA0192A	len-differs	1	N	00079C	00079C	Y
IDA0192V	AOSA0	len-differs	len-differs	LPALIB	IDA0192A	len-differs	1	N	001A72	001A72	Y
IDA0192W	AOSA0	holes	holes	LPALIB	IDA0192A	error	1	N	00098C	00098C	Y
IDA0192Y	AOSA0	len-differs	len-differs	LPALIB	IDA0192A	len-differs	1	N	003520	003520	Y
IDA0192Z	AOSA0	len-differs	len-differs	LPALIB	IDA0192A	len-differs	1	N	001FF0	001FF0	Y
IDA0195A	AOSA0	identical	identical	LPALIB	IDA0195A	identical	1	N	0018E9	0018E9	Y
IDA019C1	AOSA0	len-differs	len-differs	LPALIB	IDA019C1	len-differs	1	N	003080	003080	Y
IDA019R1	AOSA0	len-differs	len-differs	LPALIB	IDA019L1	len-differs	1	N	001290	001290	Y
IDA019R2	AOSA0	len-differs	len-differs	LPALIB	IDA019L1	len-differs	1	N	000C8C	000C8C	Y
IDA019R3	AOSC5	no-deck	no-deck	LPALIB	IDA019L1	no-deck	1	N	0001C4	0001C4	Y
IDA019R4	AOSA0	len-differs	len-differs	LPALIB	IDA019L1	len-differs	1	N	0016B8	0016B8	Y
IDA019R5	AOSA0	len-differs	len-differs	LPALIB	IDA019L1	len-differs	2	N	000BD4	000BD4	Y
IDA019R7	AOSC5	no-deck	no-deck	-	-	not-in-target	0	-	-	-	-
IDA019R8	AOSA0	len-differs	len-differs	LPALIB	IDA019L1	len-differs	1	N	0009DC	0009DC	Y
IDA019RA	AOSA0	len-differs	len-differs	LPALIB	IDA019L1	len-differs	1	N	000D94	000D94	Y
IDA019RB	AOSA0	identical	identical	LPALIB	IDA019L1	identical	1	N	000214	000214	Y
IDA019RC	AOSA0	identical	identical	LPALIB	IDA019L1	identical	1	N	0001AA	0001AA	Y
IDA019RD	AOSA0	len-differs	len-differs	LPALIB	IDA019RD	len-differs	1	N	0001BC	0001BC	Y
IDA019RE	AOSA0	len-differs	len-differs	LPALIB	IDA019L1	len-differs	1	N	0011B0	0011B0	Y
IDA019RF	AOSA0	len-differs	len-differs	LPALIB	IDA019L1	len-differs	1	N	000F9C	000F9C	Y
IDA019RG	AOSA0	len-differs	len-differs	LPALIB	IDA019L1	len-differs	1	N	000E1C	000E1C	Y
IDA019RH	AOSA0	differs	differs	LPALIB	IDA019L1	differs	1	N	000DEC	000DEC	Y
IDA019RI	AOSA0	len-differs	len-differs	LPALIB	IDA019L1	len-differs	1	N	000E44	000E44	Y
IDA019RJ	AOSA0	len-differs	len-differs	LPALIB	IDA019L1	len-differs	1	N	000FD4	000FD4	Y
IDA019RK	AOSA0	len-differs	len-differs	LPALIB	IDA019L1	len-differs	1	N	0006EC	0006EC	Y
IDA019RL	AOSA0	len-differs	len-differs	LPALIB	IDA019L1	len-differs	1	N	000824	000824	Y
IDA019RM	AOSA0	len-differs	len-differs	LPALIB	IDA019L1	len-differs	1	N	0008F6	0008F6	Y
IDA019RN	AOSA0	len-differs	len-differs	LPALIB	IDA019L1	len-differs	1	N	00058C	00058C	Y
IDA019RO	AOSA0	len-differs	len-differs	LPALIB	IDA019L1	len-differs	1	N	0003FC	0003FC	Y
IDA019RP	AOSA0	len-differs	len-differs	LPALIB	IDA019L1	len-differs	1	N	00088C	00088C	Y
IDA019RQ	AOSA0	len-differs	len-differs	LPALIB	IDA019L1	len-differs	1	N	000F84	000F84	Y
IDA019RR	AOSA0	len-differs	len-differs	LPALIB	IDA019L1	len-differs	1	N	000DE4	000DE4	Y
IDA019RS	AOSA0	len-differs	len-differs	LPALIB	IDA019L1	len-differs	1	N	000F6C	000F6C	Y
IDA019RT	AOSA0	identical	identical	LPALIB	IDA019L1	identical	1	N	000BB4	000BB4	Y
IDA019RU	AOSA0	len-differs	len-differs	LPALIB	IDA019L1	len-differs	1	N	001578	001578	Y
IDA019RV	AOSA0	identical	identical	LPALIB	IDA019L1	identical	1	N	00083C	00083C	Y
IDA019RW	AOSA0	len-differs	len-differs	LPALIB	IDA019L1	len-differs	1	N	000C2C	000C2C	Y
IDA019RX	AOSA0	len-differs	len-differs	LPALIB	IDA019L1	len-differs	1	N	001578	001578	Y
IDA019RY	AOSA0	len-differs	len-differs	LPALIB	IDA019L1	len-differs	1	N	001800	001800	Y
IDA019RZ	AOSA0	len-differs	len-differs	LPALIB	IDA019L1	len-differs	1	N	0003D4	0003D4	Y
IDA019S1	AOSA0	len-differs	len-differs	LPALIB	IDA019L2	len-differs	1	N	0003E4	0003E4	Y
IDA019S2	AOSA0	len-differs	len-differs	LPALIB	IDA019L2	len-differs	1	N	000A70	000A70	Y
IDA019S4	AOSC5	differs	differs	NUCLEUS	IEANUC01	identical	1	N	0000F0	0000F0	Y
IDA019S6	AOSA0	len-differs	len-differs	LPALIB	IDA019L1	len-differs	1	N	000514	000514	Y
IDA019SA	AOSA0	len-differs	len-differs	LPALIB	IDA019L1	len-differs	1	N	00099C	00099C	Y
IDA019SB	AOSC5	identical	identical	NUCLEUS	IEANUC01	identical	1	N	000B66	000B66	Y
IDA019SE	AOSA0	len-differs	len-differs	LPALIB	IDA019L1	len-differs	1	N	000C70	000C70	Y
IDA019SF	AOSA0	len-differs	len-differs	LPALIB	IDA019L1	len-differs	1	N	0007EC	0007EC	Y
IDA019SG	AOSA0	identical	identical	LPALIB	IDA019L1	identical	1	N	0003FC	0003FC	Y
IDA019SH	AOSA0	identical	identical	LPALIB	IDA019L1	identical	1	N	00087C	00087C	Y
IDA019SL	AOSA0	identical	identical	LPALIB	IDA019L1	identical	1	N	0002BC	0002BC	Y
IDA019SM	AOSA0	identical	identical	LPALIB	IDA019L1	identical	1	N	000192	000192	Y
IDA019SN	AOSA0	identical	identical	LPALIB	IDA019L1	identical	1	N	000434	000434	Y
IDA019ST	AOSA0	len-differs	len-differs	LPALIB	IDA019L1	len-differs	1	N	001F78	001F78	Y
IDA019SU	AOSA0	len-differs	len-differs	LPALIB	IDA019L1	len-differs	1	N	001030	001030	Y
IDA0200B	AOSA0	len-differs	len-differs	LPALIB	IDA0192A	len-differs	1	N	0018B0	0018B0	Y
IDA0200S	AOSA0	len-differs	len-differs	LPALIB	IDA0192A	len-differs	1	N	000698	000698	Y
IDA0200T	AOSA0	len-differs	len-differs	LPALIB	IDA0192A	len-differs	1	N	002280	002280	Y
IDA0231B	AOSA0	len-differs	len-differs	LPALIB	IDA0192A	len-differs	1	N	000AAA	000AAA	Y
IDA0231T	AOSA0	len-differs	len-differs	LPALIB	IDA0192A	len-differs	1	N	000B28	000B28	Y
IDA0557A	AOSA0	len-differs	len-differs	LPALIB	IDA0192A	len-differs	1	N	0035B8	0035B8	Y
IDA0A05B	AOSA0	len-differs	len-differs	LPALIB	IDA0192A	len-differs	1	N	002218	002218	Y
IDA0C05B	AOSA0	len-differs	len-differs	LPALIB	IDA0192A	error	1	N	000304	000304	Y
IDA0C06C	AOSA0	len-differs	len-differs	LPALIB	IDA0192A	len-differs	1	N	001558	001558	Y
IDA0I96C	AOSA0	len-differs	len-differs	LPALIB	IDA0192A	error	1	N	000276	000276	Y
IDA121A2	AOSC5	identical	identical	NUCLEUS	IEANUC01	identical	1	N	0015D0	0015D0	Y
IDA121A3	AOSC5	differs	differs	NUCLEUS	IEANUC01	differs	1	N	000920	000920	Y
IDA121A4	AOSC5	differs	differs	NUCLEUS	IEANUC01	differs	1	N	000900	000900	Y
IDA121A5	AOSC5	len-differs	len-differs	LPALIB	IDA121A5	len-differs	1	N	0000D8	0000D8	Y
IDA121A6	AOSC5	differs	differs	NUCLEUS	IEANUC01	differs	1	N	000124	000124	Y
IDA121CV	AOSC5	identical	identical	NUCLEUS	IEANUC01	identical	1	N	000014	000014	Y
IDACAT11	AOSA0	len-differs	len-differs	LPALIB	IEFW21SD	len-differs	1	N	000DEC	000DEC	Y
IDACAT12	AOSA0	len-differs	len-differs	LPALIB	IEFW21SD	len-differs	1	N	000718	000718	Y
IDACAT13	AOSA0	len-differs	len-differs	LPALIB	IDACAT13	len-differs	1	N	000544	000544	Y
IDACAT21	AOSU0	identical	identical	LINKLIB	IDACAT21	identical	1	N	001434	001434	Y
IDACKRA1	AOSA0	len-differs	len-differs	LPALIB	IDA0192A	error	1	N	0003F8	0003F8	Y
IDAICIA1	AOSA0	len-differs	len-differs	LPALIB	IFG0192A	len-differs	1	N	000908	000908	Y
IDAIIFBF	AOSA0	identical	identical	LPALIB	IDAIIFBF	identical	1	N	000110	000110	Y
IDAIIPM1	AOSA0	len-differs	len-differs	LPALIB	IDAIIPM1	len-differs	1	N	0003A0	0003A0	Y
IDAIIPM2	AOSA0	identical	identical	LPALIB	IDAIIPM2	identical	1	N	00069C	00069C	Y
IDAIIPM3	AOSA0	len-differs	len-differs	LPALIB	IDAIIPM3	len-differs	1	N	0007B0	0007B0	Y
IDAIISM1	AOSA0	len-differs	len-differs	LPALIB	IDAIISM1	len-differs	1	N	00067B	00067B	Y
IDAM19R3	AOSC5	len-differs	error	-	-	not-in-target	0	-	-	-	-
IDAOCEA1	AOSA0	len-differs	len-differs	LPALIB	IFG0192A	len-differs	1	N	000338	000338	Y
IDAOCEA2	AOSA0	len-differs	len-differs	LPALIB	IFG0192A	len-differs	1	N	000973	000973	Y
IDAOCEA3	AOSA0	identical	identical	-	-	not-in-target	0	-	00003A	-	-
IDAOCEA4	AOSA0	holes	holes	LPALIB	IFG0192A	holes	1	N	000088	000088	Y
IDAVBPC1	AOSA0	len-differs	len-differs	LPALIB	IDDWI	len-differs	1	N	00012A	00012A	Y
IDAVBPJ1	AOSA0	len-differs	len-differs	-	-	not-in-target	0	-	00040A	-	-
IDAVBPJ2	AOSA1	holes	holes	LPALIB	IEFIB600	holes	1	N	00029E	00029E	Y
IDAVBPO1	AOSA0	differs	differs	LPALIB	IDDWI	differs	1	N	0003D0	0003D0	Y
IDAVBPP1	AOSA0	len-differs	len-differs	LPALIB	IDDWI	len-differs	1	N	0005DA	0005DA	Y
IDAVBPR1	AOSA0	identical	identical	LPALIB	IDDWI	identical	1	N	00038B	00038B	Y
IDAVBPR2	AOSA0	identical	identical	LPALIB	IDDWI	identical	1	N	0003F2	0003F2	Y
IDAVBPS1	AOSA0	identical	identical	LPALIB	IDDWI	identical	1	N	000202	000202	Y
IDAVBPS2	AOSA0	len-differs	len-differs	-	-	not-in-target	0	-	000352	-	-
IDCAL01	AOSU0	len-differs	len-differs	LINKLIB	IDCAL01	len-differs	1	N	004679	004679	Y
IDCAM01	ACMDLIB	identical	identical	CMDLIB	IDCAM01	identical	1	N	-	00011A	?
IDCAM02	ACMDLIB	identical	identical	CMDLIB	IDCAM02	identical	1	N	-	00011A	?
IDCAU01	AOSU0	identical	identical	-	-	not-in-target	0	-	000D8E	-	-
IDCAU02	AOSU0	holes	holes	-	-	not-in-target	0	-	001156	-	-
IDCAU03	AOSU0	len-differs	len-differs	-	-	not-in-target	0	-	003B9C	-	-
IDCAV01	AOSU0	identical	identical	-	-	not-in-target	0	-	0034D5	-	-
IDCBI01	AOSU0	len-differs	len-differs	LINKLIB	IDCBI01	len-differs	1	N	003E0C	003E0C	Y
IDCCC01	AOSU0	len-differs	len-differs	LINKLIB	IDCCC01	len-differs	1	N	002D2A	002D2A	Y
IDCCDAL	AOSU0	identical	identical	LINKLIB	IDCCDAL	identical	1	N	000D2C	000D2C	Y
IDCCDAU	AOSU0	len-differs	len-differs	-	-	not-in-target	0	-	000420	-	-
IDCCDAV	AOSU0	identical	identical	-	-	not-in-target	0	-	000200	-	-
IDCCDBI	AOSU0	identical	identical	LINKLIB	IDCCDBI	identical	1	N	000204	000204	Y
IDCCDCC	AOSU0	identical	identical	LINKLIB	IDCCDCC	identical	1	N	000210	000210	Y
IDCCDCH	AOSU0	len-differs	len-differs	-	-	not-in-target	0	-	0003A4	-	-
IDCCDCK	AOSU0	identical	identical	LINKLIB	IDCCDCK	identical	1	N	0000AC	0000AC	Y
IDCCDCN	AOSU0	identical	identical	-	-	not-in-target	0	-	0002D4	-	-
IDCCDCO	AOSU0	identical	identical	-	-	not-in-target	0	-	000334	-	-
IDCCDCP	AOSU0	identical	identical	-	-	not-in-target	0	-	00014C	-	-
IDCCDCT	AOSU0	identical	identical	-	-	not-in-target	0	-	000054	-	-
IDCCDCV	AOSU0	identical	identical	-	-	not-in-target	0	-	00038C	-	-
IDCCDDE	AOSU0	len-differs	len-differs	LINKLIB	IDCCDDE	len-differs	1	N	003DA8	003DA8	Y
IDCCDDL	AOSU0	identical	identical	LINKLIB	IDCCDDL	identical	1	N	000448	000448	Y
IDCCDDU	AOSU0	len-differs	len-differs	-	-	not-in-target	0	-	0003CC	-	-
IDCCDEC	AOSU0	identical	identical	-	-	not-in-target	0	-	0000EC	-	-
IDCCDEV	AOSU0	identical	identical	-	-	not-in-target	0	-	000178	-	-
IDCCDGR	AOSU0	identical	identical	-	-	not-in-target	0	-	0003D4	-	-
IDCCDLC	AOSU0	identical	identical	LINKLIB	IDCCDLC	identical	1	N	0003CC	0003CC	Y
IDCCDLD	AOSU0	differs	differs	-	-	not-in-target	0	-	0003BC	-	-
IDCCDLM	AOSU0	identical	identical	-	-	not-in-target	0	-	000208	-	-
IDCCDLR	AOSU0	identical	identical	LINKLIB	IDCCDLR	identical	1	N	000204	000204	Y
IDCCDLV	AOSU0	identical	identical	-	-	not-in-target	0	-	000520	-	-
IDCCDMC	AOSU0	identical	identical	-	-	not-in-target	0	-	000504	-	-
IDCCDMG	AOSU0	len-differs	len-differs	-	-	not-in-target	0	-	0004D8	-	-
IDCCDMP	AOSU0	identical	identical	LINKLIB	IDCCDMP	identical	1	N	00058C	00058C	Y
IDCCDMV	AOSU0	len-differs	len-differs	-	-	not-in-target	0	-	0005D0	-	-
IDCCDNC	AOSU0	len-differs	len-differs	-	-	not-in-target	0	-	000208	-	-
IDCCDPM	AOSU0	identical	identical	LINKLIB	IDCCDPM	identical	1	N	000404	000404	Y
IDCCDPR	AOSU0	identical	identical	LINKLIB	IDCCDPR	identical	1	N	000584	000584	Y
IDCCDRC	AOSU0	identical	identical	LINKLIB	IDCCDRC	identical	1	N	00030C	00030C	Y
IDCCDRD	AOSU0	identical	identical	-	-	not-in-target	0	-	001458	-	-
IDCCDRL	AOSU0	identical	identical	-	-	not-in-target	0	-	0000B8	-	-
IDCCDRM	AOSU0	identical	identical	LINKLIB	IDCCDRM	identical	1	N	0002DC	0002DC	Y
IDCCDRP	AOSU0	len-differs	len-differs	LINKLIB	IDCCDRP	len-differs	1	N	000438	000438	Y
IDCCDRR	AOSU0	identical	identical	-	-	not-in-target	0	-	000168	-	-
IDCCDRS	AOSU0	identical	identical	LINKLIB	IDCCDRS	identical	1	N	0002EC	0002EC	Y
IDCCDRV	AOSU0	identical	identical	-	-	not-in-target	0	-	00020C	-	-
IDCCDSD	AOSU0	differs	differs	-	-	not-in-target	0	-	0003C4	-	-
IDCCDSG	AOSU0	identical	identical	-	-	not-in-target	0	-	00004C	-	-
IDCCDSR	AOSU0	identical	identical	-	-	not-in-target	0	-	000238	-	-
IDCCDST	AOSU0	identical	identical	-	-	not-in-target	0	-	000018	-	-
IDCCDSV	AOSU0	identical	identical	-	-	not-in-target	0	-	000108	-	-
IDCCDTR	AOSU0	identical	identical	-	-	not-in-target	0	-	0002F0	-	-
IDCCDTU	AOSU0	len-differs	len-differs	-	-	not-in-target	0	-	000234	-	-
IDCCDVY	AOSU0	identical	identical	LINKLIB	IDCCDVY	identical	1	N	000078	000078	Y
IDCCDXP	AOSU0	identical	identical	LINKLIB	IDCCDXP	identical	1	N	000400	000400	Y
IDCCH01	AOSU0	len-differs	len-differs	-	-	not-in-target	0	-	004094	-	-
IDCCH02	AOSU0	len-differs	len-differs	-	-	not-in-target	0	-	0071FE	-	-
IDCCH03	AOSU0	len-differs	len-differs	-	-	not-in-target	0	-	001604	-	-
IDCCH04	AOSU0	len-differs	len-differs	-	-	not-in-target	0	-	001D5C	-	-
IDCCK01	AOSU0	holes	holes	LINKLIB	IDCCK01	holes	1	N	00177D	00177D	Y
IDCCN01	AOSU0	len-differs	len-differs	-	-	not-in-target	0	-	003346	-	-
IDCCO01	AOSU0	len-differs	len-differs	-	-	not-in-target	0	-	002EF9	-	-
IDCCP01	AOSU0	identical	identical	-	-	not-in-target	0	-	0018B8	-	-
IDCCT01	AOSU0	identical	identical	-	-	not-in-target	0	-	0005F7	-	-
IDCCV01	AOSU0	len-differs	len-differs	-	-	not-in-target	0	-	002172	-	-
IDCDB01	AOSU0	holes	holes	LINKLIB	IDCDB01	holes	1	N	00051A	00051A	Y
IDCDB02	AOSU0	identical	identical	LINKLIB	IDCDB02	identical	1	N	000A1A	000A1A	Y
IDCDE01	AOSU0	len-differs	len-differs	LINKLIB	IDCDE01	len-differs	1	N	001688	001688	Y
IDCDE02	AOSU0	len-differs	len-differs	LINKLIB	IDCDE01	len-differs	1	N	002CFC	002CFC	Y
IDCDE03	AOSU0	len-differs	len-differs	LINKLIB	IDCDE01	len-differs	1	N	003AB5	003AB5	Y
IDCDL01	AOSU0	len-differs	len-differs	LINKLIB	IDCDL01	len-differs	1	N	002676	002676	Y
IDCDU01	AOSU0	len-differs	len-differs	-	-	not-in-target	0	-	004012	-	-
IDCEC01	AOSU0	identical	identical	-	-	not-in-target	0	-	000B20	-	-
IDCEV01	AOSU0	holes	holes	-	-	not-in-target	0	-	001229	-	-
IDCEX01	AOSU0	identical	identical	LINKLIB	IDCAMS	identical	1	N	0003C1	0003C1	Y
IDCEX02	AOSU0	holes	holes	LINKLIB	IDCAMS	holes	1	N	00026A	00026A	Y
IDCEX03	AOSU0	len-differs	len-differs	LINKLIB	IDCAMS	len-differs	1	N	0002AC	0002AC	Y
IDCGR01	AOSU0	identical	identical	-	-	not-in-target	0	-	000796	-	-
IDCIO01	AOSU0	differs	differs	LINKLIB	IDCAMS	identical	1	N	002BB4	002BB4	Y
IDCIO02	AOSU0	differs	differs	LINKLIB	IDCAMS	identical	1	N	002C4C	002C4C	Y
IDCIO03	AOSU0	identical	identical	LINKLIB	IDCAMS	identical	1	N	001148	001148	Y
IDCIO04	AOSU0	holes	holes	LINKLIB	IDCIO04	holes	1	N	000508	000508	Y
IDCIO05	AOSU0	len-differs	len-differs	LINKLIB	IDCAMS	len-differs	1	N	004FB4	004FB4	Y
IDCLC01	AOSU0	len-differs	len-differs	LINKLIB	IDCLC01	len-differs	1	N	00414C	00414C	Y
IDCLC02	AOSU0	len-differs	len-differs	LINKLIB	IDCLC01	len-differs	1	N	004884	004884	Y
IDCLD01	AOSU0	len-differs	len-differs	-	-	not-in-target	0	-	00321F	-	-
IDCLM01	AOSU0	len-differs	len-differs	-	-	not-in-target	0	-	00326A	-	-
IDCLR01	AOSU0	len-differs	len-differs	LINKLIB	IDCLR01	len-differs	1	N	005890	005890	Y
IDCLR02	AOSU0	holes	holes	LINKLIB	IDCLR01	holes	1	N	000406	000406	Y
IDCLV01	AOSU0	len-differs	len-differs	-	-	not-in-target	0	-	0035A6	-	-
IDCMC01	AOSU0	len-differs	len-differs	-	-	not-in-target	0	-	000CFF	-	-
IDCMG01	AOSU0	len-differs	len-differs	-	-	not-in-target	0	-	00108C	-	-
IDCMP01	AOSU0	len-differs	len-differs	LINKLIB	IDCMP01	len-differs	1	N	0058AE	0058AE	Y
IDCMV01	AOSU0	len-differs	len-differs	-	-	not-in-target	0	-	0035E2	-	-
IDCNC01	AOSU0	len-differs	len-differs	-	-	not-in-target	0	-	000963	-	-
IDCPM01	AOSU0	len-differs	len-differs	LINKLIB	IDCPM01	len-differs	1	N	00093D	00093D	Y
IDCPR01	AOSU0	len-differs	len-differs	LINKLIB	IDCPR01	len-differs	1	N	00108E	00108E	Y
IDCRC01	AOSU0	len-differs	len-differs	LINKLIB	IDCRC01	len-differs	1	N	003499	003499	Y
IDCRC02	AOSU0	len-differs	len-differs	LINKLIB	IDCRC01	len-differs	1	N	0032C2	0032C2	Y
IDCRC03	AOSU0	holes	holes	LINKLIB	IDCRC01	holes	1	N	0002EC	0002EC	Y
IDCRC04	AOSU0	identical	identical	LINKLIB	IDCLR01	identical	2	N	0011D0	0011D0	Y
IDCRD01	AOSU0	identical	identical	-	-	not-in-target	0	-	000953	-	-
IDCRD02	AOSU0	identical	identical	-	-	not-in-target	0	-	0017A5	-	-
IDCRD03	AOSU0	len-differs	len-differs	-	-	not-in-target	0	-	0019AC	-	-
IDCRD04	AOSU0	len-differs	len-differs	-	-	not-in-target	0	-	001986	-	-
IDCRD05	AOSU0	len-differs	len-differs	-	-	not-in-target	0	-	002DA6	-	-
IDCRD06	AOSU0	len-differs	len-differs	-	-	not-in-target	0	-	0037EB	-	-
IDCRD07	AOSU0	len-differs	len-differs	-	-	not-in-target	0	-	0043DC	-	-
IDCRI01	AOSU0	len-differs	len-differs	LINKLIB	IDCRI01	len-differs	1	N	0055B1	0055B1	Y
IDCRI02	AOSU0	identical	identical	LINKLIB	IDCRI01	identical	1	N	0006F3	0006F3	Y
IDCRI03	AOSU0	identical	identical	LINKLIB	IDCRI01	identical	1	N	0005A6	0005A6	Y
IDCRI04	AOSU0	len-differs	len-differs	LINKLIB	IDCRI04	len-differs	1	N	0036F2	0036F2	Y
IDCRIFF	AOSU0	identical	identical	LINKLIB	IDCRILT	identical	1	N	000008	000008	Y
IDCRIKT	AOSU0	identical	identical	LINKLIB	IDCRIKT	identical	1	N	00005A	00005A	Y
IDCRILT	AOSU0	identical	identical	LINKLIB	IDCRILT	identical	1	N	0001E0	0001E0	Y
IDCRIMT	AOSU0	identical	identical	-	-	not-in-target	0	-	0002C0	-	-
IDCRL01	AOSU0	identical	identical	-	-	not-in-target	0	-	000C7F	-	-
IDCRM01	AOSU0	len-differs	len-differs	LINKLIB	IDCRM01	len-differs	1	N	006D4A	006D4A	Y
IDCRP01	AOSU0	len-differs	len-differs	LINKLIB	IDCRP01	len-differs	1	N	002FA1	002FA1	Y
IDCRR01	AOSU0	len-differs	len-differs	-	-	not-in-target	0	-	0011D3	-	-
IDCRS01	AOSU0	len-differs	len-differs	LINKLIB	IDCRS01	len-differs	1	N	004368	004368	Y
IDCRS02	AOSU0	differs	differs	LINKLIB	IDCRS01	differs	1	N	003FD7	003FD7	Y
IDCRS03	AOSU0	holes	holes	LINKLIB	IDCRS01	holes	1	N	003DD9	003DD9	Y
IDCRS04	AOSU0	differs	differs	LINKLIB	IDCRS01	differs	1	N	002070	002070	Y
IDCRS05	AOSU0	differs	differs	LINKLIB	IDCRS01	differs	1	N	002450	002450	Y
IDCRS06	AOSU0	len-differs	len-differs	LINKLIB	IDCRS01	len-differs	1	N	002DD8	002DD8	Y
IDCRS07	AOSU0	holes	holes	LINKLIB	IDCRS01	holes	1	N	00223C	00223C	Y
IDCRV01	AOSU0	len-differs	len-differs	-	-	not-in-target	0	-	001E85	-	-
IDCSA01	AOSU0	len-differs	len-differs	LINKLIB	IDCAMS	len-differs	1	N	000D40	000D40	Y
IDCSA02	AOSU0	len-differs	len-differs	LINKLIB	IDCAMS	len-differs	1	N	0030E0	0030E0	Y
IDCSA03	AOSU0	identical	identical	LINKLIB	IDCAMS	identical	1	N	0006B0	0006B0	Y
IDCSA05	AOSU0	identical	identical	LINKLIB	IDCAMS	identical	1	N	000364	000364	Y
IDCSA06	AOSU0	len-differs	len-differs	LINKLIB	IDCAMS	len-differs	1	N	002438	002438	Y
IDCSA07	AOSU0	len-differs	len-differs	LINKLIB	IDCAMS	len-differs	1	N	0014EC	0014EC	Y
IDCSA08	AOSU0	len-differs	len-differs	LINKLIB	IDCAMS	len-differs	1	N	0011F4	0011F4	Y
IDCSA09	AOSU0	len-differs	len-differs	LINKLIB	IDCAMS	len-differs	1	N	000D1C	000D1C	Y
IDCSA10	AOSU0	len-differs	len-differs	LINKLIB	IDCAMS	len-differs	1	N	0009A8	0009A8	Y
IDCSD01	AOSU0	len-differs	len-differs	-	-	not-in-target	0	-	00298D	-	-
IDCSG01	AOSU0	identical	identical	-	-	not-in-target	0	-	0004E5	-	-
IDCSR01	AOSU0	holes	holes	-	-	not-in-target	0	-	002437	-	-
IDCST01	AOSU0	len-differs	len-differs	-	-	not-in-target	0	-	000758	-	-
IDCSV01	AOSU0	len-differs	len-differs	-	-	not-in-target	0	-	001A93	-	-
IDCTP01	AOSU0	len-differs	len-differs	LINKLIB	IDCAMS	len-differs	1	N	0025AC	0025AC	Y
IDCTP04	AOSU0	holes	holes	LINKLIB	IDCAMS	holes	1	N	0011B1	0011B1	Y
IDCTP05	AOSU0	holes	holes	LINKLIB	IDCAMS	holes	1	N	0004FC	0004FC	Y
IDCTP06	AOSU0	len-differs	len-differs	LINKLIB	IDCAMS	len-differs	1	N	0006F6	0006F6	Y
IDCTR01	AOSU0	len-differs	len-differs	-	-	not-in-target	0	-	001B8A	-	-
IDCTSAL0	AOSU0	identical	identical	LINKLIB	IDCTSAL0	identical	1	N	0007F9	0007F9	Y
IDCTSAU0	AOSU0	differs	differs	-	-	not-in-target	0	-	001350	-	-
IDCTSAV0	AOSU0	identical	identical	-	-	not-in-target	0	-	000294	-	-
IDCTSBI0	AOSU0	identical	identical	LINKLIB	IDCTSBI0	identical	1	N	0005FC	0005FC	Y
IDCTSCC0	AOSU0	identical	identical	LINKLIB	IDCTSCC0	identical	1	N	0004A2	0004A2	Y
IDCTSCH0	AOSU0	len-differs	len-differs	-	-	not-in-target	0	-	001874	-	-
IDCTSCK0	AOSU0	len-differs	len-differs	LINKLIB	IDCTSCK0	len-differs	1	N	00045F	00045F	Y
IDCTSCM0	AOSU0	len-differs	len-differs	-	-	not-in-target	0	-	001A26	-	-
IDCTSCN0	AOSU0	identical	identical	-	-	not-in-target	0	-	000455	-	-
IDCTSCO0	AOSU0	differs	differs	-	-	not-in-target	0	-	0003DB	-	-
IDCTSCP0	AOSU0	identical	identical	-	-	not-in-target	0	-	0008D6	-	-
IDCTSCT0	AOSU0	identical	identical	-	-	not-in-target	0	-	000060	-	-
IDCTSCV0	AOSU0	identical	identical	-	-	not-in-target	0	-	000397	-	-
IDCTSDE0	AOSU0	identical	identical	LINKLIB	IDCTSDE0	identical	1	N	000875	000875	Y
IDCTSDL0	AOSU0	len-differs	len-differs	LINKLIB	IDCTSDL0	len-differs	1	N	000480	000480	Y
IDCTSDU0	AOSU0	len-differs	len-differs	-	-	not-in-target	0	-	001542	-	-
IDCTSEC0	AOSU0	identical	identical	-	-	not-in-target	0	-	0001AD	-	-
IDCTSEV0	AOSU0	identical	identical	-	-	not-in-target	0	-	000047	-	-
IDCTSEX0	AOSU0	identical	identical	LINKLIB	IDCTSEX0	identical	1	N	0003BE	0003BE	Y
IDCTSIO0	AOSU0	identical	identical	LINKLIB	IDCTSIO0	identical	1	N	000BB3	000BB3	Y
IDCTSIO5	AOSU0	identical	identical	-	-	not-in-target	0	-	00029B	-	-
IDCTSLC0	AOSU0	len-differs	len-differs	LINKLIB	IDCTSLC0	len-differs	1	N	0022F8	0022F8	Y
IDCTSLC1	AOSU0	len-differs	len-differs	LINKLIB	IDCTSLC1	len-differs	1	N	00061C	00061C	Y
IDCTSLD0	AOSU0	differs	differs	-	-	not-in-target	0	-	001159	-	-
IDCTSLM0	AOSU0	identical	identical	-	-	not-in-target	0	-	000C6B	-	-
IDCTSLR0	AOSU0	identical	identical	LINKLIB	IDCTSLR0	identical	1	N	000439	000439	Y
IDCTSLR1	AOSU0	identical	identical	LINKLIB	IDCTSLR1	identical	1	N	0004F6	0004F6	Y
IDCTSLV0	AOSU0	len-differs	len-differs	-	-	not-in-target	0	-	003089	-	-
IDCTSMC0	AOSU0	len-differs	len-differs	-	-	not-in-target	0	-	0000CE	-	-
IDCTSMG0	AOSU0	identical	identical	-	-	not-in-target	0	-	0000B3	-	-
IDCTSMP0	AOSU0	identical	identical	LINKLIB	IDCTSMP0	identical	1	N	000798	000798	Y
IDCTSMV0	AOSU0	identical	identical	-	-	not-in-target	0	-	0000F5	-	-
IDCTSNC0	AOSU0	identical	identical	-	-	not-in-target	0	-	000061	-	-
IDCTSPR0	AOSU0	len-differs	len-differs	LINKLIB	IDCTSPR0	len-differs	1	N	000823	000823	Y
IDCTSRC0	AOSU0	identical	identical	LINKLIB	IDCTSRC0	identical	1	N	00080B	00080B	Y
IDCTSRD0	AOSU0	len-differs	len-differs	-	-	not-in-target	0	-	001D30	-	-
IDCTSRI0	AOSU0	identical	identical	LINKLIB	IDCTSRI0	identical	1	N	000B86	000B86	Y
IDCTSRI1	AOSU0	identical	identical	LINKLIB	IDCTSRI1	identical	1	N	00052A	00052A	Y
IDCTSRL0	AOSU0	identical	identical	-	-	not-in-target	0	-	0000D2	-	-
IDCTSRR0	AOSU0	identical	identical	-	-	not-in-target	0	-	00020A	-	-
IDCTSRS0	AOSU0	identical	identical	LINKLIB	IDCTSRS0	identical	1	N	00133A	00133A	Y
IDCTSRV0	AOSU0	identical	identical	-	-	not-in-target	0	-	000136	-	-
IDCTSSA0	AOSU0	identical	identical	LINKLIB	IDCTSSA0	identical	1	N	0002AA	0002AA	Y
IDCTSSA6	AOSU0	identical	identical	-	-	not-in-target	0	-	00057D	-	-
IDCTSSA7	AOSU0	identical	identical	-	-	not-in-target	0	-	0003B5	-	-
IDCTSSD0	AOSU0	identical	identical	-	-	not-in-target	0	-	000301	-	-
IDCTSSR0	AOSU0	identical	identical	-	-	not-in-target	0	-	000272	-	-
IDCTSSS0	AOSU0	len-differs	len-differs	-	-	not-in-target	0	-	000B94	-	-
IDCTSST0	AOSU0	identical	identical	-	-	not-in-target	0	-	000053	-	-
IDCTSSV0	AOSU0	identical	identical	-	-	not-in-target	0	-	000130	-	-
IDCTSTP0	AOSU0	identical	identical	LINKLIB	IDCTSTP0	identical	1	N	00072C	00072C	Y
IDCTSTP1	AOSU0	identical	identical	LINKLIB	IDCTSTP1	identical	1	N	000174	000174	Y
IDCTSTP6	AOSU0	len-differs	len-differs	LINKLIB	IDCTSTP6	len-differs	1	N	0006B3	0006B3	Y
IDCTSTR0	AOSU0	identical	identical	-	-	not-in-target	0	-	0001B5	-	-
IDCTSTU0	AOSU0	len-differs	len-differs	-	-	not-in-target	0	-	000B07	-	-
IDCTSUV0	AOSU0	identical	identical	LINKLIB	IDCTSUV0	identical	1	N	0004D8	0004D8	Y
IDCTSVS0	AOSU0	len-differs	len-differs	-	-	not-in-target	0	-	0006B6	-	-
IDCTSXP0	AOSU0	identical	identical	LINKLIB	IDCTSXP0	identical	1	N	0001BF	0001BF	Y
IDCTU01	AOSU0	len-differs	len-differs	-	-	not-in-target	0	-	0018EC	-	-
IDCVS01	AOSU0	len-differs	len-differs	-	-	not-in-target	0	-	0022B0	-	-
IDCVS02	AOSU0	holes	holes	-	-	not-in-target	0	-	00127C	-	-
IDCVS03	AOSU0	len-differs	len-differs	-	-	not-in-target	0	-	001DC0	-	-
IDCVY01	AOSU0	identical	identical	LINKLIB	IDCVY01	identical	1	N	0004F0	0004F0	Y
IDCXP01	AOSU0	differs	differs	LINKLIB	IDCXP01	differs	1	N	003305	003305	Y
IDDWIAPP	AOSA0	len-differs	len-differs	LPALIB	IDDWI	len-differs	1	N	0008EB	0008EB	Y
IDDWICLS	AOSA0	len-differs	len-differs	LPALIB	IDDWI	len-differs	1	N	0001D0	0001D0	Y
IDDWICPI	AOSA0	len-differs	len-differs	LPALIB	IDDWI	len-differs	1	N	00128E	00128E	Y
IDDWIFRR	AOSA0	len-differs	len-differs	LPALIB	IDDWI	len-differs	1	N	0005AD	0005AD	Y
IDDWIJRN	AOSA0	len-differs	len-differs	LPALIB	IDDWI	len-differs	1	N	0006E2	0006E2	Y
IDDWIMRG	AOSA1	identical	identical	LPALIB	IEFIB600	identical	1	N	000088	000088	Y
IDDWITRM	AOSA0	differs	differs	LPALIB	IDDWI	differs	1	N	000240	000240	Y
IEAFTEED	AOSC5	len-differs	len-differs	LINKLIB	IEAVTFMT	len-differs	1	N	00156C	00156C	Y
IEAFTIHS	AOSC5	len-differs	len-differs	LINKLIB	IEAVTFMT	len-differs	1	N	0016C4	0016C4	Y
IEAFTRT2	AOSC5	len-differs	len-differs	LINKLIB	IEAVTFMT	len-differs	1	N	0029B4	0029B4	Y
IEAFTSCB	AOSC5	len-differs	len-differs	LINKLIB	IEAVTFMT	len-differs	1	N	001264	001264	Y
IEAQWAIT	AOS00	differs	identical	NUCLEUS	IEANUC01	identical	1	N	000080	000080	Y
IEASMFEX	AOS00	differs	identical	NUCLEUS	IEANUC01	identical	1	N	00012A	00012A	Y
IEATLEXT	AOS00	differs	differs	NUCLEUS	IEANUC01	differs	1	N	000274	000274	Y
IEAV1052	AOSC5	len-differs	len-differs	LPALIB	IGC0007B	len-differs	1	N	0009ED	0009ED	Y
IEAV1443	AOSC5	len-differs	len-differs	LPALIB	IGC0007B	len-differs	1	N	000A7D	000A7D	Y
IEAV2540	AOSC5	len-differs	len-differs	-	-	not-in-target	0	-	00051C	-	-
IEAVAD00	AOSC5	len-differs	len-differs	LPALIB	IGC0005A	len-differs	1	N	001638	001638	Y
IEAVAD01	AOSC5	len-differs	len-differs	LPALIB	IGC0005A	len-differs	1	N	001F90	001F90	Y
IEAVAD02	AOSC5	len-differs	len-differs	LPALIB	IGC0005A	len-differs	1	N	000264	000264	Y
IEAVAD03	AOSC5	differs	differs	LPALIB	IGC0005A	differs	1	N	00101A	00101A	Y
IEAVAD05	AOSC5	identical	identical	LPALIB	IGC0005A	identical	1	N	00084F	00084F	Y
IEAVAD06	AOSC5	identical	identical	LPALIB	IGC0005A	identical	1	N	000707	000707	Y
IEAVAD07	AOSC5	len-differs	len-differs	LPALIB	IGC0005A	len-differs	1	N	000B23	000B40	N
IEAVAD08	AOSC5	len-differs	len-differs	LPALIB	IGC0005A	len-differs	1	N	000322	000322	Y
IEAVAD09	AOSC5	identical	identical	LPALIB	IGC0005A	identical	1	N	000191	000191	Y
IEAVAD0A	AOSC5	differs	differs	LPALIB	IGC0005A	differs	1	N	00057F	00057F	Y
IEAVAD0B	AOSC5	identical	identical	LPALIB	IGC0005A	identical	1	N	000BEA	000BEA	Y
IEAVAD0C	AOSC5	identical	identical	LPALIB	IGC0005A	len-differs	1	N	0002CE	000410	N
IEAVAD0D	AOSC5	len-differs	len-differs	LPALIB	IGC0005A	len-differs	1	N	000A9A	000A9A	Y
IEAVAD0E	AOSC5	len-differs	len-differs	LPALIB	IGC0005A	len-differs	1	N	000A43	000A43	Y
IEAVAD0F	AOSC5	len-differs	len-differs	LPALIB	IGC0005A	len-differs	1	N	000401	000401	Y
IEAVAD10	AOSC5	len-differs	len-differs	LPALIB	IGC0005A	len-differs	1	N	00031C	00031C	Y
IEAVAD11	AOSC5	len-differs	len-differs	LPALIB	IGC0005A	len-differs	1	N	00024B	00024B	Y
IEAVAD31	AOSC5	len-differs	len-differs	LPALIB	IGC0005A	len-differs	1	N	00012C	00012C	Y
IEAVAD51	AOSC5	len-differs	len-differs	LPALIB	IGC0005A	len-differs	1	N	00031A	00031A	Y
IEAVAD71	AOSC5	identical	identical	LPALIB	IGC0005A	identical	1	N	000646	000646	Y
IEAVADFM	AOSC5	identical	identical	LPALIB	IGC0005A	identical	1	N	000030	000030	Y
IEAVADUS	AOSC5	identical	identical	LPALIB	IGC0905A	identical	1	N	000022	000022	Y
IEAVAMSI	AOSC5	differs	differs	NUCLEUS	IEANUC01	differs	1	N	000C78	000C78	Y
IEAVAP00	AOSC5	differs	differs	NUCLEUS	IEAVNP15	len-differs	2	N	002BCE	002DC8	N
IEAVAR00	AOSC5	len-differs	len-differs	LPALIB	IEAVAR00	len-differs	1	N	000A8A	000A8A	Y
IEAVAR01	AOSC5	len-differs	len-differs	LPALIB	IEAVAR00	len-differs	1	N	000120	000120	Y
IEAVAR02	AOSC5	len-differs	len-differs	NUCLEUS	IEANUC01	len-differs	1	N	0006A0	0006A0	Y
IEAVAR03	AOSC5	identical	identical	LPALIB	IEAVAR00	identical	1	N	000330	000330	Y
IEAVAR04	AOSC5	len-differs	len-differs	LPALIB	IEAVAR00	len-differs	1	N	0005C2	0005C2	Y
IEAVAR05	AOSC5	differs	differs	LPALIB	IEAVAR00	differs	1	N	000334	000334	Y
IEAVAR06	AOSC5	differs	differs	LPALIB	IEAVAR00	error	1	N	0003E7	0003E7	Y
IEAVAR07	AOSC5	identical	identical	LPALIB	IGC0001C	identical	1	N	0002A8	0002A8	Y
IEAVAX00	AOSC5	len-differs	error	-	-	not-in-target	0	-	-	-	-
IEAVBLDP	AOSC5	len-differs	len-differs	NUCLEUS	IEANUC01	len-differs	1	N	0002A8	0002A8	Y
IEAVCARR	AOSC5	len-differs	len-differs	NUCLEUS	IEANUC01	len-differs	1	N	000352	000352	Y
IEAVCKEY	AOSC5	identical	identical	NUCLEUS	IEANUC01	identical	1	N	0004EC	0004EC	Y
IEAVCKRR	AOSC5	differs	differs	NUCLEUS	IEANUC01	differs	1	N	0000FA	0000FA	Y
IEAVCSEG	AOSC5	differs	differs	NUCLEUS	IEANUC01	differs	1	N	000430	000430	Y
IEAVDELP	AOSC5	len-differs	len-differs	NUCLEUS	IEANUC01	len-differs	1	N	0001B4	0001B4	Y
IEAVDLAS	AOSC5	differs	differs	NUCLEUS	IEANUC01	differs	1	N	000438	000438	Y
IEAVDSEG	AOSC5	differs	differs	NUCLEUS	IEANUC01	differs	1	N	000144	000144	Y
IEAVEAC0	AOSC5	identical	identical	NUCLEUS	IEANUC01	identical	1	N	000438	000438	Y
IEAVEADV	AOSC5	len-differs	len-differs	NUCLEUS	IEANUC01	len-differs	1	N	000088	000088	Y
IEAVEAT0	AOSC5	len-differs	error	-	-	not-in-target	0	-	-	-	-
IEAVECBV	AOSC5	differs	differs	NUCLEUS	IEANUC01	differs	1	N	0002DE	0002DE	Y
IEAVECH0	AOSC5	len-differs	error	-	-	not-in-target	0	-	-	-	-
IEAVEDR	AOSC5	differs	differs	NUCLEUS	IEANUC01	differs	1	N	000298	000298	Y
IEAVEDS0	AOSC5	differs	differs	NUCLEUS	IEANUC01	len-differs	1	N	001008	0010B8	N
IEAVEDSR	AOSC5	differs	differs	NUCLEUS	IEANUC01	differs	1	N	0003B8	0003B8	Y
IEAVEE1R	AOSC5	identical	identical	NUCLEUS	IEANUC01	identical	1	N	000030	000030	Y
IEAVEE2R	AOSC5	identical	identical	NUCLEUS	IEANUC01	identical	1	N	000038	000038	Y
IEAVEE3R	AOSC5	identical	identical	NUCLEUS	IEANUC01	identical	1	N	000024	000024	Y
IEAVEED0	AOSC5	len-differs	error	-	-	not-in-target	0	-	-	-	-
IEAVEEE0	AOSC5	identical	error	-	-	not-in-target	0	-	-	-	-
IEAVEEE2	AOSC5	len-differs	error	-	-	not-in-target	0	-	-	-	-
IEAVEEEP	AOSC5	differs	error	-	-	not-in-target	0	-	-	-	-
IEAVEEER	AOSC5	identical	identical	NUCLEUS	IEANUC01	identical	1	N	000230	000230	Y
IEAVEES	AOSC5	differs	differs	NUCLEUS	IEANUC01	differs	1	N	0001D0	0001D0	Y
IEAVEEXP	AOSC5	len-differs	len-differs	NUCLEUS	IEANUC01	len-differs	1	N	000334	000334	Y
IEAVEEXT	AOSC5	identical	identical	NUCLEUS	IEANUC01	identical	1	N	0002E0	0002E0	Y
IEAVEF00	AOSC5	differs	error	-	-	not-in-target	0	-	-	-	-
IEAVEIO	AOSC5	differs	differs	NUCLEUS	IEANUC01	differs	1	N	000228	000228	Y
IEAVEIOR	AOSC5	identical	identical	NUCLEUS	IEANUC01	identical	1	N	000018	000018	Y
IEAVEIPR	AOSC5	differs	differs	NUCLEUS	IEANUC01	differs	1	N	000098	000098	Y
IEAVELCR	AOSC5	identical	identical	NUCLEUS	IEANUC01	identical	1	N	000149	000149	Y
IEAVELIT	AOSC5	identical	identical	NUCLEUS	IEANUC01	identical	1	N	000290	000290	Y
IEAVELK	AOSC5	differs	differs	NUCLEUS	IEANUC01	differs	1	N	001052	001052	Y
IEAVELKR	AOSC5	identical	identical	NUCLEUS	IEANUC01	identical	1	N	000604	000604	Y
IEAVEMCR	AOSC5	len-differs	len-differs	LPALIB	IEAVEMCR	len-differs	1	N	00048B	00048B	Y
IEAVEMDL	AOSC5	len-differs	len-differs	LPALIB	IGC0001C	len-differs	1	N	00049A	00049A	Y
IEAVEMIN	AOSC5	len-differs	len-differs	LPALIB	IEAVEMCR	len-differs	1	N	0003AB	0003AB	Y
IEAVEMRQ	AOSC5	len-differs	len-differs	LPALIB	IGC0003D	len-differs	1	N	000B1E	000B1E	Y
IEAVEMS0	AOSC5	differs	differs	NUCLEUS	IEANUC01	differs	1	N	0001E0	0001E0	Y
IEAVENQ1	AOSC5	differs	error	-	-	not-in-target	0	-	-	-	-
IEAVEOR	AOSC5	differs	error	-	-	not-in-target	0	-	-	-	-
IEAVEPC	AOSC5	differs	differs	NUCLEUS	IEANUC01	len-differs	1	N	000B68	000E70	N
IEAVEPCR	AOSC5	differs	differs	NUCLEUS	IEANUC01	differs	1	N	00005C	00005C	Y
IEAVEPD0	AOSC5	len-differs	error	-	-	not-in-target	0	-	-	-	-
IEAVEPDR	AOSC5	differs	differs	NUCLEUS	IEANUC01	differs	1	N	000188	000188	Y
IEAVEQR	AOSC5	differs	differs	NUCLEUS	IEANUC01	differs	1	N	001357	001357	Y
IEAVEQV0	AOSC5	identical	error	-	-	not-in-target	0	-	-	-	-
IEAVERER	AOSC5	identical	identical	NUCLEUS	IEANUC01	identical	1	N	000024	000024	Y
IEAVERES	AOSC5	differs	differs	NUCLEUS	IEANUC01	differs	1	N	0001A0	0001A0	Y
IEAVERI	AOSC5	differs	differs	NUCLEUS	IEANUC01	differs	1	N	0002FC	0002FC	Y
IEAVERP	AOSC5	differs	differs	NUCLEUS	IEANUC01	differs	1	N	000194	000194	Y
IEAVESC0	AOSC5	len-differs	len-differs	NUCLEUS	IEANUC01	len-differs	1	N	0001B4	0001B4	Y
IEAVESCR	AOSC5	identical	identical	NUCLEUS	IEANUC01	identical	1	N	0001D0	0001D0	Y
IEAVESPR	AOSC5	identical	identical	NUCLEUS	IEANUC01	identical	1	N	0005C3	0005C3	Y
IEAVESVC	AOSC5	differs	differs	NUCLEUS	IEANUC01	len-differs	1	N	000634	000A78	N
IEAVESVR	AOSC5	identical	identical	NUCLEUS	IEANUC01	identical	1	N	00003C	00003C	Y
IEAVETCL	AOSC5	differs	differs	NUCLEUS	IEANUC01	differs	1	N	0003C5	0003C5	Y
IEAVEUPC	AOSC5	identical	identical	-	-	not-in-target	0	-	000006	-	-
IEAVEVAL	AOSC5	differs	differs	NUCLEUS	IEANUC01	differs	1	N	0001FE	0001FE	Y
IEAVEVRR	AOSC5	identical	identical	NUCLEUS	IEANUC01	identical	1	N	000224	000224	Y
IEAVEVT0	AOSC5	differs	differs	NUCLEUS	IEANUC01	differs	1	N	00054E	00054E	Y
IEAVEXS	AOSC5	differs	differs	NUCLEUS	IEANUC01	differs	1	N	0001B0	0001B0	Y
IEAVFP	AOSC5	differs	differs	NUCLEUS	IEANUC01	differs	1	N	0000D4	0000D4	Y
IEAVFRCL	AOSC5	differs	differs	NUCLEUS	IEANUC01	differs	1	N	0001AC	0001AC	Y
IEAVFREE	AOSC5	differs	differs	NUCLEUS	IEANUC01	differs	1	N	000524	000524	Y
IEAVFXLD	AOSC5	differs	differs	NUCLEUS	IEANUC01	differs	1	N	000790	000790	Y
IEAVGCAS	AOSC5	len-differs	len-differs	NUCLEUS	IEANUC01	len-differs	1	N	00098A	00098A	Y
IEAVGFA	AOSC5	differs	differs	NUCLEUS	IEANUC01	differs	1	N	001532	001532	Y
IEAVGFRR	AOSC5	len-differs	len-differs	NUCLEUS	IEANUC01	len-differs	1	N	000CB6	000CB6	Y
IEAVGM00	AOSC5	differs	differs	NUCLEUS	IEANUC01	differs	1	N	002443	002443	Y
IEAVGPRR	AOSC5	len-differs	len-differs	NUCLEUS	IEANUC01	len-differs	1	N	000B02	000B02	Y
IEAVGTCL	AOSC5	identical	identical	NUCLEUS	IEANUC01	identical	1	N	000178	000178	Y
IEAVID00	AOSC5	len-differs	error	-	-	not-in-target	0	-	-	-	-
IEAVINV	AOSC5	differs	differs	NUCLEUS	IEANUC01	differs	1	N	000268	000268	Y
IEAVIOCP	AOSC5	identical	identical	NUCLEUS	IEANUC01	identical	1	N	000650	000650	Y
IEAVITAS	AOSC5	differs	differs	NUCLEUS	IEANUC01	differs	1	N	000396	000396	Y
IEAVLK00	AOSC5	differs	differs	NUCLEUS	IEANUC01	differs	1	N	000FA7	000FA7	Y
IEAVLK01	AOSC5	differs	differs	NUCLEUS	IEANUC01	differs	1	N	000C98	000C98	Y
IEAVLK02	AOSC5	differs	differs	NUCLEUS	IEANUC01	differs	1	N	0006B4	0006B4	Y
IEAVLK03	AOSC5	differs	differs	NUCLEUS	IEANUC01	differs	1	N	000450	000450	Y
IEAVMASV	AOSC5	len-differs	error	-	-	not-in-target	0	-	-	-	-
IEAVMDOM	AOSC5	len-differs	len-differs	LPALIB	IEAVCTSK	len-differs	1	N	000A54	000A54	Y
IEAVMDSV	AOSC5	len-differs	len-differs	LPALIB	IEAVCTSK	len-differs	1	N	000A0C	000A0C	Y
IEAVMED2	AOSC5	len-differs	len-differs	LPALIB	IEAVMED2	len-differs	1	N	000900	000900	Y
IEAVMFRR	AOSC5	len-differs	len-differs	LPALIB	IEAVMFRR	len-differs	1	N	000863	000863	Y
IEAVMNTR	AOSC5	differs	differs	LPALIB	IEAVMNTR	differs	1	N	00062C	00062C	Y
IEAVMODE	AOSC5	len-differs	len-differs	NUCLEUS	IEANUC01	len-differs	1	N	0000B8	0000B8	Y
IEAVMQR0	AOSC5	holes	holes	LINKLIB	IEAVMQR0	holes	1	N	0004DC	0004DC	Y
IEAVMQWR	AOSC5	len-differs	len-differs	LPALIB	IEAVCTSK	len-differs	1	N	000476	000476	Y
IEAVMSGS	AOSC5	identical	error	-	-	not-in-target	0	-	-	-	-
IEAVMWSV	AOSC5	len-differs	len-differs	LPALIB	IEAVCTSK	len-differs	1	N	000AE4	000AE4	Y
IEAVMWTL	AOSC5	identical	identical	LINKLIB	IEAVMWTL	identical	1	N	00009C	00009C	Y
IEAVMWTO	AOSC5	len-differs	len-differs	LPALIB	IGC0003E	len-differs	1	N	0014AE	00118C	N
IEAVNIP0	AOSC5	differs	differs	NUCLEUS	IEANUC01	error	1	N	003F70	003F70	Y
IEAVNIPM	AOSC5	len-differs	len-differs	NUCLEUS	IEAVNIPM	len-differs	1	N	0028E6	0028EA	N
IEAVNIPX	AOSC5	differs	differs	NUCLEUS	IEAVNIPX	differs	1	N	0010DD	0010DD	Y
IEAVNP01	AOSC5	differs	differs	NUCLEUS	IEAVNP01	differs	1	N	000381	000381	Y
IEAVNP02	AOSC5	differs	differs	NUCLEUS	IEAVNP02	differs	1	N	001104	001104	Y
IEAVNP03	AOSC5	differs	differs	NUCLEUS	IEAVNP03	len-differs	1	N	002E48	002E70	N
IEAVNP05	AOSC5	differs	differs	NUCLEUS	IEAVNP05	differs	1	N	003F46	003F46	Y
IEAVNP07	AOSC5	differs	differs	NUCLEUS	IEAVNP07	differs	1	N	0001A3	0001A3	Y
IEAVNP08	AOSC5	differs	differs	NUCLEUS	IEAVNP08	differs	1	N	000B94	000B94	Y
IEAVNP09	AOSC5	differs	differs	NUCLEUS	IEAVNP09	differs	1	N	0003CA	0003CA	Y
IEAVNP10	AOSC5	differs	differs	NUCLEUS	IEAVNP10	differs	1	N	00141A	00141A	Y
IEAVNP11	AOSC5	len-differs	len-differs	NUCLEUS	IEAVNP11	len-differs	1	N	0020E8	0020E8	Y
IEAVNP12	AOSC5	len-differs	len-differs	NUCLEUS	IEAVNP12	len-differs	1	N	000FC8	001008	N
IEAVNP13	AOSC5	differs	differs	NUCLEUS	IEAVNP13	differs	1	N	0016CC	0016CC	Y
IEAVNP14	AOSC5	no-deck	no-deck	-	-	not-in-target	0	-	000B41	-	-
IEAVNP16	AOSC5	differs	differs	NUCLEUS	IEAVNP16	differs	1	N	000858	000858	Y
IEAVNP17	AOSC5	differs	differs	NUCLEUS	IEAVNP17	differs	1	N	0002D0	0002D0	Y
IEAVNP19	AOSC5	differs	differs	NUCLEUS	IEAVNP19	differs	1	N	00127C	00127C	Y
IEAVNP1A	AOSC5	differs	differs	NUCLEUS	IEAVNP1A	differs	1	N	0029D4	0029D4	Y
IEAVNP1B	AOSC5	differs	differs	NUCLEUS	IEAVNP1B	differs	1	N	000168	000168	Y
IEAVNPA1	AOSC5	differs	differs	NUCLEUS	IEAVNPA1	differs	1	N	0009E8	0009E8	Y
IEAVNPA5	AOSC5	differs	differs	NUCLEUS	IEAVNP05	len-differs	1	N	000A0A	000A22	N
IEAVNPA6	AOSC5	differs	differs	NUCLEUS	IEAVNPA6	differs	1	N	0002A5	0002A5	Y
IEAVNPB5	AOSC5	differs	differs	NUCLEUS	IEAVNP04	differs	1	N	0001E4	0001E4	Y
IEAVNPB6	AOSC5	identical	identical	NUCLEUS	IEAVNPB6	identical	1	N	000004	000004	Y
IEAVNPM2	AOSC5	differs	differs	NUCLEUS	IEAVNIPM	differs	1	N	001D58	001D58	Y
IEAVNPM3	AOSC5	differs	differs	NUCLEUS	IEAVNIPM	differs	1	N	0016EC	0016EC	Y
IEAVNPS5	AOSC5	differs	differs	NUCLEUS	IEAVNP05	differs	1	N	0002D7	0002D7	Y
IEAVOUT	AOSC5	differs	differs	NUCLEUS	IEANUC01	differs	1	N	00054A	00054A	Y
IEAVPCB	AOSC5	differs	differs	NUCLEUS	IEANUC01	differs	1	N	00075E	00075E	Y
IEAVPFTE	AOSC5	differs	differs	NUCLEUS	IEANUC01	differs	1	N	0007C5	0007C5	Y
IEAVPIOI	AOSC5	differs	differs	NUCLEUS	IEANUC01	differs	1	N	00027C	00027C	Y
IEAVPIOP	AOSC5	differs	differs	NUCLEUS	IEANUC01	differs	1	N	0009FC	0009FC	Y
IEAVPIX	AOSC5	differs	differs	NUCLEUS	IEANUC01	differs	1	N	0001D8	0001D8	Y
IEAVPREF	AOSC5	differs	differs	NUCLEUS	IEANUC01	differs	1	N	00051B	00051B	Y
IEAVPRSB	AOSC5	differs	differs	NUCLEUS	IEANUC01	differs	1	N	00039A	00039A	Y
IEAVPRT0	AOSC5	differs	differs	NUCLEUS	IEANUC01	differs	1	N	0010B4	0010B4	Y
IEAVPSI	AOSC5	differs	differs	NUCLEUS	IEANUC01	differs	1	N	000AD0	000AD0	Y
IEAVRCF	AOSC5	differs	differs	NUCLEUS	IEANUC01	differs	1	N	000C40	000C40	Y
IEAVRCV	AOSC5	differs	differs	NUCLEUS	IEANUC01	differs	1	N	0009ED	0009ED	Y
IEAVRELS	AOSC5	differs	differs	NUCLEUS	IEANUC01	differs	1	N	000B2E	000B2E	Y
IEAVRFR	AOSC5	differs	differs	NUCLEUS	IEANUC01	differs	1	N	000872	000872	Y
IEAVRSM	AOSC5	differs	differs	NUCLEUS	IEANUC01	differs	1	N	0007BC	0007BC	Y
IEAVRT00	AOSC5	len-differs	error	-	-	not-in-target	0	-	-	-	-
IEAVRT01	AOSC5	len-differs	error	-	-	not-in-target	0	-	-	-	-
IEAVRT02	AOSC5	len-differs	len-differs	NUCLEUS	IEANUC01	len-differs	1	N	00013E	00013E	Y
IEAVRTI0	AOSC5	differs	error	-	-	not-in-target	0	-	-	-	-
IEAVRTI1	AOSC5	differs	error	-	-	not-in-target	0	-	-	-	-
IEAVRTOD	AOSC5	identical	identical	LPALIB	IEAVRTOD	len-differs	1	N	00188C	0018CC	N
IEAVSETS	AOSC5	differs	error	-	-	not-in-target	0	-	-	-	-
IEAVSOUT	AOSC5	differs	differs	NUCLEUS	IEANUC01	differs	1	N	0017A0	0017A0	Y
IEAVSQA	AOSC5	differs	differs	NUCLEUS	IEANUC01	differs	1	N	0006E4	0006E4	Y
IEAVSTA0	AOSC5	len-differs	error	-	-	not-in-target	0	-	-	-	-
IEAVSTAA	AOSC5	len-differs	len-differs	LPALIB	IEAVCTSK	len-differs	1	N	000640	000640	Y
IEAVSWCH	AOSC5	len-differs	len-differs	LPALIB	IGC0007B	len-differs	1	N	002D50	002D50	Y
IEAVSWIN	AOSC5	differs	differs	NUCLEUS	IEANUC01	differs	1	N	000DCC	000DCC	Y
IEAVSWPC	AOSC5	len-differs	len-differs	NUCLEUS	IEANUC01	len-differs	1	N	000238	000238	Y
IEAVSY50	AOSC5	differs	error	-	-	not-in-target	0	-	-	-	-
IEAVTABD	AOSC5	len-differs	len-differs	LPALIB	IGC0001C	len-differs	1	N	001E31	001E31	Y
IEAVTABI	AOSC5	identical	identical	NUCLEUS	IEAVNPA6	identical	1	N	00120A	00120A	Y
IEAVTACR	AOSC5	identical	identical	NUCLEUS	IEANUC01	identical	1	N	000A00	000A00	Y
IEAVTADR	AOSC5	identical	identical	LPALIB	IEAVTSLP	identical	1	N	000202	000202	Y
IEAVTAS1	AOSC5	len-differs	len-differs	LPALIB	IGC0001C	len-differs	1	N	000F9C	000F9C	Y
IEAVTAS2	AOSC5	len-differs	len-differs	LPALIB	IGC0001C	len-differs	1	N	000510	000510	Y
IEAVTAS3	AOSC5	len-differs	len-differs	LPALIB	IGC0001C	len-differs	1	N	000B1C	000B1C	Y
IEAVTB00	AOSC5	len-differs	error	-	-	not-in-target	0	-	-	-	-
IEAVTCR1	AOSC5	identical	identical	NUCLEUS	IEANUC01	identical	1	N	000404	000404	Y
IEAVTERM	AOSC5	differs	differs	NUCLEUS	IEANUC01	differs	1	N	0008E0	0008E0	Y
IEAVTEST	AOSC5	identical	error	-	-	not-in-target	0	-	-	-	-
IEAVTFHX	AOSC5	identical	identical	LINKLIB	IEAVTFSD	identical	1	N	0007D8	0007D8	Y
IEAVTFMT	AOSC5	len-differs	len-differs	LINKLIB	IEAVTFMT	len-differs	1	N	001538	001538	Y
IEAVTFRD	AOSC5	len-differs	len-differs	LINKLIB	IEAVTFSD	len-differs	1	N	0005FC	0005FC	Y
IEAVTFRT	AOSC5	len-differs	len-differs	LINKLIB	IEAVTFRT	len-differs	1	N	000416	000416	Y
IEAVTFSD	AOSC5	len-differs	len-differs	LINKLIB	IEAVTFSD	len-differs	1	N	0004B4	0004B4	Y
IEAVTFTM	AOSC5	identical	identical	LINKLIB	IEAVTFSD	identical	1	N	000D68	000D68	Y
IEAVTGLB	AOSC5	len-differs	len-differs	LPALIB	IEAVTSLP	len-differs	1	N	001428	001428	Y
IEAVTJBN	AOSC5	len-differs	len-differs	LPALIB	IEAVTSLP	len-differs	1	N	0003AC	0003AC	Y
IEAVTLCL	AOSC5	len-differs	len-differs	LPALIB	IEAVTSLP	len-differs	1	N	000B42	000B42	Y
IEAVTMMT	AOSC5	holes	holes	LPALIB	IGC0001C	holes	1	N	0003C0	0003C0	Y
IEAVTMRM	AOSC5	len-differs	len-differs	LPALIB	IGC0001C	len-differs	1	N	0000B0	0000B0	Y
IEAVTMSI	AOSC5	len-differs	len-differs	LINKLIB	IEAVTMSI	len-differs	1	N	0002B2	0002B2	Y
IEAVTMTC	AOSC5	len-differs	len-differs	LPALIB	IEAVTMTC	len-differs	1	N	0006A8	0006A8	Y
IEAVTMTR	AOSC5	len-differs	len-differs	LPALIB	IEAVTMTR	len-differs	1	N	000050	000050	Y
IEAVTPER	AOSC5	differs	differs	NUCLEUS	IEANUC01	differs	1	N	000418	000418	Y
IEAVTPMT	AOSC5	differs	differs	LPALIB	IGC0001C	differs	1	N	000273	000273	Y
IEAVTRCE	AOSC5	differs	differs	NUCLEUS	IEANUC01	differs	1	N	00042A	00042A	Y
IEAVTRER	AOSC5	identical	identical	NUCLEUS	IEANUC01	identical	1	N	000B24	000B24	Y
IEAVTRET	AOSC5	len-differs	len-differs	LPALIB	IEAVTRET	len-differs	1	N	000E15	000E15	Y
IEAVTRML	AOSC5	identical	identical	LPALIB	IGC0001C	identical	1	N	000030	000030	Y
IEAVTRT1	AOSC5	differs	differs	NUCLEUS	IEANUC01	differs	1	N	0006BF	0006BF	Y
IEAVTRT2	AOSC5	len-differs	len-differs	LPALIB	IGC0001C	len-differs	1	N	001004	001004	Y
IEAVTRTC	AOSC5	len-differs	len-differs	LPALIB	IGC0001C	len-differs	1	N	001014	001014	Y
IEAVTRTE	AOSC5	len-differs	len-differs	LPALIB	IGC0001C	len-differs	1	N	000AC8	000AC8	Y
IEAVTRTH	AOSC5	len-differs	len-differs	NUCLEUS	IEANUC01	len-differs	1	N	000674	000674	Y
IEAVTRTM	AOSC5	identical	identical	NUCLEUS	IEANUC01	identical	1	N	0013A4	0013A4	Y
IEAVTRTR	AOSC5	differs	differs	NUCLEUS	IEANUC01	differs	1	N	0014CC	0014CC	Y
IEAVTRTS	AOSC5	differs	differs	NUCLEUS	IEANUC01	differs	1	N	001494	001494	Y
IEAVTRV	AOSC5	differs	differs	NUCLEUS	IEANUC01	differs	1	N	000098	000098	Y
IEAVTSBP	AOSC5	identical	identical	NUCLEUS	IEANUC01	identical	1	N	0004E3	0004E3	Y
IEAVTSDC	AOSC5	len-differs	len-differs	LPALIB	IGC0005A	len-differs	1	N	001024	001024	Y
IEAVTSDF	AOSC5	len-differs	len-differs	LPALIB	IGC0005A	len-differs	1	N	000293	000293	Y
IEAVTSDG	AOSC5	len-differs	len-differs	LPALIB	IGC0005A	len-differs	1	N	000A50	000A50	Y
IEAVTSDH	AOSC5	len-differs	len-differs	LPALIB	IGC0005A	len-differs	1	N	000C82	000B66	N
IEAVTSDI	AOSC5	differs	differs	NUCLEUS	IEAVNPA6	differs	1	N	001DF8	001DF8	Y
IEAVTSDL	AOSC5	identical	identical	LPALIB	IGC0005A	identical	1	N	00095F	00095F	Y
IEAVTSDO	AOSC5	len-differs	len-differs	LPALIB	IGC0005A	error	1	N	000742	000742	Y
IEAVTSDR	AOSC5	len-differs	len-differs	LPALIB	IEAVTSDR	len-differs	1	N	000AF0	000AF0	Y
IEAVTSDT	AOSC5	len-differs	len-differs	LPALIB	IGC0005A	len-differs	1	N	001762	001762	Y
IEAVTSDU	AOSC5	differs	differs	LPALIB	IGC0005A	error	1	N	000158	000158	Y
IEAVTSDW	AOSC5	len-differs	len-differs	LPALIB	IGC0005A	error	1	N	00048E	00048E	Y
IEAVTSDX	AOSC5	differs	differs	NUCLEUS	IEANUC01	differs	1	N	001CE8	001CE8	Y
IEAVTSIG	AOSC5	identical	identical	LPALIB	IEAVTSLP	identical	1	N	000092	000092	Y
IEAVTSKT	AOSC5	len-differs	len-differs	LPALIB	IGC0001C	len-differs	1	N	0006C8	0006C8	Y
IEAVTSL1	AOSC5	identical	identical	LPALIB	IEAVTSLP	identical	1	N	000B58	000B58	Y
IEAVTSL2	AOSC5	identical	identical	LPALIB	IEAVTSLP	differs	1	N	000BEC	000BEC	Y
IEAVTSLB	AOSC5	identical	identical	LPALIB	IEAVTSLP	identical	1	N	0008B4	0008B4	Y
IEAVTSLE	AOSC5	identical	identical	LPALIB	IEAVTSLP	identical	1	N	000248	000248	Y
IEAVTSLP	AOSC5	len-differs	len-differs	LPALIB	IEAVTSLP	len-differs	1	N	0007DA	0007DA	Y
IEAVTSLR	AOSC5	len-differs	len-differs	LPALIB	IEAVTSLP	len-differs	1	N	000896	000896	Y
IEAVTSLS	AOSC5	identical	identical	LPALIB	IEAVTSLP	differs	1	N	000D6C	000D6C	Y
IEAVTSSD	AOSC5	len-differs	len-differs	LPALIB	IEAVTSSD	len-differs	1	N	0017CC	0017CC	Y
IEAVTSSE	AOSC5	len-differs	len-differs	LPALIB	IGC0005A	len-differs	1	N	000D9E	000D9E	Y
IEAVVCRA	AOSC5	identical	identical	NUCLEUS	IEANUC01	identical	1	N	000206	000206	Y
IEAVVCRX	AOSC5	differs	differs	NUCLEUS	IEANUC01	differs	1	N	0000AE	0000AE	Y
IEAVVCTR	AOSC5	differs	differs	LPALIB	IGC0007B	differs	1	N	0002A8	0002A8	Y
IEAVVINT	AOSC5	len-differs	len-differs	LINKLIB	IEAVVINT	len-differs	1	N	000757	000757	Y
IEAVVRP1	AOSC5	len-differs	len-differs	LPALIB	IGC0003D	len-differs	1	N	000C2C	000C2C	Y
IEAVVRP2	AOSC5	len-differs	len-differs	LPALIB	IEAVVRP2	len-differs	1	N	0007A6	0007A6	Y
IEAVVWTO	AOSC5	len-differs	len-differs	LPALIB	IGC0003E	len-differs	1	N	00187E	001780	N
IEAVXDOM	AOSC5	len-differs	len-differs	LPALIB	IGC0008G	len-differs	1	N	00059F	00059F	Y
IEAXPALL	AOSC5	len-differs	len-differs	LINKLIB	IEAXPALL	len-differs	1	N	000304	000304	Y
IEAXPDXR	AOSC5	holes	holes	LINKLIB	IEAXPDXR	holes	1	N	0001C4	0001C4	Y
IEAXPSIM	AOSC5	identical	identical	LINKLIB	IEAXPSIM	identical	1	N	00004C	00004C	Y
IEBASCAN	AOSU0	len-differs	len-differs	LINKLIB	IEBUPDTE	len-differs	1	N	0010C8	0010C8	Y
IEBBAM	AOSU0	differs	differs	LINKLIB	IEBCOPY	differs	1	N	0003F8	0003F8	Y
IEBBSCAN	AOSU0	differs	identical	LINKLIB	IEBUPDTE	identical	1	N	00054A	00054A	Y
IEBCANAL	AOSU0	holes	error	-	-	not-in-target	0	-	-	-	-
IEBCCS02	AOSU0	len-differs	len-differs	LINKLIB	IEBCOMPR	len-differs	3	N	000C09	000C09	Y
IEBCMAIN	AOSU0	len-differs	error	-	-	not-in-target	0	-	-	-	-
IEBCNVT	AOSU0	identical	identical	LINKLIB	IEBCOPY	identical	1	N	00010E	00010E	Y
IEBCOMPM	AOSU0	holes	error	-	-	not-in-target	0	-	-	-	-
IEBCONH2	AOSU0	identical	identical	LINKLIB	IEBGENER	identical	1	N	000152	000152	Y
IEBCONP2	AOSU0	identical	identical	LINKLIB	IEBGENER	identical	1	N	000076	000076	Y
IEBCONZ2	AOSU0	identical	identical	LINKLIB	IEBGENER	identical	1	N	00007A	00007A	Y
IEBCQSAM	AOSU0	len-differs	error	-	-	not-in-target	0	-	-	-	-
IEBCRANL	AOSU0	len-differs	len-differs	LINKLIB	IEBCRANL	len-differs	1	N	000CA0	000CA0	Y
IEBCREAT	AOSU0	len-differs	len-differs	LINKLIB	IEBCREAT	len-differs	1	N	000D6C	000D6C	Y
IEBCROOT	AOSU0	holes	error	-	-	not-in-target	0	-	-	-	-
IEBCULET	AOSU0	holes	error	-	-	not-in-target	0	-	-	-	-
IEBDG	AOSU0	len-differs	len-differs	LINKLIB	IEBDG	len-differs	1	N	001158	001158	Y
IEBDGCUP	AOSU0	len-differs	len-differs	LINKLIB	IEBDGCUP	len-differs	1	N	000409	000409	Y
IEBDGMSG	AOSU0	identical	identical	LINKLIB	IEBDGMSG	identical	1	N	000FB7	000FB7	Y
IEBDISKT	AOSD0	len-differs	len-differs	-	-	not-in-target	0	-	006FC8	-	-
IEBDRB	AOSU0	identical	identical	LINKLIB	IEBCOPY	identical	1	N	0003CD	0003CD	Y
IEBDRD	AOSU0	differs	differs	LINKLIB	IEBCOPY	differs	1	N	000864	000864	Y
IEBDSCPY	AOSU0	len-differs	differs	LINKLIB	IEBCOPY	differs	1	N	000C4E	000C4E	Y
IEBDSU	AOSU0	identical	identical	LINKLIB	IEBCOPY	identical	1	N	0004A0	0004A0	Y
IEBDV1	AOSU0	holes	holes	LINKLIB	IEBCOPY	holes	1	N	001014	001014	Y
IEBDWR	AOSU0	differs	differs	LINKLIB	IEBCOPY	differs	1	N	000986	000986	Y
IEBEDIT	AOSU0	len-differs	len-differs	LINKLIB	IEBEDIT	len-differs	1	N	001F70	001F70	Y
IEBEDIT2	AOSU0	len-differs	len-differs	LINKLIB	IEBGENER	len-differs	1	N	00026D	00026D	Y
IEBFDANL	AOSU0	identical	identical	LINKLIB	IEBFDANL	identical	1	N	000CF9	000CF9	Y
IEBFDTBL	AOSU0	differs	differs	LINKLIB	IEBFDTBL	differs	1	N	000A79	000A79	Y
IEBGEN03	AOSU0	len-differs	len-differs	LINKLIB	IEBGENER	len-differs	1	N	0010F4	0010F4	Y
IEBGENR3	AOSU0	len-differs	len-differs	LINKLIB	IEBGENER	len-differs	1	N	00132D	00132D	Y
IEBGENRT	AOSU0	len-differs	error	-	-	not-in-target	0	-	-	-	-
IEBGENS3	AOSU0	len-differs	len-differs	LINKLIB	IEBGENER	len-differs	1	N	000FE1	000FE1	Y
IEBGMESG	AOSU0	identical	identical	LINKLIB	IEBGENER	identical	1	N	000D2F	000D2F	Y
IEBGSCAN	AOSU0	len-differs	len-differs	LINKLIB	IEBGENER	len-differs	1	N	001074	001074	Y
IEBIMAGE	AOSU0	len-differs	len-differs	LINKLIB	IEBIMAGE	len-differs	1	N	004BE4	004BE4	Y
IEBIMSGS	AOSU0	len-differs	len-differs	LINKLIB	IEBIMAGE	len-differs	1	N	000CE8	000CE8	Y
IEBIOE	AOSU0	identical	identical	LINKLIB	IEBCOPY	identical	1	N	00076A	00076A	Y
IEBISAM	AOSU0	len-differs	len-differs	LINKLIB	IEBISAM	len-differs	1	N	00053C	00053C	Y
IEBISC	AOSU0	len-differs	len-differs	LINKLIB	IEBISC	len-differs	1	N	000660	000660	Y
IEBISCAN	AOSU0	len-differs	len-differs	LINKLIB	IEBIMAGE	len-differs	1	N	0022E2	0022E2	Y
IEBISF	AOSU0	len-differs	len-differs	LINKLIB	IEBISF	len-differs	1	N	0002EA	0002EA	Y
IEBISL	AOSU0	len-differs	len-differs	LINKLIB	IEBISL	len-differs	1	N	0005AC	0005AC	Y
IEBISMES	AOSU0	identical	identical	LINKLIB	IEBISF	identical	1	N	0004D8	0004D8	Y
IEBISPL	AOSU0	len-differs	len-differs	LINKLIB	IEBISPL	len-differs	1	N	000840	000840	Y
IEBISSI	AOSU0	len-differs	len-differs	LINKLIB	IEBISL	len-differs	1	N	0003E8	0003E8	Y
IEBISSO	AOSU0	len-differs	len-differs	LINKLIB	IEBISU	len-differs	1	N	000414	000414	Y
IEBISU	AOSU0	len-differs	len-differs	LINKLIB	IEBISU	len-differs	1	N	000394	000394	Y
IEBLDUL	AOSU0	differs	differs	LINKLIB	IEBCOPY	differs	1	N	00073C	00073C	Y
IEBLENP2	AOSU0	identical	identical	LINKLIB	IEBGENER	identical	1	N	00006A	00006A	Y
IEBMCM	AOSU0	identical	identical	LINKLIB	IEBCOPY	identical	1	N	0002B4	0002B4	Y
IEBMOVE2	AOSU0	identical	identical	LINKLIB	IEBGENER	identical	1	N	00005A	00005A	Y
IEBPPAL1	AOSU0	len-differs	len-differs	LINKLIB	IEBPTPCH	len-differs	1	N	001571	001571	Y
IEBPPCH1	AOSU0	len-differs	len-differs	LINKLIB	IEBPTPCH	len-differs	1	N	002064	002064	Y
IEBPPMSG	AOSU0	identical	identical	LINKLIB	IEBPTPCH	identical	1	N	000560	000560	Y
IEBPPUN1	AOSU0	holes	error	-	-	not-in-target	0	-	-	-	-
IEBRSAM	AOSU0	differs	differs	LINKLIB	IEBCOPY	differs	1	N	000548	000548	Y
IEBSCN	AOSU0	differs	differs	LINKLIB	IEBCOPY	differs	1	N	000FF7	000FF7	Y
IEBTCR02	AOSU0	holes	holes	-	-	not-in-target	0	-	00048B	-	-
IEBTCR03	AOSU0	differs	differs	-	-	not-in-target	0	-	000448	-	-
IEBTCR04	AOSU0	holes	holes	-	-	not-in-target	0	-	000B55	-	-
IEBTCR05	AOSU0	identical	identical	-	-	not-in-target	0	-	000E44	-	-
IEBTCRIN	AOSU0	identical	identical	-	-	not-in-target	0	-	000960	-	-
IEBUPDT2	AOSU0	len-differs	len-differs	LINKLIB	IEBUPDTE	len-differs	1	N	001B40	001B40	Y
IEBUPDTE	AOSU0	len-differs	len-differs	LINKLIB	IEBUPDTE	len-differs	1	N	000308	000308	Y
IEBUPLOG	AOSU0	differs	differs	LINKLIB	IEBUPDTE	differs	1	N	000FD8	000FD8	Y
IEBUPNIT	AOSU0	holes	holes	LINKLIB	IEBUPDTE	holes	1	N	000609	000609	Y
IEBUPXIT	AOSU0	identical	identical	LINKLIB	IEBUPDTE	identical	1	N	000950	000950	Y
IEBVCT	AOSU0	identical	identical	LINKLIB	IEBCOPY	identical	1	N	0002E0	0002E0	Y
IEBVDM	AOSU0	identical	identical	LINKLIB	IEBCOPY	identical	1	N	00070E	00070E	Y
IEBVMS	AOSU0	identical	identical	LINKLIB	IEBCOPY	identical	1	N	00055C	00055C	Y
IEBVTM	AOSU0	differs	differs	LINKLIB	IEBCOPY	differs	1	N	000977	000977	Y
IEBVTT	AOSU0	differs	differs	LINKLIB	IEBCOPY	differs	1	N	000370	000370	Y
IEBWSAM	AOSU0	differs	differs	LINKLIB	IEBCOPY	differs	1	N	0005E0	0005E0	Y
IEBWSU	AOSU0	differs	differs	LINKLIB	IEBCOPY	differs	1	N	000A50	000A50	Y
IECBBFB1	AOSD0	identical	identical	LPALIB	IECBBFB1	identical	1	N	000056	000056	Y
IECDAFMT	AOSC5	len-differs	len-differs	LINKLIB	IECDAFMT	len-differs	1	N	0013C0	0013C0	Y
IECDAFT1	AOSC5	len-differs	len-differs	LINKLIB	IECDAFMT	len-differs	1	N	001D8C	001D8C	Y
IECIHIO	AOSC5	differs	differs	NUCLEUS	IEANUC01	differs	1	N	00065E	00065E	Y
IECIOFMT	AOSC5	len-differs	len-differs	LINKLIB	IECIOFMT	len-differs	1	N	000DE0	000DE0	Y
IECIOFT1	AOSC5	len-differs	len-differs	LINKLIB	IECIOFMT	len-differs	1	N	000D90	000D90	Y
IECIOSAM	AOSC5	differs	error	-	-	not-in-target	0	-	-	-	-
IECLMSGC	AOSC5	len-differs	len-differs	LPALIB	IECLMSGC	len-differs	1	N	00050E	00050E	Y
IECLMSGD	AOSC5	len-differs	len-differs	LPALIB	IECLMSGD	len-differs	1	N	0005F2	0005F2	Y
IECLMSGG	AOSC5	len-differs	len-differs	LPALIB	IECLMSGG	len-differs	1	N	000440	000440	Y
IECLMSGM	AOSC5	len-differs	len-differs	-	-	not-in-target	0	-	00041E	-	-
IECLMSGT	AOSC5	len-differs	len-differs	LPALIB	IECLMSGT	len-differs	1	N	0005CB	0005CB	Y
IECLMSGU	AOSC5	len-differs	len-differs	LPALIB	IECLMSGU	len-differs	1	N	0005E2	0005E2	Y
IECQBFG1	AOSD0	len-differs	len-differs	LPALIB	IECQBFG1	len-differs	1	N	0000EE	0000EE	Y
IECTATEN	AOS20	identical	identical	NUCLEUS	IEANUC01	identical	1	N	00025C	00025C	Y
IECTATTN	AOSC5	identical	identical	-	-	not-in-target	0	-	000018	-	-
IECTCATN	AOSC5	differs	differs	NUCLEUS	IEANUC01	differs	1	N	00015C	00015C	Y
IECTCHGN	AOS20	identical	identical	TELCMLIB	IECTCHGN	identical	1	N	000132	000132	Y
IECTEDIT	AOS20	holes	holes	TELCMLIB	IECTEDIT	holes	1	N	0008CA	0008CA	Y
IECTLERP	AOS20	identical	identical	TELCMLIB	IECTLERP	identical	1	N	000165	000165	Y
IECTLOPN	AOS20	len-differs	len-differs	TELCMLIB	IECTLOPN	len-differs	1	N	0002DF	0002DF	Y
IECTONLT	AOS20	holes	holes	TELCMLIB	IECTONLT	holes	1	N	0001CA	0001CA	Y
IECTSCAN	AOS20	differs	differs	TELCMLIB	IECTSCAN	differs	1	N	0010D0	0010D0	Y
IECTSVC	AOS20	identical	identical	NUCLEUS	IEANUC01	identical	1	N	0003CC	0003CC	Y
IECTTRNS	AOS20	identical	identical	TELCMLIB	IECTTRNS	identical	1	N	0000E8	0000E8	Y
IECVBRSV	AOSC5	identical	identical	NUCLEUS	IEANUC01	identical	1	N	00042F	00042F	Y
IECVCINT	AOSC5	len-differs	len-differs	-	-	not-in-target	0	-	001526	-	-
IECVCRHH	AOSC5	len-differs	len-differs	-	-	not-in-target	0	-	00048C	-	-
IECVDAVV	AOSC5	differs	differs	NUCLEUS	IEANUC01	differs	1	N	0009D8	0009D8	Y
IECVDDT0	AOSC5	differs	differs	NUCLEUS	IEANUC01	differs	1	N	0004C8	0004C8	Y
IECVDDT1	AOSC5	len-differs	len-differs	-	-	not-in-target	0	-	000076	-	-
IECVDERP	AOSC5	differs	differs	NUCLEUS	IEANUC01	differs	1	N	001549	001549	Y
IECVDURP	AOSC5	differs	differs	NUCLEUS	IEANUC01	differs	1	N	000828	000828	Y
IECVERPL	AOSC5	differs	differs	NUCLEUS	IEANUC01	identical	1	N	000428	000428	Y
IECVESIO	AOSC5	differs	differs	NUCLEUS	IEANUC01	identical	1	N	000BCB	000BCB	Y
IECVEXCP	AOSC5	differs	differs	NUCLEUS	IEANUC01	differs	1	N	0017C6	0017C6	Y
IECVEXPR	AOSC5	identical	identical	NUCLEUS	IEANUC01	identical	1	N	000DB8	000DB8	Y
IECVGENA	AOSC5	differs	differs	NUCLEUS	IEANUC01	differs	1	N	000D72	000D72	Y
IECVHDET	AOSC5	len-differs	len-differs	NUCLEUS	IEANUC01	len-differs	1	N	0003FF	0003FF	Y
IECVHIDT	AOSC5	len-differs	len-differs	NUCLEUS	IEANUC01	len-differs	1	N	000010	000010	Y
IECVHREC	AOSC5	len-differs	len-differs	NUCLEUS	IEANUC01	len-differs	1	N	00221E	00221E	Y
IECVIOPM	ALPALIB	len-differs	len-differs	LPALIB	IECVIOPM	len-differs	1	N	-	000B30	?
IECVIRST	AOSC5	differs	differs	NUCLEUS	IEANUC01	differs	1	N	0011AC	0011AC	Y
IECVITRP	AOSC5	identical	identical	NUCLEUS	IEANUC01	identical	1	N	000054	000054	Y
IECVMAP	AOSC5	differs	differs	NUCLEUS	IEANUC01	differs	1	N	0001AA	0001AA	Y
IECVOID	AOSC5	differs	error	NUCLEUS	IEANUC01	error	1	N	0000DE	0000DE	Y
IECVOTBL	AOSC5	identical	identical	NUCLEUS	IEANUC01	identical	1	N	000018	000018	Y
IECVPST	AOSC5	differs	differs	NUCLEUS	IEANUC01	differs	1	N	000FB8	000FB8	Y
IECVPURG	AOSC5	differs	error	-	-	not-in-target	0	-	-	-	-
IECVRDIO	AOSC5	identical	identical	NUCLEUS	IEANUC01	identical	1	N	00094C	00094C	Y
IECVRRSV	AOSC5	differs	differs	NUCLEUS	IEANUC01	identical	1	N	000B9F	000B9F	Y
IECVRSTI	AOSC5	differs	differs	NUCLEUS	IEANUC01	differs	1	N	0015F0	0015F0	Y
IECVSMGR	AOSC5	len-differs	len-differs	NUCLEUS	IEANUC01	len-differs	1	N	0012FC	0012FC	Y
IECVTCCW	AOSC5	differs	differs	NUCLEUS	IEANUC01	differs	1	N	000A24	000A24	Y
IECVURDT	AOSC5	identical	identical	NUCLEUS	IEANUC01	identical	1	N	0008F8	0008F8	Y
IECVURSV	AOSC5	identical	identical	NUCLEUS	IEANUC01	identical	1	N	000324	000324	Y
IECVXDAS	AOSC5	len-differs	len-differs	NUCLEUS	IEANUC01	len-differs	1	N	00022E	00022E	Y
IECVXDAT	AOSC5	len-differs	len-differs	NUCLEUS	IEANUC01	len-differs	1	N	000082	000082	Y
IECVXDAU	AOSC5	len-differs	len-differs	NUCLEUS	IEANUC01	len-differs	1	N	000028	000028	Y
IECVXDRS	AOSC5	len-differs	len-differs	-	-	not-in-target	0	-	0002E6	-	-
IECVXDRT	AOSC5	len-differs	len-differs	-	-	not-in-target	0	-	0000A4	-	-
IECVXGRT	AOSC5	len-differs	len-differs	NUCLEUS	IEANUC01	len-differs	1	N	000020	000020	Y
IECVXMGN	AOSC5	len-differs	len-differs	-	-	not-in-target	0	-	000030	-	-
IECVXPRE	AOSC5	len-differs	len-differs	NUCLEUS	IEANUC01	len-differs	1	N	000058	000058	Y
IECVXSKE	AOSC5	len-differs	len-differs	NUCLEUS	IEANUC01	len-differs	1	N	000032	000032	Y
IECVXSKN	AOSC5	len-differs	len-differs	NUCLEUS	IEANUC01	len-differs	1	N	000076	000076	Y
IECVXSKS	AOSC5	len-differs	len-differs	NUCLEUS	IEANUC01	len-differs	1	N	0002FA	0002FA	Y
IECVXT2S	AOSC5	len-differs	len-differs	-	-	not-in-target	0	-	000112	-	-
IECVXT3S	AOSC5	len-differs	len-differs	NUCLEUS	IEANUC01	len-differs	1	N	0000BA	0000BA	Y
IECVXTAT	AOSC5	len-differs	len-differs	NUCLEUS	IEANUC01	len-differs	1	N	000044	000044	Y
IECVXTPT	AOSC5	len-differs	len-differs	NUCLEUS	IEANUC01	len-differs	1	N	00001C	00001C	Y
IECVXURS	AOSC5	len-differs	len-differs	NUCLEUS	IEANUC01	len-differs	1	N	000048	000048	Y
IECVXURT	AOSC5	len-differs	len-differs	NUCLEUS	IEANUC01	len-differs	1	N	000050	000050	Y
IECVXVRS	AOSC5	len-differs	len-differs	-	-	not-in-target	0	-	000282	-	-
IECVXVRT	AOSC5	len-differs	len-differs	-	-	not-in-target	0	-	0000EE	-	-
IECVXVRU	AOSC5	len-differs	len-differs	-	-	not-in-target	0	-	00003A	-	-
IED1303D	AOS21	len-differs	len-differs	LPALIB	IGC0003D	len-differs	1	N	000194	000194	Y
IEDAY1	AOST3	len-differs	len-differs	LPALIB	IGCMC10D	len-differs	1	N	000D28	000D28	Y
IEDAY2	AOST3	holes	holes	LPALIB	IGCMC10D	holes	1	N	0002B8	0002B8	Y
IEDAY3	AOST3	identical	identical	LPALIB	IEDAY3	identical	1	N	000074	000074	Y
IEDAY8	AOST3	len-differs	len-differs	LPALIB	IGC0001C	len-differs	1	N	0001E8	0001E8	Y
IEDAY802	AOST3	no-deck	no-deck	-	-	not-in-target	0	-	-	-	-
IEDAY88	AOST3	len-differs	len-differs	LPALIB	IGC0010A	len-differs	1	N	0002E8	0002F8	N
IEDAYA	AOS21	len-differs	len-differs	TELCMLIB	IEDAYA	len-differs	1	N	0002F8	0002F8	Y
IEDAYAA	AOST3	len-differs	len-differs	LPALIB	IGC0010A	len-differs	1	N	000570	000570	Y
IEDAYAB	AOS21	len-differs	len-differs	TELCMLIB	IEDAYAB	len-differs	1	N	00002C	00002C	Y
IEDAYBX	AOS21	len-differs	len-differs	TELCMLIB	IEDAYBX	len-differs	1	N	000174	000174	Y
IEDAYC	AOS21	len-differs	len-differs	TELCMLIB	IEDAYC	len-differs	1	N	0007F0	0007F0	Y
IEDAYD	AOS21	len-differs	len-differs	TELCMLIB	IEDAYD	len-differs	1	N	000090	000090	Y
IEDAYE	AOS21	len-differs	len-differs	TELCMLIB	IEDAYE	len-differs	1	N	000294	000294	Y
IEDAYF	AOS21	len-differs	len-differs	TELCMLIB	IEDAYF	len-differs	1	N	00021C	00021C	Y
IEDAYGP	AOST3	len-differs	len-differs	LPALIB	IGC0010A	len-differs	1	N	00087C	00087C	Y
IEDAYH	AOS21	len-differs	len-differs	TELCMLIB	IEDAYH	len-differs	1	N	0005E4	0005E4	Y
IEDAYHH	AOST3	len-differs	len-differs	LPALIB	IGC0010A	len-differs	1	N	000118	000118	Y
IEDAYI	AOS21	len-differs	len-differs	TELCMLIB	IEDAYI	len-differs	1	N	0008D8	0008D8	Y
IEDAYII	AOST3	len-differs	len-differs	LPALIB	IGC0010A	len-differs	1	N	00080C	00080C	Y
IEDAYJ	AOS21	len-differs	len-differs	TELCMLIB	IEDAYJ	len-differs	1	N	0013A4	0013A4	Y
IEDAYL	AOS21	len-differs	len-differs	TELCMLIB	IEDAYL	len-differs	1	N	000740	000740	Y
IEDAYLL	AOST3	identical	identical	LPALIB	IGC0010A	len-differs	1	N	0002BC	0002E0	N
IEDAYM	AOS21	len-differs	len-differs	TELCMLIB	IEDAYM	len-differs	1	N	00130C	0013C0	N
IEDAYN	AOS21	len-differs	len-differs	TELCMLIB	IEDAYN	len-differs	1	N	000C90	000C90	Y
IEDAYO	AOS21	len-differs	len-differs	TELCMLIB	IEDAYO	len-differs	1	N	000B6A	000B6A	Y
IEDAYOO	AOST3	len-differs	len-differs	LPALIB	IGC0010A	len-differs	1	N	0008C6	0008C6	Y
IEDAYP	AOS21	len-differs	len-differs	TELCMLIB	IEDAYP	len-differs	1	N	0001D0	0001D0	Y
IEDAYQ	AOS21	len-differs	len-differs	TELCMLIB	IEDAYQ	len-differs	1	N	0022E2	002300	N
IEDAYQT	AOST3	len-differs	len-differs	LPALIB	IGC0010A	len-differs	1	N	0003B8	0003B8	Y
IEDAYQT1	AOST3	no-deck	no-deck	-	-	not-in-target	0	-	-	-	-
IEDAYS	AOS21	len-differs	len-differs	TELCMLIB	IEDAYS	len-differs	1	N	000910	000910	Y
IEDAYT	AOS21	differs	differs	TELCMLIB	IEDAYT	differs	1	N	000195	000195	Y
IEDAYV	AOS21	len-differs	len-differs	TELCMLIB	IEDAYV	len-differs	1	N	000BC4	000BC4	Y
IEDAYW	AOS21	len-differs	len-differs	TELCMLIB	IEDAYW	len-differs	1	N	0010D8	0010D8	Y
IEDAYX	AOS21	len-differs	len-differs	TELCMLIB	IEDAYX	len-differs	1	N	00003C	00003C	Y
IEDAYY	AOS21	len-differs	len-differs	TELCMLIB	IEDAYY	len-differs	1	N	000076	000076	Y
IEDAYZ	AOS21	len-differs	len-differs	TELCMLIB	IEDAYZ	len-differs	1	N	000B7A	000B7A	Y
IEDAYZZ	AOS21	differs	differs	LINKLIB	IEDAYZZ	differs	1	N	000070	000070	Y
IEDBITN	AOS21	len-differs	len-differs	TELCMLIB	IEDBITN	len-differs	1	N	0002E3	0002E3	Y
IEDBSM	AOS21	len-differs	len-differs	LINKLIB	IEDBSM	len-differs	1	N	00080C	00080C	Y
IEDCMIN	AOS21	len-differs	len-differs	TELCMLIB	IEDCMIN	len-differs	1	N	0003B0	0003B0	Y
IEDCMOUT	AOS21	differs	differs	TELCMLIB	IEDCMOUT	differs	1	N	0001E0	0001E0	Y
IEDCSA	AOS21	len-differs	len-differs	TELCMLIB	IEDIAP03	len-differs	1	N	00000C	00000C	Y
IEDCSCIN	AOS21	differs	differs	TELCMLIB	IEDCSCIN	differs	1	N	0005C0	0005C0	Y
IEDDFOUT	AOS21	len-differs	len-differs	TELCMLIB	IEDDFOUT	len-differs	1	N	000720	000720	Y
IEDDVAS	AOS21	len-differs	len-differs	TELCMLIB	IEDDVAS	len-differs	1	N	000552	000552	Y
IEDFSSTB	AOS21	identical	identical	TELCMLIB	IEDFSSTB	identical	1	N	00017F	00017F	Y
IEDIAA	AOS21	len-differs	len-differs	LINKLIB	IEDIAA	len-differs	1	N	00047C	00047C	Y
IEDIAB	AOS21	len-differs	len-differs	LINKLIB	IEDIAB	len-differs	1	N	00066D	00066D	Y
IEDIAH	AOS21	len-differs	len-differs	TELCMLIB	IEDIAH	len-differs	1	N	000654	000654	Y
IEDIAM	AOS21	len-differs	len-differs	TELCMLIB	IEDIAM	len-differs	1	N	0009ED	0009ED	Y
IEDIAP	AOS21	len-differs	error	-	-	not-in-target	0	-	-	-	-
IEDIAQ	AOS21	len-differs	len-differs	TELCMLIB	IEDIAQ	len-differs	1	N	000BCB	000BCB	Y
IEDIAR	AOS21	len-differs	len-differs	TELCMLIB	IEDIAR	len-differs	1	N	000593	000593	Y
IEDIAS	AOS21	differs	differs	TELCMLIB	IEDIAS	differs	1	N	00009C	00009C	Y
IEDIAU	AOS21	identical	identical	TELCMLIB	IEDIAU	identical	1	N	00001C	00001C	Y
IEDKHISC	AOS21	len-differs	len-differs	LINKLIB	IEDKHISC	len-differs	1	N	000228	000228	Y
IEDLUS	AOS21	len-differs	len-differs	TELCMLIB	IEDLUS	len-differs	1	N	001692	001692	Y
IEDMVBFR	AOS21	len-differs	len-differs	TELCMLIB	IEDMVBFR	len-differs	1	N	000234	000234	Y
IEDN25	AOS21	identical	identical	TELCMLIB	IEDN25	identical	1	N	000104	000104	Y
IEDNCU	AOS21	differs	differs	TELCMLIB	IEDNCU	differs	1	N	0007C0	0007C0	Y
IEDNCU2	AOS21	len-differs	len-differs	TELCMLIB	IEDNCU2	len-differs	1	N	000C90	000C90	Y
IEDNGD	AOS21	len-differs	len-differs	TELCMLIB	IEDNGD	len-differs	1	N	000BC4	000BC4	Y
IEDNID	AOS21	len-differs	len-differs	TELCMLIB	IEDNID	len-differs	1	N	000157	000157	Y
IEDNKA	AOS21	len-differs	len-differs	TELCMLIB	IEDNKA	len-differs	1	N	000C6A	000C6A	Y
IEDNLT	AOS21	len-differs	len-differs	LINKLIB	IEDNLT	len-differs	1	N	0002F4	0002F4	Y
IEDNMG	AOS21	identical	identical	LINKLIB	IEDNMG	identical	1	N	0002FE	0002FE	Y
IEDNSL	AOS21	len-differs	len-differs	TELCMLIB	IEDNSL	len-differs	1	N	001ED4	001ED4	Y
IEDNTR	AOS21	len-differs	len-differs	LINKLIB	IEDNTR	len-differs	1	N	0002A4	0002A4	Y
IEDOPTN	AOS21	len-differs	len-differs	TELCMLIB	IEDOPTN	len-differs	1	N	0000C0	0000C0	Y
IEDPCIN	AOS21	len-differs	len-differs	TELCMLIB	IEDPCIN	len-differs	1	N	0008C8	0008C8	Y
IEDPCOUT	AOS21	len-differs	len-differs	TELCMLIB	IEDPCOUT	len-differs	1	N	000258	000258	Y
IEDPMD	AOS21	len-differs	len-differs	LINKLIB	IEDPMD	len-differs	1	N	000554	000554	Y
IEDQ10	AOS21	identical	identical	TELCMLIB	IEDQ10	identical	1	N	000204	000204	Y
IEDQ11	AOS21	identical	identical	TELCMLIB	IEDQ11	identical	1	N	000204	000204	Y
IEDQ12	AOS21	identical	identical	TELCMLIB	IEDQ12	identical	1	N	000204	000204	Y
IEDQ13	AOS21	identical	identical	TELCMLIB	IEDQ13	identical	1	N	000204	000204	Y
IEDQ14	AOS21	identical	identical	TELCMLIB	IEDQ14	identical	1	N	000204	000204	Y
IEDQ15	AOS21	no-deck	no-deck	-	-	not-in-target	0	-	-	-	-
IEDQ16	AOS21	identical	identical	TELCMLIB	IEDQ16	identical	1	N	000204	000204	Y
IEDQ17	AOS21	identical	identical	TELCMLIB	IEDQ17	identical	1	N	000204	000204	Y
IEDQ18	AOS21	identical	identical	TELCMLIB	IEDQ18	identical	1	N	000204	000204	Y
IEDQ19	AOS21	identical	identical	TELCMLIB	IEDQ19	identical	1	N	000204	000204	Y
IEDQ20	AOS21	identical	identical	TELCMLIB	IEDQ20	identical	1	N	000204	000204	Y
IEDQ21	AOS21	identical	identical	TELCMLIB	IEDQ21	identical	1	N	000204	000204	Y
IEDQ22	AOS21	identical	identical	TELCMLIB	IEDQ22	identical	1	N	000204	000204	Y
IEDQ23	AOS21	identical	identical	TELCMLIB	IEDQ23	identical	1	N	000204	000204	Y
IEDQ24	AOS21	identical	identical	TELCMLIB	IEDQ24	identical	1	N	000204	000204	Y
IEDQ25	AOS21	identical	identical	TELCMLIB	IEDQ25	identical	1	N	000008	000008	Y
IEDQ26	AOS21	identical	identical	TELCMLIB	IEDQ26	identical	1	N	000204	000204	Y
IEDQ27	AOS21	identical	identical	TELCMLIB	IEDQ27	identical	1	N	000204	000204	Y
IEDQ28	AOS21	identical	identical	TELCMLIB	IEDQ28	identical	1	N	000204	000204	Y
IEDQA0	AOS21	len-differs	len-differs	TELCMLIB	IEDQA0	len-differs	1	N	0000D6	0000D6	Y
IEDQA1	AOS21	len-differs	len-differs	TELCMLIB	IEDQA1	len-differs	1	N	0000E8	0000E8	Y
IEDQA2	AOS21	len-differs	len-differs	TELCMLIB	IEDQA2	len-differs	1	N	000120	000120	Y
IEDQA3	AOS21	len-differs	len-differs	TELCMLIB	IEDQA3	len-differs	1	N	00021E	00021E	Y
IEDQA4	AOS21	len-differs	len-differs	TELCMLIB	IEDQA4	len-differs	1	N	0002FC	0002FC	Y
IEDQA5	AOS21	len-differs	len-differs	TELCMLIB	IEDQA5	len-differs	1	N	0004A4	0004A4	Y
IEDQA6	AOS21	len-differs	len-differs	TELCMLIB	IEDQA6	len-differs	1	N	000290	000290	Y
IEDQA7	AOS21	identical	identical	TELCMLIB	IEDQA7	identical	1	N	00006A	00006A	Y
IEDQA8	AOS21	len-differs	len-differs	TELCMLIB	IEDQA8	len-differs	1	N	00018A	00018A	Y
IEDQA9	AOS21	identical	identical	TELCMLIB	IEDQA9	identical	1	N	000130	000130	Y
IEDQAA	AOS21	len-differs	len-differs	TELCMLIB	IEDQAA	len-differs	1	N	0009CA	0009CA	Y
IEDQAB	AOS21	len-differs	len-differs	TELCMLIB	IEDQAB	len-differs	1	N	000048	000048	Y
IEDQAC	AOS21	len-differs	len-differs	TELCMLIB	IEDQAC	len-differs	1	N	0000F2	0000F2	Y
IEDQAD	AOS21	len-differs	len-differs	TELCMLIB	IEDQAD	len-differs	1	N	00006C	00006C	Y
IEDQAE	AOS21	len-differs	len-differs	TELCMLIB	IEDQAE	len-differs	1	N	00012E	00012E	Y
IEDQAF	AOS21	len-differs	len-differs	TELCMLIB	IEDQAF	len-differs	1	N	00022E	00022E	Y
IEDQAG	AOS21	len-differs	len-differs	TELCMLIB	IEDQAG	len-differs	1	N	000116	000116	Y
IEDQAH	AOS21	len-differs	len-differs	TELCMLIB	IEDQAH	len-differs	1	N	0000CC	0000CC	Y
IEDQAI	AOS21	len-differs	len-differs	TELCMLIB	IEDQAI	len-differs	1	N	0002FC	0002FC	Y
IEDQAJ	AOS21	len-differs	len-differs	TELCMLIB	IEDQAJ	len-differs	1	N	0001EC	0001EC	Y
IEDQAK	AOS21	len-differs	len-differs	TELCMLIB	IEDQAK	len-differs	1	N	00091C	00091C	Y
IEDQAL	AOS21	len-differs	len-differs	TELCMLIB	IEDQAL	len-differs	1	N	0000C4	0000C4	Y
IEDQAM	AOS21	len-differs	len-differs	TELCMLIB	IEDQAM	len-differs	1	N	0001AE	0001AE	Y
IEDQAN	AOS21	len-differs	len-differs	TELCMLIB	IEDQAN	len-differs	1	N	0007D2	0007D2	Y
IEDQAO	AOS21	len-differs	len-differs	TELCMLIB	IEDQAO	len-differs	1	N	00011C	00011C	Y
IEDQAP	AOS21	len-differs	len-differs	TELCMLIB	IEDQAP	len-differs	1	N	000472	000472	Y
IEDQAQ	AOS21	len-differs	len-differs	TELCMLIB	IEDQAQ	len-differs	1	N	0000CC	0000CC	Y
IEDQAR	AOS21	len-differs	len-differs	TELCMLIB	IEDQAR	len-differs	1	N	000098	000098	Y
IEDQAS	AOS21	len-differs	len-differs	TELCMLIB	IEDQAS	len-differs	1	N	0007B9	0007B9	Y
IEDQAT	AOS21	len-differs	len-differs	TELCMLIB	IEDQAT	len-differs	1	N	000248	000248	Y
IEDQATTN	AOS21	len-differs	len-differs	NUCLEUS	IEANUC01	len-differs	1	N	00002E	00002E	Y
IEDQAU	AOS21	differs	differs	TELCMLIB	IEDQAU	differs	1	N	00031A	00031A	Y
IEDQAV	AOS21	len-differs	len-differs	TELCMLIB	IEDQAV	len-differs	1	N	0000F2	0000F2	Y
IEDQAW	AOS21	len-differs	len-differs	TELCMLIB	IEDQAW	len-differs	1	N	00018A	00018A	Y
IEDQAX	AOS21	len-differs	len-differs	TELCMLIB	IEDQAX	len-differs	1	N	000222	000222	Y
IEDQAY	AOS21	len-differs	len-differs	TELCMLIB	IEDQAY	len-differs	1	N	000362	000362	Y
IEDQAZ	AOS21	len-differs	len-differs	TELCMLIB	IEDQAZ	len-differs	1	N	0003DC	0003DC	Y
IEDQB1	AOS21	len-differs	len-differs	TELCMLIB	IEDQB1	len-differs	1	N	0000C8	0000C8	Y
IEDQB2	AOS21	differs	differs	TELCMLIB	IEDQB2	differs	1	N	0000E0	0000E0	Y
IEDQB3	AOS21	len-differs	len-differs	TELCMLIB	IEDQB3	len-differs	1	N	0001E6	0001E6	Y
IEDQB4	AOS21	len-differs	len-differs	TELCMLIB	IEDQB4	len-differs	1	N	0000D6	0000D6	Y
IEDQB7	AOS21	len-differs	len-differs	TELCMLIB	IEDQB7	len-differs	1	N	00011C	00011C	Y
IEDQBA	AOS21	len-differs	len-differs	TELCMLIB	IEDQBA	len-differs	1	N	00024E	00024E	Y
IEDQBB	AOS21	identical	identical	TELCMLIB	IEDQBB	identical	1	N	000056	000056	Y
IEDQBC	AOS21	len-differs	len-differs	TELCMLIB	IEDQBC	len-differs	1	N	00013E	00013E	Y
IEDQBD	AOS21	len-differs	len-differs	TELCMLIB	IEDQBD	len-differs	1	N	0006F3	0006F3	Y
IEDQBE	AOS21	len-differs	len-differs	TELCMLIB	IEDQBE	len-differs	1	N	00015E	00015E	Y
IEDQBF	AOS21	len-differs	len-differs	TELCMLIB	IEDQBF	len-differs	1	N	00006C	00006C	Y
IEDQBG	AOS21	len-differs	len-differs	TELCMLIB	IEDQBG	len-differs	1	N	000152	000152	Y
IEDQBH	AOS21	len-differs	len-differs	TELCMLIB	IEDQBH	len-differs	1	N	000365	000365	Y
IEDQBI	AOS21	len-differs	len-differs	TELCMLIB	IEDQBI	len-differs	1	N	000CD8	000CD8	Y
IEDQBJ	AOS21	len-differs	len-differs	TELCMLIB	IEDQBJ	len-differs	1	N	000110	000110	Y
IEDQBL	AOS21	len-differs	len-differs	TELCMLIB	IEDQBL	len-differs	1	N	000386	000386	Y
IEDQBM	AOS21	len-differs	len-differs	TELCMLIB	IEDQBM	len-differs	1	N	0002B2	0002B2	Y
IEDQBN	AOS21	len-differs	len-differs	TELCMLIB	IEDQBN	len-differs	1	N	0002C7	0002C7	Y
IEDQBO	AOS21	len-differs	len-differs	TELCMLIB	IEDQBO	len-differs	1	N	000E24	000E24	Y
IEDQBP	AOS21	len-differs	len-differs	TELCMLIB	IEDQBP	len-differs	1	N	000114	000114	Y
IEDQBQ	AOS21	differs	differs	TELCMLIB	IEDQBQ	differs	1	N	000626	000626	Y
IEDQBR	AOS21	len-differs	len-differs	TELCMLIB	IEDQBR	len-differs	1	N	0000E4	0000E4	Y
IEDQBS	AOS21	len-differs	len-differs	TELCMLIB	IEDQBS	len-differs	1	N	0002FC	0002FC	Y
IEDQBT	AOS21	len-differs	len-differs	TELCMLIB	IEDQBT	len-differs	1	N	000A56	000A56	Y
IEDQBU	AOS21	len-differs	len-differs	TELCMLIB	IEDQBU	len-differs	1	N	0003DE	0003DE	Y
IEDQBUFF	AOS21	len-differs	len-differs	TELCMLIB	IEDQBUFF	len-differs	1	N	000368	000368	Y
IEDQBV	AOS21	len-differs	len-differs	TELCMLIB	IEDQBV	len-differs	1	N	000280	000280	Y
IEDQBX	AOS21	len-differs	len-differs	TELCMLIB	IEDQBX	len-differs	1	N	000100	000100	Y
IEDQBY	AOS21	len-differs	len-differs	TELCMLIB	IEDQBY	len-differs	1	N	00005E	00005E	Y
IEDQBZ	AOS21	len-differs	error	-	-	not-in-target	0	-	-	-	-
IEDQCA	AOS21	len-differs	len-differs	LINKLIB	IEDQCA	len-differs	1	N	0016CA	0016CA	Y
IEDQDA	AOS21	len-differs	len-differs	LINKLIB	IEDQDA	len-differs	1	N	0000E2	0000E2	Y
IEDQE1	AOS21	len-differs	len-differs	LINKLIB	IEDQE1	len-differs	1	N	0000D8	0000D8	Y
IEDQE2	AOS21	len-differs	len-differs	LINKLIB	IEDQE2	len-differs	1	N	0000D4	0000D4	Y
IEDQE3	AOS21	differs	differs	LINKLIB	IEDQE3	differs	1	N	0000B8	0000B8	Y
IEDQE4	AOS21	differs	differs	LINKLIB	IEDQE4	differs	1	N	0000B0	0000B0	Y
IEDQE6	AOS21	len-differs	len-differs	LINKLIB	IEDQE6	len-differs	1	N	000060	000060	Y
IEDQE8	AOS21	len-differs	len-differs	LINKLIB	IEDQE8	len-differs	1	N	0000A4	0000A4	Y
IEDQEB	AOS21	len-differs	error	-	-	not-in-target	0	-	-	-	-
IEDQEC	AOS21	len-differs	len-differs	LINKLIB	IEDQEC	len-differs	1	N	0008C6	0008C6	Y
IEDQES	AOS21	len-differs	len-differs	LINKLIB	IEDQES	len-differs	1	N	000122	000122	Y
IEDQET	AOS21	differs	differs	LINKLIB	IEDQET	differs	1	N	0000F4	0000F4	Y
IEDQEU	AOS21	len-differs	len-differs	TELCMLIB	IEDQEU	len-differs	1	N	000EB8	000EB8	Y
IEDQEW	AOS21	len-differs	len-differs	LINKLIB	IEDQEW	len-differs	1	N	001408	001408	Y
IEDQFA	AOS21	len-differs	len-differs	TELCMLIB	IEDQFA	len-differs	1	N	001EEA	001EEA	Y
IEDQFA1	AOS21	len-differs	len-differs	TELCMLIB	IEDQFA1	len-differs	1	N	001106	001106	Y
IEDQFA2	AOS21	len-differs	len-differs	TELCMLIB	IEDQFA2	len-differs	1	N	0018F6	0018F6	Y
IEDQFE	AOS21	identical	error	-	-	not-in-target	0	-	-	-	-
IEDQFE10	AOS21	len-differs	len-differs	LINKLIB	IEDQFE10	len-differs	1	N	0002C4	0002C4	Y
IEDQFE20	AOS21	len-differs	len-differs	LINKLIB	IEDQFE20	len-differs	1	N	0001D8	0001D8	Y
IEDQFE30	AOS21	len-differs	len-differs	LINKLIB	IEDQFE30	len-differs	1	N	000C5A	000C5A	Y
IEDQFM	AOS21	len-differs	len-differs	TELCMLIB	IEDQFM	len-differs	1	N	000E87	000E87	Y
IEDQFSC	AOS21	len-differs	len-differs	TELCMLIB	IEDQFSC	len-differs	1	N	0004D0	0004F8	N
IEDQFW	AOS21	len-differs	len-differs	LINKLIB	IEDQFW	len-differs	1	N	000A49	000A49	Y
IEDQGA	AOS21	len-differs	len-differs	TELCMLIB	IEDQGA	len-differs	1	N	000BA0	000BA0	Y
IEDQGH	AOS21	differs	differs	TELCMLIB	IEDQGH	differs	1	N	000AA6	000AA6	Y
IEDQGP	AOS21	len-differs	len-differs	TELCMLIB	IEDQGP	len-differs	1	N	000318	000318	Y
IEDQGQ	AOS21	len-differs	len-differs	LINKLIB	IEDQGQ	len-differs	1	N	000586	000586	Y
IEDQGR	AOS21	differs	differs	TELCMLIB	IEDQGR	differs	1	N	000050	000050	Y
IEDQGT	AOS21	len-differs	len-differs	TELCMLIB	IEDQGT	len-differs	1	N	00063F	00063F	Y
IEDQHG	AOS21	differs	differs	TELCMLIB	IEDQHG	differs	1	N	000324	000324	Y
IEDQHI	AOS21	len-differs	len-differs	LINKLIB	IEDQHI	len-differs	1	N	0002CE	0002CE	Y
IEDQHK	AOS21	len-differs	len-differs	TELCMLIB	IEDQHK	len-differs	1	N	000806	000806	Y
IEDQHM	AOS21	len-differs	len-differs	TELCMLIB	IEDQHM	len-differs	1	N	0010F4	0010F4	Y
IEDQHM1	AOS21	len-differs	len-differs	TELCMLIB	IEDQHM1	len-differs	1	N	000C96	000C96	Y
IEDQHM2	AOS21	len-differs	len-differs	TELCMLIB	IEDQHM2	len-differs	1	N	000976	000976	Y
IEDQIN	AOS21	len-differs	len-differs	TELCMLIB	IEDQIN	len-differs	1	N	00026C	00026C	Y
IEDQKA	AOS21	len-differs	error	-	-	not-in-target	0	-	-	-	-
IEDQKB	AOS21	len-differs	error	-	-	not-in-target	0	-	-	-	-
IEDQKC	AOS21	len-differs	error	-	-	not-in-target	0	-	-	-	-
IEDQKD	AOS21	len-differs	error	-	-	not-in-target	0	-	-	-	-
IEDQKE	AOS21	len-differs	error	-	-	not-in-target	0	-	-	-	-
IEDQNA	AOS21	identical	identical	TELCMLIB	IEDQNA	identical	1	N	00005E	00005E	Y
IEDQNA2	AOS21	differs	differs	LINKLIB	IEDQNA2	differs	1	N	00029F	00029F	Y
IEDQNB	AOS21	differs	differs	LINKLIB	IEDQNB	differs	1	N	0001C8	0001C8	Y
IEDQNB02	AOS21	no-deck	no-deck	-	-	not-in-target	0	-	-	-	-
IEDQNB05	AOS21	no-deck	no-deck	-	-	not-in-target	0	-	-	-	-
IEDQND	AOS21	len-differs	len-differs	LINKLIB	IEDQND	len-differs	1	N	000AAC	000AAC	Y
IEDQNF	AOS21	len-differs	len-differs	LINKLIB	IEDQNF	len-differs	1	N	000538	000538	Y
IEDQNG	AOS21	len-differs	len-differs	LINKLIB	IEDQNG	len-differs	1	N	000102	000102	Y
IEDQNH	AOS21	len-differs	len-differs	LINKLIB	IEDQNH	len-differs	1	N	000144	000144	Y
IEDQNJ	AOS21	len-differs	len-differs	LINKLIB	IEDQNJ	len-differs	1	N	0002B2	0002B2	Y
IEDQNK	AOS21	len-differs	len-differs	LINKLIB	IEDQNK	len-differs	1	N	000690	000690	Y
IEDQNM	AOS21	len-differs	len-differs	LINKLIB	IEDQNM	len-differs	1	N	0001C0	0001C0	Y
IEDQNO	AOS21	len-differs	len-differs	LINKLIB	IEDQNO	len-differs	1	N	000128	000128	Y
IEDQNP	AOS21	identical	identical	LINKLIB	IEDQNP	identical	1	N	0002D0	0002D0	Y
IEDQNQ	AOS21	len-differs	len-differs	LINKLIB	IEDQNQ	len-differs	1	N	000458	000458	Y
IEDQNR	AOS21	identical	identical	LINKLIB	IEDQNR	identical	1	N	0000F8	0000F8	Y
IEDQNS	AOS21	len-differs	len-differs	LINKLIB	IEDQNS	len-differs	1	N	000150	000150	Y
IEDQNT	AOS21	len-differs	len-differs	LINKLIB	IEDQNT	len-differs	1	N	000455	000455	Y
IEDQNU	AOS21	differs	differs	LINKLIB	IEDQNU	differs	1	N	0005A8	0005A8	Y
IEDQNV	AOS21	len-differs	len-differs	LINKLIB	IEDQNV	len-differs	1	N	000426	000426	Y
IEDQNW	AOS21	differs	differs	LINKLIB	IEDQNW	differs	1	N	0000CA	0000CA	Y
IEDQNX	AOS21	len-differs	len-differs	LINKLIB	IEDQNX	len-differs	1	N	000698	000698	Y
IEDQOA	AOS21	len-differs	len-differs	LINKLIB	IEDQOA	len-differs	1	N	001398	001398	Y
IEDQOB	AOS21	len-differs	len-differs	LINKLIB	IEDQOB	len-differs	1	N	0010D4	0010D4	Y
IEDQOT01	AOS21	len-differs	len-differs	LPALIB	IEDQOT01	len-differs	2	N	0007EC	0007EC	Y
IEDQRS	AOS21	len-differs	len-differs	TELCMLIB	IEDQRS	len-differs	1	N	0009C2	0009C2	Y
IEDQSBT	AOS21	len-differs	len-differs	TELCMLIB	IEDQSBT	len-differs	1	N	0001D8	0001D8	Y
IEDQTL	AOS21	len-differs	len-differs	TELCMLIB	IEDQTL	len-differs	1	N	00006E	00006E	Y
IEDQUI	AOS21	len-differs	len-differs	TELCMLIB	IEDQUI	len-differs	1	N	00005E	00005E	Y
IEDQW21	AOS21	no-deck	no-deck	-	-	not-in-target	0	-	-	-	-
IEDQW25	AOS21	len-differs	len-differs	LINKLIB	IEDQW25	len-differs	1	N	00067F	00067F	Y
IEDQW33	AOS21	differs	differs	LINKLIB	IEDQW33	differs	1	N	0007EC	0007EC	Y
IEDQW42	AOS21	len-differs	len-differs	LINKLIB	IEDQW42	len-differs	1	N	000288	000288	Y
IEDQW43	AOS21	no-deck	no-deck	-	-	not-in-target	0	-	-	-	-
IEDQW44	AOS21	len-differs	len-differs	LINKLIB	IEDQW44	len-differs	1	N	000366	000366	Y
IEDQW47	AOS21	len-differs	len-differs	LINKLIB	IEDQW47	len-differs	1	N	00034C	00034C	Y
IEDQWA	AOS21	len-differs	len-differs	LINKLIB	IEDQWA	len-differs	1	N	000863	000863	Y
IEDQWA1	AOS21	differs	differs	LINKLIB	IEDQWA1	differs	1	N	001284	001284	Y
IEDQWAA	AOS21	len-differs	len-differs	LINKLIB	IEDQWAA	len-differs	1	N	000192	000192	Y
IEDQWAB	AOS21	len-differs	len-differs	LINKLIB	IEDQWAB	len-differs	1	N	0000F8	0000F8	Y
IEDQWAC	AOS21	differs	error	-	-	not-in-target	0	-	-	-	-
IEDQWAJ	AOS21	len-differs	len-differs	LINKLIB	IEDQWAJ	len-differs	1	N	0005AC	0005AC	Y
IEDQWB	AOS21	differs	differs	LINKLIB	IEDQWB	differs	1	N	000C97	000C97	Y
IEDQWB1	AOS21	differs	differs	LINKLIB	IEDQWB1	differs	1	N	0008E8	0008E8	Y
IEDQWB2	AOS21	len-differs	len-differs	LINKLIB	IEDQWB2	len-differs	1	N	000960	000960	Y
IEDQWC	AOS21	len-differs	len-differs	LINKLIB	IEDQWC	len-differs	1	N	000FA2	000FA2	Y
IEDQWC1	AOS21	differs	differs	LINKLIB	IEDQWC1	differs	1	N	000D3E	000D3E	Y
IEDQWC2	AOS21	len-differs	len-differs	LINKLIB	IEDQWC2	len-differs	1	N	000D5C	000D5C	Y
IEDQWD	AOS21	differs	differs	LINKLIB	IEDQWD	differs	1	N	000C27	000C27	Y
IEDQWE	AOS21	len-differs	len-differs	LINKLIB	IEDQWE	len-differs	1	N	000D94	000D94	Y
IEDQWE1	AOS21	no-deck	no-deck	-	-	not-in-target	0	-	-	-	-
IEDQWE2	AOS21	len-differs	len-differs	LINKLIB	IEDQWE2	len-differs	1	N	000F85	000F85	Y
IEDQWEC	AOS21	len-differs	len-differs	LINKLIB	IEDQWEC	len-differs	1	N	00036F	00036F	Y
IEDQWF	AOS21	len-differs	len-differs	LINKLIB	IEDQWF	len-differs	1	N	00012C	00012C	Y
IEDQWF1	AOS21	differs	differs	LINKLIB	IEDQWF1	differs	1	N	000F49	000F49	Y
IEDQWH	AOS21	differs	differs	LINKLIB	IEDQWH	differs	1	N	0006C0	0006C0	Y
IEDQWI	AOS21	len-differs	len-differs	LINKLIB	IEDQWI	len-differs	1	N	0003D0	0003D0	Y
IEDQWI1	AOS21	no-deck	no-deck	-	-	not-in-target	0	-	-	-	-
IEDQWI5U	AOS21	len-differs	len-differs	LINKLIB	IEDQWI5U	len-differs	1	N	00024C	00024C	Y
IEDQWI7	AOS21	len-differs	len-differs	LINKLIB	IEDQWI7	len-differs	1	N	00014A	00014A	Y
IEDQWI8	AOS21	len-differs	len-differs	LINKLIB	IEDQWI8	len-differs	1	N	0002F0	0002F0	Y
IEDQWI9	AOS21	len-differs	len-differs	LINKLIB	IEDQWI9	len-differs	1	N	000844	000844	Y
IEDQWIA	AOS21	len-differs	len-differs	LINKLIB	IEDQWIA	len-differs	1	N	0009C4	0009C4	Y
IEDQWID	AOS21	differs	differs	LINKLIB	IEDQWID	differs	1	N	00068C	00068C	Y
IEDQWIE	AOS21	len-differs	len-differs	LINKLIB	IEDQWIE	len-differs	1	N	000E28	000E28	Y
IEDQWJ	AOS21	differs	differs	LINKLIB	IEDQWJ	differs	1	N	000CE3	000CE3	Y
IEDQWJ1	AOS21	differs	differs	LINKLIB	IEDQWJ1	differs	1	N	000D1A	000D1A	Y
IEDQWJ2	AOS21	differs	differs	LINKLIB	IEDQWJ2	differs	1	N	000EB9	000EB9	Y
IEDQWK	AOS21	len-differs	len-differs	LINKLIB	IEDQWK	len-differs	1	N	00046E	00046E	Y
IEDQWK1	AOS21	no-deck	no-deck	-	-	not-in-target	0	-	-	-	-
IEDQWL	AOS21	len-differs	len-differs	LINKLIB	IEDQWL	len-differs	1	N	000622	000622	Y
IEDQWL1	AOS21	len-differs	len-differs	LINKLIB	IEDQWL1	len-differs	1	N	00074C	00074C	Y
IEDQWL2	AOS21	len-differs	len-differs	LINKLIB	IEDQWL2	len-differs	1	N	00045C	00045C	Y
IEDQWL3	AOS21	len-differs	len-differs	LINKLIB	IEDQWL3	len-differs	1	N	000954	000954	Y
IEDQWM2	AOS21	len-differs	len-differs	LINKLIB	IEDQWM2	len-differs	1	N	000308	000308	Y
IEDQWN	AOS21	len-differs	len-differs	LINKLIB	IEDQW35	len-differs	1	N	000B23	000B23	Y
IEDQWO	AOS21	len-differs	len-differs	LINKLIB	IEDQWO	len-differs	1	N	000A84	000A84	Y
IEDQWP	AOS21	differs	differs	LINKLIB	IEDQW39	differs	1	N	00047A	00047A	Y
IEDQWP1	AOS21	len-differs	len-differs	LINKLIB	IEDQWP1	len-differs	1	N	000457	000457	Y
IEDQWP2	AOS21	len-differs	len-differs	LINKLIB	IEDQWP2	len-differs	1	N	0003DE	0003DE	Y
IEDQWQ	AOS21	len-differs	len-differs	LINKLIB	IEDQW37	len-differs	1	N	0004AE	0004AE	Y
IEDQWR	AOS21	len-differs	len-differs	LINKLIB	IEDQW28	len-differs	1	N	000435	000435	Y
IEDQWS	AOS21	len-differs	len-differs	LINKLIB	IEDQW36	len-differs	1	N	0007FA	0007FA	Y
IEDQWX	AOS21	len-differs	len-differs	LINKLIB	IEDQW41	len-differs	1	N	0001AC	0001AC	Y
IEDQWY	AOS21	differs	differs	LINKLIB	IEDQW16	differs	1	N	000308	000308	Y
IEDQXA	AOS21	differs	differs	LINKLIB	IEDQXA	differs	1	N	000A0C	000A0C	Y
IEDQXB	AOS21	len-differs	len-differs	LINKLIB	IEDQXB	len-differs	1	N	001000	001000	Y
IEDQXC	AOS21	len-differs	len-differs	LINKLIB	IEDQXC	len-differs	1	N	001E80	001E80	Y
IEDRQIN	AOS21	differs	differs	TELCMLIB	IEDRQIN	differs	1	N	000EC2	000EC2	Y
IEDRSPIN	AOS21	len-differs	len-differs	TELCMLIB	IEDRSPIN	len-differs	1	N	000678	000678	Y
IEDSAC	AOS21	len-differs	len-differs	TELCMLIB	IEDSAC	len-differs	1	N	000F5C	000F5C	Y
IEDSAI	AOS21	len-differs	len-differs	TELCMLIB	IEDSAI	len-differs	1	N	00078D	00078D	Y
IEDSAO	AOS21	len-differs	len-differs	TELCMLIB	IEDSAO	len-differs	1	N	000318	000318	Y
IEDSARI	AOS21	len-differs	len-differs	TELCMLIB	IEDSARI	len-differs	1	N	0011AB	0011AB	Y
IEDSCLU	AOS21	len-differs	len-differs	TELCMLIB	IEDSCLU	len-differs	1	N	000C88	000C88	Y
IEDSCPDS	AOS21	len-differs	len-differs	TELCMLIB	IEDSCPDS	len-differs	1	N	000148	000148	Y
IEDSCPRP	AOS21	differs	differs	TELCMLIB	IEDSCPRP	differs	1	N	000482	000482	Y
IEDSCPRQ	AOS21	len-differs	len-differs	TELCMLIB	IEDSCPRQ	len-differs	1	N	0002FC	0002FC	Y
IEDSCPSS	AOS21	len-differs	len-differs	TELCMLIB	IEDSCPSS	len-differs	1	N	0000F8	0000F8	Y
IEDSNS	AOS21	len-differs	len-differs	TELCMLIB	IEDSNS	len-differs	1	N	000070	000070	Y
IEDTEDIT	AOS21	holes	holes	TELCMLIB	IEDTEDIT	holes	1	N	0008CA	0008CA	Y
IEDUNBND	AOS21	len-differs	len-differs	TELCMLIB	IEDUNBND	len-differs	1	N	0002D4	0002D4	Y
IEDUSSTB	AOS21	identical	identical	TELCMLIB	IEDUSSTB	identical	1	N	0000C9	0000C9	Y
IEDXFMI	AOS21	len-differs	len-differs	TELCMLIB	IEDXFMI	len-differs	1	N	0001E2	0001E2	Y
IEDXFMO	AOS21	differs	differs	TELCMLIB	IEDXFMO	differs	1	N	0002CA	0002CA	Y
IEDXTREQ	AOS21	len-differs	len-differs	TELCMLIB	IEDXTREQ	len-differs	1	N	0000B0	0000B0	Y
IEE0003D	AOSB3	len-differs	len-differs	LPALIB	IGC0003D	len-differs	1	N	000406	000406	Y
IEE00110	AOSB3	identical	identical	LPALIB	IGC0011{	identical	1	N	0000C7	0000C7	Y
IEE0303D	AOSB3	len-differs	len-differs	LPALIB	IGC0003D	len-differs	1	N	00040A	00040A	Y
IEE0403D	AOSB3	len-differs	len-differs	LPALIB	IGC0003D	len-differs	1	N	000596	000596	Y
IEE0503D	AOSB3	len-differs	len-differs	LPALIB	IGC0003D	len-differs	1	N	000BEE	000BEE	Y
IEE0603D	AOSB3	len-differs	len-differs	LPALIB	IGC0003D	len-differs	1	N	00049C	000538	N
IEE0703D	AOSB3	len-differs	len-differs	LPALIB	IGC0003D	len-differs	1	N	0003EA	0003EA	Y
IEE0803D	AOSB3	len-differs	len-differs	LPALIB	IGC0003D	len-differs	1	N	00046F	00046F	Y
IEE10110	AOSC5	len-differs	len-differs	LPALIB	IGC10110	len-differs	1	N	00095B	00095B	Y
IEE11110	AOSC5	holes	holes	-	-	not-in-target	0	-	00035A	-	-
IEE12110	AOSC5	holes	holes	-	-	not-in-target	0	-	000346	-	-
IEE1403D	AOSB3	len-differs	len-differs	LPALIB	IGC0003D	len-differs	1	N	000252	000252	Y
IEE1603D	AOSB3	len-differs	len-differs	LPALIB	IGC0003D	len-differs	1	N	000470	000470	Y
IEE20110	AOSC5	len-differs	len-differs	LPALIB	IGC20110	len-differs	1	N	000432	000432	Y
IEE21110	AOSC5	identical	identical	LPALIB	IGC21110	identical	1	N	00035A	00035A	Y
IEE22110	AOSC5	identical	identical	LPALIB	IGC22110	identical	1	N	0001B7	0001B7	Y
IEE2303D	AOSB3	len-differs	len-differs	LPALIB	IEE3603D	len-differs	1	N	00043A	00043A	Y
IEE23110	AOSC5	len-differs	len-differs	LPALIB	IGC23110	len-differs	1	N	000406	000406	Y
IEE2903D	AOSB3	len-differs	len-differs	LPALIB	IGC0003D	len-differs	1	N	000A7A	000A7A	Y
IEE3103D	AOSB3	len-differs	len-differs	LPALIB	IEE3603D	len-differs	1	N	0004F7	0004F7	Y
IEE3203D	AOSB3	len-differs	len-differs	LPALIB	IGC0003D	len-differs	1	N	0003EC	0003EC	Y
IEE3303D	AOSB3	len-differs	len-differs	LPALIB	IEE3603D	len-differs	1	N	000330	000330	Y
IEE3503D	AOSB3	differs	differs	LPALIB	IGC0003D	len-differs	1	N	0003F9	000481	N
IEE3603D	AOSB3	len-differs	len-differs	LPALIB	IEE3603D	len-differs	1	N	000C25	000C25	Y
IEE3703D	AOSB3	len-differs	len-differs	LPALIB	IGC0003D	len-differs	1	N	0003E1	0003E1	Y
IEE40110	AOSC5	len-differs	len-differs	LPALIB	IGC40110	len-differs	1	N	0002C5	0002C5	Y
IEE4103D	AOSB3	len-differs	len-differs	LPALIB	IGC0003D	len-differs	1	N	00038A	00038A	Y
IEE4203D	AOSB3	len-differs	len-differs	LPALIB	IEE3603D	len-differs	1	N	000509	000509	Y
IEE4303D	AOSB3	len-differs	len-differs	LPALIB	IGC0003D	len-differs	1	N	000296	000296	Y
IEE4403D	AOSB3	len-differs	len-differs	LPALIB	IEE3603D	len-differs	1	N	00050C	00050C	Y
IEE4603D	AOSB3	len-differs	len-differs	LPALIB	IEE3603D	len-differs	1	N	0006A0	0006A0	Y
IEE4703D	AOSB3	differs	differs	LPALIB	IGC0003D	differs	1	N	0002CE	0002CE	Y
IEE4803D	AOSB3	len-differs	len-differs	LPALIB	IEE3603D	len-differs	1	N	000366	000366	Y
IEE4903D	AOSB3	differs	differs	LPALIB	IEE3603D	differs	1	N	00083C	00083C	Y
IEE5103D	AOSB3	len-differs	len-differs	LPALIB	IGC0003D	len-differs	1	N	000537	000537	Y
IEE5403D	AOSB3	len-differs	len-differs	LPALIB	IGC0003D	len-differs	1	N	000396	000396	Y
IEE5503D	AOSB3	differs	differs	LPALIB	IGC0003D	differs	1	N	00031C	00031C	Y
IEE5603D	AOSB3	len-differs	len-differs	LPALIB	IGC0003D	len-differs	1	N	00049B	00049B	Y
IEE5703D	AOSB3	len-differs	len-differs	LPALIB	IGC0003D	len-differs	1	N	0002BE	0002BE	Y
IEE5903D	AOSB3	len-differs	len-differs	LPALIB	IGC0003D	len-differs	1	N	000402	000402	Y
IEE6303D	AOSB3	identical	identical	LPALIB	IGC0003D	identical	1	N	000611	000611	Y
IEE6403D	AOSB3	identical	identical	LPALIB	IGC0003D	identical	1	N	00054C	00054C	Y
IEE6503D	AOSC5	differs	differs	LPALIB	IGC0003D	differs	1	N	00050E	00050E	Y
IEE6603D	AOSC5	differs	differs	LPALIB	IGC0003D	differs	1	N	0002C8	0002C8	Y
IEE6703D	AOSB3	len-differs	len-differs	LPALIB	IGC0003D	len-differs	1	N	00067A	00067A	Y
IEE6803D	AOSB3	len-differs	len-differs	LPALIB	IGC0003D	len-differs	1	N	00042C	00042C	Y
IEE6903D	AOSB3	len-differs	len-differs	LPALIB	IGC0003D	len-differs	1	N	0005D8	0005D8	Y
IEE70110	AOSB3	len-differs	len-differs	LPALIB	IEE70110	len-differs	1	N	00032C	00032C	Y
IEE7103D	AOSB3	differs	differs	LPALIB	IGC0003D	differs	1	N	00026F	00026F	Y
IEE7203D	AOSB3	len-differs	len-differs	LPALIB	IGC0003D	len-differs	1	N	000314	000314	Y
IEE7303D	AOSB3	len-differs	len-differs	LPALIB	IEE3603D	len-differs	1	N	000332	000332	Y
IEE7503D	AOSB3	len-differs	len-differs	LPALIB	IGC0003D	len-differs	1	N	0009F9	0009F9	Y
IEE7703D	AOSB3	len-differs	len-differs	LPALIB	IGC0003D	len-differs	1	N	0001ED	0001ED	Y
IEE7803D	AOSB3	len-differs	len-differs	LPALIB	IGC0003D	len-differs	1	N	0001FA	0001FA	Y
IEE8603D	AOSC5	holes	holes	LPALIB	IGC0003D	holes	1	N	0008E8	0008E8	Y
IEE8B03D	AOSB3	len-differs	len-differs	LPALIB	IGC0003D	len-differs	1	N	00138B	00138B	Y
IEE90110	AOSB3	len-differs	len-differs	LPALIB	IEE70110	len-differs	1	N	0000B6	0000B6	Y
IEE9403D	AOSB3	identical	identical	LPALIB	IGC0003D	identical	1	N	000285	000285	Y
IEEAB400	AOSB3	len-differs	len-differs	LPALIB	IEFW21SD	len-differs	1	N	0003A4	0003A4	Y
IEEAB401	AOSB3	len-differs	len-differs	LPALIB	IEFW21SD	len-differs	1	N	000468	000468	Y
IEEBASEC	AOSB3	identical	error	-	-	not-in-target	0	-	-	-	-
IEEC2740	AOSC5	len-differs	len-differs	-	-	not-in-target	0	-	001420	-	-
IEECB800	AOSB3	len-differs	len-differs	LPALIB	IEECB800	len-differs	1	N	001301	001301	Y
IEECB801	AOSB3	differs	differs	LPALIB	IEECB800	differs	1	N	000192	000192	Y
IEECB806	AOSB3	identical	identical	LINKLIB	IEECB806	identical	1	N	0006C4	0006C4	Y
IEECB860	AOSB3	len-differs	len-differs	LPALIB	IEECB860	len-differs	1	N	000453	000453	Y
IEECB866	AOSB3	len-differs	len-differs	LPALIB	IEECB866	len-differs	1	N	0016EC	0016EC	Y
IEECB900	AOSB3	holes	holes	LPALIB	IEECB900	holes	1	N	0006C8	0006C8	Y
IEECB901	AOSB3	holes	holes	LPALIB	IEECB900	holes	1	N	000220	000220	Y
IEECB904	AOSB3	len-differs	len-differs	LPALIB	IEE3603D	len-differs	1	N	0006B8	0006B8	Y
IEECB905	AOSC5	len-differs	len-differs	LPALIB	IEECB905	len-differs	1	N	003324	003324	Y
IEECB906	AOSC5	len-differs	len-differs	LPALIB	IEECB905	len-differs	1	N	000B28	000B28	Y
IEECB907	AOSC5	len-differs	len-differs	LPALIB	IEECB905	len-differs	1	N	002DEC	002DEC	Y
IEECB908	AOSC5	len-differs	len-differs	LPALIB	IEECB905	len-differs	1	N	001CD9	001CD9	Y
IEECB909	AOSC5	len-differs	len-differs	LPALIB	IEECB905	len-differs	1	N	004D60	004D60	Y
IEECB910	AOSC5	differs	differs	LPALIB	IEECB910	differs	1	N	000C18	000C18	Y
IEECB911	AOSC5	identical	identical	LPALIB	IEECB910	identical	1	N	000413	000413	Y
IEECB912	AOSC5	len-differs	len-differs	LPALIB	IEECB910	len-differs	1	N	000394	000394	Y
IEECB914	AOSC5	len-differs	len-differs	LPALIB	IEECB905	len-differs	1	N	000428	000428	Y
IEECB915	AOSC5	identical	identical	LPALIB	IEECB905	error	1	N	00025F	00025F	Y
IEECLEAN	AOSC5	len-differs	len-differs	LPALIB	IEEVCPU	error	1	N	002116	002116	Y
IEECVCTI	AOSC5	no-deck	no-deck	-	-	not-in-target	0	-	-	-	-
IEECVET1	AOSC5	len-differs	len-differs	LPALIB	IGC0007B	len-differs	1	N	000758	000758	Y
IEECVET2	AOSC5	len-differs	len-differs	LPALIB	IGC0007B	len-differs	1	N	0001A2	0001A2	Y
IEECVET3	AOSC5	len-differs	len-differs	LPALIB	IGC0007B	len-differs	1	N	0000EE	0000EE	Y
IEECVET4	AOSC5	len-differs	len-differs	LPALIB	IGC0007B	len-differs	1	N	0006C0	0006C0	Y
IEECVET6	AOSC5	len-differs	len-differs	LPALIB	IGC0007B	len-differs	1	N	0003E6	0003E6	Y
IEECVET7	AOSC5	differs	differs	LPALIB	IGC0007B	differs	1	N	000224	000224	Y
IEECVET8	AOSC5	len-differs	len-differs	LPALIB	IGC0007B	len-differs	1	N	000342	000342	Y
IEECVET9	AOSC5	len-differs	len-differs	LPALIB	IGC0007B	len-differs	1	N	000386	000386	Y
IEECVETA	AOSC5	len-differs	len-differs	LPALIB	IGC0007B	len-differs	1	N	000392	000392	Y
IEECVETC	AOSC5	len-differs	len-differs	LPALIB	IGC0007B	len-differs	1	N	0003AA	0003AA	Y
IEECVETD	AOSC5	identical	identical	LPALIB	IGC0007B	identical	1	N	000360	000360	Y
IEECVETE	AOSC5	len-differs	len-differs	LPALIB	IGC0007B	len-differs	1	N	000407	000407	Y
IEECVETF	AOSC5	identical	identical	LPALIB	IGC0007B	identical	1	N	0003D9	0003D9	Y
IEECVETG	AOSC5	len-differs	len-differs	LPALIB	IGC0007B	len-differs	1	N	0004F0	0004F0	Y
IEECVETH	AOSC5	identical	identical	LPALIB	IGC0007B	identical	1	N	00040F	00040F	Y
IEECVETJ	AOSC5	len-differs	len-differs	LPALIB	IGC0007B	len-differs	1	N	00054B	00054B	Y
IEECVETK	AOSC5	len-differs	len-differs	LPALIB	IGC0007B	len-differs	1	N	0002EA	0002EA	Y
IEECVETP	AOSC5	identical	identical	LPALIB	IGC0007B	identical	1	N	0003A9	0003A9	Y
IEECVETQ	AOSC5	identical	identical	LPALIB	IGC0007B	identical	1	N	000401	000401	Y
IEECVETR	AOSC5	identical	identical	LPALIB	IGC0007B	identical	1	N	000468	000468	Y
IEECVETU	AOSC5	identical	identical	LPALIB	IGC0007B	identical	1	N	000419	000419	Y
IEECVETV	AOSC5	len-differs	len-differs	LPALIB	IGC0007B	len-differs	1	N	000556	000556	Y
IEECVETW	AOSC5	len-differs	len-differs	LPALIB	IGC0007B	len-differs	1	N	000965	000965	Y
IEECVFT1	AOSC5	holes	holes	LPALIB	IGC0007B	holes	1	N	0001BC	0001BC	Y
IEECVFT2	AOSC5	len-differs	len-differs	LPALIB	IGC0007B	len-differs	1	N	0003BE	0003BE	Y
IEECVFTA	AOSC5	identical	identical	LPALIB	IGC0007B	len-differs	1	N	000370	000388	N
IEECVFTB	AOSC5	len-differs	len-differs	LPALIB	IGC0007B	len-differs	1	N	00040E	00040E	Y
IEECVFTD	AOSC5	identical	identical	LPALIB	IGC0007B	identical	1	N	0001E0	0001E0	Y
IEECVFTG	AOSC5	len-differs	len-differs	LPALIB	IGC0007B	len-differs	1	N	0003D6	0003D6	Y
IEECVFTL	AOSC5	len-differs	len-differs	LPALIB	IGC0007B	len-differs	1	N	000466	000466	Y
IEECVFTM	AOSC5	len-differs	len-differs	LPALIB	IGC0007B	len-differs	1	N	0003DE	0003DE	Y
IEECVFTN	AOSC5	len-differs	len-differs	LPALIB	IGC0007B	len-differs	1	N	0002BB	0002BB	Y
IEECVFTO	AOSC5	len-differs	len-differs	LPALIB	IGC0007B	len-differs	1	N	0003E2	0003E2	Y
IEECVFTP	AOSC5	len-differs	len-differs	LPALIB	IGC0007B	len-differs	1	N	0003FA	0003FA	Y
IEECVFTQ	AOSC5	len-differs	len-differs	LPALIB	IGC0007B	len-differs	1	N	0003FA	0003FA	Y
IEECVFTR	AOSC5	differs	differs	LPALIB	IGC0007B	differs	1	N	00012E	00012E	Y
IEECVFTT	AOSC5	identical	identical	LPALIB	IGC0007B	identical	1	N	0001C8	0001C8	Y
IEECVGCI	AOSC5	len-differs	len-differs	LINKLIB	IEECVGCI	len-differs	1	N	000566	000566	Y
IEECVXIT	AOSC5	identical	identical	LPALIB	IGC0003E	len-differs	1	N	000002	000A62	N
IEEDAY3	AOST3	no-deck	no-deck	-	-	not-in-target	0	-	-	-	-
IEEDISPD	ALPALIB	identical	identical	LPALIB	IEEDISPD	identical	1	N	-	0008F6	?
IEEMB803	AOSB3	len-differs	len-differs	LINKLIB	IEEMB803	len-differs	1	N	000F18	000F18	Y
IEEMB804	AOSB3	len-differs	len-differs	LPALIB	IGC0003F	len-differs	1	N	0008E0	0008E0	Y
IEEMB805	AOSB3	len-differs	len-differs	LINKLIB	IEEMB803	len-differs	1	N	0003CC	0003CC	Y
IEEMB806	AOSB3	len-differs	len-differs	LINKLIB	IEEMB803	len-differs	1	N	000461	000461	Y
IEEMB807	AOSB3	holes	holes	LINKLIB	IEEMB803	holes	1	N	00037E	00037E	Y
IEEMB808	AOSB3	identical	identical	LPALIB	IEEMB808	identical	1	N	00032C	00032C	Y
IEEMB809	AOSB3	identical	identical	LPALIB	IEEMB808	identical	1	N	00083C	00083C	Y
IEEMB810	AOSB3	differs	differs	LPALIB	IEEMB810	differs	1	N	000497	000497	Y
IEEMB811	AOSB3	len-differs	len-differs	LPALIB	IEEMB811	len-differs	1	N	0003EA	0003EA	Y
IEEMB812	AOSB3	identical	identical	LPALIB	IEEMB812	identical	1	N	0006F0	0006F0	Y
IEEMB813	AOSB3	len-differs	len-differs	LPALIB	IEEMB813	len-differs	1	N	0005BE	0005BE	Y
IEEMB814	AOSB3	len-differs	len-differs	LINKLIB	IEEMB878	len-differs	1	N	000228	000228	Y
IEEMB815	AOSC5	identical	identical	LPALIB	IGC0003D	identical	1	N	0012BA	0012BA	Y
IEEMB816	AOSB3	identical	identical	LPALIB	IEEMB808	identical	1	N	000C1C	000C1C	Y
IEEMB820	AOS00	len-differs	len-differs	LINKLIB	IEEMB820	len-differs	1	N	000216	000216	Y
IEEMB821	AOS00	len-differs	len-differs	LINKLIB	IEEMB820	len-differs	1	N	000CBC	000CBC	Y
IEEMB822	AOS00	identical	identical	LINKLIB	IEEMB820	identical	1	N	000444	000444	Y
IEEMB823	AOS00	len-differs	len-differs	LINKLIB	IEEMB820	len-differs	1	N	000546	000546	Y
IEEMB824	AOS00	holes	holes	LINKLIB	IEEMB820	holes	1	N	000350	000350	Y
IEEMB825	AOS00	len-differs	len-differs	LINKLIB	IEEMB820	len-differs	2	N	000368	000368	Y
IEEMB826	AOS00	holes	holes	LINKLIB	IEEMB820	holes	2	N	00007D	00007D	Y
IEEMB827	AOS00	identical	identical	LINKLIB	IEEMB820	identical	3	N	00017A	00017A	Y
IEEMB828	AOS00	holes	holes	LPALIB	IEEMB829	holes	1	N	000110	000110	Y
IEEMB829	AOS00	len-differs	len-differs	LPALIB	IEEMB829	len-differs	1	N	000D3C	000D3C	Y
IEEMB830	AOS00	len-differs	len-differs	LPALIB	IGC0008C	len-differs	1	N	00074C	00074C	Y
IEEMB860	AOSB3	len-differs	len-differs	LINKLIB	IEEMB860	len-differs	1	N	000AB0	000AB0	Y
IEEMB876	AOSB3	differs	differs	LPALIB	IEEMB811	differs	1	N	000050	000050	Y
IEEMB877	AOSB3	differs	differs	LINKLIB	IEEMB878	differs	1	N	0001DC	0001DC	Y
IEEMB878	AOSB3	identical	identical	LINKLIB	IEEMB878	identical	1	N	00033D	00033D	Y
IEEMB879	AOSB3	len-differs	len-differs	LPALIB	IEEMB879	len-differs	1	N	000378	000378	Y
IEEMB880	AOSB3	identical	identical	LPALIB	IEEMB879	identical	1	N	000366	000366	Y
IEEMPDEV	AOSC5	len-differs	len-differs	LINKLIB	IEEMPDEV	len-differs	1	N	002679	002679	Y
IEEMPDM	AOSC5	len-differs	len-differs	LPALIB	IEEMPDM	len-differs	1	N	001A80	001A80	Y
IEEMPS03	AOSC5	len-differs	len-differs	LPALIB	IEEMPS03	len-differs	1	N	0006DA	0006DA	Y
IEEMPVST	AOSC5	differs	differs	LPALIB	IEEMPVST	differs	1	N	0019CD	0019CD	Y
IEEPALTR	AOSB3	len-differs	error	-	-	not-in-target	0	-	-	-	-
IEEPRTN2	AOSB3	len-differs	len-differs	LPALIB	IEEPRTN	len-differs	1	N	0000F8	0000F8	Y
IEEPRWI2	AOSB3	len-differs	len-differs	LPALIB	IEEPRWI2	len-differs	1	N	000288	000288	Y
IEESB601	AOSB3	identical	identical	LINKLIB	IEESB601	identical	2	N	000466	000466	Y
IEESB605	AOSB3	len-differs	len-differs	LPALIB	IEESB605	len-differs	1	N	000A54	000A54	Y
IEESB606	AOSB3	identical	identical	LPALIB	IEAVEMCR	identical	1	N	0000D0	0000D0	Y
IEESB665	AOSB3	len-differs	len-differs	LPALIB	IEESB665	len-differs	1	N	00037B	00037B	Y
IEESB670	AOSB3	len-differs	len-differs	LPALIB	IEESB670	len-differs	1	N	00043F	00043F	Y
IEESTPRS	AOSC5	differs	differs	NUCLEUS	IEANUC01	differs	1	N	000975	000975	Y
IEEVALST	AOSC5	differs	differs	LPALIB	IEEMPVST	differs	1	N	000100	000100	Y
IEEVCPU	AOSC5	len-differs	len-differs	LPALIB	IEEVCPU	len-differs	1	N	0034AC	0034AC	Y
IEEVDCCR	AOSC5	differs	differs	NUCLEUS	IEANUC01	differs	1	N	001DF5	001DF5	Y
IEEVDEV	AOSC5	differs	differs	LPALIB	IEEVDEV	differs	1	N	0004F8	0004F8	Y
IEEVDUMY	AOSC5	holes	holes	-	-	not-in-target	0	-	0000B8	-	-
IEEVDUS1	AOST4	differs	differs	-	-	not-in-target	0	-	00045A	-	-
IEEVEXSN	AOSC5	differs	differs	NUCLEUS	IEANUC01	differs	1	N	000836	000836	Y
IEEVIPL	AOSB3	len-differs	len-differs	LINKLIB	IEEVIPL	len-differs	1	N	0008D1	0008D1	Y
IEEVJCL	AOSB3	differs	differs	LPALIB	IEEVMNT1	differs	2	N	0001D8	0001D8	Y
IEEVLDWT	AOSC5	identical	identical	NUCLEUS	IEANUC01	identical	1	N	0006DE	0006DE	Y
IEEVMNT1	AOSB3	differs	differs	LPALIB	IEEVMNT1	differs	1	N	000527	000527	Y
IEEVMNT2	AOSB3	len-differs	len-differs	LPALIB	IEEVMNT2	len-differs	1	N	00033E	00033E	Y
IEEVPTH	AOSC5	len-differs	len-differs	LPALIB	IEEVPTH	len-differs	1	N	001782	001782	Y
IEEVSDIO	AOST4	len-differs	len-differs	CMDLIB	SEND	len-differs	4	Y	000834	000834	Y
IEEVSEND	AOST4	len-differs	len-differs	LINKLIB	IEEVSEND	len-differs	1	N	000AC7	000AC7	Y
IEEVSMSG	AOSB3	len-differs	len-differs	LPALIB	IEESB605	len-differs	2	N	0002C4	0002C4	Y
IEEVSND2	AOST4	len-differs	len-differs	LINKLIB	IEEVSEND	len-differs	1	N	000467	000467	Y
IEEVSND3	AOST4	len-differs	len-differs	LINKLIB	IEEVSEND	len-differs	1	N	0005DE	0005DE	Y
IEEVSND4	AOST4	differs	differs	LINKLIB	IEEVSEND	differs	1	N	00089D	00089D	Y
IEEVSND5	AOST4	len-differs	len-differs	-	-	not-in-target	0	-	0002CA	-	-
IEEVSND6	AOST4	len-differs	len-differs	LINKLIB	IEEVSEND	len-differs	1	N	00061F	00061F	Y
IEEVSND8	AOST4	len-differs	len-differs	LINKLIB	IEEVSEND	len-differs	1	N	0003EA	0003EA	Y
IEEVSND9	AOST4	len-differs	len-differs	LINKLIB	IEEVSEND	len-differs	1	N	000182	000182	Y
IEEVSTAR	AOSB3	differs	differs	LPALIB	IEEVSTAR	differs	1	N	000ED5	000ED5	Y
IEEVSTOP	AOSC5	differs	differs	NUCLEUS	IEANUC01	differs	1	N	0000AC	0000AC	Y
IEEVWAIT	AOSB3	len-differs	len-differs	LPALIB	IEEVWAIT	len-differs	1	N	000A59	000A59	Y
IEEVWKUP	AOSC5	len-differs	len-differs	LPALIB	IEEVCPU	len-differs	1	N	0004B8	0004B8	Y
IEEXEDNA	AOSB3	differs	differs	LPALIB	IEEXEDNA	differs	1	N	001214	001214	Y
IEFAB421	AOSB3	len-differs	len-differs	LPALIB	IEFW21SD	len-differs	1	N	001A24	001A24	Y
IEFAB422	AOSB3	identical	identical	LPALIB	IEFW21SD	identical	1	N	0006AC	0006AC	Y
IEFAB423	AOSB3	len-differs	len-differs	LPALIB	IEFW21SD	len-differs	1	N	000AB6	000AB6	Y
IEFAB424	AOSB3	len-differs	len-differs	LPALIB	IEFW21SD	len-differs	1	N	0008A5	0008A5	Y
IEFAB425	AOSB3	holes	holes	LPALIB	IEFW21SD	holes	1	N	00068C	00068C	Y
IEFAB426	AOSB3	len-differs	len-differs	LPALIB	IEFW21SD	len-differs	1	N	000458	000458	Y
IEFAB427	AOSB3	len-differs	len-differs	LPALIB	IEFW21SD	len-differs	1	N	000CDA	000CDA	Y
IEFAB428	AOSB3	identical	identical	LPALIB	IEFW21SD	identical	1	N	000C1F	000C1F	Y
IEFAB430	AOSB3	identical	identical	LPALIB	IEFW21SD	identical	1	N	000576	000576	Y
IEFAB431	AOSB3	len-differs	len-differs	LPALIB	IEFW21SD	len-differs	1	N	000410	000410	Y
IEFAB432	AOSB3	len-differs	len-differs	LPALIB	IEFW21SD	len-differs	1	N	0007C7	0007C7	Y
IEFAB433	AOSB3	differs	differs	LPALIB	IEFW21SD	differs	1	N	0007FC	0007FC	Y
IEFAB434	AOSB3	len-differs	len-differs	LPALIB	IEFW21SD	len-differs	1	N	000A0B	000A0B	Y
IEFAB435	AOSB3	len-differs	len-differs	LPALIB	IEFW21SD	len-differs	1	N	000E4E	000E4E	Y
IEFAB436	AOSB3	len-differs	len-differs	LPALIB	IEFW21SD	len-differs	1	N	000FDC	000FDC	Y
IEFAB438	AOSB3	identical	identical	NUCLEUS	IEANUC01	identical	1	N	0000D0	0000D0	Y
IEFAB440	AOSB3	identical	identical	LPALIB	IEFW21SD	identical	1	N	0002F4	0002F4	Y
IEFAB441	AOSB3	len-differs	len-differs	LPALIB	IEFW21SD	len-differs	1	N	0008C0	0008C0	Y
IEFAB442	AOSB3	identical	identical	LPALIB	IEFW21SD	identical	1	N	0003BB	0003BB	Y
IEFAB445	AOSB3	identical	identical	LPALIB	IEFW21SD	identical	1	N	000015	000015	Y
IEFAB451	AOSB3	identical	identical	LPALIB	IEFW21SD	identical	1	N	000696	000696	Y
IEFAB452	AOSB3	len-differs	len-differs	LPALIB	IEFW21SD	len-differs	1	N	0004C8	0004C8	Y
IEFAB453	AOSB3	identical	identical	LPALIB	IEFW21SD	identical	1	N	0004AC	0004AC	Y
IEFAB454	AOSB3	identical	identical	LPALIB	IEFW21SD	identical	1	N	00040F	00040F	Y
IEFAB455	AOSB3	differs	differs	LPALIB	IEFW21SD	differs	1	N	000494	000494	Y
IEFAB456	AOSB3	len-differs	len-differs	LPALIB	IEFW21SD	len-differs	1	N	0003FB	0003FB	Y
IEFAB457	AOSB3	len-differs	len-differs	LPALIB	IEFW21SD	len-differs	1	N	000E2D	000E2D	Y
IEFAB458	AOSB3	len-differs	len-differs	LPALIB	IEFW21SD	len-differs	1	N	0004F2	0004E2	N
IEFAB459	AOSB3	len-differs	len-differs	LPALIB	IEFW21SD	len-differs	1	N	0009BD	0009BD	Y
IEFAB461	AOSB3	len-differs	len-differs	LPALIB	IEFW21SD	len-differs	1	N	000878	000878	Y
IEFAB463	AOSB3	identical	identical	LPALIB	IEFW21SD	identical	1	N	0001D4	0001D4	Y
IEFAB464	AOSB3	len-differs	len-differs	LPALIB	IEFW21SD	len-differs	1	N	0010AB	0010A8	N
IEFAB466	AOSB3	identical	identical	LPALIB	IEFW21SD	identical	1	N	000495	000495	Y
IEFAB469	AOSB3	differs	differs	LPALIB	IEFW21SD	differs	1	N	0009DD	0009DD	Y
IEFAB470	AOSB3	differs	differs	LPALIB	IEFW21SD	differs	1	N	00026A	00026A	Y
IEFAB471	AOSB3	len-differs	len-differs	LPALIB	IEFW21SD	len-differs	1	N	000D48	000D48	Y
IEFAB472	AOSB3	len-differs	len-differs	LPALIB	IEFW21SD	len-differs	1	N	000C8E	000C8E	Y
IEFAB473	AOSB3	identical	identical	LPALIB	IEFW21SD	identical	1	N	0005B9	0005B9	Y
IEFAB474	AOSB3	differs	differs	LPALIB	IEFW21SD	differs	1	N	000620	000620	Y
IEFAB475	AOSB3	holes	holes	LPALIB	IEFW21SD	holes	1	N	000820	000820	Y
IEFAB476	AOSB3	identical	identical	LPALIB	IEFW21SD	identical	1	N	0002A7	0002A7	Y
IEFAB477	AOSB3	len-differs	len-differs	LPALIB	IEFW21SD	len-differs	1	N	00092C	00092C	Y
IEFAB478	AOSB3	identical	identical	LPALIB	IEFW21SD	identical	1	N	000C6E	000C6E	Y
IEFAB479	AOSB3	holes	holes	LPALIB	IEFW21SD	holes	1	N	000D42	000D42	Y
IEFAB480	AOSB3	identical	identical	LPALIB	IEFW21SD	identical	1	N	000D7A	000D7A	Y
IEFAB481	AOSB3	identical	identical	LPALIB	IEFW21SD	identical	1	N	000188	000188	Y
IEFAB485	AOSB3	len-differs	len-differs	LPALIB	IEFW21SD	len-differs	1	N	000DE8	000DE8	Y
IEFAB486	AOSB3	len-differs	len-differs	LPALIB	IEFW21SD	len-differs	1	N	00104C	00104C	Y
IEFAB487	AOSB3	len-differs	len-differs	LPALIB	IEFW21SD	len-differs	1	N	000AAC	000AAC	Y
IEFAB488	AOSB3	len-differs	len-differs	LPALIB	IEFW21SD	len-differs	1	N	000B7C	000B7C	Y
IEFAB489	AOSB3	identical	identical	LPALIB	IEFW21SD	identical	1	N	000E6E	000E6E	Y
IEFAB48A	AOSB3	len-differs	len-differs	LPALIB	IEFW21SD	len-differs	1	N	000902	000902	Y
IEFAB490	AOSB3	len-differs	len-differs	LPALIB	IEFW21SD	len-differs	1	N	001405	001405	Y
IEFAB491	AOSB3	len-differs	len-differs	LPALIB	IEFW21SD	len-differs	1	N	0009E0	0009E0	Y
IEFAB492	AOSB3	len-differs	len-differs	LPALIB	IEFW21SD	len-differs	1	N	000BE0	000BE0	Y
IEFAB493	AOSB3	identical	identical	LPALIB	IEFW21SD	identical	1	N	000388	000388	Y
IEFAB494	AOSB3	len-differs	len-differs	LPALIB	IEFW21SD	len-differs	1	N	0007D2	0007D2	Y
IEFAB495	AOSB3	identical	identical	LPALIB	IEFW21SD	identical	1	N	000A53	000A53	Y
IEFAB496	AOSB3	len-differs	len-differs	LPALIB	IEFW21SD	len-differs	1	N	0005F4	0005F4	Y
IEFAB498	AOSB3	differs	differs	LPALIB	IEFAB4E5	differs	2	N	0002CA	0002CA	Y
IEFAB499	AOSB3	identical	identical	LPALIB	IEFW21SD	identical	1	N	00085F	00085F	Y
IEFAB49A	AOSB3	len-differs	len-differs	LPALIB	IEFW21SD	len-differs	1	N	000537	000537	Y
IEFAB49B	AOSB3	len-differs	len-differs	LPALIB	IEFW21SD	len-differs	1	N	000808	000808	Y
IEFAB49C	AOSB3	identical	identical	LPALIB	IEFW21SD	identical	1	N	000152	000152	Y
IEFAB4A0	AOSB3	identical	identical	LPALIB	IEFW21SD	identical	1	N	000E1A	000E1A	Y
IEFAB4A2	AOSB3	len-differs	len-differs	LPALIB	IEFW21SD	len-differs	1	N	0015D9	0015D9	Y
IEFAB4A3	AOSB3	identical	identical	LPALIB	IEFW21SD	identical	1	N	000442	000442	Y
IEFAB4A4	AOSB3	len-differs	len-differs	LPALIB	IEFW21SD	len-differs	1	N	000D6A	000D6A	Y
IEFAB4A6	AOSB3	len-differs	len-differs	LPALIB	IEFW21SD	len-differs	1	N	000880	000880	Y
IEFAB4A8	AOSB3	len-differs	len-differs	LPALIB	IEFW21SD	len-differs	1	N	0005C4	0005C4	Y
IEFAB4B0	AOSB3	holes	holes	LPALIB	IEFW21SD	len-differs	1	N	00048E	000510	N
IEFAB4B2	AOSB3	holes	holes	LPALIB	IEFW21SD	holes	1	N	00041E	00041E	Y
IEFAB4DC	AOSB3	len-differs	len-differs	LPALIB	IEFW21SD	len-differs	1	N	000E58	000E58	Y
IEFAB4DD	AOSB3	len-differs	len-differs	LPALIB	IEFW21SD	len-differs	1	N	0003DC	0003DC	Y
IEFAB4DE	AOSB3	identical	identical	LPALIB	IEFW21SD	identical	1	N	00042C	00042C	Y
IEFAB4E0	AOSB3	len-differs	len-differs	LPALIB	IEFW21SD	len-differs	1	N	000239	000239	Y
IEFAB4E1	AOSB3	identical	identical	LPALIB	IEFW21SD	identical	2	Y	0000FC	0000FC	Y
IEFAB4E2	AOSB3	differs	differs	LPALIB	IEFW21SD	differs	1	N	00015C	00015C	Y
IEFAB4E3	AOSB3	identical	identical	LPALIB	IEFW21SD	identical	1	N	00004A	00004A	Y
IEFAB4E4	AOSB3	identical	identical	LPALIB	IEFW21SD	identical	1	N	000134	000134	Y
IEFAB4E5	AOSB3	len-differs	len-differs	LPALIB	IEFAB4E5	len-differs	1	N	000512	000512	Y
IEFAB4E6	AOSB3	identical	identical	LPALIB	IEFW21SD	identical	1	N	0000CC	0000CC	Y
IEFAB4E7	AOSB3	len-differs	len-differs	LPALIB	IEFW21SD	len-differs	1	N	0001C0	0001C0	Y
IEFAB4E8	AOSB3	len-differs	len-differs	LPALIB	IEFW21SD	len-differs	1	N	0004A0	0004A0	Y
IEFAB4E9	AOSB3	identical	identical	LPALIB	IEFW21SD	identical	1	N	0002C4	0002C4	Y
IEFAB4EA	AOSB3	differs	differs	LPALIB	IEFW21SD	differs	1	N	000240	000240	Y
IEFAB4EB	AOSB3	identical	identical	LPALIB	IEFW21SD	identical	1	N	000177	000177	Y
IEFAB4EC	AOSB3	len-differs	len-differs	LPALIB	IEFW21SD	len-differs	1	N	0008DF	0008DF	Y
IEFAB4ED	AOSB3	len-differs	len-differs	LPALIB	IEFW21SD	len-differs	1	N	00049F	00049F	Y
IEFAB4EE	AOSB3	len-differs	len-differs	LPALIB	IEFW21SD	len-differs	1	N	0004AD	0004AD	Y
IEFAB4EF	AOSB3	len-differs	len-differs	LPALIB	IEFW21SD	len-differs	1	N	00064C	00064C	Y
IEFAB4F0	AOSB3	len-differs	len-differs	LPALIB	IEFW21SD	len-differs	1	N	0002D8	0002D8	Y
IEFAB4F1	AOSB3	holes	holes	LPALIB	IEFW21SD	holes	1	N	000120	000120	Y
IEFAB4F2	AOSB3	holes	holes	LPALIB	IEFW21SD	holes	1	N	00056B	00056B	Y
IEFAB4F3	AOSB3	identical	identical	LPALIB	IEFW21SD	identical	1	N	0001E2	0001E2	Y
IEFAB4F4	AOSB3	len-differs	len-differs	LPALIB	IEFW21SD	len-differs	1	N	000706	000706	Y
IEFAB4F5	AOSB3	differs	differs	LPALIB	IEFW21SD	differs	1	N	000998	000998	Y
IEFAB4F6	AOSB3	identical	identical	LINKLIB	IEESB601	identical	4	N	000200	000200	Y
IEFAB4F7	AOSB3	identical	identical	LPALIB	IEFW21SD	identical	1	N	0003BA	0003BA	Y
IEFAB4F8	AOSB3	holes	holes	LPALIB	IEFW21SD	holes	1	N	000279	000279	Y
IEFAB4F9	AOSB3	holes	holes	LPALIB	IEFW21SD	holes	1	N	000226	000226	Y
IEFAB4FA	AOSB3	len-differs	len-differs	LPALIB	IEFAB4E5	len-differs	2	N	00113A	00113A	Y
IEFAB4FC	AOSB3	len-differs	len-differs	LINKLIB	IEESB601	len-differs	3	N	000BBC	000BBC	Y
IEFAB4FD	AOSB3	identical	identical	LPALIB	IEFW21SD	identical	1	N	0001C2	0001C2	Y
IEFAB4FE	AOSB3	identical	identical	LPALIB	IEFW21SD	identical	1	N	000506	000506	Y
IEFAB4FF	AOSB3	identical	identical	-	-	not-in-target	0	-	000252	-	-
IEFAB4M4	AOSB3	holes	holes	LPALIB	IEFW21SD	holes	1	N	000240	000240	Y
IEFAB4M5	AOSB3	len-differs	len-differs	LPALIB	IEFW21SD	len-differs	1	N	000308	000308	Y
IEFAB4M6	AOSB3	identical	identical	LPALIB	IEFW21SD	identical	1	N	000121	000121	Y
IEFAB4M7	AOSB3	identical	identical	LPALIB	IEFW21SD	identical	1	N	000105	000105	Y
IEFAB4M9	AOSB3	holes	holes	LPALIB	IEFW21SD	holes	1	N	0002DE	0002DE	Y
IEFAB4SF	AOSB3	identical	identical	LPALIB	IEFW21SD	identical	1	N	000DEC	000DEC	Y
IEFAB4UV	AOSB3	len-differs	len-differs	LPALIB	IEFW21SD	len-differs	1	N	0008FD	0008FD	Y
IEFAB820	AOSB3	differs	differs	LPALIB	IEFSD060	differs	1	N	00014A	00014A	Y
IEFACT	AOSB3	len-differs	len-differs	-	-	not-in-target	0	-	00001C	-	-
IEFACTRT	AOSB3	len-differs	len-differs	LPALIB	IEFW21SD	len-differs	1	N	000018	000E62	N
IEFAQTOP	AOSB3	identical	identical	NUCLEUS	IEANUC01	identical	1	N	000200	000200	Y
IEFATECB	AOSB3	identical	error	-	-	not-in-target	0	-	-	-	-
IEFBB401	AOSB3	identical	identical	LPALIB	IEFW21SD	identical	1	N	000CF4	000CF4	Y
IEFBB402	AOSB3	len-differs	len-differs	LPALIB	IEFW21SD	len-differs	1	N	000527	000527	Y
IEFBB404	AOSB3	identical	identical	LPALIB	IEFW21SD	identical	1	N	000669	000669	Y
IEFBB410	AOSB3	len-differs	len-differs	LPALIB	IEFW21SD	len-differs	1	N	001798	001798	Y
IEFBB412	AOSB3	identical	identical	LPALIB	IEFW21SD	identical	1	N	0001D2	0001D2	Y
IEFBB414	AOSB3	identical	identical	LPALIB	IEFW21SD	identical	1	N	0004FE	0004FE	Y
IEFBB416	AOSB3	len-differs	len-differs	LPALIB	IEFW21SD	len-differs	1	N	001377	001377	Y
IEFBB4M1	AOSB3	holes	holes	LPALIB	IEFW21SD	holes	1	N	0000CA	0000CA	Y
IEFBB4M2	AOSB3	identical	identical	LPALIB	IEFW21SD	identical	1	N	00080D	00080D	Y
IEFBB4M3	AOSB3	len-differs	len-differs	LPALIB	IEFW21SD	len-differs	1	N	00205E	00205E	Y
IEFBB4M4	AOSB3	len-differs	len-differs	LPALIB	IEFW21SD	len-differs	1	N	000340	000340	Y
IEFBB4M5	AOSB3	len-differs	len-differs	LPALIB	IEFW21SD	len-differs	1	N	000162	000162	Y
IEFBR14	AOSB3	identical	identical	NUCLEUS	IEANUC01	identical	21	N	000004	000004	Y
IEFDB400	AOSB3	len-differs	len-differs	LPALIB	IEFW21SD	len-differs	1	N	000D34	000D34	Y
IEFDB401	AOSB3	identical	identical	LPALIB	IEFW21SD	identical	1	N	000020	000020	Y
IEFDB402	AOSB3	len-differs	len-differs	LPALIB	IEFW21SD	len-differs	1	N	0001D6	0001D6	Y
IEFDB403	AOSB3	identical	identical	LPALIB	IEFW21SD	identical	1	N	0000E4	0000E4	Y
IEFDB410	AOSB3	len-differs	len-differs	LPALIB	IEFW21SD	len-differs	1	N	001406	001406	Y
IEFDB411	AOSB3	len-differs	len-differs	LPALIB	IEFW21SD	len-differs	1	N	000D98	000D98	Y
IEFDB412	AOSB3	len-differs	len-differs	LPALIB	IEFW21SD	len-differs	1	N	00177B	00177B	Y
IEFDB413	AOSB3	len-differs	len-differs	LPALIB	IEFW21SD	len-differs	1	N	001668	001668	Y
IEFDB414	AOSB3	len-differs	len-differs	LPALIB	IEFW21SD	len-differs	1	N	00161C	00161C	Y
IEFDB417	AOSB3	identical	identical	LPALIB	IEFW21SD	identical	1	N	0005FE	0005FE	Y
IEFDB418	AOSB3	len-differs	len-differs	LPALIB	IEFW21SD	len-differs	1	N	0006A7	0006A7	Y
IEFDB450	AOSB3	holes	holes	LPALIB	IEFW21SD	holes	1	N	00088B	00088B	Y
IEFDB460	AOSB3	identical	identical	LPALIB	IEFW21SD	identical	1	N	000411	000411	Y
IEFDB470	AOSB3	len-differs	len-differs	LPALIB	IEFW21SD	len-differs	1	N	00076C	00076C	Y
IEFDB480	AOSB3	holes	holes	LPALIB	IEFW21SD	holes	1	N	000474	000474	Y
IEFDB481	AOSB3	identical	identical	LPALIB	IEFW21SD	identical	1	N	0002E8	0002E8	Y
IEFDB490	AOSB3	holes	holes	LPALIB	IEFW21SD	holes	1	N	00038F	00038F	Y
IEFDB4A0	AOSB3	differs	differs	LPALIB	IEFW21SD	differs	1	N	000F2E	000F2E	Y
IEFDB4A1	AOSB3	len-differs	len-differs	LPALIB	IEFW21SD	len-differs	1	N	001208	001208	Y
IEFDB4D0	AOST4	len-differs	len-differs	LPALIB	IEFDB4D0	len-differs	1	N	0023D4	0023D4	Y
IEFDB4F8	AOSB3	len-differs	len-differs	LPALIB	IEFW21SD	len-differs	1	N	0007A6	0007A6	Y
IEFDB4F9	AOSB3	len-differs	len-differs	LPALIB	IEFW21SD	len-differs	1	N	000F3D	000F3D	Y
IEFDB4FA	AOSB3	identical	identical	LPALIB	IEFW21SD	identical	1	N	000172	000172	Y
IEFDB4FB	AOSB3	identical	identical	LPALIB	IEFW21SD	identical	1	N	0000F4	0000F4	Y
IEFDB4FC	AOSB3	identical	identical	LPALIB	IEFW21SD	identical	1	N	0000BA	0000BA	Y
IEFDB4FD	AOSB3	identical	identical	LPALIB	IEFW21SD	identical	1	N	0001CC	0001CC	Y
IEFDB4FE	AOSB3	len-differs	len-differs	LPALIB	IEFW21SD	len-differs	1	N	00023A	00023A	Y
IEFDB4FF	AOSB3	identical	identical	LPALIB	IEFW21SD	identical	1	N	0003B0	0003B0	Y
IEFDPOST	AOSB3	differs	differs	NUCLEUS	IEANUC01	differs	1	N	0000AA	0000AA	Y
IEFDSLST	AOSB3	holes	holes	LPALIB	IEFSD060	holes	1	N	00017F	00017F	Y
IEFDSTBL	AOSB3	holes	holes	LPALIB	IEFSD060	holes	1	N	000339	000339	Y
IEFEB400	AOSB3	differs	differs	LINKLIB	IEFEB400	differs	1	N	0005D4	0005D4	Y
IEFEB4M1	AOSB3	identical	identical	LINKLIB	IEFEB400	identical	1	N	0000BF	0000BF	Y
IEFI922B	AOSB3	holes	holes	LPALIB	IEFSD060	holes	1	N	00008C	00008C	Y
IEFIB600	AOSB3	len-differs	len-differs	LPALIB	IEFIB600	len-differs	1	N	0008D4	0008D4	Y
IEFIB605	AOSB3	holes	holes	LPALIB	IEFIB600	holes	1	N	0001E4	0001E4	Y
IEFIB620	AOSB3	len-differs	len-differs	LPALIB	IEFSD060	len-differs	1	N	00034F	00034F	Y
IEFIB621	AOSB3	len-differs	len-differs	LPALIB	IEFSD060	len-differs	1	N	00024A	00024A	Y
IEFIB645	AOSB3	len-differs	len-differs	LPALIB	IEFIB600	len-differs	1	N	000310	000310	Y
IEFIB650	AOSB3	differs	differs	LPALIB	IEFSD060	differs	1	N	00055E	00055E	Y
IEFIB660	AOSB3	len-differs	len-differs	LPALIB	IEFSD060	len-differs	1	N	0002AD	0002AD	Y
IEFICATL	AOSB3	holes	holes	LPALIB	IEFSD060	holes	1	N	000160	000160	Y
IEFICPUA	AOSB3	holes	holes	LPALIB	IEFSD060	holes	1	N	0000C9	0000C9	Y
IEFIIC	AOSB3	len-differs	len-differs	LPALIB	IEFSD060	len-differs	1	N	0002DC	0002DC	Y
IEFIMASK	AOSB3	identical	identical	LPALIB	IEFSD060	identical	1	N	0000F9	0000F9	Y
IEFIRECM	AOSB3	holes	holes	LPALIB	IEFIRECM	holes	1	N	000374	000374	Y
IEFISEXR	AOSB3	len-differs	len-differs	LPALIB	IEFIRECM	len-differs	2	N	00015C	00015C	Y
IEFJACTL	AOSB3	holes	holes	LPALIB	IEFJSUBI	holes	1	N	000132	000132	Y
IEFJCDLT	AOSB3	identical	identical	LPALIB	IEFJSUBI	identical	1	N	0000DA	0000DA	Y
IEFJCNTL	AOSB3	differs	differs	LPALIB	IEFJSUBI	differs	1	N	00058C	00058C	Y
IEFJDIRD	AOSB3	holes	holes	LPALIB	IEFJSUBI	holes	1	N	0000BA	0000BA	Y
IEFJDSNA	AOSB3	identical	identical	LPALIB	IEFJDSNA	identical	1	N	0000D3	0000D3	Y
IEFJDWRT	AOSB3	identical	identical	LPALIB	IEFJSUBI	identical	1	N	0000BA	0000BA	Y
IEFJESDM	AOSB3	identical	error	-	-	not-in-target	0	-	-	-	-
IEFJJCLS	AOSB3	holes	holes	LPALIB	IEFJSUBI	holes	1	N	0001C0	0001C0	Y
IEFJJOBS	AOSB3	identical	identical	LPALIB	IEFJSUBI	identical	1	N	00022C	00022C	Y
IEFJJTRM	AOSB3	identical	identical	LPALIB	IEFJJTRM	identical	1	N	0000A8	0000A8	Y
IEFJRASP	AOSB3	identical	identical	LPALIB	IEFJRASP	identical	1	N	00017C	00017C	Y
IEFJREAD	AOSB3	holes	holes	LPALIB	IEFJSUBI	holes	1	N	0000F2	0000F2	Y
IEFJRECM	AOSB3	holes	holes	LPALIB	IEFJRECM	holes	1	N	000354	000354	Y
IEFJSDTN	AOSB3	len-differs	len-differs	LPALIB	IEFJSDTN	len-differs	1	N	000180	000180	Y
IEFJSINT	AOSB3	identical	identical	LINKLIB	IEEVIPL	differs	1	N	0005C4	0005C4	Y
IEFJSREQ	AOSB3	holes	holes	LPALIB	IEFJSREQ	holes	1	N	0001FC	0001FC	Y
IEFJSSNT	AOSB3	differs	differs	LINKLIB	IEFJSSNT	differs	1	N	00024A	00024A	Y
IEFJSWT	AOSB3	len-differs	len-differs	LPALIB	IEESB605	len-differs	1	N	000420	000420	Y
IEFJWRTE	AOSB3	holes	holes	LPALIB	IEFJSUBI	holes	1	N	00014A	00014A	Y
IEFJWTOM	AOSB3	len-differs	len-differs	LPALIB	IEFJSUBI	len-differs	1	N	0001E8	0001E8	Y
IEFNB901	AOSB3	len-differs	len-differs	LPALIB	IEFNB903	len-differs	1	N	000406	000406	Y
IEFNB902	AOSB3	holes	holes	LPALIB	IEFVAMP	holes	1	N	000A31	000A31	Y
IEFNB903	AOSB3	len-differs	len-differs	LPALIB	IEFNB903	len-differs	1	N	000560	000560	Y
IEFNB9CR	AOSB3	len-differs	len-differs	LPALIB	IEFVH1	len-differs	1	N	00026C	00026C	Y
IEFNB9CT	AOSB3	identical	identical	LPALIB	IEFVH1	identical	1	N	00008B	00008B	Y
IEFNB9IR	AOSB3	len-differs	len-differs	LPALIB	IEFNB903	len-differs	1	N	00026C	00026C	Y
IEFNB9IT	AOSB3	identical	identical	LPALIB	IEFNB903	identical	1	N	0000A3	0000A3	Y
IEFQB550	AOSB3	len-differs	len-differs	LPALIB	IEFQB550	len-differs	1	N	0005BD	0005BD	Y
IEFQB555	AOSB3	len-differs	len-differs	LPALIB	IEFQB550	len-differs	1	N	0005B0	0005B0	Y
IEFQB580	AOSB3	holes	holes	LPALIB	IEFQB550	holes	1	N	0000F0	0000F0	Y
IEFQB585	AOSB3	holes	holes	LPALIB	IEFQB585	holes	2	N	0000B0	0000B0	Y
IEFRPREP	AOSB3	len-differs	len-differs	LPALIB	IEFW21SD	len-differs	1	N	000468	000468	Y
IEFRSTRT	AOSB3	identical	identical	LPALIB	IEFRSTRT	identical	1	N	000004	000004	Y
IEFSCAN	AOSB3	len-differs	len-differs	-	-	not-in-target	0	-	0000FC	-	-
IEFSD087	AOSB0	len-differs	identical	LPALIB	IEFSD087	identical	1	N	000558	000558	Y
IEFSD088	AOSB0	len-differs	len-differs	LPALIB	IEFSD087	len-differs	2	N	0000C2	0000C2	Y
IEFSD089	AOSB0	len-differs	len-differs	LPALIB	IEFSD087	len-differs	2	N	00060A	00060A	Y
IEFSD094	AOSB0	len-differs	len-differs	LPALIB	IEFSD094	len-differs	1	N	00047D	00047D	Y
IEFSD095	AOSB0	len-differs	len-differs	LPALIB	IEFSD094	len-differs	1	N	00047F	00047F	Y
IEFSD101	AOSB3	len-differs	len-differs	LPALIB	IEFSD060	len-differs	1	N	000398	000398	Y
IEFSD102	AOSB3	differs	differs	LPALIB	IEFSD060	differs	1	N	000306	000306	Y
IEFSD103	AOSB3	len-differs	len-differs	LPALIB	IEFSD060	len-differs	1	N	000182	000182	Y
IEFSD160	AOSB3	len-differs	error	-	-	not-in-target	0	-	-	-	-
IEFSD161	AOSB3	len-differs	error	-	-	not-in-target	0	-	-	-	-
IEFSD162	AOSB3	differs	error	-	-	not-in-target	0	-	-	-	-
IEFSD164	AOSB3	len-differs	error	-	-	not-in-target	0	-	-	-	-
IEFSD166	AOSB3	len-differs	error	-	-	not-in-target	0	-	-	-	-
IEFSD263	AOSB3	len-differs	len-differs	LPALIB	IEFSD060	len-differs	1	N	0009C4	0009C4	Y
IEFSDTTE	AOSB0	len-differs	len-differs	LPALIB	IEFSDTTE	len-differs	1	N	0008A3	0008A3	Y
IEFSDXXX	AOSB0	holes	holes	LPALIB	IEFSDXXX	holes	1	N	00045A	00045A	Y
IEFSMFIE	AOSB3	len-differs	len-differs	LPALIB	IEFSD060	len-differs	1	N	0003A2	0003A2	Y
IEFTB720	AOSB3	len-differs	len-differs	LPALIB	IEFW21SD	len-differs	1	N	000144	000144	Y
IEFTB721	AOSB3	len-differs	len-differs	LPALIB	IEFW21SD	len-differs	1	N	0007F6	0007F6	Y
IEFTB722	AOSB3	len-differs	len-differs	LPALIB	IEFW21SD	len-differs	1	N	000C8A	000C8A	Y
IEFTB723	AOSB3	len-differs	len-differs	LPALIB	IEFW21SD	len-differs	1	N	00010A	00010A	Y
IEFU29	AOS00	differs	differs	LPALIB	IEEMB829	differs	1	N	00001E	00001E	Y
IEFU83	AOS00	identical	identical	LPALIB	IEFU83	identical	1	N	000004	000004	Y
IEFUJI	AOSB3	len-differs	len-differs	LPALIB	IEFSD060	len-differs	1	N	00001E	00001E	Y
IEFUJP	ALPALIB	identical	identical	LPALIB	IEFUJP	identical	1	N	-	000004	?
IEFUJV	AOSB3	len-differs	len-differs	LPALIB	IEFUJV	len-differs	1	N	00001A	00001A	Y
IEFUSI	AOSB3	len-differs	len-differs	LPALIB	IEFSD060	len-differs	1	N	00001E	00001E	Y
IEFUSO	ALPALIB	identical	identical	LPALIB	IEFUSO	identical	1	N	-	000004	?
IEFUTL	AOSB3	len-differs	len-differs	LPALIB	IEFSD060	len-differs	1	N	00001E	00001E	Y
IEFVDA	AOSB3	len-differs	len-differs	LPALIB	IEFNB903	len-differs	1	N	00263E	00263E	Y
IEFVDBSD	AOSB3	len-differs	len-differs	LPALIB	IEFNB903	len-differs	1	N	00025A	00025A	Y
IEFVEA	AOSB3	len-differs	len-differs	LPALIB	IEFNB903	len-differs	1	N	00152C	00152C	Y
IEFVFA	AOSB3	len-differs	len-differs	LPALIB	IEFVH1	len-differs	1	N	00269C	00269C	Y
IEFVFB	AOSB3	len-differs	len-differs	LPALIB	IEFVH1	len-differs	1	N	0007E4	0007E4	Y
IEFVGI	AOSB3	differs	differs	LPALIB	IEFNB903	differs	1	N	0001F4	0001F4	Y
IEFVGK	AOSB3	differs	differs	LPALIB	IEFNB903	differs	1	N	000248	000248	Y
IEFVGM	AOSB3	len-differs	len-differs	LPALIB	IEFNB903	len-differs	2	N	000550	000550	Y
IEFVGM1	AOSB3	len-differs	len-differs	LPALIB	IEFVGM1	len-differs	1	N	00014D	00014D	Y
IEFVGM10	AOSB3	len-differs	len-differs	LPALIB	IEFVGM10	len-differs	1	N	000186	000186	Y
IEFVGM11	AOSB3	len-differs	len-differs	LPALIB	IEFVGM11	len-differs	1	N	00017F	00017F	Y
IEFVGM12	AOSB3	len-differs	len-differs	LPALIB	IEFVGM12	len-differs	1	N	00017B	00017B	Y
IEFVGM13	AOSB3	len-differs	len-differs	LPALIB	IEFVGM13	len-differs	1	N	000164	000164	Y
IEFVGM14	AOSB3	len-differs	len-differs	LPALIB	IEFVGM14	len-differs	1	N	0000DC	0000DC	Y
IEFVGM15	AOSB3	len-differs	len-differs	LPALIB	IEFVGM15	len-differs	1	N	0000B8	0000B8	Y
IEFVGM16	AOSB3	len-differs	len-differs	LPALIB	IEFVGM16	len-differs	1	N	0000C5	0000C5	Y
IEFVGM17	AOSB3	differs	differs	LPALIB	IEFVGM17	differs	1	N	0000EE	0000EE	Y
IEFVGM18	AOSB3	len-differs	len-differs	LPALIB	IEFVGM18	len-differs	1	N	0000B2	0000B2	Y
IEFVGM19	AOSB3	len-differs	len-differs	LPALIB	IEFVGM19	len-differs	1	N	000122	000122	Y
IEFVGM2	AOSB3	len-differs	len-differs	LPALIB	IEFVGM2	len-differs	1	N	000157	000157	Y
IEFVGM3	AOSB3	len-differs	len-differs	LPALIB	IEFVGM3	len-differs	1	N	0001BD	0001BD	Y
IEFVGM4	AOSB3	len-differs	len-differs	LPALIB	IEFVGM4	len-differs	1	N	000137	000137	Y
IEFVGM5	AOSB3	len-differs	len-differs	LPALIB	IEFVGM5	len-differs	1	N	000129	000129	Y
IEFVGM6	AOSB3	len-differs	len-differs	LPALIB	IEFVGM6	len-differs	1	N	000150	000150	Y
IEFVGM67	AOSB3	len-differs	len-differs	LPALIB	IEFVGM67	len-differs	1	N	00014E	00014E	Y
IEFVGM7	AOSB3	len-differs	len-differs	LPALIB	IEFVGM7	len-differs	1	N	00015C	00015C	Y
IEFVGM70	AOSB3	len-differs	len-differs	LPALIB	IEFVGM70	len-differs	1	N	000143	000143	Y
IEFVGM71	AOSB3	len-differs	len-differs	LPALIB	IEFVGM71	len-differs	1	N	0003E6	0003E6	Y
IEFVGM76	AOSB3	differs	differs	LPALIB	IEFVGM76	differs	1	N	0001C2	0001C2	Y
IEFVGM78	AOSB3	len-differs	len-differs	LPALIB	IEFVGM78	len-differs	1	N	000126	000126	Y
IEFVGM8	AOSB3	len-differs	len-differs	LPALIB	IEFVGM8	len-differs	1	N	0000BA	0000BA	Y
IEFVGM9	AOSB3	len-differs	len-differs	LPALIB	IEFVGM9	len-differs	1	N	0000F3	0000F3	Y
IEFVGM90	AOSB3	identical	identical	LPALIB	IEFVH1	identical	1	N	000094	000094	Y
IEFVGS	AOSB3	len-differs	len-differs	LPALIB	IEFNB903	len-differs	1	N	0003F0	0003F0	Y
IEFVGT	AOSB3	len-differs	len-differs	LPALIB	IEFNB903	len-differs	1	N	0003C8	0003C8	Y
IEFVH1	AOSB3	len-differs	len-differs	LPALIB	IEFVH1	len-differs	1	N	0003C8	0003C8	Y
IEFVHA	AOSB3	len-differs	len-differs	LPALIB	IEFVH1	len-differs	1	N	000434	000434	Y
IEFVHC	AOSB3	len-differs	len-differs	LPALIB	IEFVH1	len-differs	1	N	000228	000228	Y
IEFVHCB	AOSB3	len-differs	len-differs	LPALIB	IEFVH1	len-differs	1	N	00083C	00083C	Y
IEFVHE	AOSB3	len-differs	len-differs	LPALIB	IEFNB903	len-differs	1	N	0002E8	0002E8	Y
IEFVHEB	AOSB3	len-differs	len-differs	LPALIB	IEFVH1	len-differs	1	N	000390	000390	Y
IEFVHF	AOSB3	len-differs	len-differs	LPALIB	IEFVH1	len-differs	1	N	0002B4	0002B4	Y
IEFVHH	AOSB3	len-differs	len-differs	LPALIB	IEFNB903	len-differs	1	N	0003BC	0003BC	Y
IEFVHL	AOSB3	len-differs	len-differs	LPALIB	IEFVH1	len-differs	1	N	000168	000168	Y
IEFVHM	AOSB3	len-differs	len-differs	LPALIB	IEFVH1	len-differs	1	N	0004B8	0004B8	Y
IEFVHN	AOSB3	differs	differs	LPALIB	IEFNB903	differs	1	N	00026C	00026C	Y
IEFVHQ	AOSB3	len-differs	len-differs	LPALIB	IEFNB903	len-differs	2	N	000198	000198	Y
IEFVHR	AOSB3	len-differs	len-differs	LPALIB	IEFNB903	len-differs	2	N	000300	000300	Y
IEFVINA	AOSB3	len-differs	len-differs	LPALIB	IEFVH1	len-differs	1	N	0005EC	0005EC	Y
IEFVINB	AOSB3	len-differs	len-differs	LPALIB	IEFVH1	len-differs	1	N	00006C	00006C	Y
IEFVINC	AOSB3	len-differs	len-differs	LPALIB	IEFVH1	len-differs	1	N	000174	000174	Y
IEFVIND	AOSB3	len-differs	len-differs	LPALIB	IEFVH1	len-differs	1	N	0001C4	0001C4	Y
IEFVINE	AOSB3	identical	identical	LPALIB	IEFVH1	identical	1	N	000256	000256	Y
IEFVJA	AOSB3	len-differs	len-differs	LPALIB	IEFNB903	len-differs	1	N	0006F8	0006F8	Y
IEFVPP	AOSB3	no-deck	no-deck	LPALIB	IEFVH1	no-deck	1	N	001721	001721	Y
IEFVSCAN	AOST4	differs	differs	-	-	not-in-target	0	-	0007C0	-	-
IEFXB500	AOSB3	len-differs	len-differs	LPALIB	IEFQB550	len-differs	2	N	000B34	000B34	Y
IEFXB601	AOSB3	len-differs	len-differs	LPALIB	IEFIB600	len-differs	1	N	001AD0	001AD0	Y
IEFXB602	AOSB3	holes	holes	LPALIB	IEFXB602	holes	1	N	000460	000460	Y
IEFXB603	AOSB3	holes	holes	LPALIB	IEFIB600	holes	1	N	0002CA	0002CA	Y
IEFXB604	AOSB3	holes	holes	LPALIB	IEFSD060	holes	1	N	000362	000362	Y
IEFXB609	AOSB3	len-differs	len-differs	LPALIB	IEFIB600	len-differs	1	N	003EB7	003EB7	Y
IEFXB610	AOSB3	identical	identical	LPALIB	IEFXB610	identical	1	N	0000B4	0000B4	Y
IEFXVNSL	AOSB3	identical	identical	LPALIB	IEFW21SD	identical	1	N	000006	000006	Y
IEHATLAS	AOSU0	len-differs	len-differs	LINKLIB	IEHATLAS	len-differs	1	N	00107C	00107C	Y
IEHDANAL	AOSU0	len-differs	len-differs	LINKLIB	IEHDANAL	len-differs	1	N	001344	001344	Y
IEHDAOUT	AOSU0	identical	identical	LINKLIB	IEHDAOUT	identical	1	N	000476	000476	Y
IEHDASDR	AOSU0	identical	identical	LINKLIB	IEHDASDR	identical	1	N	000464	000464	Y
IEHDASDS	AOSU0	differs	differs	LINKLIB	IEHDASDS	differs	1	N	001184	001184	Y
IEHDCONS	AOSU0	len-differs	len-differs	LINKLIB	IEHDASDS	len-differs	1	N	0005E2	0005E2	Y
IEHDDATE	AOSU0	identical	identical	LINKLIB	IEHDPRNT	identical	1	N	000100	000100	Y
IEHDDOIO	AOSU0	len-differs	len-differs	LINKLIB	IEHDDUMP	len-differs	1	N	000F14	000F14	Y
IEHDDUMP	AOSU0	len-differs	len-differs	LINKLIB	IEHDDUMP	len-differs	1	N	000D68	000D68	Y
IEHDEXCP	AOSU0	differs	differs	LINKLIB	IEHDDUMP	differs	1	N	000AA6	000AA6	Y
IEHDGETA	AOSU0	len-differs	len-differs	LINKLIB	IEHDGETA	len-differs	1	N	0006A7	0006A7	Y
IEHDINIT	AOSU0	len-differs	len-differs	LINKLIB	IEHDREST	len-differs	1	N	000764	000764	Y
IEHDIPLI	AOSU0	len-differs	len-differs	LINKLIB	IEHDIPLI	len-differs	1	N	0009A0	0009A0	Y
IEHDLABL	AOSU0	len-differs	len-differs	LINKLIB	IEHDLABL	len-differs	1	N	000675	000675	Y
IEHDMSGB	AOSU0	identical	identical	LINKLIB	IEHDMSGB	identical	1	N	000068	000068	Y
IEHDMSGS	AOSU0	identical	identical	LINKLIB	IEHDMSGB	identical	1	N	000F51	000F51	Y
IEHDPASS	AOSU0	len-differs	len-differs	LINKLIB	IEHDPASS	len-differs	1	N	00165C	00165C	Y
IEHDPRNT	AOSU0	differs	differs	LINKLIB	IEHDPRNT	differs	1	N	0001AA	0001AA	Y
IEHDRCVR	AOSU0	len-differs	len-differs	LINKLIB	IEHDRCVR	len-differs	1	N	0009B2	0009B2	Y
IEHDREST	AOSU0	len-differs	len-differs	LINKLIB	IEHDREST	len-differs	1	N	000B0E	000B0E	Y
IEHDRVID	AOSU0	differs	differs	LINKLIB	IEHDREST	differs	1	N	000332	000332	Y
IEHDSCAN	AOSU0	identical	identical	LINKLIB	IEHDSCAN	identical	1	N	000B4B	000B4B	Y
IEHDVTOC	AOSU0	len-differs	len-differs	LINKLIB	IEHDVTOC	len-differs	1	N	000BB6	000BB6	Y
IEHINITT	AOSU0	identical	identical	LINKLIB	IEHINITT	identical	1	N	000D0B	000D0B	Y
IEHLIST1	AOSU0	len-differs	error	-	-	not-in-target	0	-	-	-	-
IEHLIST2	AOSU0	identical	error	-	-	not-in-target	0	-	-	-	-
IEHLIST3	AOSU0	len-differs	error	-	-	not-in-target	0	-	-	-	-
IEHMESS	AOSU0	identical	identical	LINKLIB	IEHATLAS	identical	1	N	0006B8	0006B8	Y
IEHMOVE	AOSU0	len-differs	error	-	-	not-in-target	0	-	-	-	-
IEHMVESA	AOSU0	identical	error	-	-	not-in-target	0	-	-	-	-
IEHMVESC	AOSU0	len-differs	len-differs	LINKLIB	IEHMVESC	len-differs	1	N	000EFA	000EFA	Y
IEHMVESE	AOSU0	no-deck	no-deck	-	-	not-in-target	0	-	-	-	-
IEHMVESH	AOSU0	len-differs	len-differs	LINKLIB	IEHMVESH	len-differs	1	N	000810	000810	Y
IEHMVESI	AOSU0	holes	error	-	-	not-in-target	0	-	-	-	-
IEHMVESJ	AOSU0	len-differs	error	-	-	not-in-target	0	-	-	-	-
IEHMVESK	AOSU0	len-differs	error	-	-	not-in-target	0	-	-	-	-
IEHMVESL	AOSU0	len-differs	error	-	-	not-in-target	0	-	-	-	-
IEHMVESM	AOSU0	len-differs	error	-	-	not-in-target	0	-	-	-	-
IEHMVESN	AOSU0	len-differs	error	-	-	not-in-target	0	-	-	-	-
IEHMVESO	AOSU0	holes	error	-	-	not-in-target	0	-	-	-	-
IEHMVESP	AOSU0	holes	error	-	-	not-in-target	0	-	-	-	-
IEHMVESQ	AOSU0	differs	error	-	-	not-in-target	0	-	-	-	-
IEHMVESR	AOSU0	len-differs	error	-	-	not-in-target	0	-	-	-	-
IEHMVEST	AOSU0	len-differs	error	-	-	not-in-target	0	-	-	-	-
IEHMVESU	AOSU0	len-differs	error	-	-	not-in-target	0	-	-	-	-
IEHMVETG	AOSU0	len-differs	error	-	-	not-in-target	0	-	-	-	-
IEHMVETJ	AOSU0	len-differs	error	-	-	not-in-target	0	-	-	-	-
IEHMVMRY	AOSU0	identical	identical	LINKLIB	IEHMVESV	identical	1	N	000589	000589	Y
IEHMVMRZ	AOSU0	len-differs	len-differs	LINKLIB	IEHMVESX	len-differs	2	N	0007ED	0007ED	Y
IEHMVMSN	AOSU0	identical	identical	LINKLIB	IEHMVESN	identical	1	N	000146	000146	Y
IEHMVMSQ	AOSU0	identical	identical	LINKLIB	IEHMVESQ	identical	1	N	000225	000225	Y
IEHMVMSY	AOSU0	len-differs	len-differs	LINKLIB	IEHMVESY	len-differs	1	N	00068C	00068C	Y
IEHMVMTA	AOSU0	identical	identical	LINKLIB	IEHMVETA	identical	1	N	0003D6	0003D6	Y
IEHMVMTL	AOSU0	identical	identical	LINKLIB	IEHMVETL	identical	1	N	00024F	00024F	Y
IEHMVSRA	AOSU0	differs	identical	LINKLIB	IEHMVERA	identical	1	N	000674	000674	Y
IEHMVSRD	AOSU0	len-differs	len-differs	LINKLIB	IEHMVERD	len-differs	1	N	000704	000704	Y
IEHMVSRK	AOSU0	len-differs	len-differs	LINKLIB	IEHMVERA	len-differs	4	N	0002B4	0002B4	Y
IEHMVSRM	AOSU0	holes	holes	LINKLIB	IEHMVERD	holes	4	N	0001C6	0001C6	Y
IEHMVSRV	AOSU0	len-differs	len-differs	LINKLIB	IEHMVESX	len-differs	1	N	000E8A	000E8A	Y
IEHMVSRX	AOSU0	len-differs	error	-	-	not-in-target	0	-	-	-	-
IEHMVSRY	AOSU0	len-differs	error	-	-	not-in-target	0	-	-	-	-
IEHMVSRZ	AOSU0	len-differs	len-differs	LINKLIB	IEHMVESX	len-differs	1	N	0003CF	0003CF	Y
IEHMVSSF	AOSU0	len-differs	error	-	-	not-in-target	0	-	-	-	-
IEHMVSSS	AOSU0	identical	identical	LINKLIB	IEHMVESS	identical	1	N	000F70	000F70	Y
IEHMVSSV	AOSU0	len-differs	error	-	-	not-in-target	0	-	-	-	-
IEHMVSSX	AOSU0	len-differs	len-differs	LINKLIB	IEHMVESV	len-differs	1	N	000DC4	000DC4	Y
IEHMVSSY	AOSU0	len-differs	len-differs	LINKLIB	IEHMVESV	len-differs	2	N	00039D	00039D	Y
IEHMVSSZ	AOSU0	len-differs	len-differs	LINKLIB	IEHMVESZ	len-differs	1	N	0007E4	0007E4	Y
IEHMVSTA	AOSU0	len-differs	len-differs	LINKLIB	IEHMVETA	len-differs	1	N	000848	000848	Y
IEHMVSTC	AOSU0	len-differs	len-differs	LINKLIB	IEHMVESV	len-differs	1	N	0006F4	0006F4	Y
IEHMVSTL	AOSU0	len-differs	len-differs	LINKLIB	IEHMVETL	len-differs	1	N	000AEC	000AEC	Y
IEHMVXSE	AOSU0	len-differs	error	-	-	not-in-target	0	-	-	-	-
IEHMVXSF	AOSU0	identical	identical	LINKLIB	IEHMVXSF	identical	1	N	000048	000048	Y
IEHPRNT	AOSU0	holes	holes	LINKLIB	IEHPRNT	holes	1	N	00012F	00012F	Y
IEHPROG1	AOSU0	len-differs	identical	LINKLIB	IEHPROGM	identical	1	N	000054	000054	Y
IEHPROG2	AOSU0	len-differs	len-differs	LINKLIB	IEHPROGM	len-differs	1	N	0012B3	0012B3	Y
IEHPROG3	AOSU0	len-differs	len-differs	LINKLIB	IEHPROGM	len-differs	1	N	000E6D	000E6D	Y
IEHPROG4	AOSU0	len-differs	len-differs	LINKLIB	IEHPROGM	len-differs	1	N	0003CC	0003CC	Y
IEHPROG5	AOSU0	len-differs	len-differs	LINKLIB	IEHPROGM	len-differs	1	N	000210	000210	Y
IEHSCAN	AOSU0	identical	identical	LINKLIB	IEHSCAN	identical	1	N	000513	000513	Y
IEWFTMIN	AOSC2	differs	differs	-	-	not-in-target	0	-	000414	-	-
IEWLDRGO	AOS05	no-deck	no-deck	-	-	not-in-target	0	-	-	-	-
IEWSUOVR	AOSC2	identical	error	-	-	not-in-target	0	-	-	-	-
IEWSWOVR	ALPALIB	len-differs	len-differs	LPALIB	IEWSWOVR	len-differs	1	N	-	000530	?
IEZDCODE	AOSB3	len-differs	len-differs	LPALIB	IEFVH1	len-differs	1	N	000168	000168	Y
IEZNCODE	AOSB3	len-differs	len-differs	LPALIB	IEFVH1	len-differs	1	N	000188	000188	Y
IFASMFDP	AOS00	len-differs	len-differs	LINKLIB	IFASMFDP	len-differs	1	N	000A58	000A58	Y
IFBDCB01	AOSCD	identical	error	-	-	not-in-target	0	-	-	-	-
IFBDCB02	AOSCD	identical	error	-	-	not-in-target	0	-	-	-	-
IFCCRNDR	AOSCD	identical	identical	LINKLIB	IFCCRNDR	identical	1	N	002CEC	002CEC	Y
IFCDEVIC	AOSCD	len-differs	len-differs	LINKLIB	IFCEPARM	len-differs	5	N	001180	001180	Y
IFCDIP00	AOSCD	len-differs	len-differs	LINKLIB	IFCDIP00	differs	1	N	002752	00280A	N
IFCE0115	AOSCD	differs	error	LINKLIB	IFCE0115	error	1	N	000985	000985	Y
IFCE0125	AOSCD	differs	error	LINKLIB	IFCE0125	error	1	N	00181C	00181C	Y
IFCE0135	AOSCD	len-differs	len-differs	LINKLIB	IFCE0135	len-differs	1	N	001F2C	001F2C	Y
IFCE0145	AOSCD	len-differs	len-differs	LINKLIB	IFCE0145	len-differs	1	N	002CEF	002CEF	Y
IFCE0155	AOSCD	len-differs	len-differs	LINKLIB	IFCE0155	len-differs	1	N	000A9F	000A9F	Y
IFCE0165	AOSCD	len-differs	len-differs	LINKLIB	IFCE0165	len-differs	1	N	001224	001224	Y
IFCE1017	AOSCD	differs	error	LINKLIB	IFCE0831	error	1	N	0006D7	0006D7	Y
IFCE1018	AOSCD	differs	error	LINKLIB	IFCE0832	error	1	N	0006B9	0006B9	Y
IFCE2860	AOSCD	len-differs	len-differs	LINKLIB	IFCE2860	len-differs	1	N	001A30	001A30	Y
IFCE2870	AOSCD	len-differs	len-differs	LINKLIB	IFCE2870	len-differs	1	N	001A5E	001A5E	Y
IFCE2880	AOSCD	len-differs	len-differs	LINKLIB	IFCE2880	len-differs	1	N	0037E5	0037E5	Y
IFCE33XX	AOSCD	len-differs	len-differs	LINKLIB	IFCE33XX	len-differs	1	N	001DF8	001DF8	Y
IFCE3401	AOSCD	differs	error	LINKLIB	IFCE8006	error	1	N	00057B	00057B	Y
IFCE5424	AOSCD	differs	error	LINKLIB	IFCE0880	error	1	N	000713	000713	Y
IFCEA155	AOSCD	identical	identical	LINKLIB	IFCEA155	identical	1	N	001625	001625	Y
IFCEA165	AOSCD	identical	identical	LINKLIB	IFCEA165	identical	1	N	001EA9	001EA9	Y
IFCEAEXX	AOSCD	identical	identical	LINKLIB	IFCEAEXX	identical	1	N	0017B2	0017B2	Y
IFCEARG1	AOSCD	len-differs	len-differs	LINKLIB	IFCEARG1	len-differs	1	N	00058C	00058C	Y
IFCEARG2	AOSCD	len-differs	len-differs	LINKLIB	IFCEARG2	len-differs	1	N	000586	000586	Y
IFCEARG3	AOSCD	len-differs	len-differs	LINKLIB	IFCEARG3	len-differs	1	N	000586	000586	Y
IFCEARG4	AOSCD	len-differs	len-differs	LINKLIB	IFCEARG4	len-differs	1	N	0004BF	0004BF	Y
IFCEARG5	AOSCD	len-differs	len-differs	LINKLIB	IFCEARG5	len-differs	1	N	0003D8	0003D8	Y
IFCEARG6	AOSCD	len-differs	len-differs	LINKLIB	IFCEARG6	len-differs	1	N	0002E5	0002E5	Y
IFCEARG7	AOSCD	len-differs	len-differs	LINKLIB	IFCEARG7	len-differs	1	N	00025D	00025D	Y
IFCEAXXX	AOSCD	len-differs	len-differs	LINKLIB	IFCEAXXX	len-differs	1	N	00162C	00162C	Y
IFCEB155	AOSCD	identical	identical	LINKLIB	IFCEB155	identical	1	N	00051B	00051B	Y
IFCEB165	AOSCD	identical	identical	LINKLIB	IFCEB165	identical	1	N	00207C	00207C	Y
IFCEC155	AOSCD	identical	identical	LINKLIB	IFCEC155	identical	1	N	00052A	00052A	Y
IFCEC165	AOSCD	identical	identical	LINKLIB	IFCEC165	identical	1	N	0011E0	0011E0	Y
IFCECHAR	AOSCD	identical	identical	LINKLIB	IFCECHAR	identical	1	N	0009BA	0009BA	Y
IFCECUT0	AOSCD	len-differs	len-differs	LINKLIB	IFCECUT0	len-differs	1	N	00036D	00036D	Y
IFCED155	AOSCD	identical	identical	LINKLIB	IFCED155	identical	1	N	001E6F	001E6F	Y
IFCED165	AOSCD	identical	identical	LINKLIB	IFCED165	identical	1	N	002174	002174	Y
IFCEDDR0	AOSCD	len-differs	len-differs	LINKLIB	IFCEDDR0	len-differs	1	N	000493	000493	Y
IFCEDPA	AOSCD	identical	identical	LINKLIB	IFCEDPA	identical	1	N	0009CA	0009CA	Y
IFCEDSUM	AOSCD	len-differs	len-differs	LINKLIB	IFCEDSUM	len-differs	1	N	0028D8	0028D8	Y
IFCEE155	AOSCD	len-differs	len-differs	LINKLIB	IFCEE155	len-differs	1	N	000C33	000C33	Y
IFCEE165	AOSCD	identical	identical	LINKLIB	IFCEE165	identical	1	N	001C27	001C27	Y
IFCEEDIT	AOSCD	len-differs	len-differs	LINKLIB	IFCEDSUM	len-differs	1	N	000A00	000A00	Y
IFCEF155	AOSCD	len-differs	len-differs	LINKLIB	IFCEF155	len-differs	1	N	000C3C	000C3C	Y
IFCEF165	AOSCD	identical	identical	LINKLIB	IFCEF165	identical	1	N	0023B1	0023B1	Y
IFCEFBA4	AOSCD	len-differs	len-differs	LINKLIB	IFCEFBA4	len-differs	1	N	000377	000377	Y
IFCEFBA5	AOSCD	len-differs	len-differs	LINKLIB	IFCEFBA5	len-differs	1	N	000377	000377	Y
IFCEG155	AOSCD	identical	identical	LINKLIB	IFCEG155	identical	1	N	001B82	001B82	Y
IFCEGUS1	AOSCD	len-differs	len-differs	LINKLIB	IFCEGUS1	len-differs	1	N	001B8E	001B8E	Y
IFCEI135	AOSCD	len-differs	len-differs	LINKLIB	IFCEI135	len-differs	1	N	001BA6	001BA6	Y
IFCEI145	AOSCD	len-differs	len-differs	LINKLIB	IFCEI145	len-differs	1	N	002B62	002B62	Y
IFCEI155	AOSCD	len-differs	len-differs	LINKLIB	IFCEI155	len-differs	1	N	0019FD	0019FD	Y
IFCEIPL0	AOSCD	len-differs	error	-	-	not-in-target	0	-	-	-	-
IFCEJ145	AOSCD	len-differs	len-differs	LINKLIB	IFCEJ145	len-differs	1	N	000BDC	000BDC	Y
IFCEL155	AOSCD	identical	identical	LINKLIB	IFCEL155	identical	1	N	001FAE	001FAE	Y
IFCELEX1	AOSCD	identical	identical	LINKLIB	IFCELEX1	identical	1	N	001F7B	001F7B	Y
IFCEM155	AOSCD	identical	identical	LINKLIB	IFCEM155	identical	1	N	002BF7	002BF7	Y
IFCEMAD1	AOSCD	len-differs	len-differs	LINKLIB	IFCEMAD1	len-differs	1	N	000D6A	000D6A	Y
IFCEMER0	AOSCD	identical	identical	LINKLIB	IFCEMER0	identical	1	N	0003C2	0003C2	Y
IFCEMER1	AOSCD	identical	identical	LINKLIB	IFCEMER1	identical	1	N	00089E	00089E	Y
IFCEMER2	AOSCD	identical	identical	LINKLIB	IFCEMER2	identical	1	N	0008E6	0008E6	Y
IFCEMER3	AOSCD	identical	identical	LINKLIB	IFCEMER3	identical	1	N	0005A5	0005A5	Y
IFCEMER4	AOSCD	identical	identical	LINKLIB	IFCEMER4	identical	1	N	000A97	000A97	Y
IFCEMER5	AOSCD	identical	identical	LINKLIB	IFCEMER5	identical	1	N	000AA3	000AA3	Y
IFCENAGO	AOSCD	identical	identical	LINKLIB	IFCE080D	identical	1	N	00145B	00145B	Y
IFCENF11	AOSCD	len-differs	len-differs	LINKLIB	IFCENF11	len-differs	1	N	000891	000891	Y
IFCENFH3	AOSCD	len-differs	len-differs	LINKLIB	IFCENFH3	len-differs	1	N	00071E	00071E	Y
IFCENFM3	AOSCD	len-differs	len-differs	LINKLIB	IFCENFM3	len-differs	1	N	0008A5	0008A5	Y
IFCENFP1	AOSCD	len-differs	len-differs	LINKLIB	IFCENFP1	len-differs	1	N	00098A	00098A	Y
IFCENFP2	AOSCD	len-differs	len-differs	LINKLIB	IFCENFP2	len-differs	1	N	00077E	00077E	Y
IFCEOAK1	AOSCD	identical	identical	LINKLIB	IFCEOAK1	identical	1	N	000C6C	000C6C	Y
IFCEOAK2	AOSCD	identical	identical	LINKLIB	IFCEOAK2	identical	1	N	000EC1	000EC1	Y
IFCEOAK3	AOSCD	identical	identical	LINKLIB	IFCEOAK3	identical	1	N	001A52	001A52	Y
IFCEOAK4	AOSCD	identical	identical	LINKLIB	IFCEOAK4	identical	1	N	005A5B	005A5B	Y
IFCEOAK5	AOSCD	identical	identical	LINKLIB	IFCEOAK5	identical	1	N	0057C4	0057C4	Y
IFCEREP1	AOSCD	len-differs	len-differs	LINKLIB	IFCEREP1	len-differs	1	N	000D68	000D68	Y
IFCERFMT	AOSC5	len-differs	len-differs	LINKLIB	IFCERFMT	len-differs	1	N	000D80	000D80	Y
IFCESOFT	AOSCD	len-differs	len-differs	LINKLIB	IFCESOFT	len-differs	1	N	001310	001310	Y
IFCESUMS	AOSCD	len-differs	len-differs	LINKLIB	IFCEDSUM	len-differs	1	N	000760	000760	Y
IFCET002	AOSCD	len-differs	len-differs	LINKLIB	IFCET002	len-differs	1	N	000A9B	000A9B	Y
IFCET003	AOSCD	len-differs	len-differs	LINKLIB	IFCET003	len-differs	1	N	00036A	00036A	Y
IFCET004	AOSCD	len-differs	len-differs	LINKLIB	IFCET004	len-differs	1	N	0005DE	0005DE	Y
IFCET005	AOSCD	len-differs	len-differs	LINKLIB	IFCET005	len-differs	1	N	0002D3	0002D3	Y
IFCET006	AOSCD	len-differs	len-differs	LINKLIB	IFCET006	len-differs	1	N	0003CC	0003CC	Y
IFCET008	AOSCD	len-differs	len-differs	LINKLIB	IFCET008	len-differs	1	N	00172B	00172B	Y
IFCET00B	AOSCD	len-differs	len-differs	LINKLIB	IFCET00B	len-differs	1	N	00029F	00029F	Y
IFCET00C	AOSCD	len-differs	len-differs	LINKLIB	IFCET00C	len-differs	1	N	000D17	000D17	Y
IFCET00D	AOSCD	len-differs	len-differs	LINKLIB	IFCET00D	len-differs	1	N	001031	001031	Y
IFCET040	AOSCD	differs	error	LINKLIB	IFCET040	error	1	N	000407	000407	Y
IFCETRN0	AOSCD	identical	identical	LINKLIB	IFCETRN0	identical	1	N	0008F1	0008F1	Y
IFCETRN1	AOSCD	identical	identical	LINKLIB	IFCETRN1	identical	1	N	000924	000924	Y
IFCETRN2	AOSCD	identical	identical	LINKLIB	IFCETRN2	identical	1	N	0002D9	0002D9	Y
IFCETRN3	AOSCD	identical	identical	LINKLIB	IFCETRN3	identical	1	N	000629	000629	Y
IFCETRN4	AOSCD	len-differs	len-differs	LINKLIB	IFCETRN4	len-differs	1	N	000585	000585	Y
IFCETRN5	AOSCD	identical	identical	LINKLIB	IFCETRN5	identical	1	N	00087F	00087F	Y
IFCETRN6	AOSCD	differs	error	LINKLIB	IFCETRN6	error	1	N	000822	000822	Y
IFCETRN7	AOSCD	differs	error	LINKLIB	IFCETRN7	error	1	N	0002EE	0002EE	Y
IFCETRN8	AOSCD	identical	identical	LINKLIB	IFCETRN8	identical	1	N	0004CA	0004CA	Y
IFCETUL1	AOSCD	identical	identical	LINKLIB	IFCETUL1	identical	1	N	002D88	002D88	Y
IFCEUKNO	AOSCD	len-differs	len-differs	LINKLIB	IFCEUKNO	len-differs	1	N	00063C	00063C	Y
IFCEVENT	AOSCD	len-differs	len-differs	LINKLIB	IFCEVENT	len-differs	1	N	003B70	003B70	Y
IFCEWHT1	AOSCD	identical	identical	LINKLIB	IFCEWHT1	identical	1	N	0002DF	0002DF	Y
IFCEWIN1	AOSCD	len-differs	len-differs	LINKLIB	IFCEWIN1	len-differs	1	N	000CBD	000CBD	Y
IFCEWIN2	AOSCD	len-differs	len-differs	LINKLIB	IFCEWIN2	len-differs	1	N	000C5B	000C5B	Y
IFCEWOD1	AOSCD	len-differs	len-differs	LINKLIB	IFCEWOD1	len-differs	1	N	000D0E	000D0E	Y
IFCEXXX0	AOSCD	len-differs	len-differs	LINKLIB	IFCE4002	len-differs	1	N	000C80	000C80	Y
IFCEXXX1	AOSCD	len-differs	len-differs	LINKLIB	IFCE0802	len-differs	1	N	000AD9	000AD9	Y
IFCEXXX2	AOSCD	len-differs	len-differs	LINKLIB	IFCE0808	len-differs	1	N	000B6E	000B6E	Y
IFCEXXX3	AOSCD	len-differs	len-differs	LINKLIB	IFCE080A	len-differs	1	N	000E0C	000E0C	Y
IFCEXXX4	AOSCD	len-differs	len-differs	LINKLIB	IFCE2001	len-differs	1	N	000DB3	000DB3	Y
IFCEXXX5	AOSCD	len-differs	len-differs	LINKLIB	IFCE2002	len-differs	1	N	000BB2	000BB2	Y
IFCEXXX6	AOSCD	len-differs	len-differs	LINKLIB	IFCE2008	len-differs	1	N	000C5D	000C5D	Y
IFCEXXX7	AOSCD	len-differs	len-differs	LINKLIB	IFCE1001	len-differs	1	N	000D68	000D68	Y
IFCEXXX8	AOSCD	len-differs	len-differs	LINKLIB	IFCE081B	len-differs	1	N	000D46	000D46	Y
IFCEXXX9	AOSCD	len-differs	len-differs	LINKLIB	IFCE1002	len-differs	1	N	000FC8	000FC8	Y
IFCEXXXA	AOSCD	len-differs	len-differs	LINKLIB	IFCE8001	len-differs	1	N	001DCF	001DCF	Y
IFCEXXXB	AOSCD	len-differs	len-differs	LINKLIB	IFCE8003	len-differs	1	N	001657	001657	Y
IFCEXXXC	AOSCD	len-differs	error	-	-	not-in-target	0	-	-	-	-
IFCEXXXD	AOSCD	len-differs	error	-	-	not-in-target	0	-	-	-	-
IFCEXXXE	AOSCD	len-differs	len-differs	LINKLIB	IFCE0817	len-differs	1	N	000CAC	000CAC	Y
IFCEXXXF	AOSCD	len-differs	len-differs	LINKLIB	IFCE080E	len-differs	1	N	000B9D	000B9D	Y
IFCEXXXG	AOSCD	len-differs	len-differs	LINKLIB	IFCE0842	len-differs	1	N	0052D6	0052D6	Y
IFCEXXXH	AOSCD	len-differs	len-differs	LINKLIB	IFCEXXXH	len-differs	1	N	001352	001352	Y
IFCEXXXX	AOSCD	len-differs	len-differs	LINKLIB	IFCEXXXX	len-differs	1	N	000D36	000D36	Y
IFCFILT1	AOSCD	len-differs	len-differs	LINKLIB	IFCFILT1	len-differs	1	N	003F28	003F28	Y
IFCFILT2	AOSCD	len-differs	len-differs	LINKLIB	IFCFILT2	len-differs	2	N	003FD0	003FD0	Y
IFCFILT3	AOSCD	len-differs	len-differs	LINKLIB	IFCFILT3	len-differs	1	N	004CD0	004CD0	Y
IFCFILT4	AOSCD	len-differs	len-differs	LINKLIB	IFCFILT4	len-differs	1	N	0038B8	0038B8	Y
IFCFMTIO	AOSC5	len-differs	len-differs	LINKLIB	IFCERFMT	len-differs	1	N	0004E0	0004E0	Y
IFCFRAMC	AOSCD	len-differs	len-differs	LINKLIB	IFCFRAME	len-differs	1	N	0043C0	0043C0	Y
IFCFRAME	AOSCD	len-differs	len-differs	LINKLIB	IFCFRAME	len-differs	1	N	002F28	002F28	Y
IFCFRAMM	AOSCD	len-differs	len-differs	LINKLIB	IFCFRAME	len-differs	1	N	003D98	003D98	Y
IFCFRAMS	AOSCD	identical	identical	LINKLIB	IFCFRAMS	identical	1	N	000C58	000C58	Y
IFCIOHND	AOSCD	len-differs	len-differs	LINKLIB	IFCEREP1	len-differs	2	N	003938	00399A	N
IFCMSG01	AOSCD	len-differs	len-differs	LINKLIB	IFCEREP1	len-differs	3	N	002400	002400	Y
IFCNFPDR	AOSCD	len-differs	len-differs	LINKLIB	IFCNFPDR	len-differs	1	N	005CD0	005CD0	Y
IFCOFFLD	AOSCD	len-differs	len-differs	LINKLIB	IFCOFFLD	len-differs	1	N	0004F8	0004F8	Y
IFCPARM1	AOSCD	len-differs	len-differs	LINKLIB	IFCEPARM	len-differs	1	N	0034F0	0034F0	Y
IFCPARM2	AOSCD	len-differs	len-differs	LINKLIB	IFCEPARM	len-differs	1	N	003A70	003A70	Y
IFCRDESM	AOSCD	len-differs	len-differs	-	-	not-in-target	0	-	000002	-	-
IFCRFLO1	AOSCD	identical	identical	LINKLIB	IFCRFLO1	identical	1	N	003738	003738	Y
IFCS0115	AOSCD	differs	error	LINKLIB	IFCS0115	error	1	N	0004D7	0004D7	Y
IFCS0135	AOSCD	identical	identical	LINKLIB	IFCS0135	identical	1	N	0001C0	0001C0	Y
IFCS0145	AOSCD	identical	identical	LINKLIB	IFCS0145	identical	1	N	0010E1	0010E1	Y
IFCS0155	AOSCD	identical	identical	LINKLIB	IFCS0155	identical	1	N	000311	000311	Y
IFCS0165	AOSCD	len-differs	len-differs	LINKLIB	IFCS0165	len-differs	1	N	001DFE	001DFE	Y
IFCS1017	AOSCD	differs	error	LINKLIB	IFCS0831	error	1	N	00041A	00041A	Y
IFCS1018	AOSCD	differs	error	LINKLIB	IFCS0832	error	1	N	000410	000410	Y
IFCS2860	AOSCD	identical	identical	LINKLIB	IFCS2860	identical	1	N	000A9C	000A9C	Y
IFCS2870	AOSCD	identical	identical	LINKLIB	IFCS2870	identical	1	N	000ACC	000ACC	Y
IFCS2880	AOSCD	identical	identical	LINKLIB	IFCS2880	identical	1	N	000AFC	000AFC	Y
IFCS3031	AOSCD	identical	identical	LINKLIB	IFCS3031	identical	1	N	003808	003808	Y
IFCS3032	AOSCD	identical	identical	LINKLIB	IFCS3032	identical	1	N	0036C8	0036C8	Y
IFCS3033	AOSCD	identical	identical	LINKLIB	IFCS3033	identical	1	N	0034C0	0034C0	Y
IFCS33XX	AOSCD	len-differs	len-differs	LINKLIB	IFCS33XX	len-differs	1	N	000193	000193	Y
IFCS5424	AOSCD	differs	error	LINKLIB	IFCS0880	error	1	N	000805	000805	Y
IFCSAEXX	AOSCD	identical	identical	LINKLIB	IFCSAEXX	identical	1	N	001426	001426	Y
IFCSAXXX	AOSCD	len-differs	len-differs	LINKLIB	IFCSAXXX	len-differs	1	N	000EEB	000EEB	Y
IFCSCHAR	AOSCD	identical	identical	LINKLIB	IFCSCHAR	identical	1	N	000F08	000F08	Y
IFCSCRND	AOSCD	identical	identical	LINKLIB	IFCSCRXX	identical	1	N	0038A8	0038A8	Y
IFCSCRXX	AOSCD	identical	identical	LINKLIB	IFCSCRXX	identical	1	N	000193	000193	Y
IFCSDASD	AOSCD	len-differs	len-differs	LINKLIB	IFCS33XX	len-differs	1	N	0047E0	0047E0	Y
IFCSDICH	AOSCD	identical	identical	LINKLIB	IFCSDICH	identical	1	N	003BD0	003BD0	Y
IFCSGUS1	AOSCD	len-differs	len-differs	LINKLIB	IFCSGUS1	len-differs	1	N	001BA1	001BA1	Y
IFCSHARE	AOSCD	len-differs	len-differs	LINKLIB	IFCEPARM	len-differs	1	N	001998	001998	Y
IFCSI115	AOSCD	differs	error	LINKLIB	IFCSI115	error	1	N	0004C5	0004C5	Y
IFCSI145	AOSCD	len-differs	len-differs	LINKLIB	IFCSI145	len-differs	1	N	00158C	00158C	Y
IFCSI155	AOSCD	identical	identical	LINKLIB	IFCSI155	identical	1	N	0005A4	0005A4	Y
IFCSIPL0	AOSCD	identical	error	-	-	not-in-target	0	-	-	-	-
IFCSNAGO	AOSCD	identical	identical	LINKLIB	IFCS080D	identical	1	N	0015E9	0015E9	Y
IFCSSOFT	AOSCD	len-differs	len-differs	LINKLIB	IFCSSOFT	len-differs	1	N	0004FC	0004FC	Y
IFCST003	AOSCD	identical	identical	LINKLIB	IFCST003	identical	1	N	000771	000771	Y
IFCST005	AOSCD	len-differs	len-differs	LINKLIB	IFCST005	len-differs	1	N	000789	000789	Y
IFCST006	AOSCD	identical	identical	LINKLIB	IFCST006	identical	1	N	0005E4	0005E4	Y
IFCST008	AOSCD	len-differs	len-differs	LINKLIB	IFCST008	len-differs	1	N	001769	001769	Y
IFCST00B	AOSCD	identical	identical	LINKLIB	IFCST00B	identical	1	N	000391	000391	Y
IFCSUKNO	AOSCD	identical	identical	LINKLIB	IFCSUKNO	identical	1	N	0004E6	0004E6	Y
IFCSXXX0	AOSCD	identical	identical	LINKLIB	IFCS4002	identical	1	N	0008F1	0008F1	Y
IFCSXXX1	AOSCD	identical	identical	LINKLIB	IFCS0802	identical	1	N	000A34	000A34	Y
IFCSXXX2	AOSCD	identical	identical	LINKLIB	IFCS0808	identical	1	N	000A53	000A53	Y
IFCSXXX3	AOSCD	identical	identical	LINKLIB	IFCS080A	identical	1	N	000D0A	000D0A	Y
IFCSXXX4	AOSCD	identical	identical	LINKLIB	IFCS2001	identical	1	N	0011CB	0011CB	Y
IFCSXXX5	AOSCD	identical	identical	LINKLIB	IFCS2002	identical	1	N	000CB9	000CB9	Y
IFCSXXX6	AOSCD	identical	identical	LINKLIB	IFCS2008	identical	1	N	000CB3	000CB3	Y
IFCSXXX7	AOSCD	len-differs	len-differs	LINKLIB	IFCS1001	len-differs	1	N	000C4C	000C4C	Y
IFCSXXX8	AOSCD	identical	identical	LINKLIB	IFCS081B	identical	1	N	000CB0	000CB0	Y
IFCSXXX9	AOSCD	len-differs	len-differs	LINKLIB	IFCS1002	len-differs	1	N	0013EC	0013EC	Y
IFCSXXXA	AOSCD	len-differs	len-differs	LINKLIB	IFCS8001	len-differs	1	N	00238A	00238A	Y
IFCSXXXB	AOSCD	len-differs	len-differs	LINKLIB	IFCS8003	len-differs	1	N	001DF2	001DF2	Y
IFCSXXXD	AOSCD	identical	identical	LINKLIB	IFCS2006	identical	1	N	002383	002383	Y
IFCSXXXE	AOSCD	len-differs	len-differs	LINKLIB	IFCS0817	len-differs	1	N	000E0F	000E0F	Y
IFCSXXXF	AOSCD	len-differs	len-differs	LINKLIB	IFCS080E	len-differs	1	N	001080	001080	Y
IFCSXXXG	AOSCD	identical	identical	LINKLIB	IFCS0842	identical	1	N	000389	000389	Y
IFCSXXXH	AOSCD	len-differs	len-differs	LINKLIB	IFCSXXXH	len-differs	1	N	00202A	00202A	Y
IFCSXXXX	AOSCD	len-differs	len-differs	LINKLIB	IFCSXXXX	len-differs	1	N	000CC0	000CC0	Y
IFCSYMCD	AOSCD	differs	differs	LINKLIB	IFCSYMCD	differs	1	N	000120	000120	Y
IFCSYSUM	AOSCD	len-differs	len-differs	LINKLIB	IFCOFFLD	len-differs	2	N	0027A8	0027A8	Y
IFCT1107	AOSCD	identical	identical	LINKLIB	IFCT1107	identical	1	N	0010C0	0010C0	Y
IFCT1204	AOSCD	identical	identical	LINKLIB	IFCT1204	identical	1	N	000E08	000E08	Y
IFCT1307	AOSCD	identical	identical	LINKLIB	IFCT1307	identical	1	N	0006D8	0006D8	Y
IFCT2104	AOSCD	identical	identical	LINKLIB	IFCT2104	identical	1	N	000DA8	000DA8	Y
IFCT2204	AOSCD	identical	identical	LINKLIB	IFCT2204	identical	1	N	000BE0	000BE0	Y
IFCT2305	AOSCD	identical	identical	LINKLIB	IFCT2305	identical	1	N	000B98	000B98	Y
IFCT3102	AOSCD	identical	identical	LINKLIB	IFCT3102	identical	1	N	001588	001588	Y
IFCT3204	AOSCD	identical	identical	LINKLIB	IFCT3204	identical	1	N	0010F0	0010F0	Y
IFCTA105	AOSCD	identical	identical	LINKLIB	IFCTA105	identical	1	N	0014E0	0014E0	Y
IFCTA201	AOSCD	identical	identical	LINKLIB	IFCTA201	identical	1	N	0010D0	0010D0	Y
IFCTA301	AOSCD	identical	identical	LINKLIB	IFCTA301	identical	1	N	000D20	000D20	Y
IFCTABLE	AOSCD	identical	identical	LINKLIB	IFCTABLE	identical	1	N	000EA0	000EA0	Y
IFCTB105	AOSCD	identical	identical	LINKLIB	IFCTB105	identical	1	N	0014E0	0014E0	Y
IFCTB205	AOSCD	identical	identical	LINKLIB	IFCTB205	identical	1	N	0013B8	0013B8	Y
IFCTB305	AOSCD	identical	identical	LINKLIB	IFCTB305	identical	1	N	001050	001050	Y
IFCTB405	AOSCD	identical	identical	LINKLIB	IFCTB405	identical	1	N	000830	000830	Y
IFCTC104	AOSCD	identical	identical	LINKLIB	IFCTC104	identical	1	N	0014E0	0014E0	Y
IFCTC201	AOSCD	identical	identical	LINKLIB	IFCTC201	identical	1	N	0013B8	0013B8	Y
IFCTC205	AOSCD	identical	identical	LINKLIB	IFCTC205	identical	1	N	0010F0	0010F0	Y
IFCTC301	AOSCD	identical	identical	LINKLIB	IFCTC301	identical	1	N	001050	001050	Y
IFCTC305	AOSCD	identical	identical	LINKLIB	IFCTC305	identical	1	N	000D20	000D20	Y
IFCTC401	AOSCD	identical	identical	LINKLIB	IFCTC401	identical	1	N	000830	000830	Y
IFCTHRSH	AOSCD	len-differs	len-differs	LINKLIB	IFCTHRSH	len-differs	1	N	0051F0	0051F0	Y
IFCTREND	AOSCD	len-differs	len-differs	LINKLIB	IFCTREND	len-differs	1	N	0028D8	0028D8	Y
IFDMSG00	AOS06	identical	identical	LINKLIB	IFDOLT	identical	1	N	000928	000928	Y
IFDMSG03	AOS06	holes	holes	LINKLIB	IFDOLT03	holes	1	N	0003D0	0003D0	Y
IFDMSG04	AOS06	holes	holes	LINKLIB	IFDOLT04	holes	1	N	0000E8	0000E8	Y
IFDMSG05	AOS06	identical	identical	-	-	not-in-target	0	-	000068	-	-
IFDMSG06	AOS06	holes	holes	LINKLIB	IFDOLT	holes	1	N	000058	000058	Y
IFDMSG07	AOS06	holes	holes	LINKLIB	IFDOLT07	holes	1	N	0001F0	0001F0	Y
IFDMSG08	AOS06	identical	identical	LINKLIB	IFDOLT	identical	1	N	000048	000048	Y
IFDMSG13	AOS06	identical	identical	LINKLIB	IFDOLT	identical	1	N	0000B8	0000B8	Y
IFDMSG22	AOS06	holes	holes	LINKLIB	IFDOLT	error	1	N	000138	000138	Y
IFDMSG31	AOS06	holes	holes	LINKLIB	IFDOLT31	holes	1	N	000298	000298	Y
IFDMSG32	AOS06	identical	identical	LINKLIB	IFDOLT32	identical	1	N	0000B8	0000B8	Y
IFDMSG33	AOS06	holes	holes	LINKLIB	IFDOLT33	holes	1	N	0001C0	0001C0	Y
IFDMSG37	AOS06	holes	holes	LINKLIB	IFDOLT	error	1	N	0000B8	0000B8	Y
IFDMSG38	AOS06	identical	identical	LINKLIB	IFDOLT38	identical	1	N	000080	000080	Y
IFDMSG50	AOS06	holes	holes	LINKLIB	IFDOLT50	holes	1	N	000850	000850	Y
IFDMSG53	AOS06	holes	holes	LINKLIB	IFDOLT53	holes	1	N	000138	000138	Y
IFDMSG54	AOS06	holes	holes	-	-	not-in-target	0	-	000138	-	-
IFDMSG56	AOS06	holes	holes	-	-	not-in-target	0	-	000108	-	-
IFDMSG61	AOS06	holes	holes	LINKLIB	IFDOLT61	holes	1	N	000168	000168	Y
IFDMSG73	AOS06	holes	holes	LINKLIB	IFDOLT73	holes	1	N	000248	000248	Y
IFDMSG74	AOS06	identical	identical	LINKLIB	IFDOLT74	identical	1	N	000040	000040	Y
IFDMSGAJ	AOS06	holes	holes	LINKLIB	IFDOLT	error	1	N	0002B8	0002B8	Y
IFDOLT00	AOS06	len-differs	len-differs	LINKLIB	IFDOLT	len-differs	1	N	00073A	00073A	Y
IFDOLT03	AOS06	len-differs	len-differs	LINKLIB	IFDOLT03	len-differs	1	N	0006B0	0006B0	Y
IFDOLT04	AOS06	holes	holes	LINKLIB	IFDOLT04	holes	1	N	000222	000222	Y
IFDOLT05	AOS06	holes	holes	LINKLIB	IFDOLT	holes	1	N	000246	000246	Y
IFDOLT06	AOS06	differs	identical	LINKLIB	IFDOLT	identical	1	N	00044E	00044E	Y
IFDOLT07	AOS06	holes	holes	LINKLIB	IFDOLT07	holes	1	N	000486	000486	Y
IFDOLT08	AOS06	holes	holes	LINKLIB	IFDOLT	holes	1	N	0006E6	0006E6	Y
IFDOLT09	AOS06	holes	holes	LINKLIB	IFDOLT	holes	1	N	0001D2	0001D2	Y
IFDOLT0A	AOS06	identical	identical	NUCLEUS	IEANUC01	identical	1	N	00004C	00004C	Y
IFDOLT10	AOS06	holes	holes	LINKLIB	IFDOLT	holes	1	N	00010C	00010C	Y
IFDOLT11	AOS06	holes	holes	LINKLIB	IFDOLT	holes	1	N	0000C0	0000C0	Y
IFDOLT12	AOS06	differs	identical	LINKLIB	IFDOLT	identical	1	N	000885	000885	Y
IFDOLT13	AOS06	holes	holes	LINKLIB	IFDOLT	holes	1	N	00026E	00026E	Y
IFDOLT14	AOS06	differs	differs	LINKLIB	IFDOLT14	differs	1	N	0006C9	0006C9	Y
IFDOLT15	AOS06	differs	identical	LINKLIB	IFDOLT15	identical	1	N	000998	000998	Y
IFDOLT16	AOS06	holes	holes	LINKLIB	IFDOLT	holes	1	N	00038A	00038A	Y
IFDOLT17	AOS06	differs	differs	LINKLIB	IFDOLT17	differs	1	N	000168	000168	Y
IFDOLT18	AOS06	len-differs	len-differs	LINKLIB	IFDOLT	len-differs	1	N	000DF8	000DF8	Y
IFDOLT21	AOS06	holes	holes	LINKLIB	IFDOLT	holes	1	N	00038A	00038A	Y
IFDOLT22	AOS06	len-differs	len-differs	LINKLIB	IFDOLT	len-differs	1	N	000768	000768	Y
IFDOLT23	AOS06	identical	identical	LINKLIB	IFDOLT	identical	1	N	000B68	000B68	Y
IFDOLT24	AOS06	len-differs	len-differs	LINKLIB	IFDOLT	error	1	N	0004F6	0004F6	Y
IFDOLT26	AOS06	holes	holes	LINKLIB	IFDOLT	error	1	N	00039E	00039E	Y
IFDOLT28	AOS06	holes	holes	LINKLIB	IFDOLT	error	1	N	0002BE	0002BE	Y
IFDOLT30	AOS06	len-differs	len-differs	LINKLIB	IFDOLT	len-differs	1	N	0009E6	0009E6	Y
IFDOLT31	AOS06	holes	holes	LINKLIB	IFDOLT31	holes	1	N	0008B0	0008B0	Y
IFDOLT32	AOS06	differs	identical	LINKLIB	IFDOLT32	identical	1	N	00067C	00067C	Y
IFDOLT33	AOS06	differs	identical	LINKLIB	IFDOLT33	identical	1	N	0008EA	0008EA	Y
IFDOLT35	AOS06	differs	differs	LINKLIB	IFDOLT	error	1	N	000616	000616	Y
IFDOLT36	AOS06	len-differs	len-differs	LINKLIB	IFDOLT	error	1	N	000980	000980	Y
IFDOLT37	AOS06	holes	holes	LINKLIB	IFDOLT	error	1	N	00029A	00029A	Y
IFDOLT38	AOS06	holes	holes	LINKLIB	IFDOLT38	holes	1	N	000566	000566	Y
IFDOLT39	AOS06	differs	differs	LINKLIB	IFDOLT	differs	1	N	000A0C	000A0C	Y
IFDOLT41	AOS06	holes	holes	LINKLIB	IFDOLT	error	1	N	000132	000132	Y
IFDOLT42	AOS06	differs	differs	LINKLIB	IFDOLT	error	1	N	00023E	00023E	Y
IFDOLT43	AOS06	differs	differs	LINKLIB	IFDOLT	error	1	N	0000F2	0000F2	Y
IFDOLT44	AOS06	len-differs	len-differs	LINKLIB	IFDOLT	error	1	N	000182	000182	Y
IFDOLT46	AOS06	differs	differs	LINKLIB	IFDOLT	error	1	N	00073C	00073C	Y
IFDOLT48	AOS06	holes	holes	LINKLIB	IFDOLT	holes	1	N	000952	000952	Y
IFDOLT49	AOS06	holes	holes	LINKLIB	IFDOLT49	holes	1	N	0007F0	0007F0	Y
IFDOLT50	AOS06	holes	holes	LINKLIB	IFDOLT50	holes	1	N	00017A	00017A	Y
IFDOLT51	AOS06	differs	differs	LINKLIB	IFDOLT	differs	1	N	00016A	00016A	Y
IFDOLT52	AOS06	len-differs	len-differs	LINKLIB	IFDOLT	len-differs	1	N	000362	000362	Y
IFDOLT53	AOS06	len-differs	len-differs	LINKLIB	IFDOLT53	len-differs	1	N	0003D8	0003D8	Y
IFDOLT54	AOS06	holes	holes	-	-	not-in-target	0	-	00068E	-	-
IFDOLT55	AOS06	len-differs	len-differs	-	-	not-in-target	0	-	0009B8	-	-
IFDOLT56	AOS06	holes	holes	-	-	not-in-target	0	-	0003A8	-	-
IFDOLT57	AOS06	differs	differs	LINKLIB	IFDOLT57	differs	1	N	000456	000456	Y
IFDOLT58	AOS06	len-differs	len-differs	LINKLIB	IFDOLT58	len-differs	1	N	000358	000358	Y
IFDOLT59	AOS06	holes	holes	LINKLIB	IFDOLT	error	1	N	000008	000008	Y
IFDOLT61	AOS06	differs	identical	LINKLIB	IFDOLT61	identical	1	N	0007A6	0007A6	Y
IFDOLT62	AOS06	len-differs	len-differs	LINKLIB	IFDOLT62	len-differs	1	N	000878	000878	Y
IFDOLT67	AOS06	len-differs	len-differs	LINKLIB	IFDOLT67	len-differs	1	N	00052A	00052A	Y
IFDOLT73	AOS06	holes	holes	LINKLIB	IFDOLT73	holes	1	N	0005E4	0005E4	Y
IFDOLT74	AOS06	holes	holes	LINKLIB	IFDOLT74	holes	1	N	0001EA	0001EA	Y
IFDOLT98	AOS06	holes	holes	LINKLIB	IFDOLT98	holes	1	N	0017A6	0017A6	Y
IFDOLT99	AOS06	len-differs	len-differs	LINKLIB	IFDOLT99	len-differs	1	N	001E10	001E10	Y
IFDOLTAA	AOS06	differs	differs	LINKLIB	IFDOLT	error	1	N	000170	000170	Y
IFDOLTAB	AOS06	differs	differs	LINKLIB	IFDOLT	error	1	N	0000C0	0000C0	Y
IFDOLTAJ	AOS06	holes	holes	LINKLIB	IFDOLT	error	1	N	000630	000630	Y
IFFAAA01	AOS07	len-differs	len-differs	-	-	not-in-target	0	-	00009A	-	-
IFFAAA02	AOS07	len-differs	len-differs	-	-	not-in-target	0	-	000140	-	-
IFFAAA03	AOS07	len-differs	len-differs	-	-	not-in-target	0	-	000628	-	-
IFFAAA04	AOS07	len-differs	len-differs	-	-	not-in-target	0	-	00025C	-	-
IFFAAA05	AOS07	differs	differs	-	-	not-in-target	0	-	0003E0	-	-
IFFAAA06	AOS07	len-differs	len-differs	-	-	not-in-target	0	-	00024C	-	-
IFFABA	AOSG0	identical	identical	NUCLEUS	IEANUC01	identical	1	N	0000EE	0000EE	Y
IFFACA00	AOS07	differs	differs	-	-	not-in-target	0	-	000300	-	-
IFFACA01	AOS07	differs	differs	-	-	not-in-target	0	-	0002F8	-	-
IFFACA02	AOS07	differs	differs	-	-	not-in-target	0	-	00037C	-	-
IFFACA03	AOS07	differs	differs	-	-	not-in-target	0	-	000298	-	-
IFFACA04	AOS07	differs	differs	-	-	not-in-target	0	-	000440	-	-
IFFACA05	AOS07	differs	differs	-	-	not-in-target	0	-	000210	-	-
IFFACA06	AOS07	differs	differs	-	-	not-in-target	0	-	0001A4	-	-
IFFACA07	AOS07	differs	differs	-	-	not-in-target	0	-	000340	-	-
IFFACA08	AOS07	len-differs	len-differs	-	-	not-in-target	0	-	000C68	-	-
IFFACA13	AOS07	differs	differs	-	-	not-in-target	0	-	0000B8	-	-
IFFACA50	AOS07	len-differs	len-differs	-	-	not-in-target	0	-	000200	-	-
IFFADA01	AOS07	len-differs	len-differs	-	-	not-in-target	0	-	00072E	-	-
IFFADA02	AOS07	differs	differs	-	-	not-in-target	0	-	000244	-	-
IFFADA03	AOS07	len-differs	len-differs	-	-	not-in-target	0	-	00048C	-	-
IFFAEA01	AOS07	differs	differs	-	-	not-in-target	0	-	0002D0	-	-
IFFAEA02	AOS07	differs	differs	-	-	not-in-target	0	-	0000AA	-	-
IFFAEA03	AOS07	differs	differs	-	-	not-in-target	0	-	0000CC	-	-
IFFAEA04	AOS07	len-differs	len-differs	-	-	not-in-target	0	-	0003F0	-	-
IFFAEA06	AOS07	differs	differs	-	-	not-in-target	0	-	0000A6	-	-
IFFAEA07	AOS07	len-differs	len-differs	-	-	not-in-target	0	-	000100	-	-
IFFAFA01	AOS07	len-differs	len-differs	-	-	not-in-target	0	-	000808	-	-
IFFAFA02	AOS07	len-differs	len-differs	-	-	not-in-target	0	-	0009E4	-	-
IFFAFA03	AOS07	len-differs	len-differs	-	-	not-in-target	0	-	0008B0	-	-
IFFAFA04	AOS07	len-differs	len-differs	-	-	not-in-target	0	-	000648	-	-
IFFAFA05	AOS07	differs	differs	-	-	not-in-target	0	-	000274	-	-
IFFAFA06	AOS07	differs	differs	-	-	not-in-target	0	-	00011C	-	-
IFFAFA07	AOS07	differs	differs	-	-	not-in-target	0	-	00024C	-	-
IFFAFA08	AOS07	len-differs	len-differs	-	-	not-in-target	0	-	0003D0	-	-
IFFAFA09	AOS07	len-differs	len-differs	-	-	not-in-target	0	-	000356	-	-
IFFAFA10	AOS07	no-deck	no-deck	-	-	not-in-target	0	-	-	-	-
IFFAFA11	AOS07	len-differs	len-differs	-	-	not-in-target	0	-	0003F4	-	-
IFFAFA12	AOS07	len-differs	len-differs	-	-	not-in-target	0	-	0006C0	-	-
IFFAFA13	AOS07	len-differs	len-differs	-	-	not-in-target	0	-	0002B0	-	-
IFFAFA14	AOS07	differs	differs	-	-	not-in-target	0	-	000068	-	-
IFFAFA15	AOS07	len-differs	len-differs	-	-	not-in-target	0	-	000600	-	-
IFFAFA16	AOS07	no-deck	no-deck	-	-	not-in-target	0	-	-	-	-
IFFAFA17	AOS07	no-deck	no-deck	-	-	not-in-target	0	-	-	-	-
IFFAFA18	AOS07	no-deck	no-deck	-	-	not-in-target	0	-	-	-	-
IFFAFA19	AOS07	differs	differs	-	-	not-in-target	0	-	0002CC	-	-
IFFAFA20	AOS07	no-deck	no-deck	-	-	not-in-target	0	-	-	-	-
IFFAGA01	AOS07	len-differs	len-differs	-	-	not-in-target	0	-	000410	-	-
IFFAGA02	AOS07	differs	differs	-	-	not-in-target	0	-	000424	-	-
IFFAGA03	AOS07	differs	differs	-	-	not-in-target	0	-	0001DC	-	-
IFFAGA04	AOS07	len-differs	len-differs	-	-	not-in-target	0	-	000138	-	-
IFFAGA05	AOS07	differs	differs	-	-	not-in-target	0	-	000238	-	-
IFFAGA06	AOS07	len-differs	len-differs	-	-	not-in-target	0	-	000B28	-	-
IFFAGA07	AOS07	len-differs	len-differs	-	-	not-in-target	0	-	000AF4	-	-
IFFAGA08	AOS07	differs	differs	-	-	not-in-target	0	-	000344	-	-
IFFAHA01	AOS07	differs	differs	-	-	not-in-target	0	-	0005E8	-	-
IFFAHA02	AOS07	differs	differs	-	-	not-in-target	0	-	00048C	-	-
IFFAHA03	AOS07	len-differs	len-differs	-	-	not-in-target	0	-	0001E6	-	-
IFFAHA04	AOS07	differs	differs	-	-	not-in-target	0	-	000648	-	-
IFFAHA05	AOS07	len-differs	len-differs	-	-	not-in-target	0	-	000974	-	-
IFFAHA06	AOS07	differs	differs	-	-	not-in-target	0	-	000244	-	-
IFFAHA07	AOS07	differs	differs	-	-	not-in-target	0	-	00062C	-	-
IFFAHA11	AOS07	len-differs	len-differs	-	-	not-in-target	0	-	0003D9	-	-
IFFAHA12	AOS07	differs	differs	-	-	not-in-target	0	-	0005B5	-	-
IFFAHA13	AOS07	len-differs	len-differs	-	-	not-in-target	0	-	000528	-	-
IFFAHA14	AOS07	no-deck	no-deck	-	-	not-in-target	0	-	-	-	-
IFFAHA15	AOS07	no-deck	no-deck	-	-	not-in-target	0	-	-	-	-
IFFAHA16	AOS07	identical	identical	-	-	not-in-target	0	-	000BE8	-	-
IFFAJA01	AOS07	identical	identical	-	-	not-in-target	0	-	000130	-	-
IFFAJA02	AOS07	len-differs	len-differs	-	-	not-in-target	0	-	000298	-	-
IFFAJA03	AOS07	no-deck	no-deck	-	-	not-in-target	0	-	-	-	-
IFFAJA04	AOS07	len-differs	len-differs	-	-	not-in-target	0	-	0001A8	-	-
IFFANA	AOSG0	holes	holes	LINKLIB	IFFANA	holes	1	N	000280	000280	Y
IFFCAN01	AOSG0	len-differs	len-differs	LINKLIB	IFFCAN01	len-differs	1	N	000A2C	000A2C	Y
IFFCAN02	AOSG0	len-differs	len-differs	LINKLIB	IFFCAN02	len-differs	1	N	0008F4	0008F4	Y
IFFCAN03	AOSG0	identical	identical	LINKLIB	IFFCAN03	identical	1	N	000024	000024	Y
IFFPAAST	AOSG0	holes	holes	-	-	not-in-target	0	-	000180	-	-
IFFPBAPR	AOSG0	identical	identical	-	-	not-in-target	0	-	00044E	-	-
IFFPCAAR	AOSG0	identical	identical	-	-	not-in-target	0	-	0008F0	-	-
IFFPDAPL	AOSG0	identical	identical	-	-	not-in-target	0	-	000C7A	-	-
IFFPEAGR	AOSG0	identical	identical	-	-	not-in-target	0	-	000516	-	-
IFFPFAVA	AOSG0	identical	identical	-	-	not-in-target	0	-	000AC2	-	-
IFFPGAVP	AOSG0	identical	identical	-	-	not-in-target	0	-	000A96	-	-
IFFPHALA	AOSG0	identical	identical	-	-	not-in-target	0	-	00068E	-	-
IFFPIAPG	AOSG0	identical	identical	-	-	not-in-target	0	-	000F04	-	-
IFFPJAPV	AOSG0	differs	differs	-	-	not-in-target	0	-	000D26	-	-
IFFPKADG	AOSG0	len-differs	len-differs	-	-	not-in-target	0	-	000F26	-	-
IFFPLARE	AOSG0	identical	identical	-	-	not-in-target	0	-	0003B6	-	-
IFFPPASG	AOSG0	identical	error	-	-	not-in-target	0	-	-	-	-
IFG0190P	AOSD0	differs	differs	LPALIB	IFG0190P	differs	1	N	000438	000438	Y
IFG0191X	AOSA0	len-differs	len-differs	LPALIB	IFG0191X	len-differs	1	N	000A30	000A30	Y
IFG0191Y	AOSA0	len-differs	len-differs	LPALIB	IFG0191Y	len-differs	1	N	000818	000818	Y
IFG0192A	AOSA0	len-differs	len-differs	LPALIB	IFG0192A	len-differs	1	N	000610	000610	Y
IFG0193A	AOSD0	len-differs	len-differs	LPALIB	IGC0001I	len-differs	1	N	000888	000888	Y
IFG0193C	AOSD0	differs	differs	LPALIB	OMODVOL1	differs	1	N	0000D8	0000D8	Y
IFG0193D	AOSD0	len-differs	len-differs	LPALIB	IFG0194A	len-differs	1	N	000600	000600	Y
IFG0193E	AOSD0	len-differs	len-differs	LPALIB	IFG0194A	error	1	N	0003C8	0003C8	Y
IFG0194A	AOSD0	len-differs	len-differs	LPALIB	IFG0194A	len-differs	1	N	0011F0	0011F0	Y
IFG0194C	AOSD0	len-differs	len-differs	LPALIB	IFG0194A	len-differs	1	N	001B28	001B28	Y
IFG0194F	AOSD0	len-differs	len-differs	LPALIB	IFG0194A	len-differs	1	N	001470	001470	Y
IFG0194J	AOSD0	len-differs	len-differs	LPALIB	IFG0194A	len-differs	1	N	0016D8	0016D8	Y
IFG0195A	AOSD0	len-differs	len-differs	LPALIB	IGC0001I	error	1	N	0002C8	0002C8	Y
IFG0195B	AOSD0	len-differs	len-differs	LPALIB	IGC0001I	len-differs	1	N	0008D0	0008D0	Y
IFG0195C	AOSD0	differs	differs	LPALIB	IGC0001I	error	1	N	0002F8	0002F8	Y
IFG0195D	AOSD0	differs	differs	LPALIB	IGC0001I	error	1	N	0001D8	0001D8	Y
IFG0195F	AOSD0	no-deck	no-deck	-	-	not-in-target	0	-	-	-	-
IFG0195G	AOSD0	differs	differs	LPALIB	IFG0194A	error	1	N	0000D0	0000D0	Y
IFG0195H	AOSD0	len-differs	len-differs	LPALIB	IGC0001I	len-differs	1	N	000480	000480	Y
IFG0195J	AOSD0	differs	differs	LPALIB	IGC0001I	error	1	N	000140	000140	Y
IFG0195K	AOSD0	len-differs	len-differs	LPALIB	IGC0001I	len-differs	1	N	000640	000640	Y
IFG0195N	AOSD0	differs	differs	LPALIB	IGC0001I	differs	1	N	0004A0	0004A0	Y
IFG0195T	AOSD0	differs	differs	LPALIB	IGC0001I	error	1	N	0001D8	0001D8	Y
IFG0195U	AOSD0	len-differs	len-differs	LPALIB	IGC0001I	len-differs	1	N	0003B8	0003B8	Y
IFG0195V	AOSD0	len-differs	len-differs	LPALIB	IGC0001I	len-differs	1	N	000540	000540	Y
IFG0196J	AOSD0	differs	differs	LPALIB	IGC0001I	error	1	N	0003D8	0003D8	Y
IFG0196K	AOSD0	differs	differs	LPALIB	IGC0001I	error	1	N	0002A0	0002A0	Y
IFG0196L	AOSD0	len-differs	len-differs	LPALIB	IGC0001I	len-differs	1	N	0008A0	0008A0	Y
IFG0196M	AOSD0	differs	differs	LPALIB	IGC0001I	error	1	N	000480	000480	Y
IFG0196N	AOSD0	len-differs	len-differs	LPALIB	IGC0001I	len-differs	1	N	000410	000410	Y
IFG0196O	AOSD0	len-differs	len-differs	LPALIB	IGC0001I	error	1	N	000290	000290	Y
IFG0196P	AOSD0	no-deck	no-deck	-	-	not-in-target	0	-	-	-	-
IFG0196Q	AOSD0	differs	differs	LPALIB	IGC0001I	error	1	N	0002E0	0002E0	Y
IFG0196T	AOSD0	len-differs	len-differs	LPALIB	IGC0001I	len-differs	1	N	000630	000630	Y
IFG0196U	AOSD0	len-differs	len-differs	LPALIB	IGC0001I	error	1	N	0003F8	0003F8	Y
IFG0196V	AOSD0	differs	differs	LPALIB	IGC0001I	error	1	N	0005C0	0005C0	Y
IFG0196W	AOSD0	differs	differs	LPALIB	IGC0001I	error	1	N	0004F8	0004F8	Y
IFG0196X	AOSD0	len-differs	len-differs	LPALIB	IGC0001I	len-differs	1	N	0004A0	0004A0	Y
IFG0198N	AOSD0	len-differs	len-differs	LPALIB	IGC0001I	len-differs	1	N	000840	000840	Y
IFG0199B	AOSD0	len-differs	len-differs	LPALIB	IFG0199B	len-differs	1	N	0004E0	0004E0	Y
IFG0199D	AOSD0	len-differs	len-differs	LPALIB	IFG0199B	len-differs	1	N	000460	000460	Y
IFG0199E	AOSD0	len-differs	len-differs	LPALIB	IFG0199B	len-differs	1	N	000930	000930	Y
IFG019RA	AOSD0	len-differs	len-differs	LPALIB	IFG019RA	len-differs	1	N	001858	001858	Y
IFG019TR	AOSD0	len-differs	len-differs	LPALIB	IFG019TR	len-differs	1	N	000168	000168	Y
IFG0200N	AOSA0	len-differs	len-differs	LPALIB	IFG0200N	len-differs	1	N	0009E8	0009E8	Y
IFG0200P	AOSD0	differs	differs	LPALIB	IFG0190P	differs	1	N	000298	000298	Y
IFG0200V	AOSD0	len-differs	len-differs	LPALIB	IGC00020	len-differs	1	N	000490	000490	Y
IFG0200W	AOSD0	len-differs	len-differs	LPALIB	IGC00020	len-differs	1	N	0003C0	0003C0	Y
IFG0200Y	AOSD0	len-differs	len-differs	LPALIB	IGC00020	len-differs	1	N	000610	000610	Y
IFG0200Z	AOSD0	len-differs	len-differs	LPALIB	IGC00020	len-differs	1	N	0004C0	0004C0	Y
IFG0201R	AOSD0	differs	differs	LPALIB	IGC00020	differs	1	N	000300	000300	Y
IFG0202A	AOSD0	len-differs	len-differs	LPALIB	IGC00020	len-differs	1	N	000638	000638	Y
IFG0202B	AOSD0	differs	differs	LPALIB	IGC00020	differs	1	N	000540	000540	Y
IFG0202C	AOSD0	len-differs	len-differs	LPALIB	IGC00020	len-differs	1	N	000590	000590	Y
IFG0202D	AOSD0	differs	differs	LPALIB	IGC00020	differs	1	N	000448	000448	Y
IFG0202E	AOSD0	len-differs	len-differs	LPALIB	IGC00020	len-differs	1	N	0004F0	0004F0	Y
IFG0202F	AOSD0	len-differs	len-differs	LPALIB	IGC00020	len-differs	1	N	000610	000610	Y
IFG0202H	AOSD0	len-differs	len-differs	LPALIB	IGC00020	len-differs	1	N	0004E8	0004E8	Y
IFG0202I	AOSD0	len-differs	len-differs	LPALIB	IGC00020	len-differs	1	N	0005F8	0005F8	Y
IFG0202J	AOSD0	len-differs	len-differs	LPALIB	IGC00020	len-differs	1	N	000550	000550	Y
IFG0202K	AOSD0	len-differs	len-differs	LPALIB	IGC00020	len-differs	1	N	000878	000878	Y
IFG0202L	AOSD0	len-differs	len-differs	LPALIB	IGC00020	len-differs	1	N	000638	000638	Y
IFG0202U	AOSD0	no-deck	no-deck	-	-	not-in-target	0	-	-	-	-
IFG0204A	AOSD0	no-deck	no-deck	-	-	not-in-target	0	-	-	-	-
IFG0204J	AOSD0	no-deck	no-deck	-	-	not-in-target	0	-	-	-	-
IFG0209B	AOSD0	no-deck	no-deck	-	-	not-in-target	0	-	-	-	-
IFG0209D	AOSD0	no-deck	no-deck	-	-	not-in-target	0	-	-	-	-
IFG0209E	AOSD0	no-deck	no-deck	-	-	not-in-target	0	-	-	-	-
IFG020TR	AOSD0	no-deck	no-deck	-	-	not-in-target	0	-	-	-	-
IFG0230P	AOSD0	differs	differs	LPALIB	IFG0190P	differs	1	N	0002B8	0002B8	Y
IFG0232A	AOSD0	no-deck	no-deck	-	-	not-in-target	0	-	-	-	-
IFG0232D	AOSD0	differs	differs	LPALIB	IGC00020	differs	1	N	000380	000380	Y
IFG0232G	AOSD0	len-differs	len-differs	LPALIB	IGC00020	len-differs	1	N	0004F8	0004F8	Y
IFG0232J	AOSD0	differs	differs	LPALIB	IGC00020	differs	1	N	000480	000480	Y
IFG0232M	AOSD0	len-differs	len-differs	LPALIB	IGC00020	len-differs	1	N	000608	000608	Y
IFG0232S	AOSD0	differs	differs	LPALIB	IGC00020	differs	1	N	000450	000450	Y
IFG0232Z	AOSD0	len-differs	len-differs	LPALIB	IGC00020	len-differs	1	N	000620	000620	Y
IFG0239B	AOSD0	no-deck	no-deck	-	-	not-in-target	0	-	-	-	-
IFG0239D	AOSD0	no-deck	no-deck	-	-	not-in-target	0	-	-	-	-
IFG0239E	AOSD0	no-deck	no-deck	-	-	not-in-target	0	-	-	-	-
IFG023TR	AOSD0	no-deck	no-deck	-	-	not-in-target	0	-	-	-	-
IFG0550P	AOSD0	len-differs	len-differs	LPALIB	IFG0190P	len-differs	1	N	000460	000460	Y
IFG0550Y	AOSA0	no-deck	no-deck	-	-	not-in-target	0	-	-	-	-
IFG0551B	AOSD0	len-differs	len-differs	LPALIB	IGC0005E	len-differs	1	N	000660	000660	Y
IFG0551D	AOSD0	len-differs	len-differs	LPALIB	IGC0005E	len-differs	1	N	0003E8	0003E8	Y
IFG0551F	AOSD0	len-differs	len-differs	LPALIB	IGC0005E	len-differs	1	N	0004F8	0004F8	Y
IFG0551H	AOSD0	differs	differs	LPALIB	IGC0005E	error	1	N	000438	000438	Y
IFG0551L	AOSD0	len-differs	len-differs	LPALIB	IGC0005E	len-differs	1	N	000988	000988	Y
IFG0551N	AOSD0	no-deck	no-deck	-	-	not-in-target	0	-	-	-	-
IFG0551P	AOSD0	differs	differs	LPALIB	IGC0005E	error	1	N	000290	000290	Y
IFG0551R	AOSD0	len-differs	len-differs	LPALIB	IGC0005E	len-differs	1	N	000668	000668	Y
IFG0551T	AOSD0	len-differs	len-differs	LPALIB	IGC0005E	len-differs	1	N	0002C0	0002C0	Y
IFG0552B	AOSD0	len-differs	len-differs	LPALIB	IGC0005E	error	1	N	0006B0	0006B0	Y
IFG0552D	AOSD0	len-differs	len-differs	LPALIB	IGC0005E	error	1	N	0001D8	0001D8	Y
IFG0552F	AOSD0	len-differs	len-differs	LPALIB	IGC0005E	len-differs	1	N	0006D0	0006D0	Y
IFG0552N	AOSD0	len-differs	len-differs	LPALIB	IGC0005E	error	1	N	000278	000278	Y
IFG0552R	AOSD0	len-differs	len-differs	LPALIB	IGC0005E	len-differs	1	N	0005B0	0005B0	Y
IFG0552T	AOSD0	len-differs	len-differs	LPALIB	IGC0005E	error	1	N	000478	000478	Y
IFG0552V	AOSD0	differs	differs	LPALIB	IGC0005E	error	1	N	0003B8	0003B8	Y
IFG0552X	AOSD0	len-differs	len-differs	LPALIB	IGC0005E	len-differs	1	N	000680	000680	Y
IFG0553B	AOSD0	no-deck	no-deck	-	-	not-in-target	0	-	-	-	-
IFG0553C	AOSD0	differs	differs	LPALIB	EMODVOL1	differs	1	N	0000C8	0000C8	Y
IFG0553F	AOSD0	len-differs	len-differs	LPALIB	IGC0005E	len-differs	1	N	000D50	000D50	Y
IFG0553H	AOSD0	differs	differs	LPALIB	IGC0005E	error	1	N	000170	000170	Y
IFG0553P	AOSD0	len-differs	len-differs	LPALIB	IGC0005E	len-differs	1	N	000468	000468	Y
IFG0553X	AOSD0	len-differs	len-differs	LPALIB	IGC0005E	len-differs	1	N	000890	000890	Y
IFG0553Z	AOSD0	differs	differs	LPALIB	IGC0005E	differs	1	N	0002A0	0002A0	Y
IFG0554A	AOSD0	no-deck	no-deck	-	-	not-in-target	0	-	-	-	-
IFG0554B	AOSD0	differs	differs	LPALIB	IGC0005E	differs	1	N	0004A8	0004A8	Y
IFG0554C	AOSD0	no-deck	no-deck	-	-	not-in-target	0	-	-	-	-
IFG0554F	AOSD0	no-deck	no-deck	-	-	not-in-target	0	-	-	-	-
IFG0554J	AOSD0	no-deck	no-deck	-	-	not-in-target	0	-	-	-	-
IFG0554L	AOSD0	differs	differs	LPALIB	IGC0001I	differs	1	N	000610	000610	Y
IFG0554N	AOSD0	len-differs	len-differs	LPALIB	IGC0005E	len-differs	1	N	0004A8	0004A8	Y
IFG0554P	AOSD0	len-differs	len-differs	LPALIB	IGC0005E	error	1	N	000520	000520	Y
IFG0554T	AOSD0	len-differs	len-differs	LPALIB	IGC0005E	len-differs	1	N	000698	000698	Y
IFG0554Z	AOSD0	differs	differs	LPALIB	IGC0005E	error	1	N	0002C8	0002C8	Y
IFG0555B	AOSD0	differs	differs	LPALIB	IGC0005E	error	1	N	000430	000430	Y
IFG0555H	AOSD0	len-differs	len-differs	LPALIB	IGC0005E	error	1	N	000908	000908	Y
IFG0555J	AOSD0	differs	differs	LPALIB	IGC0001I	error	1	N	0004A0	0004A0	Y
IFG0555T	AOSD0	no-deck	no-deck	-	-	not-in-target	0	-	-	-	-
IFG0558X	AOSD0	differs	differs	LPALIB	IGC0005E	error	1	N	000158	000158	Y
IFG0559B	AOSD0	no-deck	no-deck	-	-	not-in-target	0	-	-	-	-
IFG0559C	AOSD0	identical	identical	LPALIB	IFG0559C	identical	1	N	00054C	00054C	Y
IFG0559D	AOSD0	no-deck	no-deck	-	-	not-in-target	0	-	-	-	-
IFG0559E	AOSD0	no-deck	no-deck	-	-	not-in-target	0	-	-	-	-
IFG055TR	AOSD0	no-deck	no-deck	-	-	not-in-target	0	-	-	-	-
IFG0EX0A	AOSD0	identical	identical	LPALIB	IFG0EX0A	identical	1	N	000004	000004	Y
IFG0RR0A	AOSD0	len-differs	len-differs	LPALIB	IFG0RR0A	len-differs	1	N	000AE0	000AE0	Y
IFG0RR0B	AOSD0	len-differs	len-differs	LPALIB	IFG0RR0A	len-differs	1	N	0020A0	0020A0	Y
IFG0RR0E	AOSD0	len-differs	len-differs	LPALIB	IFG0RR0A	len-differs	1	N	0007B0	0007B0	Y
IFG0RR0F	AOSD0	differs	differs	LPALIB	IFG0RR0A	differs	1	N	0004A8	0004A8	Y
IFG0TC0A	AOSD0	len-differs	len-differs	LPALIB	IFG0TC0A	len-differs	1	N	001380	001380	Y
IFG0TC4A	AOSD0	no-deck	no-deck	-	-	not-in-target	0	-	-	-	-
IFHSTATR	AOSU0	holes	holes	LINKLIB	IFHSTATR	holes	1	N	000724	000724	Y
IFNX1A	AOS03	differs	error	-	-	not-in-target	0	-	-	-	-
IFNX1J	AOS03	differs	error	-	-	not-in-target	0	-	-	-	-
IFNX1K	AOS03	len-differs	error	-	-	not-in-target	0	-	-	-	-
IFNX1S	AOS03	differs	error	-	-	not-in-target	0	-	-	-	-
IFNX2A	AOS03	differs	error	-	-	not-in-target	0	-	-	-	-
IFNX3A	AOS03	differs	error	-	-	not-in-target	0	-	-	-	-
IFNX3B	AOS03	differs	error	-	-	not-in-target	0	-	-	-	-
IFNX3K	AOS03	len-differs	error	-	-	not-in-target	0	-	-	-	-
IFNX3N	AOS03	differs	error	-	-	not-in-target	0	-	-	-	-
IFNX4D	AOS03	differs	error	-	-	not-in-target	0	-	-	-	-
IFNX4E	AOS03	differs	error	-	-	not-in-target	0	-	-	-	-
IFNX4M	AOS03	len-differs	error	-	-	not-in-target	0	-	-	-	-
IFNX4N	AOS03	differs	error	-	-	not-in-target	0	-	-	-	-
IFNX4S	AOS03	differs	error	-	-	not-in-target	0	-	-	-	-
IFNX4T	AOS03	len-differs	error	-	-	not-in-target	0	-	-	-	-
IFNX4V	AOS03	differs	error	-	-	not-in-target	0	-	-	-	-
IFNX5A	AOS03	differs	error	-	-	not-in-target	0	-	-	-	-
IFNX5C	AOS03	differs	error	-	-	not-in-target	0	-	-	-	-
IFNX5D	AOS03	differs	error	-	-	not-in-target	0	-	-	-	-
IFNX5F	AOS03	differs	error	-	-	not-in-target	0	-	-	-	-
IFNX5L	AOS03	len-differs	error	-	-	not-in-target	0	-	-	-	-
IFNX5M	AOS03	differs	error	-	-	not-in-target	0	-	-	-	-
IFNX5P	AOS03	differs	error	-	-	not-in-target	0	-	-	-	-
IFNX5V	AOS03	differs	error	-	-	not-in-target	0	-	-	-	-
IFNX6A	AOS03	differs	error	-	-	not-in-target	0	-	-	-	-
IFNX6B	AOS03	len-differs	error	-	-	not-in-target	0	-	-	-	-
IFNX6C	AOS03	differs	error	-	-	not-in-target	0	-	-	-	-
IFOX0A	AOS03	len-differs	error	-	-	not-in-target	0	-	-	-	-
IFOX0B	AOS03	differs	error	-	-	not-in-target	0	-	-	-	-
IFOX0C	AOS03	differs	error	-	-	not-in-target	0	-	-	-	-
IFOX0D	AOS03	len-differs	error	-	-	not-in-target	0	-	-	-	-
IFOX0E	AOS03	differs	error	-	-	not-in-target	0	-	-	-	-
IFOX0F	AOS03	len-differs	error	-	-	not-in-target	0	-	-	-	-
IFOX0G	AOS03	differs	error	-	-	not-in-target	0	-	-	-	-
IFOX0H	AOS03	differs	error	-	-	not-in-target	0	-	-	-	-
IFOX0I	AOS03	differs	error	-	-	not-in-target	0	-	-	-	-
IFOX0J	AOS03	identical	error	-	-	not-in-target	0	-	-	-	-
IGARPT01	AOSC5	holes	holes	LPALIB	IGARPT01	holes	1	N	00167C	00167C	Y
IGC0001G	ALPALIB	differs	error	-	-	not-in-target	0	-	-	-	-
IGC0001I	AOSD0	len-differs	len-differs	LPALIB	IGC0001I	len-differs	1	N	0007E8	0007E8	Y
IGC00020	AOSD0	len-differs	len-differs	LPALIB	IGC00020	len-differs	1	N	000738	000738	Y
IGC0002A	AOSD0	len-differs	len-differs	LPALIB	IGC0002A	len-differs	1	N	000438	000438	Y
IGC0002B	AOSD0	len-differs	len-differs	LPALIB	IGC0001I	len-differs	1	N	000DC0	000DC0	Y
IGC0002C	AOSD0	len-differs	len-differs	LPALIB	IGC00020	len-differs	1	N	000688	000688	Y
IGC0002D	AOSD0	len-differs	len-differs	LPALIB	IGC0002D	len-differs	1	N	000468	000488	N
IGC0002E	AOSD0	len-differs	len-differs	LPALIB	IGC0002E	len-differs	1	N	00057B	00057B	Y
IGC0002F	AOSD0	len-differs	len-differs	LPALIB	IGC0002F	len-differs	1	N	0010BD	0010BD	Y
IGC0002G	AOSD0	len-differs	len-differs	LPALIB	IGC0002G	len-differs	1	N	000838	000838	Y
IGC0002I	AOSD0	identical	identical	LPALIB	IGC0002I	holes	1	N	0007A8	0007A8	Y
IGC00030	AOSD0	len-differs	len-differs	LPALIB	IGC00030	len-differs	1	N	0006D8	0006D8	Y
IGC0003A	AOSD0	len-differs	len-differs	LPALIB	IGC0005E	len-differs	1	N	000960	000960	Y
IGC0003B	AOSD0	differs	differs	LPALIB	IGC0003B	differs	1	N	000218	000218	Y
IGC0003I	AOSU0	identical	identical	LPALIB	IGC0003I	identical	1	N	000400	000400	Y
IGC0005C	AOSD7	len-differs	len-differs	LPALIB	IGC0005C	len-differs	1	N	000AB0	000AB0	Y
IGC0005D	AOSD8	identical	identical	LPALIB	IGC0005D	identical	1	N	000204	000204	Y
IGC0005E	AOSD0	len-differs	len-differs	LPALIB	IGC0005E	len-differs	1	N	0008F8	0008F8	Y
IGC0005G	AOSD7	len-differs	len-differs	LPALIB	IGC0005G	len-differs	1	N	0001F8	0001F8	Y
IGC0005I	AOS06	len-differs	len-differs	LPALIB	IGC0005I	len-differs	1	N	000E48	000E48	Y
IGC0006D	AOSD0	len-differs	len-differs	LPALIB	IGC0006D	len-differs	1	N	000448	000448	Y
IGC0006F	AOS20	len-differs	len-differs	LPALIB	IGC0006F	len-differs	1	N	0003D4	0003D4	Y
IGC0006H	AOSD0	len-differs	len-differs	LPALIB	IGC0006H	len-differs	1	N	0003D8	0003D8	Y
IGC0006I	AOSD0	len-differs	len-differs	LPALIB	IGC0006I	len-differs	1	N	0004C8	0004C8	Y
IGC0007A	AOSG0	len-differs	len-differs	-	-	not-in-target	0	-	000E52	-	-
IGC0007C	AOSG0	len-differs	len-differs	LPALIB	IGC0007C	len-differs	1	N	000310	000310	Y
IGC0007D	AOSG0	len-differs	len-differs	LPALIB	IGC0007D	len-differs	1	N	000368	000368	Y
IGC0007E	AOSG0	len-differs	len-differs	LPALIB	IGC0007E	len-differs	1	N	0002B8	0002B8	Y
IGC0007H	AOSD0	len-differs	len-differs	LPALIB	IGC0007H	len-differs	1	N	0004A0	0004A0	Y
IGC0008A	AOSD0	len-differs	len-differs	LPALIB	IGC0008A	len-differs	1	N	00087A	00087A	Y
IGC0008B	AOSU0	len-differs	len-differs	LPALIB	IGC0008B	len-differs	1	N	000890	000890	Y
IGC0008E	AOSCE	holes	holes	LPALIB	IGC0008E	holes	1	N	0000BC	0000BC	Y
IGC0008F	AOSU0	len-differs	len-differs	LPALIB	IGC0008F	len-differs	1	N	00046C	00046C	Y
IGC0008H	AOSC5	len-differs	error	-	-	not-in-target	0	-	-	-	-
IGC0009C	AOST3	len-differs	len-differs	LPALIB	IGC0009C	len-differs	1	N	000214	000214	Y
IGC0009D	AOST3	len-differs	len-differs	LPALIB	IGC0009D	len-differs	1	N	000123	000123	Y
IGC0009H	AOSD0	len-differs	len-differs	LPALIB	IGC0009H	len-differs	1	N	000640	000640	Y
IGC0010C	AOSD0	differs	differs	LPALIB	IGC0010C	differs	1	N	000300	000300	Y
IGC0010D	AOS21	len-differs	len-differs	LPALIB	IGC0010D	len-differs	1	N	00068C	00068C	Y
IGC0010E	AOSD0	len-differs	len-differs	LPALIB	IGC0010E	len-differs	1	N	000618	000618	Y
IGC0012F	AOSD0	len-differs	len-differs	-	-	not-in-target	0	-	002938	-	-
IGC0101I	AOSD0	no-deck	no-deck	-	-	not-in-target	0	-	-	-	-
IGC01020	AOSD0	no-deck	no-deck	-	-	not-in-target	0	-	-	-	-
IGC0102G	AOSD0	len-differs	len-differs	LPALIB	IGC0002G	len-differs	1	N	000658	000658	Y
IGC0106F	AOS20	holes	holes	LPALIB	IGC0106F	holes	1	N	00034A	00034A	Y
IGC0106H	AOSD0	len-differs	len-differs	LPALIB	IGC0006H	len-differs	1	N	0002A8	0002A8	Y
IGC0107C	AOSG0	differs	differs	LPALIB	IGC0107C	differs	1	N	0001DB	0001DB	Y
IGC0107D	AOSG0	differs	differs	LPALIB	IGC0107D	differs	1	N	00033D	00033D	Y
IGC0107H	AOSD0	len-differs	len-differs	LPALIB	IGC0007H	len-differs	1	N	000598	000598	Y
IGC0108B	AOSU0	differs	differs	LPALIB	IGC0108B	differs	1	N	000787	000787	Y
IGC0109H	AOSD0	len-differs	len-differs	LPALIB	IGC0109H	len-differs	1	N	000534	000534	Y
IGC0110D	AOS21	len-differs	len-differs	LPALIB	IGC0110D	len-differs	1	N	000499	000499	Y
IGC0112F	AOSD0	len-differs	len-differs	-	-	not-in-target	0	-	000984	-	-
IGC018	AOSD0	len-differs	len-differs	NUCLEUS	IEANUC01	len-differs	1	N	000B60	000B60	Y
IGC0203E	AOSB3	len-differs	len-differs	LPALIB	IGC0003E	len-differs	1	N	00060C	0004BB	N
IGC0206F	AOS20	identical	identical	LPALIB	IGC0206F	identical	1	N	00032A	00032A	Y
IGC0206H	AOSD0	len-differs	len-differs	LPALIB	IGC0006H	len-differs	1	N	00021E	00021E	Y
IGC0207A	AOSG0	holes	holes	-	-	not-in-target	0	-	000421	-	-
IGC0208B	AOSU0	differs	differs	LPALIB	IGC0208B	differs	1	N	000318	000318	Y
IGC0209H	AOSD0	len-differs	len-differs	LPALIB	IGC0209H	len-differs	1	N	00051B	00051B	Y
IGC0210D	AOS21	len-differs	len-differs	LPALIB	IGC0210D	len-differs	1	N	000701	000701	Y
IGC0306F	AOS20	holes	holes	LPALIB	IGC0306F	holes	1	N	000396	000396	Y
IGC0306H	AOSD0	len-differs	len-differs	LPALIB	IGC0006H	len-differs	1	N	000268	000268	Y
IGC0308B	AOSU0	identical	identical	LPALIB	IGC0308B	identical	1	N	000252	000252	Y
IGC0310D	AOS21	len-differs	len-differs	LPALIB	IGC0310D	len-differs	1	N	000452	000452	Y
IGC0406F	AOS20	holes	holes	LPALIB	IGC0406F	holes	1	N	000362	000362	Y
IGC0406H	AOSD0	len-differs	len-differs	LPALIB	IGC0006H	len-differs	1	N	000294	000294	Y
IGC0408B	AOSU0	holes	holes	-	-	not-in-target	0	-	000514	-	-
IGC0410D	AOS21	len-differs	len-differs	LPALIB	IGC0410D	len-differs	1	N	0003DA	0003DA	Y
IGC0505I	AOS06	len-differs	len-differs	LPALIB	IGC0005I	len-differs	1	N	00038C	00038C	Y
IGC0506C	AOSC6	len-differs	len-differs	LPALIB	IGC0506C	len-differs	1	N	0004BA	0004BA	Y
IGC0506F	AOS20	len-differs	len-differs	LPALIB	IGC0506F	len-differs	1	N	0003B1	0003B1	Y
IGC0506H	AOSD0	len-differs	len-differs	LPALIB	IGC0006H	len-differs	1	N	00016E	00016E	Y
IGC0508B	AOSU0	identical	identical	LPALIB	IGC0508B	identical	1	N	000735	000735	Y
IGC0510D	AOS21	len-differs	len-differs	LPALIB	IGC0510D	len-differs	1	N	000440	000440	Y
IGC058	AOS20	differs	differs	NUCLEUS	IEANUC01	differs	1	N	000136	000136	Y
IGC0606F	AOS20	holes	holes	LPALIB	IGC0606F	holes	1	N	0001E6	0001E6	Y
IGC0606H	AOSD0	len-differs	len-differs	LPALIB	IGC0006H	len-differs	1	N	000302	000302	Y
IGC0610D	AOS21	len-differs	len-differs	LPALIB	IGC0610D	len-differs	1	N	000540	000540	Y
IGC070	AOSG0	identical	identical	NUCLEUS	IEANUC01	identical	1	N	0000F8	0000F8	Y
IGC0706F	AOS20	len-differs	len-differs	LPALIB	IGC0706F	len-differs	1	N	0002CC	0002CC	Y
IGC0706H	AOSD0	len-differs	len-differs	LPALIB	IGC0006H	len-differs	1	N	00022E	00022E	Y
IGC0710D	AOS21	len-differs	len-differs	LPALIB	IGC0710D	len-differs	1	N	000629	000629	Y
IGC0806F	AOS20	differs	differs	LPALIB	IGC0806F	differs	1	N	0003B0	0003B0	Y
IGC0806H	AOSD0	len-differs	len-differs	LPALIB	IGC0006H	len-differs	1	N	000182	000182	Y
IGC0810D	AOS21	len-differs	len-differs	LPALIB	IGC0810D	len-differs	1	N	000435	000435	Y
IGC084	AOSG0	identical	identical	NUCLEUS	IEANUC01	identical	1	N	0000C8	0000C8	Y
IGC0905I	AOS06	len-differs	len-differs	LPALIB	IGC0005I	len-differs	1	N	000718	000718	Y
IGC0906F	AOS20	identical	identical	LPALIB	IGC0906F	identical	1	N	00030A	00030A	Y
IGC0906H	AOSD0	len-differs	len-differs	LPALIB	IGC0006H	len-differs	1	N	0002FE	0002FE	Y
IGC0910D	AOS21	len-differs	len-differs	LPALIB	IGC0910D	len-differs	1	N	0003F0	0003F0	Y
IGC0A06F	AOS20	holes	holes	LPALIB	IGC0A06F	holes	1	N	00030A	00030A	Y
IGC0A10D	AOS21	len-differs	len-differs	LPALIB	IGC0A10D	len-differs	1	N	000BC3	000BC3	Y
IGC0B06F	AOS20	identical	identical	LPALIB	IGC0B06F	identical	1	N	000168	000168	Y
IGC0B10D	AOS21	len-differs	len-differs	LPALIB	IGC0B10D	len-differs	1	N	00082A	00082A	Y
IGC0C06F	AOS20	holes	holes	LPALIB	IGC0C06F	holes	1	N	000392	000392	Y
IGC0C10D	AOS21	len-differs	len-differs	LPALIB	IGC0C10D	len-differs	1	N	0004B8	0004B8	Y
IGC0D06F	AOS20	len-differs	len-differs	LPALIB	IGC0D06F	len-differs	1	N	000418	000418	Y
IGC0D10D	AOS21	len-differs	len-differs	LPALIB	IGC0D10D	len-differs	1	N	0004E0	0004E0	Y
IGC0E05A	AOS21	len-differs	len-differs	LPALIB	IGC0E05A	len-differs	1	N	001B30	001B30	Y
IGC0E06F	AOS20	len-differs	len-differs	LPALIB	IGC0E06F	len-differs	1	N	000331	000331	Y
IGC0E10D	AOS21	len-differs	len-differs	LPALIB	IGC0E10D	len-differs	1	N	000527	000527	Y
IGC0F05A	AOS11	len-differs	len-differs	LPALIB	IGC0F05A	len-differs	1	N	0021D9	0021D9	Y
IGC0F06F	AOS20	len-differs	len-differs	LPALIB	IGC0F06F	len-differs	1	N	000384	000384	Y
IGC0G05B	AOSC6	identical	identical	LPALIB	IGC0G05B	identical	1	N	000396	000396	Y
IGC0G10D	AOS21	len-differs	len-differs	LPALIB	IGC0G10D	len-differs	1	N	0003F9	0003F9	Y
IGC0G95B	AOSC6	identical	identical	LPALIB	IGC0G95B	identical	1	N	0003D9	0003D9	Y
IGC0H05B	AOSC6	identical	identical	LPALIB	IGC0H05B	identical	1	N	0004E2	0004E2	Y
IGC0H10D	AOS21	len-differs	len-differs	LPALIB	IGC0H10D	len-differs	1	N	0007C0	0007C0	Y
IGC0I05B	AOSC6	identical	identical	LPALIB	IGC0I05B	identical	1	N	000276	000276	Y
IGC0I10D	AOS21	len-differs	len-differs	LPALIB	IGC0I10D	len-differs	1	N	000632	000632	Y
IGC0J05B	AOS21	differs	differs	LPALIB	IGC0J05B	differs	1	N	000264	000264	Y
IGC0J10D	AOS21	len-differs	len-differs	LPALIB	IGC0J10D	len-differs	1	N	00049C	00049C	Y
IGC0K05B	AOSC6	len-differs	len-differs	LPALIB	IGC0K05B	len-differs	1	N	00097A	00097A	Y
IGC0K10D	AOS21	len-differs	len-differs	LPALIB	IGC0K10D	len-differs	1	N	00054C	00054C	Y
IGC0L05B	AOSC6	len-differs	len-differs	LPALIB	IGC0L05B	len-differs	1	N	000174	000174	Y
IGC0L10D	AOS21	len-differs	len-differs	LPALIB	IGC0L10D	len-differs	1	N	00044C	00044C	Y
IGC0M05B	AOSC6	len-differs	len-differs	LPALIB	IGC0M05B	len-differs	1	N	0007DD	0007DD	Y
IGC0N05B	AOSC6	len-differs	len-differs	LPALIB	IGC0N05B	len-differs	1	N	000718	000718	Y
IGC0N06C	AOSC6	len-differs	len-differs	LPALIB	IGC0N06C	len-differs	1	N	0003C6	0003C6	Y
IGC0N10D	AOS21	len-differs	len-differs	LPALIB	IGC0N10D	len-differs	1	N	0000D2	0000D2	Y
IGC0P05B	AOSC6	len-differs	len-differs	LPALIB	IGC0P05B	len-differs	1	N	0002DA	0002DA	Y
IGC0Q05B	AOSC6	identical	identical	LPALIB	IGC0Q05B	identical	1	N	00023C	00023C	Y
IGC0R05B	AOSC6	len-differs	len-differs	LPALIB	IGC0R05B	len-differs	1	N	000733	000733	Y
IGC0S05B	AOSC6	len-differs	len-differs	LPALIB	IGC0S05B	len-differs	1	N	0008D8	0008D8	Y
IGC0T05B	AOSC6	len-differs	len-differs	LPALIB	IGC0T05B	len-differs	1	N	0003C8	0003C8	Y
IGC0U05B	AOSC6	len-differs	len-differs	LPALIB	IGC0U05B	len-differs	1	N	000387	000387	Y
IGC0W05B	AOSC6	len-differs	len-differs	LPALIB	IGC0W05B	len-differs	1	N	00035D	00035D	Y
IGC1006F	AOS20	differs	differs	LPALIB	IGC1006F	differs	1	N	0003A3	0003A3	Y
IGC1106F	AOS20	differs	differs	LPALIB	IGC1106F	differs	1	N	0003DE	0003DE	Y
IGC111	AOSB3	differs	differs	NUCLEUS	IEANUC01	differs	1	N	0000B1	0000B1	Y
IGC1206F	AOS20	len-differs	len-differs	LPALIB	IGC1206F	len-differs	1	N	0000DA	0000DA	Y
IGC121	AOSC5	differs	differs	NUCLEUS	IEANUC01	identical	1	N	000E98	000E98	Y
IGC124	AOS26	no-deck	no-deck	-	-	not-in-target	0	-	-	-	-
IGC1306F	AOS20	len-differs	len-differs	LPALIB	IGC1306F	len-differs	1	N	00028E	00028E	Y
IGC1406F	AOS20	len-differs	len-differs	LPALIB	IGC1406F	len-differs	1	N	00028C	00028C	Y
IGCA010D	AOS21	len-differs	len-differs	LPALIB	IGCA010D	len-differs	1	N	000323	000323	Y
IGCA110D	AOS21	len-differs	len-differs	LPALIB	IGCA110D	len-differs	1	N	000631	000631	Y
IGCA210D	AOS21	len-differs	len-differs	LPALIB	IGCA210D	len-differs	1	N	000506	000506	Y
IGCA310D	AOS21	len-differs	len-differs	LPALIB	IGCA310D	len-differs	1	N	0006BC	0006BC	Y
IGCA410D	AOS21	len-differs	len-differs	LPALIB	IGCA410D	len-differs	1	N	0001FB	0001FB	Y
IGCA510D	AOS21	len-differs	len-differs	LPALIB	IGCA510D	len-differs	1	N	0004F6	0004F6	Y
IGCA610D	AOS21	len-differs	len-differs	LPALIB	IGCA610D	len-differs	1	N	00031C	00031C	Y
IGCA710D	AOS21	len-differs	len-differs	LPALIB	IGCA710D	len-differs	1	N	00021A	00021A	Y
IGCA810D	AOS21	len-differs	len-differs	LPALIB	IGCA810D	len-differs	1	N	000181	000181	Y
IGCA910D	AOS21	len-differs	len-differs	LPALIB	IGCA910D	len-differs	1	N	00032E	00032E	Y
IGCAA10D	AOS21	len-differs	len-differs	LPALIB	IGCAA10D	len-differs	1	N	00041A	00041A	Y
IGCAB10D	AOS21	len-differs	len-differs	LPALIB	IGCAB10D	len-differs	1	N	00029B	00029B	Y
IGCAC10D	AOS21	len-differs	len-differs	LPALIB	IGCAC10D	len-differs	1	N	000254	000254	Y
IGCAD10D	AOS21	len-differs	len-differs	LPALIB	IGCAD10D	len-differs	1	N	0003B9	0003B9	Y
IGCAE10D	AOS21	len-differs	len-differs	LPALIB	IGCAE10D	len-differs	1	N	0002E7	0002E7	Y
IGCAF10D	AOS21	differs	differs	LPALIB	IGCAF10D	differs	1	N	0001AA	0001AA	Y
IGCAG10D	AOS21	len-differs	len-differs	LPALIB	IGCAG10D	len-differs	1	N	000220	000220	Y
IGCAL10D	AOS21	len-differs	len-differs	LPALIB	IGCAL10D	len-differs	1	N	000261	000261	Y
IGCAT10D	AOS21	len-differs	len-differs	LPALIB	IGCAT10D	len-differs	1	N	0006DB	0006DB	Y
IGCC010D	AOS21	differs	differs	LPALIB	IGCC010D	differs	1	N	000400	000400	Y
IGCC110D	AOS21	len-differs	len-differs	LPALIB	IGCC110D	len-differs	1	N	000808	000808	Y
IGCD010D	AOS21	len-differs	len-differs	LPALIB	IGCD010D	len-differs	1	N	000528	000528	Y
IGCD110D	AOS21	len-differs	len-differs	LPALIB	IGCD110D	len-differs	1	N	000407	000407	Y
IGCD210D	AOS21	len-differs	len-differs	LPALIB	IGCD210D	len-differs	1	N	0002F9	0002F9	Y
IGCD310D	AOS21	len-differs	len-differs	LPALIB	IGCD310D	len-differs	1	N	0008FC	0008FC	Y
IGCD410D	AOS21	len-differs	len-differs	LPALIB	IGCD410D	len-differs	1	N	000221	000221	Y
IGCD510D	AOS21	len-differs	len-differs	LPALIB	IGCD510D	len-differs	1	N	000432	000432	Y
IGCD610D	AOS21	len-differs	len-differs	LPALIB	IGCD610D	len-differs	1	N	000396	000396	Y
IGCD710D	AOS21	len-differs	len-differs	LPALIB	IGCD710D	len-differs	1	N	000177	000177	Y
IGCD810D	AOS21	len-differs	len-differs	LPALIB	IGCD810D	len-differs	1	N	000392	000392	Y
IGCD910D	AOS21	len-differs	len-differs	LPALIB	IGCD910D	len-differs	1	N	000460	000460	Y
IGCDB10D	AOS21	len-differs	len-differs	LPALIB	IGCDB10D	len-differs	1	N	000232	000232	Y
IGCDC10D	AOS21	len-differs	len-differs	LPALIB	IGCDC10D	len-differs	1	N	00047C	00047C	Y
IGCDD10D	AOS21	len-differs	len-differs	LPALIB	IGCDD10D	len-differs	1	N	000409	000409	Y
IGCDL10D	AOS21	len-differs	len-differs	LPALIB	IGCDL10D	len-differs	1	N	00063D	00063D	Y
IGCDM10D	AOS21	identical	identical	LPALIB	IGCDM10D	identical	1	N	000263	000263	Y
IGCFA10D	AOS21	len-differs	len-differs	LPALIB	IGCFA10D	len-differs	1	N	000536	000536	Y
IGCFB10D	AOS21	len-differs	len-differs	LPALIB	IGCFB10D	len-differs	1	N	0005EE	0005EE	Y
IGCFC10D	AOS21	len-differs	len-differs	LPALIB	IGCFC10D	len-differs	1	N	0003E2	0003E2	Y
IGCFD10D	AOS21	differs	differs	LINKLIB	IGCFD10D	differs	1	N	0001BE	0001BE	Y
IGCFE10D	AOS21	len-differs	len-differs	LPALIB	IGCFE10D	len-differs	1	N	000526	000526	Y
IGCFF10D	AOS21	len-differs	len-differs	LPALIB	IGCFF10D	len-differs	1	N	000610	000610	Y
IGCFG10D	AOS21	len-differs	len-differs	LPALIB	IGCFG10D	len-differs	1	N	0004AC	0004AC	Y
IGCFH10D	AOS21	len-differs	len-differs	LPALIB	IGCFH10D	len-differs	1	N	0005D4	0005D4	Y
IGCFI10D	AOS21	len-differs	len-differs	LPALIB	IGCFI10D	len-differs	1	N	0006F0	0006F0	Y
IGCFJ10D	AOS21	len-differs	len-differs	LPALIB	IGCFJ10D	len-differs	1	N	000810	000810	Y
IGCFK10D	AOS21	len-differs	len-differs	LPALIB	IGCFK10D	len-differs	1	N	00018E	00018E	Y
IGCFL10D	AOS21	len-differs	len-differs	LPALIB	IGCFL10D	len-differs	1	N	00074E	00074E	Y
IGCFP10D	AOS21	len-differs	len-differs	LPALIB	IGCFP10D	len-differs	1	N	00069E	00069E	Y
IGCFQ10D	AOS21	len-differs	len-differs	LPALIB	IGCFQ10D	len-differs	1	N	0007C4	0007C4	Y
IGCFR10D	AOS21	identical	identical	LPALIB	IGCFR10D	identical	1	N	0004C4	0004C4	Y
IGCH010D	AOS21	len-differs	len-differs	LPALIB	IGCH010D	len-differs	1	N	000802	000802	Y
IGCI010D	AOS21	len-differs	len-differs	LPALIB	IGCI010D	len-differs	1	N	000556	000556	Y
IGCI110D	AOS21	len-differs	len-differs	LPALIB	IGCI110D	len-differs	1	N	00030A	00030A	Y
IGCI210D	AOS21	len-differs	len-differs	LPALIB	IGCI210D	len-differs	1	N	0006F9	0006F9	Y
IGCI310D	AOS21	len-differs	len-differs	LPALIB	IGCI310D	len-differs	1	N	00049F	00049F	Y
IGCM010D	AOS21	differs	differs	LPALIB	IGCM010D	differs	1	N	000400	000400	Y
IGCM110D	AOS21	len-differs	len-differs	LPALIB	IGCM110D	len-differs	1	N	00048E	00048E	Y
IGCM210D	AOS21	len-differs	len-differs	LPALIB	IGCM210D	len-differs	1	N	000250	000250	Y
IGCM310D	AOS21	len-differs	len-differs	LPALIB	IGCM310D	len-differs	1	N	00033F	00033F	Y
IGCM410D	AOS21	differs	differs	LPALIB	IGCM410D	differs	1	N	000800	000800	Y
IGCM510D	AOS21	len-differs	len-differs	LPALIB	IGCM510D	len-differs	1	N	000241	000241	Y
IGCM610D	AOS21	len-differs	len-differs	LPALIB	IGCM610D	len-differs	1	N	0003C1	0003C1	Y
IGCM710D	AOS21	differs	differs	LPALIB	IGCM710D	differs	1	N	000400	000400	Y
IGCM810D	AOS21	len-differs	len-differs	LPALIB	IGCM810D	len-differs	1	N	000445	000445	Y
IGCM910D	AOS21	len-differs	len-differs	LPALIB	IGCM910D	len-differs	1	N	0004B0	0004B0	Y
IGCMA10D	AOS21	len-differs	len-differs	LPALIB	IGCMA10D	len-differs	1	N	0003B7	0003B7	Y
IGCMB10D	AOS21	len-differs	len-differs	LPALIB	IGCMB10D	len-differs	1	N	00059E	00059E	Y
IGCMD10D	AOS21	differs	differs	LPALIB	IGCMD10D	differs	1	N	000400	000400	Y
IGCME10D	AOS21	len-differs	len-differs	LPALIB	IGCME10D	len-differs	1	N	000350	000350	Y
IGCMF10D	AOS21	len-differs	len-differs	LPALIB	IGCMF10D	len-differs	1	N	0003F2	0003F2	Y
IGCMG10D	AOS21	len-differs	len-differs	LPALIB	IGCMG10D	len-differs	1	N	0003DF	0003DF	Y
IGCMH10D	AOS21	len-differs	len-differs	LPALIB	IGCMH10D	len-differs	1	N	000355	000355	Y
IGCMI10D	AOS21	len-differs	len-differs	LPALIB	IGCMI10D	len-differs	1	N	0003D4	0003D4	Y
IGCMK10D	AOS21	len-differs	len-differs	LPALIB	IGCMK10D	len-differs	1	N	00016A	00016A	Y
IGCML10D	AOS21	len-differs	len-differs	LPALIB	IGCML10D	len-differs	1	N	000290	000290	Y
IGCMM10D	AOS21	len-differs	len-differs	LPALIB	IGCMM10D	len-differs	1	N	0004B8	0004B8	Y
IGCMN10D	AOS21	len-differs	len-differs	LPALIB	IGCMN10D	len-differs	1	N	00073A	00073A	Y
IGCMP10D	AOS21	len-differs	len-differs	LPALIB	IGCMP10D	len-differs	1	N	0004B8	0004B8	Y
IGCMR10D	AOS21	len-differs	len-differs	LPALIB	IGCMR10D	len-differs	1	N	0002C8	0002C8	Y
IGCMS10D	AOS21	len-differs	len-differs	LPALIB	IGCMS10D	len-differs	1	N	000528	000528	Y
IGCMSG6C	ALPALIB	identical	identical	LPALIB	IGCMSG6C	identical	1	N	-	000310	?
IGCMT10D	AOS21	differs	differs	LPALIB	IGCMT10D	differs	1	N	000740	000740	Y
IGCMU10D	AOS21	len-differs	len-differs	LPALIB	IGCMU10D	len-differs	1	N	00029A	00029A	Y
IGCMV10D	AOS21	len-differs	len-differs	LPALIB	IGCMV10D	len-differs	1	N	0006AB	0006AB	Y
IGCMY10D	AOS21	len-differs	len-differs	LPALIB	IGCMY10D	len-differs	1	N	0005FA	0005FA	Y
IGCMZ10D	AOS21	len-differs	len-differs	LPALIB	IGCMZ10D	len-differs	1	N	0001D8	0001D8	Y
IGCN010D	AOS21	len-differs	len-differs	LPALIB	IGCN010D	len-differs	1	N	00047D	00047D	Y
IGCN410D	AOS21	differs	differs	LPALIB	IGCN410D	differs	1	N	000800	000800	Y
IGCN510D	AOS21	differs	differs	LPALIB	IGCN510D	differs	1	N	000800	000800	Y
IGCR010D	AOS21	len-differs	len-differs	LPALIB	IGCR010D	len-differs	1	N	0005DD	0005DD	Y
IGCSW10D	AOS21	differs	differs	LPALIB	IGCSW10D	differs	1	N	00041E	00041E	Y
IGCT0018	AOSD0	identical	identical	LPALIB	IGCT0018	differs	1	N	000608	000608	Y
IGCT0021	AOSD0	identical	identical	LPALIB	IGCT0021	differs	1	N	00067C	00067C	Y
IGCT002D	AOSD0	identical	identical	LPALIB	IGCT002D	len-differs	1	N	000410	0003E0	N
IGCT002E	AOSD0	identical	identical	LPALIB	IGCT002E	identical	1	N	000578	000578	Y
IGCT005C	AOSD7	len-differs	len-differs	LPALIB	IGCT005C	len-differs	1	N	0009B8	0009B8	Y
IGCT005G	AOSD7	len-differs	len-differs	LPALIB	IGCT005G	len-differs	1	N	000B24	000B24	Y
IGCT0069	AOSD0	identical	identical	LPALIB	IGCT0069	identical	1	N	000740	000740	Y
IGCT006H	AOSD0	identical	identical	LPALIB	IGCT006H	identical	1	N	00060C	00060C	Y
IGCT010D	AOS21	len-differs	len-differs	LPALIB	IGCT010D	len-differs	1	N	00066A	00066A	Y
IGCT010E	AOSD0	identical	identical	LPALIB	IGCT010E	identical	1	N	000424	000424	Y
IGCT105C	AOSD7	len-differs	len-differs	LPALIB	IGCT005C	len-differs	1	N	000B80	000B80	Y
IGCT1081	AOSD0	identical	identical	LPALIB	IGCT1081	identical	1	N	000F6C	000F6C	Y
IGCT110D	AOS21	len-differs	len-differs	LPALIB	IGCT110D	len-differs	1	N	000592	000592	Y
IGCT210D	AOS21	len-differs	len-differs	LPALIB	IGCT210D	len-differs	1	N	00051A	00051A	Y
IGCV010D	AOS21	len-differs	len-differs	LPALIB	IGCV010D	len-differs	1	N	000508	000508	Y
IGCV110D	AOS21	len-differs	len-differs	LPALIB	IGCV110D	len-differs	1	N	0005E1	0005E1	Y
IGCV210D	AOS21	len-differs	len-differs	LPALIB	IGCV210D	len-differs	1	N	000534	000534	Y
IGCV310D	AOS21	len-differs	len-differs	LPALIB	IGCV310D	len-differs	1	N	000399	000399	Y
IGCV410D	AOS21	len-differs	len-differs	LPALIB	IGCV410D	len-differs	1	N	000322	000322	Y
IGCV510D	AOS21	differs	differs	LPALIB	IGCV510D	differs	1	N	000400	000400	Y
IGCV610D	AOS21	differs	differs	LPALIB	IGCV610D	differs	1	N	000400	000400	Y
IGCV710D	AOS21	len-differs	len-differs	LPALIB	IGCV710D	len-differs	1	N	0001D2	0001D2	Y
IGCV810D	AOS21	len-differs	len-differs	LPALIB	IGCV810D	len-differs	1	N	00095C	00095C	Y
IGCV910D	AOS21	len-differs	len-differs	LPALIB	IGCV910D	len-differs	1	N	0007B8	0007B8	Y
IGCVA10D	AOS21	len-differs	len-differs	LPALIB	IGCVA10D	len-differs	1	N	0007F4	0007F4	Y
IGCVE10D	AOS21	len-differs	len-differs	LPALIB	IGCVE10D	len-differs	1	N	000888	000888	Y
IGCVF10D	AOS21	len-differs	len-differs	LPALIB	IGCVF10D	len-differs	1	N	000648	000648	Y
IGCVG10D	AOS21	len-differs	len-differs	LPALIB	IGCVG10D	len-differs	1	N	0002D0	0002D0	Y
IGCVI10D	AOS21	len-differs	len-differs	LPALIB	IGCVI10D	len-differs	1	N	0006E3	0006E3	Y
IGCVK10D	AOS21	identical	identical	LPALIB	IGCVK10D	identical	1	N	0005F6	0005F6	Y
IGCZ010D	AOS21	len-differs	len-differs	LPALIB	IGCZ010D	len-differs	1	N	0006D2	0006D2	Y
IGCZ110D	AOS21	len-differs	len-differs	LPALIB	IGCZ110D	len-differs	1	N	00054F	00054F	Y
IGE0000D	AOSCA	len-differs	error	-	-	not-in-target	0	-	-	-	-
IGE0000E	AOSCA	identical	error	-	-	not-in-target	0	-	-	-	-
IGE0000G	AOSCA	len-differs	len-differs	LPALIB	IGE0000G	len-differs	1	N	001468	001468	Y
IGE0000H	AOSCA	holes	holes	-	-	not-in-target	0	-	001000	-	-
IGE0000I	AOSCA	differs	differs	LPALIB	IGE0000I	differs	1	N	001000	001000	Y
IGE0001A	AOSCA	len-differs	error	-	-	not-in-target	0	-	-	-	-
IGE0001C	AOSCA	len-differs	error	-	-	not-in-target	0	-	-	-	-
IGE0001F	AOSCA	len-differs	error	-	-	not-in-target	0	-	-	-	-
IGE0001G	AOSD0	identical	error	-	-	not-in-target	0	-	-	-	-
IGE0001H	AOSCA	differs	differs	-	-	not-in-target	0	-	001000	-	-
IGE0002A	AOSCA	differs	error	-	-	not-in-target	0	-	-	-	-
IGE0002B	AOSD0	identical	identical	-	-	not-in-target	0	-	000800	-	-
IGE0002C	AOSD0	len-differs	len-differs	-	-	not-in-target	0	-	000A40	-	-
IGE0002E	AOSC5	len-differs	len-differs	LPALIB	IGE0002E	len-differs	1	N	000197	000197	Y
IGE0003C	AOSCA	len-differs	len-differs	-	-	not-in-target	0	-	000002	-	-
IGE0004A	AOS20	len-differs	len-differs	LPALIB	IGE0004A	len-differs	1	N	000486	000486	Y
IGE0004B	AOS20	len-differs	len-differs	LPALIB	IGE0004B	len-differs	1	N	000250	000250	Y
IGE0004C	AOS20	len-differs	len-differs	LPALIB	IGE0004C	len-differs	1	N	00069C	00069C	Y
IGE0004D	AOS20	len-differs	len-differs	LPALIB	IGE0004D	len-differs	1	N	000A02	000A02	Y
IGE0004G	AOS21	len-differs	len-differs	LPALIB	IGE0004G	len-differs	1	N	000574	000574	Y
IGE0004H	AOS21	len-differs	len-differs	LPALIB	IGE0004H	len-differs	1	N	000528	000528	Y
IGE0004I	AOS21	len-differs	len-differs	LPALIB	IGE0004I	len-differs	1	N	0005B4	0005B4	Y
IGE0010A	AOSG0	len-differs	len-differs	-	-	not-in-target	0	-	000428	-	-
IGE0010B	AOSG0	len-differs	len-differs	-	-	not-in-target	0	-	000486	-	-
IGE0010D	AOSG0	len-differs	len-differs	-	-	not-in-target	0	-	000288	-	-
IGE0010E	AOSG0	len-differs	len-differs	LPALIB	IGE0010E	len-differs	1	N	000AFC	000AFC	Y
IGE0011A	AOSU0	len-differs	len-differs	-	-	not-in-target	0	-	0003E4	-	-
IGE0011C	AOSD0	len-differs	len-differs	-	-	not-in-target	0	-	000510	-	-
IGE0011D	AOSD0	len-differs	len-differs	-	-	not-in-target	0	-	000438	-	-
IGE0011E	AOSD0	identical	identical	-	-	not-in-target	0	-	000120	-	-
IGE0019I	AOS06	len-differs	len-differs	-	-	not-in-target	0	-	000678	-	-
IGE0025C	ALPALIB	len-differs	len-differs	LPALIB	IGE0025C	len-differs	1	N	-	0007AC	?
IGE0025D	ALPALIB	differs	error	-	-	not-in-target	0	-	-	-	-
IGE0100I	AOSCA	differs	differs	LPALIB	IGE0100I	differs	1	N	001000	001000	Y
IGE0101F	AOSCA	len-differs	error	-	-	not-in-target	0	-	-	-	-
IGE0104A	AOS20	len-differs	len-differs	LPALIB	IGE0104A	len-differs	1	N	000318	000318	Y
IGE0104B	AOS20	len-differs	len-differs	LPALIB	IGE0104B	len-differs	1	N	0001C2	0001C2	Y
IGE0104C	AOS20	len-differs	len-differs	LPALIB	IGE0104C	len-differs	1	N	0001DE	0001DE	Y
IGE0104G	AOS21	len-differs	len-differs	LPALIB	IGE0104G	len-differs	1	N	0003DA	0003DA	Y
IGE0104H	AOS21	identical	identical	LPALIB	IGE0104H	identical	1	N	00038A	00038A	Y
IGE0119I	AOS06	identical	identical	-	-	not-in-target	0	-	0002E0	-	-
IGE0204A	AOS20	len-differs	len-differs	LPALIB	IGE0204A	len-differs	1	N	000354	000354	Y
IGE0204B	AOS20	len-differs	len-differs	LPALIB	IGE0204B	len-differs	1	N	000256	000256	Y
IGE0204C	AOS20	len-differs	len-differs	LPALIB	IGE0204C	len-differs	1	N	000579	000579	Y
IGE0204G	AOS21	len-differs	len-differs	LPALIB	IGE0204G	len-differs	1	N	00036E	00036E	Y
IGE0204H	AOS21	len-differs	len-differs	LPALIB	IGE0204H	len-differs	1	N	0003D6	0003D6	Y
IGE0301H	AOSCA	len-differs	len-differs	-	-	not-in-target	0	-	000E4C	-	-
IGE0304A	AOS20	len-differs	len-differs	LPALIB	IGE0304A	len-differs	1	N	000304	000304	Y
IGE0304B	AOS20	len-differs	len-differs	LPALIB	IGE0304B	len-differs	1	N	000320	000320	Y
IGE0304C	AOS20	len-differs	len-differs	LPALIB	IGE0304C	len-differs	1	N	0001F2	0001F2	Y
IGE0304G	AOS21	len-differs	len-differs	LPALIB	IGE0304G	len-differs	1	N	0001AC	0001AC	Y
IGE0404A	AOS20	len-differs	len-differs	LPALIB	IGE0404A	len-differs	1	N	000202	000202	Y
IGE0404B	AOS20	len-differs	len-differs	LPALIB	IGE0404B	len-differs	1	N	000278	000278	Y
IGE0404C	AOS20	len-differs	len-differs	LPALIB	IGE0404C	len-differs	1	N	00046C	00046C	Y
IGE0404G	AOS21	len-differs	len-differs	LPALIB	IGE0404G	len-differs	1	N	0001F8	0001F8	Y
IGE0404H	AOS21	len-differs	len-differs	LPALIB	IGE0404H	len-differs	1	N	00037C	00037C	Y
IGE0504A	AOS20	len-differs	len-differs	LPALIB	IGE0504A	len-differs	1	N	0003E4	0003E4	Y
IGE0504B	AOS20	len-differs	len-differs	LPALIB	IGE0504B	len-differs	1	N	000258	000258	Y
IGE0504C	AOS20	len-differs	len-differs	LPALIB	IGE0504C	len-differs	1	N	000782	000782	Y
IGE0504G	AOS21	len-differs	len-differs	LPALIB	IGE0504G	len-differs	1	N	000588	000588	Y
IGE0504H	AOS21	len-differs	len-differs	LPALIB	IGE0504H	len-differs	1	N	000520	000520	Y
IGE0604A	AOS20	len-differs	len-differs	LPALIB	IGE0604A	len-differs	1	N	00018E	00018E	Y
IGE0604B	AOS20	len-differs	len-differs	LPALIB	IGE0604B	len-differs	1	N	00018C	00018C	Y
IGE0604C	AOS20	len-differs	len-differs	LPALIB	IGE0604C	len-differs	1	N	0002A8	0002A8	Y
IGE0604G	AOS21	len-differs	len-differs	LPALIB	IGE0604G	len-differs	1	N	000244	000244	Y
IGE0660A	AOSCE	identical	identical	LPALIB	IGFDI0	identical	1	N	00036C	00036C	Y
IGE0704A	AOS20	len-differs	len-differs	LPALIB	IGE0704A	len-differs	1	N	000216	000216	Y
IGE0704B	AOS20	len-differs	len-differs	LPALIB	IGE0704B	len-differs	1	N	000182	000182	Y
IGE0704C	AOS20	len-differs	len-differs	LPALIB	IGE0704C	len-differs	1	N	000270	000270	Y
IGE0804A	AOS20	len-differs	len-differs	LPALIB	IGE0804A	len-differs	1	N	0000CE	0000CE	Y
IGE0804B	AOS20	len-differs	len-differs	LPALIB	IGE0804B	len-differs	1	N	000300	000300	Y
IGE0804C	AOS20	len-differs	len-differs	LPALIB	IGE0804C	len-differs	1	N	0002AA	0002AA	Y
IGE0804G	AOS21	len-differs	len-differs	LPALIB	IGE0804G	len-differs	1	N	000298	000298	Y
IGE0804H	AOS21	identical	identical	LPALIB	IGE0804H	identical	1	N	000032	000032	Y
IGE0904A	AOS20	len-differs	len-differs	LPALIB	IGE0904A	len-differs	1	N	000188	000188	Y
IGE0904B	AOS20	len-differs	len-differs	LPALIB	IGE0904B	len-differs	1	N	000620	000620	Y
IGE0904C	AOS20	len-differs	len-differs	LPALIB	IGE0904C	len-differs	1	N	000696	000696	Y
IGE0904G	AOS21	len-differs	len-differs	LPALIB	IGE0904G	len-differs	1	N	0000B4	0000B4	Y
IGE0904H	AOS21	len-differs	len-differs	LPALIB	IGE0904H	len-differs	1	N	0003A2	0003A2	Y
IGE0904I	AOS21	len-differs	len-differs	LPALIB	IGE0904I	len-differs	1	N	000798	000798	Y
IGF2503D	AOSCE	differs	differs	LPALIB	IGC0003D	differs	1	N	0003D4	0003D4	Y
IGF2603D	AOSCE	identical	identical	LPALIB	IGC0003D	identical	1	N	001574	001574	Y
IGFC60	AOSCE	len-differs	len-differs	LINKLIB	IGFC60	len-differs	1	N	000466	000466	Y
IGFC70	AOSCE	differs	differs	LINKLIB	IGFC70	differs	1	N	000456	000456	Y
IGFC80	AOSCE	differs	differs	LINKLIB	IGFC80	differs	1	N	00029A	00029A	Y
IGFCCHCR	AOSCE	differs	differs	NUCLEUS	IEANUC01	differs	1	N	000FCA	000FCA	Y
IGFCCHED	AOSCE	differs	differs	NUCLEUS	IEANUC01	error	1	N	000358	000358	Y
IGFCHDA	AOSCE	identical	identical	NUCLEUS	IEANUC01	identical	1	N	000058	000058	Y
IGFCIC	AOSCE	len-differs	len-differs	LINKLIB	IGFCIC	len-differs	1	N	000162	000162	Y
IGFCINIT	AOSC5	identical	identical	NUCLEUS	IEAVNP06	identical	1	N	0001E2	0001E2	Y
IGFDD0	AOSCE	holes	holes	LPALIB	IGFDI0	holes	1	N	00022C	00022C	Y
IGFDD1	AOSCE	holes	holes	LPALIB	IGFDI0	holes	1	N	0001F8	0001F8	Y
IGFDE0	AOSCE	len-differs	len-differs	LPALIB	IGC0003D	len-differs	2	N	00013C	00013C	Y
IGFDE1	AOSCE	len-differs	len-differs	LPALIB	IGC0003D	len-differs	2	N	0004D7	0004D7	Y
IGFDI0	AOSCE	identical	identical	LPALIB	IGFDI0	identical	1	N	000324	000324	Y
IGFDI1	AOSCE	len-differs	len-differs	LPALIB	IGFDI0	len-differs	1	N	0006C8	0006C8	Y
IGFDL1	AOSCE	holes	holes	LPALIB	IGFDI0	holes	1	N	000350	000350	Y
IGFDM0	AOSCE	holes	holes	LPALIB	IGFDI0	holes	1	N	00066C	00066C	Y
IGFDM1	AOSCE	len-differs	len-differs	LPALIB	IGFDI0	len-differs	1	N	0005A4	0005A4	Y
IGFDMTXT	AOSCE	len-differs	len-differs	LPALIB	IGFDI0	len-differs	1	N	00044D	00044D	Y
IGFDR0	AOSCE	len-differs	len-differs	LPALIB	IGFDI0	len-differs	1	N	000500	000500	Y
IGFDS0	AOSCE	differs	differs	LPALIB	IGFDI0	differs	1	N	000340	000340	Y
IGFDS1	AOSCE	holes	holes	LPALIB	IGFDI0	holes	1	N	0001E8	0001E8	Y
IGFDT0	AOSCE	holes	holes	LPALIB	IGFDI0	holes	1	N	000320	000320	Y
IGFDT1	AOSCE	len-differs	len-differs	LPALIB	IGFDI0	len-differs	1	N	000768	000768	Y
IGFDT2	AOSCE	differs	differs	LPALIB	IGFDI0	differs	1	N	000660	000660	Y
IGFDU0	AOSCE	holes	holes	LPALIB	IGFDI0	holes	1	N	000240	000240	Y
IGFDU1	AOSCE	holes	holes	LPALIB	IGFDI0	holes	1	N	0001B8	0001B8	Y
IGFDV0	AOSCE	len-differs	len-differs	LPALIB	IGFDI0	len-differs	1	N	000630	000630	Y
IGFDV1	AOSCE	len-differs	len-differs	LPALIB	IGC0003D	len-differs	2	N	000651	000651	Y
IGFDW0	AOSCE	len-differs	len-differs	LPALIB	IGFDI0	len-differs	1	N	000380	000380	Y
IGFINTVL	AOSCE	differs	differs	NUCLEUS	IEANUC01	differs	1	N	00008A	00008A	Y
IGFPBUCR	AOSCE	differs	differs	NUCLEUS	IEANUC01	error	1	N	0004A8	0004A8	Y
IGFPEXIT	AOSCE	identical	identical	NUCLEUS	IEANUC01	error	1	N	0001CA	0001CA	Y
IGFPINIT	AOSC5	identical	identical	NUCLEUS	IEAVNP06	identical	1	N	000420	000420	Y
IGFPKREF	AOSCE	differs	differs	NUCLEUS	IEANUC01	error	1	N	000098	000098	Y
IGFPMCIH	AOSCE	identical	identical	NUCLEUS	IEANUC01	error	1	N	000452	000452	Y
IGFPMFRS	AOSCE	identical	identical	NUCLEUS	IEANUC01	error	1	N	000104	000104	Y
IGFPMHCA	AOSCE	differs	differs	NUCLEUS	IEANUC01	error	1	N	000264	000264	Y
IGFPMKTA	AOSCE	differs	differs	NUCLEUS	IEANUC01	error	1	N	00024C	00024C	Y
IGFPMMSG	AOSCE	identical	identical	NUCLEUS	IEANUC01	error	1	N	0000CC	0000CC	Y
IGFPMPFX	AOSCE	differs	differs	NUCLEUS	IEANUC01	error	1	N	0000F8	0000F8	Y
IGFPMRTM	AOSCE	differs	differs	NUCLEUS	IEANUC01	error	1	N	000100	000100	Y
IGFPMSCA	AOSCE	identical	identical	NUCLEUS	IEANUC01	error	1	N	00011C	00011C	Y
IGFPMTHA	AOSCE	identical	identical	NUCLEUS	IEANUC01	error	1	N	0002C0	0002C0	Y
IGFPNRFH	AOSCE	differs	differs	NUCLEUS	IEANUC01	error	1	N	00064C	00064C	Y
IGFPNSAV	AOSC5	identical	identical	NUCLEUS	IEAVNPC6	identical	1	N	00018A	00018A	Y
IGFPSAD0	AOSCE	identical	identical	NUCLEUS	IEANUC01	error	1	N	000002	000002	Y
IGFPTAIM	AOSCE	differs	differs	NUCLEUS	IEANUC01	error	1	N	0000E0	0000E0	Y
IGFPTCON	AOSCE	identical	identical	NUCLEUS	IEANUC01	error	1	N	000218	000218	Y
IGFPTERM	AOSCE	identical	identical	NUCLEUS	IEANUC01	error	1	N	0002B9	0002B9	Y
IGFPTREC	AOSCE	identical	identical	NUCLEUS	IEANUC01	error	1	N	000771	000771	Y
IGFPTSIG	AOSCE	identical	identical	NUCLEUS	IEANUC01	error	1	N	000280	000280	Y
IGFPWMSG	AOSCE	len-differs	len-differs	LPALIB	IEAVTRET	len-differs	1	N	0007B1	0007B1	Y
IGFPXMFA	AOSCE	identical	identical	NUCLEUS	IEANUC01	error	1	N	00020C	00020C	Y
IGFRINIT	AOSC5	len-differs	len-differs	NUCLEUS	IEAVNP06	len-differs	1	N	00053F	00053F	Y
IGFRWAC	AOSCE	identical	identical	NUCLEUS	IEANUC01	error	1	N	000090	000090	Y
IGFTMC00	AOSCE	identical	identical	NUCLEUS	IEANUC01	identical	1	N	000A2A	000A2A	Y
IGFTMCHK	AOSCE	differs	differs	LPALIB	IGFTMCHK	differs	1	N	000D44	000D44	Y
IGG0102F	AOSD0	no-deck	no-deck	-	-	not-in-target	0	-	-	-	-
IGG0190A	AOSD0	no-deck	no-deck	-	-	not-in-target	0	-	-	-	-
IGG0190B	AOSD0	no-deck	no-deck	-	-	not-in-target	0	-	-	-	-
IGG0190R	AOSD0	no-deck	no-deck	-	-	not-in-target	0	-	-	-	-
IGG0190S	AOSD0	no-deck	no-deck	-	-	not-in-target	0	-	-	-	-
IGG01910	AOSD0	identical	identical	LPALIB	IGG0191D	identical	1	N	0002F8	0002F8	Y
IGG01911	AOSD0	identical	identical	LPALIB	IGG01911	identical	1	N	00052E	00052E	Y
IGG01912	AOSD0	identical	identical	LPALIB	IGG0191D	identical	1	N	00034C	00034C	Y
IGG01913	AOSD0	identical	identical	LPALIB	IGG01911	identical	1	N	00024A	00024A	Y
IGG01915	AOSD0	identical	identical	LPALIB	IGG0191D	identical	1	N	000396	000396	Y
IGG01916	AOSD0	len-differs	len-differs	LPALIB	IGG01911	len-differs	1	N	00025C	00025C	Y
IGG01917	AOSD0	identical	identical	LPALIB	IGG0191D	identical	1	N	00036A	00036A	Y
IGG01918	AOSD0	identical	identical	LPALIB	IGG01911	identical	1	N	000204	000204	Y
IGG01919	AOSD0	identical	identical	LPALIB	IGG01911	identical	1	N	00027E	00027E	Y
IGG0191A	AOSD0	len-differs	len-differs	LPALIB	IGG0191A	len-differs	1	N	0003D2	0003D2	Y
IGG0191B	AOSD0	identical	identical	LPALIB	IGG0191A	identical	1	N	000348	000348	Y
IGG0191C	AOSD0	len-differs	len-differs	LPALIB	IGG01911	len-differs	1	N	00047C	00047C	Y
IGG0191D	AOSD0	identical	identical	LPALIB	IGG0191D	identical	1	N	000452	000452	Y
IGG0191F	AOSD0	len-differs	len-differs	-	-	not-in-target	0	-	000416	-	-
IGG0191G	AOSD0	identical	identical	LPALIB	IGG0191D	identical	1	N	000354	000354	Y
IGG0191H	AOSD0	identical	identical	LPALIB	IGG01911	identical	1	N	000424	000424	Y
IGG0191I	AOSD0	len-differs	len-differs	LPALIB	IGG0191A	len-differs	1	N	00033A	00033A	Y
IGG0191J	AOSD0	len-differs	len-differs	LPALIB	IGG0191D	len-differs	1	N	00031C	00031C	Y
IGG0191K	AOSD0	identical	identical	LPALIB	IGG01911	identical	1	N	00041E	00041E	Y
IGG0191L	AOSD7	len-differs	len-differs	LPALIB	IGG0191L	len-differs	1	N	0003CC	0003CC	Y
IGG0191M	AOSD7	len-differs	len-differs	LPALIB	IGG0191L	len-differs	1	N	000450	000450	Y
IGG0191N	AOSD0	len-differs	len-differs	LPALIB	IGG0191A	len-differs	1	N	0008CC	0008CC	Y
IGG0191O	AOSD0	identical	identical	LPALIB	IGG0191D	identical	1	N	00045E	00045E	Y
IGG0191P	AOSD0	identical	identical	LPALIB	IGG0191D	identical	1	N	000220	000220	Y
IGG0191Q	AOSD0	len-differs	len-differs	LPALIB	IGG01911	len-differs	1	N	00044C	00044C	Y
IGG0191R	AOSD0	len-differs	len-differs	LPALIB	IGG01911	len-differs	1	N	00029E	00029E	Y
IGG0191S	AOSD0	len-differs	len-differs	LPALIB	IGG01911	len-differs	1	N	000352	000352	Y
IGG0191T	AOSD0	differs	differs	LPALIB	IGG0191A	differs	1	N	000318	000318	Y
IGG0191U	AOSD0	len-differs	len-differs	LPALIB	IGG0191A	len-differs	1	N	00031E	00031E	Y
IGG0191V	AOSD0	len-differs	len-differs	LPALIB	IGG0191A	len-differs	1	N	000356	000356	Y
IGG0191W	AOSD0	identical	identical	LPALIB	IGG01911	identical	1	N	0004CA	0004CA	Y
IGG0191X	AOSD0	identical	identical	LPALIB	IGG01911	identical	1	N	000452	000452	Y
IGG0191Y	AOSD0	identical	identical	LPALIB	IGG0191A	identical	1	N	000290	000290	Y
IGG0191Z	AOSD0	identical	identical	LPALIB	IGG0191D	identical	1	N	00038E	00038E	Y
IGG01920	AOSD8	differs	differs	LPALIB	IGG01920	differs	1	N	000484	000484	Y
IGG01921	AOSD8	len-differs	len-differs	LPALIB	IGG01921	len-differs	1	N	000340	000340	Y
IGG01922	AOSD8	len-differs	len-differs	LPALIB	IGG01922	len-differs	1	N	0003D1	0003D1	Y
IGG01923	AOSD0	identical	identical	LPALIB	IGG0191D	identical	1	N	0002B2	0002B2	Y
IGG01924	AOSD8	len-differs	len-differs	LPALIB	IGG01924	len-differs	1	N	0003AA	0003AA	Y
IGG01926	AOSD0	identical	identical	LPALIB	IGG01911	identical	1	N	000214	000214	Y
IGG01928	AOSD8	len-differs	len-differs	LPALIB	IGG01928	len-differs	1	N	000398	000398	Y
IGG01929	AOSD8	len-differs	len-differs	LPALIB	IGG01929	len-differs	1	N	0003F0	0003F0	Y
IGG0192A	AOSD8	len-differs	len-differs	LPALIB	IGG0192A	len-differs	1	N	000488	000488	Y
IGG0192B	AOSD8	len-differs	len-differs	LPALIB	IGG0192B	len-differs	1	N	0003C2	0003C2	Y
IGG0192C	AOSD8	len-differs	len-differs	LPALIB	IGG0192C	len-differs	1	N	0003F8	0003F8	Y
IGG0192D	AOSD8	len-differs	len-differs	LPALIB	IGG0192D	len-differs	1	N	00044B	00044B	Y
IGG0192E	AOSD8	len-differs	len-differs	LPALIB	IGG0192E	len-differs	1	N	0003E6	0003E6	Y
IGG0192F	AOSD8	len-differs	len-differs	LPALIB	IGG0192F	len-differs	1	N	0002B0	0002B0	Y
IGG0192G	AOSD8	len-differs	len-differs	LPALIB	IGG0192G	len-differs	1	N	00044A	00044A	Y
IGG0192H	AOSD8	len-differs	len-differs	LPALIB	IGG0192H	len-differs	1	N	0004A6	0004A6	Y
IGG0192I	AOSD8	len-differs	len-differs	LPALIB	IGG0192I	len-differs	1	N	00033E	00033E	Y
IGG0192J	AOSD8	len-differs	len-differs	LPALIB	IGG0192J	len-differs	1	N	0002CA	0002CA	Y
IGG0192K	AOSD8	len-differs	len-differs	LPALIB	IGG0192K	len-differs	1	N	000346	000346	Y
IGG0192L	AOSD8	len-differs	len-differs	LPALIB	IGG0192L	len-differs	1	N	000286	000286	Y
IGG0192M	AOSD8	len-differs	len-differs	LPALIB	IGG0192M	len-differs	1	N	0002C8	0002C8	Y
IGG0192N	AOSD8	len-differs	len-differs	LPALIB	IGG0192N	len-differs	1	N	0002BC	0002BC	Y
IGG0192O	AOSD8	differs	differs	LPALIB	IGG0192O	differs	1	N	000404	000404	Y
IGG0192P	AOSD8	differs	differs	LPALIB	IGG0192P	differs	1	N	00035B	00035B	Y
IGG0192Q	AOSD8	len-differs	len-differs	LPALIB	IGG0192Q	len-differs	1	N	0002A8	0002A8	Y
IGG0192R	AOSD8	len-differs	len-differs	LPALIB	IGG0192R	len-differs	1	N	00037C	00037C	Y
IGG0192S	AOSD8	len-differs	len-differs	LPALIB	IGG0192S	len-differs	1	N	0004C6	0004C6	Y
IGG0192T	AOSD8	len-differs	len-differs	LPALIB	IGG0192T	len-differs	1	N	000346	000346	Y
IGG0192U	AOSD8	len-differs	len-differs	LPALIB	IGG0192U	len-differs	1	N	0003F8	0003F8	Y
IGG0192V	AOSD8	differs	differs	LPALIB	IGG0192V	differs	1	N	000408	000408	Y
IGG0192W	AOSD8	len-differs	len-differs	LPALIB	IGG0192W	len-differs	1	N	000412	000412	Y
IGG0192X	AOSD8	len-differs	len-differs	LPALIB	IGG0192X	len-differs	1	N	0002F6	0002F6	Y
IGG0192Z	AOSD8	differs	differs	LPALIB	IGG0192Z	differs	1	N	000284	000284	Y
IGG01930	AOS21	len-differs	len-differs	LPALIB	IGG01930	len-differs	1	N	0002EA	0002EA	Y
IGG01931	AOS21	len-differs	len-differs	LPALIB	IGG01931	len-differs	1	N	0004A3	0004A3	Y
IGG01933	AOS21	len-differs	len-differs	LPALIB	IGG01933	len-differs	1	N	000470	000470	Y
IGG01934	AOS21	len-differs	len-differs	LPALIB	IGG01934	len-differs	1	N	0002C8	0002C8	Y
IGG01935	AOS21	len-differs	len-differs	LPALIB	IGG01935	len-differs	1	N	000408	000408	Y
IGG01936	AOS21	len-differs	len-differs	LPALIB	IGG01936	len-differs	1	N	0007D2	0007D2	Y
IGG01937	AOS21	differs	differs	LPALIB	IGG01937	differs	1	N	000400	000400	Y
IGG01938	AOS21	len-differs	len-differs	LPALIB	IGG01938	len-differs	1	N	00046C	00046C	Y
IGG01939	AOS21	len-differs	len-differs	LPALIB	IGG01939	len-differs	1	N	000307	000307	Y
IGG0193A	AOSD7	len-differs	len-differs	LPALIB	IGG0193A	len-differs	1	N	000DF6	000DF6	Y
IGG0193I	AOSD0	differs	differs	LPALIB	IGG0191A	differs	1	N	0002A8	0002A8	Y
IGG0193K	AOSD0	len-differs	len-differs	LPALIB	IGC0001I	error	1	N	000348	000348	Y
IGG0193M	AOS20	len-differs	len-differs	LPALIB	IGG0193M	len-differs	1	N	0003F4	0003F4	Y
IGG0193Q	AOS20	len-differs	len-differs	LPALIB	IGG0193Q	len-differs	1	N	0005D0	0005D0	Y
IGG0193S	AOS20	len-differs	len-differs	LPALIB	IGG0193S	len-differs	1	N	0004C0	0004C0	Y
IGG0193Y	AOSG0	len-differs	len-differs	LPALIB	IGG0193Y	len-differs	1	N	000907	000907	Y
IGG01940	AOS21	differs	differs	LPALIB	IGG01940	differs	1	N	000294	000294	Y
IGG01941	AOS21	len-differs	len-differs	LPALIB	IGG01941	len-differs	1	N	0004BC	0004BC	Y
IGG01942	AOS21	len-differs	len-differs	LPALIB	IGG01942	len-differs	1	N	000800	000800	Y
IGG01943	AOS21	len-differs	len-differs	LPALIB	IGG01943	len-differs	1	N	0007D4	0007D4	Y
IGG01944	AOS21	len-differs	len-differs	LPALIB	IGG01944	len-differs	1	N	000472	000472	Y
IGG01945	AOS21	len-differs	len-differs	LPALIB	IGG01945	len-differs	1	N	00019A	00019A	Y
IGG01946	AOS21	len-differs	len-differs	LPALIB	IGG01946	len-differs	1	N	0005E4	0005E4	Y
IGG01948	AOS21	differs	differs	LPALIB	IGG01948	differs	1	N	000400	000400	Y
IGG01949	AOS21	len-differs	len-differs	LPALIB	IGG01949	len-differs	1	N	00061A	00061A	Y
IGG0194B	AOS21	differs	differs	LPALIB	IGG0194B	differs	1	N	0002B2	0002B2	Y
IGG0194N	AOS20	len-differs	len-differs	LPALIB	IGG0194N	len-differs	1	N	000376	000376	Y
IGG0194P	AOS20	differs	differs	LPALIB	IGG0194P	differs	1	N	000800	000800	Y
IGG0194Q	AOS20	len-differs	len-differs	LPALIB	IGG0194Q	len-differs	1	N	000530	000530	Y
IGG01950	AOSD8	len-differs	len-differs	LPALIB	IGG01950	len-differs	1	N	000484	000484	Y
IGG0195D	AOSD8	differs	differs	LPALIB	IGG0195D	differs	1	N	0002FC	0002FC	Y
IGG0195G	AOSD8	len-differs	len-differs	LPALIB	IGG0195G	len-differs	1	N	0002FC	0002FC	Y
IGG0195T	AOSD8	differs	differs	LPALIB	IGG0195T	differs	1	N	000413	000413	Y
IGG0195U	AOSD8	len-differs	len-differs	LPALIB	IGG0195U	len-differs	1	N	00025A	00025A	Y
IGG0196A	AOSD0	len-differs	len-differs	LPALIB	IGG0191A	len-differs	1	N	0003F2	0003F2	Y
IGG0196B	AOSD0	differs	differs	LPALIB	IGG0191A	differs	1	N	00028C	00028C	Y
IGG0196C	AOSD8	len-differs	len-differs	LPALIB	IGG0196C	len-differs	1	N	000188	000188	Y
IGG0196D	AOSD8	differs	differs	LPALIB	IGG0196D	differs	1	N	00038A	00038A	Y
IGG0196G	AOSD8	len-differs	len-differs	LPALIB	IGG0196G	len-differs	1	N	0003F6	0003F6	Y
IGG0196I	AOSD0	len-differs	len-differs	LPALIB	IGG0191A	len-differs	1	N	0002FE	0002FE	Y
IGG0196K	AOSD0	len-differs	len-differs	LPALIB	IGG0191D	len-differs	1	N	00038C	00038C	Y
IGG0196L	AOSD0	len-differs	len-differs	LPALIB	IGG0191D	len-differs	1	N	0002D4	0002D4	Y
IGG0196M	AOSD0	differs	differs	LPALIB	IFG0190P	differs	1	N	000428	000428	Y
IGG0196P	AOSD0	identical	identical	LPALIB	IGG0191D	identical	1	N	000438	000438	Y
IGG0196Q	AOSD0	differs	differs	LPALIB	IGG0191A	differs	1	N	00040E	00040E	Y
IGG0196R	AOSD0	differs	differs	-	-	not-in-target	0	-	000400	-	-
IGG0196S	AOST3	len-differs	len-differs	LPALIB	IGG0196S	len-differs	1	N	00033C	00033C	Y
IGG0197A	AOSD0	len-differs	len-differs	-	-	not-in-target	0	-	000304	-	-
IGG0197B	AOSD0	len-differs	len-differs	-	-	not-in-target	0	-	0003C8	-	-
IGG0197C	AOSD0	differs	differs	-	-	not-in-target	0	-	000318	-	-
IGG0197D	AOSD0	differs	differs	-	-	not-in-target	0	-	000318	-	-
IGG0197E	AOSD0	len-differs	len-differs	LPALIB	IGG0191A	len-differs	1	N	0003F6	0003F6	Y
IGG0197F	AOSD0	len-differs	len-differs	LPALIB	IGG0191A	len-differs	1	N	0004EE	0004EE	Y
IGG0197J	AOSD0	identical	error	-	-	not-in-target	0	-	-	-	-
IGG0197K	AOSD0	identical	error	-	-	not-in-target	0	-	-	-	-
IGG0197L	AOSD0	differs	differs	-	-	not-in-target	0	-	000400	-	-
IGG0197M	AOSD0	differs	differs	-	-	not-in-target	0	-	000400	-	-
IGG0197N	AOSD0	len-differs	len-differs	-	-	not-in-target	0	-	000520	-	-
IGG0197P	AOSD0	len-differs	len-differs	-	-	not-in-target	0	-	0004C8	-	-
IGG0197Q	AOSD0	len-differs	len-differs	-	-	not-in-target	0	-	0002D8	-	-
IGG0197U	AOSD0	len-differs	len-differs	LPALIB	IGG0191A	len-differs	1	N	00041E	00041E	Y
IGG0197V	AOSD0	differs	differs	-	-	not-in-target	0	-	000400	-	-
IGG0198B	AOS21	len-differs	len-differs	LPALIB	IGG0198B	len-differs	1	N	000534	000534	Y
IGG0198D	AOS21	differs	differs	LPALIB	IGG0198D	differs	1	N	000400	000400	Y
IGG0198E	AOS21	differs	differs	LPALIB	IGG0198E	differs	1	N	000400	000400	Y
IGG0198L	AOSD0	differs	differs	LPALIB	IGG0198L	differs	1	N	0002F0	0002F0	Y
IGG01991	AOSD0	identical	identical	LPALIB	IGG0191D	identical	1	N	0002B8	0002B8	Y
IGG01992	AOSD0	identical	identical	LPALIB	IGG01911	identical	1	N	000282	000282	Y
IGG01993	AOSD0	identical	identical	LPALIB	IGG0191D	identical	1	N	0001FF	0001FF	Y
IGG01994	AOSD0	identical	identical	LPALIB	IGG01911	identical	1	N	00021C	00021C	Y
IGG0199F	AOSD0	len-differs	len-differs	LPALIB	IGG0199F	len-differs	1	N	000504	000504	Y
IGG0199G	AOSD0	differs	differs	LPALIB	IGG0199G	differs	1	N	000504	000504	Y
IGG0199K	AOSD0	identical	identical	LPALIB	IGG01911	identical	1	N	000432	000432	Y
IGG0199L	AOSD7	len-differs	len-differs	LPALIB	IGG0191L	len-differs	1	N	000461	000461	Y
IGG0199O	AOSD0	identical	identical	LPALIB	IGG0191D	identical	1	N	0002FA	0002FA	Y
IGG0199W	AOSD0	len-differs	len-differs	LPALIB	IGG0199W	len-differs	1	N	000558	000558	Y
IGG019A4	AOSU0	identical	identical	-	-	not-in-target	0	-	0001AC	-	-
IGG019AA	AOSD0	len-differs	len-differs	LPALIB	IGG019AA	len-differs	1	N	0000F0	0000F0	Y
IGG019AB	AOSD0	len-differs	len-differs	LPALIB	IGG019AB	len-differs	1	N	000104	000104	Y
IGG019AC	AOSD0	differs	differs	LPALIB	IGG019AC	differs	1	N	000180	000180	Y
IGG019AD	AOSD0	len-differs	len-differs	LPALIB	IGG019AD	len-differs	1	N	00019C	00019C	Y
IGG019AE	AOSD0	len-differs	len-differs	LPALIB	IGG019AE	len-differs	1	N	00028E	00028E	Y
IGG019AF	AOSD0	len-differs	len-differs	LPALIB	IGG019AF	len-differs	1	N	00033E	00033E	Y
IGG019AG	AOSD0	identical	identical	LPALIB	IGG019AG	identical	1	N	000090	000090	Y
IGG019AH	AOSD0	len-differs	len-differs	LPALIB	IGG019AH	len-differs	1	N	000483	000483	Y
IGG019AI	AOSD0	differs	identical	LPALIB	IGG019AI	identical	1	N	000080	000080	Y
IGG019AJ	AOSD0	len-differs	len-differs	LPALIB	IGG019AJ	len-differs	1	N	000198	000198	Y
IGG019AK	AOSD0	len-differs	len-differs	LPALIB	IGG019AK	len-differs	1	N	00012C	00012C	Y
IGG019AL	AOSD0	len-differs	len-differs	LPALIB	IGG019AL	len-differs	1	N	0001C0	0001C0	Y
IGG019AM	AOSD0	differs	differs	LPALIB	IGG019AM	differs	1	N	0000A0	0000A0	Y
IGG019AN	AOSD0	identical	identical	LPALIB	IGG019AN	identical	1	N	000118	000118	Y
IGG019AQ	AOSD0	len-differs	len-differs	LPALIB	IGG019AQ	len-differs	1	N	0001FC	0001FC	Y
IGG019AR	AOSD0	len-differs	len-differs	LPALIB	IGG019AR	len-differs	1	N	000118	000118	Y
IGG019AT	AOSD0	holes	holes	LPALIB	IGG019AT	holes	1	N	0002F0	0002F0	Y
IGG019AV	AOSD0	len-differs	len-differs	LPALIB	IGG019AV	len-differs	1	N	000128	000128	Y
IGG019AW	AOSD0	len-differs	len-differs	LPALIB	IGG019AW	len-differs	1	N	000186	000186	Y
IGG019AX	AOSD0	identical	identical	LPALIB	IGG019AX	identical	1	N	000078	000078	Y
IGG019B0	AOSD0	identical	identical	LPALIB	IGG019B0	identical	1	N	000080	000080	Y
IGG019BA	AOSD0	len-differs	len-differs	LPALIB	IGG019BA	len-differs	1	N	00023E	00023E	Y
IGG019BB	AOSD0	len-differs	len-differs	LPALIB	IGG019BB	len-differs	1	N	000268	000268	Y
IGG019BC	AOSD0	len-differs	len-differs	LPALIB	IGG019BC	len-differs	1	N	000192	000192	Y
IGG019BD	AOSD0	differs	differs	LPALIB	IGG019BD	differs	1	N	000170	000170	Y
IGG019BE	AOSD0	len-differs	len-differs	LPALIB	IGG019BE	len-differs	1	N	000220	000220	Y
IGG019BF	AOSD0	len-differs	len-differs	LPALIB	IGG019BF	len-differs	1	N	000250	000250	Y
IGG019BG	AOSD0	differs	identical	LPALIB	IGG019BG	identical	1	N	0000F8	0000F8	Y
IGG019BH	AOSD0	len-differs	len-differs	LPALIB	IGG019BH	len-differs	1	N	000204	000204	Y
IGG019BI	AOSD0	len-differs	len-differs	LPALIB	IGG019BI	len-differs	1	N	00010E	00010E	Y
IGG019BK	AOSD0	len-differs	len-differs	LPALIB	IGG019BK	len-differs	1	N	000262	000262	Y
IGG019BL	AOSD0	len-differs	len-differs	LPALIB	IGG019BL	len-differs	1	N	000118	000118	Y
IGG019BM	AOSD0	len-differs	len-differs	LPALIB	IGG019BM	len-differs	1	N	000114	000114	Y
IGG019BN	AOSD0	len-differs	len-differs	LPALIB	IGG019BN	len-differs	1	N	00080E	00080E	Y
IGG019BO	AOSD0	len-differs	len-differs	LPALIB	IGG019BO	len-differs	1	N	000302	000302	Y
IGG019BP	AOSD0	len-differs	len-differs	LPALIB	IGG019BP	len-differs	1	N	0003C8	0003C8	Y
IGG019BQ	AOSD0	len-differs	len-differs	LPALIB	IGG019BQ	len-differs	1	N	0003E2	0003E2	Y
IGG019BR	AOSD7	len-differs	len-differs	LPALIB	IGG019BR	len-differs	1	N	0007FC	0007FC	Y
IGG019BS	AOSD7	identical	identical	LPALIB	IGG019BS	identical	1	N	00018E	00018E	Y
IGG019BT	AOSD7	holes	holes	LPALIB	IGG019BT	holes	1	N	0000D8	0000D8	Y
IGG019BU	AOSD7	identical	identical	LPALIB	IGG019BU	identical	1	N	000094	000094	Y
IGG019BV	AOSD7	len-differs	len-differs	LPALIB	IGG019BV	len-differs	1	N	0001BF	0001BF	Y
IGG019C0	AOSD0	len-differs	len-differs	LPALIB	IGG019C0	len-differs	1	N	0002AE	0002AE	Y
IGG019C1	AOSD0	len-differs	len-differs	LPALIB	IGG019C1	len-differs	1	N	0001C8	0001C8	Y
IGG019C2	AOSD0	len-differs	len-differs	LPALIB	IGG019C2	len-differs	1	N	0004C6	0004C6	Y
IGG019C3	AOSD0	len-differs	len-differs	LPALIB	IGG019C3	len-differs	1	N	0002E6	0002E6	Y
IGG019C4	AOSD0	len-differs	len-differs	LPALIB	IGG019C4	len-differs	1	N	0002C4	0002C4	Y
IGG019C8	AOSU0	len-differs	len-differs	LPALIB	IGG019C8	len-differs	1	N	0005D0	0005D0	Y
IGG019CA	AOSD0	identical	identical	LPALIB	IGG019CA	identical	1	N	0000B0	0000B0	Y
IGG019CB	AOSD0	len-differs	len-differs	LPALIB	IGG019CB	len-differs	1	N	0000B0	0000B0	Y
IGG019CC	AOSD0	len-differs	len-differs	LPALIB	IGG019CC	len-differs	1	N	0003D2	0003D2	Y
IGG019CD	AOSD0	len-differs	len-differs	LPALIB	IGG019CD	len-differs	1	N	00040A	00040A	Y
IGG019CE	AOSD0	len-differs	len-differs	LPALIB	IGG019CE	len-differs	1	N	000354	000354	Y
IGG019CF	AOSD0	len-differs	len-differs	LPALIB	IGG019CF	len-differs	1	N	00039A	00039A	Y
IGG019CG	AOSD0	len-differs	error	-	-	not-in-target	0	-	-	-	-
IGG019CH	AOSD0	len-differs	len-differs	LPALIB	IGG019CH	len-differs	1	N	0000F4	0000F4	Y
IGG019CI	AOSD0	len-differs	len-differs	LPALIB	IGG019CI	len-differs	1	N	000404	000404	Y
IGG019CJ	AOSD0	len-differs	len-differs	LPALIB	IGG019CJ	len-differs	1	N	0003EE	0003EE	Y
IGG019CL	AOSD0	len-differs	len-differs	LPALIB	IGG019CL	len-differs	1	N	0000A2	0000A2	Y
IGG019CM	AOSD0	identical	identical	LPALIB	IGG019CM	identical	1	N	000300	000300	Y
IGG019CN	AOSD0	identical	identical	LPALIB	IGG019CN	identical	1	N	000200	000200	Y
IGG019CO	AOSD0	identical	identical	LPALIB	IGG019CO	identical	1	N	000200	000200	Y
IGG019CP	AOSD0	identical	identical	LPALIB	IGG019CP	identical	1	N	000300	000300	Y
IGG019CQ	AOSD0	identical	identical	LPALIB	IGG019CQ	identical	1	N	000300	000300	Y
IGG019CR	AOSD0	identical	identical	LPALIB	IGG019CR	identical	1	N	000300	000300	Y
IGG019CS	AOSD0	len-differs	len-differs	LPALIB	IGG019CS	len-differs	1	N	000068	000068	Y
IGG019CT	AOSD0	len-differs	len-differs	LPALIB	IGG019CT	len-differs	1	N	00004E	00004E	Y
IGG019CU	AOSD0	len-differs	len-differs	LPALIB	IGG019CU	len-differs	1	N	000A12	000A12	Y
IGG019CV	AOSD0	len-differs	len-differs	LPALIB	IGG019CV	len-differs	1	N	0005DA	0005DA	Y
IGG019CW	AOSD0	len-differs	len-differs	LPALIB	IGG019CW	len-differs	1	N	00033A	00033A	Y
IGG019CX	AOSD0	len-differs	len-differs	LPALIB	IGG019CX	len-differs	1	N	0001C8	0001C8	Y
IGG019CY	AOSD0	len-differs	len-differs	LPALIB	IGG019CY	len-differs	1	N	00029A	00029A	Y
IGG019CZ	AOSD0	len-differs	len-differs	LPALIB	IGG019CZ	len-differs	1	N	000112	000112	Y
IGG019DA	AOSD7	len-differs	len-differs	LPALIB	IGG019DA	len-differs	1	N	0003B0	0003B0	Y
IGG019DB	AOSD7	len-differs	len-differs	LPALIB	IGG019DB	len-differs	1	N	0003A2	0003A2	Y
IGG019DC	AOSD7	identical	identical	LPALIB	IGG019DC	identical	1	N	0000F6	0000F6	Y
IGG019DD	AOSD7	len-differs	len-differs	LPALIB	IGG019DD	len-differs	1	N	0005E0	0005E0	Y
IGG019DJ	AOSD0	len-differs	len-differs	LPALIB	IGG019DJ	len-differs	1	N	000772	000772	Y
IGG019DK	AOSD0	len-differs	len-differs	LPALIB	IGG019DK	len-differs	1	N	0008A9	0008A9	Y
IGG019EI	AOSD0	len-differs	len-differs	LPALIB	IGG019EI	len-differs	1	N	000226	000226	Y
IGG019EJ	AOSD0	len-differs	len-differs	LPALIB	IGG019EJ	len-differs	1	N	00022E	00022E	Y
IGG019EK	AOSD0	differs	differs	LPALIB	IGG019EK	differs	1	N	0001F0	0001F0	Y
IGG019EM	AOS21	identical	identical	SVCLIB	IGG019EM	identical	1	N	00002D	00002D	Y
IGG019FA	AOSD0	holes	holes	-	-	not-in-target	0	-	0001D8	-	-
IGG019FB	AOSD0	len-differs	len-differs	LPALIB	IGG019FB	len-differs	1	N	0000E6	0000E6	Y
IGG019FD	AOSD0	len-differs	len-differs	LPALIB	IGG019FD	len-differs	1	N	000222	000222	Y
IGG019FF	AOSD0	len-differs	len-differs	LPALIB	IGG019FF	len-differs	1	N	0001E5	0001E5	Y
IGG019FG	AOSD0	len-differs	len-differs	LPALIB	IGG019FG	len-differs	1	N	000280	000280	Y
IGG019FJ	AOSD0	len-differs	len-differs	LPALIB	IGG019FJ	len-differs	1	N	000166	000166	Y
IGG019FK	AOSD0	holes	holes	-	-	not-in-target	0	-	0001C0	-	-
IGG019FL	AOSD0	len-differs	len-differs	LPALIB	IGG019FL	len-differs	1	N	000286	000286	Y
IGG019FP	AOSD0	len-differs	len-differs	LPALIB	IGG019FP	len-differs	1	N	0002CC	0002CC	Y
IGG019FQ	AOSD0	differs	differs	-	-	not-in-target	0	-	0004B0	-	-
IGG019FR	AOSD0	len-differs	len-differs	LPALIB	IGG019FR	len-differs	1	N	0000EA	0000EA	Y
IGG019FS	AOSD0	len-differs	len-differs	LPALIB	IGG019FS	len-differs	1	N	0003CC	0003CC	Y
IGG019FT	AOSU0	differs	differs	LPALIB	IGG019FT	differs	1	N	0002C9	0002C9	Y
IGG019FU	AOSD0	len-differs	len-differs	-	-	not-in-target	0	-	000170	-	-
IGG019G0	AOSD8	len-differs	len-differs	LPALIB	IGG019G0	len-differs	1	N	000A32	000A32	Y
IGG019G1	AOSD8	len-differs	len-differs	LPALIB	IGG019G1	len-differs	1	N	000A41	000A41	Y
IGG019G2	AOSD8	len-differs	len-differs	LPALIB	IGG019G2	len-differs	1	N	000929	000929	Y
IGG019G3	AOSD8	len-differs	len-differs	LPALIB	IGG019G3	len-differs	1	N	000A36	000A36	Y
IGG019G4	AOSD8	len-differs	len-differs	LPALIB	IGG019G4	len-differs	1	N	000C6B	000C6B	Y
IGG019G5	AOSD8	len-differs	len-differs	LPALIB	IGG019G5	len-differs	1	N	000CB7	000CB7	Y
IGG019G6	AOSD8	len-differs	len-differs	LPALIB	IGG019G6	len-differs	1	N	000DF4	000DF4	Y
IGG019G7	AOSD8	len-differs	len-differs	LPALIB	IGG019G7	len-differs	1	N	001000	001000	Y
IGG019G8	AOSD8	len-differs	len-differs	LPALIB	IGG019G8	len-differs	1	N	00060F	00060F	Y
IGG019G9	AOSD8	len-differs	len-differs	LPALIB	IGG019G9	len-differs	1	N	0006F0	0006F0	Y
IGG019GA	AOSD8	identical	identical	LPALIB	IGG019GA	identical	1	N	000ED0	000ED0	Y
IGG019GB	AOSD8	identical	identical	LPALIB	IGG019GB	identical	1	N	000EEB	000EEB	Y
IGG019GC	AOSD8	identical	identical	LPALIB	IGG019GC	identical	1	N	000666	000666	Y
IGG019GD	AOSD8	identical	identical	LPALIB	IGG019GD	identical	1	N	0007CB	0007CB	Y
IGG019GE	AOSD8	identical	identical	LPALIB	IGG019GE	identical	1	N	000268	000268	Y
IGG019GF	AOSD8	identical	identical	LPALIB	IGG019GF	identical	1	N	0002F8	0002F8	Y
IGG019GG	AOSD8	len-differs	len-differs	LPALIB	IGG019GG	len-differs	1	N	000501	000501	Y
IGG019GN	AOSD8	identical	identical	LPALIB	IGG019GN	identical	1	N	000F37	000F37	Y
IGG019GO	AOSD8	identical	identical	LPALIB	IGG019GO	identical	1	N	001074	001074	Y
IGG019GW	AOSD8	len-differs	len-differs	LPALIB	IGG019GW	len-differs	1	N	000E61	000E61	Y
IGG019GZ	AOSD8	len-differs	len-differs	LPALIB	IGG019GZ	len-differs	1	N	000E48	000E48	Y
IGG019H3	AOSD8	len-differs	len-differs	LPALIB	IGG019H3	len-differs	1	N	000910	000910	Y
IGG019HA	AOSD8	len-differs	len-differs	LPALIB	IGG019HA	len-differs	1	N	000362	000362	Y
IGG019HB	AOSD8	len-differs	len-differs	LPALIB	IGG019HB	len-differs	1	N	001349	001349	Y
IGG019HD	AOSD8	holes	holes	LPALIB	IGG019HD	holes	1	N	0005C0	0005C0	Y
IGG019HF	AOSD8	identical	identical	LPALIB	IGG019HF	identical	1	N	0002A2	0002A2	Y
IGG019HG	AOSD8	len-differs	len-differs	LPALIB	IGG019HG	len-differs	1	N	00044A	00044A	Y
IGG019HH	AOSD8	identical	identical	LPALIB	IGG019HH	identical	1	N	000210	000210	Y
IGG019HI	AOSD8	identical	identical	LPALIB	IGG019HI	identical	1	N	0004AE	0004AE	Y
IGG019HJ	AOSD8	identical	identical	LPALIB	IGG019HJ	identical	1	N	000040	000040	Y
IGG019HK	AOSD8	len-differs	len-differs	LPALIB	IGG019HK	len-differs	1	N	0002E8	0002E8	Y
IGG019HL	AOSD8	identical	identical	LPALIB	IGG019HL	identical	1	N	000278	000278	Y
IGG019HN	AOSD8	len-differs	len-differs	LPALIB	IGG019HN	len-differs	1	N	0013A5	0013A5	Y
IGG019HP	AOSD8	identical	identical	LPALIB	IGG019HP	identical	1	N	0004F8	0004F8	Y
IGG019HT	AOSD0	identical	identical	LPALIB	IGG019HT	identical	1	N	0000B8	0000B8	Y
IGG019I1	AOSD8	identical	identical	LPALIB	IGG019I1	identical	1	N	000F06	000F06	Y
IGG019I2	AOSD8	identical	identical	LPALIB	IGG019I2	identical	1	N	000F4A	000F4A	Y
IGG019I9	AOSD8	len-differs	len-differs	LPALIB	IGG019I9	len-differs	1	N	00070B	00070B	Y
IGG019IA	AOSD8	len-differs	len-differs	LPALIB	IGG019IA	len-differs	1	N	0010C2	0010C2	Y
IGG019IB	AOSD8	len-differs	len-differs	LPALIB	IGG019IB	len-differs	1	N	0010E0	0010E0	Y
IGG019IE	AOSD8	identical	identical	LPALIB	IGG019IE	identical	1	N	000268	000268	Y
IGG019IF	AOSD8	identical	identical	LPALIB	IGG019IF	identical	1	N	0002F8	0002F8	Y
IGG019IN	AOSD8	identical	identical	LPALIB	IGG019IN	identical	1	N	000F7E	000F7E	Y
IGG019IO	AOSD8	len-differs	len-differs	LPALIB	IGG019IO	len-differs	1	N	000FC6	000FC6	Y
IGG019IZ	AOSD8	len-differs	len-differs	LPALIB	IGG019IZ	len-differs	1	N	001347	001347	Y
IGG019J0	AOSD8	holes	holes	LPALIB	IGG019J0	holes	1	N	000763	000763	Y
IGG019J3	AOSD8	len-differs	len-differs	LPALIB	IGG019J3	len-differs	1	N	0008B3	0008B3	Y
IGG019JA	AOSD7	len-differs	len-differs	LPALIB	IGG019JA	len-differs	1	N	000426	000426	Y
IGG019JB	AOSD7	differs	differs	-	-	not-in-target	0	-	0003B2	-	-
IGG019JC	AOSD8	holes	holes	LPALIB	IGG019JC	holes	1	N	0000B8	0000B8	Y
IGG019JD	AOSD0	identical	identical	LPALIB	IGG019JD	identical	1	N	0000EC	0000EC	Y
IGG019JG	AOSD8	identical	identical	LPALIB	IGG019JG	identical	1	N	0001E5	0001E5	Y
IGG019JH	AOSD8	len-differs	len-differs	LPALIB	IGG019JH	len-differs	1	N	000E41	000E41	Y
IGG019JI	AOSD8	differs	differs	LPALIB	IGG019JI	differs	1	N	00040B	00040B	Y
IGG019JJ	AOSD8	identical	identical	LPALIB	IGG019JJ	identical	1	N	0000C0	0000C0	Y
IGG019JK	AOSD8	identical	identical	LPALIB	IGG019JK	identical	1	N	000058	000058	Y
IGG019JL	AOSD8	identical	identical	LPALIB	IGG019JL	identical	1	N	000198	000198	Y
IGG019JM	AOSD8	identical	identical	LPALIB	IGG019JM	identical	1	N	000218	000218	Y
IGG019JN	AOSD8	identical	identical	LPALIB	IGG019JN	identical	1	N	0003A0	0003A0	Y
IGG019JO	AOSD8	identical	identical	LPALIB	IGG019JO	identical	1	N	000358	000358	Y
IGG019JP	AOSD8	identical	identical	LPALIB	IGG019JP	identical	1	N	0004E0	0004E0	Y
IGG019JQ	AOSD8	identical	identical	LPALIB	IGG019JQ	identical	1	N	000478	000478	Y
IGG019JR	AOSD8	identical	identical	LPALIB	IGG019JR	identical	1	N	000378	000378	Y
IGG019JS	AOSD8	identical	identical	LPALIB	IGG019JS	identical	1	N	000388	000388	Y
IGG019JT	AOSD8	identical	identical	LPALIB	IGG019JT	identical	1	N	0004B8	0004B8	Y
IGG019JU	AOSD8	identical	identical	LPALIB	IGG019JU	identical	1	N	0004C8	0004C8	Y
IGG019JV	AOSD8	identical	identical	LPALIB	IGG019JV	identical	1	N	000180	000180	Y
IGG019JW	AOSD8	differs	differs	LPALIB	IGG019JW	differs	1	N	000155	000155	Y
IGG019JX	AOSD8	identical	identical	LPALIB	IGG019JX	identical	1	N	000306	000306	Y
IGG019KA	AOSD7	differs	differs	LPALIB	IGG019KA	differs	1	N	0006F4	0006F4	Y
IGG019KC	AOSD7	identical	identical	LPALIB	IGG019KA	identical	2	N	000125	000125	Y
IGG019KE	AOSD7	len-differs	len-differs	LPALIB	IGG019KA	len-differs	1	N	000175	000175	Y
IGG019KF	AOSD7	len-differs	len-differs	LPALIB	IGG019KA	len-differs	1	N	00031D	00031D	Y
IGG019KG	AOSD7	identical	identical	LPALIB	IGG019KG	identical	1	N	0000D8	0000D8	Y
IGG019KH	AOSD7	identical	identical	LPALIB	IGG019KH	identical	1	N	000116	000116	Y
IGG019KI	AOSD7	identical	identical	LPALIB	IGG019KA	identical	1	N	0000C0	0000C0	Y
IGG019KJ	AOSD7	len-differs	len-differs	LPALIB	IGG019KJ	len-differs	1	N	000EA8	000EA8	Y
IGG019KK	AOSD7	len-differs	len-differs	LPALIB	IGG019KA	len-differs	1	N	00019B	00019B	Y
IGG019KL	AOSD7	differs	differs	-	-	not-in-target	0	-	00020A	-	-
IGG019KM	AOSD7	len-differs	len-differs	LPALIB	IGG019KM	len-differs	1	N	0002D3	0002D3	Y
IGG019KN	AOSD7	len-differs	len-differs	LPALIB	IGG019KN	len-differs	1	N	0005C9	0005C9	Y
IGG019KO	AOSD7	identical	identical	LPALIB	IGG019KO	identical	1	N	00024A	00024A	Y
IGG019KQ	AOSD7	identical	identical	LPALIB	IGG019KA	identical	2	N	000160	000160	Y
IGG019KR	AOSD7	identical	identical	LPALIB	IGG019KJ	identical	1	N	000300	000300	Y
IGG019KU	AOSD7	len-differs	len-differs	LPALIB	IGG019KU	len-differs	1	N	000413	000413	Y
IGG019KW	AOSD7	identical	identical	LPALIB	IGG019KA	identical	2	N	000192	000192	Y
IGG019KY	AOSD7	holes	holes	LPALIB	IGG019KM	holes	2	N	0000E8	0000E8	Y
IGG019LA	AOSD7	identical	identical	LPALIB	IGG019KO	identical	1	N	000112	000112	Y
IGG019LC	AOSD7	len-differs	len-differs	LPALIB	IGG019LC	len-differs	1	N	000125	000125	Y
IGG019LE	AOSD7	len-differs	len-differs	LPALIB	IGG019LE	len-differs	1	N	00031E	00031E	Y
IGG019LI	AOSD7	identical	identical	LPALIB	IGG019LI	identical	1	N	00010C	00010C	Y
IGG019LP	AOS20	identical	identical	LPALIB	IGG019LP	identical	1	N	0000E4	0000E4	Y
IGG019LS	AOSD0	len-differs	len-differs	-	-	not-in-target	0	-	000216	-	-
IGG019LT	AOSD0	holes	holes	-	-	not-in-target	0	-	0006BB	-	-
IGG019LU	AOSD0	holes	holes	-	-	not-in-target	0	-	0002F7	-	-
IGG019M0	AOS20	identical	identical	LPALIB	IGG019M0	identical	1	N	000110	000110	Y
IGG019M1	AOS20	identical	identical	LPALIB	IGG019M1	identical	1	N	0000F0	0000F0	Y
IGG019M2	AOS20	identical	identical	LPALIB	IGG019M2	identical	1	N	000098	000098	Y
IGG019M3	AOS20	identical	identical	LPALIB	IGG019M3	identical	1	N	000128	000128	Y
IGG019M4	AOS20	identical	identical	LPALIB	IGG019M4	identical	1	N	0000C8	0000C8	Y
IGG019M5	AOS20	identical	identical	LPALIB	IGG019M5	identical	1	N	000120	000120	Y
IGG019M6	AOS20	identical	identical	LPALIB	IGG019M6	identical	1	N	0001B0	0001B0	Y
IGG019MA	AOS20	differs	differs	SVCLIB	IGG019MA	differs	1	N	001000	001000	Y
IGG019MB	AOS20	identical	identical	SVCLIB	IGG019MB	identical	1	N	001B00	001B00	Y
IGG019MC	AOS20	differs	differs	SVCLIB	IGG019MC	differs	1	N	000682	000682	Y
IGG019MD	AOS20	identical	identical	LPALIB	IGG019MD	identical	1	N	0000F0	0000F0	Y
IGG019ME	AOS20	identical	identical	LPALIB	IGG019ME	identical	1	N	0000D0	0000D0	Y
IGG019MF	AOS20	identical	identical	LPALIB	IGG019MF	identical	1	N	000138	000138	Y
IGG019MI	AOS20	identical	identical	LPALIB	IGG019MI	identical	1	N	0000C0	0000C0	Y
IGG019MJ	AOS20	identical	identical	LPALIB	IGG019MJ	identical	1	N	0000E0	0000E0	Y
IGG019MK	AOS20	identical	identical	LPALIB	IGG019MK	identical	1	N	0000E0	0000E0	Y
IGG019ML	AOS20	identical	identical	LPALIB	IGG019ML	identical	1	N	000098	000098	Y
IGG019MN	AOS20	identical	identical	LPALIB	IGG019MN	identical	1	N	000090	000090	Y
IGG019MP	AOS20	identical	identical	LPALIB	IGG019MP	identical	1	N	0000B0	0000B0	Y
IGG019MR	AOS20	differs	differs	SVCLIB	IGG019MR	differs	1	N	000CF8	000CF8	Y
IGG019MS	AOS20	differs	differs	SVCLIB	IGG019MS	differs	1	N	0001A4	0001A4	Y
IGG019MT	AOS20	identical	identical	LPALIB	IGG019MT	identical	1	N	000098	000098	Y
IGG019MU	AOS20	identical	identical	LPALIB	IGG019MU	identical	1	N	0000B0	0000B0	Y
IGG019MV	AOS20	identical	identical	LPALIB	IGG019MV	identical	1	N	000110	000110	Y
IGG019MW	AOS20	identical	identical	LPALIB	IGG019MW	identical	1	N	0000C0	0000C0	Y
IGG019MX	AOS20	identical	identical	LPALIB	IGG019MX	identical	1	N	000110	000110	Y
IGG019MY	AOS20	identical	identical	LPALIB	IGG019MY	identical	1	N	0000D8	0000D8	Y
IGG019MZ	AOS20	identical	identical	LPALIB	IGG019MZ	identical	1	N	000098	000098	Y
IGG019OA	AOSG0	len-differs	len-differs	LPALIB	IGG019OA	len-differs	1	N	000BB8	000BB8	Y
IGG019OB	AOSG0	differs	differs	LPALIB	IGG019OB	differs	1	N	000160	000160	Y
IGG019OC	AOSG0	differs	differs	LPALIB	IGG019OC	differs	1	N	00004C	00004C	Y
IGG019OE	AOSG0	len-differs	len-differs	LPALIB	IGG019OE	len-differs	1	N	000A14	000A14	Y
IGG019OJ	AOSG0	identical	identical	LPALIB	IGG019OJ	identical	1	N	0000C8	0000C8	Y
IGG019OK	AOSG0	differs	identical	LINKLIB	IGG019OK	identical	1	N	000488	000488	Y
IGG019P2	AOSU0	identical	identical	SVCLIB	IGG019P2	identical	1	N	0000D8	0000D8	Y
IGG019P7	AOSU0	identical	identical	LPALIB	IGG019P7	identical	1	N	000066	000066	Y
IGG019P8	AOSU0	identical	identical	LPALIB	IGG019P8	identical	1	N	000194	000194	Y
IGG019P9	AOSU0	differs	differs	LPALIB	IGG019P9	differs	1	N	0000FE	0000FE	Y
IGG019PA	AOS20	len-differs	len-differs	LPALIB	IGG019PA	len-differs	1	N	00028F	00028F	Y
IGG019PB	AOS20	identical	identical	LPALIB	IGG019PB	identical	1	N	0000A0	0000A0	Y
IGG019PC	AOS20	identical	identical	LPALIB	IGG019PC	identical	1	N	000140	000140	Y
IGG019PD	AOS20	differs	differs	SVCLIB	IGG019PD	differs	1	N	000438	000438	Y
IGG019PE	AOS20	identical	identical	LPALIB	IGG019PE	identical	1	N	000070	000070	Y
IGG019PF	AOS20	identical	identical	LPALIB	IGG019PF	identical	1	N	000090	000090	Y
IGG019PG	AOS20	len-differs	len-differs	LPALIB	IGG019PG	len-differs	1	N	000104	000104	Y
IGG019PH	AOS20	len-differs	len-differs	LPALIB	IGG019PH	len-differs	1	N	000090	000090	Y
IGG019PI	AOS20	len-differs	len-differs	LPALIB	IGG019PI	len-differs	1	N	0002CC	0002CC	Y
IGG019PK	AOS20	len-differs	len-differs	LPALIB	IGG019PK	len-differs	1	N	0000D8	0000D8	Y
IGG019PL	AOS20	identical	identical	LPALIB	IGG019PL	identical	1	N	000108	000108	Y
IGG019PM	AOS20	identical	identical	LPALIB	IGG019PM	identical	1	N	000150	000150	Y
IGG019PN	AOS20	identical	identical	LPALIB	IGG019PN	identical	1	N	0000E0	0000E0	Y
IGG019PO	AOS20	identical	identical	LPALIB	IGG019PO	identical	1	N	000138	000138	Y
IGG019PP	AOS20	identical	identical	LPALIB	IGG019PP	identical	1	N	0000E0	0000E0	Y
IGG019PQ	AOS20	identical	identical	LPALIB	IGG019PQ	identical	1	N	000110	000110	Y
IGG019Q0	AOS21	len-differs	len-differs	SVCLIB	IGG019Q0	len-differs	1	N	0011BC	0011BC	Y
IGG019Q1	AOS21	len-differs	len-differs	SVCLIB	IGG019Q1	len-differs	1	N	0003C8	0003C8	Y
IGG019Q2	AOS21	len-differs	len-differs	SVCLIB	IGG019Q2	len-differs	1	N	002BB0	002BB0	Y
IGG019Q3	AOS21	len-differs	len-differs	SVCLIB	IGG019Q3	len-differs	1	N	001E10	001E10	Y
IGG019Q4	AOS21	len-differs	len-differs	SVCLIB	IGG019Q4	len-differs	1	N	001070	001070	Y
IGG019Q5	AOS21	len-differs	len-differs	SVCLIB	IGG019Q5	len-differs	1	N	001798	001798	Y
IGG019Q6	AOS21	len-differs	len-differs	SVCLIB	IGG019Q6	len-differs	1	N	000524	000524	Y
IGG019Q7	AOS21	len-differs	len-differs	SVCLIB	IGG019Q7	len-differs	1	N	000674	000674	Y
IGG019Q8	AOS21	differs	differs	SVCLIB	IGG019Q8	differs	1	N	0010F7	0010F7	Y
IGG019Q9	AOS21	len-differs	len-differs	SVCLIB	IGG019Q9	len-differs	1	N	000679	000679	Y
IGG019QE	AOS21	differs	differs	SVCLIB	IGG019QE	differs	1	N	0003B8	0003B8	Y
IGG019R0	AOS21	len-differs	len-differs	SVCLIB	IGG019R0	len-differs	1	N	003300	003300	Y
IGG019R1	AOS21	differs	differs	SVCLIB	IGG019R1	differs	1	N	0004AE	0004AE	Y
IGG019R2	AOS21	differs	differs	SVCLIB	IGG019R2	differs	1	N	0003A0	0003A0	Y
IGG019R3	AOS21	len-differs	len-differs	SVCLIB	IGG019R3	len-differs	1	N	00033A	00033A	Y
IGG019R4	AOS21	len-differs	len-differs	SVCLIB	IGG019R4	len-differs	1	N	000790	000790	Y
IGG019R5	AOS21	differs	differs	SVCLIB	IGG019R5	differs	1	N	00034C	00034C	Y
IGG019R6	AOS21	len-differs	len-differs	SVCLIB	IGG019R6	len-differs	1	N	00048A	00048A	Y
IGG019R7	AOS21	identical	identical	SVCLIB	IGG019R7	identical	1	N	000075	000075	Y
IGG019R8	AOS21	identical	identical	SVCLIB	IGG019R8	identical	1	N	000075	000075	Y
IGG019R9	AOS21	identical	identical	SVCLIB	IGG019R9	identical	1	N	000070	000070	Y
IGG019RA	AOS21	identical	identical	SVCLIB	IGG019RA	identical	1	N	0000FA	0000FA	Y
IGG019RC	AOS21	differs	differs	SVCLIB	IGG019RC	differs	1	N	0006ED	0006ED	Y
IGG019RD	AOS21	len-differs	len-differs	SVCLIB	IGG019RD	len-differs	1	N	000960	000960	Y
IGG019RE	AOS21	identical	identical	SVCLIB	IGG019RE	identical	1	N	00013A	00013A	Y
IGG019RF	AOS21	differs	differs	SVCLIB	IGG019RF	differs	1	N	0003D5	0003D5	Y
IGG019RG	AOS21	len-differs	len-differs	SVCLIB	IGG019RG	len-differs	1	N	0001CC	0001CC	Y
IGG019RI	AOS21	differs	differs	SVCLIB	IGG019RI	differs	1	N	0002CC	0002CC	Y
IGG019RK	AOS21	differs	differs	SVCLIB	IGG019RK	differs	1	N	000218	000218	Y
IGG019RL	AOS21	len-differs	len-differs	SVCLIB	IGG019RL	len-differs	1	N	00016C	00016C	Y
IGG019RM	AOS21	len-differs	len-differs	SVCLIB	IGG019RM	len-differs	1	N	000050	000050	Y
IGG019RN	AOS21	len-differs	len-differs	SVCLIB	IGG019RN	len-differs	1	N	000A8F	000A8F	Y
IGG019RO	AOS21	len-differs	len-differs	SVCLIB	IGG019RO	len-differs	1	N	0004AE	0004AE	Y
IGG019RP	AOS21	differs	differs	SVCLIB	IGG019RP	differs	1	N	0013AC	0013AC	Y
IGG019RQ	AOS21	differs	differs	SVCLIB	IGG019RQ	differs	1	N	000080	000080	Y
IGG019RR	AOS21	identical	identical	SVCLIB	IGG019RR	identical	1	N	00005A	00005A	Y
IGG019RS	AOS21	identical	identical	SVCLIB	IGG019RS	identical	1	N	000045	000045	Y
IGG019RT	AOS21	identical	identical	SVCLIB	IGG019RT	identical	1	N	000046	000046	Y
IGG019RU	AOS21	identical	identical	SVCLIB	IGG019RU	identical	1	N	00003F	00003F	Y
IGG019RV	AOS21	identical	identical	SVCLIB	IGG019RV	identical	1	N	00002F	00002F	Y
IGG019RW	AOS21	identical	identical	SVCLIB	IGG019RW	identical	1	N	000055	000055	Y
IGG019RX	AOS21	identical	identical	SVCLIB	IGG019RX	identical	1	N	00003F	00003F	Y
IGG019RY	AOS21	identical	identical	SVCLIB	IGG019RY	identical	1	N	00001C	00001C	Y
IGG019RZ	AOS21	identical	identical	SVCLIB	IGG019RZ	identical	1	N	00005A	00005A	Y
IGG019SI	AOSC6	identical	identical	LPALIB	IGG019SI	identical	1	N	0000AE	0000AE	Y
IGG019T2	AOSD0	len-differs	len-differs	-	-	not-in-target	0	-	00050E	-	-
IGG019T3	AOST3	len-differs	len-differs	LPALIB	IGG019T3	len-differs	1	N	000194	000194	Y
IGG019T4	AOST3	len-differs	len-differs	LPALIB	IGG019T4	len-differs	1	N	000160	000160	Y
IGG019T5	AOST3	len-differs	len-differs	LPALIB	IGG019T5	len-differs	1	N	000208	000208	Y
IGG019T6	AOST3	len-differs	len-differs	LPALIB	IGG019T6	len-differs	1	N	0001E8	0001E8	Y
IGG019T7	AOST3	len-differs	len-differs	LPALIB	IGG019T7	len-differs	1	N	0001AC	0001AC	Y
IGG019T8	AOST3	len-differs	len-differs	LPALIB	IGG019T8	len-differs	1	N	0000A6	0000A6	Y
IGG019TC	AOSD0	len-differs	len-differs	LPALIB	IGG019TC	len-differs	1	N	0003A0	0003A0	Y
IGG019TD	AOSD0	len-differs	len-differs	-	-	not-in-target	0	-	000386	-	-
IGG019TE	AOS21	len-differs	len-differs	SVCLIB	IGG019TE	len-differs	1	N	00035C	00035C	Y
IGG019TH	AOS21	differs	differs	SVCLIB	IGG019TH	differs	1	N	000AF2	000AF2	Y
IGG019TI	AOS21	len-differs	len-differs	SVCLIB	IGG019TI	len-differs	1	N	0003CC	0003CC	Y
IGG019TM	AOS21	identical	identical	SVCLIB	IGG019TM	identical	1	N	000022	000022	Y
IGG019TV	AOSD0	len-differs	len-differs	-	-	not-in-target	0	-	0004C6	-	-
IGG019TW	AOSD0	len-differs	len-differs	LPALIB	IGG019TW	len-differs	1	N	00036E	00036E	Y
IGG019TX	AOST3	identical	identical	LPALIB	IGG019TX	identical	1	N	000040	000040	Y
IGG019TY	AOST3	identical	identical	LPALIB	IGG019TY	identical	1	N	000006	000006	Y
IGG019TZ	AOST3	identical	identical	LPALIB	IGG019TZ	identical	1	N	00000E	00000E	Y
IGG019UM	AOSD0	holes	holes	-	-	not-in-target	0	-	0002FF	-	-
IGG019UN	AOSD0	holes	holes	-	-	not-in-target	0	-	0002A3	-	-
IGG019UO	AOSD0	identical	identical	-	-	not-in-target	0	-	00006C	-	-
IGG019UP	AOS20	len-differs	len-differs	LPALIB	IGG019UP	len-differs	1	N	0001DC	0001DC	Y
IGG019V1	AOSD0	identical	identical	-	-	not-in-target	0	-	0000D8	-	-
IGG019V2	AOSD0	differs	differs	-	-	not-in-target	0	-	0001A0	-	-
IGG019V3	AOSD0	identical	identical	-	-	not-in-target	0	-	0001E8	-	-
IGG019V4	AOSD0	identical	identical	-	-	not-in-target	0	-	0001E0	-	-
IGG019V5	AOSD0	identical	identical	SVCLIB	IGG019V5	identical	1	N	000FE4	000FE4	Y
IGG019V6	AOSD0	differs	differs	SVCLIB	IGG019V6	identical	1	N	0008A7	0008A7	Y
IGG019V7	AOSD0	no-deck	no-deck	-	-	not-in-target	0	-	-	-	-
IGG019VA	AOSD0	identical	identical	-	-	not-in-target	0	-	000108	-	-
IGG019VB	AOSD0	identical	identical	-	-	not-in-target	0	-	000168	-	-
IGG019VC	AOSD0	identical	identical	-	-	not-in-target	0	-	000140	-	-
IGG019VD	AOSD0	identical	identical	-	-	not-in-target	0	-	000190	-	-
IGG019VE	AOSD0	identical	identical	-	-	not-in-target	0	-	000338	-	-
IGG019VF	AOSD0	identical	identical	-	-	not-in-target	0	-	000050	-	-
IGG019VG	AOSD0	identical	identical	-	-	not-in-target	0	-	0002F0	-	-
IGG019VH	AOSD0	identical	identical	-	-	not-in-target	0	-	00030C	-	-
IGG019VI	AOSD0	identical	identical	-	-	not-in-target	0	-	0000B0	-	-
IGG019VJ	AOSD0	identical	identical	-	-	not-in-target	0	-	0001A0	-	-
IGG019VK	AOSD0	identical	identical	-	-	not-in-target	0	-	000220	-	-
IGG019VV	AOSD0	holes	holes	-	-	not-in-target	0	-	00014C	-	-
IGG019VW	AOSD0	len-differs	len-differs	-	-	not-in-target	0	-	000368	-	-
IGG0201A	AOSD0	len-differs	len-differs	LPALIB	IGG0201Z	len-differs	1	N	00046A	00046A	Y
IGG0201B	AOSD0	len-differs	len-differs	LPALIB	IGG0201Z	len-differs	1	N	000382	000382	Y
IGG0201D	AOSD0	len-differs	len-differs	-	-	not-in-target	0	-	000268	-	-
IGG0201P	AOSD0	len-differs	len-differs	-	-	not-in-target	0	-	000712	-	-
IGG0201R	AOSD0	len-differs	len-differs	-	-	not-in-target	0	-	000244	-	-
IGG0201W	AOSD0	differs	differs	LPALIB	IGG0201W	differs	1	N	000500	000500	Y
IGG0201X	AOSD0	identical	identical	LPALIB	IGG0201Z	identical	1	N	000380	000380	Y
IGG0201Y	AOSD0	len-differs	len-differs	LPALIB	IGG0201Z	len-differs	1	N	000400	000400	Y
IGG0201Z	AOSD0	len-differs	len-differs	LPALIB	IGG0201Z	len-differs	1	N	00060A	00060A	Y
IGG02028	AOSD8	len-differs	len-differs	LPALIB	IGG02028	len-differs	1	N	00048F	00048F	Y
IGG02029	AOSD8	len-differs	len-differs	LPALIB	IGG02029	len-differs	1	N	00054A	00054A	Y
IGG0202A	AOSD8	len-differs	len-differs	LPALIB	IGG0202A	len-differs	1	N	0004CC	0004CC	Y
IGG0202B	AOSD8	len-differs	len-differs	LPALIB	IGG0202B	len-differs	1	N	0003AE	0003AE	Y
IGG0202C	AOSD8	no-deck	no-deck	-	-	not-in-target	0	-	-	-	-
IGG0202D	AOSD8	len-differs	len-differs	LPALIB	IGG0202D	len-differs	1	N	0003EE	0003EE	Y
IGG0202I	AOSD8	len-differs	len-differs	LPALIB	IGG0202I	len-differs	1	N	0003A4	0003A4	Y
IGG0202J	AOSD8	len-differs	len-differs	LPALIB	IGG0202J	len-differs	1	N	000463	000463	Y
IGG0202K	AOSD8	len-differs	len-differs	LPALIB	IGG0202K	len-differs	1	N	00037E	00037E	Y
IGG0202L	AOSD8	len-differs	len-differs	LPALIB	IGG0202L	len-differs	1	N	0003B6	0003B6	Y
IGG0202M	AOSD8	len-differs	len-differs	LPALIB	IGG0202M	len-differs	1	N	000415	000415	Y
IGG0202N	AOSD8	len-differs	len-differs	LPALIB	IGG0202N	len-differs	1	N	0001E1	0001E1	Y
IGG02030	AOS21	len-differs	len-differs	LPALIB	IGG02030	len-differs	1	N	000317	000317	Y
IGG02035	AOS21	differs	differs	LPALIB	IGG02035	differs	1	N	00021C	00021C	Y
IGG02036	AOS21	differs	differs	LPALIB	IGG02036	differs	1	N	0005EF	0005EF	Y
IGG0203A	AOSD7	len-differs	len-differs	LPALIB	IGG0203A	len-differs	1	N	00043F	00043F	Y
IGG0203B	AOS21	len-differs	len-differs	LPALIB	IGG0203B	len-differs	1	N	000168	000168	Y
IGG0203K	AOSD0	len-differs	len-differs	LPALIB	IGC00020	len-differs	1	N	000148	000148	Y
IGG0203M	AOS20	len-differs	len-differs	LPALIB	IGG0203M	len-differs	1	N	0007A9	0007A9	Y
IGG0203Y	AOSG0	len-differs	len-differs	LPALIB	IGG0203Y	len-differs	1	N	000584	000584	Y
IGG0203Z	AOSG0	len-differs	len-differs	LPALIB	IGG0203Z	len-differs	1	N	00029A	00029A	Y
IGG02041	AOS21	differs	differs	LPALIB	IGG02041	differs	1	N	0003F8	0003F8	Y
IGG02046	AOS21	len-differs	len-differs	LPALIB	IGG02046	len-differs	1	N	00048E	00048E	Y
IGG020D0	AOSD0	identical	identical	LPALIB	IGG020P1	identical	1	N	0001F0	0001F0	Y
IGG020D1	AOSD0	len-differs	len-differs	LPALIB	IGG020P1	len-differs	1	N	000458	000458	Y
IGG020FC	AOSD0	differs	differs	LPALIB	IGG020FC	differs	1	N	000284	000284	Y
IGG020P1	AOSD0	len-differs	len-differs	LPALIB	IGG020P1	len-differs	1	N	0009A8	0009A8	Y
IGG020P2	AOSD0	len-differs	len-differs	LPALIB	IGG020P1	len-differs	1	N	000380	000380	Y
IGG020P3	AOSD0	differs	differs	LPALIB	IGG020P1	differs	1	N	000330	000330	Y
IGG020T1	AOSD0	len-differs	len-differs	LPALIB	IGG020T1	len-differs	1	N	0004A8	0004A8	Y
IGG0210A	AOSD0	len-differs	len-differs	LPALIB	IGC0002A	len-differs	1	N	000328	000328	Y
IGG0213Z	AOSG0	no-deck	no-deck	LPALIB	IGG0203Z	no-deck	1	N	00012E	00012E	Y
IGG021AB	AOSD0	len-differs	len-differs	LPALIB	IGC0002A	len-differs	1	N	0004A4	0004A4	Y
IGG026DU	AOSD0	identical	identical	LPALIB	IGC0002F	len-differs	1	N	00000C	0000C8	N
IGG0290A	AOSD0	differs	differs	LPALIB	IGC0002I	differs	1	N	0005F0	0005F0	Y
IGG0290B	AOSD0	differs	differs	LPALIB	IGC0002I	differs	1	N	000430	000430	Y
IGG0290C	AOSD0	len-differs	len-differs	LPALIB	IGC0002I	len-differs	1	N	000450	000450	Y
IGG0290D	AOSD0	differs	differs	LPALIB	IGC0002I	differs	1	N	000780	000780	Y
IGG0290E	AOSD0	identical	identical	LPALIB	IGC0002I	identical	1	N	000518	000518	Y
IGG0290F	AOSD0	differs	differs	LPALIB	IGC0002I	differs	1	N	000AA8	000AA8	Y
IGG0299A	AOSD0	differs	differs	LPALIB	IGC0002I	differs	1	N	0003E8	0003E8	Y
IGG029DM	AOSD0	identical	identical	LPALIB	IGC0002I	identical	1	N	000008	000008	Y
IGG029DU	AOSD0	identical	identical	LPALIB	IGC0002I	identical	1	N	00000C	00000C	Y
IGG03001	AOSD0	len-differs	len-differs	LPALIB	IGC00030	len-differs	1	N	000948	000948	Y
IGG03002	AOSD0	len-differs	len-differs	LPALIB	IGC00030	len-differs	1	N	0003E0	0003E0	Y
IGG0300F	AOSD0	no-deck	no-deck	-	-	not-in-target	0	-	-	-	-
IGG030DU	AOSD0	identical	identical	LPALIB	IGC00030	identical	1	N	00000C	00000C	Y
IGG0325A	AOSD0	differs	differs	LPALIB	IGC0003B	differs	1	N	000458	000458	Y
IGG0325B	AOSD0	differs	differs	LPALIB	IGC0003B	differs	1	N	000400	000400	Y
IGG0325C	AOSD0	len-differs	len-differs	LPALIB	IGC0003B	len-differs	1	N	000210	000210	Y
IGG0325D	AOSD0	len-differs	len-differs	LPALIB	IGC0003B	len-differs	1	N	0003F8	0003F8	Y
IGG0325E	AOSD0	len-differs	len-differs	LPALIB	IGC0003B	len-differs	1	N	0003F0	0003F0	Y
IGG0325G	AOSD0	len-differs	len-differs	LPALIB	IGC0003B	len-differs	1	N	000448	000448	Y
IGG0325H	AOSD0	differs	differs	LPALIB	IGC0003B	differs	1	N	000458	000458	Y
IGG0325I	AOSD0	len-differs	len-differs	LPALIB	IGC0003B	len-differs	1	N	000CD8	000CD8	Y
IGG0325K	AOSD0	len-differs	len-differs	LPALIB	IGC0003B	len-differs	1	N	000260	000260	Y
IGG0325P	AOSD0	identical	identical	LPALIB	IGG0325Z	identical	1	N	000568	000568	Y
IGG0325Q	AOSD0	differs	differs	LPALIB	IGG0325Z	differs	1	N	000258	000258	Y
IGG0325R	AOSD0	differs	differs	LPALIB	IGG0325Z	differs	1	N	0004A0	0004A0	Y
IGG0325T	AOSD0	len-differs	len-differs	LPALIB	IGG0325Z	len-differs	1	N	0003F0	0003F0	Y
IGG0325U	AOSD0	identical	identical	LPALIB	IGG0325Z	identical	1	N	0002E0	0002E0	Y
IGG0325V	AOSD0	differs	differs	LPALIB	IGG0325Z	differs	1	N	000280	000280	Y
IGG0325W	AOSD0	len-differs	len-differs	LPALIB	IGG0325Z	len-differs	1	N	000270	000270	Y
IGG0325Z	AOSD0	len-differs	len-differs	LPALIB	IGG0325Z	len-differs	1	N	0003F8	0003F8	Y
IGG032I1	AOSD0	differs	differs	LPALIB	IGC0003B	differs	1	N	000498	000498	Y
IGG032I2	AOSD0	differs	differs	LPALIB	IGC0003B	differs	1	N	000438	000438	Y
IGG032I3	AOSD0	differs	differs	LPALIB	IGC0003B	differs	1	N	000458	000458	Y
IGG032I4	AOSD0	differs	differs	LPALIB	IGC0003B	error	1	N	000428	000428	Y
IGG032I5	AOSD0	differs	differs	LPALIB	IGC0003B	differs	1	N	000468	000468	Y
IGG032I6	AOSD0	len-differs	len-differs	LPALIB	IGC0003B	len-differs	1	N	000440	000440	Y
IGG032I7	AOSD0	len-differs	len-differs	LPALIB	IGC0003B	len-differs	1	N	000488	000488	Y
IGG032I8	AOSD0	differs	differs	LPALIB	IGC0003B	differs	1	N	0003C0	0003C0	Y
IGG0550B	AOSD0	no-deck	no-deck	-	-	not-in-target	0	-	-	-	-
IGG0550D	AOSD0	no-deck	no-deck	-	-	not-in-target	0	-	-	-	-
IGG0550F	AOSD0	no-deck	no-deck	-	-	not-in-target	0	-	-	-	-
IGG0550H	AOSD0	no-deck	no-deck	-	-	not-in-target	0	-	-	-	-
IGG0550P	AOSD0	no-deck	no-deck	-	-	not-in-target	0	-	-	-	-
IGG0550S	AOSD0	no-deck	no-deck	-	-	not-in-target	0	-	-	-	-
IGG0553A	AOSD0	differs	differs	LPALIB	IGG0553A	differs	1	N	000458	000458	Y
IGG0553B	AOSD0	len-differs	len-differs	LPALIB	IGG0553A	len-differs	1	N	000390	000390	Y
IGG0553C	AOSD0	differs	differs	LPALIB	IGG0553A	differs	1	N	0004F0	0004F0	Y
IGG0553D	AOSD0	len-differs	len-differs	LPALIB	IGG0553A	error	1	N	000448	000448	Y
IGG0553E	AOSD0	differs	differs	LPALIB	IGG0553A	differs	1	N	0003F0	0003F0	Y
IGG0553F	AOSD0	identical	identical	LPALIB	IGG0553A	identical	1	N	0001C0	0001C0	Y
IGG0553G	AOSD0	differs	differs	LPALIB	IGG0553A	differs	1	N	000270	000270	Y
IGG08101	AOSD0	len-differs	len-differs	LPALIB	IGC0008A	len-differs	1	N	00045E	00045E	Y
IGG08102	AOSD0	len-differs	len-differs	LPALIB	IGC0008A	len-differs	1	N	0004A0	0004A0	Y
IGG08103	AOSD0	len-differs	len-differs	LPALIB	IGC0008A	len-differs	1	N	000372	000372	Y
IGG08104	AOSD0	len-differs	len-differs	LPALIB	IGC0008A	len-differs	1	N	000518	000518	Y
IGG08108	AOSD0	len-differs	len-differs	-	-	not-in-target	0	-	000A60	-	-
IGG08110	AOSD0	identical	identical	LPALIB	IGC0008A	identical	1	N	00068E	00068E	Y
IGG08111	AOSD0	identical	identical	LPALIB	IGC0008A	identical	1	N	000D8A	000D8A	Y
IGG08112	AOSD0	identical	identical	LPALIB	IGC0008A	identical	1	N	0009D2	0009D2	Y
IGG08113	AOSD0	identical	identical	LPALIB	IGC0008A	identical	1	N	000BD8	000BD8	Y
IGG08114	AOSD0	identical	identical	LPALIB	IGC0008A	identical	1	N	00067B	00067B	Y
IGG08115	AOSD0	identical	identical	LPALIB	IGC0008A	identical	1	N	0003A4	0003A4	Y
IGG08116	AOSD0	identical	identical	LPALIB	IGC0008A	identical	1	N	00078A	00078A	Y
IGG08117	AOSD0	identical	identical	LPALIB	IGC0008A	identical	1	N	000A5C	000A5C	Y
IGG0860A	AOSU0	differs	differs	LPALIB	IGG0860A	differs	1	N	000400	000400	Y
IGG0860B	AOSU0	differs	differs	LPALIB	IGG0860B	differs	1	N	000400	000400	Y
IGG0860C	AOSU0	differs	differs	LPALIB	IGG0860C	differs	1	N	000400	000400	Y
IGG0860D	AOSU0	differs	differs	LPALIB	IGG0860D	differs	1	N	000400	000400	Y
IGG086AE	AOSU0	len-differs	len-differs	LPALIB	IGG086AE	len-differs	1	N	000498	000498	Y
IGG09300	AOST3	identical	identical	LPALIB	IGC0009C	identical	1	N	000660	000660	Y
IGG09301	AOST3	len-differs	len-differs	LPALIB	IGC0009C	len-differs	1	N	0004B8	0004B8	Y
IGG09302	AOST3	len-differs	len-differs	LPALIB	IGC0009C	len-differs	1	N	0005F4	0005F4	Y
IGG09303	AOST3	differs	differs	LPALIB	IGC0009C	differs	1	N	000194	000194	Y
IGG09400	AOST3	len-differs	len-differs	LPALIB	IGC0009D	len-differs	1	N	00023C	00023C	Y
IGG09402	AOST3	len-differs	len-differs	LPALIB	IGC0009D	len-differs	1	N	000148	000148	Y
IGG09403	AOST3	differs	differs	LPALIB	IGC0009D	differs	1	N	000080	000080	Y
IGG09404	AOST3	differs	differs	LPALIB	IGC0009D	differs	1	N	000158	000158	Y
IGG09405	AOST3	holes	holes	LPALIB	IGC0009D	holes	1	N	000058	000058	Y
IGG09406	AOST3	holes	holes	LPALIB	IGC0009D	holes	1	N	0000B0	0000B0	Y
IGG09407	AOST3	identical	identical	LPALIB	IGC0009D	identical	1	N	000174	000174	Y
IGG09408	AOST3	len-differs	len-differs	LPALIB	IGC0009D	len-differs	1	N	000248	000248	Y
IGG09409	AOST3	len-differs	len-differs	LPALIB	IGC0009D	len-differs	1	N	0000C0	0000C0	Y
IGG0940A	AOST3	len-differs	len-differs	LPALIB	IGC0009D	len-differs	1	N	000118	000118	Y
IGG0940B	AOST3	identical	identical	LPALIB	IGC0009D	identical	1	N	000068	000068	Y
IGG0940C	AOST3	identical	identical	LPALIB	IGC0009D	identical	1	N	000090	000090	Y
IGG0940D	AOST3	identical	identical	LPALIB	IGC0009D	identical	1	N	000070	000070	Y
IGG0940E	AOST3	identical	identical	LPALIB	IGC0009D	identical	1	N	000094	000094	Y
IGG0940G	AOST3	len-differs	len-differs	LPALIB	IGC0009D	len-differs	1	N	0000A8	0000A8	Y
IGG0940H	AOST3	len-differs	len-differs	LPALIB	IGC0009D	len-differs	1	N	0001B4	0001B4	Y
IGG09411	AOST3	len-differs	len-differs	LPALIB	IGC0009D	len-differs	1	N	000132	000132	Y
IGG09414	AOST3	identical	identical	LPALIB	IGC0009D	identical	1	N	0000A4	0000A4	Y
IGG0CLA0	AOSA0	len-differs	len-differs	LINKLIB	IGG0CLA0	len-differs	1	N	0004E8	0004E8	Y
IGG0CLA1	AOSA0	identical	identical	LPALIB	IGG0CLA1	identical	1	N	000088	000088	Y
IGG0CLA2	AOSA0	len-differs	len-differs	LPALIB	IGG0CLA1	len-differs	1	N	000ABE	000ABE	Y
IGG0CLA3	AOSA0	len-differs	len-differs	LPALIB	IGG0CLA1	len-differs	1	N	000F38	000F38	Y
IGG0CLA4	AOSA0	len-differs	len-differs	LPALIB	IGG0CLA1	len-differs	1	N	001076	001076	Y
IGG0CLA5	AOSA0	len-differs	len-differs	LPALIB	IGG0CLA1	len-differs	1	N	000A93	000A93	Y
IGG0CLA6	AOSA0	len-differs	len-differs	LPALIB	IGG0CLA1	len-differs	1	N	000799	000799	Y
IGG0CLA7	AOSA0	len-differs	len-differs	LPALIB	IGG0CLA1	len-differs	1	N	00114A	00114A	Y
IGG0CLA8	AOSA0	len-differs	len-differs	LPALIB	IGG0CLA1	len-differs	1	N	000334	000334	Y
IGG0CLA9	AOSA0	len-differs	len-differs	LPALIB	IGG0CLA1	len-differs	1	N	001008	001008	Y
IGG0CLAA	AOSA0	holes	holes	LPALIB	IGG0CLA1	holes	1	N	000F37	000F37	Y
IGG0CLAB	AOSA0	differs	differs	LPALIB	IGG0CLA1	differs	1	N	0006F8	0006F8	Y
IGG0CLAC	AOSA0	len-differs	len-differs	LPALIB	IGG0CLA1	len-differs	1	N	000194	000194	Y
IGG0CLAD	AOSA0	len-differs	len-differs	LPALIB	IGG0CLA1	len-differs	1	N	0009AC	0009AC	Y
IGG0CLAE	AOSA0	len-differs	len-differs	LPALIB	IGG0CLA1	len-differs	1	N	000917	000917	Y
IGG0CLAF	AOSA0	len-differs	len-differs	LPALIB	IGG0CLA1	len-differs	1	N	00122B	00122B	Y
IGG0CLAG	AOSA0	len-differs	len-differs	LPALIB	IGG0CLA1	len-differs	1	N	001F75	001F75	Y
IGG0CLAH	AOSA0	len-differs	len-differs	LPALIB	IGG0CLA1	len-differs	1	N	000FB0	000FB0	Y
IGG0CLAI	AOSA0	len-differs	len-differs	LPALIB	IGG0CLA1	len-differs	1	N	000726	000726	Y
IGG0CLAJ	AOSA0	len-differs	len-differs	LPALIB	IGG0CLA1	len-differs	1	N	000D58	000D58	Y
IGG0CLAK	AOSA0	len-differs	len-differs	LPALIB	IGG0CLA1	len-differs	1	N	000F4B	000F4B	Y
IGG0CLAL	AOSA0	len-differs	len-differs	LPALIB	IGG0CLA1	len-differs	1	N	00103A	00103A	Y
IGG0CLAM	AOSA0	len-differs	len-differs	LPALIB	IGG0CLA1	len-differs	1	N	000689	000689	Y
IGG0CLAN	AOSA0	len-differs	len-differs	LPALIB	IGG0CLA1	len-differs	1	N	000F28	000F28	Y
IGG0CLAO	AOSA0	differs	differs	LPALIB	IGG0CLA1	differs	1	N	0007CC	0007CC	Y
IGG0CLAP	AOSA0	len-differs	len-differs	LPALIB	IGG0CLA1	len-differs	1	N	000AA2	000AA2	Y
IGG0CLAQ	AOSA0	len-differs	len-differs	LPALIB	IGG0CLA1	len-differs	1	N	000EC9	000EC9	Y
IGG0CLAR	AOSA0	len-differs	len-differs	LPALIB	IGG0CLA1	len-differs	1	N	000400	000400	Y
IGG0CLAS	AOSA0	len-differs	len-differs	LPALIB	IGG0CLA1	len-differs	1	N	001048	001048	Y
IGG0CLAT	AOSA0	len-differs	len-differs	LPALIB	IGG0CLA1	len-differs	1	N	001178	001178	Y
IGG0CLAU	AOSA0	holes	holes	LPALIB	IGG0CLA1	holes	1	N	000A50	000A50	Y
IGG0CLAV	AOSA0	holes	holes	LPALIB	IGG0CLA1	holes	1	N	000868	000868	Y
IGG0CLAW	AOSA0	len-differs	len-differs	LPALIB	IGG0CLA1	len-differs	1	N	000CA7	000CA7	Y
IGG0CLAX	AOSA0	len-differs	len-differs	LPALIB	IGG0CLA1	len-differs	1	N	000D20	000D20	Y
IGG0CLAY	AOSA0	len-differs	len-differs	LPALIB	IGG0CLA1	len-differs	1	N	000828	000828	Y
IGG0CLAZ	AOSA0	len-differs	len-differs	LPALIB	IGG0CLA1	len-differs	1	N	000BA8	000BA8	Y
IGG0CLB0	AOSA0	len-differs	len-differs	LPALIB	IGG0CLA1	len-differs	1	N	00112C	00112C	Y
IGG0CLB1	AOSA0	len-differs	len-differs	LPALIB	IGG0CLA1	len-differs	1	N	00096B	00096B	Y
IGG0CLB2	AOSA0	identical	identical	LPALIB	IGG0CLA1	identical	1	N	0004E3	0004E3	Y
IGG0CLB3	AOSA0	holes	holes	LPALIB	IGG0CLA1	holes	1	N	0003D0	0003D0	Y
IGG0CLB4	AOSA0	differs	differs	LPALIB	IGG0CLA1	differs	1	N	000ADF	000ADF	Y
IGG0CLB5	AOSA0	len-differs	len-differs	LPALIB	IGG0CLA1	len-differs	1	N	000FC4	000FC4	Y
IGG0CLB6	AOSA0	len-differs	len-differs	LPALIB	IGG0CLA1	len-differs	1	N	000B4A	000B4A	Y
IGG0CLB7	AOSA0	len-differs	len-differs	LPALIB	IGG0CLA1	len-differs	1	N	000A90	000A90	Y
IGG0CLB8	AOSA0	len-differs	len-differs	LPALIB	IGG0CLA1	len-differs	1	N	000D54	000D54	Y
IGG0CLB9	AOSA0	len-differs	len-differs	LPALIB	IGG0CLA1	len-differs	1	N	000D48	000D48	Y
IGG0CLBA	AOSA0	len-differs	len-differs	LPALIB	IGG0CLA1	len-differs	1	N	000B7A	000B7A	Y
IGG0CLBB	AOSA0	len-differs	len-differs	LPALIB	IGG0CLA1	len-differs	1	N	000EB0	000EB0	Y
IGG0CLBC	AOSA0	holes	holes	LPALIB	IGG0CLA1	holes	1	N	000658	000658	Y
IGG0CLBD	AOSA0	len-differs	len-differs	LPALIB	IGG0CLA1	len-differs	1	N	000F58	000F58	Y
IGG0CLBE	AOSA0	len-differs	len-differs	LPALIB	IGG0CLA1	len-differs	1	N	000D84	000D84	Y
IGG0CLBF	AOSA0	holes	holes	LPALIB	IGG0CLA1	holes	1	N	000260	000260	Y
IGG0CLBG	AOSA0	len-differs	len-differs	LPALIB	IGG0CLA1	len-differs	1	N	001338	001338	Y
IGG0CLBH	AOSA0	len-differs	len-differs	LPALIB	IGG0CLA1	len-differs	1	N	0008BC	0008BC	Y
IGG0CLBI	AOSA0	identical	identical	LPALIB	IGG0CLA1	identical	1	N	001462	001462	Y
IGG0CLBJ	AOSA0	len-differs	len-differs	LPALIB	IGG0CLA1	len-differs	1	N	00057B	00057B	Y
IGG0CLBK	AOSA0	len-differs	len-differs	LPALIB	IGG0CLA1	len-differs	1	N	000BE1	000BE1	Y
IGG0CLBL	AOSA0	len-differs	len-differs	LPALIB	IGG0CLA1	len-differs	1	N	000E4A	000E4A	Y
IGG0CLBM	AOSA0	len-differs	len-differs	LPALIB	IGG0CLA1	len-differs	1	N	001208	001208	Y
IGG0CLBN	AOSA0	len-differs	len-differs	LPALIB	IGG0CLA1	len-differs	1	N	0010D2	0010D2	Y
IGG0CLBO	AOSA0	len-differs	len-differs	LPALIB	IGG0CLA1	len-differs	1	N	0010D6	0010D6	Y
IGG0CLBP	AOSA0	len-differs	len-differs	LPALIB	IGG0CLA1	len-differs	1	N	000FD0	000FD0	Y
IGG0CLBQ	AOSA0	holes	holes	LPALIB	IGG0CLA1	holes	1	N	000583	000583	Y
IGG0CLBR	AOSA0	holes	holes	LPALIB	IGG0CLA1	holes	1	N	000691	000691	Y
IGG0CLBS	AOSA0	len-differs	len-differs	LPALIB	IGG0CLA1	len-differs	1	N	000C5F	000C5F	Y
IGG0CLBT	AOSA0	len-differs	len-differs	LPALIB	IGG0CLA1	len-differs	1	N	00073B	00073B	Y
IGG0CLBU	AOSA0	len-differs	len-differs	LPALIB	IGG0CLA1	len-differs	1	N	0006CE	0006CE	Y
IGG0CLBV	AOSA0	len-differs	len-differs	LPALIB	IGG0CLA1	len-differs	1	N	001028	001028	Y
IGG0CLBW	AOSA0	len-differs	len-differs	LPALIB	IGG0CLA1	len-differs	1	N	0009D7	0009D7	Y
IGG0CLBX	AOSA0	identical	identical	LPALIB	IGG0CLA1	identical	1	N	000F20	000F20	Y
IGG0CLBY	AOSA0	len-differs	len-differs	LPALIB	IGG0CLA1	len-differs	1	N	000D18	000D18	Y
IGG0CLBZ	AOSA0	len-differs	len-differs	LPALIB	IGG0CLA1	len-differs	1	N	0007A0	0007A0	Y
IGG0CLC9	AOSA0	len-differs	len-differs	LPALIB	IGG0CLA1	len-differs	1	N	001F88	001F88	Y
IGG0CLCA	AOSD0	len-differs	len-differs	LPALIB	IGG0CLCA	len-differs	1	N	0020BA	0020BA	Y
IGG0CLCB	AOSD0	len-differs	len-differs	LPALIB	IGG0CLCA	len-differs	1	N	000ADC	000ADC	Y
IGG0CLCC	AOSD0	len-differs	len-differs	LPALIB	IGG0CLCA	len-differs	1	N	0013E8	0013E8	Y
IGG0CLCD	AOSD0	len-differs	len-differs	LPALIB	IGG0CLCA	len-differs	1	N	000EA4	000EA4	Y
IGG0CLCE	AOSD0	len-differs	len-differs	LPALIB	IGG0CLCA	len-differs	1	N	000BD4	000BD4	Y
IGG0CLCF	AOSD0	len-differs	len-differs	LPALIB	IGG0CLCA	len-differs	1	N	000A3C	000A3C	Y
IGG0CLDA	AOSA0	differs	differs	LPALIB	IGG0CLA1	differs	1	N	0007D6	0007D6	Y
IGG0CLDC	AOSA0	len-differs	len-differs	LPALIB	IGG0CLA1	len-differs	1	N	0008B8	0008B8	Y
IGG0CLDD	AOSA0	len-differs	len-differs	LPALIB	IGG0CLA1	len-differs	1	N	000B31	000B31	Y
IGG0CLF2	AOSD0	differs	differs	LPALIB	IGC0003B	differs	1	N	000258	000258	Y
IGG1AN	AOSD0	identical	error	-	-	not-in-target	0	-	-	-	-
IGG1HN	AOSD0	identical	error	-	-	not-in-target	0	-	-	-	-
IGG1PCAN	AOSD0	identical	error	-	-	not-in-target	0	-	-	-	-
IGG1PCHN	AOSD0	identical	error	-	-	not-in-target	0	-	-	-	-
IGG1PN	AOSD0	identical	error	-	-	not-in-target	0	-	-	-	-
IGG1QN	AOSD0	identical	error	-	-	not-in-target	0	-	-	-	-
IGG1QNC	AOSD0	identical	error	-	-	not-in-target	0	-	-	-	-
IGG1RN	AOSD0	identical	error	-	-	not-in-target	0	-	-	-	-
IGG1SN	AOSD0	identical	error	-	-	not-in-target	0	-	-	-	-
IGG1TN	AOSD0	identical	error	-	-	not-in-target	0	-	-	-	-
IGG1XN	AOSD0	identical	error	-	-	not-in-target	0	-	-	-	-
IGG1YN	AOSD0	identical	error	-	-	not-in-target	0	-	-	-	-
IGG2A11	AOSD0	identical	error	-	-	not-in-target	0	-	-	-	-
IGG2G11	AOSD0	identical	error	-	-	not-in-target	0	-	-	-	-
IGG2H11	AOSD0	identical	error	-	-	not-in-target	0	-	-	-	-
IGG2P11	AOSD0	identical	error	-	-	not-in-target	0	-	-	-	-
IGG2T11	AOSD0	identical	error	-	-	not-in-target	0	-	-	-	-
IGG3AN	AOSD0	identical	error	-	-	not-in-target	0	-	-	-	-
IGG3HN	AOSD0	identical	error	-	-	not-in-target	0	-	-	-	-
IGG3PCAN	AOSD0	identical	error	-	-	not-in-target	0	-	-	-	-
IGG3PCHN	AOSD0	identical	error	-	-	not-in-target	0	-	-	-	-
IGG3PN	AOSD0	identical	error	-	-	not-in-target	0	-	-	-	-
IGG3QN	AOSD0	identical	error	-	-	not-in-target	0	-	-	-	-
IGG3QNC	AOSD0	identical	error	-	-	not-in-target	0	-	-	-	-
IGG3RN	AOSD0	identical	error	-	-	not-in-target	0	-	-	-	-
IGG3SN	AOSD0	identical	error	-	-	not-in-target	0	-	-	-	-
IGG3TN	AOSD0	identical	error	-	-	not-in-target	0	-	-	-	-
IGG3XN	AOSD0	identical	error	-	-	not-in-target	0	-	-	-	-
IGG3YN	AOSD0	identical	error	-	-	not-in-target	0	-	-	-	-
IGGMSG01	AOSD0	identical	identical	LPALIB	IGGMSG01	identical	1	N	000AB1	000AB1	Y
IGGMSG02	AOSD0	identical	identical	LPALIB	IGGMSG02	differs	1	N	000964	000964	Y
IGX00013	AOSC5	len-differs	len-differs	LPALIB	IGX00013	len-differs	1	N	00090C	00090C	Y
IGX00014	ALPALIB	holes	holes	LPALIB	IGX00014	holes	1	N	-	000704	?
IGX00015	AOSC5	len-differs	len-differs	-	-	not-in-target	0	-	0000B4	-	-
IGX00026	AOST4	identical	identical	LPALIB	IGX00026	identical	1	N	0004F8	0004F8	Y
IGX00027	AOST4	identical	identical	LPALIB	IGX00027	identical	1	N	000258	000258	Y
IHCGSP01	AOS07	len-differs	len-differs	-	-	not-in-target	0	-	0000A2	-	-
IHCGSP02	AOS07	len-differs	len-differs	-	-	not-in-target	0	-	0000EE	-	-
IHCGSP03	AOS07	len-differs	len-differs	-	-	not-in-target	0	-	000160	-	-
IHCGSP04	AOS07	holes	holes	-	-	not-in-target	0	-	0002C0	-	-
IHDGSP01	AOS07	len-differs	len-differs	-	-	not-in-target	0	-	00009E	-	-
IHDGSP02	AOS07	no-deck	no-deck	-	-	not-in-target	0	-	-	-	-
IHDGSP03	AOS07	len-differs	len-differs	-	-	not-in-target	0	-	000160	-	-
IHEGSP01	AOS07	no-deck	no-deck	-	-	not-in-target	0	-	-	-	-
IHEGSP02	AOS07	no-deck	no-deck	-	-	not-in-target	0	-	-	-	-
IHEGSP03	AOS07	len-differs	len-differs	-	-	not-in-target	0	-	0001B0	-	-
IHJACP00	AOSC6	len-differs	error	-	-	not-in-target	0	-	-	-	-
IHJACP01	AOSC6	len-differs	error	-	-	not-in-target	0	-	-	-	-
IHJACP02	AOSC6	len-differs	error	-	-	not-in-target	0	-	-	-	-
IHJACP20	AOSC6	identical	error	-	-	not-in-target	0	-	-	-	-
IHJACP25	AOSC6	len-differs	error	-	-	not-in-target	0	-	-	-	-
IHJACP50	AOSC6	differs	error	-	-	not-in-target	0	-	-	-	-
IHJACP70	AOSC6	holes	error	-	-	not-in-target	0	-	-	-	-
IHJARS00	AOSC6	len-differs	error	-	-	not-in-target	0	-	-	-	-
IHJARS01	AOSC6	len-differs	error	-	-	not-in-target	0	-	-	-	-
IHJARS60	AOSC6	len-differs	error	-	-	not-in-target	0	-	-	-	-
IHJQCP30	AOSC6	holes	error	-	-	not-in-target	0	-	-	-	-
IHJQCP31	AOSC6	identical	error	-	-	not-in-target	0	-	-	-	-
IHJQCP32	AOSC6	identical	error	-	-	not-in-target	0	-	-	-	-
IHJQRS20	AOSC6	identical	error	-	-	not-in-target	0	-	-	-	-
IHJQRS21	AOSC6	len-differs	error	-	-	not-in-target	0	-	-	-	-
IHJQRS22	AOSC6	identical	error	-	-	not-in-target	0	-	-	-	-
IHJQRS23	AOSC6	identical	error	-	-	not-in-target	0	-	-	-	-
IHJQRS24	AOSC6	differs	error	-	-	not-in-target	0	-	-	-	-
IKJ5803D	AOST4	len-differs	len-differs	LPALIB	IGC0003D	len-differs	1	N	0000B8	0000B8	Y
IKJCB831	AOST4	len-differs	len-differs	LPALIB	IKJCB831	len-differs	1	N	001220	001220	Y
IKJCT430	AOST4	identical	identical	CMDLIB	EXEC	differs	1	N	001128	001128	Y
IKJCT431	AOST4	identical	identical	CMDLIB	EXEC	len-differs	1	N	001C40	001F90	N
IKJCT432	AOST4	identical	identical	CMDLIB	EXEC	identical	1	N	0021B5	0021B5	Y
IKJCT433	AOST4	len-differs	len-differs	LPALIB	IKJPTGT	len-differs	1	N	002F70	0037A0	N
IKJCT434	AOST4	len-differs	len-differs	LPALIB	IKJPTGT	len-differs	1	N	00155C	00155C	Y
IKJCT435	AOST4	len-differs	len-differs	CMDLIB	EXEC	len-differs	1	N	000CE3	000CE3	Y
IKJCT436	AOST4	len-differs	len-differs	LPALIB	IKJPTGT	len-differs	1	N	002760	002760	Y
IKJCT460	AOST4	len-differs	len-differs	LINKLIB	IKJCT469	len-differs	1	N	00047C	00047C	Y
IKJCT462	AOST4	len-differs	len-differs	LINKLIB	IKJCT469	len-differs	1	N	0010AC	0010AC	Y
IKJCT463	AOST4	len-differs	len-differs	LINKLIB	IKJCT469	len-differs	1	N	000EB0	000EB0	Y
IKJCT464	AOST4	len-differs	len-differs	LINKLIB	IKJCT469	len-differs	1	N	0003E8	0003E8	Y
IKJCT466	AOST4	len-differs	len-differs	CMDLIB	OUTPUT	len-differs	1	N	000230	000230	Y
IKJCT467	AOST4	len-differs	len-differs	LINKLIB	IKJCT469	len-differs	1	N	000A48	000A48	Y
IKJCT469	AOST4	len-differs	len-differs	LINKLIB	IKJCT469	len-differs	1	N	000E58	000E58	Y
IKJCT470	AOST4	identical	identical	LINKLIB	IKJCT469	identical	1	N	000314	000314	Y
IKJCT471	AOST4	len-differs	len-differs	LINKLIB	IKJCT469	len-differs	1	N	0002DA	0002DA	Y
IKJCT472	AOST4	len-differs	len-differs	LINKLIB	IKJCT469	len-differs	1	N	0002B0	0002B0	Y
IKJCT473	AOST4	len-differs	len-differs	LINKLIB	IKJCT469	len-differs	1	N	00075C	00075C	Y
IKJDAIR	AOST4	no-deck	no-deck	-	-	not-in-target	0	-	-	-	-
IKJEBEAA	ACMDLIB	identical	identical	CMDLIB	IKJEBEAA	identical	1	N	-	000040	?
IKJEBEAE	ACMDLIB	differs	differs	CMDLIB	IKJEBEMA	differs	1	N	-	0004D0	?
IKJEBEAR	AOST4	identical	identical	-	-	not-in-target	0	-	000020	-	-
IKJEBEAT	ACMDLIB	identical	identical	CMDLIB	IKJEBEMA	identical	1	N	-	000174	?
IKJEBEBO	ACMDLIB	len-differs	len-differs	CMDLIB	IKJEBEBO	len-differs	1	N	-	0000C0	?
IKJEBECH	ACMDLIB	identical	identical	CMDLIB	IKJEBECH	identical	1	N	-	001E21	?
IKJEBECI	ACMDLIB	len-differs	len-differs	CMDLIB	IKJEBECI	len-differs	1	N	-	000A98	?
IKJEBECK	AOST4	identical	identical	-	-	not-in-target	0	-	000020	-	-
IKJEBECO	ACMDLIB	differs	differs	CMDLIB	IKJEBECO	differs	1	N	-	000758	?
IKJEBEDA	ACMDLIB	differs	differs	CMDLIB	IKJEBEDA	differs	1	N	-	0003A8	?
IKJEBEDC	ACMDLIB	differs	differs	CMDLIB	IKJEBERE	differs	2	N	-	0003D8	?
IKJEBEDE	ACMDLIB	len-differs	len-differs	CMDLIB	IKJEBEDE	len-differs	1	N	-	0006E8	?
IKJEBEDX	ACMDLIB	len-differs	len-differs	CMDLIB	IKJEBERE	len-differs	1	N	-	00069A	?
IKJEBEEX	ACMDLIB	differs	differs	CMDLIB	IKJEBEEX	differs	1	N	-	000250	?
IKJEBEHE	ACMDLIB	len-differs	len-differs	CMDLIB	IKJEBEHE	len-differs	1	N	-	00007C	?
IKJEBELE	ACMDLIB	identical	identical	CMDLIB	IKJEBELE	identical	1	N	-	0008E6	?
IKJEBEM1	ACMDLIB	holes	holes	CMDLIB	IKJEBEM1	holes	1	N	-	0003F2	?
IKJEBEM2	ACMDLIB	holes	holes	CMDLIB	IKJEBEM2	holes	1	N	-	000693	?
IKJEBEM3	ACMDLIB	holes	holes	CMDLIB	IKJEBEM3	holes	1	N	-	0003EE	?
IKJEBEM4	ACMDLIB	holes	holes	CMDLIB	IKJEBEM4	holes	1	N	-	000416	?
IKJEBEM5	ACMDLIB	holes	holes	CMDLIB	IKJEBEM5	holes	1	N	-	00049F	?
IKJEBEM6	ACMDLIB	holes	holes	CMDLIB	IKJEBEM6	holes	1	N	-	0004EE	?
IKJEBEM7	ACMDLIB	holes	holes	CMDLIB	IKJEBEM7	holes	1	N	-	000723	?
IKJEBEMC	AOST4	differs	differs	CMDLIB	IKJEBEMC	differs	1	N	00133C	00133C	Y
IKJEBEMS	ACMDLIB	len-differs	len-differs	CMDLIB	IKJEBEMS	len-differs	1	N	-	0002D7	?
IKJEBEPS	ACMDLIB	identical	identical	CMDLIB	IKJEBEPS	identical	1	N	-	000068	?
IKJEBERC	AOST4	identical	identical	-	-	not-in-target	0	-	000020	-	-
IKJEBERN	ACMDLIB	differs	differs	CMDLIB	IKJEBERN	differs	1	N	-	000B06	?
IKJEBESC	ACMDLIB	identical	identical	CMDLIB	IKJEBESC	identical	1	N	-	001193	?
IKJEBESE	ACMDLIB	differs	differs	CMDLIB	IKJEBECH	differs	2	N	-	000370	?
IKJEBETO	ACMDLIB	len-differs	len-differs	CMDLIB	IKJEBETO	len-differs	1	N	-	0000E4	?
IKJEBEUI	ACMDLIB	differs	differs	CMDLIB	IKJEBEUI	differs	1	N	-	000838	?
IKJEBEUN	AOST4	differs	differs	CMDLIB	IKJEBEUN	identical	1	N	000460	000460	Y
IKJEBEVE	ACMDLIB	len-differs	len-differs	CMDLIB	IKJEBEVE	len-differs	1	N	-	000158	?
IKJEE100	ACMDLIB	differs	differs	CMDLIB	OPERATOR	differs	1	N	-	0011AC	?
IKJEE150	ACMDLIB	differs	differs	CMDLIB	OPERATOR	error	1	N	-	000574	?
IKJEE1A0	ACMDLIB	holes	holes	CMDLIB	OPERATOR	error	1	N	-	0002D9	?
IKJEES10	ACMDLIB	differs	differs	CMDLIB	SEND	differs	1	N	-	001094	?
IKJEES20	AOST4	differs	differs	CMDLIB	SEND	differs	3	N	000580	000580	Y
IKJEES40	ACMDLIB	len-differs	len-differs	LINKLIB	IKJEES40	len-differs	1	N	-	000DC8	?
IKJEES70	AOST4	differs	differs	CMDLIB	LISTBC	differs	2	N	0007A4	0007A4	Y
IKJEES74	AOST4	len-differs	len-differs	CMDLIB	LISTBC	len-differs	2	N	000343	000343	Y
IKJEES75	AOST4	differs	differs	CMDLIB	LISTBC	differs	2	N	000642	000642	Y
IKJEFA01	ACMDLIB	identical	identical	LINKLIB	ACCOUNT	identical	1	N	-	000383	?
IKJEFA10	ACMDLIB	len-differs	len-differs	LINKLIB	IKJEFA10	len-differs	1	N	-	000B95	?
IKJEFA11	ACMDLIB	identical	identical	LINKLIB	IKJEFA10	identical	1	N	-	0005B2	?
IKJEFA12	ACMDLIB	len-differs	len-differs	LINKLIB	IKJEFA10	len-differs	1	N	-	000B38	?
IKJEFA13	ACMDLIB	len-differs	len-differs	LINKLIB	IKJEFA10	len-differs	1	N	-	000DA1	?
IKJEFA20	ACMDLIB	len-differs	len-differs	LINKLIB	IKJEFA20	len-differs	1	N	-	000FE0	?
IKJEFA21	ACMDLIB	differs	differs	LINKLIB	IKJEFA20	differs	1	N	-	0008C0	?
IKJEFA22	ACMDLIB	identical	identical	LINKLIB	IKJEFA20	identical	1	N	-	000E0A	?
IKJEFA23	ACMDLIB	len-differs	len-differs	LINKLIB	IKJEFA20	len-differs	1	N	-	000A1C	?
IKJEFA30	ACMDLIB	len-differs	len-differs	LINKLIB	IKJEFA30	len-differs	1	N	-	000F9A	?
IKJEFA31	ACMDLIB	identical	identical	LINKLIB	IKJEFA30	identical	1	N	-	00067E	?
IKJEFA32	ACMDLIB	identical	identical	LINKLIB	IKJEFA30	identical	1	N	-	0006EC	?
IKJEFA41	ACMDLIB	identical	identical	LINKLIB	IKJEFA40	identical	1	N	-	00034C	?
IKJEFA42	ACMDLIB	identical	identical	LINKLIB	IKJEFA40	identical	1	N	-	000FEB	?
IKJEFA51	ACMDLIB	len-differs	len-differs	LINKLIB	IKJEFA10	len-differs	6	N	-	000784	?
IKJEFA52	ACMDLIB	holes	holes	LINKLIB	IKJEFA10	holes	5	N	-	000393	?
IKJEFA53	ACMDLIB	len-differs	len-differs	LINKLIB	IKJEFA10	len-differs	3	N	-	0001BB	?
IKJEFA54	ACMDLIB	identical	identical	LINKLIB	IKJEFA20	identical	2	N	-	000284	?
IKJEFA55	ACMDLIB	len-differs	len-differs	LINKLIB	IKJEFA10	len-differs	4	N	-	000B18	?
IKJEFD00	AOST4	identical	identical	-	-	not-in-target	0	-	002DF4	-	-
IKJEFD30	AOST4	differs	differs	CMDLIB	ALLOCATE	len-differs	1	N	000574	000598	N
IKJEFD31	AOST4	identical	identical	CMDLIB	ALLOCATE	len-differs	1	N	000569	000570	N
IKJEFD32	AOST4	differs	differs	CMDLIB	ALLOCATE	len-differs	1	N	000DA4	000DB8	N
IKJEFD33	AOST4	identical	identical	CMDLIB	ALLOCATE	len-differs	1	N	0006B8	0006C8	N
IKJEFD34	AOST4	identical	identical	CMDLIB	ALLOCATE	len-differs	1	N	000A1A	000A30	N
IKJEFD35	AOST4	identical	identical	CMDLIB	ALLOCATE	len-differs	1	N	000340	000350	N
IKJEFD36	AOST4	holes	holes	CMDLIB	ALLOCATE	len-differs	1	N	0004AC	0004D0	N
IKJEFD37	AOST4	identical	identical	CMDLIB	ALLOCATE	len-differs	1	N	000D00	000D10	N
IKJEFE06	ACMDLIB	holes	holes	-	-	not-in-target	0	-	-	-	-
IKJEFE16	ACMDLIB	differs	differs	CMDLIB	IKJEFE11	identical	1	N	-	000130	?
IKJEFF00	AOST4	len-differs	len-differs	LPALIB	IGC0010{	len-differs	1	N	001880	001880	Y
IKJEFF01	ACMDLIB	differs	differs	CMDLIB	SUBMIT	differs	1	N	-	000260	?
IKJEFF02	AOST4	differs	differs	LINKLIB	IKJEFF04	identical	5	Y	001248	001248	Y
IKJEFF03	ACMDLIB	len-differs	len-differs	LINKLIB	IKJEFF04	len-differs	1	N	-	0007F2	?
IKJEFF05	ACMDLIB	len-differs	len-differs	LINKLIB	IKJEFF04	len-differs	1	N	-	000E08	?
IKJEFF06	ACMDLIB	identical	identical	-	-	not-in-target	0	-	-	-	-
IKJEFF07	ACMDLIB	len-differs	len-differs	LINKLIB	IKJEFF04	len-differs	1	N	-	0006DC	?
IKJEFF08	ACMDLIB	len-differs	len-differs	LINKLIB	IKJEFF04	len-differs	1	N	-	000338	?
IKJEFF09	ACMDLIB	len-differs	len-differs	LINKLIB	IKJEFF04	len-differs	1	N	-	000413	?
IKJEFF10	ACMDLIB	identical	identical	LINKLIB	IKJEFF10	len-differs	1	N	-	0003E8	?
IKJEFF12	ACMDLIB	identical	identical	-	-	not-in-target	0	-	-	-	-
IKJEFF15	AOST4	len-differs	len-differs	LINKLIB	IKJEFF04	len-differs	1	N	000440	000440	Y
IKJEFF19	AOST4	len-differs	len-differs	LINKLIB	IKJEFF19	len-differs	1	N	001B13	001B13	Y
IKJEFF20	AOST4	len-differs	len-differs	LPALIB	IKJEFF76	len-differs	1	N	0001AB	0001AB	Y
IKJEFF49	AOST4	len-differs	len-differs	LINKLIB	IKJEFF57	len-differs	1	N	0003B5	0003B5	Y
IKJEFF50	ACMDLIB	differs	differs	LINKLIB	IKJEFF50	identical	1	N	-	000468	?
IKJEFF51	AOST4	identical	identical	LINKLIB	IKJEFF51	identical	1	N	000504	000504	Y
IKJEFF52	AOST4	len-differs	len-differs	LINKLIB	IKJEFF51	len-differs	1	N	0006C0	0006C0	Y
IKJEFF53	AOST4	identical	identical	LINKLIB	IKJEFF53	len-differs	1	N	00022D	0003E8	N
IKJEFF54	AOST4	len-differs	len-differs	LINKLIB	IKJEFF51	len-differs	1	N	000410	000410	Y
IKJEFF55	ACMDLIB	len-differs	len-differs	LINKLIB	IKJEFF50	len-differs	1	N	-	00080E	?
IKJEFF56	AOST4	differs	differs	CMDLIB	STATUS	differs	1	N	000290	000290	Y
IKJEFF57	ACMDLIB	len-differs	len-differs	LINKLIB	IKJEFF57	len-differs	1	N	-	000410	?
IKJEFF58	AOST4	identical	identical	CMDLIB	CANCEL	identical	1	N	00007E	00007E	Y
IKJEFF76	AOST4	identical	identical	LPALIB	IKJEFF76	identical	1	N	0004F8	0004F8	Y
IKJEFF77	AOST4	identical	identical	LPALIB	IGC0010{	identical	1	N	00016B	00016B	Y
IKJEFH00	ACMDLIB	identical	identical	CMDLIB	TSOHELP	identical	1	N	-	000413	?
IKJEFL00	ACMDLIB	differs	differs	CMDLIB	LOGOFF	differs	1	N	-	0000C8	?
IKJEFLA	AOST4	len-differs	len-differs	LPALIB	IKJEFLA	len-differs	1	N	000668	000668	Y
IKJEFLB	AOST4	len-differs	len-differs	LPALIB	IKJEFLA	len-differs	1	N	000680	000680	Y
IKJEFLC	AOST4	len-differs	len-differs	LPALIB	IKJEFLA	len-differs	1	N	000780	000780	Y
IKJEFLCM	AOST4	identical	identical	LPALIB	IKJEFLA	identical	1	N	00007E	00007E	Y
IKJEFLE	AOST4	len-differs	len-differs	LPALIB	IKJEFLA	len-differs	1	N	0028B8	0028B8	Y
IKJEFLEA	AOST4	len-differs	len-differs	LPALIB	IKJEFLA	len-differs	1	N	000F3A	000F3A	Y
IKJEFLF	AOST4	len-differs	len-differs	LPALIB	IKJEFLF	len-differs	1	N	0000F6	0000F6	Y
IKJEFLG	AOST4	len-differs	len-differs	LPALIB	IKJEFLA	len-differs	1	N	0003A8	0003A8	Y
IKJEFLGB	AOST4	len-differs	len-differs	LPALIB	IKJEFLA	len-differs	1	N	000898	000898	Y
IKJEFLGH	AOST4	holes	holes	LPALIB	IKJEFLA	identical	1	N	000075	000075	Y
IKJEFLGM	AOST4	len-differs	len-differs	LPALIB	IKJEFLA	len-differs	1	N	000580	000580	Y
IKJEFLGN	AOST4	len-differs	len-differs	LPALIB	IKJEFLA	len-differs	1	N	000FCC	000FCC	Y
IKJEFLH	AOST4	len-differs	len-differs	LPALIB	IKJEFLA	len-differs	1	N	000318	000318	Y
IKJEFLI	AOST4	len-differs	len-differs	LPALIB	IKJEFLA	len-differs	1	N	0012D8	0012D8	Y
IKJEFLIA	AOST4	no-deck	no-deck	-	-	not-in-target	0	-	-	-	-
IKJEFLJ	AOST4	len-differs	len-differs	LPALIB	IKJEFLA	len-differs	1	N	0003C0	0003C0	Y
IKJEFLK	AOST4	len-differs	len-differs	LPALIB	IKJEFLA	len-differs	1	N	000368	000368	Y
IKJEFLL	AOST4	len-differs	len-differs	LPALIB	IKJEFLA	len-differs	1	N	000AE8	000AE8	Y
IKJEFLLM	AOST4	identical	identical	LPALIB	IKJEFLA	identical	1	N	000204	000204	Y
IKJEFLPA	AOST4	len-differs	len-differs	LPALIB	IKJEFLA	len-differs	1	N	0003D0	0003D0	Y
IKJEFLS	AOST4	len-differs	len-differs	LPALIB	IKJEFLA	len-differs	1	N	000538	000538	Y
IKJEFP00	AOST4	len-differs	len-differs	LPALIB	IKJPARS	len-differs	1	N	000FFC	000FFC	Y
IKJEFP03	AOST4	len-differs	len-differs	LPALIB	IKJPARS	len-differs	1	N	00080C	00080C	Y
IKJEFP10	AOST4	len-differs	len-differs	LPALIB	IKJPARS	len-differs	1	N	000376	000376	Y
IKJEFP20	AOST4	len-differs	len-differs	LPALIB	IKJPARS	len-differs	1	N	000902	000902	Y
IKJEFP30	AOST4	differs	differs	LPALIB	IKJSCAN	differs	1	N	000284	000284	Y
IKJEFP40	AOST4	len-differs	len-differs	LPALIB	IKJSCAN	len-differs	1	N	000376	000376	Y
IKJEFP60	AOST4	len-differs	error	-	-	not-in-target	0	-	-	-	-
IKJEFT01	AOST4	len-differs	len-differs	LPALIB	IKJEFT01	len-differs	1	N	001BB8	001BB8	Y
IKJEFT02	AOST4	len-differs	len-differs	LPALIB	IKJEFT02	len-differs	1	N	002B70	002B70	Y
IKJEFT03	AOST4	len-differs	len-differs	LPALIB	IKJEFT02	len-differs	1	N	0006E0	0006E0	Y
IKJEFT04	AOST4	len-differs	len-differs	LPALIB	IKJEFT04	len-differs	1	N	000A08	000A08	Y
IKJEFT05	AOST4	len-differs	len-differs	LPALIB	IKJEFT04	len-differs	1	N	0014B0	0014B0	Y
IKJEFT06	AOST4	len-differs	len-differs	LPALIB	IKJEFT01	len-differs	4	N	0006A0	0006A0	Y
IKJEFT07	AOST4	identical	identical	LPALIB	IKJEFT07	identical	1	N	000344	000344	Y
IKJEFT08	AOST4	len-differs	len-differs	LPALIB	IKJEFT02	len-differs	1	N	001520	001520	Y
IKJEFT09	AOST4	identical	identical	LPALIB	IKJEFT09	differs	1	N	000368	000368	Y
IKJEFT25	AOST4	len-differs	len-differs	LINKLIB	IKJEFT25	len-differs	1	N	00078C	00078C	Y
IKJEFT30	AOST4	len-differs	len-differs	LPALIB	IKJPTGT	len-differs	1	N	001268	001268	Y
IKJEFT35	AOST4	len-differs	len-differs	LPALIB	IKJPTGT	len-differs	1	N	000778	000778	Y
IKJEFT40	AOST4	identical	identical	LPALIB	IKJPTGT	identical	1	N	0002D8	0002D8	Y
IKJEFT45	AOST4	len-differs	len-differs	LPALIB	IKJPTGT	len-differs	1	N	000660	000660	Y
IKJEFT52	AOST4	identical	identical	LPALIB	IKJPTGT	identical	1	N	0000D8	0000D8	Y
IKJEFT53	AOST4	identical	identical	LPALIB	IKJPTGT	identical	1	N	000088	000088	Y
IKJEFT54	AOST4	identical	identical	LPALIB	IKJPTGT	identical	1	N	000328	000328	Y
IKJEFT55	AOST4	len-differs	len-differs	LPALIB	IKJPTGT	len-differs	1	N	00103C	00103C	Y
IKJEFT56	AOST4	identical	identical	LPALIB	IKJPTGT	len-differs	1	N	000278	000398	N
IKJEFTE2	AOST4	identical	identical	LPALIB	IKJEFT02	len-differs	1	N	000068	0001E0	N
IKJEFTE8	AOST4	differs	differs	LPALIB	IKJEFT02	len-differs	1	N	000068	000140	N
IKJEFTNS	AOST4	identical	identical	LPALIB	IKJEFT02	identical	1	N	00009E	00009E	Y
IKJEFTSC	AOST4	identical	identical	LPALIB	IKJEFT01	differs	1	N	000ED0	000ED0	Y
IKJEFXSR	AOST4	len-differs	len-differs	LINKLIB	IKJEFXSR	len-differs	1	N	000670	000670	Y
IKJEGASN	ACMDLIB	identical	identical	CMDLIB	IKJEGPCH	identical	1	N	-	00083C	?
IKJEGMSG	ACMDLIB	differs	differs	CMDLIB	TEST	identical	2	Y	-	00338A	?
IKJEGSTA	ACMDLIB	identical	identical	CMDLIB	TEST	identical	2	N	-	00073E	?
IKJEHCIR	ACMDLIB	len-differs	len-differs	LPALIB	IKJEHDEF	len-differs	1	N	-	001148	?
IKJEHDEF	ACMDLIB	len-differs	len-differs	LPALIB	IKJEHDEF	len-differs	1	N	-	000A80	?
IKJEHMEM	ACMDLIB	len-differs	len-differs	CMDLIB	IKJEHMEM	len-differs	1	N	-	0004B8	?
IKJEHREN	ACMDLIB	differs	differs	CMDLIB	IKJEHREN	differs	1	N	-	0003F4	?
IKJL4T00	AOST4	differs	differs	LPALIB	IKJEFLF	differs	1	N	0002F8	0002F8	Y
IKJNULL	AOSB3	len-differs	len-differs	-	-	not-in-target	0	-	00005A	-	-
IKJRBBCM	AOST4	identical	identical	LINKLIB	IKJRBBCR	identical	1	N	00021B	00021B	Y
IKJRBBCR	AOST4	len-differs	len-differs	LINKLIB	IKJRBBCR	len-differs	1	N	000868	000868	Y
IKJRBBMC	AOST4	len-differs	len-differs	LPALIB	IKJPTGT	len-differs	1	N	000A68	000A68	Y
IKJRBBMG	AOST4	holes	holes	-	-	not-in-target	0	-	000284	-	-
IKJRBBMP	AOST4	len-differs	len-differs	-	-	not-in-target	0	-	000918	-	-
IKJRBBU0	AOST4	len-differs	len-differs	LINKLIB	IKJRBBU0	len-differs	1	N	001FDC	001FDC	Y
IKJRBBU1	AOST4	holes	error	-	-	not-in-target	0	-	-	-	-
IKJTTRM0	AOST4	differs	differs	LPALIB	IKJTTRM0	identical	1	N	0002F0	0002F0	Y
IKT0009C	AOST3	differs	differs	LPALIB	IGC0009C	identical	1	N	00029C	00029C	Y
IKT0009D	AOST3	len-differs	len-differs	LPALIB	IGC0009D	len-differs	1	N	0000E4	0000E8	N
IKT09401	AOST3	len-differs	len-differs	LPALIB	IGC0009D	len-differs	1	N	000144	000144	Y
IKT09404	AOST3	identical	identical	LPALIB	IGC0009D	identical	1	N	0000E8	0000E8	Y
IKT09405	AOST3	identical	identical	LPALIB	IGC0009D	identical	1	N	0000A8	0000A8	Y
IKT09409	AOST3	len-differs	len-differs	LPALIB	IGC0009D	len-differs	1	N	000104	000104	Y
IKT0940A	AOST3	identical	identical	LPALIB	IGC0009D	len-differs	1	N	000130	000150	N
IKT0940C	AOST3	differs	differs	LPALIB	IGC0009D	differs	1	N	0000D0	0000D0	Y
IKT0940D	AOST3	identical	identical	LPALIB	IGC0009D	identical	1	N	0000B8	0000B8	Y
IKT0940E	AOST3	len-differs	len-differs	LPALIB	IGC0009D	len-differs	1	N	000104	000104	Y
IKT0940F	AOST3	len-differs	len-differs	LPALIB	IGC0009D	len-differs	1	N	000678	000678	Y
IKT09412	AOST3	len-differs	len-differs	LPALIB	IGC0009D	len-differs	1	N	000150	000176	N
IKT09413	AOST3	len-differs	len-differs	LPALIB	IGC0009D	len-differs	1	N	000128	000148	N
IKT09414	AOST3	identical	identical	LPALIB	IGC0009D	identical	1	N	0000A4	0000A4	Y
IKT3270I	AOST3	len-differs	len-differs	LPALIB	IKTIOM02	len-differs	1	N	000C30	000BA0	N
IKT3270O	AOST3	len-differs	len-differs	LPALIB	IKTIOM02	len-differs	1	N	002774	002918	N
IKT93EST	AOST3	len-differs	len-differs	LPALIB	IGC0009C	len-differs	1	N	0003A6	0003A6	Y
IKTASCII	AOST3	identical	identical	LPALIB	IKTASCII	identical	1	N	000310	000310	Y
IKTASTPT	AOST3	len-differs	len-differs	LPALIB	IGC0009C	len-differs	1	N	00080C	00080C	Y
IKTATTN	AOST3	len-differs	len-differs	LPALIB	IKTIOM02	len-differs	1	N	0001AC	0001AC	Y
IKTAY8	AOST3	len-differs	len-differs	LPALIB	IGC0001C	len-differs	1	N	000B48	000B48	Y
IKTCAS00	AOST3	len-differs	len-differs	LINKLIB	IKTCAS00	len-differs	1	N	000D0B	000D0B	Y
IKTCAS20	AOST3	identical	identical	LINKLIB	IKTCAS20	identical	1	N	000308	000308	Y
IKTCAS21	AOST3	len-differs	len-differs	LINKLIB	IKTCAS20	len-differs	1	N	0004D8	0004D8	Y
IKTCAS22	AOST3	len-differs	len-differs	LINKLIB	IKTCAS20	len-differs	1	N	0001C4	0001C4	Y
IKTCAS23	AOST3	len-differs	len-differs	LINKLIB	IKTCAS20	len-differs	1	N	000DFC	000DFC	Y
IKTCAS24	AOST3	len-differs	len-differs	LINKLIB	IKTCAS20	len-differs	1	N	000348	000348	Y
IKTCAS30	AOST3	identical	identical	LINKLIB	IKTCAS30	identical	1	N	0002D0	0002D0	Y
IKTCAS31	AOST3	len-differs	len-differs	LINKLIB	IKTCAS30	len-differs	1	N	0008A0	0008A0	Y
IKTCAS32	AOST3	len-differs	len-differs	LINKLIB	IKTCAS30	len-differs	1	N	000264	000264	Y
IKTCAS33	AOST3	identical	identical	LINKLIB	IKTCAS30	identical	1	N	000234	000234	Y
IKTCAS40	AOST3	identical	identical	LINKLIB	IKTCAS40	identical	1	N	000520	000520	Y
IKTCAS41	AOST3	identical	identical	LINKLIB	IKTCAS40	identical	1	N	0004D0	0004D0	Y
IKTCAS42	AOST3	identical	identical	LINKLIB	IKTCAS40	identical	1	N	000371	000371	Y
IKTCAS51	AOST3	identical	identical	LINKLIB	IKTCAS51	identical	1	N	000174	000174	Y
IKTCAS52	AOST3	len-differs	len-differs	LINKLIB	IKTCAS51	len-differs	1	N	00035C	00035C	Y
IKTCAS53	AOST3	len-differs	len-differs	LINKLIB	IKTCAS51	len-differs	1	N	00036C	00036C	Y
IKTCAS54	AOST3	identical	identical	LINKLIB	IKTCAS51	len-differs	1	N	001962	0019A2	N
IKTCAS55	AOST3	len-differs	len-differs	LINKLIB	IKTCAS51	len-differs	1	N	000580	000580	Y
IKTCAS56	AOST3	len-differs	len-differs	LINKLIB	IKTCAS51	len-differs	1	N	0007C4	0007C4	Y
IKTCASCX	AOST3	len-differs	len-differs	LINKLIB	IKTCAS20	len-differs	1	N	0004D4	0004D4	Y
IKTCASOX	AOST3	len-differs	len-differs	LINKLIB	IKTCAS20	len-differs	1	N	00044A	00044A	Y
IKTEXIT	AOST3	len-differs	len-differs	LPALIB	IKTIOM00	len-differs	1	N	0002C4	0002C4	Y
IKTIIOM	AOST4	len-differs	len-differs	LPALIB	IKJEFLA	len-differs	1	N	000548	000548	Y
IKTIMIDS	AOST3	len-differs	len-differs	LPALIB	IKTIOM02	len-differs	1	N	000998	000998	Y
IKTIMLU2	AOST3	len-differs	len-differs	LPALIB	IKTIOM03	len-differs	1	N	000C48	000C48	Y
IKTIOFRR	AOST3	len-differs	len-differs	LPALIB	IKTIOM00	len-differs	1	N	00051C	00051C	Y
IKTIST00	AOST3	identical	identical	LPALIB	IKTIOM00	identical	1	N	000144	000144	Y
IKTLOGFF	AOST4	len-differs	len-differs	LPALIB	IKJEFLA	len-differs	1	N	000240	000240	Y
IKTLOGR	AOST4	len-differs	len-differs	LPALIB	IKJEFLA	len-differs	1	N	0006C8	0006C8	Y
IKTLTERM	AOST3	len-differs	len-differs	LPALIB	IKTLTERM	len-differs	1	N	00123C	00123C	Y
IKTMSGS	AOST3	len-differs	len-differs	LPALIB	IKTMSGS	len-differs	1	N	0004D7	0004D7	Y
IKTOMIDS	AOST3	len-differs	len-differs	LPALIB	IKTIOM02	len-differs	1	N	000900	000900	Y
IKTOMLU2	AOST3	len-differs	len-differs	LPALIB	IKTIOM03	len-differs	1	N	000D90	000D90	Y
IKTQMIN	AOST3	len-differs	len-differs	LPALIB	IKTQMIN	len-differs	1	N	000FCC	000FCC	Y
IKTQMOUT	AOST3	no-deck	no-deck	-	-	not-in-target	0	-	-	-	-
IKTRPLXT	AOST4	identical	identical	LPALIB	IKJEFLA	identical	1	N	00014C	00014C	Y
IKTTIMRT	AOST3	len-differs	len-differs	LPALIB	IKTIOM01	len-differs	1	N	000F1C	000F1C	Y
IKTTOMJR	AOST3	len-differs	len-differs	LPALIB	IKTTOMJR	len-differs	1	N	0000BC	0000BC	Y
IKTTOMRT	AOST3	len-differs	len-differs	LPALIB	IKTIOM01	len-differs	1	N	0024F0	0024F0	Y
IKTVTGET	AOST3	len-differs	len-differs	LPALIB	IGC0009C	len-differs	1	N	0009FC	000A48	N
IKTVTPUT	AOST3	len-differs	len-differs	LPALIB	IGC0009C	len-differs	1	N	000558	000558	Y
IKTXINIT	AOST4	len-differs	len-differs	LPALIB	IKJEFLA	len-differs	1	N	000C20	000C20	Y
IKTXLOG	AOST4	identical	identical	LPALIB	IKJEFLA	len-differs	1	N	000048	000340	N
IKTXMTPT	AOST3	len-differs	len-differs	LPALIB	IGC0009C	len-differs	1	N	00044C	00044C	Y
ILRACT	AOSC5	differs	differs	LPALIB	ILRGROUP	differs	1	N	000660	000660	Y
ILRASM00	AOSC5	len-differs	len-differs	NUCLEUS	IEANUC01	len-differs	1	N	000418	000418	Y
ILRASRIM	AOSC5	len-differs	len-differs	NUCLEUS	IEAVNP04	len-differs	1	N	0031BC	0031BC	Y
ILRCMP	AOSC5	differs	differs	NUCLEUS	IEANUC01	differs	1	N	000B84	000B84	Y
ILRCMP01	AOSC5	differs	differs	NUCLEUS	IEANUC01	differs	1	N	0003BC	0003BC	Y
ILRFMT00	AOSC5	len-differs	len-differs	LINKLIB	ILRFMT00	len-differs	1	N	002430	002430	Y
ILRFMTCV	AOSC5	len-differs	len-differs	LINKLIB	ILRFMT00	len-differs	1	N	0022B8	0022B8	Y
ILRFMTPG	AOSC5	len-differs	len-differs	LINKLIB	ILRFMT00	len-differs	1	N	001078	001078	Y
ILRFMTSW	AOSC5	len-differs	len-differs	LINKLIB	ILRFMT00	len-differs	1	N	001BEC	001BEC	Y
ILRFRR01	AOSC5	differs	differs	NUCLEUS	IEANUC01	differs	1	N	0007B8	0007B8	Y
ILRFRSLT	AOSC5	identical	identical	NUCLEUS	IEANUC01	identical	1	N	000230	000230	Y
ILRGOS	AOSC5	identical	identical	NUCLEUS	IEANUC01	identical	1	N	000D08	000D08	Y
ILRGOS01	AOSC5	identical	identical	NUCLEUS	IEANUC01	identical	1	N	000BF4	000BF4	Y
ILRIMMSG	AOSC5	differs	differs	NUCLEUS	IEAVNP04	differs	2	N	000B70	000B70	Y
ILRIOFRR	AOSC5	differs	differs	NUCLEUS	IEANUC01	differs	1	N	000B53	000B53	Y
ILRJTERM	AOSC5	differs	differs	NUCLEUS	IEANUC01	differs	1	N	000280	000280	Y
ILRMSG00	AOSC5	differs	differs	NUCLEUS	IEANUC01	differs	1	N	0007B0	0007B0	Y
ILROPS00	AOSC5	len-differs	len-differs	LINKLIB	ILROPS00	len-differs	1	N	000B14	000B14	Y
ILRPAGCM	AOSC5	differs	differs	NUCLEUS	IEANUC01	differs	1	N	000B00	000B00	Y
ILRPAGIO	AOSC5	len-differs	len-differs	NUCLEUS	IEANUC01	len-differs	1	N	0005F0	0005F0	Y
ILRPEX	AOSC5	differs	differs	NUCLEUS	IEANUC01	differs	1	N	000161	000161	Y
ILRPGEXP	AOSC5	len-differs	len-differs	LINKLIB	ILRPGEXP	len-differs	1	N	0018AE	0018AE	Y
ILRPOS	AOSC5	len-differs	len-differs	NUCLEUS	IEANUC01	len-differs	1	N	0008E8	0008E8	Y
ILRPREAD	AOSC5	holes	holes	LINKLIB	ILRPREAD	holes	1	N	0005E8	0005E8	Y
ILRPTM	AOSC5	differs	differs	NUCLEUS	IEANUC01	differs	1	N	000970	000970	Y
ILRQSRIT	AOSC5	differs	differs	NUCLEUS	IEAVNP05	differs	1	N	000390	000390	Y
ILRRLG	AOSC5	len-differs	len-differs	LPALIB	ILRGROUP	len-differs	1	N	00061C	00061C	Y
ILRSAV	AOSC5	len-differs	len-differs	LPALIB	ILRGROUP	len-differs	1	N	00073C	00073C	Y
ILRSLOTC	AOSC5	identical	identical	NUCLEUS	IEANUC01	identical	1	N	000004	000004	Y
ILRSRB01	AOSC5	differs	differs	NUCLEUS	IEANUC01	differs	1	N	00035B	00035B	Y
ILRSRBC	AOSC5	differs	differs	NUCLEUS	IEANUC01	differs	1	N	000418	000418	Y
ILRSRT	AOSC5	identical	identical	NUCLEUS	IEANUC01	identical	1	N	000FE4	000FE4	Y
ILRSRT01	AOSC5	identical	identical	NUCLEUS	IEANUC01	identical	1	N	00084B	00084B	Y
ILRSWAP	AOSC5	len-differs	len-differs	NUCLEUS	IEANUC01	len-differs	1	N	000A30	000A30	Y
ILRSWP01	AOSC5	differs	differs	NUCLEUS	IEANUC01	differs	1	N	0005F9	0005F9	Y
ILRSWPDR	AOSC5	identical	identical	NUCLEUS	IEANUC01	identical	1	N	000250	000250	Y
ILRTERMR	AOSC5	differs	differs	NUCLEUS	IEANUC01	differs	1	N	000CB8	000CB8	Y
ILRTMI00	AOSC5	len-differs	len-differs	LINKLIB	ILRTMI00	len-differs	1	N	00148C	00148C	Y
ILRTMI01	AOSC5	len-differs	len-differs	LPALIB	ILRGROUP	len-differs	1	N	000900	000900	Y
ILRTMRLG	AOSC5	differs	differs	LPALIB	ILRGROUP	differs	1	N	000613	000613	Y
ILRVIOCM	AOSC5	differs	differs	NUCLEUS	IEANUC01	differs	1	N	000200	000200	Y
ILRVSAMI	AOSC5	len-differs	len-differs	LPALIB	ILRGROUP	len-differs	1	N	001BD8	001BD8	Y
IMAPTFLE	AOS12	no-deck	no-deck	-	-	not-in-target	0	-	-	-	-
IMASPZAP	AOS12	no-deck	no-deck	-	-	not-in-target	0	-	-	-	-
IMDUSRFF	AOSD0	differs	differs	LPALIB	IMDUSRFF	differs	1	N	002730	002730	Y
INGSP	AOS07	no-deck	no-deck	-	-	not-in-target	0	-	-	-	-
IOEDKCLS	AOSD0	holes	holes	-	-	not-in-target	0	-	0000FE	-	-
IOEDKGET	AOSD0	identical	identical	-	-	not-in-target	0	-	000310	-	-
IOEDKMSG	AOSD0	len-differs	len-differs	-	-	not-in-target	0	-	000AE0	-	-
IOEDKOPN	AOSD0	len-differs	len-differs	-	-	not-in-target	0	-	0006A8	-	-
IOEDKPUT	AOSD0	identical	identical	-	-	not-in-target	0	-	000350	-	-
IOEDKRDR	AOSD0	len-differs	len-differs	-	-	not-in-target	0	-	003380	-	-
IOEDKWTR	AOSD0	len-differs	len-differs	-	-	not-in-target	0	-	001E18	-	-
IOEESTAE	AOSD0	identical	identical	-	-	not-in-target	0	-	000142	-	-
IOESDKTI	AOSD0	holes	holes	-	-	not-in-target	0	-	0010BC	-	-
IOESDKTO	AOSD0	len-differs	len-differs	-	-	not-in-target	0	-	0012A0	-	-
IQADVM00	AOSC5	identical	identical	LINKLIB	IQADVM00	identical	1	N	000004	000004	Y
IQARIH00	AOSC5	identical	identical	NUCLEUS	IEANUC01	identical	1	N	000008	000008	Y
IRARMCNS	AOSC5	len-differs	len-differs	NUCLEUS	IEANUC01	len-differs	1	N	00088C	00088C	Y
IRARMCPM	AOSC5	differs	differs	NUCLEUS	IEANUC01	differs	1	N	000800	000800	Y
IRARMCPU	AOSC5	identical	identical	NUCLEUS	IEAVNP10	identical	1	N	000070	000070	Y
IRARMCTL	AOSC5	differs	differs	NUCLEUS	IEANUC01	differs	1	N	000EF8	000EF8	Y
IRARMERR	AOSC5	len-differs	len-differs	NUCLEUS	IEANUC01	len-differs	1	N	000880	000880	Y
IRARMEVT	AOSC5	differs	differs	NUCLEUS	IEANUC01	differs	1	N	0022D4	0022D4	Y
IRARMINT	AOSC5	differs	differs	NUCLEUS	IEANUC01	differs	1	N	000460	000460	Y
IRARMIOM	AOSC5	differs	differs	NUCLEUS	IEANUC01	differs	1	N	000D1E	000D1E	Y
IRARMIPS	AOSC5	differs	differs	NUCLEUS	IEAVNP10	differs	2	N	003548	003548	Y
IRARMMSG	AOSC5	identical	identical	NUCLEUS	IEANUC01	identical	1	N	0002A7	0002A7	Y
IRARMRMR	AOSC5	holes	holes	NUCLEUS	IEANUC01	holes	1	N	000413	000413	Y
IRARMSET	ALPALIB	differs	differs	LPALIB	IRARMSET	differs	1	N	-	00025C	?
IRARMSRV	AOSC5	len-differs	len-differs	NUCLEUS	IEANUC01	len-differs	1	N	00060C	00060C	Y
IRARMSTM	AOSC5	differs	differs	NUCLEUS	IEANUC01	differs	1	N	000B98	000B98	Y
IRARMWAR	ALPALIB	len-differs	len-differs	LPALIB	IRARMWAR	len-differs	1	N	-	00065E	?
IRARMWLM	AOSC5	differs	differs	NUCLEUS	IEANUC01	differs	1	N	000C7E	000C7E	Y
IRBMFALL	AOSC5	holes	holes	LINKLIB	IRBMFALL	holes	1	N	0001A6	0001A6	Y
IRBMFANL	AOSC5	identical	identical	NUCLEUS	IEAVNP10	identical	3	N	000284	000284	Y
IRBMFCNV	AOSC5	holes	holes	LINKLIB	IRBMFCNV	holes	1	N	000A7F	000A7F	Y
IRBMFDCP	AOSC5	holes	holes	LINKLIB	IRBMFDCP	holes	1	N	000994	000994	Y
IRBMFDDP	AOSC5	holes	holes	LINKLIB	IRBMFDDP	holes	1	N	000DE8	000DE8	Y
IRBMFDEA	AOSC5	holes	holes	LINKLIB	IRBMFMFC	holes	1	N	000164	000164	Y
IRBMFDHP	AOSC5	holes	holes	LINKLIB	IRBMFDHP	holes	1	N	000C68	000C68	Y
IRBMFDPP	AOSC5	holes	holes	LINKLIB	IRBMFDPP	holes	1	N	00058E	00058E	Y
IRBMFDSP	AOSC5	identical	identical	LINKLIB	IRBMFDSP	identical	1	N	000008	000008	Y
IRBMFDTA	AOSC5	len-differs	len-differs	LINKLIB	IRBMFMFC	len-differs	1	N	000750	000750	Y
IRBMFDTP	AOSC5	identical	error	-	-	not-in-target	0	-	-	-	-
IRBMFDWP	AOSC5	holes	holes	LINKLIB	IRBMFDWP	holes	1	N	0008A8	0008A8	Y
IRBMFECH	ALPALIB	holes	holes	LPALIB	IRBMFECH	len-differs	1	N	-	000384	?
IRBMFEDV	ALPALIB	holes	holes	LPALIB	IRBMFEDV	holes	1	N	-	00028C	?
IRBMFEVT	ALPALIB	differs	differs	LPALIB	IRBMFEVT	differs	1	N	-	000210	?
IRBMFFUR	AOSC5	holes	holes	LPALIB	IGX00013	holes	1	N	000062	000062	Y
IRBMFICP	AOSC5	holes	holes	LINKLIB	IRBMFICP	holes	1	N	0001F4	0001F4	Y
IRBMFIDV	AOSC5	holes	holes	LINKLIB	IRBMFIDV	holes	1	N	000A24	000A24	Y
IRBMFIHA	AOSC5	holes	holes	LINKLIB	IRBMFIHA	len-differs	1	N	00083C	000844	N
IRBMFINP	AOSC5	len-differs	len-differs	LINKLIB	IRBMFINP	len-differs	1	N	003BB9	003BB9	Y
IRBMFIOI	AOSC5	len-differs	len-differs	LPALIB	IGX00013	len-differs	1	N	000788	000788	Y
IRBMFIPG	AOSC5	holes	holes	LINKLIB	IRBMFIPG	holes	1	N	0001E4	0001E4	Y
IRBMFISP	AOSC5	identical	identical	LINKLIB	IRBMFISP	identical	1	N	000008	000008	Y
IRBMFITR	AOSC5	identical	identical	LINKLIB	IRBMFITR	identical	1	N	000008	000008	Y
IRBMFIWK	AOSC5	holes	holes	LINKLIB	IRBMFIWK	holes	1	N	0004D0	0004D0	Y
IRBMFLAV	AOSC5	identical	identical	LINKLIB	IRBMFRTR	identical	1	N	000008	000008	Y
IRBMFLCV	AOSC5	holes	holes	LINKLIB	IRBMFRCR	holes	1	N	000094	000094	Y
IRBMFLDV	AOSC5	holes	holes	LINKLIB	IRBMFRDR	holes	1	N	000120	000120	Y
IRBMFLHV	AOSC5	holes	holes	LINKLIB	IRBMFRHR	holes	1	N	000118	000118	Y
IRBMFLMV	AOSC5	differs	identical	LINKLIB	IRBMFMPR	identical	1	N	000184	000184	Y
IRBMFLPV	AOSC5	holes	holes	LINKLIB	IRBMFRPR	holes	1	N	000148	000148	Y
IRBMFLSV	AOSC5	identical	identical	LINKLIB	IRBMFRSR	identical	1	N	000008	000008	Y
IRBMFLTV	AOSC5	holes	holes	LINKLIB	IRBMFRGM	holes	1	N	0000F0	0000F0	Y
IRBMFLWV	AOSC5	holes	holes	LINKLIB	IRBMFRWR	holes	1	N	0000E8	0000E8	Y
IRBMFMFC	AOSC5	differs	differs	LINKLIB	IRBMFMFC	differs	1	N	000634	000634	Y
IRBMFMLN	AOSC5	holes	holes	LINKLIB	IRBMFMFC	holes	1	N	000226	000226	Y
IRBMFMPR	AOSC5	holes	holes	LINKLIB	IRBMFMPR	holes	1	N	0009E0	0009E0	Y
IRBMFRCR	AOSC5	holes	holes	LINKLIB	IRBMFRCR	holes	1	N	00094C	00094C	Y
IRBMFRDR	AOSC5	holes	holes	LINKLIB	IRBMFRDR	holes	1	N	000BB6	000BB6	Y
IRBMFRGM	AOSC5	len-differs	len-differs	LINKLIB	IRBMFRGM	len-differs	1	N	000E44	000E44	Y
IRBMFRHR	AOSC5	holes	holes	LINKLIB	IRBMFRHR	holes	1	N	000D56	000D56	Y
IRBMFRPR	AOSC5	holes	holes	LINKLIB	IRBMFRPR	holes	1	N	002598	002598	Y
IRBMFRSR	AOSC5	identical	identical	LINKLIB	IRBMFRSR	identical	1	N	000008	000008	Y
IRBMFRTR	AOSC5	identical	identical	LINKLIB	IRBMFRTR	identical	1	N	000008	000008	Y
IRBMFRWR	AOSC5	holes	holes	LINKLIB	IRBMFRWR	holes	1	N	001874	001874	Y
IRBMFSAR	AOSC5	len-differs	len-differs	LINKLIB	IRBMFRGM	len-differs	1	N	0004E2	0004E2	Y
IRBMFSDE	AOSC5	holes	holes	LPALIB	IGX00013	holes	1	N	000092	000092	Y
IRBMFTCH	ALPALIB	holes	holes	LPALIB	IRBMFTCH	holes	1	N	-	00013C	?
IRBMFTMA	AOSC5	holes	holes	LPALIB	IGX00013	holes	1	N	00050A	00050A	Y
IRBMFTRM	AOSC5	len-differs	len-differs	LINKLIB	IRBMFTRM	len-differs	1	N	000442	000442	Y
IRBMFTTB	AOSC5	identical	identical	LINKLIB	IRBMFDTP	identical	2	N	000004	000004	Y
ISDAAPR0	AOSD0	len-differs	len-differs	-	-	not-in-target	0	-	0008A9	-	-
ISDAAPR1	AOSD0	len-differs	len-differs	-	-	not-in-target	0	-	002AD8	-	-
ISDACNFG	AOSD0	len-differs	len-differs	-	-	not-in-target	0	-	0012D8	-	-
ISDACSB0	AOSD0	len-differs	len-differs	-	-	not-in-target	0	-	000643	-	-
ISDACSB1	AOSD0	len-differs	len-differs	-	-	not-in-target	0	-	0011B2	-	-
ISDADAT0	AOSD0	identical	identical	-	-	not-in-target	0	-	0002DF	-	-
ISDADAT1	AOSD0	len-differs	len-differs	-	-	not-in-target	0	-	000AB1	-	-
ISDADCK0	AOSD0	holes	holes	-	-	not-in-target	0	-	0005C8	-	-
ISDADCK1	AOSD0	len-differs	len-differs	-	-	not-in-target	0	-	0011DE	-	-
ISDADCS0	AOSD0	len-differs	len-differs	-	-	not-in-target	0	-	000444	-	-
ISDADCS1	AOSD0	len-differs	len-differs	-	-	not-in-target	0	-	0013D8	-	-
ISDADHE0	AOSD0	identical	identical	-	-	not-in-target	0	-	000A56	-	-
ISDADHE1	AOSD0	differs	differs	-	-	not-in-target	0	-	001819	-	-
ISDADRC0	AOSD0	len-differs	len-differs	-	-	not-in-target	0	-	000497	-	-
ISDADRC1	AOSD0	len-differs	len-differs	-	-	not-in-target	0	-	0008BC	-	-
ISDAEQC0	AOSD0	len-differs	len-differs	-	-	not-in-target	0	-	000798	-	-
ISDAEQC1	AOSD0	holes	holes	-	-	not-in-target	0	-	00087E	-	-
ISDAFSC0	AOSD0	len-differs	len-differs	-	-	not-in-target	0	-	001638	-	-
ISDAFSC1	AOSD0	len-differs	len-differs	-	-	not-in-target	0	-	0013E7	-	-
ISDAFSC2	AOSD0	len-differs	len-differs	-	-	not-in-target	0	-	0008B2	-	-
ISDAGEN0	AOSD0	identical	identical	-	-	not-in-target	0	-	000372	-	-
ISDAGET0	AOSD0	identical	identical	-	-	not-in-target	0	-	000242	-	-
ISDAHEXP	AOSD0	len-differs	len-differs	-	-	not-in-target	0	-	000242	-	-
ISDAHIST	AOSD0	len-differs	len-differs	-	-	not-in-target	0	-	0002FC	-	-
ISDALOG0	AOSD0	len-differs	len-differs	-	-	not-in-target	0	-	0003F4	-	-
ISDAOPT0	AOSD0	len-differs	len-differs	-	-	not-in-target	0	-	000BDF	-	-
ISDAPAD0	AOSD0	len-differs	len-differs	-	-	not-in-target	0	-	000900	-	-
ISDAPAD1	AOSD0	len-differs	len-differs	-	-	not-in-target	0	-	002084	-	-
ISDAPARM	AOSD0	len-differs	len-differs	-	-	not-in-target	0	-	001C04	-	-
ISDAPRT0	AOSD0	identical	identical	-	-	not-in-target	0	-	0003B8	-	-
ISDAPWR0	AOSD0	identical	identical	-	-	not-in-target	0	-	000040	-	-
ISDAPWR1	AOSD0	identical	identical	-	-	not-in-target	0	-	000040	-	-
ISDASDA0	AOSD0	len-differs	len-differs	-	-	not-in-target	0	-	002408	-	-
ISDASUM0	AOSD0	len-differs	len-differs	-	-	not-in-target	0	-	001A88	-	-
ISDASUM1	AOSD0	len-differs	len-differs	-	-	not-in-target	0	-	00102D	-	-
ISDASUM2	AOSD0	len-differs	len-differs	-	-	not-in-target	0	-	0009F8	-	-
ISDATYPE	AOSD0	identical	identical	-	-	not-in-target	0	-	00028C	-	-
ISTAICCK	AOS26	identical	identical	LPALIB	ISTAICIR	identical	1	N	000195	000195	Y
ISTAICIR	AOS26	len-differs	len-differs	LPALIB	ISTAICIR	len-differs	1	N	00094C	00094C	Y
ISTAICPT	AOS24	len-differs	len-differs	LPALIB	ISTAICPT	len-differs	1	N	000782	000782	Y
ISTAICTN	AOS24	len-differs	len-differs	LPALIB	ISTAICTN	len-differs	1	N	000420	000420	Y
ISTAPC11	AOS24	len-differs	len-differs	LPALIB	ISTAPC11	len-differs	1	N	000A40	000A40	Y
ISTAPC12	AOS24	identical	identical	LPALIB	ISTAPC12	identical	1	N	000374	000374	Y
ISTAPC22	AOS26	differs	differs	NUCLEUS	IEANUC01	differs	1	N	0003C4	0003C4	Y
ISTAPC23	AOS24	len-differs	len-differs	LPALIB	ISTAPC23	len-differs	1	N	00062C	00062C	Y
ISTAPC25	AOS24	differs	differs	LPALIB	ISTAPC25	differs	1	N	0006CC	0006CC	Y
ISTAPC31	AOS24	len-differs	len-differs	LPALIB	ISTAPC31	len-differs	1	N	0004B0	0004B0	Y
ISTAPC32	AOS24	len-differs	len-differs	LPALIB	ISTAPC32	len-differs	1	N	000170	000170	Y
ISTAPC33	AOS24	identical	identical	LPALIB	ISTAPC33	identical	1	N	000468	000468	Y
ISTAPC34	AOS24	identical	identical	LPALIB	ISTAPC34	identical	1	N	000088	000088	Y
ISTAPC35	AOS24	len-differs	len-differs	LPALIB	ISTAPC35	len-differs	1	N	000140	000140	Y
ISTAPC36	AOS24	len-differs	len-differs	LPALIB	ISTAPC36	len-differs	1	N	000110	000110	Y
ISTAPC37	AOS24	differs	differs	LPALIB	ISTAPC37	differs	1	N	0001C4	0001C4	Y
ISTAPC38	AOS24	differs	differs	LPALIB	ISTAPC38	differs	1	N	00018C	00018C	Y
ISTAPC41	AOS24	holes	holes	LPALIB	ISTAPC41	holes	1	N	000118	000118	Y
ISTAPC51	AOS24	len-differs	len-differs	LPALIB	ISTAPC51	len-differs	1	N	0001FC	0001FC	Y
ISTAPC52	AOS24	len-differs	len-differs	LPALIB	ISTAPC52	len-differs	1	N	00041C	00041C	Y
ISTAPC53	AOS24	identical	identical	LPALIB	ISTAPC53	identical	1	N	00012C	00012C	Y
ISTAPC54	AOS24	len-differs	len-differs	LPALIB	ISTAPC54	len-differs	1	N	000459	000459	Y
ISTAPC55	AOS24	differs	differs	LPALIB	ISTAPC55	differs	1	N	0006EC	0006EC	Y
ISTAPC56	AOS24	differs	differs	LPALIB	ISTAPC56	differs	1	N	0000FC	0000FC	Y
ISTAPC57	AOS24	len-differs	len-differs	LPALIB	ISTAPC57	len-differs	1	N	0002A8	0002A8	Y
ISTAPC58	AOS24	differs	differs	LPALIB	ISTAPC58	differs	1	N	0002F0	0002F0	Y
ISTAPC59	AOS24	differs	differs	LPALIB	ISTAPC59	differs	1	N	000264	000264	Y
ISTAPC61	AOS24	len-differs	len-differs	LPALIB	ISTAPC61	len-differs	1	N	000720	000720	Y
ISTAPC62	AOS24	len-differs	len-differs	LPALIB	ISTAPC62	len-differs	1	N	00068F	00068F	Y
ISTAPC63	AOS24	differs	differs	LPALIB	ISTAPC63	differs	1	N	000194	000194	Y
ISTAPC64	AOS24	identical	identical	LPALIB	ISTAPC64	identical	1	N	00012C	00012C	Y
ISTAPC66	AOS24	len-differs	len-differs	LPALIB	ISTAPC66	len-differs	1	N	000524	000524	Y
ISTAPC83	AOS24	len-differs	len-differs	LPALIB	ISTAPC83	len-differs	1	N	0001F4	0001F4	Y
ISTAPC84	AOS24	len-differs	len-differs	LPALIB	ISTAPC84	len-differs	1	N	000244	000244	Y
ISTAPM69	AOS24	holes	holes	LPALIB	ISTAPM69	holes	1	N	00007F	00007F	Y
ISTATM00	AOS26	len-differs	len-differs	VTAMLIB	ISTATM00	len-differs	1	N	000A62	000A62	Y
ISTATM10	AOS26	len-differs	len-differs	VTAMLIB	ISTATM10	len-differs	1	N	000918	000918	Y
ISTAUCAG	AOS24	identical	identical	LPALIB	ISTAUCAG	identical	1	N	000030	000030	Y
ISTAUCAT	AOS24	identical	identical	LPALIB	ISTAUCAT	identical	1	N	000030	000030	Y
ISTCC010	AOS26	holes	holes	VTAMLIB	ISTOLTEP	holes	1	N	00056C	00056C	Y
ISTCC011	AOS26	identical	identical	VTAMLIB	ISTOLTEP	identical	1	N	000D60	000D60	Y
ISTCC012	AOS26	holes	holes	VTAMLIB	ISTOLTEP	holes	1	N	00020C	00020C	Y
ISTCC013	AOS26	differs	differs	VTAMLIB	ISTOLTEP	differs	1	N	000795	000795	Y
ISTCC014	AOS26	differs	differs	VTAMLIB	ISTOLTEP	differs	1	N	000834	000834	Y
ISTCC015	AOS26	identical	identical	VTAMLIB	ISTOLTEP	identical	1	N	000338	000338	Y
ISTCC016	AOS26	holes	holes	VTAMLIB	ISTOLTEP	holes	1	N	000DC0	000DC0	Y
ISTCFCDP	AOS26	holes	holes	LINKLIB	ISTINM01	holes	1	N	0016F0	0016F0	Y
ISTCFCMM	AOS24	differs	differs	LPALIB	ISTCFCMM	differs	1	N	000130	000130	Y
ISTCFCPC	AOS26	differs	differs	LPALIB	ISTOCCRT	differs	1	N	00032D	00032D	Y
ISTCFCPO	AOS26	holes	holes	LPALIB	ISTOCCOB	holes	1	N	00020C	00020C	Y
ISTCFCR1	AOS26	len-differs	len-differs	LPALIB	ISTOCCRT	len-differs	1	N	000618	000618	Y
ISTCFCR2	AOS26	differs	differs	LINKLIB	ISTINM01	differs	1	N	000F08	000F08	Y
ISTCFCRP	AOS26	identical	identical	LPALIB	ISTOCCRT	identical	1	N	00057C	00057C	Y
ISTCFCS1	AOS26	len-differs	len-differs	LPALIB	ISTOCCRT	len-differs	1	N	0007A2	0007A2	Y
ISTCFCS2	AOS26	len-differs	len-differs	LPALIB	ISTOCCRT	len-differs	1	N	00051F	00051F	Y
ISTCFCTM	AOS24	no-deck	no-deck	-	-	not-in-target	0	-	-	-	-
ISTCFF3D	AOSB3	differs	differs	LPALIB	IGC0003D	differs	1	N	000489	000489	Y
ISTCFMMI	AOS26	identical	identical	LINKLIB	ISTINM01	identical	1	N	0000EC	0000EC	Y
ISTCFMTM	AOS24	len-differs	len-differs	LPALIB	ISTCFMTM	len-differs	1	N	0006F2	0006F2	Y
ISTCRCR4	AOS26	identical	identical	VTAMLIB	ISTCRCR4	identical	1	N	000528	000528	Y
ISTCSCAC	AOS26	len-differs	len-differs	LPALIB	ISTCSCMR	len-differs	1	N	000218	000218	Y
ISTCSCAQ	AOS26	len-differs	len-differs	LPALIB	ISTCSCMR	len-differs	1	N	0006C0	0006C0	Y
ISTCSCCL	AOS26	identical	identical	LPALIB	ISTCSCMR	identical	1	N	0005C0	0005C0	Y
ISTCSCLG	AOS26	len-differs	len-differs	LPALIB	ISTCSCMR	len-differs	1	N	000130	000130	Y
ISTCSCMR	AOS26	len-differs	len-differs	LPALIB	ISTCSCMR	len-differs	1	N	000C5A	000C5A	Y
ISTCSCPS	AOS26	differs	differs	LPALIB	ISTCSCMR	differs	1	N	000190	000190	Y
ISTCSCRL	AOS26	len-differs	len-differs	LPALIB	ISTCSCMR	len-differs	1	N	000956	000956	Y
ISTDCC00	AOS24	len-differs	len-differs	LPALIB	ISTDCC00	len-differs	1	N	000AB4	000AB4	Y
ISTDCC02	AOS24	len-differs	len-differs	LPALIB	ISTDCC02	len-differs	1	N	000776	000776	Y
ISTDCC10	AOS24	holes	holes	LPALIB	ISTDCC10	holes	1	N	000220	000220	Y
ISTDCC11	AOS24	len-differs	len-differs	LPALIB	ISTDCC11	len-differs	1	N	000968	000968	Y
ISTDCC12	AOS24	holes	holes	LPALIB	ISTDCC12	holes	1	N	000896	000896	Y
ISTDCC13	AOS24	identical	identical	LPALIB	ISTDCC13	identical	1	N	0001E0	0001E0	Y
ISTDCC20	AOS24	identical	identical	LPALIB	ISTDCC20	identical	1	N	0001B8	0001B8	Y
ISTDCC21	AOS24	len-differs	len-differs	LPALIB	ISTDCC21	len-differs	1	N	000658	000658	Y
ISTDCC22	AOS24	identical	identical	LPALIB	ISTDCC22	identical	1	N	00036C	00036C	Y
ISTDCC23	AOS24	holes	holes	LPALIB	ISTDCC23	holes	1	N	0001A0	0001A0	Y
ISTDCC24	AOS24	identical	identical	LPALIB	ISTDCC24	identical	1	N	0002B4	0002B4	Y
ISTDCC25	AOS24	len-differs	len-differs	LPALIB	ISTDCC25	len-differs	1	N	000690	000690	Y
ISTDCC30	AOS24	differs	differs	LPALIB	ISTDCC30	differs	1	N	0004A0	0004A0	Y
ISTDCC31	AOS24	identical	identical	LPALIB	ISTDCC31	identical	1	N	000390	000390	Y
ISTDCC32	AOS24	identical	identical	LPALIB	ISTDCC32	identical	1	N	0004A4	0004A4	Y
ISTDCC35	AOS24	len-differs	len-differs	LPALIB	ISTDCC35	len-differs	1	N	0007B8	0007B8	Y
ISTDCC40	AOS24	len-differs	len-differs	LPALIB	ISTDCC40	len-differs	1	N	000894	000894	Y
ISTDCC41	AOS24	holes	holes	LPALIB	ISTDCC41	holes	1	N	0001B4	0001B4	Y
ISTDCC42	AOS24	identical	identical	LPALIB	ISTDCC42	identical	1	N	00025C	00025C	Y
ISTDCC50	AOS24	len-differs	len-differs	LPALIB	ISTDCC50	len-differs	1	N	000C1C	000C1C	Y
ISTDCC51	AOS24	len-differs	len-differs	LPALIB	ISTDCC51	len-differs	1	N	00024C	00024C	Y
ISTDCC60	AOS24	differs	differs	LPALIB	ISTDCC60	differs	1	N	000354	000354	Y
ISTDCC61	AOS24	len-differs	len-differs	LPALIB	ISTDCC61	len-differs	1	N	000254	000254	Y
ISTDCC80	AOS24	len-differs	len-differs	LPALIB	ISTDCC80	len-differs	1	N	0004AC	0004AC	Y
ISTDCC81	AOS24	len-differs	len-differs	LPALIB	ISTDCC81	len-differs	1	N	000CC0	000CC0	Y
ISTDCC85	AOS24	identical	identical	LPALIB	ISTDCC85	identical	1	N	0002BC	0002BC	Y
ISTDVCBA	AOS24	identical	identical	LPALIB	ISTDVCBA	identical	1	N	001474	001474	Y
ISTDVCRC	AOS24	identical	identical	LPALIB	ISTDVCRC	identical	1	N	0011B8	0011B8	Y
ISTEC000	AOS26	identical	identical	VTAMLIB	ISTOLTEP	identical	1	N	000020	000020	Y
ISTEC123	AOS26	holes	holes	VTAMLIB	ISTOLTEP	holes	1	N	0015E8	0015E8	Y
ISTEC456	AOS26	holes	holes	VTAMLIB	ISTOLTEP	holes	1	N	001290	001290	Y
ISTEC789	AOS26	holes	holes	VTAMLIB	ISTOLTEP	holes	1	N	0005AC	0005AC	Y
ISTESC01	AOS24	identical	identical	LPALIB	ISTESC01	identical	1	N	000040	000040	Y
ISTESC02	AOS24	identical	identical	LPALIB	ISTESC02	identical	1	N	000090	000090	Y
ISTIC000	AOS26	len-differs	len-differs	VTAMLIB	ISTOLTEP	len-differs	1	N	001664	001664	Y
ISTIC001	AOS26	holes	holes	VTAMLIB	ISTOLTEP	holes	1	N	000A74	000A74	Y
ISTIC002	AOS26	len-differs	len-differs	VTAMLIB	ISTOLTEP	len-differs	1	N	001090	001090	Y
ISTIC003	AOS26	holes	holes	VTAMLIB	ISTOLTEP	holes	1	N	000780	000780	Y
ISTIC004	AOS26	holes	holes	VTAMLIB	ISTOLTEP	holes	1	N	000B80	000B80	Y
ISTIC005	AOS26	holes	holes	VTAMLIB	ISTOLTEP	holes	1	N	000950	000950	Y
ISTIC006	AOS26	len-differs	len-differs	VTAMLIB	ISTOLTEP	len-differs	1	N	000864	000864	Y
ISTIC007	AOS26	holes	holes	VTAMLIB	ISTOLTEP	holes	1	N	0003A0	0003A0	Y
ISTIC008	AOS26	len-differs	len-differs	VTAMLIB	ISTOLTEP	len-differs	1	N	000730	000730	Y
ISTIC009	AOS26	holes	holes	VTAMLIB	ISTOLTEP	holes	1	N	0009DC	0009DC	Y
ISTIC00A	AOS26	len-differs	len-differs	VTAMLIB	ISTOLTEP	len-differs	1	N	000C0C	000C0C	Y
ISTINC02	AOS26	holes	holes	LINKLIB	ISTINM01	holes	1	N	0004D0	0004D0	Y
ISTINC05	AOS26	len-differs	len-differs	LINKLIB	ISTINC05	len-differs	1	N	0004F4	0004F4	Y
ISTINC32	AOS26	differs	differs	LINKLIB	ISTINC32	differs	1	N	0001B6	0001B6	Y
ISTINCA0	AOS26	holes	holes	LINKLIB	ISTINM01	holes	1	N	000200	000200	Y
ISTINCAW	AOS26	holes	holes	LINKLIB	ISTINM01	holes	1	N	001FF4	001FF4	Y
ISTINCBL	AOS26	differs	differs	LINKLIB	ISTINM01	differs	1	N	000154	000154	Y
ISTINCCC	AOS26	identical	identical	LINKLIB	ISTINM01	identical	1	N	002254	002254	Y
ISTINCCF	AOS26	holes	holes	LINKLIB	ISTINM01	holes	1	N	0001D4	0001D4	Y
ISTINCCL	AOS26	len-differs	len-differs	LINKLIB	ISTINM01	len-differs	1	N	001AF2	001AF2	Y
ISTINCD0	AOS26	identical	identical	LINKLIB	ISTINM01	identical	1	N	000388	000388	Y
ISTINCD1	AOS26	identical	identical	LINKLIB	ISTINM01	identical	1	N	0000C0	0000C0	Y
ISTINCD2	AOS26	len-differs	len-differs	LINKLIB	ISTINM01	len-differs	1	N	0001A8	0001A8	Y
ISTINCD3	AOS26	identical	identical	LINKLIB	ISTINM01	identical	1	N	0004AE	0004AE	Y
ISTINCD4	AOS26	len-differs	len-differs	LINKLIB	ISTINM01	len-differs	1	N	00023A	00023A	Y
ISTINCD5	AOS26	len-differs	len-differs	LINKLIB	ISTINM01	len-differs	1	N	00038A	00038A	Y
ISTINCD6	AOS26	identical	identical	LINKLIB	ISTINM01	identical	1	N	000298	000298	Y
ISTINCD7	AOS26	identical	identical	LINKLIB	ISTINM01	identical	1	N	000148	000148	Y
ISTINCD8	AOS26	identical	identical	LINKLIB	ISTINM01	identical	1	N	0002C8	0002C8	Y
ISTINCD9	AOS26	holes	holes	LINKLIB	ISTINM01	holes	1	N	000B01	000B01	Y
ISTINCDL	AOS26	identical	identical	LINKLIB	ISTINM01	identical	1	N	0008F8	0008F8	Y
ISTINCDP	AOS26	len-differs	len-differs	VTAMLIB	ISTINCDP	len-differs	1	N	001340	001340	Y
ISTINCDT	AOS26	identical	identical	VTAMLIB	ISTINCDT	identical	1	N	000330	000330	Y
ISTINCDU	AOS26	holes	holes	LINKLIB	ISTINM01	holes	1	N	0003C1	0003C1	Y
ISTINCE0	AOS26	identical	identical	LINKLIB	ISTINM01	identical	1	N	000378	000378	Y
ISTINCE1	AOS26	identical	identical	LINKLIB	ISTINM01	identical	1	N	000258	000258	Y
ISTINCE2	AOS26	identical	identical	LINKLIB	ISTINM01	identical	1	N	0000C8	0000C8	Y
ISTINCE3	AOS26	identical	identical	LINKLIB	ISTINM01	identical	1	N	00014A	00014A	Y
ISTINCE4	AOS26	identical	identical	LINKLIB	ISTINM01	identical	1	N	000330	000330	Y
ISTINCE5	AOS26	identical	identical	LINKLIB	ISTINM01	identical	1	N	0000F8	0000F8	Y
ISTINCE6	AOS26	holes	holes	LINKLIB	ISTINM01	holes	1	N	0002B0	0002B0	Y
ISTINCE7	AOS26	holes	holes	LINKLIB	ISTINM01	holes	1	N	00052C	00052C	Y
ISTINCE8	AOS26	len-differs	len-differs	LINKLIB	ISTINM01	len-differs	1	N	000655	000655	Y
ISTINCE9	AOS26	identical	identical	LINKLIB	ISTINM01	identical	1	N	0002CC	0002CC	Y
ISTINCF1	AOS26	identical	identical	LINKLIB	ISTINM01	identical	1	N	00017E	00017E	Y
ISTINCF3	AOS26	identical	identical	LINKLIB	ISTINM01	identical	1	N	0008C6	0008C6	Y
ISTINCF4	AOS26	identical	identical	LINKLIB	ISTINM01	identical	1	N	0004AE	0004AE	Y
ISTINCF9	AOS26	holes	holes	LINKLIB	ISTINM01	holes	1	N	0001F8	0001F8	Y
ISTINCFE	AOS26	identical	identical	VTAMLIB	ISTINCFE	identical	1	N	0000E8	0000E8	Y
ISTINCFM	AOS26	identical	identical	LINKLIB	ISTINM01	identical	1	N	0000DC	0000DC	Y
ISTINCFS	AOS26	len-differs	len-differs	LINKLIB	ISTINM01	len-differs	1	N	000AB4	000AB4	Y
ISTINCHT	AOS26	holes	holes	LINKLIB	ISTINM01	holes	1	N	0005A4	0005A4	Y
ISTINCIB	AOS26	holes	holes	LINKLIB	ISTINM01	holes	1	N	000100	000100	Y
ISTINCIO	AOS26	len-differs	len-differs	LINKLIB	ISTINM01	len-differs	1	N	001BCC	001BCC	Y
ISTINCIP	AOS26	identical	identical	VTAMLIB	ISTINCIP	identical	1	N	000DBC	000DBC	Y
ISTINCIT	AOS26	holes	holes	LINKLIB	ISTINM01	holes	1	N	0000F8	0000F8	Y
ISTINCL0	AOS26	identical	identical	LINKLIB	ISTINM01	identical	1	N	0002CA	0002CA	Y
ISTINCL1	AOS26	len-differs	len-differs	LINKLIB	ISTINM01	len-differs	1	N	0001A0	0001A0	Y
ISTINCL2	AOS26	identical	identical	LINKLIB	ISTINM01	identical	1	N	00016A	00016A	Y
ISTINCL3	AOS26	len-differs	len-differs	LINKLIB	ISTINM01	len-differs	1	N	00027A	00027A	Y
ISTINCL4	AOS26	holes	holes	LINKLIB	ISTINM01	holes	1	N	0005CF	0005CF	Y
ISTINCL5	AOS26	identical	identical	LINKLIB	ISTINM01	identical	1	N	000108	000108	Y
ISTINCL6	AOS26	identical	identical	LINKLIB	ISTINM01	identical	1	N	000120	000120	Y
ISTINCL7	AOS26	identical	identical	LINKLIB	ISTINM01	identical	1	N	00011A	00011A	Y
ISTINCL8	AOS26	identical	identical	LINKLIB	ISTINM01	identical	1	N	00027A	00027A	Y
ISTINCLF	AOS26	identical	identical	LINKLIB	ISTINM01	identical	1	N	000B5C	000B5C	Y
ISTINCLM	AOS24	identical	identical	LPALIB	ISTINCLM	identical	1	N	0001C0	0001C0	Y
ISTINCMD	AOS26	differs	differs	LINKLIB	ISTINM01	differs	1	N	0004B8	0004B8	Y
ISTINCMR	AOS26	differs	differs	LINKLIB	ISTINM01	differs	1	N	000274	000274	Y
ISTINCMS	AOS26	len-differs	len-differs	VTAMLIB	ISTINCMS	len-differs	1	N	000D40	000D40	Y
ISTINCMY	AOS26	len-differs	len-differs	LINKLIB	ISTINM01	len-differs	1	N	000FCC	000FCC	Y
ISTINCN8	AOS26	no-deck	no-deck	-	-	not-in-target	0	-	-	-	-
ISTINCNS	AOS26	len-differs	len-differs	LINKLIB	ISTINM01	len-differs	1	N	00063C	00063C	Y
ISTINCOE	AOS26	holes	holes	LINKLIB	ISTINM01	holes	1	N	0000BC	0000BC	Y
ISTINCOI	AOS26	holes	holes	LINKLIB	ISTINM01	holes	1	N	0000BC	0000BC	Y
ISTINCOQ	AOS26	len-differs	len-differs	LPALIB	ISTINCOQ	len-differs	1	N	000170	000170	Y
ISTINCOS	AOS26	identical	identical	LINKLIB	ISTINM01	identical	1	N	00097D	00097D	Y
ISTINCPD	AOS26	identical	identical	LINKLIB	ISTINM01	identical	1	N	000B70	000B70	Y
ISTINCPH	AOS26	len-differs	len-differs	LINKLIB	ISTINM01	len-differs	1	N	000FE4	000FE4	Y
ISTINCQB	AOS26	holes	holes	LINKLIB	ISTINM01	holes	1	N	0004CC	0004CC	Y
ISTINCQE	AOS26	len-differs	len-differs	LINKLIB	ISTINM01	len-differs	1	N	000558	000558	Y
ISTINCR1	AOS26	holes	holes	LINKLIB	ISTINM01	holes	1	N	000434	000434	Y
ISTINCR2	AOS26	identical	identical	LINKLIB	ISTINM01	identical	1	N	000618	000618	Y
ISTINCR3	AOS26	identical	identical	LINKLIB	ISTINM01	identical	1	N	0004A4	0004A4	Y
ISTINCR4	AOS26	len-differs	len-differs	LINKLIB	ISTINCR4	len-differs	1	N	001200	001200	Y
ISTINCR5	AOS26	holes	holes	LINKLIB	ISTINM01	holes	2	N	000784	000784	Y
ISTINCR6	AOS26	len-differs	len-differs	LINKLIB	ISTINCR6	len-differs	1	N	000D28	000D28	Y
ISTINCRD	AOS26	len-differs	len-differs	LINKLIB	ISTINM01	len-differs	1	N	000D54	000D54	Y
ISTINCRF	AOS26	holes	holes	LINKLIB	ISTINM01	holes	1	N	0004D4	0004D4	Y
ISTINCRP	AOS26	len-differs	len-differs	LINKLIB	ISTINCRP	len-differs	1	N	0002D5	0002D5	Y
ISTINCRR	AOS26	identical	identical	LINKLIB	ISTINM01	identical	1	N	001280	001280	Y
ISTINCRS	AOS26	holes	holes	LINKLIB	ISTINM01	holes	1	N	0001D7	0001D7	Y
ISTINCS1	AOS26	identical	identical	LINKLIB	ISTINM01	identical	1	N	0000D8	0000D8	Y
ISTINCSD	AOS26	identical	error	-	-	not-in-target	0	-	-	-	-
ISTINCSH	AOS24	holes	holes	LPALIB	ISTINCSH	holes	1	N	00016C	00016C	Y
ISTINCSM	AOS26	identical	identical	LINKLIB	ISTINM01	identical	1	N	0005C2	0005C2	Y
ISTINCST	AOS26	len-differs	len-differs	LINKLIB	ISTINM01	len-differs	1	N	0004A8	0004A8	Y
ISTINCTE	AOS26	identical	identical	LINKLIB	ISTINM01	identical	1	N	000334	000334	Y
ISTINCTM	AOS26	holes	holes	LINKLIB	ISTINM01	holes	1	N	000224	000224	Y
ISTINCTR	AOS26	len-differs	len-differs	LINKLIB	ISTINM01	len-differs	1	N	000B0C	000B0C	Y
ISTINCU0	AOS26	identical	identical	LINKLIB	ISTINM01	identical	1	N	00057F	00057F	Y
ISTINCU1	AOS26	identical	identical	LINKLIB	ISTINM01	identical	1	N	00018C	00018C	Y
ISTINCU2	AOS26	identical	identical	LINKLIB	ISTINM01	identical	1	N	000344	000344	Y
ISTINCU3	AOS26	identical	identical	LINKLIB	ISTINM01	identical	1	N	000532	000532	Y
ISTINCU4	AOS26	holes	holes	LINKLIB	ISTINM01	holes	1	N	00034D	00034D	Y
ISTINCU5	AOS26	identical	identical	LINKLIB	ISTINM01	identical	1	N	0003CC	0003CC	Y
ISTINCU6	AOS26	identical	identical	LINKLIB	ISTINM01	identical	1	N	00050D	00050D	Y
ISTINCU7	AOS26	identical	identical	LINKLIB	ISTINM01	identical	1	N	0000D2	0000D2	Y
ISTINCU8	AOS26	identical	identical	LINKLIB	ISTINM01	identical	1	N	0000C0	0000C0	Y
ISTINCUA	AOS26	identical	identical	LINKLIB	ISTINM01	identical	1	N	000700	000700	Y
ISTINCUB	AOS26	identical	identical	LINKLIB	ISTINM01	identical	1	N	000400	000400	Y
ISTINCUM	AOS26	len-differs	len-differs	LINKLIB	ISTINM01	len-differs	1	N	000522	000522	Y
ISTINCUQ	AOS26	holes	holes	LINKLIB	ISTINM01	holes	1	N	000218	000218	Y
ISTINCV2	AOS26	identical	identical	LINKLIB	ISTINM01	identical	1	N	000448	000448	Y
ISTINCV3	AOS26	identical	identical	LINKLIB	ISTINM01	identical	1	N	00031C	00031C	Y
ISTINCV4	AOS26	identical	identical	LINKLIB	ISTINM01	identical	1	N	000138	000138	Y
ISTINCV5	AOS26	differs	differs	LINKLIB	ISTINM01	differs	1	N	000198	000198	Y
ISTINCV6	AOS26	identical	identical	LINKLIB	ISTINM01	identical	1	N	0001D2	0001D2	Y
ISTINCV8	AOS26	identical	identical	LINKLIB	ISTINM01	identical	1	N	000306	000306	Y
ISTINCV9	AOS26	identical	identical	LINKLIB	ISTINM01	identical	1	N	0006A2	0006A2	Y
ISTINCVA	AOS26	len-differs	len-differs	LINKLIB	ISTINM01	len-differs	1	N	002398	002398	Y
ISTINCVI	AOS26	len-differs	len-differs	LINKLIB	ISTINM01	len-differs	1	N	00259E	00259E	Y
ISTINCVN	AOS26	holes	holes	LINKLIB	ISTINM01	holes	1	N	0003F8	0003F8	Y
ISTINCVO	AOS26	len-differs	len-differs	LINKLIB	ISTINM01	len-differs	1	N	0011B4	0011B4	Y
ISTINCVP	AOS26	len-differs	len-differs	LINKLIB	ISTINM01	len-differs	1	N	001CD4	001CD4	Y
ISTINCVS	AOS26	identical	identical	LINKLIB	ISTINM01	identical	1	N	000AEC	000AEC	Y
ISTINCVX	AOS26	identical	identical	LINKLIB	ISTINM01	identical	1	N	001340	001340	Y
ISTINCW0	AOS26	identical	identical	LINKLIB	ISTINM01	identical	1	N	000448	000448	Y
ISTINCW2	AOS26	identical	identical	LINKLIB	ISTINM01	identical	1	N	0001D0	0001D0	Y
ISTINCW3	AOS24	identical	identical	LPALIB	ISTINCW3	identical	1	N	000400	000400	Y
ISTINCW4	AOS26	identical	identical	LINKLIB	ISTINM01	identical	1	N	00049C	00049C	Y
ISTINCW5	AOS26	identical	identical	LINKLIB	ISTINM01	identical	1	N	0001F2	0001F2	Y
ISTINCW6	AOS26	identical	identical	LINKLIB	ISTINM01	identical	1	N	000344	000344	Y
ISTINCW7	AOS26	identical	identical	LINKLIB	ISTINM01	identical	1	N	00011C	00011C	Y
ISTINCW8	AOS26	identical	identical	LINKLIB	ISTINM01	identical	1	N	0001AC	0001AC	Y
ISTINCW9	AOS26	differs	differs	LINKLIB	ISTINM01	differs	1	N	00031E	00031E	Y
ISTINCX0	AOS26	identical	identical	LINKLIB	ISTINM01	identical	1	N	00055A	00055A	Y
ISTINCX1	AOS26	len-differs	len-differs	LINKLIB	ISTINM01	len-differs	1	N	000404	000404	Y
ISTINCX2	AOS26	identical	identical	LINKLIB	ISTINM01	identical	1	N	000160	000160	Y
ISTINCX3	AOS26	holes	holes	LINKLIB	ISTINM01	holes	1	N	000674	000674	Y
ISTINCX6	AOS26	identical	identical	LINKLIB	ISTINM01	identical	1	N	00010A	00010A	Y
ISTINCX7	AOS26	identical	identical	LINKLIB	ISTINM01	identical	1	N	000162	000162	Y
ISTINCX8	AOS26	len-differs	len-differs	LINKLIB	ISTINM01	len-differs	1	N	00040E	00040E	Y
ISTINCX9	AOS26	identical	identical	LINKLIB	ISTINM01	identical	1	N	000208	000208	Y
ISTINCXM	AOS26	identical	identical	LINKLIB	ISTINCXM	identical	1	N	000206	000206	Y
ISTINCXR	AOS26	len-differs	len-differs	LINKLIB	ISTINM01	len-differs	1	N	000378	000378	Y
ISTINCY0	AOS26	len-differs	len-differs	LINKLIB	ISTINCY0	len-differs	1	N	0007A8	0007A8	Y
ISTINCY1	AOS26	differs	differs	LINKLIB	ISTINCY0	differs	1	N	000196	000196	Y
ISTINCY3	AOS26	identical	identical	LINKLIB	ISTINM01	identical	1	N	000190	000190	Y
ISTINCY4	AOS26	identical	identical	LINKLIB	ISTINM01	identical	1	N	0001FC	0001FC	Y
ISTINCY5	AOS26	len-differs	len-differs	LINKLIB	ISTINM01	len-differs	1	N	0002FC	0002FC	Y
ISTINFIC	AOS26	len-differs	len-differs	LINKLIB	ISTINM01	len-differs	1	N	0008D0	0008D0	Y
ISTINFN8	AOS26	no-deck	no-deck	-	-	not-in-target	0	-	-	-	-
ISTINFXI	AOS26	len-differs	len-differs	LINKLIB	ISTINCXI	len-differs	1	N	000408	000408	Y
ISTINM01	AOS26	len-differs	len-differs	LINKLIB	ISTINM01	len-differs	1	N	0009FC	0009FC	Y
ISTINMAD	AOS26	holes	holes	LINKLIB	ISTINM01	holes	1	N	0001A1	0001A1	Y
ISTINMAL	AOS26	identical	identical	LINKLIB	ISTINM01	identical	1	N	000214	000214	Y
ISTINMAV	AOS26	identical	identical	LINKLIB	ISTINM01	identical	1	N	000AA5	000AA5	Y
ISTINMDD	AOS26	identical	identical	LPALIB	ISTINMDD	identical	1	N	0001FC	0001FC	Y
ISTINMN8	AOS26	differs	differs	LINKLIB	ISTINCXI	differs	2	N	000210	000210	Y
ISTNMC1S	AOS24	identical	identical	LPALIB	ISTNMC1S	identical	1	N	000798	000798	Y
ISTNMC2S	AOS24	identical	identical	LPALIB	ISTNMC2S	identical	1	N	00007C	00007C	Y
ISTNMC3S	AOS24	len-differs	len-differs	LPALIB	ISTNMC3S	len-differs	1	N	000B94	000B94	Y
ISTNMC4P	AOS24	identical	identical	LPALIB	ISTNMC4P	identical	1	N	0003F0	0003F0	Y
ISTNMC4S	AOS24	identical	identical	LPALIB	ISTNMC4S	identical	1	N	00029C	00029C	Y
ISTNMC5P	AOS24	identical	identical	LPALIB	ISTNMC5P	identical	1	N	000180	000180	Y
ISTNMC5S	AOS24	identical	identical	LPALIB	ISTNMC5S	identical	1	N	00032C	00032C	Y
ISTNMC6P	AOS24	identical	identical	LPALIB	ISTNMC6P	identical	1	N	0001A4	0001A4	Y
ISTNMC6S	AOS24	identical	identical	LPALIB	ISTNMC6S	identical	1	N	0001A0	0001A0	Y
ISTNMC7P	AOS24	identical	identical	LPALIB	ISTNMC7P	identical	1	N	000090	000090	Y
ISTNMC7S	AOS24	len-differs	len-differs	LPALIB	ISTNMC7S	len-differs	1	N	000654	000654	Y
ISTNMC8P	AOS24	holes	holes	LPALIB	ISTNMC8P	holes	1	N	0000E0	0000E0	Y
ISTNMC9P	AOS24	differs	differs	LPALIB	ISTNMC9P	differs	1	N	0006FC	0006FC	Y
ISTNMCCA	AOS24	identical	identical	LPALIB	ISTNMCCA	identical	1	N	0000EC	0000EC	Y
ISTNMCCB	AOS24	identical	identical	LPALIB	ISTNMCCB	identical	1	N	000210	000210	Y
ISTNMCCF	AOS24	identical	identical	LPALIB	ISTNMCCF	identical	1	N	0000A8	0000A8	Y
ISTNMCCI	AOS24	identical	identical	LPALIB	ISTNMCCI	identical	1	N	0002E0	0002E0	Y
ISTNMCCO	AOS24	identical	identical	LPALIB	ISTNMCCO	identical	1	N	0001F0	0001F0	Y
ISTNMCCR	AOS24	identical	identical	LPALIB	ISTNMCCR	identical	1	N	00019C	00019C	Y
ISTNMCCS	AOS24	identical	identical	LPALIB	ISTNMCCS	identical	1	N	0000C0	0000C0	Y
ISTNMCCT	AOS24	identical	identical	LPALIB	ISTNMCCT	identical	1	N	0001C0	0001C0	Y
ISTNMCCZ	AOS24	identical	identical	LPALIB	ISTNMCCZ	identical	1	N	00014C	00014C	Y
ISTNSC00	AOS26	differs	error	VTAMLIB	ISTNSC00	error	1	N	000000	000000	Y
ISTOCCCA	AOS26	differs	differs	LPALIB	IFG0200U	differs	1	N	000400	000400	Y
ISTOCCCB	AOS24	len-differs	len-differs	LPALIB	ISTOCCCB	len-differs	1	N	000304	000304	Y
ISTOCCCC	AOS26	len-differs	len-differs	LPALIB	ISTOCCRT	len-differs	1	N	000FA4	000FA4	Y
ISTOCCCH	AOS26	len-differs	len-differs	LPALIB	ISTOCCRT	len-differs	1	N	000830	000830	Y
ISTOCCCL	AOS26	len-differs	len-differs	LPALIB	ISTOCCRT	len-differs	1	N	001896	001896	Y
ISTOCCCM	AOS26	identical	identical	LPALIB	ISTOCCRT	identical	1	N	00031C	00031C	Y
ISTOCCCN	AOS26	identical	identical	LPALIB	ISTOCCRT	identical	1	N	0007DA	0007DA	Y
ISTOCCDF	AOS24	holes	holes	LPALIB	ISTOCCDF	holes	1	N	00034C	00034C	Y
ISTOCCFB	AOS26	len-differs	len-differs	LPALIB	ISTOCCRT	len-differs	1	N	000FF8	000FF8	Y
ISTOCCFD	AOS26	differs	differs	LPALIB	ISTOCCRT	differs	1	N	0003D4	0003D4	Y
ISTOCCFO	AOS26	identical	identical	LPALIB	ISTOCCRT	identical	1	N	000194	000194	Y
ISTOCCFR	AOS26	len-differs	len-differs	LPALIB	ISTOCCRT	len-differs	1	N	000794	000794	Y
ISTOCCLD	AOS26	identical	identical	LPALIB	ISTOCCRT	identical	1	N	0003AC	0003AC	Y
ISTOCCMD	AOS26	identical	identical	LPALIB	ISTOCCRT	identical	1	N	000952	000952	Y
ISTOCCNV	AOS26	identical	identical	LPALIB	ISTOCCRT	identical	1	N	000131	000131	Y
ISTOCCOA	AOS26	differs	differs	LPALIB	IFG0192F	differs	1	N	000400	000400	Y
ISTOCCOB	AOS26	len-differs	len-differs	LPALIB	ISTOCCOB	len-differs	1	N	000A22	000A22	Y
ISTOCCOC	AOS26	identical	identical	LPALIB	ISTOCCOB	identical	1	N	000410	000410	Y
ISTOCCOD	AOS26	len-differs	len-differs	LPALIB	ISTOCCRT	len-differs	1	N	0010BC	0010BC	Y
ISTOCCOE	AOS26	len-differs	len-differs	LPALIB	ISTOCCRT	len-differs	1	N	0019A8	0019A8	Y
ISTOCCOF	AOS26	differs	differs	LPALIB	ISTOCCRT	differs	1	N	0005F0	0005F0	Y
ISTOCCQU	AOS26	identical	identical	LPALIB	ISTOCCRT	identical	1	N	000644	000644	Y
ISTOCCRD	AOS26	identical	identical	LPALIB	ISTOCCRT	identical	1	N	000830	000830	Y
ISTOCCRL	AOS26	holes	holes	LPALIB	ISTOCCRT	holes	1	N	000288	000288	Y
ISTOCCRT	AOS26	len-differs	len-differs	LPALIB	ISTOCCRT	len-differs	1	N	0004DC	0004DC	Y
ISTOCCSA	AOS24	identical	identical	LPALIB	ISTOCCSA	identical	1	N	000364	000364	Y
ISTOCCSD	AOS26	differs	differs	LPALIB	ISTOCCRT	differs	1	N	000174	000174	Y
ISTOCCSL	AOS26	differs	differs	LPALIB	ISTOCCRT	differs	1	N	0000F0	0000F0	Y
ISTOCCUR	AOS26	identical	identical	LPALIB	ISTOCCRT	identical	1	N	0002C8	0002C8	Y
ISTOCFCX	AOS26	identical	identical	LPALIB	ISTOCCRT	identical	1	N	000170	000170	Y
ISTOCMDC	AOS24	len-differs	len-differs	LPALIB	ISTOCMDC	len-differs	1	N	0000C8	0000C8	Y
ISTORFBA	AOS24	differs	differs	LPALIB	ISTORFBA	differs	1	N	0003E8	0003E8	Y
ISTORFBD	AOS24	len-differs	len-differs	LPALIB	ISTORFBD	len-differs	1	N	0001D0	0001D0	Y
ISTORFBF	AOS24	differs	differs	LPALIB	ISTORFBF	differs	1	N	0001D8	0001D8	Y
ISTORFBQ	AOS24	differs	differs	LPALIB	ISTORFBQ	differs	1	N	0005C0	0005C0	Y
ISTORFID	AOS24	differs	differs	LPALIB	ISTORFID	differs	1	N	000070	000070	Y
ISTORFPO	AOS26	identical	identical	VTAMLIB	ISTORFPO	identical	1	N	000CBC	000CBC	Y
ISTORFPR	AOS24	len-differs	len-differs	LPALIB	ISTORFPR	len-differs	1	N	00014C	00014C	Y
ISTORFRA	AOS24	identical	identical	LPALIB	ISTORFRA	identical	1	N	0000B8	0000B8	Y
ISTORFSR	AOS24	differs	differs	LPALIB	ISTORFSR	differs	1	N	000490	000490	Y
ISTORMMG	AOS26	len-differs	len-differs	VTAMLIB	ISTORMMG	len-differs	1	N	000218	000218	Y
ISTORMRL	AOS26	identical	identical	LPALIB	ISTORMRL	identical	1	N	000148	000148	Y
ISTPATCH	AOS24	identical	identical	LPALIB	ISTPATCH	identical	1	N	000040	000040	Y
ISTRACCA	AOS24	identical	identical	LPALIB	ISTRACCA	identical	1	N	000150	000150	Y
ISTRACCR	AOS26	identical	identical	VTAMLIB	ISTRACCR	identical	1	N	0000C0	0000C0	Y
ISTRACTB	AOS24	holes	holes	LPALIB	ISTRACTB	holes	1	N	000784	000784	Y
ISTRACTL	AOS26	len-differs	len-differs	LPALIB	ISTRAFTP	len-differs	1	N	0003E2	0003E2	Y
ISTRAFD1	ALPALIB	len-differs	len-differs	LPALIB	ISTRAFD1	len-differs	1	N	-	001CDB	?
ISTRAFTP	AOS26	len-differs	len-differs	LPALIB	ISTRAFTP	len-differs	1	N	000669	000669	Y
ISTRAMA1	AOS26	len-differs	len-differs	LPALIB	ISTRAMA1	len-differs	1	N	000CD0	000CD0	Y
ISTRAMA2	AOS26	len-differs	len-differs	LPALIB	ISTRAMA2	len-differs	1	N	001CA0	001CA0	Y
ISTRAMA3	AOS26	len-differs	len-differs	LPALIB	ISTRAMA1	len-differs	1	N	000568	000568	Y
ISTRAMA4	AOS26	len-differs	len-differs	LPALIB	ISTRAMA2	len-differs	1	N	0004A5	0004A5	Y
ISTRCC21	AOS24	identical	identical	LPALIB	ISTRCC21	identical	1	N	000548	000548	Y
ISTRCC22	AOS24	identical	identical	LPALIB	ISTRCC22	identical	1	N	0007AC	0007AC	Y
ISTRCC23	AOS24	identical	identical	LPALIB	ISTRCC23	identical	1	N	000188	000188	Y
ISTRCC26	AOS24	identical	identical	LPALIB	ISTRCC26	identical	1	N	00020A	00020A	Y
ISTRCC30	AOS24	len-differs	len-differs	LPALIB	ISTRCC30	len-differs	1	N	0001C0	0001C0	Y
ISTRCC51	AOS24	len-differs	len-differs	LPALIB	ISTRCC51	len-differs	1	N	000881	000881	Y
ISTRCC52	AOS24	len-differs	len-differs	LPALIB	ISTRCC52	len-differs	1	N	000438	000438	Y
ISTRCC53	AOS24	identical	identical	LPALIB	ISTRCC53	identical	1	N	000210	000210	Y
ISTRCC54	AOS24	identical	identical	LPALIB	ISTRCC54	identical	1	N	000190	000190	Y
ISTRCC63	AOS24	identical	identical	LPALIB	ISTRCC63	identical	1	N	000688	000688	Y
ISTRCC65	AOS24	identical	identical	LPALIB	ISTRCC65	identical	1	N	00026C	00026C	Y
ISTRCC80	AOS24	identical	identical	LPALIB	ISTRCC80	identical	1	N	000130	000130	Y
ISTRCC81	AOS24	holes	holes	LPALIB	ISTRCC81	holes	1	N	000344	000344	Y
ISTRCFY0	AOS24	differs	differs	LPALIB	ISTRCFY0	differs	1	N	000258	000258	Y
ISTSC020	AOS26	holes	holes	VTAMLIB	ISTOLTEP	holes	1	N	000914	000914	Y
ISTSC021	AOS26	holes	holes	VTAMLIB	ISTOLTEP	holes	1	N	00014C	00014C	Y
ISTSC022	AOS26	holes	holes	VTAMLIB	ISTOLTEP	holes	1	N	0004BC	0004BC	Y
ISTSC023	AOS26	identical	identical	VTAMLIB	ISTOLTEP	identical	1	N	000110	000110	Y
ISTSC024	AOS26	holes	holes	VTAMLIB	ISTOLTEP	holes	1	N	000F88	000F88	Y
ISTSC025	AOS26	holes	holes	VTAMLIB	ISTOLTEP	holes	1	N	000694	000694	Y
ISTSC026	AOS26	holes	holes	VTAMLIB	ISTOLTEP	holes	1	N	00005C	00005C	Y
ISTSC027	AOS26	differs	differs	VTAMLIB	ISTOLTEP	differs	1	N	0008B4	0008B4	Y
ISTSC028	AOS26	holes	holes	VTAMLIB	ISTOLTEP	holes	1	N	000150	000150	Y
ISTSC029	AOS26	len-differs	len-differs	VTAMLIB	ISTOLTEP	len-differs	1	N	0004A0	0004A0	Y
ISTSC02A	AOS26	holes	holes	VTAMLIB	ISTOLTEP	holes	1	N	000304	000304	Y
ISTSC02B	AOS26	holes	holes	VTAMLIB	ISTOLTEP	holes	1	N	000128	000128	Y
ISTSC02C	AOS26	holes	holes	VTAMLIB	ISTOLTEP	holes	1	N	00025C	00025C	Y
ISTSC02D	AOS26	holes	holes	VTAMLIB	ISTOLTEP	holes	1	N	0002AC	0002AC	Y
ISTSC02E	AOS26	holes	holes	VTAMLIB	ISTOLTEP	holes	1	N	000188	000188	Y
ISTSC02F	AOS26	holes	holes	VTAMLIB	ISTOLTEP	holes	1	N	000A04	000A04	Y
ISTSC030	AOS26	len-differs	len-differs	VTAMLIB	ISTOLTEP	len-differs	1	N	001AA0	001AA0	Y
ISTSC031	AOS26	holes	holes	VTAMLIB	ISTOLTEP	holes	1	N	0008F8	0008F8	Y
ISTSC032	AOS26	len-differs	len-differs	VTAMLIB	ISTOLTEP	len-differs	1	N	00036C	00036C	Y
ISTSC033	AOS26	identical	identical	VTAMLIB	ISTOLTEP	identical	1	N	000554	000554	Y
ISTSC034	AOS26	len-differs	len-differs	VTAMLIB	ISTSC034	len-differs	1	N	000C50	000C50	Y
ISTSDCAL	AOS24	identical	identical	LPALIB	ISTSDCAL	identical	1	N	0003E0	0003E0	Y
ISTSDCAP	AOS26	len-differs	len-differs	LINKLIB	ISTINM01	len-differs	1	N	000FF8	000FF8	Y
ISTSDCBU	AOS26	len-differs	len-differs	LINKLIB	ISTINM01	len-differs	1	N	000B0C	000B0C	Y
ISTSDCC1	AOS26	identical	identical	LINKLIB	ISTINM01	identical	1	N	0002E4	0002E4	Y
ISTSDCC2	AOS26	len-differs	len-differs	LINKLIB	ISTINM01	len-differs	1	N	000595	000595	Y
ISTSDCC3	AOS26	identical	identical	LINKLIB	ISTINM01	identical	1	N	000388	000388	Y
ISTSDCC4	AOS26	holes	holes	LINKLIB	ISTINM01	holes	1	N	0002F0	0002F0	Y
ISTSDCC5	AOS26	identical	identical	LINKLIB	ISTINM01	identical	1	N	000100	000100	Y
ISTSDCC7	AOS26	identical	identical	LINKLIB	ISTINM01	identical	1	N	000130	000130	Y
ISTSDCCA	AOS24	identical	identical	LPALIB	ISTSDCCA	identical	1	N	000120	000120	Y
ISTSDCCB	AOS26	len-differs	len-differs	LINKLIB	ISTINM01	len-differs	1	N	000960	000960	Y
ISTSDCCD	AOS24	identical	identical	LPALIB	ISTSDCCD	identical	1	N	00013C	00013C	Y
ISTSDCCF	AOS24	identical	identical	LPALIB	ISTSDCCF	identical	1	N	0002F5	0002F5	Y
ISTSDCCL	AOS26	len-differs	len-differs	LINKLIB	ISTINM01	len-differs	1	N	0007E0	0007E0	Y
ISTSDCCN	AOS24	identical	identical	LPALIB	ISTSDCCN	identical	1	N	0000ED	0000ED	Y
ISTSDCCR	AOS24	identical	identical	LPALIB	ISTSDCCR	identical	1	N	000104	000104	Y
ISTSDCD1	AOS26	identical	identical	LINKLIB	ISTINM01	identical	1	N	0000EC	0000EC	Y
ISTSDCD2	AOS26	identical	identical	LINKLIB	ISTINM01	identical	1	N	0000FC	0000FC	Y
ISTSDCD3	AOS26	identical	identical	LINKLIB	ISTINM01	identical	1	N	0003D4	0003D4	Y
ISTSDCDS	AOS26	identical	identical	LINKLIB	ISTINM01	identical	1	N	000088	000088	Y
ISTSDCGE	AOS26	len-differs	len-differs	LINKLIB	ISTINM01	len-differs	1	N	000E10	000E10	Y
ISTSDCGP	AOS26	len-differs	len-differs	LINKLIB	ISTINM01	len-differs	1	N	0014F8	0014F8	Y
ISTSDCHS	AOS26	len-differs	len-differs	LINKLIB	ISTINM01	len-differs	1	N	0002EF	0002EF	Y
ISTSDCIN	AOS26	identical	identical	LINKLIB	ISTINM01	identical	1	N	00024A	00024A	Y
ISTSDCLM	AOS26	len-differs	len-differs	VTAMLIB	ISTSDCLM	len-differs	1	N	0001F3	0001F3	Y
ISTSDCLN	AOS26	len-differs	len-differs	LINKLIB	ISTINM01	len-differs	1	N	00151C	00151C	Y
ISTSDCLP	AOS26	identical	identical	LINKLIB	ISTINM01	identical	1	N	00015A	00015A	Y
ISTSDCLU	AOS26	len-differs	len-differs	LINKLIB	ISTINM01	len-differs	1	N	000708	000708	Y
ISTSDCML	AOS26	len-differs	len-differs	LINKLIB	ISTINM01	len-differs	1	N	0002A0	0002A0	Y
ISTSDCMT	AOS26	len-differs	len-differs	LINKLIB	ISTINM01	len-differs	1	N	000330	000330	Y
ISTSDCOD	AOS24	identical	identical	LPALIB	ISTSDCOD	identical	1	N	000208	000208	Y
ISTSDCP1	AOS26	identical	identical	LINKLIB	ISTINM01	identical	1	N	0000E4	0000E4	Y
ISTSDCP2	AOS26	identical	identical	LINKLIB	ISTINM01	identical	1	N	0000E0	0000E0	Y
ISTSDCP3	AOS26	identical	identical	LINKLIB	ISTINM01	identical	1	N	0001B4	0001B4	Y
ISTSDCP4	AOS26	len-differs	len-differs	LINKLIB	ISTINM01	len-differs	1	N	000220	000220	Y
ISTSDCP5	AOS26	identical	identical	LINKLIB	ISTINM01	identical	1	N	0000F8	0000F8	Y
ISTSDCP6	AOS26	holes	holes	LINKLIB	ISTINM01	holes	1	N	0001F4	0001F4	Y
ISTSDCPA	AOS26	identical	identical	LINKLIB	ISTINM01	identical	1	N	0006BF	0006BF	Y
ISTSDCPC	AOS26	holes	holes	LINKLIB	ISTINM01	holes	1	N	00050C	00050C	Y
ISTSDCPU	AOS26	len-differs	len-differs	LINKLIB	ISTINM01	len-differs	1	N	00105C	00105C	Y
ISTSDCRC	AOS26	identical	identical	LINKLIB	ISTINM01	identical	1	N	000740	000740	Y
ISTSDCRN	AOS26	len-differs	len-differs	LINKLIB	ISTINM01	len-differs	1	N	0008CC	0008CC	Y
ISTSDCRS	AOS26	len-differs	len-differs	LINKLIB	ISTINM01	len-differs	1	N	0006CE	0006CE	Y
ISTSDCSB	AOS26	identical	identical	LINKLIB	ISTINM01	identical	1	N	000028	000028	Y
ISTSDCSC	AOS26	identical	identical	LINKLIB	ISTINM01	identical	1	N	0002F4	0002F4	Y
ISTSDCSS	AOS26	len-differs	len-differs	LINKLIB	ISTINM01	len-differs	1	N	0004F8	0004F8	Y
ISTSDCSU	AOS26	identical	identical	LINKLIB	ISTINM01	identical	1	N	000310	000310	Y
ISTSDCTM	AOS26	identical	identical	LINKLIB	ISTINM01	identical	1	N	001170	001170	Y
ISTSDCVB	AOS26	len-differs	len-differs	LINKLIB	ISTINM01	len-differs	1	N	000594	000594	Y
ISTSDCVG	AOS26	identical	identical	LINKLIB	ISTINM01	identical	1	N	0004D0	0004D0	Y
ISTSDCVI	AOS26	identical	identical	LINKLIB	ISTINM01	identical	1	N	00047A	00047A	Y
ISTSEC01	AOS24	identical	identical	LPALIB	ISTSEC01	identical	1	N	0002C8	0002C8	Y
ISTSEC10	AOS24	len-differs	len-differs	LPALIB	ISTSEC10	len-differs	1	N	0005FF	0005FF	Y
ISTSEC21	AOS24	identical	identical	LPALIB	ISTSEC21	identical	1	N	000554	000554	Y
ISTSEC30	AOS24	identical	identical	LPALIB	ISTSEC30	identical	1	N	000594	000594	Y
ISTSEC40	AOS24	differs	differs	LPALIB	ISTSEC40	differs	1	N	000188	000188	Y
ISTSEC51	AOS24	identical	identical	LPALIB	ISTSEC51	identical	1	N	000268	000268	Y
ISTSQC00	AOS26	len-differs	len-differs	LPALIB	ISTOCCRT	len-differs	1	N	000668	000668	Y
ISTSQC01	AOS26	identical	identical	LPALIB	ISTOCCRT	identical	1	N	0002F8	0002F8	Y
ISTSQC02	AOS26	identical	identical	LPALIB	ISTOCCRT	identical	1	N	000270	000270	Y
ISTSQC03	AOS26	identical	identical	LPALIB	ISTOCCRT	identical	1	N	0001F8	0001F8	Y
ISTSQC04	AOS26	identical	identical	LPALIB	ISTOCCRT	identical	1	N	00075C	00075C	Y
ISTSQC05	AOS26	identical	identical	LPALIB	ISTOCCRT	identical	1	N	0000B8	0000B8	Y
ISTSQC06	AOS26	identical	identical	LPALIB	ISTOCCRT	identical	1	N	001568	001568	Y
ISTSQC07	AOS26	identical	identical	LPALIB	ISTOCCRT	identical	1	N	000228	000228	Y
ISTSQC08	AOS26	holes	holes	LPALIB	ISTOCCRT	holes	1	N	000400	000400	Y
ISTSQC09	AOS26	identical	identical	LPALIB	ISTOCCRT	identical	1	N	000230	000230	Y
ISTSQC0A	AOS26	identical	identical	LPALIB	ISTOCCRT	identical	1	N	0001E0	0001E0	Y
ISTSQC0B	AOS26	len-differs	len-differs	LPALIB	ISTOCCRT	len-differs	1	N	0004DC	0004DC	Y
ISTSTC00	AOS26	len-differs	len-differs	LPALIB	ISTOCCRT	len-differs	1	N	000765	000765	Y
ISTTC035	AOS26	len-differs	len-differs	VTAMLIB	ISTOLTEP	len-differs	1	N	0002BC	0002BC	Y
ISTTC037	AOS26	holes	holes	VTAMLIB	ISTOLTEP	holes	1	N	000A3C	000A3C	Y
ISTVTLOD	AOS26	identical	identical	LINKLIB	ISTINM01	identical	1	N	0005C0	0005C0	Y
ISTYCLUS	AOS24	identical	identical	LPALIB	ISTYCLUS	identical	1	N	0008F8	0008F8	Y
ISTYCONT	AOS24	identical	identical	LPALIB	ISTYCONT	identical	1	N	00071C	00071C	Y
ISTYPSOL	AOS24	identical	identical	LPALIB	ISTYPSOL	identical	1	N	000A64	000A64	Y
ISTYSSCP	AOS24	identical	identical	LPALIB	ISTYSSCP	identical	1	N	0004EC	0004EC	Y
ISTYTCM1	AOS24	identical	identical	LPALIB	ISTYTCM1	identical	1	N	000EFC	000EFC	Y
ISTYTCM2	AOS24	identical	identical	LPALIB	ISTYTCM2	identical	1	N	000738	000738	Y
ISTYTCM3	AOS24	identical	identical	LPALIB	ISTYTCM3	identical	1	N	000E70	000E70	Y
ISTZAF0A	AOS24	identical	identical	LPALIB	ISTZAF0A	identical	1	N	000460	000460	Y
ISTZAF0B	AOS24	identical	identical	LPALIB	ISTZAF0B	identical	1	N	00080C	00080C	Y
ISTZAF1A	AOS24	identical	identical	LPALIB	ISTZAF1A	identical	1	N	000789	000789	Y
ISTZAF1B	AOS24	identical	identical	LPALIB	ISTZAF1B	identical	1	N	0006F6	0006F6	Y
ISTZAF1R	AOS24	identical	identical	LPALIB	ISTZAF1R	identical	1	N	000F60	000F60	Y
ISTZBF0A	AOS24	len-differs	len-differs	LPALIB	ISTZBF0A	len-differs	1	N	000795	000795	Y
ISTZBF0B	AOS24	identical	identical	LPALIB	ISTZBF0B	identical	1	N	0009F5	0009F5	Y
ISTZBF0L	AOS24	identical	identical	LPALIB	ISTZBF0L	differs	1	N	00092D	00092D	Y
ISTZBFAA	AOS24	identical	identical	LPALIB	ISTZBFAA	identical	1	N	0002DC	0002DC	Y
ISTZBFAB	AOS24	identical	identical	LPALIB	ISTZBFAB	identical	1	N	000526	000526	Y
ISTZBFAE	AOS24	identical	identical	LPALIB	ISTZBFAE	identical	1	N	000706	000706	Y
ISTZBFAG	AOS24	holes	holes	LPALIB	ISTZBFAG	holes	1	N	0007B6	0007B6	Y
ISTZBFAI	AOS24	identical	identical	LPALIB	ISTZBFAI	identical	1	N	00033E	00033E	Y
ISTZBFAL	AOS24	identical	identical	LPALIB	ISTZBFAL	identical	1	N	000288	000288	Y
ISTZBFAM	AOS24	identical	identical	LPALIB	ISTZBFAM	identical	1	N	000130	000130	Y
ISTZBFAR	AOS24	identical	identical	LPALIB	ISTZBFAR	identical	1	N	0002A6	0002A6	Y
ISTZBFBA	AOS24	holes	holes	LPALIB	ISTZBFBA	len-differs	1	N	00038C	0003C4	N
ISTZBFBB	AOS24	len-differs	len-differs	LPALIB	ISTZBFBB	len-differs	1	N	00044E	00044E	Y
ISTZBFBI	AOS24	identical	identical	LPALIB	ISTZBFBI	identical	1	N	0005A6	0005A6	Y
ISTZBFBR	AOS24	identical	identical	LPALIB	ISTZBFBR	identical	1	N	0005A6	0005A6	Y
ISTZBFCB	AOS24	identical	identical	LPALIB	ISTZBFCB	identical	1	N	000357	000357	Y
ISTZBFDI	AOS24	identical	identical	LPALIB	ISTZBFDI	identical	1	N	000516	000516	Y
ISTZBFDR	AOS24	identical	identical	LPALIB	ISTZBFDR	identical	1	N	000436	000436	Y
ISTZBFEB	AOS24	identical	identical	LPALIB	ISTZBFEB	identical	1	N	00022C	00022C	Y
ISTZBFFA	AOS24	len-differs	len-differs	LPALIB	ISTZBFFA	len-differs	1	N	0004F5	0004F5	Y
ISTZBFFB	AOS24	len-differs	len-differs	LPALIB	ISTZBFFB	len-differs	1	N	000882	000882	Y
ISTZBFGA	AOS24	identical	identical	LPALIB	ISTZBFGA	identical	1	N	0000CC	0000CC	Y
ISTZBFGB	AOS24	identical	identical	LPALIB	ISTZBFGB	identical	1	N	000276	000276	Y
ISTZBFHA	AOS24	identical	identical	LPALIB	ISTZBFHA	identical	1	N	0000D4	0000D4	Y
ISTZBFHB	AOS24	identical	identical	LPALIB	ISTZBFHB	identical	1	N	00023E	00023E	Y
ISTZBFIA	AOS24	identical	identical	LPALIB	ISTZBFIA	identical	1	N	0001B5	0001B5	Y
ISTZBFIB	AOS24	identical	identical	LPALIB	ISTZBFIB	identical	1	N	00022E	00022E	Y
ISTZBFID	AOS24	identical	identical	LPALIB	ISTZBFID	identical	1	N	000B08	000B08	Y
ISTZBFIF	AOS24	len-differs	len-differs	LPALIB	ISTZBFIF	len-differs	1	N	000B58	000B58	Y
ISTZBFMB	AOS26	identical	identical	LPALIB	ISTZPSVB	identical	1	N	00020C	00020C	Y
ISTZBFNB	AOS24	holes	holes	LPALIB	ISTZBFNB	holes	1	N	00017C	00017C	Y
ISTZBFND	AOS24	identical	identical	LPALIB	ISTZBFND	identical	1	N	000294	000294	Y
ISTZBFNE	AOS24	identical	identical	LPALIB	ISTZBFNE	identical	1	N	000224	000224	Y
ISTZBFOB	AOS26	len-differs	len-differs	LPALIB	ISTZPSVB	len-differs	1	N	0001B8	0001B8	Y
ISTZBFPB	AOS24	identical	identical	LPALIB	ISTZBFPB	identical	1	N	00021E	00021E	Y
ISTZBFSC	AOS24	len-differs	len-differs	LPALIB	ISTZBFSC	len-differs	1	N	000BF4	000BF4	Y
ISTZBFX0	AOS24	identical	identical	LPALIB	ISTZBFX0	identical	1	N	00006C	00006C	Y
ISTZBFXA	AOS24	identical	identical	LPALIB	ISTZBFXA	identical	1	N	000064	000064	Y
ISTZBFY0	AOS26	len-differs	len-differs	LPALIB	ISTZPSVB	len-differs	1	N	0002D2	0002D2	Y
ISTZBFZ0	AOS26	len-differs	len-differs	LPALIB	ISTZPSVB	len-differs	1	N	0004AD	0004AD	Y
ISTZBM0J	AOS26	differs	differs	LPALIB	IGE0010F	differs	1	N	0008C8	0008C8	Y
ISTZBM0K	AOS26	len-differs	len-differs	LPALIB	IGE0004{	len-differs	1	N	0002E8	0002E8	Y
ISTZBMJA	AOS24	identical	identical	LPALIB	ISTZBMJA	identical	1	N	000268	000268	Y
ISTZCF0A	AOS24	identical	identical	LPALIB	ISTZCF0A	identical	1	N	00006C	00006C	Y
ISTZCF0B	AOS24	identical	identical	LPALIB	ISTZCF0B	identical	1	N	000526	000526	Y
ISTZCF1A	AOS24	len-differs	len-differs	LPALIB	ISTZCF1A	len-differs	1	N	000540	000540	Y
ISTZCF1B	AOS24	differs	differs	LPALIB	ISTZCF1B	differs	1	N	000B34	000B34	Y
ISTZCFAI	AOS24	identical	identical	LPALIB	ISTZCFAI	identical	1	N	0002FE	0002FE	Y
ISTZCFBI	AOS24	len-differs	len-differs	LPALIB	ISTZCFBI	len-differs	1	N	000ADF	000ADF	Y
ISTZCFCI	AOS24	identical	identical	LPALIB	ISTZCFCI	identical	1	N	0000C4	0000C4	Y
ISTZDFA0	AOS26	identical	identical	LPALIB	ISTZPSVB	identical	1	N	0002D8	0002D8	Y
ISTZDFB0	AOS26	identical	identical	LPALIB	ISTZPSVB	identical	1	N	0001CC	0001CC	Y
ISTZDFC0	AOS26	len-differs	len-differs	LPALIB	ISTZPSVB	len-differs	1	N	00058C	00058C	Y
ISTZDFD0	AOS26	len-differs	len-differs	LPALIB	ISTZPSVB	len-differs	1	N	0002DC	0002DC	Y
ISTZDFE0	AOS24	identical	identical	LPALIB	ISTZDFE0	identical	1	N	000130	000130	Y
ISTZDFF0	AOS26	identical	identical	LPALIB	ISTZPSVB	identical	1	N	0004B8	0004B8	Y
ISTZDFH0	AOS26	identical	identical	LPALIB	ISTZPSVB	identical	1	N	000214	000214	Y
ISTZDFI0	AOS26	identical	identical	LPALIB	ISTZPSVB	identical	1	N	00022C	00022C	Y
ISTZDFJ0	AOS26	len-differs	len-differs	LPALIB	ISTZDFJ0	len-differs	1	N	0006A8	0006A8	Y
ISTZDFK0	AOS26	differs	differs	LPALIB	ISTZLFVA	differs	1	N	00015C	00015C	Y
ISTZDFKA	AOS24	differs	differs	LPALIB	ISTZDFKA	differs	1	N	0004DC	0004DC	Y
ISTZDFKB	AOS24	len-differs	len-differs	LPALIB	ISTZDFKB	len-differs	1	N	0003A9	0003A9	Y
ISTZDFL0	AOS24	len-differs	len-differs	LPALIB	ISTZDFL0	len-differs	1	N	00005C	00005C	Y
ISTZDFMF	AOS26	identical	identical	LPALIB	ISTZPSVB	identical	1	N	0000EF	0000EF	Y
ISTZDFNB	AOS26	identical	identical	LPALIB	ISTZPSVB	identical	1	N	000184	000184	Y
ISTZDFPR	AOS26	len-differs	len-differs	LPALIB	ISTZPSVB	len-differs	1	N	00017B	00017B	Y
ISTZDFQR	AOS26	identical	identical	LPALIB	ISTZPSVB	identical	1	N	000159	000159	Y
ISTZDFWB	AOS24	identical	identical	LPALIB	ISTZDFWB	identical	1	N	000044	000044	Y
ISTZDFWR	AOS24	identical	identical	LPALIB	ISTZDFWR	identical	1	N	000174	000174	Y
ISTZDFXR	AOS26	identical	identical	LPALIB	ISTZPSVB	identical	1	N	0000BA	0000BA	Y
ISTZDMMB	AOS26	len-differs	len-differs	LPALIB	ISTZPSVB	len-differs	1	N	0003D4	0003D4	Y
ISTZEFBA	AOS26	differs	differs	LPALIB	ISTZLFVA	differs	1	N	000468	000468	Y
ISTZEFDA	AOS26	identical	identical	LPALIB	ISTZLPVA	identical	1	N	0000D6	0000D6	Y
ISTZEMAA	AOS26	differs	differs	LPALIB	ISTZLFVA	differs	1	N	000468	000468	Y
ISTZEMAB	AOS26	len-differs	len-differs	LPALIB	ISTZFSVB	len-differs	1	N	000554	000554	Y
ISTZEMBB	AOS26	len-differs	len-differs	LPALIB	ISTZFSVB	len-differs	1	N	000688	000688	Y
ISTZEMEA	AOS26	differs	differs	LPALIB	ISTZLFVA	differs	1	N	0004A8	0004A8	Y
ISTZEMFA	AOS26	identical	identical	LPALIB	ISTZLFVA	identical	1	N	000060	000060	Y
ISTZEMTA	AOS26	len-differs	len-differs	LPALIB	ISTZLFVA	len-differs	1	N	000240	000240	Y
ISTZFFCB	AOS26	identical	identical	LPALIB	ISTZFSVB	identical	1	N	0004AC	0004AC	Y
ISTZFFDB	AOS26	identical	identical	LPALIB	ISTZFMV0	identical	1	N	00025C	00025C	Y
ISTZFFDF	AOS26	holes	holes	LPALIB	ISTZFMV1	holes	1	N	0001C8	0001C8	Y
ISTZFFEA	AOS26	differs	differs	LPALIB	ISTZLFVA	differs	1	N	0002AC	0002AC	Y
ISTZFFXA	AOS26	identical	identical	LPALIB	ISTZLFVA	identical	1	N	000252	000252	Y
ISTZFM0A	AOS26	len-differs	len-differs	LPALIB	ISTZFM0A	len-differs	1	N	000CE4	000CE4	Y
ISTZFM0B	AOS26	differs	differs	LPALIB	ISTZCEAB	differs	1	N	000570	000570	Y
ISTZFM1B	AOS26	len-differs	len-differs	LPALIB	ISTZFMV0	len-differs	1	N	0005BE	0005BE	Y
ISTZFM1F	AOS26	identical	identical	LPALIB	ISTZFMV1	identical	1	N	0002B8	0002B8	Y
ISTZFM2B	AOS26	differs	differs	LPALIB	ISTZCEAB	differs	1	N	00019C	00019C	Y
ISTZFM3B	AOS26	len-differs	len-differs	LPALIB	ISTZCEAB	len-differs	1	N	000762	000762	Y
ISTZFMAA	AOS26	identical	identical	NUCLEUS	IEANUC01	identical	1	N	000324	000324	Y
ISTZFMAB	AOS26	differs	differs	NUCLEUS	IEANUC01	differs	1	N	000178	000178	Y
ISTZFMAF	AOS26	identical	identical	LPALIB	ISTZFMV1	identical	1	N	0000F8	0000F8	Y
ISTZFMBB	AOS26	identical	identical	LPALIB	ISTZCEAB	identical	1	N	000960	000960	Y
ISTZFMEB	AOS26	len-differs	len-differs	LPALIB	ISTZFSVB	len-differs	1	N	000284	000284	Y
ISTZFMFA	AOS26	differs	differs	LPALIB	ISTZLFVA	differs	1	N	000110	000110	Y
ISTZFMTA	AOS26	identical	identical	LPALIB	ISTZLFVA	identical	1	N	00023C	00023C	Y
ISTZFMUA	AOS26	differs	differs	LPALIB	ISTZLFVA	differs	1	N	0000E0	0000E0	Y
ISTZFMV0	AOS26	identical	identical	LPALIB	ISTZFMV0	identical	1	N	000008	000008	Y
ISTZFMV1	AOS26	identical	identical	LPALIB	ISTZFMV1	identical	1	N	00000C	00000C	Y
ISTZFSV0	AOS26	identical	identical	LPALIB	ISTZFSVB	identical	1	N	000028	000028	Y
ISTZGF0A	AOS24	len-differs	len-differs	LPALIB	ISTZGF0A	len-differs	1	N	0013F5	0013F5	Y
ISTZGF0B	AOS24	differs	differs	LPALIB	ISTZGF0B	differs	1	N	0009F0	0009F0	Y
ISTZGF1A	AOS24	holes	holes	LPALIB	ISTZGF1A	holes	1	N	000109	000109	Y
ISTZGFAB	AOS24	identical	identical	LPALIB	ISTZGFAB	identical	1	N	0001BC	0001BC	Y
ISTZGFBB	AOS24	len-differs	len-differs	LPALIB	ISTZGFBB	len-differs	1	N	00037C	00037C	Y
ISTZGFCB	AOS26	holes	holes	-	-	not-in-target	0	-	000162	-	-
ISTZHFAN	AOS24	identical	identical	LPALIB	ISTZHFAN	identical	1	N	00034E	00034E	Y
ISTZIF0B	AOS24	len-differs	len-differs	LPALIB	ISTZIF0B	len-differs	1	N	000DA0	000DA0	Y
ISTZIF1B	AOS24	len-differs	len-differs	LPALIB	ISTZIF1B	len-differs	1	N	00076C	00076C	Y
ISTZIFAA	AOS24	identical	identical	LPALIB	ISTZIFAA	identical	1	N	00015C	00015C	Y
ISTZIFAB	AOS24	len-differs	len-differs	LPALIB	ISTZIFAB	len-differs	1	N	000652	000652	Y
ISTZIFBB	AOS24	len-differs	len-differs	LPALIB	ISTZIFBB	len-differs	1	N	00024C	00024C	Y
ISTZIFBI	AOS24	identical	identical	LPALIB	ISTZIFBI	identical	1	N	000398	000398	Y
ISTZIFCB	AOS24	len-differs	len-differs	LPALIB	ISTZIFCB	len-differs	1	N	000A60	000A60	Y
ISTZIFCI	AOS24	identical	identical	LPALIB	ISTZIFCI	identical	1	N	0004C8	0004C8	Y
ISTZIFDB	AOS24	len-differs	len-differs	LPALIB	ISTZIFDB	len-differs	1	N	000680	000680	Y
ISTZIFEB	AOS24	holes	holes	LPALIB	ISTZIFEB	holes	1	N	00028C	00028C	Y
ISTZIFGB	AOS24	identical	identical	LPALIB	ISTZIFGB	identical	1	N	000614	000614	Y
ISTZIFHB	AOS24	identical	identical	LPALIB	ISTZIFHB	identical	1	N	00022C	00022C	Y
ISTZIFIB	AOS24	identical	identical	LPALIB	ISTZIFIB	identical	1	N	000385	000385	Y
ISTZIFID	AOS24	identical	identical	LPALIB	ISTZIFID	identical	1	N	0005AC	0005AC	Y
ISTZIFJB	AOS24	identical	identical	LPALIB	ISTZIFJB	identical	1	N	00009C	00009C	Y
ISTZIFKB	AOS24	len-differs	len-differs	LPALIB	ISTZIFKB	len-differs	1	N	00038C	00038C	Y
ISTZIFKG	AOS24	identical	identical	LPALIB	ISTZIFKG	identical	1	N	0007EE	0007EE	Y
ISTZIFLB	AOS24	len-differs	len-differs	LPALIB	ISTZIFLB	len-differs	1	N	000414	000414	Y
ISTZIFMB	AOS24	len-differs	len-differs	LPALIB	ISTZIFMB	len-differs	1	N	000A50	000A50	Y
ISTZIFNA	AOS24	differs	differs	LPALIB	ISTZIFNA	differs	1	N	0004E4	0004E4	Y
ISTZIFNB	AOS24	len-differs	len-differs	LPALIB	ISTZIFNB	len-differs	1	N	000667	000667	Y
ISTZIFOA	AOS24	differs	differs	LPALIB	ISTZIFOA	differs	1	N	000400	000400	Y
ISTZIFOB	AOS24	identical	identical	LPALIB	ISTZIFOB	identical	1	N	000624	000624	Y
ISTZIFOE	AOS24	identical	identical	LPALIB	ISTZIFOE	identical	1	N	0003AC	0003AC	Y
ISTZIFSB	AOS24	identical	identical	LPALIB	ISTZIFSB	identical	1	N	000314	000314	Y
ISTZIFSC	AOS24	differs	differs	LPALIB	ISTZIFSC	differs	1	N	0005E8	0005E8	Y
ISTZIFSG	AOS24	len-differs	len-differs	LPALIB	ISTZIFSG	len-differs	1	N	00044C	00044C	Y
ISTZIFTB	AOS24	identical	identical	LPALIB	ISTZIFTB	identical	1	N	0004BD	0004BD	Y
ISTZIFUB	AOS24	identical	identical	LPALIB	ISTZIFUB	identical	1	N	00037C	00037C	Y
ISTZIFVB	AOS24	identical	identical	LPALIB	ISTZIFVB	identical	1	N	000134	000134	Y
ISTZIFWB	AOS24	len-differs	len-differs	LPALIB	ISTZIFWB	len-differs	1	N	00029D	00029D	Y
ISTZIFX0	AOS24	identical	identical	LPALIB	ISTZIFX0	identical	1	N	00025C	00025C	Y
ISTZIMQA	AOS24	identical	identical	LPALIB	ISTZIMQA	identical	1	N	0003F4	0003F4	Y
ISTZJF0B	AOS24	identical	identical	LPALIB	ISTZJF0B	identical	1	N	000074	000074	Y
ISTZJFAB	AOS24	identical	identical	LPALIB	ISTZJFAB	identical	1	N	0001CE	0001CE	Y
ISTZJFBB	AOS24	identical	identical	LPALIB	ISTZJFBB	identical	1	N	000196	000196	Y
ISTZJFCB	AOS24	identical	identical	LPALIB	ISTZJFCB	identical	1	N	00009C	00009C	Y
ISTZKFBB	AOS24	holes	holes	LPALIB	ISTZKFBB	holes	1	N	000064	000064	Y
ISTZKFBN	AOS24	len-differs	len-differs	LPALIB	ISTZKFBN	len-differs	1	N	0000FC	0000FC	Y
ISTZKFCB	AOS24	identical	identical	LPALIB	ISTZKFCB	identical	1	N	000064	000064	Y
ISTZKFCN	AOS24	identical	identical	LPALIB	ISTZKFCN	identical	1	N	00024C	00024C	Y
ISTZLFAB	AOS26	identical	identical	VTAMLIB	ISTZLFAB	identical	1	N	000C8F	000C8F	Y
ISTZLFV0	AOS26	identical	identical	LPALIB	ISTZLFVA	identical	1	N	000034	000034	Y
ISTZLPV0	AOS26	identical	identical	LPALIB	ISTZLPVA	identical	1	N	00001C	00001C	Y
ISTZPSV0	AOS26	identical	identical	LPALIB	ISTZPSVB	identical	1	N	000154	000154	Y
ISTZRM01	AOS24	len-differs	len-differs	LPALIB	ISTZRM01	len-differs	1	N	00027C	00027C	Y
LETRRIP	AOSH1	identical	identical	-	-	not-in-target	0	-	0107A4	-	-
LINK	ACMDLIB	holes	holes	CMDLIB	LINK	holes	1	N	-	00002C	?
LISTB	AOST4	no-deck	no-deck	-	-	not-in-target	0	-	-	-	-
LISTBC	AOST4	no-deck	no-deck	-	-	not-in-target	0	-	-	-	-
LOADER	AOS05	no-deck	no-deck	-	-	not-in-target	0	-	-	-	-
LOADGO	ACMDLIB	holes	holes	CMDLIB	LOADGO	holes	1	N	-	000030	?
OMODVOL1	AOSD0	no-deck	no-deck	-	-	not-in-target	0	-	-	-	-
PENTRK	AOSG0	no-deck	no-deck	-	-	not-in-target	0	-	-	-	-
READPSWD	AOSD0	len-differs	len-differs	LPALIB	READPSWD	len-differs	1	N	000348	000348	Y
REMOTGEN	AOSH1	identical	identical	-	-	not-in-target	0	-	000370	-	-
SECLOADA	AOSD0	len-differs	len-differs	LPALIB	SECLOADA	len-differs	1	N	000240	000240	Y
ST	AOST4	no-deck	no-deck	-	-	not-in-target	0	-	-	-	-
SYS3CNVT	AOSH1	identical	error	-	-	not-in-target	0	-	-	-	-
TMGSP	AOS07	no-deck	no-deck	-	-	not-in-target	0	-	-	-	-
USRDDT00	AOSC5	len-differs	len-differs	NUCLEUS	IEANUC01	len-differs	1	N	00009C	00009C	Y
UTRK3390	AOSD0	identical	identical	NUCLEUS	IEANUC01	identical	1	N	000204	000204	Y
UTRKCALC	AOSD0	len-differs	len-differs	NUCLEUS	IEANUC01	len-differs	1	N	0001E6	0001E6	Y
XTB12773	AOSD0	no-deck	no-deck	-	-	not-in-target	0	-	000120	-	-
XTB12774	AOSD0	no-deck	no-deck	-	-	not-in-target	0	-	000120	-	-
XTB1A11	AOSD0	no-deck	no-deck	-	-	not-in-target	0	-	000120	-	-
XTB1AN	AOSD0	no-deck	no-deck	-	-	not-in-target	0	-	000120	-	-
XTB1AOA	AOSD0	no-deck	no-deck	-	-	not-in-target	0	-	000120	-	-
XTB1AOD	AOSD0	no-deck	no-deck	-	-	not-in-target	0	-	000120	-	-
XTB1AON	AOSD0	no-deck	no-deck	-	-	not-in-target	0	-	000120	-	-
XTB1BOA	AOSD0	no-deck	no-deck	-	-	not-in-target	0	-	000120	-	-
XTB1BON	AOSD0	no-deck	no-deck	-	-	not-in-target	0	-	000120	-	-
XTB1DUMP	AOSD0	no-deck	no-deck	-	-	not-in-target	0	-	000120	-	-
XTB1FM10	AOSD0	no-deck	no-deck	-	-	not-in-target	0	-	000120	-	-
XTB1FM12	AOSD0	no-deck	no-deck	-	-	not-in-target	0	-	000120	-	-
XTB1FM15	AOSD0	no-deck	no-deck	-	-	not-in-target	0	-	000120	-	-
XTB1G11	AOSD0	no-deck	no-deck	-	-	not-in-target	0	-	000120	-	-
XTB1GF10	AOSD0	no-deck	no-deck	-	-	not-in-target	0	-	000120	-	-
XTB1GF12	AOSD0	no-deck	no-deck	-	-	not-in-target	0	-	000120	-	-
XTB1GF15	AOSD0	no-deck	no-deck	-	-	not-in-target	0	-	000120	-	-
XTB1GFC	AOSD0	identical	identical	-	-	not-in-target	0	-	000120	-	-
XTB1GN	AOSD0	no-deck	no-deck	-	-	not-in-target	0	-	000120	-	-
XTB1GS10	AOSD0	no-deck	no-deck	-	-	not-in-target	0	-	000120	-	-
XTB1GS12	AOSD0	no-deck	no-deck	-	-	not-in-target	0	-	000120	-	-
XTB1GS15	AOSD0	no-deck	no-deck	-	-	not-in-target	0	-	000120	-	-
XTB1GSC	AOSD0	identical	identical	-	-	not-in-target	0	-	000120	-	-
XTB1GU10	AOSD0	no-deck	no-deck	-	-	not-in-target	0	-	000120	-	-
XTB1GU12	AOSD0	no-deck	no-deck	-	-	not-in-target	0	-	000120	-	-
XTB1GU15	AOSD0	no-deck	no-deck	-	-	not-in-target	0	-	000120	-	-
XTB1GUC	AOSD0	identical	identical	-	-	not-in-target	0	-	000120	-	-
XTB1H11	AOSD0	no-deck	no-deck	-	-	not-in-target	0	-	000120	-	-
XTB1HN	AOSD0	no-deck	no-deck	-	-	not-in-target	0	-	000120	-	-
XTB1KN1	AOSD0	no-deck	no-deck	-	-	not-in-target	0	-	000120	-	-
XTB1OAA	AOSD0	no-deck	no-deck	-	-	not-in-target	0	-	000120	-	-
XTB1OAB	AOSD0	no-deck	no-deck	-	-	not-in-target	0	-	000120	-	-
XTB1ODA	AOSD0	no-deck	no-deck	-	-	not-in-target	0	-	000120	-	-
XTB1ONA	AOSD0	no-deck	no-deck	-	-	not-in-target	0	-	000120	-	-
XTB1ONB	AOSD0	no-deck	no-deck	-	-	not-in-target	0	-	000120	-	-
XTB1P11	AOSD0	no-deck	no-deck	-	-	not-in-target	0	-	000120	-	-
XTB1PCAN	AOSD0	no-deck	no-deck	-	-	not-in-target	0	-	000120	-	-
XTB1PCHN	AOSD0	no-deck	no-deck	-	-	not-in-target	0	-	000120	-	-
XTB1PN	AOSD0	no-deck	no-deck	-	-	not-in-target	0	-	000120	-	-
XTB1QN	AOSD0	no-deck	no-deck	-	-	not-in-target	0	-	000120	-	-
XTB1QNC	AOSD0	no-deck	no-deck	-	-	not-in-target	0	-	000120	-	-
XTB1RN	AOSD0	no-deck	no-deck	-	-	not-in-target	0	-	000120	-	-
XTB1SN	AOSD0	no-deck	no-deck	-	-	not-in-target	0	-	000120	-	-
XTB1T11	AOSD0	no-deck	no-deck	-	-	not-in-target	0	-	000120	-	-
XTB1TN	AOSD0	no-deck	no-deck	-	-	not-in-target	0	-	000120	-	-
XTB1TU10	AOSD0	no-deck	no-deck	-	-	not-in-target	0	-	000120	-	-
XTB1XN	AOSD0	no-deck	no-deck	-	-	not-in-target	0	-	000120	-	-
XTB1YN	AOSD0	no-deck	no-deck	-	-	not-in-target	0	-	000120	-	-
