AHLCWRIT	0	1	a28395fd7347691f5f4ebd7e3fde18896614db8be33db3610fbf46a7e06dcc4d
AHLGTFI	0	1	1d573c5fe5aabbd2def003754329fdeda565f3f89e9956d332615b77cb308a60
AHLIWRIT	0	1	048c6dcd108a85581f567bce17f61eef064b263fb39254a93b290f3b74ee329d
AHLMCER	0	1	ac3d7bad330f27d1e6c3598187ca72d75775456c0061fc93fdc2d7a6d65775f6
AHLMCIH	0	1	2af565f148186cc3bfa3e084a60152ad5a83c08fbd2ceafeb914cdc062d70693
AHLREADR	0	1	a7018568d5286e91126207a187845e618a872ed8b1823963b8f3f794f3ce7134
AHLSBLOK	0	1	ff914ec77ddc5538c83753316976b68bc8144e9746230257c7be2b7e2dfd944f
AHLSBUF	0	1	a23f6b8a9d3fd161053122c659ff13ab26125cb0f2b6eb038e44b8e0e32cfdd5
AHLSCAN	0	1	f72f7a3595423d1fcc0300cfb150213b8d78f32485dc10c8c3b8b971c0b4a898
AHLSETD	0	1	ce92ac5f4112a2add2de3fd917a91d0dcb1495b996b54c496774a9bc295b9f85
AHLSETEV	8	1	043973dab320b4f24c15e6aa60122aa19735f1a3052ac2824b45347fe158534b
AHLSETMG	0	1	c29bb9d9539936d0c59ce5b6c099e6d3657a1483b788b749cc6a12ef4884e33e
AHLT103	0	1	cf02fe53f9c1c2f6d7cc23e0b5a64a7105b3b2a9a9e4603689fe9e0b56d9a5ee
AHLTCTL1	0	1	59915efdfb522765d75a05084264aedc2789eb51a520587a1930ea74153fe24b
AHLTCTL2	0	1	e4a38972bf9ca23acac12e8b78416d08c38304e0b39bf142b9ec0cf3fc33d4af
AHLTDIR	0	1	eb20849b56eeca1c08e8e3b313a17fb84eed2931fad066bfc1cc80c108d63775
AHLTEXT	0	1	bd1b15e7bae6588b97a8c5f1432d039fbe4be9ca2a862aa903f710d5d14a13ae
AHLTFOR	0	1	f7b0b2c716ed5f7dfa39efe6782d8b92ecbffdcd0c184f67249c001ee5fa04c6
AHLTMMSG	0	1	03a6e159026c732b047f0e696a98f2a679c84dd061a274fee6044647d7d92f4c
AHLTMON	0	1	bade22e8604b9fe49af29d3992ad417498446801fd16f8254a1f9a33f92666b1
AHLTPID	0	1	6f5cd2e27c4c526c64ca99d2ca5e2af7c0a2c671e4439a4fcec22d32e92feb96
AHLTPMT	0	1	acf4c27c0049c1e59877497890f50c2f0a7e6bdd460cc78dff1cd5c78456a52b
AHLTSCN	0	1	2552701fcd6963095c82446ed9e0089ea1e2096358c6eb4717e5a20a66c64f00
AHLTSIO	0	1	d23923d3931857b9848595c5e15138a15a4822715709e7230fe6ff3138f1a696
AHLTSLIP	0	1	05f896c7c4df585ebacb9aa74b2cd03a80a4b7145bc00f94a0023fd4ce416789
AHLTSVC	0	1	878cb1e4fafa9cd89478b395aa55592b10626deeb66cdbd5616f9b7432c5225d
AHLTSYFL	0	1	38e1fc72fcadce12a34f5d19322d568542a37757b731493ec5fa6671f58c1d8f
AHLTSYSM	0	1	27f7ad4ff761131fc68d52a974c5306a4cc51fc7b4b7615adfc79b768af2ad2e
AHLTTAB	0	1	35bab41e8f54ce3560521976958065dfa9e189ad5b2d79bbe60bd21d5569d407
AHLTUSR	0	1	22a4084c4234583ef041431a9e3c17473258fe21503101628752678403bba228
AHLTVTAM	0	1	93c67d8fb1600963b93e5d97ea960ddf24d82f4e420ed874aa9393bd2a7f606c
AHLTXSYS	0	1	d3fff3dd9b01554de852130907cc500014e953a0e226ecd6c63c3688b4afa4f3
AHLVCOFF	0	1	6c53d296d598585171fc2cc2681662ba9dfa00e072104cd0adb7c4a4dfba5843
AHLVCON	0	1	4eb92b87adaa93e32dddd89b0aeb550950ae1e1fcc72d333e83d933f45de0d0a
AHLWRMSG	0	1	c05f0d5f0e0965e900852c5f16b5bcb69d83e479cb47f16eb1d45f9c095d7ab5
AHLWTASK	0	1	12f59a52fdb248eec27d32d62c25b0525ec276c9fdf8833ce4b9ec040cc217ee
AHLWTMSG	0	1	649cc268ccf41706840a5f8ef1e7071c3364514ef7d61d072b1356bb755bdc26
AHLWTO	0	1	94adfa1a0b480cca067f3736c14ecf7b07e41624cecf296657cfbc5ff5d67246
AHLWWRIT	0	1	a408d818985929fee579a1004105235ea8e5a5b3e4a67234b2dcab1ff3ec1f46
AKJLKL01	0	1	cc926412cadea9ceb17bad292c61da1d8aaafcb42de191cd6744a693bff7e857
AKJLKL02	0	1	199ba1f2f8d92a157ac1dc0378860e484f2422acab1b7020c765a1b2fce357e8
AKJLKMSG	0	1	6671883ddfaa0550ab773d39064798ccc4830972c405ee38d1ae6d3231921b2b
AMAPTF01	0	1	63c3a0dab1d38603d34fb728ff10f747fb6698441e1e9c38637ea37ce1a82319
AMAPTF02	0	1	f1c3221c09cd1445494b69a11616640d6cef9161ab1e63ff23551866319bcfe3
AMAPTFLE	8	1	54a32f4046a6c0de127bc3be391d9ce0c04864c0b6cb1e6a7c0e5a1ea5d725cc
AMASPZAP	0	1	89580c7fa691ce771f2d5534232f0893d508dc54c3362e9a25192e02b25fec49
AMDPRAPP	0	1	69b03e879842c73ca43b7eded2e172d7a1a2143c65c320a1f033a83b70c12017
AMDPRCOM	8	1	69dd27380a282af875aea353b9959cf7ab62db51570099192255303720a1e8aa
AMDPRCTL	0	1	9784fd6a0945428689316c92268daf04dedc830d330550798b128783d69fb9d2
AMDPRCVT	0	1	af7673cb69e398f820331b4cc1f52f471e4a605797aa39d04dfbd817e6e1f01f
AMDPRDPS	0	1	a909d1f33f9544332d8dffdb36769dcd2d413978e558a49654d4c3b5a15c8e64
AMDPREAD	0	1	0435089b544da6952eeca0a4fa042785f0ab27f6c1c597fda5e0253d03719d23
AMDPRECT	0	1	2cdb2192151b1d0f1c8ba66bb97d12a74d4d1a9de56c1cab83af1b3ccf864b4c
AMDPREID	0	1	49d3c2b94159f946eccb37ef0222e65bcdf9fa12941547d03d7a3c41b7ab1fa5
AMDPREXT	0	1	eb7a431816aac5f5f1c3024e19520f58ed837eb9b687879dbd518074dc0d7ac1
AMDPRFAR	0	1	f6cffb7da403b14bb5acae91987671f27c22ff9943b5de55a7043d7649c6edcc
AMDPRFCB	0	1	3f2e75950aecae84155a98d07ed48142d854d9acfed997e38fc4cf80b2c4ab7a
AMDPRFDS	0	1	c14a200b26319200605589c95ce9c3471a4927406c37852ea750a3a43e39eae0
AMDPRFLT	0	1	476e5fa2e4ae61c8de1025b6be273664564505cc032b2c53c8a9543d388c8993
AMDPRFMG	0	1	47019633f716f86210742108b839c588df4f3ca8379d6de60951e4e5c417947e
AMDPRFMT	0	1	b3fde305832aa0780e9771edaa01fc958ac4cf559076f32de901f0a4bc4388c7
AMDPRFRM	0	1	57db3e201ea3a0d13422ea75f0847dfe0b4efca9057e922690a1fbf3816e9360
AMDPRFSC	0	1	d24d9f6986ba9bda5635191e138f37b835d1e59b44372b04717dfc4b949a9865
AMDPRFUB	0	1	69a9af1dd99eb7aedf419a3196e31a4a421f975caab30204752e731205b13482
AMDPRFXT	0	1	d6ae3315876ec87ad385496915d08c0555415b1256f566e5da2145b501b98c6c
AMDPRGCD	0	1	4bb4399dea218bc87281bb75d50e496a4bc649e6e67b03e53a2902c2e89af926
AMDPRGET	0	1	25efacae4013a8cf83a10722d43ee10f1f6f676e56d0f880eeb95bf038951c34
AMDPRLOD	0	1	e06a153631a422ae3151f1d59efae36bb4bd42a13193d9c0d4be3de61f3da2db
AMDPRLPA	0	1	227f5b257bb2b97a14e9ae1f270d499ed7ede833398fba7f4231a218b6e909ef
AMDPRMST	0	1	1f5ce6f6456a426f0ed966db8535cf67de8fc6749971ca6483d3456c15f37327
AMDPRNUC	0	1	2c03ef05739850dbae78ae1651d31e8ddc9a70a28ac5b185dce9859f7da76590
AMDPROOT	0	1	b49bf7e5e8843624cd639a06f69f783732748814fa2547f73ce9366d072d1fdb
AMDPRPCR	0	1	57ca1cca3ec7f3369352925b4c83fe11accf4480faea1716a8372d70e73aaaf8
AMDPRPJB	8	1	0a828940d4f2795ee47888845b4b606f53f7e79437351f884fb910e20a838e99
AMDPRPMG	0	1	597707edd5ee920a380af727f8c76cc309ed57e46f258f59048c1298fdfd4318
AMDPRPMS	8	1	143d632f6b33c4294d838e80f3d4382326a1f03be05ea7a66d8431721cb66954
AMDPRQCB	0	1	868aad61ca80a9004ded79a17d255a3bfa47d2a417189fdbcdbd3f729988cd42
AMDPRRDC	8	1	2ac1ade2915afad4eb3dfc5d65be32d6697eb70799243d71b3beeb81b6ee0afe
AMDPRREC	0	1	0d6d906f8595dd4f48c429ca1eea0685c3932985ebc20c2b62aaf4d0b1d257eb
AMDPRSCN	0	1	228b62ce9b2887d4e7e4c7a89713668bb60633c57748cda5fbba5ac0b638b6d9
AMDPRSEG	0	1	2024b2669ce71414df7dbf65768ab923c59515e0ea027e78223354287f108cf9
AMDPRSMG	0	1	0fb25a31d609bf9c37dd2b9e669ba45cca6a08ca6b9cd765e50f6c5b1cff96cd
AMDPRSN2	8	1	e35a75a53aa88111cdcefe675a303ac1d4fe8b75038ee812b444f00561c53000
AMDPRSN3	8	1	1c4ff97cacaea7c47d4d677f4347526eb2ba663997ebd8ddd4da46afd9f14971
AMDPRSUM	0	1	06cf210eb6fd5c5866db18bb2d77de796811c1556a8a689474ad4584ae81c7eb
AMDPRUIM	0	1	f5e9db253ea4d54e73c6f4828a13206a1175b29db82893ba5f1233bee1d801e4
AMDSAAID	0	1	a0ff3f4b099260de537a3bd61c7996151aa9d66af9a85e628922803400dd1991
AMDSAAMR	0	1	7119fda2d464de86cdcacfef525ba5fcd637c7be251d0e6f4d451a27bd929eff
AMDSAARD	0	1	bb9a31891ac7af763a1081b9d442949ed4755be87cb69ecb82a462500d3dff12
AMDSAASM	0	1	f8f1e134b75ede5d4b218697914d676cf4b8ab104299582491c601acb935d0d6
AMDSAAUD	0	1	c3303e1e29474f9dd6b23e2978d0b1908efd61a640f5ebd40b09e038e69df9ca
AMDSABUF	0	1	5e8d65fb758ad2c2a67cd8991ee0030259c3232f395028d75c48e7f0cb0f4a55
AMDSACON	0	1	1c99bd32d1b472188259143cd245d2d4ca425ed39adc10fcd1e5d9f7783fe2d6
AMDSACSA	0	1	a147f2ac5ed88a5590b8bc895e87f0cca499b4f6c745d804d651a51398de3ee8
AMDSADER	0	1	5dea64b537d300da44173acd4d9fd333a845645697d2839f7b373eb365fde695
AMDSAFRM	0	1	8506e2b23a2085afa488c90cda42a21b1aa726b7d319d5bb8a12e70fb96e3646
AMDSAGTF	0	1	807e1310e3d8591b4a0c6171d57a94cf20e27627270c89610af4330c6213e1a8
AMDSAGTM	0	1	e2a8110cd4d8dfc8017137d30857dadc1bafa4ae55a42a36d61c003cb57ab7ad
AMDSAIOI	0	1	2c3726697f5d5be85df5ddb908e006da61206da1af000ed4dbed852aa58d998d
AMDSALDR	0	1	01d29fe76a835e588cf5754188339a92f7e902c3d0cad1b53dfc06894a55332e
AMDSAMDM	0	1	2de8509e5f37a282f99085cc6a6f43e2dd98bb732a8518824fb02f30389fb665
AMDSAMSG	0	1	ce52aada479702c7e62c1bd9b5a707065f45097dba6ef4afe324799c375fd273
AMDSAPGE	0	1	4e2956e1bb85abacfe6238f7e6b36e8605ed6b5a44811c2ac1ad1d2e504ae775
AMDSAPGI	0	1	3ad2fde179e2ca7489fef9cbd018e9defbfed3334fa0f7c1553eb2543813df5d
AMDSAPRO	0	1	60d58f94fe18c5f8ec5d91dc3226ee272b5c4985cdea1d9f6b9c7ea57ba4088c
AMDSARSM	0	1	c6c7d8f50af40ac7485de70e395d4dd247c2e870169d787fdacbc537bcd81145
AMDSASIN	0	1	c8117d21bae845f51d5278a8be1e41e641878ffe331f314aa008af99c3736719
AMDSASIO	0	1	e32e4a0d1bc4a069fa29bc4c4ab05e5e41233b9eca25ef2dfd34ee8fc50b11cf
AMDSASVI	0	1	95b740cf708b783d8443818bea30e0e94d7fdd7a1c3738ad644239a609e3e4f8
AMDSATAP	0	1	02c049d6dc4f5039ac3fcc9043a50f9b972969adf7b5d5247362ab247605e389
AMDSATER	0	1	a95fa44a0276790c12e52d3670a947f6cf5901431e9fa434ef61cc00d39bfb32
AMDSATXT	0	1	cd03f2c48fbcfe9f130e2992758cd3f3e5d18e5fb14a045d68dba3d22e7f9934
AMDSAUCB	0	1	23adb300fe071b98c4a826a876f2a5e9cc82f52bef75f08eea2ea50d40eb60f0
AMDSAUPD	0	1	b136f533c29da23b9bd00ba6625b32913a3dddc3cb0d78ddf706e924ed2f023a
AMDSAVCK	0	1	47a83d612410a2d10534e8730ce55f6439a4efd3c738cc6159c8fc6ad67d6596
AMDSAWAT	0	1	d13db527bb5e241a278b4cf1439350524676843bb4e63eafa538782489361907
AMDSYS00	0	1	af7157ea2927be559655b5e102e85a3f88ce6bcc00faf1d781f288b8cbbe88eb
AMDSYS01	0	1	890a00d84ee2ed7592878d7ce7205d6d352faba053186880a472e924566fd3d0
AMDSYS02	0	1	e4bc10768b4760efb3f4c0f0a5eeafbb3a208aaec6b26e7c482d555a5b0aed8a
AMDSYS03	0	1	b420f00d3e317e91f72cc98ac9716a66f780548f0ed5dc12e685c05284de9dde
AMDSYS04	0	1	1d89577dfbddb0358e59d66037d0be14bf1ef7281e853cfa1d95d42065a03611
AMDSYS05	0	1	b7dd8db23f55261db945de4f48af68cac9302698052c167b8889e7e3597239e2
AMDSYS06	0	1	1050657e7baa89cb9dceae447189ecd11a9efca11e41628dc03bfd63ea805232
AMDUSRF9	0	1	19bc30c2f7c91b3c8237bedfcbc3e20fd515a945516a96f0f24e5b877fbbdad4
AMDUSRFD	0	1	5b49acbc61aba2779b6ee12a90d403e394b6239a9347d5f17e13ae27a055c465
AMDUSRFE	0	1	ab486ed1d1c7f419b482025d057dbaf0060f2b5dad6d52a3c98b687576b14f63
BLSCAAMS	0	1	d2739f1d529d823cfc3d7c061562c847062dcad00d258bf65c0f9e0fb3d97ed9
BLSCABLD	0	1	ad86ac1642767b8ff3be9e7d1d29d4904bc01df1ffd871087d977546a5580d63
BLSCADST	0	1	eae038488248e8484d6fcbe8e743d3693ee62a5f00607bbcc2c6dd984e69c699
BLSCADYN	0	1	2417cf740a2e42884641148d3e5fb3b3f8d52a550b8972e581c881f176f293f4
BLSCAINT	0	1	eb24c49738f74b8437676a4163e743f28b8291c010dc7b6804d7d86cbefcdadd
BLSCALOC	0	1	2a2bf7cbf81806aae3bf501bd56d396512d9c3ae4cbe9797f97d31d30730fe62
BLSCAMER	0	1	258cec56994d7ee122be83ae93031a1dc748da92b4649da2cf1c5c8e95d60d9a
BLSCAMIN	0	1	5f194ab23cdcacbd2532e903972e78bbafc59cede0af8619a41b1abc79d1de42
BLSCAMOD	0	1	ac7f0bba583542312d548dab16772a6087b77405a3784503f389b8198c93adca
BLSCAMPR	0	1	6e1c53f66a3032961c04837f31117aeee1c293ffe17c7b8979c494b04d9f3e71
BLSCANAL	0	1	b38f433a1188aea6bc9e255e97d3a571d45560ba208c332c1db99944aaf243a1
BLSCANLE	0	1	7ab828bc8bafb1d347f866a9e179d033b854a6896371af2efa4368f759ed5d8e
BLSCANLI	0	1	932cfcd1da82845a011553acb286cd64cb19b619afe8f89e8550f3c6ffd2ec3b
BLSCCLSE	8	1	88af8083963c7da0d8a2a0c024dfdc7b025b1b0d0d33ef66f387d78ff61336c7
BLSCENDD	0	1	e3ecfd7f0ffea0ffda98f1d7996e312d9c9fbb68775f9c2a019d439418bfa3f3
BLSCERSE	0	1	48fa88c1eeb4ff04d4fa8995454ccad177ac1201f8486d474dec4d9cd0848cc9
BLSCFAMS	0	1	7e74a2f2165db86da300c0fe73e86dbfe0a53e4efe66642e346214fe3273f516
BLSCFDYN	0	1	d28145c428c7cef4c746b36a09d2ed9e68d788798711c0f52dce07d87352de15
BLSCFREE	0	1	3765841f21b8eb721da020d899e88a6b7c88c53d52c903e4d09bc39fedf58c71
BLSCGETT	0	1	ef05be961add6366c5a955facb3f80dc03fcd4b01479440012e0eb2d75d52884
BLSCGMF	0	1	5fc23b51a06b77cfa95696b8b59f88031fb01284c266678cbb9f4d15dfc2c7b8
BLSCHOK	0	1	55160555305510baeac9c13c3f80fe6aef6646db8625e8abd192baff2f7c3ab7
BLSCOPEN	0	1	51f3f6cbbafc3c20e98ba9add0b841585e138aa6d4a2a6fd9fff35de2a677f6e
BLSCPOIN	0	1	a7eb0488ce76310441590e6d1e4ec08bf265e09ad9fcfd3a4b45d12e9fd33596
BLSCPUTT	0	1	82219b203789b7b5bcb8f590e63b2a741eb1562d6f055e836e5d6aa028080ce9
BLSCRECV	0	1	a88650064bb7b469d304be70183f12dad3684819fe00ad0904c8a1bf2bbd948b
BLSCRFM	0	1	cfc8296c5ed259a2d4ea5a16f740abca8858c6721b716e6fa4ace77d74cfe517
BLSCRQST	0	1	f01b1fa3c7f2d6473700376374d65e367a2fd96cacd8126820a472a9ca575b72
BLSCRTCB	0	1	cdcef9c0e8fb29efcd800f3917ad10222ae3021fc64096433ec945ad5951d006
BLSCSETT	0	1	0f6cd35528f7a569a4fe651caaf48e9c252f8a4b750cee9319dc656b79be7185
BLSCVALT	0	1	a29391ee756ff8f70748f3c2549a671bdd0a0a99524dd464c4e7c14ae9991a63
BLSDADSD	0	1	ea047f149cbaf5eb1434e08bda317225a260a872046eb6b7c73a990cd35be3ec
BLSDAPDR	0	1	c701a3c71df9edc388fc13e8c1367cc8d2eff2174c615d3b283fc46365d570b7
BLSDC070	0	1	6bdaec39c1d4f0b9d639b86d2c5bd7acec42b2da7aa744a4e2db82498fda3074
BLSDC128	0	1	552041cacc69c12f463abef029805b5c5111674c228c321c0d2e61f6e38bb310
BLSDC600	0	1	a0565485e5412fa5aa7c51bfa6a6eaead9edcddb3b97e47463791652b169dd31
BLSDDEQP	0	1	7bddd2722cc64a39883e106a1004f1a540610a77e58d5f216528fae1daf4ce3c
BLSDDT00	0	1	f45895d0b25b9e124ebe1f53c30db1e685d271016b3d520b47f9b9eaba410041
BLSDENQ0	0	1	807735ea6e336b27c5839a9c6486a5ea25bf811bcdc4bb6dd7232891db6d7e3a
BLSDENQP	0	1	ac2146dd46468b8ec9b4dacd547cf94a3bf5e93cc61cfe0c8b3c7418f671fb00
BLSDFDSD	0	1	287133a0970a25bd96c19cfbf5c7306590d1868ae77c3525fc5e31d694941c70
BLSDFPDR	0	1	7ded659f6046d774f55bc8594abd60029fe9222fba874cc03bef2a735711bf97
BLSDIFP0	0	1	a224d12ee818602383a8ef43cde6759d4e9f1c3204969d88285c41299ae78ca8
BLSDMSG0	0	1	3a143630c47d6aac18ea4205f135e704cebe130e0d4b49cf647011dc26c856d2
BLSDMSGS	0	1	1a38ed8e41564e75abb9d8029606cc4c3bb99ad12e6a65f9e40b6142e4471fbc
BLSDPC00	0	1	a07e0f2d8849189770c8dbf271fff5ee178400bd8e664d3a1a6575a990c2af73
BLSDSTAE	0	1	e1f41bfb689f4bda7998fa4c917f780b3236f7942aa99f8bebe364e65414ce40
BLSDSV00	0	1	8a5da7af133e2bd2955a5ebb4c4c07fff9cec3194812d26b7462ee8982ad4f76
BLSDTIME	0	1	ee980d04c536c0314f7133fc27234fbb3d9f62b39b19914a23e9f4fe9cbed434
BLSDTM00	0	1	9c2deb3fbdbf9f22bb9315e1551e6af7e3d0a577f1dbf69bb1c11bbc8cfda1cd
BLSDVECT	0	1	cd895987a5de3804d0d183f93074f1edbc34b6a0d323aa9bf8226108581837b0
BLSDWAIT	0	1	c1f1b2047a5861c2012ff5bcf4ad2885a1f3e98fee97151193373880c8f3bf7e
BLSEADP1	0	1	7085875f786210d2f4992d24cbd64a9dd2bb58ed951811522994753c0bef2ac5
BLSEADPR	8	1	9f449d12fd346469bede89ab6e2d477cd75d598894308bceb20b925113212d75
BLSEAUTH	0	1	5da8debc073eecda4d4d24ce91879c218a1827c63133716d7704eacd6d015edb
BLSEDEL0	0	1	edaff78ea9a807b19628a50010875647bc61f223f6477daf76eba881c0cce513
BLSEDEL1	0	1	ece3fceb45811932474ad5376c0f8297457cbf7f57340b1059a5d3c06195f8d3
BLSEDELC	0	1	de97d6d328ca005af4ab18bc047aa1f5a62e368d6bbf4f490295f4d3269c2352
BLSELP00	8	1	73e9c3b2bf9a6eab3f3d152fba2157762977ed078d313745417dacce90498afc
BLSELPCC	0	1	200857c9eadc2d034ed2bd42000af66a47204a2020b41a3028e0bff0428f905d
BLSELPCL	0	1	d5a55ec65e2008b5b29165346149b9fcb91431728d367ed99dbf90d9f8a900a0
BLSELPCT	0	1	f529816a9ba407ef89b554b8b83de50985bd336a30624b2d4b5ebc7a26b3ebf4
BLSELPDR	0	1	73e6532289b9486e56f50e0a1b5959cf8fb951307221b53cd1ff65af944aa4be
BLSELPDS	0	1	6586f053969bddb0d76256ea99b5ab3591ba6fcce94cfcb518355b9d6e16eeec
BLSELPFM	0	1	53ea88130b6098a2ec541b68e6665148bdc6840bea90c12a7d983f8bff02919c
BLSELPFR	0	1	3938b981d0786169eb5456fa799fcfbf5c895ae9a2b9a43c911b6a4c4b0ed5c4
BLSELPOP	0	1	4a7e25abb9b46b9741cff29c5e091f8e581dec870f3f8f05d1bd52dfb5f473f2
BLSEMDP1	0	1	29ee0fb66a0e05a603a86db5ec6d98ce13ef20980aa6abf58940831db9d04b3d
BLSEMDPR	8	1	9fc82abe5133a50202fbd553d38e851adcc73374d7f99a96cc12aea40a44aac9
BLSFAD00	8	1	44f61c3848ecb5a3d30d992c181275d7b8182901c31ffb4ad6128f4434959c72
BLSFAV00	0	1	b9b26a72b2ec206057e63f39ff1b75dfbc28dcd513fd9e9875f496e394956e15
BLSFBP00	0	1	4487f9492b1fb6190c79a2c768c645dd053c6f1831e3d87f3f91e03923ad0d4a
BLSFCLOS	0	1	bb74e1eb00de308f3baec113f4d17ae38cf98c7e6dd971545083257d9231bd94
BLSFCN00	0	1	23df8d32c03ee2b11507cbcc96942e2ccdada233188705e6d889f7d07dfa5561
BLSFCONF	0	1	1b76e08001e8c5e1d5a618f8c3355212cbbd5df5f2e27ae2c4976b7606ba92a1
BLSFDALL	0	1	f05a2c63a2a0763bfa8338b6e8b32cbe5956fd340c246791eb849011746f6494
BLSFDD00	0	1	0b1923d565f66f0411fb521a101e2e821d2dbb7e9b5f5516a7b8d04b9262ba3a
BLSFDDDP	0	1	fa6299889d9668316a9f548cc321768e82641f5ca2681148843ad2ef601c8216
BLSFDEL	0	1	bc109060aef09f6dea3eab4dfce2e7ed43aff6840beebaed60076a0d46883f77
BLSFDERS	0	1	0fe514d86e85be5c8487d281e45502449c57ffc88f0a67fb4abebb525297111d
BLSFDF00	0	1	5ad138c7b5ca4f9942e017e916d8da24f98467dac3a5a89f0a375d73bd8b7957
BLSFDS00	0	1	8f43669018e98502370a6097ed9c32ef97a47ab5c521b1eaa260df3513030a84
BLSFERAS	0	1	e7a24941374654bfdff46a58003b30e0288927683b348bccb98340e0db78576b
BLSFFL00	0	1	374889b4d43c8ec5d1b81d68228df9f2f03156a86bd70ed2e5c15d867f38d972
BLSFFP00	0	1	ad8cc40a88bb5c5749bbb02d77066a745d17a9ee4dac2faad32c6eb6d0b6c8b1
BLSFGD00	0	1	894d534211e369ac8f4172b5099ee286e4c6bb08eb3bf6552dc7c20d7847aec4
BLSFGG00	0	1	1585721d9b380471154764b2000c55f75b7a8f65664390de4365b25e245c54ec
BLSFGP00	0	1	c41c3751f5dc5bf3d90858b2725666bada7a50a698b4e5116c22c3f0fda2df4c
BLSFLALL	0	1	a443d9a486ae7e2a320814d5e376be1c8f18be6d71090e392ec62178e3257a59
BLSFLD00	8	1	1017b7226b4fa91b00200706ff7b34d514b2051d447478024e0af23e8b396a01
BLSFLONE	0	1	9cf87bf9e0f07836558d2aba6ee73f0167eea1018d832612c3e9b81a3fba4626
BLSFLP00	0	1	bf6359f9f15a6bcd097da38f84aead4b4195a039091e252670c675ca359e4ff9
BLSFMD00	8	1	72526d7ecb0eac46297945a7af93c04a0994556f6bd038f1a633dcae38107a6f
BLSFND00	0	1	59c6ce9ac8e97dc07bd4a6ac6d4367b15082c278421dc0850395d15df590577c
BLSFND01	0	1	c9438daeb163d6a1fae3e3f253165a47206e742107d6df324e71d5fe768fbc1d
BLSFOD00	0	1	51db77c8ee8a8fb5cc59f4aeb930b3075010552748a0987dd02f25fc44419aea
BLSFOPEN	0	1	5c71a20fbe31ae478bb83bdfb912e826cfdee477b29bee0c8e164b6a00b50e57
BLSFPARS	0	1	c53768cc03783e88aa354705b154d8040edacb1241ab72c4f809b415fd96b55d
BLSFPERA	0	1	ce7ea87e62c8b470b0818c9441cdcd4de2a14ee84a61a26f750bfce68c9a0b3d
BLSFPERS	0	1	b1f02fe28db7b74c9a79a653eef5c615f5837db269b553d13cf1575c3d4ea81d
BLSFPS00	0	1	2079e167a8b2a7d74d433191558ea113395f6c1be0d7081271d695859fb3688e
BLSFSCRT	0	1	aa5ea506910e6b58859b84fe2c1a4117b696d84b722729cd55d3c39218324e5f
BLSFSD00	0	1	acde9f83888a5a4170660730737df716a0b281231ae485070f0c432dcbb2c9b7
BLSFSL00	0	1	326339a9be9735aab022fbc8e97ab7c9876140efff58366daf7f0faafb422742
BLSFTL00	0	1	d720ea41f29dcf8774bbf6d9e4b3e1b6d0df0a349d821c453ed0ba6c8f2430cd
BLSFUD00	0	1	36e1cb63bb2b64c4c5d4f4f2284dcd5480064e44e373f9214e9a0a56210a86c9
BLSFUP00	0	1	d0664e83639cc32eaba2877485ea9bf47f1f1874cf07fced0c1e10864b868082
BLSFVRFY	0	1	5ae29c86ef88bb34fbf2be11742401d3dad2fcb4f122fb9cdb751e5fa61c1e18
BLSR3270	8	1	4033835ad8edf9310b07b6e949be120c967d8c5b75858b8fb597d56b39997c72
BLSRACC	0	1	bad9ce2b2eaec2fb2c62e5ac4e1dcc7ff4d87334f738e7cc94acc58103a69b8b
BLSRACCL	0	1	2461f5e435bf08f4f9a94166bb1b193f80697490b1856c70f4b512038d7f3713
BLSRACCQ	0	1	e436faf4b236c2179caa2cf71d68aabbbc054b37e49287372d054af5c3089b4d
BLSRADD1	0	1	8e1de25f161db62777bfbe227306f8918ac5c261eaf89ea07c2e5120c33478a9
BLSRADD2	0	1	e98faeb41d5ab0d07507828813c671fcef609e4a0fa5bb353f73daa7125e0dbc
BLSRADD3	0	1	c1130d9822903ec0a6f80a7cb2f6a7bd4063f3c090ba27f5092028c836c45b58
BLSRADD4	0	1	f4c79bae64271158a1456b77477846b5c40ce87b228f287f9f02d43723bb0f08
BLSRADDP	0	1	c9a36cdea8e4a928cb1806d09235ca74a4b1390be60f09b50c7cfa208907cd8e
BLSRADDR	0	1	3125d07ba46b58b8c2a74d1e30d3a240217eeae2442e66b756222078f70ee4de
BLSRADDS	0	1	9202b0b77831e88a7c36724d1a556c0fc64948642759594fe2f0112655797f20
BLSRADDT	0	1	ddec26f969611ea442aa7b27b6810ed9d20ed766a2952ca79c2a58b12832c5e1
BLSRADDU	0	1	86a68af039d82823b91d65df8939b4347cb9dfbb6fe95647434c19887d5546fb
BLSRASCX	0	1	f3da3edcae8ce9a5197059ffe3f062faa5302bff78c9340b78ff98e720c358c5
BLSRASM7	0	1	98d51e90cd5a53c5ba677647726391c1267a5b4325070458b46506bffa085023
BLSRCOCL	0	1	a5c1e03117862849fc4132c1b673efa11bc1d281100ebdf12c1cd85c14abcc4b
BLSRCOHD	0	1	cb64a86f3f8c51cbdbcf60c96e624f124eb652ce971fc26fe53345d5646afe78
BLSRCOIN	0	1	b450e2e2076c2bf81281a47d063a577bb2565cfdd9948060b1d5e574aa83423d
BLSRCOMK	0	1	9ad1fbd6fe5a2392259477f468f28cc36b32dbd27debdd599e8e035a4bb8d2bd
BLSRCOMP	8	1	3a7828a9d7ed48aa4ae596da5bdd8221f4b4bf02f85c607744c17d688b462cbb
BLSRCOPY	0	1	244fd8d51d55366b5ca890cc8b2824d1ce61bd1192bac379042d6e54ffd72ec6
BLSRCOTA	0	1	93322b001f0a3d4ecff72043974fb4c27bacac7f20eca3fa681d63c776e7e650
BLSRDUAL	0	1	8d14b38bf979c914ec6479e58f382e8c1ad879022c81cec271b0c5f49d58980b
BLSRDUCC	0	1	900cd145818b41a8b4c179b1d3359afbbb5b384e4734624a3b730c7bdf4e913a
BLSRDUCK	0	1	dc746ed573046a07300133c6bbf7f20baef0a22bd0eeafe595e91b3b58a0b502
BLSRDUCL	0	1	08b329026ee089296a2e918bb397398b3ab579d4ad6fb78fd6d0f3c8dc5b5f52
BLSRDUDE	8	1	600162e44b5f56144c403f5152f9bb419e52b4da0d1fa5d4292269e1628d4b51
BLSRDUDR	12	1	daa217baefc758393f6406d1aa476a501e08491c682b741522a43f717d008fed
BLSRDUIC	0	1	b32c785cb55518074e85e842b065e5c10c9a8fae107a4be8bf9357e774b7713b
BLSRDUIH	0	1	2d63719053ec29d4869b628423305bdd7450e031bd6262de4f73e41259c3e4bd
BLSRDUIN	0	1	487670fa860e9eaa1017298d78f9fd68c62bfd5efef1c51d793fbcca4ef3a948
BLSRDUIS	0	1	08e8126422c314278ecf5c0c36d94f25061e23cfbfe31af0fabff7dec90a2f01
BLSRDULS	12	1	d0d76f4940de472bef4f726e18db598a04a481f0951ca313c8981b9e0bf63594
BLSRDUOP	0	1	e3f13fdd79c3f591694d30fdb3c605b89851600289dbb1dd3755255418357b4a
BLSRDUSC	0	1	295132fb23168a71a6650eeb77ddcea4a46a0ee015962144d658985ef5e57caf
BLSRENQK	8	1	89239a67b82a767a8490d53d8b3a4e24dc3abb5e7d3fc71901d39b3bb49cb7ca
BLSREQU	8	1	b11b3be1b0c5b20cf5bbc356045a8b1b2a0b1c758dac866f4586ebe75000a819
BLSRESAR	12	1	e84e41c703349a85fd4a45de88ae49cb132c548437fa635dcdaa67fc0c49774b
BLSRESCK	0	1	5a0402930a2fc26937702d87f241ce982176ea210925f967014760a22c2fab94
BLSRESDR	12	1	889de6027ce406ebf5a8ee940cbc884acc78b59a84ff65a9797e13dcb1f46550
BLSRESGC	12	1	d4fb5ad69b5cc117ddc449c0de811cb432907e39a115254958bb1c1612fb3c5b
BLSRESGE	0	1	74509670879f10638056aecec0dbb3e0dafccf7a9deae3f171f12bab9bf6fa44
BLSRESGQ	0	1	ce2bb239d71f61c6606740b88bebda4ee605c510de95ead2488c7ce1c84503ed
BLSRESGU	0	1	1751c25448e55555ba8ce470db69fadb5fe086c08541dbfd134f4d28491dfa05
BLSRESPU	12	1	13f8fa3e5e4cfa4a06562e4749b50f74f68449319ec18fa06a7a082efbc21045
BLSRESRU	0	1	6755aa42b86b63cbe91b1762d8c80dc586b87d2dbc40990c02cc759cc082d212
BLSRESSA	0	1	c58b8264b44ef333ec23f8d8a6e70d08a1de082ebd68a3dae3b05b58c3883dbc
BLSREVAL	8	1	b5313f79914730eb69e19f689421d7a368676000012ba5faff81aab5b7ae7f78
BLSRFIND	8	1	1fea93484002f880e5820e839912e507cdf9492e39333c4f7f3ed4fc62bc4adb
BLSRFMOD	0	1	536f491ffb73dcb1fb1dd59283947c7962bd6aab99095478213ed644419b9373
BLSRFUCB	0	1	559d35fa38dbe82eaeb759f305e42a9c7f848428d813ea56318ea6051ae2e524
BLSRIOSK	0	1	e347b517a83c3ede0fd83659848a734cdfd4abc9ef1013f2d2760f7413007c9b
BLSRLIST	8	1	dd8bb4dd84f351baa824226526b1ede6cf21ba0dada813d2aff667e75a871e50
BLSRLSYM	12	1	c6b21829646c3d4cd94266a99f02bdff34aa2557e81220506710023bbc9f8a74
BLSRMSGA	0	1	d3215e6944be8559b7de892cbb865ae6cb5aecd517c289a2e537823c0528bb5c
BLSRMSGB	0	1	1326bb27071f5e1a7fa6bc49ca2f4f69392b78fb5fdf6e96e2e347715f55b242
BLSRMSGD	0	1	bfeb2f4dad9f8cfbd73a6c7721938d1e2644721e4c2863f97adfa7c60ad47159
BLSRPADS	0	1	aab758722a137b00db9b57bc61babf406debae09d0fb008987058ef5e4d0f69f
BLSRPHAR	12	1	a07b6cf47988765959d2c13119f42ad15ab955dbd623e3bea9bc3905cddfeb33
BLSRPHGE	12	1	05a92fca98bbfbffe07e1dbd475b44ea06586c68a08c76c1a72af4492432bd6f
BLSRRAAR	12	1	afe3700b27f033d9dab66de1d616fdc3fc0d91f9775799fdfafe9e619ee29829
BLSRRACR	0	1	080801cd3d5bcf30d4b3de7301eaaf35495a93e63de294954f9b05666885f51a
BLSRRACV	0	1	cb1b68f88b156141abdd7d223a72f8cc33e56ea8502f124c668e56f3e8002083
BLSRRAGE	12	1	e16cf68a7885ef4d36aa18d29869818173350d6a1de3bb43a8d2e37ab9342abc
BLSRRDAR	12	1	04b9cf9185117e50c8e597841324c51d98445e8c0e1a2dda4c11da6ca70058e9
BLSRRDGE	12	1	07fec15cd3640cd417c58e8e11e125d5defc0f73a8248eb87da4cafca4242afa
BLSRRDPU	12	1	c51ed68e48bc7dbd53f056bf75b00134eb4101f63596b54b111523c32426aad2
BLSRRNCH	8	1	98dbd3dd979f106f649bf40d5cc39d1ad9bc4ba361db778f6442063a77e9a122
BLSRSAAR	12	1	5652e133543368287989f0b4fa4a19ac2fc5cdf437bc03e28a194417087dd764
BLSRSADE	12	1	9880f0ba20153f09862e82a0cb1d7c6ce84e414312d6fb0a0da8e523241adc35
BLSRSAG	0	1	cc23ec878d91273fa165fbdf020f94d984f8f7ef11a66900603c4a53b60579aa
BLSRSAGC	12	1	8e8c7f33e434d696e610e9c990718eb95f0b589e20eef8b3404f8ec51e97e1ae
BLSRSAGE	0	1	6d1489b21115468898e9457b0dea08ec5095c88cdd0f7d5fadc925ef1ccb988f
BLSRSAGN	0	1	231d337fa8005dd21867d07f8f6259339bb47dbb3bd5c13845aad3fff6449b00
BLSRSAGQ	0	1	2155536110f1b75949df3adac3623c25f04b5e7abb6286d00f7ee936de94b7d4
BLSRSAGU	0	1	39b756a175a64d341930056d7f96a146b994309750f1c76211a391d55c4f6d03
BLSRSALI	12	1	468e6db1b05d0105d05b66cc69d7355c2d7835fbb62383b8fc1f7c05ec4443e8
BLSRSAPC	0	1	3854f339f3c0be496fc01dc9f55ddc7d6a6beadee4ed2ff3804559b882303d40
BLSRSAPU	12	1	c707ffdc86c0650809ab6975e00de468728d918d56809e70e11e219961f48a64
BLSRSCAN	12	1	043d120e41f7d44ddb0f2ed6a39ef3c0a97496db0e3df899121a6747a90295d6
BLSRSETD	8	1	4384ba6b21c81238915845c607df4fe2b68c06221055e0409cfbff1e8d347b4a
BLSRST00	0	1	db5dda174c47edb1075b3d5b96969aa217e547136c439e13fe83ec25045cb020
BLSRSUMM	8	1	ecef2e9abd4e35755482e8b46906b083c902d25987342d3a85a853ca9b8a1e49
BLSRSURB	0	1	ce86b073fc29d6230812e777f6ff62b0509834f236da6b355ab1acb7285c96fc
BLSRSUTC	0	1	347b499a47c7d67e37a52b5d7f5b50069a30a7c329c67bbb59a14a647fd7d958
BLSRSYRB	0	1	5cc0faf5b3b363f8e4cedc4e5e4cc2ef339f2418a35f40fb193da4e2603a8a68
BLSRTCBX	8	1	7622c3da8bad77cd4f99aabf07590c013c2c3989ce25b869e7a3d47df87af20a
BLSRVECT	0	1	8d1912bb37efb7a82ce33a3e510be7a552fd1f7cc5ee6d362e022f76f2810c06
BLSRVPAD	0	1	24a1e270a13f83b88fbccee0045d65cd6fb7858f8a79468fe92f4285f000ccee
BLSRVPAS	0	1	0ba83fdc94b5986bfa35afead12c970e0bc73b1f627023004d118a5d8cb7d9b4
BLSRVPCP	0	1	349d167e32614c0674afa31be5d4a056e30cd8e4af6edde503403dc360484286
BLSRVPTC	0	1	bbeae6ffa925a7e8d35dca06f351b5b39bd8727f0e31bcaf69752cecb30b277a
BLSRVPVS	0	1	42d1d3506f60a994bbbe8c3d51ecf0d1dc7c18f31e9d2112b09e5bea9e670011
BLSRVRBX	8	1	531a28e32fc31c00c2ed8412ec07c7b846a63f4d28fcf5b658063b4e6fd26277
BLSRVSLD	8	1	e07c0d59c60a6126a9842c0ee74aa08e1812766bd853df78a31c12e90403bc98
BLSSASCB	0	1	9de344979474e2843a922d0ceef6117098aad2e46e320757c309e1acbafac798
BLSSASMV	0	1	aaa8cbe97f2bc65a0cc65f5ae3f9236834e24facb7a12b61b1e0743de213042c
BLSSASVT	0	1	d063650ec659565844f384d484232e981bb3869b1712d04b7a16713be2a2e88f
BLSSASXB	0	1	083ed98e9dc1b403c36d80be00d82afcc88af02069b9ac55239e68e8c48abc68
BLSSCDE	0	1	ceee5b96a8b31e8129f17031ce219b0720f00d26b1015171d8a0ab735be61138
BLSSCOMM	0	1	9e387616ed4faca75ec909912e3d01422a2217d1de79223ed5c5d44f9f01da36
BLSSCSD	0	1	256d031d81265e4788099ae7ebde4b0d2450b2a65272c6abba7fb4e69ceb5268
BLSSCVT	0	1	b7179f0f67a89a3eccaeb9550092ef7c2809515a8ccd3a3c4dc2f3fc5a5cddb3
BLSSCVT2	0	1	29063420ea22c040c7efbe3d18c622ffdcb3983b1f6f01eb828aff39db7b0ab1
BLSSIOC	0	1	c0a902664e59d1e593356a0e9b9cb74e87996b265106fd3900cf249687ddcd3d
BLSSIOX	0	1	9bd992e78debcc338de7931f64d6f292b9aa79f98c63a584680a68662f4e8f87
BLSSLCCA	0	1	763e659b21d65783f715793ead1e5a304484935c55ca7de55e711bc6bcbf866e
BLSSLCCV	0	1	4e6358d92f6af3f9c7c2a9033ec89861bac5f313043657216a4444f56bc0646c
BLSSLLPA	0	1	8a4338c697840032e4618d65bb55b335cca8ba37bf92ce8121c4c3402fddc2ca
BLSSLPDE	0	1	cc69f236a687c3f755295ef57b52f19a97e9379bed55897340a0e752813a5a50
BLSSPCCA	0	1	7414367dd870668783a49288cddfe8996949fced0bdf88b5a2aaf8fb760e4fbe
BLSSPCCV	0	1	1dfb096adc3e8de49dabf810439c6989298b20570dd9b463a61fae9c10574a82
BLSSPFT	0	1	b7bcb2c5e7fc5b5e0f8e4b2cb68078100e80eebd7fb958e061a5b9e011d6dfbe
BLSSPGTE	0	1	7a296bf8c0de546b1089a3a4197eb6e26ded7d73ad2b39e471463a421f9cfdf3
BLSSPRIV	0	1	6a223e9fb50d450b58e381e19e90660d33cdcf7b1acb7682bc597010583a39bf
BLSSPSA	0	1	d59a662f60200b6dae8d952e2a46799bc5a5a02f6d84fd8b072d2dda79734bef
BLSSPVT	0	1	cf2f43ad6dec9f8491bd581cfbeb5955af0a0d5dfdae66cd5ae63b1a9b5f284a
BLSSSGTE	0	1	97b67f6f825889b1c6948ac10016a975aac7194bddd7b70b22b090ab94ee6d31
BLSSTCB	0	1	ac4e7dc3f84d5353bce91f7f796afd9c661b887b924a9a0a2487148ce0cf3ecf
BLSSUCB	0	1	4fdfd524ef8420e821585034715de8f10e4b93d9d4dbd00f4fdf23b0caa726cd
BLSSUCM	0	1	0aacd78470936b88fea371f215352f6e24012a2dcbed244f247491462ffcf388
BLSSXTLS	0	1	b273ef89e773d19cb0a9b3c4bdcef4850a1de2f483256173a9267acd8dd0650a
BLST01	0	1	aa2878679b43e09312e364f74f3170179a015f1f5e532983324320c9bc454234
BLST02	0	1	d154ce1ceab3663bb34d59aa20823d864815a0c0774f0b23a6c6beff365e0bd2
BLST03	0	1	95885c99ace3700b86e44f09d8b8a9c929b37b848d02145fff3918fb5bb00edc
BLST04	0	1	540505e2930bd1976c1914ab0a288a10ceb75ae7c4748ac2ae089f6dd65695b0
BLST04A	0	1	aab57082b397d280a104adefb70012fa85ab8d31e05779e3d077072c92014b4b
BLST04BS	0	1	fa19cdce5c0b106d4e63c9c12ea29ccf5745fa47db546f3bf90a4ffe3019271b
BLST04CV	0	1	242c5b9020763881db15931ec5246c3a4dfe2480d69248aaeb881646c30f03f6
BLST05	0	1	347e7e70809a961bb369a499b5b93129437c8bd0c73f7f3faa7f7c39238bff82
BLST06	0	1	7081b0bea98e6e359902a9fb85df8c1b9c6ed86c169a61362758e0c43a74abfb
BLST08	0	1	827b7589529871754c323927b64d83077c3876a66f96018e424e7e545a9f1718
BLSTB	0	1	3e90bb8b3146126f93670ef8141b6706bfda90a035d45656814adb048f36968a
BLSTB4	0	1	7e5c97d135cafa46f4e045ec2b4579cfa0699c1f86b5ee0ff7b41096552f7731
BLSTB5	0	1	ce937ea0f77bce51652f4b2dfcdafe4a570a73c0fc9c79d7c9eb57b08e2c41b2
BLSTC	0	1	44765b5c878afd4e8d40669eb2808d39fa16f3ba8152a6bc079cdcfac12bc59c
BLSTF	0	1	8cef880da8bf779eea5c5ea45d7e9eabe3b46b40c7da22417870759e60a3387a
BLSTM	0	1	ad455f65ea508a5e622e4fbff2d65fb5e890b59722446b25657af8c22e70ecba
BLSTM4	0	1	5fb85de733f91d548bc60ba8965f7e5378159b7f31a9295fa6b3969533badfba
BLSTM5	0	1	66a2968a76ddaa409718c658957ddaf5232f6428887e877fdc28780d335bade3
BLSTR	0	1	0faf9037428f560997beb9b72bd1c65a931bcb51bfa81ba3ceb3f3576260a436
BLSTU	0	1	6493c8c3da024a4905affec45c9eeb96044ba42795824ec0b0bec0e5cc4594ab
BLSTU4	0	1	368050f6a9b17f2b1ada4987cfdce682bb07687ff48bdbe5a7d48f67fc2374bb
BLSTU5	0	1	c8365bafa316a1245d631c5aaa03daac1e22bcbdffacba28084ddfed57dca46b
BLSTY	0	1	66388ddbdfacf02745e893a430d0f84c34c84b01cc7fffcdb409183270fd0a11
BLSU	0	1	23653df79f05d1ca92f9ec4a13dc396f2a92319de5e5f7996986b95a8d9df861
BLSUALLO	0	1	86c991c3f869fb4aaafd23e8bd3f6705239efea35047397b115668b4b9f29aa6
BLSUBLDD	0	1	f928fe83e7998c4f7b5ebbb69ee4bbfcacd1cac6eeb7947bf6a6cee79fd23e58
BLSUBLDL	0	1	ead8d7f989ef44624596abf6bd96eb8de1b39888132a38c3a2b6888e57d2225a
BLSUDYNA	0	1	bf58c9236ec9981c35f6bc7190e96978a2efee05470c87eec09f3efa38b0f619
BLSUGWDM	0	1	0ce2ca5216e9f64c64164cc6f98c06555c08d2fd9cf2bb97495abe962bec161c
BLSUHELP	8	1	884f63335622443a3fa0a9f15e8d456e5259f6fd4812a83cc616f8d2aaac256c
BLSUINI1	8	1	68bfaf3480b39e9f561f354d65d1aa8a21ec92dcdd5ded30d0b5a26a4194ef3b
BLSUINI2	0	1	dd02cccd8d111fad1fc17df6fb4eb939e5ae956f95f5f7bedc5074d4927f8b06
BLSUIT01	0	1	dc22a0bc6a942503861dad2abc62fd9e6badec27b4288959043447198433558f
BLSUIT02	0	1	30f2e83852808bda767e61e41770c56f4606503b56344e8726557de060911956
BLSUIT03	0	1	0084706f78595313f652cfb7b59821e52b0b9f3eff36ab7215f567c3c24ecc7e
BLSUMON	0	1	763a1f86efcc3c01c340429f83a42d3708b98954c2c369fecde4db58fb81410b
BLSUMON2	0	1	4f3ff73d6a051916d842646688d1c4f1bc6e53bc7686285d78ca6b5f61ba9659
BLSUMONA	0	1	27cb053ca1b356d22787556957506fceb2a84078ec0c1ed661e162289f21077c
BLSUMONC	0	1	7f78a6179bdf9e473b9da3c60e7d47d25866b9c1ac2daf4a1a761515e6f9fcc0
BLSUMOND	0	1	8367994003452b26dac983357e34fbfa1143f1190ea0dbb86f1dd98cb7e46838
BLSUMONI	0	1	80db086a4042354ec1857cc25041cc5544eb278918ecd090813f848735798be2
BLSUMONL	0	1	cb90bff5d8a3da26b6c819fb5d4e1a9e5f4466d0270408c7d808275c396f8615
BLSUMONT	0	1	3185afa877ed28863f2f7f0dadacf43f1b323e556221b8e66191fe7213898ba4
BLSUMONX	0	1	f69a71b5da0379263301f8512fb3aabd39d8d0d8ffd9f96a32a55548d3daf66a
BLSUMPK1	0	1	860f898018c93c8004f9c4a478b5d65aafebe4cab39e761e18ed200ba307a343
BLSUMPKN	0	1	d2ccfc4bbf3a34c590adb78b92cd19db9dbfafc8417764cb2450dc98902d2a84
BLSUMTOD	0	1	07235cedb5bab9336bd41c4e46bdd6fb61e36b14857121c507724fd1fb2c3ee5
BLSUNOTE	8	1	39426362e93f7473f1f3c99a940092e69ca31ef14c3b58c1169fb421a625fdea
BLSUPARI	0	1	e393c4a17918016327c823cd61a09ef301e4edcb943cd844931442a856cdda45
BLSUPARU	0	1	423494f7933d863e7db79ea34952e857cf0712a127107a5a6bae680c5e917f0f
BLSUPGMC	0	1	3a706add945dfcb884c30f25e40f653a57262c5d833a4cb4689c13a21ff2d6c7
BLSUPGMD	0	1	6c441ba8edc8c0dd54779eac6b0abb34a49eb395410b3e20bc3ed3e68045c7ea
BLSUPGML	0	1	541246209212a7cf71767814e70062448d6af8e18f6d4b818fa6cbcaaffbe82e
BLSUPGMR	0	1	2b5e0cf07bdeae0511ab49648cf6b0cd04202d666d19eb1ae2c63a17b6bd0672
BLSUPRCL	0	1	153f0378f11c4a48f7e959442ac66b4174e589d0ce2942a497dad8bc3f3d2c33
BLSUPROP	0	1	3ea69effc18bed6b50a339af02236f71b13cf2156fab9d931b702d4c00c95c59
BLSUPRTA	0	1	6ce6f83159c18875a720a6cc4bb86332255c7ededd76235c4a3223dcdced50a4
BLSUPRTN	0	1	8e01d07a0392db137b091ffd36352e97f5b5d5316d6b96dc3c066653c68be584
BLSUPRTT	0	1	3ad005bc8dd944689a32bf1560884ac0bca3a7703345672a0f092f48650bf0e0
BLSUPUT	8	1	6ad2a9c0efd602d82ee7254994c2236c41d1d67d429f99526d92b677a16c5ddf
BLSUPUTA	0	1	924814404b17abe1a814e3235fce4fb69fceee5fcc5292b4c5eb9575b31e239d
BLSUPUTC	0	1	1cc513c582909c7d8294ba0eb53963cb99f580f29a3b2dac69589d8ca2ea64d0
BLSUPUTD	0	1	aed457f81628719da69f7c167a805794684a7ec95c4a1a90f9033afa64ba2783
BLSUPUTN	0	1	4779cf032296fdb24989b414717d4d5686a9d2aaa218ce9b546a575c60b3f609
BLSUPUTO	0	1	83ba7527755ce6e8313f0f78a70f1491011b5ae0aae454b0d7270efe1cb4c75f
BLSUPUTT	0	1	da299f3a6704b42844acadcc4f4b8f24e12c9fb962fb2e1403a09b5178857d4a
BLSUPUTV	0	1	521f0a1c96fda18304881c57b557299f8c492225b836547634d9e686883a319b
BLSUSTAE	0	1	ce27d1cc862c071fe9ee1736848cb042df47eb24d21f1c4935465cbd9caa611e
BLSUSTAI	0	1	979f9eba59f7addfa285f0437b583b5b141d99842759f7344df3c6a9b6406472
BLSUTRMA	0	1	940875d47885a1760358700bc8ba035b94b5f9485c5205ae8c6eaba7ede53844
BLSUTRMN	0	1	cdb996a4c96b6fbaba622b78da2f62c0eea14ecbda78ed76299e4d4f767d1d09
BLSUTRMO	0	1	c034efc60b428d1f328546be4f6be96ec725f8591b242a1ff5236f441d8d2d41
BLSUTRMV	0	1	c952f5e3ae13f5710871366da3f69616497606c9e0e1eeb4a196248dfb6e5d72
BLSUTSO	0	1	c172d441d29b1375626ec6f237ba5df1bb5d4ccedf9d34aa017b7892a715bbb7
BLSUVECT	0	1	5eb73d651534838814cfbfbcd7fe7b48cea8c528e71db414fc83e30183c91b86
BLSUVP21	0	1	966f0502007f33a6b033d5fdb7a07ed58338f06da8fd131227baf166f69ba419
BLSUVP31	0	1	77626d9737a2c3424328a8f407eee3df670d2003eb31740882ba6e25a155536c
BLSUVP32	0	1	c4b74142f468054423d7f4c4bc28ba6a3de06de1ef10ea964e0b29610a4e9973
BLSUVP99	0	1	74ed0e6dd6051697cff4a96341cb2c705faea6c482d689e040e6dfef3122b5e0
BLSUVPVA	0	1	f07e2a584eeffe1938530810db8b2f42453db9ec2d39edc2128f6e8e2ed433db
BLSUVPX1	0	1	8e15ca7d8c39d1fbb15a18f72f49481992595d89f0591cf40cced6c98f4c1422
BLSUVSAR	12	1	10b7e2a9749ce9cd57f178051f0bd5e267c0a574a4af55af31267f7072d2e755
BLSUVSCL	0	1	132f57b389db97678a71bd6bb74f7467f8599d361d3e59b527e60339476796b9
BLSUVSCR	0	1	c080459a54cad74a9b54d32b77b18ae99c627609e05e478820d0f1042d767bbe
BLSUVSEN	0	1	8b347425a3da347360f2b2b50e39b4c9685e3d9e29dd1d750ec53c763892efe5
BLSUVSER	0	1	2a6953f84f683126a32b4264eb5dca2922ae763e59949290d4055525e54fa1fc
BLSUVSGE	0	1	08ccd2d724baf803e75d778e16eca815bd3dad74b6a446e619028d5c642656af
BLSUVSGU	0	1	00e129360cdfaf0ca7ea34428c1a9e418bedfeca60cd945ba9fb15810b03a480
BLSUVSMR	0	1	1ce6b7a156248c659cd10650aa2a9e9ab8342a64027ed42d73d8bfb939fded40
BLSUVSOP	0	1	382dd72b6df4f59404bf86d1155e39357bb0d0e6e6d39079616fcc6cdcb74947
BLSUVSOQ	0	1	e7f8e82779fc5c22f69dfb91304dcda625e52539cb0861d5c2ca595574ea683e
BLSUVSPO	0	1	18280ec8198c3db8d6f79e35f1fcf0e2969ada345b187a71167d1a81a3346617
BLSUVSPU	0	1	adfde9534d48dfaeff02789e36dbf7fa12079bff1edf081ccd2dcbf6da5880da
BLSUZZ2C	0	1	f324200bb2542f18cf6c1351c34b22889686024b7027464ce73c3d133dd692e8
BLSUZZ2D	0	1	7acf7dd2583582c0b72d462e6e16689c593bd2af7db217badbe69aa082158b0e
BLSUZZ2R	0	1	543b2fc8372acf499b646e7975189e37aa866d539d28edb52a8be03267760064
BLSVASCB	8	1	dd32f09cdaf2de9df3b5b8eea1608ea58d581983fc312be1bb149d5aa860cd76
BLSVASVT	0	1	829c4319e1017dc1412e7739dba66de758d85d747198551c53e60f3f600f0d23
BLSVASXB	8	1	29f1e73234e1c4827116d6198e78c3c9aec371b94052edec7a066190fd1aa8b4
BLSVCDE	0	1	f750e9d8e7226807e26f741e3a0c9ea0329ddc4011b7d3cecded2d0ffc433dcd
BLSVCVT	8	1	50c6a5c23999120344cca176a255c55b8cd454fcc7d0e79091548c648dddac03
BLSVCVT2	0	1	ce946b03e84af4e97d87a52f4b0b6165947ca401ea06fd3b5a269caeeb0b499a
BLSVIOC	0	1	2793e90c20523529dff75a8e20ea6105619de423e9940f332e6073e3ce8ae0e5
BLSVIOX	0	1	d67831bf7eb7bb2448155ed70ad9f5be59a6c213378ef60cd15c0683eed383ba
BLSVLCCA	8	1	a75a4ee61f0031d579425e08e202456e6eb6aeaf0213684ad1623e99b5c0e6fb
BLSVLCCV	0	1	fd3be1195d3271221385371678e64de81fd804929e69887b3bab1de67570fc62
BLSVLPDE	0	1	0607acae078d6aa1140f560946c1384cbe5322ca76c7cf50ff50b4477740e191
BLSVPCCA	8	1	e5fadbef64ce98a7196b6ce7af49ff59a40ac3f15fef6d29a200a91a0d05d582
BLSVPCCV	0	1	2bde44a408a3f21e34fa293a428bc9ac5f338e7eb4c3794eaf388ec28f06841c
BLSVPGTE	0	1	372dbca31348f42bab6696f908929c63dc00e2c4c01c672be5f42b139738e5c2
BLSVPSA	8	1	ff6831250e5333c98cc2c606b1d0a3d8674168790a85d3e528e045f91119addf
BLSVPVT	8	1	59c7cc3dfc4b94fdd6a6be3dc95a67cdba4fb210e8b7389e0c4193c8a5795b1e
BLSVQCBA	0	1	12c552d7527deb0e229a8ef3cb157f7a4b832086e2f51d621609b89d18db1b84
BLSVQCBB	0	1	d51af61330a7bccb3d0b50a963ae4bfc471b77f47c7cde515b6103e44ebf4628
BLSVQEL	0	1	8eec7bbc09d1216c37c6fa5c6b97820b9deef37aa698c9090fb156a5d42d8bad
BLSVRB	8	1	64b47331e485ba16f6f00ba75fdc1e1ee650f08d4f2266f20af06cd8a10c7c9e
BLSVSGTE	0	1	b1b4f5ec6cb7e5ac39b141c624e321dcccd180aa0bea47a01fcc088bf4262756
BLSVTCB	8	1	60070c5497c58c2d6aa9660193588013688d9932d255f179fce1c816450a34f0
BLSVUCB	8	1	40c82d5c0f6d58c07eca41e49107f64754c17fef308844e2e505502d615a9628
BLSVXTLS	0	1	3ce15d62e73334063a85d45a5d7e1b839ecd669e8426af949a3dd8319f971639
BNGC3270	8	1	983e01d5a6457e350f16470b6243c2541ed16e99f369e0ab8469863b1e67dfe2
BNGCDISP	8	1	da5a274b3a57ecd8056bae3643e61eaa58b9a9c08f87d5ac6125fac587211cc9
BNGCLOCL	8	1	db2d72a9cf4e18df66199d06b81f343558e2334c2215f21af31b5ae4221f6527
BNGCMENU	8	1	d358b33cba67b243ef834d21a1322e62f3c2d97b9f380800db5e8050df50a87f
BNGCRMOT	8	1	d49cf132ddf77cfc642e42143520c5f4ea16766f5f63c1dcb496437131dd5d12
BNGI3270	8	1	cb994c08feb31e0f0f4d645ffe63408f3ee5dec1ab7971998cd8f5a58e3f2732
BNGIDISP	8	1	6ecfcff6cbf8db41fcaa1f72b336776f03041bc8c89b75fa4fcb3ae2368301ea
BNGIEXIT	8	1	a2a02171999a6933ea6db3e05d2b930a4f729dbad42671070cc2fb525c6edbdb
BNGILOCL	0	1	e6f955a1aa9f7f3bde7d5b1915b99d7edc6ad5d606fec076d618f07b13b38111
BNGIMENU	0	1	f514dfe6e7cdeec7a85ba807f91f9c8c46669a5db0af30929a8ec9a549080a20
BNGIPCBX	0	1	7db73be69418d4886c25fe94342fa686fc983da201aeacd3fd660df3e403ffa9
BNGIREAD	0	1	77bd3ad860fbcb920bdc42d9407fa0964b3ce21de4447b9cdb69daa415d0c79d
BNGIRMOT	0	1	d43728336491a18e207a960899468deab7a1ebc08ed5ab579803209719953f2b
BNGISIMS	0	1	b613143900b447926503c5c680fc0e5b7aeb41dd44c6ac3514bc7a3ff2513318
BNGLOGR2	8	1	defd37a8d9102a2567c6f27bc04d3d0186a1211c27fa787cf5befde7e1924b1b
BNGT3270	8	1	27f4273d70874a18fedae16991c4efa86ed63465b2ad631c63d8950864a48e20
BNGTDISP	8	1	f28b54a94538d09dd42901fbef2de4377a33f28f0a44082408c170ceb36907a7
BNGTLOCL	0	1	ee68779ab4b20323d0b268b43f46565c68c6b275dabe289bb4d5c7c4b5801e1b
BNGTMENU	0	1	92fa99abb96b719d2c240a6b4fe51165c39fa14072e56b4d52968e27c04bbe89
BNGTQEMA	0	1	320fa2132fe374b3028a7ec3c5d8fb2b64bffcacdd2b1c4478ddb4a649dc7a6b
BNGTQEMF	0	1	ab729665a629c05e1469565b773ad16125038007983a22e2cc0c8f59bea8d25f
BNGTRMOT	0	1	f62c90a00cf9368b9631c0dadd39363f9655ee286edbb2e9a17a0e207366da42
ESRTABLE	0	1	9d1b8813ba163877083cb4097d521741fa845d7adb118cc11bc5755e64fe2249
FCB3STD3	0	1	080608d249a17595dc2917363f6d890e6edd0619ed3f40d85e17986d017073ee
GENRMT	0	1	a629a1b413c6e8fd4a5b33788adf5dd04489c212ef304737f89ea824e5b12306
GRAF	0	1	50e096c64924dcff14b30fe8aabc545ee6d481315f9c3ac9e472b4a9ab13e701
HEWLDIDY	0	1	4cae048dbf106b690f1ffa8a60729b490461a0b95bbd4a86ebab6a15bce9064a
HEWLDIOC	142	0	-
HEWLDLIB	0	1	0e78ff2752b91a462833c75122211705a270c556ad53547ebb15cb570aa2bbd5
HEWLDREL	0	1	684fe1259b3f07506646d4d81e7c2a1ceb519eb2750b99247260b21b20dae1f2
HEWLDRGO	8	1	5009e991ac4ad3a66985ca56433791b8202b5c934d47e884ca770a3957e348af
HEWLFADA	0	1	321a72ca1b4843f65aac89427dbb238455c95d41b673b181ba0666505d31b123
HEWLFAPT	0	1	d5a57295af82c9a830edbc7aa436a59bfe843463b00162b023fdd263eaff9cef
HEWLFBTP	8	1	39db80a1c395023f64cbd72d4e78cbc8a974ae74711233cfb15b9eaf0f2b1c8f
HEWLFEND	0	1	15233994bcb81603ef1dec328ac1d41ad45133dfec6c75e4ed920b0b7aba0420
HEWLFENS	0	1	fab588c7e6410cf0a3927cc502f26c99096a282600fda7d6ece9c45cf0fe4dfb
HEWLFENT	0	1	1d16b5f573fa6cdeb8526e477e319adc1fd3501e37b4ee4da6ba6f0b63b0659f
HEWLFESD	0	1	3518576ff6a3ae5a09324318b3285db598127025533ad6bca7a41d2a01ba1b53
HEWLFFNL	0	1	c2648896030625fc86d5f58d0edbcbbaad5b36206eccb600eb43acc0ee260738
HEWLFIDR	0	1	3619f189c1d931d49b93e34d484502427dd8231ea5cf7efe8929e02cf185e156
HEWLFINC	0	1	565d71acc055dbdb7bf3d70fbe0ed628e9bd5bc420f18021b3977a62dc063717
HEWLFINP	0	1	6382fd7fd1037ef678ba9c5cacffda784f8e19795f3ba5428403539ac983a05c
HEWLFINT	0	1	f2a49f44e4545b2803f30a0ac32b021e5415a5f1972c6c788900a9c914bad718
HEWLFMAP	0	1	6b269862a60176030a1998e24028f1325a0250831ecd272a13c8c8f88d5cb81f
HEWLFOPT	0	1	f5c28bae323202037b75538eb73d6922f722d93869e841fc814dc933bbaa65c5
HEWLFOUT	0	1	1ab2beb20bbd20620b5a18c0c6ab7ab33c2b010fc3fcaafc66fdfc22b660af99
HEWLFRAT	0	1	bd7f7df30083f124e81fa3ef24c7768728475e62721d6bad031d9e114ae8c224
HEWLFRCG	0	1	05f56dc7f29e06c0065b55c8fb83b756a0d4ffa0f5e1929d6848c7fc2776d224
HEWLFREL	0	1	92429f3f0c4d618d158162e2b5f30cc55fd42a6de4f8d7ac31223d181f752dfc
HEWLFROU	0	1	ab8e253f37e37431b9accbaee0948957c9eff4b4e1f7aa664875934062689c7a
HEWLFSCD	0	1	7111268b540888b7fcccaaac583a9a9e6ba6998e3592e8ade0006badd6613308
HEWLFSCN	8	1	8df97c0cb8224b30b4c5098873edc68e3d0833da36b21d244429bbd8efec0f1b
HEWLFSYM	0	1	080e410978fa44ee7663cb18d6648ffc72624e5a1efe46e93ba4bd425063ce5a
HMASMAAR	0	1	9233bfb8100ad48cb35318ad3c7b37d37b00144806a2f9f9c9f8eb6f9bfb57f8
HMASMADD	0	1	f71eab8ee6858afbc28098a585eef4032310c8ebb38ee7e1170ed8bbe182c341
HMASMALC	8	1	69e51ef1d083b9b169eec923fcc2bb1df8aaad43536e1d4b86dbbd66e7e9c3cc
HMASMAR1	0	1	46516558ba3ca7ece6e6864b5acb1d33d0b2981af807775f01978428fc0ef42f
HMASMAR2	0	1	9d9ad719d034edb9d4d24dc74a904daef919b869dc122f9b2fc1e180febcc074
HMASMAR3	0	1	05d3e77f85d8ab4935d48c98379933abc532fa7e181cb796fff45428cd198327
HMASMAR4	0	1	03fe7668aaee52135f3ca08c9900aa59029d8eeced1631aa9bb4dae8bd2e0546
HMASMARL	0	1	31d053992f334e3a881e4b26cd545e8ee9ce5f52a96cd07ecedc85038bf55344
HMASMASI	8	1	2dd262a34ab979c843c203c6887655db0edc0b5617c6e1d0e891303a3e37f1fe
HMASMASM	0	1	54bbbc220554d1247b900e1d28f5fa06a02edfe12479ec6bf7870cc845f7136a
HMASMBDL	8	1	0272fb1ee6f0a3f14d060adf1f8bbd2c569af08ea2c97487cb2016c821429af1
HMASMBUE	0	1	4ad0834dcd5b2785e124e9b64493e3650be653c12de8268dfb30f273a55ce511
HMASMBUR	0	1	5dbb437312383a86d024f8b6a11a7dd9efbac797121a9e227e7929c4ff9b998d
HMASMCIL	0	1	6dbc85ac1e384e1c09708d1004fe6df05ace33de34c14557335704dc7dfa06ae
HMASMCMP	0	1	da3f8e07f93f63f068fc641722898870c4e8acb0a4be6e627dc4b15192a36c4d
HMASMCOM	0	1	89c8d13087dd5efa83bf568eb68809276422a746df102215bb219d9120841fc5
HMASMCP2	0	1	d2c3a6ac6434c5f57235162297ef827ca9be9f485a0363fe407a26a14f55d774
HMASMCPI	8	1	3fd8a6f1c2f51b3e64d44473d48abdf7f7cbb61534568c405918d3f66faa50f5
HMASMCPL	0	1	a6eba4e39747ecd1040be298b49b99b5c3d5d7fef8ab6ac696f8c8f10d2ef1ab
HMASMCPY	0	1	b57209d127f35b204b84f330f465c083152c3fe75b650aee2e7ee6c83b066d8f
HMASMCRD	0	1	879e1d1e53ee4f0489a0bfd02213b5a59197a021d703a42597dd78a8db34dd7c
HMASMCRW	0	1	68a92c6846e4039a36a17ae89dd0c72f3689b811f94720f5e9fa1d89416e33c4
HMASMDC1	0	1	088eca33e2bdfc5e26ae93c7d10dc0fd8d2610b9554b5124831181f46941dd8d
HMASMDC2	0	1	0d8d106b6296086ff1dae3414dbd1ea4eeee990cbb550a96095f7b75eb9e8cf4
HMASMDLE	0	1	2f30458961e81e4eaa8fb7ed1272577a80e2396f31e01eeb8958d1306957c7ee
HMASMDR1	0	1	46ab814b1e8c159168db8af3dd19e22caf54603d0531c68f3cca8e774c20a276
HMASMDR2	0	1	32c59d9b0609215b2a10eafc7d543ab2e070f5e40fd1cd3759f57e77e90a538f
HMASMDRV	8	1	e09b4a5d5c666a9a94a6ced10bc4b56705dc5a716b301b9daaf4c29dbec8966e
HMASMDS1	0	1	d21419d7bfaff9f9b60d095b357aa1c4fe87400a4a95bc24a9681318f0bbf02b
HMASMDSU	8	1	1f5bb2e5fb27cbf1a745d7d501d911cf124ec01f590183a32231eef936e6a79e
HMASMEFR	0	1	67e15cb6ece203ad1df86d8cc3348443c64a8ad58abab138a762d16cdccc18fd
HMASMEIS	0	1	4bda74be04d5fc350551348f6823750dc6eca0e8cf60c105f11fc952a7b8cead
HMASMFPT	0	1	fdc8679945b7bb28ae9af65cebc0a340b25f0a545d2b316b165fdead2dc5c11a
HMASMFVL	0	1	a857eeb49471ee11810e74ea215c071b21fd899ce4239601b27fc95bde04c4a0
HMASMFXF	0	1	f6b9787394b6e1eafef34d7fbeb51c82892708bc3ef20965ada780a7cdf0c711
HMASMGTA	0	1	7c8895df3fbaff094e66a7fe9a68b96976dbfdb458b3d0e23d35bb7fc0effdff
HMASMIDU	0	1	08e9569c1edccd45f57c6174d23d4f0bd2c56742a565a62c5d6d479c4e3d0ff4
HMASMIO	8	1	baf40631377074da22772cebaf548453e9dc8f8d2f18c1ded26d6b7edb22d157
HMASMIO1	0	1	99ac8cb38f214905adc0acfeb87db337a3a3ebbc2d596bcb2f64660395acf712
HMASMION	0	1	165b5effeb723510011292dd73d867fcb5b4a7883985012866c705955705aaed
HMASMLC1	0	1	8d0b72001b27d2916070a0056630f529a3b16a2a9de4dd90b07658bd3aa96f2d
HMASMLCC	0	1	e0f88031aaeea8946e93f811ec684249eeeca83dfe573872576d2ac26eefaac3
HMASMLCD	0	1	ef3510d8e0885259b24d4a843715bc518885bfce74c3a8eceb04adcd7a37a31d
HMASMLCP	0	1	1b00351003dcf58a3389e010ddceefd44966b899007ebad7320829f68bea43d0
HMASMLID	0	1	abe5cc7707ad2bbfe6d6c81f5dc1580732b5b51869d6aa3d9062174bdbe71747
HMASMLKD	0	1	e0ff355747cb0b25a4972a1585e370fb0f1d05399bbeabd74559fa9a66a97f73
HMASMLKI	8	1	b0c3cc45bf3ca19270299d11091bba07818098792a62f490ac7b16a91bb4b4f0
HMASMLOG	0	1	3972106cc9b11ce4c896117763684eec7b5b4735028f76212957aa3d271837fd
HMASMMDR	0	1	be937a017e55af9d8419e8e40ad8aa9916c07efcfd3cdeaf446dec757ff03b54
HMASMMPA	0	1	58fd2cc78cf3c9ff595716fd1e9071e6b595fae197dbd8b176627de49b0a1396
HMASMMPD	0	1	0177044c123ecae6b652e68a94e40404e602bc71176fa67e85cf4f8defa42560
HMASMMPE	0	1	eed399f445e71c32e50e86f863aecca83f2813af27441b1fe376295830140084
HMASMMPH	0	1	3990229df988b92c6b84d20e74a7b482f6634eaae0271743605413e22c8bd3e0
HMASMMPI	0	1	7569ec1c7a0d28ec7605a822bb3dc8137cbb93efe928eb8ea1a59c13b3d03ce4
HMASMMPL	0	1	1ad41638d3740dc3de8ba71b2894f83644d136922c6549bfe82e2fc03ed07e85
HMASMMPV	0	1	4df4b2a2df5a7eb3e87d59c898436c8801aab14cc9c408ff4bc4c0d323e50e08
HMASMMSG	0	1	4f66cbb8319e2ca885e21788d37e88255b2b6b007c06522bdb7c3bdb713cf536
HMASMPGC	0	1	c7d131ecbfe14db22b09ae301b5541a74e03dc94557de6284c3b7bed9b7abd59
HMASMPIN	0	1	1d8f340952717d0c0d605ebe3928c7626c44bc69cb0e1c0f1b8a31ebebd4d0ff
HMASMRCC	0	1	257ecb0790470db2c7759ec69217395f9743ccacf6cd1418fea2275ec14aa0e9
HMASMRCD	0	1	97b5ad22c6d6cd6e828c753d902feebb7ff34c74c1393efba2aed32d7becdcf2
HMASMRCF	0	1	29f29ce3adafa849fef6b1cf1ba91efe3155c223e5b7f708b12ac02bdadacc5d
HMASMRCL	0	1	9dd9a71751200d7740d5ea107935a286b1babeb560052e9f98640b0e72b79b06
HMASMRDS	0	1	98987190929517781046920de74e1c8e44039a95570b54388040cba7d8c14bfd
HMASMREC	0	1	b2b38487f0c576bf4858c0993c8b49d29188c8b56ce8cd34bf22e07b1d2c06d3
HMASMREJ	0	1	a30862b217d1d985f8581dfd86ed86e3bba2d4899bb183c4b7b9c0bb5898acbd
HMASMRJD	0	1	cc41e01dbcdc20aa778a68408afce4d8397d3f13365abd6a07200361ec30a5fc
HMASMSCN	0	1	91082f063a9c2cd91c8dab97bd51de1183e2532ab12c3e84a774513aa0cf5437
HMASMSEC	0	1	d21fb917f962f9c2ad7929a47bbdb57df55f093b7aef8c470d58891a99ba4e05
HMASMSER	0	1	48a484e3348ba549059a9d4ee18fb729603c8569e094eb9c2b46adbafdcf2447
HMASMSTA	0	1	998e7ab09091429111104c11d0d24e338081092cd3d7d35e81344bf15fe819a5
HMASMSUB	0	1	19d3751e04470feb2b8283dbb51c989cfa7b124074709698b2575d3da59abac0
HMASMSUP	0	1	e9af9f2f602b700e9bfdb672dad1a3f03006a401ef56c9e57d353f7e3040e7ed
HMASMTAD	0	1	dea1d9567b564e1cabbe7f82e7858a5ee17e03a5df295cb8b30b49aacec48db2
HMASMTAI	0	1	43ed85acc1202aa373f928993b6b291585bd62cd012e81a186e636ca4dab4715
HMASMTBL	0	1	9d835720d8bf1a5262c99bdf386b5354e9035e1dbb175ea9d2334d58f14e9387
HMASMTBM	0	1	cabc6ce5fdfe5598b398282631dd93c7aaa480b987cdea601085af4f300ae157
HMASMTCL	0	1	2ac9c4f23eaf8c57a40617c409948480c9959dfb20d7e107b53b9d31631b3b5d
HMASMTCR	0	1	83d1ed0636a8915b42ce94e372e82aa85892cb37b784783afb03d60dc9cb173a
HMASMTD1	0	1	f9852a1e5a229b59634567031301ed76eb894bf37a62449d5b8e28b0561b0d95
HMASMTDD	0	1	f2978c17066cd2582888ec42e1cbbdabaa3bd2b85836d77ededf652b8c7f4c61
HMASMTEC	0	1	1bd4f12f7bde88ac610f7e1841e9d9a94c2b8ccf7be22a6b8c874112ddbda496
HMASMTID	0	1	18203629ca1888544a673436fc2394d6e9984535efbcd1616680b1a127b492a8
HMASMTL1	0	1	c40e328c5898b425462053bd8b1589a8901f73ce3745e22ec516f8fa8caa0a0a
HMASMTL2	0	1	9ff4417bf99fd934571de51443602f6061ccc8b49ac9a464737fe1a2be8f3827
HMASMTL3	0	1	892c5b5bf7c0796e2ecaab235066f4eaed1b6d5226d918d9c6eb131f48f692d3
HMASMTM1	0	1	9193521931c9b20bea0e5fbb97a357820494f1f6527ba028d62fb15c9d4391a4
HMASMTM2	0	1	4c7a7801392d070a2f1585943c3bae96848f1a9869b094738bb8b5ec8fe34551
HMASMTM3	0	1	16efb0fa371af50b60c70624b7148e4f968c529fb513972da42039a18e49191f
HMASMTM4	0	1	bdb53ea7737d24e38a3bc72597ffa81c645751ed5d37c584ad1a303559412461
HMASMTMD	0	1	4e8f1d0b42c75c07c1115596868233f786e9ffbd470b4b0a107b7eb2f02ef03b
HMASMTMJ	0	1	d838cfa273a427273fe2bfc0a0cab52697f9edbf52386da91b0a139ad34221cb
HMASMTMS	0	1	2ad1900e4642b017b87e269ae5e78cc2f0fc559aa1a594423e439f4cbfb4abc7
HMASMTMW	0	1	5f7802c135ab7bce5311972cfc8eaebff506bc581f9303c7303aa2f11f7eae02
HMASMTP2	0	1	9b445c4872ffc3b993606b3e2566b28ec83952dd922c62598b7bbd548bc62030
HMASMTPA	0	1	888e4840f988bff77f04745488f2bbb1ddcf414379a55a0c5ded4ba8a8db9000
HMASMTPC	0	1	31a5d4a968d12cc613ab78027981d0627635dd8a0ca1424f4be0ebb8b2b4cb2c
HMASMTPD	0	1	3e9e9db3288b916789a80502461189de38d007db3e7b0159663bfff7c9b2e26c
HMASMTPL	0	1	2f1fa735a740956a45dec09947f8cedd289c27570b74ad3700b2144ebf4d8ce4
HMASMTPO	0	1	ffccaf361201d4a610cb2b34ab99b7ef569cc7b4c6b768c484e8598d6d75c01a
HMASMTPR	0	1	2d758852e0354428e9ca4eb1d2f176947401e03120c2c4f45678d6fae848330c
HMASMTPS	0	1	eb6fe342f04837bf3257c683086f178d95881466f7aba64b7baf4727520c8bd0
HMASMTR1	0	1	fde76acd9445fbc223948e2c3acfff7f2bc600d1d4fa8f48a8717e35e4efeec5
HMASMTRM	0	1	4174ded44774b8440b4c72e117e68ef167d865fbf9470be3aeaa898def50cc3b
HMASMTSB	0	1	33700b7b3638dd9c9c537cb2039b324a228ad9e1a28a7215c562696ba3f3bc1a
HMASMUC1	0	1	79e4c23fb535477d6b78eefea3a33d32143bfcf879aa318a848d5cdb7488a0e5
HMASMUC2	0	1	7cfdbe4ee4525316279365e77c28e343d0d01b85ff8b776dd445a20d6dd41b0f
HMASMUC3	0	1	6c641690aa6b421a398dd86e25a2d28815cd2668a4d64940a5d23150c4e73db3
HMASMUC4	0	1	7461caf5295814872b9a363e5ced1aa858697a959fa79c1a6ce1b8f6477a6c04
HMASMUCD	0	1	891fae675c335312ded4147b6ed0f82b44873b97033c7cb22810d5cfd4f510ac
HMASMULI	0	1	6d13de9e3ea81a56fc8b20aff1b7dea46f56f0c7e52341442845394c6df13865
HMASMULK	0	1	869f0b1ecd78b722477bf256194dab7f79c2b9d36a6becc63ebc8bf5aeed2785
HMASMUPD	0	1	2eb8ba9f0703f1c8006681349c23c5d10c716fcce14434f4b64c14c03534f247
HMASMUPI	8	1	e63d564060b52e431e3223d32ab4afa1868757a2cb8ff3b5e2ee0cf72b28e79d
HMASMUXC	0	1	27d5468745add3f7ab51936e37ba74abf653fd1f9e3851da6c21430c1d7e3a4d
HMASMUXD	0	1	9b89dec68ab710ab71529c6f1a1b7d1bfbdf30da04f4034f6db5032a38407b5d
HMASMVLU	0	1	6de46c90639f7793bbae5519adbe1243471565278df4352203d1710aa06a3463
HMASMXRF	0	1	43fd85a6b97d904a411249d8035c91e50889d33d5e2c1d67542ab37991e7d6b0
HMASMZAP	0	1	ddf73262ea5163ae1058141c15b74a32cb2581aa2d710c9148e06efbd952180a
HMBLKCTL	0	1	8d098dd8df64f1bcffa09b961ecbdbd68447a1ca42c8fbee02b81206b8b144b0
HMBLKERR	0	1	da6b90bed40ee005eec8d3dd0b6e10cf345d771676cfd2cecd0a8a025b89306d
HMBLKIDR	0	1	832a14852861370aa186764960366b887db4a2899260ad8bbe7187cebece1137
HMBLKLDM	0	1	0f9f88883a51fd767749ce08dee565268a794eefa1de5051d3d096df12215399
HMBLKLPA	0	1	87485d09e954b4838f72cd8343b48799bf6cfeed39e185be25e778ac053874be
HMBLKMSG	0	1	9f419e561a1bb5ab9101a18c846468265e0a59efccb04c3cd731f2b32a52b343
HMBLKOBJ	0	1	fc1cb3aa7673d0c4084ce370eb84df79738627466fa30350f6fb6abd712fc10e
HMBLKSZE	0	1	87a9046a366e3c56fcb70440a5271b925d5a1867f3360995684ce792e64c9ead
HMBLKXRF	0	1	f075c58649fa73a6c64a30321f42de39eebd2aa8ac2bc965bd5cc6a23a95e1fc
IAPABNAP	0	1	095c6035881393b0ee670f38d08cb83c58d2f0883f00eb5c4d72998964f743d9
IAPBLDIO	0	1	c61129180ef9dfb1124693200c143fb5349c889baa0987f72f8d82ccdfba7ab7
IAPCHKIO	0	1	995f91f75b3ff28468a7296b292517ecb3bad7ac2a7e45306004401eed0224c3
IAPCNTRL	8	1	261aefda0a9ebfd583d2c89e1bf3623e249bae1f19e28012bf0dece8ef71442b
IAPPFXAP	0	1	04c5d2b42b1a528851af3e7c1667c5296af8a5ec900c0609de49b128a7c51d31
IAPTIMER	0	1	814022efd3cabd835c207d545067920d5d19b2398cd854df6cd4d6f178cca532
IASFCB26	0	1	6c52e5273ab2aade943cea8a5cc5282f86953178c970216375a112de302498c0
IASFCB28	0	1	081832de2b2c878b3b1c0a106804cc7ec2c185cafac97c3f02eb508e353879cb
IASXSD81	0	1	dec817cb48312e6b6b8c87caf4a7d11259b95dff9e6bf6893a4873a115f60516
IASXSD82	8	1	18da28190fd9496a1351fa2732023274c73c8936a5207b47d9ee5820446f50dd
IASXWR00	0	1	e1a211520a137c64c1fc0243a50843acb974c6aa7d989535d199c416475e5ed9
IBCDASDI	8	1	6ca2f8f7a8e3d46e4a820d09d1211cacf0db4a13463db969864bfa0d5cee068d
IBCDMPRS	8	1	4ebc852d9c793887887901e633f6005355afaafe56ff9b2100a7aee7ba7adc21
ICAPRTBL	8	1	11359b41a082b5571c5ad05282c39e4c94608d1bf36acff4803d95eb40e44865
ICB2ACT	0	1	d6ac19cfce0b10baa20a1204a72c182e8a04974e5854e2486b703d7581b0d64e
ICB2AEA	0	1	d47b9152f5074fe6e89680a6d89dac789dd467c9b1ed57030a28e75211861fe3
ICB2AIR	0	1	8d11f684599af10ccf3aceb38665c384041ded36b617c876b5520b97261b3a20
ICB2ATTN	0	1	d7e39d636e6d1bd653455b1ddcd702e4ef3a33552834f65f7d3ef67cac1328e9
ICB2MSG	0	1	a64e7a7b7b9f49513ab88307eecb4a9dc560529b91a6881cf854ebe129510b83
ICB2SIOB	0	1	924817e09dc84eda1a4f0fe4cd53c794c75417aecbb4acd33796d57e0c5900a2
ICB2SIOF	0	1	3e5e3667d8e6c2308a2c4d4ce4303847df0ced88e8b9becf6cc89a949d58af6a
ICBINIT	0	1	c2971773181b3e2cfb86f303d4bafeae8956997ad64b36e06ed61b1ef8b14cd5
ICBIORSI	0	1	1f85241e1d60fcbd91acf9749409cee113a61e61135bc7b8367874a51b7dede7
ICBME	0	1	e85f96d060b28d120484cd7970fcb21922539074f296dc76da704233f64eb6ee
ICBMSG05	0	1	ab554da2774268afffbd0f19f8ac4625e434de697ffc3a73c6d513f4b8bcbb59
ICBMSG56	0	1	09805beee5d729300052860f88b0dee9cad3c7def8824d5565ad10f54e462aff
ICBPRGIO	0	1	b0ea1f5d7a39baae6a5b2efce19a4ab7206c56c95aa36dc80668f70c93cfbcf0
ICBTMSS0	0	1	e4ef97d6e6a49eaf5b72ad58692bd40254b3ce20a7ce19f714e4b9bfa2010fbe
ICBVCR00	0	1	ec575bfa0e3e820c1e11d1c3772c13adfa00e8bf2eb38aaf9cb14244a21c361c
ICBVDM00	0	1	d225b6f99c710eccc6629f392a42e031bacb850a50ced00a42a98637d193d9a7
ICBVDR00	0	1	d60959c6c80c3051941671f04bfaa4b7d34acdf466c30b2c404b585bb85b9e1c
ICBVDR01	0	1	42569b487dfd7ce5ba83fb355d11803f855e9eed2ac4b8431a47d421008d9446
ICBVEX00	0	1	ec62fef3fd6b4873813d41dbb54f2f8a45e2e77cb07806352e3c745820807982
ICBVIN00	0	1	116dcec2f954c64dc88c32935b8c98ee94ebac2a375d39d20c1f68ca04b3d4e5
ICBVIN02	0	1	808dc146ce632b0f9fbf22d721940e6338f3662c006c917894880435ed5f4503
ICBVIO00	0	1	e3ad3beb066f25f46fffced31d2d17f69e4c94c0c16aa990905a716df11a3f47
ICBVJL00	0	1	929a2d7579b6be6ec02e6c1d0356af7dc01a02f6cf22b3d443ee0e6e42f0f662
ICBVMG00	0	1	25fdd98f4d2b59b5396ce3e88068a94a6d7ce54328882b30a8369b5c22d2ae54
ICBVMS00	0	1	41394e83a99ed26cad4506c62675148a5a562081e2e4c0dd0779ddb69bab01b0
ICBVMT00	0	1	6fec9a3c8a23dbdefdc2b308f15eddffb2747ee6ac641c08b1d32544f3f82694
ICBVOP00	0	1	6a7e0858701d10c6542ec4e35cdb2ac3635acb47b7d0bd60e2f388d41eaf7338
ICBVPI00	0	1	d8da0e68014eeb6bea1ff41477cec87477b636bce199ee22a8a73246729f0f0c
ICBVPR00	0	1	c9ad9093c43d9de71d477949a0b0ec629df8e231d835438c7416fd4e6f6e9a8a
ICBVQM00	0	1	11a229d31d25bcee1a9a7416a42c3ead6a2ad612af3a4e59ca512cc0c972c574
ICBVRR00	0	1	7ff9126b9bfc19fd3fd636512c39c15ddf5a677a451f82b70fda7f58850bca2f
ICBVSC00	0	1	42d073f669e6a591d7d7fcd77627dccecf22711c1eb7df603ff000f960e91089
ICBVSL00	0	1	1f6420f74e07fc9bb1906e018af41cb85053c68f6c713c0a1f980d45d44628c5
ICBVSP00	0	1	2dae2b4a8ffd3c03a98ed8ee50c52e68987817537b64ea72f45d6777c35fc02d
ICBVTM00	0	1	0e4afd9547dcf574a76e01342753271297df567dbba02c57c6f4c6f442e9cec6
ICBVTP00	0	1	d21acaaffa5e81e625a7e71e007021686d01520ca12b52f71a0dbe019115d973
ICBVTP01	0	1	f842cca745a3ebc69c90ad93c1c4295927aa90e8fb66a1d93a430f90e4338602
ICBVUP00	0	1	5198a2f2997ec98986859ad45039ed35ea69531846b6f7df2b014c24742d3ac2
ICBVUP01	0	1	4a49681b5a2508647300118eda8c1b075a4b28ee7ff3b270276d24915e087a90
ICBVUT00	0	1	7ddd1c13d61230b3584a177b8c847f425137c7a59a7c29dd629f68f8dd9719dc
ICBVUT01	0	1	f89d8b4301858c3007d28eaf1c97b34cc15844c701ddf0678f989297ddc9dec5
ICBVUT03	0	1	1beaf0941ab3f7e0d484948744a61f163f4bdc1f5f081c94c5e998df2ff6a7a6
ICFBDF00	8	1	e942694bbd9bdde119dddf8451516f51f72991b059069aac92d11044dfd87c3e
ICFBDX00	0	1	35e06be2231e50a3e24ff33b6b436e7814571d6a43fe33dfacb33267fe613c14
ICFBIF00	8	1	4ea15a08a43b1afdb281b839228792f873c2d37d40174d677d174ca52a18ea07
ICFBIX00	0	1	9db2b169f4ea5e5e95cb1ec437208bd967af895a2f53c1846591472d75c25391
ICGDSA01	0	1	522980acf38c333803ac57196c070addcd2ce1fa6500d9bdf066b2bb9e40a6dd
ICGDSA02	0	1	805191bd38fe9616b7e8f0d23b18f33b815be78fec18d4a857117093275d0918
ICGDSA04	0	1	78b1da604426ff91a594500b277498e7f60ad0d20d5cdd2e11750d630835e891
ICGDSA05	0	1	c88d55b35298edd1771f6b856a40ae463f7d7d9eff29894e58389ea6781f2d2c
ICGDSA06	0	1	3416a91818130d2486bfba26ac7d44a804cf33d8047d1da60fe8a70a3606bbd6
ICGDSA07	0	1	f6d714080670f86e4f2367d1a25e1c107176b68a716380b16c93b297c8bd1e0a
ICGDSA08	0	1	530d6802d6e34e3c44e698fed3c6a586178acdeac16a955a98bf203d9630a836
ICGDSA09	0	1	925e05afd2ac787a4af18af42bfdad9014e8cb4e17d373f59cb8bb270f2082a3
ICGDSANL	0	1	9c1c74f86466463b2452a89ec36c22520f1f2e8c97776fe82488e955cdaf9b17
ICGDSB01	0	1	0a789fb864a8725c796e34791946482d22a785ec7f64e37b66bd3215ee99ecb1
ICGDSB03	0	1	147bc292272ae7d0a126dd3ba81b1d41057c0e0203f3f09695332e8a8ce7e5a0
ICGDSB05	0	1	7af444569c45e6cfe0f7711f89d3ba837b5688a6d8d29bb88ab9364f76881fdb
ICGDSB06	0	1	d20facf6a73d940954fa936a4afc3e84248c4f97af247253ec822c9388340c4a
ICGDSB07	0	1	209f89533d3e598c85eb8ba36fa1e45dcbf92696640fefa5c0e68d66ee3c693f
ICGDSB08	0	1	d51d7a28edae2ae245b1f91919ce96d1af86378e2a5e20dcbbc3070c2832d03f
ICGDSB09	0	1	cff0b72c102764ae45a7569f76a728913942925baef5b2e69502b69a70c9fabd
ICGDSB10	0	1	797b86cc2090042e6ac3981a483015923b5734ffaf1cc0a07f7996da092e4ee4
ICGDSB11	0	1	e1d3930df4292ece001c5c3f6fb4df13bce6d713ee9af4fdaa87be9da6128349
ICGDSB12	0	1	759aac8a5207f2593be62aa64fc2885f0e01f178160fb9f2d29e40a66d1884aa
ICGDSB13	0	1	e0dd6d10451019e2c4f7077fb8044aeb3c15f2dfccc2470e72572d46f9937bcc
ICGDSB14	0	1	1d4196dea7567bef39970d69363a3a5feda29fac7af8fd360396d4afd48af321
ICGDSB15	0	1	463e6a4220684fb11915c7b043fa55993b8de8d2055f7b7d03d73de323992961
ICGDSB16	0	1	417c071070ed33532a0dc5a4c12783f4ffd5073899fa552292f816ec2cb677f5
ICGDSB18	0	1	ed1e36dda45add5addfa583445f75af1fdb2f9ce4b7857323344f5883b0b7ada
ICGDSB19	0	1	97036b258a32f04c3078f3afba6523b9a23ea58fe5f308f7089e44a2e17d91d0
ICGDSB20	0	1	fafd3ef7b07e8d8fdc6236016175356f65fe5d681c9088ffdf6a718c8813ea9b
ICGDSBLD	0	1	8e6305b6e1f2656fe938371f3e91213600e6f74dcdb32857fc94ee323c32c779
ICGDSINT	0	1	ffdf90af3bca869c2e04220fbe3f7589035859e6d249ed849913d246fe34743b
ICGDSMSG	0	1	26d3f6c45813aa42bd66cb0d5bf51f9a56a274aa05a0c2bb4fec7b077b360375
ICGDSS01	0	1	3c01befa71dd0c8321b2e2e17104ba6518faca5464d25f5c4d1fc3321dd3e198
ICGDSS02	0	1	20f6dbce109d1daca70661bad4fb5e375a669b6dc93d300d0e2fc734e3d4f9b9
ICGDSS04	0	1	3fea6f6f27a3a8b192331283f0bf137680a5c34e0554f9085b0d31fb3c59ad97
ICGDSS05	0	1	3fcac544ea1ac19950b950a3e8ae447fc1a596d064d771ee9ab9b1be26bfd56b
ICGDSS06	0	1	509f44ccf50172691a3ba0ad9f6c743fe1c8ca1fff6936467b74b0506f6996c4
ICGDSS08	0	1	fb15a06625d602ba7c5fcc9aebb92f5aab29de9969f9637fed319c718aa1a28f
ICGDSS09	0	1	2aa823d0c73a9d42fc59377f6e0cdbe3a6c69f33357372b888f0c09c1b9a6858
ICGDSS99	0	1	5d20069b9bf958dc3911fc1bd7ee7094b089b3d2a577a5a1666e5a5b3f09ee06
ICGDSSCN	0	1	ca36d74404459fc493f3a56dc06ba651b5de639cda54d348f85043c102a9967e
ICGTRDST	0	1	9555b43147a18fd0966d0abb4e10020f50aef2fc6ea6ad8d71616441ea720ddf
ICGTRINT	0	1	f6ccf061fdc6a3356e3a452acb05c03fc8cec9345f7c0a3e3d6a913b59c9162b
ICGTRSUM	0	1	877f125b631debd2fe6fb9556b6e17c157ac97fcc3c2533e43e6bff8c4a699bb
ICGTRVID	0	1	8870db6436e9b0b9b2f458e8e573e2bf2e5cfc4809a68e772dba50eeb539f567
ICHRIN00	0	1	9711f775302d94879393d60cbecf23701acace427e28ad8dca4ceaed887b4677
ICKAA01	0	1	541ad04df41c64ba9945b155ad68c5ede234ef57acd4fd70962386fe85eb2ccc
ICKAN01	0	1	70189f3d2e5bd0e3cdab45a7295438de08bbe0126936be525efafc78bad9913b
ICKAN02	0	1	0b6047806706e0f43db81f78a0ad5d77226d7e77bc41c3a4681d14a2449b7610
ICKAN03	0	1	c681b2b82443a0c92e48990c3b286a7b2805052c8d73eb5a682aa99fe63f0f8b
ICKBI01	0	1	ce148f801da168fb94ed0b6e3701b553e7a294c8bb2546a5d24f6e7ebf6e42d7
ICKBM01	0	1	238503ae111ffd97a85a8af495f6ceaadd3b29b5ff5f3915998ef9c1e7c7dc87
ICKCDAN	0	1	9962480e79f4335219a8d1969262425071ab7f17eb9da5faa41ff7217155ee4d
ICKCDBI	0	1	3e05f479849f199c9e571b27941be1ec9e03758b2f45d4b589af420be960ac74
ICKCDIN	0	1	f7e30ad30d011caa33f840d5551c6e769163d94b84b3dc034d951c5df33fd39a
ICKCDIT	0	1	675434e3fa54b260715cb67f86926f93668f1c6c408f3f86033c45d047055725
ICKCDRF	0	1	8e470e91c9a28f883fbde40d947d21f304ae43bbcc7f1a1bcb75671eb5008439
ICKCDTR	0	1	a5e20441b5348ae6a28adb24236314ca3501f80a4d114be0d0f3932f4405b85e
ICKCL01	0	1	291c07e70980018cda99f44ae643d903c6fe5f4de3dc60be3993dc2227743123
ICKCV01	0	1	dd3b2de5c62fe5eb14ba09acd3f45821c8cd80fa2ec2ddf85922062bd1a4fd0a
ICKDV00	0	1	1f76d1b87373b5d794cd41755e14d740c5f637cf2bdfca6cbf975dd482445ace
ICKDV01	0	1	c8333bd431dc874940efc741f6a0c26c5a5feb5ee60341fc3bd511675bbdc1c6
ICKDV02	0	1	88656755e4986601e1000936c98e717a75d6f2c337f9a55fa07d9b29eb6e2172
ICKDV03	0	1	671916621cb7685cb362809c2b47c602f95753b25036a121fc463a5657e2ab03
ICKDV04	0	1	9d3f0a9784a1bec00e185ab73611bdc54657d778c1f4fa83c256291ccf48f79d
ICKDV13	0	1	7a2026741ccc450000bf2a9da2b0e9496fd2e3637a987a3006b2da8a206bd108
ICKEX01	0	1	993294bbca0e8c4064971c0d537777a94cce7afa17e1e78e7767a3a8937d999a
ICKEX02	0	1	baa1e50cb1d98bd12cc0eecf5b1ee0bbb61be1830d55f3f1f1c1f255b350eb37
ICKEX03	0	1	808d18da5f1f09b7b95af4e2f5ba85e87098d898ee56d74b549ca2bd780d0b2e
ICKIN01	0	1	bf660d5cc2292c429f96042dad5d56b048c7985edd9709c5f3e7e0b83b0c93d7
ICKIN02	0	1	47184b813f5f4b06b33ffe320677fa5ae84b39686d4c63f99f92beb369687bef
ICKIO01	0	1	1c96d4a203e3235d6e990397ed6e10623f1fae84df47c4ce0c38ccb23174fdea
ICKIO02	0	1	a380b33d6fab2b73514230ed373b8a1ea4a9876eb9208a9313f8bb990b74c9db
ICKIT01	0	1	502de44804b44e829c27f99bb69616c375fdc25e159a2c5f025d6ea976cec023
ICKPP01	0	1	1a2fe90703e5830a543bfc13d59a6f6e4b7c32e79c8266a318dd46ebeeb27221
ICKRA01	0	1	dc8f01f8cac5abec3b4ddcd96e90a62bddf109d652036feb1f9a49f3b755ea88
ICKRD01	0	1	01fd6e5d78734a92ebf89f1c9ea4cc246cec5ebb99102b040baebf1c7051441e
ICKRF01	0	1	fd6c84bb838f0dc79901f8aad47b10ac799ce4cd6247b5e7c503b4d4cec804ab
ICKRI01	0	1	99462feb487aa5723d403e0359badf094a7ef035bbf9b1da88015b6aab3b9847
ICKRI02	0	1	7ecc32f4015d8cfd3283bb8a21b933c97cd1022da7bf284c4b2e67c6a3943cf0
ICKRI03	0	1	732040dec094ce76df07c12fc063cdee4416d7aa12214f62a0ebdf6c6058c5ac
ICKRIKT	0	1	7dd1f2c1f75ef07eb32fbed64fee5a118c1e8d0cb635491ec7b055816cf7e883
ICKRILT	0	1	2d5127e57879e599bfcc067f34675a6f650dcd3f119460a7e15cd48e7867e52c
ICKRL01	0	1	31280c9895d8c05ccda1246d890967c57560be950ba1b3e5ada9ce1d02a316fa
ICKRP01	0	1	8e3d4db71d4e5c87749bb016535af92fabd0a377fe03f653a1ec0da4862765db
ICKRT01	0	1	b2a33a2b6efed1ccb910ad20dfbf5d618050d4e5a7e9ad2ba7081b81251e661d
ICKSA01	0	1	6fa304fd4b9999d13b1ac241f2581f79a8d3f3ccfb1bfd934d3825f834d48822
ICKSA02	0	1	32ec6bd2f442e044dedeb9bb6f5c7dbd9cdbbee0fe3c796c3d9934110e38c89a
ICKSA03	0	1	20904d9047a7f95eb1e74f1ec4f67a3186ca055effc99e0b3bbd1f835579c52b
ICKSA04	0	1	b4abc284c781b06504d01ed430197a366351647273a65a075abb5cc2761ba4bd
ICKSA05	0	1	a722c7677f362a49e200811e9926a40880cc4ded35adc6e39b3ff816478b23e8
ICKSA08	0	1	78a0b8cb471fe624dc5962896b077f1ca602a3babd59518e802d121a4b5bfafb
ICKSA10	0	1	30ed16fcbf84b19b62024e6bcdfac7d93cdb9e81fd50d58bdb37cd6c23646b32
ICKSD01	0	1	45946a75be7c8a1dfc9ed91c1ced55878c0c877b105ce3b8ece17b016c9d6622
ICKSD02	0	1	dda4badac68273846e152f4b6f2f8e169ab11cdf29efb379681795db7ebc599d
ICKTA01	0	1	6bc840ff7e323e994d20a07d63363d779b3aff77b84a00b1c7a9d44eb00316f7
ICKTP01	0	1	df2f767c8e2a6c2c213a1504c47883dd54070668b32baf106dafa68ede498c44
ICKTP04	0	1	da64230562913285d1ac6007f2f0e0e04160c6b3aae396be8af3278ed02f4421
ICKTP05	0	1	5034a7b1cb56c7b1aa87ccc796a494e8510066f679e0d52d3d1d6e58daa8e036
ICKTR01	0	1	63b2d99bf174ec3dec4bec34e584517ffd18a7ccd55282919e1b4e3332a7ad5b
ICKTR02	0	1	d619e92635d87f17f45f9103ddff0f4dfb410c1ca2b82819cf630de4de99c16b
ICKTSAN0	0	1	1f844914b3f78408f0be77507bdf4a4b656b4f21a788ff5baf694d3857799abd
ICKTSBI0	0	1	341e4cb62f1b5fd87ad37ab7475132ce7898ecb5d93691adcfa68806e0b45960
ICKTSCC0	0	1	6643f758aa94e1e64d43ad8fe47f114ff02de7941b06eae93eda0b591979d891
ICKTSDV0	0	1	72d6338ce052250b4a54f17949c865cc0301dd0d5c028109a7268afde915757d
ICKTSEF0	0	1	c444982c5fcd09dc187adb9eb0613850ffd29a7c2389e1558b77036b2b0206c0
ICKTSEF1	0	1	6bc2d90f50902b3dc529f118d349b1500963b97a3971f55e1fb9639408e44f4f
ICKTSEX0	0	1	25e55355427ff1b7cf1cc07a95b5c3716229adee098d094958f90452befcd9a5
ICKTSIO0	0	1	40056e04cebf52e42518be75364e1de9ad92f579acf90ca9225d67d8021e7679
ICKTSRI0	0	1	687cf51e054330d86810c4dca003f2847cc5a9eb82b16b313fa0800d3c8ec713
ICKTSSA0	0	1	b21e09c315109e817fbe2d5ad666918c0d01fccee2636873157135de3071636f
ICKTSTP0	0	1	84021ad8e391c23583a4e73edffc11ba701bf58f2d58269a0d87b8941151c683
ICKTSTP1	0	1	4150009779b35e6af1c319dbd09c9ec878a422aee65ab35ac12d8c5d1abe27b9
ICKTSUV0	0	1	d2a2f40ae74cca76eb97168ee1e73de1d48e0dc4509b7c588c15aa515c9c95b0
ICKUSER1	0	1	e3396a7216f28b8f4940c963580ed3d90562f649e0a2044258700c0e6100934b
ICKVA01	0	1	607d221d4b6ee2b1ca21a2106180acf8e86e475d2b62e292c6598c90075ce469
ICKVD01	0	1	f21e729e742bd29b305e7b084016ce16ef7a4bc71fc6b4abb6c9c54a5ebc9738
ICKVLBL	0	1	d73733cb3dc302d910b9cd4782d3278eeed65ea92ecbce457f38481367333133
ICKVP01	0	1	9613b8885e067318e1041268487d1596207c67dd58ce9f19038a60c5e9f22932
ICKVV01	0	1	b6ab99767ded26c65135343409c304900b064a764a9934952cd2566110a9579c
ICKWI01	0	1	ff587d9d5c0f6dcedee5db157a38a9d6a25a21ac2dc12cb876e3fa8b78b3f20e
ICKWL01	0	1	59f2573055092f42b6c6de0b8e25fadf4d012e572f37558e3875aade419cbe10
ICKWV01	0	1	cd8896c86212f7a6a81a19c5ed38ae550a60bb73a0e4fab58a5c81ec139f30df
IDA0192A	0	1	4eec874fe8f82418e969c4d284253a5beb36499dc26bb684b52fae9bd8d4ae90
IDA0192B	0	1	4ab13531c763c9c898717b02847c791c145a5bf4b3404b221e6f3247643ed725
IDA0192C	0	1	3d43caf415f0c8698ed5e12144463028c33790af8ace914e61df25b533568044
IDA0192D	0	1	bc6832f7b8645fa7ea3902ae68980b0b4359f31d015157fa0d8697fb47009550
IDA0192F	0	1	2e00d72f7bd35a079b7b7b76132aff8f341b2a6eca1d50e109c8be78c68814b9
IDA0192G	0	1	2a556033d434de82c2dd35f98be1dd690b46dba3829e4e0241bbf864aefad03f
IDA0192I	0	1	a394d0326c3bfee50e89cb5b4d34047987921f882a1e98eb9e7504152bc70c43
IDA0192M	0	1	d26c6b252145040c486287011117ef388abf21f66a3157a4b95ffec14ff1e1fc
IDA0192P	0	1	27dc32ab13fee1b1f7b9268e4f6cff8f3451d013c8eb9c53346c58d235ffe4a2
IDA0192S	0	1	baf2c52127f742cd4a3ad4624812848cf34fec4045dec9cb9897866914be3edd
IDA0192V	0	1	4953683cff1728a6405ace61efd3874010a996a4ccf69d7d2f9f496b0416e43f
IDA0192W	0	1	f77e22559e973f5b406016f21f853852e122fc7bc0efc2f9043025eeb64c9532
IDA0192Y	0	1	e7a7bca36cd5fa0695a7d844caa41847f44d80093f3f83db439e45cbaa5934fb
IDA0192Z	0	1	ccab1ed482f2d469284a311718d935c0c8b494a48da6671a6c5854e695fa6505
IDA0195A	0	1	a81085d5d618aeba326d559a212a2f4a198bc2f34d792f7c6483bcb4ada0a889
IDA019C1	8	1	aefcf4c2e55540c3338194abeb5bdf61e0e972186caf361154c3b324a35521d5
IDA019R1	0	1	eacfb18b2a14c62a04655ad423ad0741ff6ed7274eab8723aa244407852f9e78
IDA019R2	0	1	3bf7c53bdaa9217ef0e158eb582e341d90fed1645eeb05003fa95c14623ade71
IDA019R4	0	1	7f752f81da74570df4265c3ba6147fee39d20bf124a2a4d47d1354dd684cb357
IDA019R5	0	1	dc7bccae168d50a34a00698b34d466355f09b21275b738a1d073031df6d1866d
IDA019R8	0	1	0cfcf511a3124f16af204271019a1b503a7071af5052900a7c614b6f1675c97d
IDA019RA	0	1	0cc8c24d141bbaec80de8b00e48c18b86b0c61d541e3317f763a20076a513c05
IDA019RB	0	1	812a1bbb43bd78bb4ce21d2d90a8a8ef3dc3f244d6843e4752f9f4365bbd672c
IDA019RC	0	1	98d03af49fe6e360f5a498e7c7a0c1496472c39e797e2c1556b515af09b1dee3
IDA019RD	0	1	a55bdffb47eb2222df71e2845228c0978bf1b9f85d7777c523074a582f2c0b24
IDA019RE	0	1	fbb999c21f1865f42b13b0baed2f787d1b28e46dd5d4927237966e75264e5787
IDA019RF	0	1	181b9bd23a77c67162d39b6e62a4362849394faf8d560e05224ac97d1e900551
IDA019RG	0	1	ef23a0e889a6416e164475f2fd79f004942160dea16629a0d4bf7dff65a02215
IDA019RH	0	1	73dbc31b7b42e5e9c1088e1a8f1b4a285f39f74b6c8332ef0e6e06614d9545b0
IDA019RI	0	1	abc333b10b931b94a47020c386e2c4c026e07b110f85e77a6fbe52ff6e0d7edc
IDA019RJ	0	1	e504310e1928b587d8577fb89d3347d4e452d902dd95b70336a8235d9264504d
IDA019RK	0	1	e09e1f6568bd567517ea043d7b6a2b4aff4e1ec0357e7e9abefb9f68c7e81859
IDA019RL	0	1	fa1ea22b760f1d7ed155d92e0c39950b060910363cf8ec573502c433015582d0
IDA019RM	0	1	5855e988499768c04b0d812b1dff5ac276eb510b316204aaa0ce260a03b439fc
IDA019RN	0	1	50db9068e4357db023b3170a3421c5ee82c24da3efb0638852d742a6efcdce7f
IDA019RO	0	1	bcd1cf38e6ee374d355c1e1ab7bf5673c073bb1d2f2785909917243282221e35
IDA019RP	0	1	c6245cb5efea8f8cef3e49fa2375cee4920c1aea3f867bac9dab180dfe0e1086
IDA019RQ	0	1	aeb07f0d88522cf424d01afaaa299a1cc34da75b7571d4d4f4ab580ab852469b
IDA019RR	0	1	34a3bd874f5044bd45eda05ab4fd1e2223fdc372cbd94d61d112c9b271f71ba7
IDA019RS	0	1	cf8e9944c396996a245c4ccb69e36945852dbc3193be677cc87ea3de0fdceabc
IDA019RT	0	1	f5e15e38361d004595655f5365ae981ce5402853b9f8a066ed428c6c0fdf4a91
IDA019RU	0	1	b7d5606de4cf440af40000fa97f3bda142ca8e3ac36928cc307dca9a9b41d2a3
IDA019RV	0	1	3e564af55c59def21084a39702b91e04cd0ba6a694583c7e086f317ba28971a3
IDA019RW	0	1	1af7d7e2f450d6d3f12d448c56520d44ae927d4122b7c1b0c8d5f1d1cda6e82b
IDA019RX	0	1	afe4b993223c3b7dcdae9d49e7a2e2b6f62fa8d85d85ed3960d18cd91872f6ad
IDA019RY	0	1	d4fe5b7b581302bc3e4b4a40e5757cf47c975c1db7ace5bdf85355fb5ca10ecd
IDA019RZ	0	1	1093d7488ed00b00453d8cc9aab0c4c2d54979c747fe4177b8b6b29bbcc343f6
IDA019S1	0	1	baa71d5afb2c3e86651fa89443cb90613d1001d5c6e229dc0f61f085e4e15ce7
IDA019S2	0	1	7c28bb01a479c5291b1ffdf2785b460844f5b113bf3f4810609b75afb315558c
IDA019S4	0	1	b481dd42b959a5b79020b0d91d818d3271a2908538616f7c218310e8812a149c
IDA019S6	0	1	f1e996155ed070077c92bc9758e45cd945c7839407ff9488098dbe29d76b95ba
IDA019SA	0	1	72b7cb184d869a4313e3ab960b6a9f9c6538b9daa21df3566bfacb2202901c91
IDA019SB	0	1	53c97828a1e2649d55645e49a3b86ce2299692daea0595b9355a03299728e096
IDA019SE	0	1	daea1971d359717d65bd67a40809c25c43aaacd0319186e1f811b9580cf708fd
IDA019SF	0	1	e73c3062f0084a9bbe24215d211c893b33952bf34c1dcc4406ba8f2ef9ddc842
IDA019SG	0	1	b437b3d3e1730588e220063a48028df65ce51950d4d48af3aa1ce972b143a309
IDA019SH	0	1	accb6a17f6c87eb274685be017b427336b048149fc6f9accc500da7d63cd662c
IDA019SL	0	1	44fbd5465c69a3d8473bc2e8324969d305e5bd7f05712648b85975291b9e023b
IDA019SM	0	1	1fd9ebd6c770147472ad48e407830a88cb7101f535290bddb8541d7751d012f5
IDA019SN	0	1	b542fa62db5ba9b24f9682958ac1c848a6227dc56aad3145052a9caf67930c71
IDA019ST	8	1	632b025eb30acaef0de9b523980257d2aa75ce26ed651ccdbb9461ec5c210505
IDA019SU	0	1	86a3e25eddfc4e494862198c7dcb571645ca60a20e6d24a8238d6d5cbce5db58
IDA0200B	0	1	98874729380c72ead7dda57450a5a28cde40573e1e8d612ded7737811564e67f
IDA0200S	0	1	c8c7f0398ff5e2b3b4ac1547de057c4d7d76d49df72828009d527d94bfd377a2
IDA0200T	0	1	05402bc864907a29e06a117216a7630e05e16238c0a1c2ac2e00dad03a87afdb
IDA0231B	0	1	f4c988d9c5ff09dceb06101d0713c549dff5dc087bf6283e0fd0b491affca6a5
IDA0231T	0	1	ef0372372a82437a0cbd0f55bbf9b7d4183feee1ec880f0d200816afa88ea4a3
IDA0557A	0	1	357f963c4c94ec98894cab9c47e562bc42f171f2cdfae3b80daf4002c3898926
IDA0A05B	0	1	fbcb57cbd2debdcfe4eb3ae8cfcc10ce653b1d95a96b6fdc5e8afc4b924f6ebe
IDA0C05B	0	1	221f9808eec5d49f24d51b7c0e19a45b09f8b3955624d82ff1ffdbc58771cf49
IDA0C06C	0	1	330ca975d6fdf25fe7580309f85ed2ae1b241d4aeedfb2d4bb32d264cee42cfc
IDA0I96C	0	1	ddfb5b34146d3cc4aaca010f5c76f3d6c543d82edef9a014a730d77b0d6ca161
IDA121A2	8	1	5fba9dcbbb4a369b7f504e56fba5eb3870e455e73f2be38ce3067324b8109cc6
IDA121A3	0	1	8119cbcb40249fa8843b6ff8236d55a723fd04fa16d974aa06dea5f63b13f22e
IDA121A4	8	1	b68cda0c548cb8f0aa3039e0ae5c5ae3181f2dcbaddfe256dd35c7687ebc467c
IDA121A5	0	1	4a781e719a874bd43557762d79ba3fda38d525d22dd35cb6db688da9bede1b5f
IDA121A6	0	1	d151ff6dbc57bb255861949340c22bb9cdf3a29089f145f6bb342b8361ae5e27
IDA121CV	0	1	05c8af7a882e22a709b2be754dc112469da3dac1a3f6fde337d06bbb87b1db81
IDACAT11	0	1	2cdfb063aaebad3e61b1ec41ef8e312814cada471f3b06953533525b7133010c
IDACAT12	0	1	026061ef96d3fe7955c742fcebf52e635384b1d84f1384ad55db7ed3d25b6e95
IDACAT13	0	1	97d0da09dfb75e517760ba4847ae887500e034c9f78271b059dc37d182141f15
IDACAT21	0	1	4a01f1b4408221b026a37bda586bf843e8e007daf49ab4c98eddd0beced9f06e
IDACKRA1	0	1	c41897bcec773680ca33e655a916dda631f01f1d9045e9557be06caeafc1db7f
IDAICIA1	0	1	15f16546e3f9dcc318b055b07221d4eff29ebd6c69eb8980ed1c3a32788e73a9
IDAIIFBF	0	1	53a8a4884b532df1f400626f9c21b9f76bb290713201d5e32c891fad95a56294
IDAIIPM1	0	1	fcd33a5c2075367970e0501ddfa945dc06e324527d017029b8664101007b3476
IDAIIPM2	0	1	4250fb0ad6d2f04e394841f1c1e504c5cbbd785cce3c1a5cdfd6361f619b90fb
IDAIIPM3	0	1	95d05e292e2ebca7bec0af8393fa4b1eb110c83ea419248f044ddd8836e2de5f
IDAIISM1	0	1	0c71791c897d54fc5b029df8a27c5ab8b6450796f9275b5b9bda78a0b4498b0b
IDAM19R3	0	1	efe0c3e108004897287e6da98c7a205a26b160dfb0f921d69306ef0159392b3a
IDAOCEA1	0	1	fc93a5767d545ed62a0b8511b03a2601f9528acb4c9ba0012bffcbd0c63e5d66
IDAOCEA2	0	1	553ed9aa74c476238451125b66c1ca293b4aeb37db825a5f4941514f71fd14dd
IDAOCEA3	0	1	5e6b819e32f4696a60b7d64dc1271e10cbfe8d3915571e3213084d3ba15ee783
IDAOCEA4	0	1	b16620da34e396d6ed88896f1727194639e288b818ce9421c39d14639fb44246
IDAVBPC1	0	1	93742f955d8dc2563fb1377b61aaabaa385ffd53f4bcb8b2643168a5cc54f6ff
IDAVBPJ1	0	1	729422fbf91d0b2a5ccbd484bd0394539191470272c5ef88b9fc2470fb0ee068
IDAVBPJ2	0	1	a3a39e07782538900284f4269e21e45c089ca0a0101153460883a38f11b51249
IDAVBPO1	0	1	3c948b89c1fdb08be0861b6020b013c3e2b8bd83d10893c104de6305b59f91c9
IDAVBPP1	0	1	2d50bcbb8344d71d19cd14c730f79c4f40b847494c79294b2011965971f4ef75
IDAVBPR1	8	1	e6ab9a9cc764db1b208d3fb42e3655caef84ab9c63cb64829cb9cb9e763180f8
IDAVBPR2	0	1	69af28570d2d8a3407f0a53be0238c7dd8a3e796b893084cead4a5f0c3d02565
IDAVBPS1	0	1	5466fa79b2af8e2eb33a0fee15758a21cb6a71db4e7e996e4150975c17ffef10
IDAVBPS2	0	1	e7edd7142f6d3eddbba832de857d9056257b5e19dc54cb94c38b7f7f4243ae87
IDCAL01	0	1	4398649c88e1b357fbdf18438517fac77558b095c0b061ab8087f2f3c6c87025
IDCAM01	0	1	09e616ce23e1557c9939a6f772bb549029cdbc2aedfa8ebc3e7199180b124fc0
IDCAM02	0	1	b439f3eacfd4cf78d315447c1e3f5a4982a5ad41c949b455bda1ffa35423239f
IDCAU01	0	1	dc9b7dcbeecc325728b394c293c5ea95f21e4f8c60c29d3cbdc44aa26ed911b6
IDCAU02	0	1	42a26d48ab0ba1c9a87fcf0ac272267f579a25ac51a6d15afb71724d8d8b7239
IDCAU03	0	1	22cec88fc3682ff1c57ba12f7f260c6868cbf35a228c4b07d3f464406dce533f
IDCAV01	0	1	488096990dae42487a031a691197086d8533ed2ca2427e6e98463fda49a57e1b
IDCBI01	0	1	6860b284239f88954e65013ad7e2ab4390dde3bc2162ff63fb5b65b8a27e65f2
IDCCC01	0	1	6acf225b48a96971856a27d07a83f7793a6734f8641dcbcd8cccb0184285278e
IDCCDAL	0	1	db8649810c964186e3f5f3081fdc937d85b85341cd4ad4f7ab473e0563eb9c15
IDCCDAU	0	1	ce1a190700adee67b9be3853ed82b0e1358a0c9964188f14fd258d9ff6035f2a
IDCCDAV	0	1	19cd1d7a8d5ba9623284561298748bf4f1256ef951a54d502bd2c1594a5073c5
IDCCDBI	0	1	82a1b2484392187285bd9cd0d862d3868588de49bee2316b5bf46215344054d4
IDCCDCC	0	1	89e54368800687918cae75aa90c05d4adbbdf0814c2f9c5d7d887527ae0bf2fd
IDCCDCH	0	1	ca63bc510ed15ad5ab40391a043f0146ebfe962321bc68de5c8f44f7b088127e
IDCCDCK	0	1	52a0739e270857e5c47878fec16cf146d49da12dfb0c74a686d406710fa7dfd0
IDCCDCN	0	1	74d15ed0b354566ccc8d7ac3bb6078d5b2966f6aee3985b552218d6d702cd287
IDCCDCO	0	1	e20b6d67cfd0ddd35714c470332fbd684a1ac5775f9cf0a84543fe19afcb3f1f
IDCCDCP	0	1	3d3ffbecde2aaa5fc77ede44d1258f69c570a6aee00642d944e159db366c8cc3
IDCCDCT	0	1	9fffddd507b5b5de5cd75e890d4616edf88c1a5e722ac55669413c39b20137be
IDCCDCV	0	1	1deb9bb6847beac64dbb25afbc2b9514d891e7ef50fd6ab24fde2fe131d088a1
IDCCDDE	0	1	48274fccbe3d716691610ae2507fa6275c44473b8e301b2e7807d3fe2678ae85
IDCCDDL	0	1	0848d63f4fb4cd631651f6de503805528bdaee4b46b5bb7438d252d38df63e34
IDCCDDU	0	1	0edc9e34ea1e03357a472d596c93d52b21c557362f067dcc7d949e0ec7300585
IDCCDEC	0	1	71b9fed2dfa708869eefd24bf1c426a7dc8e5ebf7afe8a688924db68e02be612
IDCCDEV	0	1	bf2a0d40dddc6d9beb79567c7700e4363b1c69c2f3d3be4ec79b24c58cda23a3
IDCCDGR	0	1	466ea67ba558c2f249cc3006925e36dc16b1017cd2544034ac8543c95d9e0253
IDCCDLC	0	1	3074b7a648aa54e4396b4570bba888f05b6aff12837619ca743b0afab39b7ac4
IDCCDLD	0	1	c00a78387377bcf6a0f57ec5f3a967973d86aa27241cafd4011ac6a2cc05deb1
IDCCDLM	0	1	c706c03f021b4d516d48ccebd2f94ca35179f927b7aae6fee9c4b9275a0437b1
IDCCDLR	0	1	ee63ab24abe129029896563a683cc376809a6d4f84d590becf3d0b97517a3492
IDCCDLV	0	1	d633c97aa3b4f21d90f401f0f578061847c0b376e2464bc6ec242911405bc444
IDCCDMC	0	1	156e31b17db2988d93079403eea716d23363d3833c60bd0f0a9e477769943e7d
IDCCDMG	0	1	9e5f326b10469040a31bec756a52776f7d283c6a240a3abdfe3096c23661cc6c
IDCCDMP	0	1	1636486cda92399589eaf9f2d165720f88aa766fa14b778f50410e00701a26ce
IDCCDMV	0	1	93c3cdad41db82b5a7e3b4111a375284f5734db8b5add0084a91703a3d12f49c
IDCCDNC	0	1	a6205bce2975046ecebce1c14cb571ec73e8820fdaecd7c73447a06457c1d74a
IDCCDPM	0	1	a7129fdf4e1aadef4da930ef9251a8a7d7da65a452ebf6aff7dc5c5497fb365d
IDCCDPR	0	1	8d1a88cad615bdf4de9d1498fb37aa6fd95adf9c2ee5d2fdd3f2e620b29b3c51
IDCCDRC	0	1	881d80d088cdface8412c19759912a5495d1364791c6cf4977170d36b2ecb090
IDCCDRD	0	1	1eea23a8728840e219035df4fbd35ce66418d06a6dba93f24392ced6bfe35203
IDCCDRL	0	1	67c4443a6fe92fba4cc34fb4d1a8db2e8320ea432127aaed55ca92e70e05d328
IDCCDRM	0	1	1f3e589af3bf208bb17496d1d39d4a80a894bb1cb6e6b35f5004e538e0f47467
IDCCDRP	0	1	fcdbb63e4b61a2f3b2912cc049710f4afc79c0eb41bb4e7959e6ce2923abb929
IDCCDRR	0	1	6154cceea31e21a402973fd4f924ac946399f3213634acab47457ed53a89f205
IDCCDRS	0	1	881aab3e87d0a1f99d32bf31b40390d67c8db6187c9a8fd1d025bb4f5465de60
IDCCDRV	0	1	56f254a442450474e535e2c5421211f140cdb30ccf760513f2699e390d1b0b2a
IDCCDSD	0	1	6092da50131b68f306e7fc9522641299c26394c435cd4f768286baaf032d9bc2
IDCCDSG	0	1	b1b1b485c036cb505b55ade4e2c69167627bd36155c210b2b551d5922df42e69
IDCCDSR	0	1	8a2a0d4b593764c828e7f45e38d32c2eb797ede3d3c6b3ce26f73e5f2bf30740
IDCCDST	0	1	9fec737343649a47505e567c7467485b38b0a88bcefaa30ee12266b5a523b638
IDCCDSV	0	1	08a96e556024cf609ac07b1c0e3b60e4525e8576c14f279a928860352339105d
IDCCDTR	0	1	e13e44d525934775f31ebe1942cbf910fe9438bd416a05d7bf5b3d274a2cc177
IDCCDTU	0	1	fead2f36989e9997b8600dfa4782b204a0e70c62c067a288a9760d0f857aecf2
IDCCDVY	0	1	fb2622b5e176feea7baeb98077123d2cc5bca4a31447bbea6711d9a313c92942
IDCCDXP	0	1	90d63dfe641c61a54dabfbe8a6dcc09d3b676de46e6368f9a219c8d06be562b7
IDCCH01	0	1	ebddf97743b3842eaef89c60f02e43bfb2a8280c9016873de7eadffbb3c39c1d
IDCCH02	0	1	97ee883c05d7e60d273c680b2ac0f99d019e7a82178ee3b332d7b43aa4c362e3
IDCCH03	0	1	3306391d24f8dc2cee328d5dc43ecb617d589eb0398f435aaeb28397e1743eec
IDCCH04	0	1	3011a074a233166f2f93e05500799932952a0db2a9c7668a35aa754082384115
IDCCK01	0	1	a51001e7283298d78c8bc70b37975466939bb124db0b9407f7f203ce2a95fb1b
IDCCN01	0	1	aec6a45eec63d23136a9f99e6bc1b2eae07c33feae071bb4f3f2e65e7e126497
IDCCO01	0	1	65f75a3cdbdca9e45e054534ab0e874a83737d524a1ce2d2013b053d6bf350fa
IDCCP01	0	1	1e34c7ea821f0f59e1dfefd926b7e4a499adcf8f0d2aa2ab767273bcd284f14a
IDCCT01	0	1	a058f97870f14cc405c7d31d5e4b598617070c5a6bd691157e2c9d565eccae68
IDCCV01	0	1	2d23cdd2a80760664d35336091df395a2806517ae8653620485392a468a6b3aa
IDCDB01	0	1	a621f215f78261a619b4215ca85cdc7d84adbec57e565e69a7a5a554188fb0ab
IDCDB02	0	1	8847bc7802d124d1e9e3c9694c84c29755faee5d1d82cf890c4abf81fac9491d
IDCDE01	0	1	a2283d8790f31f1fed097c18cfe9fd4bff336ca7c345d165896be20d7ba7046a
IDCDE02	0	1	608d9a1f7438ef4605e9b40fb19c4b58b5165f5a5eab87de5e79e3d891f32c68
IDCDE03	0	1	eacd99928053d121b3c3933b5300ace5e08374707a82b55485e13389209b6040
IDCDL01	0	1	98ba188383cdb63bb2916fdfedbf976cc466daba4a8493d3695796604859e85c
IDCDU01	0	1	861e0e7f6895a445067f57f873c3cc6979219bc3153fbed48e94e4468f91960c
IDCEC01	0	1	16d0d1d89bc28e5deaf71ef74ecf6780ec686837f5b47a13b46f97ebdb6e788b
IDCEV01	0	1	ab788dd409b5f55276e08b6bdce3e00a08362726dd768e05508781ccd6ed1e90
IDCEX01	0	1	5f4d1a1bcfab112a46346d5bed0d81856fe0cd8e5bc692b62ca437ac4bcb401c
IDCEX02	0	1	04b77cd64b706e5a531a33b6b7f89d0b39f46485f9d29216aade3b05ff326ce3
IDCEX03	0	1	9a4a4cc0ee1b0c582b2897479a2771de76c5bbeb9be3d17fe7e6a4560d251bc5
IDCGR01	0	1	de33e4f2e7374116f2a9d6c9da910d28fe940a3e2a11441c9c2ba9e512b863ca
IDCIO01	0	1	45ec43fa493e7c303319e239eb099f15644dd088813e560e562721c0b6758717
IDCIO02	0	1	d68bf6ebebf63d10ce90fc7c7ad0ac2b2f08c0c5ce8298ab81e0eb49e551a7e5
IDCIO03	0	1	469b9f9a0eb25d130a921b8a0d1bae1da012c3e248e12a8823e561e2931ed33f
IDCIO04	0	1	62e8d19fba9dae1db978b5666a1ebfd95977778a0023e010bd1a32725c3d758e
IDCIO05	0	1	973745185efbcdea32f35e14ea495066a0655fc852a0d2065339edc5e850058f
IDCLC01	0	1	60bf29b0619b5b9b2c29c06d5780e384e78790019db4d535ad5d231d7eb3e350
IDCLC02	0	1	d5c5164527ace4b4a261d2f55720c464fc9b074125d7be5437008cc72c192cd3
IDCLD01	0	1	6e5a26ddbec0feb93e58cce6a9f4c53fc2aa07b15a3a94894111655a31256361
IDCLM01	0	1	f62b83d864c238fa15ac8530e357267a344f67c675ded811bad12ddd0014b4e6
IDCLR01	0	1	c934a1675a6b977afb2a8c5579f1b7d67e274ee61771e4e6f6d9c3b192e89d5c
IDCLR02	0	1	08659fd8a77767118df9ffb857d731f44c627b7aa85c722be9c014133cec9baa
IDCLV01	0	1	a1c01ada4a6714bb5c73906a49484f32364dfe3d47934c1fe3373cee824ce83b
IDCMC01	0	1	b5232eb8e05d4c42eda2a3b2c92da44650470ed183ac9adfce051511dcc281b9
IDCMG01	0	1	b671f6ed4a1725b744aa98c4724eb9aeae0638d45e85cc4d129a32e38dfa46e6
IDCMP01	0	1	82be36500bfed2109620d87d3f8dfea7f369b733bff04dec36be6dd74af67c0e
IDCMV01	0	1	3fd45a0dc53c531e924726e6fc654c5f2715a6c60d7dcfb3c9b1adc07325c4b3
IDCNC01	0	1	6a46cdafb7374bf338e9922e09ce7c58319ee7db402876a31a2d415e225f1585
IDCPM01	0	1	8a6086d8e381296da7f7f44dbd042365465309af9b846c6619fa61876c721ba4
IDCPR01	0	1	7762cb8c900c8c4853e533c834e84a9b0bcfd4a3acd359fe17aee77b0419bf71
IDCRC01	0	1	2b479573f695907614da63853aadb5d4077bc79d7c614ff1983cf88f885d7fea
IDCRC02	0	1	915b477c8dbf4881aaac867d6a662393c64f4445eba4025093a9b637075c9e53
IDCRC03	0	1	b82010d49fe48f74b1c12466afc1b3fb94701322f3421b561a436c47a593c48f
IDCRC04	8	1	b7b03b91dbcd48218727f6a9a8a892b08fdcef75efd3faae543ff0f612ec89ae
IDCRD01	0	1	44904e14b92a9ffa53c5158445300ecddf9fcb2d9a23cce47cdb9362c6a42083
IDCRD02	0	1	77a221ca14ffe8a3dedf97953aefb19fcdcb86b515be211826ac02edaec8d5ab
IDCRD03	0	1	fde12b29ff810b94e19015d468ad42ac2e60131c7ece48fa98c6367da46fcdf8
IDCRD04	0	1	9333a64102522c73d0b970895635d70a5b48f5de0fb3f7adf81ea23af14c19ec
IDCRD05	0	1	144efaedb491ae39f60067441894ef932f1f5327b57f6014623d17a5721fe868
IDCRD06	0	1	40ec65ba4d22b36407b824fba389161c56f51cadab3d2a321bb2b76e4286074a
IDCRD07	0	1	9b9321894ef2dc63f8e12a9abf81f5b9157e6a734c09e7d113bb4c0417ff80c7
IDCRI01	0	1	9ca8c8689a69fc6cd066e5c48be3171130b21037383b0d3e48fe9d7c679fdf22
IDCRI02	0	1	26d07805ab096d71b530373c996349c116c008d76f61e97e7d299989517c17c2
IDCRI03	0	1	82b0be6bb02605955d6a9b22cdccdd35333a8f8e2467976b90b0a3d7ccefa9ef
IDCRI04	0	1	2d39515b1f14056ed45335207f1267f36000a5595917d36d25a401f679d2933b
IDCRIFF	0	1	e276edfea39b4fd17b076e2082d2a06055043d2f1a550a51518a251c33a68d2a
IDCRIKT	0	1	f180bce954972f4494c8294bd7c750e51e30dae2b5bfad84ea690590ac46daa5
IDCRILT	0	1	0c6f0eb3515f61b283667ba0aee2e13b99bd592a607c4fde6924f3abf8e7bde3
IDCRIMT	0	1	840989d010e3da0f5d6a99edeab972cce6e274558237b69b84ef53f2d1d9c52b
IDCRL01	0	1	818291c3eff5c2f4c9b03ba826b688c3d8a4c524955cbf167d98b4c502cad57f
IDCRM01	0	1	298f5041abeb128c5e0a663d257d95efed528a315ec43a8c06e6824f760f9351
IDCRP01	0	1	1cc8620e6080b0903465d10a74665fea8335b68b63c10479f595c8a13c622189
IDCRR01	0	1	c5bf56e8c54465c4fa7ab973ff9fd6b7ac1d9c3c469dd425e473ff7a73371dbe
IDCRS01	0	1	77b8149f8d0fcd5d4cd167c61d49972814879663b22fb6877544c16fdec369cf
IDCRS02	0	1	8e01e54be3bf1175b3c769142abb158ee55494180c935ad98ba41ad304f7425e
IDCRS03	0	1	45fa2a37ba434be342b5a6dcff623163704250509f22a8eaeb2cb66228a9e6e4
IDCRS04	0	1	a0108a562b5b70564686307f854f7a0b4d01f84895f2504783f95b46523214d3
IDCRS05	0	1	f74f105b0b055b0077ae05712f5a2b322f15f9bea63a937bc2dfb2111edaa9ef
IDCRS06	0	1	1dbc03d346087e75397e8015bc3a0f337c760aedac89ff588fc7f03e7a5ccdaa
IDCRS07	0	1	d40a2e36a43395e27f352183c875e52ae9a096942bb0e5ab38c99ad00ebaebd3
IDCRV01	0	1	31035868211ca277ea539523f41214d34fdf22567744d9aa392f80b3f4680044
IDCSA01	0	1	6d3d63d19002a1f1e46a1857dc9b44af351cc0fd2dd2e67172289f123188e31c
IDCSA02	0	1	b7c3724ddbe699bef657d7576c7a339d4113534d9d5cadf15b400ef3d8ad0a5b
IDCSA03	0	1	9427bea9c6b0927308e9ee4a7644271e0b1de27801f9cfbf1b4b174080e50176
IDCSA05	0	1	889363d10bfb8ea92fac027350214120345fe154dd77b408009bd93eb49a6d8a
IDCSA06	0	1	59900b6614249211e2504b83f22df569e7ce9b7eb231322266c8ab6e4cb255d0
IDCSA07	0	1	ac2daa64f9a5debcad15ddc69061783538a02a8e29ca7b0ad60ad00b4aed2982
IDCSA08	0	1	6b6042d94908db5da5239739a430e6cc6f59f49ecdb451d571f90a394b2c9a98
IDCSA09	0	1	10084c94a1699970190ec87842bea5b28c6e2f56ebc809aefeca66b591c57026
IDCSA10	0	1	ab8e83a3a800d6169a7f4d252f3ce6f81a9cbe0adab6563baf165e0a912922c7
IDCSD01	0	1	259928d96f1d88fb8202d0121358be999ae722b68f3d3ee765444a3b1aecd2e0
IDCSG01	0	1	32d66ed574307c3a252ce4ae477537d87d80fd1bb4d7f85d5e6ab74729213c49
IDCSR01	0	1	6bf96514e9e4f6dcf0db1ad0d8824a8e9f43e3746784539d4c3101156ccb3e86
IDCST01	0	1	10f1f1e1162eeb7572f12972cdfdb93941f29b400a0710c86aa232ada2633bc4
IDCSV01	0	1	00afcf1d08dd952ef848ba4c461525def2d3c5687cb0febb02f4fbc04a5be9fe
IDCTP01	0	1	cf666b8ca7be7cef86a7f1d712fee24643214f8b79cb454295e32eb28716f83e
IDCTP04	0	1	8c94d54486c37f1ece3601f9a71a1486bba62c46ecc20e9d1b75900b0cf37b99
IDCTP05	0	1	cd13c1baf91870774f73dff950b0724dc936685fcc6ff6eedf584eaa1ce126dc
IDCTP06	0	1	a0f65f925dc1ac4e809126afbc2bf45afc287480bc7d7f18ca5f83045b612e03
IDCTR01	0	1	29437bc8a62451dabc2dc9a4b4067e56089de107d02bc3d3c860d6da1ab570ae
IDCTSAL0	0	1	3e102fa06020865268403944efb7f774670fea9659fc007f1159d3a0ae06facd
IDCTSAU0	0	1	88f958f70daeb5bb8ff947b6de966bba76ca379bb97fa5738d7a491770032a00
IDCTSAV0	0	1	9eb026ca8c5a6e52f1defe716bc74594a65b77b40f199091d675cbf533a4014c
IDCTSBI0	0	1	81b29243e50f7bf68d9e1663de2aa63047e9597d6aa568f467f0fa138958831b
IDCTSCC0	0	1	4ce8104efc949a6f4694d84467d1155925a2f6419b14c389596ab8efc3e71f0e
IDCTSCH0	0	1	5e21183b51297d0ba91d0d52fd76a62eaa137cd98e44e1aa862ed25a6ebca17a
IDCTSCK0	0	1	b42ac91254e77462022d6af4f0f7b371bf122b1804e2a6654d1256e10c5e3bf7
IDCTSCM0	0	1	39724f32133fd8d5838bcc4c0a15720dcdba7e2cef462ed947a33758edd76f75
IDCTSCN0	0	1	0493956ba7d9841a9820e8a0978fc4c328d438007515b6399f1a02c6b24cbdc1
IDCTSCO0	0	1	f8055ec7bb2175a382809c15addb81b65d545b9b388bc6855b984d3a5a8b43fb
IDCTSCP0	0	1	d5e96dc19b44fa26c29a974617c7e9ee97aa3db5d5d54be351d56b831e5050f4
IDCTSCT0	0	1	3698620b54205eedc8d41faf5eb1935291aa688c6e8f747d5941b61d16d742b0
IDCTSCV0	0	1	c32f67edd1763ae82dcc65aa4908e7ccfba3db6f8bcbd3a578f642f6717c2e84
IDCTSDE0	0	1	2a094f85853e19a15494261166d38c85a1bbc9477d6ad4df934e7ddb0121eb7f
IDCTSDL0	0	1	fabd4ee494116db8cf864fe76ad9211ef34b74e1a79ff27fd05c7384c95199f4
IDCTSDU0	0	1	eee93c2a821f0958363a5722ce9e1092949b913c74358babc41fc151c57dbd37
IDCTSEC0	0	1	4bbf76c7fde578972bfa443a8eee7088aa9800e54c755456f6e3ec21b8caacd8
IDCTSEV0	0	1	db51a1f427a186909b8568c191bd5e7026f3a9a1f07044071656a861adc7843a
IDCTSEX0	0	1	26369a9c7b01aaa75057624a22bbecb80bc96d72e249e01273b6355eef380224
IDCTSIO0	0	1	9c849f9f8056070feecb3ef6bc05f669da56a3f6cc8284810d09e0863178c7da
IDCTSIO5	0	1	0b8e8c48a5744cc482411d474ed579bed65edbfc7998a9199ed132e2f1fd0b99
IDCTSLC0	0	1	d224942cf0ae342043a54f74f67c4585182edd0214388b298e39724b5429beb2
IDCTSLC1	0	1	c04b9f389124f91812940f131f7bb4c3fe16c9f17131f40636fc461142e82ed7
IDCTSLD0	0	1	c20a590bc3512e49d39ea2792f86fa943ced719f35ff235ea233b0862ee55cba
IDCTSLM0	0	1	0c025c022fa5712fcc163f251b4cb7a93a237f9a7eb35fec9e5a5faaa9e01d27
IDCTSLR0	0	1	0f20d85148450d64215f3dae2d784edcd28bac7ce4ef0e211bc32e757f92da0a
IDCTSLR1	0	1	ca58779367c16ea79c4a8fc92a2bf2d97e0426459ba7ac7d022ab705ce80e51f
IDCTSLV0	0	1	a46d6e43bb931e51aabaa10fa985dd4705167e9e203b2cc2950e98e34423867f
IDCTSMC0	0	1	9c285994023f472397d9992346ae5c654b19d2c583f22035ecd3a397e944a45d
IDCTSMG0	0	1	04cf512656c986bd1c9da6720f7b4fa38f5884fd2922067cd1a6a1621ccc8e30
IDCTSMP0	0	1	3b6995ab1e96946803410ea2ad56d75de0a94213c18f5a211d4b628a0b4f7649
IDCTSMV0	0	1	60c0e1c300028308883fac722d3308f1c786f21ce25f9c78f8ebc286740c32f1
IDCTSNC0	0	1	bf34a7aa3a173c148818a9b294744872b1875f0cf5b8ee39b430cf7ba8f01b04
IDCTSPR0	0	1	0124bce4b5e357502fa37b54d264cf1ca5f5696a76d74707943797dd74350a45
IDCTSRC0	0	1	8832fc331d5f1da450fa74cd389e99cb7bbe2b205b40ac22bc8717818c49bf2c
IDCTSRD0	0	1	7aed6a5738843dd2ed4c148e7dd013fc9d286171857b42ade5798266613cb7fe
IDCTSRI0	0	1	8c40013ac7e649eb0bd30a9cebee728e184065c90a2b0c7814fa8fdd26fb847f
IDCTSRI1	0	1	90d21db3dd42a5cd26622e23fcd3b3fe367956a1f7da4fd7adf3670754294880
IDCTSRL0	0	1	f593e67703a1ed3870b35abb8fa71094fa7c52261fcb9681a8061d3c9e9c473d
IDCTSRR0	0	1	d282240bd037ef1177cc5b85b509a369cb05a0e61da7a08166d636f56533a240
IDCTSRS0	0	1	e17726649fb9c46c9413be0574cfc5cc9446413854157c8b999faa1d4891bc7d
IDCTSRV0	0	1	5f16fba6e5c029ed95eb7a00bf71df8419f61b68c9568793e1b03604c27b7eca
IDCTSSA0	0	1	ae64301eaca780d55330117abb123e55e553b90ed792264e879ff52609a2fb31
IDCTSSA6	0	1	9abda5b7c632e7c3e6281652bc405d2c19b783bcf91c2e89a95c3b4448379f43
IDCTSSA7	0	1	ad92a278fff056a65e60ead77fd0dc6e3b718e79e418d99933cb67a3b71fa2cd
IDCTSSD0	0	1	fac77b95a9951d3f57d98aa4a400240109c23fde8526eb09594321afc0f44ddb
IDCTSSR0	0	1	c53debaf74d2cfe5116330adfded0e6a6e3ecb9fd64f4de75459450d935de78e
IDCTSSS0	0	1	faad395a3a3656225c467556286bd8f1bf39d6bfb253427a1251a7dd0cc2ed57
IDCTSST0	0	1	59075d93902fdaa3fdfd2407a16f07205afb220512074ae8ded9ec0cfb62f46e
IDCTSSV0	0	1	568f3c594713e715095863292e454a22e63429beb5126217d5c0a599fc3b89f9
IDCTSTP0	0	1	4d95de81ccd33ab2cbb5f592f377866f1ef23a1fca837d6bc8e7bec64764313d
IDCTSTP1	0	1	1da67d0658772275f6817594a85b684557551e7b4976dab8db9a346754d75ef8
IDCTSTP6	0	1	fd3260455d1f188c07790f44c768cb5d40709ebff77b1c8106241423428941f7
IDCTSTR0	0	1	44055ee1e262aac87a87a7dce3120c94f0ed229d22d7ce4d8f5f6bf80ead3846
IDCTSTU0	0	1	1e6cf4946898d1f882c31d1d4c0ae6f30d68b8f3b92402efefd533f93cfb05b9
IDCTSUV0	0	1	e24be8f01eef900f9066b899cf807eb372ac78b68d8d3ce9351ab0ba50c4066c
IDCTSVS0	0	1	04f8e806c5c6a0e081012955367c51b55f6fdff2345541c88d34f7d50d70431c
IDCTSXP0	0	1	7d155f2210e130195b511ee9cb6d967a5c2ab68ceb199455456eca1c89d43377
IDCTU01	0	1	40a4297927aa09a0f26263d3eb760044bce6472e7d171f54c7fe89d529863b69
IDCVS01	0	1	00ee06674edfd288ad42a41c9deb3d81f7e19dfe53a55268232761618e109ebf
IDCVS02	0	1	1fd93360ecafb5cb6ce1bd75032014b0ed4b1506e471e5374d784764cd304291
IDCVS03	0	1	eff90a69f8841f1326a74ec68c892233ba16e5663cd5a6acd311df6bc6e773e4
IDCVY01	0	1	d2bac63c81282491d08552376378a539323e692e7c9740b6ffeab88595a1df1e
IDCXP01	0	1	9a3329007489b529483df3570c5ef84397dac68af824170c3c13c1d59ad17520
IDDWIAPP	0	1	fa82345b45e9f1648dc733be1ad31935fa1215bbc4e53c665b08e4a886526408
IDDWICLS	0	1	4ee434de38fe8edeef0bcac7d0c77b65fb8a5417d6f567fc928210c46373cfd9
IDDWICPI	0	1	dff5a32f5aa85f3cfe304eec96ed0420dd3da74a2e52f2888dba446a397e8b99
IDDWIFRR	8	1	e624ca5bbdb20950b4afe4b934572cc5fa9144ac4f9c659c1d881c6956d3f58c
IDDWIJRN	0	1	4d933ff644f6e9d4ff1dc25b2c4882a0511d6c165e952922ad9f232d42955e16
IDDWIMRG	0	1	49d629826fd83ff4dba580091eddb1590a08a371be0ed3c4c93e6fbc092c871c
IDDWITRM	0	1	168fb029fbde8ea2ef07502702cd749da7cd8914c11c7b2fdad7cccf8f4f682b
IEAFTEED	0	1	e5e4c5648dfdfe8b8d40109a2bcaeb73e1cd2f891545703184aa889a1c0e5145
IEAFTIHS	0	1	8b365b0a33496c114b38515c457bae7bf0ceac4506c5b77b4aaf400dbcc04195
IEAFTRT2	0	1	c510171fa5e1cc96f956cc881a9a8c5e1d5071ee9a9291b3d3a60b77e9ef080d
IEAFTSCB	0	1	8faa81159f78a0f761396fda5cf12cbbdfa05e659f7d8353c0685d172f798157
IEAQWAIT	0	1	c73fb32875d9e83c3b8d1672463a3cff24656437240d1158693e0f05117efd78
IEASMFEX	0	1	b7d6d6dc830caf80f9cb11dd82a786df565a9845047f62453e2977bab55908f0
IEATLEXT	0	1	0ac5d1b04b80bfaa6dffe9de8188d14e992c67fe59a4b2517e66ea55347844ea
IEAV1052	8	1	51fbede1fad61b383b7de99f6919be9be8e5f807b44c757a8cd4d7534f55f203
IEAV1443	8	1	26ce48efa041769a3c660ee139507ab3478738821f14f52b1c1f171b28d2e3b5
IEAV2540	8	1	d10649baf5d36dabc9f82fa8a5821dfdbe7e40b94854a77ce6e45fa74daf3d5e
IEAVAD00	0	1	6d80becef5d9885bec0a2119335cbb99267ecc0d0a06d6eddd703cc9542fdc1b
IEAVAD01	0	1	a454faa93aa859bca88d1736e5efe176d36d1909ff278c1337c7c1ee83e14250
IEAVAD02	0	1	c6060124eaefaf26779b7c5c1d216eaa870d61ffe218fd83771b2b6c64ff1fea
IEAVAD03	0	1	77e0d5083d993614e757246a43c460c0c616611ed6f4aca04c45a7fc8e8f37ed
IEAVAD05	0	1	a624e0f3dfbde8518b2bf3bbb99f579c32bdb09b40e817782bc167a26e25aefb
IEAVAD06	0	1	c6499c405de6672bd748b8535b1867a501453ede78a3f14761ec435dd6da4d5b
IEAVAD07	0	1	d267a2df3ababcd8cb742dfed616ebc2ecebae655e416b887ef36a664b8f38d0
IEAVAD08	0	1	c21bd56a085c913331e67a6143456713a700b43244b690cee8081a8ad989344f
IEAVAD09	0	1	87958ffb0d781e63679a9a96a94d038a27907c2ba9edf8246f9ec1d8da200fc7
IEAVAD0A	0	1	3514ea74c221f835092f80fa72dda8fec954cd08bd9ec26ab25da176547ad132
IEAVAD0B	0	1	5dec7adbac55960a365196f8450d6695c63e6c50eb83da88d7bb6ad4069aac5a
IEAVAD0C	0	1	f14f5310854f7d5ce06ddc21d58b00bad2c162742baac32bfc0fba95a7f1f322
IEAVAD0D	0	1	dd04d6be9f535897cb7fc80161f2d0e63f545350ac78c9c38e75b4c66c01dd45
IEAVAD0E	0	1	3a0e6de25802c5b697744df7fcaf132d50d6017e6154679e12dfc12e78bffdb7
IEAVAD0F	0	1	71e93f1432dfff711d0e4041d44da46e55a85603eaeb496ea9a138b588652868
IEAVAD10	0	1	2c204138f8f9edd7d90458431b8b9a926ee85093c0649682841a2b3e23294d8d
IEAVAD11	0	1	2b56d858fe94f9655bd800c302168d737ca9396d95f8302e02e26a247fe82959
IEAVAD31	0	1	bada2d4a0c72acf09b0cf7b36b785666ba2573dddd232948376d7a2579d5807f
IEAVAD51	0	1	260d7ec60a0f9a67de9374af6437c49943418c22a21a348e0abead4ec218a0f3
IEAVAD71	0	1	0543088d38d2131be8aaa477a71559652fe1d448e6ce39edd16adeacf653f154
IEAVADFM	0	1	c75ef3fc0167367b55f85b27d18c15b3cc58532fdf63b37f075325612374f7b9
IEAVADUS	0	1	1aeccaeb12c6a680e9161ed14f6e75ba419f639b7ea333c53fa14c1b3c78db00
IEAVAMSI	8	1	45007adf5b70f25e3367b4e577e47c128a819c61d79a8acadb7efa9b3b897588
IEAVAP00	8	1	4dc9d193598ae62deb63f192d485ede19971b2e859fc582f752a1eedabcc4626
IEAVAR00	0	1	7ecfe84797a4ab55e99517d2114232f8b2e6741902d14ddac1e7528fcb786292
IEAVAR01	0	1	1c7eebaa59d31f38c901a423f61a23b399f918933335e14fb7cb2049cc009c80
IEAVAR02	0	1	e483357d8ad94b8374399ddecc68581cd5d866b0c81f528ef1caadfca637fea2
IEAVAR03	0	1	1507631eb176ca520a6863e3f5ab3350363f6ddad5d01141f8d94889e3096211
IEAVAR04	0	1	dc1fe723a8d36e60cb19c4ed930418566b40e96659a5e94378f161a956be0cb8
IEAVAR05	0	1	ce375bd007d7a323309755046bb901d5e92e2ce7030ccb84f5dd1c619eb833db
IEAVAR06	0	1	b9d5a284dec3870c71d71795390a1fd54fcdc5192b891b1fac93d59985d9aa44
IEAVAR07	0	1	052eac219c9827152cf7bcadd2758ab5bd89d44f82ff015d5883f9d11fc67399
IEAVAX00	0	1	f51d0e2ac0cc92a23d84a99825187193e16451c2e9927f7f67b21c478ce50f43
IEAVBLDP	0	1	8388a155cd4f9391bdafa88940f0de81a0f5792f494f4deb6352aa54145a2eab
IEAVCARR	0	1	e0dcbe2da2387f45b0f8b0083b75b24a134542894aba98644e4e5431c83557a3
IEAVCKEY	0	1	989122d1c0040b5ea4e6c161811806a320a2f93ea7394b3f9ec0c86505004902
IEAVCKRR	0	1	5326b619da88d1cc762e343be1ab91899611e05ac1b2e7dab206b8be6a6f7257
IEAVCSEG	8	1	c7fac557ea640bade633c6ed89f28392990ec5843623a059d1ede1d04ffda441
IEAVDELP	0	1	7bbb4f3ea70cc4320aca4cf1d3c492c11211fc6cd718bdffd5deb7f617f40255
IEAVDLAS	8	1	d85c63327693b20b2c9de0772948338b7c0c19afb455638dd133b383d6f4e677
IEAVDSEG	0	1	229f978dffc10e38f862d33e9809862a3ea5a0118154cc84cf378a44a7a526fc
IEAVEAC0	0	1	b12527a8c887c3b62c8e2fc60e7a829f08cd093e036c5e17a2659db001ac4296
IEAVEADV	0	1	4237f41f1fe82ec52a79f26ec2507480aab78b7d47dfd32e419a7ebc3227960d
IEAVEAT0	8	1	bed769e2a4c2be5f6825fa8c81ceafd7190c25286b6973da439e69bf95d08731
IEAVECBV	0	1	92534db8ff0aa2f8ba0c8810d9aced752a5a0652db6145946c983d7889c44ece
IEAVECH0	0	1	e572f048e05a2691f046db8024dd863333566a44993e7fb5a933d3e1ac106f8a
IEAVEDR	0	1	4de2a3e146428b4dc70a98528047ed6c5ae812a2aafa2054dcd9f4ca25b1bbcf
IEAVEDS0	8	1	01a9414eafffa5cf65f38e7d3cfc7cd4329ce76e54c43d6c3cf0fdfd0147ee70
IEAVEDSR	0	1	dc0bbed3cfaeda5b3b3dac663c3965e0de27da1bf96ab27103c11fcf6ce310ad
IEAVEE1R	0	1	6952be75757449ae180bbbcf5c64046e9a84900a1fd159e839fa57608c104279
IEAVEE2R	0	1	52bd3b456c4cdc0e95abc1a3469a48e40db7e6810a350d55b937b515989c983a
IEAVEE3R	0	1	703570134692ff8d7d4e74d966be4d53c024452a3c66621d49c248050819c88a
IEAVEED0	0	1	00563acf8cd0a7539c5403e24bf4462ede768e69b6f330767fef8a08264f7156
IEAVEEE0	0	1	65cea9d2f40fafb2a77627b4acd05c684a735306dc77f5f02c736d54f4a1d15e
IEAVEEE2	0	1	10cde708d9d5fe8410fb9df5c9e70afd151494c34b44c57eea98aee642ec563c
IEAVEEEP	0	1	3c0235cc5b843b7e3395c35ae0d0279b47ed7bd2af4dc37c99ff184adf951faf
IEAVEEER	0	1	dc825ce2a9cb1924bfb24c0a7c55acc04808d1c43c5dbf9bea8792272da3c0d7
IEAVEES	0	1	b93f6ad200e030343b88bcd4363f5ae13c72226378a45b594c4465d2881985f3
IEAVEEXP	0	1	67ffb04f908b3107fa5e09dc7c0d484864226c431729db7f9e7b6e68d0d94fda
IEAVEEXT	0	1	de50fad5cf921b476540513d3c9ea8057e7ac35aa94d773530e9d0e9dc041463
IEAVEF00	0	1	2588642344d6db30c7c97dad325b3b9acaf4c4c7e62e47bb500d352dca348793
IEAVEIO	0	1	09bc20a63d576391049de131f46e61b29d2f2712b9f70d2bbb07917b8662fb57
IEAVEIOR	0	1	7a97f518f49ae5e6742437262427e71f59aa0a359f09656f0a129c655994afff
IEAVEIPR	0	1	c0f50087b079db5f18500637bcef592247b2c9ecc4c320cf273d0fc98b231bae
IEAVELCR	0	1	6d1442c89ce497934d90c04478ccc6840432e6e1360115f98e3f44e7c2397b70
IEAVELIT	0	1	5dc4f3dfe4e99da24b40c0a5c866825ffec0c040b32b53d2c8dd5371e5fd565c
IEAVELK	8	1	3646337e229c7d7227bd51d501f5b1860ac1d244baec139150e13652d0e25a53
IEAVELKR	0	1	cf61c9ed8ab040e41cbfbfea7c7e764255bdee6dbe5584fc39b4769603fa330b
IEAVEMCR	0	1	edc6090ca4bd204b6321de7ed49da85e02b3029fc16ced69e7fafc2d2f2feabd
IEAVEMDL	0	1	5390f05654cab8c5fc10e08346af488a53ab905a1d4683e28c9322fedf548e31
IEAVEMIN	0	1	9c749526e8a96b3b0a09e1ac306d2299704fc0eeded27978885ec20a0ce768bb
IEAVEMRQ	0	1	6f82ce84dc24a80f3d93a12b1d4ba9f33a863ee223194df694e4249c2066a3e2
IEAVEMS0	0	1	714d16853a87a634a225611ddab7373dbd51567232558ea989037e9e497ab862
IEAVENQ1	8	1	d6fc3d4fcfd204ed3955ba8a65ea81889ef396f1f79392a134918959bf378044
IEAVEOR	0	1	0392e9b45ecea622d0b921d142540773c36596f238aa8f97346dec0caa57ab23
IEAVEPC	0	1	717e4e712ca83f9548f04d884a3cc1201966c7b8ae7351c8084150220e7cc09a
IEAVEPCR	0	1	3a77e19164c81e36560cf17f6c38eed3da9f7d1518d5673906f7bbac8a90a10b
IEAVEPD0	0	1	ab6fec56b6e7f02b4a42891b60dcfdffee69805a7f099d6943d03696dde7555b
IEAVEPDR	0	1	627f8e94a27edf8e9edc82e0c0ce15f85a4652aca2deb2674b7fd4916bb728f4
IEAVEQR	8	1	14959bbf5671da8dac1969e0e9ff3f42dc752d4f624e0f2126d965ee4bc55014
IEAVEQV0	8	1	a838dee58de8ce0c55601006dafa951da211ccde1ab82fcc430137f28da4118c
IEAVERER	0	1	445cae21f2b87cc22b45265a7ff9c25810818c5ae612db8ca61e96eaebb7b553
IEAVERES	8	1	145b3819fbcc253028fbf71f527eb7146521cf98bc13e466985bb854c20cab60
IEAVERI	0	1	b79efb6bc3f85a9ea6e5d2e0767d093e9419b1834468341dc4c2044a06322dd7
IEAVERP	0	1	6e79182bbfe1fe68ff56938cb8660f9e2698f129864da56ab4e7b7b4442f08a4
IEAVESC0	0	1	2e2c11c1660864bda2fd495416e7ea6c575452018718c92c7124974b65028fb5
IEAVESCR	0	1	8fed4a55b8645609411d1114a5a4eb939661963db852ce2ff4fcb561058c4963
IEAVESPR	0	1	d47f975b3ca8a3ff7de0d5ce3566c1d4d2d20c4f48885650eeac347ff40e6ea8
IEAVESVC	0	1	ae5d5ea642a63f48c1976f4d605fadb8e3adba07b90465f11fc4aba0c9b9d42b
IEAVESVR	0	1	93aae1d1a09a03030b44284687335aadaa0b4fdadc80be8f1af71a75b9ebbb56
IEAVETCL	0	1	64d44b82ab97a6330ce530219018f02197b55fb4aee4aad535654447a0f6ddb4
IEAVEUPC	0	1	1b182793d9d83fa7277a639a2633f5856ed92c4a30e4016cfff176a330cda9f3
IEAVEVAL	0	1	aa0ba2f821f54681a76fa120e11b619fb68a469af62ab9416bcbe38e10bf6018
IEAVEVRR	8	1	fecb3b5e752d68b42d3b08638ccf8a9baa6dc933dd8f8cc31acd475689e6335e
IEAVEVT0	0	1	487482a546d34797ec7081968e177fdac0e10364810e049a5bb0c28ffbf81768
IEAVEXS	0	1	15d0701bd0816188d485b0827eb60903c0d1c9b6d78592ecc077459f64ccb896
IEAVFP	0	1	769edf56c5887b7650326b57ee0076e4ff8dbe37e910dfe432d93fb0a7652f78
IEAVFRCL	8	1	c26229a8c8a5e78e58b47354be3f3d64d81f190e38667f83894f6885567a0a6f
IEAVFREE	0	1	b7914c58078e04fc7ec2a53d3258fab9eb950e873d0e748f51f1d3dc2ea7e90e
IEAVFXLD	8	1	b61c2f0fc2bf158f5123191164861fbdee402bb86cf4889fc2147209c370844f
IEAVGCAS	0	1	8da6d401b0d4e5014d24c0896a521e9de049bbbf7e4a4ad83bc804b31e74ea0f
IEAVGFA	8	1	7e54246b0c68d0e57823d8a16b79fa9a131795cce0909463104fc83c49b97fb9
IEAVGFRR	8	1	520e1313003d14f9ac1647e95c964fc9ea6f803556e40f0b5d6166e92ecb1c8f
IEAVGM00	8	1	7ebfa04263d353ca849ea35703ea739d4f63a6b6e1e283af3ea0d044d8df6594
IEAVGPRR	0	1	86c676c740a870dfe00eb64c10faad722b90ebf9c7e839a19a3b60e33e3f42b7
IEAVGTCL	8	1	b2d8736c410303c61695564a9f7ee1ab43d00db22e0c3975e983df061c45a274
IEAVID00	0	1	1bca204f63eb4269e57c7125130f64558f772b67510b3e38e2cc703130f4688f
IEAVINV	0	1	1ef2ab6876d2ab04e6ca6246abac76c0017f8ac2d04ec194f14d38fd18cf4893
IEAVIOCP	0	1	ea7955551990e595b604fe9dab8e78e6a4279262c8c5618238bb740b33fd2a76
IEAVITAS	0	1	ac349896605cef0d1e2fb410770076b64effd03aec6c6565f0c5b1630cb5a517
IEAVLK00	8	1	15dce66da3767b15f49a9a732f2b06ac61abd1708f89b363f80774d41f8c754e
IEAVLK01	8	1	170c24f7256cc155e37563f79bf43e928398bd5c69eb45bc4e4d0b4735372b8d
IEAVLK02	0	1	9c793125d3e1997a3d747f75eb2f5b586e453a7de1422eaa7f3c4b470bd0c641
IEAVLK03	0	1	15e6843df01acdf49e0995592f23596a99b618113d8cd9d32f6d9420f044f745
IEAVMASV	0	1	89ecd2beb2e39abbe71db81d0b6d2bdabca8ccf1b216b2ca4d6223733ff43767
IEAVMDOM	0	1	fd0110895601ba5ce8d44c6e961ca76d94de14d959ad02ead33daa5bc9edfcfb
IEAVMDSV	8	1	f0d3cfa87b664b2fd2e76685792f9e5ade2a1f366b44d5d933eb12f9c1e359e3
IEAVMED2	0	1	4f4d5c5af276133a16ab4635a7af2f1f555d23f7bc3e40e64996aa4cfe7d6a2f
IEAVMFRR	8	1	db3a5494f1158222ea02350e1fa8f8f449258d2c9effdae48d8b60ad6dc3f8d1
IEAVMNTR	0	1	3e4b29bad7027f8e4ce8dcf1006a131f5b7954dc9305788dbdcecb821acb7257
IEAVMODE	0	1	49cd6f74bb78a1e193d213baf70c182c52b06c79d8027bd50481e26d143bc814
IEAVMQR0	0	1	09e6f03012950b4ed282e84b8068de1564224d93cbd284987bc1c54235853d4a
IEAVMQWR	0	1	5eaf1fdf6386120e771d46b622c275b82bf7988599515f5044e17a7a6c895650
IEAVMSGS	0	1	aa3736fb5a56437c9d52421d12862cfed3ad6e0dbedf35e9f9ec2e44bad04d6b
IEAVMWSV	0	1	a7c82c5dc2fea0b56d31b05ea3d693b5cec532d63b38a91df5ac24e2e82faae5
IEAVMWTL	0	1	4b79aa3930c1c8245247a4596388b754a7b996c2867eec26863f893aa07c3be0
IEAVMWTO	0	1	84ab823e82493d41097468007681cb1fabdfac7668e82e1ea733dc7feebe5d12
IEAVNIP0	8	1	56dae7db37bf62af4a3773c8a103fe72bfed23e3f55d0b4bcd9d47ec0aafddd6
IEAVNIPM	8	1	ac48973a83ca92dd8938036978ed9f326a07e04a2e545a0577479d3bb933c22e
IEAVNIPX	8	1	b02765da286035cd69184cd88a61e9b22b472c2ba5f3f1a18a398e2f3663ac21
IEAVNP01	8	1	ff54b9a9a8e0f15a877e436f7a1e85254b471b3a51e32e0cddb0a03e98c4c630
IEAVNP02	8	1	d935abd793ef8ebdbb73cebc9895393353f52bb8531d2a45b4af73158eb160cf
IEAVNP03	8	1	eb0dba32a3ee386e8e507b975f63cc9703c4e2a19f2ad0c9fa84797117b44103
IEAVNP05	8	1	f95eda757734b6e64644fa60669f6ea8d7daaa5a61befaba9d7e2f37f30d96c6
IEAVNP07	8	1	59c2407c27994d4686caf6b5e31d6cc5857f382d43947d087d4780d53740e4be
IEAVNP08	8	1	70e27b5352f0d48ae17462356f08e47a562369a7e5a67bd14fcfb1015a08ed4b
IEAVNP09	8	1	636026f640cfd7e34f11b66e36a4238ca7e4cd4c0445475e06a9b914d2749afb
IEAVNP10	8	1	10c3eb78c44b52519a0b6905530743a74b0232e17ad088abb06593d014f42a36
IEAVNP11	8	1	5ced01a65562f53c1b3611f9112a1834499c0c46937d5806a16d6084442c0834
IEAVNP12	8	1	c8c1d54ef01b15fec6ed2acc3c52768638296e356bd0472f3c711f36825e7eac
IEAVNP13	8	1	6e5007e099ab9e24e2e0c831d1141fdc8c200127c2be475d079e2e697ba751cf
IEAVNP16	8	1	964a576775fa662468c4aa130d0bca448184f21db7219f882bf1ec31549669aa
IEAVNP17	8	1	185cdbc9ab9df8a34dd08c3a8dfb84d5762a038f6b3639592312054293cf79a6
IEAVNP19	8	1	a9f91a5bf8b22b1f83829ee17cef7e17a271331ccbde27972ad57b6aa473ac82
IEAVNP1A	8	1	837da3f29978425555c7fcb514572e608e2bd96f45fc30da5d27fad683929f8b
IEAVNP1B	8	1	1402a04a22a0d6c317c829da3d43fab32b80eb80655dd00a5ba59ffa22c85509
IEAVNPA1	8	1	49a30cbdf73a006672cf19b8618ae6f0737c093455c6f74de748e033cedaae2d
IEAVNPA5	8	1	4d83c4ee90d2959b50a39b6d22888c1f689451e5f91d17dff56938d3e7eb90d4
IEAVNPA6	8	1	9e4905cf5751ff8fc4beac6351823a72a988cdbfe135790516fb25cd34914042
IEAVNPB5	8	1	a26d9afcbfa1c99643aea6c7048f8e36d1eb0397956bc3209d8955421e86afff
IEAVNPB6	0	1	64f5efa7dd319c1fdf56e11897e39f3dd806a255e2c0ac90b23ad0d2bcee5932
IEAVNPM2	8	1	c2d8cf5608fec026f8366ca090cf304a7fe5b607a57ef75877e85308a8d14f47
IEAVNPM3	8	1	0981d8b0c810f7191c85c4567623ce6a3e13a8ff0a4962f8d967bc5bdfb03430
IEAVNPS5	8	1	f4d6c92e728974b6bd28eaa21d74ded9acd66b9bd8ea0354a4473d4d8e2f5076
IEAVOUT	8	1	2714513e2b3a53abcfc0ee9ae0aefea587ce57a71e769b9be395dca213b00528
IEAVPCB	0	1	da5a09ce432a4011d5726fa503e3292436dbbdd2181ca6a62196b7770237fd6f
IEAVPFTE	0	1	524219b77413667ae897224329e6b9511f7cec4cb6c0b3d00445eb98bd7f7421
IEAVPIOI	8	1	fa8870b6b3b7d9a81a7b010433caebe4e79ffdc734df2d5310a1bad5d819008e
IEAVPIOP	8	1	f8597ee122e9d53c0354d031e76dbf081e989b2a65647665550b999f79985c96
IEAVPIX	8	1	1b36ec57aa13c68cbea4f01723189eae03395a01ef88a9a202daeac2b60a2f9f
IEAVPREF	0	1	4f46121926e85159aed570c1b98d68417d6003c91df671d5d5098eca71bb3c6c
IEAVPRSB	0	1	3ddbc3e45c8efddbd1ee9b828df48e420203dbe029de824227cef783d5a11561
IEAVPRT0	8	1	dc0585f3540897809002fff9abeca9d5eccf02a8977d14f980ad28ac49d5eb98
IEAVPSI	0	1	38b9cdeb09ff79e27dadaca2c38461c7c70a492372a313dab2e6380ec83f12f2
IEAVRCF	8	1	0e7595bd5d54361a68d17973ffb31b9844e8913478cc88e640b04eedf7914518
IEAVRCV	0	1	58d3d0852a30771f55e0ba0a9264be4218c478c33a68ed5e52cf5174176eabcc
IEAVRELS	8	1	3d49aed75881b8437e93be2a09b163ca9925b1aa3aaff826d34334dd1f654beb
IEAVRFR	8	1	ed122302b75eca3e6729f675eba008e6860bcc7ed78135b4b6fe8c2d23050c5b
IEAVRSM	0	1	dd6e50f2b5c940a0d35da669f300ff02ad18860e18b1d7b8fda9f24af76c4dcd
IEAVRT00	0	1	defd4e1ba7d69b6401883e5890753ba1c96720781f44e887278b8293870ff6c9
IEAVRT01	0	1	f2177103e1adaeb9613183bde8275124df459acb1246581377103d48a37a4880
IEAVRT02	0	1	90d7d46eb87e6ceca86ed4adf4176df51292f8889801c349f191759dbf9748ee
IEAVRTI0	8	1	ec5f5b2107975f1dfaa5e81ab2eefb4c592d3ffdc3be0b7db088a6bd0d3e40d2
IEAVRTI1	0	1	bf28769ab7f4a0932fe6c62a6a6ca292add6a8f87e52a5d776cdb67fc54c65dc
IEAVRTOD	0	1	f7cd329003aac4d39a2d18b570991d71133b9ad791561d5137d968b981f9c232
IEAVSETS	0	1	32b5c4fd40d8dc5c003200aba51bdef3e0f9dd40691da7a070b4c3814b4323a7
IEAVSOUT	8	1	8ba221e7a7fffa0ff6aaed2cba463032d47803cf4d936667e705b8b53502ae6f
IEAVSQA	0	1	5cd6878ed65d1b573fa0df24a0ac7bbf990f790f5a6076c3f9d50daf20f23453
IEAVSTA0	0	1	b62ebe305f2f39a40e603d19289346146de419d9f5e2fc699b162f544740c403
IEAVSTAA	8	1	75f80ca9ce1605433b0d333501707abab9e8ee8641e9dd19f26d85cc0a9ac824
IEAVSWCH	0	1	f6707db66d2b773bfc42f026e33866166a1c5db48d49636a5f3b3d3fa5d3a07b
IEAVSWIN	8	1	1ee9e548d62ebb1065086893c2e17b3afe2a8b1d0b5569baadacfb78f5cd1a54
IEAVSWPC	8	1	939f449699c09d3011addcfa12cc9d4c0272863ff3430c16aef201113c3c870a
IEAVSY50	0	1	67d0a0c0461ec56dd2340e44f2fe37b57b8a436d6bbfd74d91e1d664fe92e251
IEAVTABD	0	1	d9f4ee26f44fb493203daec5a0245db62768a1d6cd3aac1225ea7f90549581f6
IEAVTABI	8	1	82256bf67aa89d332c7d85488198f5583c770c09e84fe438a7bfb2f27bb53319
IEAVTACR	0	1	eca9874cf52b9c1d67c0ab70e03769819e69a4192ae905abd5245d99f51aa3af
IEAVTADR	0	1	af9edbfd4b23ffbaec19ef57e981651f55b2480353cbfa70b94d0c90e8afad81
IEAVTAS1	0	1	5138f2118d3161a1c1831e6be9f28ff916a5ef8231cabb6849337346e9a75333
IEAVTAS2	0	1	5451075a5d4025fbf2933391c6c48534894780b1de1600b0e5c957b894e71a55
IEAVTAS3	0	1	46cbea2b573caa41c3de228517c40e13e5bfb8573ede74d17982147c75685c9e
IEAVTB00	0	1	0dad014300986609adaa208416f5ac4a96da19e7c0334282a03434b6dfd73eb7
IEAVTCR1	0	1	418bbbe77d51f7c0954fa44f8c76529d1ccfa01656e32af8d9446c5ce3c930ba
IEAVTERM	8	1	5bfd4105d1e34b947bc57922d8cbe2bc3fc48be55e19865ca04dec0794530534
IEAVTEST	0	1	9f8d197234002ca26f952726897d7ff805d7c9f3c03ccf91e86227978c9eb64b
IEAVTFHX	0	1	03846442bde0ab73a651dd7523cea39d7b8457e5191e5ff8e55065736ff2639b
IEAVTFMT	0	1	08f0ac300e67a77c514243cb55a95b8526f4793f708f6c71682ee9e3f04aedb9
IEAVTFRD	0	1	fdd22cfad1b7bdf49fe0cce95529d5d135009ebaac59d5186aa1b1f29e1668ad
IEAVTFRT	0	1	7cf29c1c608ff6acb9aea4e223d352f7e78f54293fb406ddb14f828385ec5bbc
IEAVTFSD	0	1	2762b3df91bdf2bf34b2b0e3e7e8cbfb0e0cb1e3eca424bb536233be0ed94f8f
IEAVTFTM	0	1	2ff87d08bb3a3a5c64fd943090d7466ddb44dfb46bc2b6bce65ab0f9b7a3adbb
IEAVTGLB	0	1	4e95ba0106681a70c84f4833bfe1569f6f8dee4b6c26d6f60f9a10aca981fd25
IEAVTJBN	0	1	e67b05eb280e79acb9d7b82bb78c4e2da92fd636181d54317829b1b581fc5083
IEAVTLCL	0	1	482058d0e97c21a3f0ab796bc2f09d32a2ebd57795a3a761f998cbcee8976ff5
IEAVTMMT	0	1	45417fd34f91dfe82172d31ce3ea5427f1f28bb1c77a2620c128e26922c4e64a
IEAVTMRM	0	1	e31276c8347887d5226d30dd02bd896ff6c0ce75529804ef1f3d747a544e209d
IEAVTMSI	0	1	b7209fc04423171fa21d077fc12ab906349f0e77c7f345c117d36fed6630db32
IEAVTMTC	0	1	aa545e3a4ce76cd20bd0bf187c6285edee73f9a7c5fe179a73b1a3d7033ac3ca
IEAVTMTR	0	1	3c5c6985ffe4e453050270ddb7ecc920ff545fcae141a2b8180a435d10b75c57
IEAVTPER	8	1	8660c9d6a532d4c25860951a668860d2613cc1cd7cb91071184d13549ffb91f8
IEAVTPMT	0	1	572126c17c4b07efa26a0cec6b685456882e52d132b8ef6264da8cd505e2800c
IEAVTRCE	0	1	cb311136c74911f7a7315f9346281e4e62082255ba2986a1fa0da74affeaf5bc
IEAVTRER	8	1	744a75d1a4a159e4b1f7446905aaba45143f70c416e40b956333c9e2652df9e0
IEAVTRET	0	1	a58965380751e1858b84e1a356490f6af83532e37d64f5ec1e414b705ad22fa3
IEAVTRML	0	1	21474398ef1f4cdb5755e08183d0818c92ff8a05219e58906560fda16c31cb10
IEAVTRT1	0	1	9725de1b33e042132cfc3c32aa75f97b0d37425e92da921d68f2e78abf0814b4
IEAVTRT2	0	1	c599ae9fa97ddf426be7bdda122f5c71d804066ce38ddbb8d7095f049c5dd30d
IEAVTRTC	0	1	1d42c44d15d3c070e99a95065b27da6fed1b186585c5c0631890ccbe6cee394c
IEAVTRTE	0	1	2363092be432f3b8cb5437138fe8b6244c1775f94c7f779c4a0685a1931e6f40
IEAVTRTH	8	1	7ef5478a554707e44d60497c7b70ef20068c82e3ab704d816990b24d3e5cafa4
IEAVTRTM	8	1	be1ce0f485344247e91328a70045e0b369b57a0d0104d6e0f5c30b2498ea234c
IEAVTRTR	8	1	4c9d0c2abbf0ec103595c835c01df1c1e34fcc4e6bcbd5651e0eac45b3b8e535
IEAVTRTS	8	1	aaee00778f195c9f0997a7f94c1582a7c942d250801a6486a9cedeebfbbc38c9
IEAVTRV	0	1	849fb14813472cb25dbd2d8115955a59caaa5e1029e5a6b18acf1a89bda3d40b
IEAVTSBP	0	1	e60a6c214c326e3c37cf5371522bc4a9c056b3aae033f78faf1d33411dcab46c
IEAVTSDC	0	1	5b54fdf4395b5d6e552e1e687508a95df3beecf4c07b0cb4f883e67e33d1413e
IEAVTSDF	0	1	bafddea0649d4beb312b50e88c5141a7cb5646de1c7c76d01237af513001692a
IEAVTSDG	0	1	f6a8fce87178ef7fa1e578daf1c8e19d41742d2646367764bd395e1f05223277
IEAVTSDH	0	1	bd850eb51dbcc95f6d5cb6a95a78f274eb1bbd2aebf919071de3b9aebe3fc933
IEAVTSDI	8	1	bf06ce7556f03d7ff414c7ae9b8e7a3a22034f4dc5d4f0bbcea0d931b8177e43
IEAVTSDL	0	1	b163040f0b2f19f463e0a7ccce41f22417130f857b4b9143fee3eeadd44e85fd
IEAVTSDO	0	1	b33abd51563859cf9b1b1e7cc02cf0bec488a489bc002195d65d69ed4391633e
IEAVTSDR	0	1	cb7b5c483d22d4e6c65c2a2332fac9767ac88cb9364c9cd9b962f61d5ef10324
IEAVTSDT	0	1	64baa13a468c16f4b5958d795f99959b3f50dca34fd01e1cdd6c962ffad71aa6
IEAVTSDU	0	1	d9c0ae32bbccbfc9c508400167d0a87cc1b0dd9ca6fec10062f78d83834d6c2f
IEAVTSDW	0	1	e2cb4183e829406dcc5a55c5521471c35fa64086d74d820a1dd6466eb4690ead
IEAVTSDX	8	1	d0f215e1f017cda07df134913fa7908ff69d6b7a38f4dfbb1cbc56111d38f639
IEAVTSIG	0	1	36c5517826a9448e8070c98a2091255c6348842ee3d1967fa3dc66185e022a30
IEAVTSKT	0	1	9f5418a9e21640d2897428bc1b6f7c3d836d5ecec75f00569ef196aca8220f07
IEAVTSL1	0	1	0eb1250ca83d2732b0c7651923815bde24cbdcbb4f33068355cb9d26de5b9dfc
IEAVTSL2	0	1	cc6c2416aa27b658d33023f4817d6cbade4d239a3ced9cd19d2a8a487c2c2286
IEAVTSLB	0	1	d9c201e03fcd5f834068251ea4ed73e5f2a45e419345859d1d0e82673c852a78
IEAVTSLE	0	1	5dc9e6eb47e6fdc86e24b630d1efde03630fa068ec3f5e67917f867850313671
IEAVTSLP	0	1	7cdbc98a6b91ea994959bd722a1e34cf387d5237ae7e6a42ff878e74460b8978
IEAVTSLR	0	1	31ab36d8fe22c77276ccca30d8ec79348b31f43ce3af8319ad75107094c73c18
IEAVTSLS	0	1	c370c37597d9be1aed13a0dcf1116d5a64829f83fb10e244c48fcbfb028b4def
IEAVTSSD	0	1	d290fea2374416ea6a9b63fb7d78947b664b951ec5d06f90565e0ea23940e853
IEAVTSSE	0	1	98cd5f38c98a43d1a4bc8b46bce6694bc8170f190b42d19f5378bf6b4bbc3d38
IEAVVCRA	8	1	e0823e077f69f380e0de98586f052104fdeef6325e20bdc637e5f399664b294b
IEAVVCRX	0	1	34f76a7cf0b32788103ceec863507d16937c4e425d07416abee0c39da46586f1
IEAVVCTR	8	1	0b80641c4064bc01eac03bf972da6d5f994dcf1451c2fcacfd023153c19242b6
IEAVVINT	0	1	19d0dcca12bb1bf8b32d7099f98570f753cd8edfcb01c85c5d2ac0e189f0d9a4
IEAVVRP1	0	1	e33b9e0910ec68d7ffcd01b5919eb26942c992bd2829c25e4359b4c9c15ecc80
IEAVVRP2	0	1	35556719319723953f6e8989e38551661497d1a9af9cc42a0616e6efd0f62c0e
IEAVVWTO	0	1	338aef88418ffe12ae91bc71c33342084e14d050d4972ab6550e35ae7e1f5c14
IEAVXDOM	0	1	95d9cf32406a14487c8e85b8544e3c8ef84d92c4c798a383763d46c9ac652478
IEAXPALL	0	1	aee36d529aabd0213e981981f63efe7bce56982dabff91886372143f7537a342
IEAXPDXR	0	1	66105d408c6675e578c6697859cce7df72415c0a1cc217c685e3df421cd02327
IEAXPSIM	0	1	bf080a0bb025ccb58ef85cb41fb76832da62954b674d5e38d71cea8cc19cf472
IEBASCAN	0	1	b3894daadfe1177710972a2681e8f1cd61a0327d119341ba764a73094c81fa45
IEBBAM	8	1	8bdcb59a09d0f1c7ae8fd21ebe8cb23c846dc6e663402711c443d6d10fa30c23
IEBBSCAN	0	1	b5b363405ec51d3831bbcaa35d6fc0012c208cf084d4f01dd09d3a6d1339d36c
IEBCANAL	0	1	88e23f4c21494ea8004addaffa7b0ce6e6d35206ad9e747c578e138f7baee637
IEBCCS02	0	1	8d8cefc8eee57ae9f8e27badf567f2a283b732039fb6732327c1198052150ba3
IEBCMAIN	8	1	f7f1a327d067c74bcf70cca9ff1793f97b2a6176feb90eb03b3bb6c93d96cedc
IEBCNVT	0	1	e4463571f306669abc8903662090e5cdeda3acf6bcfdaefe88e6543a23f613ac
IEBCOMPM	0	1	1661b3db9fc22b6ac0dd07e87f557dfcbcd2a8ecdc1eeb0eecc8eca3dbb1fed6
IEBCONH2	0	1	aaa91128d13eec0432e9f212720b3c3e729e7d1ff949ae8b02f88f805717ae2d
IEBCONP2	0	1	757e9dff4ca5921d7a1524e981752a4262ee22f4dd72a77c3af35474bf9effb4
IEBCONZ2	0	1	1db247aca4d4ab0338028316d2f1a7e6e9c25e0770f230f5d387d0d57abffb70
IEBCQSAM	0	1	677b6d0e2e45f7a46f3c08d390c2af2f875e861f17f8543b4b5e6a53d3d443db
IEBCRANL	0	1	6ad38d22a4d11d62b5165f48b1961644b569f10a19366978294396b0a74616e9
IEBCREAT	0	1	4b1157d350b3f42c6b9dbf62bc3e4c76a3c3d90c4d71310eb8efefeaeb20f237
IEBCROOT	0	1	d044fb7cfdf7091778b551077d61f6ee0ec5fcd97bd3eb1473f4e83579b3a0e5
IEBCULET	0	1	17734c766a080ee486ce851bbc04c7225c1a2899e7bb488012942aead0cf1b70
IEBDG	0	1	806e868b0b785e2c13c4440343757a59424e6f442b257ec87b329e7ade3f3411
IEBDGCUP	0	1	ae821d739b1ddb7e3a04166c8bdc3d4c47a95473f6a4b3665d41a7ab0101dd83
IEBDGMSG	0	1	5afe8ac887df1731a122d4cf46aa92f513505b2e27d4bc42ef4fc73496c5bac3
IEBDISKT	0	1	e392c9899574046ba04645e73d95fc796089f77b30d559e36dbe21b9844cba70
IEBDRB	0	1	3f3daad806dd30bb0671df27a0114f4a490541a715d9a04991a1d5cab5dba82f
IEBDRD	8	1	45694111c1a7ce29d9c02fc1bdb6c762ff3ac622b916a0c318a3038779861f45
IEBDSCPY	8	1	f44fc3d4d4b4cf17fc5c46dbb893e404904929bb8fd8ed233e64c5baf2f6cd59
IEBDSU	0	1	a2e74cf80b0df66ed2fa7855d6bfb936e4956612ed6fdfcfabb0457aeebe9199
IEBDV1	8	1	f5e604e61a8fc83f4ab9e0e61cefab06ac50edac1b40dfe0594e110127b43c4f
IEBDWR	8	1	7d3d84a8f626e0489da589f8317fee099e5c7998fef8d803c27a1ded2a93725e
IEBEDIT	8	1	d5ab1d7d260cf775fe5c1585071559c63c506eef4298a3e3136b6a89aa1d7f59
IEBEDIT2	0	1	f6a7a01c532467fc48aacd14543bb948f8b1f0daafbcbe3ab5fc3d4f58dc979b
IEBFDANL	0	1	36b3c486b96ce57e80d4fdd0b1b66ef1bdb532a9b2158ce0f533ad31e99a41a3
IEBFDTBL	0	1	446cffe785dd3d237c65b9701a224cb3866aeec216161c456663a4da012af018
IEBGEN03	0	1	d56c10cc3e347dfb159b0d790e34b84dbff6a0719cb6f4ef85be56e13d528cc0
IEBGENR3	8	1	a4398b7e0f3d2800e56f70d20f8cc1b1476220f402c2f139ef7e44a245a204e5
IEBGENRT	0	1	ad89de7c9b0dd47ce8e1b120b8333e966e32932c64781f7574c523f0d9a465e7
IEBGENS3	0	1	c8e0e1e0571b090c3a2f72c00da340d80fc05f604a078128f39378e2313a24cf
IEBGMESG	0	1	8ba2c547b8f27c6f8ecdf4b1a346caab739bf3c591d06f80c2d6955aa83ba6fa
IEBGSCAN	0	1	0d9f558b2d922bd1c7933230d728878cb81d6c9735aeec6d47e88f0cb82b6b30
IEBIMAGE	0	1	a7d0e4a33ddb58f910fe6623d9e726263bd79be05f061f181e437edbdf32982b
IEBIMSGS	0	1	fb5accaa32eb8818b3b937dbd3aa2a8ddd1ff7001db03431a7716e79e3723c04
IEBIOE	0	1	aaff671fd660f889ceb2d8725ede5a1ef3a65e927085c33dee7542d46c78daaf
IEBISAM	0	1	cf70c23cf22dc2e7802ede80987fff1d64717a094d0ff27c5703f5ad81940f6e
IEBISC	0	1	bada8f69079a231c9c88ef220de686c9b54f5084497d25d40f4bd75ca254af32
IEBISCAN	0	1	9cc8863461b10418b00943b911961a175161d3871ce6a5554c132b41429d3c3b
IEBISF	0	1	b61fd4ffba9c03cd9c0125055bbe44d1f37b6b92a1feba11502f45db719383a7
IEBISL	0	1	453d5acde93e03ecb61099af87568b1a66dac5844f601a612e3c5727fdebe93c
IEBISMES	0	1	0bf6fa78a16da18e8f4372dcc372462b294b14e12dfe30c6d736867b8b644287
IEBISPL	0	1	38e6e76d05b0ff0a0bb064ed135e917d369adbadd25e68f17bd71467b22f3772
IEBISSI	0	1	e26754238f2aebde32f56f57a8440914e36d5863373933438f477bc99c9a0873
IEBISSO	0	1	4bd49b7456ec05545bc78ba02aa7a92f5ea3314debcd76628ce0d9f210c8850f
IEBISU	0	1	fc29bd31a908e3d0b68c4ef5490a42308c7c416a5fe767235723e59e02a93adc
IEBLDUL	0	1	2e3beea7d68ab36ad9d69821ea3739108f0fea0bb55ef5835e3ac2b733e1cac5
IEBLENP2	0	1	495e5dc94e34c2fa0f86b794a3a9f1257db295d3d399c6ae760a0f1f6042a77b
IEBMCM	0	1	33d64696e3ae8af0046899434f1243fa1ed6a870b77bba4023a9f344005e2efd
IEBMOVE2	0	1	c747df00c61dacdd0ff958369be044c1eaf0ca0ebd8c60bf47d99b95dbca438f
IEBPPAL1	8	1	5599f94a690a09787ff6d35cc830cd87a0c494b848a97e6df4c13642a93d1be1
IEBPPCH1	8	1	e5c32e58aeb6a112e702d4801ef7d745856091e1c17fbece92004f46d2543f94
IEBPPMSG	0	1	c2d6eaa2d0b858ce2ad44d8a3f3638dddde551aca8cb51839f4479f56fc6488f
IEBPPUN1	0	1	b41d956ba86fd08087ba84bb6d57a49231bab5445a46a541c70a44f10b653112
IEBRSAM	0	1	d2e589ceed3e78a2dd7b9fd8e535e8bc23e581ed720d0df7d9711946d25d144b
IEBSCN	8	1	b76efe1f663ad31f4d80badc39b18aefa1d0c39805742f52074b66bdcf490946
IEBTCR02	0	1	83eb50952796620b6f30e6a5377e0d72d7edf18196c5cf384b0f2778433cc2c1
IEBTCR03	0	1	acad850fb7eef911227b88896650490f94ba8f5f4afb1bc5ed49d97670e8a196
IEBTCR04	0	1	91b13f992bc2187c6c2ae46cfd1120d2941fad54619f48d8ce3e29cbbd290bfc
IEBTCR05	0	1	fc7cf76c5dc9f95fe3c7f7143af558b3a6d3c36368d8399da3600e953a63a922
IEBTCRIN	0	1	6ca44fe48623c1f79e15b911e471d2af613cae1cc75a908c96abdb193b728aa4
IEBUPDT2	8	1	90e18c846c03f045e91d7af127a7e9de71d29d2010f7f68877f9da7ba7f45053
IEBUPDTE	0	1	612e93b4ed098965c73a39190508900f6833a0c7190204567fbe37abc4cf3099
IEBUPLOG	0	1	64cabbf5eda7178b9ce6c8dedcee01de598a8fc0f5388b5a62f5d9fb78bccf25
IEBUPNIT	0	1	0e86ba9f74d4789a415e89cff0eeaa03ad0c0375e6d668d11d645a3206a6466b
IEBUPXIT	0	1	861c01d7d76dfc18b329a1f91d2c4779612962646d3058f0274dbc91e7183601
IEBVCT	0	1	fb693ed2fcaad4ac3e080f3fb143e062bdd62798bb826414301e8e9442439d05
IEBVDM	0	1	76d55ce35de0dd2d5a1a67dc60d3b714b01c7bb72225b3f43ab1465ad08db765
IEBVMS	0	1	4d8747e1a7a018d17c342846b06c6652f0a3ac9604ed073956a00f4edc6901a1
IEBVTM	8	1	6df8db6249cb81c27cab3d78fde31bbd27c3805a41c03cac0ea90328b387ac9c
IEBVTT	8	1	b83007939a2a45a2d3d72076a8ae72b73085d1e8b6e500e1d83475ce2f4d234f
IEBWSAM	0	1	7c43476b0baddbb35ae7d41f13232036a1c9c2238700b895f166b3b8e6f116cc
IEBWSU	8	1	aa23aa19767b935e2ff6c53efaf33088891a80182c52f0c0edb1961ad19a32c8
IECBBFB1	0	1	3a9a9740863aecdd6a582e2fe51893e793a4f9657d7a94fd646d0ee4f4c98910
IECDAFMT	0	1	4acab2534f2ca2e16b4a24a6e2f6c5b701d8e9515e288442271423d524b156c7
IECDAFT1	0	1	f75da0debb5ab0913cf726e7e3c6eeb8f7f956c747b9af78c8a4d8575188bc28
IECIHIO	8	1	b3b4174ebdd3dfcfff4446da865dd6b3353945448072efde5de0502b0fa5f91b
IECIOFMT	0	1	c92518dc80e0552da954780a782542e223c048697264c42076544938d6266bf7
IECIOFT1	0	1	89159502e32e88adf61d5d5511c882c8c86f971801e6560d4e2173c6610a29c6
IECIOSAM	8	1	edbfea645ff58d738ad246f44f73d9e8d41f84199301f42d90ffb0af260c569f
IECLMSGC	0	1	159132a3c939ef07b53c9f60addb31c846daa272fd462641f8939a0802bdb0b7
IECLMSGD	0	1	e1527daec33b63aa75323d56f761e350bf1edefe756307c7d23063e7ad1e8188
IECLMSGG	0	1	208bf359520fdea21697d2b75948f71d8adaabddb2b79571afc682cc3b113223
IECLMSGM	0	1	429ea95b517a11b1ad7931c6a7a452827509041faa0490220ed5c5cbf5bcac8a
IECLMSGT	0	1	62f82bc1ef7f46ddaa232464f71b66e7b6d9cdc1748a978a742feb95cf5d226a
IECLMSGU	0	1	2213b89a3fff3e4f422ef9e5acd0ae4a5308063db29e7bfd217d81920ab86ec4
IECQBFG1	0	1	da9367717051f8cfb210bf7d8467edd3cb1ee3777c4292aaf0395822f5d4eaa6
IECTATEN	0	1	d1d2278cd7ccde9c391284bb4e7b3c5733a830ea6fab90c68e5c4504c38e3bbf
IECTATTN	0	1	050c9b560719a1ff9f106fa19cc9fe7b70f3b1204e8f970203dd5504f59a5698
IECTCATN	0	1	63451558bb2098da70d1a0f3428cc933e354e7c0f4797d24f1ad8be7b7961145
IECTCHGN	0	1	10ed6c2bffde4c844ebc754a0d3fd8641cddeaddc776ec9ecbe573f77ab72317
IECTEDIT	0	1	39c00efb90d2b6e71d4423c5e1f6b20e887f88185c64f29191ed4fe92e2c80e9
IECTLERP	0	1	ba92a3a59e336c9b4cbd55f497112c67b1c8c10532681386bb9e0bacc7bfdac9
IECTLOPN	0	1	cfec7b95b00f71ecc5d76774b37241e9b8e15a0c20477a703e1087d49406d87f
IECTONLT	0	1	3e71a15236044567e00b8bdf816ea224c197eaff133d27e311944d63d525b452
IECTSCAN	0	1	bd0a394e13b55ffde1456844278ec107ba34f339c87413fec5d1a0f346d77bc7
IECTSVC	0	1	04841cc343d4ca5e4096fa13e491b5c5c8d2345d0560835f79449d57c1ed3b40
IECTTRNS	0	1	2ee62c23d378288da17e6d0bdf20174619622e88b51f9b430cfe4b06c9983797
IECVBRSV	8	1	1f8310e30202be1892117cafca40487c4bbdd2649edcca08ad227bdb14a95544
IECVCINT	0	1	e3751a0499923bee1ea8628e5047c002dee0d7a964db42d03f8ce958f665c473
IECVCRHH	0	1	51a07f4a8145d388ea47901175f9b41f06d8b569e7a06574359c9fdcc7619f0a
IECVDAVV	8	1	0103e7e037b3fabadb0f03b500239a90f9a806a6b80a614f0d24c1d0bcb9f580
IECVDDT0	0	1	8159fa526287c98f97b1941beb1c3df1b14562c190a7a25fe3a68c8a2ec6d498
IECVDDT1	8	1	09e15cd95c9fd38eac003d329fecfeb532bf4528751b5c23b484abe44df8ecd9
IECVDERP	8	1	ced664530020c6f43973979c0dd0eaa2fa9934a6fa15c5e4997f8aee68513307
IECVDURP	0	1	dbde8dcaa37a8c5bc2c4e57f78482d59c66bca3d665cebeaa32d2e97c9f550a7
IECVERPL	0	1	84ada38084363fb99ee18e02e5438091e0aa5157ec39f0d6cf749c382a8d5afe
IECVESIO	0	1	b9960d1bb10a095551a600495c35750c45db70854a9f9e38726ccb31b5fd81e6
IECVEXCP	8	1	4adf5112089b7766577dd9dc2cf72d2d6e1e293f412364d8b9c320b47bfcea02
IECVEXPR	0	1	6649fb3c7ae5a29436ec111f71787de9ebdd0e4a46902ff6355386b924be508d
IECVGENA	8	1	bd4aee1956a0c40e398d2de2b0e5c43890922515994f8fe6a20750540b128b7a
IECVHDET	8	1	ea3d7c6c0a7ec30dc5c7a8282f5dbf474b440b1233d94d1950460d8f32b2c732
IECVHIDT	0	1	06d3822bb5b23f520d06f30e88473ca2711055ca05bec90d9c4a871164bafc7b
IECVHREC	8	1	610bb7e3c8e37429b860c679efbdb705fddff8ff5651d6da0f64376e572e89cd
IECVIOPM	0	1	3a22d5eaa6004ddb6c9b3215c0be669a404cbe8cbc79337538e3dc5436d167a0
IECVIRST	8	1	d69cc477dd10e4989b6f9bc0d0535ee6933630550fa2907acf1f63542b0e8009
IECVITRP	0	1	096b618a7c6f25395bce0452712757c2e589adcdef502f4773a5078be4d5cd4f
IECVMAP	8	1	a50ae699d706522b81aa4862fc900873090cdde4356de656847f9b8764948a41
IECVOID	0	1	9f77cd0dbe879a6667058ac60488a37a31de7b1158bcbe9932f2cc76570596ad
IECVOTBL	0	1	e08fd3e041d2b574bd91edc9c931457b2a68add6ff1720d7e15d8c4bc9ebfd7f
IECVPST	0	1	7b28e4d99741658a8a2b372bebb137098287947b2b2aa5e78859bcdba30d2d83
IECVPURG	0	1	efd54ece8a3c5f900b0a61a3142df312e6559e528b78aa66585f5eee039125fd
IECVRDIO	8	1	d7b33ad65aa5dbeb45f588c012a399cab03dfbeaaec301d360030abc41f319d8
IECVRRSV	8	1	52b526baa798a8f3d03ff7870ec48b3abbc561acd677cde6bcae2f19d9d6406f
IECVRSTI	8	1	80fcd7e6cf5b9b1399e8ed28defb72551663fce9fae24f6ebd93d7856caa597a
IECVSMGR	0	1	52b983696684fc9668544f10b9dd991882dda9e57fa7a941bd97730945f58f04
IECVTCCW	8	1	4ef9f1debdfa120acb7deb4f769d65830f6b7d7cbdfe4d5bb2c360f05c91a08b
IECVURDT	0	1	1a5e27568c4ab1c38bcc533293aab7e100a9885dbb2470f219d14000723c286a
IECVURSV	0	1	b16a7787768eb57a32ad537e74c2f920bd06b07511b87f0c41a30d70d59feef5
IECVXDAS	8	1	34c79935e3c78ce21de990f9790160e86f00eb47af34c2f4b7f59028ea90aa77
IECVXDAT	8	1	7dc18f834f92bcfb7aa5bd90939be754796f718e42849b18bf5a2fc4f8205bf5
IECVXDAU	8	1	8cafe0cc674982bf9345bd64ff2611e7a9f649a2434c5387736aa97bf5d5b423
IECVXDRS	8	1	a28f704994a4fbe02e754b37fb22aefc10578560a574b0a54d6bcb0cf3fb9c1d
IECVXDRT	8	1	dda15232885d304302a671498ee6b31a492a8bd2fe298c5b3eeac2f566df7ada
IECVXGRT	8	1	a57b5bd75fce63d2541d3be461fce84666f1511173e96defd1e6c06fcc1462e3
IECVXMGN	8	1	2e310342b1f9da2db164dceaed626166d96957ec76a8df0e1efd93c7be168d14
IECVXPRE	8	1	e1b6a9889e842a52622f09c415565f1236665f22975d43c11cc75d3876536119
IECVXSKE	8	1	09a61e50075184fe4c9712027514e3421e6682d957e0467e0df325bfb0a1fd95
IECVXSKN	8	1	6c81b8e3d7304f74e5409257e019cdb123fa0097d39b5bd6199be1cb471d1ea6
IECVXSKS	8	1	6c936ffcd50be932a62feb0fb9be78599b8fe7f578757a0c91000302ae8454b7
IECVXT2S	8	1	90a13961a3740c4ab99b7487f6d86fc1df3460f2e0ed4891589f1f48604c888f
IECVXT3S	8	1	ce30e60c208fed544d5775fcce98e75940ecfd618fb080d33ab925faa76bd17e
IECVXTAT	8	1	10d16060787ac80bc6e6d430d19f6c7a48be036d15bc99d579c28ab962f84591
IECVXTPT	8	1	ccb8814a907d531dc56cb9056a4ec5963ccf5d81e22fd5a6cdba5252e821c09e
IECVXURS	8	1	0c1b280bfe50ca09fad1b30dbd55985d7aa6aa0c902f49984f429a630fc773ff
IECVXURT	8	1	e937965d68fc3b2ce06ce3ba989f19ac262a537c8115f088ee036c53ca6378fa
IECVXVRS	8	1	bb22b71070339b7f85b279ea6f610c5a76bffca259e5ba97f1bebc1a0dc45f17
IECVXVRT	8	1	f65d620dc25d6d43426491a5a5651aef7dd9e0afcd3b2d8b05f4cf744a0f1643
IECVXVRU	8	1	c4dae9d81cf02cbccd83be110291fb6cf3c5d24cff4d95f80bb6d32ceb5592a4
IED1303D	8	1	ab2c5dbe30b63e5d1447c94f4371b46355888a87df399bf1cbe06d4386692886
IEDAY1	0	1	db518291b7c336777ed90ed79de3f85f497438b87d0ce5c2444ad3b8c1fda681
IEDAY2	0	1	5f86e999c9f540e06a9ececed9504148a3d3a722c833b41481357c2b9808a1d8
IEDAY3	0	1	566bf1ce895faee2bf3cac0159cda638174ab769185fdb4b8d2a0d4384c93c7f
IEDAY8	0	1	a8fb1b7a5707a1221848accd09d75cbe5d7bf1268904523cee1672d48f56a3f6
IEDAY88	0	1	2eb5a712314218af3f35a9a4e6891b6b979282fc57ba18a8b7834dfb037ed146
IEDAYA	8	1	bb4c383901091e6755be0f3d429d82873306fa5d9e5870fd1e01898a186428d9
IEDAYAA	0	1	75312b3d2278720fe0954dcdf84f8dda2f05b396fe3537b6a854a4a017894722
IEDAYAB	8	1	6e3fe80350ecf0d8094efcfaf2bf8f4ea33248aec7e1bea184c222653bf0d942
IEDAYBX	8	1	1bded2fd5a7d4d9b990bff18492bfd278e302a299489c0d5f17a6477886c467e
IEDAYC	8	1	3c5f5ffe429a0ef4ec5e92a51a9f66ac238db8cda2f40fa927c9523dbfcfa77e
IEDAYD	8	1	1f4c98ac2f95a3a8bc0da6f91ee9dbf20cae97f87d6b25e5c251668b8f3e21c2
IEDAYE	8	1	3395f3f94be5daee55f6b0e36f7588e03996ad2069c5f3d2d007be532b6578c3
IEDAYF	8	1	02b6f2828677d6ab822c89628113c606d40ea99e0f63de5402237f7bbd9a534b
IEDAYGP	0	1	10f53bc68322cf28d0c6abf911c9985a5537fb35e2b99a4dd6e2e01332b36e39
IEDAYH	8	1	8010c3aad1e11dec29576794d60741646311c06769298b29e15f0fe2f85a77c5
IEDAYHH	0	1	c9cf50b2bcb8716278a6137c6528f69057fc5f0297fed3941f1063b553b99c94
IEDAYI	8	1	2bdcec32cf3f983ffc5b2e77eda470b587e917ef938db87ca307751efc5d1ad5
IEDAYII	0	1	4c9b49f24767ee25689ce6e8a036a31b005e31d1bbfc67aeaa3639447b137095
IEDAYJ	8	1	d9547a88f5b0ba5e9d37843459b1e70add04b35f6d22bc810dad4737253646de
IEDAYL	8	1	87cd3d362e4a937ea7d9affa449b17e700afacc7926bb20096b178870eeb5f96
IEDAYLL	0	1	03d082eb9b38d28c1781d212e865930ec0a68249431c0d89ef2dcfe694adb57f
IEDAYM	8	1	7632852fe7d4f24d6fa6b8d0f9c038c97ba74ab4d35b38e980b58bd61abf5c80
IEDAYN	8	1	2d02b2bad4aeb813233861896307ed3b4b937b2ea516ea623be53618ebc14e65
IEDAYO	8	1	e339bbc3956c3d27b8c44f10ec2f595ab7affe531f4d32f1e65fcd0f16f913c5
IEDAYOO	0	1	ee7c8400360ee0922ff20df87810bd7a5c2f2db2ebdc374b235bb44edd898bd1
IEDAYP	8	1	9c3b10ecebebcacb9c5f9acdf5b84d8da05861ddf553ab3480490f6abf499569
IEDAYQ	8	1	9d04a7766ae0bf1e2aefc6e7562cad4561fd7714ef491b50483ae18d22a6a954
IEDAYQT	0	1	1f655691f40f45760f60aa27add011bb970f50afc560dfa810023d81b3538fdd
IEDAYS	8	1	c6a122dfdf3142e27f4d9d9951e3493d6259311c264b0d150785160141070aab
IEDAYT	8	1	317ce7fc513e242457efc7c958f85d68ca3bec2c4c79baf3ea51311381722d0f
IEDAYV	8	1	09218539d03ee585d487ddb91a3a08bd9303495213733387185590054a76ded2
IEDAYW	8	1	62f2545e8550e9d919146b934a3e0d9e1d92aa0d2d28c8aed62c54febd70cac3
IEDAYX	8	1	47ed72233d91b3bdfe8d33c763295a3668ad969a8d7b76c95428bac26e0c864b
IEDAYY	8	1	e150ecd47ba75ee45f7d49158b44544b038bc6ecdd978a10086c9800846671d4
IEDAYZ	8	1	886019139dee47411f2624579e6e6655adca0a5454cb6b89f13d5e8b5cb67f0b
IEDAYZZ	8	1	3ee31e2528363d3f1c23614fb090be1c74941a7d5e51e2cf78921a422acd1515
IEDBITN	0	1	1bc28f131bff4a130422c8e5e0a63c39c7e470816e04cc06368645f9d6e01efd
IEDBSM	8	1	2ac8f3fee81bad483e2934dff96c027e17c26f889a16a39af1c16db2c18ffc11
IEDCMIN	8	1	077d2ad2b88dc628c9e792811a54b671a8d9b82e1cf30d16c094efdf2a2cd085
IEDCMOUT	8	1	9822297c5c6f7497e63abf52b40f460e8e7dc1aac27f6345340ece80146f686e
IEDCSA	8	1	0fedd163d4ec42ace94e8dcaff2fae2b2862853a026a2c0a435c470646597fa7
IEDCSCIN	8	1	dc9eb0038a7e8613da629a17334940986fda2d545ec333d3867682172973321c
IEDDFOUT	8	1	49d3b9c65611958669b69698f6699520c933247626bc6e32ccbfd8c757a813af
IEDDVAS	8	1	b1002653f97f1b772dcebd4b230c9a8657d20f1dcf817824893af8faa74c8f35
IEDFSSTB	0	1	27b8bbc7816b94db717eb9ce8a3dfb5e64049ec9d76bb5020063d778fd8e0fbb
IEDIAA	8	1	7b35dbc2768eec72f635121d6b1391e581f846cabf1f6ac4fb2fbf32b466dd09
IEDIAB	8	1	6545f45ccc21d61e319012ae20ed8019fb9c7d16effb00cfc59d9377eaec9a1f
IEDIAH	8	1	8f4e062f04abfbf4af4f1acdafe53554946cfbb7464ffa43bc807c1bbeb53090
IEDIAM	8	1	47318882d2c6fd0e72faa74fa9cc00f170ce2df4ad01a1431d07054238b01843
IEDIAP	8	1	16fbbdba1e4227c1719ed85dbc54a82d486343a58743bd1a9719d0294a4d118b
IEDIAQ	8	1	b5c893b3e8d3cbb24d381d0f42d23f2e2236d82763021fadad43e27bdb541610
IEDIAR	8	1	c3dcc3970a9de7e9b29a83eba79f8ea12a627e45ddb9c4e8a0aec51715e901ee
IEDIAS	8	1	0ab95bc3c25b3e56976a897102f17b2f96d7fd5b7297ea14a0fa86ac6738ca59
IEDIAU	0	1	49d0914e6e491539f544ea4135c1b5b9646dcc7dddf338cf552b391fdbf2ebec
IEDKHISC	8	1	8ac54332b3d7de033d26669b05cf9c69cf5a37c192540457d0305d6778b8f604
IEDLUS	8	1	e4d5e8a3a8a5cacd502e95ce1497f0744953dae3ca95853181911e8014b19133
IEDMVBFR	8	1	7fa4d1e9722669963a66e7ab46fa4fa6dd4301a67ce12f1b2ba77e64a1f20c11
IEDN25	0	1	1943d4983f30cee42ee9077a216b149b35569611eab7978e1fb99b612172bee3
IEDNCU	8	1	630bcc457f5bfcba01ee446f5f2d329f9196bffae853ecb28cdc2465953de43a
IEDNCU2	8	1	d743b470703673262cf842388e5469e017b5016602b18ea5cfb2b38f0da95218
IEDNGD	8	1	a3b83a877053f0aa025dfca37251c16dcb660ffea2cacfd7c999eb9a039178fe
IEDNID	8	1	a62eb4610c7284110e62e16bd65477153abb20e65f259bf41db867ff127d076b
IEDNKA	8	1	b5dd6943d48901bf3b020947bcf95da0d46e8655a1eadfb1ab3a24b65abf5725
IEDNLT	8	1	7744255e85f0309f8323282fc37819a5d4e55e84c8ee06f81f607d0993216bb0
IEDNMG	0	1	9d1829ae2255c58c7458b6383ef069342120d2c8c5676f3b666d9855ba0bf539
IEDNSL	8	1	3c36b87d991a34560645e620ca090379899c08afb878fc72e501407d08a66176
IEDNTR	8	1	c30703e833bbdca6ba0551c27c93590e0181022acdb06c4bf8421149abc42af9
IEDOPTN	8	1	791e34a2716973090f8cd0f9a892cb7f57a10344d3774389355afa8a4206e7f7
IEDPCIN	8	1	f0f93fcad2501acaea3e9bd85cff6a4364debf2667f87965cc747b6c17961869
IEDPCOUT	8	1	d4a2228051a4b8f648857b541815d379ad83beae6286c16974ad78299063b0eb
IEDPMD	8	1	ddb576781d99e180dc4941a2537baa9fb7e9ac80cef96603e26e01c5c4fc4739
IEDQ10	0	1	a1b1c746834d2a942f6c4bfcee6d270ba551443d2eeb98aab2ad7f749d144e01
IEDQ11	0	1	65bb4fc0f898d8bee3fe00085835fab638ac4fd763483b5523d48a7d6e5708a3
IEDQ12	0	1	047f31f10e6aae138b062fab0acf01a3293dc6d8db2b2806cc7eceab404318e3
IEDQ13	0	1	17edc8ae42b89bdb784bba6560dd4e5e249a12ed1cf0de417e0b40d0ae10d234
IEDQ14	0	1	e53fad7e0ab524eda8ad19e7c8cf0f936a246799ba3298f576f4735109c55d99
IEDQ16	0	1	c06798c41e4ab1273fd682fba84b87140401829be5f38a1d95cb9e7a207dc1eb
IEDQ17	0	1	00d9920f537c6c4dbe45f96d2ff3d223f4747730aed26cd197105cea765d1f16
IEDQ18	0	1	000537bc510ccfae4947b99b5acdd4c4706724bb0ccb4f7d655dcab1dc5e56d7
IEDQ19	0	1	ffba65984dcf187d8a4b100e83a495d87e83aeac289e04ae65f9ef425ab0bbf8
IEDQ20	0	1	d6647833fcd0629b00957412a09eb3e55cdc2b1714aa94acaa6ecb8c7d2831f9
IEDQ21	0	1	9d0729933768378cb265b67303188843aac332a6d93d8b01d8d08a2a9db4c6f1
IEDQ22	0	1	f51d7205e3b48fdec23756b86ae6a926b966d9e0e068255406149a53a230927b
IEDQ23	0	1	6f755eba5f424d3fca2bfb936ac0aa2deaf075995bbf003fc15fd8cfb5eca48d
IEDQ24	0	1	6959eb023189c323d0ab38d7a2aa1eb1cb3559e496c87dbe6ffc13ba0303c8bf
IEDQ25	0	1	8523b023c63b19632c364cbafd26dc40775443279e076f60f3e68a0df4a1980e
IEDQ26	0	1	145b51f12a656af7b80eea711b000af52d9ad6c5e6c2f0235cb096e5ef397180
IEDQ27	0	1	68419243f1f05cd10c6479e0d901af04cdf5f0ed7b653848aac267f36b071047
IEDQ28	0	1	684e51668843f715b27a5bc74d05c85367072aa6f804b5b839d698ddbe879e08
IEDQA0	8	1	e8ff6b2d8c5dc2f9892da1fe77fecd9009c49d5cfd07e6be7a404d1c35ab201b
IEDQA1	8	1	b8547c28e80b6e11eadc9d6e9b0998a734798654750dd87a39b4c146de982006
IEDQA2	8	1	88e45a68a959c60572ce147f529d73a9b78da7a1cca11fb9e9d961190b247763
IEDQA3	8	1	0957fa7e70f821517886c9ff78a1b0a5d23793ca88da6269df309e4407aaa28b
IEDQA4	8	1	de7b119560fac0383e791010759cc4dc9c981c25622ac01d7d62e6d75c3a7e2f
IEDQA5	8	1	a99198c3e436ad383f1a9f41b4a379e52dbbd915ee3afcd823e678522a940a0a
IEDQA6	8	1	2686f5596d64c7750181b5cd512ec7ab6c9febcd8a69c7eda758430c80a86605
IEDQA7	0	1	80da5a46b1732b1af3446e9ae1358b8f5f0a8fe50afd707bd75d3e020aa4d478
IEDQA8	8	1	c909ba0a7e5437f91c1b293595728f46121914168849e389132aefd3aebc4162
IEDQA9	0	1	436b931afdcfa67c30a6bfa743b8fcf9b0eaaf8a44eb6c9010f875eae9d45fd5
IEDQAA	8	1	1b856611dfb68c5927e6346ea939f4a84d76f52c3fb92b9e2a88ff9ca63f0640
IEDQAB	8	1	cb65e8377b9f24dd64e7e617ab2d6e0d4368e445e652b619820dbb2dcddc35d5
IEDQAC	8	1	a327a3320615e1b4b759883c43c054110abf49a488b81f7059ebe31765911e46
IEDQAD	8	1	a986515334be531c7db162be2295cb2fbad22589764e8a4ba7fe340b51a40af6
IEDQAE	8	1	9b7c2c2d7bd8c66bf28a6ba9f1685fd21c29df1a364bd1b2c3171dbf5c5bdd3a
IEDQAF	8	1	51d1e9d3cedc35c3da2c2bf34c161f7e7092da8609802063a8e9e1ce46fc4cc2
IEDQAG	8	1	5be3386847b68ef59534be222ad539ba9199b6ab08ef79f10283ac2240007e98
IEDQAH	8	1	0c7afa9425681842dedda26b8e3774df32d444b98851c7ee0793c9e56343fdd3
IEDQAI	8	1	239e9562ddc641c256e3a8573cb08e21ee276b3d8ddc8fadf04ad41563d86a30
IEDQAJ	8	1	e6362f2ededc3f26d253c1e6d1bd425a129fcef23dc306e768da395cec150be5
IEDQAK	8	1	ec3a50444f1a928a9a0a52c65762834dc63962a7cec99092f7b9bc3021ee0ac5
IEDQAL	8	1	8cfb01a49d520385da920dbd200046f089da97c072a41604e47fd64010604d51
IEDQAM	8	1	8ed42e57735b53bca9623348bdf7e74aeebbfc3717f6c989f2829ecd87847bc2
IEDQAN	8	1	78017a2d09ce0cf739af1fe0e30e0a6a05a5e3998008d081489e6a512bf7dbb3
IEDQAO	8	1	b723324b99fd04c68ddf3ad7b2e9688f680d924c0f74e944a3a83ece606c865e
IEDQAP	8	1	9616351b7a618133ee56527f1a2a7f9a0ed67c2f666ecf5b66d4213b89e9a681
IEDQAQ	8	1	6e784d9e8e9a275c9229a544e1ae05d5d774e6e5a19d3e8460b148302fe27afc
IEDQAR	8	1	2597d98ca2b7bff7b4016b755ac7edf300eae99aa753f7974eae439a987592db
IEDQAS	8	1	6440fafcc50ecfeca502559920a2bd13d116287f5dfa98999e5ad2b8d0dbcc4f
IEDQAT	8	1	105c6863034ec0b68b9d8925c56d4f1c38744c367ea998e65db9864275a324b9
IEDQATTN	8	1	5f2a5a2eca4ae7955ba4d5232c5cc80795ab6bd76aafe39497b07418dc7060fb
IEDQAU	8	1	0d80b8153e4cb54733dec487b9c57fcb6132cd39a9190e7412b502f5458cb5cc
IEDQAV	8	1	ff362ae4d8bf60756ff3a5712ace54c3acb6533d0d56f905b893da7d6907f12a
IEDQAW	8	1	02cb4f0fb27e3385df59c509d72e42a6a1ec809034548d052f8f7bef86dff1f3
IEDQAX	8	1	974befccb004b6e03088eb878f54ca3dbb753ab97aaa432bb93f192345ece3ce
IEDQAY	8	1	ca839a03fdb402a674960e8c58bf22df2f9f9f7327ce3de2e8d06b752297c567
IEDQAZ	8	1	ffcc7d93d485349a6bbf9ae111720513283a86ced509dbefdd9cc3a6399f3edc
IEDQB1	8	1	f2c46444c798504c518a97cd16df94405ad381d5b0356ca979a6cf9359d0d962
IEDQB2	8	1	2ac63ea5b48205b40a3267c8b30d1862371f0601030c284fd6f70e7e75917cd3
IEDQB3	8	1	aa40bc6002d6b7fd90b6e7b78150079de2331eaecdfc14c484d8705b2fea0d2e
IEDQB4	8	1	e672c702c36dae9627a166a3c12de18c8cb783d2b75453c3efe73bc5298feffd
IEDQB7	8	1	e187ec9e21f2ea47ea2fd0631e75bbd26787d161d6d42a7c9e81a56ca3f3da1a
IEDQBA	0	1	c0cc9289aed080475efe7fb4e9f2d02b60f34e6f54f1ec79d521c50e29b18b2b
IEDQBB	0	1	1c74ad4f347933e5153f2dcb7e69dbfc51d2aaf5bf680bf89b462d9bbe024793
IEDQBC	0	1	3b53c9a22b8d12fcc88317ede39fda116448ca08ef61dcfc2d7de3b32005f4ca
IEDQBD	8	1	bb48672c113160c9430c335902d71ebae974d42e6ffd1cad3848c1f4ccba354d
IEDQBE	8	1	00c5d231148d775494aa3964eae2a95a9850569b60040ae27812eca5316cf22d
IEDQBF	8	1	ade07023255ce144242042ac5129a01e984cde3fbb5f5e9fd61a004520ef6a24
IEDQBG	8	1	9e96e7b8bf70093a190757a1fe358afde4e7007663ad3717e6565c1ab3ba047e
IEDQBH	8	1	a58ef5ae10df63c09a8872cdda5a8818dd8beb8e22b60f39c53073303e38be21
IEDQBI	8	1	f196f5b14c709ccb0c48c1186617abeaa9568fdf9d8d392d32dab80004bf6a45
IEDQBJ	8	1	d6645c223a9584cd6addb844b01df016b6117a45c1a8c6bdc291829ad184b6a9
IEDQBL	8	1	7b8255154de60825942464ce5ad2de9eb676c013844477e55ee92565c141a949
IEDQBM	8	1	757ef0e306afc3eb1a1c3c51ebea9cd32321044e3b3f022ac55dfce249695a78
IEDQBN	8	1	dafe9934c7a89e97f208232fe5c82a6b8e42a6d9864f817bbedcec0dc0d5801f
IEDQBO	8	1	b70dd44e804afb274047586ccd525fe903fbe8fb0ea31ff219338a371ede6374
IEDQBP	8	1	6c92f67e0ebadf5b713f93b602057c4dae7aac48819e625530e26b8d9cf1cfc8
IEDQBQ	8	1	aaab370fe6a224b36ad7ed5a17ffa4944a7f550ab8fc53ea1615857f89b9277b
IEDQBR	8	1	ef4546a6a3955ef0a25648b9f5b576891c8bcbd51390402c51de6f82b2c5bb35
IEDQBS	8	1	065c92b5497ee0b20946672cb378b041fbd5244f8f51b4d388c0e6aacd79b781
IEDQBT	8	1	1d6a71aa3798c5d395762be73defb7b4a3dafb8273444b1c136ebc2da1d1a138
IEDQBU	8	1	30ff822368f7ae7b1c2f2d33ec80e0c670e49b3cbf8455c94a4337a13501143b
IEDQBUFF	8	1	8fdd8b23dedd1782abedab36dd052651fbc68d18ddee1f651adcac08c146d3db
IEDQBV	8	1	54ff997bf0ca1bab80c473a8c00dd39ad4a254378226107ed61207742db6ca4a
IEDQBX	8	1	375a49e09254587b9ffa911cb8c1dcea6e443c7df85fbadbda69f942f7807f28
IEDQBY	8	1	2ff4bf7f3eee26fcb5b30d97bbcd7ced2695f0cf2ac9a3be936b8028f67361fa
IEDQBZ	8	1	5bb3ae91e6a37ef67fc051cda5d5ec74e4a62afede723f5d4a331224f1ab4750
IEDQCA	8	1	1ae1daeea603b5b2f9b66acb70afd56ab3db3229cbb31794211ff927d35ea63a
IEDQDA	8	1	35dce25f82c00bddb77beb52970e3a87dc382576c189a9822cf033ee6b2e5f9b
IEDQE1	8	1	d2cf3630c1bc8e4350d836669ea31b0954cf5dd9c09aec5b4f46c80c42af9b22
IEDQE2	8	1	eb739a02baa254c3994a451d5ee247294f61b6044833433027feca5ed026b881
IEDQE3	8	1	f30d658ba13b5c387eefcb50684d8e2e64cab2fb25f0b1d4194384b1158fb2c3
IEDQE4	8	1	7885e848138f917e47146e80256389e9f3e053a7bd154ee619b7295bda02eb49
IEDQE6	8	1	f669078310fcebce9e214b9f720f989731463b84dc569991a9ff1a2d1a35fb0f
IEDQE8	8	1	b5e6fd27a8f3cece9d15447e4d7064bbe584505063eee5718636fd567aa1d74b
IEDQEB	8	1	7d7c6574e74a171a8b09325b09963861425934a74b4890885934c0d88e737e94
IEDQEC	8	1	422a33f413936e3349b4f3954576d3af72f98f96e5c55235562558f5dc2cb218
IEDQES	8	1	3c7066ae6ab3e50afe9c72a255d8caf01ec1b8c959713511c1e8ae5ee34127ec
IEDQET	8	1	b1c1a28ded9248edf54e17ba6dfdfcad6ccc911e8922488bd9bf2ca2af13e9b2
IEDQEU	8	1	ae42c7cf5136ac76a8fec6018d97a9399588a86fcba805514ec4426d343103f9
IEDQEW	8	1	784732b613c5189019a13feb528cab593efc0d2792e4a7b091e027a33d7c4313
IEDQFA	8	1	cd618fee1337a44729309b4f4297bdc754a07cbc79ffe60e7a795de33676aba5
IEDQFA1	8	1	52de89c0d00ac4a88f35403c14bacb08029f79c7dd5cbb34d6d4019a448ba85c
IEDQFA2	8	1	0eea7b74b9aafb27e83473246387549039bd6bb23346355e1af5d0bf1e0628c3
IEDQFE	0	1	cce00b28641ecd43d8bedfd46c52ac858134ec41ff8dcddfdaa4072de824db9a
IEDQFE10	8	1	9a97ae3e36435ae78363326786168b2fecac6fe2feba47ef96b298c604f4a650
IEDQFE20	8	1	04a2f8d9a73e7208b849ac7a335a0e3f5f7f1b2f943bed68c95f01ba806d1297
IEDQFE30	8	1	b48aeb379099378a32666c56c058a79e6dcf1e99f7f3560e22cfa7bc664187d4
IEDQFM	8	1	cc764b17b31405a9fd7acc6d4b77513fdc94cac45f51b5b99cdeadabed981c6d
IEDQFSC	8	1	6910e8f67a05ea27a62f349a076168efcd10386c2e19de6d690dde3a5b5ccf9d
IEDQFW	8	1	7a15578a9449202cf24f7046839c1cca1d6726e0e596e39df1c133e2aaebd89f
IEDQGA	8	1	4f0f7ac41fb2792b44f981373b974d21cc9cfc1d632fc5043fe7493849ea21fb
IEDQGH	8	1	56141ff56945f5391b9d9fcc2b06f447413fc7505a115962542712bfab6ab0ab
IEDQGP	8	1	e29e0b585e00c494250347a8f875e3f2526d84a06d7dfbbcedb73d10cc94b20b
IEDQGQ	8	1	1111a75a5e40b0e9ad7762e75850ef597d6bc87671dbc34da31fe20b73cd0c8d
IEDQGR	8	1	dc6303e36196b805650cbc7fe8e10f12e960b5dbf4d470583275fb92f0da91d3
IEDQGT	8	1	f11da0c5781159e3fb527c794fb5581ab6bdf73844ecd27a7eea636367058e07
IEDQHG	8	1	6a51afc0b565a081a245c231f96637fa164c677b80aef654b0e429d10b35da33
IEDQHI	8	1	b91478941e2cc8cee3281103d0da6a801f9e625994758b0d46e76c0ce9284c28
IEDQHK	8	1	6afe62286a8adf5d3fae0375709033bd7c4563dd47d296a24feaf761c2720422
IEDQHM	8	1	6d73b9d48c46b3b3e532031cabb67e42f7355c64f895c0d7a0f6b0024e077cce
IEDQHM1	8	1	9be41d528490fb800f16b6d735904f4110f2260918693415e81ee175231d4b12
IEDQHM2	8	1	d180c46b9c237ce8c831721a5e7b2e5d3a623491d0f572127b70e2eab6b1b43d
IEDQIN	8	1	65a54cf1802ba9a3e177d21df3e01f5ab6e4dad5109ba5d8c7b68c2aa389dfd6
IEDQKA	8	1	399d1bb30f45efaaf3eda5de41177e9bfc31cb30bb3aadbc75c0fda3ecea64f6
IEDQKB	8	1	16d0256c9b85078c17afe39b6941edc84cac425ac2d474248d606bbf4f9d0f64
IEDQKC	8	1	b94aced0975687ce9cac0a02c5f97234625fcf934281d09b835b1e7dd6e05973
IEDQKD	8	1	11f78eb522ac38992b71ad0aad058410d4691b977b1ac4b4005f2712c2ff9975
IEDQKE	8	1	7f9714c52aed4c16902a59504734674b5c5f8f1ea69a841374e0f0730514c075
IEDQNA	0	1	cb7bb22e8210672d42f118f987d86acf643b89569d528577fc4bf13d9e0587f0
IEDQNA2	8	1	b7773142a2548e3d9c02e58dcbd99512dc8cc6f2fef03989d99f214cdee051e3
IEDQNB	8	1	c461a0ea226a7636bc3fbe35092adff9234ee1f0c7ebf69e44e9d3a3170faf7e
IEDQND	8	1	83b7ceeca9e3befeb27b9cb80d3bd13476f522e770667569dbb93ab88df27eae
IEDQNF	8	1	c910bcf413baba510ab250bd61bc953b7bf53ecb1984efdb0538b5b6bd0f5806
IEDQNG	0	1	b0113f5acb426088751c0d1de593377fd07b407efa0c6c11daed1af68e6645d7
IEDQNH	0	1	ec4159dd191e8c9a944316ecc5ecb69292913a1c609b27c124bcb3cdbb329fe5
IEDQNJ	8	1	c9752f61e527a8bba6563a83cf02d34778c688df21657b8afef7dd16e0c83abb
IEDQNK	8	1	b3878e3050c646bcced998d7fe2cc038e0b0ccca26a2e973d63518367de1b344
IEDQNM	8	1	531cbbb5bcf9ef63abe1f72e8a51c5e07de6f35f987cd9fcc97b603a1dcabe67
IEDQNO	8	1	8717f1ab6d358f694eb3965f9844686ec44530409461a0ffccfa4c8fce1ac9bb
IEDQNP	0	1	3f97a8eccdf72b097bf95f047c42c5af3f070d328b5160cee28bbf40f9f421bd
IEDQNQ	8	1	e60d6e0177409156bad74022ef6a39ed2eb476af3c1055fe4a700c80254eb6a3
IEDQNR	0	1	36d1c62b595c9d57afc4d305475c3e650c5e04e0fb10226db0d749f138d8a608
IEDQNS	8	1	f9b4fa8cfa15feca2d6f59f3e04bc389bfc730f05efde9837c4861beee38a902
IEDQNT	8	1	0ace5c4c09ede965690ddfa0b28310227a0ee30c37d129bd8103b5049a7e9cae
IEDQNU	8	1	e7a0b574196f4293764c32c285c92f361c16d6e3190d2d18130970beb6aa2006
IEDQNV	8	1	42f0af7be0fb30b87be8bb2b59a51bb902793b160db1ed065da9fa142456c7fc
IEDQNW	8	1	8647396500cab326903935c96467c9c60b3ae9ae3090c2161ba35cd2b4e9be77
IEDQNX	8	1	18fda8f1c29e7e3be623dc9b4c2bc45b54aa3f50963ef49157cf15509f1eda97
IEDQOA	8	1	26b7a09d58231f69343b3c803324ac64b49adac84f069d01acbc002cdaddabac
IEDQOB	8	1	b8016faf08ca563b1b3dd2993d3b2bf5b2d74be6c5c03745e3fd5d02302e0405
IEDQOT01	8	1	82d848ce0e0c2c5b702909cfd4d3661b253fbf4692fd7af9b0fc5eb8f58604d4
IEDQRS	8	1	ccd07357e408ffd3e8e475176f557fe7a752e50a3d57681a664ebf0476416745
IEDQSBT	8	1	7d3a98f9eab4fc4c4e8be82572260be26e25c76f456b08735cbbce0e677c8555
IEDQTL	8	1	e88f5e87ea4f316d6645763f2ce7060a64d3f13db16d16ede61cc1150efe28fd
IEDQUI	8	1	8678da79867a48c51d6cf547666b9e35587dd31f55b9b966d615fb235233e02a
IEDQW25	8	1	6b3eca33b9f1f4e3547eeec34e639d8607604021a2e24f85b843ea833cef3de1
IEDQW33	8	1	6df57e9e39e1a18a571fad8bae92cdbea3e9f3800386952dd752931ec6b3c650
IEDQW42	8	1	08dd34973895b2b22e6e85d0bcc9dad5cc68a4d5e7706d817cf980ddb7538f58
IEDQW44	8	1	14dcd2ecf2f0799d7429bcfacc84af82871b0b52d6d3496666864c545712c325
IEDQW47	8	1	af89630fe2195350f7d33581cba8e4df82de33cbf39261c26db648c89d0cb5bb
IEDQWA	8	1	e232143187537900d730a79da8a4e6c03edffcff5a5ee9d76152fb4becad5365
IEDQWA1	8	1	a803534dc22c0f94066988a8d24ab94bf34ccb51b938cf052bf8d8f3715888e4
IEDQWAA	8	1	88bc8f5c6b6744ae7c04c424de6cc85897b053277eec397b15baa6e6da1c8679
IEDQWAB	8	1	75ac95e0de4bffd0947b14a905eb9840a04ab2eedd411abbeff32cd9f61b130f
IEDQWAC	8	1	de8f38ddf1123e20fa38eb15191628ceac0f1dc8f40335d806603e7b677c7a97
IEDQWAJ	8	1	f134d5ae5a547f0826c30b1639b28d41f1f5487929d73a48db504919d5c1c0d8
IEDQWB	8	1	09878190aa8eb8b9b3e26fd70bf73831012734d50c308fea26456b53ce1cebbe
IEDQWB1	8	1	d250f030978872a2ff715659424acbb2929709cb267ccc0b4f70504037e05365
IEDQWB2	8	1	9bec4d6eee24ccb4c166732eabf33a9cf8943ac0f530466e25d9fd7ebc86247c
IEDQWC	8	1	a31f2f17c8b98210acc439fa3d8496200d7c7c95f80ce388a1b308cbc7a533fa
IEDQWC1	8	1	d0e4eea0b075620aeff11b1f0cb0375aa4d6de6f8f559f02967b8db591951cee
IEDQWC2	8	1	d18ea436a01daca971322092831cd0cf11a57a70223f3f69dd61aa61120aa6ea
IEDQWD	8	1	75b1fa1f6848b7864711cfe7a5c9273d29f38488ac98000886062a02e62f3533
IEDQWE	8	1	57585db070d4ffac596509e06305813d962a9d193c301cb734c65b46d2ef5f3e
IEDQWE2	8	1	c6e1a57a5a716e479c9f595fb2a6b94c671be5e83d6426e1c2e04ed116ee5656
IEDQWEC	8	1	afef9dcaac3eab1bc5cfd0da01d7ace2dc51385893a72b644382bd51dd1d50e5
IEDQWF	8	1	1c02b392c57beb24880a4ae78f6cf8a0da699e50b0d53623d10bed9113ef7c0d
IEDQWF1	8	1	f768cb0ce2d60776015031cff52a748379a8e87024b70395fd499187e4b1b78d
IEDQWH	8	1	3224514c1f2ef960060922d2e3392df7719a2d9201b3932d5d75d09a63b7e7e3
IEDQWI	8	1	de7cde6dc7fa55729e43e93747e5fd9cf3b270afc5d3bb43ec68ec29fdbbe4fc
IEDQWI5U	8	1	5eed5d2c02cc85720e6bfe1467a935bbf4d808bc53bb5993e7a0cf0844fe3e3e
IEDQWI7	8	1	b7ad7c9fbbb21868afd427132353ae42ee8b2532fe7784ab658da76997550a36
IEDQWI8	8	1	6ce32ad861bbf9908d0e3e9a192c6875e1de0ca80c1d65cc2d098649cf0c609d
IEDQWI9	8	1	4569e8a732f0e2d23254b2663567ff890bbb9517911c23929d49394ccbaa32ae
IEDQWIA	8	1	da3650fe9a6b52cf0cb381e327e4090f4ae40d14b7c56a6a43286fbfecc02f95
IEDQWID	8	1	46f2a0d9c4d5b29a471b009ada8e2246f751d47d7b2933ec6a3fcaded23ae5ce
IEDQWIE	8	1	72248bb9be01cb5ecc41b088df9eee455284780693b9450d8fb832ab51b7beee
IEDQWJ	8	1	3f04e4d81eaf5e2fd10238bb01748979c6ab967077138756060282c402b500ea
IEDQWJ1	8	1	9a344cd6114eb30d541c398d4a98a7548075781dbcb888a4235ef8625e65741d
IEDQWJ2	8	1	5a7d3f331fd362c4dafb5f264ecef0987467cb76226a02d478e40affc23215ae
IEDQWK	8	1	53f7d7f7a75e85417a18a41f01aae875f3136c3eebeabccea34fe37ce75e8726
IEDQWL	8	1	51ace6e9aeb187bb32ee44386cb95b240b435c8fe71f3647a2df15a7e52fbe2e
IEDQWL1	8	1	2f3ba2965cbd4307f0ff8431f52f7fc505a8c8c0c73b403789850db68384aea4
IEDQWL2	8	1	cf29da9451b076d5192a4ebc085076b060b4b6dbe5d21e2cffd28316c9cf6d32
IEDQWL3	8	1	45aa06b322f71c1db5a9ba49779b485639c2dcdcb4414bc0b290cabec724f527
IEDQWM2	8	1	3563ce86ef4c26efe926fa36f5ecc374d3d8fa3c39438355f88e8c520c316bd9
IEDQWN	8	1	d775b8408eb2417793e7051ac657f38c78dcc490ae3f512a5c31596e2b62b436
IEDQWO	8	1	8e708cea2dfc1f68b45cf83834a5911373bb74cb01c9ebdf03cf3e9130a31b90
IEDQWP	8	1	19054969616e931d2b04493399f01ec4f598e4402dd5e51e00ba30c3c74228d4
IEDQWP1	8	1	e664417ef75bd5a8e37e03afaf505020243f9f121f41a882c2295bc42d15b74a
IEDQWP2	8	1	e28ab915b6cbe5fcda41b8c8d0d3ccc698d45e402d21d417c391bf3f62d8cb54
IEDQWQ	8	1	499eb3c145990041e3435a84ea8daf56102ca68b614b2be627b2a923c9c8680d
IEDQWR	8	1	fe478a5006b2c4998d0430c2e51cd5371b6020e5ad60568d47d6fd008a420668
IEDQWS	8	1	79fab61b2453d092d2d3a206fcbd1b77ad4616ee5e1289edf4bc489ee50f617d
IEDQWX	8	1	6d29b416b158bd77fb1c1af20eff6838c30625027fac9ad2e08daa0423506bd7
IEDQWY	8	1	170a2d584b8982f8d5d62f98fbf82bc9e9ad2fd04dbe5314ef8401bac0a8cb59
IEDQXA	8	1	d3c168e0f772c05fd68670d0d6601005e38098af474b6c0d5b0b6f417e73ddd7
IEDQXB	8	1	a2054a4a0d67082763d437c7c053199f08a81c13ebf31584a77e2f0f6acf133a
IEDQXC	8	1	84e9b180f88c3679911ec254811996a554a8711dd70d60ee9605e51313f415d7
IEDRQIN	8	1	1e06c93314fc8b41a0975e4ac8d48ff249ccfcd5c1aa2314cbc24e02bea5dcc3
IEDRSPIN	8	1	75e79a0896303ebad795e9034487c60eb475ffd531a82c922bf478ecab30e768
IEDSAC	8	1	12c0b338d33468e127076aa78e85d0a55af3b5f8d8d8cbbaf81eaeebf55fbda4
IEDSAI	8	1	3d2fd3fa79b814e49a75bb3b345c4c989a5553307ae7e1b5f0108064eec0b931
IEDSAO	8	1	4c41d7c24d51cae6777fddaf3eb3f8d076ccc7fa99c98cd17b11e82087528358
IEDSARI	8	1	61854b3ea2ec082213efdced266975c7b9843bbaf19524bdcf8677dbe2fe9a64
IEDSCLU	8	1	34f0ad49de040dd9d7312d64b20b47ccf25146a2ab4af372655453ea0873be80
IEDSCPDS	8	1	97f239e70cb3b285eac9b64070724442fe07d2915d3433c81c3d99a47f22cd10
IEDSCPRP	8	1	576d9e4c6bedc917e4a273120f0cc080fc3421ae93686838c0a758f104fa23f9
IEDSCPRQ	8	1	355802086437ce67bd08ca441bda7d0d0760caba33d4cc97eb967f085b7b5a07
IEDSCPSS	8	1	8cc736323e244f53a45891a39b34964115013a2580c5479da1c7e1c5e05eaacc
IEDSNS	8	1	4742f3f34e1e8537695e91a7656e7ebfdb8132d3343a1771f30386e3d726940e
IEDTEDIT	0	1	4922f8bb3704bd0a51440bf661366eee0932a16adec81c132975f929b2c6a2f6
IEDUNBND	8	1	82b21cbd2239ef426214616bd13675b1d087e4834d8d67c66b272b3796ab9a06
IEDUSSTB	0	1	e0363643f97e0539796a5a9c1ec3d4cbf0cdfcf33f429fd8a427381c649f07e5
IEDXFMI	8	1	ed46a0bb6ceea02718ace6e6e161cf0091d0f9dc6c6db87c2f82c9a7425d8850
IEDXFMO	8	1	1043f186a3d84ad9c7938a0039ecb5d35c60cb755bae10273f5f2cd516b5d867
IEDXTREQ	8	1	3cffa64f0b02b907e288a6b2cbfb0da95ddbb49d1cfe29306b6964284b455acf
IEE0003D	0	1	6b7e3b8b1367e1ab121838dae790f8e0d648aba3ee247ccd2f2a572fe85fa2b7
IEE00110	0	1	9619bb16f1f909b9e59c0ed6c6d11f42e961329afd042d8d33652fe6e0da3909
IEE0303D	0	1	dc894c30bb31219e9c54c03206978f03f1cf81028f0266faf1baea2ad4a78c21
IEE0403D	0	1	1ff9ee2325f2401eb5c58ad45d533bd7a406d88ba88fdadd5615c185297b3cf1
IEE0503D	0	1	dc6f41eaaaa2a3f18f0ac8b1fba04956692392c1a797d96a8542ad5c1c47c517
IEE0603D	0	1	281f5883b9aae378e7b72098a3d148a86879545fe7673facd3b1ac9473c85dba
IEE0703D	0	1	885272489ecfa64fec716528f4a22da3641f06a34bd046af483fec25796199e2
IEE0803D	0	1	715c8a778ad1e0e3376e483bae32d07eb7da41bff6551d1c05ff30abd36e3686
IEE10110	0	1	2694dd8ce2aae853b72cafc29eea9c72bd1dfaccc5beb2e26c5498d017dd4642
IEE11110	0	1	6ee9e1b62f8844a6a8eea7f5fab79317acf9a10c1da13634409ccdecf711a790
IEE12110	0	1	20013db3ea68be9114357a4badb1b60901e9b3e4aae1ba84f804de38c6c26698
IEE1403D	0	1	864c4489a54b0ebe58dce0e3af764c4dc38bc50506de4d52b331587311107d75
IEE1603D	8	1	76658b3f944c48b053e19c49dd53384e8053893c780b9f5045c113651dec0662
IEE20110	0	1	04d7b4f8c2d56bb0cb0328658e46f1e94d52cc7fa981233ec271c0f56c686d3b
IEE21110	0	1	b7c9b4b4e6f426d1f8314120c7678d4f7e3f93baaa8745747d4b5a5e52549e12
IEE22110	0	1	3db037d10dda922e2375fd42238b3f48853811f44f6d82886183cee51e333dd8
IEE2303D	0	1	119b565b31faed92606a67a130bc4f3605c7d717266657d50ad26bb15df5ca24
IEE23110	0	1	8b657eb044ec5efae38840a81569f263b2369f0ff32649a2aaf829310780361d
IEE2903D	0	1	d2f5a87cd05d59702da8982e7342f0834726f0b4a250e1eda0e727b89d86c9cd
IEE3103D	8	1	80440b9f080e0d7992e24d218266ce4bf367805a66da1f6959cab9787af0c8ba
IEE3203D	0	1	7292276d9be13d6764b65aa47b89ac62e08cb457a254bf818ad4175998f0aec0
IEE3303D	0	1	9a949cf9bb06281cbae37cff06a45a456ca18b4cd6056fadd127fd6aef63aad9
IEE3503D	0	1	928e973c1fb2587a50645e521bcd326dc9cc01ea4fba42a5da82bf33bf446b23
IEE3603D	0	1	d1498b7bb39bf8372dcaf3b4f04742ee0547f770759c8d41ebb235612cacc781
IEE3703D	0	1	4689982030adbe4fb408c75587d1d639de3a8bbb8a92b9d050e2a93c725f33c4
IEE40110	0	1	8ffe0b4a075171fa1428fbd3552da61cf5ca12734c1cd9adbc2e6a2225165097
IEE4103D	0	1	6327f533fde8cdbc3cf5f6777cd6934903eeb8eab3a18b0152477883d3fb3ce0
IEE4203D	0	1	4e9f0615e5441d2df671396623edf889854139118b505f9fd8cbd6a0c440aac5
IEE4303D	0	1	4860b2693e69998ead87a1825808be0572da5575636ced74defd39ff0541affc
IEE4403D	0	1	3289e350ad68556714d775a57c05209ed1c62ee469481fecc1763b6aa7b95fae
IEE4603D	8	1	54f47d4ac084fc9cc825cd79afdaa2aab4ce2ac988e8cbe0623cf6f93c24b9c6
IEE4703D	0	1	2956dd598d38bd41f7ed403dd75ea465b9d468ad118d6d08ca4db9d0f7f2333b
IEE4803D	0	1	27b243c0ff018e1b5e2d80dee9bea1af17f5321abc627e1649ed3ddd974267ee
IEE4903D	8	1	1b9bd7a19d6da22f4e74c3af4cc31613381e699d077d12cd91f3f5faae215ab1
IEE5103D	0	1	e857e43fb6bc4d0e58fc42e37fd993de748a0369df56a5158dba6af0c940be7f
IEE5403D	0	1	9d962531ca6c9dcf771d13b3cd0ef4968ddf6ac819f30532dc09a261f3531d80
IEE5503D	8	1	cc907246a3d27480ccb4a0f84402352ecdf00f70c3c4a4289f306dce53018cb5
IEE5603D	0	1	5ef3e063fa0d83fd98d3c8176af0c693d5f648e9d5462a4d71356534cbdcab83
IEE5703D	0	1	9f84947f39aa28764c12427ea842e73142a010a373baa0862faaf978e66f657a
IEE5903D	0	1	cabfda5b2182326c555c70f19693f19e7d9bbb62ad8544343a0039b064748eb5
IEE6303D	0	1	76babb524c28fa560c27d461d942741378533ffe101aa6d0cc9265f9d5db9d50
IEE6403D	0	1	a29b588ff05f1f9060e8dc1161f57b5bc9fcb37b515d7cdf60144f50465af8f9
IEE6503D	0	1	01eda62062da12e1b2bdf4f15454b14a14b44012a093bf6dd0da0c5df85da9cf
IEE6603D	0	1	2b85ee15c7509021ce0d312dd0dd7effb4711f23a23e321e6fc15843b30dec6f
IEE6703D	0	1	9f050469f54114ab0bdc0515f7a93c1913e891e7da81f2c3ac1116267a34f3f4
IEE6803D	0	1	be92431a704f97a8e4ba56fc36ce5a9d6698659157b6e1d571c44b2fe5f40a11
IEE6903D	0	1	47534fa922c73b3ce51614abe907288e51c712910b9ae04e010e7ce3eabe20a8
IEE70110	8	1	09a57ebb455dc29ad54ab02b290f6c0f28cd8036fb8fa5b8aaf74bca891e1232
IEE7103D	8	1	ecae82e3dcf5f423fe88b99d6a2838a0fbb1b27d4fa9dc654bccc186a2b164ac
IEE7203D	0	1	bcb6c4652e512c406e8a7572cf85f0b6b78e4ac784e5e3051636c4c88a616f0d
IEE7303D	0	1	36ba346a549a6a3261360bd76013acd44a36d379d31c3b642e8fa3c0d509acdf
IEE7503D	0	1	6410586506422e2b3a0dc9be664ff296ebd87da6ce508f7c1c92319093d24636
IEE7703D	0	1	937b932f8550ccb46e8beabdc65d2725079bcc0cc8fd0c95b85ca93e37e38de9
IEE7803D	0	1	65ca1edc6267033a40389dfa73072cd6c8d4bbd1a77e303fbfe7ae305ebb99cc
IEE8603D	0	1	cebc5cc129e67bbdb079b151e4cdce944b8e1dc0ae4bd9d18cdcc2dfbb4533ea
IEE8B03D	0	1	464afb3c906605b9f0821abb6ecba46e2403b13fa2e1d854915296a9c9c74baf
IEE90110	0	1	681e64eaa63682c78d6044d11ad4253f2e92d52405df349723b900bb4b5917e7
IEE9403D	0	1	60731cbd7c7e3ed8b3d1c845395ab44b9981f7e808b366152329ecbe47d75e57
IEEAB400	0	1	dcbeab3eb09207b74707b1bfb1e5683117b20db104b87e76a8fbc7e62d5540ee
IEEAB401	0	1	5c24b9248269a1acbb571607d78b4e01f90accfb9f3ed175317332fc7aa86ba4
IEEBASEC	0	1	53da51116ae6b2ccf3155c2513cbd7e443c0b31934de1141265b42b8a8dfe585
IEEC2740	8	1	7b4a7fb47c9392258eaf5b3014ef224a26a4b493fa87a99f920226d22992ff2a
IEECB800	8	1	34a0a71e254d5c8c291bcfeff2ddb507e7df8d0a6f12832c5038ec6c8d091ee7
IEECB801	0	1	04c16d157386f270019afb30cb69307ea7720ceaffd563fde95842052185295d
IEECB806	0	1	8635a35a22d399ec4eadee35e47c2ddca774f2c8b722bcdb7feaff1fe61c7f82
IEECB860	0	1	6bd4250a6829ae85509e1c36ad2e9756660f40a776bd2c208e8e15a1c145b8f7
IEECB866	0	1	eacf9581045069747571a9d7a19b88da6682e0f847aff9a3b74baeebde16b174
IEECB900	0	1	08039fe4cbb9997b87d5e2db1c4660612e75f99c80d1c51e5dfbd1140f3d2717
IEECB901	0	1	871592a0ef250b5d836b15ac57fb44d77b3b08f414f1b49df726b00aafa710d8
IEECB904	0	1	64a50d4d3d8ad2b4e47126d91d903a04858c96bfc7e3799502c130cb0dc04824
IEECB905	0	1	51f165dda4e1e892e6f7d01e9f93bf8db5fe7f829ba299d1e6678efc571de30d
IEECB906	0	1	12c49b5e7f4751f6229eb7c333d04173de7edd7443e574fa2821f57e166dcf71
IEECB907	0	1	2bb635b2838f2927254240f8b15a0578f14e928778c4454fb0c4ee1a321b41be
IEECB908	0	1	43df8492fe68963a7095e412e5e35393996498a56e8b23e5059fada5341ed794
IEECB909	0	1	6693ed8e4ec3d2f258f26017cda465e9354bcabd93264c2db9e3872aeb35e163
IEECB910	0	1	d75e399af643236342fc0a448b99466432835c57c6be039102b896fd4caed4d6
IEECB911	0	1	de56ec59efc1fea7d43c90b4646afe6663d02c27b8c4e88b4fb1096a52b06c74
IEECB912	0	1	556c5edf261d48cb09dc159cf1b5b9e1a0ef0aea8d6ecc26995c4ede04bf910d
IEECB914	0	1	a5b5c08473c47a6f598f2ae6b82fbd1da6ebcc19d9f53dfda148aa1d07824b1a
IEECB915	0	1	8c92d4caf1c0a29bcd6ca3068709fcc178b8d432a95e7c7dcc4b945d71e82506
IEECLEAN	0	1	22b3a71d004a552d8b0b62f5970e565c3c5ea1383825c0394b76610ba02ed865
IEECVET1	8	1	07691fb0f20633527980d24b2a83f7a7b40d6f3b2861d7671cf22d79de993764
IEECVET2	0	1	4cb010f2d420385f8cd2815729f84f5248f6eff8312c6289a45c5929954dcf75
IEECVET3	0	1	0d96af7962c8f9a1f4128d7ec86a7c3fff3bac696ac926ec00cc24956eadfc8c
IEECVET4	8	1	f569f1a0ebec63d6858472e31c67178b6233e74de20bba7535e286506afcbe55
IEECVET6	0	1	37c7cac6d767bae258f9ef8a49743469e04ec3446a7538ff44b95b4f1a452d28
IEECVET7	0	1	dc8ea20f160aa90e44cc4ee7693d5a46a926f77805cc06e512d9c54ea72c0460
IEECVET8	0	1	affd6ffeb77016fc4f41e506d6c4bf2ba26fc2e344ac211cea1824de3f1fc6e5
IEECVET9	0	1	c59f489015c90eae329990ef7377d6055c5364005befe1c08b4abc55b67f25d8
IEECVETA	0	1	e007e31ab9da2cf17809550630ce758f455123d0272053365f4bdd6e4bbfab7a
IEECVETC	8	1	a8658067e5f7e775215fca2a338ea190996593a13f4796310f429d74f1c0c441
IEECVETD	0	1	f9be0ba669417e62822a8f98e99ba0452f9f970004e29692f0843eaca2da9641
IEECVETE	0	1	0b69033ca1f4d89dce408aaab029481d0fe2a7aaa89728ffb58dba1128449cfc
IEECVETF	0	1	03c273e3d281055d1852f58f277cf547debfb0c9fa6d9f2d1937b57960bbf26b
IEECVETG	8	1	8036c9cbfe0d7029ad68a28035655592a37b40731148e3fb6e6ef5422dd70d7e
IEECVETH	8	1	337e99d56b85ba85cdc0f57959976757415e5acf5443d6e12175cf8fa613bb32
IEECVETJ	0	1	392e703b20f06d701a1f0ce3dc349f81ac230f3b1ab5b31227ed24f510fa5512
IEECVETK	0	1	ea0e2310a6ce2de1b2ffc0ed4921b510664132ab12a7b445bbe9df1743febd1d
IEECVETP	8	1	9130147ec45b56009350753b585abbbf7ad4345086608fed47e271aa3c4229a2
IEECVETQ	8	1	00b8211d148a554049a8f189c698e0e3728cfccc732d5ef9c4cb715e60ba0c61
IEECVETR	8	1	2247e01bfeb73b2b670f555467e3e271314977509dad266de1c2000655c4a238
IEECVETU	8	1	e5e579eb1a6c28ffb7a6ed2edd0ae0f0002c0673e7f5ca1398d0b449ac540082
IEECVETV	8	1	53c32b056a9a94ca8143b3457d780f2e9e1e12483912ddbe1823681939a5608d
IEECVETW	8	1	209f446fb3d3d5da577ed41695df05cc7c5225f2facc956ac179fd9640e21691
IEECVFT1	0	1	615a0858a0e3d36c1235e77095dbfee07a41c135cd2dce16ed68d12d57c6a452
IEECVFT2	0	1	6ef7be0b761f7c99fca21a3ca9f9efc88699381f2cace064b9c1b54fa551f64e
IEECVFTA	0	1	9359254e4e0bd55890a8e9a79add4763d1465bf7719047cbac5ed3db69f39f9c
IEECVFTB	0	1	e2ce5eb9a104b21807351bfd6b45570961111e229b0205145609f3b863b8ea54
IEECVFTD	0	1	102bdfcb2e96c3fa53cf696c21702bd46150014950b2305d98f7a6838606a59e
IEECVFTG	0	1	0410018c03db103016f981c33ce02f10dd12c4605f0fd057656c41e55285a9d3
IEECVFTL	0	1	add78174bbc4592d871ac77562518d1458034cb001bbfe6f2b46c18ace3245a4
IEECVFTM	8	1	5b385e91aefaa191b8d22476530b7dda9fcda5cd610911efb3671e1e1a527e40
IEECVFTN	0	1	95efb7aa904ac2bfbec4c80406bb6894a01a541702a930e39614944e10904f93
IEECVFTO	8	1	d1b427baf97596c802d894492dd3db80dc272237384f1a447d32237ed3b4ba21
IEECVFTP	0	1	f5aa9cdf4af410e620abd2b5ecf5cad2ab674ee8998e342ec20d8bab40518c1a
IEECVFTQ	8	1	40b75da7c26851688614e845a826f6629dd0bb4957ea5b6b13b8592bf8de36d0
IEECVFTR	8	1	2a1719282bbf9cdbf863de1c87ab804a9ddce714b14994a3e6f9d4b3456a5ae7
IEECVFTT	0	1	51aa1fbb7c1f30f91bfeb93619774458bf9742c92b878714cba9ed0d9bde67ca
IEECVGCI	0	1	da606f2c16f5b5d2e0b2bfe52056df1b64457c4575ac434bc090d71528d1a1c8
IEECVXIT	0	1	3edcd84fb87fa9bf7a31676587835f753ce018321068a44336a6540c5534663e
IEEDISPD	0	1	8bd092ddb13a8eb3d737d8dce44707d6cd8fc11852057644b3abadd5765a2850
IEEMB803	0	1	9f568cc2dc4e43632421831840af9112af12ef24b2c127e4d34009c31ce4370b
IEEMB804	0	1	c058934af00c32ac52d13851469da0e85fd7b5adfe85187cf2d9b68805ab9a30
IEEMB805	0	1	1ff40ab495a35d18e762d773e4fd8444150059c80f042be819230af6b6ca445e
IEEMB806	0	1	bb773f0fcb72f1245527735a4b63d415065555a32a6d4cb16393e6b78fd891b7
IEEMB807	0	1	094b95ef546b53f67ab9620602ed2d5b4dc79c56983e040b9b45f1e0e7d6b831
IEEMB808	0	1	dc1a3d0e0fc15d86868adc15e190592441e4e2bdff70d943ff3f8f1cbd678959
IEEMB809	0	1	4e2ede4173123bf4e958d7de82fe619eb22813dec9c7a3d98f8fedfa7b54d104
IEEMB810	0	1	e2738b5775c49e885d0dfed7cd1e5de0ccc8249fd2c0d8360499fef8987cd823
IEEMB811	0	1	801ec7e07724dd7acdcf8f103c0411f390c614add5960a86d68739153b8c4adc
IEEMB812	0	1	b65e0102b8a90a5ec896ace9a3aff22737767a8fc6575bf9f3733509d2bf645a
IEEMB813	0	1	499000927d998ea4a03bfb2f91b296494bbf77216747be98dd6903d53a84dfee
IEEMB814	0	1	a802ebf02bdd8ec5e6dbd133b4658b5d6e9984540e214f50b612ef3be2ebe5f8
IEEMB815	0	1	62043d51a632e2b85169c5c05ba9062115ef9cb4543580c72ad9b4e11d3f8256
IEEMB816	0	1	23216538608c33bed307cc60e55da9b65e7078918187f12dbf5f14d4c62e4597
IEEMB820	0	1	c34ffd7368da71a683fa68f74ad38b3b19bf7dc0be83f35a304d3c3964118418
IEEMB821	0	1	963fcd272f4d141a0e4dd503726f1c629f3fd23a4d2a7471c95184809ab2b040
IEEMB822	0	1	530f8de5572079d44c66b217d40941b84be6ae2b1efb13e1169cb84ddebf9ed0
IEEMB823	0	1	478e0e3b3a36262bf79d8e32bfc5eca710b603497ca14ef31b81fe71c4bbe1e6
IEEMB824	0	1	628a519699107fc4f904f90c770a0edae194b55cda8bd0cf9098e6e687740dd6
IEEMB825	0	1	d4a00bf8fe7fb2dd551038c88d19f0e389f320801dc019d51502f2b0be36e020
IEEMB826	0	1	14e851069e1960a9a45f75bc6451be4e8825ce68cc26733365bf3eee0dbb6b23
IEEMB827	0	1	bdae8004839eff568bc1ffe55f4439dca0c6161846cdcac59f2f7da2efbd8ace
IEEMB828	0	1	355768cdd95d7ecc4e0690b8952cc29bedcb66a1bb91290e50222bb83e073586
IEEMB829	0	1	3e2c166cdd4c716e2f0a3841bb775df3bb034023b580941fbac14239e045b622
IEEMB830	0	1	f4e1537fa208178440b0981d8ecbe5eec684daad249520e54d89ae3ca34d6411
IEEMB860	0	1	2ae919f6f19f73c0bc585985179ba3354e1be6adb5472589f4ea33fbb7b6094a
IEEMB876	0	1	3dad5abdd715d32cb04bdaa4a46034d5f3d3243d90c3a182bfbf1cd7331abf30
IEEMB877	0	1	cc70497bda57168347802221df47bdc393fc158654af85cd6ffce31b0688171f
IEEMB878	0	1	5f88cd4864f4e2d169405587ff05aa577279b4b5cbbe7fa146c13eafae6cd0ad
IEEMB879	0	1	b4bec23b70bdb505ad1314e07a8c46efa1feea2df34898941b1ecc6870510e55
IEEMB880	0	1	a4384460993b41b0418d182f3b3ce842a513ac70cfcdf5f544d14c8c782375f1
IEEMPDEV	0	1	030c8162c9ae6ea07013fcddd3d52dbe2d5d2669b46e64de4c1789aa8a84a06f
IEEMPDM	8	1	48a1e676680737b58a9bcf8a4296aa914dd399d3d6a9f7bec8759712dc501beb
IEEMPS03	0	1	96584013cfab5ff7f6b3e854994399acd2068e7a8da05f436d3bdd282ddd9e90
IEEMPVST	0	1	c15b3f1295e1637395de4df02887bdd7109a4a02531cc580d532cf10b2e9d30a
IEEPALTR	0	1	2f849db584267f261a1a6d5dc03553e54ad261326fcec151ff451984fa1ff461
IEEPRTN2	0	1	4332e96270204c303e54a0787edf1ce503c7b437207c3775a3c5852bde1bc755
IEEPRWI2	0	1	f1d9c5a5dd717eb13b59fac90ef267d75758f1b5db9c037e1abf66ce405dbbc9
IEESA03D	0	1	047470267902bbea94abb0ed76fee96db8786dac27f0ea7714ab70261fa5957b
IEESB03D	0	1	0bcb890d18304a6c9f081cbddb941c2b814ea8f026a4d37d9ee98cfe9a29c715
IEESB601	0	1	a1c50c81b1895e7175571dffa08443199e7c390e2b6d90acfb9ac594006904f9
IEESB605	0	1	594a40eae0fcf5e68ca468c7f7de3fecc907b24d85a7b2d76c5ed85ba44b255d
IEESB606	0	1	6d748da79e808a1a561b520f9cfc30e76799e3329f0707264dfaff5509f1a2e7
IEESB665	8	1	1fcfec0108fdda794df695d0076e23d7bd0ccc96780aabaa1e72d0509da59e20
IEESB670	8	1	0cc55256214218ffa21ff7eeb2c6114ca50e9fcea32a8d05986c399ba109873f
IEESC03D	0	1	21a1396c8bb960c2041776b5c8d8e5573fc871a49afa3c657726a90455fc3fec
IEESD03D	0	1	1a40fd44c700e68ab393d36d0f1352a866dfbd8e34d5e0b0714dca6bd0d37f36
IEESE03D	0	1	499262fff2de26267730ae813a7731664cb1a646fac44e367afadc20705b74e6
IEESF03D	0	1	9b69a6c521e4b0180a4a7c98b96875bb56a7c7db02ab92998a006e89243ec1fa
IEESG03D	0	1	5629c0081807dc629347fb824164a4f0e70932d8a8c984da0c50aaaacfb4ec2f
IEESH03D	0	1	f9092d38929c728232a806f5ba80eb75d9cc15b2049af5c8212292c94d5259c2
IEESI03D	0	1	7e5e9a10d44772e2e9be070145fb5dc69c0f08c678c6d6c1d7469f37ae9b0bff
IEESJ03D	0	1	773271ac927b19dc1bf1fca896a1381ebb9f28c0bb43956c28cf34c6ace3d6b1
IEESK03D	0	1	5c2a885fe0c27a021bfe8fc380cef1ab35d8ede2900fcd01866ff8e7f4c96ba4
IEESL03D	0	1	f66e2063481b544daddeaf779cca1634e4a2a17639c1ae3bce166f7a72cafc53
IEESM03D	0	1	e28094c6880eaacc5761f45c09f006d1e0a4808f235d790a6552a153f7371b90
IEESN03D	0	1	535625bd52aca83ef5c29e35ed030eafc4f436e4bf74c1ba7585ef01de256a8d
IEESO03D	0	1	4daf0e0aad5ee2a77cdb15c79762d1364515d8836735c629e13cd059d30e0702
IEESP03D	0	1	beedc3a8b1f6c36bd6350017c0536bfaaf816697d1253b0b8bd58c156685605c
IEESQ03D	0	1	298380d693570cbfc419d916f5886ff73365f167c1d763a1a0d43feac4a8e3dd
IEESR03D	0	1	7dfae8d8059c10638d923aa3497bab0d9a366fedad91c6ea9b0f799c12912ada
IEESS03D	0	1	fff268b474ed183a6f4c3ce46880a0e4d1aa3feaf808ae1a604eeab8ac7d6070
IEESTPRS	0	1	52292cf01b051c57337df85babe8046c97c1fdca4576ad687b7a1a0f9a297002
IEESZ03D	0	1	99b6125d62053937e22191cacb9b8eadd8f1fd14a375dd737ba57d5bf85f43bb
IEEVALST	0	1	da339620d71a97409ea8ef7ba4afc64c544c434169cf5772ead60cc0461595ad
IEEVCPU	0	1	398587da59f7d8724731d68189d4768d25c7f78fc77fb4649a98168e0cc47469
IEEVDCCR	8	1	ffd7fcb8de043f71c17ad273dd389c65cc186e4386050c2120f4bbb1c36dd53f
IEEVDEV	0	1	aaa6582425aa1aeb2038d6f6c3e0056cd02ab9de28f9b7d4eaed4fb59aefbd5e
IEEVDUMY	0	1	414901fec7508655758be5621c00e9c43733e0565f24c7bc853359763aae6add
IEEVDUS1	0	1	e72e52ecb2a8705b1b793ba51dea136d11833170371509e18ebb976f77cebe9d
IEEVEXSN	0	1	739b2276c79030be3c7e57a9cc6ea729badad4a897423c1ae2e80f844ffde74f
IEEVIPL	0	1	983b0d0f505de07c2b9576596d1afa9ee3b576d6d1436faa395f02eb52217154
IEEVJCL	0	1	2c6a23afbc3473510fc8f6b90e8c221c8830d0924cd7c6b424f8dd253f20b20b
IEEVLDWT	0	1	f1f8fe54d770933f11a6ea015794f237076bc431f71a2b786e8dc2b837cb5652
IEEVMNT1	8	1	0076f68bbf0dc11e35068b2002b37022c236e4b7052d7a401fed8199c7408291
IEEVMNT2	0	1	d3040c1ddcc48ae150413927710cf40499feaa52a9b3f1259981844c28599885
IEEVPTH	0	1	de9fc4c0e55afda954fb570ad263ceb765f7d40d925eca359e95d4ec98ca3eee
IEEVSDIO	0	1	3f7d6e99bd70aad63441adebabdbe7b92ef8066c119cf61b3ee2782a497571c3
IEEVSEND	0	1	aa7f04ca1229155cc9edb00537eec68ef8be0cfca2826edbc3da188d23f7abb1
IEEVSMSG	0	1	48240c4cf4bc486004a0805a434e33b91713b2f5bafc18e0754f06e3d6bb8947
IEEVSND2	0	1	dc9ec3677cb39d9be1a2269f561c1998c3156664f4635ecd62fd44ed2226f8e7
IEEVSND3	0	1	f0b0aec7477fe97a529cc8ed2c10850f32069cfe96a5867daa3d551e15bf77cf
IEEVSND4	0	1	ab3eed7dd529a98f6cc174d87987cae46f7e6520fe324b1f7b9f6d4ad770013b
IEEVSND5	0	1	52fc6922e75779493875525c9608adce5fb3a1c23c365e72ca357bea9da8cb82
IEEVSND6	0	1	0731c7637a702ef9cab323dd232c39d320df0d593c5e8d3a595dca4b7d79afed
IEEVSND8	0	1	5ec4b06c32d4a2d055d4c66ee4364c2c5c7f0bbee191118d5e32f1e076bb8bc1
IEEVSND9	0	1	f8cb42633ec01c4e042f5cfef8e850f646abcce1706a7779f193efcd2e5a3d18
IEEVSTAR	0	1	2a7a358cfd7d4a15dccf2e901d947d87fa6c4cd17205964063d7f9c596e670e7
IEEVSTOP	8	1	7cdd00d7ec6710990699e8b57c9c95981b98fb129845a615cebe4807116c0442
IEEVWAIT	0	1	e078ed572fa3ccf9efb0c6059c8cbb6bf30c5878f8858fc16fa4b39144d3ff5f
IEEVWKUP	0	1	c5f2cfd6ea6b5e7303006e4fb920f7f4311f9d3aa451a6ffe799175d949b2a07
IEEXEDNA	0	1	930fd9c641fe43d2e3b74b9d954a02fb4c32edd6bef62f4e7e28ea4abb71ee29
IEEZA03D	0	1	fc84024311c915161166306390f7a70d3576ed0ed12800d082c912f6e8116251
IEEZB03D	0	1	c77209cdfa3b8531d760d28bd4c5cb6b29b9e48b2e50747f38a95232580a71e1
IEEZC03D	0	1	bd40de15dd6c0f4247ed3265a7258f2d13319a06384e9d06d611e078d8bcadc2
IEEZJ03D	0	1	7b73fbfa61b77ddbdf98ad8dcb54de5e3e8eaaacc6b08e1afe51c84c51181f5c
IEEZP03D	0	1	25cb8fe8f6b4507538d3ede06697c02a09b20560befe46045a4407bf1884491b
IEEZS03D	0	1	b95191722633522ba2e85fc4440a2e0ffaf5c59e8b24d78506fbe5be8f6232a2
IEFAB421	0	1	13c8f9fd50958255dc2ea5e3aae3c4e2349b4a84cf7d6f6d46deb50614a58bbd
IEFAB422	0	1	1f30592c8b0158c18e49fcf998c4a96ac246af222d7292476e9337973a637438
IEFAB423	0	1	fe8ffc5a47c8e788ce3285fa713c6726caba26dd230da64cc0443e29f64501db
IEFAB424	0	1	a2013125f56d3573b304d7da4fc5dc8c5022016ac686c84910ff433118d56c52
IEFAB425	0	1	b04882228308d9472d8e1ce42c39f26556b08d0700fe7a7fadeb5503185727ae
IEFAB426	0	1	ad6ba42378636dce36052242c702ab15c8f46ce34579eb71d9b572cddddd3de0
IEFAB427	0	1	26d7bd29a12c59dadd7a1406f9318bbf963a693908896eb77997e307b45a8b9e
IEFAB428	0	1	d1ed96166ad0d33ffa794d05fc4f7feea2ec1797de6f821b9ec7c40482180f17
IEFAB430	0	1	4cfda1a76d278972dc51d6aa1934ca63440907650a30c049f764b1e4aa3774b7
IEFAB431	0	1	47dfd7e17e51fa967e79f0a378ddd4c7395508984f49f36f3e2a1628ec8f612d
IEFAB432	0	1	42acebaba3b319b610007b5989e5c4016148025aca65f227137c95de86531911
IEFAB433	0	1	df978aaaf761ac670d58aeb8910ab103c8eeb8742270bc5bd2e74f6954cbbb73
IEFAB434	0	1	4507ebef42b1ef640fc2aeeb73d9f24ad5300acf1ea94042a6b3a28447f65bf8
IEFAB435	0	1	627ac89cf5acc5738d380c0b09fef6570c890a75c13da93c56783cff54cf97c7
IEFAB436	0	1	e64450f95eb1e2a1b9b2bf7aa8aa1a4c917883e99fadac3103b82c633ebbfee7
IEFAB438	0	1	ad7fb35d0efc81446e1eb427b0c7ce38c1f6f43ba31a3a21fa74e1bea494d300
IEFAB440	0	1	fad3565569811023778db5b4a319cd60564b61345a281967f9014cc3a4919539
IEFAB441	0	1	ff2cd260acb9613fd6b2aea515cf4a22cddcbf5b47d97a8c823b66905cabb0c2
IEFAB442	0	1	7f5f3db9c455de0143e3e930215050d1ac8902210522e637f96f11c631425c8d
IEFAB445	0	1	0b02dd333a0f938cb2aa9bd76d61aa3ec04eeacfc0e9694915d8622c2039137c
IEFAB451	0	1	677dff8a439b6a129a97dfdf706abdf66c75bfdbe34549c55998a09765fedacb
IEFAB452	0	1	5b360b5309abd116d0d597ca250773cd3fe7ccdad977f5dff0f52ae1a4fa9540
IEFAB453	0	1	3de9e0eee86d6e796bdd0049b48c12256cb16bebd1a12ae9b651d5fa653ac3c7
IEFAB454	0	1	b0d7635bb4e3dcf35689c5cbb46fd0602d48a995f2f1502862bbe21afe3708b3
IEFAB455	0	1	37685c39e3f88ff3a545f1c7d664ebd02d836ac49449abf19f37a1466598d718
IEFAB456	0	1	cefdaa9d5e9225a85442fa2eebc292cc597c6105ffd2edc1f2740f833bf0f167
IEFAB457	0	1	fe93ccc093422c8acf8efee069fdc3cf5d1d3cc39c2e20c6dfe81b49afc91ccf
IEFAB458	0	1	b080f51734d096e3248631c5f1bd1dac140dfba349495de2f764e443d1783fdd
IEFAB459	0	1	5c052c2d9c5a95de9008baf2b47a8d6d463b44f1f28d8d0dce0372e7cfc80c5d
IEFAB461	0	1	609a642613528637898777818523d75732a84f81ab6dca76f38f16beb78d247b
IEFAB463	0	1	45535632adf7e68b0533c6fffae0726f1ab69beaa8aa94eb888795a0af5e7be8
IEFAB464	0	1	c14e86c214850abbc99694bf7b0228570996874bf7068f64cf50f9ceb895683f
IEFAB466	0	1	85e7a4b95733e7e14833dd3732c4e8bf78035d759cff7963901bf77e79fec4e9
IEFAB469	0	1	a3b7d6635f6fd22d281c10b5393f9073949a7ac09f29e61143ce7d06d3cbd08b
IEFAB470	0	1	56230595fd587178581ff3997b19b85cfb07f8d5c3e778b4e9238c1816d13283
IEFAB471	0	1	3823ecd97172dab960ec2dfafe2bda50866c3e3263f4098aa0b1fcdefd8b69ba
IEFAB472	0	1	0e6c0940854af548bfb4b725c79219e043820bd72533a348a1363a0d878e5c33
IEFAB473	0	1	7344fc74f999d9f5b4ec7db7e14376186996828c042a923d060f3d41a165ccb5
IEFAB474	0	1	17334c8dd6381506af9285736877c2c51411075f55a342fec1b6ad8d58ed5e70
IEFAB475	0	1	8395a923203f14ddf723079a250a63ca90cbb86eb067592dea519d59aec00967
IEFAB476	0	1	05c57ac32c9d92dc8175f225801ed6d032e16d56aee887bb7641720311e6c9cb
IEFAB477	0	1	8da15fda2de885c3ff749ef819bd9c80703d7fd272dcbc9b8994d459edd7289a
IEFAB478	0	1	c8fae029628d9d1a5822bdaf20e728999e41ed085a86ccb299dcb35aa6d9018e
IEFAB479	0	1	a3010f5780b04826cd0d5322dd5dc9bddf0d9b9ec4510dda39e318c7552007f1
IEFAB480	0	1	70b90283e4e4a42c69c521acb102167b657328ac96540cdde5725b3bfc73d1d4
IEFAB481	0	1	0f1a79a11c5bc68cfba11aaaeeab78fd36bd66136bec4748420cc7dd42aa4fe9
IEFAB485	0	1	d9250bae517e5b5938ffbd081cc906e2553fdf85fb529e569afb91a25a588f8d
IEFAB486	0	1	09668aa479da4f150bb9deaf05c02225ea93a7bbcfc85bd0c3015d7c656fca8f
IEFAB487	0	1	331a3b0fc04bd5e20fe5ec553d560597f136984f3142e1282d51cb394b30359f
IEFAB488	0	1	617f604f7618626ad6c356a1f1aec765f0abb8581e0df69a6e04a549d1ae6f7c
IEFAB489	0	1	ec4b6cb1e66bf1293eedc6c82b6f912954c466f4846064da0b55864c9feb89b2
IEFAB48A	0	1	ff20125b3fb8d1c1dd2a81bd488c656cec9ef9b05a749cd21e724a575849bca4
IEFAB490	0	1	f0624c672302385a782d03173d670241d6addaf5ae64bd645918a618b82d1870
IEFAB491	0	1	8a07ef11bd7546587e837818ae2793763853629591d1ef852ef81c3c6826149d
IEFAB492	0	1	281e27338eaa167e03633c753e1b2d1d4a63612d39a7507c558f210e4eafdb81
IEFAB493	0	1	371e97f94c18e937e58b17a667eaf336fc9e5b7a1ab6a6a698dafd325e5c7c65
IEFAB494	0	1	77ac513132455b851ffd5e4c2f9c11339f18bed76858690b92eaa87f0c9bb6e2
IEFAB495	0	1	07cb5d6a0a267a069ce8cee8e9a405e77f69a4d96e0d5654347fbd9310da0787
IEFAB496	0	1	ffc71215c4c9ea1ea0b63adb90eb2f008f3e4741426d9bd28cc0d86bd499d168
IEFAB498	0	1	a35b99ae81b1850332eb06e64dde825ea9d0f6d8923a3d22bd4ac5dd5cd4eaff
IEFAB499	0	1	5619a3b52a7a070a8d9415181d88ab27ac48794fca24ad1060ccc7a2934a903d
IEFAB49A	0	1	ea0853d0e0957b6f71b8233418a8aa5ceecd232176da24b5788b2df79ac05dd0
IEFAB49B	0	1	692ac583af935f4a6e49fc59dc47644cb6b566681872dbadd83c861d4c47f391
IEFAB49C	0	1	80e39caee5d2fe1d951ecaea2b287b196ef12d374aaf77622e09a5c88b538262
IEFAB4A0	0	1	4d02e4c0fd65c82cba55e746327cd7dd503e92746f7735108507c4f68a92be7f
IEFAB4A2	0	1	b88ed1c678cb2cb7b5c5c2d5903d6ed5ab1b3e94a23d80b0e04b0bb85e95294c
IEFAB4A3	0	1	f8900dc3fe04e338515c3a19b51258722f4fd9348e044db36c5b7322c3f11624
IEFAB4A4	0	1	8aaf16e170d38cf84d6b7b183ebe16d71218a3a192c18345b69b37a96a8769ca
IEFAB4A6	0	1	78d3a0a7871e43730c145627803e28e6184565405574d118407b6c36029da38a
IEFAB4A8	0	1	6244c302c163a58d381d5e29265ba70d8cd51749b504dd7f060f12520a6ba813
IEFAB4B0	0	1	530b9dd7c7d3c3bdc23cf39211e0bb3906ca32ef6c9706198cde56261beca39f
IEFAB4B2	0	1	e741b9434e1ae5a490c75bbe18eae75ed25c58e68b45aa402b452ba2b3630a03
IEFAB4DC	0	1	f1c30e4cdf9db8ab4cc80f4ed6ee9b89dab7d11245d293c9ba05ce94dae83e04
IEFAB4DD	0	1	8246c8b5de6a7ffd29fdcc2aa59ca004d16cc2ac8bfaa7e34bb9fc2b86b9626e
IEFAB4DE	0	1	781d831b42295b361365700ba0efc42ab703d1676243434e8ff0c90943effef0
IEFAB4E0	0	1	373f5881b8efc6764ee7fe4b9254cbb202a20da68fe239047382949640c80696
IEFAB4E1	0	1	db233c641525836dfb989e970e3622216f22c65d25cc60302c03d43b4cb7be78
IEFAB4E2	0	1	d0ddc9bafa6341aebcd67902ede530d8fd3070bf6bb798a1af8678c5ea5de26e
IEFAB4E3	0	1	0d8a2c99e3dde33b36628611b7d01f800dc94a3817d7628b4f31c828e2843549
IEFAB4E4	0	1	fe454fc598d3b944736e7f9a0242fb3093550e163c28e70f56351ce6606ff1a7
IEFAB4E5	0	1	a6ee396d1892cad8d042d73a04556f5178d1beb972079b4f44e2e1009b614939
IEFAB4E6	0	1	9c947a99381104ffcb8640c9b3a68da3caa7a241a2f840c10007fa79d40469ff
IEFAB4E7	0	1	5f2b25f8ba249fc5ece853ed8ca0fbec9dbfd420101193f7f2793e6212927a79
IEFAB4E8	0	1	550e9b38e5fb324c0f48f3c8ca9af4f080df180c7e9fd8b98cea7ee623a99c23
IEFAB4E9	0	1	4c4b34f76b9b440c550c1f7d7d843de734fe4151697a899b7f87a5f93e784a95
IEFAB4EA	0	1	0edba47b26fc2c16658ee488f0fe274a04fb7e2cec4158f11f3796b348b5e71d
IEFAB4EB	0	1	f3ac368c1461e084bf2389b0edfff6a54f0593cbfbf7de16afac37f5b3b0a2ef
IEFAB4EC	0	1	fee08383d611c5d8a5f5fc6809ec1d321e6ee7571cd7923ccfd182005ab461c3
IEFAB4ED	0	1	305469a849405475566dd71cd4606f081183b252973aa9893cb448679576bc5a
IEFAB4EE	0	1	f7e4bb5698bcd9aaf78ba43240d6dfde0a168490dee833f09c160f4352806ad1
IEFAB4EF	0	1	70993884f30b0992a1f7c7cb409741f408e9d70c66f8fc4c1ae9ac126397ad27
IEFAB4F0	0	1	ff7dec734e82e28fe661212d1ccf8ba451e22fbee9b1188dde9107ba50080b32
IEFAB4F1	0	1	f129740f226239bd79a977276abf3e1e651be3c9cc7bde16bac4eead97e04921
IEFAB4F2	0	1	9a54f8cdb93e4147505a9ac89df7fe69642449e9150055baeef21317b7ecb025
IEFAB4F3	0	1	100039d4a02ffebb260da4692777826c742ba0249940facf54fe00b72fa12857
IEFAB4F4	0	1	3c02e2e2ecb0f15ec9f56ad06ee4226baedb68f63f1cefdf75659510db283999
IEFAB4F5	0	1	c2f0a87fd90adef78e8c5918cb2dd82a68d1cc1c07b15878423ecebced7a79b2
IEFAB4F6	0	1	51de4eed8ca752da155e16249fa3b37f5193c2b853808b792d6071af045acb66
IEFAB4F7	0	1	084a5f51f1fbc2ffb7cb2f81a054f03e69e6a0303d2c63e2a509cf57f4cce034
IEFAB4F8	0	1	c2c23dd2cb868f39dab44c2e1ce57f73de2bf74fe4aebd1c037b8d0cfb1fbd38
IEFAB4F9	0	1	f7405df9ae845e5105ae17d4b4152ef2a94b09f8981156f137c55e60588870b1
IEFAB4FA	0	1	954e7b7b6dfff0dd6aca59746cf7fb72a5fad0803c166b6a25bb088be3b61738
IEFAB4FC	0	1	947198d02bcd36cac4d8db3465990b2a425b51f323768deaa49ea20ced79c966
IEFAB4FD	0	1	a37adab23ab1c4386571d915364bb77da89e1e7b3ae5208c0babc1501aeb17a2
IEFAB4FE	0	1	2316c765a2b5d1bda6dd132dbce011f5430c956c2eb04c0649f4b7557989544a
IEFAB4FF	0	1	06dd5308b6c378890ea1fb0dd70d0f845ce3bbd27bb0dfe3ed4f20e550254604
IEFAB4M4	0	1	c9afdb64eed950ab97a6366524920da577eb5005b4aff749096f37160d3be5b2
IEFAB4M5	0	1	67e5a5328dc8e14f565bebca4daab65b5f786dad7908eed67fa47ed133f9b7b0
IEFAB4M6	0	1	84ed7fbe97883ff19a41e0299b306468f0b13f3f4526365b24555782612e46a1
IEFAB4M7	0	1	647bb7513d302de1a426644f943e6506547b204e08099b4347c9d4533ffb0a4b
IEFAB4M9	0	1	85f8b1ff9724bd2ee445a40f2cc93395563d804e6f2aae5db706dc50dced735d
IEFAB4SF	0	1	e447278e1f7a9e6f68b0426c7f9e639ea3ec1cb4abda813d9f4ba2c32cca61f0
IEFAB4UV	0	1	add35efcf75cb223e71cc6396c4d7657d7d7be63b528b9fb3e6422453830fd36
IEFAB820	0	1	ed939326b44044a01dfb701fdf5a57e9ed0caab835bd17f705b2a12abc137d22
IEFACT	0	1	0fac09180de7f37b5e2716f40a718265ff3abdb77fe3f3b613a757d347a0f863
IEFACTRT	0	1	0b27f13103b7dc3aea9ccd60d17f29b985b8028c8459bf95d355434d3a273d5c
IEFAQTOP	0	1	fc8cb44ef5a9f480d4924eaca6f86681803a39c9daeb09bca2a19ae584bbc1b8
IEFATECB	0	1	63564d95d7ddb5201d3640d709be2607f32293048886418e9e675d86e47da1eb
IEFBB401	0	1	b9ad634570e533658464ff9b55d88ddf46b7f78c799fb4cddb31640152581ff1
IEFBB402	0	1	c67f386695e2d04b3f50509a229a69dfc79fe3e98a3bd2090bc12c17ac343677
IEFBB404	0	1	9164ab629ab4b175c8763bb1e8ef06f1ada833748e263921db694f19abf26e0c
IEFBB410	0	1	8f4256edf1c10af113c3f189083ad82e750593c9210e712877d5988302b43976
IEFBB412	0	1	56b5c47068d6e50e22a922c4915bf7e88f1133769f61688d7fee6655b0c87143
IEFBB414	0	1	ac4703d75f61927826dc37fe16e782a0eca9257dad972ebfeab18d202a783ed8
IEFBB416	0	1	51e0a85ff87bbad23f27b0fb4a11d7e06715dcaf574b7952b818b86e5ed27f0a
IEFBB4M1	0	1	c8037b36cd39d31f37f9a72ea2fb915c9e783632ab76561fb744393a39cf375b
IEFBB4M2	0	1	1016f2f6daddbecbee7d562ec51e2b40c44aca3a3c9e12e0f132ceae2086c44a
IEFBB4M3	0	1	ea598d69c7d5a9facc0aa13d1fdfbcac4e94bf1a2c878c36ae1024f88c8d08af
IEFBB4M4	0	1	431fc91ba2f0b55408bf623879e9ca38c7b034a61aeacf51654e5061fe0a98cc
IEFBB4M5	0	1	fb65b6ee5f94645c8a25b05d92a7307bda855fa547c9daef99e080e68825bcb8
IEFBR14	0	1	d61c01cb2b3d93a8bc0966e82fc9ea5db15251982dd6d5f3225e8cd96b1c2efa
IEFDB400	0	1	2a8258280d8c1bfc3a09df8d52767a247abfd2ab1e9346d8f65e2bcd44b4968c
IEFDB401	0	1	5d13540ed725b1c02af2960ad13522a0b7e8ddbaa641fae0a687490e5263809c
IEFDB402	0	1	e96dc71596540e08d512f7a22fa2ec647e1d0c48a783906650c24d9bbf355ab5
IEFDB403	0	1	7d1d48af0b44e0f895df3070c369190beeed44429a3ca2dc7d37bf12f6ae748d
IEFDB410	0	1	e3238dd65cb0d5f464cd805060aa5d9623f8f9e9c612d146054a87a671b77241
IEFDB411	0	1	24b8c9edb2006801b4c83f914510ad3a34522f0c6888e41ef71911fa57430da7
IEFDB412	0	1	99cc0132cb52b8f28a46b91efc2220cce6c0d58586c1c8528284fdbe7821adf4
IEFDB413	0	1	9027e3a395bfb016483cdcd62f6686941be2af3683ccc8baa3667cc03bcaf96b
IEFDB414	0	1	fbb0a9ada1a1fdb750fb6c3f253a0562823a76a97a2a5b0d7d89cd20e3c121a9
IEFDB417	0	1	c5f7faa3eb9ed8618392cab6c599702f9d2ad799dd258da630055eeca2d940b0
IEFDB418	0	1	35555b7a35e0caa69a5e5b214a9095454ab978643762fb30309a3b6405c59708
IEFDB450	0	1	06cb6d90ae72613f935683b451d73d111915e614bd3e247d252b950181e33487
IEFDB460	0	1	c16148bf84718807664d51b18f34abd171938833ce4874bfa08ec382839643c9
IEFDB470	0	1	242e02141b1391e065cdc6393b450818f444dcff7838413dfeb2926c6a796c70
IEFDB480	0	1	ec7f29f8ea33f2a2a2597bbb927132631829b872cd811e6d4b84c37c301efd6c
IEFDB481	0	1	91b64cf0ab2893f63f25ccfc1fe6d905f55ffa84e468dece1670a88a014ef5c6
IEFDB490	0	1	9ec0d18aa3efeb53bde42e150ea188d4e1cf42ee9bf62620cbda04dbf90853a2
IEFDB4A0	0	1	f6b585588456b44aff83c7a268458fb562c9b85d261cef4515350f8ed6c9b7f2
IEFDB4A1	0	1	b0a7a472c3be5d1864ce7dd0668cc8567c4bc5189d702b178d2586864dd3dfc2
IEFDB4D0	0	1	91dec53fca68a682164cd70d9ba8c9a29c6e378392ae9da045f445e101c98112
IEFDB4F8	0	1	cff9ed54bc8513b758dad2f2ba7be1c60daf0e91b274508525ac49c9719ae480
IEFDB4F9	0	1	9924d00dfd0b6d41787a0a9579a782ece065bfb6a87b8d98075c2f46a9f4e603
IEFDB4FA	0	1	23f470c48ebd20bade4b534ae775512b83895ad70af8e9b529453fdc3270c82b
IEFDB4FB	0	1	cd21d716e552a2827545956e9b14a975034a0d00c86d27d55003d6c49d518fac
IEFDB4FC	0	1	e20f00e871a7c352e0c2ee05e1273aa9630bd1529d42292ee4c4ac00a4dfdfdb
IEFDB4FD	0	1	6d64052201a4b4b6962d60e686ae668d10b17b4297c252956cf8827b0172d037
IEFDB4FE	0	1	bc1b883fb051f084a832f462b42c40263510369d68156c6f1d6308504e4a5677
IEFDB4FF	0	1	94a2ad4b44fdcb873fae1af55210794f2bacf075575e78d851b50b57e2c232dd
IEFDPOST	0	1	3051baa27944f4b9e0f5c9aa07a0aa11a7f97b9c4af3dde0d5425923a2fd38c6
IEFDSLST	0	1	106da0125de2572b080b790aed8079560a7aaec432e5cbb70f75886c4d80b90b
IEFDSTBL	0	1	b6f0aa0738f34de7e5c645e815009f3c0c83fff9739798972f0bab13f8687ae6
IEFEB400	0	1	615127e8b81be4fabf08ddbfce51e641d35d2882ff93f9bd2628f1e0db5ab47f
IEFEB4M1	0	1	518cc5ee70716bb24c5b56fbc491f5c00deec954b45e1bc7e6ccdc6aefcd5faa
IEFI922B	0	1	3e994e4ce45cd8ce649270c7d1e15b03f2f8f40ad220a9babc47d8cd8b34af4e
IEFIB600	0	1	207eb4cccebcf6403cd70cafbf8ab82cc1efbb6c84afc2f5e4ea1a8507939752
IEFIB605	0	1	d24c12ef1704938b602579b9a0251197564eaa5cce15f8ad70385f07e1ce0a97
IEFIB620	0	1	d5235fb27ad5766f5aba05d37b07e7b4833f1f3bc04c621ed35e195d22861586
IEFIB621	0	1	37b51f38c207cc3251be00f02eed42ab5f4019186ba8833031fc0cfc4e6e4fd2
IEFIB645	8	1	51f3c154837c75130ce02655ea4117828d5282a55dbb6a2ea8dc2ad83afd5134
IEFIB650	0	1	e590362949acd89f0df30ad6539eae6fc9856805bd5306179efafa4adaa086af
IEFIB660	0	1	77ef71db4f7b4d8f39f527aa2e8ed761fd869d845a0b7ef0e6620a2203b33d09
IEFICATL	0	1	e6cc4a348594ad6194c1fa184894771aab5486d084472a4917a455b28f5312c2
IEFICPUA	0	1	d68da45633e51a8b4d7877d0f8b51917b3437590d34c3007954c617461efc3a2
IEFIIC	0	1	03d3e92c9c0baa97bc6c12eb6f0e49ebfeb34ac7d03ef2fb3d70960d7652ad9d
IEFIMASK	0	1	c24e33eda3c9e6492d99dc0a2e01803a77c0f09870fc3ee10a8e2c071ed7291a
IEFIRECM	0	1	062931eeaec13e4db686eaadd538433702217b8280ef3082eb8ab14d62108d14
IEFISEXR	8	1	a07e67457a002203c98c0d657f73a5d9fe39d91b5822d1090301b598840ca35c
IEFJACTL	0	1	662574f7a34ed70ac7c181f51faa66a49658a0957867bbc2eb492811a2469750
IEFJCDLT	0	1	40136f7d085fcf4d75dd91ba978cab245ade4e488ce7db547ec602f826b35d92
IEFJCNTL	0	1	93aceb12024d11016dbc0d6535908a0aca67ab1f6ec11d6825d99416f5a950a3
IEFJDIRD	0	1	09a52d7695371487d0129398c06982aee01f9406ec77f1e3e12ec1ceb50a17da
IEFJDSNA	0	1	65f9984f071999a81a71eee8bd22e64e4f7d9b1693011c3acf16b2163d0c5ffd
IEFJDWRT	0	1	0cb6d89f66f483c1b94438acaf8806e45e737ff77fff4326dbcaf413fdf53049
IEFJESDM	0	1	6d6ec51cbf60492ad1e6f78afae6dee65ddea946896adf5d9990549b52236738
IEFJJCLS	0	1	2b3213fae05625a275d7053b0fe2cf0f053122b591f3fa206d25356a9a6f89e6
IEFJJOBS	0	1	d67a63cdc422eda821e4ddd1df02f8df3c5b5c615ceee7052a444295b8ae2a4a
IEFJJTRM	0	1	0d7912ba72f3f0ab7bc480df948a47f089db53f13dea9a9817240ca270bbad56
IEFJRASP	0	1	8ee8621b41cfec7473404a13161348463907a8a3c95feb0c2a53085915898e17
IEFJREAD	0	1	bef69938fc62b8d568ddcc0049b43a17dd14be167a805914b25208330c7ff6dc
IEFJRECM	0	1	f65165b852bb0f4b5cc50afa7f6ce51b4b180266d76ce290e3675c44e96a858a
IEFJSDTN	0	1	87c789fa4f4be1b04fc41d5b92adc3961fa52ad2bc1b158413a419b599dc339d
IEFJSINT	0	1	6f6a3af6421cd13a603e6fc51e8640df71651e2d03db784ade6d48303c6d05af
IEFJSREQ	0	1	eda4bfcbc33ae842723c4e9bd359648fe559c00defb9fa6a9f228845c3a1a898
IEFJSSNT	0	1	c3ea20278a57504a7729d7ee2e2f28fe1f74aec319ecc230aa569defb3f3e5c9
IEFJSWT	0	1	1ac28e0690ad66f98ee92be5eb2a066eb99bdd4ceba569cd569e8badcf9c6a23
IEFJWRTE	0	1	4dbf3cab82e078e7d494d74429ba3b1c1a1a3b1f64b5eabffe553136db364c33
IEFJWTOM	0	1	20e398f0eb107e0b944239db25a433db442028d889da3c95bce399f3b275f1e1
IEFNB901	0	1	d0b35ab0be1c925a83b52acdd6e2441e84d8ecf90ff4477cf69aa571878436d7
IEFNB902	0	1	2793a5afda1dee09ee7e13b0ecfa22717414252a8839d0150a7624eaabc69462
IEFNB903	0	1	27141a6d5e9318d98d85db18d0357fe4e701f8a90ba236d46a7a301a2ad9363f
IEFNB9CR	0	1	e889febbb8c06cc773bf168b28771fe419001e57d1e8fce2b57d00d7f04ac6f9
IEFNB9CT	0	1	0fe518e6011469f8e5e3750ff691a6802c0761a1d31a18c45416ded17e0fda1e
IEFNB9IR	0	1	b8e381392e11e6debafd541c31ce707a205ab81b5f5888adff992b7522d6f8e4
IEFNB9IT	0	1	8411a19fd6c3ec37798552a4b11c1ef3c536e3fadf638b3ff17492ceecaea31f
IEFQB550	0	1	d4e3e535945648729decef2d935a130c36a675a4f9ea3ecfd486d33ec53259fe
IEFQB555	0	1	e096e20b028f0940b4eade122485a5a7e538b92e0da45032abc2c992d5e09d08
IEFQB580	0	1	8dc264c8171f92aa19fd002fbe845d785d4edcde3a1cb2fc099276ec7039a549
IEFQB585	0	1	0295fd637a70a8a748a9cc87e153be86b11712c33ca840e5ece7ab9223a80c36
IEFRPREP	8	1	fe0e7a33d62eb566e8f1482cfd4c65e484bdbe9a6c63c2ae8d86021f6e775bc7
IEFRSTRT	0	1	62a7c374c19495b44b00e2aac387fdc7e521474313a6dd702a6547040e58dbc0
IEFSCAN	0	1	d2ac74f20e32271ffbaadadfbf0a26356f492d8f36379ecc0ceacabd9f1ce2c8
IEFSD087	0	1	390d85b4a1316bd4ed255fa8c0219252df4cf9b2b3ff72ff81813d9ce9c13a61
IEFSD088	0	1	8df9a8a729b5295cf7754f26bada3df988292f870cc4941815068ffa6bdd985b
IEFSD089	0	1	0fe53d657089207f84ff014029fbd211d5181cabd2fd67f47cf3458be2ff0b61
IEFSD094	0	1	d3eacdf1f0e90fb39ef37230c2e6c7423586a1d9456fb6ab855629fcdc195ad3
IEFSD095	0	1	7534c92e81b6c5c3a4f206af13ff774bd7be40d508d71b1c4b8057a57f27c13e
IEFSD101	0	1	15d81517f9bccac6534db18d5e8803d715f114124459cdeb291a40879df5d0de
IEFSD102	0	1	8bb77d3d86be0581685890e49574e4476b3d01ff9c8d98d872bf56a42079574c
IEFSD103	0	1	442f8cb0af7914ddfbb92e42e412a45b8cde60e2607ad8bfeed9607c96328f2f
IEFSD160	0	1	2e26bc844952c3ae16f19bc5db1198b1e5eed4b9f017a401494bba0abeac2c59
IEFSD161	0	1	cb77aefe3930558057601d0bf36198f40cb67fdfe6b20a0b4753f358403b587e
IEFSD162	0	1	14fc4a966013a4a8b328b3179a71a07e406d94f9d8ca1d43e03af4f482161ea8
IEFSD164	0	1	1c443aa2e4e53b29f7b6f4a9c7345ff635d27ab2193c59bcd965e83a8beffde5
IEFSD166	0	1	a536c783ea1cf9a2c934ed6aa6516f3f590f1767321be6e0a617ce594060d161
IEFSD263	8	1	6480665b8910a4b35e4b0226ecf8a5f638add98c9b4ac04953376bcc9fb94350
IEFSD87M	0	1	15ad33cd10b6bbf6a8a71ef12ed416b02c8824a1afc69a8b9e44b34507d36033
IEFSD89M	0	1	ae6e14de002e2a36e8630b9a174fc69a6f2f692871b702049b79d724a2119a6c
IEFSDTTE	0	1	cb5ca042444ca24f2c18da6fec1d50efe5768d79163fd8cf8d3ab3dad8fee6e9
IEFSDXXX	0	1	3a41febbe2beacea895be677cf4f69098a6e6dc577b8ef1c7bb55f3f3fe86a9e
IEFSMFIE	0	1	6256baab7c0a6a727f962b010a6536f8ab1de549cd6e0c59298a02c15ebe2067
IEFTB720	0	1	7d1f5d79c689b311ea8f35514f0983498ddd08bdd2410921eec9b76331116880
IEFTB721	0	1	11e7e61ceb11d881eb0dcc718a12c020c314be7850ebc2662a4eb87c6d46d7d7
IEFTB722	0	1	cd91cd27b9683d43fa84e0683e343e183ce002cfd1c1793442c773ab409ae1fe
IEFTB723	0	1	7e4d0f8c47ea8fdea0967c6f5c87731335d66c92a62a7378e5a28611bb82fa57
IEFU29	0	1	881d0171468338257620fbe1b0eea242d459a8f83c91c19f7d64ea41cad22008
IEFU83	0	1	1154a7912e81af0982bf25fc62bf542f9f05f57885446f13964b5c28c58b2942
IEFUJI	0	1	5aee81183b0a4fc870461499b3e6082b686245ca8a285654700e77551388121f
IEFUJP	0	1	1100b6cf70cc6a13781fd8926654f2b3a3debcb21eb9ee076dd0d635694cc951
IEFUJV	0	1	3425d6f839ee59114e67c7313ab68cbb6b07a70426e42dec0b67e5a3ada3af69
IEFUSI	0	1	f1605fafdedcd4eb9c027c5766edecb7ae8e06adb298a7b40ad7bdef8a3d0fab
IEFUSO	0	1	527828cbd5794aaf9aa012e8b1730f130a054b027ff6c542c7d8229a5074a5ff
IEFUTL	0	1	db1ae6ec3b2738f5d63c422e5a9b4480bcc9121a5a461e9eb8f27537beab0f00
IEFVDA	8	1	a15e1b50db1f52ebbd1551a48a8dd4b634827237a187117ba2a3f8db7a983868
IEFVDBSD	0	1	2e8387086538bd6c7d3d4e88754660e91e601e4e03c7372c414bb4c143de7f0e
IEFVEA	8	1	b15a02994c4835f98f1bd14e2df63a0c178d69d746ee48b32550fecf4fcc9e53
IEFVFA	8	1	75841f861ba707c2c38d7bf286d4d31b45d32342c260b3eb4567082ee727140d
IEFVFB	0	1	56c3d8be9de70fab279c6f657b8d31063e57673adabeb889b11dc48eaf94fbb9
IEFVGI	0	1	4c3152bbefbc7fa6a59761d93a2963226697a99aafb2316b515718e927ebba74
IEFVGK	0	1	a1c59a2ed71f1ab30bce3a0f79a6f81b67bcefa7fb456acd9cd8ecb3e00dde07
IEFVGM	0	1	2e593296bc23dfcad56fcdbace1dea74d716d07cb51d8c0ba6f28c1961770812
IEFVGM1	0	1	ec317d33d74684b80f6cb1b1ffcd678ddc7f72dabca129b73939ba946adf0072
IEFVGM10	0	1	08f6705718f20d31247784cf2f62a87d170c93af13c6d7c28a1b20b0b0cf0e49
IEFVGM11	0	1	5a80eb91091db33d0a0ad07f9319b8cfed3706955e7951e44b4a43ebd9f4fe7e
IEFVGM12	0	1	a39c84b3dc51f501441c0cf6c16a628e4a0533489b493d0afcfd7f6bd88461a0
IEFVGM13	0	1	896cf9fe020b4ed944e3908d4c3bfa3a25d040cf7cfad65db1b7ca05698badce
IEFVGM14	0	1	8ca3d0cbf72dd18366223254cf2248b54faa9370b90eabcdf623345ddd3f0e89
IEFVGM15	0	1	e8388414f300261b6dae70625f38bd33ce292b4bdbba8642ede2060f70c9fb7b
IEFVGM16	0	1	e41ee143c02e9fc6107fb5cfe1380029b35c1615c1a9caa953a64d4e8c5006c3
IEFVGM17	0	1	2e61ef67feda3238c20bb3df69d5f0c2ecc929e7f8c2c1832c43c714a000f770
IEFVGM18	0	1	9c0034fa0b36a59645c9b746f5406f05f548809156f6755569279e9281da7610
IEFVGM19	0	1	355f6322005086344c4f13ee6d5c855131406343afbda5e93ec7339f4240bb40
IEFVGM2	0	1	eb38ff93723776c7a1addbf8f9b12f5c64daf1ac795747d5ddfff4e2d2d7e861
IEFVGM3	0	1	cbefa088fe5a50e173d047f4d55c31d3305a5b4c38a0e761830df822ad8981a3
IEFVGM4	0	1	b4ed399174a3bb70e010f46d05ba1ac031c11fde89858791fa25ffa9b7233023
IEFVGM5	0	1	633bde9be904246dd6e18f519d44b3c137a9fe14c49e01496c2cd6205a46174f
IEFVGM6	0	1	6c1477d473482838a2d66194be5734367a57f87c65340239ae546dd532589940
IEFVGM67	0	1	8acd97d57bcea2b4b20119defb84b2b8445ca0e88e05bcf355f992c3192330fb
IEFVGM7	0	1	fd494d2a8c223689fa54b63271f306f5904581d276693834a6d0865e3d6fe9a6
IEFVGM70	0	1	40e9ad82b6bf691f83682f17c6957798c66353a1ff00212f917a76628a966afd
IEFVGM71	0	1	c740af0b7d7622a8d45d72c9086513a9af23e9adc26773618bf5505d5dfa18cf
IEFVGM76	0	1	daf058c8d258b8faf14891d66df51c4e14e5b9bd6311f387416a919914eea8d3
IEFVGM78	0	1	096ef338b39c34ddb1badf3a3f5bf9ade7b4b4266866ae7853c9326fa1d2ee83
IEFVGM8	0	1	b08760a2e40aa89fe08db01e8157049fdc1e6223fb2a1b1fd3ca3c17a25f33ba
IEFVGM9	0	1	c30371c3cbd832912981cb7ffd488981b5bef2f2468d78b784b6dc8f74414a4c
IEFVGM90	0	1	762e1d4559118fd6d8f6c3568ec23cc5626c81d8df10905b24afd2f6206a75a2
IEFVGS	0	1	924b21495ed96231c2b046872f5296bf1e8d9926c877ec94f588d72b6f8513f8
IEFVGT	0	1	aba3150bd3e9ca4301b5d18c4b960bee958b9017575f1fbccb2c7ff7d5ced413
IEFVH1	0	1	4060853246ee0149d7847538340e608333542a9ae7c52a75038c1b7a9686638e
IEFVHA	0	1	6f8a59019041ffc6297cafba462d260fe948615a116e1c4feb2be995ce14f256
IEFVHC	0	1	0e4e049b5cdfcc1ac13fe303f660aa0ac3bd062b5ba2aed8092f34f45fcf2a17
IEFVHCB	0	1	c9c3322caeeae6f7ebeeb51a810dce580c7ee0d230ca3e37fb400b082b02e9cc
IEFVHE	0	1	9cb11c3fb2b7afe499665a70cd96799de0d0c1c5d7d34d9cf307ef6a1e092089
IEFVHEB	0	1	8698650f5465f33cc4f6b52e7df26524e1ef0e05a152912e9ad093343d41b4aa
IEFVHF	0	1	ab0a1ccffbc5cbbe1906b5bcfbe44a3e9a7b16346ad64adb20e70f79712a8588
IEFVHH	0	1	b9604de87ab0eaae3f284f03f05e48c2486999974a9dbf8b1aba3d490ac69925
IEFVHL	0	1	807b6c10e0f82044346724b7d73c447077f583d0995a037511d525e9e4380ca5
IEFVHM	0	1	8f21fa283a2186d1b9c3090eb31814fa80407b419b2d3ed7f3145dcb0c52144a
IEFVHN	0	1	ff937e8074cd0a8f1e19e4df353c7f1c9b80585385d8bfe6dfa60c65c0513753
IEFVHQ	0	1	8e4d0cf416f431bf3cd3c00876c2f3e4a82f1c05239a15858138dff302e2fb11
IEFVHR	0	1	21b06bb716b693e2addcda4dadc3eea0d4e303d6bfe79ecdba11308626cf1b8f
IEFVINA	0	1	0f3390e423c34a7d11576776d2bf0441d00794d71c556fe79f0cf282cc2bb0a2
IEFVINB	0	1	4277cb1a4205a5f1c34125078586eac94f6f39449fe6ecda8c1548652086515b
IEFVINC	0	1	a4b03eeaa92c0030b7e07f672ebbd52f64c5abead3b6b9d1c43cf6b1757a8d06
IEFVIND	0	1	3efd58ef6ac8073880bef735bb05e894c56e066e4c3cfc40f46eecae5372ecd3
IEFVINE	0	1	ef156107072bcdc753559ff43f25493205cb0e6580974a9ed1aedcf1b9496f18
IEFVJA	0	1	1d90c8044496f993ef023b05413910ad18a49ca8c6fe8da9bc0a9a53098bc3e1
IEFVSCAN	0	1	d47200bb9d6a3d58858f2e3f0baa040947f275f5246a4d216262614976240592
IEFXB500	0	1	765f85bbb40e23a5941c1909afd73ba9383fc94b964d0283096a1e53ba99fe58
IEFXB601	0	1	228617b6f7a9313d60192c148e4bcf679c4ce7916f6eabc77a505d78a4849999
IEFXB602	0	1	84f4075e04cc9709ea9fe3553c18dc046c58b100bb2fb76bdb2399475b3e4ee5
IEFXB603	0	1	82e1da871f4c5f948f518ac0d4b7546757897662c8d6d0181afd025d60c85cd9
IEFXB604	0	1	837c2ae4158b74ad62d0d0151fe93fb619a9d9cf187ebec402aa5657d625e6d1
IEFXB609	8	1	4268764f0012040a5c77ad5c067a147f27cc147958df754bf6a5cb12adee8d92
IEFXB610	0	1	3a7b8169f088cf1e967aa7bd35c1911a4b00d7957372e8dd3584133d42fab51e
IEFXVNSL	0	1	0726efb779f9fda3a7b9948400b5015a88c29b11ba74c7b897cf8b1c74244ac0
IEHATLAS	0	1	b629fb0e11555c9751347a179208570b6b57ce2cadff761ffd1188732875cfe4
IEHDANAL	8	1	1dfaa507f5a5a44d2959d83b5c6b39027c1bc623ecd11f48f835bac04d21613a
IEHDAOUT	0	1	d2c2b0300fee3bdd03fcf7f7dd5a1e68647f9f3f312e4ed972ba0741d76d2a1b
IEHDASDR	0	1	d9e57a9dc3a5db219208fe9e7edd0a011b18e32e7702cf1ba5825ab5a68dce9e
IEHDASDS	8	1	fe7d3f62d7be57210d3054e435917b5b8db02aee3306f1b90e3fc9b7258b3954
IEHDCONS	0	1	66b8d177f8c32e17a3215fdfc416a82b9f1653ef46f3e702885fb3bfc69a90e8
IEHDDATE	0	1	8f53f801c6d8fa245eefec6141036a6114ad8b1d7c6ff9a30ce4635ec6c59362
IEHDDOIO	8	1	e3d440eaba5273dfc407372a27b171d30bdd9db32dd9bb02ae023a44badb0e21
IEHDDUMP	8	1	de933c1b119ae25649fc27dc25e9d7bb11a8e969cc33da557d05877e815bb398
IEHDEXCP	8	1	2a7aceb6e52088426483722cc83a6d4be6bc4da25651e6d7aae49121e94e68e5
IEHDGETA	8	1	89edb478c298ea3c0f839dcdf5c6efe85ba6d6379c827d5f65dbefe44d928295
IEHDINIT	8	1	c6e182b5b6fcf944c4986cca28f994be1d3b3bfed898d18ea2ada317e3e3183f
IEHDIPLI	8	1	a34b0eb826b7e8f5c627246046656501760a2df3deb68b15b7d1d1d4123aa130
IEHDLABL	0	1	ed84057ac89dd881025bd51090eaf4c18f3584d638915e76fd04376417e57ff5
IEHDMSGB	0	1	b820638a788e7949b7e9d3a950608a8dee980655c2112c31ea65e74858dd8770
IEHDMSGS	0	1	c046405189555eb60d4cbcc8ad1cd7075cb50577af7521ba3327712fd4de9b82
IEHDPASS	8	1	0a9372128c896dd7a1c9fd9eb79f2fa3eb47354459c9e6f99c1f95c7acb70f01
IEHDPRNT	0	1	82fce0dbbf148c77d65ae2e4dc8fafbec580a29ee0328211546b561425a21d06
IEHDRCVR	8	1	42175c1940b09bd3211183cb81dfc798842ab827c8d1b62470aa1851ce945f38
IEHDREST	8	1	76f59f9c4286daccbbdb4a3f47f72b488322c6a45a96a133b2e4606478f696b4
IEHDRVID	8	1	17b08815f27281ff8771728cdabbdc0ab8ad06edfbffd44fbfa42b5b9899cd70
IEHDSCAN	0	1	9d529cdd976ca00fcd4200e41a4a5c01252057bdc0da16a99c165c678a30302d
IEHDVTOC	8	1	ecef94fbb90aad80f144b903a3ed6139ba00b74dd8817d9313b84e37b12c6a3b
IEHINITT	8	1	afa57cd77ec89c062e751afd3406fbf2295702605f628e6c5800e90fb00ea9f4
IEHLIST1	8	1	42d49f452365b8a35b1ef848154b4a0711b668ae3d8c2a51aa37a27dde059c03
IEHLIST2	0	1	e9044ab51f1423ccea5fa51ddfd22fb6ed0a5c6fd7422c035f4f4d96cadbc42c
IEHLIST3	0	1	97c918ff2cbad64fdb96ff22e5c12a54b6f59030819d5b82ab6f11461caa1978
IEHMESS	0	1	607afffe6dab34622368e1be8354e77e49d53a98cbba31819cdf270e2d129566
IEHMOVE	0	1	4b96eb930351014a9b910eb90debe72c5d11ce73a55517936c489b1cdc1e1cf0
IEHMVESA	0	1	1819e77ebb1e7a2984d780c02cc0816f26ea4340ee5c4d56e47b672ff90a5b1b
IEHMVESC	0	1	bb52f0f9df949991e762998fa5b23d7b19e4088f33703d6f978cc244fa8cab93
IEHMVESH	0	1	d087744c870e759c5ed144ac3f8a553db630e580a285e65aa8420aa7d72a5acf
IEHMVESI	0	1	4864e8e8ab98eb0928019d438d5025cb61d4a293d49ebe47094750bfd5319505
IEHMVESJ	0	1	77e902023a4353b1a59eab2d4445d2df7812a8644471e5822c4d3f132f9a82a2
IEHMVESK	0	1	c9a7a3ae2f53cf9667a2d4453a05045c3c3af32d7ec7a29c686e83ec7a691410
IEHMVESL	0	1	48522f1c6d03e3b16d3ba3e40e7e6b7443c98f4fa40a64be9f4451e71ac3e573
IEHMVESM	0	1	95e312f3e7a58a2867ed4ba79cb152f57eac4f1e56f3d3111e77356e47f4b2b9
IEHMVESN	0	1	c91b24f6898cf66acefab39a840cd321e9e3197295be12b751e015f206de08d3
IEHMVESO	0	1	555c8cd3625dcdade3104ad27a9ef0aa8d6a963543c20ccf93e96dc6c7d9348e
IEHMVESP	0	1	6e1b5fd5fa119fd6de22124dbe79129df82ba66964cd89a67ec210a561ac479b
IEHMVESQ	0	1	65d0c563e27f8ba6dfb1118f6f257a62f60b949484d44780b5880b5864b4234a
IEHMVESR	0	1	2bc723892e7b99b1ccb95444f6214d9ba1f4df4346f04ffd61f4922c9e01f657
IEHMVEST	0	1	ff3d038b0e5ff2988fb49d6b726d37463c89b42cffd62d1cefb74f3e6b52d158
IEHMVESU	0	1	3cfc592864b81712916908fbd929639d326244a1c31c076c545841ea63463c76
IEHMVETG	0	1	1fd7b1a189c97063445fd3a5129a27189f80a2a4fa6feda172b5e46a6c83fbcc
IEHMVETJ	0	1	4ae33155eb9683bff1099a8db269df046c3a469a238ed5f2ef94446ac58eef44
IEHMVMRY	0	1	4531374c12a5b3929e8292a3dcbe3238df1facdfc6953eae95cca0b246d15007
IEHMVMRZ	0	1	a33137d019b31d8856d11ae6c02801334530f1a034370b0903c04c1212dea650
IEHMVMSN	0	1	e6909fdb2f813c5e20df4f86b5f23e0da755524ed8cde1312573f319e480ccf8
IEHMVMSQ	0	1	56f111a4818c99ad26e20eb4e5464589d9ed7562e6886bb0ccab12257318f664
IEHMVMSY	0	1	39f8c68f481ee4f1aac7fda6c02dc6e17f8126d2dd762b41b137b3929e363332
IEHMVMTA	0	1	91d3e945d971ad29a95b79bff8318d5dea409f1da865f50d46e42d3386018d56
IEHMVMTL	0	1	9ce14393c76972635867b7a1eb18dd0ca3e0195d15e9cc88a3ee5259bceb3fc6
IEHMVSRA	0	1	51e5ed70b54c87378c3b86f995ae3a84fab34c2a0faea7190aa6b0ec6bd1edcc
IEHMVSRD	0	1	145692f01a96a854778660b292d2356a5a063abb6d3abbedd2e8c022cfd0fbaa
IEHMVSRK	0	1	118f58bdc08a50cac18ebea79f55b4a2b19d74ec9b21872cf7e4f6135331390e
IEHMVSRM	0	1	c8862e0ed8a41b2b0ffada793222202b4f807bfa364e02c1e336c3b6692406c3
IEHMVSRV	0	1	8aefa858eaea40f59773378e32f27a682b4d46699e406f79d8d33c5294fd8ab5
IEHMVSRX	0	1	f63c36070e1e7ef57ec21073891395bf336435603c165ee307b40e6efb3ced03
IEHMVSRY	0	1	f8a78705bc8cd1b79b865704941f4389dc557b207b8e80fe6f0717c4f4c7f2d4
IEHMVSRZ	0	1	89dc980b9ea233bcc2933987a9165813f3ec56bfebde153bcef0c68ad30edc4b
IEHMVSSF	0	1	46498b1eaf2dafdc5a7c9af90132f254b12ff48022ae08af3505744f06d4fa18
IEHMVSSS	0	1	b37ad3eb3651dffca5116ef9c0d301b31ba2153942c04e26252a1bf97036cc0f
IEHMVSSV	0	1	e8332a23c587e75145698057f3cd607cfcc16449a315e83ce8ea7763c2608dfd
IEHMVSSX	0	1	ebdf7afd9f671556bc3d877a0b7b88cd51459016ed40f3265e08c7d890ab0aed
IEHMVSSY	0	1	8a920f8259bca78170953ffd40314900baa68c5f577e9970599ab032c52d9461
IEHMVSSZ	0	1	94c162396b0cf05ce37cc7c0ac77eeda846259c0809f4885d28c19d4f21c2b24
IEHMVSTA	0	1	2f411f4424aaf74ce79fe87a8896a06a123d8984b05430cfc70199feb003cfb9
IEHMVSTC	0	1	c1c3312638431129e9851f56fa6379c0ae37ad663a756709b46283df7c7b3113
IEHMVSTL	0	1	da0fdef9f9aceda680e7e063a691a9a8812e46d4e76904e6aa27d89a5656e635
IEHMVXSE	0	1	120b72ae4545672866f20141b311cbdfa3b37cc9ab6f3dfee3643a8d5b57bb90
IEHMVXSF	0	1	bf3ce37b641610503accdfac5e2f809bab41886d5356b49469cd5e57421266be
IEHPRNT	0	1	8fa7fa693dfb64723924c736e4406ccb381f726797d278de7ba24e3096500ef9
IEHPROG1	8	1	f3e275ea107b638d59c1684e8bd51bab261108ee2fe2a6bce0eecbf540114fee
IEHPROG2	8	1	04f2b7c49a815aa6403aab85c341f0bac2c80683e2f01aee83a7c73a9bfa46fb
IEHPROG3	0	1	52a80e0e9735a6c06eb6532d9d09e4edda6cbee583e965c1315763c1f41497d2
IEHPROG4	0	1	fc4f5ea9befcc75efb4cf24247ba3d28075680a179a1a8411bb4af601c4f4aae
IEHPROG5	0	1	c8d3ddac03cc08d553f346e86796ba3d4923d85180f2c05000da7454c994990d
IEHSCAN	0	1	e043528ca3e5fe122c161d79f9fcb9c4a76d9b4cf17aa89c82d418721950307c
IER8BN	0	1	65ddbe6c944a76135db8e6fc7e52a1d858d7410f4dadf82ddb051c3a7d9bde5c
IER8BO	0	1	865b9eb8bb260449418554e6312c0ef80328b8c20baecea40d5751eb44d19873
IER8CI	0	1	bb71005183692c3050c86b44066ad4aae899766a7fbcfaf317a51aa5483059ed
IER8CM	0	1	5ab65b84d66156096c1e7da90e77c57caab43bf58403df361175b79bc25e491e
IER8DJ	0	1	4ed14a35b9131e278a0a88dd4c5d1f5d414af2d6b2d8e97c309737329635ba70
IER8GB	0	1	b77a04dbf2b4e3407c4e6b1d585b077afde29f6f9617baf1b35386a0cb84059c
IER8GC	0	1	0356c34530cb42bd89360ff61a8504fa3b3be424258c480c0ae28332ddf7efed
IER8ON	0	1	0e9023fc5df3ec6e55eb7bf8e23cf0bfe9aa46222df92367b3f7c2a382976add
IER8PA	0	1	3206a4e47fa5cd1e51a42470966e259ab269a2430b36a874d62d9c3fe4b070ce
IER8PM	0	1	d008ad58940ad082cd9f225520ffaea086ac1dfc4932aa4965b0c41ca9614940
IER9BN	0	1	ce174da2ef639bea482b7823a8632ccf5f868916e8ae789533742ce1e4796734
IER9BO	0	1	3e0a41b4946446adc21ddca7acdf51836d8e4e70585548793c483e7926539ca5
IER9DJ	0	1	55083dc9eed2185299ef0b0b7aff464fdf6f4fa6714c468d646f1e4b07b50647
IER9GB	0	1	b8a6e6399084c6dfa80f770aa3d8ad5e0a37c420b20f3fbabe2f8a42c384c345
IER9GC	0	1	953b3561395a629e53b25c001cd2de5d7ee638ec5860684e07c22eae4b1cf44f
IER9GN	0	1	d1a6c6168073ce43023b8c7159c0ddd55bb4c7fd16f6ce56a3640ed2bb4571fa
IER9ON	0	1	e75c80a1c30c64b5edede0e4457b4d872c836644c2ab7a1b23ef48a9bb8212fb
IER9PA	0	1	5ed00ff8e0a4e222edc4806aadfb0d81877ad4f1b5f3bd655b534ae4dccc6067
IERABA	0	1	48a970283e1e1fcb360c68fef000ae92f2dc587681f4204cbf10674d83e5ac5c
IERABB	0	1	57f9e7f610a526aa0e55fe0e0a51c42d6f233aa10dde52a4e739524fa23b4384
IERABC	0	1	c1305dc8141258a8c4996a8befb7d2ff5cce03ccf73add445374032060889ef4
IERABE	0	1	1b15871ed7edc79494ab5ca2bb2fe498a0c43c42b1c5b860e11234244e271308
IERABF	0	1	882598c3a4aa159d7312b4ad1c28dd8526bfad307f33a1e5e1fcdc0f8745624a
IERABG	0	1	a30368451dd824ce7b5396f2b221e228b4048371cd36661173db3c3473c765d3
IERABH	0	1	1e6458ad09a606a50158e9c334078719607770fc854b86ee68f78c6305e98b2c
IERABI	0	1	229e87d19c994ab900fd84c89ff81cf490a77081f6897d487d27758a2183bdd7
IERABJ	0	1	f917d49834c41d06f6174fc7867b513241b32d1d6910cf7cfa72eab83c428c49
IERABK	0	1	45fee9c3724190cba3cf7ab16c894b94138687a05df934d01ab0fd89b8745d2d
IERABL	0	1	c5255b0bebb2618178af276f1cb0f31a0a2ea213b68c7eadd16f6cbbb20bec8b
IERABM	0	1	c8faed8d8c6cd401eb6e19aa2adc22a1279efdf5b5a53199ce3ac8fa75ee5cc9
IERABN	0	1	c75c444bd486578091a7773ae0e58cb0838f4a7cdfe7253bb1909870d9913091
IERABO	0	1	413d860e750d8eeb8dd7e68da4d57f431edea468eb6ee42695116c53e2508d9f
IERABP	0	1	63443be018a47b17874e80c3f13173d5e5e63798583a8dfbb5f19d9fc1e18987
IERABQ	0	1	e8364705c5476343196e5fab4d87f0732d1c39fe44f8ad1ff206eeacba2d8578
IERABR	0	1	261b9f07115bcd48ca87b0b1e079d53bb2e0d3f1bc70ed4b58ae1224bb975f14
IERABS	0	1	294677a6d4799188f1ebd324f6853754d87ea93ecd8eaafb3afaf7d9b8a21197
IERABT	0	1	ec1edf84119f3987caf89140c2fbaa27604712b0d4f0bbc422887ab4199572aa
IERABU	0	1	4b256b88a1f980acd764e0a4596a37656f1a768409c8aeb1f886c723bc53b68d
IERABV	0	1	b0ddc930d59c24b4a779998f41a7ff723b5677292dbffcd9d17c0440e3c8626a
IERABW	0	1	cbdce88ccf53381ed6710011e71f6e75419d40e3d06c9127c311ba1d32c9bf2c
IERABX	0	1	5484b55104b193a3307d46205ae851e1a8656af46b27858664225d016c8b3dc2
IERABY	0	1	3bdb033c61822dd969cab85f557c62f5337636c58fe84154f6021a28b57ed4b3
IERABZ	0	1	3dd70b541b1046b035c5e3106e99601f49ad3a6987bbc5a790ff2cfad5fec0f5
IERADB	0	1	b2fdc60525466d1bc2ca8f02d88d39831eb7ebdd654227c825bf0619f05577a5
IERADC	0	1	7841cc0e98bf46b51ff8d7a760711bd654e93fd1e46f853b2b6308ae1e1467a5
IERADD	0	1	96d60bb6898a341789a7ca3c8b795630e7db3f323edb69ec0ff6b1fc9558a5d0
IERADE	0	1	c602e32593f9cb2677f0e8f7b1f05d505695938de124b7ea0851f5460d1888d6
IERADG	0	1	2576e450df0a0ce2424a4cdce49c7c1dda69b98b1d4bbc3bb2a3c16140ee0ba4
IERADH	0	1	a4f33f7a309eff76006f94cb1dc4fbdd40f2eaa179dba8cbc5614c97b162a9d9
IERADI	0	1	ea6b3ba9e0b732f0e3e0c7d11aba6947adf9ff06e6284017c6bef98749453a04
IERADJ	0	1	53d4b26fa7b55631d00f6575ec55b1cc64440fb907709aac0f954c5194f08254
IERADL	0	1	1fa17b58c2736e9ac6fd8f081dbb29ef946695fa89e18dd78951de52e7aac459
IERADM	0	1	c72ef694e4852fae6000a0c43ff4fbb3626f773144d16253df97a8c5a3bccf47
IERADP	0	1	7986c0608a10cd760cccfbeb9d80d794e39c8ccc3e158f9274ce1676c28865e1
IERADQ	0	1	64fe3fb4666ec9b9d8c20f14d0dd836e50159e6b14dbf2c185d72562fe4e8c94
IERADR	0	1	fca8c2c8d7de5a8311e753e6886dd7c70f9c3a3fb3c05f5860e052aef5dbecbd
IERADS	0	1	c3543e2f662e63985b8e0e5216aa44ad902025c203671ea359596c210f291a52
IERADT	0	1	4405fd5f9ec628f332e9ea5ba0919bf0f78a16db949660b8ccbb614c57550370
IERADX	0	1	91452ae5d712e615d07e96186b64e40e36c8abb58a1289d4264bf613b79bb66a
IERAGA	0	1	6efc59a21773b42f5497b98c88a5c1769925c50557b50338b996963adde17d5d
IERAGB	0	1	a87200d55ee9bd5e865e93ffe4ce045a4442514f26d54dec2ed619830f6b140b
IERAGC	0	1	0ee87e4fe53abff6142cee19d0d9c67086973673fa66330203573065f5e9711b
IERAGD	0	1	6b41706fcb06ea22c16d2ad6aed453477f691e3a10cc14cf94eaa4bf98b440b6
IERAGE	0	1	b1b444f9defb4ab4ef8ac0a2c936a0e661805c28f3b23cc38d8a3f8d802b8f44
IERAGF	0	1	102ef43859db42e6f623d6bfcce05febc7166060168ae38c4131976aa6e9012c
IERAGG	0	1	ad1ee67fa20149646429227cb8666146b3700d2be23748d115c4e4aaf1ce721a
IERAGH	0	1	ce94940d6be00c2d9eafdc548da4bf1c18e9f530e4456f8be371ed2a3990dd3c
IERAGI	0	1	89a03906a18059ba2fd6a026c16d3c534eb495736f7b6add1e11256162ebca67
IERAGJ	0	1	065b4653837a6efb805a852e78c38af65a39c6cde81d35526963c9b6677e63e9
IERAGK	0	1	9632c305e30747c23d21f29f0c0c7de17c5379d99593a18817ef8f79a0863710
IERAGL	0	1	ae98d3738c1aeb38d00526298459cf0d5568a6310f17102be970201d7611e649
IERAGM	0	1	3c2fafca5870e1f326e2eeec7abebd3249e2371e91d32e67586e7113fd757b12
IERAGN	0	1	da3d40f47edd4ce6fb4c77aec3256db6a6a8a5fd57e09610dd7799cd9d7815f9
IERAGO	0	1	42631e144f660e7d74f812462cdc5580d51d442beebc0fda6e272ea6eb7d1a36
IERAGP	0	1	04ca6f94019f582c32a8310ad0dec4a5f550249ee5b5e6a38c96b0f5dee196c8
IERAM1	0	1	3b3e52a46785a1ab8724eebfbf5d2accb6c1a1bede29514d81300cd4ed322f90
IERAMA	0	1	33048107edfc1edbdef25818ac33b54ad07a02a4f2f6cfa248ff72b2e413c364
IERAMB	0	1	787c35847ea9d82b21b607577eeb738f83274e5ce9a6256ac81134ca67aa1517
IERAMC	0	1	9a476e798be6fa25d16ad3ed978aca1c7c37a72ab17d72daa661de9a403edc31
IERAO1	0	1	1d6affca06997ea778e5482539706bdfed051f2a8096edc596c44fa010d59bbc
IERAO2	0	1	03d364a946f22ab2fa4782b0f948e6879ecc35051a80f22718dbb7d12ceb125a
IERAO3	0	1	0a4d6d954485943735a9b24ee48b7e0fdced4daf46ff855c6f919b7ccd08aac1
IERAOA	0	1	5113c56eb7d8f73656bf3cea914586a5556b05f022a54c51c4e3382b4b3c5278
IERAOB	0	1	25fac6aea0b454690337d65d363b964c9af4f1ba56696702dd60a31f3042fbf3
IERAOC	0	1	f42eab0137602c5e5f9f77453520efb23d7782c672862f8292241b7887314608
IERAOD	0	1	ee3be0ac2a8dc9e73ddbdaa321d124bc9799d91bc09b4a586a67a5d886a49e49
IERAOE	0	1	d13f68a40ed1bba199762fb73715fdb307127c219b0bb04560df0e00a8f2c460
IERAOF	0	1	c011f9a10be87486fc5139aa3e95ca2c40adf7c32db73ae92710dae2d32409e5
IERAOG	0	1	a709733022c74453df5bb8201db0ee4e58d7ee36c6c91142c6393a8a47ee5766
IERAOH	0	1	e1f783c013bebabdd1bfa2e63b4a6f07cd7cceae006865750ab36ea98bd48ea6
IERAOI	0	1	ec40626f6ed9581f55b800198927e5490bae00a76a567bbe05eb28bcdc8dc70b
IERAOJ	0	1	492eab1a33eb903fbfb17169971cdbc912d71b9746ce17f496e1c12896882fea
IERAOK	0	1	db65d05d86b98303fa1bea4f267d87e6a256a11a5ba41192a12740eddbd8efc6
IERAOL	0	1	692242668adee4be240ec938fff00fe4c1eeb95d74f90a31e6955addabd16458
IERAOM	0	1	d3ac697c0536983e01096d6792b9f5029bacea24f64bd7cba410b4ff8f1639d3
IERAON	0	1	bab9a2a9205b829a208eb877f52f2938d349bd359dd3856bf75b36a18a8d1412
IERAOO	0	1	9ee7579cdadee9a49ad002318724a064afe073a6a05009cd8c1080d2641cd5f2
IERAOP	0	1	a67dfb7d180940b8973f3d6eeb5e7dbee4519c753660a066f913ad0f2c75e2f9
IERAOQ	0	1	0003fb387a50a358e0e24d5fc55f72caff1048655b4eb3bc300b2fa73243ca3e
IERAOR	0	1	93985582b1df6a73c9e33df758f02c416ce7fb0731dbc9c9d03f7df748af4b7a
IERAOS	0	1	d1b5476149db1fbbd98cb4c77600bcff549f1350643cf89dbbf0428b3dc71c8f
IERAOT	0	1	1ed9303b99de5da0d729fa6cde1c2a493a99350c71a4978a53f13d0d4275962a
IERAOU	0	1	e9470c2f050f9e3330b67cf9f5f5b2808535333a931af50948493241b8e9c9e1
IERAOV	0	1	825da2a4d28689f32d3d923f7f731fa349cd4e0a9d970c91abc864281135b63c
IERAOW	0	1	4fccaf167a3e5d6666c63e56d639599d1cd9fb402cb275d99194db344120cd3c
IERAOX	0	1	f7a46a3fb27016efd42dcea0ec1d1bd0a817b5658dc924f34bc154cc161f3110
IERAOY	0	1	a0ad3ea24552cd41502334bd809be0e945f162a72e13e2316f861168f38982b4
IERAOZ	0	1	774af0ec3fddab0aaf86094fa2df2beb14abbb781abec00f59557e4d8f13f04a
IERAP1	0	1	cf04f1a53add83f897185ea5d58ffe1db994e262ba1d06a73361a5c09e52d5f7
IERAP2	0	1	90e1371064b33e61efb31f67092c68f5965cf29583bcd3154d431f99726db082
IERAP3	0	1	20d2cc0e269a8709b01f59015e00358e8bc22b3a056fe2ca480629154c7378fa
IERAPA	0	1	503493307c11712c716196f3dbc54c8a490e379b38d50d0f5b7cba706fc24aae
IERAPB	0	1	4ce040f260c6086a3a7d3a9555728c177de7ce33477e85fb98ed3e01edeb1ebe
IERAPC	0	1	4b288dfac8239488a9e6735a5e907bb47330bb986607e5dc2b6e1f30ed8f3b89
IERAPD	0	1	69590828fbcb980a8f2d2be96fb5d1f696f2efe6fb1d7249dee60eecb7315d63
IERAPE	0	1	e2d6431dd0cc3250d573ebd10967c7bf32e26a3ab42bec360472794c662b1826
IERAPF	0	1	43f13df2c07c0d83031999fb1ad34ab2a4cac9688831ee7cbe6a642e5dc65f17
IERAPG	0	1	e12f49d61763cedae3664629a0f801b091a074f397ce219cda163fa5b6dd0dc2
IERAPH	0	1	2bb3e808bfee7ac363a7e12a454d5a2c32a07fdc3af439c3276e249016bbf603
IERAPI	0	1	71834c0cec59daecb79a8acf1f0889ae4652ad28041d76c969f717f2c26cce26
IERAPJ	0	1	f50fd9046b3c6433ab6f2c27dbb1a26e24d044923f5d6faa0ed9e4e6784c4cc0
IERAPK	0	1	dbbd82e1d186e6f0e1b03e5ad3f973ee1e22f5d2a246aaf7c8cb6676bcf65fb8
IERAPL	0	1	8efeadfc5fb52a102ce99d35188c575843f442934ad3611c796ed236edb813b7
IERAPN	0	1	7b021c569f1f1116b98b488575ab4b6017453ed88654b1db2d4bcfbaa8d7b2e7
IERAPO	0	1	5cf5126b2f72abcf963b5f2812fb6ae6494e58131b56a566085a3307f444237e
IERBGA	0	1	0d60b58783ab924481d6dfd8cc1545397ab08ff33105d25f3f28aaf58c5dd164
IERBGB	0	1	48a326d989f4375c6bd106ea6aabfb835e3ed7562fa49e9a0c8d922248b6f5de
IERCHK	0	1	13b6b8be6cf42a5c818716cc6aa745a2fba2b543fbf45a30e9524bea4a7c2abc
IERDM4	0	1	657f3ed85d4332076b199387bcdb7f332e332c1777b7c0126a0db69b2d7b00cf
IEREX1	0	1	8aa4f3c304e43d26f71b388f4de6daf516cd0b8d3d6d8d01f8038241a500dcef
IEREX2	0	1	0671b2157740d4ebee090ad618b76ea3ee91695a796c90168c518da0f966f68c
IEREX3	0	1	8c8ad5b8aa68790a3fe2a060925778d8dd8563209655a46e5c8fa0ef56482ff6
IERRBA	0	1	e14568b4d015a4b4b59552ebf48f90a480f90587d703456cea7ee9240d81334c
IERRBB	0	1	2797409d4500b52bbaca1d2dc38f6efbf10ff026ea5940392571ab08eac9f3b1
IERRBC	0	1	f1b88609768772bb1952ed318c4586e86b6c2c1a63cf5e3fe45697022d8bfc22
IERRBE	0	1	b09389ebd8e79bff86c595ad6b042f1ad3efa9aacc6f16325426d6e4532ab223
IERRBF	0	1	7a799b59cb1c8caab6543ae913ed102cd1b816d808dce583a6de32a6278c83e3
IERRBG	0	1	5dab35330b9b55308dd3b716bedb7b1c365f8583f2640e8529dfaad8ace29953
IERRBH	0	1	2ed275d5e7ac492a08bb335c596748b42d962f0aa0e01d46a8afe927820fb49f
IERRBI	0	1	fce6020b0908c837e3f67515036dc9e1a289125da39f530994aa9feed8562429
IERRBJ	0	1	b575f6efc1c50d33fdbc7bd256fbf398f4d95c2d2df888a077a21d2c3cf15d2e
IERRBK	0	1	50fade2d78b9e752a4665703b9c0c6150d3d996ebb98b7f2b1fab47cdd80b537
IERRBL	0	1	a264f2276a6da3d7cf611be756702ee1e35db98b4d0423a8ef02fee0ef533ff1
IERRBM	0	1	d65f8fec55c284ec9b0223faa2b6f6e685953005d1d69e4a5e3b7c2277a68214
IERRBN	0	1	12590ee877891e860cb7a79c83c816d1e52d3e58ee9f57f3a0228cfed3db94de
IERRBO	0	1	c5f7c63b3bf6e4584413b9b01b503c9cb0704f3fc42dc897220dce5731f6aa98
IERRBP	0	1	485d92733b335d5b400a1a7280bf3d5a163959f490ad8e46f8d216b634a99906
IERRBT	0	1	5cb7557958411556e06b43021b61c35ad0846c5c66cd3680052f54d0c110979d
IERRBU	0	1	25368ba165bdfcf3ef415f03ac28e92da28294c5391b051970f6b04be6228399
IERRBV	0	1	72a790ac91a376b52308a1e5e9ef55656046f56eebe0439c296ae0d13f221790
IERRBW	0	1	a8614d5e69c4497dc1d80afb880067dd2ce35a004a0a702bc01dd4bfe9efda06
IERRBX	0	1	d2f38577536485cb35f544d5f02a50e19daba49576f0049c334b0e11441b1158
IERRBY	0	1	a825c1156c7547bc69a21bea9dece6cd35d0e850820cc57ae23b35beed6d1f09
IERRBZ	0	1	e568da49172ddda8bb14f8335b5ef75842e3a55ba4036bdd51da6ab46b59d750
IERRC1	0	1	c17cebdd42fb8132199c02d91bb8eb9292786c738ae57c8aecf0e78908125b8a
IERRC2	0	1	0222dc283694538115d6768595448520e44ccb17c44c662f7ff6aebe985857bb
IERRC3	0	1	331726cba2521ea64f9716e2c2647eec9094adcc66cd8615d7f23186b53271f7
IERRC4	0	1	046e0c83461c9dae0aad071ce0b4c1ac4b173f850295cad5dc046c7d5b485b91
IERRC6	0	1	a5181103a8a1e1de85554bcb46fca7915a4ba448637e25e2a9822f4b7ee8724b
IERRC7	0	1	adedad980a7f2d4302f231c75630a5f1cc3659ffb08fe309b0bc544410d4ef04
IERRC8	0	1	7158539e5c55ec3930bd4adc5281c6eab2930af21c50650cc3a12f4ce91428b9
IERRC9	0	1	d996460399934dd5f50ce963cf96e3759eddaec362bb1d5f2093a42ccbd6758c
IERRCA	0	1	ceb01f11d41b2fe79a3fa763f3d2d8752514a0036af76860ea012a62e4e48118
IERRCB	8	1	0067978657272fa0d097e71da2fdbb74624e93e5c865d6ae2bc4fa5d4fce52be
IERRCC	0	1	039f67bfb8218e5133d1f3c8b8b462512c2379fa6130fbbf2881265cb12c594d
IERRCD	0	1	bca086b6d09e88dfe937176de7c5f95ece5e8050238adc27a66b116433c60998
IERRCE	0	1	1f278be8e7ab77435ad477f28b1bd88ac7fa88ac37118c09c425123a4d786333
IERRCF	0	1	1a4ce9ea082eb87349ac89a60b6e8c1665ec4fbdaa09f42b6468aa8b0131efde
IERRCG	0	1	437425d2c06a0cd2843aa5c3c3962bddb0aa798939c43345a33a2b11302eb235
IERRCH	0	1	57990d21fcd7f29d45413c439035fec7a6d041514598b34a109586f528b0fe0f
IERRCI	0	1	3e5b1e6f06a4a201d648bdbc6a3cd4a1932aeaa06416a9802334c53581b1ccb1
IERRCJ	0	1	7fc4e9aa844069b2ec9d80d127f4eb9b6c50276c13e76302047de85d99e2bdab
IERRCK	0	1	45809301a58113017d83011c8de296d7010b05c6603281b1c1e71aebfd48e087
IERRCL	0	1	bef1f8a46a75f70b982cb5bd4c242c67785c38c2476a66b0cc7e66cac7ba7eed
IERRCM	0	1	d867a554c9a28d174d8425a3321eccdf48acc751aac06c118cdec96e03579ed9
IERRCN	0	1	3147eed4aa06af37f4f9c0f825dbc347312ae1be06a7e0425ebf40080108436b
IERRCO	0	1	ea1b748086496080d4d5dad020f6642c6dd8d2a88e049ab92884be292443aaa3
IERRCP	0	1	91d5597b23f98fc40934ea2e2b8f9d16056a67e486324d062c760a8d79a0e5f5
IERRCQ	0	1	818254231c36ff25a4cf1181ed8672add6b9675fbba3b8524d8915e225fe63a9
IERRCR	0	1	bd4f0ed05fb46c0745712a73ccde22608bb274d0f6029f15f8366bb8d8e593e5
IERRCS	0	1	d75527cc36edac3f40d4f81465b4037bcefce93c2761d7010b39ccd402a3baa9
IERRCT	0	1	a6a55ab049d0848322f2e6c738535a4fa0e63b322574c912e9de9df7e05873bc
IERRCU	0	1	7153fe081187275ee3287139636dad4b1a99d56795dba9ff4c59bf7df8c2f689
IERRCV	8	1	49baccf6ba5cf062d07a22bf4d873c6008ea3f9be83b7ef15ebd8b8b959c7751
IERRCW	0	1	377b07848a849dfa5913411cc92f9eb0d3ec73db02f04a7270248c1ed2ed30e8
IERRCX	0	1	68ee70dcf56265b8271ad1d56b563ac73c977a70fe378abad4e86d764e5b46c2
IERRCY	0	1	27a99fea2297cceb3bb170cb5b0691863726fefac44a497b4bc2a9e99b7fbd5f
IERRCZ	0	1	3e58e4f3d804694bcbc1ed193624ce2f22bf261374c8d9db200bf84e6702e144
IERRDB	0	1	461c100d590fca32aa7c215efdc9796bd5d80b655de4d26738528bf7eaee1038
IERRDC	0	1	c1cf96d5b0bb4ccd4b4d3e23e1fdadbd15b4d153bf05b707e4f0596a3e282de4
IERRDD	0	1	3dae5f8b44daabefe11e77a6838baa218916fb36cb6562d938b9659f6a7630f7
IERRDE	0	1	6d18c86240fa9c3b3731deb96261a2db2a68680822760b9b9c696f84d10bb4c0
IERRDG	0	1	99098c79a4c8c56886214b2c2420e2d60b0bd958e38f58873fec5b790e723657
IERRDH	0	1	2d7420b91d3d0ff0cced435c61dac1ca1f6a5e893e956fa97b16cbfaa954a6af
IERRDI	0	1	53eac7fc3e0f10c3f6e2865b6b690dc3879ac2682354803900f4e0c9248e8d03
IERRDJ	0	1	7a8a18420e02d0557842d047a1b2b8a2199d9c6c9824da5599702b8212223d5c
IERRDL	0	1	c2087afae020915770bbe68b85cfa271c06aa3dd885dd6a4b4e21c944526949b
IERRDP	0	1	2fd50eff86ee186d7025de49aa86be19fbe26149317f9ef4a06fedfc2b7c10e1
IERRDQ	0	1	979066347902d9266645e886f0ca9a30e15219e49f0a4d1541b4460e02f7f466
IERRDR	0	1	1abbf4928677f2e35b6d378271f4745fc09e8c29974a4efefa382290dfbdee26
IERRDS	0	1	cbf28983e05a816ea86b36df38ff616b3829543d62ee1a1df98765e487206da9
IERRDT	0	1	e3e3ba1f7fbd3f50863877808b5ba0c33751e96ce285b8632a888bef3040d524
IERRDX	0	1	0da0b30dde121bd673cbff4b4d5f495c7f7fde0377f91745e30421b889c7d737
IERRGA	0	1	80a4141c9d1fa50be2091d2285c4de257cf855fe1ee52bc6a4628ba39e21e6c6
IERRGB	0	1	2477fdd67260270e3154cc28eb9965e4a0942e3e33b35da30e654e5a75a4e016
IERRGC	0	1	0fbb255ffaf8134c0bfb2f10dbb654c7aae97ecfc583bd603feccdb19b583e94
IERRGD	0	1	f7b9a6dec6b52bf45df450e7e32b84cf5587ccb8d27d59b897b3a9c75de38e65
IERRGE	0	1	5be4f46583483a5b7c87f74647de4071b70e2d84e2846af4b6ac9c1f8d61791e
IERRGF	0	1	0774392f7a3709cf19b0023f0f5723fa7f1f8aa251451ebb14c3711de5f0d107
IERRGL	0	1	95a3cd61be20896907b92e4139c6b7de19fb2bb662fe72214b90e262a643db60
IERRGM	0	1	b29dff40292b44d780f8199355b3bdb4ac4562e60727bc2de6690df672f60b14
IERRGO	0	1	f37ea8b7ce5b0c251c40a2c38f074722586e11711bdf8eca0653d0aa4d7de821
IERRGP	0	1	aafdeedf51240a0e005e5f6942646ae27d22ef1c17347a2ec369a6886424dd95
IERRMA	0	1	b55c4f67608ea42ee1b9c317cadab2815c00ccce190d7c42f2f0f27dfeaa6f2e
IERRMB	0	1	7af9dc9ba105e9610d540419cbac75606831a13e49e61243e03344f9cb907196
IERRMC	0	1	51fab7675da67deca424e9ca84777479f0d9def40cce732fa64c421f9746204d
IERRO3	0	1	e8597fc93367b6665862fd7c1f97a71c8088ad86f4f2c49607442e5a84a0b3df
IERROA	0	1	c9d4b9a574cfb063dbefdec12af2298695217e6580acd912b7378feab2eded91
IERROB	0	1	211f47c48026f37891a6ebb63332f55d36d75b7352ad199af9860eb6e28cca51
IERROC	0	1	37eb43e5a1e06f41b0693214a50d94f01c1192ecfc0b0680759b15c31731c802
IERROD	0	1	e0754b9d7e643316e8d7a2bca766e19e7af3452144c8243bb2ab411dab423aec
IERROE	0	1	b6504f00fc9a34066fe07bff525ea2edfa2c7a879fd0f27b51b2012122a26be0
IERROF	0	1	b5cfa91388b31eb1fdb5c58a9bcdf02e101ca3e6a9061fedfaea1b78e37e7258
IERROG	0	1	f02aa08110f2b73d5082c17b0ea23f5cf7f1bf4d08c1b5e4025b81ace9b169b0
IERROH	0	1	08a421f045704d6ecb5565c22380f7c17b1712c34e02b8dff632dd020f6eb842
IERROI	0	1	7cd410e9d74de2152f20c2807cddef28eee70d7dcbf7a244dba096ab902de29a
IERROJ	0	1	4857b50baa717242c4e3b97d3f97aba106224c3f11647b96f450eda5f9485f3b
IERROK	0	1	1b40c091eca6468c4c0bb9fa684cb1bdfebdbfbcd387f8932f9b4d7e015f9b18
IERRON	0	1	6fd03c8e36b699a959e49158e53484ab053e368abc6a9d7298bf4747fde8308f
IERROO	0	1	59af4ac3d3a7b97a25113f5e41994708023c056dcc0f582f17ab2afde0375e8b
IERROP	0	1	6981f08b047b70b07197f71eae41dd843faf9bd4cd6bae2e119897214307273d
IERROQ	0	1	be8e6018a716078c3f452688ce6a6312ebb8e4ce2f1c842ac06fa5fd437bcdd3
IERROR	0	1	9f6fe15de8714854ddd2e8ba5a004ba80306e5e95b436a0114c8d58ea36eda46
IERROS	0	1	a5e68c913bf8e123fe88b51e3685b53b02ad4a5f02f6cff85e78611363b4eed3
IERROT	0	1	d486f6a085d7d478ecaa7e32c49f06e2c1382a31dbf09c86307f1fbef84b6902
IERROU	0	1	525daebdcecd156335d79c2efa8e58c5283202318377a46163f2cbdc7131f7c0
IERROV	0	1	68509377471acfc855dd8eabe766056b837ab3e68375ffde3c1b193faaeccd22
IERROW	0	1	2a538de4268175c00cedbee0e3c6a2b0d9384b1a67946990c287707510b1ecaf
IERROX	0	1	a7273868639ff86e4406f3dc5ff0a456839a136f96e027082a218306c78fb9b1
IERROY	0	1	c750b71a3f0fd28dbda1d231e9c7dc2f903bb089d7714e172ecbe03ab61ecb85
IERROZ	0	1	2fa6393e9394594f02e19e40c6e0b1a154fd5beb7801f860ea38c06e1af5d20b
IERRPA	0	1	14d8ef38a6a039b25ccf3417abede9dacc4c8d5deeb75987a4f816e30f59fd7f
IERRPB	0	1	c5718fcc571814c99e9822a55169b05f2a872415742f7365fa41f676144dc923
IERRPC	0	1	bbfe8525cb773e9bd10144c97f9bc157d7bad7f05e4662e4130f9e9a23384bd1
IERRPD	0	1	9137e45e193ce4c6d16855a0863380df52e783b25a5a4926139f33da383aecc2
IERRPE	0	1	f7aebd0276c2faf1f57c14e2eec340fe8c94c0f0e0780221b9ccf60abd7a5d26
IERRPF	0	1	ee772fd394b3ac90de58083723435511933a32aa5b3b98e7e71f66d309928556
IERRPG	0	1	201ab18d1e4ec3a4eead6dff50fd95758d7777f2b605be4991d293eb65e25b24
IERRPM	0	1	d6f7689d65237295792b71dc7733613deb4f595493a6719cee363d660bf1113f
IERRPN	0	1	9f965a0a8ba0e92bb1747e54b611e097aa195a376a230c8c076b2404804aff48
IERRPO	0	1	2c89a8939a5bb6f5783bbf9beddd0aa7ca06329b563c97c5d82b400d207c89bd
IEWFETCH	8	1	dbf6917d98477b760a0e34001fa4cdde532a4972e2c9e1a3798c3be5a285abd1
IEWFTMIN	0	1	85b22720070eb095fe1f9e3a9adca195871001861a50009ddbdc1d506c24c024
IEWSUOVR	0	1	31fb8db95d6d6dd8c82462b2e54d98bda2916873fd11072a1cb655c816cd35fd
IEWSWOVR	0	1	4a983cf3762a85d05ae3fd2cf4fbf8e8c7ce712e809cb0b2faefcfb903e01a83
IEZDCODE	0	1	ed08c8a6635b2baffb46b83c441f6d18331f43b3119e400977632e928e0621d8
IEZNCODE	0	1	4cbca6645995d2bb7056549c6b0e117ce141ea9e77a5654546d287e5aa233844
IFASMFDP	0	1	86c67e15906a904b0889103975ab043f05b553b13ca4a0dce438b70094eba0b3
IFBDCB01	0	1	50bcede24089eedfd371edac6d79b90c851401e6fa3a5481be8720423538154e
IFBDCB02	0	1	cbf17e7d620bfe53e007c201a6cf6f2fe2971225c9511c50a1fd4703b3147f57
IFCCRNDR	0	1	b09a8c274ce6de17005d9b1ce50e5d4aefde0982d3171502d58874579c12434c
IFCDEVIC	0	1	677e7faa4c9dd2f3648b3b7d4b2b22cb4ce34b720a53b558fbb60ee1e23e03c4
IFCDIP00	8	1	e093dba42ad77543ea19c54e024abb1d90b598ce718d6f6e7ef98948bc3b1e95
IFCE0115	8	1	f7de44d6a9c75a326d3b7f289f938daae244ddcf5e01d7c81163fa5b35743900
IFCE0125	8	1	d8461378ab9914400b4fa558eb1df821707f2d447696ac2562dd1a0e9320636a
IFCE0135	8	1	fce8afbae2ef2d0d64c1dd9a79d22a7b7d74f198f8f5cb0d47448e638e5bea5e
IFCE0145	0	1	b1efa2e9b657361513c44b2405f2d9421bf2d75cd0d7553792a7ea3984248ccb
IFCE0155	0	1	7c43f51ddb0ad68c108b90fc560ff983625a0ee94ea3075b8a7b982618ca1727
IFCE0165	8	1	75d3ae4591d5235335a3533f2684150582f03b64b082a6767728111ba9c4eb01
IFCE1017	8	1	208c1a9a48338c877a007f87f27692ccf808986853a0222c136087da2db15627
IFCE1018	8	1	a9b15e24221f544b09a24415461d0badbbc42a249db77d8609b6d60f20a650e5
IFCE2860	0	1	f09021ba9f61f368ce26077199bac7bf720f07b9edcb08b0e14b36c3d87f022e
IFCE2870	0	1	d0b0979431a6b0f35e8b77b1d69958832b4457d6d0b6b7827d31aa3b1d39a802
IFCE2880	8	1	a18646ad44f53dddb32bda98e0989bdd368492558a4238f07eb38f13b3ea21ac
IFCE33XX	8	1	e675b4a0fa6724c2b8001854781d06bb62d5917f30c1a0a06cc0b64e3182a465
IFCE3401	8	1	462287bdd61725d03eb58d6ce926300a8794b6bfb7ea13eca9ea481e67d53a46
IFCE5424	8	1	60fb50de2fc2212180c3509087d54753a6fbc8db14a3216968d4fa59a47a72d2
IFCEA155	8	1	e079491de261b8e273a5bd9d17b9781714cdab05e7629ec6cc897b4f8d4d5336
IFCEA165	0	1	ad87e5d8051448daebb109f949727950777bf66eaba4e14b0b69d88365044f50
IFCEAEXX	0	1	88e26862acfbf56ba44dccaf370b0eb4e64f1d3f98a0a96d6690d326e6ad4b58
IFCEARG1	8	1	1a1e8ac2abce98d88838f76f112f0b4a30fb59e967bf52f357be6362807bdaf0
IFCEARG2	8	1	7d3c784b4206f18e287eb58e32ceb8609eeefc8c773825e2293602206f5e12c2
IFCEARG3	8	1	e0d8d995bb67ffebddc0fdaf966bf6ad7c3e640a697f1464c1421ead7e4e1ef7
IFCEARG4	8	1	312264fbe482dd20aa8555ecc9c23e26ffe012f8885923e9d286a15097e75441
IFCEARG5	8	1	041f0a3ba66c6c12ddd8a091aab8ff778238b2a4be68d88d553460a530dee374
IFCEARG6	8	1	a543dfe830e70281bd2c8e049f4986419f737033abd200eb2badf5fa0dae2b5a
IFCEARG7	8	1	cf1cea3ae53ba968534000783cfe34c78d05729fa155056ca28a271a7c2383a6
IFCEAXXX	8	1	ae735ff869dfd528cc50ff6d4538fa517b56e2d4a7f54909a9f8e692e132f033
IFCEB155	0	1	3176ef793d4a20a8e0a44ed570ddeb9d7e00a9e732ce40a1f8d0e8e3d02eeea0
IFCEB165	0	1	829fa3df49d4636c8041ec49d4851b99b94cc0f6d8153014ff7730b55407f16e
IFCEC155	0	1	0e429438090b4fd6f80a6df578570e2d2b36605f6e31471cec3568542b2f81d5
IFCEC165	8	1	0456892604be2cdb8637695beed0ec7b4976d917599ed75c900957e45a828539
IFCECHAR	0	1	359488e15b4a147592f64c1fb62bc93182d0b9f1fbc3d3dc1f599e0f3e5ed022
IFCECUT0	8	1	7dfd0ea7a8c434c770c313658bfae64d525c914159731aa2596a7d8173446ee4
IFCED155	2	0	-
IFCED165	0	1	957a871173329d69617f92cd5ede85e7bed4fff9ff4e6c1e3dcd818e7f9f12e1
IFCEDDR0	0	1	8fbb627566f0645534b6eb1e69edf83807c0565bcf5e7dd1f5ea0f8c9f4790a1
IFCEDPA	0	1	f1e2f257df2dd4efc7a1f071db9f222c17ac3e01b696d844aca08949607eccfe
IFCEDSUM	8	1	7a2b29a5cabdc92d39b64650d32bdffe5d0a50b672ade90a89ee86441ef15b24
IFCEE155	0	1	03ba21ade9786497310723be94047b15354932b8e81e708bd5fcf5a10457867a
IFCEE165	0	1	b97fa9ce41350b76170c0dbb05d0772ea2d1fc272968ff197b953c6e11da0c6a
IFCEEDIT	8	1	3cd4fcf9e05945653ca5499c44b11e563dfed86ee9064c53e8bed3f15cc94bdc
IFCEF155	8	1	0b37ca46f99470b307f993bae72d83df6c6c8be347a368b383de0cba3eadf629
IFCEF165	0	1	0afaa858ad40ea8cf770e9b58057e0bdf0271d01eb0b90a00eccd82c55308dbb
IFCEFBA4	8	1	fdaffb8533bcb774a26f9c613562021b54cddd2b07b496411b3837233e89b019
IFCEFBA5	8	1	2be9b2915531927f537bee6cb6beccd4d8abb9079a7ea183d8a91339300cebd4
IFCEG155	2	0	-
IFCEGUS1	8	1	3c33bbd3d35fe9206961852f01ad653a8d762cb45019dd99c8b4642edc4fefc0
IFCEI135	0	1	eeb1b69c9fc5891815e15930c0b60a68478bab7d6d8405e2498a242e9b9aa3d8
IFCEI145	8	1	0ccfd2df229029aba6c8aaf3dce81f590149e541eabbe47ad0138848e14d7b26
IFCEI155	0	1	f7e8413b33318b3dfef8b8316aff2931a38698d2268360c8047fb0a75103f303
IFCEIPL0	0	1	dc56b2987a1581f9f58b463d20fb758ba2d088245123a5cbed6fa26ef4024fa4
IFCEJ145	0	1	434ad4fe096bf362e2c257cbff8ee052be931af94d8ad6e74f78be7ac9b06ce6
IFCEL155	2	0	-
IFCELEX1	0	1	9d94267e4227869906d18b1e4418ab20d8baef67bd5ede6655164855372a0f3f
IFCEM155	2	0	-
IFCEMAD1	0	1	ea6b4f3879e754cde14082e2753538f0eafb74030386bb696aefd71dfcbdbf05
IFCEMER0	0	1	7794d8c4c7a1e63b05b8304148536764227415daf55b848e9727881fca828724
IFCEMER1	0	1	f9b3cba72ccdd1e998661f8e5a24693da8993abf84010c0ef7e44e961073fcb7
IFCEMER2	0	1	c5b4e07315e2ef3474d8ebdfecf0666e7514412e55eea859dc1c5a1aad530612
IFCEMER3	0	1	dc14c9eda1c7d7aacb8d17afa1f52000fa013ac816bb4cfc73c595e299a4defd
IFCEMER4	8	1	55194c46c67b7ce406afe435bb2df5e4ff5f315acdde23377f11db2631db13c6
IFCEMER5	0	1	41ec3214ee7548d2aa5de219184fc290fc38ee8fa2ea269922780f2511a88e19
IFCENAGO	0	1	d9089341a9628fa4de595383599e43b42424cae1c8acff297721cb4626a9a511
IFCENF11	8	1	06f8c4976bd0dc20e05d016e51cf20f110970a672e846c6fa7f04b1accaf6b24
IFCENFH3	8	1	89c3ce1189b27243fd3987045934d23b2f2c9f385a7dc026578c781aac3c24ae
IFCENFM3	8	1	1e15865b486e063caa77ea67dbd6ff23761b763a8687ab8d6b36b8f43d30777b
IFCENFP1	8	1	7d73eb2f325677975db521c11955704bca2b31eaf57edda61813436c83936ddf
IFCENFP2	8	1	67379be0dad6ac502bcb5e0b71991fcabaf9f5e76911fbd08a5c6fe4f0d72074
IFCEOAK1	8	1	9fc022037c5eb6a36318ee4fa90e109e1934a4670d602a24f1a6d51bc19d2dc2
IFCEOAK2	8	1	49f6c8299bfc0374761900300c3921c58be2e1e0550f00c568a11a6d2c56f3eb
IFCEOAK3	8	1	bf52f3ffa6397c69fc0272d5e680b6bd65a6049783a2dafd8ac75be6cc1652f6
IFCEOAK4	8	1	3149fb89e1ab76fd4e5ca90a96517923c6e48f9b118e7ec6766ca9303ca943a2
IFCEOAK5	8	1	b0433a74964312d0948bd1f3fb1e72cb52f1fc78a6f4b8c3191e4d623aa19720
IFCEREP1	0	1	e1d3663461029eb82ffa953424ba6de1c48e804e91b31515d4de2c5a9c139dbf
IFCERFMT	0	1	2351d2045ffbd9222889d71c2a59cc12107a52fb75dd77ac733d611f6384a782
IFCESOFT	0	1	b9a8d17d76cdcc837ab6ec4cd6f674f8a9e9da1b0eee1af494d0f6f681345c61
IFCESUMS	0	1	f9d3916be01459f2a7a1e58d5e151a78ab0178ecf14b58560528193d87fde9e5
IFCET002	0	1	06dcbca762ed78329204fc7e387c8474c1c43d8edcc27b1f04e31e4bbafe381e
IFCET003	8	1	84794a7fcd2348b27bf465d6a5f11c2aff94b73edb439d990970458e594de66a
IFCET004	0	1	a98f7ead6d15971c97c1675269491c5f42444218f4bbcad76147ffcaccceca4a
IFCET005	0	1	c031a59844fa303437d74e5b553ab9adf8f1b0f37af3a3b4a6b52818e34df224
IFCET006	0	1	20922bea2ae43af3a949f0f5e1b1e2ba7352493f0b89d542543dfb8f985a3f4b
IFCET008	8	1	76d6b7a811c7104dc05960222dc5f82dfb0d33a1077c8bdb4ef33be79a1c5fab
IFCET00B	0	1	fce881eddf0c1c33580125ef915e642e9fb95dfedb74b7532b1c026941ac8926
IFCET00C	8	1	bd33b2eb0e616aac5097e81dd0b35c9841e5ba9d861369bf09c86ec1627dc64b
IFCET00D	8	1	67570475b0f6a481aa79c0197d05faae6728fae8b4265e7a44d0509d9ee17a12
IFCET040	8	1	fda0d34f9a77b7bca539a622a46723d4ca94859bab06f2197840719f68ab4ccd
IFCETRN0	8	1	e1a12a5cff3a29dfc26900698de63c226056697f2785ab4e5b06efe50599e1bb
IFCETRN1	0	1	e1c80d0ebb21d0fb361eae7cdf3ced41461b901ae07af53e342b9dc5ea4e0ab0
IFCETRN2	0	1	1e03ae4366c869373c03f9676c4ec7605d2197e08e37efb57b0ecae655514f13
IFCETRN3	8	1	347789295a053a8ddb3954fb8bb426a38457abd4f35940b6eaf2df701194bdb4
IFCETRN4	0	1	d32b6519a2b08ad7682d4da2a414ada8ec6601d010dd7a08e5eeb63679c1b7f1
IFCETRN5	8	1	7e3fbbadd1f6cf38c2fb9a7ad0de088177f52bfa5b0721690a26727728461193
IFCETRN6	8	1	ba6910293d6615d69161f53f916be84173ed2fc2d8b555740324896ea9aeab0a
IFCETRN7	8	1	453e0d238c06f2d520e1e1130396932f191b545ef411017322328b540cf03146
IFCETRN8	0	1	c680d92fe03109256584d323161d47259e2fcf20b32809361bfbc0f8022b5cad
IFCETUL1	0	1	4dfe0363238374f096a792398d67aee700b6777ef88b763d344f68b35a4bcaf8
IFCEUKNO	0	1	9a421c54884aff429e832cfb0bbbab071bac6ca46cb24738ae9a8bb27ecda532
IFCEVENT	0	1	883cc74772284d77e868c38baca58e6681d6b3c7b479a1aac9095bf903f365b7
IFCEWHT1	0	1	eeeb0ad5728004c4e412f9481bd52d053266f702d7b851230d4f564d7e9bebeb
IFCEWIN1	0	1	bb29bcc969f55559474fee5cfe9e0ae526676e818530828917987a75f9c4dff2
IFCEWIN2	8	1	3651e749cebb19a6d3f4377cd7e33fc5856fec6e26d8ea6842c5182de1e5a8aa
IFCEWOD1	8	1	b892445bc276ce0047403ffdb06e6d56407de443c81c9a194ce0248544e247bd
IFCEXXX0	0	1	3474711a4699bdfad1ff2573b44a86e793e3a15230cca6e6318e5d6620abda6e
IFCEXXX1	0	1	db3635ae9da0dc98baaee3e70d8a108a095f8cc6fcc8b4537bcecb60fb2a23c1
IFCEXXX2	0	1	90718419cc412a3b88f7e628dccaec42534d75d0124733151c5508ed1b628a86
IFCEXXX3	0	1	aef03041f05a8813c86a9f7e0642d2c5dd94b7992d109205b1c849c5722961d0
IFCEXXX4	0	1	f7908faf959db4965a675eccc4c4dff7c4ea2aac3cf9397a2349f05f1a5e3114
IFCEXXX5	0	1	53ec459a5e0de731c7e18ca354f2f62d3743834c90b44a30a35a1401d81d87e0
IFCEXXX6	0	1	0ed1e92acd696e5f84f9eb8d2e5e434e4779af4b489a827fc6160882bbc3379b
IFCEXXX7	0	1	c4ca327b96b2009c769078f1dc1db4d18cf918a1cbdd7b276a1c26441066a987
IFCEXXX8	0	1	e8b5350867cef9354232bfa37478bd869321420361d3564d00b0b8f3e3794109
IFCEXXX9	0	1	d45aa137d91fc34eed7e85b4fe270153a897162bcb1f1259bb8d74c81a9fa92f
IFCEXXXA	0	1	7c5abc8525f587094c20b52527c1d3e48162263a2ea28ebe7faabea7faf823e8
IFCEXXXB	0	1	53959bc0c049870107c602da60969c9e7693c162d60c629b5c100f6278a41244
IFCEXXXC	8	1	ac2e659cf42b8aeb046544b6a92486c84a8b0858a6e828b621a32368f6ebcfc9
IFCEXXXD	0	1	aa479fe6b6b407d4eca153d4f59561dc0ab68a7782d833983127fca5a911fa97
IFCEXXXE	0	1	1c9938e1d90a3fe43f17dd8c7bfefd37648aa38797aabced2c3d1a2567dfe642
IFCEXXXF	8	1	1e99fd52b6d9b932957ead1d3b745811efbe30ebf2311987b5e45b40327d4305
IFCEXXXG	8	1	43debe4251e49f1286f142c497569a87e1c246f6c323342b77a6a23e6e8a2308
IFCEXXXH	2	0	-
IFCEXXXX	0	1	32adb3f5957b7e91396a8c68ac1d093cf6f3dc9c85ace05a786d59a7a2793c0d
IFCFILT1	8	1	6d1cae71a1ad2f3245d1786bea30b1a40f7c780e508438ae894b8b3e32bebc77
IFCFILT2	0	1	e46dd417dea804cb98e0a673aa7cc2b9d1d3981ffa301b0b86af9e7744e89c4d
IFCFILT3	0	1	53470f028f86c7ffdded2175bda5c7782d6986787c699ac318e0cff59ac0f188
IFCFILT4	0	1	1080512dc62a22b673f5397ad9413be96d0e250c18b73e7dd40bf27c37239156
IFCFMTIO	0	1	4c1e2befbf13003954a109b01552757795b2060a5aee82192ae1aacd1dbd821d
IFCFRAMC	0	1	ae7ca7da7b0b6b992c708cc40381a602dbf220460c86deb3b416ccc8de5a9fb6
IFCFRAME	0	1	f8a2759e52702a49866967557960e2176880effbf9baa4556138a4707399bfe6
IFCFRAMM	0	1	572df39811d2df9235e7f2cf6f8fd6b73705f0c8fd9081039005132dfe10da97
IFCFRAMS	0	1	6339ec377086952793e80a56302e1b67ea99e478d5cf77f3b2ffd66237b0fac6
IFCIOHND	8	1	99127b7566ed64b3df78801ff7c4140567575388abbb415c224abbbf1e6dd321
IFCMSG01	0	1	3427b1c6b67955bb67ccb7dfa896d934d957e0837dd7957d6ce9fb10ac6b70e5
IFCNFPDR	0	1	556ca7dc6e7dbf2acd4dc1abed4a1925701081407ffc98a3ec1768c4201afbaa
IFCOFFLD	0	1	c1225488f33f0fd252eb64ab5ee6dc0fc61b680a533f4b79ed4b595fa1cbd4ba
IFCPARM1	0	1	20da84696b9e97370919383b12660cd06ffa535b7b564a702e1be23ea97bbd9a
IFCPARM2	0	1	42184d3bdeef792d32eea3076dcab89973ab07d2062175c2323b4beb676700ea
IFCRDESM	0	1	5f11b8f530061bb3e743358bfb5bdad900a64ab1bc85ca633a71bdaf50194c6b
IFCRFLO1	0	1	3c449a45aed0d9720be801b7e248a47fdf07d45d5d8f7a88d8879366e50c6e2c
IFCS0115	8	1	7f33d9eb7a76cb534b758521ac468107069b96e47358e22b99ef1ce8276f49a0
IFCS0135	0	1	7b6ce2d2d5b016b03434ea9090169e48cf032ccfcc7ed04489cb6e8016416206
IFCS0145	0	1	ccf992e3aec16884366ff7e560ea52d8e6f727080ba3ddf859fb1752b3a1127c
IFCS0155	0	1	428b826b1a6b5ce29f371f1635d26d125e6653830eec6cba0c43da85230e23f0
IFCS0165	0	1	c94cdfbee58862dd85f0bef2e36b8a031f02ab530fbff4219cb87e43337dc9cf
IFCS1017	8	1	ae3db12410588bf20e8bb9287d0176e84ca937bb6eddcfa4f31ba77839188aa1
IFCS1018	8	1	e350fda195d5132f5f4d71139b9ea7c9a7b4adc515e37b5ff3c6c7abdd569baf
IFCS2860	0	1	134fce3b20ccfcb3b118dc7fc5198fd36006602572a651b3695715c8ee5bfb9f
IFCS2870	0	1	fef5638d10ac57d25a856777e1e1ade0126008a8d1a2347a96d6423bd8ed5b91
IFCS2880	0	1	a1183f2a62dd07708c26aec49d9ad7aca83dd47785d1abdd5e8f71d81cd6a1eb
IFCS3031	0	1	6e585ed20d529ca67015a02beea5ca2a134e99fa3fa3488730a824074ecd837a
IFCS3032	0	1	84ba19a49b80dc7a5d8c1bb2af5f38a186c56307b8ec2787640123401da43c88
IFCS3033	0	1	bd47ca45c88ef2101e0c2c07c21b9e468fa6edf6033e769403996bf164995500
IFCS33XX	8	1	d323a8b6deeded5bc3bd7a1692323cec126d1eab06a40eee221dc2e62e06513d
IFCS5424	8	1	4dc29ad57621246838f8c42bd73862178db585d0c8ffd280fbb8c15a3e612c54
IFCSAEXX	0	1	069bcdd7e7ab63840abee204d570b6b39dee861f38c452eb64f8440774281b84
IFCSAXXX	0	1	ae01ed735a186b3b8ae43716c6758807053ce78d89abe278c513c076bcb65bac
IFCSCHAR	0	1	ba3dffde695897f77ca2a497c341398e79f2d00f6c0d8a64b6fc85f0f0544f61
IFCSCRND	0	1	ed3b0e468b33c90f729130fbcae63b306993374b42c0a3e3ec763965b1b51631
IFCSCRXX	0	1	ee846b225fe28e428eaf3cb2d905ba4bad8863ab1e3c4493823d44d130d4ac86
IFCSDASD	0	1	eff1b1161725687cc6988af02c6f4041534447786ed2978878c88dd321c1aa2e
IFCSDICH	0	1	34e259a6e7652eec1d04d3f307031c71cab20482dad3ca30368849013ac424ff
IFCSGUS1	2	0	-
IFCSHARE	0	1	22c977d175017027bc7661d4f43b1c73f210abf3297e63e01c2719b566deff14
IFCSI115	8	1	e9bd294004be9b9a159f4d0a4d3f1fb52342ebad5a2129f39c8bdd839946512b
IFCSI145	0	1	d77b0e08c980dd9fb6c4e770b33e4aea76c1784f048fe0b534a510e985747a35
IFCSI155	0	1	96e90e6cbb66d664969433b2cdf1271be746dd169fc926dc6e63c2756d2d5507
IFCSIPL0	0	1	bda6c6b48ba5e4d148beae9c0f42eba6319d8828c2b7911b448a8bdaf508d605
IFCSNAGO	0	1	69d8eaf33c2961ee276043b66c3b5eb6476f2409b577476e8495b7cda20f5c57
IFCSSOFT	8	1	3daa9e4e1ae083c74b6c3ba3117ea456605931cbc43fa6f49bd63ab2f22bc784
IFCST003	0	1	29657fc23eec174182406a94f75973af5cbacc41eb9c5c378f983844df00b678
IFCST005	0	1	19ed9ded5898b68921b58266fa07457160a7c09752251c4e60eacd63395118e1
IFCST006	0	1	2d92cfd8ac5b78b8fae665fe51f1dfcb1d649bb89bad96d3f9d9731a15649bd8
IFCST008	0	1	9c2b95eccebf04900371e3bbfd34ed737f5c3666f17dd5138d97bbb085a93321
IFCST00B	0	1	a5b791ba9a4466c2fc7c58b417279dbdf64ea6575eb63fcf9fc68ea459d03c95
IFCSUKNO	0	1	d0b0863a7ee63993e04c9ada40810f040e5560d39dee1e4bcecc6e8e76fada52
IFCSXXX0	0	1	bbe0951d3a85b379ff5e506672224c493d2912731d3d672c62e9cf48a6b9441c
IFCSXXX1	0	1	e77d7feddd4174893dcf121c67714b848cb5685ba6b00ca993cf0775aca7265e
IFCSXXX2	0	1	c52c54ae51f948d51e8364de02bce130ea3e1d1d58c0dc51e1d179b7f635cbf0
IFCSXXX3	0	1	b03de5cdab615f2c0d3f805b94f622c5d9fed7cfa4d8ecea6e600ef5d7cc9d0c
IFCSXXX4	0	1	988f05e1b0070ce17947022e845726996f179d78a19bf101824091a6b7371747
IFCSXXX5	0	1	675c0973aa4166c7e264263f3ec6627fd00dd184b80b132b5e464983f345936f
IFCSXXX6	0	1	3f12f72d6cb310bd6ff3727880fa1c20f8419a09b6ba3989776efd1fad247aab
IFCSXXX7	0	1	04f2bd7d6e33f4a096ffad03b66ad5edd0db2cb992142ffdccd65c6510556945
IFCSXXX8	0	1	65b56488b69713544015df999552dea8e6106af8021d2f3ebf411a6ebdab01e6
IFCSXXX9	0	1	b3f894546a900f83e28ec7b053ed5e48ede4f02ffc998fee4ebc3e203fe0d053
IFCSXXXA	0	1	9a38196e51c9cb5d279a9a1a2c5e260b647f344306dd5049b4237f8a2a225e86
IFCSXXXB	8	1	4854aee606de7527f04f7393c5575814c1d8fdc3eab25a2f3f24c50ed69025ec
IFCSXXXD	8	1	2bbf54caccf3df949bcd96daff9e45d9deeed60b7313f6f9040a6f8cf18a9560
IFCSXXXE	0	1	a5c4608363961803c60ca6b8cc96c430074a0561d012f8e2078fc803be078ad7
IFCSXXXF	2	0	-
IFCSXXXG	0	1	619901a462651d6b672ecb021418bb501c6147384a0fa4db9ee4552ce5432d83
IFCSXXXH	2	0	-
IFCSXXXX	0	1	117addc0b6c957601f08ef71252005d32abcfee749b13b54e95bf0ab2d2ded42
IFCSYMCD	0	1	c525829eaf54ee8fd2c17dd073f282a22cc5044db642fada2eb1475fc06592e3
IFCSYSUM	0	1	692be73891e423c1b6a7725dfc8ddc09e7f86dba32e7926314ba14a1b2b1a05e
IFCT1107	0	1	a01087d82b2c5626a7d82eb63dea2af70e1825e8b8fa8098d54c20b4aa4c51a5
IFCT1204	0	1	c39b0a0e00b2739794f90921ea73af816d09d35b3a32a651487b3e3354e13f8d
IFCT1307	0	1	546c7d93a908bb23af3675486dd66fb1d8d76187d6fafca24b604e54c805c314
IFCT2104	0	1	5ad0ede91bce560de82345540c9d61a13407c76871a74ac0b90881699152c1a3
IFCT2204	0	1	43c824d43700e5df5d96c21567ad4c60c496ab416254650df01382ae099b75a9
IFCT2305	0	1	3cdda0e500380a0b26a9309a397edf3860e142dc76fe6d4622cdee1023919042
IFCT3102	0	1	20227c495b57e4a98afdb6723e8fa857097fe48e2453b775c6b9fc75901bd681
IFCT3204	0	1	15731c7a7634f3a6f9132af912d57a607be21bd9c0239af413b86435d2d51ae2
IFCTA105	0	1	ec92ba68892025aa2eb940435395ea634e439cf7a436f607e081410a3d18872a
IFCTA201	0	1	d6226b187a5f1ff07124d22dd80442bb8c0f0444180edd3e373189c430cfa907
IFCTA301	0	1	cb9c6c241d441b758ce11b1ae5865cc84992430e8418a276ec7095b2f9c88d2c
IFCTABLE	0	1	ac63cc87630ae6e2af5d89b13a60c31425ce6b1fc2a53f65d561b0aae5fd1bcd
IFCTB105	0	1	cf6f700d495e77ced90a93c1359599f8e087a348776b4fa93a182d379a3e7827
IFCTB205	0	1	023151e6aaf8ba1974185ad9114af09e57922dbcc536251a6fc2ca83cf5bcbcf
IFCTB305	0	1	6e1a7752b2454c95197281af4976e027d967d2714f81d7c8791f9c702f4b024c
IFCTB405	0	1	2da31945ed76c17cff4cba7cda7e6807fe5672bbe05cc2d557a18012e7e8a63b
IFCTC104	0	1	52417d921ec6a552b6fee05ae4b5797932c51844bc35e4a148227c22a3acce79
IFCTC201	0	1	08d8b03f16b01f38618fad329471b940029135f85a2be66b8eadde839c7dc524
IFCTC205	0	1	7b81a63ef9dc95bdeed094c0143f3e9e942f9dcdd59f60c558797ce87035536e
IFCTC301	0	1	710ead623d375b6b71862d494d7f2119ca1a36db3638555a56e2b6489ea29487
IFCTC305	0	1	2d0ea9bedb99db35f3197faa5a7a691ee4812658752196cf4e48ccd0bd818052
IFCTC401	0	1	a52bf6c57d55195ceb7714fc5983aaf47c38663476c4980d961407197ecf2dbc
IFCTHRSH	0	1	6d747e3dc7c4b3a75657d01badbbcacf949e242bb03d131c7302459fa1e19ba0
IFCTREND	0	1	df11fa4ccc9aa0acff09c085e2bd3296e4b2047687778cf6ed2c7e7ee36c2e4b
IFDMSG00	0	1	bb55616840fffe0c6939013e990ca2d4733946f3d9a11097dbf911a6b48f537e
IFDMSG03	0	1	1b12d9212581b5330112319d513a1bfa80f9d37f45a71dc74a0ffafa187f7812
IFDMSG04	0	1	d57abbe8edc6d8a7609ff9cc20da77940d4e8783fe8155945ebf7174854b5ee2
IFDMSG05	0	1	224140e54302608588aeee1e138ed49e647b6e061d4c05f39a3245dad0e57623
IFDMSG06	0	1	2687f6eb525ae2fa87e4a31524ad21c00c1044aadb29cc7cddd6a090b9b06b39
IFDMSG07	0	1	409125d944169960c2382196c0b8673ad17b8aed201193cf0aa9e68f7bdb1b2e
IFDMSG08	0	1	6b82971f27429cc1cf2dd0f7687f9370118a4ecbb653d39ec8637c65883b63bd
IFDMSG13	0	1	ade588bd6dd1a9fc4462b124ea62ffff2d032ff8cbdbf9c6b27df5e15d4b8b78
IFDMSG22	0	1	93799379957cdc3c0deaf8e13d0c74f8bc928b14b358a5e42afa2f64e68a552b
IFDMSG31	0	1	415ef12d6872c4ced1bff3463e53df44baa7b788054db245909246ece427b45c
IFDMSG32	0	1	049293270b0c8247c24eb21cd96fa583a8994dcd17fd028a78e0fb71fd1b25d9
IFDMSG33	0	1	f4f002ae0214f2cf229aaa98ed7050470791be1cd33dbbb2556cf371aa1f5253
IFDMSG37	0	1	e90902a4e745a401110824a46216e3abb7975ec27f7411893f11a61275d419ee
IFDMSG38	0	1	dcf014a527660dcb2e2bff45237b7d12ee18c48ad475580e0e0760cfc61fc613
IFDMSG50	0	1	52c1bf57066fce0e59bafa1231d2706dabc4db841d8620a3f57c889d6b377230
IFDMSG53	0	1	0af7e94372df79a90460ba88ae8d8513253d1ac4853b9b733250c0c4e9dd92cc
IFDMSG54	0	1	2a6cd0a68539ab4122e4f90d430769b01010ecdb9d298b4559f39b5d552ebdd6
IFDMSG56	0	1	b381b5ecde51adc48b8bb34d694862ecd19dc9c87e1272bb124d860332cd2107
IFDMSG61	0	1	a2542c71fcb1149a376dd9443d1cdeaf76a71868a21d4cf2ebfd7db358b98a2f
IFDMSG73	0	1	003568fa4b61fc1a81f327a7b342481ef614ec4a02b6cf071064540a44940469
IFDMSG74	0	1	77cf7f26ffcbb3805efd039c8f046e4cfc25cb47b06115381ea49df09998a44f
IFDMSGAJ	0	1	e1650ec46c6df53ffbf9faaaff3fd1c8685f784a4ba2fcf61fdef14a17f851e9
IFDOLT00	8	1	3e049a304653a97dbec03c60625645d242da2b185dda02bbf433048a90948df5
IFDOLT03	8	1	1fb816880da0fcdc8259fccf0d4438cc6e0508e808965244f20ce51c2154b9a7
IFDOLT04	8	1	5dd7f34b4bbcde834c57587e454ae9244304fac2107273ae6ccaabd2d103c111
IFDOLT05	8	1	f4a3fa9966fe9041231bb4a994de8cf2c9fdf4cff65ae65a19291d7f090a051d
IFDOLT06	8	1	a6bc8e03c45cb3163ff201521d889d2da554bf92fdc1c9d733cd211c6b07fc37
IFDOLT07	8	1	0d643c44c0787d3ba03688b54fa3642ef065b7b69d5c1f6b028ff93e0eb8c0ad
IFDOLT08	8	1	38dbbdde538822711edc4d443e66dc8170714c0cec2932286410b5652ba34872
IFDOLT09	0	1	7a11e0aef7c98451d785ba12ad5f79006cee534f9da7eb0d5fc591d1e2c381c5
IFDOLT0A	0	1	271b591b644b0b333e5611ca5ea4350178ea70853036b43897c61162e3b7e22b
IFDOLT10	0	1	6f1d30735cb6555dc90a0bc599bafc597f38ba03ea407773f3e9253dc4454eb7
IFDOLT11	0	1	40a389a20ba0198393beae7d1bfae731506d827a4bac9a850e4fa6e2463da09f
IFDOLT12	8	1	f595628e3cb1bbb50ae825313c38c2010e0203905839559529baf5f835633f1f
IFDOLT13	0	1	7bee9df96c83f1cf2457c9b20cd241da2cbf4a9ea660123b2ccdcdb7ce298550
IFDOLT14	8	1	0f21506ef4d1f55ebfa7dc7f5f24704ebf03d7d1861c0aae756a8067c62bd008
IFDOLT15	8	1	5d35116c9c2338e97a5e2a43612554246b4c0c915d34f950ccf578475a887087
IFDOLT16	8	1	b43b81ad9f5c8f25393d1c8e6fb60cfcf8f742a00ffe2c4ba2f734bd4cb5fe3b
IFDOLT17	8	1	bf272823d0e19b1904b5e8fec74afd7a2320d4681522766a0c53f18789238b13
IFDOLT18	8	1	b45e4537527c862612da59cab662ccc10096c158c6ea619c2ce0e722cba4ee48
IFDOLT21	0	1	b5b951cd3273e2744701e16df85ad8c8130299e3597da2a4045c232a7db4e735
IFDOLT22	0	1	490a6b28e6379ce0b961eb4c6743f3f938d3dbe70893ffa6dfca589a99972c99
IFDOLT23	0	1	138890c17fb77af434fedc8924aeca9fe90674638720c4bd931dfbceb3218401
IFDOLT24	8	1	285f3fbd4962b5ad55a4415ba79ebc75251c5933f63ce9caef2f443b7cdcec25
IFDOLT26	8	1	dc1efd630280bc875c90f78ca1082f54d0ffdac68b915ce2ad7239f5bca5aeab
IFDOLT28	0	1	b31187a8eb29e92d0703d34f26cb217875c61893adf10c619b22fed083d40b2b
IFDOLT30	8	1	ccba066de204a2fd919be7e5c6a1cba98a2f4b46d72a744d12c35de50d271bde
IFDOLT31	8	1	a29b94309daa235eca7da98d0a65ec426adfbd31ad0c285bde7047871a2dc233
IFDOLT32	8	1	cfea4bcb3af23711e351e268e3a6a85556ff456daca407fdd004b69f6834c2ce
IFDOLT33	8	1	5aea9d8288bd38df7478793f335bea23de778f49da98f2d4457c48e996c6f08e
IFDOLT35	0	1	c7b22d1643110d7a48f6dac61e0b147afb2fea7280b4d551e08212141fc667ed
IFDOLT36	0	1	83f73899eda69d3870a45b0a4bfbea67cc1bc156b48f0ed31a212891a8d628a7
IFDOLT37	0	1	2b341f7d01832b98d239e2f2facb005088507380c449049457ee68553967f489
IFDOLT38	8	1	07364cbd56cd47c7e1802dae4c70da39d2a57612aa46aee52eab2c183a5d8e5f
IFDOLT39	0	1	58a1b080e43dcead4571f1e6c480d668223a504ccc18506750bff95e7ed09c47
IFDOLT41	0	1	14f1f6afc03c30022638e2a486100d56584479add253f0ebc91dd8483af2fdf6
IFDOLT42	8	1	5c53ce4d7487441c2bb8dee8b1721d780127f87749a3ecd303fada6e66133176
IFDOLT43	0	1	91d8fe2ce7aeec3c3b4649b825ab0329f4ec4beb757929958b6ec8b9de312f75
IFDOLT44	0	1	774d09ac6735e4c7d46ecb34da4e531890cec191060fc09796b8cd4db4dc65e7
IFDOLT46	0	1	94def6b6d409282f59a03112332e224b64524ac21ee07fb0edae6a1a6f4d4b50
IFDOLT48	8	1	3c2baa9cfa07124f134df7c3c62b5e3b8a36bbc9c57e27708265bd11dd117a7c
IFDOLT49	0	1	dc04e88c017c633e00fbafa67a8489a3668cbd752308bc48bd631840260b4be3
IFDOLT50	8	1	af589103d8473c3e4340303be1309eb2e26725d8771cdabd84698a558a597ec0
IFDOLT51	0	1	ab9cd3489b73e6f9a69b2d90b077451bf7cec9848caf34c3bdd47626aa7ddb99
IFDOLT52	8	1	e3db5a92d94702e06efe4a4482833ed8d7feb8d9f5a84518716f0b46034d689a
IFDOLT53	8	1	2c7f01062206448167499c58c22056c46f4374068dc6173199ae98fa2b25f85c
IFDOLT54	8	1	facbb62f8a9f7315aed9341a32428ab558fa2b0f7c496c2cd2a46767e97db999
IFDOLT55	0	1	bc442194ddefa3b87aeb6735cd2b90208e4c68494eceae0d986daa6ca83e93d9
IFDOLT56	8	1	100c1b6bd1b3d422408da48b4276acd5ebc9374f302f54ae1004c914fd5d3456
IFDOLT57	8	1	4ab6ac49b0ea301f850353248c6ed991e1cdc2cb2a731dce0eccef81f41f966f
IFDOLT58	0	1	38760857c6b8ad0e15794a7c0a6a09a425879d79c8469951d04b42daed3f8d4e
IFDOLT59	0	1	f3a4fb7d3ae2212dd2a3a6c566fba146a47558bcfb499bea615f2344f9743576
IFDOLT61	8	1	fab04c57556d6d70ffec413483a8d9742772f48051edc7c721dc44ccd89865da
IFDOLT62	0	1	21bbe3f53147fbdf286f0132819ed4e2d8553cbff252ec4e85a73ee6a545f6bf
IFDOLT67	0	1	433af7b15a68aea030e21f0a582ab5d2335e3a4a3d93f6680f5abf008ba5c6df
IFDOLT73	8	1	13c049930c7d39509a4d56c7c28d053779ac7a9a0c7b78637a3814f0b8858569
IFDOLT74	8	1	c59e9003cd1ea5410913c31e810b56914ba48e0a8221dd7d9dfa365d3b5bff54
IFDOLT98	0	1	840609410a7323f8de437e153300dacbb342e7e3f8124c9fc34db77b79daa608
IFDOLT99	0	1	ad0259930eacfc33c95dc1915638caf1e00aad672c3898d49e73f3fa454e909a
IFDOLTAA	0	1	3498ac6a812c28ff9d7e2dd713206b3d0f531111a45f45ba7894157f0044c0cd
IFDOLTAB	0	1	abb22392f2abc20c06b23be83fe1a3380950b3ca58c6704ed602ac6e5e9347ba
IFDOLTAJ	8	1	27c9148a514a9f78e0e8fc4bf2ba2faaf6b0d02cac1e3c9a9a5fffbec1ca5b8b
IFFAAA01	8	1	f8a04b9bc3004f4679afdfdf105fd185485b18c467330d399c6d01980fb829ce
IFFAAA02	8	1	e3927c1176b24f2e534e2970523ee5d8580f18c473e72afe01a12b2c3fb9aeda
IFFAAA03	8	1	3ab0a60846f243a0ab359d7125265c04d78fd2352e2c13f8b306e75281d89f11
IFFAAA04	8	1	1d932505a5c7b8ea7755de40d120d45a86a3445f1e5a84d9cce5c2f60d8b1f2b
IFFAAA05	8	1	24ae74ae8b9c48dfd69de6adbf832b6f35b979ec913db17f5dfa69040271ce2b
IFFAAA06	8	1	52b51168e8f0060d751f709ba0556b005e7a437acf0bfc91af4da05b460df0d3
IFFABA	0	1	19858d69103aeca9baa78b44b4f3211cb3ea4b59cda58bca0dddccb8079b608c
IFFACA00	8	1	b1861c31f2fb5b8dd09d76be953fd8a24195af7e2e57b1a4a83b9fda0eca9777
IFFACA01	8	1	fe84797d23bf3c4b8da5359620b05c7242310dee525c462a28e7dc73afb457c8
IFFACA02	8	1	7532784b95bd3bd114b0ddcd7ba422d13c1de25cce72ab746ec87e98c58cb667
IFFACA03	8	1	08ba96db59f38f151c664da8ecc834ee07445027bc9c15d638bf63dc0c58988f
IFFACA04	8	1	298f3e1d535d951114521cd7c07b2569d1f9da71d03be27f9d3f52c819640fd6
IFFACA05	8	1	773f5bbb83e6ed9da90d8634d60a88a5061bd9b48097686f96892f3071e2aefd
IFFACA06	8	1	2f11c55c0d9c72606077f0198f347a0c3377d7d4e7c7bc7c3bcbadb46c0e95bc
IFFACA07	8	1	a9c38c9e3e872979d794015c384a8568743c5e372ad6d4ca40c8f12d16404a41
IFFACA08	8	1	1985a3e0078496a510aede7bddaa3c70370bc891128a8137569eb219ac4146e4
IFFACA13	8	1	5eab65c676005050f12108c7ea32795caa5b7e97cc56a93607932eccc51c35c3
IFFACA50	8	1	5d3ef5764a7cc43452e1e9c76200bcb4f1ef48b6d2e365e3962f82b14e93726a
IFFADA01	8	1	4dae3c0681e14fe205f108b4bfa3e9b7f5e9e95769bee9fbd0dd7c4c31bc679d
IFFADA02	8	1	8e1cf16fbe48e366b18a6c3a76d2734f4d3596e74ba8612c674305fb1a7661ef
IFFADA03	8	1	352273d764ee30b563c33b1b7199c28a7049125be69f4b01152adfb6829dac84
IFFAEA01	8	1	a3521094b89bca95c63dd679d7644300daf0e255d0bc2b13c4225793fe93e10e
IFFAEA02	8	1	08dbe03e06807b13126baa48ae3595e44ffee27d6bfde63fae882a1094dde5a8
IFFAEA03	8	1	e9f4a541440e4a3a1b7bcd482e9d6d8a70fa583555719cee20ec87ac3fb083ca
IFFAEA04	8	1	4178feb945fac9138ded68f916b9990afe06612fd05b0fc8a4d97552722fcaff
IFFAEA06	8	1	ebd04516bd897f26c850cb9686fd8a87f80356eb197ec2f31d960471c8da62e8
IFFAEA07	8	1	8525ba05973ddaaab3bf70022b557f2f48c321724b6a9f8c9c9ab7377c02ff98
IFFAFA01	8	1	9782736c090d7c286b8e849338f75fd137a73aa007f3cb359ff4c8c69e164130
IFFAFA02	8	1	418b5aaa7feea5cda17314da78e658ab79b6d21e76efc843f2dbf5f4f8dab85b
IFFAFA03	8	1	bc7f3aabf5495fde8b200f0b0665d2c93601ac996972810bc8317f24b6e2a68c
IFFAFA04	8	1	8697b328cfd0b64b6b12c71640a9db25a6c8f098aa4c3bd2db750625f7612a2a
IFFAFA05	8	1	56fa7d3369dcc1edc3128aa8076cb5aa6a55e51bcbf51d03c9b67d1e479636c3
IFFAFA06	8	1	86416e76b308baf997991e35b45ac851dbe9e5382bc8fa3a0f8475ecb8b6b790
IFFAFA07	8	1	8673e82e7332c53500a0438e837fed8be04f354194cfaa13d845290867a4eaf4
IFFAFA08	8	1	2c56d3afaecc9256ea83298d4a70fc39734ce6e36084d6d31db9ef81b0864b1d
IFFAFA09	8	1	275bc418219992d4c1342efb172b9f0e90a5dde618ea109755f833a7d75b15dc
IFFAFA11	8	1	61576c31da724cbb78f53dedc91b0e014496c29822f8ad2a0bd27a9b3b17bf9d
IFFAFA12	8	1	f786dbba73baa76cb77eec67c708858fd57bfb4b2b38f61684a67996fb9007a9
IFFAFA13	8	1	993b77c854b8a7a7a5412ad96b709a4b17155396c298725d98ec5040fcc3dbad
IFFAFA14	8	1	5681ac4223ab4808c444d89be499b20e6b236465d813912a98036ebc4f89b547
IFFAFA15	8	1	46e7bd9073be688291746d9aab1d431b499a30a499d9c6ca4247157a61f9a1ff
IFFAFA19	8	1	40f14c034d75027b3dc6272b2f2ada87551245f8985d5d784589b3ebe5442005
IFFAGA01	8	1	1b24d0b810d3e3ee0e0506f513d0b63893ed3ba5e49d72a9dbfb16469998f621
IFFAGA02	8	1	4eb4498dd44ea0a2c3d3e999f9f25699070f5fe64127e96dc411768fed01e967
IFFAGA03	8	1	7aff17aa6c03fdc8d48ad58b592f4c0f52d287064f7b9e5038fb8888b943d6cb
IFFAGA04	8	1	3bb39bc7ab00881897ff09711df93e120b498d15ce23279e5305e1c77cddc882
IFFAGA05	8	1	9dba6b2b2c80c5527d69c9ce19f777a4a806fe648fb73763c6a16f34463c410d
IFFAGA06	8	1	79e1d9bc0b9921605ae9c9f6f45ca53264721011b6506529c3d73f1a56b70186
IFFAGA07	8	1	77867ae92ac0e4dd5688599071d452c37ff728e2fdb01985186bed132f40c939
IFFAGA08	8	1	1093622a95f6301a3cc610a69cc7ca832e0ab605c2102e959a04968a9f1f2c02
IFFAHA01	8	1	e247a588bad9f5bf4c86da139cb2033ddc517ede90b39cb801f7a58a4ea3f624
IFFAHA02	8	1	c6c61eac272b6e7b9ce8af916e7ef21dd5d7a846619e2877ee97ca364d6af35a
IFFAHA03	8	1	1b4b284d090a28b724cddee31d945d953835d19c81eddb92c5e72a24b37eea68
IFFAHA04	8	1	748b652ae9a390beb1f6c9f67e06cda62c6bc31c510791ebf08e72058b49149c
IFFAHA05	8	1	dfd58e47df7b8f6db46ef133315a98fadf3c1d42d1c8e89fb48944b2e163935a
IFFAHA06	8	1	7c61b334750b503039119ff6a81085a13f08433f1c483c539d3a31304d97fb9d
IFFAHA07	8	1	1bf8c65443c1e3c4360d153c15763698a8af48689a93353b1052a608140931ba
IFFAHA11	0	1	0545c0f4ad7403bc56840539e9927667b08a6a653e5bde5b5f2d4b14f886b886
IFFAHA12	0	1	8c845c6e426713cfef9c855245ff8a33735cff2d66b6f633e6a9afd6036d7c12
IFFAHA13	8	1	ea79924c317888d4159003723977bf430f17852e61bc16275a689b3c13676c49
IFFAHA16	0	1	882daae03bbdaa7acdcd05506560f1f2c08b89c5ff52168a8cad106b1e640e5b
IFFAJA01	0	1	a8221620781724d62762c654191dff45b7d6d421a4b4ae9b5315869e78aee8de
IFFAJA02	8	1	f6fec9f1a1533666bfd5eedcfa139068d70119f0b924a21976db012e737f217f
IFFAJA04	8	1	707916b49a02d19e8f1c11c82ebe2c4aeff4075c737d06554197a50cf22af10d
IFFANA	0	1	272f9e6f9c3ac2d16ce0472749feccdcc8b69db3200c23df2cd92f21b4cf6b5e
IFFCAN01	0	1	51af23ee15804782c2fa70b05236eedf1332de75c501ca43f2c2a32cbfa0aac3
IFFCAN02	0	1	b85b46694068ab9a03786d6ba3142798491295b3dcbdea763bcf02f746aed4b3
IFFCAN03	0	1	c12f652a6fbc629e32e3b5a05796772548d7194fba04601ec7900faab19dcaef
IFFPAAST	0	1	68bb7b638990aeea3b197ebd25bb68b6e84aeb5741a5f6bb2d50cb2841f8c544
IFFPBAPR	0	1	242e721fdba6ef2d684299879de5a1df8bb1999a820900a22758038f14adc4d6
IFFPCAAR	0	1	fe8d6ddf2dc1f48e80eb4a93b00d2bb5d8eb3bc8abfa7460d3ef942f77add194
IFFPDAPL	0	1	91f1daa8441a651f716f4e6d9f2abbe660a5f9fa390627b5aa069d973bbac509
IFFPEAGR	0	1	016636a94ee6a44f1fa899ada0bfe5f129238c0b8af5876f71739e6f59a06c65
IFFPFAVA	0	1	ab596fb80075ad37db198d539135c5e681c0d0d90233702f58407d5186b07e71
IFFPGAVP	0	1	0b294de0b48a58d7f2be8a272deb3a2d548a06e696a8f9eef9567da9dac71697
IFFPHALA	0	1	a1ab50dee1d7762162f0a3bf238b97a0801cb3a3b3fdc6949453512861d00820
IFFPIAPG	0	1	cd01d8b0264c6460e7e8fad658397e72beca7133a5543e8f697e9b9c4881d3ce
IFFPJAPV	0	1	46317d24ac8d6b9056861a45fcc9dca2b8c97c001b6623c4aa5733a41a6808f8
IFFPKADG	0	1	d93f3f60e28ff15e0ad18a047ee3459ee8599d6db9ff180c5750288c4affd8ae
IFFPLARE	0	1	b97ef8a133cc5831d0c26ead6d9c1109f753dfcb5c2a35df6172882bc93e3b62
IFFPPASG	0	1	90e5aa34056a1330e878402765ff6403d4ea557921fcdce152942a09226a6f3d
IFG0190P	0	1	d9065dad505c424bcdcc1620990d03e323001e885c8f8d6a21cea39131af0969
IFG0191X	0	1	87c25ade17e486ec21a26ed5ece5c3ddc98f54944f985b76f7fa7f8f343fe96e
IFG0191Y	8	1	c56c4a636b7cad5cc08139bfe49c0b515b3dfc1d09cc8a54a22e368cc948b4e1
IFG0192A	0	1	10402e2cc4b76fa43b6960b0f296090e13a0a9ab9c4f63e64038ce5d66e5f069
IFG0193A	8	1	77e13295481972e83fdc1e6880797baefee6de4f6c494161c22cd0074f2dd7a0
IFG0193C	0	1	e624537896e8c06a8d9f7108c627d280f9170253046fee4d1f23d5b05bc4e600
IFG0193D	8	1	d92c43ce921b0dea21cde6c76d3b2987ac2b2cd7778dd26d5945acb493950952
IFG0193E	8	1	f343480cc73b16d32ab81d54bb0528448507cd02e58aaacd8f977d1beacfe7f6
IFG0194A	8	1	b451d0fab233b50bfc3ac79863e3e8a69fa198f6b4fbefc55fd0e80bb4265b29
IFG0194C	8	1	541c728fe18a70b7012c880c8a6322e03294ba9944b164463692109911fde514
IFG0194F	8	1	8320e5b74c12ac77572c4eeeab78ca7bc53b0f4014bf48ea8f7b020b0e513721
IFG0194J	8	1	976d962d73251fabb3464bb02124b46a9fc0088fb6235788e192dd4406a7abfe
IFG0195A	0	1	1753f0c9f710576e8d9b4fcd0c2d5967f1ac1f5dbd9c508974807149245da102
IFG0195B	8	1	1e696c71e0b41669a0cbc2667e3991ca2e7ff43ec6bf7d92121cdf38c0f81aa4
IFG0195C	0	1	095b33bf3fb866c00ac88e940f168d5348b0eb6b2562b398215ce75141dda5fa
IFG0195D	8	1	d5adda3a72fa3084578ff4c4226cf2cedee875cba896f52f31021ce286ca1154
IFG0195G	8	1	1dfcaedb70b982643dbc98cb98a10c639807aabccba748548931faa793af12c8
IFG0195H	8	1	5181f504eaa2be35136e8944706a8113ba0edce89340b4329db34ef9f47562bc
IFG0195J	0	1	526c0835643245ebbf5133497a09466c98ce2bc00b8be379c0e7cd9fb8360290
IFG0195K	8	1	560ceb33a96fc683267a8b301efbe81197056aac47cf9e864e362ee2f9e8902f
IFG0195N	0	1	5ce93c3bc8c9c6dd55dd9038d40638123bc3f7b42f3061bf6c028ee85f6add99
IFG0195T	0	1	ad2dc4e71b63833a4722b77e61df56a5b88fe3d50ae8098669ece752c4754961
IFG0195U	8	1	7ff32c33be118c06cebfd77e73c355af9d7ac14389e349180b2fd2828da546db
IFG0195V	8	1	704fc45890c1c582fe9c1ff9256d07443b55a4a1f0ef9aae2bbafde55f969d67
IFG0196J	0	1	c63a0eb9abaed7d4982c81a40e20a28e257fc877723858d8d21a2187ebb1a279
IFG0196K	0	1	02c6d77022d8d7ad5082d99ceb805b832489a3f96c4a2d7809ac6aa113fe1bf8
IFG0196L	8	1	b70c14d550fd69b3818a0e8950587d6b30dbdb5d70175da7baa5e7ca94a6bf60
IFG0196M	8	1	6b71621b5aaa4b3e221e1adcf82ee007f1a01970d3f8ab665404a2df714b9591
IFG0196N	8	1	40a8b5ce8ba555f173c5dcb5ba40bdb2273547b60389f9fc583a5f8295f36964
IFG0196O	8	1	cc97a315899a029b0ce96742f4c593ce62268a6087eafe259736d60c2fa47ad5
IFG0196Q	8	1	ae2574f8664e08e84c131bbada7cf4ebc2b979744c2708ab8d38b942e65b8d2b
IFG0196T	8	1	f00540d7cb9863e9ed8a2391a08490f2565670f362dedf46135b2e0dc19e7739
IFG0196U	0	1	67382107b87b2404905531bd74537f7c3cb0d33a5fe0438a8dbc80a4252283b8
IFG0196V	8	1	045dc3ced304a45463a7be00a4b92d084feda06c29ccee2f37b72cf57c1f3d51
IFG0196W	8	1	8c8656b2b9c628adf9be16a974f1708f198fdbcebceb1d5a14a248e358cba822
IFG0196X	8	1	737658fa497bc092016edcdc6f035d12cd27fcf8083306f2878f8e747d9ad50c
IFG0198N	0	1	3ce0045d07f0fe2b78f4ec1b6fa8d6e9646403c3073ee20e682a5b7caf97bbd9
IFG0199B	0	1	33aa5c574f45ad709d8df25d80a9e1b32bc65332c13ef505b2aea2e71bf7b324
IFG0199D	0	1	729796170cc9f09d5cb1a1e86fbcfd97da9ec3943c3ecc01e4c28bbb60c633d2
IFG0199E	0	1	dff2d4ff5731ea769521057fb8d0ec6d6daba07ce6699abb75ae417cd5216ce9
IFG0199I	0	1	7d2248adce025affa13e1fe7198d078b75d64d44fb89198c394c81b5de15f399
IFG019RA	8	1	7ba61fea6b0f9d74c8ba0ae808ab2de4b3f96b0d70a579444acc8942182e631f
IFG019TR	0	1	f605249b6b71cef1b16c5bfde63191c6200276242591cfdaead123be7b2d2146
IFG0200N	0	1	b758e34388137ec7a930dfe1b06f423445a90b3a67e2e9dd28dd3cf03dee8fa0
IFG0200P	0	1	c4c8357280796898d8fea5dc12e9b86b2e66bf0326a3a7490f33df66c65cfbee
IFG0200V	8	1	823a143c7bca834fdfdfb521509118aef78b7cbf048a6b6b379ead63bdecf7d9
IFG0200W	8	1	0ad54ae5b21ff5ef83955c606c08362d8496c8804b8d778719a12966d6e39650
IFG0200Y	8	1	3ef6624c61ed8c90582073d654862b231d656a919d3e9cc3d23aac299082a53f
IFG0200Z	0	1	c0c1095a4b2c4e8c01011bef7943f23c2a88eed8576bbb27a42f0dda2ef9e3de
IFG0201R	8	1	1ee3aab55393ae56fea75048a6e0817bea155838d8ef1d3d7d05b23f6b990314
IFG0202A	0	1	95e8b79e0178e2ed1f05df75229339fbc0620c42b164ef1c487ca891f707142a
IFG0202B	8	1	1a8846b7e44c2ba97e13390c625414db1f5c97042ab7accd16ecf2a4bc90538e
IFG0202C	0	1	7eaabad20376c37117fb422c11020b8e8343bd60fa850cc230f1612a2b05b79e
IFG0202D	0	1	0a0de1c7a71fdca7cb61df9e7912c91710e3a0ca4d84a04b492a5e50ead2e989
IFG0202E	8	1	cf1698a5df831a172b2d0d9251ecf94754611cfb42c5cbe73441253f3f22b0b5
IFG0202F	8	1	b1c02716284c40de75ec875feb3ca5d027d367fc8358209e2fa7f79534a12593
IFG0202H	0	1	86ae74732706d355f4ce0c2b318817936d1bcf874965333b0a016c7f84a14126
IFG0202I	8	1	cc26a6647f286401354e3156fc7f348f0b87ebdb66a32f56f1cb1ac971134511
IFG0202J	0	1	434511a3df11ac0841a7f5eb5f9a0b084eb5f5cfd165c671c2b3a999cda3d24b
IFG0202K	8	1	d733f3226e947045a30bf9b44bc7d878897d288c20e613fbf609040252ebf1fe
IFG0202L	0	1	837cc595a81406806e353b450de882273e32371f589b3342f8fa980d9feace04
IFG0230P	0	1	f1c82a4ea2fb9a865b142f03470411fb74710b10a7a981ba0165cc86778d6f39
IFG0232D	0	1	9a0f71ad91b21bc107b988ef257dd7c25e9fe7a5432036a620d60c9beb9e9051
IFG0232G	8	1	21f6251808579b5a301b22ebf7cda3c043df34e4102234419710e167936e7296
IFG0232J	0	1	d80f8a3f698025cf31b97b383579e7ba923acbf50fad77cbc4eb5cf8019fa08e
IFG0232M	0	1	20ea7bfd512ab8858607fdd82f0fe82051e7eeefe7334431654d3ac69e8c12fe
IFG0232S	8	1	69b3a2eb904e8783f9bf71434ae56fd49d0c0cb49d67a9664bbebd234321fdcf
IFG0232Z	8	1	a6d9b64e3f141be155f6cd09a2c990f3441757e701e610612b29ddef5a80a482
IFG0550P	0	1	8a17cc59b8de43b72bfc36592a2b0cf6e330995ab79ced47afac6094c6fcbbd2
IFG0551B	0	1	19bd41dfd957dffdaade4dc1f59337d0fcb2d29f047ad9cbfc2d2109ac139006
IFG0551D	0	1	be43a15f0b52cf43389e31c3683721f58787cc5ad2762286bfa2d9d26b981f35
IFG0551F	8	1	038ed329a33682ea3a8168b34fc5069160eac21fd5e501de7b4cd4648537ee22
IFG0551H	8	1	ac98a182eed9bc2bfcef09eae39be04c80cfcefd43836604f6adcaca29903107
IFG0551L	0	1	ce1b438df1968d7b527427ed4e383ed85d1895be3f2143f2cb82f9a1bef018c6
IFG0551P	0	1	6ff6c0f13f6c7bd264fa5a4ab2e70de573abfa4fb91ba695a715a89fed385c2f
IFG0551R	0	1	aa2915868252f573ee624cc2f4050cb47d207dea912f7156baf12e8ccf689b01
IFG0551T	8	1	bae2000302b3355b04d36f1941f46472953bdabf3db924a11a4470a9a088dade
IFG0552B	8	1	59c93f1cac69522ad70049ee100dec83f56fadaa093a9d5fe3eaf6de241d906c
IFG0552D	0	1	fa7523f557e4e0943b5f8bb56c0aa4800c962e57d4251928fc875ddfd2b6ad40
IFG0552F	8	1	e5a626f8d9aa77bfecf5555678289a4788c1d45fd93c6c347dcfdd367382acda
IFG0552N	0	1	fa3c7b11f9feb6e344d834a5472fefbf3f4636af2b124c2f24097ae11f96f352
IFG0552R	8	1	9b8d509a2faccab5688ba6fb1d4f1b8daf295c8f722f86214819d05d6ab61c49
IFG0552T	0	1	25ae6c458e7c063403e0c6f7dce016b4f745346e283cf204e200d2c9761f0f35
IFG0552V	0	1	dd58874a66c506022cea01168f3badba35d076e0517b757c0eb3ecc7211af2df
IFG0552X	8	1	8da1e75243f9cf95fd8ccde63796447b521ad1a145d04a429ef69ca967743247
IFG0553C	0	1	bf6bdba1de187cb597508bfc7bb0965e28425d711dbd4afb20e883752fced7bf
IFG0553F	8	1	4f3ff1d5f6a871091aa9d2f094abf8111df37f3fa23ab41e3f739ad8c6ce42d3
IFG0553H	0	1	f20ac3a286804e17e8ef01a3c8e082874fe6692d50c5e4c221fe620f9c647700
IFG0553P	8	1	0ea140c383a197ae04dbdf5eb4f5fddc2bf3df62824b2f2367b6cf6c5749f515
IFG0553X	0	1	d8cc751f7ef3b84a328c896711718948f583495fb52c49138f9e65be0032d4d8
IFG0553Z	0	1	1618dddfa874e7507cf16fc0024d38b5ff62be9701e53b7792dc0d7a39d6cfae
IFG0554B	8	1	7ff09424f62df760e913231b0f01384f78621f0b1c25b61b7d9a73854f83e5c1
IFG0554L	0	1	ada3d0e0d306a01a75f3ef83e6cd060925c5cccf5cfe3fe00c0af20ad7aec710
IFG0554N	0	1	597d0387e4c0df24e897e050a3b927c358e2974456f0ec1d3f30f6ac796d06c4
IFG0554P	8	1	8bcbbd2a003ce29dc7904048b6364ad399b3a6e3d7efc065265c46745e6502ea
IFG0554T	8	1	0db883c97cf51537c9a1c51fa0c2ffb18f33d1410f40609c5fbc1e348ffa31e5
IFG0554Z	0	1	8c039ac38197e0e9f2a4a749c3519bd89d254a9ad2210e1d3573469efcd86515
IFG0555B	0	1	fed8eb028121bce2fccfa3fd84e309e0816b0db2609939680ea6c9c6217e0fac
IFG0555H	8	1	9ac8a510f4f0beda6a7399da6b991d6322fb763f1888cb0eaae3f8146ddb815e
IFG0555J	0	1	53e96ad23de8491ecbc64b383cc4f2c7812f762ed810fa9fdbd321effe664978
IFG0558X	0	1	e7edbd8d4e64614f25494121f3ff0995d883c92bb2b55f7ab31a3850bccaf59b
IFG0559C	0	1	d8a7bd5b75dfc6230389b31bc8c45833b2b5db1ed72f9a56a94b39f1ce00c59f
IFG0EX0A	0	1	574b7b4618c814e23c2ccbfe7e4f1961a3595efe19c014ee6bb2f627311d542f
IFG0RR0A	0	1	03ed91a6992c5f3cc9ee6f942cfdc3909acf948c7a763fa96fac5a2e5239b27d
IFG0RR0B	8	1	fe2c2505edb0096c91ddceb62808ee4e58c8a5da8f0b05565a898324796ee4e6
IFG0RR0E	0	1	cc009ad4bf92c8ab66ba4ccf914185b067d8379fc89e0f3b6b6de44fec836105
IFG0RR0F	0	1	498378adff1fb43826567236248f9eec7165dd4e4e07beba74860a444b463523
IFG0TC0A	8	1	62ed39b25ed4165d85521c1982b61c09ff875042dbf9ce5ea605093b0e0b1037
IFHSTATR	0	1	ff31086057a56a4ea3c84f1565ad401c38a36ac937c9609ff04776c3a74c2473
IFNX1A	142	0	-
IFNX1J	8	1	76707b2e5ff43c4cf56ad0c5a053f7063640e543f700edb2d993e84a0bcd3816
IFNX1K	8	1	b0ebb064aae5b1700bcaf37d3fa964fc34bd1398eaeb6fe56a9ca3cc47f97603
IFNX1S	8	1	d4f5c557d5d53736419c32c6053d84aed58edaec9409adb2204ebeec4f6c7d7b
IFNX2A	8	1	50c732fea88790415e96350268b6f07051f980d84170762af912f0b33d015e64
IFNX3A	8	1	37174dc77aed4b0245b666ea06c289b6c259e894dde5fa48fd05c96b7711aa6c
IFNX3B	8	1	8b7229927156cde01bdeaeea4568c0d33171b040300dd58d476aa7445b39515e
IFNX3K	8	1	71354db53335c561c11284bdcf873ded8d1455237b4b30f922ece967cfbdef5f
IFNX3N	8	1	ac4a3bc9f06e18816e27452677bc59d55d9612c13dc95f8d4686db2e29a16124
IFNX4D	8	1	b6067e8ee11e0d04186bdf8db4ff68bbae7605fb4f21f639bda3dabc243c4ebd
IFNX4E	8	1	12580e7549ed4c5c30595738680851f74e7139a2e9d3e0c381cdd2b515ccbe58
IFNX4M	8	1	e042b935691611378e782830434be89e7cd15e23c0c3d54928508b76e41ff730
IFNX4N	8	1	a9aace1e825f3f2555e1707b7e41b97d5d7ec36e6593dff1b09f1ec32e29d68c
IFNX4S	8	1	58b677c7ffc9a51388a210422ce7c94d2c2aa1bb68e04993191fdf427ed41597
IFNX4T	8	1	aac0046871c950ee3f8ab39b0252a2e2d3ca7a5ae1e3dc69818be98ca71dbe32
IFNX4V	8	1	a7a24f1a48acb444bd895b3e1d4facea9467ca600f4b64a3967dc22c764b6635
IFNX5A	8	1	fe2058b0c67fb0499e6b690b660c3a5df7737422650155901256c4fc74f7ae07
IFNX5C	8	1	aa7d97df6d0083c310baf5a08d3833498a2ec1116f04639f8ceecef5091af8fe
IFNX5D	8	1	2985b081d4e4ae7ecd9fc7a752c2b94ade9432053a94aecdf4963e782e985461
IFNX5F	0	1	4c414a8109c0c3e8b42f68d192bc0bab8e21414076153f353bdbc4fd546be928
IFNX5L	8	1	39deebba5dd3925d794e49aa08326160f6e232916c26b037dbf3dbe79c9607f5
IFNX5M	8	1	85dc5706db468ba03bb9c71be70cf889701526c7128605ffb9768128b01fb469
IFNX5P	8	1	545df03b70d07b628fe08e87407ce1ee4a7b0ca22da1140f5121b8e537396be5
IFNX5V	0	1	4033f58b3ad4b8d5dc70768d1737741a6a40d102bf377d765a216623791616ba
IFNX6A	8	1	bf8ee1514645a79e06f55553d0d2c09d24ece65de6c0be4aff35762dffea75c4
IFNX6B	8	1	be581700ca3ba27585b78bf149d5ee912d32eab06f161e9bbd90f231d948bcc1
IFNX6C	0	1	1caddcd04cb1bb86016385a22f0e19c7060f20c1c1ef737d51af1e667f0e714b
IFOX0A	8	1	5368490b320d56620204af03e04eaaebb321b99cecbb9a1e714e9c9b09101f1d
IFOX0B	0	1	634dce878cfcef8ca91c06ff430c2abe58648836c9e5eb9802e1eae96543caa7
IFOX0C	0	1	6d26f8616a8bec78885da38e8707540799c6a03b2ca988cebd65a25147157e0d
IFOX0D	8	1	f09a28c42119a3551addae8dc908d8e9155f774ff995ed391a3af6e5901986b3
IFOX0E	0	1	f41aef81f9bdb08741b5152bb176f419b381a2b3c233b789f50ff12009e1fd69
IFOX0F	0	1	50d9d60f3e70af6c82f2a5b4a363267d2cb74c2fe8126a68c1b2bda24774ddd8
IFOX0G	0	1	d618405f4647fd4fd67179995f9a2cdbfa86a40fd9ea42f7135aa0068fc2437d
IFOX0H	0	1	42a06d7a0971ae88a96cc886074124908b83e65a656bde92966c20d1c7b36d15
IFOX0I	8	1	50f9dea9c3c38378e433613f1ab7fa7f847c1c74232c03842cb1934addfa588f
IFOX0J	0	1	a18c8c4c255e9d4a96b1f64b7ef47d72d277d809a9bb9723070801c00cee59bd
IGARPT01	12	1	6d484acf5c72d6ae8f05eaf34dc42d5d463b18d6f7b1b1e31b4ad78f2d09718e
IGC0001F	8	1	b24dbb545b7af08250d8cd0cdae2e457d03c5a5a8a0bb1ce1b04cb1230cdd8e3
IGC0001G	0	1	99d767e5ce48b8b11eebf170d9d269c0eeb789438ab831edd0ca3f9dbd6d0cdd
IGC0001I	8	1	7f1c8803e0a1c79915f1147f9dfb9e219f5d44bfb3d9cec479edd1293e338313
IGC00020	8	1	57e8d6382a3b5946afb6397ff65ec757a80cebc094b96b8130f050db09aa5b3d
IGC0002A	8	1	4f25ffe0bcc6d9cf4c3bf1182ef1ad256c96d083e91e4b2bce10f0f253b653dc
IGC0002B	8	1	03a6d9340b930eb6020ae643f1847aab9d5c92714964c8805347b3d5e25f5439
IGC0002C	8	1	7ea84fa23fa1eb04066eed6ef81b42c5466f4c937fc1915a3926b91e238d20e2
IGC0002D	0	1	5a5f4ff05887208437599ec274c9abb7b47de491ec9bbbfd4401bb86ac28f703
IGC0002E	0	1	ebfd0cbf0f9d06e014e05ffadf197c92f229002f5cf1afefeb7f8c1298a4401c
IGC0002F	0	1	dce293e7ab4c81113cb525423f6dcc78264c92f433511edbbe0ce25f38b4f703
IGC0002G	8	1	14ec695ca7b65abdcd4c9852bf6f4402870d25cc6cf5377b68a30773f028e188
IGC0002I	8	1	947e54dd0d7d362401524432f8ca26dd479b4c9d55541b52663f3f620257062e
IGC00030	0	1	70ed1b2d56890d6ea00bb589d5e829b45eaf6d24dbe714d5d768c42bc7b03be6
IGC0003A	8	1	ccbad8bab7aea96d3778272e27b8d7fa1b9da505ea471cf7ed5fb7d14dbe5189
IGC0003B	8	1	875c43a2ed7b4f963c501fba4a9a8af9d073255dc95f9d58de475157c435af90
IGC0003C	0	1	1e2947ce6b83908f30ccde7b94ba3b8c876325857d23660d58689caabfd87c72
IGC0003I	0	1	eff39ef59c68c2b7e8cfe68fe78292f979ce4908da9898bd525a7b00ccbcf7bb
IGC0005C	8	1	9cfcc4c1c4afc5bda603447480f8ef4681c79a4836ffc3b3fe6174e83731ec69
IGC0005D	0	1	dba938cb727ba6c7564cedad86c140bf89985e3d8ea677f57e705f2348b1059c
IGC0005E	8	1	4794548f694b7bdc7b5be38ec80867c25ce12ff5a8ace5884426e154b227e5dd
IGC0005G	0	1	3256fb5b8eee7b7e85aea4ddb290c147c281de627433889a6322d1ef1f3f82d6
IGC0005I	0	1	e7e42ab108d67256d88d13f8a4e787ebfec1a08694473f9145b3472267f4fb96
IGC0006A	0	1	a4ec099779e8d30b742778f455c292303f5a7b8fc87a3bec5c838b6c168ec374
IGC0006D	0	1	751460aaecf266564d2a23167ee436e7a34658631fd9ee79011e9adf378ecd6d
IGC0006F	0	1	73b7057b2816e6c1772311607bf690599ffe7c8bca4346afe45a91e5e7498f0b
IGC0006H	0	1	95df423e0eb559537ca8eb0e8f7c51e2338f053e85293299f5bcbb0f96c5f2d0
IGC0006I	0	1	24d5aa0098c0a02486cdfaa632dec6824caf5501e21b833967fc53ccbc21bde5
IGC0007A	0	1	1666f0946585a7ea136d3503cf6c7ade58efbf3f74d736bba2b0134b2feb96b3
IGC0007C	0	1	b521bc5476572c0ec490727576b258991339dff5dcea5a59fd9af1821733ff27
IGC0007D	0	1	8b6b6461c61ffc7e00c0105060dafd6011c7baff57d7c0b2df2b43c3d91b2466
IGC0007E	0	1	b95d61e94c6e972129399f4356a641597371ec94c1c392c9bf794593d7a4d35c
IGC0007F	0	1	e581372d3e98f6793b241352409488da5c1b9d8fe5ee210124665a97afadb00d
IGC0007H	0	1	ad2dbeeaa82701449ded87aa85dbd9efffd4241168e2ffa6c3aac93fa5a054b2
IGC0008A	0	1	737b39a5b8fa9bf1e2e17f6fa06e57d4744bce7f129fb068623cc24a70c4cfe4
IGC0008B	8	1	93e09494561e9b410eb41bbf816127755406aa54469c382c2fe7627de1e84fe9
IGC0008E	0	1	69e839950edc75168628bd8db2dc49eec7af0b3445a0b681d397692b0b2c9cff
IGC0008F	0	1	32f88f422afa6b98408f332d6a6f6e19240609b0d931b52a3aff6c6f3c100d2f
IGC0008H	0	1	33579ecabf08924fdb7d51b069edb5fbff8b3f99496ba769e2741371f64436fe
IGC0009A	8	1	d4353e34cf10f5443652d05c6ced34883ab3ee502ea79e70a1bd9b4e95857c42
IGC0009C	0	1	f792ee3ba08efca707720132fbf44f8fe1e88b97da0a40b6c2bd6ffdb82e11f4
IGC0009D	8	1	5bf3c1eeaab2dff3ad8563cac912a8c4d60b7d8286643ece480c01e486ac4480
IGC0009G	0	1	2213bd6af0995a27977383ea378f88e3426da535fd09b29f81196604b63ea4e1
IGC0009H	0	1	33ab83c4b4e7a35d92311fd132e564281fad86540ce7135385cec81fca8eadcc
IGC0010C	0	1	c2c8d2c3b494fc796782287ac8029adcb0bb141552b3c50f75c29fc4846439e9
IGC0010D	8	1	165637a8010b40dee53aa0f16544a462f0c9878f2d225b2638c903928d930a81
IGC0010E	8	1	cfc8056bc23d0a379e57bc3d1937ee7c7ea6595bccbf3fc70dc451cae7d1f7ca
IGC0012F	0	1	7422a43892a51b46dca4112bee3cf40de4e667133d1b86765fbc5f98638aca37
IGC0102G	0	1	beda85d044663586cb7be2ababae02912b4f562b062f931eb34cf6c2f357b8bc
IGC0106F	0	1	cfb63f86b5dee920efc86b0aa0325f94219ad074160f3994baf83df2ac9bdb6b
IGC0106H	0	1	6be5c6736d38b40e9d46cc6994fdee3a2eaa089644626396056771de8d9a75cc
IGC0107C	0	1	d9566f881561f9f6b3520658bd20114f49f089f12a7a28c194d2d42959fee509
IGC0107D	0	1	04c09f673064ef71dbd8fb260b229cf596f9de8aa4d4f7a36ed439aa4d5e70ac
IGC0107H	8	1	9b3449acad5e6914e9f665b34664fea25f57bdc62faabc68aa22f4d12c1324f7
IGC0108B	8	1	bbfdf6be54b240ce784491493d5c9e5fafe0738bf260f58b7cb2f3762a39ee94
IGC0109H	0	1	4fdc34e40d10fe8985bfe5fc3e628e2a574c712706873960bc60f922fb3d8817
IGC0110D	8	1	70cbc2377a4604eb90b2d1e29805568f9660c2e441b8d3908157aca304c16c59
IGC0112F	0	1	9b88f7d936c7ca5828921031f601edb4539d7c9edca1ffbcc5d3dc4548222a04
IGC017	0	1	f6754927ebd15326e9b27dcff50e64493b08b8bcec0526a835f1948114238c1b
IGC018	8	1	b5a1f72e3b24b83f11c4c95e9238a56db107dc7b7be80f508d55823b0fd6cb62
IGC0203E	0	1	27e61b6644389e11ca8f94816008da8444105137d79589d487d59f48fdb165cf
IGC0206F	0	1	278dc40e074e9c6cf6f20faa79f8e90d29e0d397f25268695c47eca94b6e8d3d
IGC0206H	0	1	61ab2d9c09fa53528cfded746877caeca7f5b7b3cd5d441ba567c69464df4bee
IGC0207A	0	1	ac6ce1099e8b1a8415a6c532ace8a61b97d37fca4fd9304c12974ab4b469eee0
IGC0208B	8	1	733c4021a0688d10b1535e6935e6c792f9cea9adb5cb7b3b2157e895fe54a661
IGC0209H	0	1	98c9982d171d98a60a652e091db539f26630ccfab7296459347532e1226afde9
IGC0210D	8	1	d2e652298115e20c8033ef82bc4fe0238547f01b6cdc8847492280a84eae3f8c
IGC0306F	0	1	911844227d9e3ff83d886ce42b77b3ea865b545d2b631e836896a2554bd6516f
IGC0306H	0	1	8f41cedc281dcaa7a7f8ea461e87eb773d0f5fc0028641aad05504fab8c129e4
IGC0308B	0	1	a6867598af091c994a32f06b30bbc5a6b843da5c35caa12e858af9f80b1a6126
IGC0310D	8	1	3af4bcb0ce7f5325fe8665cbc08c9dc5243175106e584e3e824c5b69f78de33c
IGC0406F	0	1	8438de4bd138e24b29c4cc76c4ce76f5fefc58149aea0d4416093c9c95d3342b
IGC0406H	0	1	293c47c3176ddba3d1a1097914b1e8816dee648aec30af188e12a0d35ab3b1e3
IGC0408B	0	1	50374b513f3770df28e4f1b234cbc33e3e3b31a672c6d1c6cf6db757d59fd244
IGC0410D	8	1	1f74a036185e1a12c03a5e1e1285aa8310fcf6b072e78756d60e738b2efae78d
IGC0505I	0	1	10fd1979a5987f8993aaf27885289e1298b7b7a482c47a3533215df23f88e9ce
IGC0506C	0	1	8d9b7dc399507a7d9128082a20f6895f890fb71710c539911c9f95ac9ff21bca
IGC0506F	0	1	18b50f0823a8083e1a560818576f0dedc29abae13a55cf2e78761ad08cce9ed3
IGC0506H	0	1	ba37649df1f4a67c3163280cdddfb2710ae45182f4f1bf919fd3f4cc675ed833
IGC0508B	0	1	689f6399602839341f43f8a165162015107cd8ef692423ed2162c270c2526a8d
IGC0510D	8	1	15bf2a81870cd652928095a615b3147998fc5080371b1bff741ffffe97b44934
IGC058	0	1	bf744839658433352f22e494d65148f26c02ac4557dc5685f111f45d052ac506
IGC0606F	0	1	81172227707820e35e4c8a6778cc258c6ae0cf706b1c4c66fb17bfa19fb3a3ce
IGC0606H	0	1	29958a31d535f947ec9670b66f9cfb2f1d9590ca2a26a4dc3195c64a52eb7aba
IGC0610D	8	1	063a44c9f52e5b3e525c1f85ef923a7d6e8e8b54b9af1efe4a1942c326641128
IGC070	8	1	5d15b0ac9d324367a3f3b73ed410ed1679ed9bfd31e297ca9a12525eb9ba203e
IGC0706F	0	1	e0eeaa115d5a6d0e6e62914c55513472641ee41eba8ee3f39b518b59eb2488aa
IGC0706H	0	1	002014f78badf35a593ff88bb0b1343dd388a6665f2b31e664402f81cb3b6bb4
IGC0710D	8	1	928a959427097754386aa291ebd2e4d952a447824c1f1c885db3a5a01b7c854b
IGC0806F	0	1	d33fa9693dfc918a43cd82ef759f6fa0a71762d4539d98ad6007db6eb8d2e9ec
IGC0806H	0	1	5ef3f785aca6bdbe5af1cf8f47abd74b4666a08a596c4cceee1c884b0eaadadc
IGC0810D	8	1	e8469facce7988a8bf30f5e110a462d5589ebb9ec8b00b9915f24560650e129a
IGC084	0	1	350a1901ca2133001f8002e40c242ff636fe7aef6bd18fde3efc72a972260f07
IGC0905I	0	1	7806cd89936f714b2d56ca1a9fac77eaa6c6b8c5c66a4b2b473f136a6935485e
IGC0906F	0	1	cb2a30cb40b5ab8af446944984900641f5285a50c69cd2d6285322a414f8d735
IGC0906H	0	1	5737f2ecbe62eeab68c91c13e0f63d37f70aae44514b1358a4eb17018b85c8eb
IGC0910D	8	1	31d1b432cda61ab484996a174de8bc4dd6daba3aaec42288a86817c256b6e3ee
IGC0A06F	0	1	ceb743c34fe4e0137c19c684e53a4e8f8359222e09aee1127bfb2673896872c7
IGC0A10D	8	1	0fa1d0f5f22cce39d96bb16ba5c4ae48f03069a4a35b8402090a8729db186bf4
IGC0B06F	0	1	fab7530fe0979d9327375722d273761466a28f9e1eb5b617a5dd8259992f7401
IGC0B10D	8	1	a044a74861fe454f41ae4abedbc69bbc0817ecffc555e22d27b99f2ee789f339
IGC0C06F	0	1	88b0153e965529b7749352194feb1b97080298aca28115640c6139f0ef2f3cd5
IGC0C10D	8	1	7b27b0ac28e8a971aada98593c0ebb6407120c22084f87f01df970f20e30ab23
IGC0D06F	0	1	477203224c3c735d6a6c416cd4ace23afc2f4a7bc8b18a12c8ab979b330956ed
IGC0D10D	8	1	778c635ec6197056aa905779abfc4aeac00095c661f9f8b71f16aeea0a351fe3
IGC0E05A	8	1	6062b869180e9b781d96b56550107ecb6c0fbc3346e14d2edb450b9f4ea6ce2d
IGC0E06F	0	1	099e7c54a7b0e44844b667949bd821e1089843f9380407e91b162e3c55df4001
IGC0E10D	8	1	12bb153f511d903c2591fae0936bbfcdcc6bf107c37220f59e0c533d26df262b
IGC0F05A	0	1	fe0bef935516e0ae95e8458eb9f4c93b34021ca57b5f73e26722b54ad97f463d
IGC0F06F	0	1	99b53d066af66304b65e906e50ccb58635779c93c6659626cd5e239bb6a3ba2f
IGC0G05B	0	1	9f044ba36407bb0f4c484fc5873758d6074ed6370447c60cf5f896d616676aeb
IGC0G10D	0	1	8fb76d37b4b5871ebe939771418a31105b7dc515a6c7457c3c18c741c7cd9ae0
IGC0G95B	0	1	41b81b887e3c041e07f8c074fea4fc68e2d966816b2c06c15a5ef1e06fd3921e
IGC0H05B	0	1	2de2476e63585b911d0f80f967620fa39aa3ca68da2108b8903c0d4f3873ea33
IGC0H10D	8	1	afebb2de860f64476699ee607576df9d55c235c837adce3983d90a309d39d53e
IGC0I05B	0	1	c930aeec58abe1a410320ebda9c5c0949e25f86bddfd6e6e5cd4df8b8e1d60c4
IGC0I10D	8	1	2cd5f4443bc1c935f9b02de3fe2f55e9748ecea5c256e4e49f5a5d32f9913e13
IGC0J05B	8	1	41fa8a2e844c94f4769d65e66aaa548ebc5a1782e86e7907d23442b30414551b
IGC0J10D	8	1	93ce95eaba1d137f41c5b4cd4887367559a18fad18665366ac61e3e5800ce2c0
IGC0K05B	0	1	bcb7ccad40857d3a9db496802a0a23dc2632e7d804ade0ea988bdf33883de72b
IGC0K10D	8	1	9d221d4c81c1e85881f0d5f49e11536bdce3c89f60801b9d4c12244e61cdc113
IGC0L05B	0	1	ced13c5cb874f34ac563ef45e0fcf53ac4ee0feb81b63120e571e3939d3e5d15
IGC0L10D	8	1	83b1914da446ea0371e8a70db05dc8400a5f6728b9efb8f72f0e9f5bba954ae1
IGC0M05B	0	1	ca2af15e0fcb84a76f9e057d6fb23bc2dd8fe29eab90d9ba30112aec35157321
IGC0N05B	0	1	fa5e12e3e5bc352ceb091e620c196569696662c524ecc823b6e4981c20231c6f
IGC0N06C	0	1	7dcc7ad29b8b5cb199d2866cce00072f949ac960d30a8c659b59437e351eac48
IGC0N10D	8	1	21e8761714c03e8451313e3e35ca6f954af554dd427bc8da4b1f234b0a7602b3
IGC0P05B	0	1	a2a06c0e33441bbd4b91002f4d65ef6aa37ec6ecb4ea6f9cca05522ffa2e11bc
IGC0Q05B	0	1	9e435d69f8ae6b5d70b264b3944cd0db8ff8fd8e2514f50959230d9d23d5de25
IGC0R05B	0	1	cc4368a43a5b8a46d705fc8db190a6c5ed442d6924cdad864677a38391fbc4f2
IGC0S05B	0	1	53a391c3ab59e86a3e96c42b5387c851cc4bef878ef2ec918d324c9c176d0c82
IGC0T05B	0	1	ed9fc87fcf237cd41bc4e8fc6b32f677a2414ead7551cccd65c4fd8b6093261d
IGC0U05B	8	1	b988bd06aaa999209940a022481c63f12430c2245abeb71303f4669705d6b0e1
IGC0W05B	0	1	c549a10f47313eb7c1257d1e7ed993825e455c09525908b448e42aa68c4f2823
IGC1006F	0	1	16273cfcc0a522e32296e353f05099f97b140deeef08a897d7fbbc69d5f27420
IGC1106F	0	1	dc8f7a5314c54686b5872171a8ca8c14ba4379ef863a7e6b5441eb8ece1757a5
IGC111	0	1	dc6276778b4b54666d267beeda6b73ee4e848028b8138623ef3561fae9f7fba2
IGC1206F	0	1	08dbbc6d1bae247271b7f618f0f570db3eb6762881a1de2be8e02c278c21c6dc
IGC121	8	1	cea0ec4c0b952868ff178ee737fbd78b6c2200404d01586d598bcf445a95752c
IGC1306F	0	1	58f36d8d000a98dc0b097e0977dfe77aeb801e8956d356fd3fe37450fefaf502
IGC1406F	0	1	0855ed0a0f57756a7e861b19bd8b0fdcdb146e9a742d5d52b472ad40184bfd8f
IGCA010D	8	1	096360516598e411dc94e633df39a806222b728ca2bb7f12c09115cc5db026ad
IGCA110D	8	1	ab92ed1e4e6574ef0cc74bac5d4adc49a685339b003aeba8bd9e345f7c112708
IGCA210D	8	1	32be98236fd93002f5ff0fbd740067b882daaa09eb4d37f6fb3b805421bc5c34
IGCA310D	8	1	360867e4bc89d8ea83af1caaa062316a70eeb0446193cff47828f191557fc819
IGCA410D	8	1	c3e3970c68058d683c1c05b4bebcb80c728dd91b79edcd9ae06c4a9162988b85
IGCA510D	8	1	6152004ae8221986e4c9fc3e039626f1654d0decba1ce48e7ed5b24a27f21c27
IGCA610D	8	1	adcaed6d62a1895730912fca9152cf6d6b510f7abf42a885e64a2ef9ba5b6ad6
IGCA710D	8	1	c5ac6ec8428d864530948ab7fc5856842cad397e5d403f30bdb86b81cf0f1988
IGCA810D	8	1	f45e400674d87209065c6d2613371c31aa48b90f0580d70a0bd1e7bb7c03ab45
IGCA910D	8	1	99b1b8b2f37a4968583839dd173a9638b6c85faec502fa7c958c456ad342634f
IGCAA10D	8	1	8e411e57072db42c0551865e2fbe7d14ef9e3d518020c5247eb86b8c95e7bc35
IGCAB10D	8	1	c217a1a90f00c6e9f2243fe19526df7fa12b911e1d4753a22691f06f10d7846b
IGCAC10D	8	1	b7ca8346393712a5cdeb897f61ee9a3a98439c4ae3fb3af33491107c74f936bb
IGCAD10D	8	1	1fbe436ba680e186d2eeccd112bc2e8672f8ec9583a4775df141bf8d8877d1b8
IGCAE10D	8	1	13f3f14e15fb2f5408c4477a2da3ce5056b365376399453558ee554d5fbdd474
IGCAF10D	8	1	ef1950a6b9e7adc01c8abe91208d7048c890434336d20ac8636c2457b8b679c5
IGCAG10D	8	1	f1914b20d2339f82ce754ed754319fa22d52b63e9ea48016addb9064bbf0d034
IGCAL10D	8	1	8cd665b96653d325dce87bf1a89d9c4981129ac193c5267844baaccf60fe5035
IGCAT10D	8	1	2b2d20ee1029356eb3faedfee7aafa1d628c687d6f96f6a74e63511628240ab0
IGCC010D	8	1	d678939b2d9112491c106d5d769d81a40d18f88ea3526bbc2356e297783e0d27
IGCC110D	8	1	a7d24a8acd4e7bbe4a067400f862ad2f3180e0d223a6cb7f7bc2217a21195578
IGCD010D	8	1	39dbc6d975b803ae72415cab09c6f201209b7f52d47d8bbba1b7df40e3fab968
IGCD110D	8	1	99ac713e7daf8495e7000603ac20418ae1caa0881727043f405fc9e3a9988971
IGCD210D	8	1	3f1335a74a1e6a7233014cd457f43363c265badc2200545686cac6688ce5f28a
IGCD310D	8	1	cab3ee1a601a02844e3fd25a1fdfa6a8a729b175d46129db8bf4ba3f04aa8a0f
IGCD410D	8	1	a0eef5a17cac5407110fb2250d0a4c05eb2bed85c78e9e3a7743861d9b780a33
IGCD510D	8	1	2e00b46500cff2b2c77cfe92549c13ce49953077e1c25ca365d55f37c4a1d041
IGCD610D	8	1	79f785e1ee94d1149a0f3fd3625398942a1e3ee3dc4ac7caa4b5abbd0a669e26
IGCD710D	8	1	d0ef415baecae4e7fa8ecde07322ff23989f27c3090029d53ed09577e3807262
IGCD810D	8	1	fa40f2dfde0f9ada1f788f75cbbda6881d240b514fe0bb437a2419eb341b9b0e
IGCD910D	8	1	c2f2568ba3a8b2634fc54491b1d38a9785cf468f633823abcf9800fa6daa0c73
IGCDB10D	8	1	117d5e6b3a63d0f8a15eff9aaff0ecdaa8b0e1e4a4e2a055de8fcdb86a2614bb
IGCDC10D	8	1	d1063c4594984034ea4544c7e2d17fef2f692c8c74644082b35b4c4e878a4340
IGCDD10D	8	1	69f8885a683affb623a183420956cd5b19279126d477616a561021944e3998d2
IGCDL10D	8	1	aff0dd0d7c9256d451c02ed30022a00d9caa049f01a85b4895d5ca31e570ac55
IGCDM10D	0	1	e6b16816d1965ba64cb867628a2d5ae2ef43766e41438f3eb0f398da54c58529
IGCFA10D	8	1	9f0b4f017c0fc7a9564a9ff56520c38646326064ebb9be7b4c102cdfe1c2a507
IGCFB10D	8	1	2927182626d4c8185426a349ad68b72b4721334dd00e61f67dec5bff9d7614d0
IGCFC10D	8	1	f4cd00415d31259641bf8b9035a8bd82ec28b5437a724759580f71f21c474d43
IGCFD10D	8	1	aaf7c12e2395b1b2669cc876bc4c30f0e229d925972ca0d648051c9ded968131
IGCFE10D	8	1	5d94e50f39d52ac8d8a603f436347f2e2e01befeebe742ada24a6d772e8fa447
IGCFF10D	8	1	ca102da5a8aedfdf992234a75266b37239f311d775268122162d97e041fb6772
IGCFG10D	8	1	1d86d5f7fd221b259fdd07458acf5da28859d594b09600c406bd2a364c349799
IGCFH10D	8	1	baceb22aead0b9e4b677af7581d8f9bd0e9007ba18f53af271eeafccbd66b843
IGCFI10D	8	1	d178f06dcf19f43239f9a26df6de54467ff9490dcdb1796676e0fcd5c932b424
IGCFJ10D	8	1	be7039d34f80dd93910425935dae19f905959f89c3be15bad0a0c36d68c4d100
IGCFK10D	8	1	a17b714f5a6c5586c850700dea2cb4819676e617e72c1c80476dcac75087ac77
IGCFL10D	8	1	44c3012adf3197554283eb8e6b9ae9cacb324ba855ad951ce37099c9da3f2632
IGCFP10D	8	1	4e7bdaaaa7912893120262bde0c5ce1ca0716df64e1aed279442fed3c5ca80ad
IGCFQ10D	8	1	9514bfc16009d70235a5c58e2a28717ee74012b62b7ab07f8aeda037e3e77e8b
IGCFR10D	0	1	dd42125f8d83caef8256344ea67d7a070d6a082ad4e894b854e2462e29c44120
IGCH010D	8	1	319c6c90dc4897a71693407e73b11c969149cd5a9f58a563d94ffe1c34aeeb55
IGCI010D	8	1	93874363837518c2eb35be31153f732aa50f1a1834f3fe0a982d4b4c407b1340
IGCI110D	8	1	33da1344bb5879eeca64cc785845b1d4dba735c79766c8f371bc3b2ab9947b9d
IGCI210D	8	1	8d5a0453fdeec14d865c866353d3799a19a04611b349aaeb8e027914c6ebaae9
IGCI310D	8	1	8baea233549e1ea00e259e8e107e50174047124a45dc31b32d094c039e9cc2e7
IGCM010D	8	1	74deeb8014b0c51bb2986df03822a0c40686a5ee2de9693e44f2834571317280
IGCM110D	8	1	f856da4f1ff079dbfe2ab40a00dbb9fbf2f26f681febc7efc926645fca9e2e5f
IGCM210D	8	1	ae57dfe229cd28bafc157313be030f10e283b3a7214d020794fae95106cf8eec
IGCM310D	8	1	baf178323919f360fc4ad764ef905b372f1e7500e5e72a1ce3143c4279201b92
IGCM410D	8	1	b0a46844defac4714631831125c65bff76b89949a3c6207170caca3dcb95e701
IGCM510D	8	1	fca6f8023d2400f86322bc8e1305c0a634bcb9a8d632e71f1db585148c253cc8
IGCM610D	8	1	a1a7b9c6828ee3a7c41b4635bd080eb7459586783e9a094aa98a9083ae3e00fc
IGCM710D	8	1	6f0092df0a6dafbc6620cd380bde94834cf84da42f289c904211e76efc00ef4f
IGCM810D	8	1	8fa756cce3d5ddcba1f0378228f9275f71c42b5c630d9cb28988d1b6964fc567
IGCM910D	8	1	eaa1b689023f177c2b107fa3a5b13f1bd215d7bb3dc92ec23ad71a549aff9951
IGCMA10D	8	1	1bc15357716ea6b48a062c74451a913265e31a40453afb47033ebc8952ea6daa
IGCMB10D	8	1	b18e6a803ae0f1ad89bad571cad2e9a29a3eef0c798426b0529ddb4980d252ea
IGCMD10D	8	1	6e2ad63db4f986728a68018ba9ccd03346d8665ce88b24bfc41fce8bf7871ba1
IGCME10D	8	1	91f6a7818c692dc601c7db58ce95e9e7902679beb6012e2da823ccc8cf84b654
IGCMF10D	8	1	2646d49d588921ead881f78e3e1db5de540f70d900882a0ab6b7558da36315e8
IGCMG10D	8	1	3ee9c5a7bd28bb9f495e3c25ff3e7a23bcc8253fef83b98535a9bb615e9b504d
IGCMH10D	8	1	0ca50cf60b1c0196c7ea39c2c9998fbf05781f720fe8f878b4de081edc2361c1
IGCMI10D	8	1	5dd83b05053c376ed9e57c896a312fd9b75a47de6d9f6bc7a7571c973a2171d3
IGCMK10D	8	1	7f3cf87b71a749b04d0e95cf2db2a00f38e3d5d7188bd1164958b9b1b1956e85
IGCML10D	8	1	d1eed3e23f722ed85180b66a3ec6836f1715a423512cf66b0fb902c5490ff5e1
IGCMM10D	8	1	5dd1ee2c5d1f590da44d11d119cd23e6771dc24e0e05342d1baaf0f03b4c56df
IGCMN10D	8	1	5a14007d36c80d69bed89a4249fe6cfc1a8f8fde7236b460129bcd723e1ccc5d
IGCMP10D	8	1	bcce6a8f069e30ee10405efaac1e01e88f0bbaea464b277bcb40a718f489e837
IGCMR10D	8	1	15766c053971dc5cef4bccfee84f45f3c85434fe9c94a037454a85328e369d84
IGCMS10D	8	1	290c5f73cbc139cf1dff4d3f04f53b7a2487abfc48676b41221a1a7a01b123b8
IGCMSG6C	0	1	24e37ea04fce60408dd45a00e63b4b9745b4a9874efac0cbb35681d7264d139c
IGCMT10D	8	1	e82d0bb0f44ca91a356f113b9df2632de6d13d5d3d8dfb16e2ee06a95493f323
IGCMU10D	8	1	accc7ca5359e356b7a9304304a8a402dff426877006c7d2909a3346da3c10c5a
IGCMV10D	8	1	8bb2f640e994d8f8af4bcadd907cccd1bd6c9855580aeb507905d85e9fd72122
IGCMY10D	8	1	4d3ca931a1af13a65738ccc9646e95b170a54b5027da50ef50f3e54667709b15
IGCMZ10D	8	1	61057f8a4ac2e46cf093789fc0504319047f1f983cce0593957c3e579a9079fa
IGCN010D	0	1	ae61e0d4c738d330264b59f3c0d94909a9505187fa689fbbf8833e1c6341c7de
IGCN410D	8	1	3125df2f7d5a13cbf4ec81144beaf8cda129ba3163ee8b4f813053b7549c81ca
IGCN510D	8	1	799d05e2be0f009e6fd27787056a27460c0aa8454907f8de3aa40b18e42a9c9e
IGCR010D	8	1	667aacdf1a7553c8e91c8af29e1468b87f09e9563861d8c76509cbf90defd67a
IGCSW10D	8	1	468093bd990575d1de43891628ddd67d4162efb4cd7b7eeb2827e80a3aaa1400
IGCT0018	0	1	adc1214e3c9c450aeefd9c904885583e98203722c7afecfe1960cf647020f602
IGCT0021	0	1	9ccd87fa2ee3c8f32ce54d41b82ec7dc13c203919d9af3c51875907b06c89c9c
IGCT002D	0	1	11ae1188edb425e37122b36e6bab7569b2ec6f25277b5919f63a10f6671578e7
IGCT002E	0	1	5f17a0a999313f84be41ba8f5fc76b6fa5549ff1612f1ec6b674a7895e6d1e4e
IGCT005C	0	1	fa8f2ff582b2883cc9d66ab9e9edec86b952c9939168355a87fbd45ee0732341
IGCT005G	0	1	359ec3949940f9782bb9e407ced1e1da5af0ca1fe9ba5a3d2c60ac227c1179ba
IGCT0069	0	1	90b771b3109121e3136df1f8387507b486466025878a652a2438713086d704fa
IGCT006H	0	1	9c4b8954cc5005f488138cf398aa073340c5feb10fd94ea82905768de0c57c2b
IGCT010D	8	1	2332dbe09a7f00d141e66fdb8e722c91a5adca8133152ba88393a9f36aecce32
IGCT010E	0	1	e1d1aa3ef8dd6adb48a799c82153d95f52afb7c494131e6dbd971b9abaa22373
IGCT105C	0	1	a2813cfad59bf185ef4ec29b0df32ebc5f483f1cad4608c492ffa2a1d044cf3d
IGCT1081	0	1	62c0e0d39c3208cc74bcf43005c398b25e0c730d442c9615f2bac8d00240c1f5
IGCT110D	8	1	f8e40871453a77259abc22f6944e46c749f619e44182970225a861f555f4d585
IGCT210D	8	1	3e6baa19d218e5dff39eb657265b85a60f74c75f64214d53adca13665f670046
IGCV010D	8	1	f64733c75757ebdc095465ad00a03c190646b09525222786343efb657461f903
IGCV110D	8	1	f854208606f94195c11221c59f9c0bb537c311b34c452d2bc95754ce9e6fbb0b
IGCV210D	8	1	5eade8a87f82b2e04d71d055ab05219da6aa21a51597e414916f55c81a8fe7b8
IGCV310D	8	1	89f1edea94c9eb8669ab1973c0ccf4585179601e6a76cd43d2b293d0bc5b1282
IGCV410D	8	1	3970c8bfe594281640f58a2df6f640a19025c58f10cc2d273fd65b48924236a7
IGCV510D	8	1	37db050abda6bbeb6b926a98781e4c3ed58043c14503e082a75b430107e5c04d
IGCV610D	8	1	4c1b980cb7f14425a622514cd3157c4d0fa7d99ea092a6983e3893fe5c0f13c9
IGCV710D	8	1	8a78b3e7f70f247b8a4c2205ee62a16279fb5e50253a901fcc55a8177083b2f1
IGCV810D	8	1	9d1f4475acc897401a6315f3ad975a7142623866603daac21f85c6456ea845a4
IGCV910D	8	1	01a0a4effb2ee216d3a409e213c8c65f049950c5aadb47d5a027f9881dce1fd8
IGCVA10D	8	1	8b7bcd18ccde8785e1e75a1672123c3b1b80d7673bbc99597213aef21b6a22d5
IGCVE10D	8	1	b919701c0db45b153c5e0708757379a4a0b3ed5560bf4e3e09c083129e551e40
IGCVF10D	8	1	c79c3e0a4134fe45519f380032115cf1b6089db106d1f85d79b398c6aee7bdf2
IGCVG10D	8	1	7ac827ad322e51c56053e8088c26b18c5979938add61dbbcec4784b7393df4fd
IGCVI10D	8	1	2e82d9930170d447a6f650b7eb2fd4f3fee4aae7db6476c46372d0bc9665bc14
IGCVK10D	0	1	9ff0a7d2642743fada477281106c97d1b4d2002c6a00ff6ac0366c53a6b57a22
IGCZ010D	8	1	14d899da616f939edfce1c5fd512fd91a9ed18b726b8cc9e97556b69b71f898f
IGCZ110D	8	1	c70d3bdfb0cbf9ccd7830eb5a42e170c77a2410146c529b6e99e3f6934e36476
IGE0000D	0	1	135629c6edf4fa2532e420c293eb2efeefb4db1c137f3b018ae03f5ffdf67d96
IGE0000E	0	1	9b84d5751259c148ec5ef11f30c5f71e1993a8248c6b19e48ab1785373cda5ff
IGE0000G	0	1	b78d5e595bd18b7a31c24298a0c0f352eb532bb47e8221d4dd28f87a4b75e66f
IGE0000H	0	1	595182e3e82116a8186e552a56bf890bbebeae03c8963626ba6d9a70fb35b35a
IGE0000I	12	1	05a9d9ba5d1d804794c33cf8634901070f3b311ab253458e96ec185c28ad7374
IGE0001A	0	1	eaa4da0ac3ec3a397abb301a01747dd4a860493143e2e501590997cb27503c2d
IGE0001C	0	1	7bb8a4800a5317f23b8a636d9416de36e134cb0f2c44b3a6648b86f15134e422
IGE0001F	0	1	642971dcf0cf9232f197073a52ac888717b7e651735e1d1db4a93befeef108e7
IGE0001G	0	1	2e6f1d1551b2f970f3d1b89c5d4d884256f68b25150088a09d342631d0002a0b
IGE0001H	0	1	ce7e69826b25ef3fd998a8f92bbda482a6f44c49595b7f636cd53179547d64f9
IGE0002A	12	1	c068298a0de1231e0811bb293ca091494fb33f5e1472e5f9c7393ee4d050e2ff
IGE0002B	0	1	addb09659d65cb775dfa357070894872444ba25197d6e4a75b0d64c93e014d44
IGE0002C	0	1	d1dc2063d9f66862dcc5fefe2f6cbe685ae27d9f12957a4dabd5776c1c9f91b1
IGE0002E	0	1	a65e3e451d2548aa31388159938e3e9f415738b4dbb2fd99121986442a3a8869
IGE0003C	0	1	e2a7817ba4b3532e57245197b9d26844b0becb706f24ab88d2a231809bc7ee03
IGE0004A	0	1	07ba0386dac771cee6b7d312df8e7adb1bb1c26413964de15c76437491a8850e
IGE0004B	0	1	04d1897235f6fc8cebadb6a6b4d52269ebc2ebefb389217416837faae91a32fb
IGE0004C	0	1	5a57ecee7ca03446db5d413a5cec8d124c7b26cbd2fe36838305d1ef7ceafc8f
IGE0004D	0	1	136927baf6a00eac9a0f7be2115510ce1d2c8b8721a77f900727c3b975d687f9
IGE0004G	8	1	1c74626027bd64fba65db0e7230fc92921ba0ecac01520e2c13c5b92aec6a8e6
IGE0004H	8	1	c38f41ec713d8c0ec9e2baebb911aed083c5d1c1f8882a4dd5f82e76341fed0c
IGE0004I	8	1	d531da819f90f8c8a46f634e0100beb189e852519029faaddd21bb695d689b89
IGE0010A	0	1	436e524e3481d0f13711a22049d7570b102eed45c3e6612d65a422cb7ab909c5
IGE0010B	0	1	01de251e2df1e046dad1fd121d6d88148863e131018f5c5e0ae104f31502a4b5
IGE0010D	0	1	d7c9b3d746c0a3252281573124ab5b8a12ba6b261a72d8bd2619010c2b8815ae
IGE0010E	0	1	4daa5f6e9f6380dde1e60a4d4066714444ad63a2966cea5939a5fc0e82a315fb
IGE0011A	0	1	4f12c5f9f40dbb5a74e58089d85a908e9351a642f50a0ed4d333eb0524cf8468
IGE0011C	0	1	85045bad9bdec6500f28e8c6f092605bd2d3d08442e6e18d55e19742294a20a4
IGE0011D	0	1	3fbe8383e118eac4b290acecc4f41bf273d8ca095696ccefa43498926181debf
IGE0011E	0	1	5bea4ade395214d13447c55425f57fd9ec1e3d834d246bf16c72ba7477918bf3
IGE0019I	0	1	2d79cffa14a8adfe8c178b0bfda0830206edea80d543f94d6b8015241d52c402
IGE0025C	0	1	754d0e3cb4dfa1ad5d6190b7d3b02368fada7e1e5e78548a7a8336cd45bdc140
IGE0025D	0	1	1c4309351e6356dca0091301491ccc604e5c081ab2ecfad5d64ff8fd799c6fce
IGE0025F	0	1	c481d6dd7c938be66afd4a5ed2eaa08ec96da79d406cd11ca98d604a1a2881a1
IGE0100I	0	1	30f06ac8c970c918726c704b9038b26a88087f24bc748d346c8c3b6c93121b88
IGE0101F	0	1	0ababf26ba0558969cafb102ee1c27b96caffd42d044a19dd506aee5d9f9cab6
IGE0104A	0	1	36b43f0cca109e8c7169c14bc187701141e198277b83c5812b7b4e4f5770ea0a
IGE0104B	0	1	01424854a4832d80b5c82c04ce0ad1f6a2374a7e21ea61745d460798ab615551
IGE0104C	0	1	22a355e3d73008cb25e80c032e5ff7021004a1d9d460bcdabbe24641afb25917
IGE0104G	8	1	eff14a37578990baa3169562b18fc72c5239ed9841d1c4b414edcacdcf855d6b
IGE0104H	0	1	40ecb749a7743d9a7a9a52745902399f5901c260daa9fa7e7b4b1bb42c89f67a
IGE0119I	0	1	2416b382ec42831b6f4ee3a2ffa2c92dabac911dddee3d2bc16a7bbec444478f
IGE0125F	0	1	cd6b9fbe20220f6f70f075347d66787f22384d7b1cc61b12cd04aca435bf6656
IGE0204A	0	1	5f7903bcc643004f6d8739a2ee857a48a07b7ba64b8cfa9e3643a649cdcc2203
IGE0204B	0	1	732239982dda21cd400a9808a0c2a8e4985d89ef24eb3ff5d6c84be703120713
IGE0204C	0	1	051f045df93d157ac60be5f8bdfb6732650b47433fecc179dbece1b0f0aaad13
IGE0204G	8	1	df6d46899de7c6bcff5d9276c048a3f9799d05d37614eaf5f5b699e3ab835f3a
IGE0204H	8	1	9819ce7f6eb3d286b7661d80571259bda586c7c924985e1fc17ac4abd9a3d1a1
IGE0301H	0	1	cc23dde4b39ce155d5982a5de682441035acbb529b657f4a310670f8b0008acd
IGE0304A	0	1	b7a3cdbb1b819e1dd63a4c3277e4fb5a6378ab1f72e76868c6d343cb0cf054f7
IGE0304B	0	1	81bec4fa2cbbe13558cafd4609dd2ea267d513f582a6bbe5b42be50da2cae19c
IGE0304C	0	1	8346f0849224d9bca29fe698186365c2507090520c4c377782175626659a5d61
IGE0304G	8	1	84516ceb7c95588bb8445eb5b9943c98f2f0282029c867f2edbdc96ac9e35f74
IGE0404A	0	1	80b3eff900ede86a8dd4fabb48daae2dc8cb8dec5d0adaea4374d964f351f143
IGE0404B	0	1	7f5e8b341262586913ff4a53790e89b54e8f11c6a212cd4f7ac66066de7423f3
IGE0404C	0	1	fe47a4d355e9558965c514498785262b86ed433bb6bc39242603d692418748f6
IGE0404G	8	1	1d64aba6a889cb5b12b93ccade0ea662c632a5aa61e352bfb6e1738c1528ccbd
IGE0404H	0	1	c42f3ec089d91c5ffedf73e7c70b358acbfc092643e0397c84909ba64efc5a68
IGE0504A	0	1	bf3b77b884c067f1a1eb62807cff3f46130fab365246462a5c3ec39217d8d946
IGE0504B	0	1	471fd49879884d172b59f99de845a1bbf49252d5a273cfc02efb09a14552a830
IGE0504C	0	1	64bf6aad8509811e376f750993f840d4b833070dc583b583a3344d01ee72da5c
IGE0504G	0	1	2272f6867d656798dafb11bba85215cdf9869ee88946c5a91119912dd8108473
IGE0504H	8	1	c04a2558f9cafeb48ff16951a355a55040d562391f5591577a5acf3a5739e833
IGE0604A	0	1	d6b86116b965b0ce7684ed889a90f78a584f5bb04090f050591c0295cdd66999
IGE0604B	0	1	3c7bbc4668c241bd5f7bcb1a5af25199e4214fcf5097d3c51a90f76895f4b4ee
IGE0604C	0	1	218bf18dfc4fd48fcae8089841a97c43eead61e23692d601a81d6124b6be42b2
IGE0604G	8	1	82a844ece78baaf5a2b1014addf4795fc1d1e5af7d2efa7e17f4a07e01616ea8
IGE0660A	0	1	e730d372b95a71f1ccdefe88b3dc83353cfc8280415932cde910768762d74322
IGE0704A	0	1	105475d34797bd721be618ba69e6ed1ba7f55d23a10112471a187ceafd1ded9e
IGE0704B	0	1	bfb85794b45ab22b0b03464401070053829ecbf8257c36be3c85f7d43851eeb2
IGE0704C	0	1	cc05cc310ea6f592c6d12d4c75f44149ed83cefbad922edd5099ad4490e87aa0
IGE0804A	0	1	932c3bf9d2454cf504f80e614a5d2b6f6370e915b3ddbf2fc7ab7d5664923841
IGE0804B	0	1	5d7bb2a63f6b0c72741a7f3ad5a42dba0b0d3bda2e7bd14f94f179e02263aa7f
IGE0804C	0	1	d78edbc1e2ac2cf496703f6b6aef7127cabe10fb9f15cf85948f01c17f87db19
IGE0804G	8	1	dd6cc1230231db59e69fd6990b12a42bd906bdde9dacb3d7c610d3b374bec8d8
IGE0804H	0	1	507f81ab651a40d940c6e6fd61d9ae4ff7da6257a9a1a8bb72b01042d7b4895c
IGE0904A	0	1	428022a1e9b2237b8d5b3fe60992fa774e82f76619d3bde0ca59a6aa62aac6e9
IGE0904B	0	1	9b4a912666204fbad732ca26397e5287528e8fdf6c15822188dff6f751c24b88
IGE0904C	0	1	3b8840d3bc950be324750c9c83c2ab256ff7af82309d4268b78078cf76f5a8fa
IGE0904G	8	1	10327c18ff36cec5162f65065924614481b69b03b68dec0d13fb0ff4a149a0e3
IGE0904H	8	1	265fedbeab20e0983e28f885e39de1a97564ca9d23f797d9d89e866991387147
IGE0904I	8	1	e88ce88642e5ce541389fed6b9a675714dee68bdf532c1dec739af7cbceeb20f
IGF2503D	0	1	424115deb76b4a897bacccfa54454bdd57f306bbd690280826ec856ea83bbe9b
IGF2603D	0	1	dff252a457be5ba794d76b962c9300a72faa2c58c9ce161dd5ec13685c600311
IGFC60	0	1	388af6c6858fc8329603ce4a4047636f96dc9fb1134ef531c503ea9b73c17f3a
IGFC70	0	1	9f494f6bab17aabf20d11ab1d7cb309383a992f9f473a0136661ab4c0efefc53
IGFC80	0	1	5c5d6c79110515eca126840fb7927edfbb7979a9394dd54d6dcb94289f18217e
IGFCCHCR	8	1	73baaca9f6e209cccdc9944ea5f0dae77e4dd8f10ffec167ce470beb7d15282d
IGFCCHED	8	1	4a62589d7cc55c1e17c85c71a15a0ffc8569758d45380bf097b2ca2e624b25a8
IGFCHDA	0	1	d8ef83d1c45b8053dd413eb24c6013ad8d5f76e906f123a8ff45379ebe0bf8f5
IGFCIC	0	1	6dae5d909abcc02b923db11a9e1fd171b49a92ef23b50c4f1c3df116706a81a2
IGFCINIT	8	1	0b4d7db85427588c5d9714df83b00950b87f8c531c47ac947424370f1920390a
IGFDD0	0	1	546c644f2a449da135294b67cbc45d42aaf400966882e8ed3a72cebf697cc479
IGFDD1	0	1	5c43c7dfd28046e0c1094761bd839f268363c129b40c308fb0eb6aeac5653116
IGFDE0	0	1	daebfeaa18b198cb7c7df67e9d180fda46e4f79a9b00ad6106e4b3a06f98a588
IGFDE1	0	1	0211c353a8e3ec8c9814cdc35392f395bbd5bbfcf06e15c8c75135216702c142
IGFDI0	0	1	31096e313553b66c1f3df32bd7ce1dc5148abb212a197f990331cd40b374dc4b
IGFDI1	0	1	e590eba9c6e00bbe31393066f02b04695a9633de5d1481cda2c35046532ff5b0
IGFDL1	0	1	92298667f272114b8c6a3485ad2a4c94307391119f52b4713b87400318c182a4
IGFDM0	0	1	06ead52473beee03980b1df8933548ed2ea946ff738462d5a1a86fab08ac750a
IGFDM1	0	1	7fbfb40c55b0accb011a22ba4bf0ac6f2ba77a965faa792da1d5d58ce5ce01cb
IGFDMTXT	0	1	be124c7b704e7a9adaca24230468cb535304a0fbc4c35bbaae649d6e5b4b2e4d
IGFDR0	0	1	80a0ad3c4645c50c0d6cb20b3e2f26fc4bc90a099bec2561d415c664c1aa348e
IGFDS0	0	1	2c5759e9c6e976a3f0c29895e6204d4171686a754a01c95074666950dd4242c9
IGFDS1	0	1	f329bfae833e5b923b6d2567bdf37235cb80ef46830cc504f7104ab4c9ac8116
IGFDT0	0	1	fe731dd6883e14df46900d75c74e94da6e6439119da3c0e76f7ddf0c2a54ec1b
IGFDT1	0	1	cfefe4c9ddee492f6c58ce943481345148cd472cee16230f5b488165096da8c7
IGFDT2	0	1	27bfef9d72d6817ba12006e2c1beb2c4de02b718a36a6ba6644fb7ff14e75cf0
IGFDU0	0	1	ea4263ee3a144c68fd86ff3468f631c2c52d3aae189d5af71de3646d389d02d1
IGFDU1	0	1	aa8b324b0cb0c96c0e66683b32162526645f5c18cf4031ffc9ece3acc8a4e5ec
IGFDV0	0	1	367d9ec9f47fb1460a099f4481206a92cb783bb06a2468112491f48155ac53e7
IGFDV1	0	1	065416c43e15596c7207b0497abbecc795a14f7befb4ac9dbda478da10fd2a16
IGFDW0	0	1	db848b13f1fe091ef505f3996de6788f834ac0e19bb0b737fb48f8e8e1bada1f
IGFINTVL	0	1	563fc51da525cac2d7c400a2bf83df2f2572b74d6988bdeedefa89151b7c9fa0
IGFPBUCR	8	1	db881c3de583eb505aef1222b9766de3142646c086fa40e68ae3161f6e44ea75
IGFPEXIT	8	1	2de3dd510b42ff1f85faf918e75a3d07fdb63068ccbc0f89e61410d132cfd031
IGFPINIT	8	1	204f3e834448479a6105225f302ecb8616b6e7f7a225ba25f2dc0865ddc2f53c
IGFPKREF	0	1	1817762416b500913525049b932716940f7432f6b3b9ad3d70d076374e3bd6d8
IGFPMCIH	8	1	a30c526880a16647dddd4db01b9b02eeab333474aacf98049276c990a501bb57
IGFPMFRS	0	1	0e84b4b4dc1d41a3178c48be83ceadc6066ab194b9416a90ada51c4f58b8d4dc
IGFPMHCA	0	1	413166314b79c16c0bdeeedd36697daf388042ab1120e7d1b0086b3c176f9ee2
IGFPMKTA	0	1	470afe65435b58f83a86ab7458d11e6b2a3f25835a3e098f372a2bab4a23650f
IGFPMMSG	0	1	cb77021a3a64cd5b619964d7e6fe95e6b21b5ad6f718350ffbb4db223d4cea56
IGFPMPFX	0	1	95c3b274a0a7dd23d59dfdbe3a717a4c2440997ceece2f539997e1fdcbfea142
IGFPMRTM	0	1	7efe9478e661cce5bfbb50aba539ebab692b46efbad62dc36cad4f48858210b4
IGFPMSCA	0	1	77e961d9f54a664a1cf3d61ee44afb7a64bd17ab51c4533f38c84963be5920d1
IGFPMTHA	0	1	6ad16a0cd516730f53f1ec9774de84f97b6b91b322e65e863ca017a2787631e1
IGFPNRFH	8	1	a18648e82c27419e7c86f15ae4ad896dc533bf308c86a87c7e2890aed8d86d33
IGFPNSAV	0	1	5014234797d27f4eb95baf5578166c4a86fdf9b69912a55413517aa000361f5c
IGFPSAD0	0	1	7c0a784e2ad7ce577a1cd67d6c51b6bfdd53d20c36fe9bad1430f5d03e54997c
IGFPTAIM	0	1	ac55cde722dc6f01101a02b63f11cea58e5b4ee975963feef65cce2bcc56e747
IGFPTCON	0	1	f236c37e3d518bfd3138c4b3fa2923451c2d5b2bcaa526c9202e9e7847113af3
IGFPTERM	0	1	244767edac3a88d487c6a32db864f4b06188aa5e0fab1ab2a687b3e262c54d0a
IGFPTREC	8	1	dd19897dc63aec6279c08dc5f8307774e72c5c089a591a3847dde4466f2c1eb5
IGFPTSIG	0	1	ae10e0c42bc0c2e88f527daa2bd6a5c02836baac21ec7d7a8d5b9e4794e68602
IGFPWMSG	0	1	85cf347d55cac5a84f16507084a11d905c01a6e97bdf9d7256fd359256a11663
IGFPXMFA	0	1	018e509286d6322b99da1a0a8ff0aa1b596fc7fa08bd610a24763f329293221a
IGFRINIT	8	1	02e3cebac64af52f59549511ff8df673b3883f59038429dd51d68921c22115d6
IGFRWAC	0	1	2f0622d98f2e03548d5659528e06d87fe5b336d73abe98649bb7a1eb34ba0217
IGFTMC00	0	1	783ce1764a39318f6f8969af5b707a31fce2b41b88fcff1d7b2a2df01ec51ac4
IGFTMCHK	8	1	89b78aeb63fe9db635347d0d434084ff25379726e5f8393295b7bf853031b393
IGG01910	0	1	d141e93025243c1fbbe2da590364ed5614f066fdcaf332367f541dccbe7bff9c
IGG01911	0	1	3515d424423b78bec1f6f9c26ae397ec55a37df78088a178e5d93eb9e63980b6
IGG01912	0	1	7767c360c007eb7a5f9298d664c2ed93b4e4ebea033b29d222344caad6c4c2b0
IGG01913	0	1	82c4c1169e54bef8d9332844e36b1c00c31b7aba4f692e7295114de3e74566f8
IGG01915	0	1	882034c4d692989a50f77fa16ed8ccbdec9285be6b91b6662a973ee4850c57ab
IGG01916	0	1	7555386a09c5ae03ae132d04c5f92aff0a8159172a34613d978ef2706faf4da5
IGG01917	0	1	7ca48b7a7f9b86fefe1c3daa2f549ec8a73fe2037661bd90bf9a6feb061006d7
IGG01918	0	1	42e68612c56028c4160209b07854355bffb1cb366a812582df1c9df925d5978a
IGG01919	0	1	75681cb42d3c806bf7912ec5596fe0a3d581b6ca2d778f5b9a7279bf130e9ba6
IGG0191A	0	1	cb97557c9ebef4b21fefec7e4be5f03fdaaee82ee7ce82c3d1c57574d1c510dd
IGG0191B	0	1	bedad4b7a49570bed6e4c260e2ed6083b9742678917548b99d7569d309eb55b4
IGG0191C	0	1	8af0e89c6c8370d1e20329ab6b729368efd9ab0bb54286a63644f69232f0aa79
IGG0191D	8	1	3e1fddf8616b00d7af158882f382f7caa542dd7854268dd118978f698d8dcda4
IGG0191F	0	1	e91f11544de9008b045f37a707dc9f046f3cdbac840d8b2b69ef634716c0b005
IGG0191G	0	1	677ae6a5783a26090bffcbadb5d0635edb82268116251aaafb94e9178281517e
IGG0191H	0	1	533e7c308fad08e08780361ed4b87f9d005bbde6efc838c189299cd806dc9935
IGG0191I	0	1	b1cf25a3f8cc5c79dd0a7f4f6cacc44bc64af8fe269dd2e9ccf6368d4b54946e
IGG0191J	0	1	ca16f00b037a467cea907b15f0580718d1d496ebcb9e935529e49d9881559241
IGG0191K	0	1	9b05038332574e684b19ec336f8b369b7bb2beaed24e93bf125c62c7adb55bd1
IGG0191L	0	1	c2d771943fd13c5f3027f61c8a6a0510e65218d1826c4e173c4aefe2ba8aaad0
IGG0191M	0	1	19a70d2201c2ed9d3838066b4cca39e24e35098edaf70b9549cc0085f4714301
IGG0191N	8	1	aa3f7b053ec6a687b64cd38d303ee960b215db3db8ee39cd98afa8f8d6bfe3ac
IGG0191O	8	1	a0ff66477bf8226bf10ec725b8d4c78117f0449b436926db1ce7fb587027c95a
IGG0191P	0	1	2c31e2ce082cc7974204a4904db727b31a6824a680e560a874dfae2591d8292f
IGG0191Q	0	1	ea62542a95882c52529e255aed9373199eb6d6050b0ff30ff2d836b4fce9a62f
IGG0191R	0	1	44883d01f5bb8726e578d8f023b4b87035fd20fc0ce60fb2b061edf635f3c6a4
IGG0191S	0	1	70bffbf82284b92910e940024e5dfa18fa880db7a076695887c2594459c38818
IGG0191T	0	1	d60930c24175ea0e69a463bbc86e08c32caf4d4ac7d370847d59948796bfd13f
IGG0191U	0	1	613b0118859de36a95c910797baedff3d7516f44e54c45ee168901dcd38ef363
IGG0191V	0	1	000ffe73007ddb88d7493ef09f3ba279241b6191b9d401e69b430ce73d52a29f
IGG0191W	0	1	ad1d8eee19a2385b0e4a7fade9454ea469b69f197822e8fdf9a10f2ee66a8403
IGG0191X	0	1	3859c1fd1509d004ae11e1128df91aee6379e00fce9ce83d4406525fec1d480f
IGG0191Y	0	1	abb330eceb42bddb3f9688adb26d0a8f56d651729a546e68a4f887e8a77dd6af
IGG0191Z	0	1	86c85b6460abc662cdfdad56d1afae97db8ae696a16d3c21f19ddad776f80382
IGG01920	0	1	dcf1e2a77db5179b3c82c340b5f2c55f1dc599bd47e25274260ff3029df34e7b
IGG01921	0	1	d423e3fc80709d2abfd61d8cd241d03d429da54e8b1a5e856a54a020747e237f
IGG01922	0	1	b2c2808709080437e0038bf5d8f6f3e81c7d72fec8a94c39128ac00266fadd10
IGG01923	0	1	6c23834a5d3902f93ee03afbb3369858d167b7f12e7a133eee3f2e4e0f7d6460
IGG01924	0	1	dd3f917ebda039a0503426d3fea8d4b8926734a980df5032b98203bd1fc02f66
IGG01926	0	1	a9cc78a363ba3574dd649b5d1cef7a733ec838f9a16b106cf07e57e1abbae4e7
IGG01928	0	1	d04d87c78752019ed2a2bccc9fac5c59db0cf1827eaeb2bd7dfc56629c76e3e6
IGG01929	0	1	891be7dc7cdb2975303bccabe9f11fbcdee96ea6fef1e531e896238bc75662c5
IGG0192A	0	1	2393ffb2a8da07252f67be46b942aaa1682f1773408e96c748a19b2091d88b79
IGG0192B	0	1	057515259b38e2585000248970a3c8dddc6912f2dc87933bf8eb594007949133
IGG0192C	8	1	9174d5e09162ee38acf49a0356a463c7b7bd97ebb7f340fc8f423be51d333032
IGG0192D	0	1	a26279735b57b346c53c1f034879658b720bc6465acd23fb185dc28ce26e3584
IGG0192E	0	1	325b84a45e6e12b69cea35bed8b606a6205ef884de8f2cd8e27771d1664f4c78
IGG0192F	0	1	bbef2df51cd8613d1ab23df19d62c084037fb4f0d42440a73d058ff3bc34a056
IGG0192G	0	1	04891965383417cb924f10c2256e6514836412a109df70346231cd8347f02701
IGG0192H	0	1	899a5f5323b86cd423a772d7d9a5558683b8b2d249f98a6c461ffa9bec3d831f
IGG0192I	0	1	55ec668235cf4d7de1492405c7af463f0f307a9e63aa987fa55faaa31dbda853
IGG0192J	0	1	5251480e66e7cc787cc34de4f54dfcebc0ba3a7fa900275c298db24e5ae24e31
IGG0192K	0	1	2e5fdad7c2ad0042177d4e13852f5b9735c3d28c21f9f9d27da8167eeddf7ac2
IGG0192L	0	1	ffca507f694c6415675828b9cdd1506ec8f4c514e2e4ece49db7db033149f490
IGG0192M	0	1	de33b675b731838a8d8651e65eaaf931a32f40707a7b61adba801f7319622093
IGG0192N	0	1	beab2abe0a40f7434bbda8522361756281ace7235c1e09836674c3f237f8c2ca
IGG0192O	0	1	524a3c110bc8cf7a1a7db87bd09517d87f1b3a19e84ec05dd5df03d039d93b32
IGG0192P	0	1	f743821c1540b66773e38f078e2ed3a45fae7de014fea71de330ddc15debf1a9
IGG0192Q	0	1	5209081afb328d8803ce45b3ba03dc39ffa22831c25144b617357adfcf011be0
IGG0192R	0	1	44174f5ae66754fd1deb5303075ad1ce68dbbd41f6957618faaaebf8e2bd5550
IGG0192S	0	1	3fa4762b20fd5f88bfa8db2b23afe8267c42f4acb99fc1cbf622324d200c5d25
IGG0192T	0	1	9319f7bc2ff1e0b634aaab66a16064d71a831de83341efb01762671a2ea10f60
IGG0192U	0	1	57e681f16da1aa020f1e9b7d09e501a6f769fbd0958354018f5160b778d58664
IGG0192V	0	1	f8c5dfe0687f54ed272b14cc962545c07af6b70a34e057d8986b944fbc547416
IGG0192W	0	1	15ebcc3c3027e4673e70bd5ae0eef27d6fd7411cc1c1f196cf9e96f0a00180ab
IGG0192X	0	1	739e2a3a0917479a8ab073acc0eef074c28715b88b33c1d619b83d3fa4742668
IGG0192Z	0	1	27e8a3796e8ccd2bed2f0253f4028fa15c35dc3d986ffc22dea1e88c5cd31d70
IGG01930	8	1	d14959dfe2751d139a16d8afb1e171a06fa81ffa206cf043a844566a0343927e
IGG01931	8	1	b8ae45639e859c2e6f508ab068d289e5facfb4934200f122fafcec6ea74674b5
IGG01933	8	1	c16878076e133f96171096dd336457d47cf48e1d8ea867f422c5dcdad2a8f63a
IGG01934	8	1	6c3f060a100ccbbd0370f8852d9a550e9dfe401c036a7937fceeee9b16d04b99
IGG01935	8	1	5a3616bf648865e16bf71a904b1aea3648d63a10fde222dea2b187961709e96c
IGG01936	8	1	f2ea2f1bf29f414f2f30fa6b2c1bd25423b717a43962d4d7946025ceed04cf44
IGG01937	8	1	c35535f882184015d7c0597f15ffe5dcc18bf60d354291d9334107c06c683e5c
IGG01938	8	1	2e2f221353d0696d5a7454ccc53c5b3a2d0ffd914bedb41f2a22f84af8a30501
IGG01939	8	1	d5fec1699eb420aedbdf2df176c17445f66e2c2d4b520c9b3a00abd4351044fa
IGG0193A	0	1	c9134a55c0a6012d438242f7b301060dc589c36073019b5807a06313e137e25e
IGG0193I	0	1	19390ca9c289e41b602364012f7af1867d52d9faa346a3610460127cacb5d496
IGG0193K	0	1	58ae9cb8cc402d02af0dfce09569764b281f7c643b15d022760e10f04bd8a551
IGG0193M	0	1	2ce908aab523d3934dc7083d1c6d249a3ab0b1eecf2cdfdcd60e994c898f5a7c
IGG0193Q	0	1	af31f4378907ea116c6d75c81ad2292df59e5464157e68edc0dfbe58cddfb5d3
IGG0193S	8	1	caa7d36c10b18634c2b7872e5202e26a51742b0ba4e22f2a80fd005a65b5e9bf
IGG0193Y	0	1	f9e44fd1073a3c87af56f12548c22bfa8cd5073b8a57735c07ba9854560f711c
IGG01940	8	1	7e3211588d8531a192552858d660d68cbda27047915dbbee5cfb878f5b3d4c2b
IGG01941	8	1	77a63c117a04b97f6e0c5ad0c05d651667b0858f96938ef1376fb618e390187a
IGG01942	8	1	91963062a9932e4dc1c40d37b92f9f0036e2ab5002b120f4c0ee848bd9076c8e
IGG01943	8	1	c3896cdec031d419c77e2902ed4b850861b04d656ea46cbd5c5a2fae83d5cc85
IGG01944	8	1	58dbef36ebb4cd5a39373a87094a23fc39cbc02fc3e5d62fcd278f1abcd76903
IGG01945	8	1	4559d37527e688645e674bd72fd2af91095854b10fb84dfb13e63bec1c6b7185
IGG01946	8	1	345ba952084d2cd461fff36359a696e6f3c3d8b599517214522f3f0c6f4d5f0b
IGG01948	8	1	88ddc328b8283c551cbd83fe3f6bce7a7d622bdd72bfed2bca891e7a972b084d
IGG01949	8	1	f9d27b47d0152ebdcae572fe141bc337c28944eb8f37b1ee7e457a8d7ca4b121
IGG0194B	8	1	790829c295d4801faf2aa215d4f538f80aa88eeca94f6e54ec8e37318d136772
IGG0194N	0	1	0fcf9038975719420799edf78c99e54d2861f92ca359c7015af2bdca78297f78
IGG0194P	0	1	692a10d222954af051cd2ed0e4472abcf309f60bed5fa322c9ecfe5dee1bd46c
IGG0194Q	8	1	9f520f8a51e7518e178d1e41b6053449142701816c82bbdaad476ee65cb19292
IGG01950	0	1	25f379576396ce0aaaab748a6e3820f8523fdc145dc361207909383aa4338e79
IGG0195D	0	1	fcaac0a31b603e4b4094a6d1accbf4006e5363dfb2653a41700641b8a0b46242
IGG0195G	0	1	2d5f1a766df7d7997eab4590029f18f581dd7ead4f5f28b251c7fa3dceea2f27
IGG0195T	0	1	254b89949a3650343b9c1d0c27f13e868cc6edb500e30bedf79844fb2580f1fc
IGG0195U	0	1	447cf33ac347e2c6ea3ca4373774197f34faaab773ad6933e92409922659a1eb
IGG0196A	0	1	eba6e7784bfc9dfe037e8a940b2d4245bbf4730e2560ba94bf6e515e13d380bc
IGG0196B	0	1	fc88ffd6fb10f6993413b213bffaa8eb1283a272941f4f6433fb9e76b10ef25b
IGG0196C	0	1	7b24b733fdc1d9159e07efc5b62742e011aa0652967df5231a7e44875bac8e1b
IGG0196D	0	1	6f88916408780e2e65c9d090d0f0b77fd96950b23397c6607b9642e435b9df71
IGG0196G	0	1	3e3e85913d710a090def352fa86eddb5928e11bb35aa34f452e271ef8627f999
IGG0196I	0	1	9797aa90a366da080c842439fab4093b4fbe68b33396c420e7ba5898b3cb4d80
IGG0196K	0	1	715e5c5e02959f0ad2e5696bf850c7b69486976d996ce5712820ece6ff61318b
IGG0196L	8	1	a16c7370f966df9bcc12a91e1fdfa21319bede185c343507d72d1ca3c34a9fa5
IGG0196M	0	1	21181c7fd23984b964431f0b763937c96468b94b393ed3b3fe6e96d0fca4b299
IGG0196P	0	1	0d5a5aa040fb55d37f7b86c53412498b4b27970ec6d3c61805281dab7e4fdc6c
IGG0196Q	0	1	15b1df72743da3f55f4b0234716c1f649092305e8300ff5f83a753b2932b7a0f
IGG0196R	0	1	d3e90666c9bf6c27e01c27e250e9c6553d6bb168951e1153b1fc6cf2829e87e6
IGG0196S	0	1	6a5f7a88eaf0ad6ec3024fb21e1e86f89196478604874e47d1e02646d80dbba4
IGG0197A	0	1	da8b9d38ef4546d79228b289062739a96ca0f5e9b4c4a0136c9c7d8de86b18e3
IGG0197B	0	1	dfe2ee37ed129a3c9dc3ff74ead8a41b708a5202af8daba273c79dc80674d7e3
IGG0197C	0	1	51559e699d9fcb60e52ca4efdbbc4c168961125b541e32ef402a47ad10bafa32
IGG0197D	0	1	c3b200eb9afd6299055b06988b337beaff4778e2ff251e42170f779fbf5fcc59
IGG0197E	0	1	9662f8ebf93d04c2a79efb5635570f2530396dedaaf1fe48d3d1be189cfbcbd2
IGG0197F	0	1	1a28192cc4217586c7f55363d4abe518101b78007dfeccf2d0cf9f9c9426c576
IGG0197J	0	1	23fe18f8df52a7ce3b97b5fb8e25141048c31ca52bd5ef8c5ee2cb02341f3425
IGG0197K	0	1	6fc7f9e7e7f1d606edc5d6cc77bf7eab1c4d5b45cd659552316ecb61516df906
IGG0197L	0	1	bd9c23da3c48c661f9619890566e5d33d9b4f4a5b3ffc82eab837b63cefc4080
IGG0197M	0	1	b5c46f183edb31e24a9524812006d7644d66761e61fa39aa2102cc7d1a06f6c3
IGG0197N	0	1	c8e31a7757abb7a9486cc1917b7fdd3f4692abfd880bcdabeb0ad6d6cec8b1bc
IGG0197P	0	1	38a8fe9f5f73dcb35ffacc191114ed3012bebfd36c56e9715b00bb87c0093cbb
IGG0197Q	0	1	3b69b60f3fbdd17252210fa52ba1182754e5d9582764523b103081e806b446dd
IGG0197U	0	1	d1e4c2d50b5e622ad4836d4077235252df120c8cfe489f4b37347694d66e9bb7
IGG0197V	0	1	53aad39c1293ebd5347eb45d7957a19205f67deca3961a6bbf16e3973bc7de8a
IGG0198B	8	1	9988db76a6d3a3806af33de03ae0e223e9733d733437b9633f4f98fa84361b42
IGG0198D	8	1	cbd479755d1f122ae909b5d8e4a59948a421e05ab188f8723570deaeb00223b4
IGG0198E	8	1	a44debbc5dd1b62dbf39268613dafed0dc2756c45d433b3eddbe58ff2bf7d392
IGG0198L	0	1	699238572169bc33e486a1509ddcaa2d2a60008b6a510a2baae98156a9848009
IGG01991	0	1	d042a20ce5d71acc93e7ee2d8f368e38f5baaf140e6adbb9e7af790aab1d64c6
IGG01992	0	1	be1cc58b856d8c85ee33630d77d261223a39743ea33c4ee84ce46a86061352e0
IGG01993	0	1	eed76058fb4010f2d7530e833a90539ee48fe4f88a5c73858065fbf08602dd48
IGG01994	0	1	b5c37776a42413f04038549d569525cdc366bcd7594bd27b28c26952c34e7f55
IGG0199F	0	1	c4301552cc6a23314ad22d52161071a23f012686ed0b9ba72454a5487b71d1d0
IGG0199G	0	1	37851eed7c4472b09c793f26402ffee51c958a982483d29b962ad10ca70432ea
IGG0199K	0	1	01329be7c049ac0ab59cf7ba193a70132d32a864cc6c0d1bb7a1e36a340e5e25
IGG0199L	0	1	a78b52cb4e5edd4b6bacac580bab0c1dad8bb15dc392a75faf5e3e47fcb32e1f
IGG0199O	0	1	db82cfaefde4efd545836509ea450a48ae2f60423145157bc571c4dabf5319c2
IGG0199W	0	1	269ed322c86fc5100eb58ca74d4bdded5b9d1b461ddceac8998e23958e3da545
IGG019A4	0	1	6b71eb0ec817f8b1fe2811078aaa14d1dab7619db1c1e88a6f3cbf4623a41ed7
IGG019AA	0	1	6c7e40fb58c209bd4fbed305f86816ead2f55f03e6da7bae1428977878e4e607
IGG019AB	0	1	3b5e40b741340acf6a79a8a3866f7398dc528208ac4b38a4530d710d3866a8fb
IGG019AC	0	1	24620c9f97db8e4f647c120ab097270ee96ed19e9260e471ebd8020f4d7b991a
IGG019AD	0	1	2ff0a2b4961e7c282ae5c8e3b92e60efc946a6758cdd3cf28a02da1cb80f043c
IGG019AE	0	1	58c57b79dacf1c97539a2351cadadc8730bfe06ab70cd0e7dc6b8f80bda9f2a3
IGG019AF	0	1	0d36a6beb37cff069225ebb97277352808c6c2f56896717ca39d438d58c98568
IGG019AG	0	1	e7377b9b68a148f6fa936a3da8396c43bec51d2a74567de89a28a264420bef95
IGG019AH	0	1	473105c030dcfbb63b55659b3722a57ec93566e2eb8d3d3ec58456f60daba3b8
IGG019AI	0	1	d272d0b59eebd3ab7b916975dbeaeebd16e78ec969c3bc57bccdae1209e2ba65
IGG019AJ	0	1	9ea87cc410b67745438e5f0c3ee7480e97f8de5108809603e5519ecec3c7c099
IGG019AK	0	1	bb6496683abdeaf2e56583b12e7e2af948e4d4d7913f37b3b45ed097a8ed8934
IGG019AL	0	1	a1a5d64539d1c371e4af553d4bf58487f881fc260a026d466cd8166a6db32616
IGG019AM	0	1	8aa54c74c753f9ffd17797cbe90a9b653effc75e3cd3811319378b30f1e59275
IGG019AN	0	1	0a9f161b7ebd2a378c37aebd43cbe83c99ab4ee22b472cb443e9d894720e2a29
IGG019AQ	0	1	8687233adab87f95943169d14c0a27dd5788d3ca2951e02616309408eb5652ae
IGG019AR	0	1	72f66bda0fedd29de9fb667be95322f6143e67619fca4d32bb0714fbb184a762
IGG019AT	0	1	d9422a97bc5d81bf29047b51b186de409c093d85428c5fa762b1a9c1c87ee3cf
IGG019AV	0	1	8f5dfb15e0a6cf75f4350b2d253687083dad87396f6e2851b408c42a2a9eb0b7
IGG019AW	0	1	df1d1cec42ec8db9f332cddfb548da0e5b473b856fdf03a8f2f43e5660a92dac
IGG019AX	0	1	4e778afa1d6bb42351fe187b16e7dcaf2953b9719d96202d9765674900328caf
IGG019B0	0	1	0a0ede0573a0ef8a08caf1c3939955fba1cfb73e782ac0db5f4aaae2797a74cf
IGG019BA	0	1	e065084204519f3c17d72f4f060cad44df7d46ab43a4c0df6c1dfb7ef37a3f86
IGG019BB	0	1	73cf078e014bba20b239d41042291acbb27ec2b99cd6882362a3b60f04eab452
IGG019BC	0	1	d510744c556f757dc92565c37e021affe65812bf135a395fe6607bb393f38187
IGG019BD	0	1	ef72260d3787948e0f6b8d5789291e934dd8aaa123bb094429aabd6d0e3299ac
IGG019BE	0	1	bc7a533be1351268530604e03e2182307e666a35919894ab953ccae56eda4814
IGG019BF	0	1	4a2d6ee1f0a00e1008fed00b991fc278d8259b6e33220a16ef466d5442feec9f
IGG019BG	0	1	db02ee59ad7f2fe62f380c6ebf6f8a54f57dc5511a2e9c0a92dabc19a8587edb
IGG019BH	0	1	717ff025dfb52e27e1e098cbe7aecd04510d12f374ebbb01f301048fce47f464
IGG019BI	0	1	0b96d7c0f06478209baadafb5f7fab075e386941a2a0f37b3702e5715dcd81d7
IGG019BK	0	1	85c0d1e276eab61ba05973052ee17b1f6ef62c22e6f8bf5c09292fa28c3abaa2
IGG019BL	0	1	9bf2c80a784c087c845472bb7c7a5162f50a7e061d0f396bcfe7eae3ae8da08b
IGG019BM	0	1	f4e080a54a29275fa186ed31f1c94549b7c87cecb7264ee27c5b0ac68521238a
IGG019BN	0	1	dd46204ce7f76ae02f2be1509db79a117541387eda4268426109087b5f5c0179
IGG019BO	0	1	eea2397d41170c4002af5a40d313dbd7fc87823c3722aca78a0f82dcee6c6571
IGG019BP	0	1	de73c233cec9a58dbeb1a77b969b1069ccf9f1ef9e604cd4955106ecb19a4ac5
IGG019BQ	0	1	0cfaf94854bca52dd5f4e08aa60c1b7afc963b63a87944af1dc7688287e0f3a1
IGG019BR	0	1	acc9de3c2f7fef420db27e56085f1a0115f8a5ccfd81f539681248de4378c86f
IGG019BS	0	1	5072b3811cbe85025b2cb4be8f331b3ad8cef23c5f51541f0c044ee12efd3398
IGG019BT	0	1	ae90881f58bef87d97e53f2a5d4f2880eed3579e7c87cecc571062df96df79cd
IGG019BU	0	1	a7851a72ece19d83b000ea0e69c8fa79d59fa3fb9fb5115edab70b1f0104505b
IGG019BV	0	1	3da6a3397a3036fe11e687cbadaa85e01d980c4e24481c73afc45fe2fef0eab0
IGG019C0	0	1	6f8a62fca8780c9730982df3621b7dae72a7d67386ff508787f4ba0b85ce78b1
IGG019C1	0	1	3dcc487c644be55580c11fa3de0afd2edbbc834c90bbe4b1d22e3157e75c31b7
IGG019C2	0	1	66d300f4a83423d7460fd8d939dbc038e58b4a0f4401a225b84635219069b63b
IGG019C3	0	1	82426f139b7227f83a584f0285fa6a6d99a56c233d3e2ad08354f4ed2178dcdc
IGG019C4	0	1	ce3d8cdb32f3514ac8ba1d6e4747a6e4208b61f25c6f987a2784c1bff910d43d
IGG019C8	0	1	94478425bee5a7496a6c5f6e1fbacc305e91d058655c3216a68c31e414a833f7
IGG019CA	0	1	06d23364239f566e44ae2dddd368c4a13e6464686ac668ec7aaae773943bbf09
IGG019CB	0	1	6203408b974aa20850def1685c87192c0cd48c2d642951a21947f09f661fd4ad
IGG019CC	0	1	1f70b252d77c1492085717b7ef3bf149a20803148a86a341ea8053cc0bb05153
IGG019CD	0	1	3a7be125c03d0e27ed220c45db4274c1ef405913e3ead324be3bb9f2ae6317c9
IGG019CE	0	1	032bc030d1d8ca36c94e2edf123a5becaa2aba1ece748d71d79fb9753fe653c8
IGG019CF	0	1	dfe4faaac9ec841b1925dfd8b30f5b37bd98a36d243036f5061b271436e80329
IGG019CG	0	1	ebe4d7ce41aa91a99e34e9c459ecad713a6106ce5b9b3d4ffadaf5c54d25b69c
IGG019CH	0	1	650f121557fdf5c462045c1593c2da5ea1a4a972fc23b2b81caadf3012dc8acd
IGG019CI	0	1	597616caadd59bb77bf45807a4b51ffb61c764eac7e1120deb036d35741db50f
IGG019CJ	0	1	fbae2d797e3e42c0d12a4c89efd1d4c4ca882913076dc93ad0940ef89cdc2b5b
IGG019CL	0	1	0667351ccb6f50cbd52ebf1eaf62a3c7668afd6c8c14b2915a072a902abd1b9e
IGG019CM	0	1	8e1e0b2c71a6e0cde62a2c15f009d987a5aac8f533aebe32925dd44248fc7eef
IGG019CN	0	1	b5d8906c05ec1b59a5a449a31eafe62366b14156bd2e59401d709f82fb1ae396
IGG019CO	0	1	dc9ad0dd92d4a341f06b164998105ab9211dbacee53b96570ef44c8fbaf5c622
IGG019CP	0	1	a5e0df646fa20d2b67550438590727dfaffd4ab8915bfd7c5279be745ec7322f
IGG019CQ	0	1	5bbb61b2b8d801a3753122628fca687e6f7aecffcd41cc90ae89502ebcc73a81
IGG019CR	0	1	f4ab5d540a23732429f62b6339bd192e4c37b97ffdf1da97f4a0de97b392508d
IGG019CS	0	1	158a55de4489bdd69182cb2d883aff3684bd6564e169f0890a637e82747a043d
IGG019CT	0	1	a6af9d21dd4034d8443bbecbeaaae55e544b037cb58b3dacb6fdeda39da9db1c
IGG019CU	0	1	f5a272992b6e008a88a43ebdc49b2796d8bd857379bf9961632858935c015290
IGG019CV	0	1	d7341b1f692d416ade5d0935d5024e829dc6d2816ca12d32201a8cd9c0307699
IGG019CW	0	1	5de9a939805e7278508638293956112282c112146c1e57c01e36428d16ac8d00
IGG019CX	0	1	2a497940a912ef2b4c9b3cbd46c22809fcd9632888a3017ec3b23bb20c5e07f4
IGG019CY	0	1	ef0872e07f21a4224b29bf82909d76736440ea669c2aa7738783c7880397e4c7
IGG019CZ	0	1	c2da64ba27125b1e4ebd22ee4252d7d20ab72aca8577b4dcecc57497f009420f
IGG019DA	0	1	495657125b9479e59eb9f70e0e2bd6a88705d01b6e00c114241dd939f40fb5c3
IGG019DB	0	1	a5247e808bf616f6cb68b86269229694d118c4539819d0179eb8db5a39f0bf59
IGG019DC	0	1	62a1c7b9b61819060c37c887d7340f048e609fb551dda241be2406f872267169
IGG019DD	0	1	f085d644fd132526bb384cdbf512ac30526b2e1e06f294374dc70be7b3577d46
IGG019DJ	0	1	f6decca805ddc31471c0c7b95465574d47f99e9bde65b03aea6038bdb29e9f58
IGG019DK	0	1	78c579adcc0c9aa9e084c95de3777097679e562d92eb90e7d37f9bf9a05bb0df
IGG019EI	0	1	8facc849b75d6448fd9cfb946e7b8f2d3bc8c1bb8732321dbbde47dfe9fa536f
IGG019EJ	0	1	2739686f2881c85845b1b06c9f833c83972c03c3b8af1c72e906df62b1819b55
IGG019EK	0	1	a413004b1323327ade576bb4c32b975551631b80d2528e0beda775b132687e9f
IGG019EM	0	1	6af56881df177cc6e96c649859bf83501f198f977a6633acfa4861a6655f95d9
IGG019FA	0	1	db33c10aadc92a820bf31ffd52215b87f63ae3b92277e887be3496c23b273e73
IGG019FB	0	1	049afbb289b8595fc5421fa17070c1750ce134ae2370a7e24f6b474df5eaf3b6
IGG019FD	0	1	243b4cc2503742b3b138b59bac2db6c7d039fc349f0e73921e8cffe9df6fc729
IGG019FF	0	1	782d6539f4bac44f2caf877eac6c3daa52f1c8f90fe81677ad0cd9986632b9e0
IGG019FG	0	1	51b80e90aac05687803c02a7a8196795295f47150094a7f7aa9f6d99a74eb376
IGG019FJ	0	1	f7c2cd3fd64325691ee526b2899cea05302449bce813f98e418e9bf24af5061b
IGG019FK	0	1	7d66128c018fa085ba84453ac1be41b138d20b318431fbf2cd4e28672530257c
IGG019FL	0	1	c024509c6694c344472789aa54defc70595b3ba3c83c71cbe0345ef643a2dd5a
IGG019FP	0	1	d5ec805e6750720d105a4c577db1b88c06e3ac4b97a89e75c2556d690c65a2b6
IGG019FQ	8	1	005e7d6ef540e0138b7e50c59f9caf2fd0a438f59d50471e2b8928d11f9387e0
IGG019FR	0	1	5ee5ec92f56af23ec54f26b284d1bc4b56a9d65f27016be7fc6356ccd4eb7cc6
IGG019FS	0	1	ed076c19e8dc20fe856798eaa7cbea95bee40f2fa13aa8c471411d588490c146
IGG019FT	0	1	d9f57b1b46fc480465a6ad4e587db85e785f4af81754c787b87e39d8842531f2
IGG019FU	0	1	448eb7b517842d08dd8f2c9f00b9e10c9f9ffd1e1c380a1291f4f58f8448d9b4
IGG019G0	0	1	4566d4d240833f8bbdf7a7f6b6ed765b971f87e7f0cb9de3540eae1d7642f113
IGG019G1	0	1	e59717b250efdbda12b787a75d37396565124e52dcb1fc3629ce2597ef61243b
IGG019G2	0	1	73371d2fad054c702f7ddf9eb099b31f62a637da3cea35dadb1f74e93c495723
IGG019G3	0	1	294444cf16d5249578e74f7a1de843f6068ffbbcd572076ff5a943ddf0f0bea2
IGG019G4	0	1	eb89d283bc4d926b9b3fc653e74e363cf395d36e6ece9b0d62e82dadb57f05e0
IGG019G5	0	1	dea9a1366f7b2b26964d749f6cf076a513dda91ef6ba2c29268971bb369f6a5e
IGG019G6	0	1	d03b764716a60625d8c97602db5cae876ff1ec3c77059958e8438edd454377ad
IGG019G7	0	1	a49f81b7cb913dcb811711c1c158bb80d52b177efb0371db76b86fd1ab76950d
IGG019G8	0	1	15c3512643bfc94c99c9986229f85929e486a7bb23f29c47ac4e03ab4eebf986
IGG019G9	0	1	a0affc18691d68b8703101522028b2c965b3a678c2fb06480005ba473a904020
IGG019GA	0	1	954f53f41749b4afbdfef5c9e41569f7bcc6434f3d7d76f07244ddc2a49ef74f
IGG019GB	0	1	073613e83db01d5ed200af52b4f7ae15e024843255dd1a8624db230ea6ccfa6b
IGG019GC	0	1	f2355587e4e5727985fea1f76661994b1211e275cbf5e2d1ae9d2e7503e92e44
IGG019GD	0	1	15d1f6287daf7221da734f6543f4c5ece0bfc7ea30e5d81a817902a130e799f3
IGG019GE	0	1	741651b2485822256b16dc8045c629f32dfd5a18986c17160d93a248d3acf964
IGG019GF	0	1	da88de61973e07bc9cb965124b7bd63ee26f2c5a8db1cb99bd56f34e6890facb
IGG019GG	0	1	61138ac8ebe82002285eded88cfc08395e0ab0d84409c91fff0ca5e300522491
IGG019GN	0	1	85006515484fcae3facbbee982168651876db84f1d65537fcab826635a141122
IGG019GO	0	1	a56bcb6b38f11e1baa8ec8994c9773ee6f08696a64d7d6e981d8a9260fc6edc7
IGG019GW	0	1	3e89122729250415d56f8cac753ba0cad572873b27d760a77fd96d70bc09043f
IGG019GZ	0	1	f776558471a4de70f44587f5350960e85f2089db8679f00a30cda6e0846ce917
IGG019H3	0	1	a3c2fe330e92949e11d09ed8789cbd5af06ededf42028298725cf5dea0b30e54
IGG019HA	0	1	e49faa351cbd6a8e96be212ef74f38440b5413b91750483fc286e0f8764efb50
IGG019HB	8	1	3f891611ae0942f018c7801f0f146ae4aa574e5d57c2dd5568a96a3124411316
IGG019HD	0	1	c447f2a4f9623f11e03b1f214ad736c54ea5704217138de18264146cb67cbad0
IGG019HF	0	1	69d0904abf57f419148ad117c49eab3d9a467dd92067f636e16cd4313b141441
IGG019HG	8	1	8d38f0db2566098a09bf3c36d52ec81dc07e51db85592986d3ea6f80090a9302
IGG019HH	8	1	d7270232e1f6c017b257c01bf0c61437955400a39c6fb4ac8adfaecf4ee7d2f1
IGG019HI	8	1	5dd6fbf289ef78dd92f5a0a34319ae1055dfc475ede69626f74e1129d6e6ce68
IGG019HJ	0	1	8d24a16962baceb6ba8869e55b00395318ecc1336a3e7d7551f8332ec88ac799
IGG019HK	0	1	64746a947d3e0fbc4ebe4050a0140f7d6bbc5af51751e451760571219978f20d
IGG019HL	0	1	69c6323aa5fb0624a7dc7598f9a451c82932bd8a820f10c8bcea52a7a2aa5b5a
IGG019HN	8	1	2941ebb0f0c9d2df0a764aa55c889c6a53ef24d1515339f32bf421068ba2160d
IGG019HP	0	1	6f19a460da577e1f8f2f02f7f560a08b558bc99ee87aea7fb8ab391513141b17
IGG019HT	0	1	60081ef0e7848ab8d962af2b5081a0ab291558799bc68ea06a8a37bbde9b8eb7
IGG019I1	0	1	752d4df1b59e19ce05ab38ed5cae496e01bc854b3ac10123ebe2c8e85820a237
IGG019I2	0	1	f49f4d043f0b0083b4db81b2cc42a481a5efa7ac5c3d4183e0352beadbc9c14b
IGG019I9	0	1	6be8c76d51d2235a1242fd979b92f7b5de4e6c6c5285ca4ec078fdcf0029b7fa
IGG019IA	0	1	66c93d0de88e546615d318079a7074a88bb6ab470fbfe0a2effac3956de75a32
IGG019IB	0	1	17149bbf0557ab083e5eafcd2bb263e8951400f2d7338d1712b171c74910a551
IGG019IE	0	1	980bff88f66b95d6174dd75b4a5a944c21f4f9f70efc150cc756264b62225a17
IGG019IF	0	1	59ce6959f7eabea3acd9bd0b293053b9b1c9ae4f18c77c55116cc9b5d521a220
IGG019IN	0	1	100aec12066769a1f7992623b82434af07e7b8add77da5b0f76aa604e0fa447a
IGG019IO	0	1	155c6297f8fa08bfa0a0b1ed0333d0246cd5716d9ffe04a94f21478287655bd1
IGG019IZ	0	1	6eceb21f58614855cb2fdbfdd30d5b1061f9634263247b669a77bfa6dc4f4941
IGG019J0	0	1	a14bff09c6fe970c5d93e9492189e46b93812799485f02e9947a82843d5a4556
IGG019J3	0	1	1a977ffbc28f3815168fc31688f2f10b7ce7e90b3f8a2de4c1b948996adec716
IGG019JA	0	1	065ab76040bec7139b1d65df74d3434d976ab25c2999622db871002e5a63d904
IGG019JB	0	1	6309c06064f5aca564edf86563c3cde29d483b52415f5bde73ad9d42ad30842a
IGG019JC	0	1	fc7b45a7e5e5f54eb2c5a18e9bafe5077caaaa83548fad5001f785cd3ac16e68
IGG019JD	0	1	b15666d584f825d5acbbd845f5d37f85d160057a9c5caf9ec89d819e32da18c1
IGG019JG	0	1	8b15acdad4f51b3f78b96708c48c1ed0a10232481225dde4a59618526a6c24d2
IGG019JH	8	1	45c46edeb4d24f6858226d7b32362980d980de9eca63af6ccf8e47d5793e11b1
IGG019JI	0	1	7d31369c49d8f79d4c749b8435246a17a08d5bad22b8609d9e7f7337d14d6446
IGG019JJ	0	1	b69282996ba895169f18d2d567e2c36fcd2897915a76dc0669c1bce5ffa7cb39
IGG019JK	0	1	e2f660eb8c576c06d543431082b3531bc94a3890945f8afb81a3d25239f54e40
IGG019JL	0	1	08ce9bb8bab18bc835159de6cca0028d04574ff47d59b8e22f33c4ee9e049770
IGG019JM	0	1	3137bb2129300101f5e96757ffa4881b527ed8d923c3031828257afe5d2b2ad4
IGG019JN	0	1	da641c5d60f3ace429f20d00f96fb3132212e6c8641bddc311dcf27662a5830e
IGG019JO	0	1	2fe18b904934e03c97a757644e950386a005d8f9488e6365acbb1387fe7ed2fa
IGG019JP	0	1	921e8e5278242c51e6e09cbb6ffdd395dbe9aae39018c0d9766a1b8923b9f560
IGG019JQ	0	1	947680462d3c1c5208a0feac7ac426ec270b6300a69c51aa31119ddb709a9a9a
IGG019JR	0	1	dd7151166d6e16eda56f8580544e5f4ccc323b8ea784609c1c9cb7ff58eda281
IGG019JS	0	1	2fa75522caaac8aa64f2e3c2278826d25f201ef4c2ef4f1efcf22413951557fc
IGG019JT	0	1	2910ed5683115ee70389f61662ede6f20d69de1ab291cf258f87493386eaacd9
IGG019JU	0	1	566e1894320fda6d2f76521d69e572654e7f9d62ccaa88ea5b0e0909e37fb470
IGG019JV	0	1	291d85aa87870321fa8d59ec6ca76443ea9e426258ec12387fe53bd0124ded28
IGG019JW	0	1	0a25669fac8e7dbbcce35d02638bdd00907d75deb11b2736ee9e944c2fd87ffd
IGG019JX	0	1	4a1adfa7cc1b8e2f4011c3e1b5041e56fd58a249596fcec92351e86795aafc1f
IGG019KA	0	1	12de0a61e3ad3d72503ea20e2a04a45ecfdb43b0c55572764d3c14f425f59cae
IGG019KC	0	1	733e8ee12046136d0246c9d12f500ac558134930525e8d682cc7fd537ccb20e7
IGG019KE	0	1	8791bd2a3b9e525ce04022cd8d31437353607644eeaf6938afd0b8bb006d381d
IGG019KF	0	1	c6bb2b1c7bd51931ae16b6ac6187279744047146206c337be622c37c1d62663f
IGG019KG	0	1	898d0919a23022a10acbcd5147c95666b5e2a0696859d51a34b9b8437911bb32
IGG019KH	0	1	c04a49b9d7502552f5346631b7c719b79c0c9b33f0c603234919bfc0bb969fad
IGG019KI	0	1	116f89cdf43212cb2d007be2adaf66c0da61a0bfb1158bedcf4ea756f83ea6d3
IGG019KJ	0	1	7dc3921ebec41913a83dd64519f1f9ed4ce448a4aafa7383251fd08f32b43406
IGG019KK	0	1	22aa646860092341accdeeed25483b6b759afb948f237b599aa413a3453918a8
IGG019KL	0	1	94da1c70f050e4afd10b1c8878b21783db8a1cff8804d13ecc80dd1900c7553c
IGG019KM	0	1	e9589d7c9b79a163681e68c1e9b277298a833cddc61601dcdb0da16733896b20
IGG019KN	0	1	eefbdb9fa978e49d26e9e25d0b49921acc71f90b1e1728c645456927abeb4c89
IGG019KO	0	1	464e543074501b924f7d1c0ce8bf7fba7ad3dfbc070126c1cc4e2d80efe2fac4
IGG019KQ	0	1	5530cb3184d13e67de7f18f2424f1363b63d5e326c6b1ffaae7a63f8e4d7f224
IGG019KR	0	1	2b47859bcdcf5ca4b2ffe9b52b114c2b3176d38074d721ea8c153bba0ce11078
IGG019KU	0	1	77e1e9cc36e35ac9e2c088031d538ac9e271af9a3fe23f9b9890e6813bab5e6d
IGG019KW	0	1	ed1f39f35e6096ede63b7bc7257ecc140b5a9e9ecd6f6b5748911fe6516a5f49
IGG019KY	0	1	271928648ab76a2f4e238b4e58456383baa6558b839e4123f7a22c62dd83ae5e
IGG019LA	0	1	24484ccdbfdbcf94cd39bae8f12a142cb3449b20241f044fe28b0028f5eafb45
IGG019LC	0	1	224ef5c7b775f2a7728c8d8b43e84796f8cf1985a86698f7c3355786f951efc1
IGG019LE	0	1	2543c6cd3cebba58b74595746bcdc7addd8222342612e3da23d8eae49796b7e7
IGG019LI	0	1	a39cff060491a74c053bcf5d23f292f09011dafd0b084f81a741030e86f02d49
IGG019LP	0	1	e9e3038f27eabe63b7c09a7ef3c3f6e9c257473ea12d04f737d7e9908f9eff18
IGG019LS	0	1	9dff9e6a7064794261f00a698aad3f570164ac1cc7c0461a82999fc4848cdb1e
IGG019LT	0	1	eb6fa3f86c5df9123d1c214efbdfaddbba00cb738f857e8ad8958b33a2716769
IGG019LU	0	1	bd80ed59a4f9e15c32a26af9f6701f26481a156b62b76a67d1ae468f329c8a15
IGG019M0	0	1	d978589330dc9522afa99b8cddbafd53194526ab03932622c4cbbc21960f9998
IGG019M1	0	1	ccae291f224b36be6a64f4a8ac835ffdb164f88e95f8cacecd6b4961aace43d6
IGG019M2	0	1	65605bca5a3afd3726fc01600113564790c15ecdadf4809210e12e27a8f97bb5
IGG019M3	0	1	1597359ea9f67ad053b9a5d5912f4d925cec5916c9d6268214cad5e34ff4bf80
IGG019M4	0	1	e0365c935517e7e7c0733023a0fb915426de37e3ff21be50783b5c86e73d9b53
IGG019M5	0	1	7690e1f3ce821958535d619e991ceb3005c37cfc296d483187cfa0dc67c749d7
IGG019M6	0	1	012816b715787fa0d5afcccf1afa8adc212abf494936cd06df9132eaa3934cc4
IGG019MA	8	1	227eb8a9bdd60b1d6816a2e15672af4c9c277e84021a2908eda6235c810b4197
IGG019MB	8	1	8c6e8476847c9bf4826a150e5c12c80c520746389a425c383aa4f8843df6b25b
IGG019MC	0	1	fca48e3fcb61ac87cf9cb660dde27f00e990b6da5e679334525f08e662cab6de
IGG019MD	0	1	dd37aaf0d5b24f646ae736a332b213e0e876693a74a695077e7e9b6846b34f6c
IGG019ME	0	1	767a8cfd4c4807d2a2fb2dda3360e349cba7aef86b73e4ba7fa7b67e68fa1549
IGG019MF	0	1	404084ed89b6310dca784229ef6141d7f9adfd85eae215d11f627bcffa388a36
IGG019MI	0	1	8352e2972cef80f0313407ae5e50ef921d64f178074f512bf86f689d95129a87
IGG019MJ	0	1	bc95d727c5c4eeeff38397d4325dd8430a87c1e25d983364e26be5731743223c
IGG019MK	0	1	d24f353646b7d94274c2c05fc03b0cef52f89ac28cfb4d07d99451f5d6e77d93
IGG019ML	0	1	2cb2f431e644d8154dabb856c2c41917c36e0dbe5695b2828d33375845f4333b
IGG019MN	0	1	24d83a971e3c519e43b07900ed104d022bf9e8a0b0c09ef41809f61dc3349959
IGG019MP	0	1	24b3239912910277b917a955a864dcb7810a3905d8bb9b9061006e2e29854fc0
IGG019MR	0	1	cee4233a8560aa832b8e56f4586947d0b7b5e7c086a0d247c09894725128d7ae
IGG019MS	0	1	0b53a6a8388e9f951dfb6704c0752869de8d1a9e32df92c4e6ca8bc46d858a77
IGG019MT	0	1	e92da992c54bf4fd4064fe8473e2a99a8b33360648b7d3cf57e54e021c96b501
IGG019MU	0	1	11eedf40db2082363970dd5a47f7d8e9e8431411aa0cff4f6137436bb36b7ca3
IGG019MV	0	1	20e2fe9b96b421a64507eb531f74354427b92a247f1554e72d0e9ec2a4cdf2fe
IGG019MW	0	1	14eaef706cce029762093db7b7849680275ba43efbdc47d4e4e605f62e0f9824
IGG019MX	0	1	ff00c4ee5772a264748ba61fe8474cc1312b55c9055c0b4c353dd0d20b889d3f
IGG019MY	0	1	f6ce02339a3a60ee2b60e3fc0c2e6b672d33e90b9455e911673fbdcff3760cd7
IGG019MZ	0	1	ad0f06ceb858a7827a2c9561fd7aeeed0e19fa9ac1feb858a35af8d4d0a3c7ba
IGG019OA	0	1	67abce8c6595b7986591b2e26be455517bae70f277695f8c81f901b3efc6ab05
IGG019OB	0	1	ca30fa8ff78cd022bbb662e8f88f11eb5d2635bb731e946c6615eb6b01dd7aff
IGG019OC	0	1	83c0d44d5d49b4e30dfab935de0f904d09871feeaeef956ae086b65d8e433155
IGG019OE	0	1	6bd4be74e648a6621c7c488cbb7b2ace31309bab5c8bfaeb22db0ef8dc07dc3c
IGG019OJ	0	1	621073f59b00dce1e062a6bc85097e21ef8321f4f2238f3d9fb8c36167e23491
IGG019OK	0	1	be7a46cd47c608d0181847e3381ac6f298ae112bad4a5d9037462a09aea02974
IGG019P2	0	1	71a11335430b4353845be0148542087bc21c00ba14376db525b008e0bfdcef7e
IGG019P7	0	1	4b7504ddfcabade7df10352ba983936b39b90be98b799af71ae761f8527b210f
IGG019P8	0	1	ef6bce97a46335c70038ce84186ae1e16563d003eb696896a4d3273db2e217a2
IGG019P9	8	1	40c84fb466bd16fe97d653547f40df5aed69df63338f866112cea6b1a483b039
IGG019PA	0	1	048171ae2afd9c6e5ebe8f2b30e820543b1994a239a511ce796a21db696ce8dd
IGG019PB	0	1	e224fb5143a217ebe4abf693eb52baa4a81baa862cc2183a822a5685173bec33
IGG019PC	0	1	f1ac7fbba6eb8095e6df655d48cbcfe1c49eb671e0cce6632b8513ff3a9d0f0a
IGG019PD	8	1	ac9a8dbc22c9298d3480efb0c3f28aea361e8ce28bc4eb501183bf9ab2db59d5
IGG019PE	0	1	2b13eaa25b7ee991f694368f801793a79a88db0de46b6e00ef5205bc506ad690
IGG019PF	0	1	889def6c817f5917049a478d1ecce34a780012f019abbfdbb50c1a00bc34ccd2
IGG019PG	0	1	68fdf4ab3cfd56d7ec0cdf17baa77a923d21b50df184b64ba254ddc6db30cc02
IGG019PH	0	1	d8647182cffecb86a16bc74229224be6f7329ef3dbf1727cfca8507bdcc13a6a
IGG019PI	0	1	771473f44913474c0389d47d75f6bdfdbc95e9f0b769cb617685c2e914fb4652
IGG019PK	0	1	612210e6d87d92d7a169ba2297c1e9d010f241cc7228490dc43f5b40c8d84dd4
IGG019PL	0	1	96aece3c3c710a64a0a7bbeb388fd218a2dc42ea80aa1f94a82c4dff5373bf48
IGG019PM	0	1	583b03587ba982217d12be56f918819a46da7fb6113a3b1ccc8aa8a3eb29193f
IGG019PN	0	1	df0bdf3e9eed067e8497fbae2039fb3dac78cf0ddc7a2ad5bac9f479623fa7ec
IGG019PO	0	1	e14854fe591647a75087c2b6aa30ed21637659324de8978d93ff2d7cb23a99db
IGG019PP	0	1	09404e83748e313cfb39f6ba3edc1ff828caa9b98a2887d6e870ad33fe6288db
IGG019PQ	0	1	9777356a4f18796181044d409c2de43eb6470283fe6809d41d88128114786809
IGG019Q0	8	1	a1e51d15cd16e817f24db79c80f1599ea7af253e3197fce3a110b56e9040819d
IGG019Q1	8	1	69e4aa7b855a823cb7e81877b05022e285459fa503592ba22ef9d2af6e115a8b
IGG019Q2	8	1	ff0384bb0e4a0c80bba76542c1551491ead25834b7041a2f9894c51f307033f5
IGG019Q3	8	1	4b3d7adc366a57a4cc71ee16d60afc205983d5acc012d2e72d1a199c01830638
IGG019Q4	8	1	98b8b0d7d7c282046dad59204cb628f17209001c2b2e802aa4670e138891ac12
IGG019Q5	8	1	79891e734a56a7e9e30d47849e3a5e7b935e9651d5041ad756e4f39a73cd7321
IGG019Q6	8	1	1da9035d8b85ac02039501ef36afe7bc10e408f222fb7a86adf609a4e5a47855
IGG019Q7	8	1	95cb3364aa96f11482f1b78b9567b49cc8c7ce59197f0c51ca1d1d9bea2fa9d6
IGG019Q8	8	1	b5203528601afe8dbc3a0836b102eb910ad0735d347f8f34bf32136d4e6a4783
IGG019Q9	8	1	4f768565de65e6e4567cd3eb99e947901854cc7b6b6ff623b429771176c0f44b
IGG019QE	8	1	4dcb376106c84bd4f05091a4fc6ab84f945df311f6d2200b55f11ffdae04aaef
IGG019R0	8	1	362aa34515be3ebaf3cb8deae5f6dca992312c8202a7197631d2d0aaaf68cf47
IGG019R1	8	1	008e86c1b60b37eea689a26dd8b5ad3d543eaf4082b24a9d892a8805ffa816a3
IGG019R2	8	1	ed5006179a635f5c070f6e552f42dabd9495a6bb8fcd821cfe64c4224d8f2c6a
IGG019R3	8	1	8b7c324ab04cd4182b16e6ed28bf9dc80afd7e0e564972babf125a3155745825
IGG019R4	8	1	bcc9beb436419192988403d260c1bdfe51be4971653460ece62a69ae3578dd23
IGG019R5	8	1	ec65dc673b97b0213aba71659fc39914ee0f680633580c550bc9344bd3b9ae3f
IGG019R6	8	1	004851a2621c1ca8940d3aeae0a2556aab38514970ecf3b17c416bf690ddd631
IGG019R7	0	1	10c0511e62a40bc12c528a2f02c689a7b3765f87d2fe9403ee7a553792bf9fa3
IGG019R8	0	1	dfd5832ab82ae71a1748933e1258899ee376ade0485ab7b498302b777254570a
IGG019R9	0	1	8633d8549f678b90108d2ac4b49116ea91cc13768576281820d28438b05ba525
IGG019RA	0	1	2e3a53793f3e26c1b3da39ab7b0db6fcf782faab6eec21f3a08a312584c562ab
IGG019RC	8	1	1f72051715e7bfba8e492486e7bbd264b979dc42f8ad8c31dd1e3b33e6a6f551
IGG019RD	8	1	f1a1489ce6df82dad34b0dd3430a08f520917320477d26bac0745091a4bd3e28
IGG019RE	0	1	72a7f49c43a3df66c6a5049df7c42f261da6775d7ee71057cf6547669f16ab5e
IGG019RF	8	1	8862155c4c2ba6ef368e24591dbf0217c994d0589c7d2e89d6936301ba06880c
IGG019RG	8	1	4bfde8530c2f352350114b834bab47ade495c2b16d840694af3df586e280c9a6
IGG019RI	8	1	c3ba35cdeaf0a94feb538fcc44701157ab909c4c3cb02f4d4b07cf5f28a93896
IGG019RK	8	1	093444a6220305c2fabea72cd158f4ed7f1c7abd2e9d3f1f7c95450b93cd89b1
IGG019RL	8	1	27a94f0e32e9f5df0e6ada22661bb500ebf190d407f4f80f36594ee9012231b9
IGG019RM	8	1	35e748b4ddd84be4dcdf3ae7c0ba43354d5348ebd55c39f6e2f7b56e525681cc
IGG019RN	8	1	531460b626e00097a3a27e09e407ce1993b49e95890183230278e8161fcf5156
IGG019RO	8	1	e9453637202e49706273f0c6a1f4863fa0d4f8e2d8603e2e4e97d11069f3be4c
IGG019RP	8	1	f9c2e9bae4034aba7395e059b12fa4812a8b528f817fb6e290888e6f251cc2f2
IGG019RQ	8	1	16b9c21e628077deccc3113ae4391dc3ed42c8ca37351e372fdbb6991ee50b4f
IGG019RR	0	1	20c5774c385fb50853440efbb1c3656342e6c1aae258fdc82f2e3f7348f60b4c
IGG019RS	0	1	64e31833ce651c1e26e67c202773352664c8b6d685f7614cbed0f66e65dc9025
IGG019RT	0	1	ddd904b07994f6320f0001549e355ea536daba640c02bd7a2576e77ccc6c6b17
IGG019RU	0	1	fc41f3957b58f67be2ae60363d41ce0f1befba9dd0a4b5e397b746903a29b180
IGG019RV	0	1	c9d199cd8d510316c6af094f418b223d24948c8630a7a9f13bbbc372bcbf13e8
IGG019RW	0	1	5d47bc57b4cee53f8fa201434fa537079efc8439af5a30a70d6e0e9d30b80aef
IGG019RX	0	1	2dd112db1a5aaffd88e09fb365ccbf0258f641e79e6d3fd1db9817f60f09da6e
IGG019RY	0	1	be1fbf43a612a3c455a1ebc5cb7421e4b46a01e99efccf57440c4e0376dde1cd
IGG019RZ	0	1	559dbc1ad8c568e702af39ffc0a81eedcbd67aed0cd4d5513d4d58dd4d46c8a8
IGG019SI	0	1	aea99326daf636e17fa70d6f3006fd04e814bba9243b54ce8fcab0a9ae8c0877
IGG019T2	0	1	04baa25e25bde60aa7a913ebb6938f81aef97cab5ffa2cd30ea414b5af9c17e2
IGG019T3	0	1	6cf82cbb3aed05725ea7fc3762eaf9362b30c5b870b7d586e1a3b008d00f0b59
IGG019T4	0	1	0c90ca7be7d3d4be9252a229b845a1dffdb30b28f9b455c2a1ac23bf32d1fef5
IGG019T5	0	1	29456be12f82d429def9c8b55cd319c28ca891e02b042bee7ce21063c86e8b58
IGG019T6	0	1	c5e544d6f9586a55eec327829f436541352fbc47b7e15446e97b1e16751ac680
IGG019T7	0	1	919addd24c2b7a0dbbf17816875d369e86682d0ed6ccaa9b98d87867408ad9dd
IGG019T8	0	1	6e3469fde7694141b291578301cc9daf37151247cf7670f9a2a5dcc7d5c8ceca
IGG019TC	0	1	7b838280a1534b59be2c003e2b289c069adcd9d905975866d8e9f788cace4df9
IGG019TD	0	1	64cd7a218a4b21209dc9e02b3a109c1e9374a4fed819f7065205cead6278709a
IGG019TE	8	1	df9b9c6de64d420ba53e189f05a374f6151481953b30df2d4bbd3ee9ff0cdedf
IGG019TH	8	1	f92af6c48eff0634187382ba7d7384d0e7f82c737f8aa2313e431a2f3fd60de8
IGG019TI	8	1	1f27dcfe40a0f812d3b52fbfff829dcd7b124ed9d945fa703d7a125f06cfa06e
IGG019TM	0	1	7685cd7f78c831d4310b566938e613db3a0ecd2ec4ab3e6029f7594ec7c71994
IGG019TV	0	1	f7d7a5e6a44c08bd8b2c85ba178cb36753ad1835e0d6fc112b3e0997a67e40cb
IGG019TW	0	1	d0f7b8f1616130c3c01b992dbff9d983644e7deb675b74d144e11a00151dd889
IGG019TX	0	1	d0802e2f4bc88d2a46e69e26fa4c936c89772a18380ddc4fa8492d39e6aa922b
IGG019TY	0	1	d74a2d0169ae4cd6873adf4e995d40d650cf6606e0a5f51cd8ce14aabcd78a4b
IGG019TZ	0	1	94a8686feb3fe72ba8a16415457fc09ba9299e28b08850b02e27fd5b0cdc0701
IGG019UM	0	1	325826e0e9d469029bd9223942e7318dd92f0697859a263647140b026190d0cd
IGG019UN	0	1	332b696689133a4c3fd7393936a73bf5d4364322b57701c0de15ceeacf1f34bd
IGG019UO	0	1	632c82f1ec14f3066bfd891d582e228944f34ecfef25f8c009614779bcd43646
IGG019UP	0	1	163ca5a51943c167c7d8c436e486d8fee06401d5cf1f7e8df152dffaf3c3ed5e
IGG019V1	0	1	fd7a60eae45efe881de064ce3553e9bf17341e7e50ecc162025811216dd64d2a
IGG019V2	0	1	34456ffc1a00c902c40079349c5f67acc755c34d47a59c1ab3838aa4408daadb
IGG019V3	0	1	4505ad454913cece19573ed3a04f14c70dfcf82dfa688a841f5db28b7a061706
IGG019V4	0	1	fc100156aa5889c4ccb54f7bf897d9234e59805f9407fcfd5312c9e27377670a
IGG019V5	0	1	46c1dbf77a41a36d3619586f6f339bcc5828a37d5b8e18659e0bd395ef65f00a
IGG019V6	0	1	1ee6ed6d922678f9d47562435a06345b2fa1640245354f0ff0f24f442a778f9b
IGG019VA	0	1	b7a16502003b7bd51dafceed12ca11da1e9b9e4b21aef0ca4d8a83328f7fd001
IGG019VB	0	1	164e89bb55588845a0c373ae91102af907957411ede408b387e001b46772ba7b
IGG019VC	0	1	8a20148738f84063a650efaa29b80a51d8475f796dbaf0f573ff362ccc392034
IGG019VD	0	1	2a274c5bdbae368f3700a342744b5b6b56476a39c97e5b62b147bb9769159fbd
IGG019VE	0	1	99b57e7e2f658383ba5ab1fa8feaf08e5fe529653349f00c8bc0e834470be2cb
IGG019VF	0	1	854b55cc5fb50a304fccc2cd47e0cb70d965c834a23073f613ae1293e0d9adf9
IGG019VG	0	1	8e557c593b2789a0e71c05be09dd03c03843e19b83b9f366f0d0fb019538b8b5
IGG019VH	0	1	6c716f7d3c92f07a293c1734a0cb343fbc59ad85fca9b05b78924433e73fe222
IGG019VI	0	1	e04f653c3ec6e1da2af537d5d80b704c823174e707e89cbcc20b35f43afeb108
IGG019VJ	0	1	0831673377f45dba829189e87e1b1cbc9510e3bca06307b9d26121d3349929b6
IGG019VK	0	1	f2fa09ba0e5839bfe741a9b2c8ec6158b673d2a1c6e8cd28325d748427e9029f
IGG019VV	0	1	2fd5609f13dc9c3a27ba31fb9daca1fa0756ae9df97cdeefa597ce70f8327965
IGG019VW	0	1	36cfd2350ed5f31dc302adc574426b4adf035b747fa43a78bc8da076ba433422
IGG0201A	0	1	155a46552ea831d1813039062a437addf6239d44d516a767918c4c7b28e4f651
IGG0201B	0	1	c1f58881fa042db13da204ccd75563efa0b8a1c487a897245f86c90e0954ba33
IGG0201D	0	1	ed22388959807ea30bffe68dd6da6da42a962357d168658a13fde443e617fba9
IGG0201P	0	1	13a366ff582ecfd49028c8900b0570197f3af2196533d977d5bb6ebf146aee9c
IGG0201R	0	1	b7552b0a9cdd929ddf69c3dd1ef3307d69b53eb9498ec60b5407baa26113ab7e
IGG0201W	0	1	56191b2ef05218bc78306fbc68e8378d09d563c472c3e16c8949b2ee94c25a56
IGG0201X	0	1	1b1deb13dbd450946533c599bf7d3e8d76683a3d0e78ea052c519acecddcbade
IGG0201Y	0	1	8c0bf17eeb16b192d0deedc442fedf0f4bc6a5651ac7c74d79d0bdb7eadfc987
IGG0201Z	0	1	71b50d77606fa966a697f9b512d774136845df2a28c26e4e52761db2e5b3b16d
IGG02028	0	1	43ed58b26f9d9019462f6b8850da0056ae87961ca3815611c6bb8dab285eb69e
IGG02029	0	1	cd72dd9e3cc53178e2e7b6c438672453447642a6f8fe153fe9f195982ffab44e
IGG0202A	0	1	7040f3b875d590c26369381688cdb6fb780756b4b55e9b5605d9dbac3fc247e5
IGG0202B	0	1	f2bf6e9c4e4985a6507e93d80bf2104408481b43b128f65c5562c7faa76d9d38
IGG0202D	0	1	5c6c5a6c89e900174314f8e2f1146c6dff10097171eafe8ff9ac1488c0b66752
IGG0202I	0	1	d1103d4a9b597862e84e2d675778ada4376a294dd9a31734af08e4a499a70be9
IGG0202J	0	1	8d00a810234903ac0e554c46912d1b5d9dbf773a381daf1b12ea111b30b0f510
IGG0202K	0	1	400e9aabb53b5125f526c9897f85056891cc3ced5a0c641fcce6f33482e6839a
IGG0202L	0	1	54ace795619f0e98d871487f5d65f19bfaa58b7eeccd82fc0332832aa51bafe5
IGG0202M	0	1	82b5e43c18d43dcb9b32fe1974eb161ecc341bf7aa11b726c578719f29b83418
IGG0202N	0	1	11d65b2de1e82e155fa37744fea083d3ab6320f7b3295d2e8c43a43506d97dcc
IGG02030	8	1	db9178dab427649d6f22ecf0e9b5fa01edadc7410a3f07564ad81583dfddfe58
IGG02035	8	1	ccac17819debe5fab1ba7e2afe9aca631c912007a564e012f239b490e8d1ddba
IGG02036	8	1	5a8cd295d85b633d6f1a59e748441ab8a9e298554f99c1a2473950e76cacca40
IGG0203A	8	1	7976de2a9a14c9d146be45faafd1c3672f707f65a933d185424407d39b40222d
IGG0203B	8	1	b34d040904cd9455f98191dcec3a1ea7b8bf120286e576f618b4f7116ea7a10b
IGG0203K	0	1	31b2bcb9159c09e309287357c715ed233f1f4632a7563852425663ea125b4072
IGG0203M	0	1	e11d0c6bb41ad26d2e3edc96efea8c43a19588feada8010772df1c8fca4c317e
IGG0203Y	0	1	48efba093d048c7ee7de08eb9e397b68922abb1de534f033acf23e992d7d107c
IGG0203Z	0	1	9103d6bc448c2bc8e44d72129e587b5d0191f06425fef467c418a8333e174f51
IGG02041	8	1	e73c4c5985c111ee066dd0937742e2c2aadd30edb7aae0288e7f2c2071bc55fc
IGG02046	8	1	d2c582d62c66556e5d6922115a8cbbea3cd38ab69e160792dc737146a77d62f5
IGG020D0	0	1	434f8ac6386cd33aea49213882ff3e7beafeef12088b12b7f14f9d4e9df1077c
IGG020D1	8	1	2f7eb3fc2c4d9df79bf13b88c7edb6d9fc7e05d2c64ee321f845fdba5a7aec81
IGG020FC	0	1	2386a7d2044420b232ac9eb16dd789b7b6b0583c606557171c4c63ac0f26a313
IGG020P1	8	1	a1a466a2d272b2920327badaded63e146cc7d273fd58e0ce79f72f2e8f7e5674
IGG020P2	8	1	5e822e933859190f9adf4c142ee162129d9adbf5885153b8464059cf4ea9a2f7
IGG020P3	0	1	993be44cd26f9930400c4d8c650457e0e0287433a6d133102d4610ea24107121
IGG020T1	0	1	7f2fff86051b3aed8335fe14e0a6ac47c287d2e8a9df12b2bc7f1710769dbfd4
IGG0210A	0	1	f8080ffd7173993a9f8484b33d29c63d411cbf927a35478166805b151c9c48fa
IGG021AB	8	1	5f77a5bfffa7f20d2b9779113c29d7e0b8ceaf2af9088fc348e6d8ac86ec2289
IGG026DU	0	1	030c4891ba68aeb281efc062ac7936aba803d0e87283f7ee7479c64c7e0f66d6
IGG0290A	8	1	5dd2339f749312a6977324bfbda03e622ce7ad546df1341eccc0b64f399240f2
IGG0290B	8	1	30c47af528a7d4562822a1b325b1c3d1a2e55d379c3b8b3dc67af8b2f18b547c
IGG0290C	8	1	556e9a7aa5ee0ef676c98575f3fc9bff9c4de6019d5aaf0bc91e54195dad75a8
IGG0290D	8	1	cf487ea09adb7e577ffbcc2e00883ceaef6fc9ee960eef8afad2d880451e75e1
IGG0290E	8	1	d120526fba2b83f4f89f4ffcc85f882cab1f9c50912bac5e10d1a9e749f2baa4
IGG0290F	8	1	6e6ceef6fdd1f6447dac7379e5a95309c8363c5ea5f86287b38efa2d13f34d68
IGG0299A	0	1	1d949ce8c2659b7fd120047401f69b048acbf6cd93d59c218c671e4aa04570c2
IGG029DM	0	1	69a3a4d54ad167b96c54fff5de69bf5fab408614f15b928a3bad7caf664c7a8c
IGG029DU	0	1	052685a6497df4e84e46b26910349a974ebd806f08473adf14f6e0d68db531da
IGG03001	8	1	d2ab35b106f8cf2276e3d7784cb88b8d8eb733dd9beec809563ebe7a6beb6c2c
IGG03002	0	1	09f4af7697e9bf998873c44380b06557ecfa1c6cf895393a6f3af2f0b87e8b49
IGG030DU	0	1	5c908283069950e837fe6361eb73e4bb880efd025ad770e57fcad6b5d1bf8c03
IGG0325A	8	1	feecde700975beb2b6fbb8e393ebded6fdee8dfff5bc07ba62f6cb01a9e6cd6d
IGG0325B	8	1	846dfb186129100e484ac47595351a346b61283111c1ff5c7ebdc0043fd3b853
IGG0325C	8	1	f1172d70be2b05f9d1d193572f07da423064d84a67bf0da3be16aaab12fdc37c
IGG0325D	8	1	c8e1cf5c060c7ae38f0684d700e7ad1c5c4728e08493b804785aaf056680c94e
IGG0325E	8	1	0e818976e0f060b925df5e94508df8f7b6006f9cfe65c5b07ba47b212e7e866b
IGG0325G	8	1	0a76c9cfc91d11b38dc18aaa465369b410c5f3c287f62cad499827eda3ff448d
IGG0325H	8	1	da7f3f2a39cd98c9bc91f661c3a174addc5748cf5a5bbbd41c2a7c103cdf7a3c
IGG0325I	8	1	687f0eac6e53abcc53f2d347e8ef31cc5dc021704dfb73ab3a2c283fcf2feb3b
IGG0325K	8	1	be98f1dafca558f2f0843610c443da19c90b2c77718941601adf5c70fed7e3ad
IGG0325P	0	1	962dfffd0272b09f13baf8de2669481eb8827645ab2bcf17f71c6893bdd41d49
IGG0325Q	0	1	556aeeb49896d469aa3a27cdbe064822dc6f04a866fb63120b32c3ea6ffc6487
IGG0325R	0	1	8a8f9642bb3b47f423f538c1be2c6b1f8a701613c6d63b0ddff7bdd3022320ba
IGG0325T	8	1	cee0f9166c5effa964ad9b98c6ebefdc9405c97e06149b792e6cf20176952ca2
IGG0325U	0	1	41906991c58eb9d57e4d1a6519d863ac295f37a57315dea0890cffb3e04f04ee
IGG0325V	0	1	3f44459cbb621a5dfb5449112a5b3f981cc0248d0b8d582997a503b1e8e0d736
IGG0325W	8	1	0caacbb1f5ecceedb490690007042027864bc79b50b1ab386a4dc14ffde7ed16
IGG0325Z	8	1	0398068796407b018a63e49585f57a514f51214e81e1e8a2f4cf5706b0a14999
IGG032I1	8	1	8a88770c1a192d33220d2f9cf60664d61a7aa72e024cc23e206f068c95fa9943
IGG032I2	8	1	eaec0fe3fb92da4dc06af2d12c3235d5c50322f530985f8fab361ad569634357
IGG032I3	8	1	54f45f34f5a03e3890fca2177dc7dc7e4dc5d5ea97eec750a90b2578cba0055a
IGG032I4	0	1	1aac47717bcfd2ac4d427f22d85e124f02f75db736ed9b1146bbe3ecd9686c91
IGG032I5	8	1	0f0b9a6f462ac075bb1d6aa225c21c828b8c91ebc8fde7e88cb69dcbf20d7d56
IGG032I6	8	1	86e2b32282880d01f5933a1f9f829d1eec7c09b7599c8a1334c4a7a77d2cb34e
IGG032I7	8	1	d0e2130607e53484a53afa9de4b1caed515e911e858330af84e153cbe71fc081
IGG032I8	8	1	8430bf8bceae356cf24d8901c8246f0e157b07a95de670b9c5641cf3abcf78e5
IGG0553A	8	1	0a771c606bdefa036e81e0d535bb83a08d769c1e9e0bb9dfb4219eba094400e7
IGG0553B	8	1	78294478ab185be598c0a5c4258ce29258b4ec3e29f1b0f83d202dae65f2d8eb
IGG0553C	8	1	4141d51c7f1ccf9e2db12d24e9c3ff4fb835f244171bb7bf3c14e2d9b91c7210
IGG0553D	8	1	9a3f5e8b9ae3c303a2cdea79b8324ec2d72b8b2a198d288671bfbf46d8ca39b2
IGG0553E	8	1	44df3828068c946bc81d4588c80b019dd31c02e5e5e71b8e1028173a018b9cbe
IGG0553F	8	1	d6defec44b81eb0147fdbc61d53e27c00f0989bd8a66e99ffbbf76f16d8a2c90
IGG0553G	8	1	c54b225c6ff6008d3a70fc86a096cf25706ea1bcd9cc3707fdead0e248f4e00c
IGG08101	8	1	bc668f0d46191685a5c93b6fca160091991ddb5accb61a62ffe8f578e4238009
IGG08102	8	1	bcfde064b502acf4ef54a6d8cb8c20fead3c97e5607e25ef7531a64d0c52a9a3
IGG08103	8	1	4aab9264ca0b927e793a8138387a7339c1510dbc15d98650bb44fd73f228d065
IGG08104	8	1	b926203ee4bb21bffb0e15f240547879ddacc91a0afeb24aa28a916e9c004cb0
IGG08108	0	1	0df94715e2d70d491a9a97862091548ce9399952b067d407b9964f2be143d370
IGG08110	0	1	2e1a3c5a3723ce1a3f26e9452acd698a3b64d15ed2b1aca4de9d7708788ecd3d
IGG08111	0	1	4b03f4ba5f67b3a94c72759b3678da1c238eee8f04dd7c5a2b4a520223644139
IGG08112	0	1	39145077acad9be2bd7b1a98177047d110bc2c8fcb5477b39bd0a5725ea8460d
IGG08113	0	1	a5e0256bde7e443e4062b37cec4a97dcce63e6bda205fadb8a86ffc372e794c6
IGG08114	0	1	4a221136a8e0335963096e80d1b9c6d497a37c6ed890bc1075af46cf3fae087d
IGG08115	0	1	4774f35c5054ddbe27984bbfb9faa99b1194806080a050edb65cb0d891ebe20b
IGG08116	0	1	ed2cf857e24a24ab44774a10b9d878c4868837ffb56ec800fdcb4e0c72f26766
IGG08117	0	1	bf517793026c8068e0fb6da82b2cd9b99d0d7008a3acca0d0c5bf0d948707908
IGG0860A	0	1	bfc34e0a89a4c705b58f70d33a21ccd97e937d4c56d64256af42a4477016a461
IGG0860B	0	1	7375a6c7b705f49b0e41cb6f3b379e0a0a7755763608d0063be6d943bf15aaa2
IGG0860C	8	1	16f510a6230bb8cd372e2433ac0af38817ba99871ec9a6c145f634cdd7b1ff68
IGG0860D	0	1	af3c6732767599f2aa9cdd089722486bf1623f1d13c741da579847f1b16d1790
IGG086AE	8	1	522c90975e3a82e74d212c9b13ad9971a41464d6afbf97f7f8c3366a22e58e7e
IGG09300	0	1	b85d510f4793f545d3d54d1eb153245621999eca2b929843ef6ef15161c11195
IGG09301	0	1	0322f75fc24699418a22b975c0c395416ba19f04cbbf8e128e68214517798287
IGG09302	0	1	6e49baef5c2f02c9ff76e7accf217ff255b4f708266bd4496a364041e04cf798
IGG09303	0	1	403762512ba65c4f243d2ca893f3449a06b9348d1c7c774781814cb5e67fbde7
IGG09400	0	1	99007acf7b1e25514cd6e0f60dc025c4775b406f185845723315577d7c3b76c0
IGG09402	0	1	8959ae68a82bff06fa96ad5fb5d5babf77b277f75308a0482d4997d315f0b12f
IGG09403	0	1	19dcb4eb3e91208b865b14e6d6e0bca6ff523cafe0204c223f10045b76d1f61e
IGG09404	0	1	c6cf18ba41a97e3d441bdcdf1a60f2de08803797b41c0579349fd8bfa3dfcbe9
IGG09405	0	1	c5b6e46ff536b47cc8a612a42f04a35ac73298e715f148623b4fc297726639a9
IGG09406	0	1	0606d53512ddbfe711d27cda0ff39b4a6c1ca8ce2caba610d930e1bcba91f2d2
IGG09407	0	1	8a661c296442e00f9407ed3697fef7c100522d1f9a152af91f1ce49dd8aeb14b
IGG09408	0	1	e167dc8f824ee8dfc8899e670b5dddbdf07efcae35f5936213ec87048cdd0a9e
IGG09409	0	1	e9378b9481edd9b46a56cc7b211cef71bc01371cc3910fe16a5dbc51f4a42104
IGG0940A	0	1	b25a073aa732ab8f430f1454e8f720fcb2aeadf557646baa508336d8eed2854a
IGG0940B	0	1	098d8300c6118216c305a6904f6f555326c5b435ab9724319f0ca81180a9b0f2
IGG0940C	0	1	f137a9ed77b306e03acd1b786eaf1eceaf536f1b0d1779626cd762ce44b32ca7
IGG0940D	0	1	d63af776ec6928bdf99a08af21c40fb8a7faee010784ef7f0261cbc71848c1c0
IGG0940E	0	1	d83d858083806a1956302544ee087d3dce7b9e12644653eb2ff2c81de9060a5e
IGG0940G	0	1	d61baf30b91defe4f4e0b6c94308eb9bfbba32c84ec3167742b6ca8e9752bde7
IGG0940H	8	1	3a794cf99027290b4b8ee261c52bbd3646a5d7e9086652185cb81c30d710b11d
IGG09411	8	1	a75ae31a7b4f31af4dac7e420d1a282e7300141cf88cbff2ff60d4080766dbde
IGG09414	0	1	ba1d80214d6b5009599396a408e2430dec706c451cc466574683d655b59bc162
IGG0CLA0	0	1	34b7d43e9027d8dad15e5312cd07b8dac8d056e2c30f4a7da8a5ce555ef72c1f
IGG0CLA1	0	1	2f8647666ec36d5bfbb6faf76c219168194017b36272387b25ae5efcabc6aae3
IGG0CLA2	0	1	e4488cb3096523f9ea159a8d8438d459eb0fd484894d526894096d7efa72f984
IGG0CLA3	0	1	0dbd5fd5a17063df241d0fed7530acaf4da276c2bd735dbb90a2a068e064453f
IGG0CLA4	0	1	1fb88f8690dce53f98f47ac2035269400ee283b8e0c302b73889112c828c8d6a
IGG0CLA5	0	1	9ab3d152d009bcc5a3c9b1ae6a85bfbf76da54ea8d1fb52e4a36f897aa6885dc
IGG0CLA6	0	1	f20a56caccdfd5e3b3282890843128edfaaa2cce94a5cfb7a1d97af0dbddbc8e
IGG0CLA7	0	1	c4a2527df94049abb46b61af6671951a2298f1d837057eefc05aea99768cf75a
IGG0CLA8	0	1	55704d73fe72dd1fd45e52e2a6fa13e35bdb029aaa1b9885525c116911a9ae74
IGG0CLA9	8	1	eb9e086e5db74007591747f347e473d70ebf7d75767c6610b6abcac2036a50a1
IGG0CLAA	0	1	79096fbe3e24d3b38d3067eb51519bb5c87961c901769abff2b6198d60d61312
IGG0CLAB	0	1	461d5707b7869081853ce4188895bbd6507918f9ecfdc6a2f595f528bc5ae2e5
IGG0CLAC	0	1	834c93e6ab0ca1832331ee6d5d7058e558f299850618886e9b13716433f06406
IGG0CLAD	0	1	6fabc73c4fdded2ee92ae7a1b2f24b0c8064296331ff5e44e793cfd711d42b7d
IGG0CLAE	0	1	ab2322a69e7f228c07518e9e2c3718a30dcf9140d880fd1fa64801ae3c246027
IGG0CLAF	0	1	10c1d60c0f57503270b5a54e688416cce33820d06e72016dc15eef14c7800f2d
IGG0CLAG	0	1	7d37eb6132e68e6fe7effb57dee8a9192a2a089b121dfaf2fede1155d5bba664
IGG0CLAH	0	1	93d57d07226f8d113b3a9396a1e5a69210b732ee23e9036c635efc89fee79d95
IGG0CLAI	0	1	95892dfbcf11e2c1a0ee2fd81019ea2e894b8e908c38053aeb918d8c4b6994de
IGG0CLAJ	0	1	6bcb753aff28f8f86b29ade4a743236a3e52ac04c1f65efde56b6db9472cbdcc
IGG0CLAK	0	1	e8e023e74ba3739dd36a714cc25d9319ca46fa6ccf28858d52f515b35fdc9621
IGG0CLAL	0	1	99039a4544fd2109aca7bcd4fdc0273c105c289cb01800bb1788ad6d2f2b9a11
IGG0CLAM	0	1	05b7959b3b4bd13ff0dcae91026ecc2d264e80b74bbc238871a0a4bdd66c027e
IGG0CLAN	0	1	289a686e9241feffd1668eb6a0237984f31d8b39963f9940da46076ceb3ced7a
IGG0CLAO	0	1	60e94630bbb741993f69805c344a0aed9588ae04484a83cb08dca8918e7526f1
IGG0CLAP	0	1	60af7f93b558ae4c08b9d122f9cf184f2cb52cab3bd79958369fa241c7ceab40
IGG0CLAQ	0	1	28dd466eedbf4c03f3f0601403b6dc509ea61c3712d3c499da0f47641d01c7d6
IGG0CLAR	0	1	32bb359a2734e2c8b312af3b10fcb11ffe4ac783de6ac7b3b61be7b0243fc53e
IGG0CLAS	0	1	722cfa1143648b49b9ce15a04fc80bf8f94dd34b773994b6ec8376f167b49435
IGG0CLAT	0	1	d44e021c3035ca25554b21cffcb59f74fa4394b391d61b8a3b9509862a339a6c
IGG0CLAU	0	1	1b01e02b4bc0953ad1b9c2bc6654be7517c172dccfefe94c2ca721b0cac07764
IGG0CLAV	0	1	2a7c80c90281764fb7755e5d3fe1604ff869d9e5405bf7fa6df8820945cdedf8
IGG0CLAW	0	1	649da848c234288a5541e87ada5fbc8b20c9cfa2a83cef9ecd144de7b7f148c3
IGG0CLAX	0	1	f29034ab0b445f806708442eeb5771b1f6603a2afe098491690e6584fd5deb93
IGG0CLAY	8	1	c02e0b9b6b817ee79a6a4ef337dd7ef0198a20422f8d98aa4104ce8bff430499
IGG0CLAZ	0	1	b334116978cbad5663aa0209771ab9bd387d2abea1fe20076e576390a0e91946
IGG0CLB0	0	1	9cae40510a21d3756180245d39341cf9cd00744428f38b5986d423d6b558327c
IGG0CLB1	0	1	23f46a0a1078fdf78746d4b951c38bcbdd59def7a0c17810c1ad6176a3b9b891
IGG0CLB2	0	1	292055360f1218bdb6feda08046d849537107375bd899bf3048dded5354acc42
IGG0CLB3	0	1	18fda53aabe6095f841194f95676645d4770e0180d05bfc9815e052f91c93576
IGG0CLB4	0	1	ac4c7303d40d4427d7af971a4b116e9011ed48efd5489f5f5b4c7908d6eecbba
IGG0CLB5	0	1	ea7944fe192f93c0ad75fa8c3e02b6413e791f34397a609348e9c1ff71982784
IGG0CLB6	0	1	7509de9f3d05db64dd105c097ff415cdfdb216ef9b5e2d65a648d7a763fe1202
IGG0CLB7	0	1	c8a869be5f9cd259bb741c719671656ca045fbbf6e683b2a5f6857f84cd1856e
IGG0CLB8	0	1	aa01d7651ad8029a0388642a650d79681f2c2fab00e3afb4ad79cc7d94a36b9f
IGG0CLB9	0	1	d7fde89d27ea6ce2f859358d661099ad9ee04387a7cb39c627b511820af58e99
IGG0CLBA	0	1	31838eb40e2893be1ae613c894a9ac1fd678be4c16edf8b46f85516e4e2eb3ab
IGG0CLBB	0	1	f941841cb0185ff1662607fa5228a2df9cd57e3eaaf66f17fe7c790f17cc2c6b
IGG0CLBC	0	1	a90c9e949c0a1870b455079de241de5ebde985ba67ea1e3a2025d4e8b40b1a79
IGG0CLBD	0	1	65fb2abdd4a7aeba58afb427ac1d5a016c478dcd7225f64bc158401d87eee6d9
IGG0CLBE	0	1	6536a3e571e8b67b3f8a426c211191bd6e95a5d8c6660870901ef54354594a75
IGG0CLBF	0	1	ae0f19a82232e9b06c10a1a25475dc81ac35bb92b6cc3ffe438eecca6a4ba2c9
IGG0CLBG	0	1	561f076dda5d99f73b9a7195effeb5708992a02f4cb6131e9a38fa1c9dc5ce11
IGG0CLBH	0	1	a423fb6e64dd91c812cbd1d7e3455d4c7f374ade2ae0fc8a2d26bfcc236b5adf
IGG0CLBI	0	1	842f1038067c80184c56829e12ce7f870126d0f50c0f50e777b7ec4bde196cda
IGG0CLBJ	0	1	373626326b124961182e85d4f286bba684bad41cf81d458ad1760e41d3841e8a
IGG0CLBK	0	1	db9d5c1944d34f43458e5181ce63a94f06e86e5087647e2f6c129e4f1cd23ae1
IGG0CLBL	0	1	5eb6de63f05cf88a97b0e9787ba999ccf8f7899ed4c4ef05b78a0428bb0c5561
IGG0CLBM	0	1	23c4556875c5b114b0a94690e08b87e774f07ec91fb020a28a393127dc8df051
IGG0CLBN	0	1	2594b702dfde155750b47f888a1687c46f16bbcc3662aeb0a6f456ae8ff586cf
IGG0CLBO	0	1	0eb0b9570ee0cb33967ffc731f19b0ed0b3c5d6168b6b0ec04ef09d5aa62e7a1
IGG0CLBP	0	1	65d0ac523a582e20a54635dbd72a63feaf8079a287d232a4ce4f21515fcd27a5
IGG0CLBQ	0	1	07bdc4b2340ea7c0f9687455d911207d6c2817d34ccb05423c0cd90c57b5afa0
IGG0CLBR	0	1	b66e81aa1ce032060cf1c947b62eb92da25891aefe22effbb87ba0b708b71936
IGG0CLBS	0	1	7a1501fbecf8d27c39b3c5548aa7f4a9b88a881241da1f214e999ee4a815b647
IGG0CLBT	0	1	0fdec5d302b1016981fec7c84e756ca8e83abbef1a032cde749f23895937a0c8
IGG0CLBU	0	1	65319169b55d2ba135b6ee80132cf5d8a0b4af697fbc40d215daf85ae3048269
IGG0CLBV	0	1	2164ff4cdac8876ae28b50c2b3193a8ed6e05e01fb152011cc701afa88677c5a
IGG0CLBW	0	1	8888e19129495a3a7712df91f43ed7c08158c52e5d0bfc3b254ee3b7af3c9dfe
IGG0CLBX	0	1	55031531f7ab49d3b3df6be504dec5b72ad6572b450b1f701d77acd3eaf32d74
IGG0CLBY	0	1	f9d322dd8889630a2f0a1fbeb17a1fc5849be8a70aad387905c6f82b56ef0ce0
IGG0CLBZ	0	1	86604680c8f9140f3a0a7ef508bdcb3358f8d9242970fdf3312f122bd1266c4a
IGG0CLC9	0	1	f0f8836d216415e3d966c952f4c4c21d200df4d127fcf1e5be2d4e4dd95f034f
IGG0CLCA	8	1	6fcad5caaccf180176c0ad98fd51172d04f9b4f68ec7a929443f189bb2db5fc5
IGG0CLCB	0	1	5c5396c210aee4e77693692aa716f629a339f3ae4f19d9d443e1db4aa9d42919
IGG0CLCC	8	1	053eaee5d710883e90eb5ccd5142de00f991d6cf11bcc834a97d5a57b52860ba
IGG0CLCD	8	1	f69dd40b1738ab0f3be2b67d5abb1c06cb940d7f392d479d9c132849bb5c3123
IGG0CLCE	0	1	68502583fafbe35732ce8e734914969d0efde71bfd4f306c614e99de9bacf388
IGG0CLCF	0	1	eb19dda61a301a1f1d080e4f6625928bbb1b6dd3274ddd422f7056f46a266676
IGG0CLDA	0	1	1b9b8c40962593822968d9af830309710f6104e55af2fb085ac9c635d2b46880
IGG0CLDC	0	1	19c2e81cd1db78530390b2aec797f2197a91cd506e4701932f76e62e1dbabb10
IGG0CLDD	0	1	4b5cc4fb46277527a634bccfd6b6b509fbd1e79df66c39ad1e5e38e30a39cca4
IGG0CLF2	0	1	8c5ca98503d3032f20a898a56c51c50f0395de0af420f633c9189586ee899e79
IGG1AN	0	1	394dfe5f7dbdbc9a6dfab2a2c8e2b5a09b00f12119300c06a59722a4397efb36
IGG1HN	0	1	e4fd1e3b96cffb462005aa6f48556ec6b8eb36ab9cac5f3818727a2de16ffb48
IGG1PCAN	0	1	79a9793b8476190f24f6aa103bc5111de3364333466373ea38c5001ffc33485c
IGG1PCHN	0	1	869d0d6b20f5add191f9dbdb9581156c11d32e13b4622e3ebfa806da3e92c853
IGG1PN	0	1	fa0fa1e0a3afd93868475e6bfb1dd97aa0855c2706e2050301ce3e49afc527a4
IGG1QN	0	1	ec53986b09ba4fda6f44d3f112dd61594295a23990d3078e02eedfbae53d4f91
IGG1QNC	0	1	cf88fe891f9ae32c1ba904758893729cda84eaa8bd54e9861c03fa22986c96cc
IGG1RN	0	1	4ef95ebbae11aaab77c77144a093efc17b1835d90cd4eae7ac56607f4e3b4c9a
IGG1SN	0	1	2b162300eb6d806c934a070354e9754f9fede13d8fb0592e2683744396a62144
IGG1TN	0	1	6232217685fa772e864e4ff4e9806cc0c997cd418a59fbc8f73bb717a0016a18
IGG1XN	0	1	0e5035c3121e487c43ec09ae49c80881156dcc7faa2a9c351cee2c38178c99f4
IGG1YN	0	1	95e2bbb05a2696ab606628a26522698dce721c174ed05ade3ffbd1062463911b
IGG2A11	0	1	74ce35a2794cf8e075ae7bcfa1091d1322dd78b45e1250f7980d450a2b484267
IGG2G11	0	1	911d5375e874714c1dad0a428659d8659d2beeb10d811cbb1e3e39cbb718d104
IGG2H11	0	1	00e169de1647bc56b913e4107b41b6c8c852631e3f08c0814d9ec0efd99bab0b
IGG2P11	0	1	5db1cd585301f2c288840986edda186836d190edbe16c0955c6914a6cf67ced7
IGG2T11	0	1	b5101cd05122053510023a1091b57ab6e495c22251f38b972962429105cddf65
IGG3AN	0	1	b6b8589a0b881caddc0ea399cc6e0612cec2604d690bb2ed3d6eb75a50a72361
IGG3HN	0	1	d1e7367ca9cb6ff367bb780eaacad6ea74661cb0f216271b7bc2b1027847e9b0
IGG3PCAN	0	1	72a4449ef3e7aa56efbcfa60d1bf9b7c9070e37195c837b43b51c0e1e15540da
IGG3PCHN	0	1	35f801818f40f001b7a204112c82515c19220f55999830ae0141901eaa0f10b1
IGG3PN	0	1	5021f7d82180de75362eba20445d4d3f2dbdce558eb83c4e2940d834a173fa38
IGG3QN	0	1	5bad544432f6e33c0a0da50862c31156dffcca4e5592707eb485fc2ccf6cdb5b
IGG3QNC	0	1	759974d96753e82732405258192b3b1d9b20cc3cb6124fa5dd36779eec9a3c5a
IGG3RN	0	1	4c2389e464629c500e8532c177329d73c88f14cd7df7648c164ac7aa736d64d2
IGG3SN	0	1	ad7457f5ef2823707567c823e0250bf19d835167d1dd004e4326324ef3c85ab3
IGG3TN	0	1	941f4250e39a4e4996707164a41f794522aa0cfe9b93e98224e6d8b3dc0d61b1
IGG3XN	0	1	c60f7dafa643e6215e940396e3f5a258519bdf1c34c7114e5efbb9379d634d88
IGG3YN	0	1	b3d84530f918f0dd7499dec3e9b5681a7cf7c6f9152efdac3d69d33974774f96
IGGMSG01	0	1	c4f1df6cb07892c78402450838f4f88548b2746a86c7eeb9dc2d362ee6804339
IGGMSG02	0	1	dfe11cebe4b6b413751522fa2b4766497858e59ee1148a528f7e1bcc04904921
IGX00013	0	1	595664afa837a4924656deadca887594e97f34fbeeeaab75d3366a1e9f2eaee6
IGX00014	0	1	11653792054b8ae960305638868bd83748d0ddada0d482acaf07d730e834f381
IGX00015	0	1	2dd6aa6a5bf819303bf75f083bfde021e60367b4ec6bab6f70484f445568d490
IGX00026	0	1	790f92907b0dc80765789bc833eb8c70a3fafcdb072238864ae2e169dcf79710
IGX00027	0	1	11bc293d192662e5b8fcb0a91e4ff90abacd2e25f2d159e7cae0b57ec9cf46b3
IHCGSP01	8	1	4e5dc293068f0e5447474553c429244daf90f1095e14c5d8ce5bc23710110f9c
IHCGSP02	8	1	1e84a3aeda94405a16ed6b1fa2896477353e1a1968cf7a569b68ea215a77d015
IHCGSP03	8	1	c8f5d80bf3c6c5607ecf3def45058d4698907a0bb2e29054ddf636548b12da06
IHCGSP04	0	1	f02401d481227746721a3ba9da5215083926c73946b3f249e86f316066b503ee
IHDGSP01	8	1	b2ccac9b528b3796a9b2b6e819f9a74061e8b1e5e4b5a84a336ed79a1d95fe27
IHDGSP03	8	1	2b77c58c3b60face1d9c7b4e42305668867d17d677c1914f73545cc0424c2468
IHEGSP03	8	1	757b6a8152850908d950791cd8bec2acca394a7378b7b08bf16282a118787adb
IHJACP00	8	1	34a9199f5465a66426178fa9f8a3f6433dda83e1a3be025319f6f283df404afd
IHJACP01	8	1	67a32d9ddee798cd69634f78da5931e4b9276aa97ef83597dfd98119f5de5358
IHJACP02	8	1	1f2cb7adbdccd524b8cbbb238f91fbae9aae9279db7ff37b0d5db62798bd6423
IHJACP20	0	1	340c8b84587881503e90db42e636c4a6e9ecadb0477a7028c72e97a526efd2bf
IHJACP25	0	1	26a50a418b82458e8560d62905c62081ce85334be829aebe4c6745fccdf9648f
IHJACP50	8	1	0f288b04cc5aabc83b11569c40118c0c728f39d03bb2b7a45a47d7640826b54d
IHJACP70	8	1	a6fc49dfcaf7f89bfc98fbda106eaccc479b06eecffedfff95f04ce3c8c8c58f
IHJARS00	8	1	4f564d1f53ee43a94d966093838b27917cdd0423230d29c9f82b40f2cbf9e5d9
IHJARS01	0	1	346b18f556d34dc40abb2aee89ed1f5b89c8b0f1e7d6c396e0a97326a3a78182
IHJARS60	8	1	c7e36cd4c59661d53816ecb1596f7585dd3d4e60a262fe0c166659999e68554a
IHJQCP30	0	1	eafd4eebc0f847e378efc73b021104e8caf624606eb196cd348cbb1f8530bcb2
IHJQCP31	0	1	b890077abb2c417b1243a7667fd828f967919529ca59db7fac4cf6d20226642e
IHJQCP32	0	1	1e65d25d55990a01a1c628592aa8e4922c3af47642d940f3c5d2158141ded97f
IHJQRS20	0	1	7c8d339f4dab2f00ea7c4f8b62b68da6738e4915e6042b102b46538227bc2d1a
IHJQRS21	0	1	7d121a6acc0d175bc35700f2a55e46e56748b93a695db63d309d612df80733ff
IHJQRS22	0	1	fcbab874da4a3b214201b43f51927958d04dca04c26da50ecb0f2e1facf5e200
IHJQRS23	0	1	661eccba0b60a71d716f3e3772bf3adc54963ea7cb32c865f8c98e622ec07ff5
IHJQRS24	0	1	e58be919d7cf409d7ee448f25aef36649e1b412466b376d037449d6838db5366
IKJ5803D	0	1	931aa9103529220745bbb48a0ab9077b162becf6504debfa235bae7b7653baeb
IKJCB831	0	1	e907165419cfe39e986115227c3aa94fc40881a783bcdb7b8807ade04cdb9422
IKJCT430	0	1	a037971986223c7ca8c7e9208f0910ddfb3c5f969d24a15781d82b9567f7c598
IKJCT431	8	1	99c1e70144c5aa0e4c98e994b530447ad3f88effd25ea6e8d9c814f699e65c4d
IKJCT432	0	1	3423e861ce24465f4b71fa7f016dbfc4d5511563def1a238b9cd93775545e52f
IKJCT433	0	1	3ae1d5ac825c79f8b62bfb11ee1699230b31851a511e295c457cd95fdd1f1d00
IKJCT434	0	1	0293b943e77d996ab1fcbc9ef94b997bf361507e066b26a47c8da6ee3394cdee
IKJCT435	0	1	e2e14967f29788abb4e9704dc68ea5394b03e2a8f8e9232e21c978fba5f1811c
IKJCT436	0	1	84a6e259cd9882ff3238fc82d5cf378e93b3f5fcc19854568422d16985ec6d75
IKJCT460	0	1	fd0f76301ebdca143e4d1e9454acf24ad12190daa245a8de510894128c414d4a
IKJCT462	0	1	dd3e6f05aba372f8970be472d32690eede36fde3065e3fc90fac4d060129e020
IKJCT463	0	1	8cc9121d40ad3b4cb9b7d4debb75f2dc553839f7c19bc9992120a575d27e1821
IKJCT464	0	1	cf8786a77681923e99545ddac8b77b7acaee57f60c664a9b47c34bfb749bb774
IKJCT466	0	1	06fc5dafb5f7d017ac6b15f94f2cf00bb1a9e59b92a7bfbd186f0eeef94e821a
IKJCT467	8	1	b1f4c6b4062976a77d305d74210b981c747e07cbba717f1256e47c9a593b6487
IKJCT469	8	1	7b06f52ef2670e48fef0beb62eb4fff4e06a16124d286324072f0bf6ecf7e2af
IKJCT470	0	1	67976be452c2f31f6c0c403893b52d40c7d53a7eb3c26594e5e862e366cfc872
IKJCT471	0	1	5ccb00b2a36f3a93e4ff53e1c109171bcad59edc40949aaa60a76645a7f139e4
IKJCT472	0	1	137eb448decf0b7fefe7cfc63f76bd1d0e41c775c2152138145b28ee809e4af6
IKJCT473	0	1	2727f7846924282ae749426948f02dca9251c479d6febd831c56b0d6ef1d3b1e
IKJEBEAA	0	1	02d26d01731c897186552d4a8adea9b934f4784a04065c56508d99b53f2e4c99
IKJEBEAE	0	1	8eef89197039a01278a7c8ab4b38c5b9424e58c11786bf3338ef17a89e2d4f18
IKJEBEAR	0	1	4c9b72937377877470e855cb56c02486f91a40c29529169b4a0f95ad2ecc27a8
IKJEBEAT	0	1	58fb36a2ad1abb86d4db6f97b6dd5b0fd6eaa6893f5250191966702a036377bb
IKJEBEBO	0	1	59fc4224d881103a67466fa2c69740e3ad9467b70f50b13324a85c2099c9e80c
IKJEBECH	0	1	2b2758ef524a0486cfd99377b79008f653b4bb945eca3bcef8541bd7d82a092e
IKJEBECI	0	1	15996fd3606a08a1a16b4a5997b900519aa516d1914667f9213356eebf5820ea
IKJEBECK	0	1	823aab4f0919c2b551e33a7661084be6cd2df6a205d162dabb7c1b6f3293b727
IKJEBECO	0	1	9590b39fa7667b7702346d92bcde68ed0806eb5860b3d2fa3a9779796c6acbff
IKJEBEDA	0	1	31763f26ef6a2f876340d6947f0f9cbc1d9d4efeb08670c514b37915cf5973c3
IKJEBEDC	0	1	282c0d2dd71f25f770690c64bdbf360b2a6f9e76466bc578678cf4bbe6f61629
IKJEBEDE	0	1	5eeda9a113692cf577989794ccfe1d104be317461a50b0ed5f81d82c4d78e177
IKJEBEDO	8	1	8036a27b9e5f69862cf8c54b6b7b00459901e0e764227938dffded8a714380fe
IKJEBEDX	0	1	c402101189c868586274e1f28539cee974393a39e4ab4fd68236263d29e344e8
IKJEBEEN	8	1	2acb8e03856c219ae7318ae6ce0c714247b5b80dc50196404c556aa4bed683d6
IKJEBEEX	0	1	5f29d5f8a6b172925122f23de7a3477cfad318dc0349a205ba191a06bf406bc2
IKJEBEFC	0	1	1edc3ab2c100e98b8cfc0014833f1e8afb9670406d55c09a945e0217fe93aa53
IKJEBEFI	8	1	62a3bfc4d974ee0734bd91e2996305318e71fcba25c683c830b3922d0473cb7e
IKJEBEFO	8	1	ff8499423b59c45e5aff03cc05594518889443e173038dff0424d59d1544ea14
IKJEBEHE	0	1	145cf20723696d33e8be1b15ab819d7a2e35b3c5636449c83e380f27dbe42e21
IKJEBEIA	8	1	edb3c816ca37151dec83ac987cf536037ebe7a737a88de06db70e5bfcfd9727a
IKJEBEIP	0	1	254b6af117a864567db27b3b0d23e8c5051973820ae63f656059b96a7e98b17f
IKJEBEIS	8	1	c6626d34e83b41050b144062a1c908395910c5ef03075e911cbc44c41b083be0
IKJEBELE	0	1	897061fb7d38073620fe91de3765adbfa0bb4c0f0be4a4ced7bbcf36cb02f757
IKJEBELI	8	1	a64daf6cf73c64081876be3b976dd97ca19aa0f4f596f605e88bae0cfa870947
IKJEBELT	8	1	0e5880fcd6550a6e386ba30d7a959b75b8876103c0fee7b78fa64a888dc86282
IKJEBEM1	0	1	88c7ea81b7ee1a2afe69741985a1d164b9ecfec700dc89635968f2d1c5e12158
IKJEBEM2	0	1	4234c196fc3dfe99f5c69fba9e795ae86a92055252674e146d96e1908d9ef3dd
IKJEBEM3	0	1	cb959f4b9e6deb0e8ee6c1da687aa3f42c1009e9ac2b8b48277567a29110d784
IKJEBEM4	0	1	dbbcde9e4e6bedc9598b7523ab7866ca9e3d0829462602b28dd396a8f01bd6de
IKJEBEM5	0	1	fbcff7dcc28246b93eb49d252ecf06799a2e0a10535bbd4545babd850c47f252
IKJEBEM6	0	1	fd1dfea9dd8f5e60dd4ffbdeb8cd5147f4c877864df7856fad79d9df6603b0df
IKJEBEM7	0	1	7414dcbad8e088c0aeab96695f0eead8f351b5fda54d78e03be6136f9371dec9
IKJEBEMA	8	1	958fe032ef384f6805b8a9fcd242a57572bc5fb839a2b8291778c76255bf65fb
IKJEBEMC	8	1	01cea0c415da58e13cd0fa2382080388b821e730452283ecb8da5589678f8b69
IKJEBEME	8	1	f5c1e09c605ed0c20eb4ffd9c82a6b5063a8563570c359f0c9c24ce4f135bda4
IKJEBEMR	8	1	955f55d87e93d3c8d0e16c9f687f85704d01d37fc300d8fadfe4ec0d5b6db9e2
IKJEBEMS	0	1	9f322a0af8f5d5b980ec9ef4630c379bf1e83fd805637abdfb61459758962314
IKJEBEPS	0	1	4464922578b2a647724efb5a561a655327262361b6f886a9dd4576185a028fff
IKJEBERC	0	1	997670f238f6f46bb59f9a9fae4b35cf48b3469b96e4d0d51def173b4488abbd
IKJEBERE	8	1	ce5ebbbfbe1d82d2dcffaa8e54d78c5662ffca4dec890ee3671b699c4833eca4
IKJEBERN	0	1	f93caa0bac76ee5bb18e46f3ee8c4bade59812ccbcf1720710a97792c746d11f
IKJEBERU	8	1	dd8225f2a4900e19a0b2b2fd846e52dc3a3a221211b39160bacbdf3db392ba2e
IKJEBESA	8	1	f838b90d918330d07117838fe0384f2f12500439b442fa4dde99055eb7c5a633
IKJEBESC	0	1	8f688d5b0679c39799d385b796bdd20e9847b0206045de9a55485c0be111a33e
IKJEBESE	0	1	d9b3aebcf0e7e2438f0daecb615b900ecc62571c94d0afc655fe2c01bf01e29d
IKJEBESU	0	1	5475e8ee41c55afbb6a6b747112469ad497b82e8dd4072d33d0b1c3275ef69b4
IKJEBETA	8	1	c1e012f3f8c5dc1ecf44341eaf4b8b1476f7b7794dc1f1f55fe62a5141ed4537
IKJEBETO	0	1	fb6d5ac7d589d89d1bf11a940a959e4e4cf6b8eea60c23438e0886907ac93c8e
IKJEBEUI	0	1	50caeb674b5162ea7424a055f46051ce5be1b3dd997f17c6cc733d47dcb9f83b
IKJEBEUN	0	1	037e3a30f359c352b1ba63b43592702c997cf19b2a67b1106f22eeb20ea4f725
IKJEBEUP	8	1	052b964328f99cff80221748cfa6eb3bfde7e5550f7fa3f16684a5649a61b844
IKJEBEUT	8	1	4268030a460f1c659cf5a4f93cc47699a699a9e3d3582ca5dd1a9c469bab2c84
IKJEBEVE	0	1	6fde35f123675b8881d3b52b4307200ed9a7795619eac80f75461aaf33d79c05
IKJEE100	0	1	643ca4c98944bc625cf4328258908148f8d4200803df3ba115a3add0a2744578
IKJEE150	0	1	2096aa200ab8188f9ddf71017c342fc0924dd38da21c386318e6413be949cb08
IKJEE1A0	0	1	0c37e7de8c5d6a23659cdf4fee567272a371a54e8536cc8bace52f39474db1a9
IKJEES10	0	1	da3fe2d458e573e9c2e31e0827c75474aec92f0868da186e9144b6869a5c5789
IKJEES11	8	1	dd6b8b1eac8d898ccf564644facec1a80beda2a91f99446d491737bcf84e5aff
IKJEES20	0	1	6bb7b457244e3c847cc2dff06fb9ed257cc3003424466275302619894a50bcf9
IKJEES40	0	1	75be72ad35f6ce0e88419518b4b90cff53448d2ad1c9f465671636baf6ba94fc
IKJEES70	0	1	54559597c8b5d97e6380ed27716e273b3452441fc88f5aa6dbc4b738549e55db
IKJEES74	0	1	69eb604cab1a6d5426b43695ee5e610931417e26926e901fa7dc62aa5c09966f
IKJEES75	0	1	50d9fe569233eadef6a5ef185aa22d59940c6660ec9088e8094ee593c26e6fd3
IKJEFA00	0	1	d31ad3f70807141b49ab38055d9f995730f66fb632650b960e80bacd1e525646
IKJEFA01	0	1	4e8909ea7ae576a6958dd6b8b2566591adba72a59dcaeeaaba9649e8ca1351f6
IKJEFA10	0	1	14a0536318cda2b3abe3c23f03eed03b8137e3a78b84e4212ba9aadac4ecf6b3
IKJEFA11	0	1	f1accd08069d30961ee4c6dc0ec80e688ec0a59097ec2173fe15d976d138ef5b
IKJEFA12	0	1	4a1dbee2217afdffa8afd8a0a0488f46226bb760f029a864f70fdf3655f8613e
IKJEFA13	0	1	2f39442c2f266a5faa2a05c4db495f5ce0849dc6062a91fc9a9d225539397add
IKJEFA20	0	1	d26133d3a5674ac6f4e410edf067f34fc0956534ce001c8e7f42cca242de3d1c
IKJEFA21	0	1	9d9d8832c977df7dabc775c8d88d9fb34211da60286d77dab61edcb54ede9645
IKJEFA22	0	1	95febf9123fa43b778b4e6c04936010a5ebd42f0ff29e075a993440bbd2206ec
IKJEFA23	0	1	9da826edcd18e15337eddd093b0145d9a201be776c868a32c4812302194319e0
IKJEFA24	8	1	5406ef4fc9cdd1fc35a8330689645312e6ff3f1e62348b341b44439151cc9baa
IKJEFA30	0	1	23b3c1dfc7b82d1ecc435f8e19898b57fc179014347c00a5de88a13db1a50220
IKJEFA31	0	1	802d4e92139f4c0b2f19ae9134b40f2c260785d25b075701da67c2fe317a6918
IKJEFA32	0	1	342bab5508793841099d9035b029b372402416baaa6cd9c8d684e34a5c1ad998
IKJEFA40	0	1	987eacc632eeaf31d1a06c488514c826a387bd7521f1a5e1cd96a122e0ed76a3
IKJEFA41	0	1	3b31dd3bb01b8a3b30c9fa3514b4b741c0769516bbc35eb1511689caed702535
IKJEFA42	0	1	0d0472853fc6c456c5bc1b1ebf1988faabf1aa42a8571deba362a8931244aa77
IKJEFA51	0	1	b86f750e137739674fe6c4058ec7fc94eaf19f65f306f992edb931679c9e4b1e
IKJEFA52	0	1	1effa49af8dcc86f07a4a311bbd62ffde1254eca08f1c49ae2b62995a4e85fae
IKJEFA53	0	1	b8adf62cc1ee16a2ee833b666aa34f8e91fcc6c48aa01d87b78abcb5c8eb8afb
IKJEFA54	0	1	621d4535d8a66247f78fc484da08bd8cc16e1fbb0b6782d9199545820d19fc53
IKJEFA55	0	1	ab380de0dea6b26fddd81a30a2ff1036956fd3792586d35b230b5b0a2282f54b
IKJEFATT	0	1	fb14b78fac5b1af019b891c092165c1696950b154c6b6738f6cc8efd3f3215bc
IKJEFD00	0	1	d4b03ea892af88e195e2e92e94da78f39c6886786a4a8bdb4dde23dbaca4779f
IKJEFD20	0	1	436e86e5d4ea07822d101c7bcc30a792455de47aa00568f144e362fd5f6409b8
IKJEFD30	0	1	8d2d15a8eaf6c4a52535adf8fb059a511489582bc17fccb9026af1b1bf868cda
IKJEFD31	0	1	59ecd9586eebb605a654784db013087f0caee6a28810aaf133c15980d2f3b1b8
IKJEFD32	0	1	bccfa001ada26b6d0133ad1fb3302b0c0cd653a1ddb80c115ef8669087a1fb9e
IKJEFD33	0	1	74b05fa8aa60ad95bf137a17819a41330647a4ed803466be8430dc3020c83c27
IKJEFD34	0	1	4b36eb34b4d52abc07993a9cefb0c557f5dc9f5425a349f506fe6e9d684622d0
IKJEFD35	0	1	50e41045727a31047ef90a90c71ba11ef2d5c8dd50ce791cd6019209543adff1
IKJEFD36	0	1	5b59b9a9f0e34a6bec6c455061a0484beca9dccb77cb89919a9f98d42a4d0435
IKJEFD37	8	1	248565856c1c27632ba21a45f884d85ef6610e88230971ac09fce44bcf950237
IKJEFE01	0	1	01090f461da17e2d7ad540cbad9f4a85ed73962c9df78d54790082952735995a
IKJEFE02	0	1	e7960b6dab10c969b80975c6f94fdd6bfc643d15cec5aa4fe83e91dfe1715595
IKJEFE03	0	1	41751b3a92ef736dbdecc1383c69561d6e53deb500867a823917e41508684fe8
IKJEFE04	0	1	8456a7db4b0e98900f30e0622255f2f5abe071145d787af32349220f9aa1f9c6
IKJEFE05	0	1	8b07476ea7aaff5b01f835725fa0cfa92e34f496b59c17f74119ca95717569c2
IKJEFE06	0	1	6a4db4cbae9a2d2b015bcad4259358ca7f181875fb6d1a1fa50788381ceddc9d
IKJEFE11	0	1	6162712d58bf4f661b82d9ba11ca9ffc76c8b8726597091dc2c44f2f0172432e
IKJEFE15	0	1	042b427a2d93f0336f1986629666c9cee4a4fa2e871e316a5259ae4ec293b9b6
IKJEFE16	0	1	a1650d5a87adc81c8f3c23c836a6296f4f67eeefaf936ff0280d6fc7cff90ceb
IKJEFF00	0	1	4da2e0bafae2b5694d3d54d9c8a05216be194ed1413be40ac03f5978b0f401d3
IKJEFF01	0	1	4fbadcb32c7e57c04ce61ae16478326441db160996e90f453b2b71bdcc51a612
IKJEFF02	0	1	e81cd8ffb7598aa1c80c1f269810e23e14afb641571894dd947d16e25c76d737
IKJEFF03	0	1	ef96b884ce9dcfc4ff6593b5bab916869ddbfd309526fe190595345460e57e22
IKJEFF04	0	1	4cb38b051cbe7ae253fe1e34e2a377fb104f558c721e073fc6a4a87fb00d846d
IKJEFF05	0	1	52b26a5b5059659d67bcdb05674263b8bf8701ab78f6ae0c2a420bb6454bff06
IKJEFF06	0	1	710a0b420100f6d5cd7bf05673f0c19b86eda79b9873402efbaf26c86996d15f
IKJEFF07	0	1	b5d5cbdc2ae14b402f33e031c7f9cfd48ac96df2ba90e990e3d965ace3cbd026
IKJEFF08	0	1	47024aae4c3354cdc90e75425953a0195cb2d1322151b67363f04f309eb59263
IKJEFF09	0	1	eb048429e507262139e398d3caf3825c6a2e489a9bcfea856ee787da7739a648
IKJEFF10	0	1	4c9d04a7ad3bef009f4a1d3b1ca7dc16644776c1ce06581bd91d7bb4e6a2b994
IKJEFF12	0	1	7f6be542d7060bd20072d35d8508e72c30730244ef2516c79595db7c43db1f48
IKJEFF13	0	1	f5ee787628c276389315508dbbd7c827e3e23caeadedc87f141771c36acf8854
IKJEFF15	0	1	97ac8295dae9681d4cc2fc6f173ee0d8530a15e151eb3074d74fffe622883f0e
IKJEFF16	0	1	64874c5d30912f635cab877e31fe1a9d40e295650c770c32dea1213c8372f219
IKJEFF18	0	1	ced791f9f7278626264b24b21100c3c616b43aa82a3ea6c7bd61678572cffebb
IKJEFF19	0	1	d52672b71ff7d62534f274593def1ca10f7715f19fb8306c83cfa5df869b68cf
IKJEFF20	0	1	5e5625485fc91f4bdb59db04ca6e7e1805e43b48b965427a9fc55f8785402b53
IKJEFF49	0	1	903047e39b18888a38abf13b352e5cb727e9aaf4ef94c17aa80d50d893886e2d
IKJEFF50	0	1	cd57bd5a9dc33f9239ebe0bc64cd0dddeb0a4c6617b03c92058b5d610db3ffba
IKJEFF51	0	1	3dfc838e40834f0c886bb1d7ecc6ed97dbae107b986bddefe74828752b07e4ac
IKJEFF52	0	1	852ff8c1203d2730c48747f3d5cc8b648fde664e53f280285c8dabd31904faee
IKJEFF53	0	1	858014afb1abe905c740c383823ae19bc435a6a4828301251edc2c7ced50a203
IKJEFF54	0	1	98b46bbf3f9194a911c4f76aed57b8f83771122c0b2093f0ae6ecf7b40da3454
IKJEFF55	0	1	87040d6507aa1b941c2d27fc56ca5891204d6e2534696c440fe60e7011a73ee6
IKJEFF56	0	1	e36fb24a3478ce616ddc47d672f402c4c970ec61255ff2d9f1bfca5f5cc48bd7
IKJEFF57	0	1	daab4dc72f983accf6848cb166d536f7c3c31f698f72bde121b2d2075849720c
IKJEFF58	0	1	cd90152682fd9ac29100d4359d44cba342ef910a8bb3224094b5b1b143831719
IKJEFF76	0	1	47bdfce4cf56e8fe37bae93ef01227fb3b28c0f23b809aef060e668013fbe7a1
IKJEFF77	0	1	e17f67183dfe7ecfaaa085a446aa4f446b956285890660f3efe7c4f8b0ccaa78
IKJEFG00	0	1	02a4f5bcab0d311e8832b9ea6f4ec4aecdcea62ab18bf27be71d594e115095db
IKJEFH00	0	1	cddccb7135f64f7dad84f2a278465602486d86449d09e8573350cfd69994303f
IKJEFH01	0	1	2312395d3cae078eb5761c4c770c618b684ba9f2d4ceedac51082972254eb76c
IKJEFH02	0	1	c5b568e565a62d67de1f406ff025f559ccefaf54001f3fa6e72cdc92d93dd101
IKJEFH03	8	1	07492066a012475117bdb3fb7d215d0713674f472f818f20641d98c35e5f7623
IKJEFL00	0	1	bf70ec19e0680ba4319890b87a8663c95299c3f69fd2b84f3428c3e20b2cd522
IKJEFLA	0	1	fe537f9b2940c8666fa64fbdfbba7aca88a80a88882a369ae993d2d11861d802
IKJEFLB	0	1	bbfecb9de89642c5031e40bb9afbc7c80cb07c4cce71217321fc15f56f920209
IKJEFLC	0	1	b6993ba6a32e87c5d95f3684f74f555524e8403e450e94087372cab43475751e
IKJEFLCM	0	1	b06b1147e66b951ab72a7708e1daf5f69680767adeba187d1c5cf253a26a52b9
IKJEFLE	0	1	c243afe54cb268625fe98b19bca14b631a4b1d44b18b0cae07898c477969ccad
IKJEFLEA	8	1	fc1fae2b1476c49a02824ed89f3f20eedcff421cfa19a360c5b1402a9b23454b
IKJEFLF	0	1	3d8ed0cdff5b744ea15c6e04610ce507d31f87a925f0aed651a60532a091fa52
IKJEFLG	0	1	22cce20839cda546d7fa7ed24a3cac9b3b164b156ad893d4e4e0be0cb989c7bc
IKJEFLGB	0	1	0d997a207d47589b4ee65a2a99d337281f07fd952a97ad3646d2aa4270fc4a2e
IKJEFLGH	0	1	d4e089b15b012a30d8d2be10ff6735698c962408667f1132d7100339e3856148
IKJEFLGM	0	1	e7869eee69fa9f4ce531d41fe2eb85d662a6195b0fb5c96aa2737f7c98e71800
IKJEFLGN	0	1	fbd46dc56c53bdd7e8b0a776ac213632f4a21432d1908e8868c42924dc71e841
IKJEFLH	0	1	1f433d368653fd45a2b8ae05dcce4e3b5a7ae533f9c75b2575f81071c3d5aa2f
IKJEFLI	0	1	33814ac3a55bd4f5137b2735d5eae253dbb4de9589d819a18fd8a4e3ab8a5f6a
IKJEFLJ	0	1	1079b3bc9769f8663642c9a7f993869e31e68eb756183cf6684261b2b6d035f6
IKJEFLK	0	1	93c8f78cea3194c6584584209597c54f6d076691d4be7cf8021f625f8513f9f9
IKJEFLL	0	1	3fc35e8f9bb7a7deaa550c70b744668590b9b53db1fb068f7f2a214b4f438f9d
IKJEFLLM	0	1	10cff423b423a451304b61cef45c4ee857b28324a9e48744cf1373005037e92d
IKJEFLPA	0	1	96972b888d018c9793ff1b388dfde8afac6df38a140c93e930fe8d384ffb3876
IKJEFLS	0	1	ce25f677fb60092f79a12b5fda26b2b075969f38e02f4e7abcddc8eb847f9afa
IKJEFP00	0	1	13f256ecd7383134c6e326eb2718624dd4fa64cddb106c57c9a21e0d079a9c53
IKJEFP03	0	1	e04831e8d6e495c1ae6bdf07b2d4ad3ba4075b751941ca51ce8181968bcfe778
IKJEFP10	0	1	3ab679eb099d71f7640d07f37e602f1b6cc696699540bb83a276a89e2f619ae8
IKJEFP20	0	1	28addc60e8e281c2153a4562d84c479f469e1f87db12bb9fa3a7f7ff1ae14e53
IKJEFP30	0	1	ce6df247fe9981ccea046f12a88597a2fa311d2dd646ce345c31e17b672a62f9
IKJEFP40	0	1	bd94c29c16eb528237f36b14380a26f91fb37c858cac9b1343ffbf1f8ff69e84
IKJEFP60	0	1	1d324307f75b8d8736de71e81c36f8a8de53a62fe1f5c07a56cc8b4b6e52e094
IKJEFR00	0	1	30744f07ab38ac84fcb48d6ac24426b64d11722b30dc0077bad879dd818b2e26
IKJEFT01	0	1	3f9172d4a843b61164a94cb0e9af81566f419faf38cd802ea37a8dc185cfa222
IKJEFT02	0	1	42c494d776ecc81fb504ee1e088897ed13ee949f0d52177f088fb368f1f01e83
IKJEFT03	0	1	44ced61c3f27450cc9b6aa9611b0f710758772e16f9e9f2280c0b8eaf5d98e32
IKJEFT04	0	1	bda73c703e376439f061921d75eb6e454d0c28832863abe78a83494460d2bde5
IKJEFT05	0	1	0bf6b97357cb65b569072c953d792384261d40508510c0be15cedd72d3b75ac0
IKJEFT06	0	1	e93cf5955a7d2e3878a53cdde1f51bbfa14f505505ad18d6c5131f8cb9e5539f
IKJEFT07	0	1	e5aaea6567aa876f2e19d0d95e056a2401dc82d0fa3c906e4d5bca3443517afe
IKJEFT08	0	1	397eb6e74f4459700f111f2227ec71f71e62969924716fbdc48bbfc40f6e876c
IKJEFT09	0	1	2ac8b74934267cffaa4c834a17899b8a6cabd4be6714a2f3e3cc69a3b673a75c
IKJEFT25	0	1	2e81ab4e20c7fd6b5c3bfbd9d69970026af014fdf8c26443c6bdf0148a50f5d6
IKJEFT30	0	1	db210809b8a829e9f6aa12bb87c691650eabd203be3ac152faf565dfe0b1df4d
IKJEFT35	0	1	2639360881e1144f9ea0d2d54ad2a5147a8ab2647358f97a35c21018bb026080
IKJEFT40	0	1	ec1d5d8aabd199b3343c7d210a3985b6558c809ba83a65b63604be5a40cb7cf5
IKJEFT45	0	1	7a50b1c31a230f0d2faf33836cb73e8cdbd501268056a01fd755e5d274b9addf
IKJEFT52	0	1	5571cf7316fe013ee3c639a448577aad4f51be799cc37ba3211c8e4d8ee64d2f
IKJEFT53	0	1	f8aaf559b5f9d87788475e99eb31216b36f74d144c6aa7baee78bcb4372c61db
IKJEFT54	0	1	800a735484965fbace59f137e1b6b976e02bcc069d63e7c470c8fb3ef738d072
IKJEFT55	0	1	8dc315ad052377dc0d0a69a5e1c48574b68c465c67f1e0f556b577d31fa32187
IKJEFT56	0	1	33034dd8bdd99833394525bbd2d0612449418d951b4ab52a9029ea34cc96b07a
IKJEFT80	0	1	a1e27185c2119e462ea9b88f000ee20d6ebc5a218ea0fa01e7dd9d73d2941f64
IKJEFT82	0	1	4f9d9369c41e0747327f86de037b2c7d0da50fbd9d0e73272d10e5d832985a8a
IKJEFTE2	0	1	43e7099ee73f99fa07d1460a833f48569cd7885dd7bc828ad8bedabbf40b0f71
IKJEFTE8	0	1	fa3bfcfb7ddf2747b4ba9f596ed759f39f54c38430d00ef927c05becd322a778
IKJEFTNS	0	1	4bc865bd16cb68fb9fc20e72ac911ec908584b52ed1173720e7b3d80bf99f902
IKJEFTSC	0	1	8f8e1634d0acd0f1eb37934edf1b4a6e5e3a4775c37185cd449ae2924f15af75
IKJEFXSR	0	1	b26f4f4cbb563ac179a11d1ce959f200e9229d2f5908844e36d6520556c97407
IKJEGASN	0	1	7bce8a53a7bd2df8e025fbe626c779760ebef5ca38b177d243943aa1a4736e43
IKJEGAT	8	1	a234bafd4d0619d62c8fc7860ec9970059f7503a9cd38967cbbeb2b94b3924f6
IKJEGATD	8	1	b6de8dde2decd89e6d0d24ec55f5253c3564654451cc4a1eb21f7591de1fbb57
IKJEGATN	0	1	6b46a340e107f53091c078a6c2bc8ce300902f9ee43181405070b4aa83615840
IKJEGCIV	0	1	d7f91bf1d274a6e9385b5550361ce544c142b953ea18b0cfb38c76fd075c410d
IKJEGCPY	0	1	e409e46ddce103ef345a86d7c45f294bebdb7e60a42f8fb773eacf49bf87b55b
IKJEGCVT	0	1	35b93ea874dba5f5ce68b72fa0c0ec54be8eafe11604a98d4f96962e61b37ae6
IKJEGDCB	0	1	8afc568de2636ead1f70d133b5f89bee794db5f2a5078a66a588d70f8fca89d0
IKJEGDEB	0	1	bc89d5e0c343ba417453302040f693f9b46ea043178ae305a6d29549d450939b
IKJEGEND	0	1	782c266a71519b0126c732a35cb6c77a87108a0507bc9300c952635f8b998418
IKJEGEQU	0	1	c373ce048e010793403751680b0859354219b0abff16f1d1b1766e051e4b5909
IKJEGGO	0	1	041f2d4021d873e41776e3739824f911acdeb5d767bb11b387e02e6c5530a5f2
IKJEGINT	8	1	0eccf1efd74fd6d6245132775d07d4537127f392e5065bf6485fd21b7dde3d06
IKJEGIO	0	1	9eadd70c98bee5dc5b152d3fe5897bee0b4c507f584b77ef2c258f7dee6be80a
IKJEGLDF	8	1	9bc3771b0981650a52d304759941a7038e2b108fd701574002f2419880cd532a
IKJEGLDR	0	1	be7576a93693c28bb87aff80ffb8826bafa44c459cd00b2b0609a43f2992d140
IKJEGLSA	8	1	95c116551c4761a6432c1b9a5dec7e5bb7eab538adc28493ce2950e8d6e18819
IKJEGLST	8	1	7ca32497c99a519f49212c88b2cb2357934c54e887af9ba556149b70a375ccb5
IKJEGMAP	0	1	473c05218b98de73def5517af31c7f40ac710a7e11b9240d0ec58467099986a3
IKJEGMNL	8	1	4256148abcd79edd5572de601cc23ce6f1dd503630eaa3af036aa072950572cf
IKJEGMSG	0	1	6a170ae2e9d6ff821086cf47b83de80451f3037b5442ab1f221be0b308af28f5
IKJEGOFF	0	1	ec5a45d5ffcabbfedbfeb710535a1b9c90c4d31fcf0f9e518c29a71eac5b6c25
IKJEGPCH	0	1	3912f79ee4af59283b8370ae5bb1b7832d326f4860eedac09ba411c7d9bd4359
IKJEGPSW	0	1	461ee3c3689a21ce5690ce9bbf41d2765baa28fc18cd5bcacb080e6af0147248
IKJEGQFY	0	1	28f941e3ed784d76221a04f9df230761c3e4515bdaf87c560239a156a272c78f
IKJEGSCD	0	1	43e3541234dc2acb4252d131314050ed69e58c2d4d5a197d23911834a76be1d6
IKJEGSRH	0	1	70c1f9fc0e4f561a79f19c5375a519b45985ef7576feb77ba1bb5c8f3bacfc77
IKJEGSTA	0	1	ed55fb17d17fcba61560952b5371ffc729c5d0d7ac429f07504b6408c5cf5c52
IKJEGSYM	0	1	f26b4127e1914858f45592926a7dd6768e576af9227283c3716e90852c63990a
IKJEGTCB	0	1	ac0e1f9b1c058d1a7fd6e18c14b164514544c01af54a22bf30201b90c76c6dcb
IKJEGWHR	0	1	7f7b03d86389e35957c9712de087d572daec2e8e54c68fbe8194c0de3df37fd2
IKJEHAL1	8	1	4174d51cd29982ea8c886947a1b380f4e6875de3f58c7dd1ff710d12749d5a79
IKJEHCIR	0	1	1bcff8db781c77e971454c00fbf98f90fdc591f8bc8d9b6e7aaec15432374dc9
IKJEHDEF	0	1	76f76374fc34a12dd51c90a062560516f8eeae0cbb92cbe5918e851d460de081
IKJEHDS1	0	1	44385e5b14a99475a40475f1bb723ffa7be39a9a26d34ae8dafb27c0296a7775
IKJEHMEM	0	1	48105ac12c9231ddd6e611f131271618f0fa711d46b9c0edef2f9cb07ccedc95
IKJEHPRO	8	1	76c8ef2387170e61bea478cb28ec7c11bf27bf7ed18e3273bcb310bad3d20363
IKJEHREN	0	1	33b791b6542af683abdf882fe7bb8b70e118547cfd86fb2bcbd1ee87cf295c6f
IKJEHSIR	0	1	2803a57db9967efe637f3543aed8d31e0c40f2dd1b48ff0883e8b194dd83983d
IKJL4T00	0	1	005a7ab529f646c04c393ad065e130cd025e526d77bbc03981436bb0d788556c
IKJNULL	0	1	3a1bee60e4a9487da1bb6a1cd20eac0f5874f7ce46d4531a3c4bbd83c5c9f402
IKJRBBCM	0	1	942aa3216084dc6b0880e5ae4b42464ca1c69a1995fa14c1eef1aa1b447abd3f
IKJRBBCR	0	1	6f7338be15158ecb33f3db80bb01ba6ef0bac3ab9a04b51166276e3555b4bd9b
IKJRBBMC	0	1	c5fd606153ec6f7a238bebcfb5b71aaf410d65fa82f9bc26280103e7bbeb3ba2
IKJRBBMG	0	1	3aed5cbe9b3974c5dfa5f907b36fd241669f6da3ce0d1dd4c7ff84830fda52e2
IKJRBBMP	0	1	21cb2afe095af1d28bd7468f1419e3c7875d284694d15f31dad05578bc7ca30c
IKJRBBU0	0	1	802f993a4d9b4981323a62be187e4a34ead40ee3a69b82876b76314c4c235249
IKJRBBU1	0	1	7824afe289990dea9c6690fd15f01f86659df8bbcf13fae2b8ac280e55b60686
IKJTTRM0	0	1	43514da58a6bc2f1efe896725af68e67a123398f2679b644e2d3a10812e0fe3c
IKT0009C	0	1	d41917beccc9988457fd34ec9e7aacc2cc288119e5820b76c10580c41b79cc5c
IKT0009D	0	1	3662ee20991596c579f1781a6e9accc8f2d6db05f3d57620b975e3f13069429f
IKT09401	0	1	3309eb2a6d11c4d0c57d73dc7cf56e936f77254dc2bb495ad080d8dd0b67e0d9
IKT09404	0	1	86d1ce2b221cd373341c0e3476318bba76b60e343f8e0c2e14554dc7c476d467
IKT09405	0	1	54eb1fbadc3f3dda6b6e7ec2f0371962e48809e3df3774d4e7f05775cb3daef2
IKT09409	0	1	879949a9caac7aae3b6850cdeab22c53aed4d72432b28008b615c966d2f26df4
IKT0940A	0	1	04f8aaa979a6552242539e4ef91407a112fdabb3c63f6fb733aa0e38aa830494
IKT0940C	0	1	85d4042878e3ac4287724859740a6a46e80853d9b41268c3e94ce97d2fcac65c
IKT0940D	0	1	4ab24f13c4412298fbcec0ce64db77734a9902895ff9273187e84275a717baca
IKT0940E	0	1	676d6ead5d8d10b7258bb1744323e629132277ff24fd90f1d92b07a5e43e8062
IKT0940F	0	1	25ad0310113400923763a80c6f778cdbf5ba9bcaaa211c37bf0a6b2be81835fc
IKT09412	0	1	fd101071d8252b1af7a922cc5fd0188d8973fb2dd522a19d792e145eddabc6b3
IKT09413	0	1	2c7b1297a406ea47b54ce24b38ff81d214869093fc6b24fd42b65818d6346851
IKT09414	0	1	4724bf0a0321d12ca53d6bdd208d843ace2e8f8f0d7d7bd03494fd33c993bbc0
IKT3270I	0	1	a5d6469c04bcd543d8573ac87af4f73a7966e29b7dc080e0a9ee363997f5b52d
IKT3270O	0	1	5ac58b904969f9444549c61df819d4a987a7c29f5c24264c5faf71d2a534d1e4
IKT93EST	0	1	10d3502a19605583ff5b5b803dd9004129a24a88df349c236b6501953935ae07
IKTASCII	0	1	8bffe87f8ea0281e422a2f01524bd9cc10a5a0c70d88069962f47145d2bab03b
IKTASTPT	0	1	d36ebaf6d5c7aa297526dbd43a99649ce4288bd3567e9e6ab468377c4b7c553e
IKTATTN	0	1	464bfa451475901585cdae1016e3ea8ece5ef6b4955124a383ba28591c503510
IKTAY8	8	1	2c15f85596ab3b99b41495c77c3ed68cfba16db06ea1f1ba614392ded1f78987
IKTCAS00	0	1	567c37f588c16bb09d8a1868b947fd2953e7714fe9df347f2ceb6b2157c5eba4
IKTCAS20	0	1	cb814e8da269c31b2a1af5c45732a146c4a12c0389d846b7d760e95a6dedf904
IKTCAS21	0	1	f54c788de32ca6fc0559cada1fea65ff770114cfd855a8edb4ba6a3b03cdff2f
IKTCAS22	0	1	f0847de7d0522a8366e42bb04c797710904e9e3ba0bcbf835b92ff2390c06087
IKTCAS23	0	1	970e18094bdc0d6f68205f2893704e1d23acd2c76f9031f74ad6324ba6f23b55
IKTCAS24	0	1	d9d6003486e940efb1c17b399f95d7c7bf83c726b138bfee761aeaa6b844fe81
IKTCAS30	0	1	8c10835a44daeff81c873f5d383e24d110161433f188feed9fd491917f017103
IKTCAS31	0	1	f4a2fe1594fb10d79318757f5feb23c12b4ce2dec9d9ae2059584124018da046
IKTCAS32	0	1	51026cf30ec42e0854331943442d49dca70b00165d14ed2806b4cd0fee6c28e4
IKTCAS33	0	1	9a5a1b5fc664be4c7a4939231f27ed1394f32112e60390faa13719c3ce6bb116
IKTCAS40	0	1	c91c148c276e954daaa78891835b45f2202f6e3b7aa435090bad506d3ba3052e
IKTCAS41	0	1	7cc8dc24bcee8e2d3938d59fb237ab8dce595fa08899239bb0f7fe5a4b8ac616
IKTCAS42	0	1	f41f1129d47247a74e77db52e408ab651684627aab11dadb675001f0f420de32
IKTCAS51	0	1	312b307be323db59543946cb74fc2ebfea36fbbd4245f13d3c3d4a113dbc0dfd
IKTCAS52	0	1	f1c1d5783124c572b86c81cb978dd0244128dba710424683894820fdf13798b0
IKTCAS53	0	1	b6697e0b79c0b083355667d7b3a51da8edf7c4a9021a0fb0c6bc5a3afe2531d6
IKTCAS54	0	1	6219a14a8d310af2706484008906108df9d02654abcdc2c42eebcdab5c0230ba
IKTCAS55	0	1	007f243ee290f4c4fd522597e2cf7755002710acff7f42e9c8d9b7ad19b8e470
IKTCAS56	0	1	15677ca32909cee9824a9ff676ab64526ee03f64f29015b84d24c29c5c1ac1b0
IKTCASCX	0	1	d96efc06d53230f019a84d0014c6c3d26cfcd57d575271e91533a57c9f5790e1
IKTCASOX	0	1	a79ba340e81af61917e9f8d921c85cde4f4980e7e21832f4b3a96fce4dcfe82f
IKTEXIT	0	1	2bae5e338589d47b191f4669332b21eaaa1479fc8eeaab56a5dab4a4cd19c688
IKTIIOM	0	1	6b8ec5f44edb9eb3b6682644d4398988bcee28861ceb0f7ad5501c9964825871
IKTIMIDS	0	1	e208c127e38b812861bb42cabf6ad38ba7ab9d802b7f4eb2796ec3428eab3dcf
IKTIMLU2	0	1	543e444e74ed6b1afe91832b34703779d0b6ffb37e5a389aee7b8ce946d3d3d1
IKTIOFRR	0	1	c67b40d105a97e72cbc4be28dbbc72bada0b98cba0dbc4a90e0439ae66125632
IKTIST00	0	1	118e338b8d44e384e5e897ed216d9d2f138a9a9560d1157de98bd7f3d66f1d7f
IKTLOGFF	0	1	67ba6e76025355bf39c61c230ba6811e4b9fb3a1d18cc22cbcdd539ac2a78693
IKTLOGR	0	1	88db801aaeb8441aec1a6504a5a30c6fcb9fae27087d0209610ff47f978e9861
IKTLTERM	0	1	999c3120dab3ba8f5935a613202cc0177ad44a4d225b5e3cc6125184af1ed5d0
IKTMSGS	0	1	7b834010473332f292a26135fc46cbd669ee9e9ff9446bf7cc4919569151d54d
IKTOMIDS	0	1	708f73e478aacffe0c406690a7217fa610e15f1b680830e3f35a5c34cabf17ef
IKTOMLU2	0	1	38a6f73c1d7ade29f1cba645e1783c3fb9010a57b9f3d862a0b1ccf8756d4a2f
IKTQMIN	0	1	9795ce0ef51bbfa7cad86f6798cfac9a92cc10aad456c05d24d4efe36798d187
IKTRPLXT	0	1	2e86a3e92d32a000d7d8a98ed76c8697098d5824981b35c2cffcfea37ec8d5e4
IKTTIMRT	0	1	c1eb136860bba1397cae02a60a3f0698853584954568f40d59a22af7b48f84df
IKTTOMJR	0	1	32931da71cb9faea8958f6c216e6f5a638b08542765acbd9901eb6547a20132e
IKTTOMRT	0	1	c8d28f72fab844da261542d166b5fac460360ecf30c6cdf7c2bfda97a7ac0edf
IKTVTGET	0	1	e56607017c3b829e9f2fc8c13c86da4897c87bc2b4891d501642db35804b1a03
IKTVTPUT	0	1	42dfc5e67704143737e7e355c3b6d22124df8ca698aa6d72844503edfee1ae11
IKTXINIT	8	1	ef8b7d42d7f227dd3f50aa0f9549ad8411f3c70dbbb8eb89cd4f029bc3869d12
IKTXLOG	0	1	b41873cc34fa4521685f7d93d1c4209dab812b855f3a7b67329d1566a94ba630
IKTXMTPT	0	1	0893ad7793a7c85c5c3172ad5d5ea3cdffb2da63580bc36767c95025c78c4d4d
ILRACT	0	1	f7287f69b6556a830ddbdff17823445d69cde0f164da2f09006980aad3cae368
ILRASM00	0	1	19fd78dca2ae80b76a8766543a20e47ae619d0145900d18333800503a4a04d9a
ILRASRIM	8	1	6c7106f30a7daa294710a763461e56bf7832e02658f99d0641dea75f3e644a8a
ILRCMP	8	1	5f779c3bf35aaff3cbb4f691cc164cd1c2829bf557449fb053fef32ce0d97cb9
ILRCMP01	8	1	5987d05ce8ee79df9eb80a10e2755a443f4dbba371a1eda0c339461999bbbf88
ILRFMT00	0	1	f5609c72fb167f08ecfaae3369abdbc57fe802e2743a040abaa1f299a026ee63
ILRFMTCV	0	1	25ea3d6254476ef7580332a4ab8f8b1c4a702dd38ff51d91549f956faae93052
ILRFMTPG	0	1	1b6965ce81068af30575fe5e8f2511db50fd2c32181eac10227bcc9b0a008e3e
ILRFMTSW	0	1	8216654a960ba3699a50a4933f1c04c48ffed7c61bf5f845997a746980040ef9
ILRFRR01	8	1	ca5f93034bf795283c09cbc77c0ec44e285e3a4129b69f74530704a1ea35366d
ILRFRSLT	0	1	e907040023e5738c6d54de208ba28fcf272d4e16cdb767af6ff5171e64e92e89
ILRGOS	8	1	1ae786a2243725446d35778ce0d0e6c59f4fa6308f9cd6ff7a15d8683dc6b7bb
ILRGOS01	0	1	2b08e60fa68acbe53a6dcbd0df4322007d7cb520239ac098e428249785e9768b
ILRIMMSG	8	1	d4cf518785df00caf4d8cd15c6cb2f308eb152abb2e1bf2b897354b067b30f03
ILRIOFRR	8	1	5bd5bfdd638201791eaaee29e8661f8493de6aef71170faf1e4c321856ab18dc
ILRJTERM	0	1	051a78fadb0a9cf54b6499919ad11cc4bbc2d315077b9ec1d139afdd07e6684e
ILRMSG00	8	1	4d00a028885686aedece56fd5649539155a3a937a2879d5df2f59d6b0e067b00
ILROPS00	8	1	0a980e71086977183e96c506b2ea96fc6728b75a3d549351dde99f146c2a3042
ILRPAGCM	8	1	05a7e120f988acc66956a75dbb8d95febbbcad8b14faefaca682f3477efbb55b
ILRPAGIO	8	1	438d9b0bcbc1fba01f5c3ea8f162fa3fca882aba4210d60f626301ff2de5ea62
ILRPEX	0	1	cc70f25150a6a916108ce92a39462bd5809663598b64051551a27c3d755aa463
ILRPGEXP	0	1	785d5d9a41b4771e1d8e67b111ab04911680ce855fef8191b748310993bd9c8c
ILRPOS	8	1	b354683ea93b0da13dd34146fe3bd9bb2c060d1dc1ea406fc512617ba900be9f
ILRPREAD	0	1	621876571314d1543b4313a117a27d11828bbf3fd31b6b28d48c383f164969c4
ILRPTM	8	1	9763e27406ad80b333aa2a526aefbc9b7b11720d7b2382cb32ecc7c839b68ddd
ILRQSRIT	8	1	efeb7c825fca911d0ef521a30f38a34148f42cc341c1a2c4a9a5fc2a683784eb
ILRRLG	0	1	4d828d818b1bea3778e3b9750d80d9fcf2a455ee9a91e66e033966aca9fedf23
ILRSAV	0	1	19ece6f040d6929916662b166ee52faab09b855652132e5e190d29c7ed2bbfb1
ILRSLOTC	0	1	18d3137d02c7788e4ff4abaae469d7f2621bdfb3eb05853283960e5fb93ca854
ILRSRB01	8	1	3c38810da0fbfcb8f3268a4bd1a6e736f3a6bfb7c1b866ad8d1b8ea3d2eef705
ILRSRBC	8	1	2cef967f5ee42055d73db626714f7cdd0bb8edc840c4677656c1e5e881214a40
ILRSRT	8	1	44c4dff4e43da125022fded3ef3f9d89c8bc2118482b4fae59f32386a19f2816
ILRSRT01	8	1	2ac6d03a12df5805a8200638ab1fda516aba25bd4dcf442abc2bc1d6e2608f36
ILRSWAP	8	1	5b62a013e7a415d06893762fabbfc970f3aeb8ea719675059c06db8006b134d4
ILRSWP01	8	1	9cb9b1bf0060eb62288f0d52ce3de46e465aa850d182d345bfe7060918cbc0c4
ILRSWPDR	0	1	dce356f4e96782f674dde60a481fff966d5836fb568626b5af1333f5e4bcac2b
ILRTERMR	8	1	58f860f00003bfbb2a1b009a2777989117cc113ca147c0e23f66bfc4d5ce705e
ILRTMI00	0	1	abc687cc9af227496b0982c128cf78751f1be01267d17e0414d5947ed7a6ec1b
ILRTMI01	0	1	c30bdc7379f667445b5dd103713cd2934f457394b778b2811c9662fe10e36e37
ILRTMRLG	8	1	55309d8b6a073f2505fa5d6c42026020a2c08836c63483b0b9d2eaa40eb355ce
ILRVIOCM	8	1	f565f973dba1640098a884a6efe6e9ee1addea1748a8adcfe6ccf08b6e79e8b0
ILRVSAMI	8	1	afafc1f15d32a00cb153a8e3f72fce11dcdce3c0a789d00cf8178a5061689af2
IMDUSRFF	0	1	82a1ff8146f88ad0eee1c4a334c9bae702a013987df23c770ff9f29dfc488a32
IOEDKCLS	0	1	dd6323df47e95cf21355938a4d0ba4798b4ac597d78b778039753fcb01dc7d3f
IOEDKGET	0	1	97ea1a97d79ea8e208c815978f5bff39dd6a9cc2802f0ccaf9916f0321ce0484
IOEDKMSG	0	1	58dbd5b1ff462b9ef0de4a448c683e2384fa08d0e27aaa8e44834b7f9a52fd05
IOEDKOPN	0	1	f02639254b0bb243ad746acd25fccdcd9c3b9e35f5f3512dba38af027d3159f9
IOEDKPUT	0	1	1a7ce094e3194d85e4680c1d3ea4d57113f956ab48a31d240f6c2434f2c56347
IOEDKRDR	0	1	2a9cfbd10732f0040865ae21bdc908682e0d7783e9ecd62294e92a82d6c8fcda
IOEDKWTR	0	1	4064585dcb1264751425557df73af88687d5d4a32c9eaeba173de1e1b391dbc7
IOEESTAE	0	1	68ffa1377af1475cfe5594efb24fa755fec0cf3f00058ae42cace93aaefa7616
IOESDKTI	0	1	cd592b853b1367b8dc4ccd2ecac5e0e4c87df61f13238bc6d9a65c7f9f037e15
IOESDKTO	0	1	70f68f0231b844f1b3a5ae882ec6c031de9461ae897f1442eefd3526c4c86cff
IQADVM00	0	1	a530883de15ebea7c41b47a380917f10c39dfd0699ce5e967cba92df90b5cc4b
IQARIH00	0	1	47c644abdc4c46bcbdf2b2fb18f10b91add37456febd81e67342fdf2618a430b
IRARMCNS	0	1	239eb10f02d34e8bf625eec4d27fe797c252e7c49ba6cbcdddac3c3397ddbebe
IRARMCPM	8	1	938ba7c192acbc59b64ac5f277bdc58e4bd3399861200823fb293dc1ec64b97c
IRARMCPU	0	1	5957fd0bbd84461f59fcb85321dba637d7fe8d5d314e7c3997a560a580c5c128
IRARMCTL	8	1	57ccc15ce7aa7b35911175ac8583158af34c4dc257d8feca02c7c107cbf3a151
IRARMERR	8	1	c2ce3a59734971475947c3f88a848c43c4f53425b1d9e852950a5e83b3e02cfc
IRARMEVT	8	1	b7d8235fb40d30439317bff0cde213a245b482d51572e8621e740b3ec016f7e0
IRARMINT	8	1	766d139d9974df6f1e3cc574fd665386d5ae2f1d925b284541d29a1338eeb436
IRARMIOM	8	1	2c24ec656f53c6bf85e629d8d80c2cb0bc7165ecd3234450bae5a17d99d86fba
IRARMIPS	8	1	205167eab951db8b1d742d16e1dbc0cc85e26216e9e58f865a7e1a0344e1f5e4
IRARMMSG	0	1	09b89e3d85adced2b20ef079b176dc4874a206157a463abbd84f058cc825b016
IRARMRMR	8	1	534e848c0bfbcf9589b1078c06cfb623058a2aeb80306382bc304a8fb65d6502
IRARMSET	0	1	c70d3a4a5b3b2a35ddf5a20b005ab840e5c3bb6bb34145984e24b733ff943684
IRARMSRV	8	1	b13892719142e60e6e6d5328e87d3a12b46c369b3fa09e74155ef16e5fb0eacb
IRARMSTM	8	1	3e377e6ac70c73b1166df9179b6ab315341b005309ee1f646a9df99befc2d99a
IRARMWAR	0	1	b8b3c8ba32b5c37e0c28234b5bfc828cd36b1a5673932c58c4b83ed834828bce
IRARMWLM	8	1	2e88665001a5628c1b58dd0f1b7586212ee155017d058b876d2a7c26f69ebcb0
IRBMFALL	0	1	e0072661d32a83911fdacbef998b69bc212f2b2a5f01b6d208ccb8b6334ed030
IRBMFANL	0	1	b148768badbfae2d3da183cc0fcdf379e836a0c344a455a5a9c641d14f47dca9
IRBMFCNV	0	1	fcd8d3828e08d93e75dc071cd9061220806fe3a5976ab8b68413ddafc0749824
IRBMFDCP	0	1	baad7a83df1ae583d74b004212f17d57e832f1c245dec1413ce98abd24b6352b
IRBMFDDP	0	1	a7d5ad56c64f47bcaab37167803d63d94ae3c0ce88266e724b9e399961acd06f
IRBMFDEA	0	1	6082396c0b2daddaaceb9cd1469882e84b8cc4d26fddc4c87737677e69a0ebfd
IRBMFDHP	0	1	6ccbdfae05544980a331bc2cd824bc1edea6b654df30c6a7d20d2c0ed7b97491
IRBMFDPP	0	1	2fe24365f3d69d7f2c9e164429baaa02058c420e7ce288e5f7721e5516899663
IRBMFDSP	0	1	22b2562a5c513d282ffe479ea181155bd6df3e0b194938b72ad744b81615c279
IRBMFDTA	0	1	30f01b629bac0ef97367a17b8afde0375b1be9964d6106b6aeeb0157a9eaf234
IRBMFDTP	0	1	571a53b05dcb2318f21976ca54fb8229487383cfa3439e4c9725f6f120c8d10e
IRBMFDWP	0	1	268de28dc691897d5635812944f1629010490f05106b85aa225174f890728380
IRBMFECH	0	1	961ee2ebd439cadea4d420869e4f87046c5c00ed9928feb2d466c109389e6639
IRBMFEDV	0	1	9cad8fbe787287e735e4c9145d3f0364d3b97f6ec492de3cad1d185c70d3b6a2
IRBMFEVT	0	1	45ba3178200f08bdd1ac0a2ab9fefad39fabb21afa28796f8379841bc07dd386
IRBMFFUR	0	1	66c6ebf2f7260b4e23fd0c827c84999d3ee0bc94b51b92993b41b8fe38db8705
IRBMFICP	0	1	92b712d7ad6c48d4b36fa14cdb3f35eb032d616feb67232ed41b4f389e38312f
IRBMFIDV	0	1	4ca6d7d4a3eace1e891a650c1d4191355879b725c5ad13133fde9952c2fe3c6c
IRBMFIHA	0	1	0836c567a70fd67b0d38689db0ae31bdff49bb4108e9ad828f9e0e303af1d3a1
IRBMFINP	0	1	e8e1bbc2d73ed4c215d9ada1bcad29352543d5ec4dc27cfc47e0ce147563845b
IRBMFIOI	0	1	c635e3ead431e2fc0421600ec065b5b6ecc102c800eb51085118157a0463e673
IRBMFIPG	0	1	7039c8eb0062ba1fc48368fee21efa0a500be0f50314788f56a43ef7ed8f7d5a
IRBMFISP	0	1	9ada63907409757c78c54e583cb8735d8967976ef2945b80189f49157b69a08e
IRBMFITR	0	1	3791425a0ad3c8f3c2914b6b29b2abdfc852407132ae28e297c32191b6adaf9d
IRBMFIWK	0	1	365574a5a1bceeece9e00276834026fa29bfd29300d15bc1fa515c66cd8dc204
IRBMFLAV	0	1	ac1c24d3224d7fd1b55b5428c24f27bfaef4e40eb685959f4b9c3b3c00dc0f47
IRBMFLCV	0	1	d1b98a3f2bffcef2e14cce313a260b832c3543fab540e59c63930a9a309b46fe
IRBMFLDV	0	1	9ceb7e10f2116885839da19340430d4a19d0144bb8e5fa7ee2c71afe65241474
IRBMFLHV	0	1	eedfea4b1b8696a730d1da039bd8a2d17dca4d2186c8414e9cfbfb4ac70866fc
IRBMFLMV	0	1	a28cfb69303e9ca3db4797d32410043f97b0629d4b2a4bbf0faee222d4399145
IRBMFLPV	0	1	f6b3a458dddc62798ada0af124135be2336618d7b4c122dc63d39f7225a392cd
IRBMFLSV	0	1	2c4fcbfe0b0b03ad8b531ebb7794af82aedd5cdb58140cbe8ce2af48b708cd0a
IRBMFLTV	0	1	9440381bb2dff75efaca089baeb9359072e4cc964f5ccc5fd368ddf04ddb3ea9
IRBMFLWV	0	1	d1d4ad671ffaa1560402d88003ca84cf8f9fcff4829851ce3f7da88ca05ae45e
IRBMFMFC	0	1	9922b7967d98edb5e767bf76ca1915bdcb0a546615e810e916b990b7c26b503a
IRBMFMLN	0	1	367f8233d00981c6d418e4d61fca8bc18fe96671bb0c01b81c4ca6bff7b05063
IRBMFMPR	0	1	b512dd02c77dabd04dea2072477066137f3c3658e72caf78bcc030b04a697fd1
IRBMFRCR	0	1	2bee07171ff2d5e09b1eb3f67f45ce8747c258223edf903a9b2522540266abd0
IRBMFRDR	0	1	d25f7b507cab6ca7b49d62a4c29a066e0dcc59eb85ddcb113c3a05187857f49c
IRBMFRGM	0	1	87dbf7fba2a82481feaf56a09deafe8d782a1ffc5197d7e1d012b19ef59dc5ca
IRBMFRHR	0	1	843374973dde11f225b16adfcf997a789d7aa66c5654f2dbf6b38ac53b59ad6a
IRBMFRPR	0	1	a516054f9a66ee626f50d0931a706be2fa5699ed90f116d2582ea4328121b439
IRBMFRSR	0	1	c6ad59e9e6831f1552943db0706e63fa3ebb9262dbe743c47af745e077fbcb3c
IRBMFRTR	0	1	48c34b46eaddb8c9797c3cceea3806eff9c9bf93859cc7681c9826f317b346fa
IRBMFRWR	0	1	8947f9569e0de38c9028543503c0b5e4b933482babb9721db662dfa8bde7ddf6
IRBMFSAR	0	1	fec89780fffe1f5c7ffe30c1cb14be0dc32a14c9befe27341d2589cc93a07e31
IRBMFSDE	0	1	492cfb6139c889bccac00ed65604f7ac85444a74eea413cdd4e591d95d4a1c59
IRBMFTCH	0	1	bcf0d454c0d3ed8dbac953c4f8e8690e1b6bc6d904813e1a2bddef1dea407e3b
IRBMFTMA	0	1	e509575132b0b07e703d0363b4f501e2812fca65c46899ab7068f403dd5d2545
IRBMFTRM	0	1	d30477159b0e7ade098c0b811cd2c7121d49c9549ea0079fc0b11667c4b51132
IRBMFTTB	0	1	571a53b05dcb2318f21976ca54fb8229487383cfa3439e4c9725f6f120c8d10e
ISDAAPR0	8	1	93d7c01518386bc14a1c3c68c8a00469b30ca22d52b3f7bd46df36f2689f9aa8
ISDAAPR1	8	1	d1b159712fdf0cfdc639151e97be35d16a6f4a0073833bc8723b4fe7eab8a12b
ISDACNFG	0	1	427ea32aa3a25ab7283bcead1b44eee6c223142e3b33b5b41050cad1ee15bf0b
ISDACSB0	8	1	bc96a1ad617a402d3797f5617e94027834fbc67582fc3331cc2422cf57725416
ISDACSB1	8	1	991f42462dfb076dbf633b341ad91e06e509b35d153195d7abb9443b36b87bb2
ISDADAT0	8	1	cbf4336a3d555a03010004d683a1a9e66cd6be4779fddbde983619992d10909b
ISDADAT1	8	1	9bfa9c8173e4541028e1d7241844f387d1eab2c5978daf4ee6ffd3d08c1c2fb8
ISDADCK0	8	1	1803cb43ff069dd825baf7c95a0e193da5984da0f18a1583be685bc41f3da3c6
ISDADCK1	8	1	ebdfb501bbc3f088d3ad0addcb80bbaf260297291ab26ebfaaa24474587a2370
ISDADCS0	8	1	41f5bbb4ebafe4f039d35e704e2eabcbb064f5d5c534c8b30508dab87320522e
ISDADCS1	8	1	674f5cf2d975dd368efdaae8430151c73865c755be06185d0fd6f04f2d5a75d2
ISDADHE0	8	1	4c1b14b3406122280c61b1bccefa057befc58a288fcbce48ceb9dbfb96ad8786
ISDADHE1	8	1	96592972f236f643a66632ee0f9dfc10c5d506b3b515afb69c7ab70aa6836ca4
ISDADRC0	8	1	dad04a32c93d5d09a66e5545f6e41b236c73f0df25dbdeb5f871886d581280d6
ISDADRC1	8	1	9a90ef310b04a8da059f3b7586b70add35a5f282c5b4686fb8b8acc5fd533a28
ISDAEQC0	8	1	e79e3d48afbf0a6449a8de1fff48492a7b19af05021956496f3eb502aee459b6
ISDAEQC1	8	1	4b86d522cd7a67cd482bd8ac86474bba9e1e253b82c07cb73cf0604f58a62fe5
ISDAFSC0	8	1	1ad27e69b1fa5e4a84c5b28c7800f7208681f9548def820965ee1ea7844efc20
ISDAFSC1	8	1	df423a3e91e19e3933aec68756d9469ecf715c7a00fe4d701713fb31b562f607
ISDAFSC2	8	1	a2a8ca5af5f51c219cfb08f7562031f03325f5d18759832bdf9d32f6891d2bee
ISDAGEN0	8	1	48e5e31bbac20f8121ba75131d42f246d933324a3f0db0eae8d891e7d8d3348e
ISDAGET0	0	1	54b7d05cc9339e0c12ed905216b20d9ba041c63c3064c1ee65b2377645f53c2f
ISDAHEXP	0	1	ba6bacba08eb1ad5bcbf1b17e5bcc2112dc3a8b7adaf0e3ec4890da09b57b3b8
ISDAHIST	8	1	67ae5f0eb9bdd5b5d12dd64a8a664d78e55305fec8cefe6d54e4140604dcf8eb
ISDALOG0	8	1	16e667c95bfa0514583f67e8b062e47c0e74bc823d761e11cfecd24a1882571a
ISDAOPT0	0	1	e88e79f32ad0992ab30816a91a00752705703286ff523d2672d32dfe24d7c227
ISDAPAD0	8	1	d7b47c84166780577d21eea130ba2eea2e1bc35f5c0585cf43058aadebecad99
ISDAPAD1	0	1	14cccaf2b3863e8123dcf62320825a331399cb096f82693b71e859909c911136
ISDAPARM	0	1	f78a6c6c27cf9789aba2c40f6f63321bbbeda14e7fe7a6f484d8d4ac3e9c223c
ISDAPRT0	8	1	1b6bf24b7fd1e2f30dd7cb9cc17e9ed8ede612e73ce4cac507c64947995ea422
ISDAPWR0	0	1	4364646708db5bed28d79ddec875eb96d886c66ac6d359a37cf15be3350807fa
ISDAPWR1	0	1	b8c457dea3dbfa10323525a35d51172afc4c49eab424de9c19e1395c53c8353f
ISDASDA0	0	1	4d0454b1d860430baf563815d9afcc6062b0bf1185aaf1fdfbc26559181fd9e0
ISDASUM0	8	1	77371ef5a1aaebfc10ec79aaa7f67aa3cf8b22b1845ecd2915540f3516f41730
ISDASUM1	8	1	523028e9f49ac9ac142e5e2ca9340df274726e92c730170303dd7e670f2ccaea
ISDASUM2	0	1	ff9224ee9d008cd7bf728e3868414b523dbf06bc46ef4b8c6f5a485254a8ed8c
ISDATYPE	8	1	bc53ad796205d257095f374f3fa7999c1aad8cab90c09e2c3d99910df3025043
ISTAICCK	0	1	cbee24ab90aea713f09fe272b311c6f7bfa64a30d20eb05e055d422e8c63ecaf
ISTAICIR	0	1	07c604d590c5be20ec2e5dd37254ac9d2d8306a9d9aff72519f1c3b0765422c3
ISTAICPT	0	1	0f935fade88849d189a2aa9ecfd6ad69ce75ccfd560d71c1df722c42ad15f308
ISTAICTN	0	1	585ba574103db74698452c3ec11a4dba12c7ca70eed14c9c932b87ab622670f7
ISTAPC11	0	1	000461a4d821611ff5281824b9482f25315ab31d43418d5cf5f4a016c43c3b10
ISTAPC12	0	1	c88831d964b59b0e66e816ed5894fe090662b0ad95681a343b5ebc74d0628d45
ISTAPC22	0	1	e1f9c590d3712dd602c12f6f75d89d8f3f0d3c5d790998b740552e7117fe266e
ISTAPC23	0	1	f240a42c74cecd27bfc84061f020c2633b0e833a9b09d4cd0b90933240fe520f
ISTAPC25	0	1	e0f2fa6790e74b892c5b557f646260d219365ac91bd0412b5864bf6ea5c56677
ISTAPC31	0	1	1ef207d5da99c296981efeb4cc23c2a82298678ee620103f35bf1482e4fd09fd
ISTAPC32	0	1	55cdb1a09530a397983b3420a980d8d955d4721cbb38cbcd2a61aae193a2debc
ISTAPC33	0	1	e15169bae7b93b1ff862e50c092d14e8a851fab36f38cee7e2b40aabcff98f87
ISTAPC34	0	1	19e021fc3749727be7a91e2850e1c3f67a0a5d95015cedc9b44f8e06845944e9
ISTAPC35	0	1	50b9a422b4736f74040e4923fe354c8d458f8314301286a6a061e7c9927b3966
ISTAPC36	0	1	6816ef3d1a1a38923d0612545aa0c39869e20da473461c10a5fc876fc74996af
ISTAPC37	0	1	4bd1189cbe336d5ae395094a662d9f48cc5d273b7d02941c6fd950a2525eb095
ISTAPC38	0	1	d8450594d40afeb7b41afd3f39e72baf12dc3f1e86149ed0c658a0e90f8cb9ca
ISTAPC41	0	1	6ca254f8034a70631c4f1e64b1a6569b1e4b77aa2ac32a2e42beaa639ee7a8ac
ISTAPC51	0	1	9f7e433b899c42b20820066a0c33620913b2254a0e1816401e61fe6f4e194434
ISTAPC52	0	1	3f483a35febff12629ead20d7b1f840e0a960c75e420f75148de24818abef3fd
ISTAPC53	0	1	1d5ffcca7b9959b1da331b2ff6239dbeee8c9c71d46ce94bc4dc83257bfaed35
ISTAPC54	0	1	2556f9bd0378a60f4d2d9dabec659d1783757f2011ee82ddaef483a5cf8176b0
ISTAPC55	0	1	7ca384c747355e1003aa5bd6f46017331b869a9dcf01962e0c3f208e0ba5ee54
ISTAPC56	0	1	05f12ec2113a848093c8148fb5e35cf4f314087b1c546d9832f1cb40358ff8a1
ISTAPC57	0	1	8587754d1c002ffd8e6d9360a6f10ac1501299551ccdf3573b07b4bd9f9d286b
ISTAPC58	0	1	33b58fd297839b91c2a5efd9e3f891fc371ce13b82fc07f68dcb78269dbb738c
ISTAPC59	0	1	73a08b11ea3e1f2acfe9614da7d632ff88c6a009f95b1c996a9af9582bd081f5
ISTAPC61	0	1	89fc80b8683e441c060eb402ded3189731226c70b3e6cee265446830f26fc70e
ISTAPC62	0	1	ab3ec63a1604bf8b80762970b2de0d05349ff3b0f463f505a3f3e81d17201956
ISTAPC63	0	1	3015e756177bf08afca05b114ebde46eb5a9a737cba0047ab207556ae5e38fa9
ISTAPC64	0	1	2a321a2f58d438e522b847e88719260bc92ceb3a944879926581d2ea5107677d
ISTAPC66	0	1	adf97ff441738a37162bddcf269c4d97c9374ce18330929a30ad6820f78efcb3
ISTAPC83	0	1	47c913f6b30f0954a9620657890779294010bc588c932ca1a20c42f248cc03d6
ISTAPC84	0	1	5f84533da87f0875566fa7bf194f1be0be04577a95e610c8ea6ef1d2864c8fee
ISTAPM69	0	1	f6cf01f3db18acca315825e033d891f99a700165c8066248b30ea2280f7a24af
ISTATM00	0	1	f985c6d4698d095d2e927126f2d7ab68a0e665d2129a050adbe92e0fa743c070
ISTATM10	0	1	ae7b5091ffb0a052f4fe16b0792fd3c42fe6cced5ecff8fd766a0caad4c4c2b6
ISTAUCAG	0	1	7f65756c2151b8fecab370886efd321c7ecdebf55f7e43518be5a6eb4137c2bd
ISTAUCAT	0	1	0f43e974ae80817ff845f42d78116079397f7a52416a402b961e79cc84ce378f
ISTCC010	0	1	eed419a723fe1e1d400c424c173509488517d28390ed20c80d54f5093b54c1f7
ISTCC011	0	1	147623cdefc495319427e59886b9093ad0ec94fc2783e4170e50c15d13bb30d3
ISTCC012	0	1	3fe4fb05632b152950b934810bd43c7b68f4f4eb0861530c00ee812d52e64d0b
ISTCC013	0	1	1ea4f66f8f0a1fd9fec03af9847e03ca09e1d0f8b1181230935ce4e6f37945e6
ISTCC014	0	1	76d437c15b8f05ba2fc636974bc29a9f9a58e4c7419a58f3bd37bdcc184581c1
ISTCC015	0	1	323960e853a7eac24464a5b2ac487add0d5747667906d054033be92e0155feaa
ISTCC016	0	1	dd27d2fd080ce09057fba4dd7e19b0a0178e729e32c5acd340f1dfca5b7ebf56
ISTCFCDP	0	1	f9ccc52e0a2b4c6dd0545358f317e06458bd4808aafdb48090f21f96de299995
ISTCFCMM	0	1	b3d81efaf9a0d1df1e445e4b3bac6924c515890cd8bd20f8fc1d3ada1a993f1e
ISTCFCPC	0	1	493a2ce8eca0fbc4eaaee198a44960de34ae144422c8d1310df505272967af5a
ISTCFCPO	0	1	7289f2db1a400a4de0c3d575b53c2029c363a51476234bdd9e3dbe2ced669699
ISTCFCR1	0	1	389cd2f34169330401ee8513e4bfc487db3aa3289dc378c36b6f6c3a8045a4ce
ISTCFCR2	0	1	192244825430a3ef31b4ceea3a8132ea9663c3ad1c553e29aa3ffc52b35101b7
ISTCFCRP	0	1	c41d904e42189399a3076b443602a33b9090da9f869046336789567d2da7556c
ISTCFCS1	0	1	b68a8e961ff90c4a2b22ef731cae821f1c1f0e95da9dda0b274b0f58b326e9c3
ISTCFCS2	0	1	5ad5534331d8ecd90addff2afab94fc5521df5d94c060309894c4ad12221c838
ISTCFF3D	0	1	e06e139fa071d589edc9872f1d8c06277f1e13598cef3a4ed20f1d34a5b9d3b2
ISTCFMMI	0	1	62400306a8c77f2a8ccec77551ad01029f1f5b7620ce6972e9f79fb9537987e1
ISTCFMTM	0	1	12cf2e6372a67ee9ef448fb9713c91d448eb7304c2fb34fba42595972a223d52
ISTCRCR4	0	1	3152d1e0f6ecf6e0f7e7b13a6081fdd48d7d6e174e362558d4e640ae2903de35
ISTCSCAC	0	1	cff7d16b24fe70b67dde35bf00512bf6dbcc984c44c08119b498e99a4b8784a8
ISTCSCAQ	0	1	4256914147f458932ab364b7ef1a27bf854f5ad8a19920218ba913ca116d6a61
ISTCSCCL	0	1	4e017eaef9455305b86e996308c4580fc2bed6d53c2766ab765ca02e19960162
ISTCSCLG	0	1	709024647e9b20ee0bc4696c7527b5d4d0f7f02c56d3fa6a0ce75b963c48e14b
ISTCSCMR	0	1	90178ed0d2cbedd5cfc48b9443bcc0dc79bbf10e85881a40ee4df30c4fccfa1f
ISTCSCPS	0	1	edd6cdafaa9727fd17fa776e14e0ed308c03924c79692e47da350eedbe20d680
ISTCSCRL	0	1	bd83979745829a5d9abb9c16b168af7430740910dc120cc4e241a9701c2480ba
ISTDCC00	0	1	7e1b2ddaa09729107ce9f468984399757fd5fb7081357b03a8c1ecde8c595ba0
ISTDCC02	0	1	853a6186be7b9e431014359650f7ca437cd5a06904819f6072897a7598fab967
ISTDCC10	0	1	3a0bae049b2ac5476b9c4db13ade5584cba09bd87b26509b95fa3200c79b3a24
ISTDCC11	0	1	888166cfb67c760bcb6e7d74d0472e7c591ac1e06283413da41602496428bad8
ISTDCC12	0	1	befe5bcbf43eae5462ef8a61a01a0cafd5f5785ea065669c5faed038be9fb8e4
ISTDCC13	0	1	dd74932c21edb64d2253ecbc2f935d05acf46a04b58952094a50f42792a69e76
ISTDCC20	0	1	89c3e46d8bcbb41d7c0757cd96b869f8006d6e79c59b74c33c63cbafc0d7b92c
ISTDCC21	0	1	995c6cd640199d4246abe8b27a0b43b22d4d8bbb1476d2b2e82837e48c0af30b
ISTDCC22	0	1	63db95ca13ab42c449f34e9c9da58a940f2bbe9338c03617dd33ec1ba74962db
ISTDCC23	0	1	2f98f2b0f4f42128d591b5e876cd5c972e544f7b43508c653374239bb83ee669
ISTDCC24	0	1	fc51db843084f97a29a5789b246cb2a20635b2cf7e5a8a751deaefa453d6b208
ISTDCC25	0	1	686ed683f30d6f87684160f11141df9f4e04e708e37ff5d56d83c0e7d24feb8e
ISTDCC30	0	1	106b159b29d8f35cb34df7fa926c6b8aa39424c2b721446f96c5ca5c72a5e882
ISTDCC31	0	1	dbf52198f80aa40c21168620abbd5967df8ac0f9021b38680f36e8e470ff5885
ISTDCC32	0	1	9786895a4bfe8f7493b1aa5b44f3268d8eeec205f3870b74f9fa0a4a467b6629
ISTDCC35	0	1	e13ed4d2bd5f3f310f0180a4c7ea1d978b738f22970baa9e2e7b5a243d0f8377
ISTDCC40	0	1	b4a582027db31c1aac5a7b6a4a09081a9d9e85f5cc3d434489b93a82ca4f77fa
ISTDCC41	0	1	89c71b6c6b5513e58d7d3873d756bab3fd5d189389ccbd564b0473de62600263
ISTDCC42	0	1	6e9707eb79feeeebb0087dc0a162f3f6cc5db36bb625e0cb7cd1bb40d0286b13
ISTDCC50	0	1	f09bf44ee398958c0b44b8062353dc952d5208c85b74979631b6dc2cdd43b54d
ISTDCC51	0	1	0756cf34bf61be56c9ff54a63c1e60b7a1474258f54aa0d3814ee691d26a6979
ISTDCC60	0	1	d320cd99851d71fc193280c090cb78bfc5b182c5daa773457d3bbd9a353dcd80
ISTDCC61	0	1	faf01723b95c4c9237cecd4d71212db5aebc9d27029b9c13c805639566a656f4
ISTDCC80	0	1	9fda58ed60905a63b01af3f8712f01b9a7bd6b6af8346bc9c510f41966614ada
ISTDCC81	0	1	d65329bb971eb67abac2219764a2792174d121a0abf38cda81adb5672c5ad1c0
ISTDCC85	0	1	889d94d5f016161ffc104e2d38467591ba267981972c62bc8c91bf6dcfead909
ISTDVCBA	0	1	b90e748cc08b838611e770909e02be92f78ab66978dadb596fbb723a1be319c3
ISTDVCRC	0	1	b8df09fe009861fd34bcb7f2f3dab78abacc505ab87caa16e38408d060e58d4b
ISTEC000	0	1	85cfc799c6b23aa7773c4fa4362673d44e01d41d3c4b0e8cc46fa940c6914fb5
ISTEC123	0	1	cf4073643f62a0dba3e6c3c35f51ae7d6f762d883d8ada5aa92f1949d79c147a
ISTEC456	0	1	828e36edc6f7fc215277144a8db7427b2cfac543e6afb0bf1d35ef74212206c3
ISTEC789	0	1	4671dfb2e4bafde4cd17ddfcf5ae700472540a828e45fd64bcd1bd63c5e4e7ad
ISTESC01	0	1	bff029a0a333477bd888f324a721d4cc0433c11cfb1842967127ecfddca0ab06
ISTESC02	0	1	e74f98159c1b910ced9e791f550dc33b710dace508debb28462533346c4e87a2
ISTIC000	0	1	064d32a7f1eabef01fc82682dc8431382c6c6b9c1afb7f36c0fed7a2bbb0c2b3
ISTIC001	0	1	1acc688345342054d5ba22c6b1f05739bc7e51ef294587a3bf821f1bc83ab9cc
ISTIC002	0	1	1725f732a16098834c0ceef5bf21b0168ab9ace7a08ff58db1a822d064866617
ISTIC003	0	1	273c727714b54be9ae1ce522bc3488ed8d636009d1c346762083ece07c25d40d
ISTIC004	0	1	260695ca138f301cad4877f6f61b8b0a7969704789a09c57b7b51bd54afcd817
ISTIC005	0	1	b3f84d8fd4c8a30b40a22faa8f4f80c7f2d73d1cc9d0acc853e4d6968611e8bc
ISTIC006	0	1	7b23a42da4883b91253c989f9f089d43582b717199403c4b48146095d67a3946
ISTIC007	0	1	6b9caf031f97c3dddb42de30b2f35f8e105bf2f74cc64cfeedcfdb0445c07ff9
ISTIC008	0	1	9aa3a95d1212c517813b3a071ab963bf29522eb0e49adfd33a31cc78bdfd6252
ISTIC009	0	1	9918d0c46da49335c3616a2cdfc465413f113d8806427e3b630da00ee1d9ec8b
ISTIC00A	0	1	480affc7c3b1da532845bc2bd60bf3060289735ffea1f7d957aca419776c0f07
ISTINC02	0	1	18c37a46b3821e8aef58a2843efefe1c3ace80fbc57f6f09630b80254cdf94fb
ISTINC05	0	1	cb83ed84204cb2b68eefaa16c4e761bfde3bbdef1bb05274ac4eaf86d080bff8
ISTINC32	0	1	e698f54340398511a2f660542e17e4f324b44bbd2a9e68228d26a2d71c6e6911
ISTINCA0	0	1	8003cb7518b94e3c955da606156581b0ce04dea5af40129005063c7845fd080f
ISTINCAW	0	1	52538950d926254efd5a5644b31ca868925324a677b4fb6952230ad93dbf988e
ISTINCBL	0	1	4863778510096ecdbf67e5155c6f35372b57c1fea4c4c39d5c1878c8ddf13d8a
ISTINCCC	0	1	b2e84124542e0cce7cdce23950933a14b096ba2f46c274d484cdbbfc25c33381
ISTINCCF	0	1	3d649db49eaf74dcc39d50a5d8fc2a0c0b7d5b1485f442f7ec8b04c4f951ade5
ISTINCCL	8	1	597fda587bf654dcd195f3c08627e60dad9e446e707008fe217f14fe259615bc
ISTINCD0	0	1	7dd26dbcfaf84a6aeb649398c0bb774e0b4f5ba9537fb65fffa4812ae89f2137
ISTINCD1	0	1	b3b200c09cfa3306f0a1a0e923a1f149f9489b75d0a55778f458e052ec17a53f
ISTINCD2	0	1	8a864d9c90b4da2aa916f019ce3f58e194fab414a4ad58881a55e206c9893ac8
ISTINCD3	0	1	0538345c012f18c9abb4c16797a93ce3cdd0b9a279955b9729dc8b90d80f7637
ISTINCD4	0	1	70426083715e6b6aec7c2acadadc0b1921f91a35655bddf37e8d9d3400f96e81
ISTINCD5	0	1	7b2e313d70e707dc836f261950a1279ce5745cca3c30b18bc8445c1b0199f20c
ISTINCD6	0	1	ec1be39c8c7fd7dfa97ad4509faeda5a2d52b4e70d4088269b4c78d3373c0d86
ISTINCD7	0	1	6a98c220ff8bcbbc88ff73a06b25ee060727bf4ebe3ac8b2de2ab50ea3414e14
ISTINCD8	0	1	c85761895da6b3566abb261b9e484682371a0763ac2d3fa2ccc3234fe543bc46
ISTINCD9	0	1	103269a7c9c446051ee167d7c705a767738bdc3afab37e2946295b6907ebb82c
ISTINCDL	0	1	6f15fcd3b0eae8fdcee2027d01b5765cb02d0b74746b77140ac4658be5766257
ISTINCDP	0	1	aa24e7c2e60727b8863421dc0a4308463d35644fca740904138656a861d54a45
ISTINCDT	0	1	186a6d8d1d6ce5dbd00e294706ba7325f026ac7114f839428bb7c22ac737e558
ISTINCDU	0	1	9656e6bdd264fb7c99203bce74369a68fcaa896b41408715f9654d2fd8c7d29c
ISTINCE0	0	1	28b3e56b4ca9217915ec97677f401ed552fe1cb8860efde477200cc06509b7a1
ISTINCE1	0	1	763d3ce5d95e3d38b15a542cf3b8b33c98ded73d91d587b03bb944390a9a79c4
ISTINCE2	0	1	36dd2c14f471cdaf7b613ff132e7a666e113de4d2966bc0d0ff469c192dda7e1
ISTINCE3	0	1	373c4fe5488927ea500ae0713d64cfa42c58293d5627d54b7ee671c7b02b56c9
ISTINCE4	0	1	b0e5679435aa3f62a98cc880682ca8decfdad6f9bd9e1a7f4430ee51d60ac52e
ISTINCE5	0	1	1aa1076eb0ffc82508321669c34ed64b8dbf54f41e4568d7cff1ffcb7ea05f6c
ISTINCE6	0	1	d2a30db6ebba2715e849086707d59146c5d435652ece8a556440ca05ceaec5bb
ISTINCE7	0	1	2e2acdebd6b72aa8f646579fcbd2f0a9e791acd8ca98f0120f0157b4a2d8941e
ISTINCE8	8	1	e600be692e165907d66507fde69634303df7c152e1f169fb6cfbdc45b533fec0
ISTINCE9	0	1	9f1536daf620aec5c7388714929c242fc5a365690094c86d54d6521c66278887
ISTINCF1	0	1	daf958bdbaeb7d7ebcd4d102310ae79cb6f9cf59ce184dd978892e1bcc25d0aa
ISTINCF3	0	1	6e780f9ca0dc9c2f666b0126d88266f76b00604d158b720f0d9b8c07bba7bd7d
ISTINCF4	0	1	c6831d5e74b469f51b8ae52af49408a78c64ba236a2fe8e8d5e609997ba5eb85
ISTINCF9	0	1	a7e04520f31263617589121a037a1361e025d20e58de0fc0770b23dd4eadd2c6
ISTINCFE	0	1	6da35e34e7cb6d49cb60fdca708b7e02c1ec952306631aa8c19ad678f55dede0
ISTINCFM	0	1	06de382b0f1b66ab0064e9c9efa4cb2c639ca221a364df521b8dccaf0101653c
ISTINCFS	0	1	22bbce37e3be5d5cc8c6492b154c5f42726d0a6fa196e2eba3eff9bdfa527a56
ISTINCHT	0	1	6d98a94c7749a9506dbfe39cb3a4d0f3cb47b44f930b9883eb6c708346c6c8a0
ISTINCIB	0	1	1f18cd5186d9eb41f2e132975ee030b2495e1b513d259bfbbbbd535695e5b94c
ISTINCIO	0	1	33af2e9fa472d95055b4921d6c59108decb99f5e5708298c43aeba1f791b7579
ISTINCIP	0	1	ebf1a95d7c1ef981ebb40184bdb7c36951dd3c8be01d88e84fbf93cd58fc8ba3
ISTINCIT	0	1	acbf4c31e10ac140995bf2749f882e6f1f584f61688e0a5156a087cde94cdfbe
ISTINCL0	0	1	1d9262846b1de45478cae10458c358fbbc99fa492c417d6d3bc69864fb5e3ebb
ISTINCL1	0	1	8a0b0d2c00a78e0dd7e0415115f5977fbc589bd174c5fb2c79b70bf84414d607
ISTINCL2	0	1	be6c806d0a089d3b75bb181388c284ac40ed0ae3645264a1615956aca9a3977e
ISTINCL3	0	1	2c088074a5d3cb34a0ba7e628d9ec73232b32fcc1cd16941f2eefc0683390198
ISTINCL4	0	1	dd01b414d8e321d37d2638b56a48be78d30984db594c3666e416c06521cd11cd
ISTINCL5	0	1	41622e0046f0ad411f643adb0120022dcf80be35471bc54363cdd525fef493ce
ISTINCL6	0	1	955d664871c3da18703c2b25c010a9655cabf44b30040f06a97cee37da3ed3c1
ISTINCL7	0	1	2eb6a213458f7ef169d5d774facdb5b979bf157d6e6bf78b244a0ba0e6a79a8e
ISTINCL8	0	1	d184214eb4766ee15318a2e68a14376da7e9478097c867f6cc1a704e84bbb37f
ISTINCLF	8	1	1b22e76c1f9f17df142283eed03aab9f1439ec8cb7abb000fe5b928444e07c01
ISTINCLM	0	1	43016779715a9f2720cabf1dfbe8556b0480fe628f9cf91cd6f5508c9d49d31e
ISTINCMD	0	1	ca93d8017ffdd6530aebfaf2c7487153e77452dc723753bbb171af52f69a00e6
ISTINCMR	0	1	610efe4fa0d9e7bf694e1c75cc8516ce3f41ade850b6b9641549dd917af4f8a1
ISTINCMS	0	1	8806417daa70f6ea81757f47824afd5b75b4e2b01e7ff1e09c44b959c81901d0
ISTINCMY	0	1	24361b3eaac9dd7a713046e6c9e125b0afaa446d9a69e14e94aa72de0fae8c56
ISTINCNS	0	1	7c2b3a767cce6d2f20a731e51681dc2a56db430e701c9b715bd0f9ad2143c56a
ISTINCOE	0	1	4935a6394c953547d446f76d76284318f3f8940f5f9e0d569514184d2fafb0e3
ISTINCOI	0	1	2774686e6080c527c0618532b9277c2fe05cd535d46bdad3252ee3699fd106b6
ISTINCOQ	0	1	279b6cbe3964fd0f93849c9eeb1844bac999d15ff826fff85781fae9e5ffb8fd
ISTINCOS	0	1	c042b12452465958b3e09133d3f5599626553ab8e4d616c32d4f0b1d6216a7c0
ISTINCPD	0	1	9903e8f05ab918c6ea35802384b9bc1a54fc275b3cedb8d857e288b5b09d747f
ISTINCPH	0	1	438730dff353862435c1b3e970949c4b6063dc458c369718ed50fbe85ec8131d
ISTINCQB	0	1	2eaca2845b41e8371d5cd8ed480f5ed0d25d5cc7d005589ca59d3d9949b32291
ISTINCQE	0	1	4572d6bb60c61d4bc5160c9ef8137e70135a654f509be8edef1ea6b967f353ae
ISTINCR1	0	1	18a23d7b380798c46c5cf208d33ca4ee901e4d34a94f622d874bc8db07453f2c
ISTINCR2	0	1	1fdffc8be2a7f119e789b5276435f77b19999c0fc9759def71353c950958f71a
ISTINCR3	0	1	8da54be5a12fc83f4aeefaed2e6ce97506ba8c4070539ec26403a46a4dea182b
ISTINCR4	0	1	6f0f9d55dee9400c066469519e8d9baf65299bda52c7118f515612bd6b45ddc4
ISTINCR5	0	1	118b33170e5645e0e2f26bdbad632b6d1a94c1756ecbfcba4b16f8f0be1b6c01
ISTINCR6	0	1	04aed1e84b1bbdc08e5add3d1c3b56650fd46da8bce3930ce2b0f103cb2cb357
ISTINCRD	0	1	520a2d2694463dc6b39e6e4581879861ab660303f9dee78d8df48f92aa450bd6
ISTINCRF	0	1	f1b8450cf7bd6f8f9c2ba86c0cb9b54feaaf6c11e875761a14c4672f0b78151a
ISTINCRP	0	1	26059ce6259fb97af307556105b1332d9f8e2153e4b76d94e4ba6ebc317eb92f
ISTINCRR	0	1	186ef2f20eaa56122e212d5b7b71a13b94a30edc1142a7315e78f5533183a975
ISTINCRS	0	1	c913ec2505e14aa38b81a96e2765fcf4e0ca3b3f289433c009d530bb9de16e5d
ISTINCS1	0	1	7bc613df50b01e9a2df84b088c4454bcc02404ca65c78b62f6c7f3c70efbc3ff
ISTINCSD	0	1	d2b01dabb39b2fbdbc0902d20983fb82af3dbdfbfc585ff927ba8453ec48f784
ISTINCSH	0	1	f8b38bb7d1e58e96eb41ca8b560da3273fb63affa27253f9cef375bba0ab1b0e
ISTINCSM	0	1	73e63ca1b2de5e0a09f596b19b72f248e99f8880450b9b16918118ad1cdc8744
ISTINCST	0	1	2721020fddc49142641623bc3af5c18220ccb81da850c422883a63e5c3e1ffb6
ISTINCTE	0	1	ae8da22401d0efe1166fe172287cfddd421ecd9c5bca4a863bc1e0f846805dc2
ISTINCTM	0	1	1e2154b7cf99cc588c813069959c46ec6f244c0414ebdbb5d20a9b10a497210f
ISTINCTR	0	1	0c973865189a85f9afbd94fb2c209bf9fcd420bcf7acd782ef988fd966ee7fe7
ISTINCU0	0	1	dd5a7fceb42f2c9aa0e4ee20a7087fd0d31a8d8e6c7c365c59fd0f0271ccba27
ISTINCU1	0	1	045f734823e87a3a11c38b931b201be762d9009e18e1e279218a679b4bf0de2d
ISTINCU2	0	1	14fc4dd5bdf87837c880c5e7d6d102126f7cb260ea7d1ee45b73e1872c2bb8bd
ISTINCU3	0	1	a0f57e5437ec250b858fd64dda4aed0dd3f1779bba51b45eae340748b36b9da3
ISTINCU4	0	1	ebf92f54d2337bfd8b9e306aa7a8298550e9c2168407112b244621a8d9c0acd4
ISTINCU5	0	1	2df7491313ff5e0e4e64ab7c7d2aa9eee4feea2a06c59738d2edb84127ea9638
ISTINCU6	0	1	74737848d4b68a2a7541e4eb09410d04d76635e93bdb8660175d1ad609e5eb5f
ISTINCU7	8	1	033176b181169c542f9d79c96ef7abbf2eb80acaca1a3f9dba060c6ba0f6a074
ISTINCU8	0	1	a48f0345e4dc23db4fd6b23c4081951d41474886b19fa91e81f6c3614c14d0e8
ISTINCUA	0	1	e40d59a7cd4e2ec99f8648a38725ea49137a562847203c593ee162288bb3ef06
ISTINCUB	0	1	0d4415961c47532ec7d8d80e3aaa6084d4b31e1024f011329aee407bfa80d4a5
ISTINCUM	8	1	1f638d15c34ba8195602c43ab8d87af0a3bf1c978a72a9c7a758b3d975307120
ISTINCUQ	0	1	fba2043e336624692983980a1b565df49d5b2ead5de4bf577e5e280b4c9b35bc
ISTINCV2	0	1	1bc4be8f8e51a08d30b010c03f7e940700d140008ef5ce192ee5b31c13e71655
ISTINCV3	0	1	1ba43acbb7a0ec458bdd976d1a652b0ae040d09ba569e01d891dc03298243e79
ISTINCV4	0	1	50e1afa8806c7408b93e61dc7a31453de91aa20bd636fdf22ba6358d7036d667
ISTINCV5	0	1	58f697d010434cd4c394d593782ea1e9b06e8f4e6659e1d979dc20864991cd59
ISTINCV6	0	1	40203e87d3aa50ea44fb917189db05e0585eac7c67816d7c6f692f51ee74e58b
ISTINCV8	0	1	f961f409ea4f4f4edc288e06753ae8124a90ae6c5c8780b027011baa1888d920
ISTINCV9	0	1	38e2abe4ed2ec70f58aa53c0a0186d4ca32e95bcd2f94b280dc4220a09a33599
ISTINCVA	0	1	fd25c91aea5ec8d89e088ba074db7351ebe461049f283b032ca48116c702bf8a
ISTINCVI	0	1	4990e32ef17591a90c5a66edf1b096deb02fe54509ca0f101ec19d8cac201443
ISTINCVN	0	1	47d143d2612366af1cc799ae3e64a2de5d8dfb6e28fcfe04b491fca1aaf7cab8
ISTINCVO	0	1	3ca4cd0cd8b8a24212d3bd11ce95f05e2facba987c9ae99921e16bbe07aef96c
ISTINCVP	0	1	74117e806401f05235a02d5c855a5b1f306f1599083ef02832927e3244c5fe08
ISTINCVS	0	1	b85c7a82dba982664139d4a790dd46af112f8ed1d2f2408131989245da098817
ISTINCVX	0	1	382c48ea41717446029210b9cb8a70fdc229decfe2b323260532c07d6b53be0d
ISTINCW0	0	1	bb36e8a6ec648d74214e17ccded7ada40bc76dcecb54710a794dc8d3ab4d1ad5
ISTINCW2	0	1	6a4175dfc4f6ff970fbd39291ca7ba9f31fb9705e89ee686324e4fe830f0759c
ISTINCW3	0	1	4acdbe59ff710601f69a090698a2919f5f1e2707d044ef4451e52bd7d080375e
ISTINCW4	0	1	d80aba0ddb22ecf7553837ef754a95d545b28a6c61136c26495a4f09de8ce518
ISTINCW5	0	1	ebdafc5da63aebd5eca5adc3c0a544e2bb40ab5895cac6fb53dbcd69f2303506
ISTINCW6	0	1	8ca11c357c65a1f77a31f70d073e45eb9364d76e43f812859574728b12136401
ISTINCW7	0	1	6448034f8dac999a6bd22aba504019aa97943bc4a57d3d145310a5f20ddaa21e
ISTINCW8	0	1	111ce4bf7778887b6c367b3d9e0d26d43341e99a6ffd989af58e04b705514630
ISTINCW9	0	1	ce645ee857219f37ade3776ab362fd361793bb9719151895d50c2de86d8eb60c
ISTINCX0	0	1	ddf71ecee57876775b97b0cb71c61c3b3e302044e962d177caa0a7704fbc6775
ISTINCX1	0	1	82f3e4f99d4fd8ba49be1c3b2f22a739c8e71a55418d467c55aa1fd7f2280fcb
ISTINCX2	0	1	bec37e01f38c89e144e7b744013ea751cd776ad11c1fffc5458980e28e4b4f00
ISTINCX3	0	1	272d3cb25295aedc4d55bfbd6f14fd83a896c57cd7970ca4e4f54246fae718fd
ISTINCX6	0	1	bf9bbcc020f718d5afcb135758b11a37b42d07d0064d624b21cb8d45273bef4f
ISTINCX7	0	1	f9ed32013d49a6cd6bfa9824b104189472587b1be05f0c6487c3c106f3a8819c
ISTINCX8	0	1	5450e5c06eb886536021be32ec0f7674182855032f068409a7f600b0585f4e1b
ISTINCX9	0	1	5b1ca190077b88f8433936385bf826188670ad30a07b3ce882546961cb86b841
ISTINCXM	0	1	82d7efcdcf7006a8a8e552fc09273f694650a861b61128505c04177e7ed7788c
ISTINCXR	0	1	ab87bea1004f2afc7d1fdab9be609a9ba6419344da034d875c36ecefba6a65f1
ISTINCY0	0	1	b52b46c25216bf778e6ede689b04041499b7f3ef5f3eb3b6066df3d717d2b11e
ISTINCY1	0	1	ab1d66240d956a4efad0251a3e5cde51d142821c8e19f2446bfada024bedc377
ISTINCY3	0	1	f98d45d3d505b186cf6efcce243da6b05d8717161e76e0ac0899ca34e9613280
ISTINCY4	0	1	68deee89e3fe71941506cf8acbd5d47f23cf6a6c73c6cc886484acc3651a36d2
ISTINCY5	0	1	1ba4f382f5e28bae36a28f73967a075c058f05404d53a7c395daf87f128800e5
ISTINFIC	0	1	763cff3224e7113b3ff8a73a762c45c42214410dec623b372aa157047d433c3f
ISTINFXI	0	1	d1618d94800d4b07071c82267e93c210f29f8fda4dbfd5b851e60993200fbc7b
ISTINM01	0	1	ceee1172bd6cc48271c3ae8a8eb89ef87b0728571806be33176a6911a45adbd5
ISTINMAD	0	1	fe32492c4e17ede0fa142cbecc1ffd829a7a3971b4862614345f2f9d87b454d8
ISTINMAL	0	1	7b19d9bc919e2172d9089115bcab0064513f28fbaa3502a4aa735a169d8814f8
ISTINMAV	0	1	8863b92a24dc0617c1acd86d810b79c25eb59790e58ecb1f6bdf6a8f335ff20e
ISTINMDD	0	1	c3a505751e9fb341cddf7278ae20fe6d84d8c9f5619be04d53b56ec02aae3045
ISTINMN8	0	1	f8264789100ab43422c32128bf9720594223763986b23e25df4ca5bd13cce3f1
ISTNMC1S	0	1	51bbd45a8e127f1ba8c87a0d6bf5488038e8bb03ff4f54d2c65367e7bd1edc9c
ISTNMC2S	0	1	81474302a8a8f5d148379e3e2b49351807dfbacc9e5ecd58e17d92a87295d401
ISTNMC3S	0	1	73186206a95efe4e85c146b7a3751dc4060f3aa92018a3560465e11ef747b5eb
ISTNMC4P	0	1	5c8444bca65cf6881e68baaeb0c9f3e48cce1ca3354d3801d63f38406948dec5
ISTNMC4S	0	1	e5179f58e1f6e3419d3cba0fee2648c4a16fcefcec89d51491547103461ee507
ISTNMC5P	0	1	8cc9a1f56a50696ab586dfb0a3b257f01cc5e47757a05b4b630763f1b011d681
ISTNMC5S	0	1	13f3eb4c88504ab6d69b571a8fdfb6f3c30a4ac91b7b8807aa5da7ac263acb99
ISTNMC6P	0	1	4984f18984a64fa61881a9315ad05a22635bee29ab56dce691e1d47f5301bc33
ISTNMC6S	0	1	da6415a439c5e4f9ec7eac28b4837ca38618040353ed9ba7be89ec148d2d3e01
ISTNMC7P	0	1	18cd0bbbf10fb8f82416145ec1584ce59acc732095e355844f6df53cd287b303
ISTNMC7S	0	1	6c7212a29206fc90755b8bd77ea0af1b34a86bbfc8ff1e326bb8579c3b5d2abb
ISTNMC8P	0	1	9d971d61218775d5736bead7b1b408fccfb32850bb43a1365caf989f62a93f1d
ISTNMC9P	0	1	5c5442046d0f4fa5e4e24bf42c86bd3633dcd6fc5fb07fd9f78201897b6e12ea
ISTNMCCA	0	1	914c63a33852752e21e4921664c9802277357e5a6a0b3530d81207c031f63a1e
ISTNMCCB	0	1	40a3a75af9d00ba2ffd01b16a7906fc7f68128fd16269e65d37120ab1db07b20
ISTNMCCF	0	1	eb50795455a4dbc78d04511cf26fa9bb9be2aed05ebcc501f352b30b594438b6
ISTNMCCI	0	1	fab714fa8b60c65902fa9909a9f89bc24383f3f631613234a8afc4fff9a02149
ISTNMCCO	0	1	9d15ca7ef50b5d80e2c8d666500fec8aa7438b7a1a12dd00fcd5a46fb4275fc4
ISTNMCCR	0	1	80a8e19d15412d17a940759edbc215247607837195506ad6c2936d46b8a846ad
ISTNMCCS	0	1	528cde52e0003b3f7d4ba9de08c5c49db7e65532782db80df26808e029650451
ISTNMCCT	0	1	1688bf8fe7bf0ed915aab07248eae0f1e1522449275c80410b9393ff0336bdac
ISTNMCCZ	0	1	2d7ba7e212aadcd3b69dd77e6620cbd93835dfd7ccfd08292e13755e52944373
ISTNSC00	8	1	85549c0454d44a4d9e058b7b4ac9f0b50628d13b9c182bd4ac7e2844b7bb2eee
ISTOCCCA	0	1	06c45ab9de9151d4c277441b3a403720e6360acceaf33a0d794c53b7842b886a
ISTOCCCB	0	1	d63cb44078312c7e257be472535347618dc2e341ea149fafec36866edc4ab08a
ISTOCCCC	0	1	9a103d69f886601e59946519bccaa005f6a884dcb7f56da654587256c24e7000
ISTOCCCH	0	1	0800328d74644ae81b985de5c024113b4f00c5b7ec70198b6d2ba9e964058e90
ISTOCCCL	0	1	d5ddaaf8e0d3d07f8a998a3bb40e79b92a6399cc3a1ffed796840ee6c1f313ce
ISTOCCCM	0	1	b3e2aa35fb8419a4c389cc16bf8966e20b58094cb836951a816cd15f7fb5a637
ISTOCCCN	0	1	b6be6d85b14652d1f5dbdae6b38a0eba28903b4363690e6c84c445f18c4896ff
ISTOCCDF	0	1	60670d1877368bff0a735319341497b268c431a8185ec02250bdba727b9da9b5
ISTOCCFB	0	1	a3f31f37e7f14412a9fc6ed7e110898dcfe08356dc36b352e5e3e10ccd954fde
ISTOCCFD	0	1	d2d921ec7340b037827578acd8a0f8fc9998e3734f205bf94c647ba698b89222
ISTOCCFO	0	1	9ffea545675c4f69785dae049ba1e027e64094dd7abbe3f81a77cc16fc3041db
ISTOCCFR	0	1	871370b292eca9e75d6065fbe5a6916423d781612e6d7fdfb52362850a33feca
ISTOCCLD	0	1	0c941be094746730959b5a3fae2ea989d15903b64a2d0bca7328098b7826d57f
ISTOCCMD	0	1	ac5135f28905323c755097387d52e32ce25b40b4b1daeaa947f17c431dc0a4b0
ISTOCCNV	0	1	3c59bc0d7b69332d23e36f984aed348a9fa444d6c99a80c1bf4b2118d1125508
ISTOCCOA	0	1	43613600b767514d226d15227e40ed61a966d692eec2b5eb85574802c5d49ee5
ISTOCCOB	0	1	1166d2a022d1a24a3a98ac540f9fdd6a365e776ab77ce6f0a544886f5a077d46
ISTOCCOC	0	1	78fc36994c9043494b89f3c7cf58f0c70a8c07a1fd5419541379ee898efcdb54
ISTOCCOD	0	1	285f54c5bbe60d38c05c65a6927592844374c8e4e9b35a5056f73848d5bc309a
ISTOCCOE	0	1	0e86020995a2703cc4681ce02970a34c4336ab0d730574c9dd3f04e38195f065
ISTOCCOF	0	1	b311c1f10e09dee0cc2602c9f0eef2cf0aca89ca931fce819c4f6b8ba234c6cd
ISTOCCQU	0	1	acfabb93d3e9abecda0e511cd294b843576e7008f9a57f50640886e31ccdb633
ISTOCCRD	0	1	86d46ee265be3cba845f314f58063c71b81f3e14a7be9da9feead4dd59f9e9c5
ISTOCCRL	0	1	dc9d3b9534995b77e406597abacb3be967915e831cb6021c6d69fcc190ccc7b9
ISTOCCRT	0	1	21e1fec2e9a4be50be2d1fcae53f9f5baf821c93f8fd016e6c0ae9758d9efaf6
ISTOCCSA	0	1	3d631cca5d63b46927d114cd487e50c09ac4849e0c146b309e4b0b2130aec5a6
ISTOCCSD	0	1	c925057c4b60ab99cb8b636efb0287b3b4b8a45b372580bcd43dc165abb9330b
ISTOCCSL	0	1	d1ea5fab40edf635c49ae5b52551128603be64e43696bdf314f4f9c113bb7566
ISTOCCUR	0	1	cba5729f937e6256af8d970ae6d1a0d9bc4a764af9e4bb3ceafa65bc85ca922d
ISTOCFCX	0	1	5be3937da9709f37cbfabd254159bca7d2b76806089a354b81299a58d320f331
ISTOCMDC	0	1	30dec1960a18b8daeb3461b6c9235f4b62da1da0d1b71a60a892dc4feea142dd
ISTORFBA	0	1	8ed4c23d003c44002fe6d73e6fa9a3b0e167a68ee3475330b12d50f49396bb71
ISTORFBD	0	1	936e88542adbe6d393390d4b2e80eb9891c7c4ad7932c9ddb6a2e0d8e6168440
ISTORFBF	0	1	d6a6099ca3921e1689259881dea4bb61711c32c1312140d77fcf5f033b83a3a1
ISTORFBQ	0	1	7ad0ff03ff232ec26126f5fa7c15bae97099dd5488d11c568baa1a853b3c7935
ISTORFID	0	1	42dfc9bfdb473427ce107a1de977634360a0e4d8e0fce45b8eebc6824aded39b
ISTORFPO	0	1	47631527ec1692b2c55cba689100ebd6f8b8da60b5dbcd651e6c19712cbbda97
ISTORFPR	0	1	06cd109b53c38f0d5e902426b91ec8afe01daf123ee96833ba7bf1d37e226b5a
ISTORFRA	0	1	e62c0512bfb0c49ae79ec14eff7ee93caba5136a8a60bc4e7c661d86014bb174
ISTORFSR	0	1	8057f32f57eed4a65b76c1b26d6d6643b32de3202d38e709cf7b36c2b89da821
ISTORMMG	0	1	db753337cf0a1d8d78481bc51cdbb3c8bd80f8bb049d6675d6db1db32ef4c29c
ISTORMRL	0	1	06060760cea52d7c5204f9a9cbe12337b32d3334b0dfbd10f8931c192cda8e7f
ISTPATCH	0	1	8e8a7c39ecc6fb411415858829f139a0cb59acd3969a09f0281d8732db2e6d19
ISTRACCA	0	1	4af8c69fead263cc345343961c2910a13b322b50275ca95dbf8f7f61d747538e
ISTRACCR	0	1	5fdf53fecde164bb4038e25f42020f6805bb8331119cecdc0ce81b97986ae3e9
ISTRACTB	0	1	d7e1904d80ccbeba62f03d0fb39fbd82dd39bd27170d78ed5e8881ef0ed2840b
ISTRACTL	0	1	0b3a1a60f58b6ae2e8d685956e966acb99001d206ebf2ff335803fb3add92e51
ISTRAFD1	0	1	7b7991741e9c99949cda48db71c321e910dce1d8edd17cbc83ba58bf5911c510
ISTRAFTP	0	1	9f333377322e430d2a456bbe2a3463d5e4c277aacf03d5cbbcde0cf385c140b9
ISTRAMA1	0	1	0570531c2a657be0cd342c40b5d83109cbd1f2b94d9f3c9b2430eaf5dd0fc371
ISTRAMA2	0	1	8e21698f3ab7c19062f427e541456f2830e77afa89550731085e025bd2c83edc
ISTRAMA3	0	1	015cc17eed989c4b208c31bcfd937bdf29b6421f8167a38325fcc46d533c0246
ISTRAMA4	0	1	a370a7eded412b49c61348c49437e507c78a9533a0dc0515915fe3de3f4ee99a
ISTRCC21	0	1	632bb45402dae2976ed76911826417bb7517c85a483a5def79bcc276fd3b042a
ISTRCC22	0	1	ebff106fd7641c4115155707e0602683d569cd6d3f67a53b8fc13b28255075b2
ISTRCC23	0	1	96028aba274e3d4d3d63fc07714774f75d6fa65a588da4278bdd92f56f4e209a
ISTRCC26	0	1	87ddbf23e44a8ef2d05cc31cbae27b534b8986a35f233b4d023a38da7b366734
ISTRCC30	0	1	5f87b166a1e3193c7dc9b8004ac498a666e79865ac32252e29307acbd0559c3b
ISTRCC51	0	1	aa3bf617fd7e31df46c479f371a06333de1dd64c4b0c7cc503263741bb4d6d2b
ISTRCC52	0	1	223ec7f811496cdec81a95e8f3699c6ad2e3f63e45b66c7f78f0da2f57bd60f0
ISTRCC53	0	1	51ef750ead6cb880796f14cbba23836bf4d56accfe02886fd81b256c6d9cf7af
ISTRCC54	0	1	170bf8be77124e44e672edf0b5505114acce159be74b8eace391ba8bbfa662cc
ISTRCC63	0	1	37bbe72ff0cf44e24036bc484000b958292830ec17220149073a1919003f2961
ISTRCC65	0	1	6a25fa2b0112dd44ade21407bbbe8bdeaeebb1995d677f4eb090164b09dbb434
ISTRCC80	0	1	00ac801e04e69586180838f67b4f6e0bfc21bd1f1da61e796fb8e99ecc27a467
ISTRCC81	0	1	d01670cf86c60bc0f5bbe188ce0299810b9a9235fcb340c3c5a963257d26fc62
ISTRCFY0	0	1	1f65f9aef43b74f296466c615d169fba9402ac16631303082a8cd70105624bec
ISTSC020	0	1	1f8a54d40f0264cdeb81a88d7a63728fcaeff225bb379a8e366845f26b26c9dc
ISTSC021	0	1	46e183ca4dba8ad0e6ef2288f810af23a73481fba728549aa5a6752d64d5ebfe
ISTSC022	0	1	66657a1ea356fd5f8908ffb7a4f9a7613167f7ac8ea4ac2d093d381ee63640d7
ISTSC023	0	1	914469104ba7787a3541316e4c00ed881a2f6213a9d263aa0aecd59b8e4dcdb0
ISTSC024	0	1	8d42fbcb3fa15799396bde8ac32ab38e0756e5019f72f759866d20b24c0206d0
ISTSC025	0	1	733988df4e0dd4ae7c336203a942a710d1dbf116ce10b457c6c125c439083168
ISTSC026	0	1	d78f23a30d5f3e415413f6fba29c77129a2ac664bd67dc6a57b48eefd3b916c9
ISTSC027	0	1	5203f49dd079dbe9f96510eecb1b0c14d2c6476b5606a9629b095901ecd6c2d9
ISTSC028	0	1	76899ddbbd0e795fee79dad48df6db2f007ed8a52bbcac5c9f84349d339f2dfb
ISTSC029	0	1	f754597eb65c9f06e7b4baede3f5ae4f0524901fb60d2c722d1c3d7629130b44
ISTSC02A	0	1	8845daf4f6d8d544aef2b835d60e1e5831512c83738e7f553839218ffa571f4f
ISTSC02B	0	1	6b176af2512a63f2d7f75564c8e85e856e14054f278c4334412fe75bc1dd8605
ISTSC02C	0	1	81fa648eee2e9cfa92e27b7c583326ef6c7bbb55d07075f3b0c5caa86a919eab
ISTSC02D	0	1	826e93dd9eb122d292c73b59289d173ebfdbf0907b7a4531ec3fa1777cbda44a
ISTSC02E	0	1	8e086f09cb7c4bc906915326d5694b05c4891a21f59d572bec2ba8526642681a
ISTSC02F	0	1	da1da375a05570b971f8fc3ec72480dabc81bceed355d9272c2fa9c663241d68
ISTSC030	0	1	d6b79c9f60c1d6bf422217cebb46d7d02dc3c5bf3be1162464e37bc79310a512
ISTSC031	0	1	6b7aa8f80379fa27fe2f4d71ecb8278c78b09bba3f587c429d615eb436b85c8d
ISTSC032	0	1	e335d93394b04318e660cc77fe3d22cc93779c34ba2ae27a140095b76cc5ceb6
ISTSC033	0	1	30b0114fd565e2a88348ceca0d8a34d9494143501b00d59fd8394d660a7c4e9a
ISTSC034	0	1	c066b6425839ab910715dd8dc64c9282c06f10c2b43dcdfbb701e4e909aea9c8
ISTSDCAL	0	1	32b5a6a6789a7d0087fb858da48c0a6aed3f0c3c6e39935bf3aeb80c660b2338
ISTSDCAP	0	1	1e6fa020f578999ffb7728c827347b68fead55ca6e3068344f42f5eddcf04670
ISTSDCBU	0	1	b7336c1b212325c517021de56033ca2c1986981dba15a8023dde2978fc4e0882
ISTSDCC1	8	1	f8438269ad466df32054fc1178df945c864289de8006c2ea5fca2e8e875610f3
ISTSDCC2	0	1	8cf085111046beb9140e5513c4902a9375606582603629d15860030393b540e1
ISTSDCC3	0	1	7b551e71f3baa92eb12d6536b52d1353ab396abf04669d1abd0e3b38df259e1c
ISTSDCC4	8	1	7a24798fb7494e847d0a5d337001cec7f899796e7605e7e90890813179f7dfdc
ISTSDCC5	0	1	3a2242b8881cf5ab275517760e27b856c4d2cd1b491c1a6f848ae41858ad6d84
ISTSDCC7	0	1	73bf5c1e5ed25605beff5d3387759b13c27d931819783c41a160a6ed911c9939
ISTSDCCA	0	1	99f78fec8a60cf31a489dd820125c2efa62253376c526a93f29d6583b9fa8ea7
ISTSDCCB	0	1	4960ed305e9bde4f12b04b85662ac89e0032549492d7098c6af8250ec22db6b9
ISTSDCCD	0	1	46830ef1d1df3bf27109b87d91dc6ac69f7ed07070589d4b904f6261a0e81092
ISTSDCCF	0	1	59e787cde1e32e138bf9d5ed990b1403a2a5f45a8f01de9d255a7d367169ed3c
ISTSDCCL	0	1	55872b1a4c8abc2ae9fbe2d9aecd252e0255ceecc228e4c05bdac303941f7ba8
ISTSDCCN	0	1	837569482c7dce35cffdc065fbc7c39ff36ef8389c808380705b01738525fd00
ISTSDCCR	0	1	7a407c693cd33d35714e05bdc23a2c3fbdc2afca693e542cbe64019474b40009
ISTSDCD1	0	1	3d28f879f3c56e2dfe1dd0c6577b12080b8a2afbef7dae439101fb5437a3def6
ISTSDCD2	0	1	85469b309ba463d85c94d37b7edaa91c601d6cef30eb9013d10c3f0cb2ae91b0
ISTSDCD3	0	1	8807d4cf48256c02bd42b5aac7346de4d43dc18264ccaeec6291ddb1d32bb62c
ISTSDCDS	0	1	266337698a5a76606e288c710eab2901115836808f6bea891304d509a19c101d
ISTSDCGE	0	1	ef58fb4a1c4ae72488a8580faa0eeeb8f6d49ec553259f36d9b6ee48c0d437fd
ISTSDCGP	0	1	81380c881cbcb743eddc60686d5fb5bc9c0778d2cb0aa200ce0c8a945a488931
ISTSDCHS	0	1	cbfe1c551dafcb6eb5c200acc85bd2dd614120abd6099a4f431b04822062f93a
ISTSDCIN	0	1	256676e65cde26365f6be34df591fb7965ba3c7a4e734a256abc7f455dabd6d7
ISTSDCLM	0	1	9c6c1437b7f14f38f3c896bb7a73499771eaf4d01d75e82323e707bf78b18052
ISTSDCLN	0	1	1f68a51e65114bda389aaa8051e9b021874d38654915cb72d29b9214f0fc882b
ISTSDCLP	0	1	f499c7f477afdae223f24729b8e5a4c603fdf11c39ccfbc9776d60f7d4506a90
ISTSDCLU	0	1	b702c1c0854e636ff2a37fe8dc9e9143fa6298e4d23ad964143d466e46869893
ISTSDCML	0	1	05931862207a58c03399bfc9d183f3301d7f1f3a550c673639ee8f62f0d47d04
ISTSDCMT	0	1	b9e774374a5a927fd1c07ed7265f4b5360e130172a245c0efa965f075ecc8254
ISTSDCOD	0	1	ea87aa8cda19d1b12e250f1f8684ab44b42262cb94a9d945c419ee623758d68b
ISTSDCP1	0	1	239807f01748718da7f033ddc0136860ad0ebd9c0be7254602b4578abcfa2da8
ISTSDCP2	0	1	2da9473eb406974cb98610ebf3e508a15f387cd2bc233ae435b55392597671d7
ISTSDCP3	0	1	331cd14068326bb0da8bcae779fa0350106a5a859860a25ae74f4c5cfaadc758
ISTSDCP4	0	1	d5febe938108f28b748c4f2c1e8bb20873fe462a1e1f00c39112310f9336ef74
ISTSDCP5	0	1	42ecd2988fb918a02d9a338d64ea463c574b53cd0b13a1b7e3bd9edc76ccd558
ISTSDCP6	0	1	87bc834ac5ebd0fa221b065b7b24f46386dfd3271e45e9199432a8aae263948e
ISTSDCPA	0	1	5be98ff2334fcd64100984c20ca80f5831bf85e96fc731ca50390ccb47881b10
ISTSDCPC	0	1	420a3eb598b761041da477d8f616212cecae60b57da7a9da5a3c82b74f414c69
ISTSDCPU	0	1	6f3a57720d12b9794139dc4c4dd36d2099d0e1520c4c113bb1dff89ab7148f7d
ISTSDCRC	0	1	99d952d8e603ab488509efa02eb76b398cd3d7243ccfc3078e4187a9bbf6902a
ISTSDCRN	0	1	7d6babc9c14539936b12f4b981a9f9a2864d22fe0108ed49c13b8abe943911ba
ISTSDCRS	0	1	d3b58cf81d0a9b3e1d999bc4cf35013010d3dbbb03cb1e4d8f8370d01afd8a50
ISTSDCSB	0	1	40b5a2631e20f7f2ef68f7260aeae835d87088cecea47d84fd79a38c48958438
ISTSDCSC	0	1	04563330c785fec7cd0590383bf422a2412205374bbedfc525eda25107724e28
ISTSDCSS	0	1	68c2c20ebb98f78abad5c710af894fac8a9c9b76cb90988b96f7d68703b3ae2c
ISTSDCSU	0	1	c9f026d29c097d8f688c3d9beed73cb4aee629cae05d81073334c40f8a8b3ce9
ISTSDCTM	0	1	77659f9c1dbe0b499766d9e3038a24d9999e5a02c31057b3151d015253f6ab23
ISTSDCVB	0	1	659da62ff95c239276f959209cd5f487c41e95c42353630e7e84e87b3c2b0c54
ISTSDCVG	0	1	72f9ea70e6e4bc35f65005c94920a1187fdf22f2cfc8fca1375ff1933af47c4d
ISTSDCVI	0	1	a95f03ddbaa168186911f669cf9fbb068a49f3157b5d6b132948f9cade199a36
ISTSEC01	0	1	a9dc5bed5891c3b5f866fe30eff5bb78c0bf5fbeea96af87aaddac33423d8a68
ISTSEC10	0	1	2b04dc2b31f5178d780a252f9d76bb247ec4da99efe37a694aee2d28253bbb4b
ISTSEC21	0	1	575910fd99b843cd0f6a3e227ae14c3e40f90875568e0e9ab631ebf170f95822
ISTSEC30	0	1	1b8e66429ce73665d3bc4172c12f6b634a2faaf4f006e32a213d9134101790c7
ISTSEC40	0	1	3eb1345d5b3f05bf38eb609ab09557d99258e9cfb9302eb62310accc662f0dc7
ISTSEC51	0	1	f9fca68427b0e281f711dc4b882e8700622ebeaee609996bdd5cf96f33b48dff
ISTSQC00	0	1	792b9fd36fe748ff170b183feb73e9252f13733584828ff2f0883b80baf51816
ISTSQC01	0	1	bff85be167f392b7b9d27568a438e023b5e08c77adf4bdd23f0971ccf06b6b2e
ISTSQC02	0	1	b4f9d42d889325106a38bbd20e4a2dd49cdd894a0406844910660d41755b8c53
ISTSQC03	0	1	f84b90e33c23c23f5da880d97d1629e2a54423f42e8f77eed46b321f19c0703b
ISTSQC04	0	1	520d6157ba176477a5d1e07819c5b463edff32bd7100bb279639c1b4d366b210
ISTSQC05	0	1	b4eeeec479617bb0506bd6eb2b85d612e50019cc7503f64394ba79468b4ed4cd
ISTSQC06	0	1	2beb2e6d0c6f820eb6e6bfc664c4073917919be0c6a854244952e26f40867b5b
ISTSQC07	0	1	afe764b520e0c87106280f3c8496df836e68c4fb96490e6ac4630de6bca4206c
ISTSQC08	0	1	d3994bcc2f764e01d5fac27268bcc08e645b3e0c678b155b1459e1c6640a24c1
ISTSQC09	0	1	fc7b79debc96fbac81ac2c83614a74da9a31fe10f9747f844fdeed1fe355a066
ISTSQC0A	0	1	b6449d13675393ffd1fb8915e34fa478561ce3095f5d6ba65fa4bbc903d97e52
ISTSQC0B	0	1	46a9dbed61b09c27713c65f468aaaea5e0756aec8df935b203fc8da16c4456c3
ISTSTC00	0	1	13c8bc0d690a7519292237150697b29fda11bc10add31ee03eebd788a3571cd0
ISTTC035	0	1	f53160915157ef7ea2305464136726c1ff5f2d600a99c039a951382312de9010
ISTTC037	0	1	5de07197e5e300eb803c647c5e994b23fd68a124c70f058c801ca35c922b7a3b
ISTVTLOD	0	1	3e377c9f9052cb4c2cac066b9b2801c8d08203766ddd3e39a6eb949e58018726
ISTYCLUS	0	1	ba057b19c68650d52547786f9011e9f4562f40e0e1fcb094310762942f868ed2
ISTYCONT	0	1	3035d28a88519f7745a96a2633332b243713fb369bf92a155d74e950ea226c39
ISTYPSOL	0	1	9b7bb33322261a3693ae77b8731d9ec73526bb86d0494880ac53a5fdcdb16702
ISTYSSCP	0	1	bf3d7a2d1a819a84685591dd18545df5f241f02f54709aa51639f3c3643244d2
ISTYTCM1	0	1	df4c05a6553daac2227b0a2d50b09ec0b5667bd6f918af9d6e73ade8b600dc3e
ISTYTCM2	0	1	2a6958fae03ffb115e306993e21ad47ee4b925468f5d7f6cb3f2130661dfd14a
ISTYTCM3	0	1	badfe4c0c7093865300a7c0185a5a71d89ee3f1891a3b4144c3551b1305e05e9
ISTZAF0A	0	1	f768a72162b36df2cd7173a150a25743f19b56d94a0550bfe4aa1b6c0602970f
ISTZAF0B	0	1	58c8849f1ad18dcbef0894e24c13777df13588f8c2ab6feadcbe67f683074ee7
ISTZAF1A	0	1	4f480e57ae05bf5e02b6591373468b14256502e20bc3f07b636af04598b8f650
ISTZAF1B	0	1	09040d350cf8937e8b47ef54b65d060ecb91fff1ba5cfb5d47fab1208887a652
ISTZAF1R	0	1	b3c50758de66ce76e2346813cb2e922b7df89d86daf691adab5ff04d5357aa2e
ISTZBF0A	0	1	93f6621497b458a31db5a65cae4721921c45caceabd387abae0d5d6d9b3ece36
ISTZBF0B	0	1	3e8e7cd97ff7e0c1253c11c29ea03f47dd8919bd564b36ab3259d10c7333d104
ISTZBF0L	0	1	4b5090551c2ca783c67106c97b9af9e170beb567ccaece590e1ef897fa22c962
ISTZBFAA	0	1	c227458f3df48f5bf3bb3c5ae23bbc1b7bc91596bfcabd04f03c7935f04f83d7
ISTZBFAB	0	1	996ee06e358578d508a3d307ab24501ea10518140eafe65235297d5397e3a7ff
ISTZBFAE	0	1	611e344325a2c201018cdeed6e22fd39c00473e99d22802f6770764be7e63e8c
ISTZBFAG	0	1	3f1eb95ad68bdd2140d924e11891dd6dd62f91b6e52c9b37a4b8b17330c526d2
ISTZBFAI	0	1	8ec788366bb2a4eea170ed1d689beb7e3a62f9deb4e4f2a475fa543421726146
ISTZBFAL	0	1	63e5367957772fc4696ec6d2299418a8b22f228fc9fd18ffbe745efbf7422eaf
ISTZBFAM	0	1	bd5218ed24045c5901edca4fcd06a5a1a3f69d4fe4bfaa80bad4c961985cb5c9
ISTZBFAR	0	1	297df49e94265d042b98647fdf4e582d84784723b000b0d59ccae0b3f881e17b
ISTZBFBA	0	1	9b34024aee4cc2c5a57b8067c3dc72a3898a19da24afc5767b27565c68ef23ec
ISTZBFBB	0	1	f3bb9fdcf7964d41c11b6d491cb3036792d2dd1d3f70f657126000e6cdfe2519
ISTZBFBI	0	1	0b3835abf552a071198d3ac532ca19b406a44b30e3b2df3dc82d2ab6cc0e0a37
ISTZBFBR	0	1	a02a2af1add31b5ecce1410a98df2eb3a199fbe333f88c493572cb8cbf1d5fd8
ISTZBFCB	0	1	2e13f0edd37bc943e9e12cdb680451406fee6bb19ec7b9b10098f5fa92b4d378
ISTZBFDI	0	1	60932307d7916695a0456223d277e8b1af5a6fde45093a033252603d6a8c7e56
ISTZBFDR	0	1	34e8010b358bd2d272abe6e8e609fa3caf5f78b0ba9e90632de601c0164fcbd3
ISTZBFEB	0	1	1c5a26e90d062c3eddf7151629c1356da8a5e9f70d9d4bbfe3babcd43c4da52e
ISTZBFFA	0	1	0d37538d5da26c2786720ae034bfdfe64b090dd0b3a442506ba8de2ec9ce080f
ISTZBFFB	0	1	ca2cc4cae29838dbd269388875fff73536d28d1c4d6ad2f97ff5431046deb2a8
ISTZBFGA	0	1	d9728fcdd7c85b63a3d7f88648487f8d3331b5c285190988185d07a5b07d045f
ISTZBFGB	0	1	e7ca504047cd18fbc0e1f755320756c78910f206f563301bfe79a7ce8ab3745b
ISTZBFHA	0	1	a83a30a891314becccffe4e0901f49a4f019bf45d87f6f40c491ad55563ad683
ISTZBFHB	0	1	8e37e3f540f10fd9ae6df59639426e6fa68343845f9e952b7af0d4f0d878edb9
ISTZBFIA	0	1	a5d50af041c123b9607cbfc99d36ba81b70df0d27953868dc28816a7362fdc7b
ISTZBFIB	0	1	a4b33b4856be620bc1f86ef8ab0a50fbebb99622598d9a01a69c7758ceb29a2b
ISTZBFID	0	1	641c406186406bf3d9167503075e86dd68b451106f5a61204b9fbec5d7f00397
ISTZBFIF	0	1	2b5ebded0624fc10ed4a48592af3a6ef493b5664dbdfd7d0edaabfe83c3b198d
ISTZBFMB	0	1	572c136752a3b28f1a00b7d6647645bcf5a3e2b7cac56d79c6c08eb2ea8a86f0
ISTZBFNB	0	1	bd6e068355acb129de181886dde40605e8217e3694351626074492e3490deba0
ISTZBFND	0	1	94aa82a7abce38f8e814ee1994e5d7e23e83d769f1830ddd4e394419f878abef
ISTZBFNE	0	1	10d8c927a4e9d261882db746cab2e21a66bb622038557943e215f72332e730e2
ISTZBFOB	0	1	cde3318d752424383bd0014f295a28d5c981593fdf07c581bd851b702d76f781
ISTZBFPB	0	1	b525557883f2923d2148764c452c3fa8495a7cab9798abd1066b6efa82476d5f
ISTZBFSC	0	1	61ae6fe063359cc0bd20066f582daeed27eb1e57d6a84e484fbcaaebac78d687
ISTZBFX0	0	1	956a80c593a1287412740b61093d3dea1d372301b4e1c1cd671665c88381e93e
ISTZBFXA	0	1	9728bf5798e6b7799c081ee0fba348a538150d33efedaebdff1f88752f16bd8b
ISTZBFY0	0	1	b9c743c9d795205268ae727b8311f4182f5ab71cd71489629a0ca63d460e8032
ISTZBFZ0	0	1	8523153103271416abaf4e73a6f0aa1a8b743067e1555b87f5c59895c02ea040
ISTZBM0J	0	1	24cc2544e4c7037a2bb3131fd48745bb8fc8d56201f96bc97dc75fdc33be547f
ISTZBM0K	0	1	35d1a2b8b006d44a48434a2b25274e4dba31030eb841ed6ce3899dd879bca270
ISTZBMJA	0	1	f328df33d9ca36887595534260a961ca6b58a0ca32240b843e99b0b2a2fbc6d6
ISTZCF0A	0	1	06f90e85ee7937c40e034ea0bb8f076d37cb0aa4785ef79385c33450331f53d1
ISTZCF0B	0	1	b164075a991ce29293d8da29bca838ee6f889c0a736666f3799b8e9d216154bb
ISTZCF1A	0	1	4c600d4b33c9a3c93f0b1e601996fea7465196c31697bccabecf5d036d516ab5
ISTZCF1B	0	1	b04e8cc51d537869999f7c8c4931b9382f74e89abbd2ed85d6882659c0b68598
ISTZCFAI	0	1	ea2da9dda580cb005e3fcbee8ee383be88ad2092f88176b5383e0c404c61cdd7
ISTZCFBI	0	1	020bf21ece421750f9729b827e2f9527d078dc6c3470a01a82cf56eeb8528d21
ISTZCFCI	0	1	163305ad6f6ebf4368d775722b5a8444f329bd6b625509845bda7dbd93efa6e2
ISTZDFA0	0	1	ec7d9bf33c6b166b25c298205e51497a329ef78a2667404343b6a0ff49af4117
ISTZDFB0	0	1	f84cb1bd72a82808ada181cad0887666dd0ab15e9e2fb93816b9ccdb0d9e390e
ISTZDFC0	0	1	4fbbfab256bf7ce4457e6a0023ce5482dfd65e2bd7af03f272eabf58e5286cd2
ISTZDFD0	0	1	f48d76082a92751ee54a2a2cbe3e43ccec89b8c914d43427df969f41ac4e7528
ISTZDFE0	0	1	2e2b86a9e82661680192f1e377dc4315e026686acecc1e5dcee895457f880090
ISTZDFF0	0	1	ffc551e2fa259e5cc48ee43a06373cea53bba70cce7fb10d1a430c7104d2cf2f
ISTZDFH0	0	1	f32e93e0c366aacdfde71d573a991e903cd9092194803c1741dd137fbb04e0c1
ISTZDFI0	0	1	7c7fcd5ef9d8863096672ffb690d5b2f63f345c876bc71100326c48d4524b7bb
ISTZDFJ0	0	1	7357c1c1fab2b16ddb84cc1f3469e33b949e9f505250a49a59d63c6eb65edd05
ISTZDFK0	0	1	2575c96c60b1a8876140983c9dc50ffee93286c9371eed18cb8de675c67d884a
ISTZDFKA	0	1	7626742b0e151e6eb35c23caf51588efb5ce66d1ed8491db1ad28b2feb26d72b
ISTZDFKB	0	1	46471ec6503ed29445f710398373b128d92cd68bce0a25676817d133bde21406
ISTZDFL0	0	1	cf01b95dff339d4190802a4ffef974c7f105768f4221aa1b9c65bea25dadcf1c
ISTZDFMF	0	1	c98dba9168bcefe561a2e4192f8af9d182fac01919583ace968ad4cd6be09c44
ISTZDFNB	0	1	a96f3e95d9807cf126e59ac531562e63facd9f867d2ab2cd056d948afee0efbc
ISTZDFPR	0	1	433873d8d8addcc58f5139776f691353f3ce0f85d826d78e1b805163dce1bbd0
ISTZDFQR	0	1	ce71d704fd565571deee6678562c1f5f53f3a8e232e76ffb53cb2f04e894c421
ISTZDFWB	0	1	1bd6f4479b901d5f72a290b1157d7dcd18152122fa2f456cbeabbdc4179180ee
ISTZDFWR	0	1	8da77a1fc0282105090d37baa973acc272921d4158fad2ad3a3073526c66ade3
ISTZDFXR	0	1	9a236eb245c8588f4170cbf2ee849729aeabff14eb44c9de70015586c5f8c93d
ISTZDMMB	0	1	e18d76e9d571993849682ac22f9d3f7953267d899f0c998538491e086831f7bc
ISTZEFBA	0	1	1e54357300a4ac8960939276a7b6b734f880281b408c1f517aaf1d049c4f00f1
ISTZEFDA	0	1	756bb903dc198947786788c03a503ed4804104ceae9e54e7f5e7ebdabf0247cd
ISTZEMAA	0	1	11100cdbcc5eaca66d4cac09cf028e1ccd3a56859793fb89e4b0318905317c42
ISTZEMAB	0	1	51da83ac633fba99e856516fde5da37cabc78111cecb67e8487d34373405f0ca
ISTZEMBB	0	1	570acfe74c3e112ddfa3c40625d4a9053bb8f6f3105abad20d1f7eb9e8210a56
ISTZEMEA	0	1	ff8dbd28c5f758cd021f75aa00ff9a7c637b217c85068af488a72973d311e891
ISTZEMFA	0	1	2b8fb415761e0832a6ff18cf803ff8d3a4ec01f85105a91f4e22190c571168d6
ISTZEMTA	0	1	e2dcb592a1aa593e6589e30a2b273e866304adbea744b8b860494472e186a37e
ISTZFFCB	0	1	72a7d54aa5e90f6c50c436b75c8bc1ee15a6784a1d32785eb1e1cefa6dfa5956
ISTZFFDB	0	1	581210a0adb35abe413e7975426a23a7c1df0986a5bccfe5b983e656a87dbcd8
ISTZFFDF	0	1	3241a1dbf8d943b4796750da591ca62e8d247c03a6e8e0f4e1e179f29c7055ff
ISTZFFEA	0	1	ab0a435badbaaed535df8d6391ade7f20bfb70cdef6d7d026b3663c7f62a6499
ISTZFFXA	0	1	fdc50671f48516ba53a5b83eee4927b7e84543485f9ae5ff795c9c9b9ea93401
ISTZFM0A	0	1	d6ec48d0d3117b6b6cca358a0e0ce9bb781a2f469235282ff1668bbd32b4ff22
ISTZFM0B	0	1	a1bbe97b0c48df5fc527d36bca1d92585adae4f8b67ce9c4f57152cc704214d5
ISTZFM1B	0	1	8e8a0619d2b4b5526e2834687e1305374bd594aabb8af16aed5c61472f53daad
ISTZFM1F	0	1	65f77ca775692ee62dbae2b70f9b7c7217552ae91811cd3bac85e5f6bfe319bd
ISTZFM2B	0	1	e1d50e21b827ee676da34f4db6f83912d8296e3c273800f3bea20b2899d0a1d6
ISTZFM3B	0	1	bf30ffe1e1c7f0dc525a26916c0ea41a77c987bd35da5d0f8e60be792c1329b5
ISTZFMAA	8	1	48a6bbd5519ee2999a07a2890cbc2f73f9a08a04f0ec9efee169d4ace4c50bc4
ISTZFMAB	0	1	0b3a1a2008c5d25a15d6e87b336f92cd89ba8aa2bc7f86848b20f7ce4ae4c541
ISTZFMAF	0	1	c242f3cc4ff065543c89d81518dc3858e40169cc5e5bdf5d4246c1ac401c0b2d
ISTZFMBB	0	1	b2bbd0b87095a3de641e7f4bb31c8409583d0354a57bc62d7e0aedf4b6633d78
ISTZFMEB	0	1	1cc76cdd92fc42cd7359c662ba0ba9d89e594faa45b97f88c93b67178fab94f1
ISTZFMFA	0	1	b850cb5a5ff758e91c78d7a5801764e93ecbe10ffe753b1b9dbc9bf15df3fd12
ISTZFMTA	0	1	73a013621cbbf089ad69e59dacd9f3e81d44dda9d8cb3a18922982abb4cabb05
ISTZFMUA	0	1	953f9b2494d81115b76ae28ab7b043d748ac305a0fa3310e603da891eccb1321
ISTZFMV0	0	1	518ef62f6e1ff8dbdaa01d32d91d2e2839443d1f8911b7d53d34dd6d97f9e898
ISTZFMV1	0	1	342b446b775baf9551f5e10688d7f57e6cac04640c4fb02b6a2a5e817c706e01
ISTZFSV0	0	1	1510bbb197cabb2b6cc7762b9188b3433944d24a528626c227e668aeb0fe6a73
ISTZGF0A	8	1	2f6e95e2e78f575a87f931a5ec75ce3c5634cce647e25eaf2bfd35e78f197565
ISTZGF0B	0	1	57d399947cac5e57ec8d46205edc552d0a8a86fc22a125cd32d5fbc2c532dd8e
ISTZGF1A	0	1	3acc8372f3634ba8ffb6d518bc5271bb9c24f132482351467b3355dffa7fce6d
ISTZGFAB	0	1	bb734c42b2795b7f45068b1e5ba83790e493e1d6cf4bfd9d78fb15f6a7b777bc
ISTZGFBB	0	1	c3df52541ec5ec91804b4a69095b4c772fddeed847cc4fe7d7097827f9f56b02
ISTZGFCB	0	1	b862cd85c113896d5498670d4f0b63757af54c7e7482bf0d49fa6efd63437cee
ISTZHFAN	0	1	80283a3f6a89e82d83eb9ece8443b107a5e3c90ad90a3c6d61381afe9fbca9b9
ISTZIF0B	0	1	4a0b5a9f35a1cd9ee402733da011be5ffa47c20426e1f359d6e5478071866236
ISTZIF1B	0	1	397d7f7044907fdb35c1596a0460c0351a935aa9a5ff85bd30cebcf5e996afbf
ISTZIFAA	0	1	8095ca937897322a656fd1adc043af958f68e7286804434d41004d3be5762291
ISTZIFAB	0	1	3c3aa7a0be5c0841d96df83db9a5fbeaefb79474ad182b5102becf0a8a76c62a
ISTZIFBB	0	1	7fd0ca73164baced0c8fdda05fa15db8791ed003eeb69aaac2991c0a3806a26d
ISTZIFBI	0	1	1955d20442134ea4e3793c0e3bf1ec3634e081532255523d0435993d28d9e7a8
ISTZIFCB	0	1	12b974bea0305b3fe68691508bf8b699b5d9639f4e2de505576c24b792bd583a
ISTZIFCI	0	1	9f6766aaa6c1989c0a7d5091d4d6c96771dbd7aaa656f78c8f88e0606aaf1a74
ISTZIFDB	0	1	b645c98fcb0d5a4e2d48f4b01e32c832e0d454f2155a85e704e5e605ab14ff4a
ISTZIFEB	0	1	c03d41337280acb3ecb0eedfa3ebb701932564c95cc352cee58f3d0ad5d96d68
ISTZIFGB	0	1	96726752bfb355282af9b060c4e84697ff19ba29e6beda403c0cb4e43d57ade5
ISTZIFHB	0	1	a6d42a4f511752d0e5e44cfcbc3897cb0a826e4081c4d09b995892b1e4b4c75d
ISTZIFIB	0	1	cd488646efff30a83127e2536b4e4798b9cbbe220a4f571468e694413374ab7e
ISTZIFID	0	1	79fe6afb2afc44f421da0fa8742c0517a1bdad58c64a49d2bc71bb1b82545117
ISTZIFJB	0	1	ff748ab94b46582e364e37825d8f1b2e0e4037e61ae6d68dc44e699e099e37b1
ISTZIFKB	0	1	b4566559250c51f4987a1047784195f6f3ff3b049f5d52ec2e00e271a3e376ef
ISTZIFKG	0	1	0925bc2290755f175e5b7ac2b379f5b15f2a475bfff04f40231d4c0ddaf916c2
ISTZIFLB	0	1	aea6d8760e3321107dbd23e92d9173a8b4212442472f87e836a55278ff2ad713
ISTZIFMB	0	1	3fba0fdf541a7f716c30f86238a749b49aab154bed69550c77bb98ccc43a8912
ISTZIFNA	0	1	3cc505bd6576c76d0d758469348898434a4d8f42c97966cdd0715d1c81b6d442
ISTZIFNB	0	1	246ad6d3700acb388dfc4d9bd7fc42cdad61f417344dd03f1176f124c0381a7c
ISTZIFOA	0	1	c37d25affc33cc4833974a049266ffa3ed6e019d8284bfa82d1c8bc5ee78bcec
ISTZIFOB	0	1	d2a2752f6e37634684829632b2a5c891c38a4b107504be521c522dc297337119
ISTZIFOE	0	1	8bc095e09cc3b2ce49afb47200e1d573fd6675eb12f80dbc5a097324251ddcfc
ISTZIFSB	0	1	5ef885f0f08f012fbe7140d1a7f1ed255d4280a05fb98d718e94d5c9d6e17658
ISTZIFSC	0	1	3240139ee01554bd9ef68a64b741d51f48b37e1078872564ec1e3dd8d0798fed
ISTZIFSG	0	1	e669880b6b35082592b1ceec1f82f3e5da3e8ef4c9831864a18484f76d7b8683
ISTZIFTB	0	1	9b2a4bd1336942cada227b1f0171fd229d3fbb1d52059aeeb94e59f3c47e0b28
ISTZIFUB	0	1	0e5439e66a2402bc48e32bdf8201203f28a4fc92887cf01bb183e97ae45260f8
ISTZIFVB	0	1	dc5d17f622d8dc6d25ea7d476054f7bd450e0271043ff727bf692dc98c3a0774
ISTZIFWB	0	1	97b4d929ef4b8c4f21fc85fa60c58e51aad454ef219437d562ca96f914e54cdc
ISTZIFX0	0	1	67162035fbf8e2f981beb27884968c733cdb59fd77c12960d5662cf92d25ca50
ISTZIMQA	0	1	bcef1c86b9824fd3ab1b7794347fda50a04937b6406d4d183c103311ab9f25d4
ISTZJF0B	0	1	60d457894547a9771b54b7ce1b27b72b705610e421d4b6d64ff55396f02c6b57
ISTZJFAB	0	1	95c12e3bc219cde74e5d6b7da16f68a2628d95ebd7c5fc0e8069142673d6cf5d
ISTZJFBB	0	1	337eeaa0ae1b874be62f53f2391e54e56e675a65f1869026147b90bce1abd131
ISTZJFCB	0	1	dbd6cbc2c52ad90e7efd7483e2b271f1d03d21d584c1e3acdd8e82ebbf031638
ISTZKFBB	0	1	5f4ccaa5163f718a466a64ec56211488c2c9be01eadc389dd9ab141c3326c5aa
ISTZKFBN	0	1	9572d2a28f86d3aa15e0054e63b58e08fb326bd0a46609f2a971bf28b5f1d2de
ISTZKFCB	0	1	546a340a91d1ca44141bf04458055bf4771fe7366edef802566e50c5839c58b3
ISTZKFCN	0	1	55bdefc32251f640382d42bcf17f46a2ce8bdbb541a8928edb5363a90a9ca85c
ISTZLFAB	0	1	a79e0a1b2ece5afac6eac1af9dc7f19fcb98535c7913e29450dbba7fad275279
ISTZLFV0	0	1	263f3c954cbb296a5846a55234f37052001dbd9c0d072e56f04ecb848bceb338
ISTZLPV0	0	1	8c55777cb87ed23ebe292a0bc681e8e97ebedc9157fb1ae481c8142855e2854a
ISTZPSV0	0	1	7a345d41794f86806cc74d4ca4491473ce8985ce7d20b081fc34e654ae637a33
ISTZRM01	0	1	0ddf266dbda4e1655267bbdd4669841a4923948a2e0f4a838e0d7a811f919884
LETRRIP	0	1	a4f9ff34d18f2b1183b7cc1222e29c284f54a84bc4805aba7d19b45ee5bf0f26
LINK	0	1	3140ce89be28af199adb5e2c3d6712429f779ff27c9b5ee817227bb3758787f9
LOADGO	0	1	eeee5959ecb5c8d004dd70927138611253b2259e355900549d11febe1cec072c
READPSWD	0	1	b5829f5c5f85377de27b7fd9d7f63738a5e7e189f8c675880e49b925a16c159b
REMOTGEN	0	1	fd8b531993561219add9873c661698696436e024ee3c96f0239d3d4d8ea4f699
SECLOADA	8	1	7ecd7952ae6128ba6e03ce8f9e8b5d398024d512fdd6650a38eb47d2b4ddb921
SYS3CNVT	0	1	b8cd612d4ebb75c0d21662efdc766462e215971551d1a3f14b64aa9da2165359
USRDDT00	0	1	bcb817c218de3b75b5edd2254f980a9047f541c91eadeaab972ce4e9cb8ed55f
UTRK3390	0	1	393a7a5eb8d595ac23aa9e6ce428eff64c7b32a31df167e9010fac722de07355
UTRKCALC	0	1	94a001e977931821d195b6ed6aee874c0e313e1356f94ea22018c1b591827f28
