module	dlib	in_target_libraries	owner	tool	dlib_verdict
IDCCDDE	AOSU0	LINKLIB	cc370	cards	length
ICKRI01	AOSU0	-	cc370	bytes	length
IDCRI01	AOSU0	LINKLIB	cc370	bytes	length
IDCIO05	AOSU0	-	cc370	bytes	length
IEECB909	AOSC5	-	cc370	bytes	length
IDCLC02	AOSU0	-	cc370	bytes	length
IDCRD07	AOSU0	-	cc370	cards	length
IDCLC01	AOSU0	LINKLIB	cc370	bytes	length
ICB2MSG	AOSD0	-	cc370	cards	length
IFCSDICH	AOSCD	LINKLIB	cc370	bytes	text
IRBMFINP	AOSC5	LINKLIB	cc370	bytes	length
HMASMTMD	AOS12	-	cc370	cards	text
ICKIT01	AOSU0	-	cc370	bytes	length
ICKDV03	AOSU0	-	cc370	bytes	length
IFCS3031	AOSCD	LINKLIB	cc370	bytes	text
IFCS3032	AOSCD	LINKLIB	cc370	bytes	text
ICGTRINT	AOSD0	-	cc370	bytes	length
IDCLV01	AOSU0	-	cc370	bytes	length
IFCS3033	AOSCD	LINKLIB	cc370	bytes	text
IDCCH01	AOSU0	-	cc370	bytes	length
ICBVIN00	AOSD0	-	cc370	bytes	length
IDCLM01	AOSU0	-	cc370	bytes	length
BNGIRMOT	AOS29	-	cc370	bytes	length
IDCTSLV0	AOSU0	-	cc370	cards	length
IEECB905	AOSC5	LPALIB	cc370	bytes	length
IKJCT433	AOST4	-	cc370	bytes	length
BNGTRMOT	AOS29	LINKLIB	cc370	bytes	length
IFCETUL1	AOSCD	LINKLIB	cc370	cards	length
IFCE0145	AOSCD	LINKLIB	cc370	cards	length
IFCCRNDR	AOSCD	LINKLIB	cc370	bytes	text
ICGTRDST	AOSD0	-	cc370	bytes	text
IDCCDRD	AOSU0	-	cc370	cards	length
IEAVSWCH	AOSC5	-	cc370	bytes	length
ICBMSG05	AOSD0	-	cc370	bytes	length
IEEVCPU	AOSC5	LPALIB	cc370	bytes	length
HMASMTPA	AOS12	-	cc370	bytes	mixed
AMDSYS01	AOS12	LPALIB	cc370	bytes	length
IFNX6C	AOS03	-	cc370	cards	length
IKJEFLE	AOST4	-	cc370	cards	length
IEEMPDEV	AOSC5	LINKLIB	cc370	cards	length
ICKIN02	AOSU0	-	cc370	bytes	text
IKTTOMRT	AOST3	LPALIB	cc370	bytes	length
ISTINCVI	AOS26	-	cc370	bytes	length
BLSDMSGS	AOS32	-	cc370	cards	length
IDCTP01	AOSU0	-	cc370	bytes	length
IKJCT436	AOST4	-	cc370	bytes	length
IFCEF165	AOSCD	LINKLIB	cc370	cards	length
ISTINCVA	AOS26	-	cc370	bytes	length
IKJEGIO	-	-	cc370	bytes	no-pair
HMASMLCD	AOS12	-	cc370	bytes	text
ICKTP01	AOSU0	-	cc370	bytes	length
IKJCT432	AOST4	-	cc370	bytes	text
IFCED165	AOSCD	LINKLIB	cc370	cards	length
AKJLKL01	-	CMDLIB	cc370	cards	no-pair
AMDPRFCB	AOS12	-	cc370	cards	length
AHLTSVC	AOS11	LPALIB	cc370	bytes	length
ISDAPAD1	AOSD0	-	cc370	bytes	length
IGC0F05A	AOS11	LPALIB	cc370	bytes	length
IFCEB165	AOSCD	LINKLIB	cc370	cards	length
IKJEFP60	AOST4	-	cc370	bytes	length
IFCELEX1	AOSCD	LINKLIB	cc370	cards	length
IFCEA165	AOSCD	LINKLIB	cc370	cards	length
IKJEBECH	-	CMDLIB	cc370	cards	no-pair
IDA0192Z	AOSA0	-	cc370	bytes	length
IKJRBBU0	AOST4	LINKLIB	cc370	bytes	length
IFCS0165	AOSCD	LINKLIB	cc370	cards	length
IFCEXXXA	AOSCD	-	cc370	cards	length
IGG0CLC9	AOSA0	-	cc370	cards	length
IKJEFF19	AOST4	LINKLIB	cc370	cards	length
IEAVAD01	AOSC5	-	cc370	cards	length
IOEDKWTR	AOSD0	-	cc370	bytes	length
IKJEFR00	-	-	cc370	cards	no-pair
IFCEE165	AOSCD	LINKLIB	cc370	cards	length
AHLTSLIP	AOS11	LPALIB	cc370	bytes	length
IFCMSG01	AOSCD	-	cc370	cards	length
IEAVTABD	AOSC5	-	cc370	cards	length
ICGTRSUM	AOSD0	-	cc370	bytes	text
IFCEI135	AOSCD	LINKLIB	cc370	cards	length
IDCCDAL	AOSU0	LINKLIB	cc370	cards	length
IEECLEAN	AOSC5	-	cc370	cards	length
AHLSETEV	AOS11	LPALIB	cc370	cards	length
IFCE2870	AOSCD	LINKLIB	cc370	cards	length
IEFXB601	AOSB3	-	cc370	bytes	length
BNGTLOCL	AOS29	LINKLIB	cc370	bytes	length
IFCE2860	AOSCD	LINKLIB	cc370	cards	length
IEEMPVST	AOSC5	LPALIB	cc370	cards	length
HMASMFPT	AOS12	-	cc370	bytes	text
IDA0192V	AOSA0	LPALIB	cc370	bytes	length
IKTCAS54	AOST3	-	cc370	bytes	text
ISTRAMA2	AOS26	LPALIB	cc370	cards	length
ICBVMG00	AOSD0	-	cc370	cards	length
IEFAB421	AOSB3	-	cc370	bytes	length
IDCCP01	AOSU0	-	cc370	bytes	text
IEAVAD00	AOSC5	-	cc370	cards	length
IEAVRTOD	AOSC5	LPALIB	cc370	cards	length
AHLGTFI	AOS11	-	cc370	cards	length
IRBMFRWR	AOSC5	LINKLIB	cc370	bytes	mixed
ILRPGEXP	AOSC5	LINKLIB	cc370	cards	length
IDCTSCM0	AOSU0	-	cc370	cards	length
ISTINCIO	AOS26	-	cc370	bytes	length
IKJEGCVT	-	-	cc370	bytes	no-pair
HMASMLID	AOS12	-	cc370	bytes	text
IFCST008	AOSCD	LINKLIB	cc370	cards	length
IAPBLDIO	AOSU0	-	cc370	cards	length
AMDSYS03	AOS12	LPALIB	cc370	bytes	length
IEECB866	AOSB3	LPALIB	cc370	bytes	length
IFCEXXXB	AOSCD	-	cc370	cards	length
IEECB907	AOSC5	LPALIB	cc370	bytes	length
IKJEFATT	-	-	cc370	cards	no-pair
IEEVPTH	AOSC5	LPALIB	cc370	bytes	length
IEFDB413	AOSB3	-	cc370	bytes	length
IFCEI155	AOSCD	LINKLIB	cc370	cards	length
HMASMMDR	AOS12	-	cc370	bytes	length
IDA019R4	AOSA0	-	cc370	bytes	length
IKTLTERM	AOST3	LPALIB	cc370	bytes	length
BLSCABLD	AOS32	-	cc370	bytes	text
IKJCT434	AOST4	-	cc370	bytes	length
IDA019RY	AOSA0	-	cc370	bytes	length
IEAVVWTO	AOSC5	-	cc370	bytes	length
IFCSXXXA	AOSCD	-	cc370	cards	length
IFCSI145	AOSCD	LINKLIB	cc370	cards	length
IKJEFT02	AOST4	LPALIB	cc370	cards	length
IDA019RX	AOSA0	-	cc370	bytes	length
ILRTMI00	AOSC5	LINKLIB	cc370	cards	length
AMASPZAP	AOS12	LINKLIB	cc370	cards	length
IDA019RU	AOSA0	-	cc370	bytes	length
IGG0CLBI	AOSA0	-	cc370	bytes	mixed
HMASMAR1	AOS12	-	cc370	bytes	text
IDCTSDU0	AOSU0	-	cc370	bytes	length
IFCSAEXX	AOSCD	LINKLIB	cc370	bytes	text
IKJEFT80	-	-	cc370	cards	no-pair
IEAVTGLB	AOSC5	LPALIB	cc370	bytes	length
IDCSA07	AOSU0	-	cc370	bytes	length
IFCSXXX9	AOSCD	-	cc370	cards	length
IKJEFF02	AOST4	LPALIB	cc370	cards	length
IKJEFF18	-	LINKLIB	cc370	cards	no-pair
IFCESOFT	AOSCD	LINKLIB	cc370	cards	length
ISTOCCCL	AOS26	-	cc370	bytes	length
IDCTSAU0	AOSU0	-	cc370	bytes	length
ISTINCVX	AOS26	-	cc370	bytes	text
IECVSMGR	AOSC5	-	cc370	cards	length
ISTINCR4	AOS26	LINKLIB	cc370	bytes	length
IGG019IZ	AOSD8	LPALIB	cc370	cards	length
AMDPRGET	AOS12	-	cc370	bytes	length
IFCEXXXD	AOSCD	-	cc370	cards	length
IKJEFLI	AOST4	-	cc370	cards	length
ICKTSCC0	AOSU0	-	cc370	bytes	length
AMDPRSCN	AOS12	LINKLIB	cc370	bytes	length
IKJEFT30	AOST4	-	cc370	bytes	length
AMDPRAPP	AOS12	-	cc370	cards	length
IEEXEDNA	AOSB3	LPALIB	cc370	bytes	mixed
IFCSXXX4	AOSCD	-	cc370	cards	length
IKJEBESC	-	CMDLIB	cc370	cards	no-pair
HEWLDREL	AOS05	-	cc370	bytes	text
IDCTSLD0	AOSU0	-	cc370	bytes	text
IKJCT430	AOST4	-	cc370	bytes	length
IEAVTSLP	AOSC5	LPALIB	cc370	bytes	length
AMDSAPGE	AOS12	LINKLIB	cc370	bytes	mixed
BLSRST00	AOS32	CMDLIB	cc370	bytes	length
IFCS0145	AOSCD	LINKLIB	cc370	cards	length
IAPCHKIO	AOSU0	-	cc370	cards	length
IEBASCAN	AOSU0	-	cc370	bytes	length
IECDAFMT	AOSC5	LINKLIB	cc370	bytes	length
IKJEFE03	-	-	cc370	bytes	no-pair
IKJEBEIP	-	CMDLIB	cc370	cards	no-pair
HMASMPIN	AOS12	-	cc370	bytes	length
IEFDB4A1	AOSB3	-	cc370	bytes	length
IGG019GO	AOSD8	LPALIB	cc370	cards	length
IDCTSCH0	AOSU0	-	cc370	bytes	length
IEHATLAS	AOSU0	LINKLIB	cc370	bytes	length
HMASMAR3	AOS12	-	cc370	bytes	text
IGG019IB	AOSD8	LPALIB	cc370	cards	length
IKJCT462	AOST4	-	cc370	bytes	length
IFCEXXX9	AOSCD	-	cc370	cards	length
IGE0100I	AOSCA	LPALIB	cc370	bytes	mixed
IGG019G7	AOSD8	LPALIB	cc370	bytes	length
IGG019IA	AOSD8	LPALIB	cc370	cards	length
ICBVIN02	AOSD0	-	cc370	cards	length
IKJEFA42	-	-	cc370	bytes	no-pair
IKJEFA20	-	LINKLIB	cc370	bytes	no-pair
IGG019V5	AOSD0	SVCLIB	cc370	cards	length
ISTINCPH	AOS26	-	cc370	cards	length
IDA019RE	AOSA0	-	cc370	bytes	length
AMDPRLOD	AOS12	LINKLIB	cc370	bytes	length
IECVPST	AOSC5	-	cc370	bytes	text
IKJEFP00	AOST4	-	cc370	bytes	length
ISTOCCCC	AOS26	-	cc370	bytes	length
IGG019IO	AOSD8	LPALIB	cc370	cards	length
IGC0007F	-	LPALIB	cc370	bytes	no-pair
IKJEGTCB	-	CMDLIB	cc370	bytes	no-pair
HEWLFINT	AOS04	-	cc370	cards	length
IKJEFD20	-	-	cc370	cards	no-pair
IFDOLT99	AOS06	LINKLIB	cc370	cards	length
IGG019IN	AOSD8	LPALIB	cc370	cards	length
ISTZAF1R	AOS24	LPALIB	cc370	bytes	text
ISTINCMY	AOS26	-	cc370	bytes	length
IDA019RS	AOSA0	-	cc370	bytes	mixed
IGG019I2	AOSD8	LPALIB	cc370	cards	length
IEHMVSSS	AOSU0	-	cc370	bytes	text
AMDPRQCB	AOS12	LINKLIB	cc370	bytes	length
ICBVQM00	AOSD0	-	cc370	bytes	length
IDA019RQ	AOSA0	-	cc370	bytes	length
IGG019GN	AOSD8	LPALIB	cc370	cards	length
IDA019RJ	AOSA0	-	cc370	bytes	length
IFFPKADG	AOSG0	-	cc370	bytes	length
ISTINCR6	AOS26	LINKLIB	cc370	bytes	length
IKJEFA30	-	LINKLIB	cc370	cards	no-pair
IEFAB436	AOSB3	-	cc370	cards	length
IKJEFT08	AOST4	-	cc370	cards	length
IEAVRTI1	AOSC5	-	cc370	cards	length
IGG019I1	AOSD8	LPALIB	cc370	cards	length
IFFPIAPG	AOSG0	-	cc370	cards	length
AHLTSYSM	AOS11	LPALIB	cc370	bytes	length
IGG019GB	AOSD8	LPALIB	cc370	cards	length
IEEVSTAR	AOSB3	LPALIB	cc370	bytes	text
IGG019KJ	AOSD7	LPALIB	cc370	cards	length
IGG019GA	AOSD8	LPALIB	cc370	cards	length
IFCSAXXX	AOSCD	LINKLIB	cc370	cards	length
IDA019RF	AOSA0	-	cc370	bytes	length
HEWLFROU	AOS04	-	cc370	bytes	length
IECVCINT	AOSC5	-	cc370	cards	length
IKJEFT55	AOST4	-	cc370	bytes	length
IEEMB803	AOSB3	LINKLIB	cc370	bytes	length
IEAVTSDT	AOSC5	LPALIB	cc370	cards	length
IFCEXXX3	AOSCD	-	cc370	cards	length
AMDSATER	AOS12	-	cc370	bytes	length
IDA019SU	AOSA0	-	cc370	bytes	length
IEFAB489	AOSB3	-	cc370	bytes	length
IKJEHDEF	-	LPALIB	cc370	bytes	no-pair
HMASMMSG	AOS12	-	cc370	cards	length
IEBTCR05	AOSU0	-	cc370	bytes	length
IEAVTRET	AOSC5	LPALIB	cc370	cards	length
IGC0002F	AOSD0	LPALIB	cc370	bytes	length
IFCEXXX4	AOSCD	-	cc370	cards	length
IEHMVESC	AOSU0	LINKLIB	cc370	bytes	length
IRBMFRGM	AOSC5	LINKLIB	cc370	bytes	length
BLSRIOSK	AOS32	CMDLIB	cc370	bytes	text
IGG019GW	AOSD8	LPALIB	cc370	cards	length
IKJEFH01	-	-	cc370	cards	no-pair
IFCSXXXE	AOSCD	-	cc370	cards	length
IGG019GZ	AOSD8	LPALIB	cc370	cards	length
IDA019RH	AOSA0	-	cc370	bytes	mixed
IGG019G6	AOSD8	LPALIB	cc370	cards	length
IDA019RG	AOSA0	-	cc370	bytes	text
IDA019RI	AOSA0	-	cc370	bytes	mixed
IKJEFT82	-	-	cc370	cards	no-pair
IFCEXXX7	AOSCD	-	cc370	cards	length
IFCEXXX8	AOSCD	-	cc370	cards	length
IECVEXPR	AOSC5	-	cc370	cards	length
IDCCDPR	AOSU0	LINKLIB	cc370	cards	length
ICGDSB08	AOSD0	-	cc370	bytes	length
IEAVTFTM	AOSC5	-	cc370	bytes	text
BLSRADD1	AOS32	-	cc370	bytes	text
IGC0005I	AOS06	LPALIB	cc370	cards	length
BLSCAMOD	AOS32	-	cc370	bytes	length
IDA019RR	AOSA0	-	cc370	bytes	length
IECIOFMT	AOSC5	LINKLIB	cc370	bytes	length
HMASMADD	AOS12	-	cc370	bytes	text
IFFPJAPV	AOSG0	-	cc370	cards	length
IFCEXXXE	AOSCD	-	cc370	cards	length
IEEZA03D	-	-	cc370	bytes	no-pair
IFCSXXX3	AOSCD	-	cc370	cards	length
IKJEFG00	-	CMDLIB	cc370	cards	no-pair
ISTZIF0B	AOS24	LPALIB	cc370	bytes	length
IEFBB401	AOSB3	-	cc370	bytes	text
IFCEMAD1	AOSCD	LINKLIB	cc370	cards	length
IKTCAS23	AOST3	-	cc370	bytes	length
IFCEXXX6	AOSCD	-	cc370	cards	length
IKJEFA00	-	-	cc370	bytes	no-pair
IDA019RA	AOSA0	-	cc370	bytes	length
IFCSXXX5	AOSCD	-	cc370	cards	length
IFCSXXX6	AOSCD	-	cc370	cards	length
IFCSXXX8	AOSCD	-	cc370	cards	length
IFCEXXXX	AOSCD	LINKLIB	cc370	cards	length
IGG019G5	AOSD8	LPALIB	cc370	cards	length
ISTZLFAB	AOS26	VTAMLIB	cc370	bytes	text
IEFDB400	AOSB3	-	cc370	bytes	length
ISDACNFG	AOSD0	-	cc370	bytes	length
IFFPDAPL	AOSG0	-	cc370	bytes	text
IEFAB478	AOSB3	-	cc370	cards	length
IDA019R1	AOSA0	-	cc370	bytes	length
IDCTSLM0	AOSU0	-	cc370	cards	length
IGG019G4	AOSD8	LPALIB	cc370	cards	length
IFCFRAMS	AOSCD	LINKLIB	cc370	bytes	text
ISTDCC81	AOS24	LPALIB	cc370	bytes	length
IFCEWIN1	AOSCD	LINKLIB	cc370	cards	length
BLSRFMOD	AOS32	CMDLIB	cc370	cards	length
IFCSXXX7	AOSCD	-	cc370	cards	length
IEAVTSDH	AOSC5	-	cc370	cards	length
BLSRASM7	AOS32	CMDLIB	cc370	bytes	text
IEE3603D	AOSB3	LPALIB	cc370	bytes	length
IFCEXXX5	AOSCD	-	cc370	cards	length
IEESD03D	-	-	cc370	cards	no-pair
IEEMB816	AOSB3	-	cc370	bytes	text
IFCEXXX0	AOSCD	-	cc370	cards	length
IEECB910	AOSC5	LPALIB	cc370	bytes	text
IEFTB722	AOSB3	-	cc370	bytes	length
BLSCANLE	AOS32	-	cc370	bytes	text
IEFSD161	AOSB3	-	cc370	cards	length
IDA019R2	AOSA0	-	cc370	bytes	length
IFCERFMT	AOSC5	LINKLIB	cc370	bytes	length
IKJEGOFF	-	CMDLIB	cc370	bytes	no-pair
IDA019RW	AOSA0	-	cc370	bytes	length
IEAVTSL2	AOSC5	-	cc370	bytes	text
IFFAHA16	AOS07	-	cc370	cards	identical
IFCEXXX2	AOSCD	-	cc370	cards	length
HMASMULK	AOS12	-	cc370	bytes	text
IEFAB488	AOSB3	-	cc370	cards	length
IKJEGDEB	-	CMDLIB	cc370	bytes	no-pair
IFASMFDP	AOS00	LINKLIB	cc370	cards	length
ISTSC034	AOS26	VTAMLIB	cc370	bytes	length
IECVESIO	AOSC5	-	cc370	bytes	length
IEAVRT00	AOSC5	-	cc370	bytes	length
ISTZBFSC	AOS24	LPALIB	cc370	bytes	length
IKJEGDCB	-	CMDLIB	cc370	cards	no-pair
IDA019RT	AOSA0	-	cc370	bytes	text
IDCTSIO0	AOSU0	LINKLIB	cc370	bytes	text
IKJEFA10	-	LINKLIB	cc370	cards	no-pair
IFCSXXXX	AOSCD	LINKLIB	cc370	cards	length
IFCEE155	AOSCD	LINKLIB	cc370	cards	length
IEESF03D	-	-	cc370	bytes	no-pair
AHLTPID	AOS11	LPALIB	cc370	bytes	length
IDCTSSS0	AOSU0	-	cc370	bytes	length
IDA019SE	AOSA0	-	cc370	bytes	length
IDA019SB	AOSC5	-	cc370	bytes	text
IEESI03D	-	-	cc370	cards	no-pair
IEBTCR04	AOSU0	-	cc370	bytes	mixed
IGG0CLCE	AOSD0	-	cc370	bytes	length
ISTZBFIF	AOS24	LPALIB	cc370	bytes	length
IFCEXXX1	AOSCD	-	cc370	cards	length
IDA019R5	AOSA0	-	cc370	bytes	length
IFCEJ145	AOSCD	LINKLIB	cc370	cards	length
IKJEFF04	-	LINKLIB	cc370	bytes	no-pair
IGC0007A	AOSG0	-	cc370	cards	length
ISTZCF1B	AOS24	LPALIB	cc370	bytes	text
IEAVTLCL	AOSC5	-	cc370	bytes	length
IGCT005G	AOSD7	LPALIB	cc370	bytes	length
IGCT105C	AOSD7	-	cc370	bytes	length
IECVIOPM	-	LPALIB	cc370	cards	no-pair
IFCE0155	AOSCD	LINKLIB	cc370	cards	length
AHLWTASK	AOS11	LINKLIB	cc370	bytes	length
IFCET002	AOSCD	LINKLIB	cc370	cards	length
ISTZBFID	AOS24	LPALIB	cc370	bytes	text
IKJEBERN	-	CMDLIB	cc370	bytes	no-pair
IERRCH	-	-	cc370	bytes	no-pair
IFCS2880	AOSCD	LINKLIB	cc370	cards	length
IEE0503D	AOSB3	LPALIB	cc370	cards	length
IGG019OA	AOSG0	LPALIB	cc370	cards	length
IEAVEMRQ	AOSC5	-	cc370	bytes	length
IEEMB860	AOSB3	LINKLIB	cc370	bytes	length
IFG0RR0A	AOSD0	LPALIB	cc370	cards	length
IFCS2870	AOSCD	LINKLIB	cc370	cards	length
IFFPFAVA	AOSG0	-	cc370	cards	length
IEAXPALL	AOSC5	LINKLIB	cc370	cards	length
IDCCDRP	AOSU0	LINKLIB	cc370	cards	length
IKJEFA55	-	-	cc370	cards	no-pair
IFCEMER5	AOSCD	LINKLIB	cc370	cards	length
IEAVTSDC	AOSC5	-	cc370	bytes	length
ICKTSEF0	AOSU0	-	cc370	bytes	length
IFCS2860	AOSCD	LINKLIB	cc370	cards	length
IFFPGAVP	AOSG0	-	cc370	bytes	text
IEAVAD0D	AOSC5	-	cc370	bytes	length
ISTINM01	AOS26	LINKLIB	cc370	bytes	length
AMDPRUIM	AOS12	-	cc370	cards	length
AMDPRREC	AOS12	-	cc370	cards	length
IEAVMDOM	AOSC5	-	cc370	bytes	length
IKJEFLL	AOST4	-	cc370	bytes	length
IFCSXXX2	AOSCD	-	cc370	cards	length
ISTATM00	AOS26	VTAMLIB	cc370	cards	length
ISTZCFBI	AOS24	LPALIB	cc370	bytes	length
IFCSXXX1	AOSCD	-	cc370	cards	length
IGG019G1	AOSD8	LPALIB	cc370	cards	length
IGG0CLCF	AOSD0	-	cc370	bytes	length
IEAVAD0E	AOSC5	-	cc370	bytes	length
IEAVAR00	AOSC5	LPALIB	cc370	bytes	length
IGFTMC00	AOSCE	-	cc370	cards	length
IGG019G3	AOSD8	LPALIB	cc370	cards	length
IGG019G0	AOSD8	LPALIB	cc370	cards	length
IDCDB02	AOSU0	LINKLIB	cc370	bytes	mixed
IDCCDMP	AOSU0	LINKLIB	cc370	cards	length
IEEVWAIT	AOSB3	LPALIB	cc370	cards	length
IFDOLT39	AOS06	-	cc370	cards	mixed
IEAVTACR	AOSC5	-	cc370	cards	length
IEAVTSDR	AOSC5	LPALIB	cc370	cards	length
ISTOCCOB	AOS26	LPALIB	cc370	bytes	length
BLSSUCB	AOS32	CMDLIB	cc370	bytes	text
ISTZGF0B	AOS24	LPALIB	cc370	bytes	mixed
IEFAB469	AOSB3	-	cc370	bytes	text
IEAVTSDG	AOSC5	-	cc370	cards	length
IKTVTGET	AOST3	-	cc370	cards	length
IGCT005C	AOSD7	LPALIB	cc370	bytes	length
IKJEFE01	-	-	cc370	bytes	no-pair
IEE7503D	AOSB3	-	cc370	bytes	length
IDA019S2	AOSA0	-	cc370	bytes	length
IFDOLT55	AOS06	-	cc370	bytes	length
IEFAB4F5	AOSB3	LPALIB	cc370	bytes	mixed
IFDOLT98	AOS06	LINKLIB	cc370	cards	length
IDCTSTU0	AOSU0	-	cc370	cards	length
IKJEFT05	AOST4	LPALIB	cc370	bytes	length
IGC0K05B	AOSC6	LPALIB	cc370	cards	length
IKJEGPCH	-	CMDLIB	cc370	bytes	no-pair
IEEMPS03	AOSC5	LPALIB	cc370	bytes	length
IKJRBBMP	AOST4	-	cc370	bytes	length
AHLTXSYS	AOS11	LPALIB	cc370	bytes	text
IFFCAN02	AOSG0	LINKLIB	cc370	bytes	length
ISTINCMS	AOS26	VTAMLIB	cc370	bytes	length
HEWLFFNL	AOS04	-	cc370	bytes	length
IDA019R8	AOSA0	-	cc370	bytes	length
IRBMFDCP	AOSC5	LINKLIB	cc370	bytes	mixed
IFCEIPL0	AOSCD	-	cc370	cards	length
ICBVDR00	AOSD0	-	cc370	bytes	length
IFDMSG00	AOS06	-	cc370	cards	length
IFCETRN1	AOSCD	LINKLIB	cc370	cards	length
IDA121A3	AOSC5	-	cc370	bytes	length
IGC0003C	-	LPALIB	cc370	cards	no-pair
AHLTSIO	AOS11	LPALIB	cc370	bytes	length
IGG019G2	AOSD8	LPALIB	cc370	cards	length
ISTAICIR	AOS26	LPALIB	cc370	bytes	length
IKJEGGO	-	CMDLIB	cc370	bytes	no-pair
IEBPPUN1	AOSU0	-	cc370	cards	length
IECVURDT	AOSC5	-	cc370	bytes	text
ISTINCDL	AOS26	-	cc370	bytes	mixed
IEEDISPD	-	LPALIB	cc370	cards	no-pair
IGX00013	AOSC5	LPALIB	cc370	bytes	length
IFCSXXX0	AOSCD	-	cc370	cards	length
IFFPCAAR	AOSG0	-	cc370	cards	length
IEAVTB00	AOSC5	-	cc370	bytes	length
IDAICIA1	AOSA0	-	cc370	bytes	length
IEE8603D	AOSC5	-	cc370	cards	length
IEHMVEST	AOSU0	LINKLIB	cc370	bytes	mixed
IFCEMER2	AOSCD	LINKLIB	cc370	cards	length
IGG019H3	AOSD8	LPALIB	cc370	cards	length
IKJEFP20	AOST4	-	cc370	cards	length
IDA019SA	AOSA0	-	cc370	bytes	length
BLSCFAMS	AOS32	-	cc370	bytes	text
IDCTSCP0	AOSU0	-	cc370	cards	length
IECTEDIT	AOS20	TELCMLIB	cc370	bytes	mixed
IEDTEDIT	AOS21	TELCMLIB	cc370	bytes	mixed
ISTINCF3	AOS26	-	cc370	bytes	text
IKJEGCPY	-	CMDLIB	cc370	cards	no-pair
IEBUPXIT	AOSU0	-	cc370	cards	length
IRBMFDWP	AOSC5	LINKLIB	cc370	bytes	length
IGG019V6	AOSD0	SVCLIB	cc370	cards	length
IFCEMER1	AOSCD	LINKLIB	cc370	cards	length
IEFSDTTE	AOSB0	LPALIB	cc370	cards	length
IGG019J3	AOSD8	LPALIB	cc370	cards	length
BLSCAMER	AOS32	-	cc370	bytes	text
IEDAYGP	AOST3	-	cc370	bytes	length
IGG08108	AOSD0	-	cc370	cards	length
IDCCDLC	AOSU0	LINKLIB	cc370	cards	length
IEAVTSLR	AOSC5	-	cc370	bytes	length
IDA019RV	AOSA0	-	cc370	bytes	text
IKJEGASN	-	-	cc370	bytes	no-pair
HMASMMPL	AOS12	-	cc370	bytes	length
IEEVEXSN	AOSC5	-	cc370	bytes	length
BLSDIFP0	AOS32	-	cc370	cards	length
IECVDURP	AOSC5	-	cc370	cards	length
IEFVHCB	AOSB3	-	cc370	bytes	length
IEHMVESM	AOSU0	LINKLIB	cc370	bytes	holes
BLSRDUSC	AOS32	CMDLIB	cc370	bytes	length
IDCTSRC0	AOSU0	LINKLIB	cc370	bytes	text
ICBVOP00	AOSD0	-	cc370	cards	length
IEAVAX00	AOSC5	-	cc370	bytes	length
IEEMB804	AOSB3	-	cc370	bytes	length
ISTINCY0	AOS26	LINKLIB	cc370	bytes	length
AHLTMON	AOS11	LINKLIB	cc370	cards	length
AMDSAPRO	AOS12	LINKLIB	cc370	bytes	text
IDA019RM	AOSA0	-	cc370	bytes	length
IFDOLT22	AOS06	-	cc370	bytes	mixed
ICBVPR00	AOSD0	-	cc370	bytes	length
IFDOLT49	AOS06	LINKLIB	cc370	cards	length
IEESK03D	-	-	cc370	cards	no-pair
IEAVID00	AOSC5	-	cc370	cards	length
IDCCDXP	AOSU0	LINKLIB	cc370	cards	length
IHJACP25	AOSC6	-	cc370	cards	length
ISTOCCCN	AOS26	-	cc370	bytes	text
IKJEFF55	-	LINKLIB	cc370	cards	no-pair
IGG019GD	AOSD8	LPALIB	cc370	cards	length
IGG019BN	AOSD0	LPALIB	cc370	cards	length
IKJEFF03	-	LINKLIB	cc370	cards	no-pair
IEFVFB	AOSB3	-	cc370	bytes	mixed
IEFVSCAN	AOST4	-	cc370	bytes	mixed
IDACAT11	AOSA0	-	cc370	bytes	length
IDA019RL	AOSA0	-	cc370	bytes	length
IDA019SF	AOSA0	-	cc370	bytes	text
BLSVQEL	AOS32	CMDLIB	cc370	bytes	text
IGC0M05B	AOSC6	LPALIB	cc370	bytes	length
BLSCAAMS	AOS32	-	cc370	bytes	text
IEESE03D	-	-	cc370	cards	no-pair
BLSEDEL0	AOS32	CMDLIB	cc370	cards	length
IFG0191X	AOSA0	LPALIB	cc370	bytes	length
IGC0009C	AOST3	LPALIB	cc370	bytes	length
IFCST003	AOSCD	LINKLIB	cc370	cards	length
IEEMB830	AOS00	-	cc370	bytes	length
IEBIOE	AOSU0	-	cc370	cards	length
IRBMFIOI	AOSC5	-	cc370	bytes	length
IGG019J0	AOSD8	LPALIB	cc370	cards	length
BLSVIOC	AOS32	CMDLIB	cc370	bytes	text
IKJEFT25	AOST4	LINKLIB	cc370	cards	length
IFG0RR0E	AOSD0	-	cc370	bytes	length
IKJEBESU	-	CMDLIB	cc370	cards	no-pair
IKJEFLGB	AOST4	-	cc370	cards	length
IKTCAS56	AOST3	-	cc370	cards	length
IDCST01	AOSU0	-	cc370	bytes	length
IEBLDUL	AOSU0	-	cc370	cards	length
IFDOLT46	AOS06	-	cc370	bytes	mixed
IKJEFLC	AOST4	LPALIB	cc370	bytes	length
IFCSIPL0	AOSCD	-	cc370	cards	length
AMDPREXT	AOS12	-	cc370	cards	length
IEAVVINT	AOSC5	LINKLIB	cc370	bytes	length
IKJEBEM7	-	CMDLIB	cc370	cards	no-pair
ICGDSB07	AOSD0	-	cc370	bytes	mixed
BLSVLPDE	AOS32	CMDLIB	cc370	bytes	text
IDCCDDL	AOSU0	LINKLIB	cc370	cards	length
IEBVDM	AOSU0	-	cc370	cards	length
IGC0R05B	AOSC6	LPALIB	cc370	cards	length
IEEVIPL	AOSB3	LINKLIB	cc370	bytes	length
IGX00014	-	LPALIB	cc370	bytes	no-pair
ISTZIF1B	AOS24	LPALIB	cc370	bytes	length
IGG019I9	AOSD8	LPALIB	cc370	cards	length
IEFAB4F4	AOSB3	LPALIB	cc370	bytes	length
IDA019RP	AOSA0	-	cc370	bytes	length
IRBMFLMV	AOSC5	-	cc370	bytes	text
IGG019KA	AOSD7	LPALIB	cc370	cards	length
IKJEGPSW	-	CMDLIB	cc370	bytes	no-pair
IEEMB812	AOSB3	LPALIB	cc370	cards	length
IEFVJA	AOSB3	-	cc370	cards	length
IFNX5V	AOS03	-	cc370	bytes	length
IEHMVSSY	AOSU0	-	cc370	bytes	length
ISTOCCFR	AOS26	-	cc370	bytes	length
IGG019G9	AOSD8	LPALIB	cc370	cards	length
IEEVLDWT	AOSC5	-	cc370	cards	length
IDCTSVS0	AOSU0	-	cc370	cards	length
BLSR3270	AOS32	CMDLIB	cc370	cards	length
BLSVASVT	AOS32	CMDLIB	cc370	bytes	text
HMASMMPA	AOS12	-	cc370	bytes	length
IFCST005	AOSCD	LINKLIB	cc370	bytes	length
IDCCDPM	AOSU0	LINKLIB	cc370	cards	length
ISTZDFJ0	AOS26	LPALIB	cc370	bytes	length
IEEZJ03D	-	-	cc370	bytes	no-pair
IEHDLABL	AOSU0	LINKLIB	cc370	cards	length
IEHMVESQ	AOSU0	LINKLIB	cc370	bytes	length
IEHMVSTC	AOSU0	-	cc370	bytes	length
IEAVAR02	AOSC5	-	cc370	cards	length
IDA019RK	AOSA0	-	cc370	bytes	length
IKJEFF52	AOST4	-	cc370	bytes	length
IFOX0C	AOS03	-	cc370	cards	length
IKJEBEM2	-	CMDLIB	cc370	bytes	no-pair
IFFPHALA	AOSG0	-	cc370	bytes	text
BLST08	AOS32	-	cc370	bytes	text
HEWLFINP	AOS04	-	cc370	bytes	length
IEFDB418	AOSB3	-	cc370	bytes	length
BLSTR	AOS32	-	cc370	bytes	text
BLSVQCBA	AOS32	CMDLIB	cc370	bytes	text
IFCET004	AOSCD	LINKLIB	cc370	cards	length
BLSU	AOS32	CMDLIB	cc370	bytes	text
IFCEUKNO	AOSCD	LINKLIB	cc370	cards	length
AHLTEXT	AOS11	LPALIB	cc370	bytes	mixed
IEESR03D	-	-	cc370	cards	no-pair
IGG019GC	AOSD8	LPALIB	cc370	cards	length
IFNX5F	AOS03	-	cc370	bytes	length
IKJEFLA	AOST4	LPALIB	cc370	cards	length
BLSVCDE	AOS32	CMDLIB	cc370	bytes	text
IKJEFLB	AOST4	-	cc370	cards	length
AMDPRLPA	AOS12	LINKLIB	cc370	bytes	text
IEFAB4EF	AOSB3	-	cc370	bytes	length
ISTAPC61	AOS24	LPALIB	cc370	bytes	length
IDCCDRM	AOSU0	LINKLIB	cc370	cards	length
IKJEFE11	-	CMDLIB	cc370	cards	no-pair
ISTAPC62	AOS24	LPALIB	cc370	bytes	length
IEFVINA	AOSB3	-	cc370	bytes	length
IRBMFMFC	AOSC5	LINKLIB	cc370	bytes	text
IEBCROOT	AOSU0	-	cc370	bytes	length
IEHMVESP	AOSU0	LINKLIB	cc370	bytes	length
IEE6703D	AOSB3	-	cc370	bytes	length
IGG019CU	AOSD0	LPALIB	cc370	bytes	length
IER8CM	-	-	cc370	bytes	no-pair
IFDOLT35	AOS06	-	cc370	bytes	mixed
AMDPRCTL	AOS12	-	cc370	cards	length
BLSVLCCV	AOS32	CMDLIB	cc370	bytes	text
BLSVPCCV	AOS32	CMDLIB	cc370	bytes	text
IGG09302	AOST3	-	cc370	bytes	length
IEESZ03D	-	-	cc370	bytes	no-pair
ISTAPC23	AOS24	LPALIB	cc370	bytes	length
IEESL03D	-	-	cc370	bytes	no-pair
IEFSD089	AOSB0	-	cc370	bytes	length
IEAVELKR	AOSC5	-	cc370	bytes	text
IGG019G8	AOSD8	LPALIB	cc370	cards	length
IGG019C8	AOSU0	LPALIB	cc370	cards	length
IDCCDRC	AOSU0	LINKLIB	cc370	cards	length
IEESG03D	-	-	cc370	bytes	no-pair
IDCCT01	AOSU0	-	cc370	bytes	mixed
ISTZIFSC	AOS24	LPALIB	cc370	bytes	mixed
IFCST006	AOSCD	LINKLIB	cc370	cards	length
IEBWSAM	AOSU0	-	cc370	cards	length
IEESA03D	-	-	cc370	bytes	no-pair
BLSTM5	AOS32	CMDLIB	cc370	bytes	text
BLSVQCBB	AOS32	CMDLIB	cc370	bytes	text
IKJEFXSR	AOST4	LINKLIB	cc370	bytes	length
IKT0940F	AOST3	-	cc370	bytes	length
IGG019KN	AOSD7	LPALIB	cc370	cards	length
IEAVESPR	AOSC5	-	cc370	bytes	text
IGG019HD	AOSD8	LPALIB	cc370	cards	length
ISTORFBQ	AOS24	LPALIB	cc370	bytes	text
IDCCDRS	AOSU0	LINKLIB	cc370	cards	length
IFFAHA12	AOS07	-	cc370	cards	length
IGG019GG	AOSD8	LPALIB	cc370	cards	length
IFCEMER3	AOSCD	LINKLIB	cc370	cards	length
IFCSI155	AOSCD	LINKLIB	cc370	bytes	length
IKJEFT45	AOST4	-	cc370	bytes	length
IFG0200N	AOSA0	LPALIB	cc370	bytes	length
IEAVRT01	AOSC5	-	cc370	bytes	mixed
IRBMFLPV	AOSC5	-	cc370	bytes	length
IFCETRN4	AOSCD	LINKLIB	cc370	cards	length
IEBISL	AOSU0	LINKLIB	cc370	bytes	length
IDCTSSA6	AOSU0	-	cc370	cards	length
IDA019S6	AOSA0	-	cc370	bytes	length
IEAVTSDO	AOSC5	-	cc370	bytes	length
IKTCAS55	AOST3	-	cc370	bytes	length
IDA019RN	AOSA0	-	cc370	bytes	length
IKJEFD30	AOST4	-	cc370	bytes	mixed
IGFDV1	AOSCE	-	cc370	bytes	length
BLSELPCT	AOS32	-	cc370	bytes	text
BLSRESRU	AOS32	CMDLIB	cc370	bytes	text
AHLSBUF	AOS11	LPALIB	cc370	bytes	length
IKJEFD31	AOST4	-	cc370	cards	length
IKJEFF50	-	LINKLIB	cc370	cards	no-pair
ISTINC05	AOS26	LINKLIB	cc370	bytes	length
BLSTU5	AOS32	CMDLIB	cc370	bytes	text
IEFIB650	AOSB3	-	cc370	cards	length
IEBVMS	AOSU0	-	cc370	cards	length
IKJEFLGM	AOST4	-	cc370	bytes	length
AMDSASVI	AOS12	-	cc370	bytes	mixed
BLSTM4	AOS32	CMDLIB	cc370	bytes	text
IFDOLT67	AOS06	LINKLIB	cc370	bytes	length
IEE6403D	AOSB3	-	cc370	bytes	text
IEBRSAM	AOSU0	-	cc370	cards	length
IGFDR0	AOSCE	-	cc370	bytes	length
AHLMCER	AOS11	LPALIB	cc370	cards	length
BLST05	AOS32	-	cc370	bytes	text
IDCCDBI	AOSU0	LINKLIB	cc370	cards	length
IKJEFF16	-	-	cc370	bytes	no-pair
ISTZCF1A	AOS24	LPALIB	cc370	bytes	length
IEE4403D	AOSB3	-	cc370	cards	length
IDCCDLR	AOSU0	LINKLIB	cc370	cards	length
IFCEC155	AOSCD	LINKLIB	cc370	cards	length
ISTCRCR4	AOS26	VTAMLIB	cc370	bytes	text
IFCEB155	AOSCD	LINKLIB	cc370	cards	length
BLSRDUIN	AOS32	CMDLIB	cc370	bytes	length
BLSSPCCA	AOS32	CMDLIB	cc370	bytes	text
IFFPEAGR	AOSG0	-	cc370	bytes	text
IKTVTPUT	AOST3	-	cc370	cards	length
IRBMFTMA	AOSC5	-	cc370	cards	length
IGG0199G	AOSD0	LPALIB	cc370	bytes	text
IGE0204C	AOS20	LPALIB	cc370	bytes	length
IEFNB903	AOSB3	LPALIB	cc370	bytes	length
IKJEBEM6	-	CMDLIB	cc370	cards	no-pair
IFCSUKNO	AOSCD	LINKLIB	cc370	cards	length
IGC0H05B	AOSC6	LPALIB	cc370	cards	length
IGG01950	AOSD8	LPALIB	cc370	cards	length
ISTZDFKA	AOS24	LPALIB	cc370	bytes	mixed
BLSTB5	AOS32	CMDLIB	cc370	bytes	text
BLSTU4	AOS32	CMDLIB	cc370	bytes	text
IKJEBEAE	-	-	cc370	bytes	no-pair
IFCEDDR0	AOSCD	LINKLIB	cc370	cards	length
ISTAPC66	AOS24	LPALIB	cc370	bytes	length
IEE4203D	AOSB3	-	cc370	bytes	length
BLSRRACR	AOS32	-	cc370	bytes	text
IGFDE1	AOSCE	-	cc370	bytes	length
IDACAT12	AOSA0	-	cc370	bytes	length
IKTMSGS	AOST3	LPALIB	cc370	cards	length
IEE5103D	AOSB3	-	cc370	cards	length
IKTCAS40	AOST3	LINKLIB	cc370	cards	length
IGC0506C	AOSC6	LPALIB	cc370	cards	length
BLSTC	AOS32	-	cc370	bytes	text
IEAVXDOM	AOSC5	-	cc370	bytes	length
IGG0202A	AOSD8	LPALIB	cc370	cards	length
IEFSD166	AOSB3	-	cc370	bytes	length
BLSCANAL	AOS32	-	cc370	bytes	text
IFG0RR0F	AOSD0	LPALIB	cc370	cards	length
IKJEHMEM	-	CMDLIB	cc370	bytes	no-pair
IEAVEMDL	AOSC5	-	cc370	cards	length
IEAVTAS2	AOSC5	-	cc370	bytes	length
IEBDSU	AOSU0	-	cc370	cards	length
IGG019T2	AOSD0	LPALIB	cc370	bytes	length
IKJEBEM5	-	CMDLIB	cc370	cards	no-pair
IGG09301	AOST3	-	cc370	bytes	length
ISTINCW4	AOS26	-	cc370	bytes	mixed
IEAVEMCR	AOSC5	LPALIB	cc370	bytes	length
BLSRESCK	AOS32	-	cc370	bytes	text
IGC0006I	AOSD0	LPALIB	cc370	cards	length
IGG02028	AOSD8	LPALIB	cc370	cards	length
ICGDSB10	AOSD0	-	cc370	bytes	length
IEFAB4B0	AOSB3	-	cc370	bytes	mixed
IEBTCR02	AOSU0	-	cc370	cards	length
IEAXPDXR	AOSC5	LINKLIB	cc370	cards	holes
IEFAB4EE	AOSB3	-	cc370	bytes	length
IGG019OK	AOSG0	LINKLIB	cc370	cards	length
ISTSC029	AOS26	-	cc370	bytes	length
IGG01920	AOSD8	LPALIB	cc370	bytes	length
BLSSTCB	AOS32	CMDLIB	cc370	bytes	text
ISTINFXI	AOS26	-	cc370	bytes	length
IDCCDCC	AOSU0	LINKLIB	cc370	cards	length
IGC0008A	AOSD0	LPALIB	cc370	cards	length
IEFSD094	AOSB0	LPALIB	cc370	bytes	length
BLST03	AOS32	-	cc370	bytes	text
IRBMFIWK	AOSC5	LINKLIB	cc370	cards	length
IGG0192A	AOSD8	LPALIB	cc370	cards	length
BLSTB4	AOS32	CMDLIB	cc370	bytes	text
BLSUMON	AOS32	-	cc370	bytes	text
ISTAPC33	AOS24	LPALIB	cc370	bytes	text
IGG0202J	AOSD8	LPALIB	cc370	cards	length
IEEMB810	AOSB3	LPALIB	cc370	cards	length
IEHDASDR	AOSU0	LINKLIB	cc370	bytes	text
IKJEBEUN	AOST4	CMDLIB	cc370	bytes	length
IGFC60	AOSCE	LINKLIB	cc370	bytes	length
IEESH03D	-	-	cc370	cards	no-pair
IDCTSCN0	AOSU0	-	cc370	bytes	length
IEBCQSAM	AOSU0	-	cc370	cards	length
BLSFPARS	AOS32	-	cc370	cards	length
IEE5603D	AOSB3	-	cc370	bytes	length
IFFPBAPR	AOSG0	-	cc370	bytes	text
IGG0192G	AOSD8	LPALIB	cc370	cards	length
IECVCRHH	AOSC5	-	cc370	bytes	length
IKJEFT03	AOST4	LPALIB	cc370	bytes	length
IEECB860	AOSB3	LPALIB	cc370	bytes	length
IEEMB806	AOSB3	-	cc370	bytes	length
IKJEFLS	AOST4	-	cc370	bytes	length
BLSSSGTE	AOS32	CMDLIB	cc370	bytes	text
ISTINCV2	AOS26	-	cc370	bytes	text
ISTRAMA3	AOS26	-	cc370	bytes	length
IHJQRS24	AOSC6	-	cc370	bytes	text
IFDOLT62	AOS06	LINKLIB	cc370	bytes	length
IEE0803D	AOSB3	-	cc370	cards	length
IERRCJ	-	-	cc370	bytes	no-pair
IFCET006	AOSCD	LINKLIB	cc370	cards	length
BLSSLPDE	AOS32	CMDLIB	cc370	bytes	text
BLSUPRTA	AOS32	-	cc370	bytes	text
IEAVEAC0	AOSC5	-	cc370	bytes	text
IGG019C2	AOSD0	LPALIB	cc370	bytes	length
ISTOCCRT	AOS26	LPALIB	cc370	bytes	length
IDA019SN	AOSA0	-	cc370	bytes	text
IGG0192W	AOSD8	LPALIB	cc370	bytes	length
ICGDSB14	AOSD0	-	cc370	bytes	length
IEFAB4DE	AOSB3	-	cc370	bytes	text
IECVERPL	AOSC5	-	cc370	bytes	text
IKJCT460	AOST4	-	cc370	bytes	length
IGC0207A	AOSG0	-	cc370	cards	length
BLSSLLPA	AOS32	CMDLIB	cc370	bytes	text
IEFAB4B2	AOSB3	-	cc370	bytes	mixed
IGG0192D	AOSD8	LPALIB	cc370	bytes	length
IGG0202M	AOSD8	LPALIB	cc370	cards	length
IKJEBEM4	-	CMDLIB	cc370	cards	no-pair
IEWFTMIN	AOSC2	-	cc370	bytes	text
IGG0195T	AOSD8	LPALIB	cc370	bytes	length
IKJEFH00	-	-	cc370	cards	no-pair
IGG0196Q	AOSD0	LPALIB	cc370	bytes	text
IGG019JI	AOSD8	LPALIB	cc370	bytes	mixed
IEAVEPD0	AOSC5	-	cc370	bytes	length
IGG0192V	AOSD8	LPALIB	cc370	bytes	text
ISTINCDP	AOS26	VTAMLIB	cc370	bytes	length
AHLREADR	AOS11	LPALIB	cc370	cards	length
IGG0192O	AOSD8	LPALIB	cc370	bytes	mixed
IFOX0H	AOS03	-	cc370	cards	length
IGG0192U	AOSD8	LPALIB	cc370	bytes	length
IGG0199F	AOSD0	LPALIB	cc370	bytes	length
ISTOCCCA	AOS26	-	cc370	cards	length
ISTOCCOA	AOS26	-	cc370	cards	length
IEECVFTB	AOSC5	-	cc370	bytes	length
IGG0193M	AOS20	LPALIB	cc370	bytes	text
IKJEFF54	AOST4	-	cc370	bytes	length
IGG0202D	AOSD8	LPALIB	cc370	bytes	length
AMDSAAUD	AOS12	-	cc370	bytes	length
IGG01929	AOSD8	LPALIB	cc370	bytes	length
IKJEBEM1	-	CMDLIB	cc370	cards	no-pair
IKJEBEM3	-	CMDLIB	cc370	cards	no-pair
UTRKCALC	AOSD0	-	cc370	bytes	length
IGG0192E	AOSD8	LPALIB	cc370	bytes	length
IGG0192S	AOSD8	LPALIB	cc370	bytes	length
BLSSCDE	AOS32	CMDLIB	cc370	bytes	text
BLSUMONI	AOS32	-	cc370	bytes	text
IEE0703D	AOSB3	-	cc370	cards	length
IEFVHA	AOSB3	-	cc370	bytes	length
ISTORFBA	AOS24	LPALIB	cc370	bytes	text
BLSSASCB	AOS32	CMDLIB	cc370	bytes	text
IHJQRS20	AOSC6	-	cc370	bytes	text
AMDPRFMG	AOS12	-	cc370	cards	length
IGC0T05B	AOSC6	LPALIB	cc370	cards	length
IDCTSCO0	AOSU0	-	cc370	cards	length
IEE0303D	AOSB3	-	cc370	bytes	length
IGC0G95B	AOSC6	LPALIB	cc370	cards	length
IGG01922	AOSD8	LPALIB	cc370	bytes	length
IKJEBEDC	-	CMDLIB	cc370	bytes	no-pair
IGF2503D	AOSCE	-	cc370	bytes	mixed
IEESQ03D	-	-	cc370	bytes	no-pair
IEE3703D	AOSB3	-	cc370	cards	length
IEBDRB	AOSU0	-	cc370	cards	length
IDA019RO	AOSA0	-	cc370	bytes	length
IFDMSG03	AOS06	-	cc370	cards	length
ISTINCU5	AOS26	-	cc370	bytes	mixed
IGC0N06C	AOSC6	LPALIB	cc370	cards	length
IGG0192H	AOSD8	LPALIB	cc370	bytes	length
IKTXMTPT	AOST3	-	cc370	cards	length
IEE5903D	AOSB3	-	cc370	bytes	length
IFCEMER0	AOSCD	LINKLIB	cc370	cards	length
ISTINCRP	AOS26	LINKLIB	cc370	bytes	length
AMDSAPGI	AOS12	-	cc370	bytes	mixed
IGG0196G	AOSD8	LPALIB	cc370	bytes	length
IGG0202L	AOSD8	LPALIB	cc370	bytes	length
AMDSAWAT	AOS12	-	cc370	bytes	mixed
IEAVEDSR	AOSC5	-	cc370	bytes	text
HMASMSER	AOS12	-	cc370	bytes	text
IDCTSSA7	AOSU0	-	cc370	bytes	length
IGG01921	AOSD8	LPALIB	cc370	bytes	length
IEDAYQT	AOST3	LPALIB	cc370	bytes	length
IEEVWKUP	AOSC5	LPALIB	cc370	bytes	length
IGG0202I	AOSD8	LPALIB	cc370	bytes	length
IDA019RZ	AOSA0	-	cc370	bytes	mixed
IEAVTJBN	AOSC5	LPALIB	cc370	bytes	length
ISTZDFKB	AOS24	LPALIB	cc370	bytes	length
IGG0192B	AOSD8	LPALIB	cc370	bytes	length
IGG0192I	AOSD8	LPALIB	cc370	bytes	length
IDCTSCV0	AOSU0	-	cc370	cards	length
IGC0G05B	AOSC6	LPALIB	cc370	cards	length
IEFVHEB	AOSB3	-	cc370	bytes	length
IEAVEMIN	AOSC5	-	cc370	cards	length
IEE4803D	AOSB3	-	cc370	bytes	length
IGC0C06F	AOS20	LPALIB	cc370	bytes	mixed
IFCST00B	AOSCD	LINKLIB	cc370	cards	length
HMASMULI	AOS12	-	cc370	bytes	length
IKJEFF49	AOST4	-	cc370	cards	length
IFDOLT21	AOS06	-	cc370	bytes	mixed
IGG0196D	AOSD8	LPALIB	cc370	bytes	mixed
IFCSXXXG	AOSCD	LINKLIB	cc370	cards	length
IGG0202K	AOSD8	LPALIB	cc370	bytes	length
IEEMB825	AOS00	-	cc370	bytes	length
IGG01928	AOSD8	LPALIB	cc370	bytes	length
IEEMB807	AOSB3	-	cc370	cards	length
IKJEFP40	AOST4	-	cc370	cards	length
IKJEGATN	-	-	cc370	bytes	no-pair
IKJEFLK	AOST4	-	cc370	bytes	length
IGE0660A	AOSCE	LPALIB	cc370	bytes	text
IKTCAS52	AOST3	-	cc370	cards	length
IGG0192R	AOSD8	LPALIB	cc370	bytes	length
IDA019S1	AOSA0	-	cc370	bytes	text
IEFVH1	AOSB3	LPALIB	cc370	bytes	length
IEAVCARR	AOSC5	-	cc370	bytes	length
IGC0W05B	AOSC6	LPALIB	cc370	cards	length
IEFIB620	AOSB3	-	cc370	bytes	length
ISTINCXR	AOS26	-	cc370	bytes	length
IGG0192P	AOSD8	LPALIB	cc370	bytes	text
IEE7303D	AOSB3	-	cc370	bytes	length
IEE3303D	AOSB3	-	cc370	bytes	length
IGG0193K	AOSD0	LPALIB	cc370	bytes	length
IGG0192T	AOSD8	LPALIB	cc370	bytes	length
IRBMFLDV	AOSC5	-	cc370	cards	length
ISTINCU4	AOS26	-	cc370	bytes	mixed
ISTOCCDF	AOS24	LPALIB	cc370	bytes	mixed
IGG0192K	AOSD8	LPALIB	cc370	bytes	length
IEE5403D	AOSB3	-	cc370	bytes	length
IGG01924	AOSD8	LPALIB	cc370	bytes	length
IFOX0F	AOS03	-	cc370	bytes	length
IGC0107D	AOSG0	LPALIB	cc370	cards	length
IEHMVSRY	AOSU0	-	cc370	bytes	length
IGG019VE	AOSD0	-	cc370	bytes	length
IEAVAR03	AOSC5	-	cc370	cards	length
IEFXB604	AOSB3	-	cc370	bytes	mixed
ISTINCDT	AOS26	VTAMLIB	cc370	cards	text
IGC0206H	AOSD0	-	cc370	cards	length
IGFDT0	AOSCE	-	cc370	bytes	mixed
ISTINCW9	AOS26	-	cc370	bytes	mixed
BLSSLCCA	AOS32	CMDLIB	cc370	bytes	mixed
IGG0197C	AOSD0	-	cc370	bytes	text
ISTRAMA4	AOS26	-	cc370	bytes	length
IEHMVSRK	AOSU0	-	cc370	bytes	holes
IFCS0155	AOSCD	LINKLIB	cc370	bytes	length
IGC0906F	AOS20	LPALIB	cc370	bytes	mixed
IGC0A06F	AOS20	LPALIB	cc370	bytes	mixed
BLSCANLI	AOS32	-	cc370	bytes	text
IEFSD102	AOSB3	-	cc370	bytes	length
IEFVHR	AOSB3	-	cc370	cards	length
IRBMFECH	-	LPALIB	cc370	bytes	no-pair
IDCTSSD0	AOSU0	-	cc370	cards	length
IFCET00B	AOSCD	LINKLIB	cc370	cards	length
IGG0195G	AOSD8	LPALIB	cc370	bytes	length
IEDNMG	AOS21	LINKLIB	cc370	cards	length
IEHMVESK	AOSU0	LINKLIB	cc370	bytes	mixed
IGG0195D	AOSD8	LPALIB	cc370	bytes	text
IGG0192X	AOSD8	LPALIB	cc370	bytes	length
IKJL4T00	AOST4	-	cc370	bytes	mixed
IGG019VG	AOSD0	-	cc370	bytes	length
ISTAPC58	AOS24	LPALIB	cc370	cards	mixed
ICKTSIO0	AOSU0	-	cc370	bytes	length
IEDBITN	AOS21	TELCMLIB	cc370	cards	length
IEEMB814	AOSB3	LINKLIB	cc370	bytes	length
IFCET005	AOSCD	LINKLIB	cc370	cards	length
IGC0P05B	AOSC6	LPALIB	cc370	cards	length
IEBVCT	AOSU0	-	cc370	cards	length
IFCETRN2	AOSCD	LINKLIB	cc370	cards	length
BLSSCVT	AOS32	CMDLIB	cc370	bytes	mixed
IKJEFT40	AOST4	-	cc370	bytes	mixed
BLSRFUCB	AOS32	CMDLIB	cc370	cards	length
IGG019CD	AOSD0	LPALIB	cc370	bytes	length
IHJARS01	AOSC6	-	cc370	bytes	length
BLSUMONA	AOS32	-	cc370	bytes	mixed
IGG0192M	AOSD8	LPALIB	cc370	bytes	length
IEESC03D	-	-	cc370	bytes	no-pair
IEFXB603	AOSB3	LPALIB	cc370	bytes	length
BLSSXTLS	AOS32	CMDLIB	cc370	bytes	text
IEE6603D	AOSC5	-	cc370	bytes	length
IGG019FT	AOSU0	LPALIB	cc370	cards	length
ISTOCCUR	AOS26	-	cc370	bytes	text
IEFIIC	AOSB3	LPALIB	cc370	bytes	length
IGG0192N	AOSD8	LPALIB	cc370	bytes	length
IKJCT472	AOST4	-	cc370	bytes	length
IFDOLT28	AOS06	-	cc370	bytes	mixed
ISTDCC85	AOS24	LPALIB	cc370	bytes	text
IEE40110	AOSC5	-	cc370	bytes	length
IEDAY2	AOST3	-	cc370	cards	length
IFDMSGAJ	AOS06	-	cc370	cards	length
ICKTSSA0	AOSU0	-	cc370	bytes	text
IEBMCM	AOSU0	-	cc370	cards	length
IGG0192Q	AOSD8	LPALIB	cc370	bytes	length
IDCTSSA0	AOSU0	LINKLIB	cc370	bytes	text
IEFVHF	AOSB3	-	cc370	bytes	length
IRARMMSG	AOSC5	-	cc370	cards	length
IGG0192F	AOSD8	LPALIB	cc370	bytes	length
BLSRASCX	AOS32	CMDLIB	cc370	cards	length
ISTZRM01	AOS24	LPALIB	cc370	bytes	length
IDCTSIO5	AOSU0	-	cc370	cards	length
IFDOLT37	AOS06	-	cc370	bytes	mixed
IDCTSAV0	AOSU0	-	cc370	bytes	length
IFDMSG31	AOS06	-	cc370	cards	length
BLSSPGTE	AOS32	CMDLIB	cc370	bytes	text
IGG0192L	AOSD8	LPALIB	cc370	bytes	length
BLSRSAPC	AOS32	-	cc370	bytes	text
IGC0006H	AOSD0	LPALIB	cc370	cards	length
IGG0192Z	AOSD8	LPALIB	cc370	bytes	mixed
IFFANA	AOSG0	LINKLIB	cc370	cards	length
IGFPTSIG	AOSCE	-	cc370	bytes	text
IRBMFLWV	AOSC5	-	cc370	bytes	text
IEFNB9CR	AOSB3	-	cc370	cards	length
IEFNB9IR	AOSB3	-	cc370	cards	length
IGG019BO	AOSD0	LPALIB	cc370	cards	length
IGG019TD	AOSD0	LPALIB	cc370	bytes	length
IGC0I05B	AOSC6	LPALIB	cc370	cards	length
ISTAPC57	AOS24	LPALIB	cc370	bytes	length
IDCTSSR0	AOSU0	-	cc370	cards	length
IFDOLT13	AOS06	-	cc370	bytes	mixed
BLSSASXB	AOS32	CMDLIB	cc370	bytes	text
BLST04CV	AOS32	CMDLIB	cc370	bytes	text
IEFAB4M5	AOSB3	-	cc370	cards	length
IGG0195U	AOSD8	LPALIB	cc370	bytes	length
BLSSIOX	AOS32	CMDLIB	cc370	bytes	text
BLSSPSA	AOS32	CMDLIB	cc370	bytes	text
BLSRDUIC	AOS32	-	cc370	bytes	text
BLSSIOC	AOS32	CMDLIB	cc370	bytes	mixed
IEFAB4M4	AOSB3	-	cc370	cards	length
IGFDU0	AOSCE	-	cc370	bytes	mixed
IGG09400	AOST3	-	cc370	bytes	length
IGC0Q05B	AOSC6	LPALIB	cc370	cards	length
IEFIB621	AOSB3	-	cc370	bytes	length
ISTINCOQ	AOS26	LPALIB	cc370	bytes	length
IEFDB4FE	AOSB3	-	cc370	bytes	length
IGFDD0	AOSCE	-	cc370	bytes	mixed
IRBMFLHV	AOSC5	-	cc370	bytes	text
BLSRMSGB	AOS32	-	cc370	bytes	text
BLSSLCCV	AOS32	CMDLIB	cc370	bytes	mixed
BLSSPCCV	AOS32	CMDLIB	cc370	bytes	mixed
IFOX0G	AOS03	-	cc370	bytes	length
IGFPTCON	AOSCE	-	cc370	bytes	text
IDCCDCK	AOSU0	LINKLIB	cc370	cards	length
IDA019RB	AOSA0	-	cc370	bytes	text
BLSSPVT	AOS32	CMDLIB	cc370	bytes	mixed
IEAVAD11	AOSC5	-	cc370	bytes	length
IDCTSRR0	AOSU0	-	cc370	cards	length
BLSRACC	AOS32	-	cc370	bytes	text
BLSSASVT	AOS32	CMDLIB	cc370	bytes	mixed
IHJACP20	AOSC6	-	cc370	cards	length
IEE7803D	AOSB3	-	cc370	bytes	length
AMAPTF02	AOS12	LINKLIB	cc370	bytes	mixed
IEFAB4F6	AOSB3	-	cc370	bytes	text
AHLWTO	AOS11	-	cc370	bytes	length
BLSSASMV	AOS32	CMDLIB	cc370	bytes	text
BLSSCSD	AOS32	CMDLIB	cc370	bytes	text
BLSSUCM	AOS32	CMDLIB	cc370	bytes	mixed
IGG019EK	AOSD0	LPALIB	cc370	bytes	mixed
IGFDS1	AOSCE	-	cc370	bytes	mixed
IGG019JG	AOSD8	LPALIB	cc370	bytes	text
IGG0202N	AOSD8	LPALIB	cc370	bytes	length
IGC0107C	AOSG0	LPALIB	cc370	cards	length
IEFJWTOM	AOSB3	-	cc370	cards	length
IKJEFLPA	AOST4	-	cc370	bytes	mixed
ISTORFBD	AOS24	LPALIB	cc370	bytes	length
IEFVGM76	AOSB3	LPALIB	cc370	bytes	text
IRBMFMLN	AOSC5	-	cc370	bytes	mixed
IFCS0135	AOSCD	LINKLIB	cc370	bytes	length
IFDMSG33	AOS06	-	cc370	cards	length
IDCTSTR0	AOSU0	-	cc370	bytes	length
ISTSDCLM	AOS26	VTAMLIB	cc370	bytes	length
IDCTSEC0	AOSU0	-	cc370	cards	length
BLSUPUTD	AOS32	-	cc370	bytes	text
IGG019V2	AOSD0	-	cc370	bytes	length
IGG09303	AOST3	-	cc370	bytes	text
BLST04BS	AOS32	CMDLIB	cc370	bytes	text
IGG0196C	AOSD8	LPALIB	cc370	bytes	length
ICKTSDV0	AOSU0	-	cc370	bytes	length
IKJEGSCD	-	-	cc370	cards	no-pair
BLST04A	AOS32	CMDLIB	cc370	bytes	text
IFFPAAST	AOSG0	-	cc370	cards	length
IEDFSSTB	AOS21	TELCMLIB	cc370	cards	length
BLSUPUTC	AOS32	-	cc370	bytes	text
BLSUPUTO	AOS32	-	cc370	bytes	text
IRBMFLTV	AOSC5	-	cc370	bytes	text
BLSDENQ0	AOS32	-	cc370	bytes	text
IGC0L05B	AOSC6	LPALIB	cc370	bytes	length
IFDMSG61	AOS06	-	cc370	cards	length
IECTLERP	AOS20	TELCMLIB	cc370	cards	length
IDAM19R3	AOSC5	-	cc370	bytes	length
IEFVGM67	AOSB3	LPALIB	cc370	bytes	length
IGG0203K	AOSD0	LPALIB	cc370	bytes	length
IEAVELCR	AOSC5	-	cc370	bytes	text
IRBMFLCV	AOSC5	-	cc370	bytes	text
IFOX0E	AOS03	-	cc370	bytes	length
IFDMSG22	AOS06	-	cc370	cards	length
IDCTSRV0	AOSU0	-	cc370	bytes	length
IFDMSG54	AOS06	-	cc370	bytes	length
BLSUTRMV	AOS32	-	cc370	bytes	text
IFDOLT41	AOS06	-	cc370	bytes	mixed
IDCTSSV0	AOSU0	-	cc370	cards	length
ISTAPC53	AOS24	LPALIB	cc370	bytes	text
ISTZDFE0	AOS24	LPALIB	cc370	bytes	mixed
IEFVGM78	AOSB3	LPALIB	cc370	bytes	length
IGG019M3	AOS20	LPALIB	cc370	cards	length
AHLMCIH	AOSC5	-	cc370	bytes	text
BLSUTRMO	AOS32	-	cc370	bytes	text
IEEPALTR	AOSB3	LPALIB	cc370	bytes	length
IGG019KH	AOSD7	LPALIB	cc370	bytes	text
IGG019M0	AOS20	LPALIB	cc370	cards	length
IGG019MV	AOS20	LPALIB	cc370	cards	length
IEBCNVT	AOSU0	-	cc370	bytes	length
IGFPMFRS	AOSCE	-	cc370	bytes	text
IGFPMRTM	AOSCE	-	cc370	bytes	text
IRBMFDEA	AOSC5	-	cc370	bytes	mixed
IGG019RA	AOS21	SVCLIB	cc370	bytes	text
IDCTSMV0	AOSU0	-	cc370	bytes	text
IFDOLT43	AOS06	-	cc370	bytes	text
BLSDSTAE	AOS32	-	cc370	bytes	text
IGG019MD	AOS20	LPALIB	cc370	cards	length
IFDMSG04	AOS06	-	cc370	cards	length
IGG019MJ	AOS20	LPALIB	cc370	cards	length
IGG019MK	AOS20	LPALIB	cc370	cards	length
IGG019PP	AOS20	LPALIB	cc370	cards	length
IKJEBEBO	-	CMDLIB	cc370	bytes	no-pair
IGG019KG	AOSD7	LPALIB	cc370	bytes	text
IGG019MY	AOS20	LPALIB	cc370	cards	length
IRBMFTCH	-	LPALIB	cc370	bytes	no-pair
IDCTSRL0	AOSU0	-	cc370	bytes	length
BLSDDEQP	AOS32	-	cc370	bytes	text
IGG019ME	AOS20	LPALIB	cc370	cards	length
IEFICPUA	AOSB3	-	cc370	bytes	mixed
IGG019MW	AOS20	LPALIB	cc370	cards	length
IEE90110	AOSB3	-	cc370	bytes	length
IFDMSG13	AOS06	-	cc370	cards	length
IFDMSG37	AOS06	-	cc370	cards	length
IEFXB610	AOSB3	LPALIB	cc370	bytes	mixed
IDCTSMG0	AOSU0	-	cc370	bytes	length
IFDMSG32	AOS06	-	cc370	cards	length
IGG019MP	AOS20	LPALIB	cc370	cards	length
IGG019MU	AOS20	LPALIB	cc370	cards	length
IGG019PB	AOS20	LPALIB	cc370	cards	length
IGG019MZ	AOS20	LPALIB	cc370	cards	length
IGG019MN	AOS20	LPALIB	cc370	cards	length
IGG019PF	AOS20	LPALIB	cc370	cards	length
IDCTSMC0	AOSU0	-	cc370	bytes	length
IFDMSG38	AOS06	-	cc370	cards	length
IGG019PE	AOS20	LPALIB	cc370	cards	length
IGG019P7	AOSU0	LPALIB	cc370	bytes	text
IDCTSNC0	AOSU0	-	cc370	bytes	text
IDCTSCT0	AOSU0	-	cc370	bytes	text
IFDMSG06	AOS06	-	cc370	cards	length
IDCTSST0	AOSU0	-	cc370	bytes	text
IDCTSEV0	AOSU0	-	cc370	bytes	length
HMASMDC2	AOS12	-	cc370	bytes	mixed
IDCRI04	AOSU0	LINKLIB	cc370	cards	length
IEAVTFMT	AOSC5	LINKLIB	cc370	bytes	length
IEDAYOO	AOST3	-	cc370	bytes	length
IEE1403D	AOSB3	-	cc370	bytes	length
IEFSD087	AOSB0	LPALIB	cc370	bytes	length
IEHMVSSF	AOSU0	-	cc370	bytes	length
IERABW	-	-	cc370	bytes	no-pair
IERAOL	-	-	cc370	bytes	no-pair
IERAOM	-	-	cc370	bytes	no-pair
IGARPT01	AOSC5	LPALIB	cc370	cards	length
IGC0005G	AOSD7	LPALIB	cc370	bytes	length
IGC0408B	AOSU0	-	cc370	bytes	holes
IGE0000H	AOSCA	-	cc370	bytes	holes
IGE0001H	AOSCA	-	cc370	bytes	mixed
IGE0004A	AOS20	LPALIB	cc370	bytes	length
IGE0004C	AOS20	LPALIB	cc370	bytes	length
IGE0019I	AOS06	-	cc370	cards	length
IGE0119I	AOS06	-	cc370	cards	holes
IGE0904B	AOS20	LPALIB	cc370	bytes	length
IGG019MC	AOS20	SVCLIB	cc370	bytes	length
IKJCT463	AOST4	-	cc370	bytes	length
IKJEBEAA	-	CMDLIB	cc370	bytes	no-pair
IKJEFE02	-	-	cc370	bytes	no-pair
IKJEGEQU	-	CMDLIB	cc370	cards	no-pair
IKJEGMAP	-	CMDLIB	cc370	bytes	no-pair
IKJEGQFY	-	CMDLIB	cc370	bytes	no-pair
IKJEGWHR	-	CMDLIB	cc370	bytes	no-pair
IKJEHDS1	-	CMDLIB	cc370	bytes	no-pair
IKJEHREN	-	CMDLIB	cc370	bytes	no-pair
IFCEOAK4	AOSCD	LINKLIB	cc370	cards	length
IFCEOAK5	AOSCD	LINKLIB	cc370	cards	length
HMASMIO	AOS12	-	cc370	cards	text
IFCEXXXG	AOSCD	LINKLIB	cc370	cards	length
IEHLIST1	AOSU0	-	cc370	bytes	length
IEFXB609	AOSB3	-	cc370	bytes	length
HMASMDRV	AOS12	-	cc370	bytes	mixed
IFCIOHND	AOSCD	-	cc370	bytes	length
IFCE2880	AOSCD	LINKLIB	cc370	cards	length
BLSUPUT	AOS32	CMDLIB	cc370	bytes	text
ISTNSC00	AOS26	VTAMLIB	cc370	cards	length
IDA019C1	AOSA0	LPALIB	cc370	bytes	length
BNGTDISP	AOS29	LINKLIB	cc370	cards	length
IFCEI145	AOSCD	LINKLIB	cc370	cards	length
BNGIDISP	AOS29	-	cc370	bytes	length
BNGI3270	AOS29	-	cc370	bytes	length
IFCDIP00	AOSCD	LINKLIB	cc370	cards	length
IEFVDA	AOSB3	-	cc370	cards	length
IEFVFA	AOSB3	-	cc370	cards	length
IFCSXXXD	AOSCD	-	cc370	cards	length
IECVHREC	AOSC5	-	cc370	cards	length
AMAPTFLE	AOS12	LINKLIB	cc370	cards	length
BNGT3270	AOS29	LINKLIB	cc370	cards	length
IFG0RR0B	AOSD0	-	cc370	cards	length
IEBPPCH1	AOSU0	-	cc370	bytes	length
IEBCMAIN	AOSU0	-	cc370	cards	length
IFCE0135	AOSCD	LINKLIB	cc370	cards	length
ICFBIF00	AOSCE	-	cc370	cards	length
IFCSXXXB	AOSCD	-	cc370	cards	length
IGG0CLCA	AOSD0	LPALIB	cc370	bytes	length
IDA019ST	AOSA0	LPALIB	cc370	bytes	length
IKJCT431	AOST4	-	cc370	bytes	length
IGG019MB	AOS20	SVCLIB	cc370	bytes	length
ISTINCCL	AOS26	-	cc370	bytes	length
IFCEOAK3	AOSCD	LINKLIB	cc370	cards	length
IEBUPDT2	AOSU0	-	cc370	bytes	length
HMASMLKI	AOS12	-	cc370	bytes	text
ILRVSAMI	AOSC5	LPALIB	cc370	cards	length
IFG0194C	AOSD0	-	cc370	cards	length
IGC0001F	-	LPALIB	cc370	bytes	no-pair
IFG019RA	AOSD0	LPALIB	cc370	cards	length
IFCET008	AOSCD	LINKLIB	cc370	cards	length
IFNX5A	AOS03	-	cc370	cards	length
IFCEAXXX	AOSCD	LINKLIB	cc370	cards	length
IKJEFT01	AOST4	LPALIB	cc370	bytes	length
IFCEA155	AOSCD	LINKLIB	cc370	cards	length
IFCEGUS1	AOSCD	LINKLIB	cc370	cards	length
AMDPRPMS	AOS12	LINKLIB	cc370	bytes	mixed
IDA121A2	AOSC5	-	cc370	bytes	text
IEBPPAL1	AOSU0	-	cc370	bytes	length
BLSEADPR	AOS32	CMDLIB	cc370	cards	length
IFG0194J	AOSD0	LPALIB	cc370	bytes	length
IEFVEA	AOSB3	-	cc370	bytes	length
HMASMCPI	AOS12	-	cc370	bytes	text
AMDPRRDC	AOS12	-	cc370	bytes	length
IKJEBEMC	AOST4	CMDLIB	cc370	cards	length
ICFBDF00	AOSCE	-	cc370	bytes	length
ISTZGF0A	AOS24	LPALIB	cc370	bytes	length
IEECB800	AOSB3	LPALIB	cc370	bytes	length
IEAVEAT0	AOSC5	-	cc370	bytes	length
IGC0E05A	AOS21	-	cc370	bytes	length
IEAVTRTM	AOSC5	-	cc370	bytes	text
HEWLFSCN	AOS04	-	cc370	bytes	length
ICAPRTBL	-	-	cc370	cards	no-pair
IGG019HN	AOSD8	LPALIB	cc370	cards	length
IFG0TC0A	AOSD0	LPALIB	cc370	cards	length
IEEC2740	AOSC5	-	cc370	cards	length
IFCE0165	AOSCD	LINKLIB	cc370	cards	length
IGG019HB	AOSD8	LPALIB	cc370	cards	length
IKJEHPRO	-	CMDLIB	cc370	cards	no-pair
IFG0194F	AOSD0	-	cc370	cards	length
IFCEC165	AOSCD	LINKLIB	cc370	cards	length
IGG0CLCC	AOSD0	-	cc370	cards	length
IDCRC04	AOSU0	-	cc370	bytes	length
IFG0194A	AOSD0	LPALIB	cc370	cards	length
IEBGENR3	AOSU0	-	cc370	bytes	length
IKJEBERU	-	CMDLIB	cc370	cards	no-pair
BLSEMDPR	AOS32	CMDLIB	cc370	cards	length
IKJEFLEA	AOST4	-	cc370	cards	length
IKJEGLSA	-	CMDLIB	cc370	bytes	no-pair
IFCET00D	AOSCD	LINKLIB	cc370	cards	length
IKJEGINT	-	-	cc370	bytes	no-pair
IFNX6B	AOS03	-	cc370	cards	length
HMASMDSU	AOS12	-	cc370	bytes	mixed
HMASMUPI	AOS12	-	cc370	bytes	mixed
IEHPROG2	AOSU0	-	cc370	bytes	length
IEBDV1	AOSU0	-	cc370	cards	length
IGE0000I	AOSCA	LPALIB	cc370	cards	length
IGG019MA	AOS20	SVCLIB	cc370	cards	mixed
IASXSD82	AOSB0	-	cc370	cards	length
IFCEXXXC	AOSCD	-	cc370	cards	length
IFNX3N	AOS03	-	cc370	cards	length
IEHINITT	AOSU0	LINKLIB	cc370	bytes	length
IFCEOAK2	AOSCD	LINKLIB	cc370	cards	length
BNGLOGR2	AOS29	-	cc370	cards	length
IGC121	AOSC5	-	cc370	bytes	length
AMDPRSN2	AOS12	-	cc370	bytes	length
IGG0193A	AOSD7	LPALIB	cc370	cards	length
BLSVCVT	AOS32	CMDLIB	cc370	bytes	text
BLSRENQK	AOS32	CMDLIB	cc370	cards	length
IGG019JH	AOSD8	LPALIB	cc370	cards	length
BLSRSUMM	AOS32	CMDLIB	cc370	cards	length
IKJEHAL1	-	CMDLIB	cc370	cards	no-pair
IKJCT469	AOST4	LINKLIB	cc370	cards	length
IFDOLT18	AOS06	-	cc370	bytes	length
IFNX4T	AOS03	-	cc370	cards	length
IEHMVSSX	AOSU0	-	cc370	bytes	length
IGG0CLCD	AOSD0	-	cc370	bytes	length
IFCET00C	AOSCD	LINKLIB	cc370	cards	length
BLSELP00	AOS32	CMDLIB	cc370	cards	length
IGG0CLA9	AOSA0	-	cc370	cards	length
BLSRFIND	AOS32	CMDLIB	cc370	cards	length
BLSRRAAR	AOS32	-	cc370	bytes	length
IKJEFD37	AOST4	-	cc370	cards	length
IEDAY1	AOST3	-	cc370	bytes	length
IFNX4M	AOS03	-	cc370	cards	length
IEAVGFRR	AOSC5	-	cc370	bytes	length
IGC0002B	AOSD0	LPALIB	cc370	cards	length
IFCEOAK1	AOSCD	LINKLIB	cc370	cards	length
BLSVASCB	AOS32	CMDLIB	cc370	bytes	text
ISTCSCMR	AOS26	LPALIB	cc370	bytes	length
BLSFAD00	AOS32	CMDLIB	cc370	cards	length
IFNX1J	AOS03	-	cc370	bytes	length
IFCEXXXF	AOSCD	LINKLIB	cc370	cards	length
IKTXINIT	AOST4	-	cc370	bytes	length
IEAVEQV0	AOSC5	-	cc370	bytes	text
BLSRSETD	AOS32	CMDLIB	cc370	cards	length
IFCEF155	AOSCD	LINKLIB	cc370	cards	length
IECVRRSV	AOSC5	-	cc370	bytes	mixed
IFNX6A	AOS03	-	cc370	bytes	length
ISTINCLF	AOS26	-	cc370	bytes	text
IKTAY8	AOST3	-	cc370	bytes	length
BLSRCOMP	AOS32	CMDLIB	cc370	cards	length
IEAVTRER	AOSC5	-	cc370	bytes	text
IFNX2A	AOS03	-	cc370	cards	length
IFG0553F	AOSD0	-	cc370	cards	length
ISTINCFS	AOS26	-	cc370	bytes	length
IFCEMER4	AOSCD	LINKLIB	cc370	cards	length
IHJACP00	AOSC6	-	cc370	cards	length
BLSRSALI	AOS32	CMDLIB	cc370	cards	length
BLSRLSYM	AOS32	CMDLIB	cc370	cards	length
IGC0005C	AOSD7	LPALIB	cc370	cards	length
IFDOLT30	AOS06	-	cc370	bytes	length
HMASMALC	AOS12	-	cc370	bytes	mixed
BLSRSCAN	AOS32	CMDLIB	cc370	cards	length
IFDOLT15	AOS06	LINKLIB	cc370	bytes	text
BLSFMD00	AOS32	CMDLIB	cc370	cards	length
AMDPRPJB	AOS12	LINKLIB	cc370	bytes	mixed
IFDOLT48	AOS06	-	cc370	bytes	mixed
IECVRDIO	AOSC5	-	cc370	bytes	text
IFNX5P	AOS03	-	cc370	bytes	length
IFNX1K	AOS03	-	cc370	cards	length
IFG0551L	AOSD0	-	cc370	bytes	length
IGG03001	AOSD0	LPALIB	cc370	bytes	length
IFNX4N	AOS03	-	cc370	cards	length
IGG0193Y	AOSG0	LPALIB	cc370	cards	length
IFCETRN0	AOSCD	LINKLIB	cc370	cards	length
IFG0555H	AOSD0	-	cc370	bytes	length
IFDOLT33	AOS06	LINKLIB	cc370	bytes	text
BLSVTCB	AOS32	CMDLIB	cc370	bytes	text
IFDOLT31	AOS06	LINKLIB	cc370	bytes	mixed
IKJEBEFO	-	CMDLIB	cc370	cards	no-pair
IFDOLT12	AOS06	-	cc370	cards	length
IFCETRN5	AOSCD	LINKLIB	cc370	cards	length
IGC0S05B	AOSC6	LPALIB	cc370	cards	length
IFG0553X	AOSD0	-	cc370	bytes	length
IGG019BR	AOSD7	LPALIB	cc370	bytes	length
AMDPRCOM	AOS12	-	cc370	cards	length
IFNX3K	AOS03	-	cc370	cards	length
IEE4903D	AOSB3	-	cc370	cards	length
IFNX4E	AOS03	-	cc370	bytes	length
IGC0003A	AOSD0	LPALIB	cc370	bytes	length
IGG0CLAY	AOSA0	-	cc370	cards	length
IGC0N05B	AOSC6	LPALIB	cc370	cards	length
HMASMASI	AOS12	-	cc370	bytes	text
IGG0194P	AOS20	LPALIB	cc370	bytes	length
BLSRVSLD	AOS32	CMDLIB	cc370	bytes	length
IFG0193A	AOSD0	LPALIB	cc370	cards	length
HMASMBDL	AOS12	-	cc370	bytes	length
IFG0195B	AOSD0	-	cc370	cards	length
IFG0198N	AOSD0	LPALIB	cc370	bytes	length
IKJEBEME	-	CMDLIB	cc370	cards	no-pair
IFDOLT61	AOS06	LINKLIB	cc370	bytes	text
IKJEBEMA	-	CMDLIB	cc370	cards	no-pair
IFG0202K	AOSD0	-	cc370	bytes	length
IGC0005E	AOSD0	LPALIB	cc370	bytes	length
IGFPTREC	AOSCE	-	cc370	bytes	text
IGG0191N	AOSD0	LPALIB	cc370	bytes	length
BLSVUCB	AOS32	CMDLIB	cc370	bytes	text
IFG0196L	AOSD0	-	cc370	bytes	length
IFG0199E	AOSD0	-	cc370	cards	length
IEAVMFRR	AOSC5	LPALIB	cc370	cards	length
IERRCB	-	-	cc370	bytes	no-pair
IFDOLT00	AOS06	LINKLIB	cc370	bytes	length
IEECVETW	AOSC5	-	cc370	bytes	length
IFOX0I	AOS03	-	cc370	cards	length
BLSRRNCH	AOS32	CMDLIB	cc370	cards	length
BLSVPSA	AOS32	CMDLIB	cc370	bytes	text
IGG0203M	AOS20	LPALIB	cc370	bytes	length
IKJEBELI	-	CMDLIB	cc370	cards	no-pair
IFDOLT08	AOS06	-	cc370	bytes	mixed
BLSVRB	AOS32	CMDLIB	cc370	bytes	text
IFDOLT14	AOS06	LINKLIB	cc370	cards	length
IFG0552F	AOSD0	-	cc370	bytes	text
IGC00020	AOSD0	LPALIB	cc370	cards	length
IFDOLT03	AOS06	LINKLIB	cc370	bytes	length
IFNX4D	AOS03	-	cc370	cards	length
BLSRSADE	AOS32	CMDLIB	cc370	cards	length
IGC0002G	AOSD0	LPALIB	cc370	bytes	length
IGC0905I	AOS06	-	cc370	cards	length
IEE4603D	AOSB3	-	cc370	cards	length
IEECVET4	AOSC5	-	cc370	bytes	length
BLSVASXB	AOS32	CMDLIB	cc370	bytes	text
BLSVPVT	AOS32	CMDLIB	cc370	bytes	text
IFDOLT54	AOS06	-	cc370	bytes	mixed
IFG0552B	AOSD0	-	cc370	cards	length
IGC0001I	AOSD0	LPALIB	cc370	cards	length
IFDOLT32	AOS06	LINKLIB	cc370	bytes	text
IFG0551R	AOSD0	-	cc370	bytes	mixed
IGFPNRFH	AOSCE	-	cc370	bytes	text
IGC0002C	AOSD0	LPALIB	cc370	cards	length
IFG0202L	AOSD0	LPALIB	cc370	bytes	length
IFDOLTAJ	AOS06	-	cc370	bytes	mixed
IFG0202A	AOSD0	-	cc370	bytes	length
IFCETRN3	AOSCD	LINKLIB	cc370	cards	length
IKJEBEEN	-	CMDLIB	cc370	bytes	no-pair
IKJEBELT	-	CMDLIB	cc370	cards	no-pair
IKJEBEIS	-	CMDLIB	cc370	bytes	no-pair
ILRTMRLG	AOSC5	LPALIB	cc370	bytes	mixed
IFG0554L	AOSD0	LPALIB	cc370	bytes	text
IFG0232M	AOSD0	-	cc370	bytes	length
IGC00030	AOSD0	LPALIB	cc370	bytes	length
IEAVSTAA	AOSC5	LPALIB	cc370	bytes	length
IFNX4V	AOS03	-	cc370	cards	length
IFG0552X	AOSD0	LPALIB	cc370	cards	length
BLSRESDR	AOS32	CMDLIB	cc370	bytes	length
IFDOLT73	AOS06	LINKLIB	cc370	bytes	mixed
IFG0193D	AOSD0	-	cc370	bytes	length
IFG0554T	AOSD0	LPALIB	cc370	bytes	length
IFG0196T	AOSD0	-	cc370	cards	length
IFG0196V	AOSD0	LPALIB	cc370	cards	length
ISTINCE8	AOS26	-	cc370	bytes	length
IFG0552R	AOSD0	-	cc370	cards	length
IDDWIFRR	AOSA0	-	cc370	bytes	length
BLSVPCCA	AOS32	CMDLIB	cc370	bytes	text
IFG0232Z	AOSD0	LPALIB	cc370	bytes	length
BLSVLCCA	AOS32	CMDLIB	cc370	bytes	text
IFG0202C	AOSD0	-	cc370	bytes	length
IEE3103D	AOSB3	-	cc370	bytes	length
IFNX5C	AOS03	-	cc370	cards	length
IFG0200Y	AOSD0	-	cc370	cards	length
IFG0202I	AOSD0	-	cc370	bytes	length
IFDOLT38	AOS06	LINKLIB	cc370	bytes	mixed
IERRCV	-	-	cc370	bytes	no-pair
IGG0203Y	AOSG0	LPALIB	cc370	bytes	length
IGG02029	AOSD8	LPALIB	cc370	cards	length
IFG0202J	AOSD0	-	cc370	bytes	length
BLSFLD00	AOS32	CMDLIB	cc370	bytes	length
IFG0202B	AOSD0	-	cc370	cards	length
IGG0194Q	AOS20	LPALIB	cc370	cards	length
IGG0201P	AOSD0	LPALIB	cc370	bytes	length
IGG01911	AOSD0	LPALIB	cc370	bytes	text
IEEVMNT1	AOSB3	LPALIB	cc370	bytes	mixed
IGG0193Q	AOS20	LPALIB	cc370	bytes	length
IFG0192A	AOSA0	LPALIB	cc370	bytes	length
ISTINCUM	AOS26	-	cc370	bytes	length
IFG0196W	AOSD0	-	cc370	bytes	mixed
IEEVDEV	AOSC5	LPALIB	cc370	bytes	text
IGG0197N	AOSD0	LPALIB	cc370	cards	length
BLSRRAGE	AOS32	-	cc370	bytes	length
IFG0195V	AOSD0	LPALIB	cc370	cards	length
IFG0232G	AOSD0	-	cc370	bytes	mixed
IGG0193S	AOS20	LPALIB	cc370	cards	length
IFDOLT24	AOS06	-	cc370	bytes	length
IFG0554P	AOSD0	LPALIB	cc370	cards	length
IGG0197F	AOSD0	LPALIB	cc370	bytes	length
IGG019HG	AOSD8	LPALIB	cc370	cards	length
IFG0551F	AOSD0	LPALIB	cc370	bytes	length
IGG0191W	AOSD0	LPALIB	cc370	bytes	text
IGG0197P	AOSD0	LPALIB	cc370	bytes	length
IKJEFA24	-	-	cc370	cards	no-pair
IFNX3B	AOS03	-	cc370	bytes	length
IFG0200Z	AOSD0	-	cc370	bytes	length
IGG019FQ	AOSD0	LPALIB	cc370	bytes	text
IGG019HI	AOSD8	LPALIB	cc370	bytes	mixed
IFG0554B	AOSD0	-	cc370	bytes	mixed
IGG0201A	AOSD0	LPALIB	cc370	bytes	length
IFG0195N	AOSD0	-	cc370	bytes	text
IFG0555J	AOSD0	LPALIB	cc370	bytes	mixed
IFCSSOFT	AOSCD	LINKLIB	cc370	bytes	length
IFG0202H	AOSD0	-	cc370	bytes	length
IFG0551B	AOSD0	-	cc370	bytes	length
IFG0550P	AOSD0	LPALIB	cc370	bytes	text
IFDOLT07	AOS06	LINKLIB	cc370	cards	mixed
BLSRVRBX	AOS32	CMDLIB	cc370	cards	length
IFG0195K	AOSD0	-	cc370	cards	length
IFG0196M	AOSD0	-	cc370	cards	length
IFG0232J	AOSD0	-	cc370	bytes	mixed
IFG0199B	AOSD0	LPALIB	cc370	cards	length
IFG0202E	AOSD0	LPALIB	cc370	cards	length
IGG0191C	AOSD0	LPALIB	cc370	bytes	length
IFG0552T	AOSD0	-	cc370	bytes	length
IGC0102G	AOSD0	-	cc370	bytes	length
IEFRPREP	AOSB3	-	cc370	cards	length
IGC0007H	AOSD0	LPALIB	cc370	bytes	text
IHJACP01	AOSC6	-	cc370	cards	length
BLSUVSAR	AOS32	-	cc370	cards	length
IGG0191O	AOSD0	LPALIB	cc370	bytes	text
IGG0191M	AOSD7	LPALIB	cc370	cards	length
IFDOLT57	AOS06	LINKLIB	cc370	bytes	mixed
IGFPMCIH	AOSCE	-	cc370	bytes	text
IGG0191D	AOSD0	LPALIB	cc370	bytes	text
IGG0191X	AOSD0	LPALIB	cc370	bytes	text
IFG0232S	AOSD0	-	cc370	bytes	mixed
IGG0199L	AOSD7	LPALIB	cc370	cards	length
IEESB670	AOSB3	LPALIB	cc370	cards	length
IFDOLT06	AOS06	-	cc370	bytes	text
IFG0202D	AOSD0	-	cc370	bytes	mixed
IEE1603D	AOSB3	-	cc370	cards	length
IFG0196X	AOSD0	-	cc370	bytes	length
IFG0199D	AOSD0	-	cc370	bytes	length
IGC0006D	AOSD0	LPALIB	cc370	bytes	length
IGG0191Q	AOSD0	LPALIB	cc370	bytes	length
IFG0190P	AOSD0	LPALIB	cc370	bytes	mixed
IFG0551H	AOSD0	-	cc370	cards	length
IGG0196P	AOSD0	LPALIB	cc370	bytes	text
IGG019PD	AOS20	SVCLIB	cc370	cards	length
IGG0203A	AOSD7	LPALIB	cc370	cards	length
IGG0199K	AOSD0	LPALIB	cc370	bytes	text
IFG0553P	AOSD0	-	cc370	cards	length
IFG0555B	AOSD0	-	cc370	bytes	text
IECVBRSV	AOSC5	-	cc370	cards	length
IGG0201Z	AOSD0	LPALIB	cc370	bytes	length
IGG021AB	AOSD0	-	cc370	bytes	length
IFG0200V	AOSD0	LPALIB	cc370	cards	length
IGG0196M	AOSD0	LPALIB	cc370	bytes	mixed
IGG0191H	AOSD0	LPALIB	cc370	bytes	text
IGG0191K	AOSD0	LPALIB	cc370	bytes	text
IGG0191F	AOSD0	-	cc370	bytes	length
IEECVETU	AOSC5	-	cc370	bytes	text
IGE0002A	AOSCA	-	cc370	cards	length
IGG03002	AOSD0	LPALIB	cc370	bytes	length
IHJACP50	AOSC6	-	cc370	cards	length
IGC0002A	AOSD0	LPALIB	cc370	bytes	length
IGG0196R	AOSD0	-	cc370	cards	length
IGG0197V	AOSD0	-	cc370	cards	length
IGG0197E	AOSD0	LPALIB	cc370	bytes	length
ISTZIMQA	AOS24	LPALIB	cc370	bytes	mixed
BLSUHELP	AOS32	CMDLIB	cc370	cards	length
IFG0196U	AOSD0	-	cc370	bytes	length
IGG0196A	AOSD0	LPALIB	cc370	bytes	length
IGG0192C	AOSD8	LPALIB	cc370	bytes	length
IFG0196J	AOSD0	-	cc370	bytes	text
IGG0201Y	AOSD0	LPALIB	cc370	bytes	length
IFCET003	AOSCD	LINKLIB	cc370	cards	length
IGG0197U	AOSD0	LPALIB	cc370	bytes	length
IGG0197B	AOSD0	-	cc370	cards	length
IFG0195H	AOSD0	-	cc370	cards	length
IFG0551D	AOSD0	-	cc370	bytes	length
IGG0191L	AOSD7	LPALIB	cc370	cards	length
IFG0552V	AOSD0	-	cc370	bytes	mixed
IFDOLT53	AOS06	LINKLIB	cc370	bytes	length
IFG0193E	AOSD0	-	cc370	bytes	length
IFG0554N	AOSD0	-	cc370	bytes	length
IHJARS00	AOSC6	-	cc370	cards	length
IFDOLT56	AOS06	-	cc370	bytes	mixed
IFDOLT26	AOS06	-	cc370	bytes	mixed
IGG0191A	AOSD0	LPALIB	cc370	bytes	length
IGG01915	AOSD0	LPALIB	cc370	bytes	text
IGC0505I	AOS06	-	cc370	cards	length
IGG0196K	AOSD0	LPALIB	cc370	bytes	length
IFG0202F	AOSD0	-	cc370	bytes	length
IGG0191Z	AOSD0	LPALIB	cc370	bytes	text
IDAVBPR1	AOSA0	-	cc370	bytes	text
IEESB665	AOSB3	LPALIB	cc370	cards	length
IGC0U05B	AOSC6	LPALIB	cc370	cards	length
IFDOLT16	AOS06	-	cc370	bytes	mixed
BLSRRDPU	AOS32	CMDLIB	cc370	cards	length
IFG0195U	AOSD0	LPALIB	cc370	bytes	length
IFG0196N	AOSD0	-	cc370	cards	length
IFG0232D	AOSD0	-	cc370	bytes	text
IGG0201X	AOSD0	LPALIB	cc370	bytes	text
BLSRLIST	AOS32	CMDLIB	cc370	cards	length
IGG01917	AOSD0	LPALIB	cc370	bytes	text
IGG0203Z	AOSG0	LPALIB	cc370	bytes	length
IGG0201B	AOSD0	LPALIB	cc370	bytes	length
BLSUNOTE	AOS32	CMDLIB	cc370	cards	length
IFG0200W	AOSD0	LPALIB	cc370	cards	length
IGG0191G	AOSD0	LPALIB	cc370	bytes	text
IFDOLT52	AOS06	-	cc370	bytes	length
IGG01912	AOSD0	LPALIB	cc370	bytes	text
IGG0191B	AOSD0	LPALIB	cc370	bytes	text
IGC0010E	AOSD0	LPALIB	cc370	cards	length
BLSRDUDR	AOS32	CMDLIB	cc370	cards	length
IGG0196S	AOST3	LPALIB	cc370	bytes	length
BLSRDULS	AOS32	CMDLIB	cc370	cards	length
READPSWD	AOSD0	LPALIB	cc370	bytes	length
ISTZFMAA	AOS26	-	cc370	bytes	text
IGG0191S	AOSD0	LPALIB	cc370	bytes	length
IEFIB645	AOSB3	-	cc370	cards	length
IEE5503D	AOSB3	-	cc370	bytes	text
IGG0191T	AOSD0	LPALIB	cc370	bytes	length
IGG0197D	AOSD0	-	cc370	bytes	text
IGG0191J	AOSD0	LPALIB	cc370	bytes	length
IGG0191U	AOSD0	LPALIB	cc370	bytes	length
IGG0191V	AOSD0	LPALIB	cc370	bytes	length
IEE70110	AOSB3	LPALIB	cc370	bytes	length
IGG0197A	AOSD0	-	cc370	bytes	length
IFG0201R	AOSD0	-	cc370	bytes	mixed
IGC0010C	AOSD0	LPALIB	cc370	bytes	mixed
IGG0199O	AOSD0	LPALIB	cc370	bytes	text
BLSCCLSE	AOS32	-	cc370	bytes	text
BLSRTCBX	AOS32	CMDLIB	cc370	cards	length
IFG0195C	AOSD0	-	cc370	bytes	mixed
IGG01910	AOSD0	LPALIB	cc370	bytes	text
BLSRDUDE	AOS32	CMDLIB	cc370	bytes	text
ISTSDCC4	AOS26	-	cc370	bytes	mixed
IGG0191I	AOSD0	LPALIB	cc370	bytes	length
ISTSDCC1	AOS26	-	cc370	bytes	mixed
IFG0196Q	AOSD0	-	cc370	cards	length
IGG0197Q	AOSD0	LPALIB	cc370	bytes	length
IGG0196I	AOSD0	LPALIB	cc370	bytes	text
IGG0196L	AOSD0	LPALIB	cc370	bytes	length
IFG0554Z	AOSD0	-	cc370	bytes	text
ISTINCD8	AOS26	-	cc370	bytes	text
IFG0195A	AOSD0	-	cc370	bytes	length
IHJACP70	AOSC6	-	cc370	cards	length
HEWLDRGO	AOS05	LINKLIB	cc370	bytes	mixed
IFG0230P	AOSD0	LPALIB	cc370	bytes	mixed
IGG01991	AOSD0	LPALIB	cc370	bytes	text
IGG01923	AOSD0	LPALIB	cc370	bytes	text
IGG0193I	AOSD0	LPALIB	cc370	bytes	text
IFG0196K	AOSD0	-	cc370	bytes	mixed
IFG0553Z	AOSD0	-	cc370	bytes	length
IFG0196O	AOSD0	-	cc370	bytes	mixed
IFG0200P	AOSD0	LPALIB	cc370	bytes	text
IFG0551T	AOSD0	-	cc370	cards	length
IFG0551P	AOSD0	-	cc370	bytes	mixed
IGG0191Y	AOSD0	LPALIB	cc370	bytes	text
IGG0196B	AOSD0	LPALIB	cc370	bytes	text
IGG0191R	AOSD0	LPALIB	cc370	bytes	length
IFG0552N	AOSD0	-	cc370	bytes	length
IGG01992	AOSD0	LPALIB	cc370	bytes	text
IGG01919	AOSD0	LPALIB	cc370	bytes	text
IEE7103D	AOSB3	-	cc370	bytes	text
BLSRESAR	AOS32	-	cc370	bytes	length
ISTSEC51	AOS24	LPALIB	cc370	bytes	mixed
ISTZBMJA	AOS24	LPALIB	cc370	bytes	mixed
IGG0201D	AOSD0	-	cc370	bytes	length
IGG01913	AOSD0	LPALIB	cc370	bytes	text
IGG0201R	AOSD0	LPALIB	cc370	bytes	length
IFDOLT05	AOS06	-	cc370	bytes	mixed
BLSREVAL	AOS32	CMDLIB	cc370	cards	length
IGG01916	AOSD0	LPALIB	cc370	bytes	length
IFDOLT42	AOS06	-	cc370	bytes	text
BLSRESPU	AOS32	-	cc370	bytes	length
IHJARS60	AOSC6	-	cc370	bytes	length
IEAVEVRR	AOSC5	-	cc370	bytes	text
IFDOLT04	AOS06	LINKLIB	cc370	bytes	mixed
IGG0191P	AOSD0	LPALIB	cc370	bytes	text
IGG01994	AOSD0	LPALIB	cc370	bytes	text
SECLOADA	AOSD0	LPALIB	cc370	cards	length
IGG01926	AOSD0	LPALIB	cc370	bytes	text
BLSRPHGE	AOS32	CMDLIB	cc370	cards	length
IGG019HH	AOSD8	LPALIB	cc370	bytes	text
IGG01918	AOSD0	LPALIB	cc370	bytes	text
IGG01993	AOSD0	LPALIB	cc370	bytes	text
BLSRRDGE	AOS32	CMDLIB	cc370	cards	length
IKJEFH03	-	-	cc370	bytes	no-pair
BLSREQU	AOS32	CMDLIB	cc370	cards	length
BLSRSAGC	AOS32	-	cc370	cards	length
IFDOLT74	AOS06	LINKLIB	cc370	bytes	mixed
IGFCINIT	AOSC5	-	cc370	bytes	text
ISTZDMMB	AOS26	-	cc370	bytes	length
IFG0195D	AOSD0	-	cc370	bytes	length
IFG0195T	AOSD0	LPALIB	cc370	bytes	text
AMDSATAP	AOS12	-	cc370	bytes	length
BLSRESGC	AOS32	-	cc370	cards	length
BLSRSAAR	AOS32	-	cc370	cards	length
IGFPEXIT	AOSCE	-	cc370	bytes	text
BLSRPHAR	AOS32	CMDLIB	cc370	bytes	length
IFG0552D	AOSD0	-	cc370	bytes	length
BLSUINI1	AOS32	CMDLIB	cc370	cards	length
BLSRRDAR	AOS32	CMDLIB	cc370	cards	length
IFNX4S	AOS03	-	cc370	bytes	length
BLSRSAPU	AOS32	-	cc370	cards	length
IFDOLT50	AOS06	LINKLIB	cc370	bytes	mixed
IFG0553H	AOSD0	-	cc370	bytes	text
IEFISEXR	AOSB3	-	cc370	cards	length
IFDOLT17	AOS06	LINKLIB	cc370	bytes	mixed
IFG019TR	AOSD0	LPALIB	cc370	bytes	length
IFNX1S	AOS03	-	cc370	cards	length
IFG0195J	AOSD0	-	cc370	bytes	mixed
IEECVFTR	AOSC5	-	cc370	bytes	text
IGC0009D	AOST3	LPALIB	cc370	bytes	length
IFG0193C	AOSD0	LPALIB	cc370	bytes	text
IFG0195G	AOSD0	LPALIB	cc370	bytes	length
IFG0553C	AOSD0	LPALIB	cc370	bytes	text
HEWLFBTP	AOS04	-	cc370	identical	length
IEAVGTCL	AOSC5	-	cc370	identical	identical
IEBEDIT	AOSU0	LINKLIB	cc370	bytes	length
IEECVETH	AOSC5	-	cc370	identical	identical
IEECVETP	AOSC5	-	cc370	identical	identical
IEECVETQ	AOSC5	-	cc370	identical	holes
IEECVETR	AOSC5	-	cc370	identical	identical
IEECVETV	AOSC5	-	cc370	identical	length
IEECVFTM	AOSC5	-	cc370	identical	length
IEECVFTO	AOSC5	-	cc370	identical	length
IEECVFTQ	AOSC5	-	cc370	identical	length
IEHPROG1	AOSU0	-	cc370	bytes	length
IGC070	AOSG0	-	cc370	identical	text
ISTINCU7	AOS26	-	cc370	cards	length
ISTCFCMM	AOS24	LPALIB	cc370	cards	text
AMDPRMST	AOS12	LINKLIB	cc370	bytes	length
IEAVSY50	AOSC5	-	cc370	bytes	length
IEAVSETS	AOSC5	-	cc370	bytes	mixed
IKJCT435	AOST4	-	cc370	cards	length
IEAVGPRR	AOSC5	-	cc370	bytes	length
IEAVPSI	AOSC5	-	cc370	bytes	mixed
IKJEBECI	-	CMDLIB	cc370	bytes	no-pair
IEESTPRS	AOSC5	-	cc370	cards	length
IEEVSND4	AOST4	-	cc370	bytes	mixed
IEEVSDIO	AOST4	-	cc370	bytes	length
IKJEBEUI	-	CMDLIB	cc370	bytes	no-pair
IEAVPFTE	AOSC5	-	cc370	cards	length
IKJEBEDE	-	CMDLIB	cc370	cards	no-pair
IEAVPCB	AOSC5	-	cc370	bytes	length
IKJEBECO	-	CMDLIB	cc370	bytes	no-pair
IKJEBEFC	-	CMDLIB	cc370	bytes	no-pair
IEAVSQA	AOSC5	-	cc370	cards	length
IEAVTRT1	AOSC5	-	cc370	bytes	text
IEAVLK02	AOSC5	-	cc370	bytes	mixed
IKJEBEDX	-	CMDLIB	cc370	bytes	no-pair
IEAVECH0	AOSC5	-	cc370	bytes	length
IKJEES75	AOST4	-	cc370	bytes	text
IEAVESVC	AOSC5	-	cc370	bytes	text
IEAVEVT0	AOSC5	-	cc370	bytes	text
IEAVPREF	AOSC5	-	cc370	cards	length
IEE0603D	AOSB3	-	cc370	bytes	length
IEAVLK03	AOSC5	-	cc370	bytes	length
IEAVTRCE	AOSC5	-	cc370	bytes	text
IEE3503D	AOSB3	-	cc370	bytes	length
IEAVETCL	AOSC5	-	cc370	bytes	text
IKJEBEDA	-	CMDLIB	cc370	bytes	no-pair
IEAVITAS	AOSC5	-	cc370	cards	length
IKJEBESE	-	CMDLIB	cc370	bytes	no-pair
IEAVEEXP	AOSC5	-	cc370	bytes	length
IKJEBEMS	-	CMDLIB	cc370	bytes	no-pair
IKJEBEEX	-	CMDLIB	cc370	bytes	no-pair
IEAVESC0	AOSC5	-	cc370	bytes	length
IEAVEXS	AOSC5	-	cc370	bytes	text
IKJEBEVE	-	CMDLIB	cc370	bytes	no-pair
IKJEBETO	-	CMDLIB	cc370	bytes	no-pair
IECVOID	AOSC5	-	cc370	bytes	unpaired
IGFINTVL	AOSCE	-	cc370	bytes	text
IKJEBEHE	-	CMDLIB	cc370	bytes	no-pair
ESRTABLE	AOSC5	-	cc370	identical	text
HMASMMPE	AOS12	-	cc370	identical	mixed
HMASMMPI	AOS12	-	cc370	identical	mixed
HMASMMPV	AOS12	-	cc370	identical	mixed
HMASMUC1	AOS12	-	cc370	identical	text
HMASMUC2	AOS12	-	cc370	identical	text
HMASMUC3	AOS12	-	cc370	identical	text
HMASMUC4	AOS12	-	cc370	identical	mixed
HMASMUPD	AOS12	-	cc370	identical	mixed
HMASMZAP	AOS12	-	cc370	identical	length
IEAVBLDP	AOSC5	-	cc370	identical	length
IEAVDELP	AOSC5	-	cc370	identical	length
IEAVEADV	AOSC5	-	cc370	identical	length
IEAVEDR	AOSC5	-	cc370	identical	text
IEAVEED0	AOSC5	-	cc370	identical	length
IEAVEEE2	AOSC5	-	cc370	identical	length
IEAVEES	AOSC5	-	cc370	identical	length
IEAVEIPR	AOSC5	-	cc370	identical	mixed
IEAVEMS0	AOSC5	-	cc370	identical	text
IEAVEOR	AOSC5	-	cc370	identical	mixed
IEAVEPC	AOSC5	-	cc370	identical	text
IEAVERI	AOSC5	-	cc370	identical	text
IEAVERP	AOSC5	-	cc370	identical	text
IEAVEVAL	AOSC5	-	cc370	identical	mixed
IEAVFP	AOSC5	-	cc370	identical	text
IEAVFREE	AOSC5	-	cc370	identical	mixed
IEAVIOCP	AOSC5	-	cc370	identical	text
IEAVMODE	AOSC5	-	cc370	identical	length
IEAVPRSB	AOSC5	-	cc370	identical	text
IEAVRSM	AOSC5	-	cc370	identical	text
IEAVRT02	AOSC5	-	cc370	identical	length
IEAVTRV	AOSC5	-	cc370	identical	mixed
IEAVVCRX	AOSC5	-	cc370	identical	mixed
IECVDDT0	AOSC5	-	cc370	identical	mixed
IECVPURG	AOSC5	-	cc370	identical	text
IKJEES10	-	-	cc370	identical	no-pair
IKJEES20	AOST4	-	cc370	identical	mixed
IKJEES70	AOST4	-	cc370	bytes	mixed
IKJEES74	AOST4	-	cc370	identical	length
ILRASM00	AOSC5	-	cc370	identical	length
IBCDASDI	-	-	cc370	cards	no-pair
IBCDMPRS	-	-	cc370	cards	no-pair
IEDQXB	AOS21	LINKLIB	cc370	cards	length
IEAVNIP0	AOSC5	-	cc370	bytes	mixed
IEAVNP05	AOSC5	NUCLEUS	cc370	bytes	text
IECIOSAM	AOSC5	-	cc370	cards	length
IRARMIPS	AOSC5	-	cc370	bytes	length
ILRASRIM	AOSC5	-	cc370	bytes	length
IGG019R0	AOS21	SVCLIB	cc370	cards	length
IEAVGM00	AOSC5	-	cc370	cards	length
BNGCRMOT	AOS29	-	cc370	bytes	length
IEAVNP03	AOSC5	NUCLEUS	cc370	bytes	text
IEAVAP00	AOSC5	-	cc370	bytes	text
IGG019Q2	AOS21	SVCLIB	cc370	cards	length
IEAVNP1A	AOSC5	NUCLEUS	cc370	bytes	length
IEAVNIPM	AOSC5	NUCLEUS	cc370	bytes	length
IRARMEVT	AOSC5	-	cc370	cards	text
IAPCNTRL	AOSU0	-	cc370	cards	length
IEAVENQ1	AOSC5	-	cc370	cards	length
IEAVNP11	AOSC5	NUCLEUS	cc370	bytes	length
BNGC3270	AOS29	-	cc370	bytes	length
IEDQXC	AOS21	LINKLIB	cc370	bytes	length
IEAVTSDI	AOSC5	-	cc370	bytes	mixed
IEEVDCCR	AOSC5	-	cc370	bytes	mixed
IEDQFA	AOS21	TELCMLIB	cc370	bytes	length
IGG019Q3	AOS21	SVCLIB	cc370	cards	length
IEAVTSDX	AOSC5	-	cc370	cards	length
BNGCDISP	AOS29	-	cc370	cards	length
IEDNSL	AOS21	TELCMLIB	cc370	bytes	length
IEWFETCH	-	LPALIB	cc370	bytes	no-pair
BNGCLOCL	AOS29	-	cc370	bytes	length
ISDAAPR1	AOSD0	-	cc370	bytes	length
ISDADHE1	AOSD0	-	cc370	bytes	text
IEDQFA2	AOS21	TELCMLIB	cc370	bytes	length
IECVEXCP	AOSC5	-	cc370	bytes	length
IEAVSOUT	AOSC5	-	cc370	bytes	length
IEEMPDM	AOSC5	LPALIB	cc370	bytes	length
IEAVNPM3	AOSC5	-	cc370	bytes	text
IEDQCA	AOS21	LINKLIB	cc370	bytes	length
IEAVNP13	AOSC5	NUCLEUS	cc370	bytes	text
IGG019Q5	AOS21	SVCLIB	cc370	cards	length
ISDASUM0	AOSD0	-	cc370	bytes	length
IEHDPASS	AOSU0	LINKLIB	cc370	cards	length
IEDAYQ	AOS21	TELCMLIB	cc370	bytes	length
IEDLUS	AOS21	TELCMLIB	cc370	bytes	length
IECVRSTI	AOSC5	-	cc370	cards	length
IEBDSCPY	AOSU0	-	cc370	cards	length
IECVDERP	AOSC5	-	cc370	bytes	length
IFCE33XX	AOSCD	LINKLIB	cc370	bytes	length
IEAVGFA	AOSC5	-	cc370	cards	length
IEAVTRTR	AOSC5	-	cc370	bytes	text
IEAVNP10	AOSC5	NUCLEUS	cc370	bytes	length
IKJEBESA	-	CMDLIB	cc370	bytes	no-pair
IEDQOA	AOS21	LINKLIB	cc370	cards	length
IGG019RP	AOS21	SVCLIB	cc370	bytes	text
AMDPRSN3	AOS12	-	cc370	bytes	length
IEHDANAL	AOSU0	LINKLIB	cc370	bytes	length
IEAVEQR	AOSC5	-	cc370	cards	length
IFNX5D	AOS03	-	cc370	cards	length
IEDQKA	AOS21	TELCMLIB	cc370	bytes	length
IEDQWA1	AOS21	LINKLIB	cc370	cards	length
IEAVNP19	AOSC5	NUCLEUS	cc370	bytes	length
ISDADCS1	AOSD0	-	cc370	bytes	length
IEDAYJ	AOS21	TELCMLIB	cc370	bytes	length
IEDAYM	AOS21	TELCMLIB	cc370	bytes	length
IGG019Q0	AOS21	SVCLIB	cc370	cards	length
IECVIRST	AOSC5	-	cc370	bytes	text
IKJEGLDF	-	CMDLIB	cc370	cards	no-pair
ISDADCK1	AOSD0	-	cc370	bytes	length
IEAVNP02	AOSC5	NUCLEUS	cc370	bytes	mixed
IEDQFA1	AOS21	TELCMLIB	cc370	bytes	length
IGG019Q8	AOS21	SVCLIB	cc370	bytes	text
IEAVNIPX	AOSC5	NUCLEUS	cc370	cards	length
IEAVPRT0	AOSC5	-	cc370	bytes	text
ISDACSB1	AOSD0	-	cc370	bytes	length
IEDQHM	AOS21	TELCMLIB	cc370	bytes	length
IEAVELK	AOSC5	-	cc370	bytes	mixed
IEAVEDS0	AOSC5	-	cc370	bytes	mixed
IEBSCN	AOSU0	-	cc370	cards	length
IEAVNP12	AOSC5	NUCLEUS	cc370	cards	length
IGFCCHCR	AOSCE	-	cc370	bytes	text
IEAVLK00	AOSC5	-	cc370	bytes	length
IEDQWC	AOS21	LINKLIB	cc370	cards	length
IKJEGAT	-	CMDLIB	cc370	cards	no-pair
IEDQOB	AOS21	LINKLIB	cc370	cards	length
IEDQWF1	AOS21	LINKLIB	cc370	cards	length
IEDQKC	AOS21	TELCMLIB	cc370	bytes	length
IKJEGLST	-	CMDLIB	cc370	cards	no-pair
IFNX3A	AOS03	-	cc370	cards	length
IRARMCTL	AOSC5	-	cc370	bytes	text
IEAVRTI0	AOSC5	-	cc370	bytes	length
IGG019Q4	AOS21	SVCLIB	cc370	cards	length
IEDQWJ2	AOS21	LINKLIB	cc370	cards	length
IEDQEU	AOS21	TELCMLIB	cc370	bytes	length
IEDQWIE	AOS21	LINKLIB	cc370	bytes	length
IFOX0D	AOS03	-	cc370	bytes	length
IKJEBERE	-	CMDLIB	cc370	cards	no-pair
IEAVSWIN	AOSC5	-	cc370	cards	length
IEDQWE	AOS21	LINKLIB	cc370	cards	length
IEHDDUMP	AOSU0	LINKLIB	cc370	bytes	length
IECVGENA	AOSC5	-	cc370	bytes	text
ISDAFSC0	AOSD0	-	cc370	bytes	length
IEDQWC2	AOS21	LINKLIB	cc370	cards	length
IGFTMCHK	AOSCE	LPALIB	cc370	bytes	text
IEDQWJ1	AOS21	LINKLIB	cc370	cards	length
ILRGOS	AOSC5	-	cc370	bytes	text
IGG0325I	AOSD0	-	cc370	bytes	length
IEAVLK01	AOSC5	-	cc370	bytes	length
IEDQWB	AOS21	LINKLIB	cc370	bytes	length
ISDASUM1	AOSD0	-	cc370	bytes	length
IEAVRCF	AOSC5	-	cc370	cards	length
IEDQHM1	AOS21	TELCMLIB	cc370	bytes	length
IEDQWD	AOS21	LINKLIB	cc370	bytes	length
IEAVNP08	AOSC5	NUCLEUS	cc370	bytes	text
ILRCMP	AOSC5	-	cc370	bytes	mixed
IGC018	AOSD0	-	cc370	bytes	length
ILRIMMSG	AOSC5	-	cc370	bytes	text
IKJEBEIA	-	CMDLIB	cc370	bytes	no-pair
ILRIOFRR	AOSC5	-	cc370	bytes	mixed
IGC0A10D	AOS21	LPALIB	cc370	bytes	length
IEHDREST	AOSU0	LINKLIB	cc370	cards	length
IEDAYN	AOS21	TELCMLIB	cc370	bytes	length
ILROPS00	AOSC5	LINKLIB	cc370	bytes	length
IGG019TH	AOS21	SVCLIB	cc370	bytes	mixed
IFNX5M	AOS03	-	cc370	bytes	length
IEDAYO	AOS21	TELCMLIB	cc370	bytes	length
IEDQGA	AOS21	TELCMLIB	cc370	bytes	length
IGG0290F	AOSD0	-	cc370	cards	length
IEHDEXCP	AOSU0	-	cc370	bytes	mixed
IGG019RN	AOS21	SVCLIB	cc370	bytes	length
ISDAFSC1	AOSD0	-	cc370	bytes	length
IEDQWO	AOS21	LINKLIB	cc370	bytes	length
ISDADHE0	AOSD0	-	cc370	bytes	text
IEBWSU	AOSU0	-	cc370	cards	length
ISDADAT1	AOSD0	-	cc370	bytes	length
IEAVMDSV	AOSC5	-	cc370	bytes	length
IEDQXA	AOS21	LINKLIB	cc370	cards	length
IEDQND	AOS21	LINKLIB	cc370	bytes	length
IEAVRCV	AOSC5	-	cc370	bytes	text
IEAVNPA1	AOSC5	NUCLEUS	cc370	bytes	text
IEDQFW	AOS21	LINKLIB	cc370	cards	length
IECVDAVV	AOSC5	-	cc370	cards	length
IEAV1052	AOSC5	-	cc370	bytes	length
IEDQWIA	AOS21	LINKLIB	cc370	bytes	length
IEAV1443	AOSC5	-	cc370	bytes	length
IEBDWR	AOSU0	-	cc370	cards	length
IEBVTM	AOSU0	-	cc370	cards	length
IEDQAA	AOS21	TELCMLIB	cc370	bytes	length
IEFSD263	AOSB3	-	cc370	cards	length
IEDQHM2	AOS21	TELCMLIB	cc370	bytes	length
IDA121A4	AOSC5	-	cc370	bytes	length
IEHDIPLI	AOSU0	LINKLIB	cc370	cards	length
IEDAYS	AOS21	TELCMLIB	cc370	bytes	length
IEDQWB1	AOS21	LINKLIB	cc370	cards	length
IEAVTERM	AOSC5	-	cc370	bytes	length
IEDQAK	AOS21	TELCMLIB	cc370	bytes	length
IGC0008B	AOSU0	LPALIB	cc370	bytes	length
IGG020P1	AOSD0	LPALIB	cc370	cards	length
IRARMERR	AOSC5	-	cc370	bytes	length
ISDAAPR0	AOSD0	-	cc370	bytes	length
ISDAEQC1	AOSD0	-	cc370	bytes	mixed
IEBDRD	AOSU0	-	cc370	cards	length
BNGCMENU	AOS29	-	cc370	bytes	length
IEDQWI9	AOS21	LINKLIB	cc370	bytes	length
ISDADRC1	AOSD0	-	cc370	bytes	length
ISDAPAD0	AOSD0	-	cc370	bytes	length
IGCN410D	AOS21	LPALIB	cc370	bytes	mixed
IGCN510D	AOS21	LPALIB	cc370	bytes	mixed
IEDQW33	AOS21	LINKLIB	cc370	bytes	mixed
IGCFQ10D	AOS21	LPALIB	cc370	bytes	length
ILRFRR01	AOSC5	-	cc370	bytes	text
ILRMSG00	AOSC5	-	cc370	bytes	mixed
IGC0002I	AOSD0	LPALIB	cc370	cards	length
IEDAYC	AOS21	TELCMLIB	cc370	bytes	length
IEAVFXLD	AOSC5	-	cc370	bytes	length
IGG0290D	AOSD0	-	cc370	bytes	length
IEDQAS	AOS21	TELCMLIB	cc370	bytes	length
IGG019R4	AOS21	SVCLIB	cc370	bytes	length
IGCFL10D	AOS21	LPALIB	cc370	bytes	length
IGG019RC	AOS21	SVCLIB	cc370	cards	length
IEECVET1	AOSC5	-	cc370	bytes	length
ISDAEQC0	AOSD0	-	cc370	bytes	length
IFG0191Y	AOSA0	LPALIB	cc370	cards	length
IEDQNX	AOS21	LINKLIB	cc370	bytes	length
IEDQW25	AOS21	LINKLIB	cc370	bytes	length
IECIHIO	AOSC5	-	cc370	bytes	text
IGG019Q7	AOS21	SVCLIB	cc370	bytes	length
IEDQGT	AOS21	TELCMLIB	cc370	bytes	length
IKJEES11	-	-	cc370	cards	no-pair
ISDACSB0	AOSD0	-	cc370	bytes	length
IGC0I10D	AOS21	LPALIB	cc370	bytes	length
IEDQBQ	AOS21	TELCMLIB	cc370	bytes	mixed
IRARMSRV	AOSC5	-	cc370	cards	length
IGG01944	AOS21	LPALIB	cc370	cards	length
IEHDGETA	AOSU0	LINKLIB	cc370	cards	length
IGG0290A	AOSD0	LPALIB	cc370	bytes	length
IGG02036	AOS21	LPALIB	cc370	bytes	text
IGG01946	AOS21	LPALIB	cc370	cards	length
ISDADCK0	AOSD0	-	cc370	bytes	mixed
IEDAYH	AOS21	TELCMLIB	cc370	bytes	length
IGG01949	AOS21	LPALIB	cc370	bytes	length
IGE0004G	AOS21	LPALIB	cc370	bytes	length
IGG0325P	AOSD0	-	cc370	bytes	text
IKJEBEFI	-	CMDLIB	cc370	bytes	no-pair
IEDQGQ	AOS21	LINKLIB	cc370	bytes	length
IKJEBETA	-	CMDLIB	cc370	cards	no-pair
IEDPMD	AOS21	LINKLIB	cc370	bytes	mixed
IFCE0125	AOSCD	LINKLIB	cc370	cards	unpaired
IGCMB10D	AOS21	LPALIB	cc370	cards	length
IGE0004H	AOS21	LPALIB	cc370	bytes	length
IGCZ110D	AOS21	LPALIB	cc370	cards	length
IGG08104	AOSD0	LPALIB	cc370	bytes	length
IGG0290E	AOSD0	-	cc370	cards	length
IGG019Q6	AOS21	SVCLIB	cc370	bytes	length
IEAV2540	AOSC5	-	cc370	bytes	length
IGG0553C	AOSD0	-	cc370	bytes	length
ISDAFSC2	AOSD0	-	cc370	bytes	length
IGG032I7	AOSD0	-	cc370	bytes	length
IGG019RO	AOS21	SVCLIB	cc370	bytes	length
IGG0325R	AOSD0	-	cc370	bytes	text
IEECVETG	AOSC5	-	cc370	bytes	length
IGC0J10D	AOS21	LPALIB	cc370	bytes	length
IGG032I1	AOSD0	-	cc370	bytes	length
IEDQA5	AOS21	TELCMLIB	cc370	bytes	length
IGG019R6	AOS21	SVCLIB	cc370	bytes	length
IGG08101	AOSD0	LPALIB	cc370	bytes	length
IEDQWP	AOS21	-	cc370	bytes	mixed
IGG08102	AOSD0	LPALIB	cc370	bytes	length
IGCDC10D	AOS21	LPALIB	cc370	bytes	length
IEDQNF	AOS21	LINKLIB	cc370	bytes	length
IGC0107H	AOSD0	-	cc370	bytes	length
IGG032I5	AOSD0	-	cc370	bytes	length
IGG01931	AOS21	LPALIB	cc370	bytes	length
IGG020D1	AOSD0	-	cc370	bytes	length
IGG0290C	AOSD0	-	cc370	bytes	length
IGG0325A	AOSD0	LPALIB	cc370	bytes	length
IGG0325H	AOSD0	LPALIB	cc370	bytes	length
IGG032I3	AOSD0	-	cc370	bytes	length
IGG0553A	AOSD0	LPALIB	cc370	cards	length
IEDQWP1	AOS21	LINKLIB	cc370	bytes	length
IGG0325G	AOSD0	-	cc370	bytes	length
IGG0553D	AOSD0	-	cc370	bytes	length
IGG032I6	AOSD0	-	cc370	bytes	length
IGCM910D	AOS21	LPALIB	cc370	bytes	length
IGCM810D	AOS21	LPALIB	cc370	bytes	length
IGG032I2	AOSD0	-	cc370	bytes	text
IGG0290B	AOSD0	-	cc370	bytes	text
IGG032I4	AOSD0	-	cc370	bytes	mixed
IGCSW10D	AOS21	LPALIB	cc370	cards	length
IEAVTPER	AOSC5	-	cc370	bytes	mixed
IECVHDET	AOSC5	-	cc370	bytes	length
IGG01942	AOS21	LPALIB	cc370	bytes	length
IGG0325D	AOSD0	-	cc370	bytes	length
IGG01933	AOS21	LPALIB	cc370	cards	length
IGG01937	AOS21	LPALIB	cc370	bytes	length
IGG01948	AOS21	LPALIB	cc370	bytes	length
IGG0198D	AOS21	LPALIB	cc370	bytes	length
IGG0198E	AOS21	LPALIB	cc370	bytes	length
IGG0325B	AOSD0	-	cc370	bytes	length
IGG0325E	AOSD0	-	cc370	bytes	length
IEBBAM	AOSU0	-	cc370	cards	length
IGG02041	AOS21	LPALIB	cc370	bytes	length
IGG0325T	AOSD0	-	cc370	bytes	length
IGG0553E	AOSD0	-	cc370	bytes	length
IGG0299A	AOSD0	-	cc370	bytes	length
IEDQWP2	AOS21	LINKLIB	cc370	bytes	length
IGG019RF	AOS21	SVCLIB	cc370	cards	length
IGG0325Z	AOSD0	LPALIB	cc370	bytes	length
IGG019Q1	AOS21	SVCLIB	cc370	bytes	length
IGG019TI	AOS21	SVCLIB	cc370	bytes	length
IGG032I8	AOSD0	-	cc370	bytes	length
ISDADCS0	AOSD0	-	cc370	bytes	length
IGG019QE	AOS21	SVCLIB	cc370	bytes	length
ISDAPRT0	AOSD0	-	cc370	bytes	mixed
IGG08103	AOSD0	LPALIB	cc370	bytes	length
IGG019R2	AOS21	SVCLIB	cc370	bytes	mixed
IGG0553B	AOSD0	-	cc370	bytes	length
IGCM610D	AOS21	LPALIB	cc370	bytes	length
IKJEBEDO	-	CMDLIB	cc370	bytes	no-pair
IGG020P2	AOSD0	-	cc370	bytes	length
IEDQBL	AOS21	TELCMLIB	cc370	bytes	length
ISDALOG0	AOSD0	-	cc370	bytes	length
ISDAGEN0	AOSD0	-	cc370	bytes	mixed
IEBVTT	AOSU0	-	cc370	cards	length
IKJEBEUP	-	CMDLIB	cc370	bytes	no-pair
IFCEWOD1	AOSCD	LINKLIB	cc370	cards	length
IGFCCHED	AOSCE	-	cc370	bytes	text
IGG019TE	AOS21	SVCLIB	cc370	bytes	length
IGG019R5	AOS21	SVCLIB	cc370	bytes	text
IKJEGATD	-	CMDLIB	cc370	bytes	no-pair
IGG020P3	AOSD0	-	cc370	bytes	length
IEDQHG	AOS21	TELCMLIB	cc370	bytes	text
IFCE1017	AOSCD	-	cc370	cards	unpaired
IEDQAU	AOS21	TELCMLIB	cc370	bytes	mixed
IFCE1018	AOSCD	-	cc370	cards	unpaired
IFCEWIN2	AOSCD	LINKLIB	cc370	cards	length
IEDQA4	AOS21	TELCMLIB	cc370	bytes	length
IHJACP02	AOSC6	-	cc370	cards	length
IGG0325U	AOSD0	-	cc370	bytes	text
ISDADAT0	AOSD0	-	cc370	bytes	mixed
IEAVNPS5	AOSC5	-	cc370	bytes	text
IEAVVCTR	AOSC5	-	cc370	bytes	mixed
IFCS5424	AOSCD	-	cc370	cards	unpaired
IEDAYE	AOS21	TELCMLIB	cc370	bytes	length
IFCENF11	AOSCD	LINKLIB	cc370	cards	length
ISDATYPE	AOSD0	-	cc370	bytes	mixed
IECVXSKS	AOSC5	-	cc370	bytes	length
IFCENFP1	AOSCD	LINKLIB	cc370	cards	length
ISDAHIST	AOSD0	-	cc370	bytes	length
IGG0325V	AOSD0	-	cc370	bytes	mixed
ISDADRC0	AOSD0	-	cc370	bytes	length
IEDQBV	AOS21	TELCMLIB	cc370	cards	length
IGG0553G	AOSD0	-	cc370	bytes	length
IEAVINV	AOSC5	-	cc370	bytes	text
IGG0325K	AOSD0	-	cc370	bytes	length
IGG0325W	AOSD0	-	cc370	bytes	length
IFCE0115	AOSCD	LINKLIB	cc370	cards	unpaired
IFCETRN6	AOSCD	LINKLIB	cc370	cards	unpaired
IGG0325Q	AOSD0	-	cc370	bytes	mixed
IGG0CLF2	AOSD0	-	cc370	bytes	text
IKJEBEUT	-	CMDLIB	cc370	bytes	no-pair
IEAVSWPC	AOSC5	-	cc370	bytes	length
IECVXVRS	AOSC5	-	cc370	bytes	length
IGG0325C	AOSD0	-	cc370	bytes	length
IEDQAX	AOS21	TELCMLIB	cc370	bytes	length
IGC0003B	AOSD0	LPALIB	cc370	cards	length
IEAVVCRA	AOSC5	-	cc370	bytes	text
IKJEBEMR	-	CMDLIB	cc370	bytes	no-pair
IECVXDRS	AOSC5	-	cc370	bytes	length
IGG020D0	AOSD0	-	cc370	bytes	text
IFCENFM3	AOSCD	LINKLIB	cc370	cards	length
IFCENFP2	AOSCD	LINKLIB	cc370	cards	length
IFCENFH3	AOSCD	LINKLIB	cc370	cards	length
IECVXDAS	AOSC5	-	cc370	bytes	length
IEDQNM	AOS21	LINKLIB	cc370	bytes	length
IEDQFE20	AOS21	LINKLIB	cc370	cards	length
IGG0553F	AOSD0	LPALIB	cc370	cards	length
IGE0404G	AOS21	LPALIB	cc370	bytes	length
IFCE5424	AOSCD	-	cc370	cards	unpaired
IGG0940H	AOST3	-	cc370	bytes	length
IFCET040	AOSCD	LINKLIB	cc370	cards	unpaired
IFNX5L	AOS03	-	cc370	bytes	length
IHEGSP03	AOS07	-	cc370	bytes	length
IECVMAP	AOSC5	-	cc370	bytes	text
IFCS1017	AOSCD	-	cc370	bytes	unpaired
IFCS1018	AOSCD	-	cc370	bytes	unpaired
IFCEFBA4	AOSCD	LINKLIB	cc370	cards	length
IFCEFBA5	AOSCD	LINKLIB	cc370	cards	length
IFCECUT0	AOSCD	LINKLIB	cc370	cards	length
IGG019RL	AOS21	SVCLIB	cc370	bytes	length
IFCSI115	AOSCD	LINKLIB	cc370	bytes	unpaired
IHCGSP03	AOS07	-	cc370	bytes	length
IHDGSP03	AOS07	-	cc370	bytes	length
IFCS0115	AOSCD	LINKLIB	cc370	bytes	unpaired
IFCS33XX	AOSCD	LINKLIB	cc370	bytes	length
IEDQBE	AOS21	TELCMLIB	cc370	bytes	length
IFCE3401	AOSCD	-	cc370	cards	unpaired
IEDQAV	AOS21	TELCMLIB	cc370	bytes	length
IECVXT2S	AOSC5	-	cc370	bytes	length
IFCEARG1	AOSCD	LINKLIB	cc370	cards	length
IFCEARG2	AOSCD	LINKLIB	cc370	cards	length
IFCEARG3	AOSCD	LINKLIB	cc370	cards	length
IFCEARG4	AOSCD	LINKLIB	cc370	cards	length
IFCEARG5	AOSCD	LINKLIB	cc370	cards	length
IFCEARG6	AOSCD	LINKLIB	cc370	cards	length
IECVXVRT	AOSC5	-	cc370	bytes	length
IECVXDRT	AOSC5	-	cc370	bytes	length
IFCEARG7	AOSCD	LINKLIB	cc370	cards	length
IFCETRN7	AOSCD	LINKLIB	cc370	bytes	unpaired
IECVXURT	AOSC5	-	cc370	bytes	length
IECVXVRU	AOSC5	-	cc370	bytes	length
IECVXMGN	AOSC5	-	cc370	bytes	length
IEAVNP01	AOSC5	NUCLEUS	cc370	bytes	text
IEDAYZ	AOS21	TELCMLIB	cc370	bytes	length
IEDCSA	AOS21	-	cc370	cards	length
IEDQEC	AOS21	LINKLIB	cc370	bytes	length
IEDQES	AOS21	LINKLIB	cc370	bytes	length
IEDQEW	AOS21	LINKLIB	cc370	bytes	length
IEDQHK	AOS21	TELCMLIB	cc370	bytes	length
IEDQWC1	AOS21	LINKLIB	cc370	bytes	mixed
IEDQWE2	AOS21	LINKLIB	cc370	bytes	length
IEDQWH	AOS21	LINKLIB	cc370	bytes	mixed
IEDQWJ	AOS21	LINKLIB	cc370	bytes	mixed
IEDQWN	AOS21	-	cc370	cards	length
IEHDASDS	AOSU0	LINKLIB	cc370	bytes	text
IEHDDOIO	AOSU0	-	cc370	bytes	length
IEHDINIT	AOSU0	-	cc370	bytes	length
IEHDRVID	AOSU0	-	cc370	bytes	text
IEHDVTOC	AOSU0	LINKLIB	cc370	bytes	length
IFFAJA02	AOS07	-	cc370	bytes	text
IFOX0A	AOS03	-	cc370	bytes	length
IKJCT467	AOST4	LINKLIB	cc370	bytes	length
IKJEGMNL	-	-	cc370	cards	no-pair
IFCED155	AOSCD	LINKLIB	cc370	no-as370-deck	no-pair
IFCEG155	AOSCD	LINKLIB	cc370	no-as370-deck	no-pair
IFCEL155	AOSCD	LINKLIB	cc370	no-as370-deck	no-pair
IFCEM155	AOSCD	LINKLIB	cc370	no-as370-deck	no-pair
IFCEXXXH	AOSCD	LINKLIB	cc370	no-as370-deck	no-pair
IFCSGUS1	AOSCD	LINKLIB	cc370	no-as370-deck	no-pair
IFCSXXXF	AOSCD	LINKLIB	cc370	no-as370-deck	no-pair
IFCSXXXH	AOSCD	LINKLIB	cc370	no-as370-deck	no-pair
HEWLDIOC	AOS05	-	cc370	no-as370-deck	no-pair
IFNX1A	AOS03	-	cc370	no-as370-deck	no-pair
BNGIEXIT	AOS29	-	source	identical	length
IEAVAMSI	AOSC5	-	source	identical	text
IEAVCSEG	AOSC5	-	source	identical	text
IEAVDLAS	AOSC5	-	source	identical	text
IEAVERES	AOSC5	-	source	identical	text
IEAVFRCL	AOSC5	-	source	identical	text
IEAVNP07	AOSC5	NUCLEUS	source	identical	text
IEAVNP09	AOSC5	NUCLEUS	source	identical	text
IEAVNP16	AOSC5	NUCLEUS	source	identical	text
IEAVNP17	AOSC5	NUCLEUS	source	identical	text
IEAVNP1B	AOSC5	NUCLEUS	source	identical	length
IEAVNPA5	AOSC5	-	source	identical	text
IEAVNPA6	AOSC5	NUCLEUS	source	identical	length
IEAVNPB5	AOSC5	-	source	identical	text
IEAVNPM2	AOSC5	-	source	identical	mixed
IEAVOUT	AOSC5	-	source	identical	mixed
IEAVPIOI	AOSC5	-	source	identical	text
IEAVPIOP	AOSC5	-	source	identical	mixed
IEAVPIX	AOSC5	-	source	identical	text
IEAVRELS	AOSC5	-	source	identical	mixed
IEAVRFR	AOSC5	-	source	identical	mixed
IEAVTABI	AOSC5	-	source	identical	text
IEAVTRTH	AOSC5	-	source	identical	length
IEAVTRTS	AOSC5	-	source	identical	text
IECVDDT1	AOSC5	-	source	identical	length
IECVTCCW	AOSC5	-	source	identical	text
IECVXDAT	AOSC5	-	source	identical	length
IECVXDAU	AOSC5	-	source	identical	length
IECVXGRT	AOSC5	-	source	identical	length
IECVXPRE	AOSC5	-	source	identical	length
IECVXSKE	AOSC5	-	source	identical	length
IECVXSKN	AOSC5	-	source	identical	length
IECVXT3S	AOSC5	-	source	identical	length
IECVXTAT	AOSC5	-	source	identical	length
IECVXTPT	AOSC5	-	source	identical	length
IECVXURS	AOSC5	-	source	identical	length
IED1303D	AOS21	-	source	identical	length
IEDAYA	AOS21	TELCMLIB	source	identical	length
IEDAYAB	AOS21	TELCMLIB	source	identical	length
IEDAYBX	AOS21	TELCMLIB	source	identical	length
IEDAYD	AOS21	TELCMLIB	source	identical	length
IEDAYF	AOS21	TELCMLIB	source	identical	length
IEDAYI	AOS21	TELCMLIB	source	identical	length
IEDAYL	AOS21	TELCMLIB	source	identical	length
IEDAYP	AOS21	TELCMLIB	source	identical	length
IEDAYT	AOS21	TELCMLIB	source	identical	text
IEDAYV	AOS21	TELCMLIB	source	identical	length
IEDAYW	AOS21	TELCMLIB	source	identical	length
IEDAYX	AOS21	TELCMLIB	source	identical	length
IEDAYY	AOS21	TELCMLIB	source	identical	length
IEDAYZZ	AOS21	LINKLIB	source	identical	text
IEDBSM	AOS21	LINKLIB	source	identical	length
IEDCMIN	AOS21	TELCMLIB	source	identical	length
IEDCMOUT	AOS21	TELCMLIB	source	identical	text
IEDCSCIN	AOS21	TELCMLIB	source	identical	mixed
IEDDFOUT	AOS21	TELCMLIB	source	identical	length
IEDDVAS	AOS21	TELCMLIB	source	identical	length
IEDIAA	AOS21	LINKLIB	source	identical	length
IEDIAB	AOS21	LINKLIB	source	identical	length
IEDIAH	AOS21	TELCMLIB	source	identical	length
IEDIAM	AOS21	TELCMLIB	source	identical	length
IEDIAP	AOS21	-	source	identical	length
IEDIAQ	AOS21	TELCMLIB	source	identical	length
IEDIAR	AOS21	TELCMLIB	source	identical	length
IEDIAS	AOS21	TELCMLIB	source	identical	mixed
IEDKHISC	AOS21	LINKLIB	source	identical	length
IEDMVBFR	AOS21	TELCMLIB	source	identical	length
IEDNCU	AOS21	TELCMLIB	source	identical	mixed
IEDNCU2	AOS21	TELCMLIB	source	identical	length
IEDNGD	AOS21	TELCMLIB	source	identical	length
IEDNID	AOS21	TELCMLIB	source	identical	length
IEDNKA	AOS21	TELCMLIB	source	identical	length
IEDNLT	AOS21	LINKLIB	source	identical	length
IEDNTR	AOS21	LINKLIB	source	identical	length
IEDOPTN	AOS21	TELCMLIB	source	identical	length
IEDPCIN	AOS21	TELCMLIB	source	identical	length
IEDPCOUT	AOS21	TELCMLIB	source	identical	length
IEDQA0	AOS21	TELCMLIB	source	identical	length
IEDQA1	AOS21	TELCMLIB	source	identical	length
IEDQA2	AOS21	TELCMLIB	source	identical	length
IEDQA3	AOS21	TELCMLIB	source	identical	length
IEDQA6	AOS21	TELCMLIB	source	identical	length
IEDQA8	AOS21	TELCMLIB	source	identical	length
IEDQAB	AOS21	TELCMLIB	source	identical	length
IEDQAC	AOS21	TELCMLIB	source	identical	length
IEDQAD	AOS21	TELCMLIB	source	identical	length
IEDQAE	AOS21	TELCMLIB	source	identical	length
IEDQAF	AOS21	TELCMLIB	source	identical	length
IEDQAG	AOS21	TELCMLIB	source	identical	length
IEDQAH	AOS21	TELCMLIB	source	identical	length
IEDQAI	AOS21	TELCMLIB	source	identical	length
IEDQAJ	AOS21	TELCMLIB	source	identical	length
IEDQAL	AOS21	TELCMLIB	source	identical	length
IEDQAM	AOS21	TELCMLIB	source	identical	length
IEDQAN	AOS21	TELCMLIB	source	identical	length
IEDQAO	AOS21	TELCMLIB	source	identical	length
IEDQAP	AOS21	TELCMLIB	source	identical	length
IEDQAQ	AOS21	TELCMLIB	source	identical	length
IEDQAR	AOS21	TELCMLIB	source	identical	length
IEDQAT	AOS21	TELCMLIB	source	identical	length
IEDQATTN	AOS21	-	source	identical	length
IEDQAW	AOS21	TELCMLIB	source	identical	length
IEDQAY	AOS21	TELCMLIB	source	identical	length
IEDQAZ	AOS21	TELCMLIB	source	identical	length
IEDQB1	AOS21	TELCMLIB	source	identical	length
IEDQB2	AOS21	TELCMLIB	source	identical	text
IEDQB3	AOS21	TELCMLIB	source	identical	length
IEDQB4	AOS21	TELCMLIB	source	identical	length
IEDQB7	AOS21	TELCMLIB	source	identical	length
IEDQBD	AOS21	TELCMLIB	source	identical	length
IEDQBF	AOS21	TELCMLIB	source	identical	length
IEDQBG	AOS21	TELCMLIB	source	identical	length
IEDQBH	AOS21	TELCMLIB	source	identical	length
IEDQBI	AOS21	TELCMLIB	source	identical	length
IEDQBJ	AOS21	TELCMLIB	source	identical	length
IEDQBM	AOS21	TELCMLIB	source	identical	length
IEDQBN	AOS21	TELCMLIB	source	identical	length
IEDQBO	AOS21	TELCMLIB	source	identical	length
IEDQBP	AOS21	TELCMLIB	source	identical	length
IEDQBR	AOS21	TELCMLIB	source	identical	length
IEDQBS	AOS21	TELCMLIB	source	identical	length
IEDQBT	AOS21	TELCMLIB	source	identical	length
IEDQBU	AOS21	TELCMLIB	source	identical	length
IEDQBUFF	AOS21	TELCMLIB	source	identical	length
IEDQBX	AOS21	TELCMLIB	source	identical	length
IEDQBY	AOS21	TELCMLIB	source	identical	length
IEDQBZ	AOS21	TELCMLIB	source	identical	length
IEDQDA	AOS21	LINKLIB	source	identical	length
IEDQE1	AOS21	LINKLIB	source	identical	length
IEDQE2	AOS21	LINKLIB	source	identical	length
IEDQE3	AOS21	LINKLIB	source	identical	text
IEDQE4	AOS21	LINKLIB	source	identical	text
IEDQE6	AOS21	LINKLIB	source	identical	length
IEDQE8	AOS21	LINKLIB	source	identical	length
IEDQEB	AOS21	-	source	identical	length
IEDQET	AOS21	LINKLIB	source	identical	text
IEDQFE10	AOS21	LINKLIB	source	identical	length
IEDQFE30	AOS21	LINKLIB	source	identical	length
IEDQFM	AOS21	TELCMLIB	source	identical	length
IEDQFSC	AOS21	TELCMLIB	source	identical	length
IEDQGH	AOS21	TELCMLIB	source	identical	text
IEDQGP	AOS21	TELCMLIB	source	identical	length
IEDQGR	AOS21	TELCMLIB	source	identical	mixed
IEDQHI	AOS21	LINKLIB	source	identical	length
IEDQIN	AOS21	TELCMLIB	source	identical	length
IEDQKB	AOS21	TELCMLIB	source	identical	length
IEDQKD	AOS21	TELCMLIB	source	identical	length
IEDQKE	AOS21	TELCMLIB	source	identical	length
IEDQNA2	AOS21	LINKLIB	source	identical	mixed
IEDQNB	AOS21	LINKLIB	source	identical	mixed
IEDQNJ	AOS21	LINKLIB	source	identical	length
IEDQNK	AOS21	LINKLIB	source	identical	length
IEDQNO	AOS21	LINKLIB	source	identical	length
IEDQNQ	AOS21	LINKLIB	source	identical	length
IEDQNS	AOS21	LINKLIB	source	identical	length
IEDQNT	AOS21	LINKLIB	source	identical	length
IEDQNU	AOS21	LINKLIB	source	identical	mixed
IEDQNV	AOS21	LINKLIB	source	identical	length
IEDQNW	AOS21	LINKLIB	source	identical	mixed
IEDQOT01	AOS21	LPALIB	source	identical	length
IEDQRS	AOS21	TELCMLIB	source	identical	length
IEDQSBT	AOS21	TELCMLIB	source	identical	length
IEDQTL	AOS21	TELCMLIB	source	identical	length
IEDQUI	AOS21	TELCMLIB	source	identical	length
IEDQW42	AOS21	LINKLIB	source	identical	length
IEDQW44	AOS21	LINKLIB	source	identical	length
IEDQW47	AOS21	LINKLIB	source	identical	length
IEDQWA	AOS21	LINKLIB	source	identical	length
IEDQWAA	AOS21	LINKLIB	source	identical	length
IEDQWAB	AOS21	LINKLIB	source	identical	length
IEDQWAC	AOS21	LINKLIB	source	identical	text
IEDQWAJ	AOS21	LINKLIB	source	identical	length
IEDQWB2	AOS21	LINKLIB	source	identical	length
IEDQWEC	AOS21	LINKLIB	source	identical	length
IEDQWF	AOS21	LINKLIB	source	identical	length
IEDQWI	AOS21	LINKLIB	source	identical	length
IEDQWI5U	AOS21	LINKLIB	source	identical	length
IEDQWI7	AOS21	LINKLIB	source	identical	length
IEDQWI8	AOS21	LINKLIB	source	identical	length
IEDQWID	AOS21	LINKLIB	source	identical	mixed
IEDQWK	AOS21	LINKLIB	source	identical	length
IEDQWL	AOS21	LINKLIB	source	identical	length
IEDQWL1	AOS21	LINKLIB	source	identical	length
IEDQWL2	AOS21	LINKLIB	source	identical	length
IEDQWL3	AOS21	LINKLIB	source	identical	length
IEDQWM2	AOS21	LINKLIB	source	identical	length
IEDQWQ	AOS21	-	source	identical	length
IEDQWR	AOS21	-	source	identical	length
IEDQWS	AOS21	-	source	identical	length
IEDQWX	AOS21	-	source	identical	length
IEDQWY	AOS21	-	source	identical	text
IEDRQIN	AOS21	TELCMLIB	source	identical	mixed
IEDRSPIN	AOS21	TELCMLIB	source	identical	length
IEDSAC	AOS21	TELCMLIB	source	identical	length
IEDSAI	AOS21	TELCMLIB	source	identical	length
IEDSAO	AOS21	TELCMLIB	source	identical	length
IEDSARI	AOS21	TELCMLIB	source	identical	length
IEDSCLU	AOS21	TELCMLIB	source	identical	length
IEDSCPDS	AOS21	TELCMLIB	source	identical	length
IEDSCPRP	AOS21	TELCMLIB	source	identical	mixed
IEDSCPRQ	AOS21	TELCMLIB	source	identical	length
IEDSCPSS	AOS21	TELCMLIB	source	identical	length
IEDSNS	AOS21	TELCMLIB	source	identical	length
IEDUNBND	AOS21	TELCMLIB	source	identical	length
IEDXFMI	AOS21	TELCMLIB	source	identical	length
IEDXFMO	AOS21	TELCMLIB	source	identical	mixed
IEDXTREQ	AOS21	TELCMLIB	source	identical	length
IEECVETC	AOSC5	-	source	identical	length
IEEVSTOP	AOSC5	-	source	identical	text
IEHDRCVR	AOSU0	LINKLIB	source	identical	length
IFCEDSUM	AOSCD	LINKLIB	source	identical	length
IFCEEDIT	AOSCD	-	source	identical	length
IFCFILT1	AOSCD	LINKLIB	source	identical	length
IFFAAA01	AOS07	-	source	identical	length
IFFAAA02	AOS07	-	source	identical	text
IFFAAA03	AOS07	-	source	identical	text
IFFAAA04	AOS07	-	source	identical	text
IFFAAA05	AOS07	-	source	identical	text
IFFAAA06	AOS07	-	source	identical	text
IFFACA00	AOS07	-	source	identical	text
IFFACA01	AOS07	-	source	identical	text
IFFACA02	AOS07	-	source	identical	text
IFFACA03	AOS07	-	source	identical	text
IFFACA04	AOS07	-	source	identical	text
IFFACA05	AOS07	-	source	identical	text
IFFACA06	AOS07	-	source	identical	text
IFFACA07	AOS07	-	source	identical	mixed
IFFACA08	AOS07	-	source	identical	length
IFFACA13	AOS07	-	source	identical	text
IFFACA50	AOS07	-	source	identical	text
IFFADA01	AOS07	-	source	identical	length
IFFADA02	AOS07	-	source	identical	text
IFFADA03	AOS07	-	source	identical	mixed
IFFAEA01	AOS07	-	source	identical	text
IFFAEA02	AOS07	-	source	identical	text
IFFAEA03	AOS07	-	source	identical	text
IFFAEA04	AOS07	-	source	identical	length
IFFAEA06	AOS07	-	source	identical	text
IFFAEA07	AOS07	-	source	identical	length
IFFAFA01	AOS07	-	source	identical	text
IFFAFA02	AOS07	-	source	identical	text
IFFAFA03	AOS07	-	source	identical	length
IFFAFA04	AOS07	-	source	identical	text
IFFAFA05	AOS07	-	source	identical	text
IFFAFA06	AOS07	-	source	identical	text
IFFAFA07	AOS07	-	source	identical	text
IFFAFA08	AOS07	-	source	identical	length
IFFAFA09	AOS07	-	source	identical	length
IFFAFA11	AOS07	-	source	identical	length
IFFAFA12	AOS07	-	source	identical	mixed
IFFAFA13	AOS07	-	source	identical	text
IFFAFA14	AOS07	-	source	identical	mixed
IFFAFA15	AOS07	-	source	identical	length
IFFAFA19	AOS07	-	source	identical	text
IFFAGA01	AOS07	-	source	identical	length
IFFAGA02	AOS07	-	source	identical	text
IFFAGA03	AOS07	-	source	identical	text
IFFAGA04	AOS07	-	source	identical	text
IFFAGA05	AOS07	-	source	identical	text
IFFAGA06	AOS07	-	source	identical	mixed
IFFAGA07	AOS07	-	source	identical	length
IFFAGA08	AOS07	-	source	identical	text
IFFAHA01	AOS07	-	source	identical	text
IFFAHA02	AOS07	-	source	identical	mixed
IFFAHA03	AOS07	-	source	identical	length
IFFAHA04	AOS07	-	source	identical	text
IFFAHA05	AOS07	-	source	identical	length
IFFAHA06	AOS07	-	source	identical	text
IFFAHA07	AOS07	-	source	identical	text
IFFAHA13	AOS07	-	source	identical	length
IFFAJA04	AOS07	-	source	identical	length
IGC0009A	-	LPALIB	source	identical	no-pair
IGC0010D	AOS21	LPALIB	source	identical	length
IGC0108B	AOSU0	LPALIB	source	identical	text
IGC0110D	AOS21	LPALIB	source	identical	length
IGC0208B	AOSU0	LPALIB	source	identical	text
IGC0210D	AOS21	LPALIB	source	identical	length
IGC0310D	AOS21	LPALIB	source	identical	length
IGC0410D	AOS21	LPALIB	source	identical	length
IGC0510D	AOS21	LPALIB	source	identical	length
IGC0610D	AOS21	LPALIB	source	identical	length
IGC0710D	AOS21	LPALIB	source	identical	length
IGC0810D	AOS21	LPALIB	source	identical	length
IGC0910D	AOS21	LPALIB	source	identical	length
IGC0B10D	AOS21	LPALIB	source	identical	length
IGC0C10D	AOS21	LPALIB	source	identical	length
IGC0D10D	AOS21	LPALIB	source	identical	length
IGC0E10D	AOS21	LPALIB	source	identical	length
IGC0H10D	AOS21	LPALIB	source	identical	length
IGC0J05B	AOS21	-	source	identical	text
IGC0K10D	AOS21	LPALIB	source	identical	length
IGC0L10D	AOS21	LPALIB	source	identical	length
IGC0N10D	AOS21	LPALIB	source	identical	length
IGCA010D	AOS21	LPALIB	source	identical	length
IGCA110D	AOS21	LPALIB	source	identical	length
IGCA210D	AOS21	LPALIB	source	identical	length
IGCA310D	AOS21	LPALIB	source	identical	length
IGCA410D	AOS21	LPALIB	source	identical	length
IGCA510D	AOS21	LPALIB	source	identical	length
IGCA610D	AOS21	LPALIB	source	identical	length
IGCA710D	AOS21	LPALIB	source	identical	length
IGCA810D	AOS21	LPALIB	source	identical	length
IGCA910D	AOS21	LPALIB	source	identical	length
IGCAA10D	AOS21	LPALIB	source	identical	length
IGCAB10D	AOS21	LPALIB	source	identical	length
IGCAC10D	AOS21	LPALIB	source	identical	length
IGCAD10D	AOS21	LPALIB	source	identical	length
IGCAE10D	AOS21	LPALIB	source	identical	length
IGCAF10D	AOS21	LPALIB	source	identical	mixed
IGCAG10D	AOS21	LPALIB	source	identical	length
IGCAL10D	AOS21	LPALIB	source	identical	length
IGCAT10D	AOS21	LPALIB	source	identical	length
IGCC010D	AOS21	LPALIB	source	identical	mixed
IGCC110D	AOS21	LPALIB	source	identical	length
IGCD010D	AOS21	LPALIB	source	identical	length
IGCD110D	AOS21	LPALIB	source	identical	length
IGCD210D	AOS21	LPALIB	source	identical	length
IGCD310D	AOS21	LPALIB	source	identical	length
IGCD410D	AOS21	LPALIB	source	identical	length
IGCD510D	AOS21	LPALIB	source	identical	length
IGCD610D	AOS21	LPALIB	source	identical	length
IGCD710D	AOS21	LPALIB	source	identical	length
IGCD810D	AOS21	LPALIB	source	identical	length
IGCD910D	AOS21	LPALIB	source	identical	length
IGCDB10D	AOS21	LPALIB	source	identical	length
IGCDD10D	AOS21	LPALIB	source	identical	length
IGCDL10D	AOS21	LPALIB	source	identical	length
IGCFA10D	AOS21	LPALIB	source	identical	length
IGCFB10D	AOS21	LPALIB	source	identical	length
IGCFC10D	AOS21	LPALIB	source	identical	length
IGCFD10D	AOS21	LINKLIB	source	identical	mixed
IGCFE10D	AOS21	LPALIB	source	identical	length
IGCFF10D	AOS21	LPALIB	source	identical	length
IGCFG10D	AOS21	LPALIB	source	identical	length
IGCFH10D	AOS21	LPALIB	source	identical	length
IGCFI10D	AOS21	LPALIB	source	identical	length
IGCFJ10D	AOS21	LPALIB	source	identical	length
IGCFK10D	AOS21	LPALIB	source	identical	length
IGCFP10D	AOS21	LPALIB	source	identical	length
IGCH010D	AOS21	LPALIB	source	identical	length
IGCI010D	AOS21	LPALIB	source	identical	length
IGCI110D	AOS21	LPALIB	source	identical	length
IGCI210D	AOS21	LPALIB	source	identical	length
IGCI310D	AOS21	LPALIB	source	identical	length
IGCM010D	AOS21	LPALIB	source	identical	mixed
IGCM110D	AOS21	LPALIB	source	identical	length
IGCM210D	AOS21	LPALIB	source	identical	length
IGCM310D	AOS21	LPALIB	source	identical	length
IGCM410D	AOS21	LPALIB	source	identical	mixed
IGCM510D	AOS21	LPALIB	source	identical	length
IGCM710D	AOS21	LPALIB	source	identical	mixed
IGCMA10D	AOS21	LPALIB	source	identical	length
IGCMD10D	AOS21	LPALIB	source	identical	mixed
IGCME10D	AOS21	LPALIB	source	identical	length
IGCMF10D	AOS21	LPALIB	source	identical	length
IGCMG10D	AOS21	LPALIB	source	identical	length
IGCMH10D	AOS21	LPALIB	source	identical	length
IGCMI10D	AOS21	LPALIB	source	identical	length
IGCMK10D	AOS21	LPALIB	source	identical	length
IGCML10D	AOS21	LPALIB	source	identical	length
IGCMM10D	AOS21	LPALIB	source	identical	length
IGCMN10D	AOS21	LPALIB	source	identical	length
IGCMP10D	AOS21	LPALIB	source	identical	length
IGCMR10D	AOS21	LPALIB	source	identical	length
IGCMS10D	AOS21	LPALIB	source	identical	length
IGCMT10D	AOS21	LPALIB	source	identical	mixed
IGCMU10D	AOS21	LPALIB	source	identical	length
IGCMV10D	AOS21	LPALIB	source	identical	length
IGCMY10D	AOS21	LPALIB	source	identical	length
IGCMZ10D	AOS21	LPALIB	source	identical	length
IGCR010D	AOS21	LPALIB	source	identical	length
IGCT010D	AOS21	LPALIB	source	identical	length
IGCT110D	AOS21	LPALIB	source	identical	length
IGCT210D	AOS21	LPALIB	source	identical	length
IGCV010D	AOS21	LPALIB	source	identical	length
IGCV110D	AOS21	LPALIB	source	identical	length
IGCV210D	AOS21	LPALIB	source	identical	length
IGCV310D	AOS21	LPALIB	source	identical	length
IGCV410D	AOS21	LPALIB	source	identical	length
IGCV510D	AOS21	LPALIB	source	identical	mixed
IGCV610D	AOS21	LPALIB	source	identical	mixed
IGCV710D	AOS21	LPALIB	source	identical	length
IGCV810D	AOS21	LPALIB	source	identical	length
IGCV910D	AOS21	LPALIB	source	identical	length
IGCVA10D	AOS21	LPALIB	source	identical	length
IGCVE10D	AOS21	LPALIB	source	identical	length
IGCVF10D	AOS21	LPALIB	source	identical	length
IGCVG10D	AOS21	LPALIB	source	identical	length
IGCVI10D	AOS21	LPALIB	source	identical	length
IGCZ010D	AOS21	LPALIB	source	identical	length
IGE0004I	AOS21	LPALIB	source	identical	length
IGE0104G	AOS21	LPALIB	source	identical	length
IGE0204G	AOS21	LPALIB	source	identical	length
IGE0204H	AOS21	LPALIB	source	identical	length
IGE0304G	AOS21	LPALIB	source	identical	length
IGE0504H	AOS21	LPALIB	source	identical	length
IGE0604G	AOS21	LPALIB	source	identical	length
IGE0804G	AOS21	LPALIB	source	identical	length
IGE0904G	AOS21	LPALIB	source	identical	length
IGE0904H	AOS21	LPALIB	source	identical	length
IGE0904I	AOS21	LPALIB	source	identical	length
IGFPBUCR	AOSCE	-	source	identical	text
IGFPINIT	AOSC5	-	source	identical	text
IGFRINIT	AOSC5	-	source	identical	length
IGG01930	AOS21	LPALIB	source	identical	length
IGG01934	AOS21	LPALIB	source	identical	length
IGG01935	AOS21	LPALIB	source	identical	length
IGG01936	AOS21	LPALIB	source	identical	length
IGG01938	AOS21	LPALIB	source	identical	length
IGG01939	AOS21	LPALIB	source	identical	length
IGG01940	AOS21	LPALIB	source	identical	text
IGG01941	AOS21	LPALIB	source	identical	length
IGG01943	AOS21	LPALIB	source	identical	length
IGG01945	AOS21	LPALIB	source	identical	length
IGG0194B	AOS21	LPALIB	source	identical	text
IGG0198B	AOS21	LPALIB	source	identical	length
IGG019P9	AOSU0	LPALIB	source	identical	text
IGG019Q9	AOS21	SVCLIB	source	identical	length
IGG019R1	AOS21	SVCLIB	source	identical	text
IGG019R3	AOS21	SVCLIB	source	identical	length
IGG019RD	AOS21	SVCLIB	source	identical	length
IGG019RG	AOS21	SVCLIB	source	identical	length
IGG019RI	AOS21	SVCLIB	source	identical	mixed
IGG019RK	AOS21	SVCLIB	source	identical	text
IGG019RM	AOS21	SVCLIB	source	identical	length
IGG019RQ	AOS21	SVCLIB	source	identical	text
IGG02030	AOS21	LPALIB	source	identical	length
IGG02035	AOS21	LPALIB	source	identical	text
IGG0203B	AOS21	LPALIB	source	identical	length
IGG02046	AOS21	LPALIB	source	identical	text
IGG0860C	AOSU0	LPALIB	source	identical	mixed
IGG086AE	AOSU0	LPALIB	source	identical	length
IGG09411	AOST3	-	source	identical	length
IHCGSP01	AOS07	-	source	identical	length
IHCGSP02	AOS07	-	source	identical	length
IHDGSP01	AOS07	-	source	identical	length
ILRCMP01	AOSC5	-	source	identical	text
ILRPAGCM	AOSC5	-	source	identical	text
ILRPAGIO	AOSC5	-	source	identical	length
ILRPOS	AOSC5	-	source	identical	length
ILRPTM	AOSC5	-	source	identical	text
ILRQSRIT	AOSC5	-	source	identical	text
ILRSRB01	AOSC5	-	source	identical	text
ILRSRBC	AOSC5	-	source	identical	text
ILRSRT	AOSC5	-	source	identical	length
ILRSRT01	AOSC5	-	source	identical	text
ILRSWAP	AOSC5	-	source	identical	length
ILRSWP01	AOSC5	-	source	identical	text
ILRTERMR	AOSC5	-	source	identical	text
ILRVIOCM	AOSC5	-	source	identical	text
IRARMCPM	AOSC5	-	source	identical	text
IRARMINT	AOSC5	-	source	identical	text
IRARMIOM	AOSC5	-	source	identical	mixed
IRARMRMR	AOSC5	-	source	identical	holes
IRARMSTM	AOSC5	-	source	identical	mixed
IRARMWLM	AOSC5	-	source	identical	text
AHLCWRIT	AOS11	LINKLIB	source	identical	length
AHLIWRIT	AOS11	LINKLIB	source	identical	length
AHLSBLOK	AOS11	LPALIB	source	identical	text
AHLSCAN	AOS11	-	source	identical	holes
AHLSETD	AOS11	LPALIB	source	identical	mixed
AHLSETMG	AOS11	-	source	identical	holes
AHLT103	AOS11	-	source	identical	length
AHLTCTL1	AOS11	-	source	identical	identical
AHLTCTL2	AOS11	-	source	identical	identical
AHLTDIR	AOS11	LPALIB	source	identical	length
AHLTFOR	AOS11	LPALIB	source	identical	identical
AHLTMMSG	AOS11	-	source	identical	holes
AHLTPMT	AOS11	-	source	identical	length
AHLTSCN	AOS11	-	source	identical	length
AHLTSYFL	AOS11	LPALIB	source	identical	mixed
AHLTTAB	AOS11	-	source	identical	holes
AHLTUSR	AOS11	LPALIB	source	identical	length
AHLTVTAM	AOS11	LPALIB	source	identical	identical
AHLVCOFF	AOS11	LPALIB	source	identical	mixed
AHLVCON	AOS11	LPALIB	source	identical	length
AHLWRMSG	AOS11	-	source	identical	holes
AHLWTMSG	AOS11	-	source	identical	holes
AHLWWRIT	AOS11	LINKLIB	source	identical	length
AKJLKL02	-	CMDLIB	source	identical	no-pair
AKJLKMSG	-	-	source	identical	no-pair
AMAPTF01	AOS12	LINKLIB	source	identical	holes
AMDPRCVT	AOS12	LINKLIB	source	identical	length
AMDPRDPS	AOS12	LINKLIB	source	identical	length
AMDPREAD	AOS12	-	source	identical	length
AMDPRECT	AOS12	LINKLIB	source	identical	identical
AMDPREID	AOS12	-	source	identical	identical
AMDPRFAR	AOS12	LINKLIB	source	identical	identical
AMDPRFDS	AOS12	LINKLIB	source	identical	length
AMDPRFLT	AOS12	-	source	identical	length
AMDPRFMT	-	LPALIB	source	identical	no-pair
AMDPRFRM	AOS12	-	source	identical	length
AMDPRFSC	AOS12	-	source	identical	holes
AMDPRFUB	AOS12	LINKLIB	source	identical	length
AMDPRFXT	AOS12	LINKLIB	source	identical	holes
AMDPRGCD	AOS12	LINKLIB	source	identical	length
AMDPRNUC	AOS12	LINKLIB	source	identical	holes
AMDPROOT	AOS12	LINKLIB	source	identical	holes
AMDPRPCR	AOS12	LINKLIB	source	identical	holes
AMDPRPMG	AOS12	-	source	identical	holes
AMDPRSEG	AOS12	-	source	identical	length
AMDPRSMG	AOS12	-	source	identical	holes
AMDPRSUM	AOS12	LINKLIB	source	identical	length
AMDSAAID	AOS12	-	source	identical	holes
AMDSAAMR	AOS12	-	source	identical	holes
AMDSAARD	AOS12	-	source	identical	holes
AMDSAASM	AOS12	-	source	identical	holes
AMDSABUF	AOS12	-	source	identical	holes
AMDSACON	AOS12	-	source	identical	length
AMDSACSA	AOS12	-	source	identical	holes
AMDSADER	AOS12	-	source	identical	holes
AMDSAFRM	AOS12	-	source	identical	holes
AMDSAGTF	AOS12	-	source	identical	holes
AMDSAGTM	AOS12	-	source	identical	holes
AMDSAIOI	AOS12	-	source	identical	length
AMDSALDR	AOS12	LINKLIB	source	identical	length
AMDSAMDM	AOS12	-	source	identical	holes
AMDSAMSG	AOS12	-	source	identical	holes
AMDSARSM	AOS12	-	source	identical	identical
AMDSASIN	AOS12	-	source	identical	holes
AMDSASIO	AOS12	-	source	identical	length
AMDSATXT	AOS12	-	source	identical	holes
AMDSAUCB	AOS12	-	source	identical	length
AMDSAUPD	AOS12	-	source	identical	holes
AMDSAVCK	AOS12	-	source	identical	holes
AMDSYS00	AOS12	LPALIB	source	identical	length
AMDSYS02	AOS12	LPALIB	source	identical	mixed
AMDSYS04	AOS12	LPALIB	source	identical	length
AMDSYS05	AOS12	LPALIB	source	identical	length
AMDSYS06	AOS12	LPALIB	source	identical	identical
AMDUSRF9	-	LPALIB	source	identical	no-pair
AMDUSRFD	AOS24	LPALIB	source	identical	length
AMDUSRFE	-	LPALIB	source	identical	no-pair
BLSCADST	AOS32	-	source	identical	identical
BLSCADYN	AOS32	-	source	identical	text
BLSCAINT	AOS32	-	source	identical	text
BLSCALOC	AOS32	-	source	identical	text
BLSCAMIN	AOS32	-	source	identical	identical
BLSCAMPR	AOS32	-	source	identical	identical
BLSCENDD	AOS32	-	source	identical	text
BLSCERSE	AOS32	-	source	identical	mixed
BLSCFDYN	AOS32	-	source	identical	text
BLSCFREE	AOS32	-	source	identical	identical
BLSCGETT	AOS32	-	source	identical	text
BLSCGMF	AOS32	-	source	identical	identical
BLSCHOK	AOS32	-	source	identical	identical
BLSCOPEN	AOS32	-	source	identical	mixed
BLSCPOIN	AOS32	-	source	identical	text
BLSCPUTT	AOS32	-	source	identical	length
BLSCRECV	AOS32	-	source	identical	identical
BLSCRFM	AOS32	-	source	identical	identical
BLSCRQST	AOS32	-	source	identical	identical
BLSCRTCB	AOS32	-	source	identical	identical
BLSCSETT	AOS32	-	source	identical	identical
BLSCVALT	AOS32	-	source	identical	identical
BLSDADSD	AOS32	-	source	identical	holes
BLSDAPDR	AOS32	-	source	identical	holes
BLSDC070	AOS32	-	source	identical	identical
BLSDC128	AOS32	-	source	identical	identical
BLSDC600	AOS32	-	source	identical	identical
BLSDDT00	AOS32	-	source	identical	identical
BLSDENQP	AOS32	-	source	identical	identical
BLSDFDSD	AOS32	-	source	identical	identical
BLSDFPDR	AOS32	-	source	identical	identical
BLSDMSG0	AOS32	-	source	identical	identical
BLSDPC00	AOS32	-	source	identical	identical
BLSDSV00	AOS32	-	source	identical	identical
BLSDTIME	AOS32	-	source	identical	identical
BLSDTM00	AOS32	-	source	identical	identical
BLSDVECT	AOS32	-	source	identical	identical
BLSDWAIT	AOS32	-	source	identical	identical
BLSEADP1	AOS32	-	source	identical	text
BLSEAUTH	AOS32	-	source	identical	identical
BLSEDEL1	AOS32	-	source	identical	identical
BLSEDELC	AOS32	-	source	identical	identical
BLSELPCC	AOS32	-	source	identical	identical
BLSELPCL	AOS32	-	source	identical	identical
BLSELPDR	AOS32	-	source	identical	holes
BLSELPDS	AOS32	-	source	identical	identical
BLSELPFM	AOS32	-	source	identical	identical
BLSELPFR	AOS32	-	source	identical	identical
BLSELPOP	AOS32	-	source	identical	identical
BLSEMDP1	AOS32	-	source	identical	identical
BLSFAV00	AOS32	-	source	identical	identical
BLSFBP00	AOS32	-	source	identical	identical
BLSFCLOS	AOS32	-	source	identical	identical
BLSFCN00	AOS32	-	source	identical	identical
BLSFCONF	AOS32	-	source	identical	identical
BLSFDALL	AOS32	-	source	identical	identical
BLSFDD00	AOS32	CMDLIB	source	identical	identical
BLSFDDDP	AOS32	-	source	identical	identical
BLSFDEL	AOS32	-	source	identical	identical
BLSFDERS	AOS32	-	source	identical	identical
BLSFDF00	AOS32	-	source	identical	identical
BLSFDS00	AOS32	-	source	identical	identical
BLSFERAS	AOS32	-	source	identical	identical
BLSFFL00	AOS32	-	source	identical	identical
BLSFFP00	AOS32	-	source	identical	identical
BLSFGD00	AOS32	-	source	identical	identical
BLSFGG00	AOS32	-	source	identical	identical
BLSFGP00	AOS32	-	source	identical	identical
BLSFLALL	AOS32	-	source	identical	identical
BLSFLONE	AOS32	-	source	identical	identical
BLSFLP00	AOS32	-	source	identical	identical
BLSFND00	AOS32	-	source	identical	identical
BLSFND01	AOS32	-	source	identical	identical
BLSFOD00	AOS32	-	source	identical	identical
BLSFOPEN	AOS32	-	source	identical	identical
BLSFPERA	AOS32	-	source	identical	identical
BLSFPERS	AOS32	-	source	identical	identical
BLSFPS00	AOS32	-	source	identical	identical
BLSFSCRT	AOS32	-	source	identical	text
BLSFSD00	AOS32	-	source	identical	identical
BLSFSL00	AOS32	-	source	identical	identical
BLSFTL00	AOS32	-	source	identical	identical
BLSFUD00	AOS32	-	source	identical	identical
BLSFUP00	AOS32	-	source	identical	identical
BLSFVRFY	AOS32	-	source	identical	identical
BLSRACCL	AOS32	-	source	identical	identical
BLSRACCQ	AOS32	-	source	identical	identical
BLSRADD2	AOS32	-	source	identical	identical
BLSRADD3	AOS32	-	source	identical	identical
BLSRADD4	AOS32	-	source	identical	holes
BLSRADDP	AOS32	-	source	identical	identical
BLSRADDR	AOS32	-	source	identical	identical
BLSRADDS	AOS32	-	source	identical	identical
BLSRADDT	AOS32	-	source	identical	identical
BLSRADDU	AOS32	-	source	identical	identical
BLSRCOCL	AOS32	-	source	identical	identical
BLSRCOHD	AOS32	-	source	identical	identical
BLSRCOIN	AOS32	-	source	identical	identical
BLSRCOMK	AOS32	CMDLIB	source	identical	text
BLSRCOPY	AOS32	CMDLIB	source	identical	identical
BLSRCOTA	AOS32	-	source	identical	identical
BLSRDUAL	AOS32	CMDLIB	source	identical	text
BLSRDUCC	AOS32	-	source	identical	identical
BLSRDUCK	AOS32	-	source	identical	identical
BLSRDUCL	AOS32	-	source	identical	identical
BLSRDUIH	AOS32	-	source	identical	mixed
BLSRDUIS	AOS32	-	source	identical	text
BLSRDUOP	AOS32	-	source	identical	text
BLSRESGE	AOS32	-	source	identical	holes
BLSRESGQ	AOS32	-	source	identical	identical
BLSRESGU	AOS32	-	source	identical	identical
BLSRESSA	AOS32	-	source	identical	identical
BLSRMSGA	AOS32	-	source	identical	text
BLSRMSGD	AOS32	-	source	identical	identical
BLSRPADS	AOS32	-	source	identical	identical
BLSRRACV	AOS32	-	source	identical	text
BLSRSAG	AOS32	-	source	identical	identical
BLSRSAGE	AOS32	-	source	identical	identical
BLSRSAGN	AOS32	-	source	identical	text
BLSRSAGQ	AOS32	-	source	identical	identical
BLSRSAGU	AOS32	-	source	identical	identical
BLSRSURB	AOS32	-	source	identical	identical
BLSRSUTC	AOS32	-	source	identical	length
BLSRSYRB	AOS32	CMDLIB	source	identical	identical
BLSRVECT	AOS32	-	source	identical	identical
BLSRVPAD	AOS32	-	source	identical	identical
BLSRVPAS	AOS32	-	source	identical	text
BLSRVPCP	AOS32	-	source	identical	mixed
BLSRVPTC	AOS32	-	source	identical	identical
BLSRVPVS	AOS32	-	source	identical	identical
BLSSCOMM	AOS32	CMDLIB	source	identical	text
BLSSCVT2	AOS32	CMDLIB	source	identical	identical
BLSSPFT	AOS32	CMDLIB	source	identical	mixed
BLSSPRIV	AOS32	CMDLIB	source	identical	holes
BLST01	AOS32	-	source	identical	identical
BLST02	AOS32	-	source	identical	identical
BLST04	AOS32	-	source	identical	identical
BLST06	AOS32	-	source	identical	identical
BLSTB	AOS32	-	source	identical	identical
BLSTF	AOS32	-	source	identical	identical
BLSTM	AOS32	-	source	identical	identical
BLSTU	AOS32	-	source	identical	identical
BLSTY	AOS32	-	source	identical	identical
BLSUALLO	AOS32	-	source	identical	identical
BLSUBLDD	AOS32	-	source	identical	identical
BLSUBLDL	AOS32	-	source	identical	identical
BLSUDYNA	AOS32	-	source	identical	identical
BLSUGWDM	AOS32	-	source	identical	identical
BLSUINI2	AOS32	CMDLIB	source	identical	identical
BLSUIT01	AOS32	-	source	identical	identical
BLSUIT02	AOS32	-	source	identical	identical
BLSUIT03	AOS32	-	source	identical	identical
BLSUMON2	AOS32	-	source	identical	identical
BLSUMONC	AOS32	-	source	identical	identical
BLSUMOND	AOS32	-	source	identical	identical
BLSUMONL	AOS32	-	source	identical	identical
BLSUMONT	AOS32	-	source	identical	identical
BLSUMONX	AOS32	-	source	identical	identical
BLSUMPK1	AOS32	-	source	identical	identical
BLSUMPKN	AOS32	-	source	identical	identical
BLSUMTOD	AOS32	CMDLIB	source	identical	identical
BLSUPARI	AOS32	-	source	identical	identical
BLSUPARU	AOS32	-	source	identical	identical
BLSUPGMC	AOS32	-	source	identical	identical
BLSUPGMD	AOS32	-	source	identical	identical
BLSUPGML	AOS32	-	source	identical	identical
BLSUPGMR	AOS32	-	source	identical	identical
BLSUPRCL	AOS32	-	source	identical	identical
BLSUPROP	AOS32	-	source	identical	identical
BLSUPRTN	AOS32	-	source	identical	identical
BLSUPRTT	AOS32	-	source	identical	identical
BLSUPUTA	AOS32	-	source	identical	identical
BLSUPUTN	AOS32	-	source	identical	identical
BLSUPUTT	AOS32	-	source	identical	identical
BLSUPUTV	AOS32	-	source	identical	identical
BLSUSTAE	AOS32	-	source	identical	text
BLSUSTAI	AOS32	-	source	identical	identical
BLSUTRMA	AOS32	-	source	identical	identical
BLSUTRMN	AOS32	-	source	identical	identical
BLSUTSO	AOS32	CMDLIB	source	identical	identical
BLSUVECT	AOS32	-	source	identical	identical
BLSUVP21	AOS32	-	source	identical	identical
BLSUVP31	AOS32	-	source	identical	identical
BLSUVP32	AOS32	-	source	identical	identical
BLSUVP99	AOS32	-	source	identical	identical
BLSUVPVA	AOS32	-	source	identical	identical
BLSUVPX1	AOS32	-	source	identical	identical
BLSUVSCL	AOS32	-	source	identical	identical
BLSUVSCR	AOS32	-	source	identical	text
BLSUVSEN	AOS32	-	source	identical	identical
BLSUVSER	AOS32	-	source	identical	identical
BLSUVSGE	AOS32	-	source	identical	identical
BLSUVSGU	AOS32	-	source	identical	identical
BLSUVSMR	AOS32	-	source	identical	text
BLSUVSOP	AOS32	-	source	identical	identical
BLSUVSOQ	AOS32	-	source	identical	text
BLSUVSPO	AOS32	-	source	identical	identical
BLSUVSPU	AOS32	-	source	identical	identical
BLSUZZ2C	AOS32	-	source	identical	identical
BLSUZZ2D	AOS32	-	source	identical	identical
BLSUZZ2R	AOS32	-	source	identical	identical
BLSVCVT2	AOS32	CMDLIB	source	identical	identical
BLSVIOX	AOS32	CMDLIB	source	identical	identical
BLSVPGTE	AOS32	CMDLIB	source	identical	text
BLSVSGTE	AOS32	CMDLIB	source	identical	text
BLSVXTLS	AOS32	CMDLIB	source	identical	identical
BNGILOCL	AOS29	-	source	identical	length
BNGIMENU	AOS29	-	source	identical	length
BNGIPCBX	AOS29	-	source	identical	length
BNGIREAD	AOS29	-	source	identical	length
BNGISIMS	AOS29	-	source	identical	length
BNGTMENU	AOS29	LINKLIB	source	identical	text
BNGTQEMA	AOS29	TELCMLIB	source	identical	length
BNGTQEMF	AOS29	LINKLIB	source	identical	mixed
FCB3STD3	AOSD0	-	source	identical	identical
GENRMT	AOSH1	-	source	identical	text
GRAF	AOSD0	-	source	identical	identical
HEWLDIDY	AOS05	-	source	identical	identical
HEWLDLIB	AOS05	-	source	identical	holes
HEWLFADA	AOS04	-	source	identical	length
HEWLFAPT	AOS04	-	source	identical	length
HEWLFEND	AOS04	-	source	identical	length
HEWLFENS	AOS04	-	source	identical	length
HEWLFENT	AOS04	-	source	identical	length
HEWLFESD	AOS04	-	source	identical	length
HEWLFIDR	AOS04	-	source	identical	length
HEWLFINC	AOS04	-	source	identical	length
HEWLFMAP	AOS04	-	source	identical	length
HEWLFOPT	AOS04	-	source	identical	length
HEWLFOUT	AOS04	-	source	identical	length
HEWLFRAT	AOS04	-	source	identical	length
HEWLFRCG	AOS04	-	source	identical	length
HEWLFREL	AOS04	-	source	identical	length
HEWLFSCD	AOS04	-	source	identical	length
HEWLFSYM	AOS04	-	source	identical	length
HMASMAAR	AOS12	-	source	identical	length
HMASMAR2	AOS12	-	source	identical	text
HMASMAR4	AOS12	-	source	identical	identical
HMASMARL	AOS12	-	source	identical	identical
HMASMASM	AOS12	-	source	identical	identical
HMASMBUE	AOS12	-	source	identical	text
HMASMBUR	AOS12	-	source	identical	identical
HMASMCIL	AOS12	-	source	identical	text
HMASMCMP	AOS12	-	source	identical	text
HMASMCOM	AOS12	-	source	identical	length
HMASMCP2	AOS12	-	source	identical	text
HMASMCPL	AOS12	-	source	identical	text
HMASMCPY	AOS12	-	source	identical	text
HMASMCRD	AOS12	-	source	identical	text
HMASMCRW	AOS12	-	source	identical	identical
HMASMDC1	AOS12	-	source	identical	text
HMASMDLE	AOS12	-	source	identical	mixed
HMASMDR1	AOS12	-	source	identical	text
HMASMDR2	AOS12	-	source	identical	text
HMASMDS1	AOS12	-	source	identical	text
HMASMEFR	AOS12	-	source	identical	text
HMASMEIS	AOS12	-	source	identical	mixed
HMASMFVL	AOS12	-	source	identical	text
HMASMFXF	AOS12	-	source	identical	identical
HMASMGTA	AOS12	-	source	identical	text
HMASMIDU	AOS12	-	source	identical	text
HMASMIO1	AOS12	-	source	identical	text
HMASMION	AOS12	-	source	identical	text
HMASMLC1	AOS12	-	source	identical	text
HMASMLCC	AOS12	-	source	identical	mixed
HMASMLCP	AOS12	-	source	identical	length
HMASMLKD	AOS12	-	source	identical	text
HMASMLOG	AOS12	-	source	identical	mixed
HMASMMPD	AOS12	-	source	identical	length
HMASMMPH	AOS12	-	source	identical	length
HMASMPGC	AOS12	-	source	identical	text
HMASMRCC	AOS12	-	source	identical	text
HMASMRCD	AOS12	-	source	identical	length
HMASMRCF	AOS12	-	source	identical	text
HMASMRCL	AOS12	-	source	identical	text
HMASMRDS	AOS12	-	source	identical	text
HMASMREC	AOS12	-	source	identical	length
HMASMREJ	AOS12	-	source	identical	text
HMASMRJD	AOS12	-	source	identical	text
HMASMSCN	AOS12	-	source	identical	text
HMASMSEC	AOS12	-	source	identical	text
HMASMSTA	AOS12	-	source	identical	text
HMASMSUB	AOS12	-	source	identical	text
HMASMSUP	AOS12	-	source	identical	text
HMASMTAD	AOS12	-	source	identical	text
HMASMTAI	AOS12	-	source	identical	text
HMASMTBL	AOS12	-	source	identical	text
HMASMTBM	AOS12	-	source	identical	identical
HMASMTCL	AOS12	-	source	identical	text
HMASMTCR	AOS12	-	source	identical	text
HMASMTD1	AOS12	-	source	identical	text
HMASMTDD	AOS12	-	source	identical	text
HMASMTEC	AOS12	-	source	identical	text
HMASMTID	AOS12	-	source	identical	identical
HMASMTL1	AOS12	-	source	identical	text
HMASMTL2	AOS12	-	source	identical	text
HMASMTL3	AOS12	-	source	identical	identical
HMASMTM1	AOS12	-	source	identical	text
HMASMTM2	AOS12	-	source	identical	text
HMASMTM3	AOS12	-	source	identical	text
HMASMTM4	AOS12	-	source	identical	text
HMASMTMJ	AOS12	-	source	identical	text
HMASMTMS	AOS12	-	source	identical	text
HMASMTMW	AOS12	-	source	identical	length
HMASMTP2	AOS12	-	source	identical	text
HMASMTPC	AOS12	-	source	identical	identical
HMASMTPD	AOS12	-	source	identical	text
HMASMTPL	AOS12	-	source	identical	text
HMASMTPO	AOS12	-	source	identical	text
HMASMTPR	AOS12	-	source	identical	text
HMASMTPS	AOS12	-	source	identical	text
HMASMTR1	AOS12	-	source	identical	text
HMASMTRM	AOS12	-	source	identical	mixed
HMASMTSB	AOS12	-	source	identical	text
HMASMUCD	AOS12	-	source	identical	identical
HMASMUXC	AOS12	-	source	identical	text
HMASMUXD	AOS12	LINKLIB	source	identical	identical
HMASMVLU	AOS12	-	source	identical	text
HMASMXRF	AOS12	-	source	identical	text
HMBLKCTL	AOS12	-	source	identical	length
HMBLKERR	AOS12	-	source	identical	identical
HMBLKIDR	AOS12	-	source	identical	length
HMBLKLDM	AOS12	-	source	identical	holes
HMBLKLPA	AOS12	-	source	identical	holes
HMBLKMSG	AOS12	-	source	identical	identical
HMBLKOBJ	AOS12	-	source	identical	identical
HMBLKSZE	AOS12	-	source	identical	length
HMBLKXRF	AOS12	-	source	identical	identical
IAPABNAP	AOSU0	-	source	identical	identical
IAPPFXAP	AOSU0	-	source	identical	identical
IAPTIMER	AOSU0	LINKLIB	source	identical	identical
IASFCB26	AOSD0	-	source	identical	unpaired
IASFCB28	AOSD0	-	source	identical	unpaired
IASXSD81	AOSB0	-	source	identical	length
IASXWR00	AOSB0	LPALIB	source	identical	identical
ICB2ACT	AOSD0	-	source	identical	length
ICB2AEA	AOSD0	-	source	identical	length
ICB2AIR	AOSD0	-	source	identical	length
ICB2ATTN	AOSD0	-	source	identical	length
ICB2SIOB	AOSD0	-	source	identical	length
ICB2SIOF	AOSD0	-	source	identical	length
ICBINIT	AOSD0	-	source	identical	text
ICBIORSI	AOSD0	-	source	identical	length
ICBME	AOSD0	-	source	identical	holes
ICBMSG56	AOSD0	-	source	identical	length
ICBPRGIO	AOSD0	-	source	identical	length
ICBTMSS0	AOSD0	-	source	identical	mixed
ICBVCR00	AOSD0	-	source	identical	identical
ICBVDM00	AOSD0	-	source	identical	identical
ICBVDR01	AOSD0	-	source	identical	length
ICBVEX00	AOSD0	-	source	identical	identical
ICBVIO00	AOSD0	-	source	identical	identical
ICBVJL00	AOSD0	-	source	identical	length
ICBVMS00	AOSD0	-	source	identical	length
ICBVMT00	AOSD0	-	source	identical	length
ICBVPI00	AOSD0	-	source	identical	identical
ICBVRR00	AOSD0	-	source	identical	identical
ICBVSC00	AOSD0	-	source	identical	length
ICBVSL00	AOSD0	-	source	identical	length
ICBVSP00	AOSD0	-	source	identical	length
ICBVTM00	AOSD0	-	source	identical	identical
ICBVTP00	AOSD0	-	source	identical	length
ICBVTP01	AOSD0	-	source	identical	length
ICBVUP00	AOSD0	-	source	identical	identical
ICBVUP01	AOSD0	-	source	identical	identical
ICBVUT00	AOSD0	-	source	identical	length
ICBVUT01	AOSD0	-	source	identical	length
ICBVUT03	AOSD0	-	source	identical	length
ICFBDX00	AOSCE	-	source	identical	identical
ICFBIX00	AOSCE	-	source	identical	identical
ICGDSA01	AOSD0	-	source	identical	holes
ICGDSA02	AOSD0	-	source	identical	holes
ICGDSA04	AOSD0	-	source	identical	holes
ICGDSA05	AOSD0	-	source	identical	length
ICGDSA06	AOSD0	-	source	identical	length
ICGDSA07	AOSD0	-	source	identical	length
ICGDSA08	AOSD0	-	source	identical	holes
ICGDSA09	AOSD0	-	source	identical	length
ICGDSANL	AOSD0	-	source	identical	holes
ICGDSB01	AOSD0	-	source	identical	length
ICGDSB03	AOSD0	-	source	identical	length
ICGDSB05	AOSD0	-	source	identical	length
ICGDSB06	AOSD0	-	source	identical	length
ICGDSB09	AOSD0	-	source	identical	length
ICGDSB11	AOSD0	-	source	identical	length
ICGDSB12	AOSD0	-	source	identical	length
ICGDSB13	AOSD0	-	source	identical	length
ICGDSB15	AOSD0	-	source	identical	length
ICGDSB16	AOSD0	-	source	identical	length
ICGDSB18	AOSD0	-	source	identical	length
ICGDSB19	AOSD0	-	source	identical	length
ICGDSB20	AOSD0	-	source	identical	length
ICGDSBLD	AOSD0	-	source	identical	length
ICGDSINT	AOSD0	-	source	identical	mixed
ICGDSMSG	AOSD0	-	source	identical	identical
ICGDSS01	AOSD0	-	source	identical	identical
ICGDSS02	AOSD0	-	source	identical	identical
ICGDSS04	AOSD0	-	source	identical	identical
ICGDSS05	AOSD0	-	source	identical	identical
ICGDSS06	AOSD0	-	source	identical	length
ICGDSS08	AOSD0	-	source	identical	length
ICGDSS09	AOSD0	-	source	identical	length
ICGDSS99	AOSD0	-	source	identical	identical
ICGDSSCN	AOSD0	-	source	identical	holes
ICGTRVID	AOSD0	-	source	identical	identical
ICHRIN00	AOSBN	LPALIB	source	identical	mixed
ICKAA01	AOSU0	-	source	identical	length
ICKAN01	AOSU0	-	source	identical	length
ICKAN02	AOSU0	-	source	identical	identical
ICKAN03	AOSU0	-	source	identical	identical
ICKBI01	AOSU0	-	source	identical	length
ICKBM01	AOSU0	-	source	identical	length
ICKCDAN	AOSU0	-	source	identical	identical
ICKCDBI	AOSU0	-	source	identical	identical
ICKCDIN	AOSU0	-	source	identical	length
ICKCDIT	AOSU0	-	source	identical	length
ICKCDRF	AOSU0	-	source	identical	length
ICKCDTR	AOSU0	-	source	identical	identical
ICKCL01	AOSU0	-	source	identical	identical
ICKCV01	AOSU0	-	source	identical	identical
ICKDV00	AOSU0	-	source	identical	length
ICKDV01	AOSU0	-	source	identical	length
ICKDV02	AOSU0	-	source	identical	length
ICKDV04	AOSU0	-	source	identical	length
ICKDV13	AOSU0	-	source	identical	identical
ICKEX01	AOSU0	-	source	identical	length
ICKEX02	AOSU0	-	source	identical	identical
ICKEX03	AOSU0	-	source	identical	identical
ICKIN01	AOSU0	-	source	identical	length
ICKIO01	AOSU0	-	source	identical	length
ICKIO02	AOSU0	-	source	identical	length
ICKPP01	AOSU0	-	source	identical	length
ICKRA01	AOSU0	-	source	identical	identical
ICKRD01	AOSU0	-	source	identical	identical
ICKRF01	AOSU0	-	source	identical	length
ICKRI02	AOSU0	-	source	identical	length
ICKRI03	AOSU0	-	source	identical	identical
ICKRIKT	AOSU0	-	source	identical	identical
ICKRILT	AOSU0	-	source	identical	length
ICKRL01	AOSU0	-	source	identical	identical
ICKRP01	AOSU0	-	source	identical	length
ICKRT01	AOSU0	-	source	identical	identical
ICKSA01	AOSU0	-	source	identical	length
ICKSA02	AOSU0	-	source	identical	length
ICKSA03	AOSU0	-	source	identical	length
ICKSA04	AOSU0	-	source	identical	identical
ICKSA05	AOSU0	-	source	identical	length
ICKSA08	AOSU0	-	source	identical	length
ICKSA10	AOSU0	-	source	identical	length
ICKSD01	AOSU0	-	source	identical	identical
ICKSD02	AOSU0	-	source	identical	text
ICKTA01	AOSU0	-	source	identical	length
ICKTP04	AOSU0	-	source	identical	identical
ICKTP05	AOSU0	-	source	identical	length
ICKTR01	AOSU0	-	source	identical	identical
ICKTR02	AOSU0	-	source	identical	identical
ICKTSAN0	AOSU0	-	source	identical	text
ICKTSBI0	AOSU0	-	source	identical	identical
ICKTSEF1	AOSU0	-	source	identical	length
ICKTSEX0	AOSU0	-	source	identical	length
ICKTSRI0	AOSU0	-	source	identical	length
ICKTSTP0	AOSU0	-	source	identical	text
ICKTSTP1	AOSU0	-	source	identical	length
ICKTSUV0	AOSU0	-	source	identical	identical
ICKUSER1	AOSU0	-	source	identical	identical
ICKVA01	AOSU0	-	source	identical	length
ICKVD01	AOSU0	-	source	identical	identical
ICKVLBL	AOSU0	-	source	identical	length
ICKVP01	AOSU0	-	source	identical	identical
ICKVV01	AOSU0	-	source	identical	length
ICKWI01	AOSU0	-	source	identical	length
ICKWL01	AOSU0	-	source	identical	length
ICKWV01	AOSU0	-	source	identical	length
IDA0192A	AOSA0	LPALIB	source	identical	length
IDA0192B	AOSA0	-	source	identical	length
IDA0192C	AOSA0	LPALIB	source	identical	length
IDA0192D	AOSA0	-	source	identical	length
IDA0192F	AOSA0	-	source	identical	length
IDA0192G	AOSA0	LPALIB	source	identical	holes
IDA0192I	AOSA0	LPALIB	source	identical	length
IDA0192M	AOSA0	-	source	identical	identical
IDA0192P	AOSA0	LPALIB	source	identical	length
IDA0192S	AOSA0	-	source	identical	length
IDA0192W	AOSA0	-	source	identical	holes
IDA0192Y	AOSA0	LPALIB	source	identical	length
IDA0195A	AOSA0	LPALIB	source	identical	identical
IDA019RC	AOSA0	-	source	identical	identical
IDA019RD	AOSA0	LPALIB	source	identical	length
IDA019S4	AOSC5	-	source	identical	length
IDA019SG	AOSA0	-	source	identical	identical
IDA019SH	AOSA0	-	source	identical	identical
IDA019SL	AOSA0	-	source	identical	identical
IDA019SM	AOSA0	-	source	identical	identical
IDA0200B	AOSA0	-	source	identical	length
IDA0200S	AOSA0	LPALIB	source	identical	length
IDA0200T	AOSA0	LPALIB	source	identical	length
IDA0231B	AOSA0	-	source	identical	length
IDA0231T	AOSA0	LPALIB	source	identical	length
IDA0557A	AOSA0	LPALIB	source	identical	length
IDA0A05B	AOSA0	LPALIB	source	identical	length
IDA0C05B	AOSA0	LPALIB	source	identical	length
IDA0C06C	AOSA0	LPALIB	source	identical	length
IDA0I96C	AOSA0	LPALIB	source	identical	length
IDA121A5	AOSC5	LPALIB	source	identical	length
IDA121A6	AOSC5	-	source	identical	text
IDA121CV	AOSC5	-	source	identical	identical
IDACAT13	AOSA0	LPALIB	source	identical	length
IDACAT21	AOSU0	LINKLIB	source	identical	identical
IDACKRA1	AOSA0	-	source	identical	length
IDAIIFBF	AOSA0	LPALIB	source	identical	identical
IDAIIPM1	AOSA0	LPALIB	source	identical	length
IDAIIPM2	AOSA0	LPALIB	source	identical	identical
IDAIIPM3	AOSA0	LPALIB	source	identical	mixed
IDAIISM1	AOSA0	LPALIB	source	identical	length
IDAOCEA1	AOSA0	LPALIB	source	identical	length
IDAOCEA2	AOSA0	LPALIB	source	identical	length
IDAOCEA3	AOSA0	-	source	identical	identical
IDAOCEA4	AOSA0	LPALIB	source	identical	holes
IDAVBPC1	AOSA0	-	source	identical	length
IDAVBPJ1	AOSA0	-	source	identical	length
IDAVBPJ2	AOSA1	-	source	identical	holes
IDAVBPO1	AOSA0	-	source	identical	text
IDAVBPP1	AOSA0	LPALIB	source	identical	length
IDAVBPR2	AOSA0	-	source	identical	identical
IDAVBPS1	AOSA0	-	source	identical	identical
IDAVBPS2	AOSA0	-	source	identical	length
IDCAL01	AOSU0	LINKLIB	source	identical	length
IDCAM01	-	CMDLIB	source	identical	no-pair
IDCAM02	-	CMDLIB	source	identical	no-pair
IDCAU01	AOSU0	-	source	identical	identical
IDCAU02	AOSU0	-	source	identical	holes
IDCAU03	AOSU0	-	source	identical	length
IDCAV01	AOSU0	-	source	identical	identical
IDCBI01	AOSU0	LINKLIB	source	identical	length
IDCCC01	AOSU0	LINKLIB	source	identical	holes
IDCCDAU	AOSU0	-	source	identical	length
IDCCDAV	AOSU0	-	source	identical	identical
IDCCDCH	AOSU0	-	source	identical	length
IDCCDCN	AOSU0	-	source	identical	identical
IDCCDCO	AOSU0	-	source	identical	identical
IDCCDCP	AOSU0	-	source	identical	identical
IDCCDCT	AOSU0	-	source	identical	identical
IDCCDCV	AOSU0	-	source	identical	identical
IDCCDDU	AOSU0	-	source	identical	length
IDCCDEC	AOSU0	-	source	identical	identical
IDCCDEV	AOSU0	-	source	identical	identical
IDCCDGR	AOSU0	-	source	identical	identical
IDCCDLD	AOSU0	-	source	identical	identical
IDCCDLM	AOSU0	-	source	identical	identical
IDCCDLV	AOSU0	-	source	identical	identical
IDCCDMC	AOSU0	-	source	identical	identical
IDCCDMG	AOSU0	-	source	identical	identical
IDCCDMV	AOSU0	-	source	identical	length
IDCCDNC	AOSU0	-	source	identical	length
IDCCDRL	AOSU0	-	source	identical	identical
IDCCDRR	AOSU0	-	source	identical	identical
IDCCDRV	AOSU0	-	source	identical	identical
IDCCDSD	AOSU0	-	source	identical	identical
IDCCDSG	AOSU0	-	source	identical	identical
IDCCDSR	AOSU0	-	source	identical	identical
IDCCDST	AOSU0	-	source	identical	identical
IDCCDSV	AOSU0	-	source	identical	identical
IDCCDTR	AOSU0	-	source	identical	identical
IDCCDTU	AOSU0	-	source	identical	length
IDCCDVY	AOSU0	LINKLIB	source	identical	identical
IDCCH02	AOSU0	-	source	identical	length
IDCCH03	AOSU0	-	source	identical	length
IDCCH04	AOSU0	-	source	identical	length
IDCCK01	AOSU0	LINKLIB	source	identical	holes
IDCCN01	AOSU0	-	source	identical	length
IDCCO01	AOSU0	-	source	identical	length
IDCCV01	AOSU0	-	source	identical	length
IDCDB01	AOSU0	LINKLIB	source	identical	holes
IDCDE01	AOSU0	LINKLIB	source	identical	length
IDCDE02	AOSU0	-	source	identical	length
IDCDE03	AOSU0	-	source	identical	holes
IDCDL01	AOSU0	LINKLIB	source	identical	length
IDCDU01	AOSU0	-	source	identical	length
IDCEC01	AOSU0	-	source	identical	holes
IDCEV01	AOSU0	-	source	identical	holes
IDCEX01	AOSU0	-	source	identical	holes
IDCEX02	AOSU0	-	source	identical	holes
IDCEX03	AOSU0	-	source	identical	length
IDCGR01	AOSU0	-	source	identical	identical
IDCIO01	AOSU0	-	source	identical	length
IDCIO02	AOSU0	-	source	identical	length
IDCIO03	AOSU0	-	source	identical	identical
IDCIO04	AOSU0	LINKLIB	source	identical	holes
IDCLD01	AOSU0	-	source	identical	identical
IDCLR01	AOSU0	LINKLIB	source	identical	length
IDCLR02	AOSU0	-	source	identical	holes
IDCMC01	AOSU0	-	source	identical	length
IDCMG01	AOSU0	-	source	identical	identical
IDCMP01	AOSU0	LINKLIB	source	identical	length
IDCMV01	AOSU0	-	source	identical	length
IDCNC01	AOSU0	-	source	identical	length
IDCPM01	AOSU0	LINKLIB	source	identical	length
IDCPR01	AOSU0	LINKLIB	source	identical	length
IDCRC01	AOSU0	LINKLIB	source	identical	length
IDCRC02	AOSU0	-	source	identical	length
IDCRC03	AOSU0	-	source	identical	holes
IDCRD01	AOSU0	-	source	identical	holes
IDCRD02	AOSU0	-	source	identical	identical
IDCRD03	AOSU0	-	source	identical	text
IDCRD04	AOSU0	-	source	identical	length
IDCRD05	AOSU0	-	source	identical	length
IDCRD06	AOSU0	-	source	identical	identical
IDCRI02	AOSU0	-	source	identical	identical
IDCRI03	AOSU0	-	source	identical	holes
IDCRIFF	AOSU0	-	source	identical	identical
IDCRIKT	AOSU0	LINKLIB	source	identical	identical
IDCRILT	AOSU0	LINKLIB	source	identical	identical
IDCRIMT	AOSU0	-	source	identical	identical
IDCRL01	AOSU0	-	source	identical	identical
IDCRM01	AOSU0	LINKLIB	source	identical	length
IDCRP01	AOSU0	LINKLIB	source	identical	length
IDCRR01	AOSU0	-	source	identical	length
IDCRS01	AOSU0	LINKLIB	source	identical	length
IDCRS02	AOSU0	-	source	identical	mixed
IDCRS03	AOSU0	-	source	identical	mixed
IDCRS04	AOSU0	-	source	identical	mixed
IDCRS05	AOSU0	-	source	identical	mixed
IDCRS06	AOSU0	-	source	identical	mixed
IDCRS07	AOSU0	-	source	identical	mixed
IDCRV01	AOSU0	-	source	identical	length
IDCSA01	AOSU0	-	source	identical	length
IDCSA02	AOSU0	-	source	identical	length
IDCSA03	AOSU0	-	source	identical	holes
IDCSA05	AOSU0	-	source	identical	identical
IDCSA06	AOSU0	-	source	identical	length
IDCSA08	AOSU0	-	source	identical	length
IDCSA09	AOSU0	-	source	identical	identical
IDCSA10	AOSU0	-	source	identical	length
IDCSD01	AOSU0	-	source	identical	identical
IDCSG01	AOSU0	-	source	identical	identical
IDCSR01	AOSU0	-	source	identical	holes
IDCSV01	AOSU0	-	source	identical	length
IDCTP04	AOSU0	-	source	identical	holes
IDCTP05	AOSU0	-	source	identical	holes
IDCTP06	AOSU0	-	source	identical	length
IDCTR01	AOSU0	-	source	identical	length
IDCTSAL0	AOSU0	LINKLIB	source	identical	identical
IDCTSBI0	AOSU0	LINKLIB	source	identical	identical
IDCTSCC0	AOSU0	LINKLIB	source	identical	identical
IDCTSCK0	AOSU0	LINKLIB	source	identical	length
IDCTSDE0	AOSU0	LINKLIB	source	identical	identical
IDCTSDL0	AOSU0	LINKLIB	source	identical	length
IDCTSEX0	AOSU0	LINKLIB	source	identical	holes
IDCTSLC0	AOSU0	LINKLIB	source	identical	length
IDCTSLC1	AOSU0	LINKLIB	source	identical	identical
IDCTSLR0	AOSU0	LINKLIB	source	identical	identical
IDCTSLR1	AOSU0	LINKLIB	source	identical	identical
IDCTSMP0	AOSU0	LINKLIB	source	identical	identical
IDCTSPR0	AOSU0	LINKLIB	source	identical	length
IDCTSRD0	AOSU0	-	source	identical	identical
IDCTSRI0	AOSU0	LINKLIB	source	identical	identical
IDCTSRI1	AOSU0	LINKLIB	source	identical	identical
IDCTSRS0	AOSU0	LINKLIB	source	identical	identical
IDCTSTP0	AOSU0	LINKLIB	source	identical	text
IDCTSTP1	AOSU0	LINKLIB	source	identical	identical
IDCTSTP6	AOSU0	LINKLIB	source	identical	identical
IDCTSUV0	AOSU0	LINKLIB	source	identical	identical
IDCTSXP0	AOSU0	LINKLIB	source	identical	identical
IDCTU01	AOSU0	-	source	identical	length
IDCVS01	AOSU0	-	source	identical	length
IDCVS02	AOSU0	-	source	identical	holes
IDCVS03	AOSU0	-	source	identical	length
IDCVY01	AOSU0	LINKLIB	source	identical	identical
IDCXP01	AOSU0	LINKLIB	source	identical	identical
IDDWIAPP	AOSA0	-	source	identical	length
IDDWICLS	AOSA0	-	source	identical	length
IDDWICPI	AOSA0	-	source	identical	length
IDDWIJRN	AOSA0	-	source	identical	length
IDDWIMRG	AOSA1	-	source	identical	holes
IDDWITRM	AOSA0	-	source	identical	mixed
IEAFTEED	AOSC5	LINKLIB	source	identical	length
IEAFTIHS	AOSC5	LINKLIB	source	identical	length
IEAFTRT2	AOSC5	LINKLIB	source	identical	length
IEAFTSCB	AOSC5	LINKLIB	source	identical	length
IEAQWAIT	AOS00	-	source	identical	identical|unpaired
IEASMFEX	AOS00	-	source	identical	identical|unpaired
IEATLEXT	AOS00	-	source	identical	text
IEAVAD02	AOSC5	-	source	identical	length
IEAVAD03	AOSC5	-	source	identical	mixed
IEAVAD05	AOSC5	-	source	identical	identical
IEAVAD06	AOSC5	-	source	identical	identical
IEAVAD07	AOSC5	-	source	identical	length
IEAVAD08	AOSC5	-	source	identical	length
IEAVAD09	AOSC5	-	source	identical	identical
IEAVAD0A	AOSC5	-	source	identical	mixed
IEAVAD0B	AOSC5	-	source	identical	identical
IEAVAD0C	AOSC5	-	source	identical	identical
IEAVAD0F	AOSC5	-	source	identical	length
IEAVAD10	AOSC5	-	source	identical	length
IEAVAD31	AOSC5	-	source	identical	length
IEAVAD51	AOSC5	-	source	identical	length
IEAVAD71	AOSC5	-	source	identical	text
IEAVADFM	AOSC5	-	source	identical	identical
IEAVADUS	AOSC5	-	source	identical	text
IEAVAR01	AOSC5	-	source	identical	length
IEAVAR04	AOSC5	-	source	identical	length
IEAVAR05	AOSC5	-	source	identical	length
IEAVAR06	AOSC5	LPALIB	source	identical	mixed
IEAVAR07	AOSC5	-	source	identical	identical
IEAVCKEY	AOSC5	-	source	identical	text
IEAVCKRR	AOSC5	-	source	identical	text
IEAVDSEG	AOSC5	-	source	identical	text
IEAVECBV	AOSC5	-	source	identical	text
IEAVEE1R	AOSC5	-	source	identical	identical
IEAVEE2R	AOSC5	-	source	identical	identical
IEAVEE3R	AOSC5	-	source	identical	identical
IEAVEEE0	AOSC5	-	source	identical	identical
IEAVEEEP	AOSC5	-	source	identical	text
IEAVEEER	AOSC5	-	source	identical	text
IEAVEEXT	AOSC5	-	source	identical	identical
IEAVEF00	AOSC5	-	source	identical	text
IEAVEIO	AOSC5	-	source	identical	text
IEAVEIOR	AOSC5	-	source	identical	identical
IEAVELIT	AOSC5	-	source	identical	identical
IEAVEPCR	AOSC5	-	source	identical	text
IEAVEPDR	AOSC5	-	source	identical	text
IEAVERER	AOSC5	-	source	identical	identical
IEAVESCR	AOSC5	-	source	identical	text
IEAVESVR	AOSC5	-	source	identical	identical
IEAVEUPC	AOSC5	-	source	identical	identical
IEAVGCAS	AOSC5	-	source	identical	length
IEAVMASV	AOSC5	LINKLIB	source	identical	length
IEAVMED2	AOSC5	LPALIB	source	identical	length
IEAVMNTR	AOSC5	LPALIB	source	identical	mixed
IEAVMQR0	AOSC5	LINKLIB	source	identical	holes
IEAVMQWR	AOSC5	LPALIB	source	identical	length
IEAVMSGS	AOSC5	-	source	identical	identical
IEAVMWSV	AOSC5	-	source	identical	length
IEAVMWTL	AOSC5	LINKLIB	source	identical	identical
IEAVMWTO	AOSC5	-	source	identical	length
IEAVNPB6	AOSC5	NUCLEUS	source	identical	identical
IEAVSTA0	AOSC5	-	source	identical	length
IEAVTADR	AOSC5	LPALIB	source	identical	identical
IEAVTAS1	AOSC5	-	source	identical	length
IEAVTAS3	AOSC5	-	source	identical	length
IEAVTCR1	AOSC5	-	source	identical	identical
IEAVTEST	AOSC5	-	source	identical	identical
IEAVTFHX	AOSC5	-	source	identical	identical
IEAVTFRD	AOSC5	LINKLIB	source	identical	length
IEAVTFRT	AOSC5	LINKLIB	source	identical	length
IEAVTFSD	AOSC5	LINKLIB	source	identical	length
IEAVTMMT	AOSC5	-	source	identical	holes
IEAVTMRM	AOSC5	-	source	identical	length
IEAVTMSI	AOSC5	LINKLIB	source	identical	length
IEAVTMTC	AOSC5	LPALIB	source	identical	length
IEAVTMTR	AOSC5	LPALIB	source	identical	length
IEAVTPMT	AOSC5	-	source	identical	mixed
IEAVTRML	AOSC5	-	source	identical	identical
IEAVTRT2	AOSC5	-	source	identical	length
IEAVTRTC	AOSC5	-	source	identical	length
IEAVTRTE	AOSC5	-	source	identical	length
IEAVTSBP	AOSC5	-	source	identical	text
IEAVTSDF	AOSC5	-	source	identical	length
IEAVTSDL	AOSC5	-	source	identical	identical
IEAVTSDU	AOSC5	-	source	identical	mixed
IEAVTSDW	AOSC5	-	source	identical	length
IEAVTSIG	AOSC5	-	source	identical	identical
IEAVTSKT	AOSC5	-	source	identical	length
IEAVTSL1	AOSC5	-	source	identical	identical
IEAVTSLB	AOSC5	-	source	identical	identical
IEAVTSLE	AOSC5	-	source	identical	identical
IEAVTSLS	AOSC5	-	source	identical	identical
IEAVTSSD	AOSC5	LPALIB	source	identical	length
IEAVTSSE	AOSC5	-	source	identical	length
IEAVVRP1	AOSC5	-	source	identical	length
IEAVVRP2	AOSC5	LPALIB	source	identical	length
IEAXPSIM	AOSC5	LINKLIB	source	identical	identical
IEBBSCAN	AOSU0	-	source	identical	identical|unpaired
IEBCANAL	AOSU0	-	source	identical	holes
IEBCCS02	AOSU0	-	source	identical	length
IEBCOMPM	AOSU0	-	source	identical	holes
IEBCONH2	AOSU0	-	source	identical	identical
IEBCONP2	AOSU0	-	source	identical	identical
IEBCONZ2	AOSU0	-	source	identical	identical
IEBCRANL	AOSU0	LINKLIB	source	identical	holes
IEBCREAT	AOSU0	LINKLIB	source	identical	length
IEBCULET	AOSU0	-	source	identical	holes
IEBDG	AOSU0	LINKLIB	source	identical	length
IEBDGCUP	AOSU0	LINKLIB	source	identical	length
IEBDGMSG	AOSU0	LINKLIB	source	identical	identical
IEBDISKT	AOSD0	-	source	identical	length
IEBEDIT2	AOSU0	-	source	identical	length
IEBFDANL	AOSU0	LINKLIB	source	identical	text
IEBFDTBL	AOSU0	LINKLIB	source	identical	mixed
IEBGEN03	AOSU0	-	source	identical	length
IEBGENRT	AOSU0	-	source	identical	length
IEBGENS3	AOSU0	-	source	identical	length
IEBGMESG	AOSU0	-	source	identical	identical
IEBGSCAN	AOSU0	-	source	identical	length
IEBIMAGE	AOSU0	LINKLIB	source	identical	length
IEBIMSGS	AOSU0	-	source	identical	length
IEBISAM	AOSU0	LINKLIB	source	identical	identical|unpaired
IEBISC	AOSU0	LINKLIB	source	identical	length
IEBISCAN	AOSU0	-	source	identical	length
IEBISF	AOSU0	LINKLIB	source	identical	mixed
IEBISMES	AOSU0	-	source	identical	identical
IEBISPL	AOSU0	LINKLIB	source	identical	length
IEBISSI	AOSU0	-	source	identical	length
IEBISSO	AOSU0	-	source	identical	length
IEBISU	AOSU0	LINKLIB	source	identical	length
IEBLENP2	AOSU0	-	source	identical	identical
IEBMOVE2	AOSU0	-	source	identical	identical
IEBPPMSG	AOSU0	-	source	identical	identical
IEBTCR03	AOSU0	-	source	identical	mixed
IEBTCRIN	AOSU0	-	source	identical	identical
IEBUPDTE	AOSU0	LINKLIB	source	identical	length
IEBUPLOG	AOSU0	-	source	identical	mixed
IEBUPNIT	AOSU0	-	source	identical	holes
IECBBFB1	AOSD0	LPALIB	source	identical	identical
IECDAFT1	AOSC5	-	source	identical	length
IECIOFT1	AOSC5	-	source	identical	length
IECLMSGC	AOSC5	LPALIB	source	identical	length
IECLMSGD	AOSC5	LPALIB	source	identical	length
IECLMSGG	AOSC5	LPALIB	source	identical	length
IECLMSGM	AOSC5	-	source	identical	length
IECLMSGT	AOSC5	LPALIB	source	identical	length
IECLMSGU	AOSC5	LPALIB	source	identical	length
IECQBFG1	AOSD0	LPALIB	source	identical	length
IECTATEN	AOS20	-	source	identical	length
IECTATTN	AOSC5	-	source	identical	identical
IECTCATN	AOSC5	-	source	identical	text
IECTCHGN	AOS20	TELCMLIB	source	identical	identical
IECTLOPN	AOS20	TELCMLIB	source	identical	length
IECTONLT	AOS20	TELCMLIB	source	identical	holes
IECTSCAN	AOS20	TELCMLIB	source	identical	holes
IECTSVC	AOS20	-	source	identical	identical
IECTTRNS	AOS20	TELCMLIB	source	identical	text
IECVHIDT	AOSC5	-	source	identical	length
IECVITRP	AOSC5	-	source	identical	identical
IECVOTBL	AOSC5	-	source	identical	text
IECVURSV	AOSC5	-	source	identical	identical
IEDAY3	AOST3	LPALIB	source	identical	identical
IEDAY8	AOST3	-	source	identical	length
IEDAY88	AOST3	-	source	identical	length
IEDAYAA	AOST3	-	source	identical	length
IEDAYHH	AOST3	-	source	identical	length
IEDAYII	AOST3	-	source	identical	length
IEDAYLL	AOST3	-	source	identical	identical
IEDIAU	AOS21	TELCMLIB	source	identical	identical
IEDN25	AOS21	TELCMLIB	source	identical	identical
IEDQ10	AOS21	TELCMLIB	source	identical	identical
IEDQ11	AOS21	TELCMLIB	source	identical	identical
IEDQ12	AOS21	TELCMLIB	source	identical	identical
IEDQ13	AOS21	TELCMLIB	source	identical	identical
IEDQ14	AOS21	TELCMLIB	source	identical	identical
IEDQ16	AOS21	TELCMLIB	source	identical	identical
IEDQ17	AOS21	TELCMLIB	source	identical	identical
IEDQ18	AOS21	TELCMLIB	source	identical	identical
IEDQ19	AOS21	TELCMLIB	source	identical	identical
IEDQ20	AOS21	TELCMLIB	source	identical	identical
IEDQ21	AOS21	TELCMLIB	source	identical	identical
IEDQ22	AOS21	TELCMLIB	source	identical	identical
IEDQ23	AOS21	TELCMLIB	source	identical	identical
IEDQ24	AOS21	TELCMLIB	source	identical	identical
IEDQ25	AOS21	TELCMLIB	source	identical	identical
IEDQ26	AOS21	TELCMLIB	source	identical	identical
IEDQ27	AOS21	TELCMLIB	source	identical	identical
IEDQ28	AOS21	TELCMLIB	source	identical	identical
IEDQA7	AOS21	TELCMLIB	source	identical	identical
IEDQA9	AOS21	TELCMLIB	source	identical	identical
IEDQBA	AOS21	TELCMLIB	source	identical	length
IEDQBB	AOS21	TELCMLIB	source	identical	identical
IEDQBC	AOS21	TELCMLIB	source	identical	length
IEDQFE	AOS21	TELCMLIB	source	identical	identical
IEDQNA	AOS21	TELCMLIB	source	identical	identical
IEDQNG	AOS21	LINKLIB	source	identical	length
IEDQNH	AOS21	LINKLIB	source	identical	length
IEDQNP	AOS21	LINKLIB	source	identical	identical
IEDQNR	AOS21	LINKLIB	source	identical	identical
IEDUSSTB	AOS21	TELCMLIB	source	identical	identical
IEE0003D	AOSB3	-	source	identical	length
IEE00110	AOSB3	-	source	identical	holes
IEE0403D	AOSB3	-	source	identical	length
IEE10110	AOSC5	-	source	identical	length
IEE11110	AOSC5	-	source	identical	holes
IEE12110	AOSC5	-	source	identical	holes
IEE20110	AOSC5	-	source	identical	length
IEE21110	AOSC5	-	source	identical	text
IEE22110	AOSC5	-	source	identical	identical
IEE2303D	AOSB3	-	source	identical	length
IEE23110	AOSC5	-	source	identical	length
IEE2903D	AOSB3	-	source	identical	length
IEE3203D	AOSB3	-	source	identical	text
IEE4103D	AOSB3	-	source	identical	length
IEE4303D	AOSB3	-	source	identical	length
IEE4703D	AOSB3	-	source	identical	mixed
IEE5703D	AOSB3	-	source	identical	length
IEE6303D	AOSB3	-	source	identical	text
IEE6503D	AOSC5	-	source	identical	mixed
IEE6803D	AOSB3	-	source	identical	length
IEE6903D	AOSB3	-	source	identical	length
IEE7203D	AOSB3	-	source	identical	length
IEE7703D	AOSB3	-	source	identical	length
IEE8B03D	AOSB3	-	source	identical	length
IEE9403D	AOSB3	-	source	identical	identical
IEEAB400	AOSB3	-	source	identical	length
IEEAB401	AOSB3	-	source	identical	length
IEEBASEC	AOSB3	-	source	identical	identical
IEECB801	AOSB3	-	source	identical	text
IEECB806	AOSB3	LINKLIB	source	identical	identical
IEECB900	AOSB3	LPALIB	source	identical	holes
IEECB901	AOSB3	-	source	identical	holes
IEECB904	AOSB3	-	source	identical	length
IEECB906	AOSC5	-	source	identical	length
IEECB908	AOSC5	-	source	identical	length
IEECB911	AOSC5	-	source	identical	text
IEECB912	AOSC5	-	source	identical	length
IEECB914	AOSC5	LPALIB	source	identical	identical
IEECB915	AOSC5	-	source	identical	identical
IEECVET2	AOSC5	-	source	identical	length
IEECVET3	AOSC5	-	source	identical	length
IEECVET6	AOSC5	-	source	identical	length
IEECVET7	AOSC5	-	source	identical	text
IEECVET8	AOSC5	-	source	identical	length
IEECVET9	AOSC5	-	source	identical	length
IEECVETA	AOSC5	-	source	identical	length
IEECVETD	AOSC5	-	source	identical	identical
IEECVETE	AOSC5	-	source	identical	length
IEECVETF	AOSC5	-	source	identical	identical
IEECVETJ	AOSC5	-	source	identical	length
IEECVETK	AOSC5	-	source	identical	length
IEECVFT1	AOSC5	-	source	identical	holes
IEECVFT2	AOSC5	-	source	identical	length
IEECVFTA	AOSC5	-	source	identical	identical
IEECVFTD	AOSC5	-	source	identical	identical
IEECVFTG	AOSC5	-	source	identical	length
IEECVFTL	AOSC5	-	source	identical	length
IEECVFTN	AOSC5	-	source	identical	length
IEECVFTP	AOSC5	-	source	identical	length
IEECVFTT	AOSC5	-	source	identical	text
IEECVGCI	AOSC5	LINKLIB	source	identical	length
IEECVXIT	AOSC5	-	source	identical	identical
IEEMB805	AOSB3	-	source	identical	length
IEEMB808	AOSB3	LPALIB	source	identical	identical
IEEMB809	AOSB3	LPALIB	source	identical	identical
IEEMB811	AOSB3	LPALIB	source	identical	length
IEEMB813	AOSB3	LPALIB	source	identical	length
IEEMB815	AOSC5	-	source	identical	identical
IEEMB820	AOS00	LINKLIB	source	identical	length
IEEMB821	AOS00	-	source	identical	length
IEEMB822	AOS00	-	source	identical	identical
IEEMB823	AOS00	-	source	identical	length
IEEMB824	AOS00	-	source	identical	holes
IEEMB826	AOS00	-	source	identical	holes
IEEMB827	AOS00	-	source	identical	holes
IEEMB828	AOS00	-	source	identical	holes
IEEMB829	AOS00	LPALIB	source	identical	length
IEEMB876	AOSB3	-	source	identical	text
IEEMB877	AOSB3	-	source	identical	text
IEEMB878	AOSB3	LINKLIB	source	identical	identical
IEEMB879	AOSB3	LPALIB	source	identical	length
IEEMB880	AOSB3	-	source	identical	identical
IEEPRTN2	AOSB3	-	source	identical	holes
IEEPRWI2	AOSB3	LPALIB	source	identical	length
IEESB03D	-	-	source	identical	no-pair
IEESB601	AOSB3	LINKLIB	source	identical	holes
IEESB605	AOSB3	LPALIB	source	identical	length
IEESB606	AOSB3	-	source	identical	holes
IEESJ03D	-	-	source	identical	no-pair
IEESM03D	-	-	source	identical	no-pair
IEESN03D	-	-	source	identical	no-pair
IEESO03D	-	-	source	identical	no-pair
IEESP03D	-	-	source	identical	no-pair
IEESS03D	-	-	source	identical	no-pair
IEEVALST	AOSC5	-	source	identical	mixed
IEEVDUMY	AOSC5	-	source	identical	holes
IEEVDUS1	AOST4	-	source	identical	mixed
IEEVJCL	AOSB3	-	source	identical	text
IEEVMNT2	AOSB3	LPALIB	source	identical	length
IEEVSEND	AOST4	LINKLIB	source	identical	length
IEEVSMSG	AOSB3	-	source	identical	length
IEEVSND2	AOST4	-	source	identical	length
IEEVSND3	AOST4	-	source	identical	length
IEEVSND5	AOST4	-	source	identical	length
IEEVSND6	AOST4	-	source	identical	length
IEEVSND8	AOST4	-	source	identical	length
IEEVSND9	AOST4	-	source	identical	length
IEEZB03D	-	-	source	identical	no-pair
IEEZC03D	-	-	source	identical	no-pair
IEEZP03D	-	-	source	identical	no-pair
IEEZS03D	-	-	source	identical	no-pair
IEFAB422	AOSB3	-	source	identical	identical
IEFAB423	AOSB3	-	source	identical	length
IEFAB424	AOSB3	-	source	identical	length
IEFAB425	AOSB3	-	source	identical	holes
IEFAB426	AOSB3	-	source	identical	holes
IEFAB427	AOSB3	-	source	identical	length
IEFAB428	AOSB3	-	source	identical	holes
IEFAB430	AOSB3	-	source	identical	identical
IEFAB431	AOSB3	-	source	identical	length
IEFAB432	AOSB3	-	source	identical	length
IEFAB433	AOSB3	-	source	identical	mixed
IEFAB434	AOSB3	-	source	identical	length
IEFAB435	AOSB3	-	source	identical	length
IEFAB438	AOSB3	-	source	identical	identical
IEFAB440	AOSB3	-	source	identical	holes
IEFAB441	AOSB3	-	source	identical	length
IEFAB442	AOSB3	-	source	identical	identical
IEFAB445	AOSB3	LPALIB	source	identical	identical
IEFAB451	AOSB3	-	source	identical	identical
IEFAB452	AOSB3	-	source	identical	holes
IEFAB453	AOSB3	-	source	identical	holes
IEFAB454	AOSB3	-	source	identical	identical
IEFAB455	AOSB3	-	source	identical	mixed
IEFAB456	AOSB3	-	source	identical	length
IEFAB457	AOSB3	-	source	identical	length
IEFAB458	AOSB3	-	source	identical	identical
IEFAB459	AOSB3	-	source	identical	length
IEFAB461	AOSB3	-	source	identical	length
IEFAB463	AOSB3	-	source	identical	holes
IEFAB464	AOSB3	-	source	identical	length
IEFAB466	AOSB3	-	source	identical	identical
IEFAB470	AOSB3	-	source	identical	mixed
IEFAB471	AOSB3	-	source	identical	length
IEFAB472	AOSB3	-	source	identical	length
IEFAB473	AOSB3	-	source	identical	identical
IEFAB474	AOSB3	-	source	identical	mixed
IEFAB475	AOSB3	-	source	identical	holes
IEFAB476	AOSB3	-	source	identical	holes
IEFAB477	AOSB3	-	source	identical	length
IEFAB479	AOSB3	-	source	identical	holes
IEFAB480	AOSB3	-	source	identical	holes
IEFAB481	AOSB3	-	source	identical	holes
IEFAB485	AOSB3	-	source	identical	length
IEFAB486	AOSB3	-	source	identical	length
IEFAB487	AOSB3	-	source	identical	length
IEFAB48A	AOSB3	-	source	identical	length
IEFAB490	AOSB3	-	source	identical	length
IEFAB491	AOSB3	-	source	identical	length
IEFAB492	AOSB3	-	source	identical	length
IEFAB493	AOSB3	-	source	identical	identical
IEFAB494	AOSB3	-	source	identical	length
IEFAB495	AOSB3	-	source	identical	identical
IEFAB496	AOSB3	-	source	identical	length
IEFAB498	AOSB3	-	source	identical	mixed
IEFAB499	AOSB3	-	source	identical	holes
IEFAB49A	AOSB3	-	source	identical	length
IEFAB49B	AOSB3	-	source	identical	length
IEFAB49C	AOSB3	LPALIB	source	identical	holes
IEFAB4A0	AOSB3	-	source	identical	identical
IEFAB4A2	AOSB3	-	source	identical	length
IEFAB4A3	AOSB3	-	source	identical	holes
IEFAB4A4	AOSB3	-	source	identical	length
IEFAB4A6	AOSB3	-	source	identical	length
IEFAB4A8	AOSB3	-	source	identical	length
IEFAB4DC	AOSB3	LPALIB	source	identical	length
IEFAB4DD	AOSB3	-	source	identical	length
IEFAB4E0	AOSB3	-	source	identical	length
IEFAB4E1	AOSB3	-	source	identical	identical
IEFAB4E2	AOSB3	-	source	identical	mixed
IEFAB4E3	AOSB3	-	source	identical	identical
IEFAB4E4	AOSB3	-	source	identical	identical
IEFAB4E5	AOSB3	LPALIB	source	identical	length
IEFAB4E6	AOSB3	-	source	identical	holes
IEFAB4E7	AOSB3	-	source	identical	length
IEFAB4E8	AOSB3	-	source	identical	length
IEFAB4E9	AOSB3	-	source	identical	holes
IEFAB4EA	AOSB3	-	source	identical	mixed
IEFAB4EB	AOSB3	-	source	identical	holes
IEFAB4EC	AOSB3	LPALIB	source	identical	length
IEFAB4ED	AOSB3	-	source	identical	length
IEFAB4F0	AOSB3	-	source	identical	length
IEFAB4F1	AOSB3	-	source	identical	holes
IEFAB4F2	AOSB3	-	source	identical	holes
IEFAB4F3	AOSB3	-	source	identical	holes
IEFAB4F7	AOSB3	-	source	identical	holes
IEFAB4F8	AOSB3	-	source	identical	holes
IEFAB4F9	AOSB3	-	source	identical	holes
IEFAB4FA	AOSB3	-	source	identical	length
IEFAB4FC	AOSB3	-	source	identical	length
IEFAB4FD	AOSB3	-	source	identical	holes
IEFAB4FE	AOSB3	-	source	identical	identical
IEFAB4FF	AOSB3	-	source	identical	holes
IEFAB4M6	AOSB3	-	source	identical	identical
IEFAB4M7	AOSB3	-	source	identical	identical
IEFAB4M9	AOSB3	-	source	identical	holes
IEFAB4SF	AOSB3	LPALIB	source	identical	identical
IEFAB4UV	AOSB3	LPALIB	source	identical	length
IEFAB820	AOSB3	-	source	identical	text
IEFACT	AOSB3	-	source	identical	length
IEFACTRT	AOSB3	-	source	identical	length
IEFAQTOP	AOSB3	-	source	identical	identical
IEFATECB	AOSB3	-	source	identical	identical
IEFBB402	AOSB3	-	source	identical	length
IEFBB404	AOSB3	-	source	identical	identical
IEFBB410	AOSB3	LPALIB	source	identical	length
IEFBB412	AOSB3	-	source	identical	holes
IEFBB414	AOSB3	-	source	identical	identical
IEFBB416	AOSB3	-	source	identical	length
IEFBB4M1	AOSB3	-	source	identical	holes
IEFBB4M2	AOSB3	-	source	identical	identical
IEFBB4M3	AOSB3	-	source	identical	length
IEFBB4M4	AOSB3	-	source	identical	length
IEFBB4M5	AOSB3	-	source	identical	length
IEFBR14	AOSB3	LINKLIB,LPALIB	source	identical	identical
IEFDB401	AOSB3	-	source	identical	holes
IEFDB402	AOSB3	-	source	identical	length
IEFDB403	AOSB3	-	source	identical	holes
IEFDB410	AOSB3	-	source	identical	length
IEFDB411	AOSB3	-	source	identical	length
IEFDB412	AOSB3	-	source	identical	length
IEFDB414	AOSB3	-	source	identical	length
IEFDB417	AOSB3	-	source	identical	holes
IEFDB450	AOSB3	-	source	identical	holes
IEFDB460	AOSB3	-	source	identical	holes
IEFDB470	AOSB3	-	source	identical	length
IEFDB480	AOSB3	-	source	identical	holes
IEFDB481	AOSB3	-	source	identical	holes
IEFDB490	AOSB3	-	source	identical	holes
IEFDB4A0	AOSB3	-	source	identical	text
IEFDB4D0	AOST4	LPALIB	source	identical	length
IEFDB4F8	AOSB3	-	source	identical	length
IEFDB4F9	AOSB3	-	source	identical	length
IEFDB4FA	AOSB3	-	source	identical	holes
IEFDB4FB	AOSB3	-	source	identical	identical
IEFDB4FC	AOSB3	-	source	identical	holes
IEFDB4FD	AOSB3	-	source	identical	holes
IEFDB4FF	AOSB3	-	source	identical	holes
IEFDPOST	AOSB3	-	source	identical	text
IEFDSLST	AOSB3	-	source	identical	holes
IEFDSTBL	AOSB3	-	source	identical	holes
IEFEB400	AOSB3	LINKLIB	source	identical	text
IEFEB4M1	AOSB3	-	source	identical	identical
IEFI922B	AOSB3	-	source	identical	holes
IEFIB600	AOSB3	LPALIB	source	identical	length
IEFIB605	AOSB3	-	source	identical	holes
IEFIB660	AOSB3	-	source	identical	length
IEFICATL	AOSB3	-	source	identical	holes
IEFIMASK	AOSB3	-	source	identical	holes
IEFIRECM	AOSB3	LPALIB	source	identical	holes
IEFJACTL	AOSB3	-	source	identical	holes
IEFJCDLT	AOSB3	-	source	identical	holes
IEFJCNTL	AOSB3	-	source	identical	text
IEFJDIRD	AOSB3	-	source	identical	holes
IEFJDSNA	AOSB3	LPALIB	source	identical	holes
IEFJDWRT	AOSB3	-	source	identical	identical
IEFJESDM	AOSB3	-	source	identical	identical
IEFJJCLS	AOSB3	-	source	identical	holes
IEFJJOBS	AOSB3	-	source	identical	holes
IEFJJTRM	AOSB3	LPALIB	source	identical	holes
IEFJRASP	AOSB3	LPALIB	source	identical	holes
IEFJREAD	AOSB3	-	source	identical	holes
IEFJRECM	AOSB3	LPALIB	source	identical	holes
IEFJSDTN	AOSB3	LPALIB	source	identical	identical
IEFJSINT	AOSB3	-	source	identical	identical
IEFJSREQ	AOSB3	LPALIB	source	identical	holes
IEFJSSNT	AOSB3	LINKLIB	source	identical	text
IEFJSWT	AOSB3	-	source	identical	length
IEFJWRTE	AOSB3	-	source	identical	holes
IEFNB901	AOSB3	-	source	identical	length
IEFNB902	AOSB3	-	source	identical	holes
IEFNB9CT	AOSB3	-	source	identical	holes
IEFNB9IT	AOSB3	-	source	identical	identical
IEFQB550	AOSB3	LPALIB	source	identical	length
IEFQB555	AOSB3	LPALIB	source	identical	length
IEFQB580	AOSB3	LPALIB	source	identical	holes
IEFQB585	AOSB3	LPALIB	source	identical	holes
IEFRSTRT	AOSB3	LPALIB	source	identical	identical
IEFSCAN	AOSB3	-	source	identical	length
IEFSD088	AOSB0	-	source	identical	length
IEFSD095	AOSB0	-	source	identical	length
IEFSD101	AOSB3	-	source	identical	text
IEFSD103	AOSB3	-	source	identical	length
IEFSD160	AOSB3	-	source	identical	length
IEFSD162	AOSB3	-	source	identical	mixed
IEFSD164	AOSB3	-	source	identical	length
IEFSD87M	-	-	source	identical	no-pair
IEFSD89M	-	-	source	identical	no-pair
IEFSDXXX	AOSB0	LPALIB	source	identical	holes
IEFSMFIE	AOSB3	-	source	identical	length
IEFTB720	AOSB3	-	source	identical	length
IEFTB721	AOSB3	-	source	identical	length
IEFTB723	AOSB3	-	source	identical	length
IEFU29	AOS00	-	source	identical	text
IEFU83	AOS00	LPALIB	source	identical	identical
IEFUJI	AOSB3	-	source	identical	length
IEFUJP	-	LPALIB	source	identical	no-pair
IEFUJV	AOSB3	LPALIB	source	identical	length
IEFUSI	AOSB3	-	source	identical	length
IEFUSO	-	LPALIB	source	identical	no-pair
IEFUTL	AOSB3	-	source	identical	length
IEFVDBSD	AOSB3	-	source	identical	length
IEFVGI	AOSB3	-	source	identical	text
IEFVGK	AOSB3	-	source	identical	text
IEFVGM	AOSB3	-	source	identical	length
IEFVGM1	AOSB3	LPALIB	source	identical	length
IEFVGM10	AOSB3	LPALIB	source	identical	length
IEFVGM11	AOSB3	LPALIB	source	identical	length
IEFVGM12	AOSB3	LPALIB	source	identical	length
IEFVGM13	AOSB3	LPALIB	source	identical	length
IEFVGM14	AOSB3	LPALIB	source	identical	length
IEFVGM15	AOSB3	LPALIB	source	identical	length
IEFVGM16	AOSB3	LPALIB	source	identical	length
IEFVGM17	AOSB3	LPALIB	source	identical	text
IEFVGM18	AOSB3	LPALIB	source	identical	length
IEFVGM19	AOSB3	LPALIB	source	identical	length
IEFVGM2	AOSB3	LPALIB	source	identical	length
IEFVGM3	AOSB3	LPALIB	source	identical	length
IEFVGM4	AOSB3	LPALIB	source	identical	length
IEFVGM5	AOSB3	LPALIB	source	identical	length
IEFVGM6	AOSB3	LPALIB	source	identical	length
IEFVGM7	AOSB3	LPALIB	source	identical	length
IEFVGM70	AOSB3	LPALIB	source	identical	length
IEFVGM71	AOSB3	LPALIB	source	identical	length
IEFVGM8	AOSB3	LPALIB	source	identical	length
IEFVGM9	AOSB3	LPALIB	source	identical	length
IEFVGM90	AOSB3	-	source	identical	identical
IEFVGS	AOSB3	-	source	identical	length
IEFVGT	AOSB3	-	source	identical	length
IEFVHC	AOSB3	-	source	identical	length
IEFVHE	AOSB3	-	source	identical	length
IEFVHH	AOSB3	-	source	identical	length
IEFVHL	AOSB3	-	source	identical	length
IEFVHM	AOSB3	-	source	identical	length
IEFVHN	AOSB3	-	source	identical	text
IEFVHQ	AOSB3	-	source	identical	length
IEFVINB	AOSB3	-	source	identical	length
IEFVINC	AOSB3	-	source	identical	holes
IEFVIND	AOSB3	-	source	identical	length
IEFVINE	AOSB3	-	source	identical	holes
IEFXB500	AOSB3	LPALIB	source	identical	length
IEFXB602	AOSB3	LPALIB	source	identical	holes
IEFXVNSL	AOSB3	-	source	identical	identical
IEHDAOUT	AOSU0	LINKLIB	source	identical	identical
IEHDCONS	AOSU0	-	source	identical	length
IEHDDATE	AOSU0	-	source	identical	identical
IEHDMSGB	AOSU0	LINKLIB	source	identical	identical
IEHDMSGS	AOSU0	-	source	identical	identical
IEHDPRNT	AOSU0	LINKLIB	source	identical	text
IEHDSCAN	AOSU0	LINKLIB	source	identical	identical
IEHLIST2	AOSU0	-	source	identical	identical
IEHLIST3	AOSU0	-	source	identical	length
IEHMESS	AOSU0	-	source	identical	identical
IEHMOVE	AOSU0	LINKLIB	source	identical	holes
IEHMVESA	AOSU0	LINKLIB	source	identical	identical
IEHMVESH	AOSU0	LINKLIB	source	identical	length
IEHMVESI	AOSU0	LINKLIB	source	identical	holes
IEHMVESJ	AOSU0	LINKLIB	source	identical	length
IEHMVESL	AOSU0	LINKLIB	source	identical	length
IEHMVESN	AOSU0	LINKLIB	source	identical	length
IEHMVESO	AOSU0	LINKLIB	source	identical	holes
IEHMVESR	AOSU0	LINKLIB	source	identical	length
IEHMVESU	AOSU0	LINKLIB	source	identical	length
IEHMVETG	AOSU0	LINKLIB	source	identical	length
IEHMVETJ	AOSU0	LINKLIB	source	identical	length
IEHMVMRY	AOSU0	-	source	identical	identical
IEHMVMRZ	AOSU0	-	source	identical	length
IEHMVMSN	AOSU0	-	source	identical	identical
IEHMVMSQ	AOSU0	-	source	identical	identical
IEHMVMSY	AOSU0	-	source	identical	length
IEHMVMTA	AOSU0	-	source	identical	identical
IEHMVMTL	AOSU0	-	source	identical	identical
IEHMVSRA	AOSU0	-	source	identical	holes
IEHMVSRD	AOSU0	-	source	identical	length
IEHMVSRM	AOSU0	-	source	identical	holes
IEHMVSRV	AOSU0	-	source	identical	length
IEHMVSRX	AOSU0	-	source	identical	length
IEHMVSRZ	AOSU0	-	source	identical	length
IEHMVSSV	AOSU0	-	source	identical	length
IEHMVSSZ	AOSU0	-	source	identical	length
IEHMVSTA	AOSU0	-	source	identical	length
IEHMVSTL	AOSU0	-	source	identical	length
IEHMVXSE	AOSU0	LINKLIB	source	identical	length
IEHMVXSF	AOSU0	LINKLIB	source	identical	text
IEHPRNT	AOSU0	LINKLIB	source	identical	holes
IEHPROG3	AOSU0	-	source	identical	length
IEHPROG4	AOSU0	-	source	identical	length
IEHPROG5	AOSU0	-	source	identical	length
IEHSCAN	AOSU0	LINKLIB	source	identical	identical
IER8BN	-	-	source	identical	no-pair
IER8BO	-	-	source	identical	no-pair
IER8CI	-	-	source	identical	no-pair
IER8DJ	-	-	source	identical	no-pair
IER8GB	-	-	source	identical	no-pair
IER8GC	-	-	source	identical	no-pair
IER8ON	-	-	source	identical	no-pair
IER8PA	-	-	source	identical	no-pair
IER8PM	-	-	source	identical	no-pair
IER9BN	-	-	source	identical	no-pair
IER9BO	-	-	source	identical	no-pair
IER9DJ	-	-	source	identical	no-pair
IER9GB	-	-	source	identical	no-pair
IER9GC	-	-	source	identical	no-pair
IER9GN	-	-	source	identical	no-pair
IER9ON	-	-	source	identical	no-pair
IER9PA	-	-	source	identical	no-pair
IERABA	-	-	source	identical	no-pair
IERABB	-	-	source	identical	no-pair
IERABC	-	-	source	identical	no-pair
IERABE	-	-	source	identical	no-pair
IERABF	-	-	source	identical	no-pair
IERABG	-	-	source	identical	no-pair
IERABH	-	-	source	identical	no-pair
IERABI	-	-	source	identical	no-pair
IERABJ	-	-	source	identical	no-pair
IERABK	-	-	source	identical	no-pair
IERABL	-	-	source	identical	no-pair
IERABM	-	-	source	identical	no-pair
IERABN	-	-	source	identical	no-pair
IERABO	-	-	source	identical	no-pair
IERABP	-	-	source	identical	no-pair
IERABQ	-	-	source	identical	no-pair
IERABR	-	-	source	identical	no-pair
IERABS	-	-	source	identical	no-pair
IERABT	-	-	source	identical	no-pair
IERABU	-	-	source	identical	no-pair
IERABV	-	-	source	identical	no-pair
IERABX	-	-	source	identical	no-pair
IERABY	-	-	source	identical	no-pair
IERABZ	-	-	source	identical	no-pair
IERADB	-	-	source	identical	no-pair
IERADC	-	-	source	identical	no-pair
IERADD	-	-	source	identical	no-pair
IERADE	-	-	source	identical	no-pair
IERADG	-	-	source	identical	no-pair
IERADH	-	-	source	identical	no-pair
IERADI	-	-	source	identical	no-pair
IERADJ	-	-	source	identical	no-pair
IERADL	-	-	source	identical	no-pair
IERADM	-	-	source	identical	no-pair
IERADP	-	-	source	identical	no-pair
IERADQ	-	-	source	identical	no-pair
IERADR	-	-	source	identical	no-pair
IERADS	-	-	source	identical	no-pair
IERADT	-	-	source	identical	no-pair
IERADX	-	-	source	identical	no-pair
IERAGA	-	-	source	identical	no-pair
IERAGB	-	-	source	identical	no-pair
IERAGC	-	-	source	identical	no-pair
IERAGD	-	-	source	identical	no-pair
IERAGE	-	-	source	identical	no-pair
IERAGF	-	-	source	identical	no-pair
IERAGG	-	-	source	identical	no-pair
IERAGH	-	-	source	identical	no-pair
IERAGI	-	-	source	identical	no-pair
IERAGJ	-	-	source	identical	no-pair
IERAGK	-	-	source	identical	no-pair
IERAGL	-	-	source	identical	no-pair
IERAGM	-	-	source	identical	no-pair
IERAGN	-	-	source	identical	no-pair
IERAGO	-	-	source	identical	no-pair
IERAGP	-	-	source	identical	no-pair
IERAM1	-	-	source	identical	no-pair
IERAMA	-	-	source	identical	no-pair
IERAMB	-	-	source	identical	no-pair
IERAMC	-	-	source	identical	no-pair
IERAO1	-	-	source	identical	no-pair
IERAO2	-	-	source	identical	no-pair
IERAO3	-	-	source	identical	no-pair
IERAOA	-	-	source	identical	no-pair
IERAOB	-	-	source	identical	no-pair
IERAOC	-	-	source	identical	no-pair
IERAOD	-	-	source	identical	no-pair
IERAOE	-	-	source	identical	no-pair
IERAOF	-	-	source	identical	no-pair
IERAOG	-	-	source	identical	no-pair
IERAOH	-	-	source	identical	no-pair
IERAOI	-	-	source	identical	no-pair
IERAOJ	-	-	source	identical	no-pair
IERAOK	-	-	source	identical	no-pair
IERAON	-	-	source	identical	no-pair
IERAOO	-	-	source	identical	no-pair
IERAOP	-	-	source	identical	no-pair
IERAOQ	-	-	source	identical	no-pair
IERAOR	-	-	source	identical	no-pair
IERAOS	-	-	source	identical	no-pair
IERAOT	-	-	source	identical	no-pair
IERAOU	-	-	source	identical	no-pair
IERAOV	-	-	source	identical	no-pair
IERAOW	-	-	source	identical	no-pair
IERAOX	-	-	source	identical	no-pair
IERAOY	-	-	source	identical	no-pair
IERAOZ	-	-	source	identical	no-pair
IERAP1	-	-	source	identical	no-pair
IERAP2	-	-	source	identical	no-pair
IERAP3	-	-	source	identical	no-pair
IERAPA	-	-	source	identical	no-pair
IERAPB	-	-	source	identical	no-pair
IERAPC	-	-	source	identical	no-pair
IERAPD	-	-	source	identical	no-pair
IERAPE	-	-	source	identical	no-pair
IERAPF	-	-	source	identical	no-pair
IERAPG	-	-	source	identical	no-pair
IERAPH	-	-	source	identical	no-pair
IERAPI	-	-	source	identical	no-pair
IERAPJ	-	-	source	identical	no-pair
IERAPK	-	-	source	identical	no-pair
IERAPL	-	-	source	identical	no-pair
IERAPN	-	-	source	identical	no-pair
IERAPO	-	-	source	identical	no-pair
IERBGA	-	-	source	identical	no-pair
IERBGB	-	-	source	identical	no-pair
IERCHK	-	-	source	identical	no-pair
IERDM4	-	-	source	identical	no-pair
IEREX1	-	-	source	identical	no-pair
IEREX2	-	-	source	identical	no-pair
IEREX3	-	-	source	identical	no-pair
IERRBA	-	-	source	identical	no-pair
IERRBB	-	-	source	identical	no-pair
IERRBC	-	-	source	identical	no-pair
IERRBE	-	-	source	identical	no-pair
IERRBF	-	-	source	identical	no-pair
IERRBG	-	-	source	identical	no-pair
IERRBH	-	-	source	identical	no-pair
IERRBI	-	-	source	identical	no-pair
IERRBJ	-	-	source	identical	no-pair
IERRBK	-	-	source	identical	no-pair
IERRBL	-	-	source	identical	no-pair
IERRBM	-	-	source	identical	no-pair
IERRBN	-	-	source	identical	no-pair
IERRBO	-	-	source	identical	no-pair
IERRBP	-	-	source	identical	no-pair
IERRBT	-	-	source	identical	no-pair
IERRBU	-	-	source	identical	no-pair
IERRBV	-	-	source	identical	no-pair
IERRBW	-	-	source	identical	no-pair
IERRBX	-	-	source	identical	no-pair
IERRBY	-	-	source	identical	no-pair
IERRBZ	-	-	source	identical	no-pair
IERRC1	-	-	source	identical	no-pair
IERRC2	-	-	source	identical	no-pair
IERRC3	-	-	source	identical	no-pair
IERRC4	-	-	source	identical	no-pair
IERRC6	-	-	source	identical	no-pair
IERRC7	-	-	source	identical	no-pair
IERRC8	-	-	source	identical	no-pair
IERRC9	-	-	source	identical	no-pair
IERRCA	-	-	source	identical	no-pair
IERRCC	-	-	source	identical	no-pair
IERRCD	-	-	source	identical	no-pair
IERRCE	-	-	source	identical	no-pair
IERRCF	-	-	source	identical	no-pair
IERRCG	-	-	source	identical	no-pair
IERRCI	-	-	source	identical	no-pair
IERRCK	-	-	source	identical	no-pair
IERRCL	-	-	source	identical	no-pair
IERRCM	-	-	source	identical	no-pair
IERRCN	-	-	source	identical	no-pair
IERRCO	-	-	source	identical	no-pair
IERRCP	-	-	source	identical	no-pair
IERRCQ	-	-	source	identical	no-pair
IERRCR	-	-	source	identical	no-pair
IERRCS	-	-	source	identical	no-pair
IERRCT	-	-	source	identical	no-pair
IERRCU	-	-	source	identical	no-pair
IERRCW	-	-	source	identical	no-pair
IERRCX	-	-	source	identical	no-pair
IERRCY	-	-	source	identical	no-pair
IERRCZ	-	-	source	identical	no-pair
IERRDB	-	-	source	identical	no-pair
IERRDC	-	-	source	identical	no-pair
IERRDD	-	-	source	identical	no-pair
IERRDE	-	-	source	identical	no-pair
IERRDG	-	-	source	identical	no-pair
IERRDH	-	-	source	identical	no-pair
IERRDI	-	-	source	identical	no-pair
IERRDJ	-	-	source	identical	no-pair
IERRDL	-	-	source	identical	no-pair
IERRDP	-	-	source	identical	no-pair
IERRDQ	-	-	source	identical	no-pair
IERRDR	-	-	source	identical	no-pair
IERRDS	-	-	source	identical	no-pair
IERRDT	-	-	source	identical	no-pair
IERRDX	-	-	source	identical	no-pair
IERRGA	-	-	source	identical	no-pair
IERRGB	-	-	source	identical	no-pair
IERRGC	-	-	source	identical	no-pair
IERRGD	-	-	source	identical	no-pair
IERRGE	-	-	source	identical	no-pair
IERRGF	-	-	source	identical	no-pair
IERRGL	-	-	source	identical	no-pair
IERRGM	-	-	source	identical	no-pair
IERRGO	-	-	source	identical	no-pair
IERRGP	-	-	source	identical	no-pair
IERRMA	-	-	source	identical	no-pair
IERRMB	-	-	source	identical	no-pair
IERRMC	-	-	source	identical	no-pair
IERRO3	-	-	source	identical	no-pair
IERROA	-	-	source	identical	no-pair
IERROB	-	-	source	identical	no-pair
IERROC	-	-	source	identical	no-pair
IERROD	-	-	source	identical	no-pair
IERROE	-	-	source	identical	no-pair
IERROF	-	-	source	identical	no-pair
IERROG	-	-	source	identical	no-pair
IERROH	-	-	source	identical	no-pair
IERROI	-	-	source	identical	no-pair
IERROJ	-	-	source	identical	no-pair
IERROK	-	-	source	identical	no-pair
IERRON	-	-	source	identical	no-pair
IERROO	-	-	source	identical	no-pair
IERROP	-	-	source	identical	no-pair
IERROQ	-	-	source	identical	no-pair
IERROR	-	-	source	identical	no-pair
IERROS	-	-	source	identical	no-pair
IERROT	-	-	source	identical	no-pair
IERROU	-	-	source	identical	no-pair
IERROV	-	-	source	identical	no-pair
IERROW	-	-	source	identical	no-pair
IERROX	-	-	source	identical	no-pair
IERROY	-	-	source	identical	no-pair
IERROZ	-	-	source	identical	no-pair
IERRPA	-	-	source	identical	no-pair
IERRPB	-	-	source	identical	no-pair
IERRPC	-	-	source	identical	no-pair
IERRPD	-	-	source	identical	no-pair
IERRPE	-	-	source	identical	no-pair
IERRPF	-	-	source	identical	no-pair
IERRPG	-	-	source	identical	no-pair
IERRPM	-	-	source	identical	no-pair
IERRPN	-	-	source	identical	no-pair
IERRPO	-	-	source	identical	no-pair
IEWSUOVR	AOSC2	-	source	identical	identical
IEWSWOVR	-	LPALIB	source	identical	no-pair
IEZDCODE	AOSB3	-	source	identical	length
IEZNCODE	AOSB3	-	source	identical	length
IFBDCB01	AOSCD	-	source	identical	identical
IFBDCB02	AOSCD	-	source	identical	identical
IFCDEVIC	AOSCD	-	source	identical	length
IFCEAEXX	AOSCD	LINKLIB	source	identical	identical
IFCECHAR	AOSCD	LINKLIB	source	identical	identical
IFCEDPA	AOSCD	LINKLIB	source	identical	identical
IFCENAGO	AOSCD	-	source	identical	identical
IFCEREP1	AOSCD	LINKLIB	source	identical	length
IFCESUMS	AOSCD	-	source	identical	length
IFCETRN8	AOSCD	LINKLIB	source	identical	identical
IFCEVENT	AOSCD	LINKLIB	source	identical	length
IFCEWHT1	AOSCD	LINKLIB	source	identical	identical
IFCFILT2	AOSCD	LINKLIB	source	identical	length
IFCFILT3	AOSCD	LINKLIB	source	identical	length
IFCFILT4	AOSCD	LINKLIB	source	identical	length
IFCFMTIO	AOSC5	-	source	identical	length
IFCFRAMC	AOSCD	-	source	identical	length
IFCFRAME	AOSCD	LINKLIB	source	identical	length
IFCFRAMM	AOSCD	-	source	identical	length
IFCNFPDR	AOSCD	LINKLIB	source	identical	length
IFCOFFLD	AOSCD	LINKLIB	source	identical	length
IFCPARM1	AOSCD	LINKLIB	source	identical	length
IFCPARM2	AOSCD	-	source	identical	length
IFCRDESM	AOSCD	LINKLIB	source	identical	length
IFCRFLO1	AOSCD	LINKLIB	source	identical	identical
IFCSCHAR	AOSCD	LINKLIB	source	identical	text
IFCSCRND	AOSCD	-	source	identical	identical
IFCSCRXX	AOSCD	LINKLIB	source	identical	identical
IFCSDASD	AOSCD	-	source	identical	length
IFCSHARE	AOSCD	-	source	identical	length
IFCSNAGO	AOSCD	-	source	identical	identical
IFCSYMCD	AOSCD	LINKLIB	source	identical	text
IFCSYSUM	AOSCD	LINKLIB	source	identical	length
IFCT1107	AOSCD	LINKLIB	source	identical	identical
IFCT1204	AOSCD	LINKLIB	source	identical	identical
IFCT1307	AOSCD	LINKLIB	source	identical	identical
IFCT2104	AOSCD	LINKLIB	source	identical	identical
IFCT2204	AOSCD	LINKLIB	source	identical	identical
IFCT2305	AOSCD	LINKLIB	source	identical	identical
IFCT3102	AOSCD	LINKLIB	source	identical	identical
IFCT3204	AOSCD	LINKLIB	source	identical	identical
IFCTA105	AOSCD	LINKLIB	source	identical	identical
IFCTA201	AOSCD	LINKLIB	source	identical	identical
IFCTA301	AOSCD	LINKLIB	source	identical	identical
IFCTABLE	AOSCD	LINKLIB	source	identical	identical
IFCTB105	AOSCD	LINKLIB	source	identical	identical
IFCTB205	AOSCD	LINKLIB	source	identical	identical
IFCTB305	AOSCD	LINKLIB	source	identical	identical
IFCTB405	AOSCD	LINKLIB	source	identical	identical
IFCTC104	AOSCD	LINKLIB	source	identical	identical
IFCTC201	AOSCD	LINKLIB	source	identical	identical
IFCTC205	AOSCD	LINKLIB	source	identical	identical
IFCTC301	AOSCD	LINKLIB	source	identical	identical
IFCTC305	AOSCD	LINKLIB	source	identical	identical
IFCTC401	AOSCD	LINKLIB	source	identical	identical
IFCTHRSH	AOSCD	LINKLIB	source	identical	length
IFCTREND	AOSCD	LINKLIB	source	identical	length
IFDMSG05	AOS06	-	source	identical	holes
IFDMSG07	AOS06	-	source	identical	holes
IFDMSG08	AOS06	-	source	identical	holes
IFDMSG50	AOS06	-	source	identical	holes
IFDMSG53	AOS06	-	source	identical	holes
IFDMSG56	AOS06	-	source	identical	holes
IFDMSG73	AOS06	-	source	identical	holes
IFDMSG74	AOS06	-	source	identical	holes
IFDOLT09	AOS06	-	source	identical	holes
IFDOLT0A	AOS06	-	source	identical	identical
IFDOLT10	AOS06	-	source	identical	holes
IFDOLT11	AOS06	-	source	identical	holes
IFDOLT23	AOS06	-	source	identical	holes
IFDOLT36	AOS06	-	source	identical	length
IFDOLT44	AOS06	-	source	identical	length
IFDOLT51	AOS06	-	source	identical	mixed
IFDOLT58	AOS06	LINKLIB	source	identical	length
IFDOLT59	AOS06	-	source	identical	holes
IFDOLTAA	AOS06	-	source	identical	mixed
IFDOLTAB	AOS06	-	source	identical	mixed
IFFABA	AOSG0	-	source	identical	length
IFFAHA11	AOS07	-	source	identical	length
IFFAJA01	AOS07	-	source	identical	identical
IFFCAN01	AOSG0	LINKLIB	source	identical	length
IFFCAN03	AOSG0	LINKLIB	source	identical	identical
IFFPLARE	AOSG0	-	source	identical	identical
IFFPPASG	AOSG0	-	source	identical	identical
IFG0199I	-	-	source	identical	no-pair
IFG0558X	AOSD0	-	source	identical	mixed
IFG0559C	AOSD0	LPALIB	source	identical	identical
IFG0EX0A	AOSD0	LPALIB	source	identical	identical
IFHSTATR	AOSU0	LINKLIB	source	identical	holes
IFOX0B	AOS03	-	source	identical	text
IFOX0J	AOS03	-	source	identical	identical
IGC0001G	-	LPALIB	source	identical	no-pair
IGC0002D	AOSD0	LPALIB	source	identical	length
IGC0002E	AOSD0	LPALIB	source	identical	length
IGC0003I	AOSU0	LPALIB	source	identical	identical
IGC0005D	AOSD8	LPALIB	source	identical	identical
IGC0006A	-	LPALIB	source	identical	no-pair
IGC0006F	AOS20	LPALIB	source	identical	length
IGC0007C	AOSG0	LPALIB	source	identical	length
IGC0007D	AOSG0	LPALIB	source	identical	length
IGC0007E	AOSG0	LPALIB	source	identical	length
IGC0008E	AOSCE	LPALIB	source	identical	holes
IGC0008F	AOSU0	LPALIB	source	identical	length
IGC0008H	AOSC5	LPALIB	source	identical	length
IGC0009G	-	LPALIB	source	identical	no-pair
IGC0009H	AOSD0	LPALIB	source	identical	length
IGC0012F	AOSD0	-	source	identical	length
IGC0106F	AOS20	LPALIB	source	identical	identical
IGC0106H	AOSD0	-	source	identical	length
IGC0109H	AOSD0	LPALIB	source	identical	length
IGC0112F	AOSD0	-	source	identical	length
IGC017	-	-	source	identical	no-pair
IGC0203E	AOSB3	-	source	identical	length
IGC0206F	AOS20	LPALIB	source	identical	holes
IGC0209H	AOSD0	LPALIB	source	identical	length
IGC0306F	AOS20	LPALIB	source	identical	holes
IGC0306H	AOSD0	-	source	identical	length
IGC0308B	AOSU0	LPALIB	source	identical	identical
IGC0406F	AOS20	LPALIB	source	identical	holes
IGC0406H	AOSD0	-	source	identical	length
IGC0506F	AOS20	LPALIB	source	identical	length
IGC0506H	AOSD0	-	source	identical	length
IGC0508B	AOSU0	LPALIB	source	identical	identical
IGC058	AOS20	-	source	identical	text
IGC0606F	AOS20	LPALIB	source	identical	holes
IGC0606H	AOSD0	-	source	identical	length
IGC0706F	AOS20	LPALIB	source	identical	identical
IGC0706H	AOSD0	-	source	identical	length
IGC0806F	AOS20	LPALIB	source	identical	holes
IGC0806H	AOSD0	-	source	identical	length
IGC084	AOSG0	-	source	identical	text
IGC0906H	AOSD0	-	source	identical	length
IGC0B06F	AOS20	LPALIB	source	identical	holes
IGC0D06F	AOS20	LPALIB	source	identical	length
IGC0E06F	AOS20	LPALIB	source	identical	length
IGC0F06F	AOS20	LPALIB	source	identical	length
IGC0G10D	AOS21	LPALIB	source	identical	length
IGC1006F	AOS20	LPALIB	source	identical	length
IGC1106F	AOS20	LPALIB	source	identical	length
IGC111	AOSB3	-	source	identical	text
IGC1206F	AOS20	LPALIB	source	identical	length
IGC1306F	AOS20	LPALIB	source	identical	text
IGC1406F	AOS20	LPALIB	source	identical	mixed
IGCDM10D	AOS21	LPALIB	source	identical	identical
IGCFR10D	AOS21	LPALIB	source	identical	identical
IGCMSG6C	-	LPALIB	source	identical	no-pair
IGCN010D	AOS21	LPALIB	source	identical	length
IGCT0018	AOSD0	LPALIB	source	identical	length
IGCT0021	AOSD0	LPALIB	source	identical	length
IGCT002D	AOSD0	LPALIB	source	identical	identical
IGCT002E	AOSD0	LPALIB	source	identical	identical
IGCT0069	AOSD0	LPALIB	source	identical	identical
IGCT006H	AOSD0	LPALIB	source	identical	identical
IGCT010E	AOSD0	LPALIB	source	identical	text
IGCT1081	AOSD0	LPALIB	source	identical	identical
IGCVK10D	AOS21	LPALIB	source	identical	identical
IGE0000D	AOSCA	LPALIB	source	identical	length
IGE0000E	AOSCA	-	source	identical	identical
IGE0000G	AOSCA	LPALIB	source	identical	unpaired
IGE0001A	AOSCA	LPALIB	source	identical	length
IGE0001C	AOSCA	LPALIB	source	identical	length
IGE0001F	AOSCA	-	source	identical	holes
IGE0001G	AOSD0	-	source	identical	identical
IGE0002B	AOSD0	-	source	identical	text
IGE0002C	AOSD0	-	source	identical	length
IGE0002E	AOSC5	LPALIB	source	identical	length
IGE0003C	AOSCA	-	source	identical	length
IGE0004B	AOS20	LPALIB	source	identical	length
IGE0004D	AOS20	LPALIB	source	identical	length
IGE0010A	AOSG0	-	source	identical	length
IGE0010B	AOSG0	-	source	identical	length
IGE0010D	AOSG0	-	source	identical	length
IGE0010E	AOSG0	LPALIB	source	identical	length
IGE0011A	AOSU0	-	source	identical	length
IGE0011C	AOSD0	-	source	identical	length
IGE0011D	AOSD0	-	source	identical	length
IGE0011E	AOSD0	-	source	identical	text
IGE0025C	-	LPALIB	source	identical	no-pair
IGE0025D	-	LPALIB	source	identical	no-pair
IGE0025F	-	LPALIB	source	identical	no-pair
IGE0101F	AOSCA	-	source	identical	length
IGE0104A	AOS20	LPALIB	source	identical	length
IGE0104B	AOS20	LPALIB	source	identical	length
IGE0104C	AOS20	LPALIB	source	identical	text
IGE0104H	AOS21	LPALIB	source	identical	identical
IGE0125F	-	LPALIB	source	identical	no-pair
IGE0204A	AOS20	LPALIB	source	identical	length
IGE0204B	AOS20	LPALIB	source	identical	length
IGE0301H	AOSCA	-	source	identical	length
IGE0304A	AOS20	LPALIB	source	identical	length
IGE0304B	AOS20	LPALIB	source	identical	length
IGE0304C	AOS20	LPALIB	source	identical	length
IGE0404A	AOS20	LPALIB	source	identical	length
IGE0404B	AOS20	LPALIB	source	identical	length
IGE0404C	AOS20	LPALIB	source	identical	length
IGE0404H	AOS21	LPALIB	source	identical	length
IGE0504A	AOS20	LPALIB	source	identical	length
IGE0504B	AOS20	LPALIB	source	identical	length
IGE0504C	AOS20	LPALIB	source	identical	length
IGE0504G	AOS21	LPALIB	source	identical	length
IGE0604A	AOS20	LPALIB	source	identical	length
IGE0604B	AOS20	LPALIB	source	identical	length
IGE0604C	AOS20	LPALIB	source	identical	length
IGE0704A	AOS20	LPALIB	source	identical	length
IGE0704B	AOS20	LPALIB	source	identical	length
IGE0704C	AOS20	LPALIB	source	identical	length
IGE0804A	AOS20	LPALIB	source	identical	length
IGE0804B	AOS20	LPALIB	source	identical	length
IGE0804C	AOS20	LPALIB	source	identical	length
IGE0804H	AOS21	LPALIB	source	identical	identical
IGE0904A	AOS20	LPALIB	source	identical	length
IGE0904C	AOS20	LPALIB	source	identical	length
IGF2603D	AOSCE	-	source	identical	identical
IGFC70	AOSCE	LINKLIB	source	identical	text
IGFC80	AOSCE	LINKLIB	source	identical	text
IGFCHDA	AOSCE	-	source	identical	identical
IGFCIC	AOSCE	LINKLIB	source	identical	length
IGFDD1	AOSCE	-	source	identical	holes
IGFDE0	AOSCE	-	source	identical	length
IGFDI0	AOSCE	LPALIB	source	identical	identical
IGFDI1	AOSCE	-	source	identical	length
IGFDL1	AOSCE	-	source	identical	holes
IGFDM0	AOSCE	-	source	identical	holes
IGFDM1	AOSCE	-	source	identical	length
IGFDMTXT	AOSCE	-	source	identical	length
IGFDS0	AOSCE	LPALIB	source	identical	mixed
IGFDT1	AOSCE	-	source	identical	length
IGFDT2	AOSCE	-	source	identical	text
IGFDU1	AOSCE	-	source	identical	holes
IGFDV0	AOSCE	-	source	identical	length
IGFDW0	AOSCE	-	source	identical	length
IGFPKREF	AOSCE	-	source	identical	text
IGFPMHCA	AOSCE	-	source	identical	text
IGFPMKTA	AOSCE	-	source	identical	text
IGFPMMSG	AOSCE	-	source	identical	identical
IGFPMPFX	AOSCE	-	source	identical	text
IGFPMSCA	AOSCE	-	source	identical	identical
IGFPMTHA	AOSCE	-	source	identical	identical
IGFPNSAV	AOSC5	-	source	identical	identical
IGFPSAD0	AOSCE	-	source	identical	identical
IGFPTAIM	AOSCE	-	source	identical	text
IGFPTERM	AOSCE	-	source	identical	identical
IGFPWMSG	AOSCE	-	source	identical	length
IGFPXMFA	AOSCE	-	source	identical	identical
IGFRWAC	AOSCE	-	source	identical	identical
IGG0192J	AOSD8	LPALIB	source	identical	length
IGG0194N	AOS20	LPALIB	source	identical	length
IGG0197J	AOSD0	-	source	identical	identical
IGG0197K	AOSD0	-	source	identical	identical
IGG0197L	AOSD0	LPALIB	source	identical	text
IGG0197M	AOSD0	LPALIB	source	identical	mixed
IGG0198L	AOSD0	LPALIB	source	identical	text
IGG0199W	AOSD0	LPALIB	source	identical	length
IGG019A4	AOSU0	-	source	identical	identical
IGG019AA	AOSD0	LPALIB	source	identical	length
IGG019AB	AOSD0	LPALIB	source	identical	length
IGG019AC	AOSD0	LPALIB	source	identical	text
IGG019AD	AOSD0	LPALIB	source	identical	length
IGG019AE	AOSD0	LPALIB	source	identical	length
IGG019AF	AOSD0	LPALIB	source	identical	length
IGG019AG	AOSD0	LPALIB	source	identical	identical
IGG019AH	AOSD0	LPALIB	source	identical	mixed
IGG019AI	AOSD0	LPALIB	source	identical	identical|unpaired
IGG019AJ	AOSD0	LPALIB	source	identical	length
IGG019AK	AOSD0	LPALIB	source	identical	length
IGG019AL	AOSD0	LPALIB	source	identical	length
IGG019AM	AOSD0	LPALIB	source	identical	text
IGG019AN	AOSD0	LPALIB	source	identical	identical
IGG019AQ	AOSD0	LPALIB	source	identical	length
IGG019AR	AOSD0	LPALIB	source	identical	length
IGG019AT	AOSD0	LPALIB	source	identical	holes
IGG019AV	AOSD0	LPALIB	source	identical	length
IGG019AW	AOSD0	LPALIB	source	identical	length
IGG019AX	AOSD0	LPALIB	source	identical	identical
IGG019B0	AOSD0	LPALIB	source	identical	identical
IGG019BA	AOSD0	LPALIB	source	identical	length
IGG019BB	AOSD0	LPALIB	source	identical	length
IGG019BC	AOSD0	LPALIB	source	identical	length
IGG019BD	AOSD0	LPALIB	source	identical	text
IGG019BE	AOSD0	LPALIB	source	identical	length
IGG019BF	AOSD0	LPALIB	source	identical	length
IGG019BG	AOSD0	LPALIB	source	identical	identical|unpaired
IGG019BH	AOSD0	LPALIB	source	identical	length
IGG019BI	AOSD0	LPALIB	source	identical	length
IGG019BK	AOSD0	LPALIB	source	identical	length
IGG019BL	AOSD0	LPALIB	source	identical	length
IGG019BM	AOSD0	LPALIB	source	identical	length
IGG019BP	AOSD0	LPALIB	source	identical	length
IGG019BQ	AOSD0	LPALIB	source	identical	length
IGG019BS	AOSD7	LPALIB	source	identical	identical
IGG019BT	AOSD7	LPALIB	source	identical	holes
IGG019BU	AOSD7	LPALIB	source	identical	identical
IGG019BV	AOSD7	LPALIB	source	identical	length
IGG019C0	AOSD0	LPALIB	source	identical	length
IGG019C1	AOSD0	LPALIB	source	identical	length
IGG019C3	AOSD0	LPALIB	source	identical	length
IGG019C4	AOSD0	LPALIB	source	identical	length
IGG019CA	AOSD0	LPALIB	source	identical	identical
IGG019CB	AOSD0	LPALIB	source	identical	length
IGG019CC	AOSD0	LPALIB	source	identical	length
IGG019CE	AOSD0	LPALIB	source	identical	length
IGG019CF	AOSD0	LPALIB	source	identical	length
IGG019CG	AOSD0	LPALIB	source	identical	length
IGG019CH	AOSD0	LPALIB	source	identical	length
IGG019CI	AOSD0	LPALIB	source	identical	length
IGG019CJ	AOSD0	LPALIB	source	identical	length
IGG019CL	AOSD0	LPALIB	source	identical	length
IGG019CM	AOSD0	LPALIB	source	identical	identical
IGG019CN	AOSD0	LPALIB	source	identical	identical
IGG019CO	AOSD0	LPALIB	source	identical	identical
IGG019CP	AOSD0	LPALIB	source	identical	identical
IGG019CQ	AOSD0	LPALIB	source	identical	identical
IGG019CR	AOSD0	LPALIB	source	identical	identical
IGG019CS	AOSD0	LPALIB	source	identical	length
IGG019CT	AOSD0	LPALIB	source	identical	length
IGG019CV	AOSD0	LPALIB	source	identical	length
IGG019CW	AOSD0	LPALIB	source	identical	length
IGG019CX	AOSD0	LPALIB	source	identical	length
IGG019CY	AOSD0	LPALIB	source	identical	length
IGG019CZ	AOSD0	LPALIB	source	identical	length
IGG019DA	AOSD7	LPALIB	source	identical	length
IGG019DB	AOSD7	LPALIB	source	identical	length
IGG019DC	AOSD7	LPALIB	source	identical	identical
IGG019DD	AOSD7	LPALIB	source	identical	length
IGG019DJ	AOSD0	LPALIB	source	identical	length
IGG019DK	AOSD0	LPALIB	source	identical	length
IGG019EI	AOSD0	LPALIB	source	identical	length
IGG019EJ	AOSD0	LPALIB	source	identical	length
IGG019EM	AOS21	SVCLIB	source	identical	identical
IGG019FA	AOSD0	LPALIB	source	identical	holes
IGG019FB	AOSD0	LPALIB	source	identical	length
IGG019FD	AOSD0	LPALIB	source	identical	length
IGG019FF	AOSD0	LPALIB	source	identical	length
IGG019FG	AOSD0	LPALIB	source	identical	length
IGG019FJ	AOSD0	LPALIB	source	identical	length
IGG019FK	AOSD0	LPALIB	source	identical	holes
IGG019FL	AOSD0	LPALIB	source	identical	length
IGG019FP	AOSD0	LPALIB	source	identical	length
IGG019FR	AOSD0	LPALIB	source	identical	length
IGG019FS	AOSD0	LPALIB	source	identical	length
IGG019FU	AOSD0	LPALIB	source	identical	length
IGG019GE	AOSD8	LPALIB	source	identical	identical
IGG019GF	AOSD8	LPALIB	source	identical	identical
IGG019HA	AOSD8	LPALIB	source	identical	length
IGG019HF	AOSD8	LPALIB	source	identical	identical
IGG019HJ	AOSD8	LPALIB	source	identical	identical
IGG019HK	AOSD8	LPALIB	source	identical	length
IGG019HL	AOSD8	LPALIB	source	identical	identical
IGG019HP	AOSD8	LPALIB	source	identical	text
IGG019HT	AOSD0	LPALIB	source	identical	identical
IGG019IE	AOSD8	LPALIB	source	identical	identical
IGG019IF	AOSD8	LPALIB	source	identical	identical
IGG019JA	AOSD7	LPALIB	source	identical	length
IGG019JB	AOSD7	-	source	identical	text
IGG019JC	AOSD8	LPALIB	source	identical	holes
IGG019JD	AOSD0	LPALIB	source	identical	identical
IGG019JJ	AOSD8	LPALIB	source	identical	identical
IGG019JK	AOSD8	LPALIB	source	identical	identical
IGG019JL	AOSD8	LPALIB	source	identical	identical
IGG019JM	AOSD8	LPALIB	source	identical	identical
IGG019JN	AOSD8	LPALIB	source	identical	text
IGG019JO	AOSD8	LPALIB	source	identical	text
IGG019JP	AOSD8	LPALIB	source	identical	text
IGG019JQ	AOSD8	LPALIB	source	identical	text
IGG019JR	AOSD8	LPALIB	source	identical	text
IGG019JS	AOSD8	LPALIB	source	identical	text
IGG019JT	AOSD8	LPALIB	source	identical	text
IGG019JU	AOSD8	LPALIB	source	identical	text
IGG019JV	AOSD8	LPALIB	source	identical	identical
IGG019JW	AOSD8	LPALIB	source	identical	text
IGG019JX	AOSD8	LPALIB	source	identical	identical
IGG019KC	AOSD7	-	source	identical	identical
IGG019KE	AOSD7	-	source	identical	identical
IGG019KF	AOSD7	-	source	identical	identical
IGG019KI	AOSD7	-	source	identical	identical
IGG019KK	AOSD7	-	source	identical	length
IGG019KL	AOSD7	-	source	identical	mixed
IGG019KM	AOSD7	LPALIB	source	identical	length
IGG019KO	AOSD7	LPALIB	source	identical	identical
IGG019KQ	AOSD7	-	source	identical	identical
IGG019KR	AOSD7	-	source	identical	identical
IGG019KU	AOSD7	LPALIB	source	identical	length
IGG019KW	AOSD7	-	source	identical	identical
IGG019KY	AOSD7	-	source	identical	holes
IGG019LA	AOSD7	-	source	identical	identical
IGG019LC	AOSD7	LPALIB	source	identical	length
IGG019LE	AOSD7	LPALIB	source	identical	length
IGG019LI	AOSD7	LPALIB	source	identical	identical
IGG019LP	AOS20	LPALIB	source	identical	holes
IGG019LS	AOSD0	-	source	identical	length
IGG019LT	AOSD0	-	source	identical	holes
IGG019LU	AOSD0	-	source	identical	holes
IGG019M1	AOS20	LPALIB	source	identical	text
IGG019M2	AOS20	LPALIB	source	identical	identical
IGG019M4	AOS20	LPALIB	source	identical	identical
IGG019M5	AOS20	LPALIB	source	identical	identical
IGG019M6	AOS20	LPALIB	source	identical	identical
IGG019MF	AOS20	LPALIB	source	identical	identical
IGG019MI	AOS20	LPALIB	source	identical	identical
IGG019ML	AOS20	LPALIB	source	identical	identical
IGG019MR	AOS20	SVCLIB	source	identical	text
IGG019MS	AOS20	SVCLIB	source	identical	text
IGG019MT	AOS20	LPALIB	source	identical	identical
IGG019MX	AOS20	LPALIB	source	identical	identical
IGG019OB	AOSG0	LPALIB	source	identical	text
IGG019OC	AOSG0	LPALIB	source	identical	text
IGG019OE	AOSG0	LPALIB	source	identical	length
IGG019OJ	AOSG0	LPALIB	source	identical	identical
IGG019P2	AOSU0	SVCLIB	source	identical	identical
IGG019P8	AOSU0	LPALIB	source	identical	identical
IGG019PA	AOS20	LPALIB	source	identical	length
IGG019PC	AOS20	LPALIB	source	identical	identical
IGG019PG	AOS20	LPALIB	source	identical	length
IGG019PH	AOS20	LPALIB	source	identical	length
IGG019PI	AOS20	LPALIB	source	identical	length
IGG019PK	AOS20	LPALIB	source	identical	length
IGG019PL	AOS20	LPALIB	source	identical	identical
IGG019PM	AOS20	LPALIB	source	identical	identical
IGG019PN	AOS20	LPALIB	source	identical	identical
IGG019PO	AOS20	LPALIB	source	identical	identical
IGG019PQ	AOS20	LPALIB	source	identical	identical
IGG019R7	AOS21	SVCLIB	source	identical	identical
IGG019R8	AOS21	SVCLIB	source	identical	identical
IGG019R9	AOS21	SVCLIB	source	identical	identical
IGG019RE	AOS21	SVCLIB	source	identical	identical
IGG019RR	AOS21	SVCLIB	source	identical	identical
IGG019RS	AOS21	SVCLIB	source	identical	identical
IGG019RT	AOS21	SVCLIB	source	identical	identical
IGG019RU	AOS21	SVCLIB	source	identical	identical
IGG019RV	AOS21	SVCLIB	source	identical	identical
IGG019RW	AOS21	SVCLIB	source	identical	identical
IGG019RX	AOS21	SVCLIB	source	identical	identical
IGG019RY	AOS21	SVCLIB	source	identical	identical
IGG019RZ	AOS21	SVCLIB	source	identical	identical
IGG019SI	AOSC6	LPALIB	source	identical	holes
IGG019T3	AOST3	LPALIB	source	identical	length
IGG019T4	AOST3	LPALIB	source	identical	length
IGG019T5	AOST3	LPALIB	source	identical	length
IGG019T6	AOST3	LPALIB	source	identical	length
IGG019T7	AOST3	LPALIB	source	identical	length
IGG019T8	AOST3	LPALIB	source	identical	length
IGG019TC	AOSD0	LPALIB	source	identical	length
IGG019TM	AOS21	SVCLIB	source	identical	identical
IGG019TV	AOSD0	LPALIB	source	identical	length
IGG019TW	AOSD0	LPALIB	source	identical	length
IGG019TX	AOST3	LPALIB	source	identical	holes
IGG019TY	AOST3	LPALIB	source	identical	identical
IGG019TZ	AOST3	LPALIB	source	identical	identical
IGG019UM	AOSD0	-	source	identical	holes
IGG019UN	AOSD0	-	source	identical	holes
IGG019UO	AOSD0	-	source	identical	identical
IGG019UP	AOS20	LPALIB	source	identical	length
IGG019V1	AOSD0	-	source	identical	text
IGG019V3	AOSD0	-	source	identical	text
IGG019V4	AOSD0	-	source	identical	text
IGG019VA	AOSD0	-	source	identical	identical
IGG019VB	AOSD0	-	source	identical	identical
IGG019VC	AOSD0	-	source	identical	identical
IGG019VD	AOSD0	-	source	identical	identical
IGG019VF	AOSD0	-	source	identical	identical
IGG019VH	AOSD0	-	source	identical	identical
IGG019VI	AOSD0	-	source	identical	identical
IGG019VJ	AOSD0	-	source	identical	identical
IGG019VK	AOSD0	-	source	identical	identical
IGG019VV	AOSD0	-	source	identical	holes
IGG019VW	AOSD0	-	source	identical	length
IGG0201W	AOSD0	LPALIB	source	identical	mixed
IGG0202B	AOSD8	LPALIB	source	identical	text
IGG020FC	AOSD0	LPALIB	source	identical	mixed
IGG020T1	AOSD0	LPALIB	source	identical	identical
IGG0210A	AOSD0	-	source	identical	length
IGG026DU	AOSD0	-	source	identical	identical
IGG029DM	AOSD0	-	source	identical	identical
IGG029DU	AOSD0	-	source	identical	identical
IGG030DU	AOSD0	-	source	identical	identical
IGG08110	AOSD0	LPALIB	source	identical	identical
IGG08111	AOSD0	LPALIB	source	identical	identical
IGG08112	AOSD0	LPALIB	source	identical	identical
IGG08113	AOSD0	LPALIB	source	identical	length
IGG08114	AOSD0	LPALIB	source	identical	identical
IGG08115	AOSD0	LPALIB	source	identical	identical
IGG08116	AOSD0	LPALIB	source	identical	text
IGG08117	AOSD0	LPALIB	source	identical	text
IGG0860A	AOSU0	LPALIB	source	identical	mixed
IGG0860B	AOSU0	LPALIB	source	identical	mixed
IGG0860D	AOSU0	LPALIB	source	identical	mixed
IGG09300	AOST3	-	source	identical	identical
IGG09402	AOST3	-	source	identical	length
IGG09403	AOST3	-	source	identical	mixed
IGG09404	AOST3	-	source	identical	text
IGG09405	AOST3	-	source	identical	holes
IGG09406	AOST3	-	source	identical	holes
IGG09407	AOST3	-	source	identical	identical
IGG09408	AOST3	-	source	identical	length
IGG09409	AOST3	-	source	identical	length
IGG0940A	AOST3	-	source	identical	length
IGG0940B	AOST3	-	source	identical	identical
IGG0940C	AOST3	-	source	identical	identical
IGG0940D	AOST3	-	source	identical	identical
IGG0940E	AOST3	-	source	identical	identical
IGG0940G	AOST3	-	source	identical	length
IGG09414	AOST3	-	source	identical	identical
IGG0CLA0	AOSA0	LINKLIB	source	identical	length
IGG0CLA1	AOSA0	LPALIB	source	identical	holes
IGG0CLA2	AOSA0	-	source	identical	length
IGG0CLA3	AOSA0	-	source	identical	length
IGG0CLA4	AOSA0	-	source	identical	length
IGG0CLA5	AOSA0	-	source	identical	length
IGG0CLA6	AOSA0	-	source	identical	length
IGG0CLA7	AOSA0	-	source	identical	length
IGG0CLA8	AOSA0	-	source	identical	length
IGG0CLAA	AOSA0	-	source	identical	holes
IGG0CLAB	AOSA0	-	source	identical	text
IGG0CLAC	AOSA0	-	source	identical	length
IGG0CLAD	AOSA0	-	source	identical	length
IGG0CLAE	AOSA0	-	source	identical	length
IGG0CLAF	AOSA0	-	source	identical	length
IGG0CLAG	AOSA0	-	source	identical	length
IGG0CLAH	AOSA0	-	source	identical	length
IGG0CLAI	AOSA0	-	source	identical	length
IGG0CLAJ	AOSA0	-	source	identical	holes
IGG0CLAK	AOSA0	-	source	identical	length
IGG0CLAL	AOSA0	-	source	identical	length
IGG0CLAM	AOSA0	-	source	identical	length
IGG0CLAN	AOSA0	-	source	identical	length
IGG0CLAO	AOSA0	-	source	identical	mixed
IGG0CLAP	AOSA0	-	source	identical	length
IGG0CLAQ	AOSA0	-	source	identical	length
IGG0CLAR	AOSA0	-	source	identical	length
IGG0CLAS	AOSA0	-	source	identical	length
IGG0CLAT	AOSA0	-	source	identical	length
IGG0CLAU	AOSA0	-	source	identical	holes
IGG0CLAV	AOSA0	-	source	identical	holes
IGG0CLAW	AOSA0	-	source	identical	length
IGG0CLAX	AOSA0	-	source	identical	length
IGG0CLAZ	AOSA0	-	source	identical	length
IGG0CLB0	AOSA0	-	source	identical	length
IGG0CLB1	AOSA0	-	source	identical	length
IGG0CLB2	AOSA0	-	source	identical	holes
IGG0CLB3	AOSA0	-	source	identical	holes
IGG0CLB4	AOSA0	-	source	identical	mixed
IGG0CLB5	AOSA0	-	source	identical	length
IGG0CLB6	AOSA0	-	source	identical	length
IGG0CLB7	AOSA0	-	source	identical	length
IGG0CLB8	AOSA0	-	source	identical	length
IGG0CLB9	AOSA0	-	source	identical	length
IGG0CLBA	AOSA0	-	source	identical	length
IGG0CLBB	AOSA0	-	source	identical	length
IGG0CLBC	AOSA0	-	source	identical	holes
IGG0CLBD	AOSA0	-	source	identical	length
IGG0CLBE	AOSA0	-	source	identical	length
IGG0CLBF	AOSA0	-	source	identical	holes
IGG0CLBG	AOSA0	-	source	identical	length
IGG0CLBH	AOSA0	-	source	identical	length
IGG0CLBJ	AOSA0	-	source	identical	holes
IGG0CLBK	AOSA0	-	source	identical	length
IGG0CLBL	AOSA0	-	source	identical	length
IGG0CLBM	AOSA0	-	source	identical	length
IGG0CLBN	AOSA0	-	source	identical	length
IGG0CLBO	AOSA0	-	source	identical	length
IGG0CLBP	AOSA0	-	source	identical	length
IGG0CLBQ	AOSA0	-	source	identical	holes
IGG0CLBR	AOSA0	-	source	identical	holes
IGG0CLBS	AOSA0	-	source	identical	length
IGG0CLBT	AOSA0	-	source	identical	length
IGG0CLBU	AOSA0	-	source	identical	length
IGG0CLBV	AOSA0	-	source	identical	length
IGG0CLBW	AOSA0	-	source	identical	length
IGG0CLBX	AOSA0	-	source	identical	text
IGG0CLBY	AOSA0	-	source	identical	length
IGG0CLBZ	AOSA0	-	source	identical	length
IGG0CLCB	AOSD0	-	source	identical	length
IGG0CLDA	AOSA0	-	source	identical	mixed
IGG0CLDC	AOSA0	-	source	identical	length
IGG0CLDD	AOSA0	-	source	identical	length
IGG1AN	AOSD0	-	source	identical	identical
IGG1HN	AOSD0	-	source	identical	identical
IGG1PCAN	AOSD0	-	source	identical	identical
IGG1PCHN	AOSD0	-	source	identical	identical
IGG1PN	AOSD0	-	source	identical	text
IGG1QN	AOSD0	-	source	identical	text
IGG1QNC	AOSD0	-	source	identical	text
IGG1RN	AOSD0	-	source	identical	identical
IGG1SN	AOSD0	-	source	identical	text
IGG1TN	AOSD0	-	source	identical	identical
IGG1XN	AOSD0	-	source	identical	identical
IGG1YN	AOSD0	-	source	identical	identical
IGG2A11	AOSD0	-	source	identical	identical
IGG2G11	AOSD0	-	source	identical	text
IGG2H11	AOSD0	-	source	identical	identical
IGG2P11	AOSD0	-	source	identical	text
IGG2T11	AOSD0	-	source	identical	identical
IGG3AN	AOSD0	-	source	identical	identical
IGG3HN	AOSD0	-	source	identical	identical
IGG3PCAN	AOSD0	-	source	identical	identical
IGG3PCHN	AOSD0	-	source	identical	identical
IGG3PN	AOSD0	-	source	identical	text
IGG3QN	AOSD0	-	source	identical	text
IGG3QNC	AOSD0	-	source	identical	text
IGG3RN	AOSD0	-	source	identical	identical
IGG3SN	AOSD0	-	source	identical	identical
IGG3TN	AOSD0	-	source	identical	text
IGG3XN	AOSD0	-	source	identical	identical
IGG3YN	AOSD0	-	source	identical	identical
IGGMSG01	AOSD0	LPALIB	source	identical	identical
IGGMSG02	AOSD0	LPALIB	source	identical	length
IGX00015	AOSC5	-	source	identical	length
IGX00026	AOST4	LPALIB	source	identical	length
IGX00027	AOST4	LPALIB	source	identical	length
IHCGSP04	AOS07	-	source	identical	holes
IHJQCP30	AOSC6	-	source	identical	holes
IHJQCP31	AOSC6	-	source	identical	identical
IHJQCP32	AOSC6	-	source	identical	text
IHJQRS21	AOSC6	-	source	identical	length
IHJQRS22	AOSC6	-	source	identical	text
IHJQRS23	AOSC6	-	source	identical	text
IKJ5803D	AOST4	-	source	identical	length
IKJCB831	AOST4	LPALIB	source	identical	holes
IKJCT464	AOST4	-	source	identical	length
IKJCT466	AOST4	-	source	identical	length
IKJCT470	AOST4	-	source	identical	holes
IKJCT471	AOST4	-	source	identical	length
IKJCT473	AOST4	-	source	identical	length
IKJEBEAR	AOST4	-	source	identical	identical
IKJEBEAT	-	-	source	identical	no-pair
IKJEBECK	AOST4	-	source	identical	identical
IKJEBELE	-	CMDLIB	source	identical	no-pair
IKJEBEPS	-	CMDLIB	source	identical	no-pair
IKJEBERC	AOST4	-	source	identical	identical
IKJEE100	-	-	source	identical	no-pair
IKJEE150	-	-	source	identical	no-pair
IKJEE1A0	-	-	source	identical	no-pair
IKJEES40	-	LINKLIB	source	identical	no-pair
IKJEFA01	-	-	source	identical	no-pair
IKJEFA11	-	-	source	identical	no-pair
IKJEFA12	-	-	source	identical	no-pair
IKJEFA13	-	-	source	identical	no-pair
IKJEFA21	-	-	source	identical	no-pair
IKJEFA22	-	-	source	identical	no-pair
IKJEFA23	-	-	source	identical	no-pair
IKJEFA31	-	-	source	identical	no-pair
IKJEFA32	-	-	source	identical	no-pair
IKJEFA40	-	LINKLIB	source	identical	no-pair
IKJEFA41	-	-	source	identical	no-pair
IKJEFA51	-	-	source	identical	no-pair
IKJEFA52	-	-	source	identical	no-pair
IKJEFA53	-	-	source	identical	no-pair
IKJEFA54	-	-	source	identical	no-pair
IKJEFD00	AOST4	LPALIB	source	identical	identical
IKJEFD32	AOST4	-	source	identical	mixed
IKJEFD33	AOST4	-	source	identical	identical
IKJEFD34	AOST4	-	source	identical	identical
IKJEFD35	AOST4	-	source	identical	holes
IKJEFD36	AOST4	-	source	identical	holes
IKJEFE04	-	-	source	identical	no-pair
IKJEFE05	-	-	source	identical	no-pair
IKJEFE06	-	-	source	identical	no-pair
IKJEFE15	-	-	source	identical	no-pair
IKJEFE16	-	-	source	identical	no-pair
IKJEFF00	AOST4	-	source	identical	length
IKJEFF01	-	-	source	identical	no-pair
IKJEFF05	-	-	source	identical	no-pair
IKJEFF06	-	-	source	identical	no-pair
IKJEFF07	-	-	source	identical	no-pair
IKJEFF08	-	-	source	identical	no-pair
IKJEFF09	-	-	source	identical	no-pair
IKJEFF10	-	LINKLIB	source	identical	no-pair
IKJEFF12	-	-	source	identical	no-pair
IKJEFF13	-	-	source	identical	no-pair
IKJEFF15	AOST4	LINKLIB	source	identical	length
IKJEFF20	AOST4	-	source	identical	length
IKJEFF51	AOST4	LINKLIB	source	identical	holes
IKJEFF53	AOST4	LINKLIB	source	identical	identical
IKJEFF56	AOST4	-	source	identical	text
IKJEFF57	-	LINKLIB	source	identical	no-pair
IKJEFF58	AOST4	-	source	identical	identical
IKJEFF76	AOST4	LPALIB	source	identical	identical
IKJEFF77	AOST4	-	source	identical	identical
IKJEFH02	-	-	source	identical	no-pair
IKJEFL00	-	-	source	identical	no-pair
IKJEFLCM	AOST4	-	source	identical	holes
IKJEFLF	AOST4	LPALIB	source	identical	length
IKJEFLG	AOST4	-	source	identical	identical
IKJEFLGH	AOST4	-	source	identical	holes
IKJEFLGN	AOST4	-	source	identical	length
IKJEFLH	AOST4	-	source	identical	length
IKJEFLJ	AOST4	-	source	identical	length
IKJEFLLM	AOST4	-	source	identical	mixed
IKJEFP03	AOST4	-	source	identical	length
IKJEFP10	AOST4	-	source	identical	identical
IKJEFP30	AOST4	-	source	identical	mixed
IKJEFT04	AOST4	LPALIB	source	identical	length
IKJEFT06	AOST4	-	source	identical	length
IKJEFT07	AOST4	LPALIB	source	identical	text
IKJEFT09	AOST4	LPALIB	source	identical	text
IKJEFT35	AOST4	-	source	identical	length
IKJEFT52	AOST4	-	source	identical	holes
IKJEFT53	AOST4	-	source	identical	holes
IKJEFT54	AOST4	-	source	identical	holes
IKJEFT56	AOST4	-	source	identical	identical
IKJEFTE2	AOST4	UMODLIB	source	identical	identical
IKJEFTE8	AOST4	UMODLIB	source	identical	text
IKJEFTNS	AOST4	-	source	identical	identical
IKJEFTSC	AOST4	-	source	identical	length
IKJEGCIV	-	CMDLIB	source	identical	no-pair
IKJEGEND	-	CMDLIB	source	identical	no-pair
IKJEGLDR	-	CMDLIB	source	identical	no-pair
IKJEGMSG	-	-	source	identical	no-pair
IKJEGSRH	-	-	source	identical	no-pair
IKJEGSTA	-	-	source	identical	no-pair
IKJEGSYM	-	CMDLIB	source	identical	no-pair
IKJEHCIR	-	LPALIB	source	identical	no-pair
IKJEHSIR	-	CMDLIB	source	identical	no-pair
IKJNULL	AOSB3	-	source	identical	length
IKJRBBCM	AOST4	-	source	identical	text
IKJRBBCR	AOST4	LINKLIB	source	identical	length
IKJRBBMC	AOST4	-	source	identical	length
IKJRBBMG	AOST4	-	source	identical	holes
IKJRBBU1	AOST4	-	source	identical	holes
IKJTTRM0	AOST4	LPALIB	source	identical	length
IKT0009C	AOST3	-	source	identical	identical
IKT0009D	AOST3	-	source	identical	length
IKT09401	AOST3	-	source	identical	length
IKT09404	AOST3	-	source	identical	identical
IKT09405	AOST3	-	source	identical	identical
IKT09409	AOST3	-	source	identical	length
IKT0940A	AOST3	-	source	identical	identical
IKT0940C	AOST3	-	source	identical	text
IKT0940D	AOST3	-	source	identical	identical
IKT0940E	AOST3	-	source	identical	length
IKT09412	AOST3	-	source	identical	length
IKT09413	AOST3	-	source	identical	mixed
IKT09414	AOST3	-	source	identical	identical
IKT3270I	AOST3	LPALIB	source	identical	length
IKT3270O	AOST3	LPALIB	source	identical	length
IKT93EST	AOST3	-	source	identical	length
IKTASCII	AOST3	LPALIB	source	identical	identical
IKTASTPT	AOST3	-	source	identical	length
IKTATTN	AOST3	LPALIB	source	identical	length
IKTCAS00	AOST3	LINKLIB	source	identical	length
IKTCAS20	AOST3	LINKLIB	source	identical	identical
IKTCAS21	AOST3	-	source	identical	length
IKTCAS22	AOST3	-	source	identical	length
IKTCAS24	AOST3	-	source	identical	length
IKTCAS30	AOST3	LINKLIB	source	identical	identical
IKTCAS31	AOST3	-	source	identical	length
IKTCAS32	AOST3	-	source	identical	length
IKTCAS33	AOST3	-	source	identical	identical
IKTCAS41	AOST3	-	source	identical	identical
IKTCAS42	AOST3	-	source	identical	identical
IKTCAS51	AOST3	LINKLIB	source	identical	identical
IKTCAS53	AOST3	-	source	identical	length
IKTCASCX	AOST3	-	source	identical	length
IKTCASOX	AOST3	-	source	identical	length
IKTEXIT	AOST3	LPALIB	source	identical	length
IKTIIOM	AOST4	-	source	identical	length
IKTIMIDS	AOST3	LPALIB	source	identical	length
IKTIMLU2	AOST3	LPALIB	source	identical	length
IKTIOFRR	AOST3	LPALIB	source	identical	length
IKTIST00	AOST3	LPALIB	source	identical	identical
IKTLOGFF	AOST4	-	source	identical	length
IKTLOGR	AOST4	-	source	identical	length
IKTOMIDS	AOST3	LPALIB	source	identical	length
IKTOMLU2	AOST3	LPALIB	source	identical	length
IKTQMIN	AOST3	LPALIB	source	identical	length
IKTRPLXT	AOST4	-	source	identical	identical
IKTTIMRT	AOST3	LPALIB	source	identical	length
IKTTOMJR	AOST3	LPALIB	source	identical	length
IKTXLOG	AOST4	-	source	identical	identical
ILRACT	AOSC5	LPALIB	source	identical	mixed
ILRFMT00	AOSC5	LINKLIB	source	identical	length
ILRFMTCV	AOSC5	-	source	identical	length
ILRFMTPG	AOSC5	-	source	identical	length
ILRFMTSW	AOSC5	-	source	identical	length
ILRFRSLT	AOSC5	-	source	identical	mixed
ILRGOS01	AOSC5	-	source	identical	identical
ILRJTERM	AOSC5	-	source	identical	text
ILRPEX	AOSC5	-	source	identical	text
ILRPREAD	AOSC5	LINKLIB	source	identical	holes
ILRRLG	AOSC5	LPALIB	source	identical	length
ILRSAV	AOSC5	LPALIB	source	identical	length
ILRSLOTC	AOSC5	-	source	identical	identical
ILRSWPDR	AOSC5	-	source	identical	text
ILRTMI01	AOSC5	LPALIB	source	identical	length
IMDUSRFF	AOSD0	LPALIB	source	identical	mixed
IOEDKCLS	AOSD0	-	source	identical	holes
IOEDKGET	AOSD0	-	source	identical	holes
IOEDKMSG	AOSD0	-	source	identical	holes
IOEDKOPN	AOSD0	-	source	identical	holes
IOEDKPUT	AOSD0	-	source	identical	identical
IOEDKRDR	AOSD0	-	source	identical	length
IOEESTAE	AOSD0	-	source	identical	identical
IOESDKTI	AOSD0	-	source	identical	holes
IOESDKTO	AOSD0	-	source	identical	identical
IQADVM00	AOSC5	LINKLIB	source	identical	identical
IQARIH00	AOSC5	-	source	identical	identical
IRARMCNS	AOSC5	-	source	identical	length
IRARMCPU	AOSC5	-	source	identical	identical
IRARMSET	-	LPALIB	source	identical	no-pair
IRARMWAR	-	LPALIB	source	identical	no-pair
IRBMFALL	AOSC5	LINKLIB	source	identical	holes
IRBMFANL	AOSC5	-	source	identical	identical
IRBMFCNV	AOSC5	LINKLIB	source	identical	holes
IRBMFDDP	AOSC5	LINKLIB	source	identical	holes
IRBMFDHP	AOSC5	LINKLIB	source	identical	holes
IRBMFDPP	AOSC5	LINKLIB	source	identical	holes
IRBMFDSP	AOSC5	LINKLIB	source	identical	text
IRBMFDTA	AOSC5	-	source	identical	length
IRBMFDTP	AOSC5	LINKLIB	source	identical	identical
IRBMFEDV	-	LPALIB	source	identical	no-pair
IRBMFEVT	-	LPALIB	source	identical	no-pair
IRBMFFUR	AOSC5	-	source	identical	holes
IRBMFICP	AOSC5	LINKLIB	source	identical	holes
IRBMFIDV	AOSC5	LINKLIB	source	identical	holes
IRBMFIHA	AOSC5	LINKLIB	source	identical	holes
IRBMFIPG	AOSC5	LINKLIB	source	identical	holes
IRBMFISP	AOSC5	LINKLIB	source	identical	text
IRBMFITR	AOSC5	LINKLIB	source	identical	text
IRBMFLAV	AOSC5	-	source	identical	text
IRBMFLSV	AOSC5	-	source	identical	text
IRBMFMPR	AOSC5	LINKLIB	source	identical	holes
IRBMFRCR	AOSC5	LINKLIB	source	identical	holes
IRBMFRDR	AOSC5	LINKLIB	source	identical	holes
IRBMFRHR	AOSC5	LINKLIB	source	identical	holes
IRBMFRPR	AOSC5	LINKLIB	source	identical	holes
IRBMFRSR	AOSC5	LINKLIB	source	identical	text
IRBMFRTR	AOSC5	LINKLIB	source	identical	text
IRBMFSAR	AOSC5	-	source	identical	length
IRBMFSDE	AOSC5	-	source	identical	holes
IRBMFTRM	AOSC5	LINKLIB	source	identical	length
IRBMFTTB	AOSC5	-	source	identical	identical
ISDAGET0	AOSD0	-	source	identical	identical
ISDAHEXP	AOSD0	-	source	identical	length
ISDAOPT0	AOSD0	-	source	identical	length
ISDAPARM	AOSD0	-	source	identical	length
ISDAPWR0	AOSD0	-	source	identical	identical
ISDAPWR1	AOSD0	-	source	identical	identical
ISDASDA0	AOSD0	-	source	identical	length
ISDASUM2	AOSD0	-	source	identical	length
ISTAICCK	AOS26	-	source	identical	identical
ISTAICPT	AOS24	LPALIB	source	identical	length
ISTAICTN	AOS24	LPALIB	source	identical	length
ISTAPC11	AOS24	LPALIB	source	identical	length
ISTAPC12	AOS24	LPALIB	source	identical	identical
ISTAPC22	AOS26	-	source	identical	text
ISTAPC25	AOS24	LPALIB	source	identical	text
ISTAPC31	AOS24	LPALIB	source	identical	length
ISTAPC32	AOS24	LPALIB	source	identical	length
ISTAPC34	AOS24	LPALIB	source	identical	identical
ISTAPC35	AOS24	LPALIB	source	identical	length
ISTAPC36	AOS24	LPALIB	source	identical	length
ISTAPC37	AOS24	LPALIB	source	identical	mixed
ISTAPC38	AOS24	LPALIB	source	identical	mixed
ISTAPC41	AOS24	LPALIB	source	identical	holes
ISTAPC51	AOS24	LPALIB	source	identical	length
ISTAPC52	AOS24	LPALIB	source	identical	length
ISTAPC54	AOS24	LPALIB	source	identical	length
ISTAPC55	AOS24	LPALIB	source	identical	mixed
ISTAPC56	AOS24	LPALIB	source	identical	text
ISTAPC59	AOS24	LPALIB	source	identical	mixed
ISTAPC63	AOS24	LPALIB	source	identical	mixed
ISTAPC64	AOS24	LPALIB	source	identical	identical
ISTAPC83	AOS24	LPALIB	source	identical	length
ISTAPC84	AOS24	LPALIB	source	identical	length
ISTAPM69	AOS24	LPALIB	source	identical	holes
ISTATM10	AOS26	VTAMLIB	source	identical	length
ISTAUCAG	AOS24	LPALIB	source	identical	identical
ISTAUCAT	AOS24	LPALIB	source	identical	identical
ISTCC010	AOS26	-	source	identical	holes
ISTCC011	AOS26	-	source	identical	identical
ISTCC012	AOS26	-	source	identical	holes
ISTCC013	AOS26	-	source	identical	text
ISTCC014	AOS26	-	source	identical	text
ISTCC015	AOS26	-	source	identical	identical
ISTCC016	AOS26	-	source	identical	holes
ISTCFCDP	AOS26	-	source	identical	holes
ISTCFCPC	AOS26	-	source	identical	mixed
ISTCFCPO	AOS26	-	source	identical	holes
ISTCFCR1	AOS26	-	source	identical	length
ISTCFCR2	AOS26	-	source	identical	text
ISTCFCRP	AOS26	-	source	identical	identical
ISTCFCS1	AOS26	-	source	identical	length
ISTCFCS2	AOS26	-	source	identical	length
ISTCFF3D	AOSB3	-	source	identical	text
ISTCFMMI	AOS26	-	source	identical	identical
ISTCFMTM	AOS24	LPALIB	source	identical	length
ISTCSCAC	AOS26	-	source	identical	length
ISTCSCAQ	AOS26	-	source	identical	length
ISTCSCCL	AOS26	-	source	identical	identical
ISTCSCLG	AOS26	-	source	identical	length
ISTCSCPS	AOS26	-	source	identical	mixed
ISTCSCRL	AOS26	-	source	identical	length
ISTDCC00	AOS24	LPALIB	source	identical	length
ISTDCC02	AOS24	LPALIB	source	identical	length
ISTDCC10	AOS24	LPALIB	source	identical	holes
ISTDCC11	AOS24	LPALIB	source	identical	length
ISTDCC12	AOS24	LPALIB	source	identical	holes
ISTDCC13	AOS24	LPALIB	source	identical	identical
ISTDCC20	AOS24	LPALIB	source	identical	identical
ISTDCC21	AOS24	LPALIB	source	identical	length
ISTDCC22	AOS24	LPALIB	source	identical	identical
ISTDCC23	AOS24	LPALIB	source	identical	holes
ISTDCC24	AOS24	LPALIB	source	identical	holes
ISTDCC25	AOS24	LPALIB	source	identical	length
ISTDCC30	AOS24	LPALIB	source	identical	mixed
ISTDCC31	AOS24	LPALIB	source	identical	identical
ISTDCC32	AOS24	LPALIB	source	identical	identical
ISTDCC35	AOS24	LPALIB	source	identical	length
ISTDCC40	AOS24	LPALIB	source	identical	length
ISTDCC41	AOS24	LPALIB	source	identical	holes
ISTDCC42	AOS24	LPALIB	source	identical	identical
ISTDCC50	AOS24	LPALIB	source	identical	length
ISTDCC51	AOS24	LPALIB	source	identical	length
ISTDCC60	AOS24	LPALIB	source	identical	mixed
ISTDCC61	AOS24	LPALIB	source	identical	length
ISTDCC80	AOS24	LPALIB	source	identical	length
ISTDVCBA	AOS24	LPALIB	source	identical	identical
ISTDVCRC	AOS24	LPALIB	source	identical	identical
ISTEC000	AOS26	-	source	identical	holes
ISTEC123	AOS26	-	source	identical	holes
ISTEC456	AOS26	-	source	identical	holes
ISTEC789	AOS26	-	source	identical	holes
ISTESC01	AOS24	LPALIB	source	identical	identical
ISTESC02	AOS24	LPALIB	source	identical	identical
ISTIC000	AOS26	-	source	identical	length
ISTIC001	AOS26	-	source	identical	holes
ISTIC002	AOS26	-	source	identical	length
ISTIC003	AOS26	-	source	identical	holes
ISTIC004	AOS26	-	source	identical	holes
ISTIC005	AOS26	-	source	identical	holes
ISTIC006	AOS26	-	source	identical	length
ISTIC007	AOS26	-	source	identical	holes
ISTIC008	AOS26	-	source	identical	length
ISTIC009	AOS26	-	source	identical	holes
ISTIC00A	AOS26	-	source	identical	length
ISTINC02	AOS26	-	source	identical	holes
ISTINC32	AOS26	LINKLIB	source	identical	mixed
ISTINCA0	AOS26	-	source	identical	holes
ISTINCAW	AOS26	-	source	identical	holes
ISTINCBL	AOS26	-	source	identical	text
ISTINCCC	AOS26	-	source	identical	identical
ISTINCCF	AOS26	-	source	identical	holes
ISTINCD0	AOS26	-	source	identical	identical
ISTINCD1	AOS26	-	source	identical	holes
ISTINCD2	AOS26	-	source	identical	length
ISTINCD3	AOS26	-	source	identical	identical
ISTINCD4	AOS26	-	source	identical	length
ISTINCD5	AOS26	-	source	identical	length
ISTINCD6	AOS26	-	source	identical	holes
ISTINCD7	AOS26	-	source	identical	identical
ISTINCD9	AOS26	-	source	identical	holes
ISTINCDU	AOS26	-	source	identical	holes
ISTINCE0	AOS26	-	source	identical	identical
ISTINCE1	AOS26	-	source	identical	holes
ISTINCE2	AOS26	-	source	identical	holes
ISTINCE3	AOS26	-	source	identical	identical
ISTINCE4	AOS26	-	source	identical	holes
ISTINCE5	AOS26	-	source	identical	holes
ISTINCE6	AOS26	-	source	identical	holes
ISTINCE7	AOS26	-	source	identical	holes
ISTINCE9	AOS26	-	source	identical	identical
ISTINCF1	AOS26	-	source	identical	identical
ISTINCF4	AOS26	-	source	identical	holes
ISTINCF9	AOS26	-	source	identical	holes
ISTINCFE	AOS26	VTAMLIB	source	identical	identical
ISTINCFM	AOS26	-	source	identical	holes
ISTINCHT	AOS26	-	source	identical	holes
ISTINCIB	AOS26	-	source	identical	holes
ISTINCIP	AOS26	VTAMLIB	source	identical	identical
ISTINCIT	AOS26	-	source	identical	holes
ISTINCL0	AOS26	-	source	identical	identical
ISTINCL1	AOS26	-	source	identical	length
ISTINCL2	AOS26	-	source	identical	holes
ISTINCL3	AOS26	-	source	identical	length
ISTINCL4	AOS26	-	source	identical	holes
ISTINCL5	AOS26	-	source	identical	holes
ISTINCL6	AOS26	-	source	identical	identical
ISTINCL7	AOS26	-	source	identical	holes
ISTINCL8	AOS26	-	source	identical	identical
ISTINCLM	AOS24	LPALIB	source	identical	identical
ISTINCMD	AOS26	-	source	identical	mixed
ISTINCMR	AOS26	-	source	identical	mixed
ISTINCNS	AOS26	-	source	identical	length
ISTINCOE	AOS26	-	source	identical	holes
ISTINCOI	AOS26	-	source	identical	holes
ISTINCOS	AOS26	-	source	identical	identical
ISTINCPD	AOS26	-	source	identical	identical
ISTINCQB	AOS26	-	source	identical	holes
ISTINCQE	AOS26	-	source	identical	length
ISTINCR1	AOS26	-	source	identical	holes
ISTINCR2	AOS26	-	source	identical	holes
ISTINCR3	AOS26	-	source	identical	identical
ISTINCR5	AOS26	-	source	identical	holes
ISTINCRD	AOS26	-	source	identical	length
ISTINCRF	AOS26	-	source	identical	holes
ISTINCRR	AOS26	-	source	identical	identical
ISTINCRS	AOS26	-	source	identical	holes
ISTINCS1	AOS26	-	source	identical	identical
ISTINCSD	AOS26	-	source	identical	holes
ISTINCSH	AOS24	LPALIB	source	identical	holes
ISTINCSM	AOS26	-	source	identical	identical
ISTINCST	AOS26	-	source	identical	length
ISTINCTE	AOS26	-	source	identical	identical
ISTINCTM	AOS26	-	source	identical	holes
ISTINCTR	AOS26	-	source	identical	length
ISTINCU0	AOS26	-	source	identical	holes
ISTINCU1	AOS26	-	source	identical	holes
ISTINCU2	AOS26	-	source	identical	holes
ISTINCU3	AOS26	-	source	identical	holes
ISTINCU6	AOS26	-	source	identical	text
ISTINCU8	AOS26	-	source	identical	identical
ISTINCUA	AOS26	-	source	identical	identical
ISTINCUB	AOS26	-	source	identical	holes
ISTINCUQ	AOS26	-	source	identical	holes
ISTINCV3	AOS26	-	source	identical	holes
ISTINCV4	AOS26	-	source	identical	identical
ISTINCV5	AOS26	-	source	identical	mixed
ISTINCV6	AOS26	-	source	identical	holes
ISTINCV8	AOS26	-	source	identical	holes
ISTINCV9	AOS26	-	source	identical	identical
ISTINCVN	AOS26	-	source	identical	holes
ISTINCVO	AOS26	-	source	identical	length
ISTINCVP	AOS26	-	source	identical	length
ISTINCVS	AOS26	-	source	identical	holes
ISTINCW0	AOS26	-	source	identical	identical
ISTINCW2	AOS26	-	source	identical	identical
ISTINCW3	AOS24	LPALIB	source	identical	identical
ISTINCW5	AOS26	-	source	identical	holes
ISTINCW6	AOS26	-	source	identical	holes
ISTINCW7	AOS26	-	source	identical	holes
ISTINCW8	AOS26	-	source	identical	identical
ISTINCX0	AOS26	-	source	identical	holes
ISTINCX1	AOS26	-	source	identical	length
ISTINCX2	AOS26	-	source	identical	identical
ISTINCX3	AOS26	-	source	identical	holes
ISTINCX6	AOS26	-	source	identical	holes
ISTINCX7	AOS26	-	source	identical	holes
ISTINCX8	AOS26	-	source	identical	length
ISTINCX9	AOS26	-	source	identical	holes
ISTINCXM	AOS26	LINKLIB	source	identical	identical
ISTINCY1	AOS26	-	source	identical	mixed
ISTINCY3	AOS26	-	source	identical	holes
ISTINCY4	AOS26	-	source	identical	identical
ISTINCY5	AOS26	-	source	identical	length
ISTINFIC	AOS26	-	source	identical	length
ISTINMAD	AOS26	-	source	identical	holes
ISTINMAL	AOS26	-	source	identical	identical
ISTINMAV	AOS26	-	source	identical	identical
ISTINMDD	AOS26	LPALIB	source	identical	identical
ISTINMN8	AOS26	-	source	identical	mixed
ISTNMC1S	AOS24	LPALIB	source	identical	identical
ISTNMC2S	AOS24	LPALIB	source	identical	identical
ISTNMC3S	AOS24	LPALIB	source	identical	length
ISTNMC4P	AOS24	LPALIB	source	identical	identical
ISTNMC4S	AOS24	LPALIB	source	identical	identical
ISTNMC5P	AOS24	LPALIB	source	identical	holes
ISTNMC5S	AOS24	LPALIB	source	identical	holes
ISTNMC6P	AOS24	LPALIB	source	identical	identical
ISTNMC6S	AOS24	LPALIB	source	identical	identical
ISTNMC7P	AOS24	LPALIB	source	identical	holes
ISTNMC7S	AOS24	LPALIB	source	identical	length
ISTNMC8P	AOS24	LPALIB	source	identical	holes
ISTNMC9P	AOS24	LPALIB	source	identical	mixed
ISTNMCCA	AOS24	LPALIB	source	identical	identical
ISTNMCCB	AOS24	LPALIB	source	identical	identical
ISTNMCCF	AOS24	LPALIB	source	identical	holes
ISTNMCCI	AOS24	LPALIB	source	identical	identical
ISTNMCCO	AOS24	LPALIB	source	identical	holes
ISTNMCCR	AOS24	LPALIB	source	identical	identical
ISTNMCCS	AOS24	LPALIB	source	identical	holes
ISTNMCCT	AOS24	LPALIB	source	identical	holes
ISTNMCCZ	AOS24	LPALIB	source	identical	identical
ISTOCCCB	AOS24	LPALIB	source	identical	length
ISTOCCCH	AOS26	-	source	identical	length
ISTOCCCM	AOS26	-	source	identical	identical
ISTOCCFB	AOS26	-	source	identical	length
ISTOCCFD	AOS26	-	source	identical	mixed
ISTOCCFO	AOS26	-	source	identical	identical
ISTOCCLD	AOS26	-	source	identical	identical
ISTOCCMD	AOS26	-	source	identical	identical
ISTOCCNV	AOS26	-	source	identical	identical
ISTOCCOC	AOS26	-	source	identical	identical
ISTOCCOD	AOS26	-	source	identical	length
ISTOCCOE	AOS26	-	source	identical	length
ISTOCCOF	AOS26	-	source	identical	mixed
ISTOCCQU	AOS26	-	source	identical	identical
ISTOCCRD	AOS26	-	source	identical	identical
ISTOCCRL	AOS26	-	source	identical	holes
ISTOCCSA	AOS24	LPALIB	source	identical	identical
ISTOCCSD	AOS26	-	source	identical	text
ISTOCCSL	AOS26	-	source	identical	text
ISTOCFCX	AOS26	LPALIB	source	identical	identical
ISTOCMDC	AOS24	LPALIB	source	identical	length
ISTORFBF	AOS24	LPALIB	source	identical	mixed
ISTORFID	AOS24	LPALIB	source	identical	mixed
ISTORFPO	AOS26	VTAMLIB	source	identical	identical
ISTORFPR	AOS24	LPALIB	source	identical	length
ISTORFRA	AOS24	LPALIB	source	identical	identical
ISTORFSR	AOS24	LPALIB	source	identical	text
ISTORMMG	AOS26	VTAMLIB	source	identical	length
ISTORMRL	AOS26	LPALIB	source	identical	identical
ISTPATCH	AOS24	LPALIB	source	identical	identical
ISTRACCA	AOS24	LPALIB	source	identical	holes
ISTRACCR	AOS26	VTAMLIB	source	identical	holes
ISTRACTB	AOS24	LPALIB	source	identical	holes
ISTRACTL	AOS26	-	source	identical	length
ISTRAFD1	-	LPALIB	source	identical	no-pair
ISTRAFTP	AOS26	LPALIB	source	identical	length
ISTRAMA1	AOS26	LPALIB	source	identical	length
ISTRCC21	AOS24	LPALIB	source	identical	identical
ISTRCC22	AOS24	LPALIB	source	identical	identical
ISTRCC23	AOS24	LPALIB	source	identical	identical
ISTRCC26	AOS24	LPALIB	source	identical	identical
ISTRCC30	AOS24	LPALIB	source	identical	length
ISTRCC51	AOS24	LPALIB	source	identical	length
ISTRCC52	AOS24	LPALIB	source	identical	length
ISTRCC53	AOS24	LPALIB	source	identical	holes
ISTRCC54	AOS24	LPALIB	source	identical	identical
ISTRCC63	AOS24	LPALIB	source	identical	identical
ISTRCC65	AOS24	LPALIB	source	identical	identical
ISTRCC80	AOS24	LPALIB	source	identical	holes
ISTRCC81	AOS24	LPALIB	source	identical	holes
ISTRCFY0	AOS24	LPALIB	source	identical	mixed
ISTSC020	AOS26	-	source	identical	holes
ISTSC021	AOS26	-	source	identical	holes
ISTSC022	AOS26	-	source	identical	holes
ISTSC023	AOS26	-	source	identical	identical
ISTSC024	AOS26	-	source	identical	holes
ISTSC025	AOS26	-	source	identical	holes
ISTSC026	AOS26	-	source	identical	holes
ISTSC027	AOS26	-	source	identical	mixed
ISTSC028	AOS26	-	source	identical	holes
ISTSC02A	AOS26	-	source	identical	holes
ISTSC02B	AOS26	-	source	identical	holes
ISTSC02C	AOS26	-	source	identical	holes
ISTSC02D	AOS26	-	source	identical	holes
ISTSC02E	AOS26	-	source	identical	holes
ISTSC02F	AOS26	-	source	identical	holes
ISTSC030	AOS26	-	source	identical	length
ISTSC031	AOS26	-	source	identical	holes
ISTSC032	AOS26	-	source	identical	length
ISTSC033	AOS26	-	source	identical	identical
ISTSDCAL	AOS24	LPALIB	source	identical	holes
ISTSDCAP	AOS26	-	source	identical	length
ISTSDCBU	AOS26	-	source	identical	length
ISTSDCC2	AOS26	-	source	identical	length
ISTSDCC3	AOS26	-	source	identical	holes
ISTSDCC5	AOS26	-	source	identical	holes
ISTSDCC7	AOS26	-	source	identical	identical
ISTSDCCA	AOS24	LPALIB	source	identical	identical
ISTSDCCB	AOS26	-	source	identical	length
ISTSDCCD	AOS24	LPALIB	source	identical	identical
ISTSDCCF	AOS24	LPALIB	source	identical	holes
ISTSDCCL	AOS26	-	source	identical	length
ISTSDCCN	AOS24	LPALIB	source	identical	identical
ISTSDCCR	AOS24	LPALIB	source	identical	holes
ISTSDCD1	AOS26	-	source	identical	identical
ISTSDCD2	AOS26	-	source	identical	holes
ISTSDCD3	AOS26	-	source	identical	identical
ISTSDCDS	AOS26	-	source	identical	holes
ISTSDCGE	AOS26	-	source	identical	length
ISTSDCGP	AOS26	-	source	identical	length
ISTSDCHS	AOS26	-	source	identical	length
ISTSDCIN	AOS26	-	source	identical	identical
ISTSDCLN	AOS26	-	source	identical	length
ISTSDCLP	AOS26	-	source	identical	identical
ISTSDCLU	AOS26	-	source	identical	length
ISTSDCML	AOS26	-	source	identical	length
ISTSDCMT	AOS26	-	source	identical	length
ISTSDCOD	AOS24	LPALIB	source	identical	identical
ISTSDCP1	AOS26	-	source	identical	holes
ISTSDCP2	AOS26	-	source	identical	holes
ISTSDCP3	AOS26	-	source	identical	holes
ISTSDCP4	AOS26	-	source	identical	length
ISTSDCP5	AOS26	-	source	identical	identical
ISTSDCP6	AOS26	-	source	identical	holes
ISTSDCPA	AOS26	-	source	identical	holes
ISTSDCPC	AOS26	-	source	identical	holes
ISTSDCPU	AOS26	-	source	identical	length
ISTSDCRC	AOS26	-	source	identical	holes
ISTSDCRN	AOS26	-	source	identical	length
ISTSDCRS	AOS26	-	source	identical	length
ISTSDCSB	AOS26	-	source	identical	holes
ISTSDCSC	AOS26	-	source	identical	identical
ISTSDCSS	AOS26	-	source	identical	length
ISTSDCSU	AOS26	-	source	identical	identical
ISTSDCTM	AOS26	-	source	identical	identical
ISTSDCVB	AOS26	-	source	identical	length
ISTSDCVG	AOS26	-	source	identical	holes
ISTSDCVI	AOS26	-	source	identical	holes
ISTSEC01	AOS24	LPALIB	source	identical	identical
ISTSEC10	AOS24	LPALIB	source	identical	length
ISTSEC21	AOS24	LPALIB	source	identical	holes
ISTSEC30	AOS24	LPALIB	source	identical	identical
ISTSEC40	AOS24	LPALIB	source	identical	mixed
ISTSQC00	AOS26	-	source	identical	length
ISTSQC01	AOS26	-	source	identical	identical
ISTSQC02	AOS26	-	source	identical	holes
ISTSQC03	AOS26	-	source	identical	identical
ISTSQC04	AOS26	-	source	identical	identical
ISTSQC05	AOS26	-	source	identical	holes
ISTSQC06	AOS26	-	source	identical	identical
ISTSQC07	AOS26	-	source	identical	holes
ISTSQC08	AOS26	-	source	identical	holes
ISTSQC09	AOS26	-	source	identical	holes
ISTSQC0A	AOS26	-	source	identical	identical
ISTSQC0B	AOS26	-	source	identical	length
ISTSTC00	AOS26	-	source	identical	length
ISTTC035	AOS26	-	source	identical	length
ISTTC037	AOS26	-	source	identical	holes
ISTVTLOD	AOS26	-	source	identical	identical
ISTYCLUS	AOS24	LPALIB	source	identical	identical
ISTYCONT	AOS24	LPALIB	source	identical	identical
ISTYPSOL	AOS24	LPALIB	source	identical	identical
ISTYSSCP	AOS24	LPALIB	source	identical	identical
ISTYTCM1	AOS24	LPALIB	source	identical	identical
ISTYTCM2	AOS24	LPALIB	source	identical	identical
ISTYTCM3	AOS24	LPALIB	source	identical	identical
ISTZAF0A	AOS24	LPALIB	source	identical	identical
ISTZAF0B	AOS24	LPALIB	source	identical	identical
ISTZAF1A	AOS24	LPALIB	source	identical	identical
ISTZAF1B	AOS24	LPALIB	source	identical	identical
ISTZBF0A	AOS24	LPALIB	source	identical	length
ISTZBF0B	AOS24	LPALIB	source	identical	identical
ISTZBF0L	AOS24	LPALIB	source	identical	identical
ISTZBFAA	AOS24	LPALIB	source	identical	holes
ISTZBFAB	AOS24	LPALIB	source	identical	holes
ISTZBFAE	AOS24	LPALIB	source	identical	holes
ISTZBFAG	AOS24	LPALIB	source	identical	holes
ISTZBFAI	AOS24	LPALIB	source	identical	holes
ISTZBFAL	AOS24	LPALIB	source	identical	holes
ISTZBFAM	AOS24	LPALIB	source	identical	holes
ISTZBFAR	AOS24	LPALIB	source	identical	holes
ISTZBFBA	AOS24	LPALIB	source	identical	holes
ISTZBFBB	AOS24	LPALIB	source	identical	length
ISTZBFBI	AOS24	LPALIB	source	identical	identical
ISTZBFBR	AOS24	LPALIB	source	identical	identical
ISTZBFCB	AOS24	LPALIB	source	identical	holes
ISTZBFDI	AOS24	LPALIB	source	identical	identical
ISTZBFDR	AOS24	LPALIB	source	identical	identical
ISTZBFEB	AOS24	LPALIB	source	identical	holes
ISTZBFFA	AOS24	LPALIB	source	identical	length
ISTZBFFB	AOS24	LPALIB	source	identical	length
ISTZBFGA	AOS24	LPALIB	source	identical	holes
ISTZBFGB	AOS24	LPALIB	source	identical	holes
ISTZBFHA	AOS24	LPALIB	source	identical	holes
ISTZBFHB	AOS24	LPALIB	source	identical	holes
ISTZBFIA	AOS24	LPALIB	source	identical	identical
ISTZBFIB	AOS24	LPALIB	source	identical	identical
ISTZBFMB	AOS26	-	source	identical	identical
ISTZBFNB	AOS24	LPALIB	source	identical	holes
ISTZBFND	AOS24	LPALIB	source	identical	holes
ISTZBFNE	AOS24	LPALIB	source	identical	holes
ISTZBFOB	AOS26	-	source	identical	length
ISTZBFPB	AOS24	LPALIB	source	identical	holes
ISTZBFX0	AOS24	LPALIB	source	identical	holes
ISTZBFXA	AOS24	LPALIB	source	identical	holes
ISTZBFY0	AOS26	-	source	identical	length
ISTZBFZ0	AOS26	-	source	identical	length
ISTZBM0J	AOS26	-	source	identical	mixed
ISTZBM0K	AOS26	-	source	identical	length
ISTZCF0A	AOS24	LPALIB	source	identical	identical
ISTZCF0B	AOS24	LPALIB	source	identical	holes
ISTZCFAI	AOS24	LPALIB	source	identical	identical
ISTZCFCI	AOS24	LPALIB	source	identical	identical
ISTZDFA0	AOS26	-	source	identical	identical
ISTZDFB0	AOS26	-	source	identical	identical
ISTZDFC0	AOS26	-	source	identical	length
ISTZDFD0	AOS26	-	source	identical	length
ISTZDFF0	AOS26	-	source	identical	identical
ISTZDFH0	AOS26	-	source	identical	identical
ISTZDFI0	AOS26	-	source	identical	identical
ISTZDFK0	AOS26	-	source	identical	mixed
ISTZDFL0	AOS24	LPALIB	source	identical	length
ISTZDFMF	AOS26	-	source	identical	identical
ISTZDFNB	AOS26	-	source	identical	identical
ISTZDFPR	AOS26	-	source	identical	length
ISTZDFQR	AOS26	-	source	identical	holes
ISTZDFWB	AOS24	LPALIB	source	identical	holes
ISTZDFWR	AOS24	LPALIB	source	identical	identical
ISTZDFXR	AOS26	-	source	identical	holes
ISTZEFBA	AOS26	-	source	identical	mixed
ISTZEFDA	AOS26	-	source	identical	identical
ISTZEMAA	AOS26	-	source	identical	mixed
ISTZEMAB	AOS26	-	source	identical	length
ISTZEMBB	AOS26	-	source	identical	length
ISTZEMEA	AOS26	-	source	identical	mixed
ISTZEMFA	AOS26	-	source	identical	holes
ISTZEMTA	AOS26	-	source	identical	length
ISTZFFCB	AOS26	-	source	identical	identical
ISTZFFDB	AOS26	-	source	identical	holes
ISTZFFDF	AOS26	-	source	identical	holes
ISTZFFEA	AOS26	-	source	identical	mixed
ISTZFFXA	AOS26	-	source	identical	identical
ISTZFM0A	AOS26	LPALIB	source	identical	length
ISTZFM0B	AOS26	-	source	identical	text
ISTZFM1B	AOS26	-	source	identical	length
ISTZFM1F	AOS26	-	source	identical	identical
ISTZFM2B	AOS26	-	source	identical	mixed
ISTZFM3B	AOS26	-	source	identical	length
ISTZFMAB	AOS26	-	source	identical	text
ISTZFMAF	AOS26	-	source	identical	holes
ISTZFMBB	AOS26	-	source	identical	holes
ISTZFMEB	AOS26	-	source	identical	length
ISTZFMFA	AOS26	-	source	identical	text
ISTZFMTA	AOS26	-	source	identical	holes
ISTZFMUA	AOS26	-	source	identical	mixed
ISTZFMV0	AOS26	LPALIB	source	identical	identical
ISTZFMV1	AOS26	LPALIB	source	identical	identical
ISTZFSV0	AOS26	-	source	identical	identical
ISTZGF1A	AOS24	LPALIB	source	identical	holes
ISTZGFAB	AOS24	LPALIB	source	identical	holes
ISTZGFBB	AOS24	LPALIB	source	identical	length
ISTZGFCB	AOS26	-	source	identical	holes
ISTZHFAN	AOS24	LPALIB	source	identical	holes
ISTZIFAA	AOS24	LPALIB	source	identical	holes
ISTZIFAB	AOS24	LPALIB	source	identical	length
ISTZIFBB	AOS24	LPALIB	source	identical	length
ISTZIFBI	AOS24	LPALIB	source	identical	identical
ISTZIFCB	AOS24	LPALIB	source	identical	length
ISTZIFCI	AOS24	LPALIB	source	identical	identical
ISTZIFDB	AOS24	LPALIB	source	identical	length
ISTZIFEB	AOS24	LPALIB	source	identical	holes
ISTZIFGB	AOS24	LPALIB	source	identical	identical
ISTZIFHB	AOS24	LPALIB	source	identical	holes
ISTZIFIB	AOS24	LPALIB	source	identical	holes
ISTZIFID	AOS24	LPALIB	source	identical	holes
ISTZIFJB	AOS24	LPALIB	source	identical	holes
ISTZIFKB	AOS24	LPALIB	source	identical	length
ISTZIFKG	AOS24	LPALIB	source	identical	identical
ISTZIFLB	AOS24	LPALIB	source	identical	length
ISTZIFMB	AOS24	LPALIB	source	identical	length
ISTZIFNA	AOS24	LPALIB	source	identical	mixed
ISTZIFNB	AOS24	LPALIB	source	identical	length
ISTZIFOA	AOS24	LPALIB	source	identical	text
ISTZIFOB	AOS24	LPALIB	source	identical	identical
ISTZIFOE	AOS24	LPALIB	source	identical	holes
ISTZIFSB	AOS24	LPALIB	source	identical	holes
ISTZIFSG	AOS24	LPALIB	source	identical	length
ISTZIFTB	AOS24	LPALIB	source	identical	identical
ISTZIFUB	AOS24	LPALIB	source	identical	holes
ISTZIFVB	AOS24	LPALIB	source	identical	identical
ISTZIFWB	AOS24	LPALIB	source	identical	length
ISTZIFX0	AOS24	LPALIB	source	identical	holes
ISTZJF0B	AOS24	LPALIB	source	identical	holes
ISTZJFAB	AOS24	LPALIB	source	identical	holes
ISTZJFBB	AOS24	LPALIB	source	identical	holes
ISTZJFCB	AOS24	LPALIB	source	identical	holes
ISTZKFBB	AOS24	LPALIB	source	identical	holes
ISTZKFBN	AOS24	LPALIB	source	identical	length
ISTZKFCB	AOS24	LPALIB	source	identical	holes
ISTZKFCN	AOS24	LPALIB	source	identical	holes
ISTZLFV0	AOS26	-	source	identical	identical
ISTZLPV0	AOS26	-	source	identical	identical
ISTZPSV0	AOS26	-	source	identical	identical
LETRRIP	AOSH1	-	source	identical	identical
LINK	-	CMDLIB	source	identical	no-pair
LOADGO	-	CMDLIB	source	identical	no-pair
REMOTGEN	AOSH1	-	source	identical	identical
SYS3CNVT	AOSH1	-	source	identical	text
USRDDT00	AOSC5	-	source	identical	length
UTRK3390	AOSD0	-	source	identical	identical
