module	ifox_rc	start	deck_bytes	job
IGG026DU	0000	02:19:27	320	IFX0000/JOB00079
IEFJDSNA	0000	02:19:27	640	IFX0000/JOB00079
BLSUZZ2R	0000	02:19:27	400	IFX0000/JOB00079
IGG019JP	0000	02:19:27	2000	IFX0000/JOB00079
AHLMCIH	0000	02:19:27	800	IFX0000/JOB00079
IGG019TD	0000	02:19:28	1120	IFX0000/JOB00079
IGG019EJ	0000	02:19:28	800	IFX0000/JOB00079
IGG3YN	0000	02:19:28	1120	IFX0000/JOB00079
ISTZBFBI	0000	02:19:28	2400	IFX0000/JOB00079
IFG0551B	0000	02:19:29	1920	IFX0000/JOB00079
ISTINCL5	0000	02:19:29	720	IFX0000/JOB00079
IDA019SF	0000	02:19:30	3600	IFX0000/JOB00079
IGE0001H	0000	02:19:30	3920	IFX0000/JOB00079
ISDADCS0	0008	02:19:30	1840	IFX0000/JOB00079
IDCRL01	0000	02:19:30	4960	IFX0000/JOB00079
BLSSPCCA	0000	02:19:30	2160	IFX0000/JOB00079
ISTIC00A	0000	02:19:31	6080	IFX0000/JOB00079
IERRPE	0000	02:19:31	2000	IFX0000/JOB00079
IERAPJ	0000	02:19:31	960	IFX0000/JOB00079
IEFSDTTE	0000	02:19:31	3440	IFX0000/JOB00079
IFG0552N	0000	02:19:32	1360	IFX0000/JOB00079
BLSUVSOP	0000	02:19:33	1360	IFX0000/JOB00079
IGG02030	0008	02:19:33	1360	IFX0000/JOB00079
IGG2P11	0000	02:19:33	1760	IFX0000/JOB00079
IEAVNPA1	0012	02:19:34	4000	IFX0000/JOB00079
ISTAPC55	0000	02:19:27	2720	IFX0001/JOB00080
IEE4803D	0000	02:19:34	1680	IFX0001/JOB00080
IRARMEVT	0008	02:19:35	13680	IFX0001/JOB00080
IFFPHALA	0000	02:19:36	2560	IFX0001/JOB00080
IEEMB827	0000	02:19:36	720	IFX0001/JOB00080
IGG019GC	0000	02:19:36	2560	IFX0001/JOB00080
IGG019JQ	0000	02:19:36	1840	IFX0001/JOB00080
IKJCT467	0012	02:19:37	10080	IFX0001/JOB00080
IFDOLT62	0000	02:19:37	2240	IFX0001/JOB00080
IERAOL	0000	02:19:37	560	IFX0001/JOB00080
IFG0554B	0000	02:19:37	2160	IFX0001/JOB00080
IGC017	0004	02:19:38	880	IFX0001/JOB00080
IFNX5P	0000	02:19:38	3600	IFX0001/JOB00080
IKJEFATT	0000	02:19:39	8560	IFX0001/JOB00080
IFDOLT51	0000	02:19:40	800	IFX0001/JOB00080
IKTAY8	0000	02:19:40	4480	IFX0001/JOB00080
IGG09408	0000	02:19:40	1040	IFX0001/JOB00080
IGC0E05A	0000	02:19:41	7840	IFX0001/JOB00080
IGG0299A	0008	02:19:42	1760	IFX0001/JOB00080
ICKEX01	0000	02:19:42	1600	IFX0001/JOB00080
BLSVLPDE	0000	02:19:43	3040	IFX0001/JOB00080
IKJEBESU	0000	02:19:43	3520	IFX0001/JOB00080
BLSDTM00	0000	02:19:43	1200	IFX0001/JOB00080
IEAVMDSV	0008	02:19:43	3760	IFX0001/JOB00080
IGCFR10D	0000	02:19:44	1920	IFX0001/JOB00080
IEAVIOCP	0008	02:19:34	2560	IFX0002/JOB00081
IKJEBEHE	0008	02:19:44	480	IFX0002/JOB00081
IKJEFA32	0000	02:19:45	2800	IFX0002/JOB00081
IFDOLT57	0000	02:19:45	1920	IFX0002/JOB00081
IERROI	0000	02:19:45	1360	IFX0002/JOB00081
IEFAB453	0000	02:19:45	2080	IFX0002/JOB00081
IGG019PL	0000	02:19:45	560	IFX0002/JOB00081
ISTSDCAP	0000	02:19:45	6640	IFX0002/JOB00081
ICBVUT01	0000	02:19:46	27840	IFX0002/JOB00081
IEAVRT00	0000	02:19:46	4640	IFX0002/JOB00081
IFFPKADG	0000	02:19:47	6400	IFX0002/JOB00081
IEAVCKRR	0000	02:19:47	640	IFX0002/JOB00081
IGG019CB	0000	02:19:47	400	IFX0002/JOB00081
ESRTABLE	0008	02:19:48	1680	IFX0002/JOB00081
IGG0194Q	0000	02:19:48	2160	IFX0002/JOB00081
AMDSAARD	0000	02:19:48	2320	IFX0002/JOB00081
IDCTSCC0	0000	02:19:49	1920	IFX0002/JOB00081
IEFUSI	0000	02:19:49	320	IFX0002/JOB00081
IFCEA155	0000	02:19:49	30000	IFX0002/JOB00081
IFCSYMCD	0000	02:19:55	640	IFX0002/JOB00081
IGG0CLAT	0000	02:19:56	7120	IFX0002/JOB00081
IGCAF10D	0008	02:19:56	960	IFX0002/JOB00081
IECLMSGM	0000	02:19:56	1920	IFX0002/JOB00081
IERAGE	0000	02:19:57	2080	IFX0002/JOB00081
IKTCAS42	0000	02:19:44	1520	IFX0003/JOB00082
BLSRCOCL	0000	02:19:57	880	IFX0003/JOB00082
IFDOLT16	0000	02:19:57	1280	IFX0003/JOB00082
IFG0202D	0000	02:19:57	1840	IFX0003/JOB00082
BLSTM4	0000	02:19:58	2320	IFX0003/JOB00082
IEECVETQ	0000	02:19:58	1680	IFX0003/JOB00082
IEDQAX	0008	02:19:59	960	IFX0003/JOB00082
IEFAB451	0000	02:19:59	2880	IFX0003/JOB00082
IGG0191C	0000	02:19:59	2000	IFX0003/JOB00082
ICGDSA06	0000	02:20:00	5040	IFX0003/JOB00082
ISTOCCOD	0000	02:20:01	6480	IFX0003/JOB00082
IGG3PN	0000	02:20:01	1120	IFX0003/JOB00082
IEE70110	0000	02:20:01	1440	IFX0003/JOB00082
IKJCT472	0000	02:20:02	1360	IFX0003/JOB00082
IEEVJCL	0000	02:20:02	1040	IFX0003/JOB00082
IGG020P2	0008	02:20:02	1600	IFX0003/JOB00082
IDA019RR	0000	02:20:03	5680	IFX0003/JOB00082
IGCFC10D	0008	02:20:03	1600	IFX0003/JOB00082
HEWLFRCG	0000	02:20:03	720	IFX0003/JOB00082
IFG0553F	0000	02:20:04	4640	IFX0003/JOB00082
IGG019CC	0000	02:20:05	1360	IFX0003/JOB00082
IGCFE10D	0008	02:20:05	3200	IFX0003/JOB00082
ISTZDFL0	0000	02:20:05	400	IFX0003/JOB00082
UTRKCALC	0000	02:20:05	1760	IFX0003/JOB00082
IEHMVESU	0000	02:20:06	960	IFX0003/JOB00082
IGG019DK	0000	02:19:57	3200	IFX0004/JOB00083
HMASMTPO	0000	02:20:06	4960	IFX0004/JOB00083
ICGDSB09	0000	02:20:06	9200	IFX0004/JOB00083
IEDQBP	0008	02:20:06	560	IFX0004/JOB00083
ISTDCC00	0000	02:20:07	4080	IFX0004/JOB00083
ICAPRTBL	0000	02:20:07	6000	IFX0004/JOB00083
IDAVBPS1	0000	02:20:07	1120	IFX0004/JOB00083
IEFAB440	0000	02:20:07	1600	IFX0004/JOB00083
IHJQRS21	0000	02:20:08	2880	IFX0004/JOB00083
IDCRS03	0000	02:20:09	25120	IFX0004/JOB00083
IGG019HN	0000	02:20:09	7120	IFX0004/JOB00083
BLSSXTLS	0000	02:20:09	1200	IFX0004/JOB00083
HMASMSUB	0000	02:20:10	3040	IFX0004/JOB00083
IGG0202M	0000	02:20:10	1680	IFX0004/JOB00083
IFCE0135	0000	02:20:10	38240	IFX0004/JOB00083
IGCT010E	0000	02:20:13	1680	IFX0004/JOB00083
IGG09303	0000	02:20:13	800	IFX0004/JOB00083
IDCPR01	0000	02:20:14	6160	IFX0004/JOB00083
IGE0002C	0000	02:20:14	3520	IFX0004/JOB00083
IFG0232S	0000	02:20:14	1840	IFX0004/JOB00083
IEAVMWTO	0000	02:20:15	7040	IFX0004/JOB00083
BLSRADDT	0000	02:20:16	560	IFX0004/JOB00083
IEBISC	0000	02:20:16	2640	IFX0004/JOB00083
IERRBG	0000	02:20:16	640	IFX0004/JOB00083
ISTZBFAR	0000	02:20:16	1280	IFX0004/JOB00083
IGG0CLCE	0000	02:20:06	4480	IFX0005/JOB00084
IGG019PM	0000	02:20:17	640	IFX0005/JOB00084
IDA121A6	0000	02:20:17	640	IFX0005/JOB00084
IDCCDST	0000	02:20:17	240	IFX0005/JOB00084
IERCHK	0000	02:20:18	560	IFX0005/JOB00084
IDCTSCP0	0000	02:20:18	3440	IFX0005/JOB00084
IGG019RO	0012	02:20:18	2000	IFX0005/JOB00084
IERAOD	0000	02:20:18	800	IFX0005/JOB00084
ISTORFBD	0000	02:20:19	880	IFX0005/JOB00084
IGG0CLAQ	0000	02:20:19	6160	IFX0005/JOB00084
IEDQNB	0008	02:20:19	1040	IFX0005/JOB00084
IEDXFMO	0008	02:20:20	1360	IFX0005/JOB00084
BLSRDUCC	0000	02:20:20	1040	IFX0005/JOB00084
IEESS03D	0000	02:20:20	1360	IFX0005/JOB00084
IGGMSG01	0000	02:20:20	4080	IFX0005/JOB00084
IRBMFLMV	0000	02:20:21	12400	IFX0005/JOB00084
IFCFILT3	0000	02:20:21	24400	IFX0005/JOB00084
IGG019KK	0000	02:20:21	800	IFX0005/JOB00084
IECVMAP	0012	02:20:21	880	IFX0005/JOB00084
BNGIMENU	0000	02:20:22	720	IFX0005/JOB00084
IEDAYI	0008	02:20:22	3280	IFX0005/JOB00084
IEHMVSSY	0000	02:20:22	3280	IFX0005/JOB00084
ISTSC027	0000	02:20:22	3760	IFX0005/JOB00084
ISTINCD6	0000	02:20:23	1120	IFX0005/JOB00084
ISTDCC40	0000	02:20:23	3360	IFX0005/JOB00084
IGG0CLA0	0000	02:23:18	2080	IFX0000/JOB00086
IEHDSCAN	0000	02:23:18	4320	IFX0000/JOB00086
IEDQ19	0000	02:23:18	1040	IFX0000/JOB00086
IDCCDCH	0000	02:23:19	640	IFX0000/JOB00086
IFOX0D	0008	02:23:19	5520	IFX0000/JOB00086
IFDOLT73	0000	02:23:20	4080	IFX0000/JOB00086
ISTAPC83	0000	02:23:20	800	IFX0000/JOB00086
IEFVGM16	0000	02:23:20	480	IFX0000/JOB00086
IEDQWQ	0008	02:23:21	1840	IFX0000/JOB00086
IERADR	0000	02:23:21	640	IFX0000/JOB00086
IGG019PF	0000	02:23:21	400	IFX0000/JOB00086
IERROJ	0000	02:23:21	1040	IFX0000/JOB00086
IGG01938	0008	02:23:21	1760	IFX0000/JOB00086
ISTOCCFR	0000	02:23:22	2800	IFX0000/JOB00086
IFDMSG61	0000	02:23:22	880	IFX0000/JOB00086
IEDQHM1	0008	02:23:22	4800	IFX0000/JOB00086
IGC0508B	0000	02:23:23	2800	IFX0000/JOB00086
BLSRPADS	0000	02:23:23	1280	IFX0000/JOB00086
IKTASTPT	0000	02:23:23	3440	IFX0000/JOB00086
IGG019MY	0000	02:23:23	480	IFX0000/JOB00086
IEAVRCF	0008	02:23:24	4960	IFX0000/JOB00086
IFFAFA14	0012	02:23:24	400	IFX0000/JOB00086
HMASMAR4	0000	02:23:24	5040	IFX0000/JOB00086
ISTZBFY0	0000	02:23:24	1280	IFX0000/JOB00086
IDA0192V	0000	02:23:25	9760	IFX0000/JOB00086
IKJEE1A0	0000	02:23:18	1600	IFX0001/JOB00087
HMASMLID	0004	02:23:25	9200	IFX0001/JOB00087
IGG01993	0000	02:23:26	1040	IFX0001/JOB00087
IGC0506H	0000	02:23:26	640	IFX0001/JOB00087
IECIOSAM	0012	02:23:26	23680	IFX0001/JOB00087
IGG019MS	0000	02:23:28	800	IFX0001/JOB00087
ISTAPC84	0000	02:23:28	1120	IFX0001/JOB00087
BLST04BS	0000	02:23:28	800	IFX0001/JOB00087
IERAGF	0000	02:23:28	560	IFX0001/JOB00087
BLSELPCL	0000	02:23:29	1200	IFX0001/JOB00087
ICGDSS01	0000	02:23:29	3280	IFX0001/JOB00087
IFDOLT17	0000	02:23:29	640	IFX0001/JOB00087
IOEESTAE	0000	02:23:29	720	IFX0001/JOB00087
BLSDSV00	0000	02:23:30	560	IFX0001/JOB00087
BLSFLP00	0000	02:23:30	1520	IFX0001/JOB00087
IGG01936	0008	02:23:30	3040	IFX0001/JOB00087
IKJEBEME	0000	02:23:30	4240	IFX0001/JOB00087
IRBMFTMA	0000	02:23:31	2000	IFX0001/JOB00087
IEDQBM	0008	02:23:31	1200	IFX0001/JOB00087
IKJEGDEB	0000	02:23:32	5600	IFX0001/JOB00087
IDCTSTR0	0000	02:23:32	800	IFX0001/JOB00087
IERRDE	0000	02:23:33	1120	IFX0001/JOB00087
HEWLFIDR	0000	02:23:33	4240	IFX0001/JOB00087
IKJCT464	0000	02:23:33	1680	IFX0001/JOB00087
IGG019R6	0008	02:23:33	2000	IFX0001/JOB00087
IFCET006	0000	02:23:25	4160	IFX0002/JOB00088
IKJ5803D	0000	02:23:34	560	IFX0002/JOB00088
IDCDL01	0000	02:23:34	14080	IFX0002/JOB00088
ISTAPC22	0000	02:23:35	1600	IFX0002/JOB00088
IEDQWM2	0008	02:23:35	1600	IFX0002/JOB00088
IGC0308B	0000	02:23:35	960	IFX0002/JOB00088
IKJEBECO	0008	02:23:36	2960	IFX0002/JOB00088
BLSTB4	0000	02:23:36	2080	IFX0002/JOB00088
IGG032I6	0008	02:23:36	1840	IFX0002/JOB00088
IGG019C3	0000	02:23:37	720	IFX0002/JOB00088
ISTNMCCT	0000	02:23:37	960	IFX0002/JOB00088
IERRDX	0000	02:23:37	320	IFX0002/JOB00088
IEFAB4A3	0000	02:23:37	2000	IFX0002/JOB00088
AKJLKL02	0000	02:23:37	1280	IFX0002/JOB00088
IFCEC155	0000	02:23:38	8400	IFX0002/JOB00088
IEFDB4A1	0000	02:23:41	6720	IFX0002/JOB00088
IKJEFP03	0000	02:23:41	3600	IFX0002/JOB00088
ISTINCU1	0000	02:23:41	960	IFX0002/JOB00088
ISTAPC23	0000	02:23:42	2400	IFX0002/JOB00088
IFCEEDIT	0008	02:23:42	3920	IFX0002/JOB00088
IEDQA4	0008	02:23:42	1280	IFX0002/JOB00088
AMAPTF02	0000	02:23:43	1040	IFX0002/JOB00088
ISTIC006	0000	02:23:43	4000	IFX0002/JOB00088
IFG0202C	0000	02:23:43	2320	IFX0002/JOB00088
IGCA810D	0008	02:23:44	880	IFX0002/JOB00088
BLSRADD4	0000	02:23:34	720	IFX0003/JOB00089
IEFAB461	0000	02:23:44	3520	IFX0003/JOB00089
IGG019G4	0000	02:23:45	4720	IFX0003/JOB00089
IGG032I4	0008	02:23:45	1840	IFX0003/JOB00089
IEDQBB	0000	02:23:46	320	IFX0003/JOB00089
IEWSWOVR	0000	02:23:46	1920	IFX0003/JOB00089
IEAVTRTE	0000	02:23:47	4320	IFX0003/JOB00089
IGG01931	0008	02:23:47	1840	IFX0003/JOB00089
IHDGSP01	0012	02:23:47	400	IFX0003/JOB00089
IEECVFTQ	0000	02:23:47	1680	IFX0003/JOB00089
ISTOCCOC	0000	02:23:48	1760	IFX0003/JOB00089
IGG0CLBL	0000	02:23:48	6400	IFX0003/JOB00089
IERRC4	0000	02:23:48	4080	IFX0003/JOB00089
BLSVTCB	0000	02:23:49	3680	IFX0003/JOB00089
IERROZ	0000	02:23:49	400	IFX0003/JOB00089
ISTDCC81	0000	02:23:49	4720	IFX0003/JOB00089
IEHMVESJ	0000	02:23:49	2560	IFX0003/JOB00089
ISTZEFBA	0000	02:23:50	1840	IFX0003/JOB00089
IGG019VA	0000	02:23:50	560	IFX0003/JOB00089
IGG0CLA5	0000	02:23:50	4480	IFX0003/JOB00089
IGG0199L	0000	02:23:50	1760	IFX0003/JOB00089
IGCME10D	0008	02:23:51	1440	IFX0003/JOB00089
IKTLOGFF	0004	02:23:52	1120	IFX0003/JOB00089
IEAVSWIN	0008	02:23:52	5280	IFX0003/JOB00089
ISTZIFCI	0000	02:23:52	2000	IFX0003/JOB00089
IFFAHA06	0012	02:23:44	1040	IFX0004/JOB00090
IERROD	0000	02:23:53	1280	IFX0004/JOB00090
IGG0CLCD	0000	02:23:53	5360	IFX0004/JOB00090
ISDASUM2	0000	02:23:53	3600	IFX0004/JOB00090
IEFJRECM	0000	02:23:54	1600	IFX0004/JOB00090
ICKRI03	0000	02:23:54	2160	IFX0004/JOB00090
BLSDC128	0000	02:23:54	720	IFX0004/JOB00090
IFDOLT28	0000	02:23:54	1280	IFX0004/JOB00090
AHLIWRIT	0000	02:23:54	10000	IFX0004/JOB00090
IEAVEES	0008	02:23:55	960	IFX0004/JOB00090
IDA0I96C	0000	02:23:55	1360	IFX0004/JOB00090
IGE0004I	0008	02:23:55	2400	IFX0004/JOB00090
IEFAB472	0000	02:23:56	5040	IFX0004/JOB00090
IGG019HG	0000	02:23:56	2000	IFX0004/JOB00090
IKJCT434	0000	02:23:57	8320	IFX0004/JOB00090
IEFAB469	0000	02:23:57	4160	IFX0004/JOB00090
IFCSCHAR	0000	02:23:57	5760	IFX0004/JOB00090
BLSUVSCR	0000	02:23:57	720	IFX0004/JOB00090
IERAOY	0000	02:23:58	240	IFX0004/JOB00090
ISTZBF0B	0000	02:23:58	3920	IFX0004/JOB00090
ICGDSINT	0000	02:23:58	2960	IFX0004/JOB00090
ICKTSEF1	0000	02:23:59	11520	IFX0004/JOB00090
IGG0197E	0000	02:23:59	1760	IFX0004/JOB00090
IGG0CLAZ	0000	02:24:00	4960	IFX0004/JOB00090
IKJCT431	0000	02:24:00	10800	IFX0004/JOB00090
HMASMTEC	0000	02:23:53	3840	IFX0005/JOB00091
IEFXB604	0000	02:24:00	1520	IFX0005/JOB00091
IERADP	0000	02:24:01	480	IFX0005/JOB00091
ICKSA01	0000	02:24:01	5120	IFX0005/JOB00091
IGG09404	0000	02:24:02	720	IFX0005/JOB00091
IGG019FT	0000	02:24:02	1200	IFX0005/JOB00091
IEBPPCH1	0000	02:24:02	11520	IFX0005/JOB00091
ISTZBFIB	0000	02:24:03	1200	IFX0005/JOB00091
IEAVNP02	0012	02:24:03	6720	IFX0005/JOB00091
BLSVPGTE	0000	02:24:04	1680	IFX0005/JOB00091
IEESZ03D	0000	02:24:04	2640	IFX0005/JOB00091
IECIOFMT	0000	02:24:04	4880	IFX0005/JOB00091
IFCEXXXG	0000	02:24:04	70960	IFX0005/JOB00091
ISTINCW5	0000	02:24:12	960	IFX0005/JOB00091
IERADI	0000	02:24:13	480	IFX0005/JOB00091
ISTRCC63	0000	02:24:13	2720	IFX0005/JOB00091
BLSUVP99	0000	02:24:13	560	IFX0005/JOB00091
IEESM03D	0000	02:24:13	28640	IFX0005/JOB00091
IFBDCB02	0000	02:24:13	480	IFX0005/JOB00091
IECVXT3S	0008	02:24:13	480	IFX0005/JOB00091
IEBDG	0000	02:24:14	6560	IFX0005/JOB00091
IGG0193K	0000	02:24:14	1680	IFX0005/JOB00091
IGG0191W	0000	02:24:15	2080	IFX0005/JOB00091
IFNX6C	0000	02:24:15	14720	IFX0005/JOB00091
BLSRRNCH	0000	02:24:18	4960	IFX0005/JOB00091
IEAVTAS2	0000	02:26:56	2000	IFX0006/JOB00093
IGG019HP	0000	02:26:57	2000	IFX0006/JOB00093
IKJEBETO	0008	02:26:57	560	IFX0006/JOB00093
IDCTSLC1	0000	02:26:57	2320	IFX0006/JOB00093
IGFDD1	0000	02:26:57	1120	IFX0006/JOB00093
IGCN410D	0008	02:26:58	3200	IFX0006/JOB00093
IEDCSA	0008	02:26:58	1280	IFX0006/JOB00093
IGG019DJ	0000	02:26:58	2400	IFX0006/JOB00093
ILRRLG	0000	02:26:59	2480	IFX0006/JOB00093
IGG019GW	0000	02:26:59	5360	IFX0006/JOB00093
IEBLENP2	0000	02:26:59	320	IFX0006/JOB00093
IGG019R0	0008	02:27:00	18400	IFX0006/JOB00093
IGG0CLBV	0000	02:27:00	6400	IFX0006/JOB00093
IDA019S1	0000	02:27:01	1760	IFX0006/JOB00093
IKTIIOM	0000	02:27:01	2160	IFX0006/JOB00093
IEFIB650	0000	02:27:01	2560	IFX0006/JOB00093
BLSFCN00	0000	02:27:01	2000	IFX0006/JOB00093
IFCS2880	0000	02:27:01	16000	IFX0006/JOB00093
ICKRI02	0000	02:27:03	2640	IFX0006/JOB00093
IGG019KH	0000	02:27:03	560	IFX0006/JOB00093
IGG0203M	0000	02:27:03	2800	IFX0006/JOB00093
IGE0002B	0000	02:27:04	3120	IFX0006/JOB00093
IGG019TY	0000	02:27:04	240	IFX0006/JOB00093
IGG019KO	0000	02:27:04	1120	IFX0006/JOB00093
IQADVM00	0000	02:27:05	240	IFX0006/JOB00093
IGG019G8	0000	02:27:05	2400	IFX0007/JOB00094
IFCST00B	0000	02:27:05	3840	IFX0007/JOB00094
IEHMVESA	0000	02:27:06	2320	IFX0007/JOB00094
IKJEFLS	0004	02:27:06	1920	IFX0007/JOB00094
IEFAB820	0000	02:27:06	880	IFX0007/JOB00094
IEFAB476	0000	02:27:06	1440	IFX0007/JOB00094
IKJEGCPY	0000	02:27:06	3840	IFX0007/JOB00094
IEAVTSDT	0000	02:27:07	6160	IFX0007/JOB00094
IGE0904C	0000	02:27:07	2400	IFX0007/JOB00094
IEBDRB	0000	02:27:08	1600	IFX0007/JOB00094
ISTZEMFA	0000	02:27:08	400	IFX0007/JOB00094
IDDWIAPP	0000	02:27:08	3360	IFX0007/JOB00094
IEECVET1	0008	02:27:09	2800	IFX0007/JOB00094
IEE22110	0000	02:27:09	800	IFX0007/JOB00094
IEDQA3	0008	02:27:10	960	IFX0007/JOB00094
IKJEBEDA	0008	02:27:10	1680	IFX0007/JOB00094
BLSRSUTC	0000	02:27:10	4400	IFX0007/JOB00094
IKJEFA24	0000	02:27:10	4160	IFX0007/JOB00094
IEFIB645	0000	02:27:11	1520	IFX0007/JOB00094
IGCDD10D	0008	02:27:11	1680	IFX0007/JOB00094
IGG0191X	0000	02:27:11	1840	IFX0007/JOB00094
IERABA	0000	02:27:12	320	IFX0007/JOB00094
IECVEXPR	0000	02:27:12	5840	IFX0007/JOB00094
IDA0192G	0000	02:27:13	880	IFX0007/JOB00094
IECVIRST	0008	02:27:05	6800	IFX0008/JOB00095
ISTINCU0	0000	02:27:14	2320	IFX0008/JOB00095
IEESD03D	0000	02:27:14	4880	IFX0008/JOB00095
IFG0RR0A	0000	02:27:15	4480	IFX0008/JOB00095
IRBMFITR	0000	02:27:15	240	IFX0008/JOB00095
IGCT002D	0000	02:27:15	1680	IFX0008/JOB00095
IGG3QN	0000	02:27:15	1120	IFX0008/JOB00095
IECVESIO	0000	02:27:15	4720	IFX0008/JOB00095
ICBVUP00	0000	02:27:16	1440	IFX0008/JOB00095
AMDSAPGE	0000	02:27:16	7360	IFX0008/JOB00095
ISTNMC3S	0000	02:27:16	3040	IFX0008/JOB00095
IDA121A2	0000	02:27:17	8240	IFX0008/JOB00095
BLSFOD00	0000	02:27:17	1600	IFX0008/JOB00095
ISTZIFUB	0000	02:27:18	1600	IFX0008/JOB00095
IEFAB4FD	0000	02:27:18	1040	IFX0008/JOB00095
IEEAB401	0000	02:27:18	2000	IFX0008/JOB00095
IEDQWI5U	0008	02:27:18	1040	IFX0008/JOB00095
IEECB911	0000	02:27:19	2240	IFX0008/JOB00095
HEWLFFNL	0000	02:27:19	4560	IFX0008/JOB00095
IDA019RW	0000	02:27:19	5120	IFX0008/JOB00095
ISTINCUQ	0000	02:27:19	1040	IFX0008/JOB00095
IEFAB4E4	0000	02:27:20	880	IFX0008/JOB00095
AHLMCER	0004	02:27:20	2720	IFX0008/JOB00095
IDCLC01	0000	02:27:20	24560	IFX0008/JOB00095
IEDQW33	0008	02:27:21	3200	IFX0008/JOB00095
ISTINCMD	0000	02:27:13	2160	IFX0009/JOB00096
BLSRRAGE	0000	02:27:21	2080	IFX0009/JOB00096
IGC0D06F	0000	02:27:22	1760	IFX0009/JOB00096
IKJEFE01	0000	02:27:22	4240	IFX0009/JOB00096
IKJCT471	0000	02:27:22	1360	IFX0009/JOB00096
BLSR3270	0004	02:27:23	12480	IFX0009/JOB00096
IEEPRWI2	0000	02:27:23	1200	IFX0009/JOB00096
BLSUTRMO	0000	02:27:24	640	IFX0009/JOB00096
IEESE03D	0000	02:27:24	3120	IFX0009/JOB00096
BLSSPGTE	0000	02:27:25	1120	IFX0009/JOB00096
BLSUPUTT	0000	02:27:25	640	IFX0009/JOB00096
IGG0191P	0000	02:27:25	1040	IFX0009/JOB00096
IGG019FQ	0000	02:27:26	2000	IFX0009/JOB00096
AHLWTASK	0000	02:27:26	4560	IFX0009/JOB00096
IEFAB455	0000	02:27:26	2080	IFX0009/JOB00096
IFCERFMT	0000	02:27:26	4640	IFX0009/JOB00096
IEFDB4FC	0000	02:27:27	480	IFX0009/JOB00096
BLSDMSG0	0000	02:27:27	2160	IFX0009/JOB00096
AMDPRFXT	0000	02:27:27	1600	IFX0009/JOB00096
IFCET004	0000	02:27:27	6960	IFX0009/JOB00096
IDCCDRP	0000	02:27:28	4320	IFX0009/JOB00096
IFCEXXX8	0000	02:27:28	11760	IFX0009/JOB00096
IKJEFT53	0000	02:27:29	400	IFX0009/JOB00096
IGG020D0	0008	02:27:29	960	IFX0009/JOB00096
UTRK3390	0000	02:27:29	960	IFX0009/JOB00096
IDAVBPP1	0000	02:27:21	2560	IFX0010/JOB00097
ISTINCW4	0000	02:27:30	2080	IFX0010/JOB00097
ISTCC016	0000	02:27:30	5440	IFX0010/JOB00097
ISTSDCC1	0000	02:27:30	1360	IFX0010/JOB00097
BLSFPS00	0000	02:27:31	1280	IFX0010/JOB00097
IDA0195A	0000	02:27:31	9440	IFX0010/JOB00097
IDCAM02	0000	02:27:31	720	IFX0010/JOB00097
ISTNMC2S	0000	02:27:32	400	IFX0010/JOB00097
IGG1PCAN	0000	02:27:32	960	IFX0010/JOB00097
ICFBDX00	0000	02:27:32	240	IFX0010/JOB00097
IGG019RV	0000	02:27:32	240	IFX0010/JOB00097
IKJCT435	0008	02:27:32	4880	IFX0010/JOB00097
IEHMVSRK	0000	02:27:33	1520	IFX0010/JOB00097
IFCE2880	0000	02:27:33	74240	IFX0010/JOB00097
IEFAB426	0000	02:27:38	2000	IFX0010/JOB00097
ISTINCSD	0000	02:27:38	240	IFX0010/JOB00097
ISTZBFAE	0000	02:27:38	2960	IFX0010/JOB00097
IEFDB401	0000	02:27:38	320	IFX0010/JOB00097
IFG0554T	0000	02:27:38	2480	IFX0010/JOB00097
ISTZAF0A	0000	02:27:39	1920	IFX0010/JOB00097
IGG02028	0000	02:27:39	1840	IFX0010/JOB00097
ISTDCC32	0000	02:27:40	1920	IFX0010/JOB00097
IERRBF	0000	02:27:40	640	IFX0010/JOB00097
IEDQA9	0000	02:27:40	640	IFX0010/JOB00097
ISTOCCFB	0000	02:27:40	5760	IFX0010/JOB00097
ISTDCC02	0000	02:27:30	3040	IFX0011/JOB00098
IKJCT436	0000	02:27:41	14560	IFX0011/JOB00098
IGCVA10D	0008	02:27:42	3120	IFX0011/JOB00098
IECVHREC	0000	02:27:42	13760	IFX0011/JOB00098
IEECVET8	0000	02:27:43	1360	IFX0011/JOB00098
IGC0806F	0000	02:27:43	1600	IFX0011/JOB00098
IEECVETA	0000	02:27:43	1520	IFX0011/JOB00098
IFCEXXXH	0000	02:27:43	22560	IFX0011/JOB00098
BLSVXTLS	0000	02:27:45	2400	IFX0011/JOB00098
BLSUINI1	0000	02:27:45	1280	IFX0011/JOB00098
IKJEBEFC	0008	02:27:46	2960	IFX0011/JOB00098
IEAVAD07	0000	02:27:46	3840	IFX0011/JOB00098
BLSUVSER	0000	02:27:46	560	IFX0011/JOB00098
BLST05	0000	02:27:47	2240	IFX0011/JOB00098
IEHDDATE	0000	02:27:47	560	IFX0011/JOB00098
IECVDDT1	0012	02:27:47	400	IFX0011/JOB00098
IGC1306F	0000	02:27:47	1200	IFX0011/JOB00098
ILRVIOCM	0008	02:27:48	960	IFX0011/JOB00098
IGC0506C	0000	02:27:48	2080	IFX0011/JOB00098
IEFVHA	0000	02:27:48	1920	IFX0011/JOB00098
IFFAGA01	0012	02:27:49	1840	IFX0011/JOB00098
IEDAYHH	0000	02:27:49	720	IFX0011/JOB00098
ISTZBFCB	0000	02:27:50	1600	IFX0011/JOB00098
IFFAAA02	0012	02:27:50	480	IFX0011/JOB00098
IGE0004G	0008	02:27:50	2240	IFX0011/JOB00098
IFNX1K	0000	02:30:18	3680	IFX0012/JOB00100
IGG08113	0000	02:30:20	4640	IFX0012/JOB00100
IEEMB814	0000	02:30:20	1600	IFX0012/JOB00100
IECVXDAT	0008	02:30:20	320	IFX0012/JOB00100
IEFVHQ	0000	02:30:20	720	IFX0012/JOB00100
IEAVNP17	0012	02:30:21	1440	IFX0012/JOB00100
IEBVTM	0008	02:30:21	3680	IFX0012/JOB00100
IKTCAS32	0000	02:30:21	1040	IFX0012/JOB00100
BLSFFL00	0000	02:30:21	1280	IFX0012/JOB00100
IERRGP	0000	02:30:22	1520	IFX0012/JOB00100
IFCED165	0000	02:30:22	37920	IFX0012/JOB00100
IGG019RG	0008	02:30:23	960	IFX0012/JOB00100
IGG0860D	0000	02:30:23	1760	IFX0012/JOB00100
IEAVFREE	0008	02:30:24	2320	IFX0012/JOB00100
IERRCT	0000	02:30:24	1120	IFX0012/JOB00100
IGC0706F	0000	02:30:24	1280	IFX0012/JOB00100
IEWFETCH	0008	02:30:24	10320	IFX0012/JOB00100
IHJQRS22	0000	02:30:25	2160	IFX0012/JOB00100
ISTZFFXA	0000	02:30:26	1120	IFX0012/JOB00100
IEECB908	0000	02:30:26	4880	IFX0012/JOB00100
IFG0555J	0000	02:30:26	2000	IFX0012/JOB00100
AMDSAUCB	0000	02:30:27	1520	IFX0012/JOB00100
AMDSYS02	0000	02:30:27	2240	IFX0012/JOB00100
IDAVBPJ1	0000	02:30:27	1840	IFX0012/JOB00100
IKJEGCIV	0000	02:30:28	2000	IFX0012/JOB00100
IGE0025C	0000	02:30:19	5680	IFX0013/JOB00101
IEAVTSKT	0000	02:30:29	2480	IFX0013/JOB00101
ISTZIFKB	0000	02:30:29	1680	IFX0013/JOB00101
IEEMB812	0000	02:30:30	3120	IFX0013/JOB00101
IFDOLTAA	0000	02:30:30	720	IFX0013/JOB00101
IERRBB	0000	02:30:31	560	IFX0013/JOB00101
IGG019GE	0000	02:30:31	1040	IFX0013/JOB00101
AHLSBUF	0000	02:30:31	2320	IFX0013/JOB00101
BLSCABLD	0000	02:30:31	9040	IFX0013/JOB00101
IECVXPRE	0008	02:30:32	320	IFX0013/JOB00101
IKJEBEM6	0000	02:30:32	2880	IFX0013/JOB00101
ICGDSS04	0000	02:30:32	10000	IFX0013/JOB00101
IGG3QNC	0000	02:30:32	1120	IFX0013/JOB00101
IEDQBX	0008	02:30:32	560	IFX0013/JOB00101
IGC0206H	0000	02:30:33	1360	IFX0013/JOB00101
HEWLFADA	0000	02:30:33	4000	IFX0013/JOB00101
IERABV	0000	02:30:33	400	IFX0013/JOB00101
IDCCDMC	0000	02:30:33	2000	IFX0013/JOB00101
IHJQRS24	0000	02:30:33	1760	IFX0013/JOB00101
IDCEX02	0000	02:30:34	1200	IFX0013/JOB00101
IGG019RT	0000	02:30:34	320	IFX0013/JOB00101
IECVCRHH	0000	02:30:34	2000	IFX0013/JOB00101
BLSRSAGN	0000	02:30:35	1200	IFX0013/JOB00101
IFCEE155	0000	02:30:35	20080	IFX0013/JOB00101
IDA019SB	0000	02:30:28	4560	IFX0014/JOB00102
AMDPRSEG	0000	02:30:41	5440	IFX0014/JOB00102
IGG09411	0008	02:30:41	480	IFX0014/JOB00102
IGG019IE	0000	02:30:42	1040	IFX0014/JOB00102
IFDOLTAB	0000	02:30:42	480	IFX0014/JOB00102
BLSFND00	0000	02:30:42	880	IFX0014/JOB00102
IRBMFLTV	0000	02:30:42	1840	IFX0014/JOB00102
IGC0G10D	0000	02:30:42	1840	IFX0014/JOB00102
IGC1106F	0000	02:30:43	1680	IFX0014/JOB00102
IFCEXXXX	0000	02:30:43	11760	IFX0014/JOB00102
AMDSASVI	0000	02:30:43	3760	IFX0014/JOB00102
IGG019M3	0000	02:30:44	640	IFX0014/JOB00102
IDCRI03	0000	02:30:44	2400	IFX0014/JOB00102
ISTSDCMT	0000	02:30:44	1920	IFX0014/JOB00102
IOEDKRDR	0000	02:30:44	20800	IFX0014/JOB00102
IEESP03D	0000	02:30:45	10560	IFX0014/JOB00102
AMDSAAID	0000	02:30:45	1680	IFX0014/JOB00102
IGG019MU	0000	02:30:45	480	IFX0014/JOB00102
IEFACT	0000	02:30:45	320	IFX0014/JOB00102
IFCE2870	0000	02:30:46	35600	IFX0014/JOB00102
IRARMMSG	0000	02:30:49	1520	IFX0014/JOB00102
IDCRIKT	0000	02:30:49	320	IFX0014/JOB00102
IFCEOAK1	0000	02:30:49	10240	IFX0014/JOB00102
IGCFH10D	0008	02:30:50	2400	IFX0014/JOB00102
IKJEBERC	0000	02:30:51	240	IFX0014/JOB00102
IGG0196P	0000	02:30:41	1840	IFX0015/JOB00103
IGG0197V	0000	02:30:51	1760	IFX0015/JOB00103
IEESJ03D	0000	02:30:52	4640	IFX0015/JOB00103
IDCTSSA6	0000	02:30:52	2240	IFX0015/JOB00103
IGC0W05B	0000	02:30:53	1440	IFX0015/JOB00103
IEFIB621	0000	02:30:53	1200	IFX0015/JOB00103
IFFAJA04	0012	02:30:54	640	IFX0015/JOB00103
IFCSIPL0	0000	02:30:54	8000	IFX0015/JOB00103
IECVXDRS	0012	02:30:54	960	IFX0015/JOB00103
IGG019RE	0000	02:30:54	720	IFX0015/JOB00103
SECLOADA	0000	02:30:55	1280	IFX0015/JOB00103
IEFICATL	0000	02:30:55	800	IFX0015/JOB00103
HMASMIO1	0000	02:30:56	1840	IFX0015/JOB00103
ISTSDCVI	0000	02:30:56	2240	IFX0015/JOB00103
ILRMSG00	0008	02:30:56	3200	IFX0015/JOB00103
ISTORFBF	0000	02:30:57	880	IFX0015/JOB00103
BLSUPARU	0000	02:30:57	1120	IFX0015/JOB00103
IEDQKB	0008	02:30:57	5280	IFX0015/JOB00103
IER8DJ	0000	02:30:57	320	IFX0015/JOB00103
IEDSCPRP	0008	02:30:57	2000	IFX0015/JOB00103
IFCSXXXH	0000	02:30:58	36080	IFX0015/JOB00103
IGG0191N	0000	02:31:00	3040	IFX0015/JOB00103
IFCEMER2	0000	02:31:01	7120	IFX0015/JOB00103
IRBMFFUR	0000	02:31:01	400	IFX0015/JOB00103
IEFDB4F9	0000	02:31:02	6000	IFX0015/JOB00103
IGFPMTHA	0000	02:30:51	1440	IFX0016/JOB00104
IGG019AQ	0000	02:31:02	720	IFX0016/JOB00104
IEAVAD0A	0000	02:31:03	2400	IFX0016/JOB00104
IGG0CLB9	0000	02:31:03	6000	IFX0016/JOB00104
HMASMMPH	0000	02:31:03	3280	IFX0016/JOB00104
ICGDSB12	0000	02:31:04	2960	IFX0016/JOB00104
BLSCERSE	0000	02:31:04	1440	IFX0016/JOB00104
ISTSDCCN	0000	02:31:05	560	IFX0016/JOB00104
IGE0004A	0000	02:31:05	1600	IFX0016/JOB00104
IFCS0145	0000	02:31:05	16960	IFX0016/JOB00104
IKJEFTE8	0000	02:31:07	320	IFX0016/JOB00104
IGG019JU	0000	02:31:07	1920	IFX0016/JOB00104
IKJEFA22	0000	02:31:07	5520	IFX0016/JOB00104
IEFXB602	0000	02:31:07	1920	IFX0016/JOB00104
IEESB03D	0000	02:31:08	2080	IFX0016/JOB00104
BLSRSAPU	0000	02:31:08	800	IFX0016/JOB00104
IGG0198E	0008	02:31:08	1520	IFX0016/JOB00104
IEBCREAT	0000	02:31:09	5120	IFX0016/JOB00104
IEDBITN	0000	02:31:09	1360	IFX0016/JOB00104
IEDQBR	0008	02:31:09	560	IFX0016/JOB00104
IGG0CLB1	0000	02:31:09	4000	IFX0016/JOB00104
IGG019V3	0000	02:31:10	880	IFX0016/JOB00104
ICGDSB18	0000	02:31:10	6640	IFX0016/JOB00104
IEAVNPM2	0012	02:31:10	11600	IFX0016/JOB00104
BLSUBLDL	0000	02:31:11	2400	IFX0016/JOB00104
IDCIO03	0000	02:31:02	6560	IFX0017/JOB00105
IGE0704B	0000	02:31:11	640	IFX0017/JOB00105
IGFDT0	0000	02:31:12	1600	IFX0017/JOB00105
ISTZDMMB	0000	02:31:12	960	IFX0017/JOB00105
IFG0195G	0000	02:31:12	640	IFX0017/JOB00105
ISTZAF1B	0000	02:31:13	2800	IFX0017/JOB00105
IGG019JG	0000	02:31:13	880	IFX0017/JOB00105
IEFAB478	0000	02:31:14	5040	IFX0017/JOB00105
IGFCIC	0000	02:31:14	720	IFX0017/JOB00105
HMASMCPI	0000	02:31:14	8480	IFX0017/JOB00105
IFG0199I	0000	02:31:15	880	IFX0017/JOB00105
IDAIIPM2	0000	02:31:15	2800	IFX0017/JOB00105
IGG09409	0000	02:31:15	480	IFX0017/JOB00105
IFFAGA05	0012	02:31:15	1040	IFX0017/JOB00105
IECVRRSV	0000	02:31:16	4640	IFX0017/JOB00105
IGG01994	0000	02:31:16	1040	IFX0017/JOB00105
ISTINCRD	0000	02:31:17	4800	IFX0017/JOB00105
ICKDV01	0000	02:31:17	6000	IFX0017/JOB00105
IFFCAN01	0000	02:31:18	4160	IFX0017/JOB00105
IDCTSLD0	0000	02:31:18	6560	IFX0017/JOB00105
IEDQGA	0008	02:31:18	4400	IFX0017/JOB00105
ICKIT01	0000	02:31:19	21600	IFX0017/JOB00105
ISTZGFAB	0000	02:31:19	960	IFX0017/JOB00105
IEAVTADR	0000	02:31:19	1040	IFX0017/JOB00105
ISTINCF3	0000	02:33:53	3680	IFX0018/JOB00107
ILRFMTCV	0000	02:33:53	13920	IFX0018/JOB00107
ISTNMC7S	0000	02:33:54	2480	IFX0018/JOB00107
IDCRD06	0000	02:33:54	21200	IFX0018/JOB00107
IGG0325H	0008	02:33:55	1840	IFX0018/JOB00107
IEDQNM	0008	02:33:55	880	IFX0018/JOB00107
IKJEGMNL	0008	02:33:56	8880	IFX0018/JOB00107
IGG01937	0008	02:33:57	1360	IFX0018/JOB00107
BLSRVSLD	0000	02:33:57	3280	IFX0018/JOB00107
IGCML10D	0008	02:33:57	1120	IFX0018/JOB00107
IKJEFT06	0000	02:33:58	4400	IFX0018/JOB00107
IEBTCR04	0000	02:33:58	4480	IFX0018/JOB00107
IEFNB9IR	0000	02:33:58	1280	IFX0018/JOB00107
ICBTMSS0	0000	02:33:59	1520	IFX0018/JOB00107
BLSFSD00	0000	02:33:59	960	IFX0018/JOB00107
IFG0199B	0000	02:33:59	2080	IFX0018/JOB00107
AMDSAAUD	0000	02:34:00	2080	IFX0018/JOB00107
IDCRI02	0000	02:34:00	2880	IFX0018/JOB00107
AMDUSRFE	0000	02:34:00	2640	IFX0018/JOB00107
IEDQAI	0008	02:34:00	1280	IFX0018/JOB00107
ISTSDCP2	0000	02:34:00	640	IFX0018/JOB00107
ISDAPRT0	0008	02:34:00	2000	IFX0018/JOB00107
IEFJSREQ	0000	02:34:01	960	IFX0018/JOB00107
IGG019G7	0000	02:34:01	5840	IFX0018/JOB00107
IEDPCOUT	0008	02:34:01	960	IFX0018/JOB00107
BLSRMSGA	0000	02:33:53	1040	IFX0019/JOB00108
ISTINCW3	0000	02:34:02	1760	IFX0019/JOB00108
IGFPEXIT	0000	02:34:02	1120	IFX0019/JOB00108
IFCEMER5	0000	02:34:02	8800	IFX0019/JOB00108
IGC0207A	0000	02:34:03	2160	IFX0019/JOB00108
IGC0012F	0000	02:34:04	11840	IFX0019/JOB00108
IRBMFDSP	0000	02:34:04	240	IFX0019/JOB00108
IFNX3K	0000	02:34:04	3360	IFX0019/JOB00108
IGCN010D	0000	02:34:06	1840	IFX0019/JOB00108
IGCDB10D	0008	02:34:06	1120	IFX0019/JOB00108
IEE1603D	0000	02:34:06	2080	IFX0019/JOB00108
IGG019V6	0000	02:34:07	3600	IFX0019/JOB00108
IGX00014	0000	02:34:07	2800	IFX0019/JOB00108
IFOX0H	0000	02:34:08	1760	IFX0019/JOB00108
IGC0F06F	0000	02:34:08	1600	IFX0019/JOB00108
ISTINCX1	0000	02:34:08	1920	IFX0019/JOB00108
ISTZDFKB	0000	02:34:09	1600	IFX0019/JOB00108
IGG019C0	0000	02:34:09	560	IFX0019/JOB00108
IEAVTRML	0000	02:34:09	240	IFX0019/JOB00108
IEDQKC	0008	02:34:09	5760	IFX0019/JOB00108
IFG0232Z	0000	02:34:10	2400	IFX0019/JOB00108
IGG0201D	0000	02:34:11	1040	IFX0019/JOB00108
IGE0204G	0008	02:34:12	1440	IFX0019/JOB00108
IEFAB441	0000	02:34:12	3840	IFX0019/JOB00108
IEHMVMSY	0000	02:34:12	2480	IFX0019/JOB00108
IEECVFTP	0000	02:34:02	1600	IFX0020/JOB00109
IGG0196K	0000	02:34:13	1600	IFX0020/JOB00109
ISTINCQE	0000	02:34:14	2000	IFX0020/JOB00109
IEDQWJ2	0008	02:34:14	6160	IFX0020/JOB00109
IKJEFTNS	0000	02:34:15	400	IFX0020/JOB00109
IEDNCU2	0008	02:34:15	4240	IFX0020/JOB00109
ISTTC037	0000	02:34:15	5760	IFX0020/JOB00109
BLSFSCRT	0000	02:34:15	3920	IFX0020/JOB00109
IGG0197N	0000	02:34:15	2160	IFX0020/JOB00109
AMDSAAMR	0000	02:34:16	2000	IFX0020/JOB00109
IGG0553C	0008	02:34:16	2080	IFX0020/JOB00109
IRBMFECH	0000	02:34:17	1440	IFX0020/JOB00109
AMDPRFMT	0000	02:34:17	1360	IFX0020/JOB00109
IFCT2305	0000	02:34:18	4640	IFX0020/JOB00109
IEDQAS	0008	02:34:18	3040	IFX0020/JOB00109
IFDMSG05	0000	02:34:18	400	IFX0020/JOB00109
IFCEAXXX	0000	02:34:18	22800	IFX0020/JOB00109
BLSRSETD	0000	02:34:19	5840	IFX0020/JOB00109
IGG0192Z	0000	02:34:20	1200	IFX0020/JOB00109
IGG019RZ	0000	02:34:21	320	IFX0020/JOB00109
IFG0551R	0000	02:34:21	2640	IFX0020/JOB00109
BLSUPUTV	0000	02:34:22	800	IFX0020/JOB00109
IKJEFF57	0000	02:34:22	1760	IFX0020/JOB00109
IGG019T8	0000	02:34:22	480	IFX0020/JOB00109
IFHSTATR	0000	02:34:13	4160	IFX0021/JOB00110
IER9ON	0000	02:34:23	1040	IFX0021/JOB00110
ISTOCCCM	0000	02:34:23	1520	IFX0021/JOB00110
IEDQA8	0008	02:34:23	720	IFX0021/JOB00110
IERABE	0000	02:34:24	320	IFX0021/JOB00110
BLSFUD00	0000	02:34:24	2720	IFX0021/JOB00110
IGG019CY	0000	02:34:24	800	IFX0021/JOB00110
IEAVVWTO	0000	02:34:25	8240	IFX0021/JOB00110
IEHPROG4	0000	02:34:25	1600	IFX0021/JOB00110
IERRDC	0000	02:34:26	640	IFX0021/JOB00110
BLSELPCT	0000	02:34:26	2240	IFX0021/JOB00110
AMDPRLOD	0000	02:34:26	5680	IFX0021/JOB00110
IEAVEED0	0008	02:34:26	2320	IFX0021/JOB00110
IHJQRS20	0000	02:34:27	1600	IFX0021/JOB00110
IGG1QN	0000	02:34:28	960	IFX0021/JOB00110
LOADGO	0000	02:34:28	320	IFX0021/JOB00110
IRBMFRDR	0000	02:34:28	4720	IFX0021/JOB00110
IEE0703D	0000	02:34:28	1840	IFX0021/JOB00110
IERROH	0000	02:34:29	1440	IFX0021/JOB00110
IDDWICPI	0000	02:34:29	6080	IFX0021/JOB00110
IKJEFH03	0000	02:34:29	960	IFX0021/JOB00110
ICKTSAN0	0000	02:34:29	6720	IFX0021/JOB00110
IGG019KW	0000	02:34:30	800	IFX0021/JOB00110
IKJEGWHR	0000	02:34:30	5440	IFX0021/JOB00110
BNGILOCL	0000	02:34:31	9760	IFX0021/JOB00110
IHJARS01	0000	02:34:22	1280	IFX0022/JOB00111
ISTZIFJB	0000	02:34:31	480	IFX0022/JOB00111
ICKWL01	0000	02:34:31	2240	IFX0022/JOB00111
IGG01991	0000	02:34:32	1280	IFX0022/JOB00111
IGE0804H	0000	02:34:32	240	IFX0022/JOB00111
IDCDB01	0000	02:34:32	2160	IFX0022/JOB00111
IAPBLDIO	0000	02:34:33	8960	IFX0022/JOB00111
IEAVPRSB	0008	02:34:33	1680	IFX0022/JOB00111
IFCEREP1	0000	02:34:33	4720	IFX0022/JOB00111
IEDFSSTB	0000	02:34:33	1360	IFX0022/JOB00111
ILRTMRLG	0000	02:34:33	2880	IFX0022/JOB00111
IKT0940F	0000	02:34:34	2400	IFX0022/JOB00111
IDCCDLC	0000	02:34:34	3280	IFX0022/JOB00111
ISTINCF9	0000	02:34:35	1040	IFX0022/JOB00111
IGG0202K	0000	02:34:35	1520	IFX0022/JOB00111
ISTZKFBN	0000	02:34:35	640	IFX0022/JOB00111
IGG08112	0000	02:34:36	3840	IFX0022/JOB00111
IEDQWR	0008	02:34:36	1920	IFX0022/JOB00111
BNGIREAD	0000	02:34:36	800	IFX0022/JOB00111
IEDNLT	0008	02:34:36	1440	IFX0022/JOB00111
IKTCAS53	0000	02:34:37	1520	IFX0022/JOB00111
IGC0606F	0000	02:34:37	960	IFX0022/JOB00111
BLSFCONF	0000	02:34:37	880	IFX0022/JOB00111
IFCEXXXE	0000	02:34:37	13280	IFX0022/JOB00111
ISTZGF0A	0000	02:34:38	7520	IFX0022/JOB00111
ICKCDTR	0000	02:34:31	1120	IFX0023/JOB00112
IGCZ010D	0008	02:34:38	2720	IFX0023/JOB00112
IDA0192B	0000	02:34:39	9840	IFX0023/JOB00112
IEFSD263	0008	02:34:39	3760	IFX0023/JOB00112
IGG019BV	0000	02:34:40	800	IFX0023/JOB00112
IGG01945	0008	02:34:40	1040	IFX0023/JOB00112
IGG0199O	0000	02:34:41	1440	IFX0023/JOB00112
IGG019RQ	0008	02:34:41	400	IFX0023/JOB00112
IFFAGA03	0012	02:34:42	880	IFX0023/JOB00112
IGE0104A	0000	02:34:42	1120	IFX0023/JOB00112
IKJEFLF	0000	02:34:42	640	IFX0023/JOB00112
LETRRIP	0000	02:34:42	96640	IFX0023/JOB00112
IGG0192A	0000	02:34:43	1920	IFX0023/JOB00112
IFCS2870	0000	02:34:44	17520	IFX0023/JOB00112
IDAOCEA2	0000	02:34:45	3600	IFX0023/JOB00112
ISTZIFSG	0000	02:34:45	1680	IFX0023/JOB00112
IERAOB	0000	02:34:45	960	IFX0023/JOB00112
IGG0195G	0000	02:34:45	1280	IFX0023/JOB00112
IGG0325U	0008	02:34:46	1440	IFX0023/JOB00112
IGG0196L	0000	02:34:46	1280	IFX0023/JOB00112
HMASMULI	0000	02:34:47	1600	IFX0023/JOB00112
IFG0232J	0000	02:34:47	1920	IFX0023/JOB00112
IGG019MW	0000	02:34:48	480	IFX0023/JOB00112
IEAVTSDH	0000	02:34:48	4800	IFX0023/JOB00112
IGG019MV	0000	02:34:49	560	IFX0023/JOB00112
IEE0603D	0008	02:37:10	2080	IFX0024/JOB00114
IRARMERR	0008	02:37:10	3440	IFX0024/JOB00114
IFDOLT18	0000	02:37:11	6000	IFX0024/JOB00114
IKJEFP40	0000	02:37:12	3280	IFX0024/JOB00114
IKJCT470	0000	02:37:12	1440	IFX0024/JOB00114
IERABF	0000	02:37:12	1760	IFX0024/JOB00114
IGG0192N	0000	02:37:12	1280	IFX0024/JOB00114
IFDOLT53	0000	02:37:13	1600	IFX0024/JOB00114
IERRC2	0000	02:37:13	880	IFX0024/JOB00114
IGE0304G	0008	02:37:13	800	IFX0024/JOB00114
IGG019G1	0000	02:37:13	3920	IFX0024/JOB00114
ISDASUM1	0008	02:37:14	5040	IFX0024/JOB00114
IGG019PA	0000	02:37:14	1040	IFX0024/JOB00114
IGG019BT	0000	02:37:14	480	IFX0024/JOB00114
IERAPO	0000	02:37:14	1040	IFX0024/JOB00114
IKJEBEUP	0008	02:37:15	1600	IFX0024/JOB00114
IGE0660A	0000	02:37:15	1600	IFX0024/JOB00114
IKJEFF51	0000	02:37:15	2160	IFX0024/JOB00114
ICKRL01	0000	02:37:16	1600	IFX0024/JOB00114
IKJEBEIA	0008	02:37:16	4400	IFX0024/JOB00114
IEDAY3	0000	02:37:16	480	IFX0024/JOB00114
IEFVGS	0000	02:37:16	1840	IFX0024/JOB00114
IECIOFT1	0000	02:37:16	5360	IFX0024/JOB00114
HEWLFENT	0000	02:37:17	1200	IFX0024/JOB00114
IDCCDBI	0000	02:37:17	2160	IFX0024/JOB00114
ISTOCMDC	0000	02:37:10	480	IFX0025/JOB00115
IEAVEVT0	0008	02:37:17	2480	IFX0025/JOB00115
IEDQBG	0008	02:37:18	720	IFX0025/JOB00115
BLSSPVT	0000	02:37:18	960	IFX0025/JOB00115
IFG0551L	0000	02:37:19	3600	IFX0025/JOB00115
IERRBP	0000	02:37:20	320	IFX0025/JOB00115
BLSSLPDE	0000	02:37:20	1760	IFX0025/JOB00115
IERABW	0000	02:37:20	480	IFX0025/JOB00115
BLSDTIME	0000	02:37:20	1760	IFX0025/JOB00115
ISTRCC54	0000	02:37:20	880	IFX0025/JOB00115
IKJCT460	0000	02:37:21	1920	IFX0025/JOB00115
ISTSDCDS	0000	02:37:21	560	IFX0025/JOB00115
IEFAB471	0000	02:37:21	5520	IFX0025/JOB00115
BLSUVSEN	0000	02:37:21	560	IFX0025/JOB00115
BLSTU4	0000	02:37:22	2160	IFX0025/JOB00115
IERROU	0000	02:37:22	1680	IFX0025/JOB00115
ISTNMC4S	0000	02:37:22	1200	IFX0025/JOB00115
IDCRS05	0000	02:37:22	25600	IFX0025/JOB00115
IEAVTMRM	0000	02:37:23	880	IFX0025/JOB00115
IERAOO	0000	02:37:23	400	IFX0025/JOB00115
IERRCV	0000	02:37:23	2480	IFX0025/JOB00115
IFG0202I	0000	02:37:24	2240	IFX0025/JOB00115
ICBVMG00	0000	02:37:24	13200	IFX0025/JOB00115
IEEMB826	0000	02:37:25	400	IFX0025/JOB00115
IGG01916	0000	02:37:17	1120	IFX0026/JOB00116
ISTINCSM	0000	02:37:26	2560	IFX0026/JOB00116
IEAVTSLS	0000	02:37:26	5200	IFX0026/JOB00116
IDCRC01	0000	02:37:26	20160	IFX0026/JOB00116
IKJEGSRH	0000	02:37:26	1840	IFX0026/JOB00116
IFCSXXX0	0000	02:37:27	10800	IFX0026/JOB00116
IGE0004C	0000	02:37:28	2080	IFX0026/JOB00116
IFFAFA15	0012	02:37:29	1920	IFX0026/JOB00116
IDCCDNC	0000	02:37:29	800	IFX0026/JOB00116
IGG019RU	0000	02:37:29	320	IFX0026/JOB00116
IFFAHA16	0000	02:37:29	6080	IFX0026/JOB00116
IEFSD87M	0000	02:37:29	320	IFX0026/JOB00116
IFG0194A	0000	02:37:29	7280	IFX0026/JOB00116
IEDAYD	0008	02:37:30	400	IFX0026/JOB00116
AMDPRGCD	0000	02:37:31	29280	IFX0026/JOB00116
IGG019UP	0000	02:37:32	880	IFX0026/JOB00116
IEDQWAJ	0008	02:37:33	2480	IFX0026/JOB00116
IFCEE165	0000	02:37:33	35520	IFX0026/JOB00116
ISTNMC8P	0000	02:37:35	560	IFX0026/JOB00116
IGG0CLBA	0000	02:37:35	4960	IFX0026/JOB00116
IEHMVSSZ	0000	02:37:35	3440	IFX0026/JOB00116
IFG0194F	0000	02:37:36	7200	IFX0026/JOB00116
ISTINCOS	0000	02:37:37	3920	IFX0026/JOB00116
ILRSLOTC	0000	02:37:38	320	IFX0026/JOB00116
IEDQ14	0000	02:37:38	1040	IFX0026/JOB00116
IGG0325G	0008	02:37:25	1920	IFX0027/JOB00117
IEFAB4F7	0000	02:37:39	1760	IFX0027/JOB00117
IERRMC	0000	02:37:39	640	IFX0027/JOB00117
IFG0552V	0000	02:37:39	1760	IFX0027/JOB00117
IECVXDRT	0012	02:37:40	400	IFX0027/JOB00117
IGG019JL	0000	02:37:40	800	IFX0027/JOB00117
BNGTDISP	0000	02:37:40	17280	IFX0027/JOB00117
BLSUVSMR	0000	02:37:41	720	IFX0027/JOB00117
IEFVHF	0000	02:37:41	1440	IFX0027/JOB00117
BLSDADSD	0000	02:37:42	960	IFX0027/JOB00117
IFG0202B	0000	02:37:42	2640	IFX0027/JOB00117
HMASMTMD	0000	02:37:43	21920	IFX0027/JOB00117
IKTMSGS	0000	02:37:43	2240	IFX0027/JOB00117
ISTINCV9	0000	02:37:44	2800	IFX0027/JOB00117
IEDNTR	0008	02:37:44	1600	IFX0027/JOB00117
IEFDB412	0000	02:37:44	8640	IFX0027/JOB00117
ISTOCCOA	0000	02:37:45	1840	IFX0027/JOB00117
ISTINCL7	0000	02:37:45	640	IFX0027/JOB00117
BLSUGWDM	0000	02:37:45	240	IFX0027/JOB00117
IEAVPIOP	0008	02:37:45	4080	IFX0027/JOB00117
IGC0109H	0000	02:37:46	1920	IFX0027/JOB00117
IEDQWN	0008	02:37:46	4400	IFX0027/JOB00117
IEFAB49A	0000	02:37:47	2240	IFX0027/JOB00117
IGC0306F	0000	02:37:47	1600	IFX0027/JOB00117
IEAVETCL	0008	02:37:38	1840	IFX0028/JOB00118
BLSRDUIN	0000	02:37:48	2240	IFX0028/JOB00118
ISTDCC24	0000	02:37:48	1360	IFX0028/JOB00118
HMASMTL1	0000	02:37:48	2160	IFX0028/JOB00118
IEFTB723	0000	02:37:49	640	IFX0028/JOB00118
ISTRACCR	0000	02:37:49	480	IFX0028/JOB00118
IEDQWA1	0008	02:37:49	7040	IFX0028/JOB00118
IFDMSG31	0000	02:37:49	1440	IFX0028/JOB00118
AMDPRAPP	0000	02:37:50	6320	IFX0028/JOB00118
IGG019AG	0000	02:37:50	400	IFX0028/JOB00118
IKJEBECI	0008	02:37:50	4480	IFX0028/JOB00118
ICBPRGIO	0000	02:37:50	1200	IFX0028/JOB00118
IFFAAA04	0012	02:37:51	880	IFX0028/JOB00118
IFCETRN5	0000	02:37:51	10320	IFX0028/JOB00118
IKJEFT56	0000	02:37:51	1200	IFX0028/JOB00118
IEDQBQ	0008	02:37:52	2640	IFX0028/JOB00118
IEAVAD31	0000	02:37:52	640	IFX0028/JOB00118
ISTSDCOD	0000	02:37:52	960	IFX0028/JOB00118
IFDMSG07	0000	02:37:52	1120	IFX0028/JOB00118
IER8CI	0000	02:37:52	2480	IFX0028/JOB00118
IFG0552D	0000	02:37:53	960	IFX0028/JOB00118
IKJEFT01	0000	02:37:53	8960	IFX0028/JOB00118
BLSRESGE	0000	02:37:54	1360	IFX0028/JOB00118
IGG019EK	0000	02:37:54	880	IFX0028/JOB00118
IEBISSI	0000	02:37:55	1680	IFX0028/JOB00118
IGG08115	0000	02:37:47	1600	IFX0029/JOB00119
IGG019G2	0000	02:37:55	3520	IFX0029/JOB00119
AHLWRMSG	0000	02:37:56	1440	IFX0029/JOB00119
IEDIAA	0008	02:37:56	1840	IFX0029/JOB00119
IGCSW10D	0008	02:37:56	1840	IFX0029/JOB00119
HEWLDRGO	0000	02:37:57	1360	IFX0029/JOB00119
IGG0192M	0000	02:37:57	1200	IFX0029/JOB00119
IFNX4V	0000	02:37:57	2480	IFX0029/JOB00119
IFFPAAST	0000	02:37:58	720	IFX0029/JOB00119
IEAVERI	0008	02:37:58	1520	IFX0029/JOB00119
BLSRADDU	0000	02:37:59	720	IFX0029/JOB00119
IDA019SG	0000	02:37:59	1840	IFX0029/JOB00119
BLSUNOTE	0000	02:37:59	2160	IFX0029/JOB00119
IEFVIND	0000	02:37:59	1120	IFX0029/JOB00119
ISTCSCMR	0000	02:38:00	5520	IFX0029/JOB00119
IDCEX01	0000	02:38:00	1760	IFX0029/JOB00119
IGC0B10D	0008	02:38:00	3040	IFX0029/JOB00119
BLSSCDE	0000	02:38:00	1600	IFX0029/JOB00119
IGC0806H	0000	02:38:01	800	IFX0029/JOB00119
IGCA110D	0008	02:38:01	2320	IFX0029/JOB00119
ICKEX03	0000	02:38:01	1040	IFX0029/JOB00119
ISTZFSV0	0000	02:38:01	400	IFX0029/JOB00119
IECTTRNS	0000	02:38:01	560	IFX0029/JOB00119
AMDSACON	0000	02:38:02	1920	IFX0029/JOB00119
IFOX0J	0000	02:38:02	240	IFX0029/JOB00119
ISTSDCBU	0000	02:40:30	3600	IFX0030/JOB00124
IFNX5C	0000	02:40:31	2400	IFX0030/JOB00124
IEECB914	0004	02:40:32	1920	IFX0030/JOB00124
IEAVCARR	0000	02:40:32	1920	IFX0030/JOB00124
IEFAB425	0000	02:40:33	2880	IFX0030/JOB00124
IERRBI	0000	02:40:33	720	IFX0030/JOB00124
IEAVERP	0008	02:40:33	880	IFX0030/JOB00124
IGE0101F	0000	02:40:33	2000	IFX0030/JOB00124
IEDQ23	0000	02:40:33	1040	IFX0030/JOB00124
IGCDC10D	0008	02:40:34	1920	IFX0030/JOB00124
IERROS	0000	02:40:34	1200	IFX0030/JOB00124
IEFJDIRD	0000	02:40:34	560	IFX0030/JOB00124
GRAF	0000	02:40:34	46480	IFX0030/JOB00124
IEDNID	0008	02:40:35	720	IFX0030/JOB00124
IEDQAH	0008	02:40:35	480	IFX0030/JOB00124
IEEPALTR	0000	02:40:35	640	IFX0030/JOB00124
IEFAB495	0004	02:40:35	4400	IFX0030/JOB00124
IGG0325V	0008	02:40:36	1280	IFX0030/JOB00124
IGG019VI	0000	02:40:36	480	IFX0030/JOB00124
IERROX	0000	02:40:37	480	IFX0030/JOB00124
IEHDPRNT	0000	02:40:37	880	IFX0030/JOB00124
ISTZBFHB	0000	02:40:37	1120	IFX0030/JOB00124
IFOX0I	0000	02:40:37	2960	IFX0030/JOB00124
IGG019KN	0000	02:40:38	2480	IFX0030/JOB00124
HMASMTM2	0000	02:40:38	9120	IFX0030/JOB00124
IDCRIFF	0000	02:40:31	240	IFX0031/JOB00125
IERABI	0000	02:40:39	320	IFX0031/JOB00125
IERRDJ	0000	02:40:39	240	IFX0031/JOB00125
IFCSAEXX	0004	02:40:39	7680	IFX0031/JOB00125
IGC0U05B	0000	02:40:39	1520	IFX0031/JOB00125
IEAVESCR	0000	02:40:40	1040	IFX0031/JOB00125
IBCDASDI	0008	02:40:40	32320	IFX0031/JOB00125
IEDQA6	0008	02:40:40	1120	IFX0031/JOB00125
IGG0203B	0008	02:40:40	720	IFX0031/JOB00125
IEAVTSDC	0000	02:40:41	4320	IFX0031/JOB00125
IGG019PI	0000	02:40:41	1120	IFX0031/JOB00125
IERRPA	0000	02:40:42	2080	IFX0031/JOB00125
IEESC03D	0000	02:40:42	1360	IFX0031/JOB00125
IEFDB4FD	0000	02:40:42	1040	IFX0031/JOB00125
IEDQWIA	0008	02:40:43	3840	IFX0031/JOB00125
BLSRSADE	0000	02:40:43	3840	IFX0031/JOB00125
ISTSDCGP	0000	02:40:44	8480	IFX0031/JOB00125
IEBLDUL	0000	02:40:44	2880	IFX0031/JOB00125
IGG09302	0000	02:40:45	2400	IFX0031/JOB00125
IEDQEU	0008	02:40:45	5520	IFX0031/JOB00125
IEAV1443	0008	02:40:46	3920	IFX0031/JOB00125
IFCEI145	0000	02:40:47	50880	IFX0031/JOB00125
IEECVFTA	0000	02:40:50	1440	IFX0031/JOB00125
IGCV610D	0008	02:40:50	1360	IFX0031/JOB00125
IEDIAM	0008	02:40:50	3200	IFX0031/JOB00125
ISDAFSC0	0008	02:40:51	5440	IFX0032/JOB00126
IGG0CLAP	0000	02:40:51	3680	IFX0032/JOB00126
IFCEXXX5	0000	02:40:51	11600	IFX0032/JOB00126
ISTINCR3	0000	02:40:52	2000	IFX0032/JOB00126
IKTLOGR	0000	02:40:52	2720	IFX0032/JOB00126
IHJACP70	0000	02:40:53	1360	IFX0032/JOB00126
IDCTSIO0	0000	02:40:53	4480	IFX0032/JOB00126
IGG0197F	0000	02:40:54	2160	IFX0032/JOB00126
BLSSPFT	0000	02:40:54	1280	IFX0032/JOB00126
IFFPBAPR	0000	02:40:55	1760	IFX0032/JOB00126
IEFXB603	0000	02:40:55	1760	IFX0032/JOB00126
IEAVINV	0008	02:40:55	1200	IFX0032/JOB00126
AMDSAGTF	0000	02:40:55	1920	IFX0032/JOB00126
ISTZDFE0	0000	02:40:55	640	IFX0032/JOB00126
IGG01924	0000	02:40:56	1360	IFX0032/JOB00126
ISTINCU5	0000	02:40:56	1760	IFX0032/JOB00126
ICKVLBL	0000	02:40:56	960	IFX0032/JOB00126
IDCTSEX0	0000	02:40:56	1600	IFX0032/JOB00126
BLSRCOHD	0000	02:40:57	1200	IFX0032/JOB00126
IFCSXXX9	0000	02:40:57	17440	IFX0032/JOB00126
IFCTA301	0000	02:40:58	5360	IFX0032/JOB00126
IGG019VC	0000	02:40:59	640	IFX0032/JOB00126
ISTINCVX	0000	02:40:59	7440	IFX0032/JOB00126
IGFPMHCA	0000	02:40:59	1200	IFX0032/JOB00126
ICBVIO00	0000	02:40:51	1840	IFX0033/JOB00127
IFDOLT03	0000	02:41:00	2880	IFX0033/JOB00127
IEFDB470	0000	02:41:00	3120	IFX0033/JOB00127
IEFVHN	0000	02:41:00	1200	IFX0033/JOB00127
IFG019TR	0000	02:41:00	800	IFX0033/JOB00127
IDCTSVS0	0000	02:41:01	2720	IFX0033/JOB00127
AHLT103	0000	02:41:01	2240	IFX0033/JOB00127
IEDQOA	0008	02:41:02	7600	IFX0033/JOB00127
IEEPRTN2	0000	02:41:02	560	IFX0033/JOB00127
IEEVSND5	0000	02:41:03	1280	IFX0033/JOB00127
IGG0940E	0000	02:41:03	400	IFX0033/JOB00127
IFCSYSUM	0000	02:41:03	12480	IFX0033/JOB00127
IGG1PN	0000	02:41:04	960	IFX0033/JOB00127
IFG0196X	0000	02:41:04	1920	IFX0033/JOB00127
IERAOG	0000	02:41:05	720	IFX0033/JOB00127
IEFEB400	0000	02:41:05	2480	IFX0033/JOB00127
IEFAB464	0000	02:41:05	6560	IFX0033/JOB00127
ISTRCC23	0000	02:41:05	880	IFX0033/JOB00127
IGG08103	0008	02:41:06	1600	IFX0033/JOB00127
IGG0CLB6	0000	02:41:06	4640	IFX0033/JOB00127
IGG019KR	0000	02:41:06	1360	IFX0033/JOB00127
IGG0191R	0000	02:41:07	1200	IFX0033/JOB00127
IKJEFE03	0000	02:41:08	6400	IFX0033/JOB00127
IRBMFIHA	0000	02:41:08	3120	IFX0033/JOB00127
ILRPREAD	0000	02:41:08	2480	IFX0033/JOB00127
IDA0192D	0000	02:40:59	4560	IFX0034/JOB00128
IGG0191B	0000	02:41:09	1440	IFX0034/JOB00128
IEDQWC2	0008	02:41:10	5200	IFX0034/JOB00128
IEDQNO	0008	02:41:10	640	IFX0034/JOB00128
IEAVSY50	0008	02:41:10	6800	IFX0034/JOB00128
IEBCANAL	0000	02:41:11	2720	IFX0034/JOB00128
ISTINCOQ	0000	02:41:11	1040	IFX0034/JOB00128
BLSCENDD	0000	02:41:12	960	IFX0034/JOB00128
IGC0H05B	0000	02:41:12	2080	IFX0034/JOB00128
BLSFDD00	0000	02:41:13	2000	IFX0034/JOB00128
IKJEFT80	0000	02:41:13	11600	IFX0034/JOB00128
IEDIAS	0008	02:41:14	480	IFX0034/JOB00128
IEESG03D	0000	02:41:14	2480	IFX0034/JOB00128
IGG0191A	0000	02:41:14	1600	IFX0034/JOB00128
IGG019PP	0000	02:41:15	480	IFX0034/JOB00128
IEBGMESG	0000	02:41:15	5520	IFX0034/JOB00128
IEFAB486	0000	02:41:15	6560	IFX0034/JOB00128
IEEMB825	0000	02:41:15	1760	IFX0034/JOB00128
ISTZCF1A	0000	02:41:16	2240	IFX0034/JOB00128
BLSELPFR	0000	02:41:16	1840	IFX0034/JOB00128
IDCTSTP0	0000	02:41:16	2800	IFX0034/JOB00128
HMASMRCL	0000	02:41:16	6560	IFX0034/JOB00128
ISTSDCSC	0000	02:41:17	1520	IFX0034/JOB00128
IDCTSDU0	0000	02:41:17	7600	IFX0034/JOB00128
BLSFDS00	0000	02:41:17	1040	IFX0034/JOB00128
IKTCAS23	0000	02:41:09	4880	IFX0035/JOB00129
IEHMVSRX	0000	02:41:18	4240	IFX0035/JOB00129
ICKDV04	0000	02:41:18	2480	IFX0035/JOB00129
IGG019VD	0000	02:41:18	800	IFX0035/JOB00129
HMASMTID	0000	02:41:19	1440	IFX0035/JOB00129
IGCI210D	0008	02:41:19	2800	IFX0035/JOB00129
IGG0202L	0000	02:41:19	1600	IFX0035/JOB00129
ISTOCCLD	0000	02:41:19	1600	IFX0035/JOB00129
IGE0100I	0000	02:41:20	3600	IFX0035/JOB00129
IEFVHC	0000	02:41:20	1120	IFX0035/JOB00129
IGG019HT	0000	02:41:21	480	IFX0035/JOB00129
IGCT0069	0000	02:41:21	2880	IFX0035/JOB00129
IGG019FU	0000	02:41:21	800	IFX0035/JOB00129
IEFUTL	0000	02:41:21	320	IFX0035/JOB00129
IEREX2	0000	02:41:21	720	IFX0035/JOB00129
IEEMB805	0000	02:41:21	1680	IFX0035/JOB00129
IEFSD103	0000	02:41:22	800	IFX0035/JOB00129
IGG1PCHN	0000	02:41:22	960	IFX0035/JOB00129
IGG0201A	0000	02:41:22	2080	IFX0035/JOB00129
IERADE	0000	02:41:23	720	IFX0035/JOB00129
IGG019VB	0000	02:41:23	720	IFX0035/JOB00129
IGC0G95B	0000	02:41:24	1600	IFX0035/JOB00129
ISTSC025	0000	02:41:24	2800	IFX0035/JOB00129
IFNX3A	0008	02:41:25	10800	IFX0035/JOB00129
IHJACP02	0008	02:41:27	1360	IFX0035/JOB00129
IEEMPDEV	0000	02:44:21	14560	IFX0036/JOB00136
IEAVTGLB	0000	02:44:22	7760	IFX0036/JOB00136
IGG019VE	0000	02:44:22	1360	IFX0036/JOB00136
IERROW	0000	02:44:23	560	IFX0036/JOB00136
IEFSD087	0000	02:44:23	2560	IFX0036/JOB00136
IGE0104H	0000	02:44:24	1520	IFX0036/JOB00136
IEFSD089	0000	02:44:24	2640	IFX0036/JOB00136
HEWLFAPT	0000	02:44:24	1280	IFX0036/JOB00136
IEDQWA	0008	02:44:25	3520	IFX0036/JOB00136
IGG019KY	0000	02:44:25	560	IFX0036/JOB00136
ISTZBFMB	0000	02:44:25	1120	IFX0036/JOB00136
IEFUJV	0000	02:44:26	240	IFX0036/JOB00136
IDCRI04	0000	02:44:26	22320	IFX0036/JOB00136
IGG019AH	0000	02:44:26	2000	IFX0036/JOB00136
IGCN510D	0008	02:44:27	3280	IFX0036/JOB00136
IFG0554Z	0000	02:44:27	1440	IFX0036/JOB00136
IEEMB823	0000	02:44:28	2080	IFX0036/JOB00136
IFG0230P	0000	02:44:28	1360	IFX0036/JOB00136
IGG019AW	0000	02:44:29	560	IFX0036/JOB00136
ICKTA01	0000	02:44:29	2160	IFX0036/JOB00136
IDCXP01	0000	02:44:29	19440	IFX0036/JOB00136
AMDPRPJB	0000	02:44:30	3840	IFX0036/JOB00136
HMASMXRF	0000	02:44:30	4240	IFX0036/JOB00136
ISTINCX6	0000	02:44:30	720	IFX0036/JOB00136
IGC0002E	0000	02:44:30	1600	IFX0036/JOB00136
IGE0904H	0008	02:44:21	1520	IFX0037/JOB00137
ISTINCU4	0000	02:44:31	1600	IFX0037/JOB00137
IGG0198D	0008	02:44:31	1440	IFX0037/JOB00137
IGG01911	0000	02:44:32	2160	IFX0037/JOB00137
HEWLDREL	0000	02:44:32	7120	IFX0037/JOB00137
IEAVRELS	0008	02:44:33	4480	IFX0037/JOB00137
IFDMSG22	0000	02:44:34	800	IFX0037/JOB00137
IFCS0165	0000	02:44:34	26560	IFX0037/JOB00137
IGC0002C	0000	02:44:36	2880	IFX0037/JOB00137
IKJEBEAT	0000	02:44:37	800	IFX0037/JOB00137
IEBPPUN1	0000	02:44:37	3600	IFX0037/JOB00137
BLSUMON	0000	02:44:38	2160	IFX0037/JOB00137
IERRBU	0000	02:44:38	720	IFX0037/JOB00137
IDCTSSS0	0000	02:44:38	4400	IFX0037/JOB00137
IDA019RQ	0000	02:44:38	6560	IFX0037/JOB00137
IEECVFT2	0000	02:44:38	1600	IFX0037/JOB00137
ISTZFM0A	0000	02:44:39	4800	IFX0037/JOB00137
ISTSTC00	0000	02:44:39	2800	IFX0037/JOB00137
BNGTQEMF	0000	02:44:39	2960	IFX0037/JOB00137
IKJEFLGB	0004	02:44:40	3280	IFX0037/JOB00137
IERADH	0000	02:44:40	480	IFX0037/JOB00137
IEAVTAS3	0000	02:44:40	4240	IFX0037/JOB00137
IFCSCRND	0000	02:44:41	20960	IFX0037/JOB00137
IEDQWF	0008	02:44:41	720	IFX0037/JOB00137
IGG08102	0008	02:44:41	1920	IFX0037/JOB00137
IGG019KI	0000	02:44:31	560	IFX0038/JOB00138
IERABC	0000	02:44:42	320	IFX0038/JOB00138
IEFNB902	0000	02:44:42	5280	IFX0038/JOB00138
IEAVEEER	0000	02:44:42	1120	IFX0038/JOB00138
IDCCDCT	0000	02:44:43	320	IFX0038/JOB00138
BLSVSGTE	0000	02:44:43	1600	IFX0038/JOB00138
IGFPMPFX	0000	02:44:43	640	IFX0038/JOB00138
IGCV310D	0008	02:44:43	1520	IFX0038/JOB00138
ICGDSB07	0000	02:44:44	2960	IFX0038/JOB00138
IEBUPDT2	0000	02:44:44	9840	IFX0038/JOB00138
IGG0191O	0000	02:44:45	1920	IFX0038/JOB00138
IGG0CLAG	0000	02:44:45	6880	IFX0038/JOB00138
IEAVLK03	0008	02:44:46	2080	IFX0038/JOB00138
BLSRESGQ	0000	02:44:46	640	IFX0038/JOB00138
IFDOLT50	0000	02:44:47	800	IFX0038/JOB00138
IGG3TN	0000	02:44:47	1120	IFX0038/JOB00138
ICGTRINT	0000	02:44:47	20320	IFX0038/JOB00138
BLSCSETT	0000	02:44:48	1760	IFX0038/JOB00138
IEFAB434	0000	02:44:48	4320	IFX0038/JOB00138
HEWLFSYM	0000	02:44:48	640	IFX0038/JOB00138
IEAVEVRR	0000	02:44:48	1120	IFX0038/JOB00138
IEAFTSCB	0000	02:44:49	7360	IFX0038/JOB00138
ISTAPC34	0000	02:44:49	400	IFX0038/JOB00138
ISTOCCCA	0000	02:44:49	1680	IFX0038/JOB00138
IERABX	0000	02:44:49	400	IFX0038/JOB00138
IKJEBESC	0000	02:44:42	6960	IFX0039/JOB00139
IGG0CLBO	0000	02:44:50	6720	IFX0039/JOB00139
IEAVTSDI	0012	02:44:50	11520	IFX0039/JOB00139
IEECVET2	0000	02:44:51	800	IFX0039/JOB00139
IGG019C8	0000	02:44:51	2400	IFX0039/JOB00139
IGG019OK	0000	02:44:52	2000	IFX0039/JOB00139
ISTZBM0J	0000	02:44:52	3440	IFX0039/JOB00139
HMASMCRD	0000	02:44:52	2800	IFX0039/JOB00139
ISTAPC53	0000	02:44:53	720	IFX0039/JOB00139
IEFACTRT	0000	02:44:53	240	IFX0039/JOB00139
IGG0290C	0008	02:44:53	2000	IFX0039/JOB00139
BLSDMSGS	0000	02:44:54	13600	IFX0039/JOB00139
IEAVTRTR	0008	02:44:54	9120	IFX0039/JOB00139
IEFXB609	0000	02:44:55	22000	IFX0039/JOB00139
IDCCDLM	0000	02:44:56	960	IFX0039/JOB00139
IGG0193I	0000	02:44:56	1840	IFX0039/JOB00139
ISTSDCD2	0000	02:44:57	720	IFX0039/JOB00139
IECTCHGN	0000	02:44:57	640	IFX0039/JOB00139
BLSUPGML	0000	02:44:57	1520	IFX0039/JOB00139
IDA0200T	0000	02:44:58	11120	IFX0039/JOB00139
IGG019BU	0000	02:44:58	400	IFX0039/JOB00139
IDCCDCP	0000	02:44:58	640	IFX0039/JOB00139
IGG0194B	0008	02:44:59	1200	IFX0039/JOB00139
IDCLD01	0000	02:44:59	18240	IFX0039/JOB00139
IGG0CLDD	0000	02:45:00	4240	IFX0039/JOB00139
AMDPRFDS	0000	02:44:50	10960	IFX0040/JOB00140
IERABJ	0000	02:45:01	400	IFX0040/JOB00140
IEESK03D	0000	02:45:01	3200	IFX0040/JOB00140
IGG019JW	0000	02:45:01	720	IFX0040/JOB00140
IDA0192Y	0000	02:45:01	17760	IFX0040/JOB00140
IKJEFD32	0000	02:45:02	5440	IFX0040/JOB00140
IEE20110	0000	02:45:02	1760	IFX0040/JOB00140
IKTXINIT	0000	02:45:03	4960	IFX0040/JOB00140
ISTZIFSC	0000	02:45:04	2560	IFX0040/JOB00140
IEDQAU	0008	02:45:04	1520	IFX0040/JOB00140
IFG0555H	0000	02:45:04	3760	IFX0040/JOB00140
IGG0CLCB	0000	02:45:06	4080	IFX0040/JOB00140
IERRCG	0000	02:45:06	1840	IFX0040/JOB00140
IDA019R8	0000	02:45:06	4320	IFX0040/JOB00140
IFCT1307	0000	02:45:06	2880	IFX0040/JOB00140
ISTCSCRL	0000	02:45:07	3680	IFX0040/JOB00140
HMASMTMJ	0000	02:45:07	5200	IFX0040/JOB00140
IERABU	0000	02:45:07	480	IFX0040/JOB00140
IERRPB	0000	02:45:07	2160	IFX0040/JOB00140
IERRO3	0000	02:45:08	1680	IFX0040/JOB00140
IFCEXXX4	0000	02:45:08	12320	IFX0040/JOB00140
IERAOA	0000	02:45:09	880	IFX0040/JOB00140
ISTZIFOA	0000	02:45:09	1680	IFX0040/JOB00140
IGCVF10D	0008	02:45:09	2400	IFX0040/JOB00140
IDA019SH	0004	02:45:09	3520	IFX0040/JOB00140
IECTATEN	0000	02:45:00	1040	IFX0041/JOB00141
IFCSDICH	0000	02:45:10	23200	IFX0041/JOB00141
IEEAB400	0000	02:45:10	1440	IFX0041/JOB00141
ISDAOPT0	0000	02:45:10	4720	IFX0041/JOB00141
HEWLFBTP	0000	02:45:11	6560	IFX0041/JOB00141
IEFAB4DD	0000	02:45:11	1920	IFX0041/JOB00141
IGG0CLAB	0000	02:45:11	3520	IFX0041/JOB00141
IGCAA10D	0008	02:45:12	1680	IFX0041/JOB00141
IECVERPL	0000	02:45:12	1760	IFX0041/JOB00141
IDCTSMV0	0000	02:45:12	560	IFX0041/JOB00141
IEFAB49C	0000	02:45:13	880	IFX0041/JOB00141
IEDCSCIN	0008	02:45:13	2480	IFX0041/JOB00141
ISTINCR6	0000	02:45:13	5760	IFX0041/JOB00141
IGG3AN	0000	02:45:14	1120	IFX0041/JOB00141
ICKVP01	0000	02:45:14	2800	IFX0041/JOB00141
ISTZLFAB	0000	02:45:14	4880	IFX0041/JOB00141
BLSUPUTD	0000	02:45:14	800	IFX0041/JOB00141
BLSDC070	0000	02:45:15	720	IFX0041/JOB00141
ISTINCS1	0000	02:45:15	560	IFX0041/JOB00141
IGG019BG	0000	02:45:15	560	IFX0041/JOB00141
IER8BN	0000	02:45:15	400	IFX0041/JOB00141
IEFVGM18	0000	02:45:16	480	IFX0041/JOB00141
IFDMSG74	0000	02:45:16	480	IFX0041/JOB00141
IEEMB879	0000	02:45:16	1280	IFX0041/JOB00141
IAPCNTRL	0008	02:45:16	14480	IFX0041/JOB00141
IGG02041	0008	02:47:56	960	IFX0042/JOB00147
IGG019BF	0000	02:47:57	1040	IFX0042/JOB00147
ICKBM01	0000	02:47:57	2000	IFX0042/JOB00147
IEAVEPCR	0000	02:47:57	400	IFX0042/JOB00147
IKTTOMRT	0000	02:47:57	14080	IFX0042/JOB00147
IGG019T4	0000	02:47:58	720	IFX0042/JOB00147
IDDWITRM	0000	02:47:58	1200	IFX0042/JOB00147
ISDAHEXP	0000	02:47:59	1120	IFX0042/JOB00147
IDCSA08	0000	02:47:59	6960	IFX0042/JOB00147
IKTLTERM	0000	02:47:59	8400	IFX0042/JOB00147
IGFDL1	0000	02:48:00	1600	IFX0042/JOB00147
IGG019MA	0000	02:48:00	6080	IFX0042/JOB00147
IDCCH01	0000	02:48:00	19760	IFX0042/JOB00147
BLSSLCCA	0000	02:48:01	1360	IFX0042/JOB00147
IEE1403D	0000	02:48:01	1200	IFX0042/JOB00147
ISTZFMV1	0000	02:48:01	400	IFX0042/JOB00147
IKJEFF00	0000	02:48:01	4640	IFX0042/JOB00147
BLSDENQ0	0000	02:48:02	800	IFX0042/JOB00147
IGG019UM	0000	02:48:02	1280	IFX0042/JOB00147
ISTORFBA	0000	02:48:02	1600	IFX0042/JOB00147
ISTINCST	0000	02:48:02	2080	IFX0042/JOB00147
ICKTSRI0	0000	02:48:03	4480	IFX0042/JOB00147
IGG0191Q	0000	02:48:03	1920	IFX0042/JOB00147
ISTINCRP	0000	02:48:04	1760	IFX0042/JOB00147
IDCCDTU	0000	02:48:04	880	IFX0042/JOB00147
ISDASDA0	0000	02:47:56	13120	IFX0043/JOB00148
ISTAPC11	0000	02:48:05	3760	IFX0043/JOB00148
HMASMTAI	0000	02:48:05	1200	IFX0043/JOB00148
ISTINCY3	0000	02:48:05	880	IFX0043/JOB00148
HMASMUCD	0000	02:48:06	800	IFX0043/JOB00148
IGF2603D	0000	02:48:06	8400	IFX0043/JOB00148
ICKTSEF0	0000	02:48:06	4080	IFX0043/JOB00148
HMASMDC1	0000	02:48:06	24080	IFX0043/JOB00148
ISTSDCC2	0000	02:48:07	1760	IFX0043/JOB00148
IFG0190P	0000	02:48:07	1840	IFX0043/JOB00148
IGFDE1	0000	02:48:08	2160	IFX0043/JOB00148
IEDAYZ	0008	02:48:08	4480	IFX0043/JOB00148
IEAVEIO	0000	02:48:09	1280	IFX0043/JOB00148
IEFVHL	0000	02:48:09	880	IFX0043/JOB00148
IGG019R5	0008	02:48:09	1440	IFX0043/JOB00148
IKJEBEM1	0000	02:48:10	2480	IFX0043/JOB00148
ISTNMC9P	0000	02:48:10	2800	IFX0043/JOB00148
IGE0804G	0008	02:48:10	1120	IFX0043/JOB00148
ILRIMMSG	0012	02:48:10	4560	IFX0043/JOB00148
IGE0204C	0000	02:48:10	2080	IFX0043/JOB00148
ISTSQC07	0000	02:48:11	1120	IFX0043/JOB00148
IERRCB	0000	02:48:11	3040	IFX0043/JOB00148
ISTZBF0A	0000	02:48:11	3040	IFX0043/JOB00148
IFFADA01	0012	02:48:12	2800	IFX0043/JOB00148
IEAVELKR	0000	02:48:12	2800	IFX0043/JOB00148
IFG0195C	0000	02:48:04	1440	IFX0044/JOB00149
IEDQFA1	0008	02:48:13	6560	IFX0044/JOB00149
IGCD410D	0008	02:48:14	880	IFX0044/JOB00149
IERAOS	0000	02:48:14	560	IFX0044/JOB00149
IEFJRASP	0000	02:48:14	800	IFX0044/JOB00149
IGG019FG	0000	02:48:14	880	IFX0044/JOB00149
IEFAB458	0000	02:48:15	2160	IFX0044/JOB00149
IFG0202H	0000	02:48:15	2000	IFX0044/JOB00149
IGG0CLA1	0000	02:48:16	480	IFX0044/JOB00149
IEDAY88	0000	02:48:16	1440	IFX0044/JOB00149
IEFJCNTL	0000	02:48:16	2400	IFX0044/JOB00149
BLSCHOK	0000	02:48:17	800	IFX0044/JOB00149
IKJCT462	0000	02:48:17	6320	IFX0044/JOB00149
HEWLDLIB	0000	02:48:18	6640	IFX0044/JOB00149
ISTSDCML	0000	02:48:18	1520	IFX0044/JOB00149
IDCVY01	0000	02:48:18	2080	IFX0044/JOB00149
IGG019M6	0000	02:48:18	800	IFX0044/JOB00149
ISTZBFID	0000	02:48:18	4320	IFX0044/JOB00149
ISTSDCRN	0000	02:48:19	4720	IFX0044/JOB00149
IEDQEB	0008	02:48:19	5520	IFX0044/JOB00149
IEDQAJ	0008	02:48:20	880	IFX0044/JOB00149
IFCE0155	0000	02:48:20	13040	IFX0044/JOB00149
IERAGC	0000	02:48:23	880	IFX0044/JOB00149
ISTSQC03	0000	02:48:23	880	IFX0044/JOB00149
IGG0201B	0000	02:48:24	1600	IFX0044/JOB00149
IRBMFICP	0000	02:48:12	800	IFX0045/JOB00150
IECVGENA	0008	02:48:25	5200	IFX0045/JOB00150
HMASMCOM	0000	02:48:25	7920	IFX0045/JOB00150
IEDAYQ	0008	02:48:26	8480	IFX0045/JOB00150
IEAVTCR1	0000	02:48:26	2320	IFX0045/JOB00150
IGG0191U	0000	02:48:26	1360	IFX0045/JOB00150
IGG0325W	0008	02:48:27	1120	IFX0045/JOB00150
BLSVCDE	0000	02:48:28	2800	IFX0045/JOB00150
ICKCV01	0000	02:48:28	1520	IFX0045/JOB00150
ISTCFCDP	0000	02:48:28	8880	IFX0045/JOB00150
IEEBASEC	0000	02:48:29	1200	IFX0045/JOB00150
IFCEOAK3	0000	02:48:29	20800	IFX0045/JOB00150
ICB2AEA	0000	02:48:31	1600	IFX0045/JOB00150
AMDPRFSC	0000	02:48:32	7760	IFX0045/JOB00150
IERAOP	0000	02:48:32	720	IFX0045/JOB00150
IGC0107H	0008	02:48:32	1840	IFX0045/JOB00150
ISTZBFAB	0000	02:48:33	2160	IFX0045/JOB00150
IFCEMER1	0000	02:48:33	7040	IFX0045/JOB00150
IEDPMD	0008	02:48:34	2240	IFX0045/JOB00150
IEHMVEST	0000	02:48:35	3680	IFX0045/JOB00150
IEAVELCR	0000	02:48:35	1600	IFX0045/JOB00150
IFFAGA08	0012	02:48:35	1360	IFX0045/JOB00150
IGG019G9	0000	02:48:36	2720	IFX0045/JOB00150
IKTEXIT	0000	02:48:36	1120	IFX0045/JOB00150
IDA019RE	0000	02:48:36	6640	IFX0045/JOB00150
IEDAY1	0000	02:48:25	5520	IFX0046/JOB00151
ISTCSCPS	0000	02:48:37	800	IFX0046/JOB00151
IEBEDIT2	0000	02:48:37	880	IFX0046/JOB00151
ISTINCUA	0000	02:48:38	2880	IFX0046/JOB00151
ISTINCE9	0000	02:48:38	1360	IFX0046/JOB00151
IERADD	0000	02:48:38	560	IFX0046/JOB00151
IGG020T1	0000	02:48:39	1920	IFX0046/JOB00151
BLSRCOMK	0000	02:48:39	4240	IFX0046/JOB00151
ISTSDCD1	0000	02:48:39	560	IFX0046/JOB00151
IEBSCN	0008	02:48:39	6000	IFX0046/JOB00151
IGG0201W	0000	02:48:40	1840	IFX0046/JOB00151
AMDSAFRM	0000	02:48:40	640	IFX0046/JOB00151
IGG019KQ	0000	02:48:40	720	IFX0046/JOB00151
IERRDB	0000	02:48:40	560	IFX0046/JOB00151
IEEVALST	0000	02:48:41	720	IFX0046/JOB00151
IRBMFEDV	0000	02:48:41	1120	IFX0046/JOB00151
IGC0L10D	0008	02:48:41	2000	IFX0046/JOB00151
IGG019RI	0008	02:48:41	1360	IFX0046/JOB00151
HMBLKMSG	0000	02:48:41	2640	IFX0046/JOB00151
IDA019R4	0000	02:48:41	8880	IFX0046/JOB00151
ISTINCDL	0000	02:48:42	3680	IFX0046/JOB00151
ISTINCIB	0000	02:48:42	560	IFX0046/JOB00151
ISTAPC38	0000	02:48:42	800	IFX0046/JOB00151
IERRCN	0000	02:48:43	1200	IFX0046/JOB00151
IGFDD0	0000	02:48:43	1200	IFX0046/JOB00151
IEEXEDNA	0000	02:48:36	6880	IFX0047/JOB00152
IEFVDBSD	0000	02:48:43	1040	IFX0047/JOB00152
IEFAB463	0000	02:48:44	1120	IFX0047/JOB00152
IGG019OJ	0000	02:48:44	560	IFX0047/JOB00152
IEEMB877	0000	02:48:44	1120	IFX0047/JOB00152
BLSRST00	0000	02:48:44	6480	IFX0047/JOB00152
ISTINCRR	0000	02:48:44	6960	IFX0047/JOB00152
IEHDDOIO	0008	02:48:45	5760	IFX0047/JOB00152
IGG0192F	0000	02:48:46	1200	IFX0047/JOB00152
ILRFRSLT	0000	02:48:46	1040	IFX0047/JOB00152
ISTSDCPA	0000	02:48:46	2880	IFX0047/JOB00152
IRBMFDEA	0000	02:48:46	560	IFX0047/JOB00152
BLSRVPAD	0000	02:48:47	480	IFX0047/JOB00152
ISTZBFPB	0000	02:48:47	1040	IFX0047/JOB00152
IFG0195D	0000	02:48:47	1040	IFX0047/JOB00152
IKJEFF04	0000	02:48:48	4480	IFX0047/JOB00152
ISTOCCRD	0000	02:48:48	3200	IFX0047/JOB00152
IEECVETG	0008	02:48:48	3200	IFX0047/JOB00152
IFCET00D	0000	02:48:49	20080	IFX0047/JOB00152
IEAVAR05	0000	02:48:50	1600	IFX0047/JOB00152
IDCSA07	0000	02:48:50	7760	IFX0047/JOB00152
IDCTSLR1	0000	02:48:51	2000	IFX0047/JOB00152
IEDQWS	0008	02:48:51	3120	IFX0047/JOB00152
IFG0551F	0000	02:48:51	2160	IFX0047/JOB00152
IEBDGCUP	0000	02:48:52	1760	IFX0047/JOB00152
IEECVETH	0000	02:51:37	1680	IFX0048/JOB00154
BNGCRMOT	0008	02:51:38	17360	IFX0048/JOB00154
BLSELPOP	0000	02:51:38	6480	IFX0048/JOB00154
IDCTSCM0	0000	02:51:38	9040	IFX0048/JOB00154
IEAVOUT	0008	02:51:39	2240	IFX0048/JOB00154
IDCSA06	0000	02:51:39	13680	IFX0048/JOB00154
IRBMFDHP	0000	02:51:40	4560	IFX0048/JOB00154
AMDSAIOI	0000	02:51:40	2320	IFX0048/JOB00154
IGG019IZ	0000	02:51:40	7200	IFX0048/JOB00154
IEDAYE	0008	02:51:41	1120	IFX0048/JOB00154
IKT09404	0000	02:51:41	560	IFX0048/JOB00154
ISTINCF4	0000	02:51:41	2080	IFX0048/JOB00154
ISTNMCCR	0000	02:51:41	800	IFX0048/JOB00154
IFCST003	0000	02:51:42	6320	IFX0048/JOB00154
IHJACP50	0000	02:51:42	1760	IFX0048/JOB00154
IRBMFDCP	0000	02:51:42	3680	IFX0048/JOB00154
HMASMAR2	0000	02:51:43	6720	IFX0048/JOB00154
IERAOK	0000	02:51:43	480	IFX0048/JOB00154
IGG020D1	0008	02:51:43	1920	IFX0048/JOB00154
HMASMTM1	0000	02:51:44	9040	IFX0048/JOB00154
IGG019FK	0000	02:51:44	960	IFX0048/JOB00154
IKJEFD37	0000	02:51:45	10800	IFX0048/JOB00154
ICGDSANL	0000	02:51:45	1200	IFX0048/JOB00154
IEDIAU	0000	02:51:45	240	IFX0048/JOB00154
IEAVPRT0	0008	02:51:46	6960	IFX0048/JOB00154
IEEMB811	0000	02:51:38	1280	IFX0049/JOB00155
IGG0CLCA	0000	02:51:46	10880	IFX0049/JOB00155
IGC0N06C	0000	02:51:47	1600	IFX0049/JOB00155
IDCCDMV	0000	02:51:48	1840	IFX0049/JOB00155
ISTINCBL	0000	02:51:48	720	IFX0049/JOB00155
IEAVAD0C	0000	02:51:48	1360	IFX0049/JOB00155
IFCEA165	0000	02:51:48	39040	IFX0049/JOB00155
IGCV110D	0008	02:51:50	2240	IFX0049/JOB00155
IFG0196T	0000	02:51:50	2720	IFX0049/JOB00155
IKJEBESE	0008	02:51:51	1520	IFX0049/JOB00155
BLSCADYN	0000	02:51:51	2080	IFX0049/JOB00155
IOESDKTO	0000	02:51:51	7120	IFX0049/JOB00155
IGG019BC	0000	02:51:52	560	IFX0049/JOB00155
IKJEFF16	0000	02:51:52	2320	IFX0049/JOB00155
ISTZDFB0	0000	02:51:52	880	IFX0049/JOB00155
IEAVAD03	0000	02:51:53	6240	IFX0049/JOB00155
IERAGN	0000	02:51:53	2480	IFX0049/JOB00155
IEFAB452	0000	02:51:53	2160	IFX0049/JOB00155
IRARMCPU	0000	02:51:53	320	IFX0049/JOB00155
BLSFDEL	0000	02:51:54	4240	IFX0049/JOB00155
IERROP	0000	02:51:54	2560	IFX0049/JOB00155
IGG019LP	0000	02:51:54	560	IFX0049/JOB00155
IKJEFE05	0000	02:51:54	7040	IFX0049/JOB00155
IKJEFA20	0000	02:51:55	6400	IFX0049/JOB00155
IERRGL	0000	02:51:55	1920	IFX0049/JOB00155
IERAOM	0000	02:51:46	7040	IFX0050/JOB00156
BLSUPUTO	0000	02:51:56	720	IFX0050/JOB00156
IGG019IF	0000	02:51:56	1280	IFX0050/JOB00156
BLSUIT02	0000	02:51:56	480	IFX0050/JOB00156
ICKSA03	0000	02:51:57	2640	IFX0050/JOB00156
IEEVIPL	0000	02:51:57	2960	IFX0050/JOB00156
ISTZBFGA	0000	02:51:58	640	IFX0050/JOB00156
IEAVPFTE	0008	02:51:58	3280	IFX0050/JOB00156
BLSELP00	0000	02:51:59	7600	IFX0050/JOB00156
ISTZGF1A	0000	02:51:59	640	IFX0050/JOB00156
IGG019BS	0000	02:51:59	800	IFX0050/JOB00156
IDCRS02	0000	02:52:00	27760	IFX0050/JOB00156
ICKTP05	0000	02:52:00	1840	IFX0050/JOB00156
ILRPOS	0008	02:52:00	3680	IFX0050/JOB00156
IEFAB492	0000	02:52:01	4960	IFX0050/JOB00156
IFFAAA05	0012	02:52:01	1600	IFX0050/JOB00156
IEAVTB00	0000	02:52:01	3760	IFX0050/JOB00156
IEDXTREQ	0008	02:52:02	480	IFX0050/JOB00156
IGG019UN	0000	02:52:02	1200	IFX0050/JOB00156
IKJEFH02	0000	02:52:02	1840	IFX0050/JOB00156
IGG1QNC	0000	02:52:03	960	IFX0050/JOB00156
ISTCFMMI	0000	02:52:03	640	IFX0050/JOB00156
IDA0C05B	0000	02:52:03	1440	IFX0050/JOB00156
IGG019DA	0000	02:52:03	1440	IFX0050/JOB00156
ISTZBFDI	0000	02:51:56	2160	IFX0051/JOB00157
IDCCDCK	0000	02:52:04	1040	IFX0051/JOB00157
IERRMA	0000	02:52:04	560	IFX0051/JOB00157
IEESTPRS	0008	02:52:04	3840	IFX0051/JOB00157
IEAVAR00	0000	02:52:05	4400	IFX0051/JOB00157
IGG019RC	0008	02:52:05	2960	IFX0051/JOB00157
IEEMB803	0000	02:52:06	5760	IFX0051/JOB00157
ICBVUT00	0000	02:52:06	29120	IFX0051/JOB00157
ICGDSB01	0000	02:52:07	2240	IFX0051/JOB00157
ISTOCCUR	0000	02:52:07	1280	IFX0051/JOB00157
BNGCMENU	0008	02:52:07	3280	IFX0051/JOB00157
ISTZFM2B	0000	02:52:08	960	IFX0051/JOB00157
BNGIDISP	0000	02:52:08	11280	IFX0051/JOB00157
IEECB910	0000	02:52:08	5440	IFX0051/JOB00157
ISTCFCPC	0000	02:52:09	1440	IFX0051/JOB00157
IEFDSLST	0000	02:52:09	720	IFX0051/JOB00157
IFFACA05	0012	02:52:09	960	IFX0051/JOB00157
IEEVMNT2	0000	02:52:09	1360	IFX0051/JOB00157
AMDUSRF9	0000	02:52:10	1840	IFX0051/JOB00157
ICGDSB11	0000	02:52:10	2880	IFX0051/JOB00157
IGCM610D	0008	02:52:10	1520	IFX0051/JOB00157
IEAVEVAL	0008	02:52:10	960	IFX0051/JOB00157
IGE0404H	0000	02:52:11	1440	IFX0051/JOB00157
IFG0551P	0000	02:52:11	1280	IFX0051/JOB00157
IEDQATTN	0008	02:52:12	240	IFX0051/JOB00157
ISTZJFBB	0000	02:52:04	800	IFX0052/JOB00158
IFG0551T	0000	02:52:12	1440	IFX0052/JOB00158
ISTINCL1	0000	02:52:13	880	IFX0052/JOB00158
IEFAB4F2	0000	02:52:13	2480	IFX0052/JOB00158
IGG019G5	0000	02:52:14	4800	IFX0052/JOB00158
IEFDB417	0000	02:52:14	2640	IFX0052/JOB00158
IKTASCII	0000	02:52:14	1360	IFX0052/JOB00158
AMAPTFLE	0000	02:52:14	12080	IFX0052/JOB00158
IGC0406F	0000	02:52:15	1520	IFX0052/JOB00158
IGE0504C	0000	02:52:15	2560	IFX0052/JOB00158
IGC0005G	0000	02:52:16	1040	IFX0052/JOB00158
IEFVGM1	0000	02:52:16	720	IFX0052/JOB00158
ISTZFMEB	0000	02:52:16	1200	IFX0052/JOB00158
IKJEFLL	0000	02:52:17	4320	IFX0052/JOB00158
AMDSASIO	0000	02:52:17	3760	IFX0052/JOB00158
IDA019S2	0000	02:52:17	4000	IFX0052/JOB00158
ISTINCVN	0000	02:52:18	1760	IFX0052/JOB00158
IERROE	0000	02:52:18	2720	IFX0052/JOB00158
IEE21110	0000	02:52:18	1440	IFX0052/JOB00158
BLSCOPEN	0000	02:52:18	2160	IFX0052/JOB00158
IEAVAR06	0000	02:52:19	1680	IFX0052/JOB00158
ISTSC034	0000	02:52:19	4640	IFX0052/JOB00158
IGC0B06F	0000	02:52:19	720	IFX0052/JOB00158
IKJEFD30	0000	02:52:20	2480	IFX0052/JOB00158
IEFAB4E6	0000	02:52:20	560	IFX0052/JOB00158
HMASMMPI	0008	02:52:12	2720	IFX0053/JOB00159
ISTZJFCB	0000	02:52:20	480	IFX0053/JOB00159
IEAVRSM	0008	02:52:21	3840	IFX0053/JOB00159
IGG0201R	0000	02:52:21	1040	IFX0053/JOB00159
ISTZEMAA	0000	02:52:21	1920	IFX0053/JOB00159
IEAVECH0	0008	02:52:22	2720	IFX0053/JOB00159
ISTZBFAM	0000	02:52:22	720	IFX0053/JOB00159
IEDAYAA	0000	02:52:22	2480	IFX0053/JOB00159
IGG0192J	0000	02:52:23	1200	IFX0053/JOB00159
ISTINCE3	0000	02:52:23	720	IFX0053/JOB00159
IRBMFISP	0000	02:52:24	240	IFX0053/JOB00159
IEAVRT02	0008	02:52:24	720	IFX0053/JOB00159
IKJEBEEX	0008	02:52:24	1200	IFX0053/JOB00159
IEDAYS	0008	02:52:25	3520	IFX0053/JOB00159
IEBCRANL	0000	02:52:25	5120	IFX0053/JOB00159
IEDQXC	0008	02:52:26	11840	IFX0053/JOB00159
ISTOCCFD	0000	02:52:26	1760	IFX0053/JOB00159
BLSTC	0000	02:52:27	1920	IFX0053/JOB00159
AMDPRPCR	0000	02:52:27	1120	IFX0053/JOB00159
IEECLEAN	0000	02:52:27	10560	IFX0053/JOB00159
IDAIIPM1	0000	02:52:28	1600	IFX0053/JOB00159
IEFJACTL	0000	02:52:28	800	IFX0053/JOB00159
IDCCDSR	0000	02:52:28	1040	IFX0053/JOB00159
IKJEFH01	0000	02:52:28	5680	IFX0053/JOB00159
IEHDANAL	0008	02:52:29	7520	IFX0053/JOB00159
IEAVTMSI	0000	02:55:05	1120	IFX0054/JOB00161
IEHDRVID	0008	02:55:05	1440	IFX0054/JOB00161
IECLMSGT	0000	02:55:06	2480	IFX0054/JOB00161
BLSUMOND	0000	02:55:06	560	IFX0054/JOB00161
BLSUTRMA	0000	02:55:06	880	IFX0054/JOB00161
ICKTR02	0000	02:55:06	7680	IFX0054/JOB00161
ISTINCE8	0000	02:55:07	2400	IFX0054/JOB00161
IGCM110D	0008	02:55:07	1920	IFX0054/JOB00161
ISTINCE7	0000	02:55:07	2400	IFX0054/JOB00161
IFG0195V	0000	02:55:07	2240	IFX0054/JOB00161
ISTSDCCL	0000	02:55:08	3920	IFX0054/JOB00161
IGG2T11	0000	02:55:09	1760	IFX0054/JOB00161
IDA019SM	0000	02:55:09	800	IFX0054/JOB00161
IFG0553Z	0000	02:55:09	1360	IFX0054/JOB00161
ISTINCR4	0000	02:55:10	7120	IFX0054/JOB00161
IDCCDAU	0000	02:55:10	1520	IFX0054/JOB00161
IGCAG10D	0008	02:55:10	1040	IFX0054/JOB00161
ISTIC004	0000	02:55:10	4800	IFX0054/JOB00161
IRBMFDTP	0000	02:55:11	240	IFX0054/JOB00161
HMASMMPL	0000	02:55:11	3680	IFX0054/JOB00161
BLSRRDPU	0000	02:55:11	1520	IFX0054/JOB00161
ICGDSS09	0000	02:55:11	8720	IFX0054/JOB00161
IGG019IB	0000	02:55:12	6160	IFX0054/JOB00161
IGG019CZ	0000	02:55:12	480	IFX0054/JOB00161
IEDQBH	0008	02:55:12	1520	IFX0054/JOB00161
IFCEMAD1	0000	02:55:05	10160	IFX0055/JOB00162
IGG0192O	0000	02:55:14	1680	IFX0055/JOB00162
IERRDS	0000	02:55:14	1520	IFX0055/JOB00162
ICKDV13	0000	02:55:14	3440	IFX0055/JOB00162
IKJEFA01	0000	02:55:15	2080	IFX0055/JOB00162
IERAPG	0000	02:55:15	2720	IFX0055/JOB00162
IFCTREND	0000	02:55:15	15280	IFX0055/JOB00162
IER9GC	0000	02:55:15	1520	IFX0055/JOB00162
IDCCDDU	0000	02:55:15	1520	IFX0055/JOB00162
IEAVAD09	0000	02:55:16	880	IFX0055/JOB00162
IFDOLT55	0000	02:55:16	4000	IFX0055/JOB00162
IFDOLTAJ	0000	02:55:16	2800	IFX0055/JOB00162
IGG0CLBN	0000	02:55:16	6480	IFX0055/JOB00162
IKJEFA55	0000	02:55:17	5440	IFX0055/JOB00162
IFDOLT38	0000	02:55:17	2400	IFX0055/JOB00162
SYS3CNVT	0000	02:55:17	3360	IFX0055/JOB00162
ICKSA10	0000	02:55:17	2720	IFX0055/JOB00162
ISTZDFPR	0000	02:55:18	880	IFX0055/JOB00162
BLSDFPDR	0000	02:55:18	2400	IFX0055/JOB00162
IEAVAD0D	0000	02:55:18	4160	IFX0055/JOB00162
IEESB665	0000	02:55:18	1680	IFX0055/JOB00162
IEDAYLL	0000	02:55:19	1200	IFX0055/JOB00162
IFCESOFT	0000	02:55:19	18480	IFX0055/JOB00162
ISTOCCCH	0000	02:55:21	3280	IFX0055/JOB00162
IFCSXXX6	0000	02:55:21	13600	IFX0055/JOB00162
IEBCMAIN	0000	02:55:13	12400	IFX0056/JOB00163
IDCRM01	0000	02:55:23	40320	IFX0056/JOB00163
ISTAPC58	0000	02:55:24	1440	IFX0056/JOB00163
ISTEC789	0000	02:55:24	2320	IFX0056/JOB00163
ICKRILT	0000	02:55:25	400	IFX0056/JOB00163
IFG0196J	0000	02:55:25	1760	IFX0056/JOB00163
IERRBM	0000	02:55:26	560	IFX0056/JOB00163
IEFVFA	0000	02:55:26	15120	IFX0056/JOB00163
IEDQA1	0008	02:55:27	560	IFX0056/JOB00163
IFNX6A	0000	02:55:27	7200	IFX0056/JOB00163
IGG0197B	0000	02:55:28	1600	IFX0056/JOB00163
IEHMVESH	0000	02:55:28	4080	IFX0056/JOB00163
IKJEBEUN	0000	02:55:29	1840	IFX0056/JOB00163
IEHSCAN	0000	02:55:29	1840	IFX0056/JOB00163
IEFAB4F4	0000	02:55:29	3200	IFX0056/JOB00163
IEE2303D	0000	02:55:30	2000	IFX0056/JOB00163
IEFUJI	0000	02:55:30	320	IFX0056/JOB00163
IGG019JC	0000	02:55:30	480	IFX0056/JOB00163
IEEMPDM	0008	02:55:31	9040	IFX0056/JOB00163
IEBCNVT	0000	02:55:31	560	IFX0056/JOB00163
IEHMVSRD	0000	02:55:32	3280	IFX0056/JOB00163
IEFVHR	0000	02:55:32	1680	IFX0056/JOB00163
IEDXFMI	0008	02:55:32	1120	IFX0056/JOB00163
IFCFRAMS	0000	02:55:33	4960	IFX0056/JOB00163
BNGCDISP	0008	02:55:33	10160	IFX0056/JOB00163
IOEDKPUT	0000	02:55:23	1600	IFX0057/JOB00164
BLSUSTAE	0000	02:55:33	880	IFX0057/JOB00164
IECVDAVV	0008	02:55:34	3920	IFX0057/JOB00164
IEDQWE	0008	02:55:34	5520	IFX0057/JOB00164
ISDADRC0	0008	02:55:35	1280	IFX0057/JOB00164
IEDUSSTB	0000	02:55:35	800	IFX0057/JOB00164
IKJEBEUI	0008	02:55:35	3360	IFX0057/JOB00164
IKJEFA54	0000	02:55:36	1120	IFX0057/JOB00164
IERAMC	0000	02:55:36	800	IFX0057/JOB00164
IGCVE10D	0008	02:55:36	2080	IFX0057/JOB00164
IDAOCEA1	0000	02:55:37	1360	IFX0057/JOB00164
IFCETUL1	0000	02:55:37	62400	IFX0057/JOB00164
IKT93EST	0000	02:55:41	1600	IFX0057/JOB00164
IEFAB490	0000	02:55:42	8320	IFX0057/JOB00164
IEFAB4A2	0000	02:55:42	8560	IFX0057/JOB00164
IDA019RY	0000	02:55:42	8480	IFX0057/JOB00164
IKJEBEIP	0000	02:55:43	7200	IFX0057/JOB00164
IGG019Q4	0008	02:55:43	5600	IFX0057/JOB00164
IEAVID00	0000	02:55:44	3200	IFX0057/JOB00164
IGG08111	0000	02:55:44	5200	IFX0057/JOB00164
IKTATTN	0000	02:55:44	1040	IFX0057/JOB00164
IGG08110	0000	02:55:45	2800	IFX0057/JOB00164
BLSRSAG	0000	02:55:45	1920	IFX0057/JOB00164
IGG019J0	0000	02:55:45	2960	IFX0057/JOB00164
IEBCROOT	0000	02:55:45	2240	IFX0057/JOB00164
IKJEFD20	0000	02:55:33	7200	IFX0058/JOB00165
IEDAYA	0008	02:55:46	1440	IFX0058/JOB00165
IKJEHSIR	0000	02:55:47	1760	IFX0058/JOB00165
IEAVEOR	0008	02:55:47	2640	IFX0058/JOB00165
IEDQBY	0008	02:55:47	320	IFX0058/JOB00165
IEDQWL	0008	02:55:48	2640	IFX0058/JOB00165
IEHMVESQ	0000	02:55:48	2880	IFX0058/JOB00165
IGG019MX	0000	02:55:48	560	IFX0058/JOB00165
IEFBR14	0000	02:55:49	240	IFX0058/JOB00165
ISTINFXI	0000	02:55:49	2080	IFX0058/JOB00165
IGG0202J	0000	02:55:49	1840	IFX0058/JOB00165
IGG019BL	0000	02:55:50	560	IFX0058/JOB00165
IKJEHPRO	0000	02:55:50	7360	IFX0058/JOB00165
IEAVMASV	0000	02:55:51	1520	IFX0058/JOB00165
BLSUVSPU	0000	02:55:51	560	IFX0058/JOB00165
IDA019RD	0000	02:55:51	1040	IFX0058/JOB00165
IGCV510D	0008	02:55:51	1280	IFX0058/JOB00165
IERRCK	0000	02:55:52	4960	IFX0058/JOB00165
HMASMPIN	0000	02:55:52	6480	IFX0058/JOB00165
IGE0904G	0008	02:55:52	480	IFX0058/JOB00165
ISTINCU7	0000	02:55:52	480	IFX0058/JOB00165
IFG0198N	0000	02:55:53	3040	IFX0058/JOB00165
IGG3XN	0000	02:55:54	1120	IFX0058/JOB00165
IGG086AE	0008	02:55:54	1920	IFX0058/JOB00165
ISTAPC37	0000	02:55:54	880	IFX0058/JOB00165
IEEVDCCR	0008	02:55:46	11360	IFX0059/JOB00166
IERADT	0000	02:55:55	560	IFX0059/JOB00166
IGFPBUCR	0008	02:55:55	2160	IFX0059/JOB00166
IFG0195J	0000	02:55:56	720	IFX0059/JOB00166
AMDPROOT	0000	02:55:56	1200	IFX0059/JOB00166
IEDQNP	0000	02:55:57	1360	IFX0059/JOB00166
IGG0290F	0008	02:55:57	4480	IFX0059/JOB00166
ICB2MSG	0000	02:55:59	24400	IFX0059/JOB00166
ISTINMAD	0000	02:55:59	800	IFX0059/JOB00166
IGG019KA	0000	02:55:59	3040	IFX0059/JOB00166
IEFDB402	0000	02:56:00	1120	IFX0059/JOB00166
BLSRACC	0000	02:56:00	960	IFX0059/JOB00166
AMDSABUF	0000	02:56:00	1840	IFX0059/JOB00166
ICBVEX00	0000	02:56:01	2480	IFX0059/JOB00166
IGC0306H	0000	02:56:01	1680	IFX0059/JOB00166
IGE0004H	0008	02:56:01	2160	IFX0059/JOB00166
IFCEVENT	0000	02:56:02	16320	IFX0059/JOB00166
IKJEFA30	0000	02:56:02	6640	IFX0059/JOB00166
IECVXDAS	0008	02:56:02	880	IFX0059/JOB00166
IEECVETP	0000	02:56:03	1600	IFX0059/JOB00166
IGG019TZ	0000	02:56:03	240	IFX0059/JOB00166
IERAP2	0000	02:56:03	400	IFX0059/JOB00166
IGE0204H	0008	02:56:03	1520	IFX0059/JOB00166
IGG032I1	0008	02:56:04	2000	IFX0059/JOB00166
ISTINCV4	0000	02:56:04	720	IFX0059/JOB00166
IFNX3B	0000	02:58:35	1920	IFX0060/JOB00168
IEE8B03D	0000	02:58:35	7680	IFX0060/JOB00168
IEBDSU	0000	02:58:36	1760	IFX0060/JOB00168
ICBINIT	0000	02:58:36	2400	IFX0060/JOB00168
IEDQWI7	0008	02:58:37	640	IFX0060/JOB00168
IKJEGIO	0000	02:58:37	13680	IFX0060/JOB00168
IFCEOAK2	0000	02:58:38	13120	IFX0060/JOB00168
ISTINCV8	0000	02:58:40	1360	IFX0060/JOB00168
IGG019DC	0000	02:58:40	560	IFX0060/JOB00168
HMASMUC4	0008	02:58:40	4000	IFX0060/JOB00168
IERAGI	0000	02:58:41	2320	IFX0060/JOB00168
IFCEL155	0000	02:58:41	45840	IFX0060/JOB00168
IFFACA04	0012	02:58:47	1840	IFX0060/JOB00168
IKJEBEM3	0000	02:58:48	2160	IFX0060/JOB00168
IEDQWC	0008	02:58:48	6720	IFX0060/JOB00168
IEAVSTAA	0000	02:58:49	2480	IFX0060/JOB00168
IGG019MT	0000	02:58:49	400	IFX0060/JOB00168
BLSSUCB	0000	02:58:49	3840	IFX0060/JOB00168
IFDOLT15	0000	02:58:49	3840	IFX0060/JOB00168
IGCI110D	0008	02:58:50	1280	IFX0060/JOB00168
IKJEE100	0000	02:58:50	6960	IFX0060/JOB00168
ICFBIF00	0000	02:58:51	11360	IFX0060/JOB00168
IEFAB4FE	0000	02:58:52	2160	IFX0060/JOB00168
IGX00027	0000	02:58:52	1040	IFX0060/JOB00168
IGG019LU	0000	02:58:52	1200	IFX0060/JOB00168
IEFAB4E3	0000	02:58:35	320	IFX0061/JOB00169
IFG0200P	0000	02:58:52	1360	IFX0061/JOB00169
IKJEBEAA	0000	02:58:53	8800	IFX0061/JOB00169
IDCTSMG0	0000	02:58:54	480	IFX0061/JOB00169
IEAVTFRD	0000	02:58:54	2480	IFX0061/JOB00169
BLSUVPX1	0000	02:58:55	640	IFX0061/JOB00169
IECVTCCW	0008	02:58:55	4080	IFX0061/JOB00169
IKJEBESA	0008	02:58:55	11840	IFX0061/JOB00169
IGG0191Y	0000	02:58:56	1200	IFX0061/JOB00169
IFNX1J	0000	02:58:57	4720	IFX0061/JOB00169
IDCSA03	0000	02:58:58	2880	IFX0061/JOB00169
IFG0552F	0000	02:58:58	2880	IFX0061/JOB00169
IGG09406	0000	02:58:59	560	IFX0061/JOB00169
IEAVTSDG	0000	02:58:59	3920	IFX0061/JOB00169
ISTINCUB	0000	02:59:00	1680	IFX0061/JOB00169
IEDQ28	0000	02:59:00	1040	IFX0061/JOB00169
IEDQNX	0008	02:59:00	2640	IFX0061/JOB00169
IDCRI01	0000	02:59:00	31120	IFX0061/JOB00169
IDCTP05	0000	02:59:01	2080	IFX0061/JOB00169
IFG0196O	0000	02:59:01	1360	IFX0061/JOB00169
IGG01918	0000	02:59:02	1040	IFX0061/JOB00169
IEDQRS	0008	02:59:03	3360	IFX0061/JOB00169
IGFPTCON	0000	02:59:03	1200	IFX0061/JOB00169
IEDQBL	0008	02:59:03	1600	IFX0061/JOB00169
IKJEGASN	0000	02:59:04	3360	IFX0061/JOB00169
IEDSNS	0008	02:58:52	320	IFX0062/JOB00170
IEDQWB	0008	02:59:05	4960	IFX0062/JOB00170
IGG019KM	0000	02:59:05	1360	IFX0062/JOB00170
ISTIC008	0000	02:59:06	3840	IFX0062/JOB00170
IFFAAA06	0012	02:59:06	880	IFX0062/JOB00170
ISTSDCIN	0000	02:59:06	1360	IFX0062/JOB00170
ICGDSA04	0000	02:59:07	1920	IFX0062/JOB00170
IEFAB4FA	0000	02:59:07	6800	IFX0062/JOB00170
ISTINCOE	0000	02:59:07	400	IFX0062/JOB00170
IKJEBEM7	0000	02:59:07	3760	IFX0062/JOB00170
IEFSD89M	0000	02:59:08	240	IFX0062/JOB00170
IEEMB822	0000	02:59:08	1920	IFX0062/JOB00170
IRARMWAR	0000	02:59:08	2800	IFX0062/JOB00170
IEAVAD71	0000	02:59:09	2800	IFX0062/JOB00170
IEAVTRT2	0000	02:59:09	6400	IFX0062/JOB00170
IHCGSP02	0012	02:59:09	560	IFX0062/JOB00170
IGE0001G	0000	02:59:10	1680	IFX0062/JOB00170
BLSUVP32	0000	02:59:10	560	IFX0062/JOB00170
IGFC70	0000	02:59:10	1840	IFX0062/JOB00170
IGG01929	0000	02:59:10	1680	IFX0062/JOB00170
ISTCC013	0000	02:59:11	3440	IFX0062/JOB00170
IEBISF	0000	02:59:11	1360	IFX0062/JOB00170
IGG0191M	0000	02:59:12	1840	IFX0062/JOB00170
IFCRDESM	0000	02:59:12	16640	IFX0062/JOB00170
IDCTSRC0	0000	02:59:13	3120	IFX0062/JOB00170
IRARMWLM	0008	02:59:04	5040	IFX0063/JOB00171
IKJEFL00	0000	02:59:13	560	IFX0063/JOB00171
IGG019OA	0000	02:59:13	4400	IFX0063/JOB00171
BLSRCOIN	0000	02:59:14	1680	IFX0063/JOB00171
IDCTSRS0	0000	02:59:14	7200	IFX0063/JOB00171
ISTDCC35	0000	02:59:14	3040	IFX0063/JOB00171
IFFAGA04	0012	02:59:14	480	IFX0063/JOB00171
IFFAEA01	0012	02:59:15	1200	IFX0063/JOB00171
IGG0CLF2	0008	02:59:15	1040	IFX0063/JOB00171
BLSSCVT	0000	02:59:16	1280	IFX0063/JOB00171
IGG019RM	0008	02:59:16	320	IFX0063/JOB00171
ISTAPC56	0000	02:59:16	560	IFX0063/JOB00171
IEE40110	0000	02:59:17	1200	IFX0063/JOB00171
IGG019PG	0000	02:59:17	640	IFX0063/JOB00171
IERRDQ	0000	02:59:17	640	IFX0063/JOB00171
ISTZIFTB	0000	02:59:18	2000	IFX0063/JOB00171
IFCEI155	0000	02:59:18	23120	IFX0063/JOB00171
IEFUJP	0000	02:59:19	240	IFX0063/JOB00171
ISTINCVO	0000	02:59:19	6960	IFX0063/JOB00171
IGG0193M	0000	02:59:19	1680	IFX0063/JOB00171
IEEVWAIT	0000	02:59:19	4320	IFX0063/JOB00171
IFFAGA02	0012	02:59:20	1760	IFX0063/JOB00171
IERRGE	0000	02:59:21	1600	IFX0063/JOB00171
IERROG	0000	02:59:21	1440	IFX0063/JOB00171
IEEVSDIO	0008	02:59:21	3360	IFX0063/JOB00171
IFFAHA12	0000	02:59:13	2400	IFX0064/JOB00172
IKTCAS31	0000	02:59:22	2320	IFX0064/JOB00172
HMASMUC3	0008	02:59:22	7680	IFX0064/JOB00172
IEFAB474	0000	02:59:23	2640	IFX0064/JOB00172
IGFPTAIM	0000	02:59:23	560	IFX0064/JOB00172
IECTATTN	0000	02:59:24	240	IFX0064/JOB00172
BLSCAMIN	0000	02:59:24	1040	IFX0064/JOB00172
BLSRVRBX	0000	02:59:24	2240	IFX0064/JOB00172
IGG01942	0008	02:59:24	1840	IFX0064/JOB00172
IEDQAM	0008	02:59:25	800	IFX0064/JOB00172
IGG0553A	0008	02:59:25	1920	IFX0064/JOB00172
IEAVEADV	0008	02:59:26	400	IFX0064/JOB00172
IEAVTSDW	0000	02:59:26	1680	IFX0064/JOB00172
ISTSDCHS	0000	02:59:26	1600	IFX0064/JOB00172
IEDQ22	0000	02:59:26	1040	IFX0064/JOB00172
IERADS	0000	02:59:26	720	IFX0064/JOB00172
IGE0904A	0000	02:59:27	640	IFX0064/JOB00172
IEDAYN	0008	02:59:27	4320	IFX0064/JOB00172
IGG0196S	0000	02:59:27	1360	IFX0064/JOB00172
IEAVESPR	0000	02:59:28	3120	IFX0064/JOB00172
IEDNSL	0008	02:59:29	10880	IFX0064/JOB00172
IERRCU	0000	02:59:29	1520	IFX0064/JOB00172
IGG01944	0008	02:59:29	2400	IFX0064/JOB00172
IEFAB499	0000	02:59:30	3600	IFX0064/JOB00172
IFCOFFLD	0000	02:59:30	2800	IFX0064/JOB00172
IDCCDRC	0000	02:59:22	3840	IFX0065/JOB00173
IDAIIPM3	0000	02:59:31	2960	IFX0065/JOB00173
IERRC8	0000	02:59:31	2000	IFX0065/JOB00173
ISTZBFAI	0000	02:59:31	1440	IFX0065/JOB00173
IGG0860B	0000	02:59:31	1680	IFX0065/JOB00173
ISTOCCOE	0000	02:59:32	9520	IFX0065/JOB00173
ISTDCC61	0000	02:59:32	1120	IFX0065/JOB00173
ISTDCC10	0000	02:59:32	1040	IFX0065/JOB00173
BNGI3270	0000	02:59:32	11440	IFX0065/JOB00173
IGG1SN	0000	02:59:33	960	IFX0065/JOB00173
IDCCDLR	0000	02:59:33	2480	IFX0065/JOB00173
ISTORFPR	0000	02:59:33	720	IFX0065/JOB00173
IFCETRN1	0000	02:59:33	13040	IFX0065/JOB00173
IEECB806	0000	02:59:34	2720	IFX0065/JOB00173
IFG0196W	0000	02:59:34	2240	IFX0065/JOB00173
IGG0553F	0008	02:59:35	960	IFX0065/JOB00173
ISTSQC0B	0000	02:59:36	1840	IFX0065/JOB00173
IGCA410D	0008	02:59:36	1120	IFX0065/JOB00173
IEFSD101	0000	02:59:37	1680	IFX0065/JOB00173
IKJEBEM4	0000	02:59:37	2080	IFX0065/JOB00173
ISTINCAW	0000	02:59:37	12640	IFX0065/JOB00173
IGG0192Q	0000	02:59:37	1200	IFX0065/JOB00173
IERAON	0000	02:59:38	640	IFX0065/JOB00173
IFG0200Z	0000	02:59:38	2080	IFX0065/JOB00173
IEAVRFR	0008	02:59:39	3360	IFX0065/JOB00173
IEFQB585	0000	03:02:09	640	IFX0066/JOB00175
BLSUVSGE	0000	03:02:09	640	IFX0066/JOB00175
ISTIC005	0000	03:02:10	4320	IFX0066/JOB00175
IKJEGCVT	0000	03:02:10	14480	IFX0066/JOB00175
IGCMB10D	0008	03:02:11	2160	IFX0066/JOB00175
IDCTSEV0	0000	03:02:11	320	IFX0066/JOB00175
IEHMVMRY	0000	03:02:11	2400	IFX0066/JOB00175
IGG0195U	0000	03:02:11	1040	IFX0066/JOB00175
IERAOJ	0000	03:02:12	400	IFX0066/JOB00175
IGG0197L	0000	03:02:12	1680	IFX0066/JOB00175
IGG0191H	0000	03:02:12	1840	IFX0066/JOB00175
BLSRTCBX	0000	03:02:13	2800	IFX0066/JOB00175
IGC0J10D	0008	03:02:13	1840	IFX0066/JOB00175
ISTZGF0B	0000	03:02:13	3920	IFX0066/JOB00175
IGG01913	0000	03:02:14	1120	IFX0066/JOB00175
IDCRD03	0000	03:02:14	9840	IFX0066/JOB00175
AHLVCOFF	0000	03:02:15	480	IFX0066/JOB00175
ICGDSS08	0000	03:02:15	3840	IFX0066/JOB00175
IKJEFP20	0000	03:02:15	5680	IFX0066/JOB00175
IEE6503D	0000	03:02:16	2080	IFX0066/JOB00175
IGCZ110D	0008	03:02:16	2080	IFX0066/JOB00175
IFFACA13	0012	03:02:16	480	IFX0066/JOB00175
IEECVFTD	0000	03:02:17	880	IFX0066/JOB00175
IEAVEF00	0000	03:02:17	640	IFX0066/JOB00175
IEFAB4FC	0000	03:02:17	4800	IFX0066/JOB00175
IMDUSRFF	0000	03:02:09	15120	IFX0067/JOB00176
ISTZGFCB	0000	03:02:18	880	IFX0067/JOB00176
IGFCCHED	0008	03:02:18	1600	IFX0067/JOB00176
ISTINCE6	0000	03:02:18	1360	IFX0067/JOB00176
BLSDDT00	0000	03:02:19	1600	IFX0067/JOB00176
IEHMVSRY	0000	03:02:19	1760	IFX0067/JOB00176
IFG0201R	0000	03:02:19	1520	IFX0067/JOB00176
IGCI010D	0008	03:02:20	2160	IFX0067/JOB00176
IGCAL10D	0008	03:02:21	960	IFX0067/JOB00176
HMASMALC	0000	03:02:21	3440	IFX0067/JOB00176
IGG3PCHN	0000	03:02:21	1120	IFX0067/JOB00176
IFNX4T	0000	03:02:22	5520	IFX0067/JOB00176
ISTSDCC5	0000	03:02:22	720	IFX0067/JOB00176
IEAVTSDU	0000	03:02:23	880	IFX0067/JOB00176
IEDQHM	0008	03:02:23	6400	IFX0067/JOB00176
IGG019GZ	0000	03:02:23	5360	IFX0067/JOB00176
IERROK	0000	03:02:24	1760	IFX0067/JOB00176
ISTZFFDF	0000	03:02:24	960	IFX0067/JOB00176
IGC0007C	0000	03:02:24	1440	IFX0067/JOB00176
IERAOV	0000	03:02:24	800	IFX0067/JOB00176
IECVPURG	0008	03:02:25	1120	IFX0067/JOB00176
IEFBB4M3	0000	03:02:25	12080	IFX0067/JOB00176
IGG0CLA2	0000	03:02:25	4560	IFX0067/JOB00176
IFDMSG08	0000	03:02:26	480	IFX0067/JOB00176
IEFBB4M4	0000	03:02:26	1680	IFX0067/JOB00176
IEDQ25	0000	03:02:18	240	IFX0068/JOB00177
IFG0193E	0000	03:02:26	1760	IFX0068/JOB00177
ISTINCDT	0000	03:02:27	1760	IFX0068/JOB00177
BLSCCLSE	0000	03:02:27	1360	IFX0068/JOB00177
IFCFILT1	0008	03:02:27	18880	IFX0068/JOB00177
IERAPE	0000	03:02:28	1120	IFX0068/JOB00177
IEFAB4ED	0000	03:02:28	2000	IFX0068/JOB00177
IDA019RF	0000	03:02:29	6480	IFX0068/JOB00177
ISTINCD0	0000	03:02:29	1520	IFX0068/JOB00177
IEBGENRT	0000	03:02:29	3280	IFX0068/JOB00177
IGCFK10D	0008	03:02:30	800	IFX0068/JOB00177
ISTDCC80	0000	03:02:31	1840	IFX0068/JOB00177
BLSUTSO	0000	03:02:31	1680	IFX0068/JOB00177
AMDSAASM	0000	03:02:31	1520	IFX0068/JOB00177
IGG019MN	0000	03:02:31	400	IFX0068/JOB00177
IEFVGM11	0000	03:02:31	720	IFX0068/JOB00177
IAPABNAP	0000	03:02:32	720	IFX0068/JOB00177
IDA019RU	0000	03:02:32	8480	IFX0068/JOB00177
IEESL03D	0000	03:02:32	2640	IFX0068/JOB00177
IEDQ27	0000	03:02:33	1040	IFX0068/JOB00177
HMASMTPL	0000	03:02:33	6160	IFX0068/JOB00177
IGG019RD	0008	03:02:33	3680	IFX0068/JOB00177
HMASMRCF	0000	03:02:34	2800	IFX0068/JOB00177
IEE3503D	0008	03:02:34	1840	IFX0068/JOB00177
IGE0804B	0000	03:02:26	1120	IFX0069/JOB00178
IFCECHAR	0000	03:02:34	3840	IFX0069/JOB00178
IGE0011D	0000	03:02:34	1600	IFX0069/JOB00178
AHLTDIR	0000	03:02:35	1840	IFX0069/JOB00178
IFFAHA04	0012	03:02:35	2480	IFX0069/JOB00178
IKTCAS21	0000	03:02:35	2160	IFX0069/JOB00178
IGG019AA	0000	03:02:36	400	IFX0069/JOB00178
IGG0CLAY	0000	03:02:36	3280	IFX0069/JOB00178
IER9PA	0000	03:02:37	800	IFX0069/JOB00178
HMASMLOG	0000	03:02:37	4960	IFX0069/JOB00178
IEECVET4	0000	03:02:38	2640	IFX0069/JOB00178
BLSUPUT	0000	03:02:38	20160	IFX0069/JOB00178
IEFDB490	0000	03:02:38	1680	IFX0069/JOB00178
IGC0003I	0000	03:02:38	1680	IFX0069/JOB00178
HEWLFOPT	0000	03:02:39	3120	IFX0069/JOB00178
IEESH03D	0000	03:02:39	2000	IFX0069/JOB00178
IDCTSSA7	0000	03:02:39	1520	IFX0069/JOB00178
IEAVDELP	0008	03:02:39	880	IFX0069/JOB00178
IEAVAR01	0000	03:02:40	800	IFX0069/JOB00178
IECVXGRT	0008	03:02:40	240	IFX0069/JOB00178
IEDQBF	0008	03:02:40	320	IFX0069/JOB00178
IEAVNP19	0012	03:02:41	7440	IFX0069/JOB00178
IEAVNP13	0012	03:02:41	8560	IFX0069/JOB00178
BLSRRAAR	0000	03:02:42	5040	IFX0069/JOB00178
ILRGOS	0008	03:02:42	5120	IFX0069/JOB00178
IRBMFLWV	0000	03:02:34	5520	IFX0070/JOB00179
IDCCDAV	0000	03:02:43	960	IFX0070/JOB00179
IGG0192T	0000	03:02:43	1440	IFX0070/JOB00179
ICGDSB20	0000	03:02:44	8880	IFX0070/JOB00179
ISTINCY4	0000	03:02:44	1040	IFX0070/JOB00179
IGC0R05B	0000	03:02:44	2800	IFX0070/JOB00179
IGC0L05B	0000	03:02:45	720	IFX0070/JOB00179
AMDSATER	0000	03:02:45	6160	IFX0070/JOB00179
IEECB901	0000	03:02:46	1040	IFX0070/JOB00179
IDCCDRR	0000	03:02:46	720	IFX0070/JOB00179
IKJEES40	0000	03:02:46	5840	IFX0070/JOB00179
IEDSAC	0008	03:02:46	5520	IFX0070/JOB00179
IEBISL	0000	03:02:47	2320	IFX0070/JOB00179
IGE0504G	0000	03:02:47	2000	IFX0070/JOB00179
BLSEADP1	0000	03:02:47	3200	IFX0070/JOB00179
IGC0003C	0000	03:02:48	3760	IFX0070/JOB00179
IGG019BA	0000	03:02:48	800	IFX0070/JOB00179
BLST03	0000	03:02:49	1920	IFX0070/JOB00179
IGG019JS	0000	03:02:49	1520	IFX0070/JOB00179
IEDQND	0008	03:02:49	4080	IFX0070/JOB00179
IGG019CR	0000	03:02:50	1280	IFX0070/JOB00179
IGG0194P	0000	03:02:50	2240	IFX0070/JOB00179
IEAVGCAS	0000	03:02:51	4080	IFX0070/JOB00179
BLSRDUCK	0000	03:02:51	720	IFX0070/JOB00179
ICKVA01	0000	03:02:52	1760	IFX0070/JOB00179
IFDOLT30	0000	03:02:43	4160	IFX0071/JOB00180
ICKCDRF	0000	03:02:52	1200	IFX0071/JOB00180
ISTZCFBI	0000	03:02:52	4080	IFX0071/JOB00180
IER8GB	0000	03:02:53	1920	IFX0071/JOB00180
ISTYPSOL	0000	03:02:53	4080	IFX0071/JOB00180
IEFAB4EB	0000	03:02:53	960	IFX0071/JOB00180
IFG0RR0B	0000	03:02:53	13200	IFX0071/JOB00180
IECVEXCP	0008	03:02:54	9920	IFX0071/JOB00180
IFG0194C	0000	03:02:55	9760	IFX0071/JOB00180
IEESF03D	0000	03:02:57	4640	IFX0071/JOB00180
IEHMVETJ	0000	03:02:57	5680	IFX0071/JOB00180
IFCSAXXX	0000	03:02:58	17760	IFX0071/JOB00180
BLSVCVT	0000	03:03:04	6000	IFX0071/JOB00180
BLSVLCCA	0000	03:03:05	2560	IFX0071/JOB00180
IFCEWHT1	0000	03:03:05	1360	IFX0071/JOB00180
IGE0404B	0000	03:03:05	880	IFX0071/JOB00180
IEAVAD0B	0000	03:03:05	4800	IFX0071/JOB00180
IEDQOT01	0008	03:03:06	3040	IFX0071/JOB00180
IEDAYO	0008	03:03:06	4240	IFX0071/JOB00180
IGG08108	0000	03:03:07	3360	IFX0071/JOB00180
IGE0304B	0000	03:03:07	1200	IFX0071/JOB00180
IEAVELIT	0000	03:03:08	2160	IFX0071/JOB00180
IEFDB414	0000	03:03:08	8400	IFX0071/JOB00180
IDCCDCC	0000	03:03:08	2160	IFX0071/JOB00180
IKJEFF12	0000	03:03:09	1120	IFX0071/JOB00180
ISTAPC33	0000	03:05:49	1840	IFX0072/JOB00182
BLSUVSGU	0000	03:05:49	720	IFX0072/JOB00182
IEAVMDOM	0000	03:05:49	4160	IFX0072/JOB00182
IEAVEUPC	0000	03:05:50	320	IFX0072/JOB00182
IEEMB820	0000	03:05:50	1280	IFX0072/JOB00182
IGE0002E	0000	03:05:50	960	IFX0072/JOB00182
AMDPREAD	0000	03:05:51	6000	IFX0072/JOB00182
IKJEGLDF	0008	03:05:51	7600	IFX0072/JOB00182
IDCDB02	0000	03:05:53	4160	IFX0072/JOB00182
IEDQ18	0000	03:05:53	1040	IFX0072/JOB00182
ICKTSDV0	0000	03:05:53	720	IFX0072/JOB00182
IGG0195T	0000	03:05:53	1680	IFX0072/JOB00182
IGE0003C	0000	03:05:54	4400	IFX0072/JOB00182
IKJRBBMC	0000	03:05:54	3520	IFX0072/JOB00182
IKTCAS33	0000	03:05:55	1040	IFX0072/JOB00182
IERRPF	0000	03:05:55	880	IFX0072/JOB00182
IDACKRA1	0000	03:05:55	1840	IFX0072/JOB00182
IGG0CLB3	0000	03:05:55	1760	IFX0072/JOB00182
IFG0202F	0000	03:05:56	1680	IFX0072/JOB00182
ISDACSB1	0008	03:05:56	6320	IFX0072/JOB00182
BLSDIFP0	0000	03:05:57	4240	IFX0072/JOB00182
IFCEXXX1	0000	03:05:57	10880	IFX0072/JOB00182
BLSRDUAL	0000	03:05:58	1600	IFX0072/JOB00182
IEFDB413	0000	03:05:58	8880	IFX0072/JOB00182
IGFPTERM	0000	03:05:58	1440	IFX0072/JOB00182
IEAVMODE	0008	03:05:49	480	IFX0073/JOB00183
IGG0940G	0000	03:05:59	400	IFX0073/JOB00183
HMASMTCL	0000	03:05:59	6960	IFX0073/JOB00183
IKJEFT02	0000	03:05:59	8720	IFX0073/JOB00183
IEE12110	0000	03:06:00	1440	IFX0073/JOB00183
ISTAPC12	0000	03:06:00	1440	IFX0073/JOB00183
IEAVMFRR	0000	03:06:01	3040	IFX0073/JOB00183
IFDMSG06	0000	03:06:01	560	IFX0073/JOB00183
IFFPJAPV	0000	03:06:01	5040	IFX0073/JOB00183
IGE0404G	0008	03:06:02	800	IFX0073/JOB00183
IGG019CL	0000	03:06:02	320	IFX0073/JOB00183
IDCDE01	0000	03:06:02	8640	IFX0073/JOB00183
IERAM1	0000	03:06:02	240	IFX0073/JOB00183
ISTZDFK0	0000	03:06:02	880	IFX0073/JOB00183
IGC0002I	0008	03:06:03	3200	IFX0073/JOB00183
IFG0199D	0000	03:06:04	1920	IFX0073/JOB00183
IEAVEE3R	0000	03:06:04	320	IFX0073/JOB00183
ISTDCC11	0000	03:06:05	3600	IFX0073/JOB00183
ISTZFM3B	0000	03:06:05	2960	IFX0073/JOB00183
IEAVEQR	0008	03:06:05	7520	IFX0073/JOB00183
IEDQAD	0008	03:06:06	320	IFX0073/JOB00183
IEDAY8	0000	03:06:06	960	IFX0073/JOB00183
IGG01940	0008	03:06:06	1120	IFX0073/JOB00183
ISDACSB0	0008	03:06:07	2720	IFX0073/JOB00183
IEDQ24	0000	03:06:07	1040	IFX0073/JOB00183
AMDSAUPD	0000	03:05:59	1200	IFX0074/JOB00184
IFCEDPA	0000	03:06:07	3840	IFX0074/JOB00184
ISTRCC81	0000	03:06:08	1520	IFX0074/JOB00184
BLSRSAGU	0000	03:06:08	640	IFX0074/JOB00184
IGCFD10D	0008	03:06:08	800	IFX0074/JOB00184
ISTORMMG	0000	03:06:08	1040	IFX0074/JOB00184
IEDQWO	0008	03:06:09	4000	IFX0074/JOB00184
IEAVNP11	0012	03:06:09	11360	IFX0074/JOB00184
ISDAHIST	0008	03:06:10	1440	IFX0074/JOB00184
IDCCDXP	0000	03:06:10	3760	IFX0074/JOB00184
IKJEFF20	0000	03:06:11	880	IFX0074/JOB00184
ISTINCY0	0000	03:06:11	3200	IFX0074/JOB00184
IEFVGT	0000	03:06:11	1360	IFX0074/JOB00184
ISTSDCP5	0000	03:06:11	640	IFX0074/JOB00184
IEDQWP	0008	03:06:11	1840	IFX0074/JOB00184
IDCCDTR	0000	03:06:12	1280	IFX0074/JOB00184
IFOX0B	0000	03:06:12	2640	IFX0074/JOB00184
IGG0CLBI	0000	03:06:13	8080	IFX0074/JOB00184
IFCSXXXG	0000	03:06:13	2880	IFX0074/JOB00184
IGG1YN	0000	03:06:14	960	IFX0074/JOB00184
ISTINCU6	0000	03:06:14	2240	IFX0074/JOB00184
ISTINCW6	0000	03:06:14	1600	IFX0074/JOB00184
IDCAL01	0000	03:06:14	25440	IFX0074/JOB00184
IRBMFLSV	0000	03:06:15	240	IFX0074/JOB00184
HMASMCPY	0000	03:06:15	6640	IFX0074/JOB00184
IEECB905	0000	03:06:07	18240	IFX0075/JOB00185
IEFAB432	0000	03:06:16	3360	IFX0075/JOB00185
IEDQWD	0008	03:06:17	5360	IFX0075/JOB00185
BNGISIMS	0000	03:06:17	1280	IFX0075/JOB00185
IGG0196G	0000	03:06:18	1600	IFX0075/JOB00185
IKTCAS41	0000	03:06:18	1760	IFX0075/JOB00185
IDCIO01	0000	03:06:18	16560	IFX0075/JOB00185
IGCFB10D	0008	03:06:18	2160	IFX0075/JOB00185
IEEVSMSG	0000	03:06:19	1440	IFX0075/JOB00185
IGG019BO	0000	03:06:19	1120	IFX0075/JOB00185
IKJEGDCB	0000	03:06:19	6240	IFX0075/JOB00185
ISTZIFEB	0000	03:06:20	1200	IFX0075/JOB00185
IEEVSTAR	0000	03:06:20	5920	IFX0075/JOB00185
BLSUMONI	0000	03:06:21	1840	IFX0075/JOB00185
IGCC110D	0008	03:06:21	3120	IFX0075/JOB00185
IDCTSRI0	0000	03:06:21	4400	IFX0075/JOB00185
IKTCAS55	0000	03:06:22	2320	IFX0075/JOB00185
IERAGJ	0000	03:06:22	2240	IFX0075/JOB00185
IEDAYII	0000	03:06:22	3520	IFX0075/JOB00185
BLST04A	0000	03:06:23	880	IFX0075/JOB00185
IGG019CP	0000	03:06:23	1280	IFX0075/JOB00185
IEE23110	0000	03:06:23	1760	IFX0075/JOB00185
ISTZCF0A	0000	03:06:24	480	IFX0075/JOB00185
IGG019C1	0000	03:06:24	800	IFX0075/JOB00185
IGFDU0	0000	03:06:24	1280	IFX0075/JOB00185
IEFSD094	0000	03:06:15	2000	IFX0076/JOB00186
IGC0008F	0000	03:06:25	1760	IFX0076/JOB00186
ISTYCONT	0000	03:06:25	2880	IFX0076/JOB00186
IERABP	0000	03:06:25	320	IFX0076/JOB00186
ISTINM01	0000	03:06:25	4400	IFX0076/JOB00186
ISTINCIP	0000	03:06:26	5280	IFX0076/JOB00186
IDA0192I	0000	03:06:26	5920	IFX0076/JOB00186
BLSUPUTC	0000	03:06:26	720	IFX0076/JOB00186
IECVCINT	0000	03:06:27	6560	IFX0076/JOB00186
IERAOF	0000	03:06:27	1040	IFX0076/JOB00186
IEE5403D	0000	03:06:28	4000	IFX0076/JOB00186
ISTZFM0B	0000	03:06:28	2320	IFX0076/JOB00186
HEWLFINC	0000	03:06:28	4240	IFX0076/JOB00186
IDA019SA	0000	03:06:29	4160	IFX0076/JOB00186
IGC0102G	0000	03:06:29	1920	IFX0076/JOB00186
IFCTB205	0000	03:06:30	8320	IFX0076/JOB00186
BLSUTRMV	0000	03:06:30	720	IFX0076/JOB00186
IFCDIP00	0000	03:06:30	10320	IFX0076/JOB00186
IFDOLT52	0000	03:06:31	1440	IFX0076/JOB00186
AMDPRFLT	0000	03:06:32	2000	IFX0076/JOB00186
IERROV	0000	03:06:32	1760	IFX0076/JOB00186
IFFAFA12	0012	03:06:32	2560	IFX0076/JOB00186
IGG0CLDA	0000	03:06:32	3680	IFX0076/JOB00186
IEFVEA	0000	03:06:32	8320	IFX0076/JOB00186
IEBMOVE2	0000	03:06:33	320	IFX0076/JOB00186
ISTINCCC	0000	03:06:24	13280	IFX0077/JOB00187
IGG019MJ	0000	03:06:34	480	IFX0077/JOB00187
IFCSGUS1	0000	03:06:34	19840	IFX0077/JOB00187
IGC0408B	0000	03:06:36	1680	IFX0077/JOB00187
IFG0196N	0000	03:06:36	1760	IFX0077/JOB00187
IFCTB405	0000	03:06:37	3280	IFX0077/JOB00187
ICGTRDST	0000	03:06:37	16160	IFX0077/JOB00187
IGG0197Q	0000	03:06:38	1360	IFX0077/JOB00187
IKJNULL	0000	03:06:39	400	IFX0077/JOB00187
IEDOPTN	0008	03:06:39	480	IFX0077/JOB00187
IGCD710D	0008	03:06:39	720	IFX0077/JOB00187
IEAVTSLB	0000	03:06:39	3680	IFX0077/JOB00187
IKJEBEM5	0000	03:06:39	2720	IFX0077/JOB00187
IEHPROG1	0000	03:06:40	9840	IFX0077/JOB00187
IEAVEMCR	0000	03:06:40	2240	IFX0077/JOB00187
IGG019AI	0000	03:06:40	400	IFX0077/JOB00187
IDCCDLD	0000	03:06:41	1600	IFX0077/JOB00187
IFG0196V	0000	03:06:41	2960	IFX0077/JOB00187
IDA019SU	0000	03:06:42	5760	IFX0077/JOB00187
ISTRACCA	0000	03:06:42	720	IFX0077/JOB00187
IEDIAR	0008	03:06:42	2160	IFX0077/JOB00187
ISTIC002	0000	03:06:43	9280	IFX0077/JOB00187
IGC0I05B	0000	03:06:43	1120	IFX0077/JOB00187
IKJEFLEA	0000	03:06:43	7040	IFX0077/JOB00187
ICKTSCC0	0000	03:06:44	6960	IFX0077/JOB00187
BLSUPRTT	0000	03:09:28	1120	IFX0078/JOB00189
AHLSETEV	0004	03:09:28	10400	IFX0078/JOB00189
HEWLFREL	0000	03:09:29	5840	IFX0078/JOB00189
IGG019VW	0000	03:09:30	1440	IFX0078/JOB00189
IGFCCHCR	0008	03:09:30	6240	IFX0078/JOB00189
ISTDCC42	0000	03:09:31	1120	IFX0078/JOB00189
BLSVQCBA	0000	03:09:31	2720	IFX0078/JOB00189
IGG01915	0000	03:09:31	1600	IFX0078/JOB00189
IEDCMIN	0008	03:09:32	1600	IFX0078/JOB00189
IEE5903D	0000	03:09:32	1600	IFX0078/JOB00189
IEDAYBX	0008	03:09:32	880	IFX0078/JOB00189
ISTSDCAL	0000	03:09:33	1680	IFX0078/JOB00189
IGG019CN	0000	03:09:33	960	IFX0078/JOB00189
IEAVENQ1	0008	03:09:33	12720	IFX0078/JOB00189
IEDIAP	0008	03:09:34	2400	IFX0078/JOB00189
IKJEFT45	0000	03:09:34	2800	IFX0078/JOB00189
IEBCONZ2	0000	03:09:34	400	IFX0078/JOB00189
IGE0125F	0000	03:09:34	1680	IFX0078/JOB00189
IEHMVETG	0000	03:09:34	5920	IFX0078/JOB00189
IFDOLT22	0000	03:09:35	3280	IFX0078/JOB00189
IDCEC01	0000	03:09:35	4400	IFX0078/JOB00189
IGE0004B	0000	03:09:36	880	IFX0078/JOB00189
ILRFMT00	0000	03:09:36	14800	IFX0078/JOB00189
IGG019CT	0000	03:09:36	240	IFX0078/JOB00189
IEAVTABD	0000	03:09:37	10640	IFX0078/JOB00189
IEFRSTRT	0000	03:09:28	240	IFX0079/JOB00190
AMDSAPRO	0000	03:09:37	3280	IFX0079/JOB00190
IFCFRAMM	0000	03:09:38	40960	IFX0079/JOB00190
IDCTSMP0	0000	03:09:38	2960	IFX0079/JOB00190
IGG0192K	0000	03:09:38	1440	IFX0079/JOB00190
IEEMB806	0000	03:09:38	2000	IFX0079/JOB00190
IGG019P8	0000	03:09:39	800	IFX0079/JOB00190
IFCTABLE	0000	03:09:39	5520	IFX0079/JOB00190
IRARMRMR	0008	03:09:39	1760	IFX0079/JOB00190
IDCTSSR0	0000	03:09:40	1120	IFX0079/JOB00190
ISTZBFBR	0000	03:09:40	2320	IFX0079/JOB00190
BLSFOPEN	0000	03:09:40	1040	IFX0079/JOB00190
IKJEHDS1	0000	03:09:41	18800	IFX0079/JOB00190
IERRON	0000	03:09:42	3680	IFX0079/JOB00190
BLSRVPVS	0000	03:09:42	480	IFX0079/JOB00190
IEDAYX	0008	03:09:42	320	IFX0079/JOB00190
IGG0192V	0000	03:09:43	1680	IFX0079/JOB00190
IDA121CV	0000	03:09:43	400	IFX0079/JOB00190
IEFVINB	0000	03:09:43	480	IFX0079/JOB00190
IEDQ11	0000	03:09:44	1040	IFX0079/JOB00190
IGG032I8	0008	03:09:44	1680	IFX0079/JOB00190
ISDATYPE	0008	03:09:45	1440	IFX0079/JOB00190
BLSRADDS	0000	03:09:45	560	IFX0079/JOB00190
IDCCH04	0000	03:09:45	8880	IFX0079/JOB00190
AMDSYS01	0000	03:09:45	19120	IFX0079/JOB00190
IGC0005E	0000	03:09:37	3120	IFX0080/JOB00191
AMDPREXT	0000	03:09:47	2480	IFX0080/JOB00191
BLSRVECT	0000	03:09:47	6720	IFX0080/JOB00191
ISTOCCCC	0000	03:09:48	6160	IFX0080/JOB00191
IDCTSRL0	0000	03:09:48	480	IFX0080/JOB00191
IDA019RN	0000	03:09:48	2640	IFX0080/JOB00191
ISTSC02F	0000	03:09:49	4480	IFX0080/JOB00191
IKJEGLDR	0000	03:09:49	2640	IFX0080/JOB00191
IDA019R5	0000	03:09:49	4720	IFX0080/JOB00191
IEDQAO	0008	03:09:50	640	IFX0080/JOB00191
ICKDV00	0000	03:09:50	5040	IFX0080/JOB00191
IGG0553E	0008	03:09:50	1680	IFX0080/JOB00191
IKJTTRM0	0000	03:09:51	1280	IFX0080/JOB00191
IGG019AF	0000	03:09:51	1120	IFX0080/JOB00191
ISTSC033	0000	03:09:51	2400	IFX0080/JOB00191
IDCRC03	0000	03:09:52	1440	IFX0080/JOB00191
IGG019AV	0000	03:09:52	560	IFX0080/JOB00191
IDCCT01	0000	03:09:52	2560	IFX0080/JOB00191
IFCFILT2	0000	03:09:53	20480	IFX0080/JOB00191
IGG0191Z	0000	03:09:53	1600	IFX0080/JOB00191
IGG019UO	0000	03:09:54	320	IFX0080/JOB00191
IGG0CLAU	0000	03:09:54	4240	IFX0080/JOB00191
IFFAEA03	0012	03:09:54	480	IFX0080/JOB00191
IGX00026	0000	03:09:54	2000	IFX0080/JOB00191
IERRBC	0000	03:09:54	640	IFX0080/JOB00191
IGCT110D	0008	03:09:46	2240	IFX0081/JOB00192
IGG029DM	0000	03:09:55	240	IFX0081/JOB00192
BLSFLD00	0000	03:09:55	2480	IFX0081/JOB00192
ISTCC014	0000	03:09:55	4480	IFX0081/JOB00192
ISTINCD4	0000	03:09:55	1120	IFX0081/JOB00192
AMDPRFRM	0000	03:09:56	4400	IFX0081/JOB00192
IGG0192P	0000	03:09:56	1440	IFX0081/JOB00192
IEFAB4A0	0000	03:09:56	5920	IFX0081/JOB00192
BLSREQU	0000	03:09:57	2160	IFX0081/JOB00192
IFCSXXXF	0000	03:09:57	11840	IFX0081/JOB00192
ISTCC012	0000	03:09:59	1200	IFX0081/JOB00192
IDCCN01	0000	03:09:59	19040	IFX0081/JOB00192
IFDOLT37	0000	03:09:59	1280	IFX0081/JOB00192
ISTSDCPU	0000	03:10:00	7040	IFX0081/JOB00192
IEHMVMRZ	0000	03:10:00	2960	IFX0081/JOB00192
IEAVTSDF	0000	03:10:00	1200	IFX0081/JOB00192
IERRGO	0000	03:10:00	1920	IFX0081/JOB00192
ISTINCIT	0000	03:10:01	720	IFX0081/JOB00192
IGE0004D	0000	03:10:01	800	IFX0081/JOB00192
IFG0553X	0000	03:10:01	3440	IFX0081/JOB00192
IGG019HD	0000	03:10:02	2320	IFX0081/JOB00192
HMASMDSU	0000	03:10:03	6560	IFX0081/JOB00192
ISTZJFAB	0000	03:10:03	880	IFX0081/JOB00192
HMASMFVL	0000	03:10:03	1760	IFX0081/JOB00192
IDCTP04	0000	03:10:03	6800	IFX0081/JOB00192
IEE4903D	0000	03:09:54	3440	IFX0082/JOB00193
IKJEFLGM	0000	03:10:04	2320	IFX0082/JOB00193
ISTINFIC	0000	03:10:05	3680	IFX0082/JOB00193
BLSRCOPY	0000	03:10:05	5360	IFX0082/JOB00193
IFCFILT4	0000	03:10:05	21280	IFX0082/JOB00193
BLSFCLOS	0000	03:10:06	720	IFX0082/JOB00193
IAPTIMER	0000	03:10:06	640	IFX0082/JOB00193
IDCTSTP6	0000	03:10:06	2640	IFX0082/JOB00193
IGG019Q1	0008	03:10:07	1600	IFX0082/JOB00193
IGG021AB	0000	03:10:07	1760	IFX0082/JOB00193
ISTZDFD0	0000	03:10:07	1280	IFX0082/JOB00193
IEECVFTT	0000	03:10:08	880	IFX0082/JOB00193
ISTINCU3	0000	03:10:08	2240	IFX0082/JOB00193
IEAVERES	0008	03:10:08	1120	IFX0082/JOB00193
IEDQHG	0008	03:10:08	1520	IFX0082/JOB00193
IEAVTMMT	0000	03:10:09	1760	IFX0082/JOB00193
ICBVUP01	0000	03:10:09	1360	IFX0082/JOB00193
IDA019RO	0000	03:10:09	1920	IFX0082/JOB00193
IGG0CLB5	0000	03:10:10	6960	IFX0082/JOB00193
IEAVPIOI	0008	03:10:10	1120	IFX0082/JOB00193
IGG019VH	0000	03:10:10	1280	IFX0082/JOB00193
IDCCDCV	0000	03:10:11	1520	IFX0082/JOB00193
IEEMB860	0000	03:10:11	4720	IFX0082/JOB00193
IEAVTRCE	0008	03:10:11	2080	IFX0082/JOB00193
IRBMFIOI	0000	03:10:12	2960	IFX0082/JOB00193
IEEMB813	0000	03:10:04	2320	IFX0083/JOB00194
IGC070	0000	03:10:13	560	IFX0083/JOB00194
IFCEM155	0000	03:10:13	56480	IFX0083/JOB00194
BLSFDDDP	0000	03:10:29	2080	IFX0083/JOB00194
IASXSD81	0000	03:10:29	3920	IFX0083/JOB00194
IGG019LS	0000	03:10:29	560	IFX0083/JOB00194
IGG0325I	0008	03:10:30	4960	IFX0083/JOB00194
IERABS	0000	03:10:30	640	IFX0083/JOB00194
ISTCFCR2	0000	03:10:31	5840	IFX0083/JOB00194
IEBWSAM	0000	03:10:31	2320	IFX0083/JOB00194
IGG019RS	0000	03:10:32	320	IFX0083/JOB00194
IGG019AJ	0000	03:10:32	560	IFX0083/JOB00194
ISTINCR2	0000	03:10:32	2560	IFX0083/JOB00194
IKJRBBCR	0000	03:10:32	3840	IFX0083/JOB00194
IFNX4N	0000	03:10:33	3600	IFX0083/JOB00194
IGG019GB	0000	03:10:34	5680	IFX0083/JOB00194
IKJEFT04	0000	03:10:34	3440	IFX0083/JOB00194
AMDSALDR	0000	03:10:34	8320	IFX0083/JOB00194
IOEDKOPN	0000	03:10:35	2640	IFX0083/JOB00194
IERADX	0000	03:10:35	320	IFX0083/JOB00194
IFDMSG13	0000	03:10:36	640	IFX0083/JOB00194
IFCEJ145	0000	03:10:36	20400	IFX0083/JOB00194
BLSCAMOD	0000	03:10:41	9600	IFX0083/JOB00194
BLSSASMV	0000	03:10:42	880	IFX0083/JOB00194
IGG019T2	0000	03:10:42	1920	IFX0083/JOB00194
ISTINCNS	0000	03:13:19	2480	IFX0084/JOB00196
IKTCAS20	0000	03:13:20	1440	IFX0084/JOB00196
IFFPFAVA	0000	03:13:20	4160	IFX0084/JOB00196
IDA121A5	0000	03:13:20	480	IFX0084/JOB00196
IFCMSG01	0000	03:13:20	10800	IFX0084/JOB00196
BLSUALLO	0000	03:13:21	720	IFX0084/JOB00196
IGCMP10D	0008	03:13:21	2240	IFX0084/JOB00196
IEEMB807	0000	03:13:21	1680	IFX0084/JOB00196
ISTCFCRP	0000	03:13:22	2320	IFX0084/JOB00196
IEE6803D	0000	03:13:22	1840	IFX0084/JOB00196
IGG0198L	0000	03:13:22	1040	IFX0084/JOB00196
IGG019RL	0008	03:13:22	720	IFX0084/JOB00196
IGCFA10D	0008	03:13:23	1920	IFX0084/JOB00196
HMASMCRW	0000	03:13:23	2640	IFX0084/JOB00196
IEAVEMRQ	0000	03:13:23	4480	IFX0084/JOB00196
IEEVMNT1	0000	03:13:24	2320	IFX0084/JOB00196
IDAOCEA3	0000	03:13:24	320	IFX0084/JOB00196
IGG019Q5	0008	03:13:24	8560	IFX0084/JOB00196
IFG0559C	0000	03:13:25	2160	IFX0084/JOB00196
ISTSDCCB	0000	03:13:25	3760	IFX0084/JOB00196
IDCTSEC0	0000	03:13:25	800	IFX0084/JOB00196
HMASMION	0000	03:13:25	4560	IFX0084/JOB00196
ISTCFF3D	0000	03:13:26	2000	IFX0084/JOB00196
BLSTM	0000	03:13:26	480	IFX0084/JOB00196
HMASMUPD	0008	03:13:26	10240	IFX0084/JOB00196
IGG0191K	0000	03:13:19	1840	IFX0085/JOB00197
IFCSXXXD	0000	03:13:27	27040	IFX0085/JOB00197
IDCAU03	0000	03:13:30	21520	IFX0085/JOB00197
BLSSIOX	0000	03:13:30	1040	IFX0085/JOB00197
IGC0009A	0008	03:13:31	3920	IFX0085/JOB00197
BLSUMONX	0000	03:13:31	640	IFX0085/JOB00197
IEAVFRCL	0008	03:13:32	880	IFX0085/JOB00197
IGG019T6	0000	03:13:32	880	IFX0085/JOB00197
ISTZHFAN	0000	03:13:32	1600	IFX0085/JOB00197
ISTINCW8	0000	03:13:33	880	IFX0085/JOB00197
IKTCAS30	0000	03:13:33	1360	IFX0085/JOB00197
HMASMTDD	0000	03:13:33	4000	IFX0085/JOB00197
IRARMCPM	0008	03:13:33	3280	IFX0085/JOB00197
AMDPRGET	0000	03:13:34	7040	IFX0085/JOB00197
IKTTIMRT	0000	03:13:34	6000	IFX0085/JOB00197
IEDNKA	0008	03:13:35	4720	IFX0085/JOB00197
IEDQ10	0000	03:13:35	1040	IFX0085/JOB00197
IEDQFE30	0008	03:13:35	2160	IFX0085/JOB00197
IFFABA	0000	03:13:36	560	IFX0085/JOB00197
IEAVNIP0	0008	03:13:36	27360	IFX0085/JOB00197
REMOTGEN	0000	03:13:37	1440	IFX0085/JOB00197
IKJEFE02	0000	03:13:37	5040	IFX0085/JOB00197
IGG01923	0000	03:13:38	1280	IFX0085/JOB00197
ICBIORSI	0000	03:13:38	640	IFX0085/JOB00197
IEFIMASK	0000	03:13:27	560	IFX0086/JOB00198
IGG019Q9	0008	03:13:39	2640	IFX0086/JOB00198
IGG019BK	0000	03:13:39	720	IFX0086/JOB00198
IDCRIMT	0000	03:13:40	1200	IFX0086/JOB00198
BLSUVSAR	0000	03:13:40	1920	IFX0086/JOB00198
HMASMTPD	0000	03:13:40	3600	IFX0086/JOB00198
IERRC7	0000	03:13:40	1840	IFX0086/JOB00198
IGG019CG	0000	03:13:41	560	IFX0086/JOB00198
ISTINCOI	0000	03:13:41	400	IFX0086/JOB00198
ISTZBF0L	0000	03:13:41	3680	IFX0086/JOB00198
IFDOLT33	0000	03:13:41	3600	IFX0086/JOB00198
IEBISMES	0000	03:13:41	2080	IFX0086/JOB00198
IGG019PD	0000	03:13:42	1760	IFX0086/JOB00198
ISTZDFWB	0000	03:13:42	320	IFX0086/JOB00198
IEFIB660	0000	03:13:42	1200	IFX0086/JOB00198
ICBVIN02	0000	03:13:42	6400	IFX0086/JOB00198
IDCRV01	0000	03:13:43	11360	IFX0086/JOB00198
IEAVEAT0	0000	03:13:43	7760	IFX0086/JOB00198
IGC0006D	0000	03:13:44	1840	IFX0086/JOB00198
ISTZIFNA	0000	03:13:45	2160	IFX0086/JOB00198
IEFXB610	0000	03:13:45	560	IFX0086/JOB00198
ISTEC456	0000	03:13:46	7040	IFX0086/JOB00198
IGG02036	0008	03:13:46	2400	IFX0086/JOB00198
IEHDLABL	0000	03:13:46	2880	IFX0086/JOB00198
IERAGA	0000	03:13:39	2640	IFX0087/JOB00199
IKJEBELE	0000	03:13:47	3840	IFX0087/JOB00199
IEAVAR02	0000	03:13:48	2800	IFX0087/JOB00199
IECTSCAN	0000	03:13:48	6560	IFX0087/JOB00199
IFDMSG37	0000	03:13:48	640	IFX0087/JOB00199
IFCTC401	0000	03:13:49	3280	IFX0087/JOB00199
ISTSQC00	0000	03:13:49	3840	IFX0087/JOB00199
IEECVFTG	0000	03:13:49	1600	IFX0087/JOB00199
IGG01941	0008	03:13:50	1680	IFX0087/JOB00199
IEFJESDM	0000	03:13:50	320	IFX0087/JOB00199
IEEZP03D	0000	03:13:50	1360	IFX0087/JOB00199
IGG019AM	0000	03:13:51	400	IFX0087/JOB00199
IERABQ	0000	03:13:51	640	IFX0087/JOB00199
ISTINCU2	0000	03:13:51	2000	IFX0087/JOB00199
ICKTSTP1	0000	03:13:51	720	IFX0087/JOB00199
IEBIMSGS	0000	03:13:52	4480	IFX0087/JOB00199
IFNX5L	0008	03:13:52	800	IFX0087/JOB00199
IFCCRNDR	0000	03:13:52	16960	IFX0087/JOB00199
ISTSDCCD	0000	03:13:52	720	IFX0087/JOB00199
IEAVEEXT	0000	03:13:53	1760	IFX0087/JOB00199
HEWLFSCD	0000	03:13:53	8720	IFX0087/JOB00199
IERRCR	0000	03:13:54	4080	IFX0087/JOB00199
IGG0325R	0008	03:13:54	2080	IFX0087/JOB00199
IGG0193A	0000	03:13:55	5600	IFX0087/JOB00199
IFG0552T	0000	03:13:55	2000	IFX0087/JOB00199
IDAVBPO1	0000	03:13:47	1920	IFX0088/JOB00200
BLSTR	0000	03:13:57	2800	IFX0088/JOB00200
IEFJSINT	0000	03:13:57	2400	IFX0088/JOB00200
IRBMFEVT	0000	03:13:57	880	IFX0088/JOB00200
ISTNMCCF	0000	03:13:58	480	IFX0088/JOB00200
ISTINC32	0000	03:13:58	960	IFX0088/JOB00200
BLSDSTAE	0000	03:13:58	720	IFX0088/JOB00200
BNGTRMOT	0000	03:13:58	17280	IFX0088/JOB00200
IEEMB830	0000	03:13:59	3120	IFX0088/JOB00200
IGG019BQ	0000	03:13:59	1440	IFX0088/JOB00200
ISTTC035	0000	03:13:59	1680	IFX0088/JOB00200
IFG0553P	0000	03:14:00	2080	IFX0088/JOB00200
IEECVET3	0000	03:14:00	560	IFX0088/JOB00200
IFFAHA05	0012	03:14:01	3600	IFX0088/JOB00200
IECVXDAU	0008	03:14:01	240	IFX0088/JOB00200
IEAVITAS	0008	03:14:01	1760	IFX0088/JOB00200
IEREX3	0000	03:14:02	720	IFX0088/JOB00200
IGG0196Q	0000	03:14:02	2000	IFX0088/JOB00200
AMDPRSUM	0000	03:14:02	21840	IFX0088/JOB00200
IGCV210D	0008	03:14:03	2080	IFX0088/JOB00200
IEBVTT	0008	03:14:03	1520	IFX0088/JOB00200
IGG019JD	0000	03:14:04	560	IFX0088/JOB00200
IKTRPLXT	0000	03:14:04	800	IFX0088/JOB00200
IGC0P05B	0000	03:14:04	1280	IFX0088/JOB00200
ISTRAFD1	0000	03:14:05	11920	IFX0088/JOB00200
BLSUVP31	0000	03:13:56	480	IFX0089/JOB00201
IEAVPIX	0008	03:14:05	880	IFX0089/JOB00201
IFG0196L	0000	03:14:06	3120	IFX0089/JOB00201
IECVRDIO	0000	03:14:06	3840	IFX0089/JOB00201
IEFBB410	0004	03:14:07	10080	IFX0089/JOB00201
IGCMG10D	0008	03:14:08	1600	IFX0089/JOB00201
IGG019H3	0000	03:14:08	3520	IFX0089/JOB00201
IEAVTFHX	0000	03:14:09	3440	IFX0089/JOB00201
IERRBL	0000	03:14:09	240	IFX0089/JOB00201
IEE6603D	0000	03:14:09	1360	IFX0089/JOB00201
HMASMDS1	0000	03:14:09	7520	IFX0089/JOB00201
IEFAB428	0000	03:14:10	4880	IFX0089/JOB00201
ISTRCC51	0000	03:14:10	3360	IFX0089/JOB00201
IDCSG01	0000	03:14:10	2080	IFX0089/JOB00201
IGG0CLBK	0000	03:14:10	4800	IFX0089/JOB00201
IGG019BM	0000	03:14:11	400	IFX0089/JOB00201
IKJEFA53	0000	03:14:11	880	IFX0089/JOB00201
IHJARS60	0000	03:14:11	1120	IFX0089/JOB00201
IEE4403D	0000	03:14:12	2400	IFX0089/JOB00201
IEDQWJ1	0008	03:14:12	5120	IFX0089/JOB00201
IGG0197P	0000	03:14:13	2080	IFX0089/JOB00201
IKJEFD31	0000	03:14:14	2160	IFX0089/JOB00201
IEECVETF	0000	03:14:14	1600	IFX0089/JOB00201
IFG0552R	0000	03:14:14	2560	IFX0089/JOB00201
IGC0810D	0008	03:16:58	1760	IFX0090/JOB00203
IGCFP10D	0008	03:16:58	2880	IFX0090/JOB00203
ISTZDFQR	0000	03:16:58	720	IFX0090/JOB00203
IEDQOB	0008	03:16:58	6320	IFX0090/JOB00203
ISTRAMA1	0000	03:16:59	4800	IFX0090/JOB00203
ISTSDCCF	0000	03:17:00	1280	IFX0090/JOB00203
IEHDCONS	0000	03:17:00	2400	IFX0090/JOB00203
IKJEFP30	0000	03:17:00	1280	IFX0090/JOB00203
IEDQ13	0000	03:17:00	1040	IFX0090/JOB00203
IEHMVMSQ	0000	03:17:00	1040	IFX0090/JOB00203
IGCA610D	0008	03:17:00	1520	IFX0090/JOB00203
IGG019HF	0000	03:17:01	1200	IFX0090/JOB00203
IGCM210D	0008	03:17:01	1040	IFX0090/JOB00203
IGCD510D	0008	03:17:01	1760	IFX0090/JOB00203
IEFSMFIE	0000	03:17:02	1600	IFX0090/JOB00203
IEDQAW	0008	03:17:02	720	IFX0090/JOB00203
ISTZDFJ0	0000	03:17:02	2800	IFX0090/JOB00203
IFCSCRXX	0000	03:17:03	880	IFX0090/JOB00203
ISTZDFNB	0000	03:17:03	800	IFX0090/JOB00203
ILRPGEXP	0000	03:17:03	9600	IFX0090/JOB00203
BNGTQEMA	0000	03:17:03	2160	IFX0090/JOB00203
IEFVGM71	0000	03:17:04	1520	IFX0090/JOB00203
ICBVDM00	0000	03:17:04	5120	IFX0090/JOB00203
IGC0001G	0000	03:17:04	960	IFX0090/JOB00203
IGC0706H	0000	03:17:04	1600	IFX0090/JOB00203
ISTINCY5	0000	03:16:58	1440	IFX0091/JOB00204
ISTZKFCN	0000	03:17:05	1200	IFX0091/JOB00204
ISTZFFCB	0000	03:17:05	2080	IFX0091/JOB00204
IDCTSLC0	0000	03:17:05	12960	IFX0091/JOB00204
IFG0550P	0000	03:17:06	1920	IFX0091/JOB00204
IFCEXXXD	0000	03:17:07	15040	IFX0091/JOB00204
IEDQBN	0008	03:17:08	1200	IFX0091/JOB00204
IGC0107D	0000	03:17:08	1760	IFX0091/JOB00204
IFCET00C	0000	03:17:08	14720	IFX0091/JOB00204
BLSELPFM	0000	03:17:09	800	IFX0091/JOB00204
ILRASM00	0008	03:17:09	2960	IFX0091/JOB00204
BLSUPUTN	0000	03:17:09	640	IFX0091/JOB00204
BLSUVP21	0000	03:17:10	480	IFX0091/JOB00204
ILRPEX	0000	03:17:10	720	IFX0091/JOB00204
BLSRSAGC	0000	03:17:10	1040	IFX0091/JOB00204
IEAVAD08	0000	03:17:10	1600	IFX0091/JOB00204
IEDKHISC	0008	03:17:11	960	IFX0091/JOB00204
IEFJJOBS	0000	03:17:11	1200	IFX0091/JOB00204
IEFAB436	0000	03:17:11	6000	IFX0091/JOB00204
ISTINCX0	0000	03:17:11	2400	IFX0091/JOB00204
IFCEDDR0	0000	03:17:12	5360	IFX0091/JOB00204
BLSRADDP	0000	03:17:12	1600	IFX0091/JOB00204
IFCENAGO	0000	03:17:12	7760	IFX0091/JOB00204
ISTAPM69	0000	03:17:13	480	IFX0091/JOB00204
IEFVHM	0000	03:17:13	2320	IFX0091/JOB00204
IEFAB4A8	0000	03:17:05	2880	IFX0092/JOB00205
ISTINCCF	0000	03:17:13	960	IFX0092/JOB00205
ISTINCW9	0000	03:17:14	1440	IFX0092/JOB00205
ISTDCC50	0000	03:17:14	4720	IFX0092/JOB00205
IGG019HJ	0000	03:17:14	320	IFX0092/JOB00205
IEDQ21	0000	03:17:14	1040	IFX0092/JOB00205
IDCCDEV	0000	03:17:15	720	IFX0092/JOB00205
IDAVBPR2	0000	03:17:15	1760	IFX0092/JOB00205
IGG019A4	0000	03:17:15	960	IFX0092/JOB00205
IEDDFOUT	0008	03:17:15	2880	IFX0092/JOB00205
IGCD010D	0008	03:17:16	1600	IFX0092/JOB00205
ISTZIMQA	0000	03:17:16	1680	IFX0092/JOB00205
ISTZEMAB	0000	03:17:16	2240	IFX0092/JOB00205
IERABB	0000	03:17:16	400	IFX0092/JOB00205
IEAVPCB	0008	03:17:17	3120	IFX0092/JOB00205
ILRSRT01	0008	03:17:17	3600	IFX0092/JOB00205
ISTSDCLM	0000	03:17:18	960	IFX0092/JOB00205
ISTZEFDA	0000	03:17:18	720	IFX0092/JOB00205
IEDSARI	0008	03:17:18	5920	IFX0092/JOB00205
IGE0025D	0000	03:17:18	720	IFX0092/JOB00205
IGE0010B	0000	03:17:18	1360	IFX0092/JOB00205
BLST01	0000	03:17:19	720	IFX0092/JOB00205
ISTRCFY0	0000	03:17:19	1200	IFX0092/JOB00205
IKTXLOG	0000	03:17:19	480	IFX0092/JOB00205
IERAOH	0000	03:17:19	800	IFX0092/JOB00205
IKT3270O	0000	03:17:13	13440	IFX0093/JOB00206
IERRPN	0000	03:17:20	2080	IFX0093/JOB00206
ISTRAFTP	0000	03:17:20	2560	IFX0093/JOB00206
ISTINMAV	0000	03:17:20	4160	IFX0093/JOB00206
ISTZBFAG	0000	03:17:21	3120	IFX0093/JOB00206
IEEZC03D	0000	03:17:21	3680	IFX0093/JOB00206
IKJEFT25	0000	03:17:22	3360	IFX0093/JOB00206
IEDQNG	0000	03:17:22	560	IFX0093/JOB00206
IEEVSTOP	0008	03:17:22	480	IFX0093/JOB00206
IDCTSSA0	0000	03:17:23	1200	IFX0093/JOB00206
IGG0325Z	0008	03:17:23	1760	IFX0093/JOB00206
IGG0860C	0008	03:17:23	1440	IFX0093/JOB00206
BLSSASCB	0000	03:17:24	1600	IFX0093/JOB00206
BNGC3270	0008	03:17:24	11920	IFX0093/JOB00206
IDAVBPC1	0000	03:17:24	720	IFX0093/JOB00206
IOEDKWTR	0000	03:17:24	11600	IFX0093/JOB00206
IEEVEXSN	0000	03:17:25	3280	IFX0093/JOB00206
IERAGD	0000	03:17:25	1440	IFX0093/JOB00206
IEDAYQT	0000	03:17:26	2800	IFX0093/JOB00206
IGG01921	0000	03:17:26	1680	IFX0093/JOB00206
IGG0192G	0000	03:17:27	1760	IFX0093/JOB00206
ISTDCC20	0000	03:17:27	880	IFX0093/JOB00206
IFCTC201	0000	03:17:27	8320	IFX0093/JOB00206
IGG03001	0000	03:17:27	3840	IFX0093/JOB00206
IDA019ST	0000	03:17:28	10720	IFX0093/JOB00206
IERAOW	0000	03:17:20	320	IFX0094/JOB00207
ISTZBFAA	0000	03:17:29	1440	IFX0094/JOB00207
IGFDE0	0000	03:17:29	720	IFX0094/JOB00207
BLSSUCM	0000	03:17:29	960	IFX0094/JOB00207
IGG0CLAC	0000	03:17:30	1120	IFX0094/JOB00207
IEBUPNIT	0000	03:17:30	2960	IFX0094/JOB00207
IEAVESVR	0000	03:17:30	320	IFX0094/JOB00207
IEDQBU	0008	03:17:31	1680	IFX0094/JOB00207
ICGDSA07	0000	03:17:31	4160	IFX0094/JOB00207
IEDQAP	0008	03:17:31	1840	IFX0094/JOB00207
ISTINCV2	0000	03:17:32	1920	IFX0094/JOB00207
IFFAFA07	0012	03:17:32	1040	IFX0094/JOB00207
ICKRP01	0000	03:17:32	2640	IFX0094/JOB00207
IFCS3031	0000	03:17:32	21760	IFX0094/JOB00207
IFCEGUS1	0000	03:17:33	19920	IFX0094/JOB00207
IEHMVSRM	0000	03:17:34	960	IFX0094/JOB00207
IDCDE02	0000	03:17:35	16400	IFX0094/JOB00207
IGX00013	0000	03:17:35	3440	IFX0094/JOB00207
IDAIIFBF	0000	03:17:36	640	IFX0094/JOB00207
ISTDVCBA	0000	03:17:36	7760	IFX0094/JOB00207
ISTSDCP4	0000	03:17:37	1200	IFX0094/JOB00207
ISTSDCVB	0000	03:17:37	2720	IFX0094/JOB00207
ICKVD01	0000	03:17:37	1440	IFX0094/JOB00207
ILRIOFRR	0008	03:17:37	5280	IFX0094/JOB00207
IGG019GG	0000	03:17:37	2240	IFX0094/JOB00207
IEE6403D	0000	03:17:29	2240	IFX0095/JOB00208
HMASMBUR	0000	03:17:38	6960	IFX0095/JOB00208
BLSELPCC	0000	03:17:39	720	IFX0095/JOB00208
IGE0304C	0000	03:17:39	880	IFX0095/JOB00208
IGG0325K	0008	03:17:39	1280	IFX0095/JOB00208
ISDAPAD1	0000	03:17:40	12160	IFX0095/JOB00208
IEECVFTB	0000	03:17:41	1680	IFX0095/JOB00208
IGGMSG02	0000	03:17:41	3600	IFX0095/JOB00208
IERAPK	0000	03:17:41	2800	IFX0095/JOB00208
IGCFL10D	0008	03:17:41	2880	IFX0095/JOB00208
AMDSACSA	0000	03:17:42	800	IFX0095/JOB00208
IEFAB4F5	0000	03:17:42	4080	IFX0095/JOB00208
ISTINCX8	0000	03:17:42	1760	IFX0095/JOB00208
ISTZFMFA	0000	03:17:43	720	IFX0095/JOB00208
IGG0CLBT	0000	03:17:43	3600	IFX0095/JOB00208
BNGTLOCL	0000	03:17:43	10000	IFX0095/JOB00208
IGG09407	0000	03:17:43	720	IFX0095/JOB00208
ICKAN01	0000	03:17:44	11360	IFX0095/JOB00208
IGC0203E	0000	03:17:44	2320	IFX0095/JOB00208
IEFVJA	0000	03:17:44	3040	IFX0095/JOB00208
IFCEXXX9	0000	03:17:45	12640	IFX0095/JOB00208
ISTOCCOF	0000	03:17:45	2560	IFX0095/JOB00208
ISDAGEN0	0008	03:17:46	1600	IFX0095/JOB00208
IEAVEEXP	0008	03:17:46	1760	IFX0095/JOB00208
IGG019V5	0000	03:17:46	6160	IFX0095/JOB00208
IEFVGM6	0000	03:20:24	720	IFX0096/JOB00210
BLSRCOMP	0000	03:20:24	7280	IFX0096/JOB00210
BLSSASVT	0000	03:20:25	960	IFX0096/JOB00210
IERABM	0000	03:20:25	320	IFX0096/JOB00210
IDCTSTP1	0000	03:20:25	720	IFX0096/JOB00210
IDCCDAL	0000	03:20:25	10160	IFX0096/JOB00210
IFNX5D	0008	03:20:26	8800	IFX0096/JOB00210
IEFAB4A6	0000	03:20:27	3520	IFX0096/JOB00210
HEWLFSCN	0000	03:20:27	7360	IFX0096/JOB00210
AHLTVTAM	0000	03:20:28	2640	IFX0096/JOB00210
IFFAAA01	0012	03:20:28	400	IFX0096/JOB00210
IGG0CLAM	0000	03:20:28	2960	IFX0096/JOB00210
IEFJSDTN	0000	03:20:28	640	IFX0096/JOB00210
IEBVCT	0000	03:20:29	1280	IFX0096/JOB00210
IEDQAF	0008	03:20:29	960	IFX0096/JOB00210
IGG019CQ	0000	03:20:29	1280	IFX0096/JOB00210
IEHMVESN	0000	03:20:29	3120	IFX0096/JOB00210
IERAPD	0000	03:20:30	800	IFX0096/JOB00210
ISTSDCP6	0000	03:20:30	1200	IFX0096/JOB00210
IHJARS00	0000	03:20:30	1600	IFX0096/JOB00210
ISTSQC09	0000	03:20:31	1040	IFX0096/JOB00210
IKJEFF09	0000	03:20:31	1600	IFX0096/JOB00210
HMASMTMS	0000	03:20:31	16240	IFX0096/JOB00210
IEFSD161	0000	03:20:32	4880	IFX0096/JOB00210
IGG019JI	0000	03:20:32	1760	IFX0096/JOB00210
IEE0403D	0000	03:20:24	3200	IFX0097/JOB00211
IEFVGM19	0000	03:20:33	720	IFX0097/JOB00211
IGG0197C	0000	03:20:33	1360	IFX0097/JOB00211
IEE3203D	0000	03:20:34	1920	IFX0097/JOB00211
IERAMB	0000	03:20:34	960	IFX0097/JOB00211
ISTIC009	0000	03:20:34	4640	IFX0097/JOB00211
IFCEXXXC	0000	03:20:34	11920	IFX0097/JOB00211
IEDAYGP	0000	03:20:35	3600	IFX0097/JOB00211
BLST04	0000	03:20:36	640	IFX0097/JOB00211
IGE0104B	0000	03:20:36	880	IFX0097/JOB00211
IGF2503D	0000	03:20:36	1840	IFX0097/JOB00211
HMASMTD1	0000	03:20:37	4560	IFX0097/JOB00211
ISTINCXM	0000	03:20:37	1040	IFX0097/JOB00211
IOEDKMSG	0000	03:20:37	4960	IFX0097/JOB00211
IEDQNH	0000	03:20:38	640	IFX0097/JOB00211
IRARMSRV	0008	03:20:38	2880	IFX0097/JOB00211
IGG0CLAK	0000	03:20:38	6000	IFX0097/JOB00211
IEDQGT	0008	03:20:39	2480	IFX0097/JOB00211
IECBBFB1	0000	03:20:39	320	IFX0097/JOB00211
IEDQXB	0008	03:20:39	19680	IFX0097/JOB00211
IGG0196I	0000	03:20:40	1280	IFX0097/JOB00211
IERRGB	0000	03:20:41	2400	IFX0097/JOB00211
IEDQWL1	0008	03:20:41	3200	IFX0097/JOB00211
IEDBSM	0008	03:20:41	3360	IFX0097/JOB00211
IEECB904	0000	03:20:42	3280	IFX0097/JOB00211
IEE4103D	0000	03:20:33	1600	IFX0098/JOB00212
ICKDV03	0000	03:20:42	26880	IFX0098/JOB00212
AHLSETMG	0000	03:20:43	480	IFX0098/JOB00212
IEAVEDSR	0000	03:20:43	1920	IFX0098/JOB00212
IFFAEA06	0012	03:20:44	400	IFX0098/JOB00212
IEDQWAB	0008	03:20:44	640	IFX0098/JOB00212
IGG019CA	0000	03:20:44	480	IFX0098/JOB00212
IGG019TC	0000	03:20:44	1280	IFX0098/JOB00212
IGG019RP	0008	03:20:45	7680	IFX0098/JOB00212
IGCH010D	0008	03:20:45	3120	IFX0098/JOB00212
IEDQBZ	0008	03:20:46	1040	IFX0098/JOB00212
IEDQBA	0000	03:20:46	1120	IFX0098/JOB00212
IEECVETV	0000	03:20:46	2160	IFX0098/JOB00212
ISTNMCCZ	0000	03:20:47	720	IFX0098/JOB00212
IKJEBEAE	0000	03:20:47	2000	IFX0098/JOB00212
IERAP1	0000	03:20:47	320	IFX0098/JOB00212
IEAV2540	0008	03:20:47	2160	IFX0098/JOB00212
IEAVNIPM	0012	03:20:48	13680	IFX0098/JOB00212
IEE7303D	0000	03:20:49	1600	IFX0098/JOB00212
IERRPD	0000	03:20:50	1600	IFX0098/JOB00212
ISTDCC23	0000	03:20:50	880	IFX0098/JOB00212
IGG0CLAJ	0000	03:20:50	5520	IFX0098/JOB00212
IEBDWR	0008	03:20:50	3760	IFX0098/JOB00212
IGG0CLB7	0000	03:20:51	4560	IFX0098/JOB00212
ISDAAPR0	0008	03:20:51	3680	IFX0098/JOB00212
ISTZDFA0	0000	03:20:42	1360	IFX0099/JOB00213
ISTSC032	0000	03:20:52	1760	IFX0099/JOB00213
IEEVSEND	0000	03:20:52	4480	IFX0099/JOB00213
IAPPFXAP	0000	03:20:52	480	IFX0099/JOB00213
IGG0CLA9	0000	03:20:53	5360	IFX0099/JOB00213
IEHMVMTA	0000	03:20:53	2400	IFX0099/JOB00213
IGG0203A	0000	03:20:53	2000	IFX0099/JOB00213
IGFPNRFH	0000	03:20:55	2560	IFX0099/JOB00213
IGG019I9	0000	03:20:55	2720	IFX0099/JOB00213
ISDAPWR0	0000	03:20:55	320	IFX0099/JOB00213
IGG0CLAX	0000	03:20:56	5840	IFX0099/JOB00213
IEDQA5	0008	03:20:56	1840	IFX0099/JOB00213
IDA121A3	0000	03:20:56	3600	IFX0099/JOB00213
BLSFVRFY	0000	03:20:57	1840	IFX0099/JOB00213
IFNX5M	0008	03:20:57	4320	IFX0099/JOB00213
IEAVTPMT	0000	03:20:59	1280	IFX0099/JOB00213
IKTCAS40	0000	03:20:59	2000	IFX0099/JOB00213
IGCFQ10D	0008	03:21:00	3120	IFX0099/JOB00213
IFDOLT07	0000	03:21:00	2320	IFX0099/JOB00213
ISTINCL8	0000	03:21:00	1280	IFX0099/JOB00213
IEDQAA	0008	03:21:00	3680	IFX0099/JOB00213
IEDDVAS	0008	03:21:01	2160	IFX0099/JOB00213
IDCTSMC0	0000	03:21:01	400	IFX0099/JOB00213
IEHMVXSE	0000	03:21:01	5120	IFX0099/JOB00213
IFCTC301	0000	03:21:02	6560	IFX0099/JOB00213
IKJEBERE	0008	03:20:52	7520	IFX0100/JOB00214
IKJCB831	0000	03:21:02	7200	IFX0100/JOB00214
IEDQW25	0008	03:21:03	2720	IFX0100/JOB00214
ICKRI01	0000	03:21:03	32720	IFX0100/JOB00214
IFFPDAPL	0000	03:21:04	4800	IFX0100/JOB00214
IEFAB4SF	0000	03:21:04	5440	IFX0100/JOB00214
IGG020P3	0008	03:21:04	1600	IFX0100/JOB00214
ISTORFRA	0000	03:21:05	480	IFX0100/JOB00214
AHLSCAN	0000	03:21:05	3600	IFX0100/JOB00214
IKT09409	0000	03:21:06	560	IFX0100/JOB00214
ICGDSB19	0000	03:21:06	8160	IFX0100/JOB00214
HMASMAAR	0000	03:21:06	5360	IFX0100/JOB00214
IGG0CLBW	0000	03:21:07	4480	IFX0100/JOB00214
IERAO3	0000	03:21:07	560	IFX0100/JOB00214
ISTINCR1	0000	03:21:07	1920	IFX0100/JOB00214
IEFVGK	0000	03:21:07	1120	IFX0100/JOB00214
IEBTCRIN	0000	03:21:07	6320	IFX0100/JOB00214
BNGCLOCL	0008	03:21:08	9920	IFX0100/JOB00214
IKTCAS56	0000	03:21:08	3040	IFX0100/JOB00214
IEEVWKUP	0000	03:21:09	1920	IFX0100/JOB00214
IFNX5F	0000	03:21:09	2560	IFX0100/JOB00214
IECTLERP	0000	03:21:09	720	IFX0100/JOB00214
HMASMADD	0000	03:21:09	5840	IFX0100/JOB00214
IERADG	0000	03:21:10	560	IFX0100/JOB00214
IERADB	0000	03:21:10	480	IFX0100/JOB00214
BLSUPGMR	0000	03:21:02	560	IFX0101/JOB00215
ICKTSUV0	0000	03:21:11	1120	IFX0101/JOB00215
IDCTSCK0	0000	03:21:11	1840	IFX0101/JOB00215
IGC0N10D	0008	03:21:11	480	IFX0101/JOB00215
IGCVK10D	0000	03:21:11	2400	IFX0101/JOB00215
IEDQWC1	0008	03:21:11	5520	IFX0101/JOB00215
ISTRCC21	0000	03:21:12	2240	IFX0101/JOB00215
BLSVLCCV	0000	03:21:13	2640	IFX0101/JOB00215
IGC0007D	0000	03:21:13	1440	IFX0101/JOB00215
BLST06	0000	03:21:13	1520	IFX0101/JOB00215
IGG019EI	0000	03:21:13	800	IFX0101/JOB00215
IECDAFMT	0000	03:21:14	6320	IFX0101/JOB00215
IGG2A11	0000	03:21:14	1760	IFX0101/JOB00215
IEFVSCAN	0000	03:21:15	3040	IFX0101/JOB00215
IGG0202D	0000	03:21:15	1680	IFX0101/JOB00215
IGG019CW	0000	03:21:15	960	IFX0101/JOB00215
IGG0202I	0000	03:21:15	1520	IFX0101/JOB00215
ICBVTM00	0000	03:21:16	1520	IFX0101/JOB00215
ISTSDCRC	0000	03:21:16	3520	IFX0101/JOB00215
ISTSC02E	0000	03:21:16	1040	IFX0101/JOB00215
IEFDB4A0	0000	03:21:17	6160	IFX0101/JOB00215
BLSEDEL0	0000	03:21:17	3360	IFX0101/JOB00215
IEAXPDXR	0000	03:21:17	2080	IFX0101/JOB00215
IFG0193A	0000	03:21:17	3680	IFX0101/JOB00215
IEEVSND4	0008	03:23:53	3520	IFX0102/JOB00217
IECDAFT1	0000	03:23:54	11440	IFX0102/JOB00217
IERRCZ	0000	03:23:54	1840	IFX0102/JOB00217
IGG0325Q	0008	03:23:55	1280	IFX0102/JOB00217
IGC0906F	0000	03:23:56	1440	IFX0102/JOB00217
IERRDP	0000	03:23:56	640	IFX0102/JOB00217
IEFBB401	0004	03:23:56	5760	IFX0102/JOB00217
IKJEFA42	0000	03:23:56	6160	IFX0102/JOB00217
IFCEMER3	0000	03:23:57	6000	IFX0102/JOB00217
IGG019Q6	0008	03:23:57	2160	IFX0102/JOB00217
AMDPRLPA	0000	03:23:58	2480	IFX0102/JOB00217
ISTAPC36	0000	03:23:58	560	IFX0102/JOB00217
BLSFTL00	0000	03:23:58	1200	IFX0102/JOB00217
IGE0804C	0000	03:23:59	1120	IFX0102/JOB00217
HMASMTP2	0000	03:23:59	4000	IFX0102/JOB00217
AMDSARSM	0000	03:23:59	2800	IFX0102/JOB00217
ISTCFMTM	0000	03:23:59	2880	IFX0102/JOB00217
IKJEFA51	0000	03:24:00	3120	IFX0102/JOB00217
IDCCH03	0000	03:24:00	7760	IFX0102/JOB00217
BLSVQEL	0000	03:24:00	3120	IFX0102/JOB00217
IKJEFD35	0000	03:24:01	1520	IFX0102/JOB00217
BLSRMSGB	0000	03:24:01	1040	IFX0102/JOB00217
IDCVS02	0000	03:24:01	7440	IFX0102/JOB00217
IEFISEXR	0000	03:24:01	960	IFX0102/JOB00217
ILRFMTPG	0000	03:24:02	6800	IFX0102/JOB00217
ISTDVCRC	0000	03:23:54	6720	IFX0103/JOB00218
IFG0551H	0000	03:24:02	2240	IFX0103/JOB00218
IGCA310D	0008	03:24:03	2640	IFX0103/JOB00218
IEAVTSLE	0000	03:24:03	1040	IFX0103/JOB00218
IEATLEXT	0000	03:24:04	1120	IFX0103/JOB00218
IGG0203Z	0000	03:24:04	1440	IFX0103/JOB00218
IGG01917	0000	03:24:05	1520	IFX0103/JOB00218
IGG019RY	0000	03:24:06	240	IFX0103/JOB00218
IGE0301H	0000	03:24:06	5520	IFX0103/JOB00218
IGG019BP	0000	03:24:06	1600	IFX0103/JOB00218
BLSVIOX	0000	03:24:07	2400	IFX0103/JOB00218
ISTINCTM	0000	03:24:07	880	IFX0103/JOB00218
IRARMIPS	0008	03:24:07	23440	IFX0103/JOB00218
IEFAB4DE	0000	03:24:08	2080	IFX0103/JOB00218
BLSTM5	0000	03:24:08	2480	IFX0103/JOB00218
IGG09300	0004	03:24:08	2720	IFX0103/JOB00218
ISTZIF1B	0000	03:24:08	2880	IFX0103/JOB00218
IEFAB487	0004	03:24:09	4720	IFX0103/JOB00218
IEFU83	0000	03:24:09	240	IFX0103/JOB00218
BLSUBLDD	0000	03:24:09	640	IFX0103/JOB00218
ICGDSA09	0000	03:24:09	4320	IFX0103/JOB00218
IGCAB10D	0008	03:24:10	1200	IFX0103/JOB00218
IGCR010D	0008	03:24:10	2320	IFX0103/JOB00218
IKJEGPSW	0000	03:24:10	3040	IFX0103/JOB00218
BLSEDELC	0000	03:24:11	1280	IFX0103/JOB00218
IDCCK01	0000	03:24:02	8880	IFX0104/JOB00219
IDCCH02	0000	03:24:12	31600	IFX0104/JOB00219
IEFVGM12	0000	03:24:12	720	IFX0104/JOB00219
IDCGR01	0000	03:24:12	3040	IFX0104/JOB00219
HMASMVLU	0000	03:24:13	2320	IFX0104/JOB00219
IKJEFF50	0000	03:24:13	2400	IFX0104/JOB00219
IGCT005G	0000	03:24:14	4480	IFX0104/JOB00219
HMASMASI	0000	03:24:14	4000	IFX0104/JOB00219
IGC058	0000	03:24:14	640	IFX0104/JOB00219
IERRCM	0000	03:24:15	2080	IFX0104/JOB00219
ISDAPWR1	0000	03:24:15	320	IFX0104/JOB00219
IGG0325B	0008	03:24:15	1840	IFX0104/JOB00219
IFFAAA03	0012	03:24:16	2320	IFX0104/JOB00219
IDCTR01	0000	03:24:16	10320	IFX0104/JOB00219
IGG019RK	0008	03:24:17	960	IFX0104/JOB00219
IEFEB4M1	0000	03:24:17	880	IFX0104/JOB00219
IEREX1	0000	03:24:17	720	IFX0104/JOB00219
IEE3103D	0000	03:24:18	2480	IFX0104/JOB00219
ICB2SIOB	0000	03:24:18	1360	IFX0104/JOB00219
IGG019AX	0000	03:24:19	400	IFX0104/JOB00219
IGG019FL	0000	03:24:19	1040	IFX0104/JOB00219
IEHMVESL	0000	03:24:19	3520	IFX0104/JOB00219
IGG01933	0008	03:24:20	1680	IFX0104/JOB00219
IGG0199F	0000	03:24:20	1840	IFX0104/JOB00219
IERRBH	0000	03:24:20	640	IFX0104/JOB00219
BLSRSALI	0000	03:24:11	5840	IFX0105/JOB00220
ISTSDCVG	0000	03:24:21	2000	IFX0105/JOB00220
ISTOCCCB	0000	03:24:22	1360	IFX0105/JOB00220
IERROA	0000	03:24:22	2480	IFX0105/JOB00220
IGG0192W	0000	03:24:22	1760	IFX0105/JOB00220
ISDADAT0	0008	03:24:23	1440	IFX0105/JOB00220
ILRPAGCM	0008	03:24:23	4480	IFX0105/JOB00220
HMASMIDU	0000	03:24:23	13600	IFX0105/JOB00220
ICBVDR01	0000	03:24:24	9680	IFX0105/JOB00220
IGE0001C	0000	03:24:25	1520	IFX0105/JOB00220
ISTSEC30	0000	03:24:25	2400	IFX0105/JOB00220
AHLTUSR	0000	03:24:25	2480	IFX0105/JOB00220
IEE3703D	0000	03:24:25	1680	IFX0105/JOB00220
IKJCT463	0000	03:24:26	6560	IFX0105/JOB00220
IKJEGATN	0000	03:24:26	2400	IFX0105/JOB00220
IKJEGSCD	0000	03:24:27	880	IFX0105/JOB00220
ISTINMN8	0000	03:24:27	1120	IFX0105/JOB00220
IHCGSP04	0000	03:24:27	1440	IFX0105/JOB00220
IEFNB903	0000	03:24:28	2240	IFX0105/JOB00220
ICKRA01	0000	03:24:28	4000	IFX0105/JOB00220
IRBMFLCV	0000	03:24:28	2160	IFX0105/JOB00220
IGC0G05B	0000	03:24:29	1520	IFX0105/JOB00220
IGFPMKTA	0000	03:24:29	1200	IFX0105/JOB00220
BLSSCOMM	0000	03:24:30	960	IFX0105/JOB00220
ISTSC031	0000	03:24:30	4080	IFX0105/JOB00220
IGC0002A	0000	03:24:21	1840	IFX0106/JOB00221
USRDDT00	0000	03:24:31	800	IFX0106/JOB00221
BLSFGP00	0000	03:24:31	1440	IFX0106/JOB00221
IECVDERP	0008	03:24:31	8160	IFX0106/JOB00221
IFCSXXX7	0000	03:24:32	12160	IFX0106/JOB00221
IEDAYC	0008	03:24:33	2960	IFX0106/JOB00221
IGCD810D	0008	03:24:33	1440	IFX0106/JOB00221
ICGDSB15	0000	03:24:34	2160	IFX0106/JOB00221
IEEMB815	0000	03:24:34	7280	IFX0106/JOB00221
IFNX1S	0000	03:24:34	1760	IFX0106/JOB00221
ISTINCD9	0000	03:24:35	4640	IFX0106/JOB00221
IRARMSTM	0008	03:24:35	4720	IFX0106/JOB00221
IEFAB442	0000	03:24:36	1920	IFX0106/JOB00221
ISTZFMTA	0000	03:24:36	1120	IFX0106/JOB00221
IEAVTSLP	0000	03:24:36	6720	IFX0106/JOB00221
IEAVTRTC	0000	03:24:36	6240	IFX0106/JOB00221
IEE0503D	0000	03:24:37	4320	IFX0106/JOB00221
IEAVVCRX	0008	03:24:38	480	IFX0106/JOB00221
BLST04CV	0000	03:24:39	1120	IFX0106/JOB00221
IGG0196B	0000	03:24:39	1360	IFX0106/JOB00221
IEE3303D	0000	03:24:40	1680	IFX0106/JOB00221
BLSRFMOD	0000	03:24:40	5680	IFX0106/JOB00221
IEEVCPU	0000	03:24:40	15840	IFX0106/JOB00221
IGFCINIT	0000	03:24:41	960	IFX0106/JOB00221
IERRBK	0000	03:24:42	800	IFX0106/JOB00221
BLSRSAGQ	0000	03:24:30	640	IFX0107/JOB00222
HMASMDR1	0000	03:24:42	10640	IFX0107/JOB00222
IDCRILT	0000	03:24:42	880	IFX0107/JOB00222
IKJEFLGN	0000	03:24:43	7520	IFX0107/JOB00222
IGG019KU	0000	03:24:43	1600	IFX0107/JOB00222
HMBLKLPA	0000	03:24:43	1840	IFX0107/JOB00222
IEESN03D	0000	03:24:44	4800	IFX0107/JOB00222
IEFAB498	0000	03:24:44	1360	IFX0107/JOB00222
IEDQNK	0008	03:24:44	2480	IFX0107/JOB00222
IEAVTRTH	0008	03:24:45	2880	IFX0107/JOB00222
IFCS3033	0000	03:24:45	20480	IFX0107/JOB00222
ISDASUM0	0008	03:24:46	8800	IFX0107/JOB00222
IECTEDIT	0000	03:24:46	4240	IFX0107/JOB00222
IGG019FJ	0000	03:24:46	800	IFX0107/JOB00222
HMASMEFR	0000	03:24:46	2320	IFX0107/JOB00222
IERRCA	0000	03:24:47	1760	IFX0107/JOB00222
IGCFF10D	0008	03:24:47	2560	IFX0107/JOB00222
IFCEB165	0000	03:24:47	48080	IFX0107/JOB00222
IECVURSV	0000	03:24:49	1440	IFX0107/JOB00222
IEFAB4E9	0000	03:24:49	1440	IFX0107/JOB00222
IERRBO	0000	03:24:50	640	IFX0107/JOB00222
BLSRADD2	0000	03:24:50	480	IFX0107/JOB00222
IGG019CV	0000	03:24:50	1360	IFX0107/JOB00222
IGFDT2	0000	03:24:50	2800	IFX0107/JOB00222
IGG0202B	0000	03:24:51	1600	IFX0107/JOB00222
IKJEFE06	0000	03:27:34	4080	IFX0108/JOB00224
IDCIO05	0000	03:27:34	29600	IFX0108/JOB00224
IGCI310D	0008	03:27:35	1920	IFX0108/JOB00224
ICB2AIR	0000	03:27:35	960	IFX0108/JOB00224
IKJEBEIS	0000	03:27:36	2640	IFX0108/JOB00224
BLSRVPAS	0000	03:27:36	960	IFX0108/JOB00224
IERRCC	0000	03:27:36	3040	IFX0108/JOB00224
ISTNMCCO	0000	03:27:36	960	IFX0108/JOB00224
IEDAYM	0008	03:27:37	6800	IFX0108/JOB00224
IER8CM	0000	03:27:37	2560	IFX0108/JOB00224
IECVXTAT	0008	03:27:38	320	IFX0108/JOB00224
IEAVNPM3	0012	03:27:38	8800	IFX0108/JOB00224
IEDQNU	0008	03:27:39	2640	IFX0108/JOB00224
IGG019JR	0000	03:27:39	1440	IFX0108/JOB00224
IFOX0F	0000	03:27:39	1360	IFX0108/JOB00224
ISTNMC4P	0000	03:27:40	1600	IFX0108/JOB00224
IEFIIC	0000	03:27:40	1440	IFX0108/JOB00224
ICBVSL00	0000	03:27:40	14960	IFX0108/JOB00224
IRBMFRGM	0000	03:27:41	5760	IFX0108/JOB00224
ISTZCF0B	0000	03:27:42	2240	IFX0108/JOB00224
IKJEFF58	0000	03:27:42	560	IFX0108/JOB00224
IGC0008B	0008	03:27:42	3520	IFX0108/JOB00224
ISTDCC12	0000	03:27:43	3360	IFX0108/JOB00224
ISTZBFX0	0000	03:27:43	480	IFX0108/JOB00224
IKJEBEFI	0008	03:27:43	2560	IFX0108/JOB00224
BNGIRMOT	0000	03:27:34	17040	IFX0109/JOB00225
IFCSXXXE	0000	03:27:44	15520	IFX0109/JOB00225
IDCCDMP	0000	03:27:46	5280	IFX0109/JOB00225
IEAVEDR	0008	03:27:46	1280	IFX0109/JOB00225
ILRSWPDR	0000	03:27:46	1040	IFX0109/JOB00225
ICBVPR00	0000	03:27:47	3840	IFX0109/JOB00225
IEHDDUMP	0008	03:27:47	5520	IFX0109/JOB00225
ISTESC02	0000	03:27:48	400	IFX0109/JOB00225
IFCEXXX6	0000	03:27:48	12080	IFX0109/JOB00225
AMDSASIN	0000	03:27:49	3440	IFX0109/JOB00225
IKJEFA31	0000	03:27:49	3600	IFX0109/JOB00225
IDA019S4	0000	03:27:49	560	IFX0109/JOB00225
IEDQAC	0008	03:27:50	560	IFX0109/JOB00225
IGFTMCHK	0008	03:27:50	5280	IFX0109/JOB00225
IERAPB	0000	03:27:50	1440	IFX0109/JOB00225
AHLTSCN	0000	03:27:51	2480	IFX0109/JOB00225
IFDOLT61	0000	03:27:51	3120	IFX0109/JOB00225
IGG01920	0000	03:27:51	1840	IFX0109/JOB00225
IEAVDSEG	0000	03:27:51	640	IFX0109/JOB00225
IERAOE	0000	03:27:52	960	IFX0109/JOB00225
IEDQA2	0008	03:27:52	640	IFX0109/JOB00225
IFFAHA13	0012	03:27:52	2160	IFX0109/JOB00225
IGC0008E	0000	03:27:52	720	IFX0109/JOB00225
IEDLUS	0008	03:27:53	8480	IFX0109/JOB00225
AHLGTFI	0000	03:27:43	9440	IFX0110/JOB00226
IGE0001A	0000	03:27:54	1280	IFX0110/JOB00226
IFCSI155	0000	03:27:54	9040	IFX0110/JOB00226
IER8BO	0000	03:27:54	720	IFX0110/JOB00226
IEE4703D	0000	03:27:55	1440	IFX0110/JOB00226
IGG01934	0008	03:27:55	1200	IFX0110/JOB00226
IEDQAE	0008	03:27:55	640	IFX0110/JOB00226
IECVOTBL	0000	03:27:56	7040	IFX0110/JOB00226
BLSVASVT	0000	03:27:56	3040	IFX0110/JOB00226
BLSEMDPR	0000	03:27:56	9440	IFX0110/JOB00226
IEDQWAA	0008	03:27:57	800	IFX0110/JOB00226
IDA0192A	0000	03:27:57	14080	IFX0110/JOB00226
IEDQGP	0008	03:27:58	1280	IFX0110/JOB00226
ICKTSEX0	0000	03:27:58	1520	IFX0110/JOB00226
IFG0191Y	0008	03:27:59	2720	IFX0110/JOB00226
IGE0000E	0000	03:27:59	1040	IFX0110/JOB00226
IEFVINE	0000	03:27:59	1200	IFX0110/JOB00226
IFFACA03	0012	03:27:59	1120	IFX0110/JOB00226
IERRBT	0000	03:28:00	720	IFX0110/JOB00226
ISTSEC40	0000	03:28:00	880	IFX0110/JOB00226
BLSTU	0000	03:28:00	480	IFX0110/JOB00226
IEAVSQA	0008	03:28:00	2800	IFX0110/JOB00226
IEECVGCI	0000	03:28:01	1920	IFX0110/JOB00226
IEAVTSDL	0000	03:28:01	3760	IFX0110/JOB00226
ISTZRM01	0000	03:28:02	1200	IFX0110/JOB00226
IEDAYJ	0008	03:28:02	7120	IFX0111/JOB00227
IKJEBEAR	0000	03:28:03	240	IFX0111/JOB00227
IKJEFLB	0000	03:28:03	2800	IFX0111/JOB00227
ISDAPAD0	0008	03:28:03	3440	IFX0111/JOB00227
IGG1TN	0000	03:28:03	960	IFX0111/JOB00227
IGG0199G	0000	03:28:04	2080	IFX0111/JOB00227
ISTSDCCR	0000	03:28:04	640	IFX0111/JOB00227
ISTAPC35	0000	03:28:04	640	IFX0111/JOB00227
IEAVNP09	0012	03:28:05	1600	IFX0111/JOB00227
IRBMFRTR	0000	03:28:05	240	IFX0111/JOB00227
ISTZBMJA	0000	03:28:05	1200	IFX0111/JOB00227
IDCTSDL0	0000	03:28:05	1600	IFX0111/JOB00227
IGG0192S	0000	03:28:05	1600	IFX0111/JOB00227
IEDQWF1	0008	03:28:06	6480	IFX0111/JOB00227
ISTZLPV0	0000	03:28:07	320	IFX0111/JOB00227
IEAVNP1A	0012	03:28:07	15520	IFX0111/JOB00227
IECVXT2S	0012	03:28:07	640	IFX0111/JOB00227
IFDOLT54	0000	03:28:08	2960	IFX0111/JOB00227
BLSFLONE	0000	03:28:08	800	IFX0111/JOB00227
HMASMDRV	0000	03:28:08	26160	IFX0111/JOB00227
IHCGSP03	0012	03:28:09	2320	IFX0111/JOB00227
IEFDB450	0000	03:28:09	3760	IFX0111/JOB00227
BLSFERAS	0000	03:28:10	800	IFX0111/JOB00227
IKJEFA10	0000	03:28:10	6800	IFX0111/JOB00227
ISTINCVA	0000	03:28:02	13440	IFX0112/JOB00228
IEFATECB	0000	03:28:11	320	IFX0112/JOB00228
IDCCDSG	0000	03:28:11	320	IFX0112/JOB00228
ISTZBFOB	0000	03:28:11	960	IFX0112/JOB00228
IEFAB4F3	0000	03:28:12	1040	IFX0112/JOB00228
IGC1406F	0000	03:28:12	1200	IFX0112/JOB00228
IGG019VG	0000	03:28:12	1280	IFX0112/JOB00228
IEAVMSGS	0000	03:28:12	1040	IFX0112/JOB00228
IGG019FB	0000	03:28:13	560	IFX0112/JOB00228
ISTDCC30	0000	03:28:13	1920	IFX0112/JOB00228
IEDQ17	0000	03:28:13	1040	IFX0112/JOB00228
IEAVPREF	0008	03:28:13	2160	IFX0112/JOB00228
IKJEBELT	0000	03:28:14	2720	IFX0112/JOB00228
IGC0S05B	0000	03:28:14	3280	IFX0112/JOB00228
IEDQBE	0008	03:28:15	640	IFX0112/JOB00228
AHLTFOR	0000	03:28:16	5440	IFX0112/JOB00228
IEAVSWPC	0008	03:28:16	1040	IFX0112/JOB00228
IGC0Q05B	0000	03:28:16	1040	IFX0112/JOB00228
ISTZIFWB	0000	03:28:17	1360	IFX0112/JOB00228
IEDTEDIT	0000	03:28:17	4240	IFX0112/JOB00228
IDA0A05B	0000	03:28:17	12720	IFX0112/JOB00228
ISTZBFFA	0000	03:28:18	2160	IFX0112/JOB00228
ISTINCE0	0000	03:28:18	1680	IFX0112/JOB00228
IEHMVESI	0000	03:28:18	2080	IFX0112/JOB00228
IGG019C2	0000	03:28:19	1760	IFX0112/JOB00228
IEDQWI8	0008	03:28:10	1520	IFX0113/JOB00229
IERRGA	0000	03:28:19	320	IFX0113/JOB00229
AHLSBLOK	0000	03:28:20	1680	IFX0113/JOB00229
IEFNB9CT	0000	03:28:20	560	IFX0113/JOB00229
IEFJREAD	0000	03:28:20	640	IFX0113/JOB00229
ICGDSS99	0000	03:28:20	2000	IFX0113/JOB00229
IKJEFF07	0000	03:28:21	2800	IFX0113/JOB00229
AMDSAGTM	0000	03:28:21	720	IFX0113/JOB00229
IEAVEMIN	0000	03:28:21	1600	IFX0113/JOB00229
IKJEFT08	0000	03:28:21	6720	IFX0113/JOB00229
IEDQE8	0008	03:28:22	400	IFX0113/JOB00229
IKJEHDEF	0000	03:28:22	6000	IFX0113/JOB00229
IEFBB412	0000	03:28:23	1120	IFX0113/JOB00229
IEBISCAN	0000	03:28:23	11760	IFX0113/JOB00229
IGCD910D	0008	03:28:23	1760	IFX0113/JOB00229
ISTINCW0	0000	03:28:24	1840	IFX0113/JOB00229
IGG032I2	0008	03:28:24	1840	IFX0113/JOB00229
IGG019CH	0000	03:28:25	400	IFX0113/JOB00229
IKJEGSYM	0000	03:28:25	9200	IFX0113/JOB00229
IFDOLT05	0000	03:28:26	1200	IFX0113/JOB00229
ISTSQC0A	0000	03:28:27	960	IFX0113/JOB00229
IEFVHE	0000	03:28:27	1520	IFX0113/JOB00229
IEE0803D	0000	03:28:27	2080	IFX0113/JOB00229
ISTZIF0B	0000	03:28:28	5040	IFX0113/JOB00229
IGCC010D	0008	03:28:28	1680	IFX0113/JOB00229
IEEMB810	0000	03:31:07	2000	IFX0114/JOB00231
IFG0555B	0000	03:31:07	1840	IFX0114/JOB00231
BLSUTRMN	0000	03:31:09	880	IFX0114/JOB00231
IFDOLT12	0000	03:31:09	3520	IFX0114/JOB00231
IGC0005D	0000	03:31:09	960	IFX0114/JOB00231
IEDSCLU	0008	03:31:10	4880	IFX0114/JOB00231
IHJQRS23	0000	03:31:10	1200	IFX0114/JOB00231
IFG0232M	0000	03:31:10	2480	IFX0114/JOB00231
IEAVNP05	0012	03:31:11	22080	IFX0114/JOB00231
IGG019R4	0008	03:31:12	3040	IFX0114/JOB00231
IGFRWAC	0000	03:31:13	400	IFX0114/JOB00231
IERAGB	0000	03:31:13	1040	IFX0114/JOB00231
IGG0191V	0000	03:31:13	1520	IFX0114/JOB00231
IKJEBEPS	0000	03:31:14	400	IFX0114/JOB00231
IERAOT	0000	03:31:14	640	IFX0114/JOB00231
IKJEFD36	0000	03:31:14	2080	IFX0114/JOB00231
IGE0504A	0000	03:31:15	1440	IFX0114/JOB00231
IKTCAS22	0000	03:31:15	880	IFX0114/JOB00231
IEEMB828	0000	03:31:15	720	IFX0114/JOB00231
IFDOLT35	0000	03:31:15	2720	IFX0114/JOB00231
IFG0196K	0000	03:31:16	1280	IFX0114/JOB00231
ISTINCD2	0000	03:31:17	960	IFX0114/JOB00231
HMASMCMP	0000	03:31:17	1920	IFX0114/JOB00231
IDCMV01	0000	03:31:17	19680	IFX0114/JOB00231
BLSUSTAI	0000	03:31:18	880	IFX0114/JOB00231
AMDPRNUC	0000	03:31:07	3600	IFX0115/JOB00232
IGC1206F	0000	03:31:18	480	IFX0115/JOB00232
IGC0001I	0000	03:31:18	2880	IFX0115/JOB00232
IKJEFF02	0000	03:31:20	7520	IFX0115/JOB00232
IGCAT10D	0008	03:31:20	2800	IFX0115/JOB00232
IEDQAQ	0008	03:31:20	480	IFX0115/JOB00232
IEDQNA2	0008	03:31:20	1360	IFX0115/JOB00232
IGG0CLBF	0000	03:31:21	1200	IFX0115/JOB00232
IGC0905I	0000	03:31:21	2800	IFX0115/JOB00232
BLSRESSA	0000	03:31:21	480	IFX0115/JOB00232
AMDPRUIM	0000	03:31:22	5200	IFX0115/JOB00232
IEHDASDS	0008	03:31:22	6800	IFX0115/JOB00232
IDCTSLR0	0000	03:31:23	1760	IFX0115/JOB00232
IEDAYAB	0008	03:31:23	320	IFX0115/JOB00232
IGE0000I	0000	03:31:23	6080	IFX0115/JOB00232
IEAVBLDP	0008	03:31:24	1200	IFX0115/JOB00232
IFFAHA07	0012	03:31:24	2480	IFX0115/JOB00232
BLSRESGC	0000	03:31:24	960	IFX0115/JOB00232
ISDADCS1	0008	03:31:24	7200	IFX0115/JOB00232
HEWLDIOC	0000	03:31:25	8160	IFX0115/JOB00232
IDCMP01	0000	03:31:25	32000	IFX0115/JOB00232
IERROQ	0000	03:31:26	2560	IFX0115/JOB00232
IDCRD04	0000	03:31:26	9760	IFX0115/JOB00232
HMASMMPE	0008	03:31:27	24560	IFX0115/JOB00232
IDCRR01	0000	03:31:28	6480	IFX0115/JOB00232
ISTSC028	0000	03:31:18	560	IFX0116/JOB00233
IDDWIJRN	0000	03:31:28	2880	IFX0116/JOB00233
ICGDSA05	0000	03:31:28	3520	IFX0116/JOB00233
IEFIRECM	0000	03:31:29	1760	IFX0116/JOB00233
ISTZDFXR	0000	03:31:29	560	IFX0116/JOB00233
IGG09301	0000	03:31:29	1920	IFX0116/JOB00233
IKTVTPUT	0000	03:31:30	2160	IFX0116/JOB00233
IFCRFLO1	0000	03:31:30	20480	IFX0116/JOB00233
IFOX0E	0000	03:31:31	880	IFX0116/JOB00233
IEHDAOUT	0000	03:31:31	1440	IFX0116/JOB00233
IGFDI1	0000	03:31:32	2800	IFX0116/JOB00233
IERAOX	0000	03:31:32	320	IFX0116/JOB00233
IGG019M0	0000	03:31:32	560	IFX0116/JOB00233
ICBVQM00	0000	03:31:32	5760	IFX0116/JOB00233
IEDQWI9	0008	03:31:33	3440	IFX0116/JOB00233
IERRDI	0000	03:31:33	400	IFX0116/JOB00233
ISTZBFBB	0000	03:31:33	1920	IFX0116/JOB00233
IECTLOPN	0000	03:31:34	1280	IFX0116/JOB00233
HMASMCIL	0000	03:31:34	4720	IFX0116/JOB00233
IEAVXDOM	0000	03:31:34	2000	IFX0116/JOB00233
IFG0200Y	0000	03:31:35	2800	IFX0116/JOB00233
IGG019EM	0000	03:31:35	240	IFX0116/JOB00233
BNGIPCBX	0000	03:31:36	240	IFX0116/JOB00233
IEFAB481	0000	03:31:36	960	IFX0116/JOB00233
IGC00030	0000	03:31:36	2560	IFX0116/JOB00233
IFFACA07	0012	03:31:28	1440	IFX0117/JOB00234
IEDQKD	0008	03:31:37	3120	IFX0117/JOB00234
ISTINCL4	0000	03:31:38	2640	IFX0117/JOB00234
IKJEFF01	0000	03:31:38	1200	IFX0117/JOB00234
IEDQBV	0008	03:31:38	1200	IFX0117/JOB00234
IKJEBERU	0000	03:31:39	7520	IFX0117/JOB00234
IEAVNIPX	0012	03:31:39	6560	IFX0117/JOB00234
ISTZIFLB	0000	03:31:40	1760	IFX0117/JOB00234
HMBLKXRF	0000	03:31:40	15200	IFX0117/JOB00234
IEDQWK	0008	03:31:41	1760	IFX0117/JOB00234
IEAVADUS	0000	03:31:41	320	IFX0117/JOB00234
IKJEFA13	0000	03:31:41	5520	IFX0117/JOB00234
ISTSDCD3	0000	03:31:42	1680	IFX0117/JOB00234
IEAVTSIG	0000	03:31:42	480	IFX0117/JOB00234
IERRDR	0000	03:31:42	1200	IFX0117/JOB00234
ISTIC003	0000	03:31:42	3520	IFX0117/JOB00234
ISTINCRS	0000	03:31:43	1120	IFX0117/JOB00234
ISTZLFV0	0000	03:31:43	640	IFX0117/JOB00234
IEAVGTCL	0000	03:31:43	720	IFX0117/JOB00234
IEAVVRP2	0000	03:31:43	3120	IFX0117/JOB00234
IGG019DB	0000	03:31:44	1440	IFX0117/JOB00234
IEAVTJBN	0000	03:31:44	1600	IFX0117/JOB00234
IGE0604A	0000	03:31:44	640	IFX0117/JOB00234
AMDSYS06	0000	03:31:45	1440	IFX0117/JOB00234
IEAVTSDX	0008	03:31:45	10800	IFX0117/JOB00234
IEDRQIN	0008	03:31:37	5680	IFX0118/JOB00235
IEFAB430	0000	03:31:46	2400	IFX0118/JOB00235
IKJEFA11	0000	03:31:46	2640	IFX0118/JOB00235
IFNX4M	0000	03:31:46	5200	IFX0118/JOB00235
IEFBB414	0004	03:31:47	2160	IFX0118/JOB00235
ISTAICIR	0000	03:31:47	3760	IFX0118/JOB00235
ISTSC02B	0000	03:31:48	800	IFX0118/JOB00235
IEAVCSEG	0008	03:31:48	1760	IFX0118/JOB00235
ISTSEC21	0000	03:31:49	2320	IFX0118/JOB00235
IEDSCPSS	0008	03:31:49	640	IFX0118/JOB00235
ISTINCMR	0000	03:31:49	1120	IFX0118/JOB00235
IDCCDEC	0000	03:31:49	560	IFX0118/JOB00235
IGG0325E	0008	03:31:49	1760	IFX0118/JOB00235
IEAXPSIM	0000	03:31:50	320	IFX0118/JOB00235
IGC0010E	0000	03:31:50	1440	IFX0118/JOB00235
IGG019AB	0000	03:31:51	400	IFX0118/JOB00235
IGG0193Q	0000	03:31:51	2080	IFX0118/JOB00235
IGC0002B	0000	03:31:52	5120	IFX0118/JOB00235
HMASMTL2	0000	03:31:53	7440	IFX0118/JOB00235
HMASMTM4	0000	03:31:54	6000	IFX0118/JOB00235
IGG019MI	0000	03:31:54	480	IFX0118/JOB00235
HMASMMDR	0000	03:31:54	9120	IFX0118/JOB00235
IGG02035	0008	03:31:55	960	IFX0118/JOB00235
IFOX0G	0000	03:31:55	1200	IFX0118/JOB00235
IGG019AR	0000	03:31:56	560	IFX0118/JOB00235
HMASMTR1	0000	03:31:46	2640	IFX0119/JOB00236
ISTOCCSL	0000	03:31:57	560	IFX0119/JOB00236
IEFBB4M1	0000	03:31:57	560	IFX0119/JOB00236
IDA0192F	0000	03:31:57	11520	IFX0119/JOB00236
IEAVEEE2	0008	03:31:57	640	IFX0119/JOB00236
IFDMSG33	0000	03:31:58	1120	IFX0119/JOB00236
IEFAB493	0000	03:31:58	1840	IFX0119/JOB00236
IASXWR00	0000	03:31:58	800	IFX0119/JOB00236
AMDSAPGI	0000	03:31:59	1840	IFX0119/JOB00236
IEAVAX00	0000	03:32:00	3360	IFX0119/JOB00236
IGC0606H	0000	03:32:00	1600	IFX0119/JOB00236
IEAQWAIT	0000	03:32:00	400	IFX0119/JOB00236
IGC0006F	0000	03:32:01	1520	IFX0119/JOB00236
BLSEADPR	0000	03:32:01	10720	IFX0119/JOB00236
IGG0197M	0000	03:32:02	720	IFX0119/JOB00236
ISTSDCP1	0000	03:32:02	640	IFX0119/JOB00236
HMASMTPA	0000	03:32:02	15600	IFX0119/JOB00236
BLSFPARS	0000	03:32:03	2400	IFX0119/JOB00236
IFG0553H	0000	03:32:03	960	IFX0119/JOB00236
BLSRADDR	0000	03:32:04	1520	IFX0119/JOB00236
ISTINCQB	0000	03:32:04	1920	IFX0119/JOB00236
IFG0554L	0000	03:32:05	2480	IFX0119/JOB00236
IGG019KJ	0000	03:32:05	5840	IFX0119/JOB00236
IFCSXXX1	0000	03:32:06	11200	IFX0119/JOB00236
IGG0CLBG	0000	03:32:07	6800	IFX0119/JOB00236
IHJACP01	0000	03:34:41	1840	IFX0120/JOB00238
IEDAYZZ	0012	03:34:42	320	IFX0120/JOB00238
IGE0504H	0008	03:34:43	1920	IFX0120/JOB00238
ISTORMRL	0000	03:34:43	800	IFX0120/JOB00238
ICFBDF00	0000	03:34:44	7760	IFX0120/JOB00238
AMDSAMDM	0000	03:34:44	2800	IFX0120/JOB00238
IDCTP01	0000	03:34:44	14080	IFX0120/JOB00238
IFG0196M	0000	03:34:45	2080	IFX0120/JOB00238
IEAVESVC	0008	03:34:46	2960	IFX0120/JOB00238
IEDSCPDS	0008	03:34:46	640	IFX0120/JOB00238
IEAVAD01	0000	03:34:46	11760	IFX0120/JOB00238
IGE0010A	0000	03:34:47	1360	IFX0120/JOB00238
BLSUPRCL	0000	03:34:48	560	IFX0120/JOB00238
IKJCT469	0000	03:34:48	6480	IFX0120/JOB00238
IGE0104G	0008	03:34:48	1600	IFX0120/JOB00238
BLSRDUOP	0000	03:34:49	2320	IFX0120/JOB00238
IEDQAY	0008	03:34:49	1440	IFX0120/JOB00238
IFG0202E	0000	03:34:49	2080	IFX0120/JOB00238
IDCDU01	0000	03:34:50	21840	IFX0120/JOB00238
IEE5103D	0000	03:34:51	2240	IFX0120/JOB00238
IFFANA	0000	03:34:51	1200	IFX0120/JOB00238
ISTINCV3	0000	03:34:52	1520	IFX0120/JOB00238
IKJEBEDC	0000	03:34:52	1600	IFX0120/JOB00238
IEFBB4M2	0000	03:34:52	3120	IFX0120/JOB00238
IEFAB4F0	0000	03:34:52	1600	IFX0120/JOB00238
BLSRACCL	0000	03:34:42	1040	IFX0121/JOB00239
IDCTSCV0	0000	03:34:53	1520	IFX0121/JOB00239
IEE10110	0000	03:34:53	1920	IFX0121/JOB00239
IGG019FS	0000	03:34:53	1600	IFX0121/JOB00239
ISTZBFNE	0000	03:34:54	1040	IFX0121/JOB00239
IEFTB722	0000	03:34:54	5040	IFX0121/JOB00239
IEDQNT	0008	03:34:55	1760	IFX0121/JOB00239
HMBLKOBJ	0000	03:34:55	6160	IFX0121/JOB00239
ICGDSB16	0000	03:34:55	1360	IFX0121/JOB00239
BLSVASCB	0000	03:34:56	5040	IFX0121/JOB00239
IEHDVTOC	0008	03:34:56	5120	IFX0121/JOB00239
IGG019LE	0000	03:34:56	1360	IFX0121/JOB00239
IKT0009C	0000	03:34:57	1280	IFX0121/JOB00239
IEFAB438	0000	03:34:57	480	IFX0121/JOB00239
IGG0940D	0000	03:34:57	320	IFX0121/JOB00239
BLSRSAGE	0000	03:34:58	560	IFX0121/JOB00239
IGC0H10D	0008	03:34:58	3440	IFX0121/JOB00239
IEHDPASS	0008	03:34:58	8800	IFX0121/JOB00239
IRBMFANL	0000	03:34:59	1040	IFX0121/JOB00239
IEAVAD11	0000	03:34:59	1040	IFX0121/JOB00239
IECIHIO	0008	03:34:59	2800	IFX0121/JOB00239
IECVXVRU	0012	03:35:00	240	IFX0121/JOB00239
BLSUVSCL	0000	03:35:00	560	IFX0121/JOB00239
ISTINMAL	0000	03:35:00	1040	IFX0121/JOB00239
IEBISPL	0000	03:35:01	3200	IFX0121/JOB00239
IERRCX	0000	03:34:53	800	IFX0122/JOB00240
IFFAEA04	0012	03:35:01	1680	IFX0122/JOB00240
IGG019ML	0000	03:35:02	400	IFX0122/JOB00240
ISTINCD5	0000	03:35:02	1680	IFX0122/JOB00240
IKJEFE16	0000	03:35:02	720	IFX0122/JOB00240
IKJRBBU0	0000	03:35:02	11520	IFX0122/JOB00240
IDCRS07	0000	03:35:03	14800	IFX0122/JOB00240
IEFVGM9	0000	03:35:03	560	IFX0122/JOB00240
AHLTSYFL	0000	03:35:04	2960	IFX0122/JOB00240
IEDAYH	0008	03:35:04	2320	IFX0122/JOB00240
IEDMVBFR	0008	03:35:05	960	IFX0122/JOB00240
IEESB605	0000	03:35:05	4240	IFX0122/JOB00240
IGCV410D	0008	03:35:06	1360	IFX0122/JOB00240
IEBDISKT	0000	03:35:06	32800	IFX0122/JOB00240
IDCCDRS	0000	03:35:07	3040	IFX0122/JOB00240
ISTZDFH0	0000	03:35:07	1040	IFX0122/JOB00240
IEAVAR07	0000	03:35:07	1200	IFX0122/JOB00240
IGCAD10D	0008	03:35:08	1680	IFX0122/JOB00240
IFG0558X	0000	03:35:08	720	IFX0122/JOB00240
IEDQKA	0008	03:35:09	7040	IFX0122/JOB00240
IGG019I1	0000	03:35:09	5680	IFX0122/JOB00240
BLSRRACR	0000	03:35:10	1920	IFX0122/JOB00240
ICBVMS00	0000	03:35:10	17440	IFX0122/JOB00240
IEFAB470	0000	03:35:11	1360	IFX0122/JOB00240
IFDMSG00	0000	03:35:11	4960	IFX0122/JOB00240
IDA0192W	0000	03:35:01	3920	IFX0123/JOB00241
ISTZBFXA	0000	03:35:12	480	IFX0123/JOB00241
IFCSXXX2	0000	03:35:12	11280	IFX0123/JOB00241
IEDQWIE	0008	03:35:13	5280	IFX0123/JOB00241
IGG0290A	0008	03:35:13	2560	IFX0123/JOB00241
IERRBA	0000	03:35:14	640	IFX0123/JOB00241
ISDADRC1	0008	03:35:14	3280	IFX0123/JOB00241
IEFDB480	0000	03:35:15	2000	IFX0123/JOB00241
IEBFDTBL	0000	03:35:15	4080	IFX0123/JOB00241
IEFDSTBL	0000	03:35:15	1360	IFX0123/JOB00241
ISTSC02A	0000	03:35:16	1440	IFX0123/JOB00241
HMASMTBL	0000	03:35:16	6880	IFX0123/JOB00241
HMASMMPD	0000	03:35:16	2880	IFX0123/JOB00241
IFCS0135	0000	03:35:16	2000	IFX0123/JOB00241
IFFACA50	0012	03:35:17	880	IFX0123/JOB00241
IEFVGM76	0000	03:35:17	880	IFX0123/JOB00241
IEFDB418	0000	03:35:17	2880	IFX0123/JOB00241
IEEDISPD	0000	03:35:17	3520	IFX0123/JOB00241
AHLTTAB	0000	03:35:18	2160	IFX0123/JOB00241
IRBMFRWR	0000	03:35:18	9360	IFX0123/JOB00241
ISDAEQC0	0008	03:35:18	2880	IFX0123/JOB00241
ISTINCCL	0000	03:35:19	10000	IFX0123/JOB00241
IGG01910	0000	03:35:19	1360	IFX0123/JOB00241
IERRCH	0000	03:35:20	4480	IFX0123/JOB00241
IEBFDANL	0000	03:35:20	5120	IFX0123/JOB00241
IGG01948	0008	03:35:11	1280	IFX0124/JOB00242
IEAVTFRT	0000	03:35:21	1680	IFX0124/JOB00242
IEAVERER	0000	03:35:21	320	IFX0124/JOB00242
IKJEGGO	0000	03:35:22	4320	IFX0124/JOB00242
IDCTSBI0	0000	03:35:22	2400	IFX0124/JOB00242
IEEMB824	0000	03:35:23	2000	IFX0124/JOB00242
IHJACP25	0000	03:35:23	3120	IFX0124/JOB00242
IEDQWEC	0008	03:35:24	1520	IFX0124/JOB00242
IKT3270I	0000	03:35:24	4720	IFX0124/JOB00242
IGG09405	0000	03:35:24	320	IFX0124/JOB00242
BLSSSGTE	0000	03:35:24	1760	IFX0124/JOB00242
IEFAB477	0000	03:35:25	3840	IFX0124/JOB00242
IFG0195A	0000	03:35:25	1360	IFX0124/JOB00242
ISTINCL6	0000	03:35:26	720	IFX0124/JOB00242
IGFPNSAV	0000	03:35:26	800	IFX0124/JOB00242
IKJEGINT	0000	03:35:26	7600	IFX0124/JOB00242
IFDMSGAJ	0000	03:35:28	1600	IFX0124/JOB00242
ISTINCX3	0000	03:35:28	2880	IFX0124/JOB00242
IGG09402	0000	03:35:28	720	IFX0124/JOB00242
IERRCS	0000	03:35:28	6160	IFX0124/JOB00242
IGC0910D	0008	03:35:29	1600	IFX0124/JOB00242
IGG019CD	0000	03:35:29	1200	IFX0124/JOB00242
HMASMUXC	0000	03:35:30	4080	IFX0124/JOB00242
BLSSPRIV	0000	03:35:30	1040	IFX0124/JOB00242
ISTZFMV0	0000	03:35:30	320	IFX0124/JOB00242
IGCA210D	0008	03:35:21	2080	IFX0125/JOB00243
IEAVADFM	0000	03:35:31	320	IFX0125/JOB00243
HMBLKLDM	0000	03:35:31	6000	IFX0125/JOB00243
IGG019P9	0008	03:35:31	560	IFX0125/JOB00243
IEFNB9IT	0000	03:35:31	560	IFX0125/JOB00243
IEFXB601	0000	03:35:32	10320	IFX0125/JOB00243
ICGDSB08	0000	03:35:32	5280	IFX0125/JOB00243
IEDQWY	0008	03:35:33	1280	IFX0125/JOB00243
IEDQFA2	0008	03:35:33	9120	IFX0125/JOB00243
IEECVFTN	0000	03:35:34	1120	IFX0125/JOB00243
IKJCT432	0000	03:35:34	12640	IFX0125/JOB00243
IKJL4T00	0000	03:35:35	1280	IFX0125/JOB00243
IGG019BI	0000	03:35:35	480	IFX0125/JOB00243
IGG0290B	0008	03:35:35	1840	IFX0125/JOB00243
IKTCAS00	0000	03:35:36	5200	IFX0125/JOB00243
IEFAB466	0000	03:35:36	2080	IFX0125/JOB00243
HMBLKIDR	0000	03:35:37	10160	IFX0125/JOB00243
IEFVINA	0000	03:35:37	2880	IFX0125/JOB00243
IEDAYF	0008	03:35:38	1040	IFX0125/JOB00243
IGFDR0	0000	03:35:38	2160	IFX0125/JOB00243
IEDQGH	0008	03:35:39	4160	IFX0125/JOB00243
BLSRFIND	0000	03:35:39	7120	IFX0125/JOB00243
IEDQHI	0008	03:35:40	1280	IFX0125/JOB00243
IGG019HI	0000	03:35:40	1920	IFX0125/JOB00243
IGG01922	0000	03:35:41	1680	IFX0125/JOB00243
ILRSRBC	0008	03:38:23	1840	IFX0126/JOB00245
IEBGEN03	0000	03:38:23	6640	IFX0126/JOB00245
IDA019RB	0000	03:38:24	1280	IFX0126/JOB00245
IDCTSCH0	0000	03:38:24	6160	IFX0126/JOB00245
IKT0940A	0000	03:38:25	720	IFX0126/JOB00245
IDCTSLM0	0000	03:38:25	4720	IFX0126/JOB00245
IECLMSGU	0000	03:38:25	2560	IFX0126/JOB00245
IGG019P7	0000	03:38:25	320	IFX0126/JOB00245
IER9DJ	0000	03:38:26	480	IFX0126/JOB00245
IGCMU10D	0008	03:38:26	1120	IFX0126/JOB00245
IEDQE2	0008	03:38:26	640	IFX0126/JOB00245
IDA019RZ	0000	03:38:26	2400	IFX0126/JOB00245
IEAVMED2	0000	03:38:26	3600	IFX0126/JOB00245
ISTZFM1F	0000	03:38:27	1280	IFX0126/JOB00245
ICKTSIO0	0000	03:38:27	1280	IFX0126/JOB00245
IGC0006I	0000	03:38:27	1840	IFX0126/JOB00245
HMASMCPL	0000	03:38:28	14320	IFX0126/JOB00245
IGG019BB	0000	03:38:28	960	IFX0126/JOB00245
IDA019RV	0000	03:38:28	3920	IFX0126/JOB00245
ISTZEMEA	0000	03:38:29	1920	IFX0126/JOB00245
IGE0025F	0000	03:38:29	1760	IFX0126/JOB00245
ISTVTLOD	0000	03:38:29	10000	IFX0126/JOB00245
IFG0551D	0000	03:38:29	1600	IFX0126/JOB00245
IGG019HB	0000	03:38:30	6960	IFX0126/JOB00245
IGC018	0008	03:38:30	5840	IFX0126/JOB00245
ISTZBFHA	0000	03:38:23	720	IFX0127/JOB00246
IFCNFPDR	0000	03:38:31	32160	IFX0127/JOB00246
IECVXSKN	0008	03:38:32	400	IFX0127/JOB00246
ISTDCC41	0000	03:38:32	960	IFX0127/JOB00246
BLSUDYNA	0000	03:38:32	640	IFX0127/JOB00246
ISTRACTL	0000	03:38:33	1440	IFX0127/JOB00246
IEHLIST1	0000	03:38:33	24320	IFX0127/JOB00246
IGG0CLBX	0000	03:38:34	6000	IFX0127/JOB00246
IEAVTRV	0008	03:38:34	480	IFX0127/JOB00246
IGG019RF	0008	03:38:34	1920	IFX0127/JOB00246
IFG0192A	0000	03:38:35	2320	IFX0127/JOB00246
IDCTSSD0	0000	03:38:36	1280	IFX0127/JOB00246
IGG019PK	0000	03:38:36	560	IFX0127/JOB00246
IEFAB433	0000	03:38:37	3360	IFX0127/JOB00246
IFFAJA02	0012	03:38:37	1120	IFX0127/JOB00246
IFG0554N	0000	03:38:37	1680	IFX0127/JOB00246
BLSDENQP	0000	03:38:38	640	IFX0127/JOB00246
IEFBB402	0000	03:38:38	2320	IFX0127/JOB00246
IKJEFTSC	0000	03:38:38	5760	IFX0127/JOB00246
ISDALOG0	0008	03:38:38	1840	IFX0127/JOB00246
IGG0CLAO	0000	03:38:39	3680	IFX0127/JOB00246
IKJEFT54	0000	03:38:39	1440	IFX0127/JOB00246
IFFPPASG	0000	03:38:39	1280	IFX0127/JOB00246
IGCM910D	0008	03:38:39	1760	IFX0127/JOB00246
IRBMFRPR	0000	03:38:40	21440	IFX0127/JOB00246
IEE0003D	0000	03:38:31	1360	IFX0128/JOB00247
IFFAHA01	0012	03:38:40	2320	IFX0128/JOB00247
IERABK	0000	03:38:41	320	IFX0128/JOB00247
IGG019CE	0000	03:38:41	880	IFX0128/JOB00247
ISTCSCCL	0000	03:38:41	2320	IFX0128/JOB00247
IERRC3	0000	03:38:42	480	IFX0128/JOB00247
IFDMSG03	0000	03:38:42	2160	IFX0128/JOB00247
IGG01992	0000	03:38:42	1200	IFX0128/JOB00247
IKJEGMAP	0000	03:38:43	3120	IFX0128/JOB00247
IGG0325T	0008	03:38:44	1840	IFX0128/JOB00247
IFDOLT26	0000	03:38:45	1840	IFX0128/JOB00247
IERADC	0000	03:38:45	400	IFX0128/JOB00247
AHLTEXT	0000	03:38:46	2880	IFX0128/JOB00247
ISTINCY1	0000	03:38:46	880	IFX0128/JOB00247
IFCSXXX4	0000	03:38:47	15440	IFX0128/JOB00247
IRBMFCNV	0000	03:38:49	4080	IFX0128/JOB00247
IEAVTMTR	0000	03:38:49	320	IFX0128/JOB00247
IEFVGM15	0000	03:38:49	480	IFX0128/JOB00247
IDCAU01	0000	03:38:49	5200	IFX0128/JOB00247
IGG029DU	0000	03:38:50	320	IFX0128/JOB00247
IECLMSGC	0000	03:38:50	2080	IFX0128/JOB00247
IGG019T3	0000	03:38:51	720	IFX0128/JOB00247
IEDQBJ	0008	03:38:51	560	IFX0128/JOB00247
IGG01919	0000	03:38:51	1200	IFX0128/JOB00247
IEAVSWCH	0000	03:38:52	16080	IFX0128/JOB00247
IKJEFD33	0000	03:38:40	2720	IFX0129/JOB00248
BLSUPARI	0000	03:38:54	800	IFX0129/JOB00248
IFG0EX0A	0000	03:38:54	240	IFX0129/JOB00248
IEAVTRET	0000	03:38:54	5520	IFX0129/JOB00248
HMASMLKI	0000	03:38:54	9840	IFX0129/JOB00248
IGG019KL	0000	03:38:55	1040	IFX0129/JOB00248
IGCV810D	0008	03:38:55	3520	IFX0129/JOB00248
IGC0106H	0000	03:38:56	1200	IFX0129/JOB00248
ISTOCCSA	0000	03:38:56	1440	IFX0129/JOB00248
ISTSDCCA	0000	03:38:56	640	IFX0129/JOB00248
IGG019PH	0000	03:38:56	400	IFX0129/JOB00248
IGFDS0	0000	03:38:57	1600	IFX0129/JOB00248
IDCCO01	0000	03:38:57	17120	IFX0129/JOB00248
IDCTSAV0	0000	03:38:57	1120	IFX0129/JOB00248
IGC0006H	0000	03:38:58	1120	IFX0129/JOB00248
IGG0CLCF	0000	03:38:58	4000	IFX0129/JOB00248
BLSU	0000	03:38:59	3680	IFX0129/JOB00248
ISTZIFDB	0000	03:38:59	2640	IFX0129/JOB00248
IFNX2A	0000	03:38:59	8400	IFX0129/JOB00248
IFG0554P	0000	03:39:01	2320	IFX0129/JOB00248
IEBWSU	0008	03:39:01	4480	IFX0129/JOB00248
IFFPLARE	0000	03:39:02	1520	IFX0129/JOB00248
IERAOI	0000	03:39:02	560	IFX0129/JOB00248
IEFNB9CR	0000	03:39:02	1280	IFX0129/JOB00248
BLSUMONA	0000	03:39:03	1360	IFX0129/JOB00248
IFDOLT11	0000	03:38:53	640	IFX0130/JOB00249
IGFPWMSG	0000	03:39:03	3040	IFX0130/JOB00249
IEFAB4A4	0000	03:39:03	5280	IFX0130/JOB00249
IEESB670	0000	03:39:04	2080	IFX0130/JOB00249
BLSELPDR	0000	03:39:04	7200	IFX0130/JOB00249
IEDQWP2	0008	03:39:05	1680	IFX0130/JOB00249
IGG019CF	0000	03:39:05	1120	IFX0130/JOB00249
ISTNMC6S	0000	03:39:05	800	IFX0130/JOB00249
ILRTMI00	0000	03:39:06	8320	IFX0130/JOB00249
ICKAN02	0000	03:39:07	10400	IFX0130/JOB00249
BLSFSL00	0000	03:39:07	720	IFX0130/JOB00249
IGG019BR	0000	03:39:07	3360	IFX0130/JOB00249
IGG019GN	0000	03:39:08	5760	IFX0130/JOB00249
IGG09403	0000	03:39:08	400	IFX0130/JOB00249
IEFJWTOM	0000	03:39:08	1040	IFX0130/JOB00249
IGC0906H	0000	03:39:09	1680	IFX0130/JOB00249
IKJEFA52	0000	03:39:09	1840	IFX0130/JOB00249
IERROF	0000	03:39:09	2560	IFX0130/JOB00249
IEAVEMS0	0008	03:39:10	1040	IFX0130/JOB00249
IEAVTFMT	0000	03:39:10	8080	IFX0130/JOB00249
ICKTSTP0	0000	03:39:10	2800	IFX0130/JOB00249
IEAVEE2R	0000	03:39:10	320	IFX0130/JOB00249
IGG0192B	0000	03:39:11	1520	IFX0130/JOB00249
IERRPM	0000	03:39:11	880	IFX0130/JOB00249
IECVHDET	0012	03:39:11	1920	IFX0130/JOB00249
IFG0195H	0000	03:39:03	1920	IFX0131/JOB00250
IEESO03D	0000	03:39:12	1120	IFX0131/JOB00250
IEDQW47	0008	03:39:13	1440	IFX0131/JOB00250
ISTINCMS	0000	03:39:13	3680	IFX0131/JOB00250
BLSEAUTH	0000	03:39:13	800	IFX0131/JOB00250
AMDPRSCN	0000	03:39:14	7840	IFX0131/JOB00250
BLSSCVT2	0000	03:39:14	960	IFX0131/JOB00250
IDCTSRR0	0000	03:39:14	960	IFX0131/JOB00250
AHLTXSYS	0000	03:39:14	4480	IFX0131/JOB00250
IRBMFRSR	0000	03:39:15	240	IFX0131/JOB00250
IFFAFA04	0012	03:39:15	2480	IFX0131/JOB00250
IERABG	0000	03:39:15	400	IFX0131/JOB00250
IEDQAR	0008	03:39:16	400	IFX0131/JOB00250
IEAVMWSV	0000	03:39:16	4080	IFX0131/JOB00250
IGG0CLBS	0000	03:39:16	5360	IFX0131/JOB00250
HMASMTPS	0000	03:39:17	1520	IFX0131/JOB00250
ISTDCC22	0000	03:39:17	1600	IFX0131/JOB00250
IEAVVINT	0000	03:39:17	2800	IFX0131/JOB00250
IDCRD07	0000	03:39:18	24800	IFX0131/JOB00250
IGE0001F	0000	03:39:18	960	IFX0131/JOB00250
IEAVGFA	0008	03:39:18	8800	IFX0131/JOB00250
IEDQFW	0008	03:39:19	4640	IFX0131/JOB00250
IEEVSND8	0000	03:39:20	2000	IFX0131/JOB00250
IEBISSO	0000	03:39:20	1680	IFX0131/JOB00250
IDCRP01	0000	03:39:21	17040	IFX0131/JOB00250
ICKSA08	0000	03:41:47	3600	IFX0132/JOB00252
ISTSDCLU	0000	03:41:48	3360	IFX0132/JOB00252
ISTIC007	0000	03:41:48	2160	IFX0132/JOB00252
ISTZCFCI	0000	03:41:48	560	IFX0132/JOB00252
IEFTB720	0000	03:41:49	800	IFX0132/JOB00252
IEHPROG2	0000	03:41:49	7200	IFX0132/JOB00252
IEFSD166	0000	03:41:49	2080	IFX0132/JOB00252
IGCT010D	0008	03:41:50	2720	IFX0132/JOB00252
IGC0J05B	0008	03:41:50	1040	IFX0132/JOB00252
IKJEHCIR	0000	03:41:50	5520	IFX0132/JOB00252
IFCELEX1	0000	03:41:51	41680	IFX0132/JOB00252
IFDOLT14	0000	03:41:53	2800	IFX0132/JOB00252
IGE0204B	0000	03:41:53	880	IFX0132/JOB00252
IEDQA0	0008	03:41:54	480	IFX0132/JOB00252
IFCT1204	0000	03:41:54	5840	IFX0132/JOB00252
IEAVTFTM	0000	03:41:54	5920	IFX0132/JOB00252
IGG019G3	0000	03:41:54	3920	IFX0132/JOB00252
IKJEFF56	0000	03:41:55	1200	IFX0132/JOB00252
IERAGL	0000	03:41:55	880	IFX0132/JOB00252
IGC0N05B	0000	03:41:55	3280	IFX0132/JOB00252
IGE0204A	0000	03:41:56	1200	IFX0132/JOB00252
IGG0199K	0000	03:41:57	1920	IFX0132/JOB00252
IEFBB416	0000	03:41:57	7520	IFX0132/JOB00252
IFG0553C	0000	03:41:58	560	IFX0132/JOB00252
IEFAB4E8	0000	03:41:59	2240	IFX0132/JOB00252
IEWFTMIN	0000	03:41:47	1920	IFX0133/JOB00253
IEFAB4E1	0000	03:41:59	640	IFX0133/JOB00253
BLSUVPVA	0000	03:41:59	720	IFX0133/JOB00253
IEHMVMTL	0000	03:42:00	1280	IFX0133/JOB00253
IGC0510D	0008	03:42:00	1680	IFX0133/JOB00253
IFFAFA06	0012	03:42:00	640	IFX0133/JOB00253
IEFSD164	0000	03:42:00	2400	IFX0133/JOB00253
IGG01939	0008	03:42:01	1280	IFX0133/JOB00253
IRBMFSAR	0000	03:42:01	2000	IFX0133/JOB00253
IEAVRTI0	0008	03:42:01	6000	IFX0133/JOB00253
IFCFMTIO	0000	03:42:02	2000	IFX0133/JOB00253
IEFSCAN	0000	03:42:03	800	IFX0133/JOB00253
IEHMVSTL	0000	03:42:03	4560	IFX0133/JOB00253
BLSCGMF	0000	03:42:04	1360	IFX0133/JOB00253
IRARMCTL	0008	03:42:04	6000	IFX0133/JOB00253
IDCSA01	0000	03:42:04	7440	IFX0133/JOB00253
IGC0010D	0008	03:42:05	2400	IFX0133/JOB00253
IERDM4	0000	03:42:05	400	IFX0133/JOB00253
IEBTCR03	0000	03:42:05	1840	IFX0133/JOB00253
IEAVAMSI	0008	03:42:06	4880	IFX0133/JOB00253
HMASMDC2	0000	03:42:06	10640	IFX0133/JOB00253
IKJEFE11	0000	03:42:07	3040	IFX0133/JOB00253
ISTSC022	0000	03:42:07	2640	IFX0133/JOB00253
IERABL	0000	03:42:07	320	IFX0133/JOB00253
HMASMTMW	0000	03:42:07	5200	IFX0133/JOB00253
IDDWIFRR	0000	03:41:59	2480	IFX0134/JOB00254
IGG019KE	0000	03:42:08	720	IFX0134/JOB00254
IGCA710D	0008	03:42:08	1040	IFX0134/JOB00254
IGG019M4	0000	03:42:09	480	IFX0134/JOB00254
IEE11110	0000	03:42:09	1520	IFX0134/JOB00254
IGG0196A	0000	03:42:09	1920	IFX0134/JOB00254
IEAVDLAS	0008	03:42:10	1920	IFX0134/JOB00254
BLSUMTOD	0000	03:42:11	960	IFX0134/JOB00254
IFG0200N	0000	03:42:11	2480	IFX0134/JOB00254
IGG0553B	0008	03:42:11	1600	IFX0134/JOB00254
IGC0007E	0000	03:42:12	1360	IFX0134/JOB00254
IFDOLT06	0000	03:42:12	2080	IFX0134/JOB00254
IEHINITT	0000	03:42:12	5520	IFX0134/JOB00254
IFCSXXXX	0000	03:42:13	8880	IFX0134/JOB00254
IDCTSSV0	0000	03:42:14	640	IFX0134/JOB00254
IEDQWP1	0008	03:42:14	1760	IFX0134/JOB00254
ISTINCLF	0000	03:42:14	4400	IFX0134/JOB00254
IGG2G11	0000	03:42:15	1760	IFX0134/JOB00254
IFFPEAGR	0000	03:42:15	2080	IFX0134/JOB00254
IEDNMG	0000	03:42:15	1840	IFX0134/JOB00254
ICKCDIN	0000	03:42:15	2080	IFX0134/JOB00254
IERRDG	0000	03:42:15	640	IFX0134/JOB00254
IGCM710D	0008	03:42:16	1520	IFX0134/JOB00254
IEDQAB	0008	03:42:16	320	IFX0134/JOB00254
IGE0010D	0000	03:42:16	1040	IFX0134/JOB00254
IEHDRCVR	0008	03:42:08	3840	IFX0135/JOB00255
IGG019HL	0000	03:42:17	1120	IFX0135/JOB00255
IFDOLT46	0000	03:42:17	2880	IFX0135/JOB00255
IKJEGLSA	0000	03:42:18	7520	IFX0135/JOB00255
BLSUMPKN	0000	03:42:18	1760	IFX0135/JOB00255
IGG0191F	0000	03:42:19	1680	IFX0135/JOB00255
IERRCO	0000	03:42:19	480	IFX0135/JOB00255
AHLTPID	0000	03:42:20	5440	IFX0135/JOB00255
ISTAUCAT	0000	03:42:20	240	IFX0135/JOB00255
IGCFG10D	0008	03:42:20	2000	IFX0135/JOB00255
IEFJSWT	0000	03:42:21	1760	IFX0135/JOB00255
IGG019OB	0000	03:42:22	720	IFX0135/JOB00255
ISTCFCPO	0000	03:42:22	960	IFX0135/JOB00255
IRBMFMLN	0000	03:42:22	880	IFX0135/JOB00255
IGFPMRTM	0000	03:42:22	720	IFX0135/JOB00255
IGG0CLBY	0000	03:42:23	3920	IFX0135/JOB00255
ISTINCX7	0000	03:42:23	880	IFX0135/JOB00255
IGCT1081	0000	03:42:23	5840	IFX0135/JOB00255
IGG01949	0008	03:42:23	2240	IFX0135/JOB00255
IKJEFLJ	0000	03:42:24	1440	IFX0135/JOB00255
IEECB860	0000	03:42:24	2000	IFX0135/JOB00255
ISTSDCTM	0000	03:42:24	7520	IFX0135/JOB00255
IEECVFT1	0000	03:42:25	880	IFX0135/JOB00255
IDCCDPR	0000	03:42:25	5280	IFX0135/JOB00255
IERRCP	0000	03:42:25	1760	IFX0135/JOB00255
HMASMTSB	0000	03:42:17	8000	IFX0136/JOB00256
ISTSC024	0000	03:42:26	6400	IFX0136/JOB00256
IFCEXXXF	0000	03:42:27	11680	IFX0136/JOB00256
AKJLKL01	0000	03:42:27	14800	IFX0136/JOB00256
ISTINCE2	0000	03:42:29	560	IFX0136/JOB00256
IKJEBEDO	0008	03:42:29	1600	IFX0136/JOB00256
IGG019JX	0000	03:42:30	1280	IFX0136/JOB00256
IGG08114	0000	03:42:30	2640	IFX0136/JOB00256
IEAVEIPR	0008	03:42:30	480	IFX0136/JOB00256
IERRGM	0000	03:42:30	1360	IFX0136/JOB00256
IEAVGM00	0008	03:42:31	18640	IFX0136/JOB00256
IEECB900	0000	03:42:32	3040	IFX0136/JOB00256
IERRPG	0000	03:42:32	1440	IFX0136/JOB00256
IEAVLK00	0008	03:42:32	6560	IFX0136/JOB00256
BLSUPGMC	0000	03:42:33	560	IFX0136/JOB00256
IEAVRTI1	0000	03:42:33	5920	IFX0136/JOB00256
IGC0M05B	0000	03:42:34	2960	IFX0136/JOB00256
HEWLFMAP	0000	03:42:35	6000	IFX0136/JOB00256
IEAVVCTR	0008	03:42:35	1360	IFX0136/JOB00256
IKJEFF19	0000	03:42:36	11360	IFX0136/JOB00256
IEDQE3	0008	03:42:36	560	IFX0136/JOB00256
IGC0009C	0000	03:42:37	3280	IFX0136/JOB00256
IDCCDCN	0000	03:42:37	1200	IFX0136/JOB00256
IDCCDPM	0000	03:42:38	3680	IFX0136/JOB00256
BNGIEXIT	0012	03:42:38	2560	IFX0136/JOB00256
IKT0940C	0000	03:42:26	640	IFX0137/JOB00257
IGG0CLBR	0000	03:42:39	2800	IFX0137/JOB00257
IGG019PB	0000	03:42:39	400	IFX0137/JOB00257
IGG019RR	0000	03:42:39	320	IFX0137/JOB00257
ICGDSS02	0000	03:42:39	4160	IFX0137/JOB00257
IERRCQ	0000	03:42:40	6080	IFX0137/JOB00257
ICFBIX00	0000	03:42:40	240	IFX0137/JOB00257
IGG1XN	0000	03:42:40	960	IFX0137/JOB00257
IGCAE10D	0008	03:42:40	1280	IFX0137/JOB00257
IEECVETJ	0000	03:42:41	2000	IFX0137/JOB00257
IFFAJA01	0000	03:42:41	640	IFX0137/JOB00257
IEAVNP16	0012	03:42:41	3360	IFX0137/JOB00257
IGG019T5	0000	03:42:41	880	IFX0137/JOB00257
IEFVINC	0000	03:42:42	800	IFX0137/JOB00257
IEDQ20	0000	03:42:42	1040	IFX0137/JOB00257
ISTDCC31	0000	03:42:42	1520	IFX0137/JOB00257
IEFIB620	0000	03:42:42	1600	IFX0137/JOB00257
IKJEFLI	0000	03:42:43	7520	IFX0137/JOB00257
IEHDINIT	0008	03:42:43	2880	IFX0137/JOB00257
IFDOLT04	0000	03:42:44	1120	IFX0137/JOB00257
IEHDIPLI	0008	03:42:44	3680	IFX0137/JOB00257
IFCSNAGO	0000	03:42:45	8320	IFX0137/JOB00257
IEAVELK	0008	03:42:45	7200	IFX0137/JOB00257
HMASMTL3	0000	03:42:46	1120	IFX0137/JOB00257
IGG3RN	0000	03:42:46	1120	IFX0137/JOB00257
ISTINCDP	0000	03:45:26	1760	IFX0138/JOB00259
IEFDB411	0000	03:45:26	5360	IFX0138/JOB00259
IGG0202N	0000	03:45:26	880	IFX0138/JOB00259
IGG0192E	0000	03:45:27	1600	IFX0138/JOB00259
IEE2903D	0000	03:45:27	4240	IFX0138/JOB00259
IFG0193D	0000	03:45:28	2640	IFX0138/JOB00259
IGG019R1	0008	03:45:29	1920	IFX0138/JOB00259
IEE6303D	0000	03:45:29	2560	IFX0138/JOB00259
IEECB906	0000	03:45:29	2000	IFX0138/JOB00259
IEAVEIOR	0000	03:45:30	320	IFX0138/JOB00259
IKJEFLE	0000	03:45:30	15280	IFX0138/JOB00259
IKJEFF18	0000	03:45:31	16880	IFX0138/JOB00259
IGG0191S	0000	03:45:32	1440	IFX0138/JOB00259
IEAVTPER	0012	03:45:33	1840	IFX0138/JOB00259
IEESB601	0000	03:45:33	1920	IFX0138/JOB00259
IEDAYP	0008	03:45:34	880	IFX0138/JOB00259
ICBVDR00	0000	03:45:34	2800	IFX0138/JOB00259
ISTAPC54	0000	03:45:34	1120	IFX0138/JOB00259
IDACAT21	0000	03:45:35	7680	IFX0138/JOB00259
HMASMMPV	0008	03:45:35	3840	IFX0138/JOB00259
IEFDB4FB	0000	03:45:35	720	IFX0138/JOB00259
IGFPXMFA	0000	03:45:35	1040	IFX0138/JOB00259
IKJEES20	0008	03:45:36	2480	IFX0138/JOB00259
IEE7803D	0000	03:45:36	1120	IFX0138/JOB00259
IFFAFA08	0012	03:45:36	1600	IFX0138/JOB00259
IGCMD10D	0008	03:45:26	1440	IFX0139/JOB00260
BLSFAD00	0000	03:45:37	5440	IFX0139/JOB00260
IGE0011C	0000	03:45:37	1760	IFX0139/JOB00260
IFDOLT48	0000	03:45:38	4080	IFX0139/JOB00260
IEBEDIT	0000	03:45:38	12400	IFX0139/JOB00260
IGG0196C	0000	03:45:39	800	IFX0139/JOB00260
IFDOLT08	0000	03:45:39	2640	IFX0139/JOB00260
IGC0310D	0008	03:45:39	1680	IFX0139/JOB00260
IGG019AL	0000	03:45:39	640	IFX0139/JOB00260
ISTSEC01	0000	03:45:40	1360	IFX0139/JOB00260
IFCET008	0000	03:45:40	23040	IFX0139/JOB00260
IFG0202J	0000	03:45:41	2240	IFX0139/JOB00260
IGG019PE	0000	03:45:42	320	IFX0139/JOB00260
IGG0CLA3	0000	03:45:42	5600	IFX0139/JOB00260
IERRCL	0000	03:45:42	1360	IFX0139/JOB00260
IDCDE03	0000	03:45:42	21440	IFX0139/JOB00260
IEFAB431	0000	03:45:43	1920	IFX0139/JOB00260
ISTZDFWR	0000	03:45:43	880	IFX0139/JOB00260
IGE0804A	0000	03:45:43	400	IFX0139/JOB00260
ICKIO01	0000	03:45:44	7040	IFX0139/JOB00260
IGG09414	0000	03:45:44	400	IFX0139/JOB00260
IGG019MR	0000	03:45:44	4960	IFX0139/JOB00260
IEECVETU	0000	03:45:45	1760	IFX0139/JOB00260
IEEVDUMY	0000	03:45:45	640	IFX0139/JOB00260
IERRBE	0000	03:45:45	640	IFX0139/JOB00260
ISTSQC01	0000	03:45:46	1280	IFX0140/JOB00261
ICBVCR00	0000	03:45:46	2240	IFX0140/JOB00261
IEDIAQ	0008	03:45:46	4400	IFX0140/JOB00261
IGFINTVL	0008	03:45:47	640	IFX0140/JOB00261
IEAVTRTS	0008	03:45:47	7760	IFX0140/JOB00261
IEDUNBND	0008	03:45:47	1280	IFX0140/JOB00261
IGG08116	0000	03:45:48	2960	IFX0140/JOB00261
IEEVSND2	0000	03:45:48	2240	IFX0140/JOB00261
ISTAPC51	0000	03:45:48	960	IFX0140/JOB00261
IDCTSDE0	0000	03:45:48	3280	IFX0140/JOB00261
IFDOLT0A	0000	03:45:49	320	IFX0140/JOB00261
BLSUVECT	0000	03:45:49	4480	IFX0140/JOB00261
IDCSV01	0000	03:45:49	9040	IFX0140/JOB00261
BLSFGD00	0000	03:45:50	1440	IFX0140/JOB00261
ISTAPC61	0000	03:45:50	2640	IFX0140/JOB00261
ILRSWP01	0008	03:45:50	2880	IFX0140/JOB00261
IDACAT13	0000	03:45:51	1760	IFX0140/JOB00261
IGG0CLA6	0000	03:45:51	3680	IFX0140/JOB00261
ISTRACTB	0000	03:45:51	2960	IFX0140/JOB00261
IFCETRN3	0000	03:45:52	9040	IFX0140/JOB00261
IKJEFF52	0000	03:45:52	2640	IFX0140/JOB00261
IKT0940E	0000	03:45:52	720	IFX0140/JOB00261
ICKRT01	0000	03:45:53	1600	IFX0140/JOB00261
ILROPS00	0012	03:45:53	4320	IFX0140/JOB00261
IFG0232G	0000	03:45:45	2160	IFX0141/JOB00262
IEEC2740	0000	03:45:54	7200	IFX0141/JOB00262
IECVRSTI	0008	03:45:55	8640	IFX0141/JOB00262
IEFVGM14	0000	03:45:56	480	IFX0141/JOB00262
IECVURDT	0000	03:45:56	3600	IFX0141/JOB00262
IKJEFG00	0000	03:45:56	6000	IFX0141/JOB00262
IGC0210D	0008	03:45:57	2800	IFX0141/JOB00262
AMDPRREC	0000	03:45:57	4080	IFX0141/JOB00262
IFFAFA19	0012	03:45:57	1200	IFX0141/JOB00262
IFCE0165	0000	03:45:58	20320	IFX0141/JOB00262
ISTZIFVB	0000	03:45:59	720	IFX0141/JOB00262
ISTINCV5	0000	03:45:59	800	IFX0141/JOB00262
IGG019LC	0000	03:45:59	640	IFX0141/JOB00262
IKJRBBU1	0000	03:46:00	3920	IFX0141/JOB00262
IFCS3032	0000	03:46:00	21280	IFX0141/JOB00262
IEHMVSSS	0000	03:46:00	6000	IFX0141/JOB00262
IKJEFF53	0000	03:46:00	1040	IFX0141/JOB00262
ICKWV01	0000	03:46:00	3680	IFX0141/JOB00262
IEE00110	0000	03:46:01	480	IFX0141/JOB00262
AMDSAMSG	0000	03:46:01	1840	IFX0141/JOB00262
IFFACA01	0012	03:46:01	1280	IFX0141/JOB00262
IGG0192D	0000	03:46:01	1760	IFX0141/JOB00262
IEDQB1	0008	03:46:02	480	IFX0141/JOB00262
IGG019JJ	0000	03:46:02	480	IFX0141/JOB00262
IEHMVSTC	0000	03:46:02	2960	IFX0141/JOB00262
IKTIOFRR	0000	03:45:53	2000	IFX0142/JOB00263
IKJEFP10	0000	03:46:03	1520	IFX0142/JOB00263
IEAVAD06	0000	03:46:03	3040	IFX0142/JOB00263
BLSDWAIT	0000	03:46:04	640	IFX0142/JOB00263
IEFDB400	0000	03:46:04	5600	IFX0142/JOB00263
ICGDSB06	0000	03:46:05	2720	IFX0142/JOB00263
AMDUSRFD	0000	03:46:05	5520	IFX0142/JOB00263
IFCEF155	0000	03:46:05	19280	IFX0142/JOB00263
IDA0C06C	0000	03:46:11	7680	IFX0142/JOB00263
BLSDAPDR	0000	03:46:12	880	IFX0142/JOB00263
BLSVPCCA	0000	03:46:12	2320	IFX0142/JOB00263
BLSVCVT2	0000	03:46:12	1920	IFX0142/JOB00263
BLSSPSA	0000	03:46:12	1200	IFX0142/JOB00263
ISTOCCNV	0000	03:46:13	720	IFX0142/JOB00263
IGG019HH	0000	03:46:13	960	IFX0142/JOB00263
IGE0604B	0000	03:46:13	640	IFX0142/JOB00263
ISTSQC02	0000	03:46:13	1120	IFX0142/JOB00263
ISTAPC66	0000	03:46:14	2080	IFX0142/JOB00263
IEEMB829	0000	03:46:14	5280	IFX0142/JOB00263
ICKSD01	0000	03:46:15	11920	IFX0142/JOB00263
IEFAB4B2	0000	03:46:15	2080	IFX0142/JOB00263
IEECVFTR	0000	03:46:15	640	IFX0142/JOB00263
IDCTSST0	0000	03:46:16	320	IFX0142/JOB00263
IGFPTREC	0000	03:46:16	3440	IFX0142/JOB00263
ICBMSG56	0000	03:46:16	42160	IFX0142/JOB00263
IFFPGAVP	0000	03:46:03	4080	IFX0143/JOB00264
BLSTB5	0000	03:46:17	2160	IFX0143/JOB00264
IFCSUKNO	0000	03:46:18	5040	IFX0143/JOB00264
IGG019TE	0008	03:46:18	1440	IFX0143/JOB00264
IEFNB901	0000	03:46:19	1600	IFX0143/JOB00264
IEDQCA	0008	03:46:19	15840	IFX0143/JOB00264
IGG0CLBE	0000	03:46:20	5600	IFX0143/JOB00264
IGE0304A	0000	03:46:20	1200	IFX0143/JOB00264
IERRBV	0000	03:46:20	720	IFX0143/JOB00264
IKJEFH00	0000	03:46:21	1680	IFX0143/JOB00264
IFCET00B	0000	03:46:21	4160	IFX0143/JOB00264
IKTCAS24	0000	03:46:21	1360	IFX0143/JOB00264
ISTSQC05	0000	03:46:22	480	IFX0143/JOB00264
IKJEGEND	0000	03:46:22	1360	IFX0143/JOB00264
IECVBRSV	0000	03:46:22	1760	IFX0143/JOB00264
ISTINCTE	0000	03:46:23	1360	IFX0143/JOB00264
IDCCDVY	0000	03:46:23	720	IFX0143/JOB00264
IERRDL	0000	03:46:23	400	IFX0143/JOB00264
IGG019AC	0000	03:46:23	720	IFX0143/JOB00264
IDA019RA	0000	03:46:24	5520	IFX0143/JOB00264
IEAVAD51	0000	03:46:24	1360	IFX0143/JOB00264
IGG0197A	0000	03:46:24	1280	IFX0143/JOB00264
IEAVPSI	0008	03:46:25	4320	IFX0143/JOB00264
IGG030DU	0000	03:46:25	320	IFX0143/JOB00264
IGG3SN	0000	03:46:26	1120	IFX0143/JOB00264
IGG019R8	0000	03:49:03	400	IFX0144/JOB00266
ICGTRVID	0000	03:49:03	8160	IFX0144/JOB00266
IEESA03D	0000	03:49:04	2480	IFX0144/JOB00266
IECTONLT	0000	03:49:04	800	IFX0144/JOB00266
IGG0CLBC	0000	03:49:05	2720	IFX0144/JOB00266
ISTINCDU	0000	03:49:05	1760	IFX0144/JOB00266
ICBVOP00	0000	03:49:05	3360	IFX0144/JOB00266
IGG0CLAD	0000	03:49:05	3920	IFX0144/JOB00266
ILRFMTSW	0000	03:49:06	12560	IFX0144/JOB00266
ISTCC011	0000	03:49:06	5200	IFX0144/JOB00266
IGG019TV	0000	03:49:06	1360	IFX0144/JOB00266
BLSRDUSC	0000	03:49:07	3280	IFX0144/JOB00266
IGG019FD	0000	03:49:07	880	IFX0144/JOB00266
HMASMUXD	0000	03:49:07	240	IFX0144/JOB00266
IEAVEPC	0008	03:49:08	4960	IFX0144/JOB00266
IEECVETD	0000	03:49:08	1440	IFX0144/JOB00266
IFCEOAK5	0000	03:49:09	71040	IFX0144/JOB00266
ICKCDBI	0000	03:49:16	560	IFX0144/JOB00266
IDA019RG	0000	03:49:16	6000	IFX0144/JOB00266
IGCD210D	0008	03:49:17	1200	IFX0144/JOB00266
IKJEGSTA	0000	03:49:17	2960	IFX0144/JOB00266
IGC0001F	0000	03:49:18	8960	IFX0144/JOB00266
BLSVPSA	0000	03:49:19	2800	IFX0144/JOB00266
IDAVBPR1	0000	03:49:19	1680	IFX0144/JOB00266
IFFADA02	0012	03:49:20	1040	IFX0144/JOB00266
IEAVAP00	0012	03:49:03	16960	IFX0145/JOB00267
IEDAYL	0008	03:49:21	2800	IFX0145/JOB00267
IGCT002E	0000	03:49:21	2160	IFX0145/JOB00267
ISTZIFAA	0000	03:49:21	800	IFX0145/JOB00267
ISTZKFBB	0000	03:49:22	560	IFX0145/JOB00267
IKJEGAT	0008	03:49:22	6320	IFX0145/JOB00267
IRARMCNS	0000	03:49:23	6880	IFX0145/JOB00267
IGG019VF	0000	03:49:23	320	IFX0145/JOB00267
IDCCDRD	0000	03:49:23	21200	IFX0145/JOB00267
IEAVEEE0	0000	03:49:24	1680	IFX0145/JOB00267
IDCTSLV0	0000	03:49:25	17840	IFX0145/JOB00267
IGC0505I	0000	03:49:25	1760	IFX0145/JOB00267
IEEVLDWT	0000	03:49:25	2960	IFX0145/JOB00267
IEEVSND9	0000	03:49:26	1120	IFX0145/JOB00267
IEDAYW	0008	03:49:26	6400	IFX0145/JOB00267
IEBUPLOG	0000	03:49:27	6000	IFX0145/JOB00267
IGG019SI	0000	03:49:27	480	IFX0145/JOB00267
IGE0904I	0008	03:49:27	2400	IFX0145/JOB00267
HMASMDLE	0000	03:49:28	11840	IFX0145/JOB00267
IFCFRAMC	0000	03:49:28	42080	IFX0145/JOB00267
IERRCI	0000	03:49:28	4720	IFX0145/JOB00267
ICBVUT03	0000	03:49:29	4720	IFX0145/JOB00267
IGG019RA	0000	03:49:29	560	IFX0145/JOB00267
IEFDB403	0000	03:49:29	560	IFX0145/JOB00267
IFCEXXX3	0000	03:49:30	14400	IFX0145/JOB00267
IEBASCAN	0000	03:49:20	6320	IFX0146/JOB00268
BLSRPHAR	0000	03:49:31	880	IFX0146/JOB00268
IGG0196D	0000	03:49:31	1520	IFX0146/JOB00268
HMASMGTA	0000	03:49:32	12880	IFX0146/JOB00268
IEDQW44	0008	03:49:32	1280	IFX0146/JOB00268
AHLREADR	0000	03:49:33	2000	IFX0146/JOB00268
IGC0208B	0008	03:49:33	1360	IFX0146/JOB00268
BLSTF	0000	03:49:33	2320	IFX0146/JOB00268
IKJEFE15	0000	03:49:34	1280	IFX0146/JOB00268
ISTSDCC3	0000	03:49:34	1520	IFX0146/JOB00268
ISTINMDD	0000	03:49:34	960	IFX0146/JOB00268
IGE0011E	0000	03:49:34	640	IFX0146/JOB00268
IRBMFDPP	0000	03:49:35	2240	IFX0146/JOB00268
HEWLFOUT	0000	03:49:35	5120	IFX0146/JOB00268
IFG0195U	0000	03:49:35	1600	IFX0146/JOB00268
IKJEFD00	0000	03:49:36	17280	IFX0146/JOB00268
BLSRDUIH	0000	03:49:37	1200	IFX0146/JOB00268
ISTNMC7P	0000	03:49:37	400	IFX0146/JOB00268
IFDOLT44	0000	03:49:37	880	IFX0146/JOB00268
ISTZCFAI	0000	03:49:37	1360	IFX0146/JOB00268
AMDSATAP	0000	03:49:37	1280	IFX0146/JOB00268
ISTAPC25	0000	03:49:38	2720	IFX0146/JOB00268
IERABR	0000	03:49:38	720	IFX0146/JOB00268
IGG019PN	0000	03:49:38	480	IFX0146/JOB00268
IEAFTEED	0000	03:49:38	8400	IFX0146/JOB00268
IEDQNF	0008	03:49:30	1840	IFX0147/JOB00269
IERAGG	0000	03:49:39	2480	IFX0147/JOB00269
IGG0290D	0008	03:49:40	3120	IFX0147/JOB00269
IGC0007H	0000	03:49:41	1920	IFX0147/JOB00269
IFCTC104	0000	03:49:42	8480	IFX0147/JOB00269
IFDMSG32	0000	03:49:42	640	IFX0147/JOB00269
ISTCRCR4	0000	03:49:42	2160	IFX0147/JOB00269
IGC0007A	0000	03:49:42	4320	IFX0147/JOB00269
IGC0005I	0000	03:49:43	5440	IFX0147/JOB00269
HMASMBDL	0000	03:49:43	3440	IFX0147/JOB00269
HEWLFRAT	0000	03:49:44	11200	IFX0147/JOB00269
ISTORFPO	0000	03:49:44	4640	IFX0147/JOB00269
IGG019FR	0000	03:49:45	400	IFX0147/JOB00269
ISTRCC65	0000	03:49:45	1280	IFX0147/JOB00269
IEFAB421	0000	03:49:45	10640	IFX0147/JOB00269
ISTYCLUS	0000	03:49:46	3520	IFX0147/JOB00269
BLSDFDSD	0000	03:49:46	2080	IFX0147/JOB00269
IFDOLT42	0000	03:49:46	1040	IFX0147/JOB00269
IGG019HK	0000	03:49:47	1280	IFX0147/JOB00269
IQARIH00	0000	03:49:47	240	IFX0147/JOB00269
IGG019Q0	0008	03:49:47	6720	IFX0147/JOB00269
IEDSCPRQ	0008	03:49:48	1280	IFX0147/JOB00269
IGCM310D	0008	03:49:48	1600	IFX0147/JOB00269
HMASMCP2	0000	03:49:48	3440	IFX0147/JOB00269
IGG0191G	0000	03:49:49	1600	IFX0147/JOB00269
IGG019RX	0000	03:49:39	320	IFX0148/JOB00270
IEDQNR	0000	03:49:49	560	IFX0148/JOB00270
IEAVEPDR	0000	03:49:50	880	IFX0148/JOB00270
IGG01935	0008	03:49:50	1760	IFX0148/JOB00270
ISTAPC62	0000	03:49:51	2640	IFX0148/JOB00270
IFCTHRSH	0000	03:49:52	18960	IFX0148/JOB00270
ICGDSA02	0000	03:49:52	2160	IFX0148/JOB00270
ISTSQC06	0000	03:49:52	8080	IFX0148/JOB00270
IGCV910D	0008	03:49:53	3120	IFX0148/JOB00270
BLSDVECT	0000	03:49:53	1760	IFX0148/JOB00270
ILRPTM	0008	03:49:53	3920	IFX0148/JOB00270
IGG1HN	0000	03:49:54	960	IFX0148/JOB00270
IGCD110D	0008	03:49:54	1760	IFX0148/JOB00270
BLSUMON2	0000	03:49:54	880	IFX0148/JOB00270
IEECVET7	0000	03:49:54	960	IFX0148/JOB00270
IGG019KG	0000	03:49:55	480	IFX0148/JOB00270
IGCT210D	0008	03:49:55	2080	IFX0148/JOB00270
ISDAFSC2	0008	03:49:55	2240	IFX0148/JOB00270
ICKRIKT	0000	03:49:56	320	IFX0148/JOB00270
IKJEFLH	0000	03:49:56	1520	IFX0148/JOB00270
IEEMB808	0000	03:49:56	1520	IFX0148/JOB00270
IHJQCP31	0000	03:49:56	2160	IFX0148/JOB00270
ISTCC015	0000	03:49:57	1440	IFX0148/JOB00270
ISTINCL3	0000	03:49:57	1280	IFX0148/JOB00270
ISTZEMTA	0000	03:49:49	1120	IFX0149/JOB00271
IGFDS1	0000	03:49:58	1120	IFX0149/JOB00271
IGFTMC00	0000	03:49:58	4000	IFX0149/JOB00271
IGG0553D	0008	03:49:59	1920	IFX0149/JOB00271
IEAVRTOD	0000	03:50:00	9600	IFX0149/JOB00271
BLSRDUIS	0000	03:50:00	1920	IFX0149/JOB00271
IEFAB457	0000	03:50:01	5520	IFX0149/JOB00271
IDCTSXP0	0000	03:50:01	800	IFX0149/JOB00271
IDCCDGR	0000	03:50:01	1600	IFX0149/JOB00271
IGFRINIT	0012	03:50:01	3040	IFX0149/JOB00271
IEBISAM	0000	03:50:02	2000	IFX0149/JOB00271
IGG0CLB2	0000	03:50:02	2320	IFX0149/JOB00271
IEZDCODE	0000	03:50:02	880	IFX0149/JOB00271
BLSRSAAR	0000	03:50:03	880	IFX0149/JOB00271
IEDQBUFF	0008	03:50:03	1200	IFX0149/JOB00271
IGC0003B	0008	03:50:03	1120	IFX0149/JOB00271
ISTZBFIA	0000	03:50:04	1040	IFX0149/JOB00271
IGG0CLAE	0000	03:50:04	4320	IFX0149/JOB00271
IEAVVCRA	0008	03:50:05	960	IFX0149/JOB00271
IFCS2860	0000	03:50:05	16880	IFX0149/JOB00271
IGCT0018	0000	03:50:06	2400	IFX0149/JOB00271
IGG019J3	0000	03:50:06	3280	IFX0149/JOB00271
IGC0E10D	0008	03:50:07	2320	IFX0149/JOB00271
IEBPPAL1	0000	03:50:07	8160	IFX0149/JOB00271
IFG0193C	0000	03:50:07	560	IFX0149/JOB00271
IEDQBS	0008	05:14:04	1120	IFX0000/JOB00284
IGG019AE	0000	05:14:04	880	IFX0000/JOB00284
IDCCC01	0000	05:14:05	16800	IFX0000/JOB00284
ISTZCF1B	0000	05:14:05	4480	IFX0000/JOB00284
IKJEFLLM	0000	05:14:05	1440	IFX0000/JOB00284
IEAVRCV	0008	05:14:06	4160	IFX0000/JOB00284
IFG0202L	0000	05:14:06	2720	IFX0000/JOB00284
IGG019AN	0000	05:14:07	560	IFX0000/JOB00284
IDCMG01	0000	05:14:07	6240	IFX0000/JOB00284
IKJEFLC	0000	05:14:08	3120	IFX0000/JOB00284
IGG0194N	0000	05:14:08	1440	IFX0000/JOB00284
HMASMLCP	0000	05:14:08	5600	IFX0000/JOB00284
IEFAB423	0000	05:14:09	4240	IFX0000/JOB00284
IEDQET	0008	05:14:09	640	IFX0000/JOB00284
IEFAB4E0	0000	05:14:09	1200	IFX0000/JOB00284
BLSFAV00	0000	05:14:09	1360	IFX0000/JOB00284
IEAVFP	0008	05:14:09	560	IFX0000/JOB00284
IKJEBEDE	0008	05:14:10	3280	IFX0000/JOB00284
IEESI03D	0000	05:14:10	4720	IFX0000/JOB00284
BLSCVALT	0000	05:14:10	640	IFX0000/JOB00284
IGC0007F	0000	05:14:10	6320	IFX0000/JOB00284
IKTIMIDS	0000	05:14:11	4160	IFX0000/JOB00284
HMASMEIS	0000	05:14:12	14080	IFX0000/JOB00284
IKJEFF77	0000	05:14:12	720	IFX0000/JOB00284
ISTNMC1S	0000	05:14:12	2960	IFX0000/JOB00284
HMASMIO	0000	05:14:04	35280	IFX0001/JOB00285
AHLWWRIT	0000	05:14:14	11760	IFX0001/JOB00285
IKJCT433	0000	05:14:15	18000	IFX0001/JOB00285
IKJEFXSR	0000	05:14:15	2400	IFX0001/JOB00285
IEFAB459	0000	05:14:15	4240	IFX0001/JOB00285
AMDPRSN3	0008	05:14:16	7280	IFX0001/JOB00285
IGC0008A	0000	05:14:16	1840	IFX0001/JOB00285
IKJEBELI	0000	05:14:16	3040	IFX0001/JOB00285
AMDPRCOM	0000	05:14:17	11120	IFX0001/JOB00285
ICGDSB03	0000	05:14:17	2480	IFX0001/JOB00285
IGCMM10D	0008	05:14:18	1600	IFX0001/JOB00285
IRBMFDWP	0000	05:14:18	3440	IFX0001/JOB00285
ILRTMI01	0000	05:14:18	3760	IFX0001/JOB00285
ICKTR01	0000	05:14:19	2560	IFX0001/JOB00285
IEFVGI	0000	05:14:19	1040	IFX0001/JOB00285
IERRC6	0000	05:14:19	2960	IFX0001/JOB00285
IGC0506F	0000	05:14:19	1520	IFX0001/JOB00285
IGCT005C	0000	05:14:19	4000	IFX0001/JOB00285
IEDQHM2	0008	05:14:20	3680	IFX0001/JOB00285
ISTAUCAG	0000	05:14:20	240	IFX0001/JOB00285
BLSSPCCV	0000	05:14:20	1040	IFX0001/JOB00285
IERRCF	0000	05:14:21	800	IFX0001/JOB00285
IGG0199W	0000	05:14:21	1840	IFX0001/JOB00285
AMDPRRDC	0000	05:14:21	8480	IFX0001/JOB00285
ISTDCC85	0000	05:14:21	1200	IFX0001/JOB00285
IEAVNP01	0008	05:14:12	1600	IFX0002/JOB00286
IDA0200B	0000	05:14:22	8160	IFX0002/JOB00286
IDCRC02	0000	05:14:22	19200	IFX0002/JOB00286
IEFAB4B0	0000	05:14:23	2240	IFX0002/JOB00286
IEFIB600	0000	05:14:23	3440	IFX0002/JOB00286
IFFAGA06	0012	05:14:24	4160	IFX0002/JOB00286
ICGDSB13	0000	05:14:24	2960	IFX0002/JOB00286
BLSREVAL	0000	05:14:24	2160	IFX0002/JOB00286
HMASMLCD	0000	05:14:25	13200	IFX0002/JOB00286
IFCEF165	0000	05:14:25	47840	IFX0002/JOB00286
HMASMREJ	0000	05:14:27	4800	IFX0002/JOB00286
IEFVGM4	0000	05:14:28	640	IFX0002/JOB00286
AMDSATXT	0000	05:14:28	4560	IFX0002/JOB00286
BLSDPC00	0000	05:14:28	800	IFX0002/JOB00286
ISTINCFE	0000	05:14:28	560	IFX0002/JOB00286
IGG0CLB4	0000	05:14:28	4800	IFX0002/JOB00286
AMDPRFAR	0000	05:14:29	8800	IFX0002/JOB00286
IEAVVRP1	0000	05:14:29	4800	IFX0002/JOB00286
IERAMA	0000	05:14:30	1040	IFX0002/JOB00286
IEFUSO	0000	05:14:30	240	IFX0002/JOB00286
IEAVEMDL	0000	05:14:30	2000	IFX0002/JOB00286
ISTINCR5	0000	05:14:30	3120	IFX0002/JOB00286
IFDOLT74	0000	05:14:31	1040	IFX0002/JOB00286
IEHMVSRA	0000	05:14:31	3600	IFX0002/JOB00286
IDA019SE	0000	05:14:31	5120	IFX0002/JOB00286
ISTAPC57	0000	05:14:22	1120	IFX0003/JOB00287
BLSCFDYN	0000	05:14:32	2880	IFX0003/JOB00287
BLSFDF00	0000	05:14:32	800	IFX0003/JOB00287
ISTCFCR1	0000	05:14:32	2720	IFX0003/JOB00287
IGG019T7	0000	05:14:33	800	IFX0003/JOB00287
IGG0CLAL	0000	05:14:33	6320	IFX0003/JOB00287
ISTDCC21	0000	05:14:33	2480	IFX0003/JOB00287
IERABH	0000	05:14:33	400	IFX0003/JOB00287
IERROY	0000	05:14:34	560	IFX0003/JOB00287
BLSFLALL	0000	05:14:34	1120	IFX0003/JOB00287
ISTZBFSC	0000	05:14:34	4560	IFX0003/JOB00287
IEFAB473	0000	05:14:34	2800	IFX0003/JOB00287
BLSVQCBB	0000	05:14:35	2720	IFX0003/JOB00287
ISDADCK0	0008	05:14:35	2480	IFX0003/JOB00287
IEHMVSSV	0000	05:14:35	2000	IFX0003/JOB00287
IGG0CLBH	0000	05:14:35	3920	IFX0003/JOB00287
IEECVETE	0000	05:14:36	1600	IFX0003/JOB00287
ICKTSSA0	0000	05:14:36	1200	IFX0003/JOB00287
ISTOCCMD	0000	05:14:36	3600	IFX0003/JOB00287
IEESQ03D	0000	05:14:36	1760	IFX0003/JOB00287
IGG019FF	0000	05:14:36	880	IFX0003/JOB00287
IGG019LA	0000	05:14:37	560	IFX0003/JOB00287
ISTRAMA3	0000	05:14:37	1920	IFX0003/JOB00287
ICBVTP00	0000	05:14:37	3440	IFX0003/JOB00287
HMASMULK	0000	05:14:37	4880	IFX0003/JOB00287
ISTZBFBA	0000	05:14:32	1600	IFX0004/JOB00288
IGG020FC	0000	05:14:38	1200	IFX0004/JOB00288
IGG0CLAI	0000	05:14:38	3520	IFX0004/JOB00288
IGG0201X	0000	05:14:39	1440	IFX0004/JOB00288
IFG0RR0E	0000	05:14:40	3120	IFX0004/JOB00288
IEFDB4FF	0000	05:14:40	1760	IFX0004/JOB00288
IHJQCP32	0000	05:14:40	2640	IFX0004/JOB00288
IKJEHMEM	0000	05:14:41	1920	IFX0004/JOB00288
IFCDEVIC	0000	05:14:41	6400	IFX0004/JOB00288
IEAVAR03	0000	05:14:41	1600	IFX0004/JOB00288
IGE0000G	0000	05:14:42	5280	IFX0004/JOB00288
IERROR	0000	05:14:42	1280	IFX0004/JOB00288
IDA019SN	0000	05:14:42	2240	IFX0004/JOB00288
ISTSC023	0000	05:14:43	560	IFX0004/JOB00288
IEAVSTA0	0000	05:14:43	3680	IFX0004/JOB00288
ISTZBFDR	0000	05:14:43	1840	IFX0004/JOB00288
BLSUHELP	0000	05:14:43	2080	IFX0004/JOB00288
BLSSLLPA	0000	05:14:43	1680	IFX0004/JOB00288
IKJEHREN	0000	05:14:44	14400	IFX0004/JOB00288
IEAVNPB6	0000	05:14:44	240	IFX0004/JOB00288
ISTZIFKG	0000	05:14:44	3120	IFX0004/JOB00288
IEFVGM7	0000	05:14:45	720	IFX0004/JOB00288
IEEZS03D	0000	05:14:45	3360	IFX0004/JOB00288
IDA019C1	0000	05:14:45	23520	IFX0004/JOB00288
IKJEFLK	0000	05:14:46	1520	IFX0004/JOB00288
IFG0195B	0000	05:14:38	3280	IFX0005/JOB00289
IKJEFA41	0000	05:14:47	1760	IFX0005/JOB00289
AMDPRSMG	0000	05:14:47	1360	IFX0005/JOB00289
IEECVETK	0000	05:14:48	1200	IFX0005/JOB00289
IGE0000H	0000	05:14:48	2800	IFX0005/JOB00289
IGCA510D	0008	05:14:48	2000	IFX0005/JOB00289
IDA0192C	0000	05:14:49	11440	IFX0005/JOB00289
IGFDM1	0000	05:14:49	2320	IFX0005/JOB00289
IEDCMOUT	0008	05:14:49	960	IFX0005/JOB00289
AHLTSYSM	0000	05:14:50	6960	IFX0005/JOB00289
IDCNC01	0000	05:14:50	3520	IFX0005/JOB00289
IGCVG10D	0008	05:14:50	1200	IFX0005/JOB00289
IGG1RN	0000	05:14:50	960	IFX0005/JOB00289
ISTDCC51	0000	05:14:51	1120	IFX0005/JOB00289
IKTXMTPT	0000	05:14:51	1760	IFX0005/JOB00289
IGG019C4	0000	05:14:51	640	IFX0005/JOB00289
IGG0210A	0000	05:14:51	1440	IFX0005/JOB00289
ISTCFCMM	0008	05:14:52	42560	IFX0005/JOB00289
BLSRRDGE	0000	05:14:53	960	IFX0005/JOB00289
IGE0504B	0000	05:14:54	720	IFX0005/JOB00289
IEAVAD0F	0000	05:14:54	1520	IFX0005/JOB00289
IECVDDT0	0008	05:14:54	4240	IFX0005/JOB00289
ISDADAT1	0008	05:14:55	4160	IFX0005/JOB00289
IEDQFE20	0008	05:14:55	880	IFX0005/JOB00289
IRARMSET	0000	05:19:20	1120	IFX0000/JOB00291
IGG019MC	0000	05:19:20	2720	IFX0000/JOB00291
IEFJSSNT	0000	05:19:20	1040	IFX0000/JOB00291
IDA0231B	0000	05:19:20	3920	IFX0000/JOB00291
IGG0CLAN	0000	05:19:21	6560	IFX0000/JOB00291
BLSRADD3	0000	05:19:21	1120	IFX0000/JOB00291
IEDQDA	0008	05:19:21	480	IFX0000/JOB00291
ICBVJL00	0000	05:19:22	7520	IFX0000/JOB00291
AMDPRSN2	0000	05:19:22	5920	IFX0000/JOB00291
IEDQWX	0008	05:19:22	800	IFX0000/JOB00291
ISTINCD8	0000	05:19:23	1280	IFX0000/JOB00291
IERAPN	0000	05:19:23	1120	IFX0000/JOB00291
IGG019BH	0000	05:19:23	720	IFX0000/JOB00291
IAPCHKIO	0000	05:19:23	6320	IFX0000/JOB00291
ISTZAF1A	0000	05:19:23	3040	IFX0000/JOB00291
HMASMSCN	0000	05:19:24	3600	IFX0000/JOB00291
ISTINCVS	0000	05:19:24	4320	IFX0000/JOB00291
IGG019KC	0000	05:19:24	640	IFX0000/JOB00291
ICKWI01	0000	05:19:24	4240	IFX0000/JOB00291
IEDQBT	0008	05:19:25	3920	IFX0000/JOB00291
BLSRACCQ	0000	05:19:25	2160	IFX0000/JOB00291
IGG019GF	0000	05:19:25	1280	IFX0000/JOB00291
IFCSXXX8	0000	05:19:25	12160	IFX0000/JOB00291
IEFSD095	0000	05:19:26	1680	IFX0000/JOB00291
IEFAQTOP	0000	05:19:27	1040	IFX0000/JOB00291
ISTSDCSU	0000	05:19:20	1360	IFX0001/JOB00292
IEDRSPIN	0008	05:19:27	2320	IFX0001/JOB00292
IFFACA02	0012	05:19:27	1440	IFX0001/JOB00292
IGG019AK	0000	05:19:28	480	IFX0001/JOB00292
ISTRCC30	0000	05:19:28	880	IFX0001/JOB00292
IEDQNW	0008	05:19:28	640	IFX0001/JOB00292
IKJEBECK	0000	05:19:28	240	IFX0001/JOB00292
IEFAB4F8	0000	05:19:28	1680	IFX0001/JOB00292
ISTZBFAL	0000	05:19:29	1200	IFX0001/JOB00292
ISTZIFHB	0000	05:19:29	1200	IFX0001/JOB00292
HMASMRDS	0000	05:19:29	3040	IFX0001/JOB00292
ISTZFM1B	0000	05:19:29	2320	IFX0001/JOB00292
IKJEFA12	0000	05:19:30	4720	IFX0001/JOB00292
ICKRF01	0000	05:19:30	4880	IFX0001/JOB00292
IFG0200V	0000	05:19:30	2080	IFX0001/JOB00292
IEFDB4FE	0000	05:19:31	1200	IFX0001/JOB00292
HEWLDIDY	0000	05:19:31	960	IFX0001/JOB00292
IEHMVSSF	0000	05:19:31	4160	IFX0001/JOB00292
IGG0201Z	0000	05:19:32	1920	IFX0001/JOB00292
ISTSDCGE	0000	05:19:33	5520	IFX0001/JOB00292
IGG019TM	0000	05:19:33	240	IFX0001/JOB00292
IGCVI10D	0008	05:19:34	2320	IFX0001/JOB00292
IEHPRNT	0000	05:19:34	800	IFX0001/JOB00292
IEBPPMSG	0000	05:19:34	2400	IFX0001/JOB00292
ISTNMCCB	0000	05:19:34	960	IFX0001/JOB00292
BLSSIOC	0000	05:19:27	1040	IFX0002/JOB00293
IEDIAH	0008	05:19:35	2160	IFX0002/JOB00293
IKTQMIN	0000	05:19:35	6320	IFX0002/JOB00293
ISTZIFIB	0000	05:19:35	1520	IFX0002/JOB00293
IKTCAS54	0000	05:19:35	9760	IFX0002/JOB00293
ISTOCCOB	0000	05:19:36	3920	IFX0002/JOB00293
IGG019MP	0000	05:19:37	480	IFX0002/JOB00293
IFCPARM2	0000	05:19:37	25280	IFX0002/JOB00293
IKJEGPCH	0000	05:19:37	4400	IFX0002/JOB00293
ICKAA01	0000	05:19:38	3760	IFX0002/JOB00293
IEFAB4F1	0000	05:19:38	880	IFX0002/JOB00293
IKJEFT40	0000	05:19:38	1360	IFX0002/JOB00293
BLSRESCK	0000	05:19:38	1840	IFX0002/JOB00293
IERAGK	0000	05:19:38	2720	IFX0002/JOB00293
ICKDV02	0000	05:19:39	8960	IFX0002/JOB00293
BLSUPGMD	0000	05:19:39	640	IFX0002/JOB00293
BLSUMPK1	0000	05:19:39	480	IFX0002/JOB00293
BLSRENQK	0000	05:19:39	6320	IFX0002/JOB00293
IEFAB445	0000	05:19:39	240	IFX0002/JOB00293
ICKIN02	0000	05:19:40	14240	IFX0002/JOB00293
IFFADA03	0012	05:19:40	1680	IFX0002/JOB00293
BLSCGETT	0000	05:19:40	2000	IFX0002/JOB00293
IDAVBPJ2	0000	05:19:41	1200	IFX0002/JOB00293
IFFAHA11	0000	05:19:41	1600	IFX0002/JOB00293
ISTOCFCX	0000	05:19:41	720	IFX0002/JOB00293
IGG0CLAV	0000	05:19:34	4240	IFX0003/JOB00294
IASFCB28	0000	05:19:42	320	IFX0003/JOB00294
IEBTCR05	0000	05:19:42	7840	IFX0003/JOB00294
IKTIST00	0000	05:19:42	800	IFX0003/JOB00294
AMDPRFCB	0000	05:19:42	14800	IFX0003/JOB00294
IRBMFIDV	0000	05:19:43	3680	IFX0003/JOB00294
IECVXSKS	0008	05:19:43	1120	IFX0003/JOB00294
IDA019RL	0000	05:19:43	3600	IFX0003/JOB00294
IGG019JM	0000	05:19:44	960	IFX0003/JOB00294
IEESR03D	0000	05:19:44	2720	IFX0003/JOB00294
IERRBY	0000	05:19:44	640	IFX0003/JOB00294
ILRCMP	0008	05:19:44	4720	IFX0003/JOB00294
IDCTSRI1	0000	05:19:45	2080	IFX0003/JOB00294
ISTAICCK	0000	05:19:45	880	IFX0003/JOB00294
ICKTP01	0000	05:19:45	12880	IFX0003/JOB00294
IGG0203Y	0000	05:19:46	2160	IFX0003/JOB00294
IECVXVRS	0012	05:19:46	1120	IFX0003/JOB00294
IFCSXXX5	0000	05:19:47	14000	IFX0003/JOB00294
IDCCDDE	0000	05:19:48	69600	IFX0003/JOB00294
ICGDSMSG	0000	05:19:51	5520	IFX0003/JOB00294
IGFPSAD0	0000	05:19:51	240	IFX0003/JOB00294
IKJCT430	0000	05:19:52	7040	IFX0003/JOB00294
ISTATM10	0000	05:19:52	1280	IFX0003/JOB00294
IER8PA	0000	05:19:52	1440	IFX0003/JOB00294
IEFDB4FA	0000	05:19:52	720	IFX0003/JOB00294
IFCEUKNO	0000	05:19:41	9280	IFX0004/JOB00295
IEFVGM17	0000	05:19:53	640	IFX0004/JOB00295
IDCSA10	0000	05:19:53	3920	IFX0004/JOB00295
BLSDDEQP	0000	05:19:54	560	IFX0004/JOB00295
IGG0203K	0000	05:19:54	720	IFX0004/JOB00295
ISTAPC31	0000	05:19:54	1840	IFX0004/JOB00295
IGG019BE	0000	05:19:54	960	IFX0004/JOB00295
ISTSQC04	0000	05:19:55	2880	IFX0004/JOB00295
IFG0232D	0000	05:19:55	1680	IFX0004/JOB00295
BLSFDERS	0000	05:19:56	1360	IFX0004/JOB00295
IECVDURP	0000	05:19:56	3360	IFX0004/JOB00295
IEAVSETS	0008	05:19:57	5840	IFX0004/JOB00295
IKJEGQFY	0000	05:19:57	4480	IFX0004/JOB00295
IKJEBEEN	0000	05:19:58	2800	IFX0004/JOB00295
ISTINCFM	0000	05:19:59	720	IFX0004/JOB00295
HMASMLC1	0000	05:19:59	1600	IFX0004/JOB00295
IFCET002	0000	05:19:59	23120	IFX0004/JOB00295
ISTNMCCA	0000	05:20:00	560	IFX0004/JOB00295
BLSRDUIC	0000	05:20:00	1040	IFX0004/JOB00295
IGG019ME	0000	05:20:00	480	IFX0004/JOB00295
HEWLFEND	0000	05:20:00	960	IFX0004/JOB00295
BLSRCOTA	0000	05:20:01	2560	IFX0004/JOB00295
IEAVTERM	0008	05:20:01	3520	IFX0004/JOB00295
ISTSDCSS	0000	05:20:01	1920	IFX0004/JOB00295
IGG01912	0000	05:19:53	1520	IFX0005/JOB00296
IGG019M2	0000	05:20:02	400	IFX0005/JOB00296
HEWLFROU	0000	05:20:03	6800	IFX0005/JOB00296
IECVXMGN	0012	05:20:03	240	IFX0005/JOB00296
IEDQBD	0008	05:20:03	2640	IFX0005/JOB00296
IDA019RJ	0000	05:20:04	6560	IFX0005/JOB00296
IDACAT11	0000	05:20:04	3120	IFX0005/JOB00296
ISTINCX9	0000	05:20:04	1040	IFX0005/JOB00296
ILRSWAP	0008	05:20:05	4240	IFX0005/JOB00296
ICHRIN00	0000	05:20:05	560	IFX0005/JOB00296
IGG09400	0000	05:20:05	1200	IFX0005/JOB00296
IDA121A4	0008	05:20:06	3600	IFX0005/JOB00296
IDCRC04	0000	05:20:06	6880	IFX0005/JOB00296
IGG01930	0008	05:20:07	1200	IFX0005/JOB00296
IGFDV0	0000	05:20:07	2800	IFX0005/JOB00296
IRBMFTTB	0000	05:20:07	240	IFX0005/JOB00296
ISTZBFEB	0000	05:20:07	1120	IFX0005/JOB00296
IGG019VK	0000	05:20:08	960	IFX0005/JOB00296
ISTINCSH	0000	05:20:08	1040	IFX0005/JOB00296
IEFDB410	0000	05:20:08	8160	IFX0005/JOB00296
BLSFUP00	0000	05:20:08	2720	IFX0005/JOB00296
IFNX1A	0000	05:20:09	20720	IFX0005/JOB00296
HMASMTRM	0000	05:20:11	22480	IFX0005/JOB00296
ISDAGET0	0000	05:20:12	1120	IFX0005/JOB00296
AMDSADER	0000	05:20:12	5360	IFX0005/JOB00296
ICBVSC00	0000	05:24:32	3680	IFX0006/JOB00298
IGG019TH	0008	05:24:33	4320	IFX0006/JOB00298
IDCLV01	0000	05:24:33	19760	IFX0006/JOB00298
IGG0193Y	0000	05:24:34	3520	IFX0006/JOB00298
IRBMFDDP	0000	05:24:35	4960	IFX0006/JOB00298
IKT09412	0000	05:24:35	560	IFX0006/JOB00298
IERBGA	0000	05:24:35	6160	IFX0006/JOB00298
ICB2ACT	0000	05:24:36	720	IFX0006/JOB00298
IGG019CJ	0000	05:24:36	640	IFX0006/JOB00298
IEFAB4F9	0000	05:24:36	1280	IFX0006/JOB00298
IFCTB105	0000	05:24:36	8480	IFX0006/JOB00298
IDCPM01	0000	05:24:36	3280	IFX0006/JOB00298
IGG0CLA4	0000	05:24:37	6480	IFX0006/JOB00298
IKJEFLG	0000	05:24:37	1680	IFX0006/JOB00298
IEDQB2	0008	05:24:37	560	IFX0006/JOB00298
IDA019RK	0000	05:24:37	3040	IFX0006/JOB00298
IGC0E06F	0000	05:24:38	1360	IFX0006/JOB00298
IGCMR10D	0008	05:24:38	1280	IFX0006/JOB00298
ISTRCC53	0000	05:24:38	1040	IFX0006/JOB00298
IDA019RC	0000	05:24:39	880	IFX0006/JOB00298
ISTEC123	0000	05:24:39	8240	IFX0006/JOB00298
ILRTERMR	0008	05:24:39	5200	IFX0006/JOB00298
ICKTSBI0	0000	05:24:39	2720	IFX0006/JOB00298
IEDQB7	0008	05:24:39	640	IFX0006/JOB00298
IFFAEA07	0012	05:24:33	400	IFX0007/JOB00299
IFOX0A	0008	05:24:40	2080	IFX0007/JOB00299
IKJEFT55	0000	05:24:41	5840	IFX0007/JOB00299
IGC0410D	0008	05:24:41	1680	IFX0007/JOB00299
IEDQAG	0008	05:24:41	560	IFX0007/JOB00299
IEECVETW	0000	05:24:42	2960	IFX0007/JOB00299
IGG0CLBJ	0000	05:24:42	2400	IFX0007/JOB00299
ISTSEC10	0000	05:24:43	2480	IFX0007/JOB00299
IGCT006H	0000	05:24:43	2400	IFX0007/JOB00299
IGG0290E	0008	05:24:43	2240	IFX0007/JOB00299
BLSUPRTA	0000	05:24:44	1920	IFX0007/JOB00299
IKJEFT03	0000	05:24:44	1920	IFX0007/JOB00299
IGG0CLBZ	0000	05:24:44	3360	IFX0007/JOB00299
IGFPKREF	0000	05:24:44	480	IFX0007/JOB00299
IDCSA02	0000	05:24:45	18000	IFX0007/JOB00299
IEAVEAC0	0000	05:24:45	2080	IFX0007/JOB00299
IEFVGM70	0000	05:24:46	720	IFX0007/JOB00299
IEDQ16	0000	05:24:46	1040	IFX0007/JOB00299
IEFVGM10	0000	05:24:46	800	IFX0007/JOB00299
IDCAU02	0000	05:24:46	6560	IFX0007/JOB00299
IEDQE1	0008	05:24:46	560	IFX0007/JOB00299
ISTZIFBI	0000	05:24:46	1600	IFX0007/JOB00299
IEDQFA	0008	05:24:47	11200	IFX0007/JOB00299
HMASMUC1	0008	05:24:47	45360	IFX0007/JOB00299
IGG0CLB8	0000	05:24:48	5360	IFX0007/JOB00299
IFCEXXX0	0000	05:24:40	11600	IFX0008/JOB00300
HMASMAR3	0000	05:24:49	6320	IFX0008/JOB00300
IEFI922B	0000	05:24:49	480	IFX0008/JOB00300
IGG1AN	0000	05:24:50	960	IFX0008/JOB00300
IKJEBEMC	0000	05:24:50	7920	IFX0008/JOB00300
ISTNMC5P	0000	05:24:50	800	IFX0008/JOB00300
ICGDSB14	0000	05:24:50	1840	IFX0008/JOB00300
IKJEES74	0008	05:24:50	1680	IFX0008/JOB00300
IEDQTL	0008	05:24:51	320	IFX0008/JOB00300
ISTINCD1	0000	05:24:51	640	IFX0008/JOB00300
IGC0T05B	0000	05:24:51	1600	IFX0008/JOB00300
ISTESC01	0000	05:24:51	320	IFX0008/JOB00300
IEDQBC	0000	05:24:52	720	IFX0008/JOB00300
IGCT105C	0000	05:24:52	4480	IFX0008/JOB00300
BLSVPVT	0000	05:24:52	2800	IFX0008/JOB00300
ILRVSAMI	0000	05:24:53	9600	IFX0008/JOB00300
IGC0406H	0000	05:24:54	1600	IFX0008/JOB00300
ISTCSCAQ	0000	05:24:54	2640	IFX0008/JOB00300
HMASMTPR	0000	05:24:54	8560	IFX0008/JOB00300
IGG0CLAW	0000	05:24:55	5440	IFX0008/JOB00300
IFDMSG04	0000	05:24:55	720	IFX0008/JOB00300
IERROT	0000	05:24:55	1680	IFX0008/JOB00300
IEECB909	0000	05:24:55	29440	IFX0008/JOB00300
IGFPMMSG	0000	05:24:56	560	IFX0008/JOB00300
BLSUVSPO	0000	05:24:56	560	IFX0008/JOB00300
BLSRRDAR	0000	05:24:49	800	IFX0009/JOB00301
IFCST006	0000	05:24:57	4800	IFX0009/JOB00301
IGG0325C	0008	05:24:57	1120	IFX0009/JOB00301
IEDN25	0000	05:24:58	640	IFX0009/JOB00301
IGCD610D	0008	05:24:58	1440	IFX0009/JOB00301
IFFAHA03	0012	05:24:58	880	IFX0009/JOB00301
IFCST008	0000	05:24:59	21760	IFX0009/JOB00301
IDCTSTU0	0000	05:25:00	3680	IFX0009/JOB00301
ISTAPC63	0000	05:25:00	880	IFX0009/JOB00301
IHJACP20	0000	05:25:01	960	IFX0009/JOB00301
AHLTSLIP	0000	05:25:01	10800	IFX0009/JOB00301
IGFPMSCA	0000	05:25:02	880	IFX0009/JOB00301
AMDPRCTL	0000	05:25:02	11760	IFX0009/JOB00301
AHLTMMSG	0000	05:25:03	1200	IFX0009/JOB00301
ISTZBFNB	0000	05:25:03	960	IFX0009/JOB00301
ISTSC026	0000	05:25:03	400	IFX0009/JOB00301
BLSCAMER	0000	05:25:03	4160	IFX0009/JOB00301
IERAPC	0000	05:25:03	640	IFX0009/JOB00301
IEDQEW	0008	05:25:04	7600	IFX0009/JOB00301
ISTZDFKA	0000	05:25:04	2080	IFX0009/JOB00301
IFDOLT59	0000	05:25:04	320	IFX0009/JOB00301
IFCTB305	0000	05:25:04	6560	IFX0009/JOB00301
ISTZBFFB	0000	05:25:05	3360	IFX0009/JOB00301
IGC0C10D	0008	05:25:05	1920	IFX0009/JOB00301
IRBMFMFC	0000	05:25:05	2640	IFX0009/JOB00301
IOESDKTI	0000	05:24:56	6800	IFX0010/JOB00302
IEE7503D	0000	05:25:06	4000	IFX0010/JOB00302
BLSUVSOQ	0000	05:25:06	1120	IFX0010/JOB00302
IEDQFE	0000	05:25:07	240	IFX0010/JOB00302
IGE0704C	0000	05:25:07	1040	IFX0010/JOB00302
IGG01928	0000	05:25:07	1520	IFX0010/JOB00302
IDCVS03	0000	05:25:08	10960	IFX0010/JOB00302
ISTZDFF0	0000	05:25:08	2080	IFX0010/JOB00302
HMASMRCD	0000	05:25:09	7280	IFX0010/JOB00302
IEHPROG5	0000	05:25:09	960	IFX0010/JOB00302
IERABZ	0000	05:25:09	400	IFX0010/JOB00302
IGC0610D	0008	05:25:09	2080	IFX0010/JOB00302
IERRC1	0000	05:25:10	640	IFX0010/JOB00302
IEDQAN	0008	05:25:10	3040	IFX0010/JOB00302
IEFQB580	0000	05:25:10	640	IFX0010/JOB00302
IDA019RP	0000	05:25:10	3600	IFX0010/JOB00302
IERRCE	0000	05:25:11	2960	IFX0010/JOB00302
IEDQA7	0000	05:25:11	320	IFX0010/JOB00302
IEBGENS3	0000	05:25:11	6560	IFX0010/JOB00302
IGG019Q8	0008	05:25:12	6480	IFX0010/JOB00302
IEE0303D	0000	05:25:12	1840	IFX0010/JOB00302
IEE8603D	0000	05:25:12	3680	IFX0010/JOB00302
IERRGC	0000	05:25:13	1920	IFX0010/JOB00302
IEAFTRT2	0000	05:25:13	15520	IFX0010/JOB00302
IEDAYY	0008	05:25:06	400	IFX0011/JOB00303
IDCCP01	0000	05:25:14	9280	IFX0011/JOB00303
IEAVAR04	0000	05:25:14	2400	IFX0011/JOB00303
AHLTSIO	0000	05:25:14	4160	IFX0011/JOB00303
IGC0D10D	0008	05:25:15	2000	IFX0011/JOB00303
IEECB907	0000	05:25:15	8640	IFX0011/JOB00303
IECVOID	0008	05:25:15	960	IFX0011/JOB00303
IDA019RH	0000	05:25:16	5760	IFX0011/JOB00303
IEBBAM	0008	05:25:16	1680	IFX0011/JOB00303
IGC0K10D	0008	05:25:16	2400	IFX0011/JOB00303
HEWLFINP	0000	05:25:17	3280	IFX0011/JOB00303
IGCMSG6C	0000	05:25:17	1440	IFX0011/JOB00303
IKJEFF05	0000	05:25:17	4720	IFX0011/JOB00303
IFFAFA02	0012	05:25:18	3760	IFX0011/JOB00303
IGG019MB	0000	05:25:18	10080	IFX0011/JOB00303
ISTZBFZ0	0000	05:25:18	1920	IFX0011/JOB00303
IEAVTSDR	0000	05:25:19	3840	IFX0011/JOB00303
IGE0002A	0000	05:25:19	1920	IFX0011/JOB00303
IFCET003	0000	05:25:19	5200	IFX0011/JOB00303
ISTINCW2	0000	05:25:19	960	IFX0011/JOB00303
ISTSDCPC	0000	05:25:20	2480	IFX0011/JOB00303
IRBMFIWK	0000	05:25:20	1840	IFX0011/JOB00303
IGG0CLC9	0000	05:25:20	12160	IFX0011/JOB00303
BLSVPCCV	0000	05:28:37	2640	IFX0012/JOB00305
ISTZFMUA	0000	05:28:37	640	IFX0012/JOB00305
IEDQWL3	0008	05:28:37	4000	IFX0012/JOB00305
IGG0CLBQ	0000	05:28:37	2400	IFX0012/JOB00305
IEZNCODE	0000	05:28:38	960	IFX0012/JOB00305
IEWSUOVR	0000	05:28:38	560	IFX0012/JOB00305
IKJEHAL1	0000	05:28:38	10000	IFX0012/JOB00305
IDCTP06	0000	05:28:39	2960	IFX0012/JOB00305
ISTAPC41	0000	05:28:39	640	IFX0012/JOB00305
IFCIOHND	0000	05:28:40	19600	IFX0012/JOB00305
IGG019G0	0000	05:28:40	3920	IFX0012/JOB00305
IER8PM	0000	05:28:41	720	IFX0012/JOB00305
IDCCDRL	0000	05:28:41	480	IFX0012/JOB00305
AHLSETD	0000	05:28:41	1760	IFX0012/JOB00305
ISTSC030	0000	05:28:41	9520	IFX0012/JOB00305
IFFAFA01	0012	05:28:42	3040	IFX0012/JOB00305
BLSUZZ2C	0000	05:28:42	640	IFX0012/JOB00305
IRBMFALL	0000	05:28:42	720	IFX0012/JOB00305
BLSCRFM	0000	05:28:42	1040	IFX0012/JOB00305
ISTINCL0	0000	05:28:43	1440	IFX0012/JOB00305
IEAVTEST	0000	05:28:43	800	IFX0012/JOB00305
IECVIOPM	0000	05:28:43	4400	IFX0012/JOB00305
IDCEX03	0000	05:28:44	1280	IFX0012/JOB00305
IEBCQSAM	0000	05:28:44	2160	IFX0012/JOB00305
ISTSDCRS	0000	05:28:44	2800	IFX0012/JOB00305
ISTORFID	0000	05:28:37	400	IFX0013/JOB00306
BLSRSUMM	0000	05:28:44	6240	IFX0013/JOB00306
IEHPROG3	0000	05:28:45	5840	IFX0013/JOB00306
BLSFPERS	0000	05:28:45	1040	IFX0013/JOB00306
IGX00015	0000	05:28:45	560	IFX0013/JOB00306
IGE0011A	0000	05:28:46	1520	IFX0013/JOB00306
BLSCAMPR	0000	05:28:46	1040	IFX0013/JOB00306
IFG0195K	0000	05:28:46	2240	IFX0013/JOB00306
IGG019AT	0000	05:28:47	1360	IFX0013/JOB00306
IGG01946	0008	05:28:47	2400	IFX0013/JOB00306
IGG019OE	0000	05:28:48	3360	IFX0013/JOB00306
IEHLIST3	0000	05:28:48	2160	IFX0013/JOB00306
IFCED155	0000	05:28:48	36320	IFX0013/JOB00306
IFDOLT67	0000	05:29:01	2640	IFX0013/JOB00306
IEBCCS02	0000	05:29:01	4720	IFX0013/JOB00306
IEEVSND6	0004	05:29:01	2640	IFX0013/JOB00306
HMASMTPC	0000	05:29:02	3360	IFX0013/JOB00306
IEFAB4M9	0000	05:29:02	1840	IFX0013/JOB00306
IEECVET6	0000	05:29:02	1600	IFX0013/JOB00306
ISTZIFBB	0000	05:29:02	1120	IFX0013/JOB00306
ISTRCC80	0000	05:29:02	800	IFX0013/JOB00306
ISTOCCQU	0000	05:29:03	2560	IFX0013/JOB00306
IGG0202A	0000	05:29:03	2000	IFX0013/JOB00306
IERAOC	0000	05:29:03	720	IFX0013/JOB00306
IKJEFA21	0000	05:29:04	4240	IFX0013/JOB00306
AMDPREID	0000	05:28:44	480	IFX0014/JOB00307
IKJEES75	0008	05:29:04	2560	IFX0014/JOB00307
BLSUMONL	0000	05:29:05	1440	IFX0014/JOB00307
IEFIB605	0000	05:29:05	960	IFX0014/JOB00307
IDCTSIO5	0000	05:29:05	1120	IFX0014/JOB00307
ISTZGFBB	0000	05:29:05	1520	IFX0014/JOB00307
ISTOCCFO	0000	05:29:05	1040	IFX0014/JOB00307
IKTCAS52	0000	05:29:06	1520	IFX0014/JOB00307
IEAVEXS	0008	05:29:06	960	IFX0014/JOB00307
ISTNMCCS	0000	05:29:06	640	IFX0014/JOB00307
IGC084	0000	05:29:06	480	IFX0014/JOB00307
IERRBJ	0000	05:29:07	720	IFX0014/JOB00307
IGC0009G	0000	05:29:07	4560	IFX0014/JOB00307
IKJEES10	0008	05:29:08	6560	IFX0014/JOB00307
IKJEFA23	0000	05:29:08	3920	IFX0014/JOB00307
IFCEWIN1	0000	05:29:08	9920	IFX0014/JOB00307
IEFVGM78	0000	05:29:09	640	IFX0014/JOB00307
IGG01943	0008	05:29:09	2480	IFX0014/JOB00307
IKJEFR00	0000	05:29:10	12240	IFX0014/JOB00307
IGG0CLB0	0000	05:29:10	6480	IFX0014/JOB00307
IKJEFD34	0000	05:29:11	4160	IFX0014/JOB00307
IGC0K05B	0000	05:29:11	3840	IFX0014/JOB00307
IGCDM10D	0000	05:29:12	1040	IFX0014/JOB00307
IERADJ	0000	05:29:12	400	IFX0014/JOB00307
IKJEFF49	0000	05:29:04	2720	IFX0015/JOB00308
BLSRSYRB	0000	05:29:12	960	IFX0015/JOB00308
IGG032I3	0008	05:29:13	1920	IFX0015/JOB00308
IEAVTABI	0012	05:29:13	6400	IFX0015/JOB00308
IEFAB424	0000	05:29:14	3440	IFX0015/JOB00308
ISTINCPH	0000	05:29:14	7280	IFX0015/JOB00308
IRBMFLAV	0000	05:29:14	240	IFX0015/JOB00308
BLSRVPCP	0000	05:29:15	1440	IFX0015/JOB00308
IASXSD82	0000	05:29:15	6240	IFX0015/JOB00308
IEDQGR	0008	05:29:16	480	IFX0015/JOB00308
IGG0192C	0000	05:29:16	1680	IFX0015/JOB00308
IEAVNPS5	0012	05:29:16	1200	IFX0015/JOB00308
IEAVCKEY	0000	05:29:16	2080	IFX0015/JOB00308
BLSRESRU	0000	05:29:17	2400	IFX0015/JOB00308
IEHDASDR	0000	05:29:17	1680	IFX0015/JOB00308
ICKSA04	0000	05:29:17	9600	IFX0015/JOB00308
IEDQB3	0008	05:29:18	880	IFX0015/JOB00308
BLST08	0000	05:29:18	2640	IFX0015/JOB00308
IGG0325A	0008	05:29:18	1920	IFX0015/JOB00308
IGCMF10D	0008	05:29:19	1600	IFX0015/JOB00308
ISTAPC32	0000	05:29:19	720	IFX0015/JOB00308
IEFJJCLS	0000	05:29:19	800	IFX0015/JOB00308
IERRDH	0000	05:29:19	400	IFX0015/JOB00308
IFCSXXXA	0000	05:29:20	17360	IFX0015/JOB00308
BLSCANLE	0000	05:29:21	4640	IFX0015/JOB00308
IECVXTPT	0012	05:29:12	240	IFX0016/JOB00309
IFG0RR0F	0000	05:29:22	2000	IFX0016/JOB00309
IEDQFE10	0008	05:29:22	1120	IFX0016/JOB00309
IGC121	0000	05:29:22	5680	IFX0016/JOB00309
IGG019TI	0008	05:29:23	1680	IFX0016/JOB00309
IKJEBECH	0000	05:29:23	12480	IFX0016/JOB00309
IEEMB878	0000	05:29:24	1520	IFX0016/JOB00309
IKJEFT07	0000	05:29:24	1440	IFX0016/JOB00309
IEDQFSC	0008	05:29:25	1600	IFX0016/JOB00309
AHLTPMT	0000	05:29:25	6080	IFX0016/JOB00309
IEHMOVE	0000	05:29:26	1360	IFX0016/JOB00309
IGG019JA	0000	05:29:26	1760	IFX0016/JOB00309
IDAICIA1	0000	05:29:26	3600	IFX0016/JOB00309
IDA019RX	0000	05:29:27	8560	IFX0016/JOB00309
ISTCC010	0000	05:29:27	3040	IFX0016/JOB00309
IEECB801	0000	05:29:27	800	IFX0016/JOB00309
IFFCAN03	0000	05:29:28	320	IFX0016/JOB00309
IGG0197D	0000	05:29:28	1360	IFX0016/JOB00309
IKJEFF54	0000	05:29:28	1760	IFX0016/JOB00309
IEBTCR02	0000	05:29:29	2400	IFX0016/JOB00309
IKJEGTCB	0000	05:29:29	8240	IFX0016/JOB00309
IFG0552B	0000	05:29:30	3040	IFX0016/JOB00309
IGG019CU	0000	05:29:31	2400	IFX0016/JOB00309
ISTORFSR	0000	05:29:31	2000	IFX0016/JOB00309
IGCMI10D	0008	05:29:31	1600	IFX0016/JOB00309
IFNX4D	0000	05:29:21	2720	IFX0017/JOB00310
ISTINCIO	0000	05:29:33	9040	IFX0017/JOB00310
ISTOCCCL	0000	05:29:33	7600	IFX0017/JOB00310
IGG019G6	0000	05:29:33	5280	IFX0017/JOB00310
IERAPH	0000	05:29:34	2560	IFX0017/JOB00310
IEDQNS	0008	05:29:34	720	IFX0017/JOB00310
ISTAPC64	0000	05:29:34	640	IFX0017/JOB00310
BLSCFAMS	0000	05:29:35	3600	IFX0017/JOB00310
IER9GB	0000	05:29:35	960	IFX0017/JOB00310
IEE7203D	0000	05:29:35	1600	IFX0017/JOB00310
IFDMSG38	0000	05:29:35	480	IFX0017/JOB00310
BLSCAAMS	0000	05:29:36	3200	IFX0017/JOB00310
IGG0191I	0000	05:29:36	1360	IFX0017/JOB00310
IEFJDWRT	0000	05:29:37	560	IFX0017/JOB00310
BLSTB	0000	05:29:37	480	IFX0017/JOB00310
IFNX3N	0000	05:29:37	5840	IFX0017/JOB00310
IKJEES70	0008	05:29:38	3360	IFX0017/JOB00310
IERRPC	0000	05:29:38	960	IFX0017/JOB00310
IFDOLT39	0000	05:29:38	5600	IFX0017/JOB00310
HMASMRCC	0000	05:29:39	2320	IFX0017/JOB00310
IEFVGM2	0000	05:29:39	720	IFX0017/JOB00310
IEFAB454	0000	05:29:39	2000	IFX0017/JOB00310
IEECVXIT	0000	05:29:39	240	IFX0017/JOB00310
BLSCALOC	0000	05:29:40	2720	IFX0017/JOB00310
IERAO1	0000	05:29:40	1120	IFX0017/JOB00310
IDCCDSD	0000	05:33:46	1600	IFX0018/JOB00312
IERRDD	0000	05:33:46	1040	IFX0018/JOB00312
IKJEBEDX	0008	05:33:46	2800	IFX0018/JOB00312
IFDOLT99	0000	05:33:47	7840	IFX0018/JOB00312
IKJEFP60	0000	05:33:47	11840	IFX0018/JOB00312
IDCAM01	0000	05:33:48	720	IFX0018/JOB00312
IEDNCU	0008	05:33:48	3120	IFX0018/JOB00312
ISTZDFC0	0000	05:33:48	2240	IFX0018/JOB00312
BLSEMDP1	0000	05:33:49	1840	IFX0018/JOB00312
IEFJWRTE	0000	05:33:49	800	IFX0018/JOB00312
HEWLFENS	0000	05:33:49	1360	IFX0018/JOB00312
BLSEDEL1	0000	05:33:49	960	IFX0018/JOB00312
IEECB800	0000	05:33:49	7760	IFX0018/JOB00312
IGC0009D	0000	05:33:50	720	IFX0018/JOB00312
HEWLFESD	0000	05:33:50	3360	IFX0018/JOB00312
IGC0112F	0000	05:33:51	3760	IFX0018/JOB00312
IFG0202K	0000	05:33:51	3120	IFX0018/JOB00312
IGC0209H	0000	05:33:52	1840	IFX0018/JOB00312
IGCMS10D	0008	05:33:52	2080	IFX0018/JOB00312
IGG0192R	0000	05:33:53	1440	IFX0018/JOB00312
IECVXURT	0012	05:33:53	320	IFX0018/JOB00312
IEHMVESK	0000	05:33:53	1600	IFX0018/JOB00312
IKJEBEVE	0008	05:33:53	960	IFX0018/JOB00312
BLSFMD00	0000	05:33:54	4480	IFX0018/JOB00312
IGCMZ10D	0008	05:33:46	880	IFX0019/JOB00313
IDCCDSV	0000	05:33:55	560	IFX0019/JOB00313
IRBMFLHV	0000	05:33:55	3520	IFX0019/JOB00313
ISTSC02C	0000	05:33:55	1040	IFX0019/JOB00313
IDCRD02	0000	05:33:55	9200	IFX0019/JOB00313
ISTINCUM	0000	05:33:56	2400	IFX0019/JOB00313
IEFDB4D0	0000	05:33:56	12800	IFX0019/JOB00313
IERABT	0000	05:33:56	480	IFX0019/JOB00313
IEFAB422	0000	05:33:56	2800	IFX0019/JOB00313
ILRGOS01	0000	05:33:57	4960	IFX0019/JOB00313
BLSFDALL	0000	05:33:57	1440	IFX0019/JOB00313
BLSUIT01	0000	05:33:57	560	IFX0019/JOB00313
IGG019V4	0000	05:33:58	880	IFX0019/JOB00313
IFCSXXXB	0000	05:33:58	27760	IFX0019/JOB00313
IRBMFDTA	0000	05:34:02	2880	IFX0019/JOB00313
IGG0195D	0000	05:34:03	1280	IFX0019/JOB00313
IGG019HA	0000	05:34:03	1520	IFX0019/JOB00313
BLSCRTCB	0000	05:34:03	1200	IFX0019/JOB00313
AMDPRPMS	0000	05:34:03	8000	IFX0019/JOB00313
IGG0191J	0000	05:34:04	1440	IFX0019/JOB00313
IFFAEA02	0012	05:34:04	480	IFX0019/JOB00313
IEAVNPA6	0012	05:34:04	1280	IFX0019/JOB00313
HMASMTM3	0000	05:34:05	6880	IFX0019/JOB00313
ISTZIFNB	0000	05:34:05	2640	IFX0019/JOB00313
ISTIC000	0000	05:34:05	8880	IFX0019/JOB00313
ICBVMT00	0000	05:33:54	10400	IFX0020/JOB00314
IKJEFF10	0000	05:34:07	320	IFX0020/JOB00314
IEE90110	0000	05:34:07	480	IFX0020/JOB00314
IDCAV01	0000	05:34:07	19600	IFX0020/JOB00314
IDA0557A	0000	05:34:07	19120	IFX0020/JOB00314
IEAVTMTC	0000	05:34:08	2560	IFX0020/JOB00314
IGG08104	0008	05:34:08	2080	IFX0020/JOB00314
ISTZAF0B	0000	05:34:09	3200	IFX0020/JOB00314
IGG0196M	0000	05:34:09	1840	IFX0020/JOB00314
IGG0193S	0000	05:34:10	2080	IFX0020/JOB00314
ISDAPARM	0000	05:34:11	11280	IFX0020/JOB00314
HMBLKCTL	0000	05:34:11	14240	IFX0020/JOB00314
IEHDREST	0008	05:34:12	4640	IFX0020/JOB00314
ISTZJF0B	0000	05:34:13	480	IFX0020/JOB00314
HMASMUC2	0008	05:34:13	18000	IFX0020/JOB00314
IFDOLT09	0000	05:34:13	800	IFX0020/JOB00314
IFCSXXX3	0000	05:34:13	14000	IFX0020/JOB00314
IFNX5V	0000	05:34:15	2800	IFX0020/JOB00314
BLSFPERA	0000	05:34:16	1440	IFX0020/JOB00314
BLSELPDS	0000	05:34:16	720	IFX0020/JOB00314
IEDPCIN	0008	05:34:16	3280	IFX0020/JOB00314
IFCTA201	0000	05:34:16	7120	IFX0020/JOB00314
ISTZDFMF	0000	05:34:17	640	IFX0020/JOB00314
IERAGM	0000	05:34:17	1440	IFX0020/JOB00314
IGG0192L	0000	05:34:17	1120	IFX0020/JOB00314
IKJEBEMR	0008	05:34:06	1360	IFX0021/JOB00315
HMASMFXF	0000	05:34:18	3680	IFX0021/JOB00315
IEAVAD05	0000	05:34:18	3600	IFX0021/JOB00315
IEEZB03D	0000	05:34:18	3280	IFX0021/JOB00315
BLSRESGU	0000	05:34:18	800	IFX0021/JOB00315
IEFSD162	0000	05:34:19	4000	IFX0021/JOB00315
IFDOLT13	0000	05:34:20	1280	IFX0021/JOB00315
IGC0I10D	0008	05:34:20	2560	IFX0021/JOB00315
HMASMLCC	0000	05:34:20	6400	IFX0021/JOB00315
IFCT1107	0000	05:34:21	6880	IFX0021/JOB00315
ICKEX02	0000	05:34:21	960	IFX0021/JOB00315
IEAVAD00	0000	05:34:21	9600	IFX0021/JOB00315
BLSVIOC	0000	05:34:22	3040	IFX0021/JOB00315
IEDSAO	0008	05:34:22	1520	IFX0021/JOB00315
IECLMSGD	0000	05:34:22	2480	IFX0021/JOB00315
ICBVIN00	0000	05:34:22	18480	IFX0021/JOB00315
IKT0940D	0000	05:34:23	560	IFX0021/JOB00315
ISTINCX2	0000	05:34:23	720	IFX0021/JOB00315
ISTZIFSB	0000	05:34:23	1360	IFX0021/JOB00315
ICBME	0000	05:34:23	1920	IFX0021/JOB00315
IGG019RN	0008	05:34:24	4080	IFX0021/JOB00315
IEFICPUA	0000	05:34:24	640	IFX0021/JOB00315
IDA0192P	0000	05:34:24	4320	IFX0021/JOB00315
IEBUPDTE	0000	05:34:25	2000	IFX0021/JOB00315
ISTZIFMB	0000	05:34:25	3600	IFX0021/JOB00315
AMDSYS04	0000	05:34:17	7280	IFX0022/JOB00316
IKJEFLCM	0000	05:34:26	640	IFX0022/JOB00316
IEEMPS03	0000	05:34:26	3840	IFX0022/JOB00316
IEE6703D	0000	05:34:27	2720	IFX0022/JOB00316
IGG3PCAN	0000	05:34:27	1120	IFX0022/JOB00316
IERRBN	0000	05:34:27	400	IFX0022/JOB00316
IEECVFTL	0000	05:34:28	1760	IFX0022/JOB00316
IEECVETC	0008	05:34:28	1520	IFX0022/JOB00316
IKT09414	0000	05:34:28	400	IFX0022/JOB00316
IEAVESC0	0008	05:34:28	1120	IFX0022/JOB00316
ISTINCE5	0000	05:34:29	720	IFX0022/JOB00316
IERRDT	0000	05:34:29	1040	IFX0022/JOB00316
BLSSCSD	0000	05:34:29	880	IFX0022/JOB00316
IGG019TX	0000	05:34:29	320	IFX0022/JOB00316
IFFAFA05	0012	05:34:30	1120	IFX0022/JOB00316
IEAVEDS0	0008	05:34:30	7280	IFX0022/JOB00316
IDA0192S	0000	05:34:30	3040	IFX0022/JOB00316
IEFAB4M4	0000	05:34:31	1360	IFX0022/JOB00316
IDA019RM	0000	05:34:31	3760	IFX0022/JOB00316
IEAVGFRR	0000	05:34:31	4960	IFX0022/JOB00316
IKJEGATD	0008	05:34:31	1440	IFX0022/JOB00316
ISTCSCAC	0000	05:34:32	960	IFX0022/JOB00316
IERAPL	0000	05:34:32	2320	IFX0022/JOB00316
ISTAICTN	0000	05:34:32	2000	IFX0022/JOB00316
BLSRDUDE	0000	05:34:32	1440	IFX0022/JOB00316
IGE0404A	0000	05:34:25	800	IFX0023/JOB00317
IGG0940H	0008	05:34:33	1920	IFX0023/JOB00317
IGG019GO	0000	05:34:33	6240	IFX0023/JOB00317
IGE0904B	0000	05:34:34	1840	IFX0023/JOB00317
IEECB912	0000	05:34:34	1520	IFX0023/JOB00317
IGC0C06F	0000	05:34:34	1680	IFX0023/JOB00317
IKJEFF76	0000	05:34:35	2080	IFX0023/JOB00317
IDCIO04	0000	05:34:35	2080	IFX0023/JOB00317
IEHMVESM	0000	05:34:35	4160	IFX0023/JOB00317
IEEVSND3	0000	05:34:36	2400	IFX0023/JOB00317
IGG019OC	0000	05:34:36	320	IFX0023/JOB00317
BLSCRQST	0000	05:34:36	1680	IFX0023/JOB00317
ISTEC000	0000	05:34:36	240	IFX0023/JOB00317
IEBVMS	0000	05:34:37	7520	IFX0023/JOB00317
HMASMASM	0000	05:34:37	5680	IFX0023/JOB00317
ISTOCCCN	0000	05:34:37	3200	IFX0023/JOB00317
IDCCDCO	0000	05:34:38	1360	IFX0023/JOB00317
IGG020P1	0008	05:34:38	3600	IFX0023/JOB00317
ISTINCLM	0000	05:34:39	880	IFX0023/JOB00317
IEAVTSDO	0000	05:34:39	2400	IFX0023/JOB00317
IDCSA05	0000	05:34:39	1600	IFX0023/JOB00317
IEFJCDLT	0000	05:34:40	560	IFX0023/JOB00317
IFNX4E	0000	05:34:40	3200	IFX0023/JOB00317
IDA0200S	0000	05:34:40	2640	IFX0023/JOB00317
IFG0191X	0000	05:34:41	3200	IFX0023/JOB00317
IDCTSPR0	0000	05:38:42	2800	IFX0024/JOB00319
IGFDU1	0000	05:38:43	1040	IFX0024/JOB00319
IKT09405	0000	05:38:43	560	IFX0024/JOB00319
IGG0CLAS	0000	05:38:43	6560	IFX0024/JOB00319
IEFRPREP	0000	05:38:43	2000	IFX0024/JOB00319
ISTCFCS1	0000	05:38:44	3280	IFX0024/JOB00319
ISTOCCDF	0000	05:38:44	1440	IFX0024/JOB00319
HMASMTAD	0000	05:38:44	1280	IFX0024/JOB00319
IEBGSCAN	0000	05:38:45	6400	IFX0024/JOB00319
IEAVNP08	0012	05:38:45	4560	IFX0024/JOB00319
IEFVGM3	0000	05:38:45	880	IFX0024/JOB00319
ISDADCK1	0008	05:38:45	6720	IFX0024/JOB00319
IGG0197U	0000	05:38:46	1840	IFX0024/JOB00319
IEAVGPRR	0008	05:38:46	4960	IFX0024/JOB00319
IDCTSNC0	0000	05:38:47	320	IFX0024/JOB00319
ISTINCV6	0000	05:38:47	960	IFX0024/JOB00319
BLSSASXB	0000	05:38:47	1040	IFX0024/JOB00319
IERRPO	0000	05:38:47	1760	IFX0024/JOB00319
IRBMFINP	0000	05:38:48	23680	IFX0024/JOB00319
BLSRDUCL	0000	05:38:49	800	IFX0024/JOB00319
IEDQE4	0008	05:38:49	560	IFX0024/JOB00319
IDA0192Z	0000	05:38:49	11520	IFX0024/JOB00319
IGG019PC	0000	05:38:50	640	IFX0024/JOB00319
BLSVRB	0000	05:38:50	3040	IFX0024/JOB00319
IKJRBBMG	0000	05:38:42	1440	IFX0025/JOB00320
BLSTU5	0000	05:38:50	2240	IFX0025/JOB00320
IERAO2	0000	05:38:50	3360	IFX0025/JOB00320
IEFVGM5	0000	05:38:51	640	IFX0025/JOB00320
IGC0002G	0000	05:38:51	2720	IFX0025/JOB00320
IEAVEPD0	0000	05:38:52	1840	IFX0025/JOB00320
AMDPRCVT	0000	05:38:53	9600	IFX0025/JOB00320
IGG019PQ	0000	05:38:53	560	IFX0025/JOB00320
IEFAB480	0000	05:38:53	5360	IFX0025/JOB00320
HEWLFINT	0000	05:38:53	6960	IFX0025/JOB00320
ICGDSS06	0000	05:38:54	2800	IFX0025/JOB00320
IEAVTRT1	0008	05:38:54	3120	IFX0025/JOB00320
IDCCDMG	0000	05:38:55	2000	IFX0025/JOB00320
IRBMFLDV	0000	05:38:55	4080	IFX0025/JOB00320
IFDMSG73	0000	05:38:55	1440	IFX0025/JOB00320
ISTDCC13	0000	05:38:55	880	IFX0025/JOB00320
IEAVEQV0	0000	05:38:55	4560	IFX0025/JOB00320
IKJEGLST	0008	05:38:56	6400	IFX0025/JOB00320
IDCTSCO0	0000	05:38:57	1600	IFX0025/JOB00320
IGE0604C	0000	05:38:57	1040	IFX0025/JOB00320
IEFAB479	0000	05:38:57	5440	IFX0025/JOB00320
IKJEBEFO	0000	05:38:57	4000	IFX0025/JOB00320
ISTINCRF	0000	05:38:58	2160	IFX0025/JOB00320
IGFPTSIG	0000	05:38:58	1360	IFX0025/JOB00320
IEFSD160	0000	05:38:50	1280	IFX0026/JOB00321
ISTSEC51	0000	05:38:59	1200	IFX0026/JOB00321
IGG019JK	0000	05:38:59	320	IFX0026/JOB00321
IECTCATN	0000	05:38:59	800	IFX0026/JOB00321
IGG019Q7	0008	05:38:59	2640	IFX0026/JOB00321
IFNX6B	0000	05:39:00	8240	IFX0026/JOB00321
IERADL	0000	05:39:01	480	IFX0026/JOB00321
IDCVS01	0000	05:39:01	12800	IFX0026/JOB00321
IEE5503D	0000	05:39:01	1520	IFX0026/JOB00321
IGG019P2	0000	05:39:02	480	IFX0026/JOB00321
IDCIO02	0000	05:39:02	16480	IFX0026/JOB00321
ISTINCL2	0000	05:39:02	880	IFX0026/JOB00321
IEEMPVST	0000	05:39:02	10000	IFX0026/JOB00321
IDCSA09	0000	05:39:03	5200	IFX0026/JOB00321
IERRCJ	0000	05:39:03	2000	IFX0026/JOB00321
IEAVRT01	0000	05:39:03	2400	IFX0026/JOB00321
IKJEFT82	0000	05:39:04	7120	IFX0026/JOB00321
BLSSTCB	0000	05:39:04	1840	IFX0026/JOB00321
IFDOLT41	0000	05:39:04	720	IFX0026/JOB00321
IEAVNP03	0012	05:39:04	17360	IFX0026/JOB00321
IGC0108B	0008	05:39:05	3040	IFX0026/JOB00321
HMASMPGC	0000	05:39:05	3760	IFX0026/JOB00321
IDDWICLS	0000	05:39:06	800	IFX0026/JOB00321
IEAVAD10	0000	05:39:06	1600	IFX0026/JOB00321
IGFPMFRS	0000	05:39:06	720	IFX0026/JOB00321
IFCT2204	0000	05:38:58	4880	IFX0027/JOB00322
IKT09401	0000	05:39:06	800	IFX0027/JOB00322
IEECVFTO	0000	05:39:07	1600	IFX0027/JOB00322
IEAVEE1R	0000	05:39:07	320	IFX0027/JOB00322
IEDQIN	0008	05:39:07	1200	IFX0027/JOB00322
IFG0TC0A	0000	05:39:07	7760	IFX0027/JOB00322
HMASMBUE	0000	05:39:08	3440	IFX0027/JOB00322
IGCA910D	0008	05:39:08	1360	IFX0027/JOB00322
IECLMSGG	0000	05:39:08	1920	IFX0027/JOB00322
IKJEFTE2	0000	05:39:09	320	IFX0027/JOB00322
IGCM010D	0008	05:39:09	1120	IFX0027/JOB00322
ISTZIFID	0000	05:39:09	2320	IFX0027/JOB00322
IEFSDXXX	0000	05:39:10	1840	IFX0027/JOB00322
IDCEV01	0000	05:39:10	6960	IFX0027/JOB00322
IECVITRP	0000	05:39:10	400	IFX0027/JOB00322
IGG019CM	0000	05:39:10	1280	IFX0027/JOB00322
IHDGSP03	0012	05:39:11	2320	IFX0027/JOB00322
IDCBI01	0000	05:39:11	22640	IFX0027/JOB00322
ISTSDCLN	0000	05:39:11	8880	IFX0027/JOB00322
ICBMSG05	0000	05:39:11	15120	IFX0027/JOB00322
BLSCRECV	0000	05:39:12	640	IFX0027/JOB00322
IEBIOE	0000	05:39:12	4080	IFX0027/JOB00322
IFG0552X	0000	05:39:13	2720	IFX0027/JOB00322
IERROC	0000	05:39:14	1360	IFX0027/JOB00322
IFOX0C	0000	05:39:14	3440	IFX0027/JOB00322
IGCFJ10D	0008	05:39:06	3280	IFX0028/JOB00323
IEFTB721	0000	05:39:15	3200	IFX0028/JOB00323
IGG0201P	0000	05:39:15	2080	IFX0028/JOB00323
IFCET005	0000	05:39:16	2800	IFX0028/JOB00323
IHEGSP03	0012	05:39:17	2400	IFX0028/JOB00323
ICGDSBLD	0000	05:39:17	4560	IFX0028/JOB00323
IERAGH	0000	05:39:17	720	IFX0028/JOB00323
IFG019RA	0000	05:39:18	9360	IFX0028/JOB00323
ISTAICPT	0000	05:39:19	3040	IFX0028/JOB00323
AHLWTO	0000	05:39:20	1120	IFX0028/JOB00323
IEDAYOO	0000	05:39:20	3600	IFX0028/JOB00323
IEDQHK	0008	05:39:21	3040	IFX0028/JOB00323
IFFAFA03	0012	05:39:21	3520	IFX0028/JOB00323
IEDSAI	0008	05:39:21	3120	IFX0028/JOB00323
IKTCASCX	0000	05:39:22	1680	IFX0028/JOB00323
IGG0CLAA	0000	05:39:22	6160	IFX0028/JOB00323
IEEMB876	0000	05:39:22	320	IFX0028/JOB00323
IEHDMSGB	0000	05:39:22	400	IFX0028/JOB00323
IFFAFA13	0012	05:39:23	1040	IFX0028/JOB00323
ISTZIFOE	0000	05:39:23	1680	IFX0028/JOB00323
ISTZAF1R	0000	05:39:23	5920	IFX0028/JOB00323
IGG019DD	0000	05:39:24	2240	IFX0028/JOB00323
IDA019RI	0000	05:39:24	6000	IFX0028/JOB00323
IEEZA03D	0000	05:39:15	5120	IFX0029/JOB00324
ISTYTCM1	0000	05:39:25	5760	IFX0029/JOB00324
BNGLOGR2	0000	05:39:25	6320	IFX0029/JOB00324
IKTVTGET	0000	05:39:26	4080	IFX0029/JOB00324
ISTINCTR	0000	05:39:26	3680	IFX0029/JOB00324
IKJRBBMP	0000	05:39:26	3760	IFX0029/JOB00324
IERRCW	0000	05:39:27	640	IFX0029/JOB00324
IEECVFTM	0000	05:39:27	1520	IFX0029/JOB00324
ISTINCD7	0000	05:39:28	640	IFX0029/JOB00324
IEHMVSRV	0000	05:39:28	4400	IFX0029/JOB00324
HMASMRJD	0000	05:39:29	2000	IFX0029/JOB00324
IFCTA105	0000	05:39:29	8480	IFX0029/JOB00324
IGFPMCIH	0000	05:39:29	2000	IFX0029/JOB00324
IEHMVESP	0000	05:39:30	2640	IFX0029/JOB00324
IEHMVESO	0000	05:39:30	1360	IFX0029/JOB00324
IEFVGM67	0000	05:39:30	720	IFX0029/JOB00324
IGG019MD	0000	05:39:30	560	IFX0029/JOB00324
IEFAB496	0004	05:39:30	2800	IFX0029/JOB00324
IEE3603D	0000	05:39:31	5280	IFX0029/JOB00324
IERBGB	0000	05:39:31	4640	IFX0029/JOB00324
IFCT2104	0000	05:39:31	5600	IFX0029/JOB00324
ISTSDCP3	0000	05:39:32	960	IFX0029/JOB00324
ISDAFSC1	0008	05:39:32	4240	IFX0029/JOB00324
IGG0198B	0008	05:39:32	2080	IFX0029/JOB00324
AMDPRMST	0008	05:43:34	7360	IFX0030/JOB00326
IEAVTSL2	0000	05:43:35	4720	IFX0030/JOB00326
ICGDSS05	0000	05:43:35	5120	IFX0030/JOB00326
BLSRMSGD	0000	05:43:36	1520	IFX0030/JOB00326
IEDAY2	0000	05:43:36	1840	IFX0030/JOB00326
ILRFRR01	0008	05:43:36	3840	IFX0030/JOB00326
IEDQNV	0008	05:43:36	1840	IFX0030/JOB00326
IBCDMPRS	0008	05:43:37	26800	IFX0030/JOB00326
IEAVLK02	0008	05:43:37	3040	IFX0030/JOB00326
IDA0231T	0000	05:43:37	3680	IFX0030/JOB00326
IEFVH1	0000	05:43:38	1600	IFX0030/JOB00326
IEAV1052	0008	05:43:38	3920	IFX0030/JOB00326
ISTZBFND	0000	05:43:39	1200	IFX0030/JOB00326
IEDQES	0008	05:43:39	640	IFX0030/JOB00326
IFDOLT31	0000	05:43:40	3600	IFX0030/JOB00326
IFBDCB01	0000	05:43:40	560	IFX0030/JOB00326
IKJEFT30	0000	05:43:40	6880	IFX0030/JOB00326
IEHMVESC	0000	05:43:40	5760	IFX0030/JOB00326
IDCSD01	0000	05:43:41	14960	IFX0030/JOB00326
IFG0194J	0000	05:43:41	8320	IFX0030/JOB00326
ICKTP04	0000	05:43:42	6320	IFX0030/JOB00326
BLSRDULS	0000	05:43:43	1920	IFX0030/JOB00326
IEFU29	0000	05:43:43	240	IFX0030/JOB00326
IEFAB48A	0004	05:43:43	3920	IFX0030/JOB00326
IERRCY	0000	05:43:44	640	IFX0030/JOB00326
IEAVMNTR	0000	05:43:35	2560	IFX0031/JOB00327
IGC0008H	0000	05:43:44	640	IFX0031/JOB00327
IFDOLT56	0000	05:43:44	1360	IFX0031/JOB00327
IEFSD088	0000	05:43:44	640	IFX0031/JOB00327
IGCM810D	0008	05:43:45	1760	IFX0031/JOB00327
AMDSYS05	0000	05:43:45	1680	IFX0031/JOB00327
IEEMB821	0000	05:43:45	5440	IFX0031/JOB00327
AMASPZAP	0000	05:43:46	20160	IFX0031/JOB00327
IECVXURS	0008	05:43:47	400	IFX0031/JOB00327
BLSRVPTC	0000	05:43:47	640	IFX0031/JOB00327
ILRQSRIT	0012	05:43:47	1440	IFX0031/JOB00327
IKJEGEQU	0000	05:43:48	4880	IFX0031/JOB00327
IERROO	0000	05:43:49	1600	IFX0031/JOB00327
ISTINC02	0000	05:43:49	2080	IFX0031/JOB00327
IEDQW42	0008	05:43:49	1200	IFX0031/JOB00327
ISDADHE1	0008	05:43:49	9280	IFX0031/JOB00327
IEDQE6	0008	05:43:49	320	IFX0031/JOB00327
BLSCAINT	0000	05:43:50	1760	IFX0031/JOB00327
IEE4203D	0000	05:43:50	2240	IFX0031/JOB00327
ISTAPC52	0000	05:43:50	1680	IFX0031/JOB00327
IKJEBETA	0008	05:43:50	2400	IFX0031/JOB00327
AMAPTF01	0000	05:43:51	6240	IFX0031/JOB00327
IEFDPOST	0000	05:43:52	560	IFX0031/JOB00327
ISTOCCRT	0000	05:43:52	2160	IFX0031/JOB00327
IECVXSKE	0008	05:43:44	240	IFX0032/JOB00328
IEEVDEV	0000	05:43:52	2160	IFX0032/JOB00328
IDCST01	0000	05:43:53	3040	IFX0032/JOB00328
IKJEFLA	0000	05:43:53	3120	IFX0032/JOB00328
IGC0107C	0000	05:43:53	1120	IFX0032/JOB00328
IGG0325P	0008	05:43:53	2320	IFX0032/JOB00328
IEAVECBV	0000	05:43:54	1520	IFX0032/JOB00328
ICBVPI00	0000	05:43:55	1920	IFX0032/JOB00328
IEE5703D	0000	05:43:55	1360	IFX0032/JOB00328
IGC0002D	0000	05:43:55	1280	IFX0032/JOB00328
IERABN	0000	05:43:56	320	IFX0032/JOB00328
IEDQAT	0008	05:43:56	1040	IFX0032/JOB00328
IEHMVSSX	0000	05:43:56	5600	IFX0032/JOB00328
IGG019IN	0000	05:43:57	5840	IFX0032/JOB00328
IGG0CLBP	0000	05:43:57	6640	IFX0032/JOB00328
IGG0201Y	0000	05:43:58	1600	IFX0032/JOB00328
IDCCDRM	0000	05:43:59	4000	IFX0032/JOB00328
IEAVMWTL	0000	05:43:59	400	IFX0032/JOB00328
IEBDGMSG	0000	05:43:59	6240	IFX0032/JOB00328
IDCCDDL	0000	05:43:59	2800	IFX0032/JOB00328
IDA019RS	0000	05:44:00	6480	IFX0032/JOB00328
ISTZKFCB	0000	05:44:00	560	IFX0032/JOB00328
IGE0704A	0000	05:44:00	960	IFX0032/JOB00328
BLSRESAR	0000	05:44:00	1120	IFX0032/JOB00328
IERAOU	0000	05:44:01	480	IFX0032/JOB00328
ICKIO02	0000	05:43:52	9120	IFX0033/JOB00329
IER9BN	0000	05:44:02	320	IFX0033/JOB00329
IDCRD01	0000	05:44:02	4080	IFX0033/JOB00329
IEECVET9	0000	05:44:02	1440	IFX0033/JOB00329
IEESB606	0000	05:44:03	560	IFX0033/JOB00329
IFCEXXX2	0000	05:44:03	11040	IFX0033/JOB00329
IEAVTLCL	0000	05:44:03	4480	IFX0033/JOB00329
IGG0192H	0000	05:44:04	1600	IFX0033/JOB00329
IERABO	0000	05:44:04	320	IFX0033/JOB00329
IGG0CLCC	0000	05:44:05	7040	IFX0033/JOB00329
ISTZDFI0	0000	05:44:05	1200	IFX0033/JOB00329
IKJEFT52	0000	05:44:05	720	IFX0033/JOB00329
IEHATLAS	0000	05:44:06	6400	IFX0033/JOB00329
ISTINCXR	0000	05:44:06	1520	IFX0033/JOB00329
AMDPRPMG	0000	05:44:06	2400	IFX0033/JOB00329
IEFAB4M6	0000	05:44:07	720	IFX0033/JOB00329
IFCS0155	0000	05:44:07	2880	IFX0033/JOB00329
BLSRLIST	0000	05:44:07	3200	IFX0033/JOB00329
IECQBFG1	0000	05:44:07	480	IFX0033/JOB00329
IFCETRN0	0000	05:44:08	8880	IFX0033/JOB00329
IEBUPXIT	0000	05:44:08	4080	IFX0033/JOB00329
IERROB	0000	05:44:09	2400	IFX0033/JOB00329
AMDSYS00	0000	05:44:09	3840	IFX0033/JOB00329
IEAVAD02	0000	05:44:09	1120	IFX0033/JOB00329
IEAVLK01	0008	05:44:09	5120	IFX0033/JOB00329
IEBDRD	0008	05:44:01	3360	IFX0034/JOB00330
IGCMN10D	0008	05:44:10	2880	IFX0034/JOB00330
IRBMFRHR	0000	05:44:11	5200	IFX0034/JOB00330
IDCLM01	0000	05:44:11	18640	IFX0034/JOB00330
IEHDMSGS	0000	05:44:11	5840	IFX0034/JOB00330
IEE6903D	0000	05:44:12	2400	IFX0034/JOB00330
IGARPT01	0004	05:44:12	8720	IFX0034/JOB00330
BLSVUCB	0000	05:44:13	3040	IFX0034/JOB00330
ISTCSCLG	0000	05:44:14	640	IFX0034/JOB00330
ISTINCU8	0000	05:44:14	480	IFX0034/JOB00330
IGG0CLDC	0000	05:44:14	3600	IFX0034/JOB00330
IGG019CI	0000	05:44:14	560	IFX0034/JOB00330
IERADQ	0000	05:44:14	480	IFX0034/JOB00330
IDCTU01	0000	05:44:15	8080	IFX0034/JOB00330
IEFAB4EE	0000	05:44:15	2160	IFX0034/JOB00330
IDCLR01	0000	05:44:15	34080	IFX0034/JOB00330
IEDQWH	0008	05:44:16	2240	IFX0034/JOB00330
IDDWIMRG	0000	05:44:16	400	IFX0034/JOB00330
IGCD310D	0008	05:44:16	2800	IFX0034/JOB00330
ISTNSC00	0000	05:44:17	18560	IFX0034/JOB00330
IGG019GA	0000	05:44:18	5600	IFX0034/JOB00330
IFCTC205	0000	05:44:18	7200	IFX0034/JOB00330
IGG0325D	0008	05:44:19	1760	IFX0034/JOB00330
ISTSC020	0000	05:44:19	3600	IFX0034/JOB00330
IEEVPTH	0000	05:44:19	8720	IFX0034/JOB00330
IRBMFTCH	0000	05:44:10	640	IFX0035/JOB00331
IFG0196Q	0000	05:44:20	1520	IFX0035/JOB00331
IEFVFB	0000	05:44:21	3280	IFX0035/JOB00331
IGFDT1	0000	05:44:21	2800	IFX0035/JOB00331
IEEMB804	0000	05:44:21	3280	IFX0035/JOB00331
IOEDKCLS	0000	05:44:22	640	IFX0035/JOB00331
ISDADHE0	0008	05:44:22	4240	IFX0035/JOB00331
ICKSA05	0000	05:44:22	1520	IFX0035/JOB00331
IDA019R2	0000	05:44:23	4960	IFX0035/JOB00331
IEEMB816	0000	05:44:23	4720	IFX0035/JOB00331
IEFAB489	0000	05:44:24	5840	IFX0035/JOB00331
ISTINCD3	0000	05:44:24	2080	IFX0035/JOB00331
IGG019BD	0000	05:44:24	720	IFX0035/JOB00331
IKTOMIDS	0000	05:44:25	3760	IFX0035/JOB00331
IKJEFP00	0000	05:44:25	16480	IFX0035/JOB00331
IGC0009H	0000	05:44:26	2240	IFX0035/JOB00331
IEHLIST2	0000	05:44:26	8480	IFX0035/JOB00331
IGG0CLAR	0000	05:44:26	2000	IFX0035/JOB00331
BLSUPUTA	0000	05:44:27	640	IFX0035/JOB00331
ICB2ATTN	0000	05:44:27	1840	IFX0035/JOB00331
BLSFGG00	0000	05:44:27	1520	IFX0035/JOB00331
IEDQUI	0008	05:44:27	320	IFX0035/JOB00331
ISTZFFDB	0000	05:44:28	1200	IFX0035/JOB00331
IEFQB550	0000	05:44:28	2320	IFX0035/JOB00331
IGG019PO	0000	05:48:23	640	IFX0036/JOB00333
FCB3STD3	0000	05:48:23	320	IFX0036/JOB00333
IKJEFT09	0000	05:48:23	1440	IFX0036/JOB00333
IFDMSG50	0000	05:48:24	3520	IFX0036/JOB00333
IFCETRN4	0000	05:48:24	6400	IFX0036/JOB00333
IGG0CLAF	0000	05:48:25	6800	IFX0036/JOB00333
IGC00020	0000	05:48:25	2960	IFX0036/JOB00333
IEFAB4FF	0000	05:48:26	1120	IFX0036/JOB00333
IGE0119I	0000	05:48:26	1440	IFX0036/JOB00333
IFCEC165	0000	05:48:26	18880	IFX0036/JOB00333
ILRSRT	0008	05:48:27	6400	IFX0036/JOB00333
IFDOLT10	0000	05:48:28	720	IFX0036/JOB00333
IEE7703D	0000	05:48:28	1040	IFX0036/JOB00333
IEECB866	0000	05:48:28	8800	IFX0036/JOB00333
IGG019AD	0000	05:48:29	560	IFX0036/JOB00333
IGG0191D	0000	05:48:29	1920	IFX0036/JOB00333
IKJCT466	0000	05:48:30	1040	IFX0036/JOB00333
AMDPRDPS	0000	05:48:30	5440	IFX0036/JOB00333
IOEDKGET	0000	05:48:30	1520	IFX0036/JOB00333
ICB2SIOF	0000	05:48:30	1120	IFX0036/JOB00333
IDCRS01	0000	05:48:31	26480	IFX0036/JOB00333
BLSUMONT	0000	05:48:31	480	IFX0036/JOB00333
IGG019GD	0000	05:48:31	3040	IFX0036/JOB00333
BLSRSURB	0000	05:48:32	4880	IFX0036/JOB00333
ISTRCC52	0000	05:48:32	1760	IFX0036/JOB00333
ISTYTCM3	0000	05:48:23	5520	IFX0037/JOB00334
IFDOLT23	0000	05:48:33	6080	IFX0037/JOB00334
ISTNMCCI	0000	05:48:33	1280	IFX0037/JOB00334
IERAPF	0000	05:48:33	1760	IFX0037/JOB00334
IGCFI10D	0008	05:48:33	2720	IFX0037/JOB00334
IERAPA	0000	05:48:33	960	IFX0037/JOB00334
IGG0192I	0000	05:48:34	1520	IFX0037/JOB00334
IGG019CX	0000	05:48:34	480	IFX0037/JOB00334
IGC1006F	0000	05:48:34	1680	IFX0037/JOB00334
IEBMCM	0000	05:48:35	1200	IFX0037/JOB00334
IGG0CLBU	0000	05:48:35	1520	IFX0037/JOB00334
IKJEBEMA	0000	05:48:35	5840	IFX0037/JOB00334
ISDAAPR1	0008	05:48:36	10000	IFX0037/JOB00334
ISTINCW7	0000	05:48:36	640	IFX0037/JOB00334
IGCDL10D	0008	05:48:36	2320	IFX0037/JOB00334
IER9BO	0000	05:48:37	400	IFX0037/JOB00334
IGG019RW	0000	05:48:37	320	IFX0037/JOB00334
ISTZBM0K	0000	05:48:37	1280	IFX0037/JOB00334
IKJEFF06	0000	05:48:37	1520	IFX0037/JOB00334
IEAVTSLR	0000	05:48:37	3520	IFX0037/JOB00334
BLSCANLI	0000	05:48:38	1440	IFX0037/JOB00334
ICKSD02	0000	05:48:38	11440	IFX0037/JOB00334
ICGDSB05	0000	05:48:38	1680	IFX0037/JOB00334
IGG0191L	0000	05:48:39	1760	IFX0037/JOB00334
IFDOLT98	0000	05:48:39	4400	IFX0037/JOB00334
IGCM510D	0008	05:48:32	1040	IFX0038/JOB00335
IGG0196R	0000	05:48:40	1680	IFX0038/JOB00335
IGCAC10D	0008	05:48:41	1200	IFX0038/JOB00335
IFFAGA07	0012	05:48:41	4000	IFX0038/JOB00335
ISTINCF1	0000	05:48:41	800	IFX0038/JOB00335
IEDQAL	0008	05:48:41	480	IFX0038/JOB00335
IGCV010D	0008	05:48:42	2000	IFX0038/JOB00335
IEAFTIHS	0000	05:48:42	8720	IFX0038/JOB00335
IEAVNP12	0012	05:48:42	6080	IFX0038/JOB00335
IFDOLT00	0000	05:48:43	3600	IFX0038/JOB00335
IGG019I2	0000	05:48:44	5760	IFX0038/JOB00335
IFDMSG54	0000	05:48:44	800	IFX0038/JOB00335
IFCETRN2	0000	05:48:44	4480	IFX0038/JOB00335
ISTZBFIF	0000	05:48:45	4400	IFX0038/JOB00335
IFG0196U	0000	05:48:45	1840	IFX0038/JOB00335
IFCE2860	0000	05:48:46	28720	IFX0038/JOB00335
ISTZIFCB	0000	05:48:47	4000	IFX0038/JOB00335
IDCTSUV0	0000	05:48:47	2000	IFX0038/JOB00335
ISTZFFEA	0000	05:48:47	1280	IFX0038/JOB00335
ILRSRB01	0008	05:48:47	1680	IFX0038/JOB00335
HMASMSUP	0000	05:48:48	4320	IFX0038/JOB00335
IGCM410D	0008	05:48:48	1920	IFX0038/JOB00335
IDCRS04	0000	05:48:48	14240	IFX0038/JOB00335
AMDPRFUB	0000	05:48:49	2400	IFX0038/JOB00335
IHJACP00	0000	05:48:49	4160	IFX0038/JOB00335
ILRJTERM	0000	05:48:40	1120	IFX0039/JOB00336
IDA019S6	0000	05:48:50	2720	IFX0039/JOB00336
IFG0199E	0000	05:48:51	3040	IFX0039/JOB00336
ICKIN01	0000	05:48:51	21760	IFX0039/JOB00336
IERAGP	0000	05:48:52	2000	IFX0039/JOB00336
IGC0110D	0008	05:48:52	1840	IFX0039/JOB00336
ISTSDCC4	0000	05:48:52	1440	IFX0039/JOB00336
IEAVTSL1	0000	05:48:53	4400	IFX0039/JOB00336
BLSCFREE	0000	05:48:53	1280	IFX0039/JOB00336
IEFAB485	0004	05:48:53	5840	IFX0039/JOB00336
IGG019VV	0000	05:48:53	640	IFX0039/JOB00336
IEBCONP2	0000	05:48:54	400	IFX0039/JOB00336
IDCRD05	0000	05:48:54	17280	IFX0039/JOB00336
IERADM	0000	05:48:55	400	IFX0039/JOB00336
IEBIMAGE	0000	05:48:55	23360	IFX0039/JOB00336
IFDMSG53	0000	05:48:56	880	IFX0039/JOB00336
IEFAB4EF	0000	05:48:56	2640	IFX0039/JOB00336
IEDQNA	0000	05:48:56	400	IFX0039/JOB00336
IDCTSCT0	0000	05:48:56	320	IFX0039/JOB00336
AHLCWRIT	0000	05:48:56	11120	IFX0039/JOB00336
IEDQAV	0008	05:48:57	560	IFX0039/JOB00336
BLSSLCCV	0000	05:48:57	1040	IFX0039/JOB00336
IGG019R3	0008	05:48:58	1360	IFX0039/JOB00336
IEFAB494	0000	05:48:58	3440	IFX0039/JOB00336
IGG019M1	0000	05:48:58	560	IFX0039/JOB00336
IED1303D	0008	05:48:50	800	IFX0040/JOB00337
BLSUMONC	0000	05:48:59	480	IFX0040/JOB00337
IEFAB4M5	0000	05:48:59	1440	IFX0040/JOB00337
IGG03002	0000	05:48:59	1760	IFX0040/JOB00337
BLST02	0000	05:49:00	640	IFX0040/JOB00337
IEDQ12	0000	05:49:00	1040	IFX0040/JOB00337
ICBVTP01	0000	05:49:00	2880	IFX0040/JOB00337
ISTZFMBB	0000	05:49:01	3760	IFX0040/JOB00337
IEFQB555	0000	05:49:01	2320	IFX0040/JOB00337
BLSRFUCB	0000	05:49:01	2160	IFX0040/JOB00337
IKT09413	0000	05:49:02	640	IFX0040/JOB00337
IGG019VJ	0000	05:49:02	800	IFX0040/JOB00337
BLSRSAPC	0000	05:49:02	1200	IFX0040/JOB00337
IFFPIAPG	0000	05:49:02	5680	IFX0040/JOB00337
IKJEFLGH	0000	05:49:03	560	IFX0040/JOB00337
IEBCULET	0000	05:49:03	2000	IFX0040/JOB00337
IGFC80	0000	05:49:03	1200	IFX0040/JOB00337
IEFAB4E5	0000	05:49:03	2240	IFX0040/JOB00337
ICGDSSCN	0000	05:49:03	3280	IFX0040/JOB00337
IEEMB809	0004	05:49:04	3440	IFX0040/JOB00337
BLSCPOIN	0000	05:49:04	1360	IFX0040/JOB00337
AHLVCON	0000	05:49:04	400	IFX0040/JOB00337
HMASMMPA	0000	05:49:05	2960	IFX0040/JOB00337
ICKRD01	0000	05:49:05	2000	IFX0040/JOB00337
ICGDSA01	0000	05:49:05	3040	IFX0040/JOB00337
IEAVTSSE	0000	05:48:59	5280	IFX0041/JOB00338
IFCETRN8	0000	05:49:06	2000	IFX0041/JOB00338
IKJEFF03	0000	05:49:06	3040	IFX0041/JOB00338
IEAVNP1B	0008	05:49:06	720	IFX0041/JOB00338
IFG0200W	0000	05:49:06	2160	IFX0041/JOB00338
IEBCONH2	0000	05:49:07	720	IFX0041/JOB00338
IRBMFMPR	0000	05:49:07	10400	IFX0041/JOB00338
IECVHIDT	0000	05:49:07	240	IFX0041/JOB00338
IGE0404C	0000	05:49:08	1600	IFX0041/JOB00338
IGG019B0	0000	05:49:08	400	IFX0041/JOB00338
IEFXVNSL	0000	05:49:08	240	IFX0041/JOB00338
AMDPRQCB	0000	05:49:08	5920	IFX0041/JOB00338
ISTRCC22	0000	05:49:09	3760	IFX0041/JOB00338
IDACAT12	0000	05:49:09	2080	IFX0041/JOB00338
IFFAFA09	0012	05:49:09	1360	IFX0041/JOB00338
IKT0009D	0000	05:49:10	1040	IFX0041/JOB00338
IGC0A10D	0008	05:49:10	4400	IFX0041/JOB00338
AHLTSVC	0000	05:49:10	13120	IFX0041/JOB00338
IFCE0145	0000	05:49:11	61120	IFX0041/JOB00338
IGFDW0	0000	05:49:15	1600	IFX0041/JOB00338
ISTNMC5S	0000	05:49:16	1360	IFX0041/JOB00338
BLSUIT03	0000	05:49:16	480	IFX0041/JOB00338
IFNX5A	0000	05:49:16	10320	IFX0041/JOB00338
IEBISU	0000	05:49:18	1600	IFX0041/JOB00338
IKJEBEMS	0008	05:49:19	1440	IFX0041/JOB00338
IGG019JO	0000	05:53:21	1440	IFX0042/JOB00340
ISTZIFAB	0000	05:53:21	2560	IFX0042/JOB00340
IGG032I5	0008	05:53:22	1920	IFX0042/JOB00340
ISTSQC08	0000	05:53:23	1680	IFX0042/JOB00340
BLSCANAL	0000	05:53:23	2080	IFX0042/JOB00340
IDCCV01	0000	05:53:23	12160	IFX0042/JOB00340
IEDQWJ	0008	05:53:24	5280	IFX0042/JOB00340
IEDAYT	0008	05:53:24	800	IFX0042/JOB00340
IEDQNQ	0008	05:53:25	1600	IFX0042/JOB00340
IGG0940B	0000	05:53:25	320	IFX0042/JOB00340
IEEZJ03D	0000	05:53:25	2880	IFX0042/JOB00340
ISTINCPD	0000	05:53:25	4240	IFX0042/JOB00340
IEFDB4F8	0000	05:53:26	3200	IFX0042/JOB00340
HMASMZAP	0008	05:53:26	7440	IFX0042/JOB00340
IEHMVESR	0000	05:53:26	1280	IFX0042/JOB00340
IEAVSOUT	0008	05:53:27	8960	IFX0042/JOB00340
IDCRS06	0000	05:53:27	19200	IFX0042/JOB00340
IGG0860A	0000	05:53:28	1200	IFX0042/JOB00340
ISTINCMY	0000	05:53:28	6960	IFX0042/JOB00340
IDCSR01	0000	05:53:28	13600	IFX0042/JOB00340
IEAVAD0E	0000	05:53:29	4160	IFX0042/JOB00340
ISTINCVI	0000	05:53:29	14320	IFX0042/JOB00340
IFDOLT43	0000	05:53:29	560	IFX0042/JOB00340
ICGDSA08	0000	05:53:29	3200	IFX0042/JOB00340
IEFVDA	0000	05:53:30	14560	IFX0042/JOB00340
IGG019BN	0000	05:53:22	3040	IFX0043/JOB00341
IEE4303D	0000	05:53:31	1520	IFX0043/JOB00341
IFDMSG56	0000	05:53:31	800	IFX0043/JOB00341
IGFPINIT	0008	05:53:32	1760	IFX0043/JOB00341
IEFAB427	0000	05:53:32	5360	IFX0043/JOB00341
IEAVNPB5	0008	05:53:32	880	IFX0043/JOB00341
IGC0F05A	0000	05:53:32	12480	IFX0043/JOB00341
IFCSI145	0000	05:53:33	26560	IFX0043/JOB00341
BLSRADD1	0000	05:53:40	5120	IFX0043/JOB00341
IFCEDSUM	0008	05:53:41	10800	IFX0043/JOB00341
IEFVHH	0000	05:53:41	1840	IFX0043/JOB00341
IGC111	0000	05:53:41	480	IFX0043/JOB00341
BLSFFP00	0000	05:53:42	1040	IFX0043/JOB00341
IFCEMER4	0000	05:53:42	10000	IFX0043/JOB00341
IGG019M5	0000	05:53:43	640	IFX0043/JOB00341
IEFDB481	0000	05:53:43	1440	IFX0043/JOB00341
IEAVTSBP	0000	05:53:43	2080	IFX0043/JOB00341
AHLTCTL2	0000	05:53:44	7760	IFX0043/JOB00341
IKJEFF15	0000	05:53:44	1840	IFX0043/JOB00341
IFCFRAME	0000	05:53:44	14640	IFX0043/JOB00341
IGG08101	0008	05:53:45	1920	IFX0043/JOB00341
IKTCAS51	0000	05:53:45	800	IFX0043/JOB00341
ISTATM00	0000	05:53:45	3760	IFX0043/JOB00341
AMDSAVCK	0000	05:53:46	3520	IFX0043/JOB00341
IGG019JN	0000	05:53:46	1520	IFX0043/JOB00341
ISTYTCM2	0000	05:53:31	2880	IFX0044/JOB00342
IEDQWID	0008	05:53:47	2720	IFX0044/JOB00342
IFCEIPL0	0000	05:53:47	7360	IFX0044/JOB00342
IKTCASOX	0000	05:53:48	1440	IFX0044/JOB00342
IFDOLT49	0000	05:53:48	3440	IFX0044/JOB00342
IFDOLT32	0000	05:53:49	2720	IFX0044/JOB00342
IGE0000D	0000	05:53:49	1520	IFX0044/JOB00342
IGG019FA	0000	05:53:49	960	IFX0044/JOB00342
IHJQCP30	0000	05:53:49	1040	IFX0044/JOB00342
IFASMFDP	0000	05:53:50	4880	IFX0044/JOB00342
BLSUPRTN	0000	05:53:50	560	IFX0044/JOB00342
IEDQEC	0008	05:53:51	3440	IFX0044/JOB00342
HMASMSEC	0000	05:53:51	4240	IFX0044/JOB00342
IEFAB4E2	0000	05:53:51	880	IFX0044/JOB00342
ISTZPSV0	0000	05:53:51	1360	IFX0044/JOB00342
IGG019JV	0000	05:53:52	720	IFX0044/JOB00342
IEDQ26	0000	05:53:52	1040	IFX0044/JOB00342
HMASMDR2	0000	05:53:52	2160	IFX0044/JOB00342
IGC0710D	0008	05:53:52	2000	IFX0044/JOB00342
IGG01950	0000	05:53:53	2000	IFX0044/JOB00342
IEDQBI	0008	05:53:53	4880	IFX0044/JOB00342
IEBCOMPM	0000	05:53:53	5520	IFX0044/JOB00342
IGC0002F	0000	05:53:54	5520	IFX0044/JOB00342
IGC0005C	0000	05:53:54	3920	IFX0044/JOB00342
IKJEFLPA	0000	05:53:55	1280	IFX0044/JOB00342
IEFAB4E7	0000	05:53:46	1120	IFX0045/JOB00343
ISTOCCSD	0000	05:53:55	720	IFX0045/JOB00343
ILRPAGIO	0008	05:53:55	2560	IFX0045/JOB00343
IGG08117	0000	05:53:56	4080	IFX0045/JOB00343
IGC0106F	0000	05:53:56	1440	IFX0045/JOB00343
BLSRIOSK	0000	05:53:56	6320	IFX0045/JOB00343
IGFDM0	0000	05:53:56	2880	IFX0045/JOB00343
HMASMTCR	0000	05:53:57	6080	IFX0045/JOB00343
IEDQXA	0008	05:53:57	4320	IFX0045/JOB00343
IEECVETR	0000	05:53:57	1920	IFX0045/JOB00343
IRBMFTRM	0000	05:53:58	1760	IFX0045/JOB00343
ICBVRR00	0000	05:53:58	3600	IFX0045/JOB00343
IGCMY10D	0008	05:53:59	2400	IFX0045/JOB00343
IKTOMLU2	0000	05:53:59	6400	IFX0045/JOB00343
IEDIAB	0008	05:54:00	2640	IFX0045/JOB00343
IEFAB4M7	0000	05:54:00	640	IFX0045/JOB00343
IGG0CLA7	0000	05:54:00	6960	IFX0045/JOB00343
ICKUSER1	0000	05:54:00	480	IFX0045/JOB00343
IFDOLT36	0000	05:54:01	3600	IFX0045/JOB00343
IEFAB4EA	0000	05:54:01	1280	IFX0045/JOB00343
IGG019LT	0000	05:54:01	2560	IFX0045/JOB00343
IEHMVXSF	0000	05:54:01	400	IFX0045/JOB00343
IER8ON	0000	05:54:02	5600	IFX0045/JOB00343
IFFAHA02	0012	05:54:02	1920	IFX0045/JOB00343
BLSRASM7	0000	05:54:02	5680	IFX0045/JOB00343
IDCTSAU0	0000	05:53:55	7280	IFX0046/JOB00344
IEDQGQ	0008	05:54:03	2240	IFX0046/JOB00344
ISTSC029	0000	05:54:03	2160	IFX0046/JOB00344
IEFAB488	0000	05:54:04	5120	IFX0046/JOB00344
IGCV710D	0008	05:54:04	880	IFX0046/JOB00344
IEHDGETA	0008	05:54:04	2480	IFX0046/JOB00344
BLSUPROP	0000	05:54:05	1280	IFX0046/JOB00344
IGG019JH	0000	05:54:05	5440	IFX0046/JOB00344
ILRACT	0000	05:54:06	2480	IFX0046/JOB00344
IDCTSRV0	0000	05:54:06	640	IFX0046/JOB00344
IGG019KF	0000	05:54:06	1280	IFX0046/JOB00344
IEDQKE	0008	05:54:07	4800	IFX0046/JOB00344
HMASMREC	0000	05:54:07	22880	IFX0046/JOB00344
IGG019R2	0008	05:54:08	1600	IFX0046/JOB00344
IEDQBO	0008	05:54:08	5280	IFX0046/JOB00344
IGCMA10D	0008	05:54:08	1520	IFX0046/JOB00344
IGG019JT	0000	05:54:09	1920	IFX0046/JOB00344
IKJEFT35	0000	05:54:09	4560	IFX0046/JOB00344
IGG019CO	0000	05:54:09	960	IFX0046/JOB00344
ILRASRIM	0012	05:54:09	18880	IFX0046/JOB00344
ISTDCC60	0000	05:54:10	1520	IFX0046/JOB00344
IGG019MK	0000	05:54:10	480	IFX0046/JOB00344
IEBRSAM	0000	05:54:10	2160	IFX0046/JOB00344
HMASMSTA	0000	05:54:11	1280	IFX0046/JOB00344
IGE0104C	0000	05:54:11	880	IFX0046/JOB00344
IRBMFIPG	0000	05:54:02	800	IFX0047/JOB00345
ISTRAMA2	0000	05:54:12	9680	IFX0047/JOB00345
IGG0553G	0008	05:54:12	1200	IFX0047/JOB00345
AHLTMON	0000	05:54:13	3360	IFX0047/JOB00345
IGG0192X	0000	05:54:14	1280	IFX0047/JOB00345
ISTINC05	0000	05:54:14	2640	IFX0047/JOB00345
IGG0197K	0000	05:54:14	320	IFX0047/JOB00345
ICKAN03	0000	05:54:14	6160	IFX0047/JOB00345
IEFDB460	0000	05:54:15	2000	IFX0047/JOB00345
IEFAB475	0000	05:54:15	3440	IFX0047/JOB00345
IERAPI	0000	05:54:15	2800	IFX0047/JOB00345
BLSCADST	0000	05:54:15	800	IFX0047/JOB00345
IDAOCEA4	0000	05:54:15	560	IFX0047/JOB00345
IERRGF	0000	05:54:16	240	IFX0047/JOB00345
ISTOCCRL	0000	05:54:16	1200	IFX0047/JOB00345
IGG019V1	0000	05:54:16	480	IFX0047/JOB00345
IGG0CLBM	0000	05:54:16	6720	IFX0047/JOB00345
BLSDC600	0000	05:54:16	720	IFX0047/JOB00345
IDCLR02	0000	05:54:17	1760	IFX0047/JOB00345
IEAVNP07	0012	05:54:17	800	IFX0047/JOB00345
BLSRLSYM	0000	05:54:17	4640	IFX0047/JOB00345
IRBMFSDE	0000	05:54:18	400	IFX0047/JOB00345
IERRMB	0000	05:54:18	560	IFX0047/JOB00345
IEAXPALL	0000	05:54:18	7360	IFX0047/JOB00345
IEE7103D	0000	05:54:18	1200	IFX0047/JOB00345
IGG0CLBB	0000	05:57:55	6320	IFX0048/JOB00347
IFCSHARE	0000	05:57:55	8720	IFX0048/JOB00347
IGG3HN	0000	05:57:55	1120	IFX0048/JOB00347
IKJEFE04	0000	05:57:55	2160	IFX0048/JOB00347
IEHMVSTA	0000	05:57:56	3840	IFX0048/JOB00347
IEDQWI	0008	05:57:56	1600	IFX0048/JOB00347
IEFAB4EC	0000	05:57:57	4000	IFX0048/JOB00347
ISTINCVP	0000	05:57:57	10960	IFX0048/JOB00347
ICKCL01	0000	05:57:58	1280	IFX0048/JOB00347
BNGTMENU	0000	05:57:58	3280	IFX0048/JOB00347
ISTYSSCP	0000	05:57:58	2080	IFX0048/JOB00347
IERRCD	0000	05:57:58	1360	IFX0048/JOB00347
IERABY	0000	05:57:59	400	IFX0048/JOB00347
BLSRPHGE	0000	05:57:59	960	IFX0048/JOB00347
IGFC60	0000	05:57:59	1840	IFX0048/JOB00347
IEDQB4	0008	05:57:59	560	IFX0048/JOB00347
ISTINCFS	0000	05:58:00	4160	IFX0048/JOB00347
IEFAB49B	0000	05:58:00	3600	IFX0048/JOB00347
ICKPP01	0000	05:58:01	3600	IFX0048/JOB00347
IER8GC	0000	05:58:01	1440	IFX0048/JOB00347
IFFPCAAR	0000	05:58:01	3520	IFX0048/JOB00347
IDCTSAL0	0000	05:58:01	3120	IFX0048/JOB00347
IKJEBERN	0000	05:58:01	4240	IFX0048/JOB00347
IERRGD	0000	05:58:02	1360	IFX0048/JOB00347
IERRBX	0000	05:58:02	880	IFX0048/JOB00347
IFCST005	0000	05:57:55	4800	IFX0049/JOB00348
IEDQWB1	0008	05:58:02	3680	IFX0049/JOB00348
IFCTC305	0000	05:58:03	5360	IFX0049/JOB00348
IEDAYV	0008	05:58:03	4480	IFX0049/JOB00348
IKJCT473	0000	05:58:04	2960	IFX0049/JOB00348
HMASMTBM	0000	05:58:04	3040	IFX0049/JOB00348
IKJRBBCM	0000	05:58:04	960	IFX0049/JOB00348
ISTZIFGB	0000	05:58:05	2560	IFX0049/JOB00348
IEFVGM8	0000	05:58:05	560	IFX0049/JOB00348
IGG019TW	0000	05:58:05	720	IFX0049/JOB00348
IGG019IO	0000	05:58:05	5920	IFX0049/JOB00348
HMBLKSZE	0000	05:58:06	320	IFX0049/JOB00348
IEAVFXLD	0008	05:58:06	3200	IFX0049/JOB00348
IERAGO	0000	05:58:06	960	IFX0049/JOB00348
IERAP3	0000	05:58:07	320	IFX0049/JOB00348
IGC0206F	0000	05:58:07	1440	IFX0049/JOB00348
IEFSD102	0000	05:58:07	1440	IFX0049/JOB00348
HMASMSER	0000	05:58:07	1840	IFX0049/JOB00348
ISTZFMAF	0000	05:58:08	560	IFX0049/JOB00348
ISTDCC25	0000	05:58:08	2560	IFX0049/JOB00348
ICKBI01	0000	05:58:08	19280	IFX0049/JOB00348
ISTZFMAA	0000	05:58:08	1360	IFX0049/JOB00348
ISDACNFG	0000	05:58:09	5120	IFX0049/JOB00348
IGG02046	0008	05:58:09	1920	IFX0049/JOB00348
IGFDI0	0000	05:58:10	1520	IFX0049/JOB00348
IDA019SL	0004	05:58:02	1360	IFX0050/JOB00349
IEBBSCAN	0000	05:58:10	2240	IFX0050/JOB00349
IFFCAN02	0000	05:58:10	3760	IFX0050/JOB00349
BLSRDUDR	0000	05:58:11	1440	IFX0050/JOB00349
IEFVHEB	0000	05:58:11	1680	IFX0050/JOB00349
IEDQWAC	0008	05:58:12	3600	IFX0050/JOB00349
IEDNGD	0008	05:58:12	4480	IFX0050/JOB00349
IGC0006A	0000	05:58:13	3120	IFX0050/JOB00349
IGFCHDA	0000	05:58:13	400	IFX0050/JOB00349
ISTZEMBB	0000	05:58:14	2560	IFX0050/JOB00349
IECVXVRT	0012	05:58:14	480	IFX0050/JOB00349
IFG0202A	0000	05:58:14	2640	IFX0050/JOB00349
IEFAB4F6	0000	05:58:15	1120	IFX0050/JOB00349
ISTRCC26	0000	05:58:15	1120	IFX0050/JOB00349
IGE0019I	0000	05:58:15	2640	IFX0050/JOB00349
IEDQWB2	0008	05:58:16	3680	IFX0050/JOB00349
HMASMARL	0000	05:58:16	960	IFX0050/JOB00349
IEAVTRER	0000	05:58:16	4320	IFX0050/JOB00349
IGG019V2	0000	05:58:17	800	IFX0050/JOB00349
HMASMMSG	0000	05:58:17	5680	IFX0050/JOB00349
IFCEG155	0000	05:58:17	33280	IFX0050/JOB00349
IFCESUMS	0000	05:58:25	2880	IFX0050/JOB00349
IRARMINT	0008	05:58:26	2080	IFX0050/JOB00349
IGG0191T	0000	05:58:26	1520	IFX0050/JOB00349
IFDOLT21	0000	05:58:27	1600	IFX0050/JOB00349
IFCEMER0	0000	05:58:10	3520	IFX0051/JOB00350
IEAVTRTM	0000	05:58:28	8240	IFX0051/JOB00350
IECTSVC	0000	05:58:29	1760	IFX0051/JOB00350
IKJEFF13	0000	05:58:29	2000	IFX0051/JOB00350
IGG019IA	0000	05:58:30	6000	IFX0051/JOB00350
IERAOR	0000	05:58:30	560	IFX0051/JOB00350
IGG0197J	0000	05:58:30	240	IFX0051/JOB00350
IGFDMTXT	0000	05:58:30	2000	IFX0051/JOB00350
IEFXB500	0000	05:58:30	4240	IFX0051/JOB00350
IGG019FP	0000	05:58:31	800	IFX0051/JOB00350
IGG019Q3	0008	05:58:31	11040	IFX0051/JOB00350
BLSUZZ2D	0000	05:58:32	560	IFX0051/JOB00350
IEHMVMSN	0000	05:58:32	720	IFX0051/JOB00350
IKJEGOFF	0000	05:58:32	4880	IFX0051/JOB00350
IGCMH10D	0008	05:58:33	1440	IFX0051/JOB00350
IFCEOAK4	0000	05:58:33	72480	IFX0051/JOB00350
ISTZIFOB	0000	05:58:41	2640	IFX0051/JOB00350
IGCA010D	0008	05:58:41	1440	IFX0051/JOB00350
LINK	0000	05:58:41	320	IFX0051/JOB00350
IKJEE150	0000	05:58:41	2240	IFX0051/JOB00350
HMASMFPT	0000	05:58:41	9760	IFX0051/JOB00350
HMASMUPI	0000	05:58:42	6880	IFX0051/JOB00350
ISTSDCLP	0000	05:58:42	880	IFX0051/JOB00350
IGG019CS	0000	05:58:42	240	IFX0051/JOB00350
IDAM19R3	0000	05:58:42	880	IFX0051/JOB00350
IKJEFT05	0000	05:58:27	4080	IFX0052/JOB00351
ILRCMP01	0008	05:58:43	1840	IFX0052/JOB00351
IEAVTAS1	0000	05:58:43	5520	IFX0052/JOB00351
IGCMT10D	0008	05:58:44	2960	IFX0052/JOB00351
IEASMFEX	0000	05:58:44	640	IFX0052/JOB00351
IEAVTSSD	0000	05:58:44	8560	IFX0052/JOB00351
IFCSSOFT	0000	05:58:45	3440	IFX0052/JOB00351
IEHDEXCP	0008	05:58:45	4240	IFX0052/JOB00351
IGG019QE	0008	05:58:45	1520	IFX0052/JOB00351
IGE0010E	0000	05:58:46	3600	IFX0052/JOB00351
IKJEBEUT	0008	05:58:47	1040	IFX0052/JOB00351
IEBGENR3	0000	05:58:47	6960	IFX0052/JOB00351
IEAVEEEP	0000	05:58:48	480	IFX0052/JOB00351
IFFACA06	0012	05:58:48	800	IFX0052/JOB00351
IDCTSCN0	0000	05:58:48	1760	IFX0052/JOB00351
IGCT0021	0000	05:58:48	2560	IFX0052/JOB00351
IGG019Q2	0008	05:58:48	15600	IFX0052/JOB00351
ISTINCE4	0000	05:58:49	1520	IFX0052/JOB00351
ISTZIFX0	0000	05:58:49	1120	IFX0052/JOB00351
IGC0003A	0000	05:58:50	3440	IFX0052/JOB00351
IGG019JB	0000	05:58:51	1600	IFX0052/JOB00351
ISTPATCH	0000	05:58:51	320	IFX0052/JOB00351
IKJEES11	0008	05:58:51	3440	IFX0052/JOB00351
IEE9403D	0000	05:58:52	1280	IFX0052/JOB00351
ILRSAV	0000	05:58:52	2800	IFX0052/JOB00351
IEFVHCB	0000	05:58:42	3600	IFX0053/JOB00352
IER9GN	0000	05:58:53	2160	IFX0053/JOB00352
IKJEFA40	0000	05:58:53	3200	IFX0053/JOB00352
IGG019LI	0000	05:58:54	560	IFX0053/JOB00352
IEE4603D	0000	05:58:54	2800	IFX0053/JOB00352
IFG0195N	0000	05:58:55	2080	IFX0053/JOB00352
BLSRRACV	0000	05:58:55	2560	IFX0053/JOB00352
IERRBZ	0000	05:58:56	640	IFX0053/JOB00352
BLSCPUTT	0000	05:58:56	2000	IFX0053/JOB00352
GENRMT	0000	05:58:56	28240	IFX0053/JOB00352
HMASMLKD	0000	05:58:57	12800	IFX0053/JOB00352
IKJEBEBO	0000	05:58:57	560	IFX0053/JOB00352
IKJEFF08	0000	05:58:57	1520	IFX0053/JOB00352
ISTZBFGB	0000	05:58:57	1120	IFX0053/JOB00352
BLSRSCAN	0000	05:58:57	5520	IFX0053/JOB00352
ISTINCE1	0000	05:58:58	1280	IFX0053/JOB00352
IGG0CLA8	0000	05:58:58	1520	IFX0053/JOB00352
ISTRAMA4	0000	05:58:58	1520	IFX0053/JOB00352
IEHMESS	0000	05:58:59	2640	IFX0053/JOB00352
ISTORFBQ	0000	05:58:59	2320	IFX0053/JOB00352
IDA0192M	0000	05:58:59	7680	IFX0053/JOB00352
IFCEB155	0000	05:58:59	8400	IFX0053/JOB00352
IEAVTFSD	0000	05:59:03	2160	IFX0053/JOB00352
BLSFND01	0000	05:59:03	640	IFX0053/JOB00352
IFG0195T	0000	05:59:03	1040	IFX0053/JOB00352
AHLTCTL1	0000	06:02:16	4080	IFX0054/JOB00354
IASFCB26	0000	06:02:17	320	IFX0054/JOB00354
IKJEBEM2	0000	06:02:17	3600	IFX0054/JOB00354
IEFAB491	0000	06:02:17	4320	IFX0054/JOB00354
IECVSMGR	0000	06:02:17	7520	IFX0054/JOB00354
IRARMIOM	0008	06:02:18	5200	IFX0054/JOB00354
AKJLKMSG	0000	06:02:19	5280	IFX0054/JOB00354
IGG019R7	0000	06:02:19	400	IFX0054/JOB00354
ISTINCHT	0000	06:02:19	2160	IFX0054/JOB00354
IGCMK10D	0008	06:02:19	720	IFX0054/JOB00354
ISTSDCC7	0000	06:02:20	800	IFX0054/JOB00354
IEEVDUS1	0000	06:02:20	2000	IFX0054/JOB00354
ICKCDIT	0000	06:02:20	1520	IFX0054/JOB00354
ISTAPC59	0000	06:02:20	1200	IFX0054/JOB00354
IEFAB4DC	0000	06:02:20	5920	IFX0054/JOB00354
IFCT3102	0000	06:02:21	8640	IFX0054/JOB00354
IFCEXXXA	0000	06:02:21	21520	IFX0054/JOB00354
IDCMC01	0000	06:02:23	4880	IFX0054/JOB00354
ICBVSP00	0000	06:02:23	7360	IFX0054/JOB00354
IKTIMLU2	0000	06:02:23	6640	IFX0054/JOB00354
IFDOLT24	0000	06:02:24	2080	IFX0054/JOB00354
IGG019MZ	0000	06:02:24	400	IFX0054/JOB00354
AMDSAWAT	0000	06:02:24	1840	IFX0054/JOB00354
IGCMV10D	0008	06:02:25	2640	IFX0054/JOB00354
IEFAB4UV	0000	06:02:25	3680	IFX0054/JOB00354
ISTSC021	0000	06:02:17	800	IFX0055/JOB00355
IFCSDASD	0000	06:02:25	33200	IFX0055/JOB00355
BLSUINI2	0000	06:02:26	960	IFX0055/JOB00355
IEFBB4M5	0000	06:02:26	560	IFX0055/JOB00355
IRBMFRCR	0000	06:02:26	3840	IFX0055/JOB00355
IFCEXXXB	0000	06:02:26	21280	IFX0055/JOB00355
IEFVGM	0000	06:02:28	2240	IFX0055/JOB00355
IGG0192U	0000	06:02:28	1680	IFX0055/JOB00355
HMBLKERR	0000	06:02:28	1200	IFX0055/JOB00355
IEAVNP10	0012	06:02:29	8480	IFX0055/JOB00355
IERRBW	0000	06:02:29	800	IFX0055/JOB00355
IGG0940C	0000	06:02:29	400	IFX0055/JOB00355
IERAOZ	0000	06:02:30	240	IFX0055/JOB00355
IEDQAK	0008	06:02:30	3440	IFX0055/JOB00355
ISTNMC6P	0000	06:02:30	800	IFX0055/JOB00355
IDCTSRD0	0000	06:02:31	10800	IFX0055/JOB00355
IGG01926	0000	06:02:31	1040	IFX0055/JOB00355
IDA019R1	0000	06:02:32	5920	IFX0055/JOB00355
ISTCFCS2	0000	06:02:32	2400	IFX0055/JOB00355
BLSFBP00	0000	06:02:32	640	IFX0055/JOB00355
BLSRESDR	0000	06:02:32	2720	IFX0055/JOB00355
IKJEFA00	0000	06:02:33	5040	IFX0055/JOB00355
IFCEI135	0000	06:02:33	24480	IFX0055/JOB00355
IGG0CLAH	0000	06:02:35	5600	IFX0055/JOB00355
IEAVMQWR	0000	06:02:35	2080	IFX0055/JOB00355
IDCCDLV	0000	06:02:25	2080	IFX0056/JOB00356
IEAVMQR0	0000	06:02:36	2080	IFX0056/JOB00356
IEBVDM	0000	06:02:36	2800	IFX0056/JOB00356
IKTTOMJR	0000	06:02:36	1120	IFX0056/JOB00356
ISTSDCSB	0000	06:02:37	400	IFX0056/JOB00356
IEHMVSRZ	0000	06:02:37	1920	IFX0056/JOB00356
IGG019R9	0000	06:02:37	320	IFX0056/JOB00356
HMASMAR1	0000	06:02:37	7920	IFX0056/JOB00356
IGFDV1	0000	06:02:37	2320	IFX0056/JOB00356
AMDPRFMG	0000	06:02:38	1760	IFX0056/JOB00356
ICGDSB10	0000	06:02:38	2000	IFX0056/JOB00356
ISTZFMAB	0000	06:02:38	720	IFX0056/JOB00356
ICGTRSUM	0000	06:02:39	10400	IFX0056/JOB00356
IFCT3204	0000	06:02:39	6880	IFX0056/JOB00356
IFDOLT58	0000	06:02:40	1440	IFX0056/JOB00356
IDAIISM1	0000	06:02:40	2640	IFX0056/JOB00356
IGG032I7	0008	06:02:40	2080	IFX0056/JOB00356
ISTSC02D	0000	06:02:41	1440	IFX0056/JOB00356
IFCEXXX7	0000	06:02:41	11840	IFX0056/JOB00356
IGG0CLBD	0000	06:02:42	6400	IFX0056/JOB00356
IEFBB404	0000	06:02:42	3040	IFX0056/JOB00356
IHCGSP01	0012	06:02:42	400	IFX0056/JOB00356
AHLWTMSG	0000	06:02:42	720	IFX0056/JOB00356
IERAOQ	0000	06:02:43	1040	IFX0056/JOB00356
IEDQNJ	0008	06:02:43	1120	IFX0056/JOB00356
IEDQWL2	0008	06:02:36	2000	IFX0057/JOB00357
IEBDV1	0000	06:02:43	6160	IFX0057/JOB00357
IGC0010C	0000	06:02:44	1360	IFX0057/JOB00357
READPSWD	0000	06:02:45	1520	IFX0057/JOB00357
IEFVGM90	0000	06:02:46	400	IFX0057/JOB00357
ICKSA02	0000	06:02:46	6480	IFX0057/JOB00357
IEFJJTRM	0000	06:02:46	560	IFX0057/JOB00357
IGG019MF	0000	06:02:47	640	IFX0057/JOB00357
IGG2H11	0000	06:02:47	1760	IFX0057/JOB00357
BLSTY	0000	06:02:47	3760	IFX0057/JOB00357
IERRC9	0000	06:02:47	1120	IFX0057/JOB00357
IEDQSBT	0008	06:02:47	480	IFX0057/JOB00357
IEAVNPA5	0012	06:02:47	3840	IFX0057/JOB00357
IFCEAEXX	0000	06:02:48	8960	IFX0057/JOB00357
IEDQFM	0008	06:02:48	5360	IFX0057/JOB00357
ICKVV01	0000	06:02:48	1440	IFX0057/JOB00357
IKJEFF55	0000	06:02:48	3040	IFX0057/JOB00357
ICKCDAN	0000	06:02:49	1040	IFX0057/JOB00357
ISDAEQC1	0008	06:02:49	3600	IFX0057/JOB00357
IEFAB456	0000	06:02:49	1840	IFX0057/JOB00357
IRBMFLPV	0000	06:02:49	9840	IFX0057/JOB00357
BLSRASCX	0000	06:02:49	1520	IFX0057/JOB00357
IDAVBPS2	0000	06:02:50	1600	IFX0057/JOB00357
IFFAFA11	0012	06:02:50	1600	IFX0057/JOB00357
IFNX4S	0000	06:02:50	800	IFX0057/JOB00357
IDA019RT	0000	06:02:43	5440	IFX0058/JOB00358
IEBDSCPY	0008	06:02:51	15680	IFX0058/JOB00358
AMDPRECT	0000	06:02:52	800	IFX0058/JOB00358
ISTINCA0	0000	06:02:52	1040	IFX0058/JOB00358
BNGT3270	0000	06:02:52	12160	IFX0058/JOB00358
BLSRESPU	0000	06:02:53	1040	IFX0058/JOB00358
IDCCDRV	0000	06:02:53	960	IFX0058/JOB00358
BLSVASXB	0000	06:02:53	2720	IFX0058/JOB00358
IFFACA00	0012	06:02:53	1280	IFX0058/JOB00358
IEECB915	0000	06:02:54	1200	IFX0058/JOB00358
AMDSYS03	0000	06:02:54	13920	IFX0058/JOB00358
IFFACA08	0012	06:02:55	4640	IFX0058/JOB00358
IKJEGMSG	0000	06:02:56	21600	IFX0058/JOB00358
IEFVGM13	0000	06:02:56	720	IFX0058/JOB00358
IGG0940A	0000	06:02:56	560	IFX0058/JOB00358
IFCPARM1	0000	06:02:56	18640	IFX0058/JOB00358
IEAVTACR	0000	06:02:57	4400	IFX0058/JOB00358
IEE5603D	0000	06:02:57	1920	IFX0058/JOB00358
IDCLC02	0000	06:02:58	27120	IFX0058/JOB00358
IGG02029	0000	06:02:58	2240	IFX0058/JOB00358
IEFAB435	0000	06:02:59	5600	IFX0058/JOB00358
IGE0604G	0008	06:02:59	1040	IFX0058/JOB00358
IEEMB880	0000	06:03:00	1680	IFX0058/JOB00358
ISTIC001	0000	06:03:00	5040	IFX0058/JOB00358
IEDQAZ	0008	06:03:00	1520	IFX0058/JOB00358
IGC0A06F	0000	06:02:51	1440	IFX0059/JOB00359
IECVPST	0000	06:03:01	6240	IFX0059/JOB00359
IEDQWE2	0008	06:03:02	6160	IFX0059/JOB00359
IFCENFM3	0012	13:28:13	1920	IFX0000/JOB00547
IFCEARG2	0012	13:28:14	1280	IFX0000/JOB00547
IFCETRN6	0012	13:28:14	2320	IFX0000/JOB00547
IFCENFP2	0012	13:28:14	1920	IFX0000/JOB00547
IFCE1018	0012	13:28:15	3840	IFX0000/JOB00547
IFCEARG6	0012	13:28:16	1280	IFX0000/JOB00547
IFCE0115	0012	13:28:16	3760	IFX0000/JOB00547
IFCS33XX	0012	13:28:17	800	IFX0000/JOB00547
IFCEARG3	0012	13:28:17	1280	IFX0000/JOB00547
IFCE33XX	0012	13:28:18	7840	IFX0000/JOB00547
IFCE0125	0012	13:28:18	6720	IFX0000/JOB00547
IFCEWIN2	0012	13:28:19	2560	IFX0000/JOB00547
IFCE1017	0012	13:28:20	4000	IFX0000/JOB00547
IFCEARG7	0012	13:28:20	1040	IFX0000/JOB00547
IFCEFBA4	0012	13:28:21	1600	IFX0000/JOB00547
IFCEARG1	0012	13:28:21	1280	IFX0000/JOB00547
IFCS1018	0012	13:28:22	1680	IFX0000/JOB00547
IFCETRN7	0012	13:28:22	800	IFX0000/JOB00547
IFCENF11	0012	13:28:22	2320	IFX0000/JOB00547
IFCEFBA5	0012	13:28:23	1600	IFX0000/JOB00547
IFCS0115	0012	13:28:24	1600	IFX0000/JOB00547
IFCECUT0	0012	13:28:24	1520	IFX0000/JOB00547
IFCE5424	0012	13:28:25	2240	IFX0000/JOB00547
IFCE3401	0012	13:28:25	2240	IFX0000/JOB00547
IFCENFP1	0012	13:28:26	2160	IFX0000/JOB00547
IFCS1017	0012	13:28:13	1760	IFX0001/JOB00548
IFCSI115	0012	13:28:27	1520	IFX0001/JOB00548
IFCEARG5	0012	13:28:28	1360	IFX0001/JOB00548
IFCEWOD1	0012	13:28:28	3040	IFX0001/JOB00548
IFCS5424	0012	13:28:29	2400	IFX0001/JOB00548
IFCENFH3	0012	13:28:30	1840	IFX0001/JOB00548
IFCET040	0012	13:28:30	2240	IFX0001/JOB00548
IFCEARG4	0012	13:28:31	1360	IFX0001/JOB00548
