module	as370_rc	ifox_rc	tool	tool_restamped	dlib
AHLCWRIT	0	0000	identical		length
AHLGTFI	0	0000	cards		length
AHLIWRIT	0	0000	identical		length
AHLMCER	0	0004	cards		length
AHLMCIH	0	0000	bytes	bytes	text
AHLREADR	0	0000	cards		length
AHLSBLOK	0	0000	identical		text
AHLSBUF	0	0000	identical		length
AHLSCAN	0	0000	identical		holes
AHLSETD	0	0000	identical		mixed
AHLSETEV	8	0004	cards		length
AHLSETMG	0	0000	identical		holes
AHLT103	0	0000	identical		length
AHLTCTL1	0	0000	identical		identical
AHLTCTL2	0	0000	identical		identical
AHLTDIR	0	0000	identical		length
AHLTEXT	0	0000	bytes	bytes	mixed
AHLTFOR	0	0000	identical		identical
AHLTMMSG	0	0000	identical		holes
AHLTMON	0	0000	cards		length
AHLTPID	0	0000	bytes	bytes	length
AHLTPMT	0	0000	identical		length
AHLTSCN	0	0000	identical		length
AHLTSIO	0	0000	bytes	bytes	length
AHLTSLIP	0	0000	bytes	bytes	length
AHLTSVC	0	0000	bytes	bytes	length
AHLTSYFL	0	0000	identical		mixed
AHLTSYSM	0	0000	bytes	bytes	length
AHLTTAB	0	0000	identical		holes
AHLTUSR	0	0000	identical		length
AHLTVTAM	0	0000	identical		identical
AHLTXSYS	0	0000	bytes	bytes	text
AHLVCOFF	0	0000	identical		mixed
AHLVCON	0	0000	identical		length
AHLWRMSG	0	0000	identical		holes
AHLWTASK	0	0000	identical		length
AHLWTMSG	0	0000	identical		holes
AHLWTO	0	0000	identical		length
AHLWWRIT	0	0000	identical		length
AKJLKL01	0	0000	cards		no-pair
AKJLKL02	0	0000	identical		no-pair
AKJLKMSG	0	0000	identical		no-pair
AMAPTF01	0	0000	identical		holes
AMAPTF02	0	0000	identical		holes
AMAPTFLE	8	0000	bytes	bytes	mixed
AMASPZAP	0	0000	cards		length
AMDPRAPP	0	0000	cards		length
AMDPRCOM	8	0000	cards		length
AMDPRCTL	0	0000	identical		length
AMDPRCVT	0	0000	identical		length
AMDPRDPS	0	0000	identical		length
AMDPREAD	0	0000	identical		length
AMDPRECT	0	0000	identical		identical
AMDPREID	0	0000	identical		identical
AMDPREXT	0	0000	cards		length
AMDPRFAR	0	0000	identical		identical
AMDPRFCB	0	0000	cards		length
AMDPRFDS	0	0000	identical		length
AMDPRFLT	0	0000	identical		length
AMDPRFMG	0	0000	identical		text
AMDPRFMT	0	0000	identical		no-pair
AMDPRFRM	0	0000	identical		length
AMDPRFSC	0	0000	identical		holes
AMDPRFUB	0	0000	identical		length
AMDPRFXT	0	0000	identical		holes
AMDPRGCD	0	0000	identical		length
AMDPRGET	0	0000	bytes	bytes	length
AMDPRLOD	0	0000	bytes	bytes	length
AMDPRLPA	0	0000	identical		identical|unpaired
AMDPRMST	0	0008	cards		length
AMDPRNUC	0	0000	identical		holes
AMDPROOT	0	0000	identical		holes
AMDPRPCR	0	0000	identical		holes
AMDPRPJB	8	0000	bytes	bytes	mixed
AMDPRPMG	0	0000	identical		holes
AMDPRPMS	8	0000	bytes	bytes	mixed
AMDPRQCB	0	0000	bytes	bytes	length
AMDPRRDC	8	0000	bytes	bytes	length
AMDPRREC	0	0000	cards		length
AMDPRSCN	0	0000	bytes	bytes	length
AMDPRSEG	0	0000	identical		length
AMDPRSMG	0	0000	identical		holes
AMDPRSN2	8	0000	bytes	bytes	length
AMDPRSN3	8	0008	bytes	bytes	length
AMDPRSUM	0	0000	identical		length
AMDPRUIM	0	0000	cards		length
AMDSAAID	0	0000	identical		holes
AMDSAAMR	0	0000	identical		holes
AMDSAARD	0	0000	identical		holes
AMDSAASM	0	0000	identical		holes
AMDSAAUD	0	0000	bytes	bytes	length
AMDSABUF	0	0000	identical		holes
AMDSACON	0	0000	identical		length
AMDSACSA	0	0000	identical		holes
AMDSADER	0	0000	identical		holes
AMDSAFRM	0	0000	identical		holes
AMDSAGTF	0	0000	identical		holes
AMDSAGTM	0	0000	identical		holes
AMDSAIOI	0	0000	identical		length
AMDSALDR	0	0000	identical		length
AMDSAMDM	0	0000	identical		holes
AMDSAMSG	0	0000	identical		holes
AMDSAPGE	0	0000	bytes	bytes	mixed
AMDSAPGI	0	0000	bytes	bytes	mixed
AMDSAPRO	0	0000	bytes	bytes	text
AMDSARSM	0	0000	identical		identical
AMDSASIN	0	0000	identical		holes
AMDSASIO	0	0000	identical		length
AMDSASVI	0	0000	bytes	bytes	mixed
AMDSATAP	0	0000	bytes	bytes	length
AMDSATER	0	0000	bytes	bytes	length
AMDSATXT	0	0000	identical		holes
AMDSAUCB	0	0000	identical		length
AMDSAUPD	0	0000	identical		holes
AMDSAVCK	0	0000	identical		holes
AMDSAWAT	0	0000	bytes	bytes	mixed
AMDSYS00	0	0000	identical		length
AMDSYS01	0	0000	bytes	bytes	length
AMDSYS02	0	0000	identical		mixed
AMDSYS03	0	0000	bytes	bytes	length
AMDSYS04	0	0000	identical		length
AMDSYS05	0	0000	identical		length
AMDSYS06	0	0000	identical		identical
AMDUSRF9	0	0000	identical		no-pair
AMDUSRFD	0	0000	identical		length
AMDUSRFE	0	0000	identical		no-pair
BLSCAAMS	0	0000	bytes	bytes	text
BLSCABLD	0	0000	bytes	bytes	text
BLSCADST	0	0000	identical		identical
BLSCADYN	0	0000	identical		text
BLSCAINT	0	0000	identical		text
BLSCALOC	0	0000	identical		text
BLSCAMER	0	0000	bytes	bytes	text
BLSCAMIN	0	0000	identical		identical
BLSCAMOD	0	0000	bytes	bytes	length
BLSCAMPR	0	0000	identical		identical
BLSCANAL	0	0000	bytes	bytes	text
BLSCANLE	0	0000	bytes	bytes	text
BLSCANLI	0	0000	bytes	bytes	text
BLSCCLSE	8	0000	bytes	bytes	text
BLSCENDD	0	0000	identical		text
BLSCERSE	0	0000	identical		mixed
BLSCFAMS	0	0000	bytes	bytes	text
BLSCFDYN	0	0000	identical		text
BLSCFREE	0	0000	identical		identical
BLSCGETT	0	0000	identical		text
BLSCGMF	0	0000	identical		identical
BLSCHOK	0	0000	identical		identical
BLSCOPEN	0	0000	identical		mixed
BLSCPOIN	0	0000	identical		text
BLSCPUTT	0	0000	identical		length
BLSCRECV	0	0000	identical		identical
BLSCRFM	0	0000	identical		identical
BLSCRQST	0	0000	identical		identical
BLSCRTCB	0	0000	identical		identical
BLSCSETT	0	0000	identical		identical
BLSCVALT	0	0000	identical		identical
BLSDADSD	0	0000	identical		holes
BLSDAPDR	0	0000	identical		holes
BLSDC070	0	0000	identical		identical
BLSDC128	0	0000	identical		identical
BLSDC600	0	0000	identical		identical
BLSDDEQP	0	0000	bytes	bytes	text
BLSDDT00	0	0000	identical		identical
BLSDENQ0	0	0000	bytes	bytes	text
BLSDENQP	0	0000	identical		identical
BLSDFDSD	0	0000	identical		identical
BLSDFPDR	0	0000	identical		identical
BLSDIFP0	0	0000	cards		length
BLSDMSG0	0	0000	identical		identical
BLSDMSGS	0	0000	cards		length
BLSDPC00	0	0000	identical		identical
BLSDSTAE	0	0000	bytes	bytes	text
BLSDSV00	0	0000	identical		identical
BLSDTIME	0	0000	identical		identical
BLSDTM00	0	0000	identical		identical
BLSDVECT	0	0000	identical		identical
BLSDWAIT	0	0000	identical		identical
BLSEADP1	0	0000	identical		text
BLSEADPR	8	0000	cards		length
BLSEAUTH	0	0000	identical		identical
BLSEDEL0	0	0000	cards		length
BLSEDEL1	0	0000	identical		identical
BLSEDELC	0	0000	identical		identical
BLSELP00	8	0000	cards		length
BLSELPCC	0	0000	identical		identical
BLSELPCL	0	0000	identical		identical
BLSELPCT	0	0000	bytes	bytes	text
BLSELPDR	0	0000	identical		holes
BLSELPDS	0	0000	identical		identical
BLSELPFM	0	0000	identical		identical
BLSELPFR	0	0000	identical		identical
BLSELPOP	0	0000	identical		identical
BLSEMDP1	0	0000	identical		identical
BLSEMDPR	8	0000	cards		length
BLSFAD00	8	0000	cards		length
BLSFAV00	0	0000	identical		identical
BLSFBP00	0	0000	identical		identical
BLSFCLOS	0	0000	identical		identical
BLSFCN00	0	0000	identical		identical
BLSFCONF	0	0000	identical		identical
BLSFDALL	0	0000	identical		identical
BLSFDD00	0	0000	identical		identical
BLSFDDDP	0	0000	identical		identical
BLSFDEL	0	0000	identical		identical
BLSFDERS	0	0000	identical		identical
BLSFDF00	0	0000	identical		identical
BLSFDS00	0	0000	identical		identical
BLSFERAS	0	0000	identical		identical
BLSFFL00	0	0000	identical		identical
BLSFFP00	0	0000	identical		identical
BLSFGD00	0	0000	identical		identical
BLSFGG00	0	0000	identical		identical
BLSFGP00	0	0000	identical		identical
BLSFLALL	0	0000	identical		identical
BLSFLD00	8	0000	bytes	bytes	length
BLSFLONE	0	0000	identical		identical
BLSFLP00	0	0000	identical		identical
BLSFMD00	8	0000	cards		length
BLSFND00	0	0000	identical		identical
BLSFND01	0	0000	identical		identical
BLSFOD00	0	0000	identical		identical
BLSFOPEN	0	0000	identical		identical
BLSFPARS	0	0000	cards		length
BLSFPERA	0	0000	identical		identical
BLSFPERS	0	0000	identical		identical
BLSFPS00	0	0000	identical		identical
BLSFSCRT	0	0000	identical		text
BLSFSD00	0	0000	identical		identical
BLSFSL00	0	0000	identical		identical
BLSFTL00	0	0000	identical		identical
BLSFUD00	0	0000	identical		identical
BLSFUP00	0	0000	identical		identical
BLSFVRFY	0	0000	identical		identical
BLSR3270	8	0004	cards		length
BLSRACC	0	0000	bytes	bytes	text
BLSRACCL	0	0000	identical		identical
BLSRACCQ	0	0000	identical		identical
BLSRADD1	0	0000	bytes	bytes	text
BLSRADD2	0	0000	identical		identical
BLSRADD3	0	0000	identical		identical
BLSRADD4	0	0000	identical		holes
BLSRADDP	0	0000	identical		identical
BLSRADDR	0	0000	identical		identical
BLSRADDS	0	0000	identical		identical
BLSRADDT	0	0000	identical		identical
BLSRADDU	0	0000	identical		identical
BLSRASCX	0	0000	cards		length
BLSRASM7	0	0000	bytes	bytes	text
BLSRCOCL	0	0000	identical		identical
BLSRCOHD	0	0000	identical		identical
BLSRCOIN	0	0000	identical		identical
BLSRCOMK	0	0000	identical		text
BLSRCOMP	8	0000	cards		length
BLSRCOPY	0	0000	identical		identical
BLSRCOTA	0	0000	identical		identical
BLSRDUAL	0	0000	identical		text
BLSRDUCC	0	0000	identical		identical
BLSRDUCK	0	0000	identical		identical
BLSRDUCL	0	0000	identical		identical
BLSRDUDE	8	0000	bytes	bytes	text
BLSRDUDR	12	0000	cards		length
BLSRDUIC	0	0000	bytes	bytes	text
BLSRDUIH	0	0000	identical		mixed
BLSRDUIN	0	0000	bytes	bytes	length
BLSRDUIS	0	0000	identical		text
BLSRDULS	12	0000	cards		length
BLSRDUOP	0	0000	identical		text
BLSRDUSC	0	0000	bytes	bytes	length
BLSRENQK	8	0000	cards		length
BLSREQU	8	0000	cards		length
BLSRESAR	12	0000	bytes	bytes	length
BLSRESCK	0	0000	bytes	bytes	text
BLSRESDR	12	0000	bytes	bytes	length
BLSRESGC	12	0000	cards		length
BLSRESGE	0	0000	identical		holes
BLSRESGQ	0	0000	identical		identical
BLSRESGU	0	0000	identical		identical
BLSRESPU	12	0000	bytes	bytes	length
BLSRESRU	0	0000	bytes	bytes	text
BLSRESSA	0	0000	identical		identical
BLSREVAL	8	0000	cards		length
BLSRFIND	8	0000	cards		length
BLSRFMOD	0	0000	cards		length
BLSRFUCB	0	0000	cards		length
BLSRIOSK	0	0000	bytes	bytes	text
BLSRLIST	8	0000	cards		length
BLSRLSYM	12	0000	cards		length
BLSRMSGA	0	0000	identical		text
BLSRMSGB	0	0000	bytes	bytes	text
BLSRMSGD	0	0000	identical		identical
BLSRPADS	0	0000	identical		identical
BLSRPHAR	12	0000	bytes	bytes	length
BLSRPHGE	12	0000	cards		length
BLSRRAAR	12	0000	bytes	bytes	length
BLSRRACR	0	0000	bytes	bytes	text
BLSRRACV	0	0000	identical		text
BLSRRAGE	12	0000	bytes	bytes	length
BLSRRDAR	12	0000	cards		length
BLSRRDGE	12	0000	cards		length
BLSRRDPU	12	0000	cards		length
BLSRRNCH	8	0000	cards		length
BLSRSAAR	12	0000	cards		length
BLSRSADE	12	0000	cards		length
BLSRSAG	0	0000	identical		identical
BLSRSAGC	12	0000	cards		length
BLSRSAGE	0	0000	identical		identical
BLSRSAGN	0	0000	identical		text
BLSRSAGQ	0	0000	identical		identical
BLSRSAGU	0	0000	identical		identical
BLSRSALI	12	0000	cards		length
BLSRSAPC	0	0000	bytes	bytes	text
BLSRSAPU	12	0000	cards		length
BLSRSCAN	12	0000	cards		length
BLSRSETD	8	0000	cards		length
BLSRST00	0	0000	bytes	bytes	length
BLSRSUMM	8	0000	cards		length
BLSRSURB	0	0000	identical		identical
BLSRSUTC	0	0000	identical		length
BLSRSYRB	0	0000	identical		identical
BLSRTCBX	8	0000	cards		length
BLSRVECT	0	0000	identical		identical
BLSRVPAD	0	0000	identical		identical
BLSRVPAS	0	0000	identical		text
BLSRVPCP	0	0000	identical		mixed
BLSRVPTC	0	0000	identical		identical
BLSRVPVS	0	0000	identical		identical
BLSRVRBX	8	0000	cards		length
BLSRVSLD	8	0000	bytes	bytes	length
BLSSASCB	0	0000	bytes	bytes	text
BLSSASMV	0	0000	bytes	bytes	text
BLSSASVT	0	0000	bytes	bytes	mixed
BLSSASXB	0	0000	bytes	bytes	text
BLSSCDE	0	0000	bytes	bytes	text
BLSSCOMM	0	0000	identical		text
BLSSCSD	0	0000	bytes	bytes	text
BLSSCVT	0	0000	bytes	bytes	mixed
BLSSCVT2	0	0000	identical		identical
BLSSIOC	0	0000	bytes	bytes	mixed
BLSSIOX	0	0000	bytes	bytes	text
BLSSLCCA	0	0000	bytes	bytes	mixed
BLSSLCCV	0	0000	bytes	bytes	mixed
BLSSLLPA	0	0000	bytes	bytes	text
BLSSLPDE	0	0000	bytes	bytes	text
BLSSPCCA	0	0000	bytes	bytes	text
BLSSPCCV	0	0000	bytes	bytes	mixed
BLSSPFT	0	0000	identical		mixed
BLSSPGTE	0	0000	bytes	bytes	text
BLSSPRIV	0	0000	identical		holes
BLSSPSA	0	0000	bytes	bytes	text
BLSSPVT	0	0000	bytes	bytes	mixed
BLSSSGTE	0	0000	bytes	bytes	text
BLSSTCB	0	0000	bytes	bytes	text
BLSSUCB	0	0000	bytes	bytes	text
BLSSUCM	0	0000	bytes	bytes	mixed
BLSSXTLS	0	0000	bytes	bytes	text
BLST01	0	0000	identical		identical
BLST02	0	0000	identical		identical
BLST03	0	0000	bytes	bytes	text
BLST04	0	0000	identical		identical
BLST04A	0	0000	bytes	bytes	text
BLST04BS	0	0000	bytes	bytes	text
BLST04CV	0	0000	bytes	bytes	text
BLST05	0	0000	bytes	bytes	text
BLST06	0	0000	identical		identical
BLST08	0	0000	bytes	bytes	text
BLSTB	0	0000	identical		identical
BLSTB4	0	0000	bytes	bytes	text
BLSTB5	0	0000	bytes	bytes	text
BLSTC	0	0000	bytes	bytes	text
BLSTF	0	0000	identical		identical
BLSTM	0	0000	identical		identical
BLSTM4	0	0000	bytes	bytes	text
BLSTM5	0	0000	bytes	bytes	text
BLSTR	0	0000	bytes	bytes	text
BLSTU	0	0000	identical		identical
BLSTU4	0	0000	bytes	bytes	text
BLSTU5	0	0000	bytes	bytes	text
BLSTY	0	0000	identical		identical
BLSU	0	0000	bytes	bytes	text
BLSUALLO	0	0000	identical		identical
BLSUBLDD	0	0000	identical		identical
BLSUBLDL	0	0000	identical		identical
BLSUDYNA	0	0000	identical		identical
BLSUGWDM	0	0000	identical		identical
BLSUHELP	8	0000	cards		length
BLSUINI1	8	0000	cards		length
BLSUINI2	0	0000	identical		identical
BLSUIT01	0	0000	identical		identical
BLSUIT02	0	0000	identical		identical
BLSUIT03	0	0000	identical		identical
BLSUMON	0	0000	bytes	bytes	text
BLSUMON2	0	0000	identical		identical
BLSUMONA	0	0000	bytes	bytes	mixed
BLSUMONC	0	0000	identical		identical
BLSUMOND	0	0000	identical		identical
BLSUMONI	0	0000	bytes	bytes	text
BLSUMONL	0	0000	identical		identical
BLSUMONT	0	0000	identical		identical
BLSUMONX	0	0000	identical		identical
BLSUMPK1	0	0000	identical		identical
BLSUMPKN	0	0000	identical		identical
BLSUMTOD	0	0000	identical		identical
BLSUNOTE	8	0000	cards		length
BLSUPARI	0	0000	identical		identical
BLSUPARU	0	0000	identical		identical
BLSUPGMC	0	0000	identical		identical
BLSUPGMD	0	0000	identical		identical
BLSUPGML	0	0000	identical		identical
BLSUPGMR	0	0000	identical		identical
BLSUPRCL	0	0000	identical		identical
BLSUPROP	0	0000	identical		identical
BLSUPRTA	0	0000	bytes	bytes	text
BLSUPRTN	0	0000	identical		identical
BLSUPRTT	0	0000	identical		identical
BLSUPUT	8	0000	bytes	bytes	text
BLSUPUTA	0	0000	identical		identical
BLSUPUTC	0	0000	bytes	bytes	text
BLSUPUTD	0	0000	bytes	bytes	text
BLSUPUTN	0	0000	identical		identical
BLSUPUTO	0	0000	bytes	bytes	text
BLSUPUTT	0	0000	identical		identical
BLSUPUTV	0	0000	identical		identical
BLSUSTAE	0	0000	identical		text
BLSUSTAI	0	0000	identical		identical
BLSUTRMA	0	0000	identical		identical
BLSUTRMN	0	0000	identical		identical
BLSUTRMO	0	0000	bytes	bytes	text
BLSUTRMV	0	0000	bytes	bytes	text
BLSUTSO	0	0000	identical		identical
BLSUVECT	0	0000	identical		identical
BLSUVP21	0	0000	identical		identical
BLSUVP31	0	0000	identical		identical
BLSUVP32	0	0000	identical		identical
BLSUVP99	0	0000	identical		identical
BLSUVPVA	0	0000	identical		identical
BLSUVPX1	0	0000	identical		identical
BLSUVSAR	12	0000	cards		length
BLSUVSCL	0	0000	identical		identical
BLSUVSCR	0	0000	identical		text
BLSUVSEN	0	0000	identical		identical
BLSUVSER	0	0000	identical		identical
BLSUVSGE	0	0000	identical		identical
BLSUVSGU	0	0000	identical		identical
BLSUVSMR	0	0000	identical		text
BLSUVSOP	0	0000	identical		identical
BLSUVSOQ	0	0000	identical		text
BLSUVSPO	0	0000	identical		identical
BLSUVSPU	0	0000	identical		identical
BLSUZZ2C	0	0000	identical		identical
BLSUZZ2D	0	0000	identical		identical
BLSUZZ2R	0	0000	identical		identical
BLSVASCB	8	0000	bytes	bytes	text
BLSVASVT	0	0000	bytes	bytes	text
BLSVASXB	8	0000	bytes	bytes	text
BLSVCDE	0	0000	bytes	bytes	text
BLSVCVT	8	0000	bytes	bytes	text
BLSVCVT2	0	0000	identical		identical
BLSVIOC	0	0000	bytes	bytes	text
BLSVIOX	0	0000	identical		identical
BLSVLCCA	8	0000	bytes	bytes	text
BLSVLCCV	0	0000	bytes	bytes	text
BLSVLPDE	0	0000	bytes	bytes	text
BLSVPCCA	8	0000	bytes	bytes	text
BLSVPCCV	0	0000	bytes	bytes	text
BLSVPGTE	0	0000	identical		text
BLSVPSA	8	0000	bytes	bytes	text
BLSVPVT	8	0000	bytes	bytes	text
BLSVQCBA	0	0000	bytes	bytes	text
BLSVQCBB	0	0000	bytes	bytes	text
BLSVQEL	0	0000	bytes	bytes	text
BLSVRB	8	0000	bytes	bytes	text
BLSVSGTE	0	0000	identical		text
BLSVTCB	8	0000	bytes	bytes	text
BLSVUCB	8	0000	bytes	bytes	text
BLSVXTLS	0	0000	identical		identical
BNGC3270	8	0008	bytes	bytes	length
BNGCDISP	8	0008	cards		length
BNGCLOCL	8	0008	bytes	bytes	length
BNGCMENU	8	0008	bytes	bytes	length
BNGCRMOT	8	0008	bytes	bytes	length
BNGI3270	8	0000	bytes	bytes	length
BNGIDISP	8	0000	bytes	bytes	length
BNGIEXIT	8	0012	identical		length
BNGILOCL	0	0000	identical		length
BNGIMENU	0	0000	identical		length
BNGIPCBX	0	0000	identical		length
BNGIREAD	0	0000	identical		length
BNGIRMOT	0	0000	identical		length
BNGISIMS	0	0000	identical		length
BNGLOGR2	8	0000	bytes	bytes	length
BNGT3270	8	0000	cards		length
BNGTDISP	8	0000	cards		length
BNGTLOCL	0	0000	bytes	bytes	length
BNGTMENU	0	0000	identical		text
BNGTQEMA	0	0000	identical		length
BNGTQEMF	0	0000	identical		mixed
BNGTRMOT	0	0000	bytes	bytes	length
ESRTABLE	0	0008	identical		text
FCB3STD3	0	0000	identical		identical
GENRMT	0	0000	identical		text
GRAF	0	0000	identical		identical
HEWLDIDY	0	0000	identical		identical
HEWLDIOC	142	0000	no-as370-deck		no-pair
HEWLDLIB	0	0000	identical		holes
HEWLDREL	0	0000	bytes	bytes	text
HEWLDRGO	8	0000	bytes	bytes	mixed
HEWLFADA	0	0000	identical		length
HEWLFAPT	0	0000	identical		length
HEWLFBTP	8	0000	identical		length
HEWLFEND	0	0000	identical		length
HEWLFENS	0	0000	identical		length
HEWLFENT	0	0000	identical		length
HEWLFESD	0	0000	identical		length
HEWLFFNL	0	0000	bytes	bytes	length
HEWLFIDR	0	0000	identical		length
HEWLFINC	0	0000	identical		length
HEWLFINP	0	0000	bytes	bytes	length
HEWLFINT	0	0000	bytes	bytes	length
HEWLFMAP	0	0000	identical		length
HEWLFOPT	0	0000	identical		length
HEWLFOUT	0	0000	identical		length
HEWLFRAT	0	0000	identical		length
HEWLFRCG	0	0000	identical		length
HEWLFREL	0	0000	identical		length
HEWLFROU	0	0000	bytes	bytes	length
HEWLFSCD	0	0000	identical		length
HEWLFSCN	8	0000	bytes	bytes	length
HEWLFSYM	0	0000	identical		length
HMASMAAR	0	0000	identical		length
HMASMADD	0	0000	identical		identical
HMASMALC	8	0000	bytes	bytes	mixed
HMASMAR1	0	0000	identical		text
HMASMAR2	0	0000	identical		text
HMASMAR3	0	0000	bytes	bytes	text
HMASMAR4	0	0000	identical		identical
HMASMARL	0	0000	identical		identical
HMASMASI	8	0000	bytes	bytes	text
HMASMASM	0	0000	identical		identical
HMASMBDL	8	0000	bytes	bytes	length
HMASMBUE	0	0000	identical		text
HMASMBUR	0	0000	identical		identical
HMASMCIL	0	0000	identical		text
HMASMCMP	0	0000	identical		text
HMASMCOM	0	0000	identical		length
HMASMCP2	0	0000	identical		text
HMASMCPI	8	0000	bytes	bytes	text
HMASMCPL	0	0000	identical		text
HMASMCPY	0	0000	identical		text
HMASMCRD	0	0000	identical		text
HMASMCRW	0	0000	identical		identical
HMASMDC1	0	0000	identical		text
HMASMDC2	0	0000	bytes	bytes	mixed
HMASMDLE	0	0000	identical		mixed
HMASMDR1	0	0000	identical		text
HMASMDR2	0	0000	identical		text
HMASMDRV	8	0000	bytes	bytes	mixed
HMASMDS1	0	0000	identical		text
HMASMDSU	8	0000	bytes	bytes	mixed
HMASMEFR	0	0000	identical		text
HMASMEIS	0	0000	identical		mixed
HMASMFPT	0	0000	identical		identical
HMASMFVL	0	0000	identical		text
HMASMFXF	0	0000	identical		identical
HMASMGTA	0	0000	identical		text
HMASMIDU	0	0000	identical		text
HMASMIO	8	0000	cards		text
HMASMIO1	0	0000	identical		text
HMASMION	0	0000	identical		text
HMASMLC1	0	0000	identical		text
HMASMLCC	0	0000	identical		mixed
HMASMLCD	0	0000	identical		text
HMASMLCP	0	0000	identical		length
HMASMLID	0	0004	identical		text
HMASMLKD	0	0000	identical		text
HMASMLKI	8	0000	bytes	bytes	text
HMASMLOG	0	0000	identical		mixed
HMASMMDR	0	0000	identical		length
HMASMMPA	0	0000	identical		length
HMASMMPD	0	0000	identical		length
HMASMMPE	0	0008	identical		mixed
HMASMMPH	0	0000	identical		length
HMASMMPI	0	0008	identical		mixed
HMASMMPL	0	0000	identical		length
HMASMMPV	0	0008	identical		mixed
HMASMMSG	0	0000	bytes	bytes	length
HMASMPGC	0	0000	identical		text
HMASMPIN	0	0000	identical		length
HMASMRCC	0	0000	identical		text
HMASMRCD	0	0000	identical		length
HMASMRCF	0	0000	identical		text
HMASMRCL	0	0000	identical		text
HMASMRDS	0	0000	identical		text
HMASMREC	0	0000	identical		length
HMASMREJ	0	0000	identical		text
HMASMRJD	0	0000	identical		text
HMASMSCN	0	0000	identical		text
HMASMSEC	0	0000	identical		text
HMASMSER	0	0000	bytes	bytes	text
HMASMSTA	0	0000	identical		text
HMASMSUB	0	0000	identical		text
HMASMSUP	0	0000	identical		text
HMASMTAD	0	0000	identical		text
HMASMTAI	0	0000	identical		text
HMASMTBL	0	0000	identical		text
HMASMTBM	0	0000	identical		identical
HMASMTCL	0	0000	identical		text
HMASMTCR	0	0000	identical		text
HMASMTD1	0	0000	identical		text
HMASMTDD	0	0000	identical		text
HMASMTEC	0	0000	identical		text
HMASMTID	0	0000	identical		identical
HMASMTL1	0	0000	identical		text
HMASMTL2	0	0000	identical		text
HMASMTL3	0	0000	identical		identical
HMASMTM1	0	0000	identical		text
HMASMTM2	0	0000	identical		text
HMASMTM3	0	0000	identical		text
HMASMTM4	0	0000	identical		text
HMASMTMD	0	0000	cards		text
HMASMTMJ	0	0000	identical		text
HMASMTMS	0	0000	identical		text
HMASMTMW	0	0000	identical		length
HMASMTP2	0	0000	identical		text
HMASMTPA	0	0000	bytes	bytes	mixed
HMASMTPC	0	0000	identical		identical
HMASMTPD	0	0000	identical		text
HMASMTPL	0	0000	identical		text
HMASMTPO	0	0000	identical		text
HMASMTPR	0	0000	identical		text
HMASMTPS	0	0000	identical		text
HMASMTR1	0	0000	identical		text
HMASMTRM	0	0000	identical		mixed
HMASMTSB	0	0000	identical		text
HMASMUC1	0	0008	identical		text
HMASMUC2	0	0008	identical		text
HMASMUC3	0	0008	identical		text
HMASMUC4	0	0008	identical		mixed
HMASMUCD	0	0000	identical		identical
HMASMULI	0	0000	identical		length
HMASMULK	0	0000	identical		text
HMASMUPD	0	0008	identical		mixed
HMASMUPI	8	0000	bytes	bytes	mixed
HMASMUXC	0	0000	identical		text
HMASMUXD	0	0000	identical		identical
HMASMVLU	0	0000	identical		text
HMASMXRF	0	0000	identical		text
HMASMZAP	0	0008	identical		length
HMBLKCTL	0	0000	identical		length
HMBLKERR	0	0000	identical		identical
HMBLKIDR	0	0000	identical		length
HMBLKLDM	0	0000	identical		holes
HMBLKLPA	0	0000	identical		holes
HMBLKMSG	0	0000	identical		identical
HMBLKOBJ	0	0000	identical		identical
HMBLKSZE	0	0000	identical		length
HMBLKXRF	0	0000	identical		identical
IAPABNAP	0	0000	identical		identical
IAPBLDIO	0	0000	identical		identical
IAPCHKIO	0	0000	bytes	bytes	text
IAPCNTRL	8	0008	cards		length
IAPPFXAP	0	0000	identical		identical
IAPTIMER	0	0000	identical		identical
IASFCB26	0	0000	identical		unpaired
IASFCB28	0	0000	identical		unpaired
IASXSD81	0	0000	identical		length
IASXSD82	8	0000	cards		length
IASXWR00	0	0000	identical		identical
IBCDASDI	8	0008	cards		no-pair
IBCDMPRS	8	0008	cards		no-pair
ICAPRTBL	8	0000	cards		no-pair
ICB2ACT	0	0000	identical		length
ICB2AEA	0	0000	identical		length
ICB2AIR	0	0000	identical		length
ICB2ATTN	0	0000	identical		length
ICB2MSG	0	0000	identical		length
ICB2SIOB	0	0000	identical		length
ICB2SIOF	0	0000	identical		length
ICBINIT	0	0000	identical		text
ICBIORSI	0	0000	identical		length
ICBME	0	0000	identical		holes
ICBMSG05	0	0000	identical		length
ICBMSG56	0	0000	identical		length
ICBPRGIO	0	0000	identical		length
ICBTMSS0	0	0000	identical		mixed
ICBVCR00	0	0000	identical		identical
ICBVDM00	0	0000	identical		identical
ICBVDR00	0	0000	identical		holes
ICBVDR01	0	0000	identical		length
ICBVEX00	0	0000	identical		identical
ICBVIN00	0	0000	bytes	bytes	length
ICBVIN02	0	0000	identical		length
ICBVIO00	0	0000	identical		identical
ICBVJL00	0	0000	identical		length
ICBVMG00	0	0000	bytes	bytes	length
ICBVMS00	0	0000	identical		length
ICBVMT00	0	0000	identical		length
ICBVOP00	0	0000	bytes	bytes	text
ICBVPI00	0	0000	identical		identical
ICBVPR00	0	0000	identical		length
ICBVQM00	0	0000	bytes	bytes	length
ICBVRR00	0	0000	identical		identical
ICBVSC00	0	0000	identical		length
ICBVSL00	0	0000	identical		length
ICBVSP00	0	0000	identical		length
ICBVTM00	0	0000	identical		identical
ICBVTP00	0	0000	identical		length
ICBVTP01	0	0000	identical		length
ICBVUP00	0	0000	identical		identical
ICBVUP01	0	0000	identical		identical
ICBVUT00	0	0000	identical		length
ICBVUT01	0	0000	identical		length
ICBVUT03	0	0000	identical		length
ICFBDF00	8	0000	bytes	bytes	length
ICFBDX00	0	0000	identical		identical
ICFBIF00	8	0000	bytes	bytes	length
ICFBIX00	0	0000	identical		identical
ICGDSA01	0	0000	identical		holes
ICGDSA02	0	0000	identical		holes
ICGDSA04	0	0000	identical		holes
ICGDSA05	0	0000	identical		length
ICGDSA06	0	0000	identical		length
ICGDSA07	0	0000	identical		length
ICGDSA08	0	0000	identical		holes
ICGDSA09	0	0000	identical		length
ICGDSANL	0	0000	identical		holes
ICGDSB01	0	0000	identical		length
ICGDSB03	0	0000	identical		length
ICGDSB05	0	0000	identical		length
ICGDSB06	0	0000	identical		length
ICGDSB07	0	0000	bytes	bytes	mixed
ICGDSB08	0	0000	bytes	bytes	length
ICGDSB09	0	0000	identical		length
ICGDSB10	0	0000	bytes	bytes	length
ICGDSB11	0	0000	identical		length
ICGDSB12	0	0000	identical		length
ICGDSB13	0	0000	identical		length
ICGDSB14	0	0000	bytes	bytes	length
ICGDSB15	0	0000	identical		length
ICGDSB16	0	0000	identical		length
ICGDSB18	0	0000	identical		length
ICGDSB19	0	0000	identical		length
ICGDSB20	0	0000	identical		length
ICGDSBLD	0	0000	identical		length
ICGDSINT	0	0000	identical		mixed
ICGDSMSG	0	0000	identical		identical
ICGDSS01	0	0000	identical		identical
ICGDSS02	0	0000	identical		identical
ICGDSS04	0	0000	identical		identical
ICGDSS05	0	0000	identical		identical
ICGDSS06	0	0000	identical		length
ICGDSS08	0	0000	identical		length
ICGDSS09	0	0000	identical		length
ICGDSS99	0	0000	identical		identical
ICGDSSCN	0	0000	identical		holes
ICGTRDST	0	0000	bytes	bytes	text
ICGTRINT	0	0000	bytes	bytes	length
ICGTRSUM	0	0000	bytes	bytes	text
ICGTRVID	0	0000	identical		identical
ICHRIN00	0	0000	identical		mixed
ICKAA01	0	0000	identical		length
ICKAN01	0	0000	identical		length
ICKAN02	0	0000	identical		identical
ICKAN03	0	0000	identical		identical
ICKBI01	0	0000	identical		length
ICKBM01	0	0000	identical		length
ICKCDAN	0	0000	identical		identical
ICKCDBI	0	0000	identical		identical
ICKCDIN	0	0000	identical		length
ICKCDIT	0	0000	identical		length
ICKCDRF	0	0000	identical		length
ICKCDTR	0	0000	identical		identical
ICKCL01	0	0000	identical		identical
ICKCV01	0	0000	identical		identical
ICKDV00	0	0000	identical		length
ICKDV01	0	0000	identical		length
ICKDV02	0	0000	identical		length
ICKDV03	0	0000	bytes	bytes	length
ICKDV04	0	0000	identical		length
ICKDV13	0	0000	identical		identical
ICKEX01	0	0000	identical		length
ICKEX02	0	0000	identical		identical
ICKEX03	0	0000	identical		identical
ICKIN01	0	0000	identical		length
ICKIN02	0	0000	identical		text
ICKIO01	0	0000	identical		length
ICKIO02	0	0000	identical		length
ICKIT01	0	0000	bytes	bytes	length
ICKPP01	0	0000	identical		length
ICKRA01	0	0000	identical		identical
ICKRD01	0	0000	identical		identical
ICKRF01	0	0000	identical		length
ICKRI01	0	0000	bytes	bytes	length
ICKRI02	0	0000	identical		length
ICKRI03	0	0000	identical		identical
ICKRIKT	0	0000	identical		identical
ICKRILT	0	0000	identical		length
ICKRL01	0	0000	identical		identical
ICKRP01	0	0000	identical		length
ICKRT01	0	0000	identical		identical
ICKSA01	0	0000	identical		length
ICKSA02	0	0000	identical		length
ICKSA03	0	0000	identical		length
ICKSA04	0	0000	identical		identical
ICKSA05	0	0000	identical		length
ICKSA08	0	0000	identical		length
ICKSA10	0	0000	identical		length
ICKSD01	0	0000	identical		identical
ICKSD02	0	0000	identical		text
ICKTA01	0	0000	identical		length
ICKTP01	0	0000	bytes	bytes	length
ICKTP04	0	0000	identical		identical
ICKTP05	0	0000	identical		length
ICKTR01	0	0000	identical		identical
ICKTR02	0	0000	identical		identical
ICKTSAN0	0	0000	identical		text
ICKTSBI0	0	0000	identical		identical
ICKTSCC0	0	0000	identical		length
ICKTSDV0	0	0000	identical		length
ICKTSEF0	0	0000	identical		length
ICKTSEF1	0	0000	identical		length
ICKTSEX0	0	0000	identical		length
ICKTSIO0	0	0000	identical		length
ICKTSRI0	0	0000	identical		length
ICKTSSA0	0	0000	identical		identical
ICKTSTP0	0	0000	identical		text
ICKTSTP1	0	0000	identical		length
ICKTSUV0	0	0000	identical		identical
ICKUSER1	0	0000	identical		identical
ICKVA01	0	0000	identical		length
ICKVD01	0	0000	identical		identical
ICKVLBL	0	0000	identical		length
ICKVP01	0	0000	identical		identical
ICKVV01	0	0000	identical		length
ICKWI01	0	0000	identical		length
ICKWL01	0	0000	identical		length
ICKWV01	0	0000	identical		length
IDA0192A	0	0000	identical		length
IDA0192B	0	0000	identical		length
IDA0192C	0	0000	identical		length
IDA0192D	0	0000	identical		length
IDA0192F	0	0000	identical		length
IDA0192G	0	0000	identical		holes
IDA0192I	0	0000	identical		length
IDA0192M	0	0000	identical		identical
IDA0192P	0	0000	identical		length
IDA0192S	0	0000	identical		length
IDA0192V	0	0000	bytes	bytes	length
IDA0192W	0	0000	identical		holes
IDA0192Y	0	0000	identical		length
IDA0192Z	0	0000	identical		length
IDA0195A	0	0000	identical		identical
IDA019C1	8	0000	bytes	bytes	length
IDA019R1	0	0000	bytes	bytes	length
IDA019R2	0	0000	bytes	bytes	length
IDA019R4	0	0000	bytes	bytes	length
IDA019R5	0	0000	bytes	bytes	length
IDA019R8	0	0000	bytes	bytes	length
IDA019RA	0	0000	bytes	bytes	length
IDA019RB	0	0000	bytes	bytes	text
IDA019RC	0	0000	identical		identical
IDA019RD	0	0000	identical		length
IDA019RE	0	0000	bytes	bytes	length
IDA019RF	0	0000	bytes	bytes	length
IDA019RG	0	0000	bytes	bytes	text
IDA019RH	0	0000	bytes	bytes	mixed
IDA019RI	0	0000	bytes	bytes	mixed
IDA019RJ	0	0000	bytes	bytes	length
IDA019RK	0	0000	bytes	bytes	length
IDA019RL	0	0000	bytes	bytes	length
IDA019RM	0	0000	bytes	bytes	length
IDA019RN	0	0000	bytes	bytes	length
IDA019RO	0	0000	bytes	bytes	length
IDA019RP	0	0000	bytes	bytes	length
IDA019RQ	0	0000	bytes	bytes	length
IDA019RR	0	0000	bytes	bytes	length
IDA019RS	0	0000	bytes	bytes	mixed
IDA019RT	0	0000	bytes	bytes	text
IDA019RU	0	0000	bytes	bytes	length
IDA019RV	0	0000	bytes	bytes	text
IDA019RW	0	0000	bytes	bytes	length
IDA019RX	0	0000	bytes	bytes	length
IDA019RY	0	0000	bytes	bytes	length
IDA019RZ	0	0000	bytes	bytes	mixed
IDA019S1	0	0000	bytes	bytes	text
IDA019S2	0	0000	identical		length
IDA019S4	0	0000	identical		length
IDA019S6	0	0000	bytes	bytes	length
IDA019SA	0	0000	bytes	bytes	length
IDA019SB	0	0000	identical		identical
IDA019SE	0	0000	bytes	bytes	length
IDA019SF	0	0000	bytes	bytes	text
IDA019SG	0	0000	identical		identical
IDA019SH	0	0004	identical		identical
IDA019SL	0	0004	identical		identical
IDA019SM	0	0000	identical		identical
IDA019SN	0	0000	bytes	bytes	text
IDA019ST	8	0000	bytes	bytes	length
IDA019SU	0	0000	bytes	bytes	length
IDA0200B	0	0000	identical		length
IDA0200S	0	0000	identical		length
IDA0200T	0	0000	identical		length
IDA0231B	0	0000	identical		length
IDA0231T	0	0000	identical		length
IDA0557A	0	0000	identical		length
IDA0A05B	0	0000	identical		length
IDA0C05B	0	0000	identical		length
IDA0C06C	0	0000	identical		length
IDA0I96C	0	0000	identical		length
IDA121A2	8	0000	bytes	bytes	text
IDA121A3	0	0000	identical		length
IDA121A4	8	0008	bytes	bytes	length
IDA121A5	0	0000	identical		length
IDA121A6	0	0000	identical		text
IDA121CV	0	0000	identical		identical
IDACAT11	0	0000	bytes	bytes	length
IDACAT12	0	0000	bytes	bytes	length
IDACAT13	0	0000	identical		length
IDACAT21	0	0000	identical		identical
IDACKRA1	0	0000	identical		length
IDAICIA1	0	0000	identical		length
IDAIIFBF	0	0000	identical		identical
IDAIIPM1	0	0000	identical		length
IDAIIPM2	0	0000	identical		identical
IDAIIPM3	0	0000	identical		mixed
IDAIISM1	0	0000	identical		length
IDAM19R3	0	0000	bytes	bytes	length
IDAOCEA1	0	0000	identical		length
IDAOCEA2	0	0000	identical		length
IDAOCEA3	0	0000	identical		identical
IDAOCEA4	0	0000	identical		holes
IDAVBPC1	0	0000	identical		length
IDAVBPJ1	0	0000	identical		length
IDAVBPJ2	0	0000	identical		holes
IDAVBPO1	0	0000	identical		text
IDAVBPP1	0	0000	identical		length
IDAVBPR1	8	0000	bytes	bytes	text
IDAVBPR2	0	0000	identical		identical
IDAVBPS1	0	0000	identical		identical
IDAVBPS2	0	0000	identical		length
IDCAL01	0	0000	identical		length
IDCAM01	0	0000	identical		no-pair
IDCAM02	0	0000	identical		no-pair
IDCAU01	0	0000	identical		identical
IDCAU02	0	0000	identical		holes
IDCAU03	0	0000	identical		length
IDCAV01	0	0000	identical		identical
IDCBI01	0	0000	identical		length
IDCCC01	0	0000	identical		holes
IDCCDAL	0	0000	cards		length
IDCCDAU	0	0000	identical		length
IDCCDAV	0	0000	identical		identical
IDCCDBI	0	0000	cards		length
IDCCDCC	0	0000	cards		length
IDCCDCH	0	0000	identical		length
IDCCDCK	0	0000	cards		length
IDCCDCN	0	0000	identical		identical
IDCCDCO	0	0000	identical		identical
IDCCDCP	0	0000	identical		identical
IDCCDCT	0	0000	identical		identical
IDCCDCV	0	0000	identical		identical
IDCCDDE	0	0000	cards		length
IDCCDDL	0	0000	cards		length
IDCCDDU	0	0000	identical		length
IDCCDEC	0	0000	identical		identical
IDCCDEV	0	0000	identical		identical
IDCCDGR	0	0000	identical		identical
IDCCDLC	0	0000	cards		length
IDCCDLD	0	0000	identical		identical
IDCCDLM	0	0000	identical		identical
IDCCDLR	0	0000	cards		length
IDCCDLV	0	0000	identical		identical
IDCCDMC	0	0000	identical		identical
IDCCDMG	0	0000	identical		identical
IDCCDMP	0	0000	cards		length
IDCCDMV	0	0000	identical		length
IDCCDNC	0	0000	identical		length
IDCCDPM	0	0000	cards		length
IDCCDPR	0	0000	cards		length
IDCCDRC	0	0000	cards		length
IDCCDRD	0	0000	cards		length
IDCCDRL	0	0000	identical		identical
IDCCDRM	0	0000	cards		length
IDCCDRP	0	0000	cards		length
IDCCDRR	0	0000	identical		identical
IDCCDRS	0	0000	cards		length
IDCCDRV	0	0000	identical		identical
IDCCDSD	0	0000	identical		identical
IDCCDSG	0	0000	identical		identical
IDCCDSR	0	0000	identical		identical
IDCCDST	0	0000	identical		identical
IDCCDSV	0	0000	identical		identical
IDCCDTR	0	0000	identical		identical
IDCCDTU	0	0000	identical		length
IDCCDVY	0	0000	identical		identical
IDCCDXP	0	0000	cards		length
IDCCH01	0	0000	bytes	bytes	length
IDCCH02	0	0000	identical		length
IDCCH03	0	0000	identical		length
IDCCH04	0	0000	identical		length
IDCCK01	0	0000	identical		holes
IDCCN01	0	0000	identical		length
IDCCO01	0	0000	identical		length
IDCCP01	0	0000	bytes	bytes	text
IDCCT01	0	0000	bytes	bytes	mixed
IDCCV01	0	0000	identical		length
IDCDB01	0	0000	identical		holes
IDCDB02	0	0000	bytes	bytes	mixed
IDCDE01	0	0000	identical		length
IDCDE02	0	0000	identical		length
IDCDE03	0	0000	identical		holes
IDCDL01	0	0000	identical		length
IDCDU01	0	0000	identical		length
IDCEC01	0	0000	identical		holes
IDCEV01	0	0000	identical		holes
IDCEX01	0	0000	identical		holes
IDCEX02	0	0000	identical		holes
IDCEX03	0	0000	identical		length
IDCGR01	0	0000	identical		identical
IDCIO01	0	0000	identical		length
IDCIO02	0	0000	identical		length
IDCIO03	0	0000	identical		identical
IDCIO04	0	0000	identical		holes
IDCIO05	0	0000	bytes	bytes	length
IDCLC01	0	0000	bytes	bytes	length
IDCLC02	0	0000	bytes	bytes	length
IDCLD01	0	0000	identical		identical
IDCLM01	0	0000	bytes	bytes	length
IDCLR01	0	0000	identical		length
IDCLR02	0	0000	identical		holes
IDCLV01	0	0000	identical		length
IDCMC01	0	0000	identical		length
IDCMG01	0	0000	identical		identical
IDCMP01	0	0000	identical		length
IDCMV01	0	0000	identical		length
IDCNC01	0	0000	identical		length
IDCPM01	0	0000	identical		length
IDCPR01	0	0000	identical		length
IDCRC01	0	0000	identical		length
IDCRC02	0	0000	identical		length
IDCRC03	0	0000	identical		holes
IDCRC04	8	0000	cards		length
IDCRD01	0	0000	identical		holes
IDCRD02	0	0000	identical		identical
IDCRD03	0	0000	identical		text
IDCRD04	0	0000	identical		length
IDCRD05	0	0000	identical		length
IDCRD06	0	0000	identical		identical
IDCRD07	0	0000	identical		length
IDCRI01	0	0000	bytes	bytes	length
IDCRI02	0	0000	identical		identical
IDCRI03	0	0000	identical		holes
IDCRI04	0	0000	cards		length
IDCRIFF	0	0000	identical		identical
IDCRIKT	0	0000	identical		identical
IDCRILT	0	0000	identical		identical
IDCRIMT	0	0000	identical		identical
IDCRL01	0	0000	identical		identical
IDCRM01	0	0000	identical		length
IDCRP01	0	0000	identical		length
IDCRR01	0	0000	identical		length
IDCRS01	0	0000	identical		length
IDCRS02	0	0000	identical		mixed
IDCRS03	0	0000	identical		mixed
IDCRS04	0	0000	identical		mixed
IDCRS05	0	0000	identical		mixed
IDCRS06	0	0000	identical		mixed
IDCRS07	0	0000	identical		mixed
IDCRV01	0	0000	identical		length
IDCSA01	0	0000	identical		length
IDCSA02	0	0000	identical		length
IDCSA03	0	0000	identical		holes
IDCSA05	0	0000	identical		identical
IDCSA06	0	0000	identical		length
IDCSA07	0	0000	bytes	bytes	length
IDCSA08	0	0000	identical		length
IDCSA09	0	0000	identical		identical
IDCSA10	0	0000	identical		length
IDCSD01	0	0000	identical		identical
IDCSG01	0	0000	identical		identical
IDCSR01	0	0000	identical		holes
IDCST01	0	0000	bytes	bytes	length
IDCSV01	0	0000	identical		length
IDCTP01	0	0000	bytes	bytes	length
IDCTP04	0	0000	identical		holes
IDCTP05	0	0000	identical		holes
IDCTP06	0	0000	identical		length
IDCTR01	0	0000	identical		length
IDCTSAL0	0	0000	identical		identical
IDCTSAU0	0	0000	bytes	bytes	length
IDCTSAV0	0	0000	bytes	bytes	length
IDCTSBI0	0	0000	identical		identical
IDCTSCC0	0	0000	identical		identical
IDCTSCH0	0	0000	bytes	bytes	length
IDCTSCK0	0	0000	identical		length
IDCTSCM0	0	0000	cards		length
IDCTSCN0	0	0000	bytes	bytes	length
IDCTSCO0	0	0000	cards		length
IDCTSCP0	0	0000	cards		length
IDCTSCT0	0	0000	identical		identical
IDCTSCV0	0	0000	cards		length
IDCTSDE0	0	0000	identical		identical
IDCTSDL0	0	0000	identical		length
IDCTSDU0	0	0000	identical		length
IDCTSEC0	0	0000	cards		length
IDCTSEV0	0	0000	bytes	bytes	length
IDCTSEX0	0	0000	identical		holes
IDCTSIO0	0	0000	identical		identical
IDCTSIO5	0	0000	cards		length
IDCTSLC0	0	0000	identical		length
IDCTSLC1	0	0000	identical		identical
IDCTSLD0	0	0000	identical		identical
IDCTSLM0	0	0000	cards		length
IDCTSLR0	0	0000	identical		identical
IDCTSLR1	0	0000	identical		identical
IDCTSLV0	0	0000	cards		length
IDCTSMC0	0	0000	bytes	bytes	length
IDCTSMG0	0	0000	bytes	bytes	length
IDCTSMP0	0	0000	identical		identical
IDCTSMV0	0	0000	identical		identical
IDCTSNC0	0	0000	identical		identical
IDCTSPR0	0	0000	identical		length
IDCTSRC0	0	0000	identical		identical
IDCTSRD0	0	0000	identical		identical
IDCTSRI0	0	0000	identical		identical
IDCTSRI1	0	0000	identical		identical
IDCTSRL0	0	0000	bytes	bytes	length
IDCTSRR0	0	0000	cards		length
IDCTSRS0	0	0000	identical		identical
IDCTSRV0	0	0000	bytes	bytes	length
IDCTSSA0	0	0000	identical		identical
IDCTSSA6	0	0000	cards		length
IDCTSSA7	0	0000	bytes	bytes	length
IDCTSSD0	0	0000	cards		length
IDCTSSR0	0	0000	cards		length
IDCTSSS0	0	0000	bytes	bytes	length
IDCTSST0	0	0000	identical		identical
IDCTSSV0	0	0000	cards		length
IDCTSTP0	0	0000	identical		text
IDCTSTP1	0	0000	identical		identical
IDCTSTP6	0	0000	identical		identical
IDCTSTR0	0	0000	bytes	bytes	length
IDCTSTU0	0	0000	cards		length
IDCTSUV0	0	0000	identical		identical
IDCTSVS0	0	0000	cards		length
IDCTSXP0	0	0000	identical		identical
IDCTU01	0	0000	identical		length
IDCVS01	0	0000	identical		length
IDCVS02	0	0000	identical		holes
IDCVS03	0	0000	identical		length
IDCVY01	0	0000	identical		identical
IDCXP01	0	0000	identical		identical
IDDWIAPP	0	0000	identical		length
IDDWICLS	0	0000	identical		length
IDDWICPI	0	0000	identical		length
IDDWIFRR	8	0000	bytes	bytes	length
IDDWIJRN	0	0000	identical		length
IDDWIMRG	0	0000	identical		holes
IDDWITRM	0	0000	identical		mixed
IEAFTEED	0	0000	identical		length
IEAFTIHS	0	0000	identical		length
IEAFTRT2	0	0000	identical		length
IEAFTSCB	0	0000	identical		length
IEAQWAIT	0	0000	identical		identical|unpaired
IEASMFEX	0	0000	identical		identical|unpaired
IEATLEXT	0	0000	identical		text
IEAV1052	8	0008	identical		length
IEAV1443	8	0008	identical		length
IEAV2540	8	0008	identical		length
IEAVAD00	0	0000	cards		length
IEAVAD01	0	0000	bytes	bytes	length
IEAVAD02	0	0000	identical		length
IEAVAD03	0	0000	identical		mixed
IEAVAD05	0	0000	identical		identical
IEAVAD06	0	0000	identical		identical
IEAVAD07	0	0000	identical		length
IEAVAD08	0	0000	identical		length
IEAVAD09	0	0000	identical		identical
IEAVAD0A	0	0000	identical		mixed
IEAVAD0B	0	0000	identical		identical
IEAVAD0C	0	0000	identical		identical
IEAVAD0D	0	0000	bytes	bytes	length
IEAVAD0E	0	0000	bytes	bytes	length
IEAVAD0F	0	0000	identical		length
IEAVAD10	0	0000	identical		length
IEAVAD11	0	0000	bytes	bytes	length
IEAVAD31	0	0000	identical		length
IEAVAD51	0	0000	identical		length
IEAVAD71	0	0000	identical		text
IEAVADFM	0	0000	identical		identical
IEAVADUS	0	0000	identical		text
IEAVAMSI	8	0008	identical		text
IEAVAP00	8	0012	bytes	bytes	text
IEAVAR00	0	0000	identical		length
IEAVAR01	0	0000	identical		length
IEAVAR02	0	0000	cards		length
IEAVAR03	0	0000	cards		length
IEAVAR04	0	0000	identical		length
IEAVAR05	0	0000	identical		length
IEAVAR06	0	0000	identical		mixed
IEAVAR07	0	0000	identical		identical
IEAVAX00	0	0000	bytes	bytes	length
IEAVBLDP	0	0008	identical		length
IEAVCARR	0	0000	identical		length
IEAVCKEY	0	0000	identical		text
IEAVCKRR	0	0000	identical		text
IEAVCSEG	8	0008	identical		text
IEAVDELP	0	0008	identical		length
IEAVDLAS	8	0008	identical		text
IEAVDSEG	0	0000	identical		text
IEAVEAC0	0	0000	identical		identical
IEAVEADV	0	0008	identical		length
IEAVEAT0	8	0000	bytes	bytes	length
IEAVECBV	0	0000	identical		text
IEAVECH0	0	0008	identical		length
IEAVEDR	0	0008	identical		text
IEAVEDS0	8	0008	bytes	bytes	mixed
IEAVEDSR	0	0000	bytes	bytes	text
IEAVEE1R	0	0000	identical		identical
IEAVEE2R	0	0000	identical		identical
IEAVEE3R	0	0000	identical		identical
IEAVEED0	0	0008	identical		length
IEAVEEE0	0	0000	identical		identical
IEAVEEE2	0	0008	identical		length
IEAVEEEP	0	0000	identical		text
IEAVEEER	0	0000	identical		text
IEAVEES	0	0008	identical		length
IEAVEEXP	0	0008	bytes	bytes	length
IEAVEEXT	0	0000	identical		identical
IEAVEF00	0	0000	identical		text
IEAVEIO	0	0000	identical		text
IEAVEIOR	0	0000	identical		identical
IEAVEIPR	0	0008	identical		mixed
IEAVELCR	0	0000	bytes	bytes	identical
IEAVELIT	0	0000	identical		identical
IEAVELK	8	0008	bytes	bytes	mixed
IEAVELKR	0	0000	bytes	bytes	text
IEAVEMCR	0	0000	identical		length
IEAVEMDL	0	0000	cards		length
IEAVEMIN	0	0000	cards		length
IEAVEMRQ	0	0000	bytes	bytes	length
IEAVEMS0	0	0008	identical		text
IEAVENQ1	8	0008	bytes	bytes	length
IEAVEOR	0	0008	identical		mixed
IEAVEPC	0	0008	identical		text
IEAVEPCR	0	0000	identical		text
IEAVEPD0	0	0000	bytes	bytes	length
IEAVEPDR	0	0000	identical		text
IEAVEQR	8	0008	cards		length
IEAVEQV0	8	0000	bytes	bytes	text
IEAVERER	0	0000	identical		identical
IEAVERES	8	0008	identical		text
IEAVERI	0	0008	identical		text
IEAVERP	0	0008	identical		text
IEAVESC0	0	0008	bytes	bytes	length
IEAVESCR	0	0000	identical		text
IEAVESPR	0	0000	bytes	bytes	text
IEAVESVC	0	0008	identical		text
IEAVESVR	0	0000	identical		identical
IEAVETCL	0	0008	bytes	bytes	text
IEAVEUPC	0	0000	identical		identical
IEAVEVAL	0	0008	identical		mixed
IEAVEVRR	8	0000	bytes	bytes	text
IEAVEVT0	0	0008	bytes	bytes	text
IEAVEXS	0	0008	bytes	bytes	text
IEAVFP	0	0008	identical		text
IEAVFRCL	8	0008	identical		text
IEAVFREE	0	0008	identical		mixed
IEAVFXLD	8	0008	bytes	bytes	length
IEAVGCAS	0	0000	identical		length
IEAVGFA	8	0008	cards		length
IEAVGFRR	8	0000	bytes	bytes	length
IEAVGM00	8	0008	cards		length
IEAVGPRR	0	0008	identical		length
IEAVGTCL	8	0000	identical		identical
IEAVID00	0	0000	identical		length
IEAVINV	0	0008	bytes	bytes	text
IEAVIOCP	0	0008	identical		text
IEAVITAS	0	0008	cards		length
IEAVLK00	8	0008	bytes	bytes	length
IEAVLK01	8	0008	bytes	bytes	length
IEAVLK02	0	0008	bytes	bytes	mixed
IEAVLK03	0	0008	identical		mixed
IEAVMASV	0	0000	identical		length
IEAVMDOM	0	0000	bytes	bytes	length
IEAVMDSV	8	0008	bytes	bytes	length
IEAVMED2	0	0000	identical		length
IEAVMFRR	8	0000	cards		length
IEAVMNTR	0	0000	identical		mixed
IEAVMODE	0	0008	identical		length
IEAVMQR0	0	0000	identical		holes
IEAVMQWR	0	0000	identical		length
IEAVMSGS	0	0000	identical		identical
IEAVMWSV	0	0000	identical		length
IEAVMWTL	0	0000	identical		identical
IEAVMWTO	0	0000	identical		length
IEAVNIP0	8	0008	bytes	bytes	mixed
IEAVNIPM	8	0012	bytes	bytes	length
IEAVNIPX	8	0012	cards		length
IEAVNP01	8	0008	bytes	bytes	text
IEAVNP02	8	0012	bytes	bytes	mixed
IEAVNP03	8	0012	bytes	bytes	text
IEAVNP05	8	0012	bytes	bytes	text
IEAVNP07	8	0012	identical		text
IEAVNP08	8	0012	identical		text
IEAVNP09	8	0012	identical		text
IEAVNP10	8	0012	bytes	bytes	length
IEAVNP11	8	0012	bytes	bytes	length
IEAVNP12	8	0012	bytes	bytes	length
IEAVNP13	8	0012	bytes	bytes	text
IEAVNP16	8	0012	identical		text
IEAVNP17	8	0012	identical		text
IEAVNP19	8	0012	bytes	bytes	length
IEAVNP1A	8	0012	bytes	bytes	length
IEAVNP1B	8	0008	identical		length
IEAVNPA1	8	0012	bytes	bytes	text
IEAVNPA5	8	0012	identical		text
IEAVNPA6	8	0012	identical		length
IEAVNPB5	8	0008	identical		text
IEAVNPB6	0	0000	identical		identical
IEAVNPM2	8	0012	identical		mixed
IEAVNPM3	8	0012	bytes	bytes	text
IEAVNPS5	8	0012	bytes	bytes	text
IEAVOUT	8	0008	identical		mixed
IEAVPCB	0	0008	bytes	bytes	length
IEAVPFTE	0	0008	cards		length
IEAVPIOI	8	0008	identical		text
IEAVPIOP	8	0008	identical		mixed
IEAVPIX	8	0008	identical		text
IEAVPREF	0	0008	identical		mixed
IEAVPRSB	0	0008	identical		text
IEAVPRT0	8	0008	bytes	bytes	text
IEAVPSI	0	0008	bytes	bytes	mixed
IEAVRCF	8	0008	cards		length
IEAVRCV	0	0008	identical		text
IEAVRELS	8	0008	identical		mixed
IEAVRFR	8	0008	identical		mixed
IEAVRSM	0	0008	identical		text
IEAVRT00	0	0000	identical		length
IEAVRT01	0	0000	identical		holes
IEAVRT02	0	0008	identical		length
IEAVRTI0	8	0008	bytes	bytes	length
IEAVRTI1	0	0000	cards		length
IEAVRTOD	0	0000	cards		length
IEAVSETS	0	0008	bytes	bytes	mixed
IEAVSOUT	8	0008	bytes	bytes	length
IEAVSQA	0	0008	cards		length
IEAVSTA0	0	0000	identical		length
IEAVSTAA	8	0000	bytes	bytes	length
IEAVSWCH	0	0000	bytes	bytes	length
IEAVSWIN	8	0008	cards		length
IEAVSWPC	8	0008	bytes	bytes	length
IEAVSY50	0	0008	bytes	bytes	length
IEAVTABD	0	0000	cards		length
IEAVTABI	8	0012	identical		text
IEAVTACR	0	0000	cards		length
IEAVTADR	0	0000	identical		identical
IEAVTAS1	0	0000	identical		length
IEAVTAS2	0	0000	identical		length
IEAVTAS3	0	0000	identical		length
IEAVTB00	0	0000	bytes	bytes	length
IEAVTCR1	0	0000	identical		identical
IEAVTERM	8	0008	bytes	bytes	length
IEAVTEST	0	0000	identical		identical
IEAVTFHX	0	0000	identical		identical
IEAVTFMT	0	0000	bytes	bytes	length
IEAVTFRD	0	0000	identical		length
IEAVTFRT	0	0000	identical		length
IEAVTFSD	0	0000	identical		length
IEAVTFTM	0	0000	identical		identical
IEAVTGLB	0	0000	bytes	bytes	length
IEAVTJBN	0	0000	identical		length
IEAVTLCL	0	0000	identical		length
IEAVTMMT	0	0000	identical		holes
IEAVTMRM	0	0000	identical		length
IEAVTMSI	0	0000	identical		length
IEAVTMTC	0	0000	identical		length
IEAVTMTR	0	0000	identical		length
IEAVTPER	8	0012	bytes	bytes	mixed
IEAVTPMT	0	0000	identical		mixed
IEAVTRCE	0	0008	bytes	bytes	text
IEAVTRER	8	0000	bytes	bytes	text
IEAVTRET	0	0000	cards		length
IEAVTRML	0	0000	identical		identical
IEAVTRT1	0	0008	bytes	bytes	text
IEAVTRT2	0	0000	identical		length
IEAVTRTC	0	0000	identical		length
IEAVTRTE	0	0000	identical		length
IEAVTRTH	8	0008	identical		length
IEAVTRTM	8	0000	bytes	bytes	text
IEAVTRTR	8	0008	bytes	bytes	text
IEAVTRTS	8	0008	identical		text
IEAVTRV	0	0008	identical		mixed
IEAVTSBP	0	0000	identical		text
IEAVTSDC	0	0000	bytes	bytes	length
IEAVTSDF	0	0000	identical		length
IEAVTSDG	0	0000	cards		length
IEAVTSDH	0	0000	bytes	bytes	length
IEAVTSDI	8	0012	bytes	bytes	mixed
IEAVTSDL	0	0000	identical		identical
IEAVTSDO	0	0000	identical		length
IEAVTSDR	0	0000	cards		length
IEAVTSDT	0	0000	cards		length
IEAVTSDU	0	0000	identical		mixed
IEAVTSDW	0	0000	identical		length
IEAVTSDX	8	0008	cards		length
IEAVTSIG	0	0000	identical		identical
IEAVTSKT	0	0000	identical		length
IEAVTSL1	0	0000	identical		identical
IEAVTSL2	0	0000	bytes	bytes	text
IEAVTSLB	0	0000	identical		identical
IEAVTSLE	0	0000	identical		identical
IEAVTSLP	0	0000	bytes	bytes	length
IEAVTSLR	0	0000	bytes	bytes	length
IEAVTSLS	0	0000	identical		identical
IEAVTSSD	0	0000	identical		length
IEAVTSSE	0	0000	identical		length
IEAVVCRA	0	0008	identical		text
IEAVVCRX	0	0008	identical		mixed
IEAVVCTR	8	0008	identical		mixed
IEAVVINT	0	0000	bytes	bytes	length
IEAVVRP1	0	0000	identical		length
IEAVVRP2	0	0000	identical		length
IEAVVWTO	0	0000	bytes	bytes	length
IEAVXDOM	0	0000	bytes	bytes	length
IEAXPALL	0	0000	cards		length
IEAXPDXR	0	0000	cards		holes
IEAXPSIM	0	0000	identical		identical
IEBASCAN	0	0000	bytes	bytes	length
IEBBAM	8	0008	identical		text
IEBBSCAN	0	0000	identical		identical|unpaired
IEBCANAL	0	0000	identical		holes
IEBCCS02	0	0000	identical		length
IEBCMAIN	8	0000	cards		length
IEBCNVT	0	0000	identical		identical
IEBCOMPM	0	0000	identical		holes
IEBCONH2	0	0000	identical		identical
IEBCONP2	0	0000	identical		identical
IEBCONZ2	0	0000	identical		identical
IEBCQSAM	0	0000	cards		length
IEBCRANL	0	0000	identical		holes
IEBCREAT	0	0000	identical		length
IEBCROOT	0	0000	identical		holes
IEBCULET	0	0000	identical		holes
IEBDG	0	0000	identical		length
IEBDGCUP	0	0000	identical		length
IEBDGMSG	0	0000	identical		identical
IEBDISKT	0	0000	identical		length
IEBDRB	0	0000	identical		identical
IEBDRD	8	0008	bytes	bytes	length
IEBDSCPY	8	0008	bytes	bytes	length
IEBDSU	0	0000	identical		identical
IEBDV1	8	0000	bytes	bytes	length
IEBDWR	8	0008	bytes	bytes	length
IEBEDIT	8	0000	bytes	bytes	length
IEBEDIT2	0	0000	identical		length
IEBFDANL	0	0000	identical		text
IEBFDTBL	0	0000	identical		mixed
IEBGEN03	0	0000	identical		length
IEBGENR3	8	0000	bytes	bytes	length
IEBGENRT	0	0000	identical		length
IEBGENS3	0	0000	identical		length
IEBGMESG	0	0000	identical		identical
IEBGSCAN	0	0000	identical		length
IEBIMAGE	0	0000	identical		length
IEBIMSGS	0	0000	identical		length
IEBIOE	0	0000	bytes	bytes	length
IEBISAM	0	0000	identical		identical|unpaired
IEBISC	0	0000	identical		length
IEBISCAN	0	0000	identical		length
IEBISF	0	0000	identical		mixed
IEBISL	0	0000	bytes	bytes	length
IEBISMES	0	0000	identical		identical
IEBISPL	0	0000	identical		length
IEBISSI	0	0000	identical		length
IEBISSO	0	0000	identical		length
IEBISU	0	0000	identical		length
IEBLDUL	0	0000	identical		text
IEBLENP2	0	0000	identical		identical
IEBMCM	0	0000	identical		identical
IEBMOVE2	0	0000	identical		identical
IEBPPAL1	8	0000	bytes	bytes	length
IEBPPCH1	8	0000	bytes	bytes	length
IEBPPMSG	0	0000	identical		identical
IEBPPUN1	0	0000	identical		holes
IEBRSAM	0	0000	bytes	bytes	text
IEBSCN	8	0008	identical		length
IEBTCR02	0	0000	identical		holes
IEBTCR03	0	0000	identical		mixed
IEBTCR04	0	0000	bytes	bytes	mixed
IEBTCR05	0	0000	bytes	bytes	length
IEBTCRIN	0	0000	identical		identical
IEBUPDT2	8	0000	bytes	bytes	length
IEBUPDTE	0	0000	identical		length
IEBUPLOG	0	0000	identical		mixed
IEBUPNIT	0	0000	identical		holes
IEBUPXIT	0	0000	identical		identical
IEBVCT	0	0000	identical		identical
IEBVDM	0	0000	identical		length
IEBVMS	0	0000	identical		mixed
IEBVTM	8	0008	bytes	bytes	length
IEBVTT	8	0008	identical		mixed
IEBWSAM	0	0000	identical		text
IEBWSU	8	0008	identical		text
IECBBFB1	0	0000	identical		identical
IECDAFMT	0	0000	bytes	bytes	length
IECDAFT1	0	0000	identical		length
IECIHIO	8	0008	bytes	bytes	text
IECIOFMT	0	0000	bytes	bytes	length
IECIOFT1	0	0000	identical		length
IECIOSAM	8	0012	cards		length
IECLMSGC	0	0000	identical		length
IECLMSGD	0	0000	identical		length
IECLMSGG	0	0000	identical		length
IECLMSGM	0	0000	identical		length
IECLMSGT	0	0000	identical		length
IECLMSGU	0	0000	identical		length
IECQBFG1	0	0000	identical		length
IECTATEN	0	0000	identical		length
IECTATTN	0	0000	identical		identical
IECTCATN	0	0000	identical		text
IECTCHGN	0	0000	identical		identical
IECTEDIT	0	0000	bytes	bytes	mixed
IECTLERP	0	0000	identical		identical
IECTLOPN	0	0000	identical		length
IECTONLT	0	0000	identical		holes
IECTSCAN	0	0000	identical		holes
IECTSVC	0	0000	identical		identical
IECTTRNS	0	0000	identical		text
IECVBRSV	8	0000	cards		length
IECVCINT	0	0000	bytes	bytes	length
IECVCRHH	0	0000	bytes	bytes	length
IECVDAVV	8	0008	cards		length
IECVDDT0	0	0008	identical		mixed
IECVDDT1	8	0012	identical		length
IECVDERP	8	0008	bytes	bytes	length
IECVDURP	0	0000	identical		length
IECVERPL	0	0000	identical		text
IECVESIO	0	0000	bytes	bytes	length
IECVEXCP	8	0008	bytes	bytes	length
IECVEXPR	0	0000	cards		length
IECVGENA	8	0008	bytes	bytes	text
IECVHDET	8	0012	bytes	bytes	length
IECVHIDT	0	0000	identical		length
IECVHREC	8	0000	cards		length
IECVIOPM	0	0000	cards		no-pair
IECVIRST	8	0008	bytes	bytes	text
IECVITRP	0	0000	identical		identical
IECVMAP	8	0012	bytes	bytes	text
IECVOID	0	0008	bytes	bytes	unpaired
IECVOTBL	0	0000	identical		text
IECVPST	0	0000	bytes	bytes	text
IECVPURG	0	0008	identical		text
IECVRDIO	8	0000	bytes	bytes	text
IECVRRSV	8	0000	bytes	bytes	mixed
IECVRSTI	8	0008	bytes	bytes	mixed
IECVSMGR	0	0000	cards		length
IECVTCCW	8	0008	identical		text
IECVURDT	0	0000	bytes	bytes	text
IECVURSV	0	0000	identical		identical
IECVXDAS	8	0008	bytes	bytes	length
IECVXDAT	8	0008	identical		length
IECVXDAU	8	0008	identical		length
IECVXDRS	8	0012	bytes	bytes	length
IECVXDRT	8	0012	bytes	bytes	length
IECVXGRT	8	0008	identical		length
IECVXMGN	8	0012	bytes	bytes	length
IECVXPRE	8	0008	identical		length
IECVXSKE	8	0008	identical		length
IECVXSKN	8	0008	identical		length
IECVXSKS	8	0008	bytes	bytes	length
IECVXT2S	8	0012	bytes	bytes	length
IECVXT3S	8	0008	identical		length
IECVXTAT	8	0008	identical		length
IECVXTPT	8	0012	identical		length
IECVXURS	8	0008	identical		length
IECVXURT	8	0012	bytes	bytes	length
IECVXVRS	8	0012	bytes	bytes	length
IECVXVRT	8	0012	bytes	bytes	length
IECVXVRU	8	0012	bytes	bytes	length
IED1303D	8	0008	identical		length
IEDAY1	0	0000	identical		length
IEDAY2	0	0000	identical		holes
IEDAY3	0	0000	identical		identical
IEDAY8	0	0000	identical		length
IEDAY88	0	0000	identical		length
IEDAYA	8	0008	identical		length
IEDAYAA	0	0000	identical		length
IEDAYAB	8	0008	identical		length
IEDAYBX	8	0008	identical		length
IEDAYC	8	0008	identical		length
IEDAYD	8	0008	identical		length
IEDAYE	8	0008	bytes	bytes	length
IEDAYF	8	0008	identical		length
IEDAYGP	0	0000	identical		length
IEDAYH	8	0008	bytes	bytes	length
IEDAYHH	0	0000	identical		length
IEDAYI	8	0008	identical		length
IEDAYII	0	0000	identical		length
IEDAYJ	8	0008	bytes	bytes	length
IEDAYL	8	0008	identical		length
IEDAYLL	0	0000	identical		identical
IEDAYM	8	0008	identical		length
IEDAYN	8	0008	identical		length
IEDAYO	8	0008	bytes	bytes	length
IEDAYOO	0	0000	bytes	bytes	length
IEDAYP	8	0008	identical		length
IEDAYQ	8	0008	bytes	bytes	length
IEDAYQT	0	0000	identical		length
IEDAYS	8	0008	bytes	bytes	length
IEDAYT	8	0008	identical		text
IEDAYV	8	0008	identical		length
IEDAYW	8	0008	identical		length
IEDAYX	8	0008	identical		length
IEDAYY	8	0008	identical		length
IEDAYZ	8	0008	bytes	bytes	length
IEDAYZZ	8	0012	identical		text
IEDBITN	0	0000	cards		length
IEDBSM	8	0008	identical		length
IEDCMIN	8	0008	identical		length
IEDCMOUT	8	0008	identical		text
IEDCSA	8	0008	cards		length
IEDCSCIN	8	0008	identical		mixed
IEDDFOUT	8	0008	identical		length
IEDDVAS	8	0008	identical		length
IEDFSSTB	0	0000	identical		identical
IEDIAA	8	0008	identical		length
IEDIAB	8	0008	identical		length
IEDIAH	8	0008	identical		length
IEDIAM	8	0008	identical		length
IEDIAP	8	0008	identical		length
IEDIAQ	8	0008	identical		length
IEDIAR	8	0008	identical		length
IEDIAS	8	0008	identical		mixed
IEDIAU	0	0000	identical		identical
IEDKHISC	8	0008	identical		length
IEDLUS	8	0008	bytes	bytes	length
IEDMVBFR	8	0008	identical		length
IEDN25	0	0000	identical		identical
IEDNCU	8	0008	identical		mixed
IEDNCU2	8	0008	identical		length
IEDNGD	8	0008	identical		length
IEDNID	8	0008	identical		length
IEDNKA	8	0008	identical		length
IEDNLT	8	0008	identical		length
IEDNMG	0	0000	identical		identical
IEDNSL	8	0008	bytes	bytes	length
IEDNTR	8	0008	identical		length
IEDOPTN	8	0008	identical		length
IEDPCIN	8	0008	identical		length
IEDPCOUT	8	0008	identical		length
IEDPMD	8	0008	bytes	bytes	length
IEDQ10	0	0000	identical		identical
IEDQ11	0	0000	identical		identical
IEDQ12	0	0000	identical		identical
IEDQ13	0	0000	identical		identical
IEDQ14	0	0000	identical		identical
IEDQ16	0	0000	identical		identical
IEDQ17	0	0000	identical		identical
IEDQ18	0	0000	identical		identical
IEDQ19	0	0000	identical		identical
IEDQ20	0	0000	identical		identical
IEDQ21	0	0000	identical		identical
IEDQ22	0	0000	identical		identical
IEDQ23	0	0000	identical		identical
IEDQ24	0	0000	identical		identical
IEDQ25	0	0000	identical		identical
IEDQ26	0	0000	identical		identical
IEDQ27	0	0000	identical		identical
IEDQ28	0	0000	identical		identical
IEDQA0	8	0008	identical		length
IEDQA1	8	0008	identical		length
IEDQA2	8	0008	identical		length
IEDQA3	8	0008	identical		length
IEDQA4	8	0008	bytes	bytes	length
IEDQA5	8	0008	identical		length
IEDQA6	8	0008	identical		length
IEDQA7	0	0000	identical		identical
IEDQA8	8	0008	identical		length
IEDQA9	0	0000	identical		identical
IEDQAA	8	0008	bytes	bytes	length
IEDQAB	8	0008	identical		length
IEDQAC	8	0008	identical		length
IEDQAD	8	0008	identical		length
IEDQAE	8	0008	identical		length
IEDQAF	8	0008	identical		length
IEDQAG	8	0008	identical		length
IEDQAH	8	0008	identical		length
IEDQAI	8	0008	identical		length
IEDQAJ	8	0008	identical		length
IEDQAK	8	0008	bytes	bytes	length
IEDQAL	8	0008	identical		length
IEDQAM	8	0008	identical		length
IEDQAN	8	0008	identical		length
IEDQAO	8	0008	identical		length
IEDQAP	8	0008	identical		length
IEDQAQ	8	0008	identical		length
IEDQAR	8	0008	identical		length
IEDQAS	8	0008	bytes	bytes	length
IEDQAT	8	0008	identical		length
IEDQATTN	8	0008	identical		length
IEDQAU	8	0008	identical		mixed
IEDQAV	8	0008	bytes	bytes	length
IEDQAW	8	0008	identical		length
IEDQAX	8	0008	bytes	bytes	length
IEDQAY	8	0008	identical		length
IEDQAZ	8	0008	identical		length
IEDQB1	8	0008	identical		length
IEDQB2	8	0008	identical		text
IEDQB3	8	0008	identical		length
IEDQB4	8	0008	identical		length
IEDQB7	8	0008	identical		length
IEDQBA	0	0000	identical		length
IEDQBB	0	0000	identical		identical
IEDQBC	0	0000	identical		length
IEDQBD	8	0008	identical		length
IEDQBE	8	0008	bytes	bytes	length
IEDQBF	8	0008	identical		length
IEDQBG	8	0008	identical		length
IEDQBH	8	0008	identical		length
IEDQBI	8	0008	identical		length
IEDQBJ	8	0008	identical		length
IEDQBL	8	0008	bytes	bytes	length
IEDQBM	8	0008	identical		length
IEDQBN	8	0008	identical		length
IEDQBO	8	0008	identical		length
IEDQBP	8	0008	identical		length
IEDQBQ	8	0008	identical		mixed
IEDQBR	8	0008	identical		length
IEDQBS	8	0008	identical		length
IEDQBT	8	0008	identical		length
IEDQBU	8	0008	identical		length
IEDQBUFF	8	0008	identical		length
IEDQBV	8	0008	cards		length
IEDQBX	8	0008	identical		length
IEDQBY	8	0008	identical		length
IEDQBZ	8	0008	identical		length
IEDQCA	8	0008	bytes	bytes	length
IEDQDA	8	0008	identical		length
IEDQE1	8	0008	identical		length
IEDQE2	8	0008	identical		length
IEDQE3	8	0008	identical		text
IEDQE4	8	0008	identical		text
IEDQE6	8	0008	identical		length
IEDQE8	8	0008	identical		length
IEDQEB	8	0008	identical		length
IEDQEC	8	0008	bytes	bytes	length
IEDQES	8	0008	bytes	bytes	length
IEDQET	8	0008	identical		text
IEDQEU	8	0008	bytes	bytes	length
IEDQEW	8	0008	bytes	bytes	length
IEDQFA	8	0008	bytes	bytes	length
IEDQFA1	8	0008	bytes	bytes	length
IEDQFA2	8	0008	bytes	bytes	length
IEDQFE	0	0000	identical		identical
IEDQFE10	8	0008	identical		length
IEDQFE20	8	0008	cards		length
IEDQFE30	8	0008	identical		length
IEDQFM	8	0008	identical		length
IEDQFSC	8	0008	identical		length
IEDQFW	8	0008	cards		length
IEDQGA	8	0008	bytes	bytes	length
IEDQGH	8	0008	identical		text
IEDQGP	8	0008	identical		length
IEDQGQ	8	0008	bytes	bytes	length
IEDQGR	8	0008	identical		mixed
IEDQGT	8	0008	bytes	bytes	length
IEDQHG	8	0008	bytes	bytes	text
IEDQHI	8	0008	identical		length
IEDQHK	8	0008	bytes	bytes	length
IEDQHM	8	0008	bytes	bytes	length
IEDQHM1	8	0008	bytes	bytes	length
IEDQHM2	8	0008	bytes	bytes	length
IEDQIN	8	0008	identical		length
IEDQKA	8	0008	bytes	bytes	length
IEDQKB	8	0008	identical		length
IEDQKC	8	0008	bytes	bytes	length
IEDQKD	8	0008	identical		length
IEDQKE	8	0008	identical		length
IEDQNA	0	0000	identical		identical
IEDQNA2	8	0008	identical		mixed
IEDQNB	8	0008	identical		mixed
IEDQND	8	0008	bytes	bytes	length
IEDQNF	8	0008	identical		length
IEDQNG	0	0000	identical		length
IEDQNH	0	0000	identical		length
IEDQNJ	8	0008	identical		length
IEDQNK	8	0008	identical		length
IEDQNM	8	0008	bytes	bytes	length
IEDQNO	8	0008	identical		length
IEDQNP	0	0000	identical		identical
IEDQNQ	8	0008	identical		length
IEDQNR	0	0000	identical		identical
IEDQNS	8	0008	identical		length
IEDQNT	8	0008	identical		length
IEDQNU	8	0008	identical		mixed
IEDQNV	8	0008	identical		length
IEDQNW	8	0008	identical		mixed
IEDQNX	8	0008	identical		length
IEDQOA	8	0008	cards		length
IEDQOB	8	0008	cards		length
IEDQOT01	8	0008	identical		length
IEDQRS	8	0008	identical		length
IEDQSBT	8	0008	identical		length
IEDQTL	8	0008	identical		length
IEDQUI	8	0008	identical		length
IEDQW25	8	0008	bytes	bytes	length
IEDQW33	8	0008	bytes	bytes	mixed
IEDQW42	8	0008	identical		length
IEDQW44	8	0008	identical		length
IEDQW47	8	0008	identical		length
IEDQWA	8	0008	identical		length
IEDQWA1	8	0008	identical		mixed
IEDQWAA	8	0008	identical		length
IEDQWAB	8	0008	identical		length
IEDQWAC	8	0008	identical		text
IEDQWAJ	8	0008	identical		length
IEDQWB	8	0008	bytes	bytes	mixed
IEDQWB1	8	0008	identical		mixed
IEDQWB2	8	0008	identical		length
IEDQWC	8	0008	identical		length
IEDQWC1	8	0008	bytes	bytes	mixed
IEDQWC2	8	0008	identical		length
IEDQWD	8	0008	bytes	bytes	mixed
IEDQWE	8	0008	bytes	bytes	length
IEDQWE2	8	0008	bytes	bytes	length
IEDQWEC	8	0008	identical		length
IEDQWF	8	0008	identical		length
IEDQWF1	8	0008	bytes	bytes	mixed
IEDQWH	8	0008	bytes	bytes	mixed
IEDQWI	8	0008	identical		length
IEDQWI5U	8	0008	identical		length
IEDQWI7	8	0008	identical		length
IEDQWI8	8	0008	identical		length
IEDQWI9	8	0008	bytes	bytes	length
IEDQWIA	8	0008	identical		length
IEDQWID	8	0008	identical		mixed
IEDQWIE	8	0008	bytes	bytes	length
IEDQWJ	8	0008	bytes	bytes	mixed
IEDQWJ1	8	0008	cards		length
IEDQWJ2	8	0008	identical		mixed
IEDQWK	8	0008	identical		length
IEDQWL	8	0008	identical		length
IEDQWL1	8	0008	identical		length
IEDQWL2	8	0008	identical		length
IEDQWL3	8	0008	identical		length
IEDQWM2	8	0008	identical		length
IEDQWN	8	0008	cards		length
IEDQWO	8	0008	bytes	bytes	length
IEDQWP	8	0008	bytes	bytes	mixed
IEDQWP1	8	0008	bytes	bytes	length
IEDQWP2	8	0008	bytes	bytes	length
IEDQWQ	8	0008	identical		length
IEDQWR	8	0008	identical		length
IEDQWS	8	0008	identical		length
IEDQWX	8	0008	identical		length
IEDQWY	8	0008	identical		text
IEDQXA	8	0008	identical		text
IEDQXB	8	0008	cards		length
IEDQXC	8	0008	bytes	bytes	length
IEDRQIN	8	0008	identical		mixed
IEDRSPIN	8	0008	identical		length
IEDSAC	8	0008	identical		length
IEDSAI	8	0008	identical		length
IEDSAO	8	0008	identical		length
IEDSARI	8	0008	identical		length
IEDSCLU	8	0008	identical		length
IEDSCPDS	8	0008	identical		length
IEDSCPRP	8	0008	identical		mixed
IEDSCPRQ	8	0008	identical		length
IEDSCPSS	8	0008	identical		length
IEDSNS	8	0008	identical		length
IEDTEDIT	0	0000	bytes	bytes	mixed
IEDUNBND	8	0008	identical		length
IEDUSSTB	0	0000	identical		identical
IEDXFMI	8	0008	identical		length
IEDXFMO	8	0008	identical		mixed
IEDXTREQ	8	0008	identical		length
IEE0003D	0	0000	identical		length
IEE00110	0	0000	identical		holes
IEE0303D	0	0000	bytes	bytes	length
IEE0403D	0	0000	identical		length
IEE0503D	0	0000	cards		length
IEE0603D	0	0008	bytes	bytes	length
IEE0703D	0	0000	cards		length
IEE0803D	0	0000	cards		length
IEE10110	0	0000	identical		length
IEE11110	0	0000	identical		holes
IEE12110	0	0000	identical		holes
IEE1403D	0	0000	bytes	bytes	length
IEE1603D	0	0000	bytes	bytes	length
IEE20110	0	0000	identical		length
IEE21110	0	0000	identical		text
IEE22110	0	0000	identical		identical
IEE2303D	0	0000	identical		length
IEE23110	0	0000	identical		length
IEE2903D	0	0000	identical		length
IEE3103D	0	0000	bytes	bytes	length
IEE3203D	0	0000	identical		text
IEE3303D	0	0000	bytes	bytes	length
IEE3503D	0	0008	identical		length
IEE3603D	0	0000	bytes	bytes	length
IEE3703D	0	0000	cards		length
IEE40110	0	0000	identical		length
IEE4103D	0	0000	identical		length
IEE4203D	0	0000	bytes	bytes	length
IEE4303D	0	0000	identical		length
IEE4403D	0	0000	cards		length
IEE4603D	0	0000	cards		length
IEE4703D	0	0000	identical		mixed
IEE4803D	0	0000	bytes	bytes	length
IEE4903D	0	0000	cards		length
IEE5103D	0	0000	cards		length
IEE5403D	0	0000	bytes	bytes	length
IEE5503D	0	0000	identical		text
IEE5603D	0	0000	identical		length
IEE5703D	0	0000	identical		length
IEE5903D	0	0000	identical		length
IEE6303D	0	0000	identical		text
IEE6403D	0	0000	identical		text
IEE6503D	0	0000	identical		mixed
IEE6603D	0	0000	identical		mixed
IEE6703D	0	0000	identical		length
IEE6803D	0	0000	identical		length
IEE6903D	0	0000	identical		length
IEE70110	0	0000	bytes	bytes	length
IEE7103D	0	0000	identical		text
IEE7203D	0	0000	identical		length
IEE7303D	0	0000	bytes	bytes	length
IEE7503D	0	0000	identical		length
IEE7703D	0	0000	identical		length
IEE7803D	0	0000	bytes	bytes	length
IEE8603D	0	0000	cards		length
IEE8B03D	0	0000	identical		length
IEE90110	0	0000	identical		length
IEE9403D	0	0000	identical		identical
IEEAB400	0	0000	identical		length
IEEAB401	0	0000	identical		length
IEEBASEC	0	0000	identical		identical
IEEC2740	8	0000	cards		length
IEECB800	8	0000	cards		length
IEECB801	0	0000	identical		text
IEECB806	0	0000	identical		identical
IEECB860	0	0000	identical		length
IEECB866	0	0000	identical		length
IEECB900	0	0000	identical		holes
IEECB901	0	0000	identical		holes
IEECB904	0	0000	identical		length
IEECB905	0	0000	bytes	bytes	length
IEECB906	0	0000	identical		length
IEECB907	0	0000	bytes	bytes	length
IEECB908	0	0000	identical		length
IEECB909	0	0000	bytes	bytes	length
IEECB910	0	0000	bytes	bytes	text
IEECB911	0	0000	identical		text
IEECB912	0	0000	identical		length
IEECB914	0	0004	identical		identical
IEECB915	0	0000	identical		identical
IEECLEAN	0	0000	cards		length
IEECVET1	8	0008	bytes	bytes	length
IEECVET2	0	0000	identical		length
IEECVET3	0	0000	identical		length
IEECVET4	8	0000	bytes	bytes	length
IEECVET6	0	0000	identical		length
IEECVET7	0	0000	identical		text
IEECVET8	0	0000	identical		length
IEECVET9	0	0000	identical		length
IEECVETA	0	0000	identical		length
IEECVETC	8	0008	identical		length
IEECVETD	0	0000	identical		identical
IEECVETE	0	0000	identical		length
IEECVETF	0	0000	identical		identical
IEECVETG	8	0008	bytes	bytes	length
IEECVETH	8	0000	identical		identical
IEECVETJ	0	0000	identical		length
IEECVETK	0	0000	identical		length
IEECVETP	8	0000	identical		identical
IEECVETQ	8	0000	identical		holes
IEECVETR	8	0000	identical		identical
IEECVETU	8	0000	bytes	bytes	text
IEECVETV	8	0000	identical		length
IEECVETW	0	0000	identical		length
IEECVFT1	0	0000	identical		holes
IEECVFT2	0	0000	identical		length
IEECVFTA	0	0000	identical		identical
IEECVFTB	0	0000	bytes	bytes	length
IEECVFTD	0	0000	identical		identical
IEECVFTG	0	0000	identical		length
IEECVFTL	0	0000	identical		length
IEECVFTM	8	0000	identical		length
IEECVFTN	0	0000	identical		length
IEECVFTO	8	0000	identical		length
IEECVFTP	0	0000	identical		length
IEECVFTQ	8	0000	identical		length
IEECVFTR	8	0000	bytes	bytes	text
IEECVFTT	0	0000	identical		text
IEECVGCI	0	0000	identical		length
IEECVXIT	0	0000	identical		identical
IEEDISPD	0	0000	cards		no-pair
IEEMB803	0	0000	identical		length
IEEMB804	0	0000	bytes	bytes	length
IEEMB805	0	0000	identical		length
IEEMB806	0	0000	identical		length
IEEMB807	0	0000	identical		holes
IEEMB808	0	0000	identical		identical
IEEMB809	0	0004	identical		identical
IEEMB810	0	0000	cards		length
IEEMB811	0	0000	identical		length
IEEMB812	0	0000	cards		length
IEEMB813	0	0000	identical		length
IEEMB814	0	0000	identical		length
IEEMB815	0	0000	identical		identical
IEEMB816	0	0000	identical		identical
IEEMB820	0	0000	identical		length
IEEMB821	0	0000	identical		length
IEEMB822	0	0000	identical		identical
IEEMB823	0	0000	identical		length
IEEMB824	0	0000	identical		holes
IEEMB825	0	0000	bytes	bytes	length
IEEMB826	0	0000	identical		holes
IEEMB827	0	0000	identical		holes
IEEMB828	0	0000	identical		holes
IEEMB829	0	0000	identical		length
IEEMB830	0	0000	identical		length
IEEMB860	0	0000	bytes	bytes	length
IEEMB876	0	0000	identical		text
IEEMB877	0	0000	identical		text
IEEMB878	0	0000	identical		identical
IEEMB879	0	0000	identical		length
IEEMB880	0	0000	identical		identical
IEEMPDEV	0	0000	cards		length
IEEMPDM	8	0008	bytes	bytes	length
IEEMPS03	0	0000	bytes	bytes	length
IEEMPVST	0	0000	cards		length
IEEPALTR	0	0000	identical		length
IEEPRTN2	0	0000	identical		holes
IEEPRWI2	0	0000	identical		length
IEESA03D	0	0000	bytes	bytes	no-pair
IEESB03D	0	0000	identical		no-pair
IEESB601	0	0000	identical		holes
IEESB605	0	0000	identical		length
IEESB606	0	0000	identical		holes
IEESB665	8	0000	cards		length
IEESB670	8	0000	cards		length
IEESC03D	0	0000	bytes	bytes	no-pair
IEESD03D	0	0000	cards		no-pair
IEESE03D	0	0000	cards		no-pair
IEESF03D	0	0000	bytes	bytes	no-pair
IEESG03D	0	0000	bytes	bytes	no-pair
IEESH03D	0	0000	cards		no-pair
IEESI03D	0	0000	cards		no-pair
IEESJ03D	0	0000	identical		no-pair
IEESK03D	0	0000	cards		no-pair
IEESL03D	0	0000	bytes	bytes	no-pair
IEESM03D	0	0000	identical		no-pair
IEESN03D	0	0000	identical		no-pair
IEESO03D	0	0000	identical		no-pair
IEESP03D	0	0000	identical		no-pair
IEESQ03D	0	0000	bytes	bytes	no-pair
IEESR03D	0	0000	cards		no-pair
IEESS03D	0	0000	identical		no-pair
IEESTPRS	0	0008	cards		length
IEESZ03D	0	0000	bytes	bytes	no-pair
IEEVALST	0	0000	identical		mixed
IEEVCPU	0	0000	bytes	bytes	length
IEEVDCCR	8	0008	bytes	bytes	mixed
IEEVDEV	0	0000	identical		text
IEEVDUMY	0	0000	identical		holes
IEEVDUS1	0	0000	identical		mixed
IEEVEXSN	0	0000	bytes	bytes	length
IEEVIPL	0	0000	identical		length
IEEVJCL	0	0000	identical		text
IEEVLDWT	0	0000	cards		length
IEEVMNT1	8	0000	bytes	bytes	mixed
IEEVMNT2	0	0000	identical		length
IEEVPTH	0	0000	bytes	bytes	length
IEEVSDIO	0	0008	bytes	bytes	length
IEEVSEND	0	0000	identical		length
IEEVSMSG	0	0000	identical		length
IEEVSND2	0	0000	identical		length
IEEVSND3	0	0000	identical		length
IEEVSND4	0	0008	bytes	bytes	mixed
IEEVSND5	0	0000	identical		length
IEEVSND6	0	0004	identical		length
IEEVSND8	0	0000	identical		length
IEEVSND9	0	0000	identical		length
IEEVSTAR	0	0000	bytes	bytes	text
IEEVSTOP	8	0008	identical		text
IEEVWAIT	0	0000	identical		length
IEEVWKUP	0	0000	bytes	bytes	length
IEEXEDNA	0	0000	bytes	bytes	mixed
IEEZA03D	0	0000	bytes	bytes	no-pair
IEEZB03D	0	0000	identical		no-pair
IEEZC03D	0	0000	identical		no-pair
IEEZJ03D	0	0000	bytes	bytes	no-pair
IEEZP03D	0	0000	identical		no-pair
IEEZS03D	0	0000	identical		no-pair
IEFAB421	0	0000	bytes	bytes	length
IEFAB422	0	0000	identical		identical
IEFAB423	0	0000	identical		length
IEFAB424	0	0000	identical		length
IEFAB425	0	0000	identical		holes
IEFAB426	0	0000	identical		holes
IEFAB427	0	0000	identical		length
IEFAB428	0	0000	identical		holes
IEFAB430	0	0000	identical		identical
IEFAB431	0	0000	identical		length
IEFAB432	0	0000	identical		length
IEFAB433	0	0000	identical		mixed
IEFAB434	0	0000	identical		length
IEFAB435	0	0000	identical		length
IEFAB436	0	0000	cards		length
IEFAB438	0	0000	identical		identical
IEFAB440	0	0000	identical		holes
IEFAB441	0	0000	identical		length
IEFAB442	0	0000	identical		identical
IEFAB445	0	0000	identical		identical
IEFAB451	0	0000	identical		identical
IEFAB452	0	0000	identical		holes
IEFAB453	0	0000	identical		holes
IEFAB454	0	0000	identical		identical
IEFAB455	0	0000	identical		mixed
IEFAB456	0	0000	identical		length
IEFAB457	0	0000	identical		length
IEFAB458	0	0000	identical		identical
IEFAB459	0	0000	identical		length
IEFAB461	0	0000	identical		length
IEFAB463	0	0000	identical		holes
IEFAB464	0	0000	identical		length
IEFAB466	0	0000	identical		identical
IEFAB469	0	0000	bytes	bytes	text
IEFAB470	0	0000	identical		mixed
IEFAB471	0	0000	identical		length
IEFAB472	0	0000	identical		length
IEFAB473	0	0000	identical		identical
IEFAB474	0	0000	identical		mixed
IEFAB475	0	0000	identical		holes
IEFAB476	0	0000	identical		holes
IEFAB477	0	0000	identical		length
IEFAB478	0	0000	cards		length
IEFAB479	0	0000	identical		holes
IEFAB480	0	0000	identical		holes
IEFAB481	0	0000	identical		holes
IEFAB485	0	0004	identical		length
IEFAB486	0	0000	identical		length
IEFAB487	0	0004	identical		length
IEFAB488	0	0000	cards		length
IEFAB489	0	0000	bytes	bytes	length
IEFAB48A	0	0004	identical		length
IEFAB490	0	0000	identical		length
IEFAB491	0	0000	identical		length
IEFAB492	0	0000	identical		length
IEFAB493	0	0000	identical		identical
IEFAB494	0	0000	identical		length
IEFAB495	0	0004	identical		identical
IEFAB496	0	0004	identical		length
IEFAB498	0	0000	identical		mixed
IEFAB499	0	0000	identical		holes
IEFAB49A	0	0000	identical		length
IEFAB49B	0	0000	identical		length
IEFAB49C	0	0000	identical		holes
IEFAB4A0	0	0000	identical		identical
IEFAB4A2	0	0000	identical		length
IEFAB4A3	0	0000	identical		holes
IEFAB4A4	0	0000	identical		length
IEFAB4A6	0	0000	identical		length
IEFAB4A8	0	0000	identical		length
IEFAB4B0	0	0000	bytes	bytes	mixed
IEFAB4B2	0	0000	bytes	bytes	mixed
IEFAB4DC	0	0000	identical		length
IEFAB4DD	0	0000	identical		length
IEFAB4DE	0	0000	bytes	bytes	text
IEFAB4E0	0	0000	identical		length
IEFAB4E1	0	0000	identical		identical
IEFAB4E2	0	0000	identical		mixed
IEFAB4E3	0	0000	identical		identical
IEFAB4E4	0	0000	identical		identical
IEFAB4E5	0	0000	identical		length
IEFAB4E6	0	0000	identical		holes
IEFAB4E7	0	0000	identical		length
IEFAB4E8	0	0000	identical		length
IEFAB4E9	0	0000	identical		holes
IEFAB4EA	0	0000	identical		mixed
IEFAB4EB	0	0000	identical		holes
IEFAB4EC	0	0000	identical		length
IEFAB4ED	0	0000	identical		length
IEFAB4EE	0	0000	bytes	bytes	length
IEFAB4EF	0	0000	bytes	bytes	length
IEFAB4F0	0	0000	identical		length
IEFAB4F1	0	0000	identical		holes
IEFAB4F2	0	0000	identical		holes
IEFAB4F3	0	0000	identical		holes
IEFAB4F4	0	0000	bytes	bytes	length
IEFAB4F5	0	0000	bytes	bytes	mixed
IEFAB4F6	0	0000	bytes	bytes	text
IEFAB4F7	0	0000	identical		holes
IEFAB4F8	0	0000	identical		holes
IEFAB4F9	0	0000	identical		holes
IEFAB4FA	0	0000	identical		length
IEFAB4FC	0	0000	identical		length
IEFAB4FD	0	0000	identical		holes
IEFAB4FE	0	0000	identical		identical
IEFAB4FF	0	0000	identical		holes
IEFAB4M4	0	0000	identical		holes
IEFAB4M5	0	0000	identical		length
IEFAB4M6	0	0000	identical		identical
IEFAB4M7	0	0000	identical		identical
IEFAB4M9	0	0000	identical		holes
IEFAB4SF	0	0000	identical		identical
IEFAB4UV	0	0000	identical		length
IEFAB820	0	0000	identical		text
IEFACT	0	0000	identical		length
IEFACTRT	0	0000	identical		length
IEFAQTOP	0	0000	identical		identical
IEFATECB	0	0000	identical		identical
IEFBB401	0	0004	bytes	bytes	text
IEFBB402	0	0000	identical		length
IEFBB404	0	0000	identical		identical
IEFBB410	0	0004	identical		length
IEFBB412	0	0000	identical		holes
IEFBB414	0	0004	identical		identical
IEFBB416	0	0000	identical		length
IEFBB4M1	0	0000	identical		holes
IEFBB4M2	0	0000	identical		identical
IEFBB4M3	0	0000	identical		length
IEFBB4M4	0	0000	identical		length
IEFBB4M5	0	0000	identical		length
IEFBR14	0	0000	identical		identical
IEFDB400	0	0000	bytes	bytes	length
IEFDB401	0	0000	identical		holes
IEFDB402	0	0000	identical		length
IEFDB403	0	0000	identical		holes
IEFDB410	0	0000	identical		length
IEFDB411	0	0000	identical		length
IEFDB412	0	0000	identical		length
IEFDB413	0	0000	bytes	bytes	length
IEFDB414	0	0000	identical		length
IEFDB417	0	0000	identical		holes
IEFDB418	0	0000	bytes	bytes	length
IEFDB450	0	0000	identical		holes
IEFDB460	0	0000	identical		holes
IEFDB470	0	0000	identical		length
IEFDB480	0	0000	identical		holes
IEFDB481	0	0000	identical		holes
IEFDB490	0	0000	identical		holes
IEFDB4A0	0	0000	identical		text
IEFDB4A1	0	0000	bytes	bytes	length
IEFDB4D0	0	0000	identical		length
IEFDB4F8	0	0000	identical		length
IEFDB4F9	0	0000	identical		length
IEFDB4FA	0	0000	identical		holes
IEFDB4FB	0	0000	identical		identical
IEFDB4FC	0	0000	identical		holes
IEFDB4FD	0	0000	identical		holes
IEFDB4FE	0	0000	bytes	bytes	length
IEFDB4FF	0	0000	identical		holes
IEFDPOST	0	0000	identical		text
IEFDSLST	0	0000	identical		holes
IEFDSTBL	0	0000	identical		holes
IEFEB400	0	0000	identical		text
IEFEB4M1	0	0000	identical		identical
IEFI922B	0	0000	identical		holes
IEFIB600	0	0000	identical		length
IEFIB605	0	0000	identical		holes
IEFIB620	0	0000	bytes	bytes	length
IEFIB621	0	0000	bytes	bytes	length
IEFIB645	8	0000	cards		length
IEFIB650	0	0000	identical		mixed
IEFIB660	0	0000	identical		length
IEFICATL	0	0000	identical		holes
IEFICPUA	0	0000	bytes	bytes	mixed
IEFIIC	0	0000	bytes	bytes	length
IEFIMASK	0	0000	identical		holes
IEFIRECM	0	0000	identical		holes
IEFISEXR	8	0000	cards		length
IEFJACTL	0	0000	identical		holes
IEFJCDLT	0	0000	identical		holes
IEFJCNTL	0	0000	identical		text
IEFJDIRD	0	0000	identical		holes
IEFJDSNA	0	0000	identical		holes
IEFJDWRT	0	0000	identical		identical
IEFJESDM	0	0000	identical		identical
IEFJJCLS	0	0000	identical		holes
IEFJJOBS	0	0000	identical		holes
IEFJJTRM	0	0000	identical		holes
IEFJRASP	0	0000	identical		holes
IEFJREAD	0	0000	identical		holes
IEFJRECM	0	0000	identical		holes
IEFJSDTN	0	0000	identical		identical
IEFJSINT	0	0000	identical		identical
IEFJSREQ	0	0000	identical		holes
IEFJSSNT	0	0000	identical		text
IEFJSWT	0	0000	identical		length
IEFJWRTE	0	0000	identical		holes
IEFJWTOM	0	0000	identical		holes
IEFNB901	0	0000	identical		length
IEFNB902	0	0000	identical		holes
IEFNB903	0	0000	bytes	bytes	length
IEFNB9CR	0	0000	cards		length
IEFNB9CT	0	0000	identical		holes
IEFNB9IR	0	0000	cards		length
IEFNB9IT	0	0000	identical		identical
IEFQB550	0	0000	identical		length
IEFQB555	0	0000	identical		length
IEFQB580	0	0000	identical		holes
IEFQB585	0	0000	identical		holes
IEFRPREP	8	0000	bytes	bytes	length
IEFRSTRT	0	0000	identical		identical
IEFSCAN	0	0000	identical		length
IEFSD087	0	0000	bytes	bytes	length
IEFSD088	0	0000	identical		length
IEFSD089	0	0000	bytes	bytes	length
IEFSD094	0	0000	bytes	bytes	length
IEFSD095	0	0000	identical		length
IEFSD101	0	0000	identical		text
IEFSD102	0	0000	bytes	bytes	length
IEFSD103	0	0000	identical		length
IEFSD160	0	0000	identical		length
IEFSD161	0	0000	cards		length
IEFSD162	0	0000	identical		mixed
IEFSD164	0	0000	identical		length
IEFSD166	0	0000	bytes	bytes	length
IEFSD263	8	0008	cards		length
IEFSD87M	0	0000	identical		no-pair
IEFSD89M	0	0000	identical		no-pair
IEFSDTTE	0	0000	cards		length
IEFSDXXX	0	0000	identical		holes
IEFSMFIE	0	0000	identical		length
IEFTB720	0	0000	identical		length
IEFTB721	0	0000	identical		length
IEFTB722	0	0000	bytes	bytes	length
IEFTB723	0	0000	identical		length
IEFU29	0	0000	identical		text
IEFU83	0	0000	identical		identical
IEFUJI	0	0000	identical		length
IEFUJP	0	0000	identical		no-pair
IEFUJV	0	0000	identical		length
IEFUSI	0	0000	identical		length
IEFUSO	0	0000	identical		no-pair
IEFUTL	0	0000	identical		length
IEFVDA	8	0000	cards		length
IEFVDBSD	0	0000	identical		length
IEFVEA	8	0000	bytes	bytes	length
IEFVFA	8	0000	cards		length
IEFVFB	0	0000	bytes	bytes	mixed
IEFVGI	0	0000	identical		text
IEFVGK	0	0000	identical		text
IEFVGM	0	0000	identical		length
IEFVGM1	0	0000	identical		length
IEFVGM10	0	0000	identical		length
IEFVGM11	0	0000	identical		length
IEFVGM12	0	0000	identical		length
IEFVGM13	0	0000	identical		length
IEFVGM14	0	0000	identical		length
IEFVGM15	0	0000	identical		length
IEFVGM16	0	0000	identical		length
IEFVGM17	0	0000	identical		text
IEFVGM18	0	0000	identical		length
IEFVGM19	0	0000	identical		length
IEFVGM2	0	0000	identical		length
IEFVGM3	0	0000	identical		length
IEFVGM4	0	0000	identical		length
IEFVGM5	0	0000	identical		length
IEFVGM6	0	0000	identical		length
IEFVGM67	0	0000	identical		length
IEFVGM7	0	0000	identical		length
IEFVGM70	0	0000	identical		length
IEFVGM71	0	0000	identical		length
IEFVGM76	0	0000	identical		text
IEFVGM78	0	0000	identical		length
IEFVGM8	0	0000	identical		length
IEFVGM9	0	0000	identical		length
IEFVGM90	0	0000	identical		identical
IEFVGS	0	0000	identical		length
IEFVGT	0	0000	identical		length
IEFVH1	0	0000	identical		length
IEFVHA	0	0000	bytes	bytes	length
IEFVHC	0	0000	identical		length
IEFVHCB	0	0000	identical		length
IEFVHE	0	0000	identical		length
IEFVHEB	0	0000	bytes	bytes	length
IEFVHF	0	0000	bytes	bytes	length
IEFVHH	0	0000	identical		length
IEFVHL	0	0000	identical		length
IEFVHM	0	0000	identical		length
IEFVHN	0	0000	identical		text
IEFVHQ	0	0000	identical		length
IEFVHR	0	0000	identical		length
IEFVINA	0	0000	bytes	bytes	length
IEFVINB	0	0000	identical		length
IEFVINC	0	0000	identical		holes
IEFVIND	0	0000	identical		length
IEFVINE	0	0000	identical		holes
IEFVJA	0	0000	cards		length
IEFVSCAN	0	0000	identical		mixed
IEFXB500	0	0000	identical		length
IEFXB601	0	0000	bytes	bytes	length
IEFXB602	0	0000	identical		holes
IEFXB603	0	0000	identical		holes
IEFXB604	0	0000	bytes	bytes	mixed
IEFXB609	8	0000	bytes	bytes	length
IEFXB610	0	0000	bytes	bytes	mixed
IEFXVNSL	0	0000	identical		identical
IEHATLAS	0	0000	identical		length
IEHDANAL	8	0008	bytes	bytes	length
IEHDAOUT	0	0000	identical		identical
IEHDASDR	0	0000	bytes	bytes	text
IEHDASDS	8	0008	bytes	bytes	text
IEHDCONS	0	0000	identical		length
IEHDDATE	0	0000	identical		identical
IEHDDOIO	8	0008	bytes	bytes	length
IEHDDUMP	8	0008	bytes	bytes	length
IEHDEXCP	8	0008	bytes	bytes	mixed
IEHDGETA	8	0008	bytes	bytes	length
IEHDINIT	8	0008	bytes	bytes	length
IEHDIPLI	8	0008	identical		length
IEHDLABL	0	0000	bytes	bytes	length
IEHDMSGB	0	0000	identical		identical
IEHDMSGS	0	0000	identical		identical
IEHDPASS	8	0008	cards		length
IEHDPRNT	0	0000	identical		text
IEHDRCVR	8	0008	identical		length
IEHDREST	8	0008	bytes	bytes	length
IEHDRVID	8	0008	bytes	bytes	text
IEHDSCAN	0	0000	identical		identical
IEHDVTOC	8	0008	bytes	bytes	length
IEHINITT	8	0000	bytes	bytes	length
IEHLIST1	8	0000	bytes	bytes	length
IEHLIST2	0	0000	identical		identical
IEHLIST3	0	0000	identical		length
IEHMESS	0	0000	identical		identical
IEHMOVE	0	0000	identical		holes
IEHMVESA	0	0000	identical		identical
IEHMVESC	0	0000	bytes	bytes	length
IEHMVESH	0	0000	identical		length
IEHMVESI	0	0000	identical		holes
IEHMVESJ	0	0000	identical		length
IEHMVESK	0	0000	bytes	bytes	mixed
IEHMVESL	0	0000	identical		length
IEHMVESM	0	0000	bytes	bytes	holes
IEHMVESN	0	0000	identical		length
IEHMVESO	0	0000	identical		holes
IEHMVESP	0	0000	bytes	bytes	length
IEHMVESQ	0	0000	bytes	bytes	length
IEHMVESR	0	0000	identical		length
IEHMVEST	0	0000	bytes	bytes	mixed
IEHMVESU	0	0000	identical		length
IEHMVETG	0	0000	identical		length
IEHMVETJ	0	0000	identical		length
IEHMVMRY	0	0000	identical		identical
IEHMVMRZ	0	0000	identical		length
IEHMVMSN	0	0000	identical		identical
IEHMVMSQ	0	0000	identical		identical
IEHMVMSY	0	0000	identical		length
IEHMVMTA	0	0000	identical		identical
IEHMVMTL	0	0000	identical		identical
IEHMVSRA	0	0000	identical		holes
IEHMVSRD	0	0000	identical		length
IEHMVSRK	0	0000	bytes	bytes	holes
IEHMVSRM	0	0000	identical		holes
IEHMVSRV	0	0000	identical		length
IEHMVSRX	0	0000	identical		length
IEHMVSRY	0	0000	bytes	bytes	length
IEHMVSRZ	0	0000	identical		length
IEHMVSSF	0	0000	bytes	bytes	length
IEHMVSSS	0	0000	bytes	bytes	text
IEHMVSSV	0	0000	identical		length
IEHMVSSX	0	0000	bytes	bytes	length
IEHMVSSY	0	0000	bytes	bytes	length
IEHMVSSZ	0	0000	identical		length
IEHMVSTA	0	0000	identical		length
IEHMVSTC	0	0000	bytes	bytes	length
IEHMVSTL	0	0000	identical		length
IEHMVXSE	0	0000	identical		length
IEHMVXSF	0	0000	identical		text
IEHPRNT	0	0000	identical		holes
IEHPROG1	8	0000	bytes	bytes	length
IEHPROG2	8	0000	bytes	bytes	length
IEHPROG3	0	0000	identical		length
IEHPROG4	0	0000	identical		length
IEHPROG5	0	0000	identical		length
IEHSCAN	0	0000	identical		identical
IER8BN	0	0000	identical		no-pair
IER8BO	0	0000	identical		no-pair
IER8CI	0	0000	identical		no-pair
IER8CM	0	0000	cards		no-pair
IER8DJ	0	0000	identical		no-pair
IER8GB	0	0000	identical		no-pair
IER8GC	0	0000	identical		no-pair
IER8ON	0	0000	identical		no-pair
IER8PA	0	0000	identical		no-pair
IER8PM	0	0000	identical		no-pair
IER9BN	0	0000	identical		no-pair
IER9BO	0	0000	identical		no-pair
IER9DJ	0	0000	identical		no-pair
IER9GB	0	0000	identical		no-pair
IER9GC	0	0000	identical		no-pair
IER9GN	0	0000	identical		no-pair
IER9ON	0	0000	identical		no-pair
IER9PA	0	0000	identical		no-pair
IERABA	0	0000	identical		no-pair
IERABB	0	0000	identical		no-pair
IERABC	0	0000	identical		no-pair
IERABE	0	0000	identical		no-pair
IERABF	0	0000	identical		no-pair
IERABG	0	0000	identical		no-pair
IERABH	0	0000	identical		no-pair
IERABI	0	0000	identical		no-pair
IERABJ	0	0000	identical		no-pair
IERABK	0	0000	identical		no-pair
IERABL	0	0000	identical		no-pair
IERABM	0	0000	identical		no-pair
IERABN	0	0000	identical		no-pair
IERABO	0	0000	identical		no-pair
IERABP	0	0000	identical		no-pair
IERABQ	0	0000	identical		no-pair
IERABR	0	0000	identical		no-pair
IERABS	0	0000	identical		no-pair
IERABT	0	0000	identical		no-pair
IERABU	0	0000	identical		no-pair
IERABV	0	0000	identical		no-pair
IERABW	0	0000	bytes	bytes	no-pair
IERABX	0	0000	identical		no-pair
IERABY	0	0000	identical		no-pair
IERABZ	0	0000	identical		no-pair
IERADB	0	0000	identical		no-pair
IERADC	0	0000	identical		no-pair
IERADD	0	0000	identical		no-pair
IERADE	0	0000	identical		no-pair
IERADG	0	0000	identical		no-pair
IERADH	0	0000	identical		no-pair
IERADI	0	0000	identical		no-pair
IERADJ	0	0000	identical		no-pair
IERADL	0	0000	identical		no-pair
IERADM	0	0000	identical		no-pair
IERADP	0	0000	identical		no-pair
IERADQ	0	0000	identical		no-pair
IERADR	0	0000	identical		no-pair
IERADS	0	0000	identical		no-pair
IERADT	0	0000	identical		no-pair
IERADX	0	0000	identical		no-pair
IERAGA	0	0000	identical		no-pair
IERAGB	0	0000	identical		no-pair
IERAGC	0	0000	identical		no-pair
IERAGD	0	0000	identical		no-pair
IERAGE	0	0000	identical		no-pair
IERAGF	0	0000	identical		no-pair
IERAGG	0	0000	identical		no-pair
IERAGH	0	0000	identical		no-pair
IERAGI	0	0000	identical		no-pair
IERAGJ	0	0000	identical		no-pair
IERAGK	0	0000	identical		no-pair
IERAGL	0	0000	identical		no-pair
IERAGM	0	0000	identical		no-pair
IERAGN	0	0000	identical		no-pair
IERAGO	0	0000	identical		no-pair
IERAGP	0	0000	identical		no-pair
IERAM1	0	0000	identical		no-pair
IERAMA	0	0000	identical		no-pair
IERAMB	0	0000	identical		no-pair
IERAMC	0	0000	identical		no-pair
IERAO1	0	0000	identical		no-pair
IERAO2	0	0000	identical		no-pair
IERAO3	0	0000	identical		no-pair
IERAOA	0	0000	identical		no-pair
IERAOB	0	0000	identical		no-pair
IERAOC	0	0000	identical		no-pair
IERAOD	0	0000	identical		no-pair
IERAOE	0	0000	identical		no-pair
IERAOF	0	0000	identical		no-pair
IERAOG	0	0000	identical		no-pair
IERAOH	0	0000	identical		no-pair
IERAOI	0	0000	identical		no-pair
IERAOJ	0	0000	identical		no-pair
IERAOK	0	0000	identical		no-pair
IERAOL	0	0000	bytes	bytes	no-pair
IERAOM	0	0000	bytes	bytes	no-pair
IERAON	0	0000	identical		no-pair
IERAOO	0	0000	identical		no-pair
IERAOP	0	0000	identical		no-pair
IERAOQ	0	0000	identical		no-pair
IERAOR	0	0000	identical		no-pair
IERAOS	0	0000	identical		no-pair
IERAOT	0	0000	identical		no-pair
IERAOU	0	0000	identical		no-pair
IERAOV	0	0000	identical		no-pair
IERAOW	0	0000	identical		no-pair
IERAOX	0	0000	identical		no-pair
IERAOY	0	0000	identical		no-pair
IERAOZ	0	0000	identical		no-pair
IERAP1	0	0000	identical		no-pair
IERAP2	0	0000	identical		no-pair
IERAP3	0	0000	identical		no-pair
IERAPA	0	0000	identical		no-pair
IERAPB	0	0000	identical		no-pair
IERAPC	0	0000	identical		no-pair
IERAPD	0	0000	identical		no-pair
IERAPE	0	0000	identical		no-pair
IERAPF	0	0000	identical		no-pair
IERAPG	0	0000	identical		no-pair
IERAPH	0	0000	identical		no-pair
IERAPI	0	0000	identical		no-pair
IERAPJ	0	0000	identical		no-pair
IERAPK	0	0000	identical		no-pair
IERAPL	0	0000	identical		no-pair
IERAPN	0	0000	identical		no-pair
IERAPO	0	0000	identical		no-pair
IERBGA	0	0000	identical		no-pair
IERBGB	0	0000	identical		no-pair
IERCHK	0	0000	identical		no-pair
IERDM4	0	0000	identical		no-pair
IEREX1	0	0000	identical		no-pair
IEREX2	0	0000	identical		no-pair
IEREX3	0	0000	identical		no-pair
IERRBA	0	0000	identical		no-pair
IERRBB	0	0000	identical		no-pair
IERRBC	0	0000	identical		no-pair
IERRBE	0	0000	identical		no-pair
IERRBF	0	0000	identical		no-pair
IERRBG	0	0000	identical		no-pair
IERRBH	0	0000	identical		no-pair
IERRBI	0	0000	identical		no-pair
IERRBJ	0	0000	identical		no-pair
IERRBK	0	0000	identical		no-pair
IERRBL	0	0000	identical		no-pair
IERRBM	0	0000	identical		no-pair
IERRBN	0	0000	identical		no-pair
IERRBO	0	0000	identical		no-pair
IERRBP	0	0000	identical		no-pair
IERRBT	0	0000	identical		no-pair
IERRBU	0	0000	identical		no-pair
IERRBV	0	0000	identical		no-pair
IERRBW	0	0000	identical		no-pair
IERRBX	0	0000	identical		no-pair
IERRBY	0	0000	identical		no-pair
IERRBZ	0	0000	identical		no-pair
IERRC1	0	0000	identical		no-pair
IERRC2	0	0000	identical		no-pair
IERRC3	0	0000	identical		no-pair
IERRC4	0	0000	identical		no-pair
IERRC6	0	0000	identical		no-pair
IERRC7	0	0000	identical		no-pair
IERRC8	0	0000	identical		no-pair
IERRC9	0	0000	identical		no-pair
IERRCA	0	0000	identical		no-pair
IERRCB	8	0000	bytes	bytes	no-pair
IERRCC	0	0000	identical		no-pair
IERRCD	0	0000	identical		no-pair
IERRCE	0	0000	identical		no-pair
IERRCF	0	0000	identical		no-pair
IERRCG	0	0000	identical		no-pair
IERRCH	0	0000	bytes	bytes	no-pair
IERRCI	0	0000	identical		no-pair
IERRCJ	0	0000	bytes	bytes	no-pair
IERRCK	0	0000	identical		no-pair
IERRCL	0	0000	identical		no-pair
IERRCM	0	0000	identical		no-pair
IERRCN	0	0000	identical		no-pair
IERRCO	0	0000	identical		no-pair
IERRCP	0	0000	identical		no-pair
IERRCQ	0	0000	identical		no-pair
IERRCR	0	0000	identical		no-pair
IERRCS	0	0000	identical		no-pair
IERRCT	0	0000	identical		no-pair
IERRCU	0	0000	identical		no-pair
IERRCV	8	0000	bytes	bytes	no-pair
IERRCW	0	0000	identical		no-pair
IERRCX	0	0000	identical		no-pair
IERRCY	0	0000	identical		no-pair
IERRCZ	0	0000	identical		no-pair
IERRDB	0	0000	identical		no-pair
IERRDC	0	0000	identical		no-pair
IERRDD	0	0000	identical		no-pair
IERRDE	0	0000	identical		no-pair
IERRDG	0	0000	identical		no-pair
IERRDH	0	0000	identical		no-pair
IERRDI	0	0000	identical		no-pair
IERRDJ	0	0000	identical		no-pair
IERRDL	0	0000	identical		no-pair
IERRDP	0	0000	identical		no-pair
IERRDQ	0	0000	identical		no-pair
IERRDR	0	0000	identical		no-pair
IERRDS	0	0000	identical		no-pair
IERRDT	0	0000	identical		no-pair
IERRDX	0	0000	identical		no-pair
IERRGA	0	0000	identical		no-pair
IERRGB	0	0000	identical		no-pair
IERRGC	0	0000	identical		no-pair
IERRGD	0	0000	identical		no-pair
IERRGE	0	0000	identical		no-pair
IERRGF	0	0000	identical		no-pair
IERRGL	0	0000	identical		no-pair
IERRGM	0	0000	identical		no-pair
IERRGO	0	0000	identical		no-pair
IERRGP	0	0000	identical		no-pair
IERRMA	0	0000	identical		no-pair
IERRMB	0	0000	identical		no-pair
IERRMC	0	0000	identical		no-pair
IERRO3	0	0000	identical		no-pair
IERROA	0	0000	identical		no-pair
IERROB	0	0000	identical		no-pair
IERROC	0	0000	identical		no-pair
IERROD	0	0000	identical		no-pair
IERROE	0	0000	identical		no-pair
IERROF	0	0000	identical		no-pair
IERROG	0	0000	identical		no-pair
IERROH	0	0000	identical		no-pair
IERROI	0	0000	identical		no-pair
IERROJ	0	0000	identical		no-pair
IERROK	0	0000	identical		no-pair
IERRON	0	0000	identical		no-pair
IERROO	0	0000	identical		no-pair
IERROP	0	0000	identical		no-pair
IERROQ	0	0000	identical		no-pair
IERROR	0	0000	identical		no-pair
IERROS	0	0000	identical		no-pair
IERROT	0	0000	identical		no-pair
IERROU	0	0000	identical		no-pair
IERROV	0	0000	identical		no-pair
IERROW	0	0000	identical		no-pair
IERROX	0	0000	identical		no-pair
IERROY	0	0000	identical		no-pair
IERROZ	0	0000	identical		no-pair
IERRPA	0	0000	identical		no-pair
IERRPB	0	0000	identical		no-pair
IERRPC	0	0000	identical		no-pair
IERRPD	0	0000	identical		no-pair
IERRPE	0	0000	identical		no-pair
IERRPF	0	0000	identical		no-pair
IERRPG	0	0000	identical		no-pair
IERRPM	0	0000	identical		no-pair
IERRPN	0	0000	identical		no-pair
IERRPO	0	0000	identical		no-pair
IEWFETCH	8	0008	bytes	bytes	no-pair
IEWFTMIN	0	0000	identical		text
IEWSUOVR	0	0000	identical		identical
IEWSWOVR	0	0000	identical		no-pair
IEZDCODE	0	0000	identical		length
IEZNCODE	0	0000	identical		length
IFASMFDP	0	0000	bytes	bytes	length
IFBDCB01	0	0000	identical		identical
IFBDCB02	0	0000	identical		identical
IFCCRNDR	0	0000	identical		identical
IFCDEVIC	0	0000	identical		length
IFCDIP00	8	0000	cards		length
IFCE0115	8	0012	cards		unpaired
IFCE0125	8	0012	cards		unpaired
IFCE0135	8	0000	cards		length
IFCE0145	0	0000	cards		length
IFCE0155	0	0000	cards		length
IFCE0165	8	0000	cards		length
IFCE1017	8	0012	cards		unpaired
IFCE1018	8	0012	cards		unpaired
IFCE2860	0	0000	cards		length
IFCE2870	0	0000	cards		length
IFCE2880	8	0000	cards		length
IFCE33XX	8	0012	bytes	bytes	length
IFCE3401	8	0012	cards		unpaired
IFCE5424	8	0012	cards		unpaired
IFCEA155	8	0000	cards		length
IFCEA165	0	0000	cards		length
IFCEAEXX	0	0000	identical		identical
IFCEARG1	8	0012	cards		length
IFCEARG2	8	0012	cards		length
IFCEARG3	8	0012	cards		length
IFCEARG4	8	0012	cards		length
IFCEARG5	8	0012	cards		length
IFCEARG6	8	0012	cards		length
IFCEARG7	8	0012	cards		length
IFCEAXXX	8	0000	cards		length
IFCEB155	0	0000	cards		length
IFCEB165	0	0000	cards		length
IFCEC155	0	0000	cards		length
IFCEC165	8	0000	cards		length
IFCECHAR	0	0000	identical		identical
IFCECUT0	8	0012	cards		length
IFCED155	2	0000	no-as370-deck		no-pair
IFCED165	0	0000	bytes	bytes	length
IFCEDDR0	0	0000	cards		length
IFCEDPA	0	0000	identical		identical
IFCEDSUM	8	0008	identical		length
IFCEE155	0	0000	cards		length
IFCEE165	0	0000	bytes	bytes	length
IFCEEDIT	8	0008	identical		length
IFCEF155	8	0000	cards		length
IFCEF165	0	0000	cards		length
IFCEFBA4	8	0012	cards		length
IFCEFBA5	8	0012	cards		length
IFCEG155	2	0000	no-as370-deck		no-pair
IFCEGUS1	8	0000	cards		length
IFCEI135	0	0000	cards		length
IFCEI145	8	0000	cards		length
IFCEI155	0	0000	cards		length
IFCEIPL0	0	0000	cards		length
IFCEJ145	0	0000	cards		length
IFCEL155	2	0000	no-as370-deck		no-pair
IFCELEX1	0	0000	cards		length
IFCEM155	2	0000	no-as370-deck		no-pair
IFCEMAD1	0	0000	cards		length
IFCEMER0	0	0000	cards		length
IFCEMER1	0	0000	cards		length
IFCEMER2	0	0000	cards		length
IFCEMER3	0	0000	cards		length
IFCEMER4	8	0000	cards		length
IFCEMER5	0	0000	cards		length
IFCENAGO	0	0000	identical		identical
IFCENF11	8	0012	cards		length
IFCENFH3	8	0012	cards		length
IFCENFM3	8	0012	cards		length
IFCENFP1	8	0012	cards		length
IFCENFP2	8	0012	cards		length
IFCEOAK1	8	0000	cards		length
IFCEOAK2	8	0000	cards		length
IFCEOAK3	8	0000	cards		length
IFCEOAK4	8	0000	cards		length
IFCEOAK5	8	0000	cards		length
IFCEREP1	0	0000	identical		length
IFCERFMT	0	0000	bytes	bytes	length
IFCESOFT	0	0000	cards		length
IFCESUMS	0	0000	identical		length
IFCET002	0	0000	cards		length
IFCET003	8	0000	cards		length
IFCET004	0	0000	cards		length
IFCET005	0	0000	cards		length
IFCET006	0	0000	cards		length
IFCET008	8	0000	cards		length
IFCET00B	0	0000	cards		length
IFCET00C	8	0000	cards		length
IFCET00D	8	0000	bytes	bytes	length
IFCET040	8	0012	cards		unpaired
IFCETRN0	8	0000	cards		length
IFCETRN1	0	0000	cards		length
IFCETRN2	0	0000	cards		length
IFCETRN3	8	0000	cards		length
IFCETRN4	0	0000	cards		length
IFCETRN5	8	0000	cards		length
IFCETRN6	8	0012	cards		unpaired
IFCETRN7	8	0012	bytes	bytes	unpaired
IFCETRN8	0	0000	identical		identical
IFCETUL1	0	0000	cards		length
IFCEUKNO	0	0000	cards		length
IFCEVENT	0	0000	identical		length
IFCEWHT1	0	0000	identical		identical
IFCEWIN1	0	0000	cards		length
IFCEWIN2	8	0012	cards		length
IFCEWOD1	8	0012	cards		length
IFCEXXX0	0	0000	cards		length
IFCEXXX1	0	0000	cards		length
IFCEXXX2	0	0000	cards		length
IFCEXXX3	0	0000	cards		length
IFCEXXX4	0	0000	cards		length
IFCEXXX5	0	0000	cards		length
IFCEXXX6	0	0000	cards		length
IFCEXXX7	0	0000	cards		length
IFCEXXX8	0	0000	cards		length
IFCEXXX9	0	0000	cards		length
IFCEXXXA	0	0000	cards		length
IFCEXXXB	0	0000	cards		length
IFCEXXXC	8	0000	cards		length
IFCEXXXD	0	0000	cards		length
IFCEXXXE	0	0000	cards		length
IFCEXXXF	8	0000	cards		length
IFCEXXXG	8	0000	cards		length
IFCEXXXH	2	0000	no-as370-deck		no-pair
IFCEXXXX	0	0000	cards		length
IFCFILT1	8	0008	identical		length
IFCFILT2	0	0000	identical		length
IFCFILT3	0	0000	identical		length
IFCFILT4	0	0000	identical		length
IFCFMTIO	0	0000	identical		length
IFCFRAMC	0	0000	identical		length
IFCFRAME	0	0000	identical		length
IFCFRAMM	0	0000	identical		length
IFCFRAMS	0	0000	identical		identical
IFCIOHND	8	0000	bytes	bytes	length
IFCMSG01	0	0000	identical		length
IFCNFPDR	0	0000	identical		length
IFCOFFLD	0	0000	identical		length
IFCPARM1	0	0000	identical		length
IFCPARM2	0	0000	identical		length
IFCRDESM	0	0000	identical		length
IFCRFLO1	0	0000	identical		identical
IFCS0115	8	0012	bytes	bytes	unpaired
IFCS0135	0	0000	bytes	bytes	length
IFCS0145	0	0000	cards		length
IFCS0155	0	0000	bytes	bytes	length
IFCS0165	0	0000	cards		length
IFCS1017	8	0012	bytes	bytes	unpaired
IFCS1018	8	0012	bytes	bytes	unpaired
IFCS2860	0	0000	cards		length
IFCS2870	0	0000	cards		length
IFCS2880	0	0000	cards		length
IFCS3031	0	0000	identical		identical
IFCS3032	0	0000	identical		identical
IFCS3033	0	0000	identical		identical
IFCS33XX	8	0012	bytes	bytes	length
IFCS5424	8	0012	cards		unpaired
IFCSAEXX	0	0004	identical		identical
IFCSAXXX	0	0000	cards		length
IFCSCHAR	0	0000	identical		text
IFCSCRND	0	0000	identical		identical
IFCSCRXX	0	0000	identical		identical
IFCSDASD	0	0000	identical		length
IFCSDICH	0	0000	identical		identical
IFCSGUS1	2	0000	no-as370-deck		no-pair
IFCSHARE	0	0000	identical		length
IFCSI115	8	0012	bytes	bytes	unpaired
IFCSI145	0	0000	cards		length
IFCSI155	0	0000	bytes	bytes	length
IFCSIPL0	0	0000	cards		length
IFCSNAGO	0	0000	identical		identical
IFCSSOFT	8	0000	bytes	bytes	length
IFCST003	0	0000	cards		length
IFCST005	0	0000	bytes	bytes	length
IFCST006	0	0000	cards		length
IFCST008	0	0000	cards		length
IFCST00B	0	0000	cards		length
IFCSUKNO	0	0000	cards		length
IFCSXXX0	0	0000	cards		length
IFCSXXX1	0	0000	cards		length
IFCSXXX2	0	0000	cards		length
IFCSXXX3	0	0000	cards		length
IFCSXXX4	0	0000	cards		length
IFCSXXX5	0	0000	cards		length
IFCSXXX6	0	0000	cards		length
IFCSXXX7	0	0000	cards		length
IFCSXXX8	0	0000	cards		length
IFCSXXX9	0	0000	cards		length
IFCSXXXA	0	0000	cards		length
IFCSXXXB	8	0000	cards		length
IFCSXXXD	8	0000	cards		length
IFCSXXXE	0	0000	cards		length
IFCSXXXF	2	0000	no-as370-deck		no-pair
IFCSXXXG	0	0000	cards		length
IFCSXXXH	2	0000	no-as370-deck		no-pair
IFCSXXXX	0	0000	cards		length
IFCSYMCD	0	0000	identical		text
IFCSYSUM	0	0000	identical		length
IFCT1107	0	0000	identical		identical
IFCT1204	0	0000	identical		identical
IFCT1307	0	0000	identical		identical
IFCT2104	0	0000	identical		identical
IFCT2204	0	0000	identical		identical
IFCT2305	0	0000	identical		identical
IFCT3102	0	0000	identical		identical
IFCT3204	0	0000	identical		identical
IFCTA105	0	0000	identical		identical
IFCTA201	0	0000	identical		identical
IFCTA301	0	0000	identical		identical
IFCTABLE	0	0000	identical		identical
IFCTB105	0	0000	identical		identical
IFCTB205	0	0000	identical		identical
IFCTB305	0	0000	identical		identical
IFCTB405	0	0000	identical		identical
IFCTC104	0	0000	identical		identical
IFCTC201	0	0000	identical		identical
IFCTC205	0	0000	identical		identical
IFCTC301	0	0000	identical		identical
IFCTC305	0	0000	identical		identical
IFCTC401	0	0000	identical		identical
IFCTHRSH	0	0000	identical		length
IFCTREND	0	0000	identical		length
IFDMSG00	0	0000	identical		identical
IFDMSG03	0	0000	identical		holes
IFDMSG04	0	0000	identical		holes
IFDMSG05	0	0000	identical		holes
IFDMSG06	0	0000	identical		holes
IFDMSG07	0	0000	identical		holes
IFDMSG08	0	0000	identical		holes
IFDMSG13	0	0000	identical		holes
IFDMSG22	0	0000	identical		holes
IFDMSG31	0	0000	identical		holes
IFDMSG32	0	0000	identical		holes
IFDMSG33	0	0000	identical		holes
IFDMSG37	0	0000	identical		holes
IFDMSG38	0	0000	identical		holes
IFDMSG50	0	0000	identical		holes
IFDMSG53	0	0000	identical		holes
IFDMSG54	0	0000	identical		holes
IFDMSG56	0	0000	identical		holes
IFDMSG61	0	0000	identical		holes
IFDMSG73	0	0000	identical		holes
IFDMSG74	0	0000	identical		holes
IFDMSGAJ	0	0000	identical		holes
IFDOLT00	8	0000	bytes	bytes	length
IFDOLT03	8	0000	bytes	bytes	length
IFDOLT04	8	0000	bytes	bytes	mixed
IFDOLT05	8	0000	bytes	bytes	mixed
IFDOLT06	8	0000	bytes	bytes	text
IFDOLT07	8	0000	cards		mixed
IFDOLT08	8	0000	bytes	bytes	mixed
IFDOLT09	0	0000	identical		holes
IFDOLT0A	0	0000	identical		identical
IFDOLT10	0	0000	identical		holes
IFDOLT11	0	0000	identical		holes
IFDOLT12	8	0000	cards		length
IFDOLT13	0	0000	bytes	bytes	mixed
IFDOLT14	8	0000	bytes	bytes	length
IFDOLT15	8	0000	bytes	bytes	text
IFDOLT16	8	0000	bytes	bytes	mixed
IFDOLT17	8	0000	bytes	bytes	mixed
IFDOLT18	8	0000	bytes	bytes	length
IFDOLT21	0	0000	bytes	bytes	mixed
IFDOLT22	0	0000	bytes	bytes	mixed
IFDOLT23	0	0000	identical		holes
IFDOLT24	8	0000	bytes	bytes	length
IFDOLT26	8	0000	bytes	bytes	mixed
IFDOLT28	0	0000	bytes	bytes	mixed
IFDOLT30	8	0000	bytes	bytes	length
IFDOLT31	8	0000	bytes	bytes	mixed
IFDOLT32	8	0000	bytes	bytes	text
IFDOLT33	8	0000	bytes	bytes	text
IFDOLT35	0	0000	bytes	bytes	mixed
IFDOLT36	0	0000	identical		length
IFDOLT37	0	0000	bytes	bytes	mixed
IFDOLT38	8	0000	bytes	bytes	mixed
IFDOLT39	0	0000	cards		mixed
IFDOLT41	0	0000	bytes	bytes	mixed
IFDOLT42	8	0000	bytes	bytes	text
IFDOLT43	0	0000	bytes	bytes	text
IFDOLT44	0	0000	identical		length
IFDOLT46	0	0000	bytes	bytes	mixed
IFDOLT48	8	0000	bytes	bytes	mixed
IFDOLT49	0	0000	bytes	bytes	mixed
IFDOLT50	8	0000	bytes	bytes	mixed
IFDOLT51	0	0000	identical		mixed
IFDOLT52	8	0000	bytes	bytes	length
IFDOLT53	8	0000	bytes	bytes	length
IFDOLT54	8	0000	bytes	bytes	mixed
IFDOLT55	0	0000	bytes	bytes	length
IFDOLT56	8	0000	bytes	bytes	mixed
IFDOLT57	8	0000	bytes	bytes	mixed
IFDOLT58	0	0000	identical		length
IFDOLT59	0	0000	identical		holes
IFDOLT61	8	0000	bytes	bytes	text
IFDOLT62	0	0000	identical		length
IFDOLT67	0	0000	bytes	bytes	length
IFDOLT73	8	0000	bytes	bytes	mixed
IFDOLT74	8	0000	bytes	bytes	mixed
IFDOLT98	0	0000	cards		length
IFDOLT99	0	0000	identical		length
IFDOLTAA	0	0000	identical		mixed
IFDOLTAB	0	0000	identical		mixed
IFDOLTAJ	8	0000	bytes	bytes	mixed
IFFAAA01	8	0012	identical		length
IFFAAA02	8	0012	identical		text
IFFAAA03	8	0012	identical		text
IFFAAA04	8	0012	identical		text
IFFAAA05	8	0012	identical		text
IFFAAA06	8	0012	identical		text
IFFABA	0	0000	identical		length
IFFACA00	8	0012	identical		text
IFFACA01	8	0012	identical		text
IFFACA02	8	0012	identical		text
IFFACA03	8	0012	identical		text
IFFACA04	8	0012	identical		text
IFFACA05	8	0012	identical		text
IFFACA06	8	0012	identical		text
IFFACA07	8	0012	identical		mixed
IFFACA08	8	0012	identical		length
IFFACA13	8	0012	identical		text
IFFACA50	8	0012	identical		text
IFFADA01	8	0012	identical		length
IFFADA02	8	0012	identical		text
IFFADA03	8	0012	identical		mixed
IFFAEA01	8	0012	identical		text
IFFAEA02	8	0012	identical		text
IFFAEA03	8	0012	identical		text
IFFAEA04	8	0012	identical		length
IFFAEA06	8	0012	identical		text
IFFAEA07	8	0012	identical		length
IFFAFA01	8	0012	identical		text
IFFAFA02	8	0012	identical		text
IFFAFA03	8	0012	identical		length
IFFAFA04	8	0012	identical		text
IFFAFA05	8	0012	identical		text
IFFAFA06	8	0012	identical		text
IFFAFA07	8	0012	identical		text
IFFAFA08	8	0012	identical		length
IFFAFA09	8	0012	identical		length
IFFAFA11	8	0012	identical		length
IFFAFA12	8	0012	identical		mixed
IFFAFA13	8	0012	identical		text
IFFAFA14	8	0012	identical		mixed
IFFAFA15	8	0012	identical		length
IFFAFA19	8	0012	identical		text
IFFAGA01	8	0012	identical		length
IFFAGA02	8	0012	identical		text
IFFAGA03	8	0012	identical		text
IFFAGA04	8	0012	identical		text
IFFAGA05	8	0012	identical		text
IFFAGA06	8	0012	identical		mixed
IFFAGA07	8	0012	identical		length
IFFAGA08	8	0012	identical		text
IFFAHA01	8	0012	identical		text
IFFAHA02	8	0012	identical		mixed
IFFAHA03	8	0012	identical		length
IFFAHA04	8	0012	identical		text
IFFAHA05	8	0012	identical		length
IFFAHA06	8	0012	identical		text
IFFAHA07	8	0012	identical		text
IFFAHA11	0	0000	identical		length
IFFAHA12	0	0000	identical		text
IFFAHA13	8	0012	identical		length
IFFAHA16	0	0000	cards		identical
IFFAJA01	0	0000	identical		identical
IFFAJA02	8	0012	bytes	bytes	text
IFFAJA04	8	0012	identical		length
IFFANA	0	0000	identical		holes
IFFCAN01	0	0000	identical		length
IFFCAN02	0	0000	identical		length
IFFCAN03	0	0000	identical		identical
IFFPAAST	0	0000	identical		holes
IFFPBAPR	0	0000	bytes	bytes	text
IFFPCAAR	0	0000	cards		length
IFFPDAPL	0	0000	bytes	bytes	text
IFFPEAGR	0	0000	bytes	bytes	text
IFFPFAVA	0	0000	cards		length
IFFPGAVP	0	0000	bytes	bytes	text
IFFPHALA	0	0000	bytes	bytes	text
IFFPIAPG	0	0000	cards		length
IFFPJAPV	0	0000	cards		length
IFFPKADG	0	0000	bytes	bytes	length
IFFPLARE	0	0000	identical		identical
IFFPPASG	0	0000	identical		identical
IFG0190P	0	0000	identical		mixed
IFG0191X	0	0000	bytes	bytes	length
IFG0191Y	8	0008	cards		length
IFG0192A	0	0000	bytes	bytes	length
IFG0193A	8	0000	cards		length
IFG0193C	0	0000	identical		text
IFG0193D	8	0000	bytes	bytes	length
IFG0193E	8	0000	bytes	bytes	length
IFG0194A	8	0000	bytes	bytes	length
IFG0194C	8	0000	bytes	bytes	length
IFG0194F	8	0000	cards		length
IFG0194J	0	0000	identical		length
IFG0195A	0	0000	bytes	bytes	length
IFG0195B	8	0000	cards		length
IFG0195C	0	0000	bytes	bytes	mixed
IFG0195D	8	0000	bytes	bytes	length
IFG0195G	8	0000	bytes	bytes	text
IFG0195H	8	0000	bytes	bytes	length
IFG0195J	0	0000	identical		mixed
IFG0195K	8	0000	bytes	bytes	length
IFG0195N	0	0000	bytes	bytes	text
IFG0195T	0	0000	bytes	bytes	text
IFG0195U	8	0000	bytes	bytes	length
IFG0195V	8	0000	cards		length
IFG0196J	0	0000	bytes	bytes	text
IFG0196K	0	0000	identical		mixed
IFG0196L	8	0000	bytes	bytes	length
IFG0196M	8	0000	bytes	bytes	text
IFG0196N	8	0000	cards		length
IFG0196O	8	0000	bytes	bytes	mixed
IFG0196Q	8	0000	bytes	bytes	length
IFG0196T	8	0000	cards		length
IFG0196U	0	0000	bytes	bytes	length
IFG0196V	8	0000	cards		length
IFG0196W	8	0000	cards		length
IFG0196X	8	0000	bytes	bytes	length
IFG0198N	0	0000	identical		length
IFG0199B	0	0000	identical		length
IFG0199D	0	0000	bytes	bytes	length
IFG0199E	0	0000	cards		length
IFG0199I	0	0000	identical		no-pair
IFG019RA	8	0000	bytes	bytes	length
IFG019TR	0	0000	identical		length
IFG0200N	0	0000	bytes	bytes	length
IFG0200P	0	0000	identical		text
IFG0200V	8	0000	cards		length
IFG0200W	8	0000	cards		length
IFG0200Y	8	0000	cards		length
IFG0200Z	0	0000	bytes	bytes	length
IFG0201R	8	0000	bytes	bytes	mixed
IFG0202A	0	0000	bytes	bytes	length
IFG0202B	8	0000	cards		length
IFG0202C	0	0000	bytes	bytes	length
IFG0202D	0	0000	bytes	bytes	mixed
IFG0202E	8	0000	bytes	bytes	length
IFG0202F	8	0000	bytes	bytes	length
IFG0202H	0	0000	identical		length
IFG0202I	0	0000	identical		length
IFG0202J	0	0000	bytes	bytes	length
IFG0202K	0	0000	bytes	bytes	length
IFG0202L	0	0000	identical		length
IFG0230P	0	0000	identical		mixed
IFG0232D	0	0000	bytes	bytes	text
IFG0232G	8	0000	bytes	bytes	mixed
IFG0232J	0	0000	bytes	bytes	mixed
IFG0232M	0	0000	bytes	bytes	length
IFG0232S	8	0000	bytes	bytes	mixed
IFG0232Z	8	0000	bytes	bytes	length
IFG0550P	0	0000	identical		text
IFG0551B	0	0000	identical		length
IFG0551D	0	0000	identical		length
IFG0551F	8	0000	bytes	bytes	length
IFG0551H	8	0000	cards		length
IFG0551L	0	0000	identical		length
IFG0551P	0	0000	bytes	bytes	mixed
IFG0551R	0	0000	bytes	bytes	mixed
IFG0551T	8	0000	bytes	bytes	length
IFG0552B	8	0000	cards		length
IFG0552D	0	0000	bytes	bytes	length
IFG0552F	8	0000	bytes	bytes	text
IFG0552N	0	0000	bytes	bytes	length
IFG0552R	8	0000	bytes	bytes	length
IFG0552T	0	0000	bytes	bytes	length
IFG0552V	0	0000	identical		mixed
IFG0552X	8	0000	bytes	bytes	length
IFG0553C	0	0000	identical		text
IFG0553F	8	0000	cards		length
IFG0553H	0	0000	bytes	bytes	text
IFG0553P	8	0000	bytes	bytes	length
IFG0553X	0	0000	bytes	bytes	length
IFG0553Z	0	0000	bytes	bytes	length
IFG0554B	0	0000	bytes	bytes	mixed
IFG0554L	0	0000	identical		text
IFG0554N	0	0000	bytes	bytes	length
IFG0554P	8	0000	cards		length
IFG0554T	0	0000	identical		length
IFG0554Z	0	0000	bytes	bytes	text
IFG0555B	0	0000	bytes	bytes	text
IFG0555H	8	0000	bytes	bytes	length
IFG0555J	0	0000	identical		mixed
IFG0558X	0	0000	identical		mixed
IFG0559C	0	0000	identical		identical
IFG0EX0A	0	0000	identical		identical
IFG0RR0A	0	0000	bytes	bytes	length
IFG0RR0B	8	0000	cards		length
IFG0RR0E	0	0000	bytes	bytes	length
IFG0RR0F	0	0000	bytes	bytes	mixed
IFG0TC0A	8	0000	cards		length
IFHSTATR	0	0000	identical		holes
IFNX1A	142	0000	no-as370-deck		no-pair
IFNX1J	8	0000	bytes	bytes	mixed
IFNX1K	8	0000	cards		length
IFNX1S	8	0000	cards		text
IFNX2A	8	0000	bytes	bytes	mixed
IFNX3A	8	0008	cards		mixed
IFNX3B	8	0000	bytes	bytes	length
IFNX3K	8	0000	cards		length
IFNX3N	8	0000	cards		mixed
IFNX4D	8	0000	cards		mixed
IFNX4E	8	0000	bytes	bytes	text
IFNX4M	8	0000	cards		length
IFNX4N	8	0000	cards		text
IFNX4S	8	0000	cards		mixed
IFNX4T	8	0000	cards		mixed
IFNX4V	8	0000	bytes	bytes	text
IFNX5A	8	0000	cards		mixed
IFNX5C	8	0000	bytes	bytes	text
IFNX5D	8	0008	cards		mixed
IFNX5F	0	0000	bytes	bytes	text
IFNX5L	8	0008	bytes	bytes	length
IFNX5M	8	0008	bytes	bytes	mixed
IFNX5P	8	0000	bytes	bytes	mixed
IFNX5V	0	0000	bytes	bytes	text
IFNX6A	8	0000	bytes	bytes	length
IFNX6B	8	0000	bytes	bytes	length
IFNX6C	0	0000	bytes	bytes	mixed
IFOX0A	8	0008	bytes	bytes	length
IFOX0B	0	0000	bytes	identical	text
IFOX0C	0	0000	bytes	identical	text
IFOX0D	8	0008	bytes	bytes	length
IFOX0E	0	0000	bytes	identical	text
IFOX0F	0	0000	bytes	bytes	length
IFOX0G	0	0000	bytes	bytes	text
IFOX0H	0	0000	bytes	bytes	mixed
IFOX0I	8	0000	bytes	bytes	mixed
IFOX0J	0	0000	identical		identical
IGARPT01	12	0004	cards		length
IGC0001F	8	0000	bytes	bytes	no-pair
IGC0001G	0	0000	identical		no-pair
IGC0001I	8	0000	bytes	bytes	length
IGC00020	8	0000	bytes	bytes	length
IGC0002A	0	0000	bytes	bytes	length
IGC0002B	8	0000	bytes	bytes	length
IGC0002C	8	0000	cards		length
IGC0002D	0	0000	identical		length
IGC0002E	0	0000	identical		length
IGC0002F	0	0000	bytes	bytes	length
IGC0002G	8	0000	bytes	bytes	length
IGC0002I	8	0008	cards		length
IGC00030	0	0000	bytes	bytes	length
IGC0003A	8	0000	bytes	bytes	length
IGC0003B	8	0008	bytes	bytes	length
IGC0003C	0	0000	bytes	bytes	no-pair
IGC0003I	0	0000	identical		identical
IGC0005C	8	0000	bytes	bytes	length
IGC0005D	0	0000	identical		identical
IGC0005E	8	0000	bytes	bytes	length
IGC0005G	0	0000	bytes	bytes	length
IGC0005I	0	0000	cards		length
IGC0006A	0	0000	identical		no-pair
IGC0006D	0	0000	bytes	bytes	length
IGC0006F	0	0000	identical		length
IGC0006H	0	0000	identical		length
IGC0006I	0	0000	identical		length
IGC0007A	0	0000	cards		length
IGC0007C	0	0000	identical		length
IGC0007D	0	0000	identical		length
IGC0007E	0	0000	identical		length
IGC0007F	0	0000	bytes	bytes	no-pair
IGC0007H	0	0000	bytes	bytes	text
IGC0008A	0	0000	identical		length
IGC0008B	8	0008	bytes	bytes	length
IGC0008E	0	0000	identical		holes
IGC0008F	0	0000	identical		length
IGC0008H	0	0000	identical		length
IGC0009A	8	0008	identical		no-pair
IGC0009C	0	0000	bytes	bytes	length
IGC0009D	8	0000	bytes	bytes	length
IGC0009G	0	0000	identical		no-pair
IGC0009H	0	0000	identical		length
IGC0010C	0	0000	identical		mixed
IGC0010D	8	0008	identical		length
IGC0010E	8	0000	bytes	bytes	length
IGC0012F	0	0000	identical		length
IGC0102G	0	0000	identical		length
IGC0106F	0	0000	identical		identical
IGC0106H	0	0000	identical		length
IGC0107C	0	0000	identical		mixed
IGC0107D	0	0000	identical		mixed
IGC0107H	8	0008	identical		length
IGC0108B	8	0008	identical		text
IGC0109H	0	0000	identical		length
IGC0110D	8	0008	identical		length
IGC0112F	0	0000	identical		length
IGC017	0	0004	identical		no-pair
IGC018	8	0008	bytes	bytes	length
IGC0203E	0	0000	identical		length
IGC0206F	0	0000	identical		holes
IGC0206H	0	0000	identical		length
IGC0207A	0	0000	identical		holes
IGC0208B	8	0008	identical		text
IGC0209H	0	0000	identical		length
IGC0210D	8	0008	identical		length
IGC0306F	0	0000	identical		holes
IGC0306H	0	0000	identical		length
IGC0308B	0	0000	identical		identical
IGC0310D	8	0008	identical		length
IGC0406F	0	0000	identical		holes
IGC0406H	0	0000	identical		length
IGC0408B	0	0000	bytes	bytes	holes
IGC0410D	8	0008	identical		length
IGC0505I	0	0000	identical		length
IGC0506C	0	0000	bytes	bytes	length
IGC0506F	0	0000	identical		length
IGC0506H	0	0000	identical		length
IGC0508B	0	0000	identical		identical
IGC0510D	8	0008	identical		length
IGC058	0	0000	identical		text
IGC0606F	0	0000	identical		holes
IGC0606H	0	0000	identical		length
IGC0610D	8	0008	identical		length
IGC070	8	0000	identical		text
IGC0706F	0	0000	identical		identical
IGC0706H	0	0000	identical		length
IGC0710D	8	0008	identical		length
IGC0806F	0	0000	identical		holes
IGC0806H	0	0000	identical		length
IGC0810D	8	0008	identical		length
IGC084	0	0000	identical		text
IGC0905I	0	0000	identical		length
IGC0906F	0	0000	identical		holes
IGC0906H	0	0000	identical		length
IGC0910D	8	0008	identical		length
IGC0A06F	0	0000	identical		holes
IGC0A10D	8	0008	bytes	bytes	length
IGC0B06F	0	0000	identical		holes
IGC0B10D	8	0008	identical		length
IGC0C06F	0	0000	identical		holes
IGC0C10D	8	0008	identical		length
IGC0D06F	0	0000	identical		length
IGC0D10D	8	0008	identical		length
IGC0E05A	0	0000	bytes	bytes	length
IGC0E06F	0	0000	identical		length
IGC0E10D	8	0008	identical		length
IGC0F05A	0	0000	bytes	bytes	length
IGC0F06F	0	0000	identical		length
IGC0G05B	0	0000	bytes	bytes	text
IGC0G10D	0	0000	identical		length
IGC0G95B	0	0000	identical		text
IGC0H05B	0	0000	identical		text
IGC0H10D	8	0008	identical		length
IGC0I05B	0	0000	identical		text
IGC0I10D	8	0008	identical		length
IGC0J05B	8	0008	identical		text
IGC0J10D	8	0008	bytes	bytes	length
IGC0K05B	0	0000	cards		length
IGC0K10D	8	0008	identical		length
IGC0L05B	0	0000	identical		length
IGC0L10D	8	0008	identical		length
IGC0M05B	0	0000	cards		length
IGC0N05B	0	0000	bytes	bytes	length
IGC0N06C	0	0000	identical		length
IGC0N10D	8	0008	identical		length
IGC0P05B	0	0000	identical		length
IGC0Q05B	0	0000	identical		text
IGC0R05B	0	0000	bytes	bytes	length
IGC0S05B	0	0000	bytes	bytes	length
IGC0T05B	0	0000	identical		text
IGC0U05B	8	0000	bytes	bytes	length
IGC0W05B	0	0000	identical		length
IGC1006F	0	0000	identical		length
IGC1106F	0	0000	identical		length
IGC111	0	0000	identical		text
IGC1206F	0	0000	identical		length
IGC121	8	0000	bytes	bytes	length
IGC1306F	0	0000	identical		text
IGC1406F	0	0000	identical		mixed
IGCA010D	8	0008	identical		length
IGCA110D	8	0008	identical		length
IGCA210D	8	0008	identical		length
IGCA310D	8	0008	identical		length
IGCA410D	8	0008	identical		length
IGCA510D	8	0008	identical		length
IGCA610D	8	0008	identical		length
IGCA710D	8	0008	identical		length
IGCA810D	8	0008	identical		length
IGCA910D	8	0008	identical		length
IGCAA10D	8	0008	identical		length
IGCAB10D	8	0008	identical		length
IGCAC10D	8	0008	identical		length
IGCAD10D	8	0008	identical		length
IGCAE10D	8	0008	identical		length
IGCAF10D	8	0008	identical		mixed
IGCAG10D	8	0008	identical		length
IGCAL10D	8	0008	identical		length
IGCAT10D	8	0008	identical		length
IGCC010D	8	0008	identical		mixed
IGCC110D	8	0008	identical		length
IGCD010D	8	0008	identical		length
IGCD110D	8	0008	identical		length
IGCD210D	8	0008	identical		length
IGCD310D	8	0008	identical		length
IGCD410D	8	0008	identical		length
IGCD510D	8	0008	identical		length
IGCD610D	8	0008	identical		length
IGCD710D	8	0008	identical		length
IGCD810D	8	0008	identical		length
IGCD910D	8	0008	identical		length
IGCDB10D	8	0008	identical		length
IGCDC10D	8	0008	bytes	bytes	length
IGCDD10D	8	0008	identical		length
IGCDL10D	8	0008	identical		length
IGCDM10D	0	0000	identical		identical
IGCFA10D	8	0008	identical		length
IGCFB10D	8	0008	identical		length
IGCFC10D	8	0008	identical		length
IGCFD10D	8	0008	identical		mixed
IGCFE10D	8	0008	identical		length
IGCFF10D	8	0008	identical		length
IGCFG10D	8	0008	identical		length
IGCFH10D	8	0008	identical		length
IGCFI10D	8	0008	identical		length
IGCFJ10D	8	0008	identical		length
IGCFK10D	8	0008	identical		length
IGCFL10D	8	0008	bytes	bytes	length
IGCFP10D	8	0008	identical		length
IGCFQ10D	8	0008	bytes	bytes	length
IGCFR10D	0	0000	identical		identical
IGCH010D	8	0008	identical		length
IGCI010D	8	0008	identical		length
IGCI110D	8	0008	identical		length
IGCI210D	8	0008	identical		length
IGCI310D	8	0008	identical		length
IGCM010D	8	0008	identical		mixed
IGCM110D	8	0008	identical		length
IGCM210D	8	0008	identical		length
IGCM310D	8	0008	identical		length
IGCM410D	8	0008	identical		mixed
IGCM510D	8	0008	identical		length
IGCM610D	8	0008	identical		length
IGCM710D	8	0008	identical		mixed
IGCM810D	8	0008	bytes	bytes	length
IGCM910D	8	0008	identical		length
IGCMA10D	8	0008	identical		length
IGCMB10D	8	0008	identical		length
IGCMD10D	8	0008	identical		mixed
IGCME10D	8	0008	identical		length
IGCMF10D	8	0008	identical		length
IGCMG10D	8	0008	identical		length
IGCMH10D	8	0008	identical		length
IGCMI10D	8	0008	identical		length
IGCMK10D	8	0008	identical		length
IGCML10D	8	0008	identical		length
IGCMM10D	8	0008	identical		length
IGCMN10D	8	0008	identical		length
IGCMP10D	8	0008	identical		length
IGCMR10D	8	0008	identical		length
IGCMS10D	8	0008	identical		length
IGCMSG6C	0	0000	identical		no-pair
IGCMT10D	8	0008	identical		mixed
IGCMU10D	8	0008	identical		length
IGCMV10D	8	0008	identical		length
IGCMY10D	8	0008	identical		length
IGCMZ10D	8	0008	identical		length
IGCN010D	0	0000	identical		length
IGCN410D	8	0008	identical		mixed
IGCN510D	8	0008	identical		mixed
IGCR010D	8	0008	identical		length
IGCSW10D	8	0008	identical		mixed
IGCT0018	0	0000	identical		length
IGCT0021	0	0000	identical		length
IGCT002D	0	0000	identical		identical
IGCT002E	0	0000	identical		identical
IGCT005C	0	0000	identical		length
IGCT005G	0	0000	identical		length
IGCT0069	0	0000	identical		identical
IGCT006H	0	0000	identical		identical
IGCT010D	8	0008	identical		length
IGCT010E	0	0000	identical		text
IGCT105C	0	0000	identical		length
IGCT1081	0	0000	identical		identical
IGCT110D	8	0008	identical		length
IGCT210D	8	0008	identical		length
IGCV010D	8	0008	identical		length
IGCV110D	8	0008	identical		length
IGCV210D	8	0008	identical		length
IGCV310D	8	0008	identical		length
IGCV410D	8	0008	identical		length
IGCV510D	8	0008	identical		mixed
IGCV610D	8	0008	identical		mixed
IGCV710D	8	0008	identical		length
IGCV810D	8	0008	identical		length
IGCV910D	8	0008	identical		length
IGCVA10D	8	0008	identical		length
IGCVE10D	8	0008	identical		length
IGCVF10D	8	0008	identical		length
IGCVG10D	8	0008	identical		length
IGCVI10D	8	0008	identical		length
IGCVK10D	0	0000	identical		identical
IGCZ010D	8	0008	identical		length
IGCZ110D	8	0008	identical		length
IGE0000D	0	0000	identical		length
IGE0000E	0	0000	identical		identical
IGE0000G	0	0000	identical		unpaired
IGE0000H	0	0000	bytes	bytes	holes
IGE0000I	12	0000	cards		length
IGE0001A	0	0000	identical		length
IGE0001C	0	0000	identical		length
IGE0001F	0	0000	identical		holes
IGE0001G	0	0000	identical		identical
IGE0001H	0	0000	bytes	bytes	mixed
IGE0002A	12	0000	cards		length
IGE0002B	0	0000	identical		text
IGE0002C	0	0000	identical		length
IGE0002E	0	0000	identical		length
IGE0003C	0	0000	identical		length
IGE0004A	0	0000	bytes	bytes	length
IGE0004B	0	0000	identical		length
IGE0004C	0	0000	bytes	bytes	length
IGE0004D	0	0000	identical		length
IGE0004G	8	0008	bytes	bytes	length
IGE0004H	8	0008	bytes	bytes	length
IGE0004I	8	0008	identical		length
IGE0010A	0	0000	identical		length
IGE0010B	0	0000	identical		length
IGE0010D	0	0000	identical		length
IGE0010E	0	0000	identical		length
IGE0011A	0	0000	identical		length
IGE0011C	0	0000	identical		length
IGE0011D	0	0000	identical		length
IGE0011E	0	0000	identical		text
IGE0019I	0	0000	cards		length
IGE0025C	0	0000	identical		no-pair
IGE0025D	0	0000	identical		no-pair
IGE0025F	0	0000	identical		no-pair
IGE0100I	0	0000	identical		mixed
IGE0101F	0	0000	identical		length
IGE0104A	0	0000	identical		length
IGE0104B	0	0000	identical		length
IGE0104C	0	0000	identical		text
IGE0104G	8	0008	identical		length
IGE0104H	0	0000	identical		identical
IGE0119I	0	0000	cards		holes
IGE0125F	0	0000	identical		no-pair
IGE0204A	0	0000	identical		length
IGE0204B	0	0000	identical		length
IGE0204C	0	0000	identical		length
IGE0204G	8	0008	identical		length
IGE0204H	8	0008	identical		length
IGE0301H	0	0000	identical		length
IGE0304A	0	0000	identical		length
IGE0304B	0	0000	identical		length
IGE0304C	0	0000	identical		length
IGE0304G	8	0008	identical		length
IGE0404A	0	0000	identical		length
IGE0404B	0	0000	identical		length
IGE0404C	0	0000	identical		length
IGE0404G	8	0008	identical		length
IGE0404H	0	0000	identical		length
IGE0504A	0	0000	identical		length
IGE0504B	0	0000	identical		length
IGE0504C	0	0000	identical		length
IGE0504G	0	0000	identical		length
IGE0504H	8	0008	identical		length
IGE0604A	0	0000	identical		length
IGE0604B	0	0000	identical		length
IGE0604C	0	0000	identical		length
IGE0604G	8	0008	identical		length
IGE0660A	0	0000	bytes	bytes	text
IGE0704A	0	0000	identical		length
IGE0704B	0	0000	identical		length
IGE0704C	0	0000	identical		length
IGE0804A	0	0000	identical		length
IGE0804B	0	0000	identical		length
IGE0804C	0	0000	identical		length
IGE0804G	8	0008	identical		length
IGE0804H	0	0000	identical		identical
IGE0904A	0	0000	identical		length
IGE0904B	0	0000	bytes	bytes	length
IGE0904C	0	0000	identical		length
IGE0904G	8	0008	identical		length
IGE0904H	8	0008	identical		length
IGE0904I	8	0008	identical		length
IGF2503D	0	0000	bytes	bytes	mixed
IGF2603D	0	0000	identical		identical
IGFC60	0	0000	bytes	bytes	length
IGFC70	0	0000	identical		text
IGFC80	0	0000	identical		text
IGFCCHCR	8	0008	bytes	bytes	text
IGFCCHED	8	0008	bytes	bytes	text
IGFCHDA	0	0000	identical		identical
IGFCIC	0	0000	identical		length
IGFCINIT	8	0000	bytes	bytes	text
IGFDD0	0	0000	bytes	bytes	mixed
IGFDD1	0	0000	identical		holes
IGFDE0	0	0000	identical		length
IGFDE1	0	0000	identical		length
IGFDI0	0	0000	identical		identical
IGFDI1	0	0000	identical		length
IGFDL1	0	0000	identical		holes
IGFDM0	0	0000	identical		holes
IGFDM1	0	0000	identical		length
IGFDMTXT	0	0000	identical		length
IGFDR0	0	0000	bytes	bytes	length
IGFDS0	0	0000	identical		mixed
IGFDS1	0	0000	bytes	bytes	mixed
IGFDT0	0	0000	bytes	bytes	mixed
IGFDT1	0	0000	identical		length
IGFDT2	0	0000	identical		text
IGFDU0	0	0000	bytes	bytes	mixed
IGFDU1	0	0000	identical		holes
IGFDV0	0	0000	identical		length
IGFDV1	0	0000	bytes	bytes	length
IGFDW0	0	0000	identical		length
IGFINTVL	0	0008	identical		text
IGFPBUCR	8	0008	identical		text
IGFPEXIT	8	0000	bytes	bytes	text
IGFPINIT	8	0008	identical		text
IGFPKREF	0	0000	identical		text
IGFPMCIH	0	0000	bytes	bytes	text
IGFPMFRS	0	0000	bytes	bytes	text
IGFPMHCA	0	0000	identical		text
IGFPMKTA	0	0000	identical		text
IGFPMMSG	0	0000	identical		identical
IGFPMPFX	0	0000	identical		text
IGFPMRTM	0	0000	bytes	bytes	text
IGFPMSCA	0	0000	identical		identical
IGFPMTHA	0	0000	identical		identical
IGFPNRFH	8	0000	bytes	bytes	text
IGFPNSAV	0	0000	identical		identical
IGFPSAD0	0	0000	identical		identical
IGFPTAIM	0	0000	identical		text
IGFPTCON	0	0000	bytes	bytes	text
IGFPTERM	0	0000	identical		identical
IGFPTREC	8	0000	bytes	bytes	text
IGFPTSIG	0	0000	bytes	bytes	text
IGFPWMSG	0	0000	identical		length
IGFPXMFA	0	0000	identical		identical
IGFRINIT	8	0012	identical		length
IGFRWAC	0	0000	identical		identical
IGFTMC00	0	0000	cards		length
IGFTMCHK	8	0008	identical		text
IGG01910	0	0000	bytes	bytes	identical
IGG01911	0	0000	bytes	bytes	identical
IGG01912	0	0000	bytes	bytes	identical
IGG01913	0	0000	bytes	bytes	identical
IGG01915	0	0000	bytes	bytes	identical
IGG01916	0	0000	bytes	bytes	length
IGG01917	0	0000	bytes	bytes	identical
IGG01918	0	0000	bytes	bytes	identical
IGG01919	0	0000	bytes	bytes	identical
IGG0191A	0	0000	bytes	bytes	length
IGG0191B	0	0000	bytes	bytes	text
IGG0191C	0	0000	bytes	bytes	length
IGG0191D	8	0000	bytes	bytes	text
IGG0191F	0	0000	identical		length
IGG0191G	0	0000	bytes	bytes	identical
IGG0191H	0	0000	bytes	bytes	text
IGG0191I	0	0000	bytes	bytes	length
IGG0191J	0	0000	bytes	bytes	length
IGG0191K	0	0000	bytes	bytes	identical
IGG0191L	0	0000	bytes	bytes	length
IGG0191M	0	0000	bytes	bytes	length
IGG0191N	8	0000	bytes	bytes	length
IGG0191O	8	0000	bytes	bytes	text
IGG0191P	0	0000	bytes	bytes	identical
IGG0191Q	0	0000	bytes	bytes	length
IGG0191R	0	0000	bytes	bytes	length
IGG0191S	0	0000	bytes	bytes	length
IGG0191T	0	0000	bytes	bytes	length
IGG0191U	0	0000	bytes	bytes	length
IGG0191V	0	0000	bytes	bytes	length
IGG0191W	0	0000	bytes	bytes	identical
IGG0191X	0	0000	bytes	bytes	identical
IGG0191Y	0	0000	bytes	bytes	identical
IGG0191Z	0	0000	bytes	bytes	identical
IGG01920	0	0000	identical		length
IGG01921	0	0000	bytes	bytes	length
IGG01922	0	0000	identical		length
IGG01923	0	0000	bytes	bytes	text
IGG01924	0	0000	identical		length
IGG01926	0	0000	bytes	bytes	identical
IGG01928	0	0000	identical		length
IGG01929	0	0000	identical		length
IGG0192A	0	0000	identical		length
IGG0192B	0	0000	identical		length
IGG0192C	8	0000	bytes	bytes	length
IGG0192D	0	0000	identical		length
IGG0192E	0	0000	identical		length
IGG0192F	0	0000	identical		length
IGG0192G	0	0000	identical		length
IGG0192H	0	0000	identical		length
IGG0192I	0	0000	identical		length
IGG0192J	0	0000	identical		length
IGG0192K	0	0000	identical		length
IGG0192L	0	0000	identical		length
IGG0192M	0	0000	identical		length
IGG0192N	0	0000	identical		length
IGG0192O	0	0000	identical		mixed
IGG0192P	0	0000	identical		text
IGG0192Q	0	0000	identical		length
IGG0192R	0	0000	identical		length
IGG0192S	0	0000	identical		length
IGG0192T	0	0000	identical		length
IGG0192U	0	0000	identical		length
IGG0192V	0	0000	identical		text
IGG0192W	0	0000	identical		length
IGG0192X	0	0000	identical		length
IGG0192Z	0	0000	identical		mixed
IGG01930	8	0008	identical		length
IGG01931	8	0008	bytes	bytes	length
IGG01933	8	0008	cards		length
IGG01934	8	0008	identical		length
IGG01935	8	0008	identical		length
IGG01936	8	0008	identical		length
IGG01937	8	0008	identical		mixed
IGG01938	8	0008	identical		length
IGG01939	8	0008	identical		length
IGG0193A	0	0000	bytes	bytes	length
IGG0193I	0	0000	bytes	bytes	text
IGG0193K	0	0000	bytes	bytes	length
IGG0193M	0	0000	bytes	bytes	text
IGG0193Q	0	0000	bytes	bytes	length
IGG0193S	8	0000	cards		length
IGG0193Y	0	0000	identical		length
IGG01940	8	0008	identical		text
IGG01941	8	0008	identical		length
IGG01942	8	0008	identical		length
IGG01943	8	0008	identical		length
IGG01944	8	0008	cards		length
IGG01945	8	0008	identical		length
IGG01946	8	0008	identical		length
IGG01948	8	0008	identical		text
IGG01949	8	0008	identical		length
IGG0194B	8	0008	identical		text
IGG0194N	0	0000	identical		length
IGG0194P	0	0000	bytes	bytes	mixed
IGG0194Q	8	0000	cards		length
IGG01950	0	0000	identical		length
IGG0195D	0	0000	identical		text
IGG0195G	0	0000	identical		length
IGG0195T	0	0000	identical		mixed
IGG0195U	0	0000	identical		length
IGG0196A	0	0000	bytes	bytes	length
IGG0196B	0	0000	bytes	bytes	text
IGG0196C	0	0000	identical		length
IGG0196D	0	0000	identical		mixed
IGG0196G	0	0000	identical		length
IGG0196I	0	0000	bytes	bytes	text
IGG0196K	0	0000	bytes	bytes	length
IGG0196L	8	0000	bytes	bytes	length
IGG0196M	0	0000	identical		mixed
IGG0196P	0	0000	bytes	bytes	identical
IGG0196Q	0	0000	bytes	bytes	text
IGG0196R	0	0000	bytes	bytes	mixed
IGG0196S	0	0000	identical		length
IGG0197A	0	0000	identical		length
IGG0197B	0	0000	cards		length
IGG0197C	0	0000	identical		text
IGG0197D	0	0000	identical		text
IGG0197E	0	0000	bytes	bytes	length
IGG0197F	0	0000	bytes	bytes	length
IGG0197J	0	0000	identical		identical
IGG0197K	0	0000	identical		identical
IGG0197L	0	0000	identical		text
IGG0197M	0	0000	identical		mixed
IGG0197N	0	0000	identical		length
IGG0197P	0	0000	identical		length
IGG0197Q	0	0000	identical		length
IGG0197U	0	0000	bytes	bytes	length
IGG0197V	0	0000	cards		mixed
IGG0198B	8	0008	identical		length
IGG0198D	8	0008	identical		mixed
IGG0198E	8	0008	identical		mixed
IGG0198L	0	0000	identical		text
IGG01991	0	0000	bytes	bytes	identical
IGG01992	0	0000	bytes	bytes	identical
IGG01993	0	0000	bytes	bytes	identical
IGG01994	0	0000	bytes	bytes	identical
IGG0199F	0	0000	identical		length
IGG0199G	0	0000	identical		text
IGG0199K	0	0000	bytes	bytes	text
IGG0199L	0	0000	identical		text
IGG0199O	0	0000	bytes	bytes	identical
IGG0199W	0	0000	identical		length
IGG019A4	0	0000	identical		identical
IGG019AA	0	0000	identical		length
IGG019AB	0	0000	identical		length
IGG019AC	0	0000	identical		text
IGG019AD	0	0000	identical		length
IGG019AE	0	0000	identical		length
IGG019AF	0	0000	identical		length
IGG019AG	0	0000	identical		identical
IGG019AH	0	0000	identical		mixed
IGG019AI	0	0000	identical		identical|unpaired
IGG019AJ	0	0000	identical		length
IGG019AK	0	0000	identical		length
IGG019AL	0	0000	identical		length
IGG019AM	0	0000	identical		text
IGG019AN	0	0000	identical		identical
IGG019AQ	0	0000	identical		length
IGG019AR	0	0000	identical		length
IGG019AT	0	0000	identical		holes
IGG019AV	0	0000	identical		length
IGG019AW	0	0000	identical		length
IGG019AX	0	0000	identical		identical
IGG019B0	0	0000	identical		identical
IGG019BA	0	0000	identical		length
IGG019BB	0	0000	identical		length
IGG019BC	0	0000	identical		length
IGG019BD	0	0000	identical		text
IGG019BE	0	0000	identical		length
IGG019BF	0	0000	identical		length
IGG019BG	0	0000	identical		identical|unpaired
IGG019BH	0	0000	identical		length
IGG019BI	0	0000	identical		length
IGG019BK	0	0000	identical		length
IGG019BL	0	0000	identical		length
IGG019BM	0	0000	identical		length
IGG019BN	0	0000	cards		length
IGG019BO	0	0000	cards		length
IGG019BP	0	0000	identical		length
IGG019BQ	0	0000	identical		length
IGG019BR	0	0000	identical		length
IGG019BS	0	0000	identical		identical
IGG019BT	0	0000	identical		holes
IGG019BU	0	0000	identical		identical
IGG019BV	0	0000	identical		length
IGG019C0	0	0000	identical		length
IGG019C1	0	0000	identical		length
IGG019C2	0	0000	bytes	bytes	length
IGG019C3	0	0000	identical		length
IGG019C4	0	0000	identical		length
IGG019C8	0	0000	identical		length
IGG019CA	0	0000	identical		identical
IGG019CB	0	0000	identical		length
IGG019CC	0	0000	identical		length
IGG019CD	0	0000	bytes	bytes	length
IGG019CE	0	0000	identical		length
IGG019CF	0	0000	identical		length
IGG019CG	0	0000	identical		length
IGG019CH	0	0000	identical		length
IGG019CI	0	0000	identical		length
IGG019CJ	0	0000	identical		length
IGG019CL	0	0000	identical		length
IGG019CM	0	0000	identical		identical
IGG019CN	0	0000	identical		identical
IGG019CO	0	0000	identical		identical
IGG019CP	0	0000	identical		identical
IGG019CQ	0	0000	identical		identical
IGG019CR	0	0000	identical		identical
IGG019CS	0	0000	identical		length
IGG019CT	0	0000	identical		length
IGG019CU	0	0000	bytes	bytes	length
IGG019CV	0	0000	identical		length
IGG019CW	0	0000	identical		length
IGG019CX	0	0000	identical		length
IGG019CY	0	0000	identical		length
IGG019CZ	0	0000	identical		length
IGG019DA	0	0000	identical		length
IGG019DB	0	0000	identical		length
IGG019DC	0	0000	identical		identical
IGG019DD	0	0000	identical		length
IGG019DJ	0	0000	identical		length
IGG019DK	0	0000	identical		length
IGG019EI	0	0000	identical		length
IGG019EJ	0	0000	identical		length
IGG019EK	0	0000	bytes	bytes	mixed
IGG019EM	0	0000	identical		identical
IGG019FA	0	0000	identical		holes
IGG019FB	0	0000	identical		length
IGG019FD	0	0000	identical		length
IGG019FF	0	0000	identical		length
IGG019FG	0	0000	identical		length
IGG019FJ	0	0000	identical		length
IGG019FK	0	0000	identical		holes
IGG019FL	0	0000	identical		length
IGG019FP	0	0000	identical		length
IGG019FQ	0	0000	identical		text
IGG019FR	0	0000	identical		length
IGG019FS	0	0000	identical		length
IGG019FT	0	0000	identical		text
IGG019FU	0	0000	identical		length
IGG019G0	0	0000	identical		length
IGG019G1	0	0000	identical		length
IGG019G2	0	0000	bytes	bytes	length
IGG019G3	0	0000	bytes	bytes	length
IGG019G4	0	0000	identical		length
IGG019G5	0	0000	identical		length
IGG019G6	0	0000	bytes	bytes	length
IGG019G7	0	0000	bytes	bytes	length
IGG019G8	0	0000	bytes	bytes	length
IGG019G9	0	0000	bytes	bytes	length
IGG019GA	0	0000	identical		identical
IGG019GB	0	0000	bytes	bytes	text
IGG019GC	0	0000	bytes	bytes	text
IGG019GD	0	0000	bytes	bytes	text
IGG019GE	0	0000	identical		identical
IGG019GF	0	0000	identical		identical
IGG019GG	0	0000	bytes	bytes	length
IGG019GN	0	0000	identical		identical
IGG019GO	0	0000	bytes	bytes	text
IGG019GW	0	0000	bytes	bytes	length
IGG019GZ	0	0000	bytes	bytes	length
IGG019H3	0	0000	identical		length
IGG019HA	0	0000	identical		length
IGG019HB	0	0000	identical		length
IGG019HD	0	0000	identical		holes
IGG019HF	0	0000	identical		identical
IGG019HG	0	0000	identical		length
IGG019HH	0	0000	identical		identical
IGG019HI	0	0000	identical		holes
IGG019HJ	0	0000	identical		identical
IGG019HK	0	0000	identical		length
IGG019HL	0	0000	identical		identical
IGG019HN	0	0000	identical		length
IGG019HP	0	0000	identical		text
IGG019HT	0	0000	identical		identical
IGG019I1	0	0000	identical		identical
IGG019I2	0	0000	identical		identical
IGG019I9	0	0000	bytes	bytes	length
IGG019IA	0	0000	identical		length
IGG019IB	0	0000	bytes	bytes	length
IGG019IE	0	0000	identical		identical
IGG019IF	0	0000	identical		identical
IGG019IN	0	0000	bytes	bytes	text
IGG019IO	0	0000	bytes	bytes	length
IGG019IZ	0	0000	bytes	bytes	length
IGG019J0	0	0000	identical		holes
IGG019J3	0	0000	identical		length
IGG019JA	0	0000	identical		length
IGG019JB	0	0000	identical		text
IGG019JC	0	0000	identical		holes
IGG019JD	0	0000	identical		identical
IGG019JG	0	0000	identical		identical
IGG019JH	8	0000	bytes	bytes	length
IGG019JI	0	0000	bytes	bytes	mixed
IGG019JJ	0	0000	identical		identical
IGG019JK	0	0000	identical		identical
IGG019JL	0	0000	identical		identical
IGG019JM	0	0000	identical		identical
IGG019JN	0	0000	identical		text
IGG019JO	0	0000	identical		text
IGG019JP	0	0000	identical		text
IGG019JQ	0	0000	identical		text
IGG019JR	0	0000	identical		text
IGG019JS	0	0000	identical		text
IGG019JT	0	0000	identical		text
IGG019JU	0	0000	identical		text
IGG019JV	0	0000	identical		identical
IGG019JW	0	0000	identical		text
IGG019JX	0	0000	identical		identical
IGG019KA	0	0000	bytes	bytes	text
IGG019KC	0	0000	identical		identical
IGG019KE	0	0000	identical		identical
IGG019KF	0	0000	identical		identical
IGG019KG	0	0000	identical		identical
IGG019KH	0	0000	identical		identical
IGG019KI	0	0000	identical		identical
IGG019KJ	0	0000	identical		length
IGG019KK	0	0000	identical		length
IGG019KL	0	0000	identical		mixed
IGG019KM	0	0000	identical		length
IGG019KN	0	0000	identical		length
IGG019KO	0	0000	identical		identical
IGG019KQ	0	0000	identical		identical
IGG019KR	0	0000	identical		identical
IGG019KU	0	0000	identical		length
IGG019KW	0	0000	identical		identical
IGG019KY	0	0000	identical		holes
IGG019LA	0	0000	identical		identical
IGG019LC	0	0000	identical		length
IGG019LE	0	0000	identical		length
IGG019LI	0	0000	identical		identical
IGG019LP	0	0000	identical		holes
IGG019LS	0	0000	identical		length
IGG019LT	0	0000	identical		holes
IGG019LU	0	0000	identical		holes
IGG019M0	0	0000	cards		length
IGG019M1	0	0000	identical		text
IGG019M2	0	0000	identical		identical
IGG019M3	0	0000	cards		length
IGG019M4	0	0000	identical		identical
IGG019M5	0	0000	identical		identical
IGG019M6	0	0000	identical		identical
IGG019MA	8	0000	cards		mixed
IGG019MB	8	0000	bytes	bytes	length
IGG019MC	0	0000	bytes	bytes	length
IGG019MD	0	0000	cards		length
IGG019ME	0	0000	cards		length
IGG019MF	0	0000	identical		identical
IGG019MI	0	0000	identical		identical
IGG019MJ	0	0000	cards		length
IGG019MK	0	0000	cards		length
IGG019ML	0	0000	identical		identical
IGG019MN	0	0000	cards		length
IGG019MP	0	0000	cards		length
IGG019MR	0	0000	identical		text
IGG019MS	0	0000	identical		text
IGG019MT	0	0000	identical		identical
IGG019MU	0	0000	cards		length
IGG019MV	0	0000	cards		length
IGG019MW	0	0000	cards		length
IGG019MX	0	0000	identical		identical
IGG019MY	0	0000	cards		length
IGG019MZ	0	0000	cards		length
IGG019OA	0	0000	bytes	bytes	length
IGG019OB	0	0000	identical		text
IGG019OC	0	0000	identical		text
IGG019OE	0	0000	identical		length
IGG019OJ	0	0000	identical		identical
IGG019OK	0	0000	identical		identical|unpaired
IGG019P2	0	0000	identical		identical
IGG019P7	0	0000	bytes	bytes	text
IGG019P8	0	0000	identical		identical
IGG019P9	8	0008	identical		text
IGG019PA	0	0000	identical		length
IGG019PB	0	0000	cards		length
IGG019PC	0	0000	identical		identical
IGG019PD	8	0000	cards		length
IGG019PE	0	0000	cards		length
IGG019PF	0	0000	cards		length
IGG019PG	0	0000	identical		length
IGG019PH	0	0000	identical		length
IGG019PI	0	0000	identical		length
IGG019PK	0	0000	identical		length
IGG019PL	0	0000	identical		identical
IGG019PM	0	0000	identical		identical
IGG019PN	0	0000	identical		identical
IGG019PO	0	0000	identical		identical
IGG019PP	0	0000	cards		length
IGG019PQ	0	0000	identical		identical
IGG019Q0	8	0008	cards		length
IGG019Q1	8	0008	identical		length
IGG019Q2	8	0008	cards		length
IGG019Q3	8	0008	cards		length
IGG019Q4	8	0008	cards		length
IGG019Q5	8	0008	cards		length
IGG019Q6	8	0008	identical		length
IGG019Q7	8	0008	identical		length
IGG019Q8	8	0008	bytes	bytes	text
IGG019Q9	8	0008	identical		length
IGG019QE	8	0008	bytes	bytes	length
IGG019R0	8	0008	cards		length
IGG019R1	8	0008	identical		text
IGG019R2	8	0008	bytes	bytes	mixed
IGG019R3	8	0008	identical		length
IGG019R4	8	0008	identical		length
IGG019R5	8	0008	bytes	bytes	text
IGG019R6	8	0008	identical		length
IGG019R7	0	0000	identical		identical
IGG019R8	0	0000	identical		identical
IGG019R9	0	0000	identical		identical
IGG019RA	0	0000	bytes	bytes	text
IGG019RC	8	0008	bytes	bytes	mixed
IGG019RD	8	0008	identical		length
IGG019RE	0	0000	identical		identical
IGG019RF	8	0008	identical		mixed
IGG019RG	8	0008	identical		length
IGG019RI	8	0008	identical		mixed
IGG019RK	8	0008	identical		text
IGG019RL	8	0008	bytes	bytes	length
IGG019RM	8	0008	identical		length
IGG019RN	8	0008	bytes	bytes	length
IGG019RO	8	0012	bytes	bytes	length
IGG019RP	8	0008	bytes	bytes	text
IGG019RQ	8	0008	identical		text
IGG019RR	0	0000	identical		identical
IGG019RS	0	0000	identical		identical
IGG019RT	0	0000	identical		identical
IGG019RU	0	0000	identical		identical
IGG019RV	0	0000	identical		identical
IGG019RW	0	0000	identical		identical
IGG019RX	0	0000	identical		identical
IGG019RY	0	0000	identical		identical
IGG019RZ	0	0000	identical		identical
IGG019SI	0	0000	identical		holes
IGG019T2	0	0000	bytes	bytes	length
IGG019T3	0	0000	identical		length
IGG019T4	0	0000	identical		length
IGG019T5	0	0000	identical		length
IGG019T6	0	0000	identical		length
IGG019T7	0	0000	identical		length
IGG019T8	0	0000	identical		length
IGG019TC	0	0000	identical		length
IGG019TD	0	0000	bytes	bytes	length
IGG019TE	8	0008	bytes	bytes	length
IGG019TH	8	0008	bytes	bytes	mixed
IGG019TI	8	0008	bytes	bytes	length
IGG019TM	0	0000	identical		identical
IGG019TV	0	0000	identical		length
IGG019TW	0	0000	identical		length
IGG019TX	0	0000	identical		holes
IGG019TY	0	0000	identical		identical
IGG019TZ	0	0000	identical		identical
IGG019UM	0	0000	identical		holes
IGG019UN	0	0000	identical		holes
IGG019UO	0	0000	identical		identical
IGG019UP	0	0000	identical		length
IGG019V1	0	0000	identical		text
IGG019V2	0	0000	bytes	bytes	length
IGG019V3	0	0000	identical		text
IGG019V4	0	0000	identical		text
IGG019V5	0	0000	bytes	bytes	text
IGG019V6	0	0000	bytes	bytes	length
IGG019VA	0	0000	identical		identical
IGG019VB	0	0000	identical		identical
IGG019VC	0	0000	identical		identical
IGG019VD	0	0000	identical		identical
IGG019VE	0	0000	bytes	bytes	length
IGG019VF	0	0000	identical		identical
IGG019VG	0	0000	bytes	bytes	length
IGG019VH	0	0000	identical		identical
IGG019VI	0	0000	identical		identical
IGG019VJ	0	0000	identical		identical
IGG019VK	0	0000	identical		identical
IGG019VV	0	0000	identical		holes
IGG019VW	0	0000	identical		length
IGG0201A	0	0000	bytes	bytes	length
IGG0201B	0	0000	bytes	bytes	length
IGG0201D	0	0000	identical		length
IGG0201P	0	0000	identical		length
IGG0201R	0	0000	identical		length
IGG0201W	0	0000	identical		mixed
IGG0201X	0	0000	identical		identical
IGG0201Y	0	0000	bytes	bytes	length
IGG0201Z	0	0000	bytes	bytes	length
IGG02028	0	0000	identical		length
IGG02029	0	0000	bytes	bytes	length
IGG0202A	0	0000	identical		length
IGG0202B	0	0000	identical		text
IGG0202D	0	0000	identical		length
IGG0202I	0	0000	identical		length
IGG0202J	0	0000	identical		length
IGG0202K	0	0000	identical		length
IGG0202L	0	0000	bytes	bytes	length
IGG0202M	0	0000	identical		length
IGG0202N	0	0000	identical		length
IGG02030	8	0008	identical		length
IGG02035	8	0008	identical		text
IGG02036	8	0008	bytes	bytes	text
IGG0203A	8	0000	cards		length
IGG0203B	8	0008	identical		length
IGG0203K	0	0000	bytes	bytes	length
IGG0203M	0	0000	bytes	bytes	length
IGG0203Y	0	0000	identical		length
IGG0203Z	0	0000	identical		length
IGG02041	8	0008	identical		mixed
IGG02046	8	0008	identical		text
IGG020D0	0	0008	bytes	bytes	text
IGG020D1	8	0008	bytes	bytes	length
IGG020FC	0	0000	identical		mixed
IGG020P1	8	0008	cards		length
IGG020P2	8	0008	bytes	bytes	length
IGG020P3	0	0008	bytes	bytes	length
IGG020T1	0	0000	identical		identical
IGG0210A	0	0000	identical		length
IGG021AB	0	0000	identical		length
IGG026DU	0	0000	identical		identical
IGG0290A	8	0008	bytes	bytes	length
IGG0290B	8	0008	bytes	bytes	text
IGG0290C	8	0008	bytes	bytes	length
IGG0290D	8	0008	bytes	bytes	length
IGG0290E	8	0008	bytes	bytes	length
IGG0290F	8	0008	bytes	bytes	length
IGG0299A	0	0008	bytes	bytes	length
IGG029DM	0	0000	identical		identical
IGG029DU	0	0000	identical		identical
IGG03001	8	0000	bytes	bytes	length
IGG03002	0	0000	bytes	bytes	length
IGG030DU	0	0000	identical		identical
IGG0325A	8	0008	bytes	bytes	length
IGG0325B	8	0008	bytes	bytes	text
IGG0325C	8	0008	bytes	bytes	length
IGG0325D	8	0008	bytes	bytes	length
IGG0325E	8	0008	bytes	bytes	length
IGG0325G	8	0008	bytes	bytes	length
IGG0325H	8	0008	bytes	bytes	length
IGG0325I	8	0008	bytes	bytes	length
IGG0325K	8	0008	bytes	bytes	length
IGG0325P	0	0008	bytes	bytes	text
IGG0325Q	0	0008	bytes	bytes	mixed
IGG0325R	0	0008	bytes	bytes	text
IGG0325T	8	0008	bytes	bytes	length
IGG0325U	0	0008	bytes	bytes	text
IGG0325V	0	0008	bytes	bytes	mixed
IGG0325W	8	0008	bytes	bytes	length
IGG0325Z	8	0008	bytes	bytes	length
IGG032I1	8	0008	bytes	bytes	length
IGG032I2	8	0008	bytes	bytes	text
IGG032I3	8	0008	bytes	bytes	length
IGG032I4	0	0008	bytes	bytes	mixed
IGG032I5	8	0008	bytes	bytes	length
IGG032I6	8	0008	bytes	bytes	length
IGG032I7	8	0008	bytes	bytes	length
IGG032I8	8	0008	bytes	bytes	length
IGG0553A	8	0008	bytes	bytes	length
IGG0553B	8	0008	bytes	bytes	length
IGG0553C	8	0008	bytes	bytes	length
IGG0553D	8	0008	bytes	bytes	length
IGG0553E	8	0008	bytes	bytes	length
IGG0553F	8	0008	bytes	bytes	text
IGG0553G	8	0008	bytes	bytes	length
IGG08101	8	0008	identical		length
IGG08102	8	0008	identical		length
IGG08103	8	0008	bytes	bytes	length
IGG08104	8	0008	identical		length
IGG08108	0	0000	cards		length
IGG08110	0	0000	identical		identical
IGG08111	0	0000	identical		identical
IGG08112	0	0000	identical		identical
IGG08113	0	0000	identical		length
IGG08114	0	0000	identical		identical
IGG08115	0	0000	identical		identical
IGG08116	0	0000	identical		text
IGG08117	0	0000	identical		text
IGG0860A	0	0000	identical		mixed
IGG0860B	0	0000	identical		mixed
IGG0860C	8	0008	identical		mixed
IGG0860D	0	0000	identical		mixed
IGG086AE	8	0008	identical		length
IGG09300	0	0004	identical		identical
IGG09301	0	0000	bytes	bytes	length
IGG09302	0	0000	bytes	bytes	length
IGG09303	0	0000	identical		text
IGG09400	0	0000	identical		length
IGG09402	0	0000	identical		length
IGG09403	0	0000	identical		mixed
IGG09404	0	0000	identical		text
IGG09405	0	0000	identical		holes
IGG09406	0	0000	identical		holes
IGG09407	0	0000	identical		identical
IGG09408	0	0000	identical		length
IGG09409	0	0000	identical		length
IGG0940A	0	0000	identical		length
IGG0940B	0	0000	identical		identical
IGG0940C	0	0000	identical		identical
IGG0940D	0	0000	identical		identical
IGG0940E	0	0000	identical		identical
IGG0940G	0	0000	identical		length
IGG0940H	8	0008	identical		length
IGG09411	8	0008	identical		length
IGG09414	0	0000	identical		identical
IGG0CLA0	0	0000	identical		length
IGG0CLA1	0	0000	identical		holes
IGG0CLA2	0	0000	identical		length
IGG0CLA3	0	0000	identical		length
IGG0CLA4	0	0000	identical		length
IGG0CLA5	0	0000	identical		length
IGG0CLA6	0	0000	identical		length
IGG0CLA7	0	0000	identical		length
IGG0CLA8	0	0000	identical		length
IGG0CLA9	8	0000	bytes	bytes	length
IGG0CLAA	0	0000	identical		holes
IGG0CLAB	0	0000	identical		text
IGG0CLAC	0	0000	identical		length
IGG0CLAD	0	0000	identical		length
IGG0CLAE	0	0000	identical		length
IGG0CLAF	0	0000	identical		length
IGG0CLAG	0	0000	identical		length
IGG0CLAH	0	0000	identical		length
IGG0CLAI	0	0000	identical		length
IGG0CLAJ	0	0000	identical		holes
IGG0CLAK	0	0000	identical		length
IGG0CLAL	0	0000	identical		length
IGG0CLAM	0	0000	identical		length
IGG0CLAN	0	0000	identical		length
IGG0CLAO	0	0000	identical		mixed
IGG0CLAP	0	0000	identical		length
IGG0CLAQ	0	0000	identical		length
IGG0CLAR	0	0000	identical		length
IGG0CLAS	0	0000	identical		length
IGG0CLAT	0	0000	identical		length
IGG0CLAU	0	0000	identical		holes
IGG0CLAV	0	0000	identical		holes
IGG0CLAW	0	0000	identical		length
IGG0CLAX	0	0000	identical		length
IGG0CLAY	8	0000	cards		length
IGG0CLAZ	0	0000	identical		length
IGG0CLB0	0	0000	identical		length
IGG0CLB1	0	0000	identical		length
IGG0CLB2	0	0000	identical		holes
IGG0CLB3	0	0000	identical		holes
IGG0CLB4	0	0000	identical		mixed
IGG0CLB5	0	0000	identical		length
IGG0CLB6	0	0000	identical		length
IGG0CLB7	0	0000	identical		length
IGG0CLB8	0	0000	identical		length
IGG0CLB9	0	0000	identical		length
IGG0CLBA	0	0000	identical		length
IGG0CLBB	0	0000	identical		length
IGG0CLBC	0	0000	identical		holes
IGG0CLBD	0	0000	identical		length
IGG0CLBE	0	0000	identical		length
IGG0CLBF	0	0000	identical		holes
IGG0CLBG	0	0000	identical		length
IGG0CLBH	0	0000	identical		length
IGG0CLBI	0	0000	bytes	bytes	mixed
IGG0CLBJ	0	0000	identical		holes
IGG0CLBK	0	0000	identical		length
IGG0CLBL	0	0000	identical		length
IGG0CLBM	0	0000	identical		length
IGG0CLBN	0	0000	identical		length
IGG0CLBO	0	0000	identical		length
IGG0CLBP	0	0000	identical		length
IGG0CLBQ	0	0000	identical		holes
IGG0CLBR	0	0000	identical		holes
IGG0CLBS	0	0000	identical		length
IGG0CLBT	0	0000	identical		length
IGG0CLBU	0	0000	identical		length
IGG0CLBV	0	0000	identical		length
IGG0CLBW	0	0000	identical		length
IGG0CLBX	0	0000	identical		text
IGG0CLBY	0	0000	identical		length
IGG0CLBZ	0	0000	identical		length
IGG0CLC9	0	0000	bytes	bytes	length
IGG0CLCA	0	0000	bytes	bytes	length
IGG0CLCB	0	0000	identical		length
IGG0CLCC	8	0000	bytes	bytes	length
IGG0CLCD	8	0000	bytes	bytes	length
IGG0CLCE	0	0000	bytes	bytes	length
IGG0CLCF	0	0000	bytes	bytes	length
IGG0CLDA	0	0000	identical		mixed
IGG0CLDC	0	0000	identical		length
IGG0CLDD	0	0000	identical		length
IGG0CLF2	0	0008	identical		text
IGG1AN	0	0000	identical		identical
IGG1HN	0	0000	identical		identical
IGG1PCAN	0	0000	identical		identical
IGG1PCHN	0	0000	identical		identical
IGG1PN	0	0000	identical		text
IGG1QN	0	0000	identical		text
IGG1QNC	0	0000	identical		text
IGG1RN	0	0000	identical		identical
IGG1SN	0	0000	identical		text
IGG1TN	0	0000	identical		identical
IGG1XN	0	0000	identical		identical
IGG1YN	0	0000	identical		identical
IGG2A11	0	0000	identical		identical
IGG2G11	0	0000	identical		text
IGG2H11	0	0000	identical		identical
IGG2P11	0	0000	identical		text
IGG2T11	0	0000	identical		identical
IGG3AN	0	0000	identical		identical
IGG3HN	0	0000	identical		identical
IGG3PCAN	0	0000	identical		identical
IGG3PCHN	0	0000	identical		identical
IGG3PN	0	0000	identical		text
IGG3QN	0	0000	identical		text
IGG3QNC	0	0000	identical		text
IGG3RN	0	0000	identical		identical
IGG3SN	0	0000	identical		identical
IGG3TN	0	0000	identical		text
IGG3XN	0	0000	identical		identical
IGG3YN	0	0000	identical		identical
IGGMSG01	0	0000	identical		identical
IGGMSG02	0	0000	identical		length
IGX00013	0	0000	bytes	bytes	length
IGX00014	0	0000	bytes	bytes	no-pair
IGX00015	0	0000	identical		length
IGX00026	0	0000	identical		length
IGX00027	0	0000	identical		length
IHCGSP01	8	0012	identical		length
IHCGSP02	8	0012	identical		length
IHCGSP03	8	0012	bytes	bytes	length
IHCGSP04	0	0000	identical		holes
IHDGSP01	8	0012	identical		length
IHDGSP03	8	0012	bytes	bytes	length
IHEGSP03	8	0012	bytes	bytes	length
IHJACP00	8	0000	bytes	bytes	length
IHJACP01	8	0000	bytes	bytes	length
IHJACP02	8	0008	bytes	bytes	mixed
IHJACP20	0	0000	bytes	bytes	text
IHJACP25	0	0000	bytes	bytes	length
IHJACP50	8	0000	bytes	bytes	text
IHJACP70	8	0000	bytes	bytes	mixed
IHJARS00	8	0000	bytes	bytes	length
IHJARS01	0	0000	bytes	bytes	length
IHJARS60	8	0000	bytes	bytes	length
IHJQCP30	0	0000	identical		holes
IHJQCP31	0	0000	identical		identical
IHJQCP32	0	0000	identical		text
IHJQRS20	0	0000	bytes	bytes	text
IHJQRS21	0	0000	identical		length
IHJQRS22	0	0000	identical		text
IHJQRS23	0	0000	identical		text
IHJQRS24	0	0000	bytes	bytes	text
IKJ5803D	0	0000	identical		length
IKJCB831	0	0000	identical		holes
IKJCT430	0	0000	bytes	bytes	length
IKJCT431	8	0000	bytes	bytes	length
IKJCT432	0	0000	bytes	bytes	text
IKJCT433	0	0000	bytes	bytes	length
IKJCT434	0	0000	bytes	bytes	length
IKJCT435	0	0008	cards		length
IKJCT436	0	0000	bytes	bytes	length
IKJCT460	0	0000	identical		length
IKJCT462	0	0000	bytes	bytes	length
IKJCT463	0	0000	bytes	bytes	length
IKJCT464	0	0000	identical		length
IKJCT466	0	0000	identical		length
IKJCT467	8	0012	bytes	bytes	length
IKJCT469	8	0000	cards		length
IKJCT470	0	0000	identical		holes
IKJCT471	0	0000	identical		length
IKJCT472	0	0000	bytes	bytes	length
IKJCT473	0	0000	identical		length
IKJEBEAA	0	0000	bytes	bytes	no-pair
IKJEBEAE	0	0000	bytes	bytes	no-pair
IKJEBEAR	0	0000	identical		identical
IKJEBEAT	0	0000	identical		no-pair
IKJEBEBO	0	0000	bytes	bytes	no-pair
IKJEBECH	0	0000	cards		no-pair
IKJEBECI	0	0008	bytes	bytes	no-pair
IKJEBECK	0	0000	identical		identical
IKJEBECO	0	0008	bytes	bytes	no-pair
IKJEBEDA	0	0008	bytes	bytes	no-pair
IKJEBEDC	0	0000	bytes	bytes	no-pair
IKJEBEDE	0	0008	cards		no-pair
IKJEBEDO	8	0008	bytes	bytes	no-pair
IKJEBEDX	0	0008	bytes	bytes	no-pair
IKJEBEEN	0	0000	bytes	bytes	no-pair
IKJEBEEX	0	0008	bytes	bytes	no-pair
IKJEBEFC	0	0008	bytes	bytes	no-pair
IKJEBEFI	8	0008	bytes	bytes	no-pair
IKJEBEFO	8	0000	cards		no-pair
IKJEBEHE	0	0008	bytes	bytes	no-pair
IKJEBEIA	8	0008	bytes	bytes	no-pair
IKJEBEIP	0	0000	cards		no-pair
IKJEBEIS	8	0000	bytes	bytes	no-pair
IKJEBELE	0	0000	identical		no-pair
IKJEBELI	8	0000	cards		no-pair
IKJEBELT	8	0000	cards		no-pair
IKJEBEM1	0	0000	identical		no-pair
IKJEBEM2	0	0000	identical		no-pair
IKJEBEM3	0	0000	identical		no-pair
IKJEBEM4	0	0000	identical		no-pair
IKJEBEM5	0	0000	identical		no-pair
IKJEBEM6	0	0000	identical		no-pair
IKJEBEM7	0	0000	bytes	bytes	no-pair
IKJEBEMA	8	0000	cards		no-pair
IKJEBEMC	8	0000	cards		length
IKJEBEME	8	0000	cards		no-pair
IKJEBEMR	8	0008	bytes	bytes	no-pair
IKJEBEMS	0	0008	bytes	bytes	no-pair
IKJEBEPS	0	0000	identical		no-pair
IKJEBERC	0	0000	identical		identical
IKJEBERE	8	0008	cards		no-pair
IKJEBERN	0	0000	bytes	bytes	no-pair
IKJEBERU	8	0000	cards		no-pair
IKJEBESA	8	0008	bytes	bytes	no-pair
IKJEBESC	0	0000	cards		no-pair
IKJEBESE	0	0008	bytes	bytes	no-pair
IKJEBESU	0	0000	cards		no-pair
IKJEBETA	8	0008	cards		no-pair
IKJEBETO	0	0008	bytes	bytes	no-pair
IKJEBEUI	0	0008	bytes	bytes	no-pair
IKJEBEUN	0	0000	bytes	bytes	length
IKJEBEUP	8	0008	bytes	bytes	no-pair
IKJEBEUT	8	0008	bytes	bytes	no-pair
IKJEBEVE	0	0008	bytes	bytes	no-pair
IKJEE100	0	0000	identical		no-pair
IKJEE150	0	0000	identical		no-pair
IKJEE1A0	0	0000	identical		no-pair
IKJEES10	0	0008	identical		no-pair
IKJEES11	8	0008	cards		no-pair
IKJEES20	0	0008	identical		mixed
IKJEES40	0	0000	identical		no-pair
IKJEES70	0	0008	bytes	bytes	mixed
IKJEES74	0	0008	identical		length
IKJEES75	0	0008	bytes	bytes	text
IKJEFA00	0	0000	bytes	bytes	no-pair
IKJEFA01	0	0000	identical		no-pair
IKJEFA10	0	0000	cards		no-pair
IKJEFA11	0	0000	identical		no-pair
IKJEFA12	0	0000	identical		no-pair
IKJEFA13	0	0000	identical		no-pair
IKJEFA20	0	0000	bytes	bytes	no-pair
IKJEFA21	0	0000	identical		no-pair
IKJEFA22	0	0000	identical		no-pair
IKJEFA23	0	0000	identical		no-pair
IKJEFA24	8	0000	cards		no-pair
IKJEFA30	0	0000	cards		no-pair
IKJEFA31	0	0000	identical		no-pair
IKJEFA32	0	0000	identical		no-pair
IKJEFA40	0	0000	identical		no-pair
IKJEFA41	0	0000	identical		no-pair
IKJEFA42	0	0000	bytes	bytes	no-pair
IKJEFA51	0	0000	identical		no-pair
IKJEFA52	0	0000	identical		no-pair
IKJEFA53	0	0000	identical		no-pair
IKJEFA54	0	0000	identical		no-pair
IKJEFA55	0	0000	cards		no-pair
IKJEFATT	0	0000	cards		no-pair
IKJEFD00	0	0000	identical		identical
IKJEFD20	0	0000	cards		no-pair
IKJEFD30	0	0000	bytes	bytes	mixed
IKJEFD31	0	0000	cards		length
IKJEFD32	0	0000	identical		mixed
IKJEFD33	0	0000	identical		identical
IKJEFD34	0	0000	identical		identical
IKJEFD35	0	0000	identical		holes
IKJEFD36	0	0000	identical		holes
IKJEFD37	8	0000	cards		length
IKJEFE01	0	0000	bytes	bytes	no-pair
IKJEFE02	0	0000	bytes	bytes	no-pair
IKJEFE03	0	0000	bytes	bytes	no-pair
IKJEFE04	0	0000	identical		no-pair
IKJEFE05	0	0000	identical		no-pair
IKJEFE06	0	0000	identical		no-pair
IKJEFE11	0	0000	cards		no-pair
IKJEFE15	0	0000	identical		no-pair
IKJEFE16	0	0000	identical		no-pair
IKJEFF00	0	0000	identical		length
IKJEFF01	0	0000	identical		no-pair
IKJEFF02	0	0000	cards		length
IKJEFF03	0	0000	cards		no-pair
IKJEFF04	0	0000	bytes	bytes	no-pair
IKJEFF05	0	0000	identical		no-pair
IKJEFF06	0	0000	identical		no-pair
IKJEFF07	0	0000	identical		no-pair
IKJEFF08	0	0000	identical		no-pair
IKJEFF09	0	0000	identical		no-pair
IKJEFF10	0	0000	identical		no-pair
IKJEFF12	0	0000	identical		no-pair
IKJEFF13	0	0000	identical		no-pair
IKJEFF15	0	0000	identical		length
IKJEFF16	0	0000	bytes	bytes	no-pair
IKJEFF18	0	0000	cards		no-pair
IKJEFF19	0	0000	bytes	bytes	length
IKJEFF20	0	0000	identical		length
IKJEFF49	0	0000	cards		length
IKJEFF50	0	0000	cards		no-pair
IKJEFF51	0	0000	identical		holes
IKJEFF52	0	0000	bytes	bytes	length
IKJEFF53	0	0000	identical		identical
IKJEFF54	0	0000	bytes	bytes	length
IKJEFF55	0	0000	identical		no-pair
IKJEFF56	0	0000	identical		text
IKJEFF57	0	0000	identical		no-pair
IKJEFF58	0	0000	identical		identical
IKJEFF76	0	0000	identical		identical
IKJEFF77	0	0000	identical		identical
IKJEFG00	0	0000	cards		no-pair
IKJEFH00	0	0000	identical		no-pair
IKJEFH01	0	0000	cards		no-pair
IKJEFH02	0	0000	identical		no-pair
IKJEFH03	8	0000	bytes	bytes	no-pair
IKJEFL00	0	0000	identical		no-pair
IKJEFLA	0	0000	bytes	bytes	length
IKJEFLB	0	0000	bytes	bytes	length
IKJEFLC	0	0000	bytes	bytes	length
IKJEFLCM	0	0000	identical		holes
IKJEFLE	0	0000	cards		length
IKJEFLEA	8	0000	cards		length
IKJEFLF	0	0000	identical		length
IKJEFLG	0	0000	identical		identical
IKJEFLGB	0	0004	identical		length
IKJEFLGH	0	0000	identical		holes
IKJEFLGM	0	0000	identical		length
IKJEFLGN	0	0000	identical		length
IKJEFLH	0	0000	identical		length
IKJEFLI	0	0000	cards		length
IKJEFLJ	0	0000	identical		length
IKJEFLK	0	0000	bytes	bytes	length
IKJEFLL	0	0000	bytes	bytes	length
IKJEFLLM	0	0000	identical		mixed
IKJEFLPA	0	0000	identical		mixed
IKJEFLS	0	0004	identical		length
IKJEFP00	0	0000	bytes	bytes	length
IKJEFP03	0	0000	identical		length
IKJEFP10	0	0000	identical		identical
IKJEFP20	0	0000	cards		length
IKJEFP30	0	0000	identical		mixed
IKJEFP40	0	0000	cards		length
IKJEFP60	0	0000	bytes	bytes	length
IKJEFR00	0	0000	cards		no-pair
IKJEFT01	0	0000	bytes	bytes	length
IKJEFT02	0	0000	cards		length
IKJEFT03	0	0000	identical		length
IKJEFT04	0	0000	identical		length
IKJEFT05	0	0000	identical		length
IKJEFT06	0	0000	identical		length
IKJEFT07	0	0000	identical		text
IKJEFT08	0	0000	cards		length
IKJEFT09	0	0000	identical		text
IKJEFT25	0	0000	cards		length
IKJEFT30	0	0000	bytes	bytes	length
IKJEFT35	0	0000	identical		length
IKJEFT40	0	0000	bytes	bytes	mixed
IKJEFT45	0	0000	bytes	bytes	length
IKJEFT52	0	0000	identical		holes
IKJEFT53	0	0000	identical		holes
IKJEFT54	0	0000	identical		holes
IKJEFT55	0	0000	bytes	bytes	length
IKJEFT56	0	0000	identical		identical
IKJEFT80	0	0000	cards		no-pair
IKJEFT82	0	0000	cards		no-pair
IKJEFTE2	0	0000	identical		identical
IKJEFTE8	0	0000	identical		text
IKJEFTNS	0	0000	identical		identical
IKJEFTSC	0	0000	identical		length
IKJEFXSR	0	0000	bytes	bytes	length
IKJEGASN	0	0000	bytes	bytes	no-pair
IKJEGAT	8	0008	cards		no-pair
IKJEGATD	8	0008	bytes	bytes	no-pair
IKJEGATN	0	0000	identical		no-pair
IKJEGCIV	0	0000	identical		no-pair
IKJEGCPY	0	0000	cards		no-pair
IKJEGCVT	0	0000	bytes	bytes	no-pair
IKJEGDCB	0	0000	cards		no-pair
IKJEGDEB	0	0000	bytes	bytes	no-pair
IKJEGEND	0	0000	identical		no-pair
IKJEGEQU	0	0000	cards		no-pair
IKJEGGO	0	0000	bytes	bytes	no-pair
IKJEGINT	0	0000	bytes	bytes	no-pair
IKJEGIO	0	0000	bytes	bytes	no-pair
IKJEGLDF	8	0008	cards		no-pair
IKJEGLDR	0	0000	identical		no-pair
IKJEGLSA	0	0000	bytes	bytes	no-pair
IKJEGLST	8	0008	cards		no-pair
IKJEGMAP	0	0000	bytes	bytes	no-pair
IKJEGMNL	8	0008	cards		no-pair
IKJEGMSG	0	0000	identical		no-pair
IKJEGOFF	0	0000	bytes	bytes	no-pair
IKJEGPCH	0	0000	bytes	bytes	no-pair
IKJEGPSW	0	0000	bytes	bytes	no-pair
IKJEGQFY	0	0000	bytes	bytes	no-pair
IKJEGSCD	0	0000	cards		no-pair
IKJEGSRH	0	0000	identical		no-pair
IKJEGSTA	0	0000	identical		no-pair
IKJEGSYM	0	0000	identical		no-pair
IKJEGTCB	0	0000	bytes	bytes	no-pair
IKJEGWHR	0	0000	bytes	bytes	no-pair
IKJEHAL1	8	0000	cards		no-pair
IKJEHCIR	0	0000	identical		no-pair
IKJEHDEF	0	0000	bytes	bytes	no-pair
IKJEHDS1	0	0000	bytes	bytes	no-pair
IKJEHMEM	0	0000	identical		no-pair
IKJEHPRO	8	0000	cards		no-pair
IKJEHREN	0	0000	bytes	bytes	no-pair
IKJEHSIR	0	0000	identical		no-pair
IKJL4T00	0	0000	bytes	bytes	mixed
IKJNULL	0	0000	identical		length
IKJRBBCM	0	0000	identical		text
IKJRBBCR	0	0000	identical		length
IKJRBBMC	0	0000	identical		length
IKJRBBMG	0	0000	identical		holes
IKJRBBMP	0	0000	bytes	bytes	length
IKJRBBU0	0	0000	bytes	bytes	length
IKJRBBU1	0	0000	identical		holes
IKJTTRM0	0	0000	identical		length
IKT0009C	0	0000	identical		identical
IKT0009D	0	0000	identical		length
IKT09401	0	0000	identical		length
IKT09404	0	0000	identical		identical
IKT09405	0	0000	identical		identical
IKT09409	0	0000	identical		length
IKT0940A	0	0000	identical		identical
IKT0940C	0	0000	identical		text
IKT0940D	0	0000	identical		identical
IKT0940E	0	0000	identical		length
IKT0940F	0	0000	bytes	bytes	length
IKT09412	0	0000	identical		length
IKT09413	0	0000	identical		mixed
IKT09414	0	0000	identical		identical
IKT3270I	0	0000	identical		length
IKT3270O	0	0000	identical		length
IKT93EST	0	0000	identical		length
IKTASCII	0	0000	identical		identical
IKTASTPT	0	0000	identical		length
IKTATTN	0	0000	identical		length
IKTAY8	8	0000	bytes	bytes	length
IKTCAS00	0	0000	identical		length
IKTCAS20	0	0000	identical		identical
IKTCAS21	0	0000	identical		length
IKTCAS22	0	0000	identical		length
IKTCAS23	0	0000	bytes	bytes	length
IKTCAS24	0	0000	identical		length
IKTCAS30	0	0000	identical		identical
IKTCAS31	0	0000	identical		length
IKTCAS32	0	0000	identical		length
IKTCAS33	0	0000	identical		identical
IKTCAS40	0	0000	cards		length
IKTCAS41	0	0000	identical		identical
IKTCAS42	0	0000	identical		identical
IKTCAS51	0	0000	identical		identical
IKTCAS52	0	0000	cards		length
IKTCAS53	0	0000	identical		length
IKTCAS54	0	0000	bytes	bytes	text
IKTCAS55	0	0000	bytes	bytes	length
IKTCAS56	0	0000	identical		length
IKTCASCX	0	0000	identical		length
IKTCASOX	0	0000	identical		length
IKTEXIT	0	0000	identical		length
IKTIIOM	0	0000	identical		length
IKTIMIDS	0	0000	identical		length
IKTIMLU2	0	0000	identical		length
IKTIOFRR	0	0000	identical		length
IKTIST00	0	0000	identical		identical
IKTLOGFF	0	0004	identical		length
IKTLOGR	0	0000	identical		length
IKTLTERM	0	0000	identical		length
IKTMSGS	0	0000	cards		length
IKTOMIDS	0	0000	identical		length
IKTOMLU2	0	0000	identical		length
IKTQMIN	0	0000	identical		length
IKTRPLXT	0	0000	identical		identical
IKTTIMRT	0	0000	identical		length
IKTTOMJR	0	0000	identical		length
IKTTOMRT	0	0000	bytes	bytes	length
IKTVTGET	0	0000	cards		length
IKTVTPUT	0	0000	cards		length
IKTXINIT	8	0000	bytes	bytes	length
IKTXLOG	0	0000	identical		identical
IKTXMTPT	0	0000	cards		length
ILRACT	0	0000	identical		mixed
ILRASM00	0	0008	identical		length
ILRASRIM	8	0012	bytes	bytes	length
ILRCMP	8	0008	bytes	bytes	mixed
ILRCMP01	8	0008	identical		text
ILRFMT00	0	0000	identical		length
ILRFMTCV	0	0000	identical		length
ILRFMTPG	0	0000	identical		length
ILRFMTSW	0	0000	identical		length
ILRFRR01	8	0008	bytes	bytes	text
ILRFRSLT	0	0000	identical		mixed
ILRGOS	8	0008	bytes	bytes	text
ILRGOS01	0	0000	identical		identical
ILRIMMSG	8	0012	identical		text
ILRIOFRR	8	0008	bytes	bytes	mixed
ILRJTERM	0	0000	identical		text
ILRMSG00	8	0008	bytes	bytes	mixed
ILROPS00	8	0012	bytes	bytes	length
ILRPAGCM	8	0008	identical		text
ILRPAGIO	8	0008	identical		length
ILRPEX	0	0000	identical		text
ILRPGEXP	0	0000	cards		length
ILRPOS	8	0008	identical		length
ILRPREAD	0	0000	identical		holes
ILRPTM	8	0008	identical		text
ILRQSRIT	8	0012	identical		text
ILRRLG	0	0000	identical		length
ILRSAV	0	0000	identical		length
ILRSLOTC	0	0000	identical		identical
ILRSRB01	8	0008	identical		text
ILRSRBC	8	0008	identical		text
ILRSRT	8	0008	identical		length
ILRSRT01	8	0008	identical		text
ILRSWAP	8	0008	identical		length
ILRSWP01	8	0008	identical		text
ILRSWPDR	0	0000	identical		text
ILRTERMR	8	0008	identical		text
ILRTMI00	0	0000	cards		length
ILRTMI01	0	0000	identical		length
ILRTMRLG	8	0000	bytes	bytes	mixed
ILRVIOCM	8	0008	identical		text
ILRVSAMI	8	0000	cards		length
IMDUSRFF	0	0000	identical		mixed
IOEDKCLS	0	0000	identical		holes
IOEDKGET	0	0000	identical		holes
IOEDKMSG	0	0000	identical		holes
IOEDKOPN	0	0000	identical		holes
IOEDKPUT	0	0000	identical		identical
IOEDKRDR	0	0000	identical		length
IOEDKWTR	0	0000	bytes	bytes	length
IOEESTAE	0	0000	identical		identical
IOESDKTI	0	0000	identical		holes
IOESDKTO	0	0000	identical		identical
IQADVM00	0	0000	identical		identical
IQARIH00	0	0000	identical		identical
IRARMCNS	0	0000	identical		length
IRARMCPM	8	0008	identical		text
IRARMCPU	0	0000	identical		identical
IRARMCTL	8	0008	bytes	bytes	text
IRARMERR	8	0008	identical		length
IRARMEVT	8	0008	cards		text
IRARMINT	8	0008	identical		text
IRARMIOM	8	0008	identical		mixed
IRARMIPS	8	0008	bytes	bytes	length
IRARMMSG	0	0000	identical		text
IRARMRMR	8	0008	identical		holes
IRARMSET	0	0000	identical		no-pair
IRARMSRV	8	0008	cards		length
IRARMSTM	8	0008	identical		mixed
IRARMWAR	0	0000	identical		no-pair
IRARMWLM	8	0008	identical		text
IRBMFALL	0	0000	identical		holes
IRBMFANL	0	0000	identical		identical
IRBMFCNV	0	0000	identical		holes
IRBMFDCP	0	0000	bytes	bytes	mixed
IRBMFDDP	0	0000	identical		holes
IRBMFDEA	0	0000	bytes	bytes	mixed
IRBMFDHP	0	0000	identical		holes
IRBMFDPP	0	0000	identical		holes
IRBMFDSP	0	0000	identical		text
IRBMFDTA	0	0000	identical		length
IRBMFDTP	0	0000	identical		identical
IRBMFDWP	0	0000	bytes	bytes	length
IRBMFECH	0	0000	bytes	bytes	no-pair
IRBMFEDV	0	0000	identical		no-pair
IRBMFEVT	0	0000	identical		no-pair
IRBMFFUR	0	0000	identical		holes
IRBMFICP	0	0000	identical		holes
IRBMFIDV	0	0000	identical		holes
IRBMFIHA	0	0000	identical		holes
IRBMFINP	0	0000	bytes	bytes	length
IRBMFIOI	0	0000	bytes	bytes	length
IRBMFIPG	0	0000	identical		holes
IRBMFISP	0	0000	identical		text
IRBMFITR	0	0000	identical		text
IRBMFIWK	0	0000	cards		length
IRBMFLAV	0	0000	identical		text
IRBMFLCV	0	0000	identical		holes
IRBMFLDV	0	0000	identical		holes
IRBMFLHV	0	0000	identical		holes
IRBMFLMV	0	0000	identical		identical|unpaired
IRBMFLPV	0	0000	bytes	bytes	length
IRBMFLSV	0	0000	identical		text
IRBMFLTV	0	0000	identical		holes
IRBMFLWV	0	0000	identical		holes
IRBMFMFC	0	0000	bytes	bytes	text
IRBMFMLN	0	0000	bytes	bytes	mixed
IRBMFMPR	0	0000	identical		holes
IRBMFRCR	0	0000	identical		holes
IRBMFRDR	0	0000	identical		holes
IRBMFRGM	0	0000	bytes	bytes	length
IRBMFRHR	0	0000	identical		holes
IRBMFRPR	0	0000	identical		holes
IRBMFRSR	0	0000	identical		text
IRBMFRTR	0	0000	identical		text
IRBMFRWR	0	0000	bytes	bytes	mixed
IRBMFSAR	0	0000	identical		length
IRBMFSDE	0	0000	identical		holes
IRBMFTCH	0	0000	bytes	bytes	no-pair
IRBMFTMA	0	0000	cards		length
IRBMFTRM	0	0000	identical		length
IRBMFTTB	0	0000	identical		identical
ISDAAPR0	8	0008	bytes	bytes	length
ISDAAPR1	8	0008	bytes	bytes	length
ISDACNFG	0	0000	bytes	bytes	length
ISDACSB0	8	0008	bytes	bytes	length
ISDACSB1	8	0008	bytes	bytes	length
ISDADAT0	8	0008	bytes	bytes	mixed
ISDADAT1	8	0008	bytes	bytes	length
ISDADCK0	8	0008	bytes	bytes	mixed
ISDADCK1	8	0008	bytes	bytes	length
ISDADCS0	8	0008	bytes	bytes	length
ISDADCS1	8	0008	bytes	bytes	length
ISDADHE0	8	0008	bytes	bytes	text
ISDADHE1	8	0008	bytes	bytes	text
ISDADRC0	8	0008	bytes	bytes	length
ISDADRC1	8	0008	bytes	bytes	length
ISDAEQC0	8	0008	bytes	bytes	length
ISDAEQC1	8	0008	bytes	bytes	mixed
ISDAFSC0	8	0008	bytes	bytes	length
ISDAFSC1	8	0008	bytes	bytes	length
ISDAFSC2	8	0008	bytes	bytes	length
ISDAGEN0	8	0008	bytes	bytes	mixed
ISDAGET0	0	0000	identical		identical
ISDAHEXP	0	0000	identical		length
ISDAHIST	8	0008	bytes	bytes	length
ISDALOG0	8	0008	bytes	bytes	length
ISDAOPT0	0	0000	identical		length
ISDAPAD0	8	0008	bytes	bytes	length
ISDAPAD1	0	0000	bytes	bytes	length
ISDAPARM	0	0000	identical		length
ISDAPRT0	8	0008	bytes	bytes	mixed
ISDAPWR0	0	0000	identical		identical
ISDAPWR1	0	0000	identical		identical
ISDASDA0	0	0000	identical		length
ISDASUM0	8	0008	bytes	bytes	length
ISDASUM1	8	0008	bytes	bytes	length
ISDASUM2	0	0000	identical		length
ISDATYPE	8	0008	bytes	bytes	mixed
ISTAICCK	0	0000	identical		identical
ISTAICIR	0	0000	identical		length
ISTAICPT	0	0000	identical		length
ISTAICTN	0	0000	identical		length
ISTAPC11	0	0000	identical		length
ISTAPC12	0	0000	identical		identical
ISTAPC22	0	0000	identical		text
ISTAPC23	0	0000	identical		length
ISTAPC25	0	0000	identical		text
ISTAPC31	0	0000	identical		length
ISTAPC32	0	0000	identical		length
ISTAPC33	0	0000	identical		identical
ISTAPC34	0	0000	identical		identical
ISTAPC35	0	0000	identical		length
ISTAPC36	0	0000	identical		length
ISTAPC37	0	0000	identical		mixed
ISTAPC38	0	0000	identical		mixed
ISTAPC41	0	0000	identical		holes
ISTAPC51	0	0000	identical		length
ISTAPC52	0	0000	identical		length
ISTAPC53	0	0000	bytes	bytes	text
ISTAPC54	0	0000	identical		length
ISTAPC55	0	0000	identical		mixed
ISTAPC56	0	0000	identical		text
ISTAPC57	0	0000	bytes	bytes	length
ISTAPC58	0	0000	cards		mixed
ISTAPC59	0	0000	identical		mixed
ISTAPC61	0	0000	bytes	bytes	length
ISTAPC62	0	0000	identical		length
ISTAPC63	0	0000	identical		mixed
ISTAPC64	0	0000	identical		identical
ISTAPC66	0	0000	identical		length
ISTAPC83	0	0000	identical		length
ISTAPC84	0	0000	identical		length
ISTAPM69	0	0000	identical		holes
ISTATM00	0	0000	identical		length
ISTATM10	0	0000	identical		length
ISTAUCAG	0	0000	identical		identical
ISTAUCAT	0	0000	identical		identical
ISTCC010	0	0000	identical		holes
ISTCC011	0	0000	identical		identical
ISTCC012	0	0000	identical		holes
ISTCC013	0	0000	identical		text
ISTCC014	0	0000	identical		text
ISTCC015	0	0000	identical		identical
ISTCC016	0	0000	identical		holes
ISTCFCDP	0	0000	identical		holes
ISTCFCMM	0	0008	identical		text
ISTCFCPC	0	0000	identical		mixed
ISTCFCPO	0	0000	identical		holes
ISTCFCR1	0	0000	identical		length
ISTCFCR2	0	0000	identical		text
ISTCFCRP	0	0000	identical		identical
ISTCFCS1	0	0000	identical		length
ISTCFCS2	0	0000	identical		length
ISTCFF3D	0	0000	identical		text
ISTCFMMI	0	0000	identical		identical
ISTCFMTM	0	0000	identical		length
ISTCRCR4	0	0000	identical		identical
ISTCSCAC	0	0000	identical		length
ISTCSCAQ	0	0000	identical		length
ISTCSCCL	0	0000	identical		identical
ISTCSCLG	0	0000	identical		length
ISTCSCMR	0	0000	identical		length
ISTCSCPS	0	0000	identical		mixed
ISTCSCRL	0	0000	identical		length
ISTDCC00	0	0000	identical		length
ISTDCC02	0	0000	identical		length
ISTDCC10	0	0000	identical		holes
ISTDCC11	0	0000	identical		length
ISTDCC12	0	0000	identical		holes
ISTDCC13	0	0000	identical		identical
ISTDCC20	0	0000	identical		identical
ISTDCC21	0	0000	identical		length
ISTDCC22	0	0000	identical		identical
ISTDCC23	0	0000	identical		holes
ISTDCC24	0	0000	identical		holes
ISTDCC25	0	0000	identical		length
ISTDCC30	0	0000	identical		mixed
ISTDCC31	0	0000	identical		identical
ISTDCC32	0	0000	identical		identical
ISTDCC35	0	0000	identical		length
ISTDCC40	0	0000	identical		length
ISTDCC41	0	0000	identical		holes
ISTDCC42	0	0000	identical		identical
ISTDCC50	0	0000	identical		length
ISTDCC51	0	0000	identical		length
ISTDCC60	0	0000	identical		mixed
ISTDCC61	0	0000	identical		length
ISTDCC80	0	0000	identical		length
ISTDCC81	0	0000	identical		length
ISTDCC85	0	0000	identical		identical
ISTDVCBA	0	0000	identical		identical
ISTDVCRC	0	0000	identical		identical
ISTEC000	0	0000	identical		holes
ISTEC123	0	0000	identical		holes
ISTEC456	0	0000	identical		holes
ISTEC789	0	0000	identical		holes
ISTESC01	0	0000	identical		identical
ISTESC02	0	0000	identical		identical
ISTIC000	0	0000	identical		length
ISTIC001	0	0000	identical		holes
ISTIC002	0	0000	identical		length
ISTIC003	0	0000	identical		holes
ISTIC004	0	0000	identical		holes
ISTIC005	0	0000	identical		holes
ISTIC006	0	0000	identical		length
ISTIC007	0	0000	identical		holes
ISTIC008	0	0000	identical		length
ISTIC009	0	0000	identical		holes
ISTIC00A	0	0000	identical		length
ISTINC02	0	0000	identical		holes
ISTINC05	0	0000	identical		length
ISTINC32	0	0000	identical		mixed
ISTINCA0	0	0000	identical		holes
ISTINCAW	0	0000	identical		holes
ISTINCBL	0	0000	identical		text
ISTINCCC	0	0000	identical		identical
ISTINCCF	0	0000	identical		holes
ISTINCCL	8	0000	bytes	bytes	length
ISTINCD0	0	0000	identical		identical
ISTINCD1	0	0000	identical		holes
ISTINCD2	0	0000	identical		length
ISTINCD3	0	0000	identical		identical
ISTINCD4	0	0000	identical		length
ISTINCD5	0	0000	identical		length
ISTINCD6	0	0000	identical		holes
ISTINCD7	0	0000	identical		identical
ISTINCD8	0	0000	identical		identical
ISTINCD9	0	0000	identical		holes
ISTINCDL	0	0000	identical		holes
ISTINCDP	0	0000	identical		length
ISTINCDT	0	0000	cards		text
ISTINCDU	0	0000	identical		holes
ISTINCE0	0	0000	identical		identical
ISTINCE1	0	0000	identical		holes
ISTINCE2	0	0000	identical		holes
ISTINCE3	0	0000	identical		identical
ISTINCE4	0	0000	identical		holes
ISTINCE5	0	0000	identical		holes
ISTINCE6	0	0000	identical		holes
ISTINCE7	0	0000	identical		holes
ISTINCE8	8	0000	bytes	bytes	length
ISTINCE9	0	0000	identical		identical
ISTINCF1	0	0000	identical		identical
ISTINCF3	0	0000	bytes	bytes	text
ISTINCF4	0	0000	identical		holes
ISTINCF9	0	0000	identical		holes
ISTINCFE	0	0000	identical		identical
ISTINCFM	0	0000	identical		holes
ISTINCFS	0	0000	identical		length
ISTINCHT	0	0000	identical		holes
ISTINCIB	0	0000	identical		holes
ISTINCIO	0	0000	bytes	bytes	length
ISTINCIP	0	0000	identical		identical
ISTINCIT	0	0000	identical		holes
ISTINCL0	0	0000	identical		identical
ISTINCL1	0	0000	identical		length
ISTINCL2	0	0000	identical		holes
ISTINCL3	0	0000	identical		length
ISTINCL4	0	0000	identical		holes
ISTINCL5	0	0000	identical		holes
ISTINCL6	0	0000	identical		identical
ISTINCL7	0	0000	identical		holes
ISTINCL8	0	0000	identical		identical
ISTINCLF	8	0000	bytes	bytes	text
ISTINCLM	0	0000	identical		identical
ISTINCMD	0	0000	identical		mixed
ISTINCMR	0	0000	identical		mixed
ISTINCMS	0	0000	identical		length
ISTINCMY	0	0000	identical		length
ISTINCNS	0	0000	identical		length
ISTINCOE	0	0000	identical		holes
ISTINCOI	0	0000	identical		holes
ISTINCOQ	0	0000	identical		length
ISTINCOS	0	0000	identical		identical
ISTINCPD	0	0000	identical		identical
ISTINCPH	0	0000	cards		length
ISTINCQB	0	0000	identical		holes
ISTINCQE	0	0000	identical		length
ISTINCR1	0	0000	identical		holes
ISTINCR2	0	0000	identical		holes
ISTINCR3	0	0000	identical		identical
ISTINCR4	0	0000	identical		length
ISTINCR5	0	0000	identical		holes
ISTINCR6	0	0000	identical		length
ISTINCRD	0	0000	identical		length
ISTINCRF	0	0000	identical		holes
ISTINCRP	0	0000	identical		length
ISTINCRR	0	0000	identical		identical
ISTINCRS	0	0000	identical		holes
ISTINCS1	0	0000	identical		identical
ISTINCSD	0	0000	identical		holes
ISTINCSH	0	0000	identical		holes
ISTINCSM	0	0000	identical		identical
ISTINCST	0	0000	identical		length
ISTINCTE	0	0000	identical		identical
ISTINCTM	0	0000	identical		holes
ISTINCTR	0	0000	identical		length
ISTINCU0	0	0000	identical		holes
ISTINCU1	0	0000	identical		holes
ISTINCU2	0	0000	identical		holes
ISTINCU3	0	0000	identical		holes
ISTINCU4	0	0000	identical		holes
ISTINCU5	0	0000	identical		holes
ISTINCU6	0	0000	identical		text
ISTINCU7	8	0000	cards		length
ISTINCU8	0	0000	identical		identical
ISTINCUA	0	0000	identical		identical
ISTINCUB	0	0000	identical		holes
ISTINCUM	8	0000	bytes	bytes	length
ISTINCUQ	0	0000	identical		holes
ISTINCV2	0	0000	bytes	bytes	text
ISTINCV3	0	0000	identical		holes
ISTINCV4	0	0000	identical		identical
ISTINCV5	0	0000	identical		mixed
ISTINCV6	0	0000	identical		holes
ISTINCV8	0	0000	identical		holes
ISTINCV9	0	0000	identical		identical
ISTINCVA	0	0000	identical		length
ISTINCVI	0	0000	bytes	bytes	length
ISTINCVN	0	0000	identical		holes
ISTINCVO	0	0000	identical		length
ISTINCVP	0	0000	identical		length
ISTINCVS	0	0000	identical		holes
ISTINCVX	0	0000	bytes	bytes	text
ISTINCW0	0	0000	identical		identical
ISTINCW2	0	0000	identical		identical
ISTINCW3	0	0000	identical		identical
ISTINCW4	0	0000	identical		holes
ISTINCW5	0	0000	identical		holes
ISTINCW6	0	0000	identical		holes
ISTINCW7	0	0000	identical		holes
ISTINCW8	0	0000	identical		identical
ISTINCW9	0	0000	bytes	bytes	mixed
ISTINCX0	0	0000	identical		holes
ISTINCX1	0	0000	identical		length
ISTINCX2	0	0000	identical		identical
ISTINCX3	0	0000	identical		holes
ISTINCX6	0	0000	identical		holes
ISTINCX7	0	0000	identical		holes
ISTINCX8	0	0000	identical		length
ISTINCX9	0	0000	identical		holes
ISTINCXM	0	0000	identical		identical
ISTINCXR	0	0000	identical		length
ISTINCY0	0	0000	identical		length
ISTINCY1	0	0000	identical		mixed
ISTINCY3	0	0000	identical		holes
ISTINCY4	0	0000	identical		identical
ISTINCY5	0	0000	identical		length
ISTINFIC	0	0000	identical		length
ISTINFXI	0	0000	identical		length
ISTINM01	0	0000	bytes	bytes	length
ISTINMAD	0	0000	identical		holes
ISTINMAL	0	0000	identical		identical
ISTINMAV	0	0000	identical		identical
ISTINMDD	0	0000	identical		identical
ISTINMN8	0	0000	identical		mixed
ISTNMC1S	0	0000	identical		identical
ISTNMC2S	0	0000	identical		identical
ISTNMC3S	0	0000	identical		length
ISTNMC4P	0	0000	identical		identical
ISTNMC4S	0	0000	identical		identical
ISTNMC5P	0	0000	identical		holes
ISTNMC5S	0	0000	identical		holes
ISTNMC6P	0	0000	identical		identical
ISTNMC6S	0	0000	identical		identical
ISTNMC7P	0	0000	identical		holes
ISTNMC7S	0	0000	identical		length
ISTNMC8P	0	0000	identical		holes
ISTNMC9P	0	0000	identical		mixed
ISTNMCCA	0	0000	identical		identical
ISTNMCCB	0	0000	identical		identical
ISTNMCCF	0	0000	identical		holes
ISTNMCCI	0	0000	identical		identical
ISTNMCCO	0	0000	identical		holes
ISTNMCCR	0	0000	identical		identical
ISTNMCCS	0	0000	identical		holes
ISTNMCCT	0	0000	identical		holes
ISTNMCCZ	0	0000	identical		identical
ISTNSC00	8	0000	cards		length
ISTOCCCA	0	0000	identical		mixed
ISTOCCCB	0	0000	identical		length
ISTOCCCC	0	0000	bytes	bytes	length
ISTOCCCH	0	0000	identical		length
ISTOCCCL	0	0000	bytes	bytes	length
ISTOCCCM	0	0000	identical		identical
ISTOCCCN	0	0000	identical		identical
ISTOCCDF	0	0000	identical		holes
ISTOCCFB	0	0000	identical		length
ISTOCCFD	0	0000	identical		mixed
ISTOCCFO	0	0000	identical		identical
ISTOCCFR	0	0000	identical		length
ISTOCCLD	0	0000	identical		identical
ISTOCCMD	0	0000	identical		identical
ISTOCCNV	0	0000	identical		identical
ISTOCCOA	0	0000	bytes	bytes	mixed
ISTOCCOB	0	0000	bytes	bytes	length
ISTOCCOC	0	0000	identical		identical
ISTOCCOD	0	0000	identical		length
ISTOCCOE	0	0000	identical		length
ISTOCCOF	0	0000	identical		mixed
ISTOCCQU	0	0000	identical		identical
ISTOCCRD	0	0000	identical		identical
ISTOCCRL	0	0000	identical		holes
ISTOCCRT	0	0000	identical		length
ISTOCCSA	0	0000	identical		identical
ISTOCCSD	0	0000	identical		text
ISTOCCSL	0	0000	identical		text
ISTOCCUR	0	0000	identical		identical
ISTOCFCX	0	0000	identical		identical
ISTOCMDC	0	0000	identical		length
ISTORFBA	0	0000	identical		text
ISTORFBD	0	0000	identical		length
ISTORFBF	0	0000	identical		mixed
ISTORFBQ	0	0000	identical		text
ISTORFID	0	0000	identical		mixed
ISTORFPO	0	0000	identical		identical
ISTORFPR	0	0000	identical		length
ISTORFRA	0	0000	identical		identical
ISTORFSR	0	0000	identical		text
ISTORMMG	0	0000	identical		length
ISTORMRL	0	0000	identical		identical
ISTPATCH	0	0000	identical		identical
ISTRACCA	0	0000	identical		holes
ISTRACCR	0	0000	identical		holes
ISTRACTB	0	0000	identical		holes
ISTRACTL	0	0000	identical		length
ISTRAFD1	0	0000	identical		no-pair
ISTRAFTP	0	0000	identical		length
ISTRAMA1	0	0000	identical		length
ISTRAMA2	0	0000	cards		length
ISTRAMA3	0	0000	bytes	bytes	length
ISTRAMA4	0	0000	bytes	bytes	length
ISTRCC21	0	0000	identical		identical
ISTRCC22	0	0000	identical		identical
ISTRCC23	0	0000	identical		identical
ISTRCC26	0	0000	identical		identical
ISTRCC30	0	0000	identical		length
ISTRCC51	0	0000	identical		length
ISTRCC52	0	0000	identical		length
ISTRCC53	0	0000	identical		holes
ISTRCC54	0	0000	identical		identical
ISTRCC63	0	0000	identical		identical
ISTRCC65	0	0000	identical		identical
ISTRCC80	0	0000	identical		holes
ISTRCC81	0	0000	identical		holes
ISTRCFY0	0	0000	identical		mixed
ISTSC020	0	0000	identical		holes
ISTSC021	0	0000	identical		holes
ISTSC022	0	0000	identical		holes
ISTSC023	0	0000	identical		identical
ISTSC024	0	0000	identical		holes
ISTSC025	0	0000	identical		holes
ISTSC026	0	0000	identical		holes
ISTSC027	0	0000	identical		mixed
ISTSC028	0	0000	identical		holes
ISTSC029	0	0000	bytes	bytes	length
ISTSC02A	0	0000	identical		holes
ISTSC02B	0	0000	identical		holes
ISTSC02C	0	0000	identical		holes
ISTSC02D	0	0000	identical		holes
ISTSC02E	0	0000	identical		holes
ISTSC02F	0	0000	identical		holes
ISTSC030	0	0000	identical		length
ISTSC031	0	0000	identical		holes
ISTSC032	0	0000	identical		length
ISTSC033	0	0000	identical		identical
ISTSC034	0	0000	identical		length
ISTSDCAL	0	0000	identical		holes
ISTSDCAP	0	0000	identical		length
ISTSDCBU	0	0000	identical		length
ISTSDCC1	8	0000	bytes	bytes	mixed
ISTSDCC2	0	0000	identical		length
ISTSDCC3	0	0000	identical		holes
ISTSDCC4	8	0000	bytes	bytes	mixed
ISTSDCC5	0	0000	identical		holes
ISTSDCC7	0	0000	identical		identical
ISTSDCCA	0	0000	identical		identical
ISTSDCCB	0	0000	identical		length
ISTSDCCD	0	0000	identical		identical
ISTSDCCF	0	0000	identical		holes
ISTSDCCL	0	0000	identical		length
ISTSDCCN	0	0000	identical		identical
ISTSDCCR	0	0000	identical		holes
ISTSDCD1	0	0000	identical		identical
ISTSDCD2	0	0000	identical		holes
ISTSDCD3	0	0000	identical		identical
ISTSDCDS	0	0000	identical		holes
ISTSDCGE	0	0000	identical		length
ISTSDCGP	0	0000	identical		length
ISTSDCHS	0	0000	identical		length
ISTSDCIN	0	0000	identical		identical
ISTSDCLM	0	0000	identical		length
ISTSDCLN	0	0000	identical		length
ISTSDCLP	0	0000	identical		identical
ISTSDCLU	0	0000	identical		length
ISTSDCML	0	0000	identical		length
ISTSDCMT	0	0000	identical		length
ISTSDCOD	0	0000	identical		identical
ISTSDCP1	0	0000	identical		holes
ISTSDCP2	0	0000	identical		holes
ISTSDCP3	0	0000	identical		holes
ISTSDCP4	0	0000	identical		length
ISTSDCP5	0	0000	identical		identical
ISTSDCP6	0	0000	identical		holes
ISTSDCPA	0	0000	identical		holes
ISTSDCPC	0	0000	identical		holes
ISTSDCPU	0	0000	identical		length
ISTSDCRC	0	0000	identical		holes
ISTSDCRN	0	0000	identical		length
ISTSDCRS	0	0000	identical		length
ISTSDCSB	0	0000	identical		holes
ISTSDCSC	0	0000	identical		identical
ISTSDCSS	0	0000	identical		length
ISTSDCSU	0	0000	identical		identical
ISTSDCTM	0	0000	identical		identical
ISTSDCVB	0	0000	identical		length
ISTSDCVG	0	0000	identical		holes
ISTSDCVI	0	0000	identical		holes
ISTSEC01	0	0000	identical		identical
ISTSEC10	0	0000	identical		length
ISTSEC21	0	0000	identical		holes
ISTSEC30	0	0000	identical		identical
ISTSEC40	0	0000	identical		mixed
ISTSEC51	0	0000	identical		holes
ISTSQC00	0	0000	identical		length
ISTSQC01	0	0000	identical		identical
ISTSQC02	0	0000	identical		holes
ISTSQC03	0	0000	identical		identical
ISTSQC04	0	0000	identical		identical
ISTSQC05	0	0000	identical		holes
ISTSQC06	0	0000	identical		identical
ISTSQC07	0	0000	identical		holes
ISTSQC08	0	0000	identical		holes
ISTSQC09	0	0000	identical		holes
ISTSQC0A	0	0000	identical		identical
ISTSQC0B	0	0000	identical		length
ISTSTC00	0	0000	identical		length
ISTTC035	0	0000	identical		length
ISTTC037	0	0000	identical		holes
ISTVTLOD	0	0000	identical		identical
ISTYCLUS	0	0000	identical		identical
ISTYCONT	0	0000	identical		identical
ISTYPSOL	0	0000	identical		identical
ISTYSSCP	0	0000	identical		identical
ISTYTCM1	0	0000	identical		identical
ISTYTCM2	0	0000	identical		identical
ISTYTCM3	0	0000	identical		identical
ISTZAF0A	0	0000	identical		identical
ISTZAF0B	0	0000	identical		identical
ISTZAF1A	0	0000	identical		identical
ISTZAF1B	0	0000	identical		identical
ISTZAF1R	0	0000	identical		identical
ISTZBF0A	0	0000	identical		length
ISTZBF0B	0	0000	identical		identical
ISTZBF0L	0	0000	identical		identical
ISTZBFAA	0	0000	identical		holes
ISTZBFAB	0	0000	identical		holes
ISTZBFAE	0	0000	identical		holes
ISTZBFAG	0	0000	identical		holes
ISTZBFAI	0	0000	identical		holes
ISTZBFAL	0	0000	identical		holes
ISTZBFAM	0	0000	identical		holes
ISTZBFAR	0	0000	identical		holes
ISTZBFBA	0	0000	identical		holes
ISTZBFBB	0	0000	identical		length
ISTZBFBI	0	0000	identical		identical
ISTZBFBR	0	0000	identical		identical
ISTZBFCB	0	0000	identical		holes
ISTZBFDI	0	0000	identical		identical
ISTZBFDR	0	0000	identical		identical
ISTZBFEB	0	0000	identical		holes
ISTZBFFA	0	0000	identical		length
ISTZBFFB	0	0000	identical		length
ISTZBFGA	0	0000	identical		holes
ISTZBFGB	0	0000	identical		holes
ISTZBFHA	0	0000	identical		holes
ISTZBFHB	0	0000	identical		holes
ISTZBFIA	0	0000	identical		identical
ISTZBFIB	0	0000	identical		identical
ISTZBFID	0	0000	identical		identical
ISTZBFIF	0	0000	identical		length
ISTZBFMB	0	0000	identical		identical
ISTZBFNB	0	0000	identical		holes
ISTZBFND	0	0000	identical		holes
ISTZBFNE	0	0000	identical		holes
ISTZBFOB	0	0000	identical		length
ISTZBFPB	0	0000	identical		holes
ISTZBFSC	0	0000	identical		length
ISTZBFX0	0	0000	identical		holes
ISTZBFXA	0	0000	identical		holes
ISTZBFY0	0	0000	identical		length
ISTZBFZ0	0	0000	identical		length
ISTZBM0J	0	0000	identical		mixed
ISTZBM0K	0	0000	identical		length
ISTZBMJA	0	0000	identical		holes
ISTZCF0A	0	0000	identical		identical
ISTZCF0B	0	0000	identical		holes
ISTZCF1A	0	0000	identical		length
ISTZCF1B	0	0000	identical		text
ISTZCFAI	0	0000	identical		identical
ISTZCFBI	0	0000	identical		length
ISTZCFCI	0	0000	identical		identical
ISTZDFA0	0	0000	identical		identical
ISTZDFB0	0	0000	identical		identical
ISTZDFC0	0	0000	identical		length
ISTZDFD0	0	0000	identical		length
ISTZDFE0	0	0000	identical		holes
ISTZDFF0	0	0000	identical		identical
ISTZDFH0	0	0000	identical		identical
ISTZDFI0	0	0000	identical		identical
ISTZDFJ0	0	0000	identical		length
ISTZDFK0	0	0000	identical		mixed
ISTZDFKA	0	0000	identical		mixed
ISTZDFKB	0	0000	identical		length
ISTZDFL0	0	0000	identical		length
ISTZDFMF	0	0000	identical		identical
ISTZDFNB	0	0000	identical		identical
ISTZDFPR	0	0000	identical		length
ISTZDFQR	0	0000	identical		holes
ISTZDFWB	0	0000	identical		holes
ISTZDFWR	0	0000	identical		identical
ISTZDFXR	0	0000	identical		holes
ISTZDMMB	0	0000	identical		length
ISTZEFBA	0	0000	identical		mixed
ISTZEFDA	0	0000	identical		identical
ISTZEMAA	0	0000	identical		mixed
ISTZEMAB	0	0000	identical		length
ISTZEMBB	0	0000	identical		length
ISTZEMEA	0	0000	identical		mixed
ISTZEMFA	0	0000	identical		holes
ISTZEMTA	0	0000	identical		length
ISTZFFCB	0	0000	identical		identical
ISTZFFDB	0	0000	identical		holes
ISTZFFDF	0	0000	identical		holes
ISTZFFEA	0	0000	identical		mixed
ISTZFFXA	0	0000	identical		identical
ISTZFM0A	0	0000	identical		length
ISTZFM0B	0	0000	identical		text
ISTZFM1B	0	0000	identical		length
ISTZFM1F	0	0000	identical		identical
ISTZFM2B	0	0000	identical		mixed
ISTZFM3B	0	0000	identical		length
ISTZFMAA	8	0000	bytes	bytes	text
ISTZFMAB	0	0000	identical		text
ISTZFMAF	0	0000	identical		holes
ISTZFMBB	0	0000	identical		holes
ISTZFMEB	0	0000	identical		length
ISTZFMFA	0	0000	identical		text
ISTZFMTA	0	0000	identical		holes
ISTZFMUA	0	0000	identical		mixed
ISTZFMV0	0	0000	identical		identical
ISTZFMV1	0	0000	identical		identical
ISTZFSV0	0	0000	identical		identical
ISTZGF0A	8	0000	bytes	bytes	length
ISTZGF0B	0	0000	identical		mixed
ISTZGF1A	0	0000	identical		holes
ISTZGFAB	0	0000	identical		holes
ISTZGFBB	0	0000	identical		length
ISTZGFCB	0	0000	identical		holes
ISTZHFAN	0	0000	identical		holes
ISTZIF0B	0	0000	identical		length
ISTZIF1B	0	0000	identical		length
ISTZIFAA	0	0000	identical		holes
ISTZIFAB	0	0000	identical		length
ISTZIFBB	0	0000	identical		length
ISTZIFBI	0	0000	identical		identical
ISTZIFCB	0	0000	identical		length
ISTZIFCI	0	0000	identical		identical
ISTZIFDB	0	0000	identical		length
ISTZIFEB	0	0000	identical		holes
ISTZIFGB	0	0000	identical		identical
ISTZIFHB	0	0000	identical		holes
ISTZIFIB	0	0000	identical		holes
ISTZIFID	0	0000	identical		holes
ISTZIFJB	0	0000	identical		holes
ISTZIFKB	0	0000	identical		length
ISTZIFKG	0	0000	identical		identical
ISTZIFLB	0	0000	identical		length
ISTZIFMB	0	0000	identical		length
ISTZIFNA	0	0000	identical		mixed
ISTZIFNB	0	0000	identical		length
ISTZIFOA	0	0000	identical		text
ISTZIFOB	0	0000	identical		identical
ISTZIFOE	0	0000	identical		holes
ISTZIFSB	0	0000	identical		holes
ISTZIFSC	0	0000	identical		mixed
ISTZIFSG	0	0000	identical		length
ISTZIFTB	0	0000	identical		identical
ISTZIFUB	0	0000	identical		holes
ISTZIFVB	0	0000	identical		identical
ISTZIFWB	0	0000	identical		length
ISTZIFX0	0	0000	identical		holes
ISTZIMQA	0	0000	identical		holes
ISTZJF0B	0	0000	identical		holes
ISTZJFAB	0	0000	identical		holes
ISTZJFBB	0	0000	identical		holes
ISTZJFCB	0	0000	identical		holes
ISTZKFBB	0	0000	identical		holes
ISTZKFBN	0	0000	identical		length
ISTZKFCB	0	0000	identical		holes
ISTZKFCN	0	0000	identical		holes
ISTZLFAB	0	0000	identical		identical
ISTZLFV0	0	0000	identical		identical
ISTZLPV0	0	0000	identical		identical
ISTZPSV0	0	0000	identical		identical
ISTZRM01	0	0000	identical		length
LETRRIP	0	0000	identical		identical
LINK	0	0000	identical		no-pair
LOADGO	0	0000	identical		no-pair
READPSWD	0	0000	identical		length
REMOTGEN	0	0000	identical		identical
SECLOADA	8	0000	cards		length
SYS3CNVT	0	0000	identical		text
USRDDT00	0	0000	identical		length
UTRK3390	0	0000	identical		identical
UTRKCALC	0	0000	bytes	bytes	length
