dataset	tape	tapefile	member	records	verdict	corpus_path	manifest_status	manifest_origin
MVSSRC.EREPSY.F01	erepsym	FILE0001	IFCDEVIC	2491	identical-default	ibm/IFC/IFCDEVIC.asm	conflict	tape
MVSSRC.EREPSY.F01	erepsym	FILE0001	IFCE0115	331	identical-default	ibm/IFC/IFCE0115.asm	unique	tape
MVSSRC.EREPSY.F01	erepsym	FILE0001	IFCE0125	837	identical-default	ibm/IFC/IFCE0125.asm	unique	tape
MVSSRC.EREPSY.F01	erepsym	FILE0001	IFCE0135	1083	identical-default	ibm/IFC/IFCE0135.asm	conflict	tape
MVSSRC.EREPSY.F01	erepsym	FILE0001	IFCE0145	1444	identical-default	ibm/IFC/IFCE0145.asm	conflict	tape
MVSSRC.EREPSY.F01	erepsym	FILE0001	IFCE0155	1813	identical-default	ibm/IFC/IFCE0155.asm	conflict	tape
MVSSRC.EREPSY.F01	erepsym	FILE0001	IFCE0165	1669	identical-default	ibm/IFC/IFCE0165.asm	conflict	tape
MVSSRC.EREPSY.F01	erepsym	FILE0001	IFCE1017	384	identical-default	ibm/IFC/IFCE1017.asm	unique	tape
MVSSRC.EREPSY.F01	erepsym	FILE0001	IFCE1018	380	identical-default	ibm/IFC/IFCE1018.asm	unique	tape
MVSSRC.EREPSY.F01	erepsym	FILE0001	IFCE2860	1433	identical-default	ibm/IFC/IFCE2860.asm	conflict	tape
MVSSRC.EREPSY.F01	erepsym	FILE0001	IFCE2870	1456	identical-default	ibm/IFC/IFCE2870.asm	conflict	tape
MVSSRC.EREPSY.F01	erepsym	FILE0001	IFCE2880	3302	identical-default	ibm/IFC/IFCE2880.asm	conflict	tape
MVSSRC.EREPSY.F01	erepsym	FILE0001	IFCE33XX	3169	identical-default	ibm/IFC/IFCE33XX.asm	unique	tape
MVSSRC.EREPSY.F01	erepsym	FILE0001	IFCE3401	264	identical-default	ibm/IFC/IFCE3401.asm	unique	tape
MVSSRC.EREPSY.F01	erepsym	FILE0001	IFCE5424	274	identical-default	ibm/IFC/IFCE5424.asm	unique	tape
MVSSRC.EREPSY.F01	erepsym	FILE0001	IFCEAXXX	1091	identical-default	ibm/IFC/IFCEAXXX.asm	conflict	tape
MVSSRC.EREPSY.F01	erepsym	FILE0001	IFCECUT0	285	identical-default	ibm/IFC/IFCECUT0.asm	unique	tape
MVSSRC.EREPSY.F01	erepsym	FILE0001	IFCEDDR0	275	identical-default	ibm/IFC/IFCEDDR0.asm	conflict	tape
MVSSRC.EREPSY.F01	erepsym	FILE0001	IFCEDSUM	3915	identical-default	ibm/IFC/IFCEDSUM.asm	conflict	tape
MVSSRC.EREPSY.F01	erepsym	FILE0001	IFCEEDIT	1646	identical-default	ibm/IFC/IFCEEDIT.asm	conflict	tape
MVSSRC.EREPSY.F01	erepsym	FILE0001	IFCEFBA4	296	identical-default	ibm/IFC/IFCEFBA4.asm	unique	tape
MVSSRC.EREPSY.F01	erepsym	FILE0001	IFCEFBA5	292	identical-default	ibm/IFC/IFCEFBA5.asm	unique	tape
MVSSRC.EREPSY.F01	erepsym	FILE0001	IFCEGUS1	1319	identical-default	ibm/IFC/IFCEGUS1.asm	conflict	tape
MVSSRC.EREPSY.F01	erepsym	FILE0001	IFCEI115	257	identical-default	ibm/IFC/IFCEI115.asm	unique	tape
MVSSRC.EREPSY.F01	erepsym	FILE0001	IFCEI135	1422	identical-default	ibm/IFC/IFCEI135.asm	conflict	tape
MVSSRC.EREPSY.F01	erepsym	FILE0001	IFCEI145	1892	identical-default	ibm/IFC/IFCEI145.asm	conflict	tape
MVSSRC.EREPSY.F01	erepsym	FILE0001	IFCEI155	1258	identical-default	ibm/IFC/IFCEI155.asm	conflict	tape
MVSSRC.EREPSY.F01	erepsym	FILE0001	IFCEIPL0	389	identical-default	ibm/IFC/IFCEIPL0.asm	conflict	tape
MVSSRC.EREPSY.F01	erepsym	FILE0001	IFCEMAD1	1075	identical-default	ibm/IFC/IFCEMAD1.asm	conflict	tape
MVSSRC.EREPSY.F01	erepsym	FILE0001	IFCENF11	470	identical-default	ibm/IFC/IFCENF11.asm	unique	tape
MVSSRC.EREPSY.F01	erepsym	FILE0001	IFCENFH3	404	identical-default	ibm/IFC/IFCENFH3.asm	unique	tape
MVSSRC.EREPSY.F01	erepsym	FILE0001	IFCENFM3	436	identical-default	ibm/IFC/IFCENFM3.asm	unique	tape
MVSSRC.EREPSY.F01	erepsym	FILE0001	IFCENFP1	491	identical-default	ibm/IFC/IFCENFP1.asm	unique	tape
MVSSRC.EREPSY.F01	erepsym	FILE0001	IFCENFP2	405	identical-default	ibm/IFC/IFCENFP2.asm	unique	tape
MVSSRC.EREPSY.F01	erepsym	FILE0001	IFCEREP1	1384	identical-default	ibm/IFC/IFCEREP1.asm	conflict	tape
MVSSRC.EREPSY.F01	erepsym	FILE0001	IFCERFMT	3938	identical-default	ibm/IFC/IFCERFMT.asm	conflict	tape
MVSSRC.EREPSY.F01	erepsym	FILE0001	IFCESOFT	770	identical-default	ibm/IFC/IFCESOFT.asm	conflict	tape
MVSSRC.EREPSY.F01	erepsym	FILE0001	IFCESUMS	1554	identical-default	ibm/IFC/IFCESUMS.asm	conflict	tape
MVSSRC.EREPSY.F01	erepsym	FILE0001	IFCET002	551	identical-default	ibm/IFC/IFCET002.asm	conflict	tape
MVSSRC.EREPSY.F01	erepsym	FILE0001	IFCET003	208	identical-default	ibm/IFC/IFCET003.asm	conflict	tape
MVSSRC.EREPSY.F01	erepsym	FILE0001	IFCET004	317	identical-default	ibm/IFC/IFCET004.asm	conflict	tape
MVSSRC.EREPSY.F01	erepsym	FILE0001	IFCET005	242	identical-default	ibm/IFC/IFCET005.asm	conflict	tape
MVSSRC.EREPSY.F01	erepsym	FILE0001	IFCET006	197	identical-default	ibm/IFC/IFCET006.asm	conflict	tape
MVSSRC.EREPSY.F01	erepsym	FILE0001	IFCET008	994	identical-default	ibm/IFC/IFCET008.asm	conflict	tape
MVSSRC.EREPSY.F01	erepsym	FILE0001	IFCET00B	173	identical-default	ibm/IFC/IFCET00B.asm	conflict	tape
MVSSRC.EREPSY.F01	erepsym	FILE0001	IFCET00C	598	identical-default	ibm/IFC/IFCET00C.asm	conflict	tape
MVSSRC.EREPSY.F01	erepsym	FILE0001	IFCET00D	506	identical-default	ibm/IFC/IFCET00D.asm	conflict	tape
MVSSRC.EREPSY.F01	erepsym	FILE0001	IFCET040	234	identical-default	ibm/IFC/IFCET040.asm	unique	tape
MVSSRC.EREPSY.F01	erepsym	FILE0001	IFCETRN4	245	identical-default	ibm/IFC/IFCETRN4.asm	conflict	tape
MVSSRC.EREPSY.F01	erepsym	FILE0001	IFCETRN6	310	identical-default	ibm/IFC/IFCETRN6.asm	unique	tape
MVSSRC.EREPSY.F01	erepsym	FILE0001	IFCETRN7	67	identical-default	ibm/IFC/IFCETRN7.asm	unique	tape
MVSSRC.EREPSY.F01	erepsym	FILE0001	IFCETUL1	1414	identical-default	ibm/IFC/IFCETUL1.asm	conflict	tape
MVSSRC.EREPSY.F01	erepsym	FILE0001	IFCEUKNO	478	identical-default	ibm/IFC/IFCEUKNO.asm	conflict	tape
MVSSRC.EREPSY.F01	erepsym	FILE0001	IFCEVENT	4345	identical-default	ibm/IFC/IFCEVENT.asm	conflict	tape
MVSSRC.EREPSY.F01	erepsym	FILE0001	IFCEWIN1	541	identical-default	ibm/IFC/IFCEWIN1.asm	conflict	tape
MVSSRC.EREPSY.F01	erepsym	FILE0001	IFCEWIN2	439	identical-default	ibm/IFC/IFCEWIN2.asm	unique	tape
MVSSRC.EREPSY.F01	erepsym	FILE0001	IFCEWOD1	658	identical-default	ibm/IFC/IFCEWOD1.asm	unique	tape
MVSSRC.EREPSY.F01	erepsym	FILE0001	IFCEXXX0	692	identical-default	ibm/IFC/IFCEXXX0.asm	conflict	tape
MVSSRC.EREPSY.F01	erepsym	FILE0001	IFCEXXX1	648	identical-default	ibm/IFC/IFCEXXX1.asm	conflict	tape
MVSSRC.EREPSY.F01	erepsym	FILE0001	IFCEXXX2	657	identical-default	ibm/IFC/IFCEXXX2.asm	conflict	tape
MVSSRC.EREPSY.F01	erepsym	FILE0001	IFCEXXX3	785	identical-default	ibm/IFC/IFCEXXX3.asm	conflict	tape
MVSSRC.EREPSY.F01	erepsym	FILE0001	IFCEXXX4	720	identical-default	ibm/IFC/IFCEXXX4.asm	conflict	tape
MVSSRC.EREPSY.F01	erepsym	FILE0001	IFCEXXX5	641	identical-default	ibm/IFC/IFCEXXX5.asm	conflict	tape
MVSSRC.EREPSY.F01	erepsym	FILE0001	IFCEXXX6	659	identical-default	ibm/IFC/IFCEXXX6.asm	conflict	tape
MVSSRC.EREPSY.F01	erepsym	FILE0001	IFCEXXX7	693	identical-default	ibm/IFC/IFCEXXX7.asm	conflict	tape
MVSSRC.EREPSY.F01	erepsym	FILE0001	IFCEXXX8	694	identical-default	ibm/IFC/IFCEXXX8.asm	conflict	tape
MVSSRC.EREPSY.F01	erepsym	FILE0001	IFCEXXX9	773	identical-default	ibm/IFC/IFCEXXX9.asm	conflict	tape
MVSSRC.EREPSY.F01	erepsym	FILE0001	IFCEXXXA	1304	identical-default	ibm/IFC/IFCEXXXA.asm	conflict	tape
MVSSRC.EREPSY.F01	erepsym	FILE0001	IFCEXXXB	932	identical-default	ibm/IFC/IFCEXXXB.asm	conflict	tape
MVSSRC.EREPSY.F01	erepsym	FILE0001	IFCEXXXC	422	identical-default	ibm/IFC/IFCEXXXC.asm	conflict	tape
MVSSRC.EREPSY.F01	erepsym	FILE0001	IFCEXXXD	765	identical-default	ibm/IFC/IFCEXXXD.asm	conflict	tape
MVSSRC.EREPSY.F01	erepsym	FILE0001	IFCEXXXE	536	identical-default	ibm/IFC/IFCEXXXE.asm	conflict	tape
MVSSRC.EREPSY.F01	erepsym	FILE0001	IFCEXXXF	576	identical-default	ibm/IFC/IFCEXXXF.asm	conflict	tape
MVSSRC.EREPSY.F01	erepsym	FILE0001	IFCEXXXG	4387	identical-default	ibm/IFC/IFCEXXXG.asm	conflict	tape
MVSSRC.EREPSY.F01	erepsym	FILE0001	IFCEXXXH	868	identical-default	ibm/IFC/IFCEXXXH.asm	conflict	tape
MVSSRC.EREPSY.F01	erepsym	FILE0001	IFCEXXXX	719	identical-default	ibm/IFC/IFCEXXXX.asm	conflict	tape
MVSSRC.EREPSY.F02	erepsym	FILE0002	IFCFILT1	5668	identical-default	ibm/IFC/IFCFILT1.asm	conflict	tape
MVSSRC.EREPSY.F02	erepsym	FILE0002	IFCFILT2	6031	identical-default	ibm/IFC/IFCFILT2.asm	conflict	tape
MVSSRC.EREPSY.F02	erepsym	FILE0002	IFCFILT3	6531	identical-default	ibm/IFC/IFCFILT3.asm	conflict	tape
MVSSRC.EREPSY.F02	erepsym	FILE0002	IFCFMTIO	1340	identical-default	ibm/IFC/IFCFMTIO.asm	conflict	tape
MVSSRC.EREPSY.F02	erepsym	FILE0002	IFCFRAMC	3132	identical-default	ibm/IFC/IFCFRAMC.asm	conflict	tape
MVSSRC.EREPSY.F02	erepsym	FILE0002	IFCFRAMM	3538	identical-default	ibm/IFC/IFCFRAMM.asm	conflict	tape
MVSSRC.EREPSY.F02	erepsym	FILE0002	IFCIOHND	4489	identical-default	ibm/IFC/IFCIOHND.asm	conflict	tape
MVSSRC.EREPSY.F02	erepsym	FILE0002	IFCMES01	1818	identical-default	ibm/IFC/IFCMES01.asm	conflict	tape
MVSSRC.EREPSY.F02	erepsym	FILE0002	IFCMSG01	1230	identical-default	ibm/IFC/IFCMSG01.asm	conflict	tape
MVSSRC.EREPSY.F02	erepsym	FILE0002	IFCNFPDR	8316	identical-default	ibm/IFC/IFCNFPDR.asm	unique	tape
MVSSRC.EREPSY.F02	erepsym	FILE0002	IFCOFFLD	676	identical-default	ibm/IFC/IFCOFFLD.asm	conflict	tape
MVSSRC.EREPSY.F02	erepsym	FILE0002	IFCPARM1	6610	identical-default	ibm/IFC/IFCPARM1.asm	conflict	tape
MVSSRC.EREPSY.F02	erepsym	FILE0002	IFCPARM2	5394	identical-default	ibm/IFC/IFCPARM2.asm	conflict	tape
MVSSRC.EREPSY.F02	erepsym	FILE0002	IFCSAXXX	829	identical-default	ibm/IFC/IFCSAXXX.asm	conflict	tape
MVSSRC.EREPSY.F02	erepsym	FILE0002	IFCSDASD	6547	identical-default	ibm/IFC/IFCSDASD.asm	unique	tape
MVSSRC.EREPSY.F02	erepsym	FILE0002	IFCSGUS1	2077	identical-default	ibm/IFC/IFCSGUS1.asm	conflict	tape
MVSSRC.EREPSY.F02	erepsym	FILE0002	IFCSHARE	2969	identical-default	ibm/IFC/IFCSHARE.asm	unique	tape
MVSSRC.EREPSY.F02	erepsym	FILE0002	IFCSI115	232	identical-default	ibm/IFC/IFCSI115.asm	unique	tape
MVSSRC.EREPSY.F02	erepsym	FILE0002	IFCSI145	1427	identical-default	ibm/IFC/IFCSI145.asm	conflict	tape
MVSSRC.EREPSY.F02	erepsym	FILE0002	IFCST005	621	identical-default	ibm/IFC/IFCST005.asm	conflict	tape
MVSSRC.EREPSY.F02	erepsym	FILE0002	IFCST00B	969	identical-default	ibm/IFC/IFCST00B.asm	duplicate-same	tape
MVSSRC.EREPSY.F02	erepsym	FILE0002	IFCSXXXA	1701	identical-default	ibm/IFC/IFCSXXXA.asm	conflict	tape
MVSSRC.EREPSY.F02	erepsym	FILE0002	IFCSXXXB	1951	identical-default	ibm/IFC/IFCSXXXB.asm	conflict	tape
MVSSRC.EREPSY.F02	erepsym	FILE0002	IFCSXXXD	1762	identical-default	ibm/IFC/IFCSXXXD.asm	conflict	tape
MVSSRC.EREPSY.F02	erepsym	FILE0002	IFCSXXXH	2010	identical-default	ibm/IFC/IFCSXXXH.asm	conflict	tape
MVSSRC.EREPSY.F03	erepsym	FILE0003	IFCS0115	218	identical-default	ibm/IFC/IFCS0115.asm	unique	tape
MVSSRC.EREPSY.F03	erepsym	FILE0003	IFCS0165	1945	identical-default	ibm/IFC/IFCS0165.asm	conflict	tape
MVSSRC.EREPSY.F03	erepsym	FILE0003	IFCS1017	260	identical-default	ibm/IFC/IFCS1017.asm	unique	tape
MVSSRC.EREPSY.F03	erepsym	FILE0003	IFCS1018	255	identical-default	ibm/IFC/IFCS1018.asm	unique	tape
MVSSRC.EREPSY.F03	erepsym	FILE0003	IFCS33XX	41	identical-default	ibm/IFC/IFCS33XX.asm	unique	tape
MVSSRC.EREPSY.F03	erepsym	FILE0003	IFCS5424	411	identical-default	ibm/IFC/IFCS5424.asm	unique	tape
MVSSRC.EREPSY.F03	erepsym	FILE0003	IFCSYSUM	3148	identical-default	ibm/IFC/IFCSYSUM.asm	conflict	tape
MVSSRC.EREPSY.F03	erepsym	FILE0003	IFCTHRSH	6721	identical-default	ibm/IFC/IFCTHRSH.asm	conflict	tape
MVSSRC.EREPSY.F03	erepsym	FILE0003	IFCTREND	2644	identical-default	ibm/IFC/IFCTREND.asm	conflict	tape
MVSSRC.ES1102.F01	ess1102sym	FILE0001	IGE0003C	5183	identical-default	ibm/IGE/IGE0003C.asm	unique	tape
MVSSRC.ES1102.F01	ess1102sym	FILE0001	IGTA00	2318	identical-default	ibm/IGT/IGTA00.asm	unique	tape
MVSSRC.ES1102.F01	ess1102sym	FILE0001	IGTA10	79	identical-default	ibm/IGT/IGTA10.asm	unique	tape
MVSSRC.ES1102.F01	ess1102sym	FILE0001	IGTA20	1319	identical-default	ibm/IGT/IGTA20.asm	unique	tape
MVSSRC.ES1102.F01	ess1102sym	FILE0001	IGTA22	1911	identical-default	ibm/IGT/IGTA22.asm	unique	tape
MVSSRC.ES1102.F01	ess1102sym	FILE0001	IGTA30	1082	identical-default	ibm/IGT/IGTA30.asm	unique	tape
MVSSRC.ES1102.F01	ess1102sym	FILE0001	IGTA40	1572	identical-default	ibm/IGT/IGTA40.asm	unique	tape
MVSSRC.ES1102.F01	ess1102sym	FILE0001	IGTA60	1156	identical-default	ibm/IGT/IGTA60.asm	unique	tape
MVSSRC.ES1102.F01	ess1102sym	FILE0001	IGTD00	1283	identical-default	ibm/IGT/IGTD00.asm	unique	tape
MVSSRC.ES1102.F01	ess1102sym	FILE0001	IGTD10	5457	identical-default	ibm/IGT/IGTD10.asm	unique	tape
MVSSRC.ES1102.F01	ess1102sym	FILE0001	IGTD20	2925	identical-default	ibm/IGT/IGTD20.asm	unique	tape
MVSSRC.ES1102.F01	ess1102sym	FILE0001	IGTD40	1696	identical-default	ibm/IGT/IGTD40.asm	unique	tape
MVSSRC.ES1102.F01	ess1102sym	FILE0001	IGTD41	760	identical-default	ibm/IGT/IGTD41.asm	unique	tape
MVSSRC.ES1102.F01	ess1102sym	FILE0001	IGTD42	760	identical-default	ibm/IGT/IGTD42.asm	unique	tape
MVSSRC.ES1102.F01	ess1102sym	FILE0001	IGTD43	1724	identical-default	ibm/IGT/IGTD43.asm	unique	tape
MVSSRC.ES1102.F01	ess1102sym	FILE0001	IGTD44	1523	identical-default	ibm/IGT/IGTD44.asm	unique	tape
MVSSRC.ES1102.F01	ess1102sym	FILE0001	IGTD45	1627	identical-default	ibm/IGT/IGTD45.asm	unique	tape
MVSSRC.ES1102.F01	ess1102sym	FILE0001	IGTD46	1455	identical-default	ibm/IGT/IGTD46.asm	unique	tape
MVSSRC.ES1102.F01	ess1102sym	FILE0001	IGTD47	913	identical-default	ibm/IGT/IGTD47.asm	unique	tape
MVSSRC.ES1102.F01	ess1102sym	FILE0001	IGTD48	1297	identical-default	ibm/IGT/IGTD48.asm	unique	tape
MVSSRC.ES1102.F01	ess1102sym	FILE0001	IGTD49	938	identical-default	ibm/IGT/IGTD49.asm	unique	tape
MVSSRC.ES1102.F01	ess1102sym	FILE0001	IGTD4E	2157	identical-default	ibm/IGT/IGTD4E.asm	unique	tape
MVSSRC.ES1102.F01	ess1102sym	FILE0001	IGTD60	5211	identical-default	ibm/IGT/IGTD60.asm	unique	tape
MVSSRC.ES1102.F01	ess1102sym	FILE0001	IGTD80	6565	identical-default	ibm/IGT/IGTD80.asm	unique	tape
MVSSRC.ES1102.F01	ess1102sym	FILE0001	IGTDAL	1501	identical-default	ibm/IGT/IGTDAL.asm	unique	tape
MVSSRC.ES1102.F01	ess1102sym	FILE0001	IGTDAP	1545	identical-default	ibm/IGT/IGTDAP.asm	unique	tape
MVSSRC.ES1102.F01	ess1102sym	FILE0001	IGTDBK	1818	identical-default	ibm/IGT/IGTDBK.asm	unique	tape
MVSSRC.ES1102.F01	ess1102sym	FILE0001	IGTDDA	1632	identical-default	ibm/IGT/IGTDDA.asm	unique	tape
MVSSRC.ES1102.F01	ess1102sym	FILE0001	IGTDDQ	750	identical-default	ibm/IGT/IGTDDQ.asm	unique	tape
MVSSRC.ES1102.F01	ess1102sym	FILE0001	IGTDEQ	750	identical-default	ibm/IGT/IGTDEQ.asm	unique	tape
MVSSRC.ES1102.F01	ess1102sym	FILE0001	IGTDID	2673	identical-default	ibm/IGT/IGTDID.asm	unique	tape
MVSSRC.ES1102.F01	ess1102sym	FILE0001	IGTDIO	2641	identical-default	ibm/IGT/IGTDIO.asm	unique	tape
MVSSRC.ES1102.F01	ess1102sym	FILE0001	IGTDIP	1778	identical-default	ibm/IGT/IGTDIP.asm	unique	tape
MVSSRC.ES1102.F01	ess1102sym	FILE0001	IGTDMM	75	identical-default	ibm/IGT/IGTDMM.asm	unique	tape
MVSSRC.ES1102.F01	ess1102sym	FILE0001	IGTDRI	1376	identical-default	ibm/IGT/IGTDRI.asm	unique	tape
MVSSRC.ES1102.F01	ess1102sym	FILE0001	IGTDUA	1372	identical-default	ibm/IGT/IGTDUA.asm	unique	tape
MVSSRC.ES1102.F01	ess1102sym	FILE0001	IGTDUL	1965	identical-default	ibm/IGT/IGTDUL.asm	unique	tape
MVSSRC.ES1102.F01	ess1102sym	FILE0001	IGTDWI	1310	identical-default	ibm/IGT/IGTDWI.asm	unique	tape
MVSSRC.ES1102.F01	ess1102sym	FILE0001	IGTDWT	2180	identical-default	ibm/IGT/IGTDWT.asm	unique	tape
MVSSRC.ES1102.F01	ess1102sym	FILE0001	IGTDX1	841	identical-default	ibm/IGT/IGTDX1.asm	unique	tape
MVSSRC.ES1102.F01	ess1102sym	FILE0001	IGTDX2	1822	identical-default	ibm/IGT/IGTDX2.asm	unique	tape
MVSSRC.ES1102.F01	ess1102sym	FILE0001	IGTDX3	1753	identical-default	ibm/IGT/IGTDX3.asm	unique	tape
MVSSRC.ES1102.F01	ess1102sym	FILE0001	IGTDX4	784	identical-default	ibm/IGT/IGTDX4.asm	unique	tape
MVSSRC.ES1102.F02	ess1102sym	FILE0002	IGTJAA	3986	identical-default	ibm/IGT/IGTJAA.asm	unique	tape
MVSSRC.ES1102.F02	ess1102sym	FILE0002	IGTJAD	2049	identical-default	ibm/IGT/IGTJAD.asm	unique	tape
MVSSRC.ES1102.F02	ess1102sym	FILE0002	IGTJAG	1723	identical-default	ibm/IGT/IGTJAG.asm	unique	tape
MVSSRC.ES1102.F02	ess1102sym	FILE0002	IGTJAJ	3427	identical-default	ibm/IGT/IGTJAJ.asm	unique	tape
MVSSRC.ES1102.F02	ess1102sym	FILE0002	IGTJAM	4121	identical-default	ibm/IGT/IGTJAM.asm	unique	tape
MVSSRC.ES1102.F02	ess1102sym	FILE0002	IGTJAP	3532	identical-default	ibm/IGT/IGTJAP.asm	unique	tape
MVSSRC.ES1102.F02	ess1102sym	FILE0002	IGTJAY	2551	identical-default	ibm/IGT/IGTJAY.asm	unique	tape
MVSSRC.ES1102.F02	ess1102sym	FILE0002	IGTJBA	3977	identical-default	ibm/IGT/IGTJBA.asm	unique	tape
MVSSRC.ES1102.F02	ess1102sym	FILE0002	IGTJBD	3033	identical-default	ibm/IGT/IGTJBD.asm	unique	tape
MVSSRC.ES1102.F02	ess1102sym	FILE0002	IGTJBG	3522	identical-default	ibm/IGT/IGTJBG.asm	unique	tape
MVSSRC.ES1102.F02	ess1102sym	FILE0002	IGTJBJ	1872	identical-default	ibm/IGT/IGTJBJ.asm	unique	tape
MVSSRC.ES1102.F02	ess1102sym	FILE0002	IGTJBM	3530	identical-default	ibm/IGT/IGTJBM.asm	unique	tape
MVSSRC.ES1102.F02	ess1102sym	FILE0002	IGTJDA	137	identical-default	ibm/IGT/IGTJDA.asm	unique	tape
MVSSRC.ES1102.F02	ess1102sym	FILE0002	IGTJDD	874	identical-default	ibm/IGT/IGTJDD.asm	unique	tape
MVSSRC.ES1102.F02	ess1102sym	FILE0002	IGTJDG	986	identical-default	ibm/IGT/IGTJDG.asm	unique	tape
MVSSRC.ES1102.F02	ess1102sym	FILE0002	IGTJDJ	117	identical-default	ibm/IGT/IGTJDJ.asm	unique	tape
MVSSRC.ES1102.F02	ess1102sym	FILE0002	IGTJDM	4474	identical-default	ibm/IGT/IGTJDM.asm	unique	tape
MVSSRC.ES1102.F02	ess1102sym	FILE0002	IGTJFA	935	identical-default	ibm/IGT/IGTJFA.asm	unique	tape
MVSSRC.ES1102.F02	ess1102sym	FILE0002	IGTJH0	5850	identical-default	ibm/IGT/IGTJH0.asm	unique	tape
MVSSRC.ES1102.F02	ess1102sym	FILE0002	IGTJH6	1544	identical-default	ibm/IGT/IGTJH6.asm	unique	tape
MVSSRC.ES1102.F02	ess1102sym	FILE0002	IGTJHC	3373	identical-default	ibm/IGT/IGTJHC.asm	unique	tape
MVSSRC.ES1102.F02	ess1102sym	FILE0002	IGTJHE	1087	identical-default	ibm/IGT/IGTJHE.asm	unique	tape
MVSSRC.ES1102.F02	ess1102sym	FILE0002	IGTJHF	1269	identical-default	ibm/IGT/IGTJHF.asm	unique	tape
MVSSRC.ES1102.F02	ess1102sym	FILE0002	IGTJHO	1112	identical-default	ibm/IGT/IGTJHO.asm	unique	tape
MVSSRC.ES1102.F02	ess1102sym	FILE0002	IGTJHR	1625	identical-default	ibm/IGT/IGTJHR.asm	unique	tape
MVSSRC.ES1102.F02	ess1102sym	FILE0002	IGTJHT	1536	identical-default	ibm/IGT/IGTJHT.asm	unique	tape
MVSSRC.ES1102.F02	ess1102sym	FILE0002	IGTJHW	2029	identical-default	ibm/IGT/IGTJHW.asm	unique	tape
MVSSRC.ES1102.F02	ess1102sym	FILE0002	IGTJI0	1657	identical-default	ibm/IGT/IGTJI0.asm	unique	tape
MVSSRC.ES1102.F02	ess1102sym	FILE0002	IGTJI3	1927	identical-default	ibm/IGT/IGTJI3.asm	unique	tape
MVSSRC.ES1102.F02	ess1102sym	FILE0002	IGTJJ0	4144	identical-default	ibm/IGT/IGTJJ0.asm	unique	tape
MVSSRC.ES1102.F02	ess1102sym	FILE0002	IGTKAA	242	identical-default	ibm/IGT/IGTKAA.asm	unique	tape
MVSSRC.ES1102.F02	ess1102sym	FILE0002	IGTKBA	2080	identical-default	ibm/IGT/IGTKBA.asm	unique	tape
MVSSRC.ES1102.F02	ess1102sym	FILE0002	IGTKBB	330	identical-default	ibm/IGT/IGTKBB.asm	unique	tape
MVSSRC.ES1102.F02	ess1102sym	FILE0002	IGTKBC	618	identical-default	ibm/IGT/IGTKBC.asm	unique	tape
MVSSRC.ES1102.F02	ess1102sym	FILE0002	IGTKBD	978	identical-default	ibm/IGT/IGTKBD.asm	unique	tape
MVSSRC.ES1102.F02	ess1102sym	FILE0002	IGTKBE	305	identical-default	ibm/IGT/IGTKBE.asm	unique	tape
MVSSRC.ES1102.F02	ess1102sym	FILE0002	IGTKBF	3206	identical-default	ibm/IGT/IGTKBF.asm	unique	tape
MVSSRC.ES1102.F03	ess1102sym	FILE0003	IGTKCA	9464	identical-default	ibm/IGT/IGTKCA.asm	unique	tape
MVSSRC.ES1102.F03	ess1102sym	FILE0003	IGTKDA	6191	identical-default	ibm/IGT/IGTKDA.asm	unique	tape
MVSSRC.ES1102.F03	ess1102sym	FILE0003	IGTLCA	2143	identical-default	ibm/IGT/IGTLCA.asm	unique	tape
MVSSRC.ES1102.F03	ess1102sym	FILE0003	IGTLCB	7905	identical-default	ibm/IGT/IGTLCB.asm	unique	tape
MVSSRC.ES1102.F03	ess1102sym	FILE0003	IGTMAA	279	identical-default	ibm/IGT/IGTMAA.asm	unique	tape
MVSSRC.ES1102.F03	ess1102sym	FILE0003	IGTMAB	1984	identical-default	ibm/IGT/IGTMAB.asm	unique	tape
MVSSRC.ES1102.F03	ess1102sym	FILE0003	IGTMBA	1276	identical-default	ibm/IGT/IGTMBA.asm	unique	tape
MVSSRC.ES1102.F03	ess1102sym	FILE0003	IGTMBD	2942	identical-default	ibm/IGT/IGTMBD.asm	unique	tape
MVSSRC.ES1102.F03	ess1102sym	FILE0003	IGTMBG	1399	identical-default	ibm/IGT/IGTMBG.asm	unique	tape
MVSSRC.ES1102.F03	ess1102sym	FILE0003	IGTMBH	1435	identical-default	ibm/IGT/IGTMBH.asm	unique	tape
MVSSRC.ES1102.F03	ess1102sym	FILE0003	IGTMBK	3081	identical-default	ibm/IGT/IGTMBK.asm	unique	tape
MVSSRC.ES1102.F03	ess1102sym	FILE0003	IGTMBM	2234	identical-default	ibm/IGT/IGTMBM.asm	unique	tape
MVSSRC.ES1102.F03	ess1102sym	FILE0003	IGTMBR	474	identical-default	ibm/IGT/IGTMBR.asm	unique	tape
MVSSRC.ES1102.F03	ess1102sym	FILE0003	IGTMCA	3667	identical-default	ibm/IGT/IGTMCA.asm	unique	tape
MVSSRC.ES1102.F03	ess1102sym	FILE0003	IGTMDA	4586	identical-default	ibm/IGT/IGTMDA.asm	unique	tape
MVSSRC.ES1102.F03	ess1102sym	FILE0003	IGTMDB	2521	identical-default	ibm/IGT/IGTMDB.asm	unique	tape
MVSSRC.ES1102.F03	ess1102sym	FILE0003	IGTMDC	2372	identical-default	ibm/IGT/IGTMDC.asm	unique	tape
MVSSRC.ES1102.F03	ess1102sym	FILE0003	IGTMFA	3198	identical-default	ibm/IGT/IGTMFA.asm	unique	tape
MVSSRC.ES1102.F03	ess1102sym	FILE0003	IGTMGA	1536	identical-default	ibm/IGT/IGTMGA.asm	unique	tape
MVSSRC.ES1102.F03	ess1102sym	FILE0003	IGTMHA	1271	identical-default	ibm/IGT/IGTMHA.asm	unique	tape
MVSSRC.ES1102.F03	ess1102sym	FILE0003	IGTMIB	1140	identical-default	ibm/IGT/IGTMIB.asm	unique	tape
MVSSRC.ES1102.F03	ess1102sym	FILE0003	IGTMIC	1165	identical-default	ibm/IGT/IGTMIC.asm	unique	tape
MVSSRC.ES1102.F03	ess1102sym	FILE0003	IGTMIF	1032	identical-default	ibm/IGT/IGTMIF.asm	unique	tape
MVSSRC.ES1102.F03	ess1102sym	FILE0003	IGTMJB	1414	identical-default	ibm/IGT/IGTMJB.asm	unique	tape
MVSSRC.ES1102.F03	ess1102sym	FILE0003	IGTMJC	1731	identical-default	ibm/IGT/IGTMJC.asm	unique	tape
MVSSRC.ES1102.F03	ess1102sym	FILE0003	IGTMJD	846	identical-default	ibm/IGT/IGTMJD.asm	unique	tape
MVSSRC.ES1102.F03	ess1102sym	FILE0003	IGTMJE	767	identical-default	ibm/IGT/IGTMJE.asm	unique	tape
MVSSRC.ES1102.F03	ess1102sym	FILE0003	IGTMJF	1066	identical-default	ibm/IGT/IGTMJF.asm	unique	tape
MVSSRC.ES1102.F03	ess1102sym	FILE0003	IGTMJG	1256	identical-default	ibm/IGT/IGTMJG.asm	unique	tape
MVSSRC.ES1102.F03	ess1102sym	FILE0003	IGTMJH	1877	identical-default	ibm/IGT/IGTMJH.asm	unique	tape
MVSSRC.ES1102.F03	ess1102sym	FILE0003	IGTMJI	1417	identical-default	ibm/IGT/IGTMJI.asm	unique	tape
MVSSRC.ES1102.F03	ess1102sym	FILE0003	IGTMLA	1443	identical-default	ibm/IGT/IGTMLA.asm	unique	tape
MVSSRC.ES1102.F03	ess1102sym	FILE0003	IGTMMA	781	identical-default	ibm/IGT/IGTMMA.asm	unique	tape
MVSSRC.ES1102.F03	ess1102sym	FILE0003	IGTUAA	278	identical-default	ibm/IGT/IGTUAA.asm	unique	tape
MVSSRC.ES1102.F03	ess1102sym	FILE0003	IGTUAB	323	identical-default	ibm/IGT/IGTUAB.asm	unique	tape
MVSSRC.ES1102.F03	ess1102sym	FILE0003	IGTUAC	192	identical-default	ibm/IGT/IGTUAC.asm	unique	tape
MVSSRC.ES1102.F03	ess1102sym	FILE0003	IGTUAD	293	identical-default	ibm/IGT/IGTUAD.asm	unique	tape
MVSSRC.ES1102.F03	ess1102sym	FILE0003	IGTUAE	188	identical-default	ibm/IGT/IGTUAE.asm	unique	tape
MVSSRC.ES1102.F03	ess1102sym	FILE0003	IGTUAF	186	identical-default	ibm/IGT/IGTUAF.asm	unique	tape
MVSSRC.ES1102.F03	ess1102sym	FILE0003	IGTUAG	2159	identical-default	ibm/IGT/IGTUAG.asm	unique	tape
MVSSRC.ES1102.F03	ess1102sym	FILE0003	IGTUBB	192	identical-default	ibm/IGT/IGTUBB.asm	unique	tape
MVSSRC.ES1102.F04	ess1102sym	FILE0004	IGT0VPSS	4899	identical-default	ibm/IGT/IGT0VPSS.asm	unique	tape
MVSSRC.ES1102.F04	ess1102sym	FILE0004	IGT1VPSS	84	identical-default	ibm/IGT/IGT1VPSS.asm	unique	tape
MVSSRC.ES1102.F04	ess1102sym	FILE0004	IGTUDA	1176	identical-default	ibm/IGT/IGTUDA.asm	unique	tape
MVSSRC.ES1102.F04	ess1102sym	FILE0004	IGTUEA	773	identical-default	ibm/IGT/IGTUEA.asm	unique	tape
MVSSRC.ES1102.F04	ess1102sym	FILE0004	IGTUFA	2644	identical-default	ibm/IGT/IGTUFA.asm	unique	tape
MVSSRC.ES1102.F04	ess1102sym	FILE0004	IGTUHA	885	identical-default	ibm/IGT/IGTUHA.asm	unique	tape
MVSSRC.ES1102.F04	ess1102sym	FILE0004	IGTUHB	887	identical-default	ibm/IGT/IGTUHB.asm	unique	tape
MVSSRC.ES1102.F04	ess1102sym	FILE0004	IGTUJA	2488	identical-default	ibm/IGT/IGTUJA.asm	unique	tape
MVSSRC.ES1102.F04	ess1102sym	FILE0004	IGTUKA	3714	identical-default	ibm/IGT/IGTUKA.asm	unique	tape
MVSSRC.ET1102.F01	etc1102	FILE0001	AQCTL	5	identical-default	ibm/AQC/AQCTL.asm	duplicate-same	tape
MVSSRC.ET1102.F01	etc1102	FILE0001	EWTCMAP	156	identical-default	ibm/EWT/EWTCMAP.asm	duplicate-same	tape
MVSSRC.ET1102.F01	etc1102	FILE0001	IEDCBDA	18	identical-default	ibm/IED/IEDCBDA.asm	duplicate-same	tape
MVSSRC.ET1102.F01	etc1102	FILE0001	IEDCMB	51	identical-default	ibm/IED/IEDCMB.asm	conflict	tape
MVSSRC.ET1102.F01	etc1102	FILE0001	IEDHJN	21	identical-default	ibm/IED/IEDHJN.asm	duplicate-same	tape
MVSSRC.ET1102.F01	etc1102	FILE0001	IEDQMSG	112	identical-default	ibm/IED/IEDQMSG.asm	duplicate-same	tape
MVSSRC.ET1102.F01	etc1102	FILE0001	IOBLOCKS	262	identical-default	ibm/IOB/IOBLOCKS.asm	duplicate-same	tape
MVSSRC.ET1102.F01	etc1102	FILE0001	IOGENER	2999	identical-default	ibm/IOG/IOGENER.asm	conflict	tape
MVSSRC.ET1102.F01	etc1102	FILE0001	LINEEND	5828	identical-default	ibm/LIN/LINEEND.asm	conflict	tape
MVSSRC.ET1102.F01	etc1102	FILE0001	MIEDQFA	3367	identical-default	ibm/MIE/MIEDQFA.asm	conflict	tape
MVSSRC.ET1102.F01	etc1102	FILE0001	OLTCB	1892	identical-default	ibm/OLT/OLTCB.asm	duplicate-same	tape
MVSSRC.ET1102.F01	etc1102	FILE0001	PLINK	338	identical-default	ibm/PLI/PLINK.asm	duplicate-same	tape
MVSSRC.ET1102.F01	etc1102	FILE0001	RESPL	224	identical-default	ibm/RES/RESPL.asm	duplicate-same	tape
MVSSRC.ET1102.F01	etc1102	FILE0001	SNDSCH	1500	identical-default	ibm/SND/SNDSCH.asm	conflict	tape
MVSSRC.ET1102.F01	etc1102	FILE0001	TACSMD	68	identical-default	ibm/TAC/TACSMD.asm	duplicate-same	tape
MVSSRC.ET1102.F01	etc1102	FILE0001	TAIBD	216	identical-default	ibm/TAI/TAIBD.asm	duplicate-same	tape
MVSSRC.ET1102.F01	etc1102	FILE0001	TBDUD	75	identical-default	ibm/TBD/TBDUD.asm	duplicate-same	tape
MVSSRC.ET1102.F01	etc1102	FILE0001	TCAVTD	67	identical-elsewhere	variants/tape/etc1102/TCAVTD.asm	conflict	tape
MVSSRC.ET1102.F01	etc1102	FILE0001	TCCWD	109	identical-default	ibm/TCC/TCCWD.asm	duplicate-same	tape
MVSSRC.ET1102.F01	etc1102	FILE0001	TCMD0D	252	identical-default	ibm/TCM/TCMD0D.asm	duplicate-same	tape
MVSSRC.ET1102.F01	etc1102	FILE0001	TCMD1D	226	identical-default	ibm/TCM/TCMD1D.asm	duplicate-same	tape
MVSSRC.ET1102.F01	etc1102	FILE0001	TCNRD	46	identical-default	ibm/TCN/TCNRD.asm	duplicate-same	tape
MVSSRC.ET1102.F01	etc1102	FILE0001	TCOMD	35	identical-default	ibm/TCO/TCOMD.asm	duplicate-same	tape
MVSSRC.ET1102.F01	etc1102	FILE0001	TCOMDMPD	31	identical-default	ibm/TCO/TCOMDMPD.asm	duplicate-same	tape
MVSSRC.ET1102.F01	etc1102	FILE0001	TCONV	128	identical-default	ibm/TCO/TCONV.asm	conflict	tape
MVSSRC.ET1102.F01	etc1102	FILE0001	TDATAD	40	identical-default	ibm/TDA/TDATAD.asm	duplicate-same	tape
MVSSRC.ET1102.F01	etc1102	FILE0001	TDEBAPD	36	identical-default	ibm/TDE/TDEBAPD.asm	duplicate-same	tape
MVSSRC.ET1102.F01	etc1102	FILE0001	TDEBD	94	identical-default	ibm/TDE/TDEBD.asm	duplicate-same	tape
MVSSRC.ET1102.F01	etc1102	FILE0001	TDRQD	88	identical-default	ibm/TDR/TDRQD.asm	duplicate-same	tape
MVSSRC.ET1102.F01	etc1102	FILE0001	TDSID	41	identical-default	ibm/TDS/TDSID.asm	duplicate-same	tape
MVSSRC.ET1102.F01	etc1102	FILE0001	TDVCIDTD	86	identical-default	ibm/TDV/TDVCIDTD.asm	duplicate-same	tape
MVSSRC.ET1102.F01	etc1102	FILE0001	TEXTD	205	identical-default	ibm/TEX/TEXTD.asm	duplicate-same	tape
MVSSRC.ET1102.F01	etc1102	FILE0001	TGMAIND	192	identical-default	ibm/TGM/TGMAIND.asm	duplicate-same	tape
MVSSRC.ET1102.F01	etc1102	FILE0001	THEDD	68	identical-default	ibm/THE/THEDD.asm	duplicate-same	tape
MVSSRC.ET1102.F01	etc1102	FILE0001	TIDD	15	identical-default	ibm/TID/TIDD.asm	duplicate-same	tape
MVSSRC.ET1102.F01	etc1102	FILE0001	TINVLD	58	identical-default	ibm/TIN/TINVLD.asm	duplicate-same	tape
MVSSRC.ET1102.F01	etc1102	FILE0001	TIOBD	38	identical-default	ibm/TIO/TIOBD.asm	duplicate-same	tape
MVSSRC.ET1102.F01	etc1102	FILE0001	TIOSBED	35	identical-default	ibm/TIO/TIOSBED.asm	conflict	tape
MVSSRC.ET1102.F01	etc1102	FILE0001	TMHTABD	32	identical-default	ibm/TMH/TMHTABD.asm	duplicate-same	tape
MVSSRC.ET1102.F01	etc1102	FILE0001	TMODD	132	identical-default	ibm/TMO/TMODD.asm	duplicate-same	tape
MVSSRC.ET1102.F01	etc1102	FILE0001	TMSKD	95	identical-default	ibm/TMS/TMSKD.asm	duplicate-same	tape
MVSSRC.ET1102.F01	etc1102	FILE0001	TNATD	26	identical-default	ibm/TNA/TNATD.asm	duplicate-same	tape
MVSSRC.ET1102.F01	etc1102	FILE0001	TNRAD	19	identical-default	ibm/TNR/TNRAD.asm	duplicate-same	tape
MVSSRC.ET1102.F01	etc1102	FILE0001	TOPCD	79	identical-default	ibm/TOP/TOPCD.asm	duplicate-same	tape
MVSSRC.ET1102.F01	etc1102	FILE0001	TOPCTL	4	identical-default	ibm/TOP/TOPCTL.asm	duplicate-same	tape
MVSSRC.ET1102.F01	etc1102	FILE0001	TPCBD	76	identical-default	ibm/TPC/TPCBD.asm	duplicate-same	tape
MVSSRC.ET1102.F01	etc1102	FILE0001	TPEBD	24	identical-default	ibm/TPE/TPEBD.asm	duplicate-same	tape
MVSSRC.ET1102.F01	etc1102	FILE0001	TPECBD	28	identical-default	ibm/TPE/TPECBD.asm	conflict	tape
MVSSRC.ET1102.F01	etc1102	FILE0001	TPEWAD	129	identical-default	ibm/TPE/TPEWAD.asm	conflict	tape
MVSSRC.ET1102.F01	etc1102	FILE0001	TPF1D	57	identical-default	ibm/TPF/TPF1D.asm	duplicate-same	tape
MVSSRC.ET1102.F01	etc1102	FILE0001	TPIU0D	28	identical-default	ibm/TPI/TPIU0D.asm	duplicate-same	tape
MVSSRC.ET1102.F01	etc1102	FILE0001	TPLRQD	36	identical-default	ibm/TPL/TPLRQD.asm	duplicate-same	tape
MVSSRC.ET1102.F01	etc1102	FILE0001	TPROCD	32	identical-default	ibm/TPR/TPROCD.asm	duplicate-same	tape
MVSSRC.ET1102.F01	etc1102	FILE0001	TRDYD	41	identical-default	ibm/TRD/TRDYD.asm	duplicate-same	tape
MVSSRC.ET1102.F01	etc1102	FILE0001	TRECBD	22	identical-default	ibm/TRE/TRECBD.asm	duplicate-same	tape
MVSSRC.ET1102.F01	etc1102	FILE0001	TRQED	24	identical-elsewhere	variants/tape/etc1102/TRQED.asm	conflict	tape
MVSSRC.ET1102.F01	etc1102	FILE0001	TRSPD	328	identical-default	ibm/TRS/TRSPD.asm	duplicate-same	tape
MVSSRC.ET1102.F01	etc1102	FILE0001	TSATD	28	identical-default	ibm/TSA/TSATD.asm	duplicate-same	tape
MVSSRC.ET1102.F01	etc1102	FILE0001	TSBTD	50	identical-default	ibm/TSB/TSBTD.asm	duplicate-same	tape
MVSSRC.ET1102.F01	etc1102	FILE0001	TSCBD	519	identical-default	ibm/TSC/TSCBD.asm	duplicate-same	tape
MVSSRC.ET1102.F01	etc1102	FILE0001	TSOECDD	17	identical-default	ibm/TSO/TSOECDD.asm	duplicate-same	tape
MVSSRC.ET1102.F01	etc1102	FILE0001	TSTCBD	26	identical-default	ibm/TST/TSTCBD.asm	duplicate-same	tape
MVSSRC.ET1102.F01	etc1102	FILE0001	TSTMHD	73	identical-default	ibm/TST/TSTMHD.asm	duplicate-same	tape
MVSSRC.ET1102.F01	etc1102	FILE0001	TSTMHND	39	identical-default	ibm/TST/TSTMHND.asm	duplicate-same	tape
MVSSRC.ET1102.F01	etc1102	FILE0001	TTCBD	56	identical-default	ibm/TTC/TTCBD.asm	duplicate-same	tape
MVSSRC.ET1102.F01	etc1102	FILE0001	TTCDSD	81	identical-default	ibm/TTC/TTCDSD.asm	duplicate-same	tape
MVSSRC.ET1102.F01	etc1102	FILE0001	TTECB	16	identical-default	ibm/TTE/TTECB.asm	conflict	tape
MVSSRC.ET1102.F01	etc1102	FILE0001	TTPD	87	identical-elsewhere	variants/tape/etc1102/TTPD.asm	conflict	tape
MVSSRC.ET1102.F01	etc1102	FILE0001	TTSWD	206	identical-default	ibm/TTS/TTSWD.asm	duplicate-same	tape
MVSSRC.ET1102.F01	etc1102	FILE0001	TTTCD	65	identical-default	ibm/TTT/TTTCD.asm	duplicate-same	tape
MVSSRC.ET1102.F01	etc1102	FILE0001	TXALKD	23	identical-default	ibm/TXA/TXALKD.asm	duplicate-same	tape
MVSSRC.ET1102.F01	etc1102	FILE0001	TXALUD	21	identical-default	ibm/TXA/TXALUD.asm	duplicate-same	tape
MVSSRC.ET1102.F01	etc1102	FILE0001	TXAPUD	28	identical-default	ibm/TXA/TXAPUD.asm	duplicate-same	tape
MVSSRC.ET1102.F01	etc1102	FILE0001	TXBFLD	20	identical-default	ibm/TXB/TXBFLD.asm	duplicate-same	tape
MVSSRC.ET1102.F01	etc1102	FILE0001	TXCIND	62	identical-default	ibm/TXC/TXCIND.asm	duplicate-same	tape
MVSSRC.ET1102.F01	etc1102	FILE0001	TXCOND	23	identical-default	ibm/TXC/TXCOND.asm	duplicate-same	tape
MVSSRC.ET1102.F01	etc1102	FILE0001	TXCTDD	25	identical-default	ibm/TXC/TXCTDD.asm	duplicate-same	tape
MVSSRC.ET1102.F01	etc1102	FILE0001	TXCTMD	30	identical-default	ibm/TXC/TXCTMD.asm	duplicate-same	tape
MVSSRC.ET1102.F01	etc1102	FILE0001	TXDLKD	23	identical-default	ibm/TXD/TXDLKD.asm	duplicate-same	tape
MVSSRC.ET1102.F01	etc1102	FILE0001	TXDPUD	17	identical-default	ibm/TXD/TXDPUD.asm	duplicate-same	tape
MVSSRC.ET1102.F01	etc1102	FILE0001	TXDSCD	23	identical-default	ibm/TXD/TXDSCD.asm	duplicate-same	tape
MVSSRC.ET1102.F01	etc1102	FILE0001	TXEXTD	38	identical-default	ibm/TXE/TXEXTD.asm	duplicate-same	tape
MVSSRC.ET1102.F01	etc1102	FILE0001	TXNPLD	26	identical-default	ibm/TXN/TXNPLD.asm	duplicate-same	tape
MVSSRC.ET1102.F01	etc1102	FILE0001	TXNSPD	50	identical-default	ibm/TXN/TXNSPD.asm	duplicate-same	tape
MVSSRC.ET1102.F01	etc1102	FILE0001	TXRTDD	38	identical-default	ibm/TXR/TXRTDD.asm	conflict	tape
MVSSRC.ET1102.F01	etc1102	FILE0001	TXSEPD	17	identical-default	ibm/TXS/TXSEPD.asm	duplicate-same	tape
MVSSRC.ET1102.F01	etc1102	FILE0001	TXSNDD	18	identical-default	ibm/TXS/TXSNDD.asm	duplicate-same	tape
MVSSRC.ET1102.F01	etc1102	FILE0001	TXSNLD	26	identical-default	ibm/TXS/TXSNLD.asm	duplicate-same	tape
MVSSRC.ET1102.F01	etc1102	FILE0001	TXSNPD	17	identical-default	ibm/TXS/TXSNPD.asm	duplicate-same	tape
MVSSRC.ET1102.F01	etc1102	FILE0001	TXSSPD	27	identical-default	ibm/TXS/TXSSPD.asm	duplicate-same	tape
MVSSRC.ET1102.F01	etc1102	FILE0001	TXSSTD	18	identical-default	ibm/TXS/TXSSTD.asm	duplicate-same	tape
MVSSRC.ET1102.F01	etc1102	FILE0001	TXUNBD	17	identical-default	ibm/TXU/TXUNBD.asm	duplicate-same	tape
MVSSRC.ET1102.F02	etc1102	FILE0002	IEDAY1	1904	identical-default	ibm/IED/IEDAY1.asm	duplicate-same	tape
MVSSRC.ET1102.F02	etc1102	FILE0002	IEDAY2	96	identical-default	ibm/IED/IEDAY2.asm	duplicate-same	tape
MVSSRC.ET1102.F02	etc1102	FILE0002	IEDAY88	531	identical-default	ibm/IED/IEDAY88.asm	conflict	tape
MVSSRC.ET1102.F02	etc1102	FILE0002	IEDAYAA	880	identical-default	ibm/IED/IEDAYAA.asm	conflict	tape
MVSSRC.ET1102.F02	etc1102	FILE0002	IEDAYGP	1665	identical-default	ibm/IED/IEDAYGP.asm	duplicate-same	tape
MVSSRC.ET1102.F02	etc1102	FILE0002	IEDAYHH	252	identical-default	ibm/IED/IEDAYHH.asm	duplicate-same	tape
MVSSRC.ET1102.F02	etc1102	FILE0002	IEDAYII	1447	identical-default	ibm/IED/IEDAYII.asm	duplicate-same	tape
MVSSRC.ET1102.F02	etc1102	FILE0002	IEDAYLL	590	identical-default	ibm/IED/IEDAYLL.asm	conflict	tape
MVSSRC.ET1102.F02	etc1102	FILE0002	IEDAYOO	1338	identical-default	ibm/IED/IEDAYOO.asm	duplicate-same	tape
MVSSRC.ET1102.F02	etc1102	FILE0002	IEDAYQT	708	identical-default	ibm/IED/IEDAYQT.asm	conflict	tape
MVSSRC.ET1102.F02	etc1102	FILE0002	IGG09301	980	identical-default	ibm/IGG/IGG09301.asm	conflict	tape
MVSSRC.ET1102.F02	etc1102	FILE0002	IGG09302	1035	identical-default	ibm/IGG/IGG09302.asm	duplicate-same	tape
MVSSRC.ET1102.F02	etc1102	FILE0002	IGG09303	431	identical-default	ibm/IGG/IGG09303.asm	duplicate-same	tape
MVSSRC.ET1102.F02	etc1102	FILE0002	IGG09400	369	identical-default	ibm/IGG/IGG09400.asm	duplicate-same	tape
MVSSRC.ET1102.F02	etc1102	FILE0002	IGG09402	293	identical-default	ibm/IGG/IGG09402.asm	duplicate-same	tape
MVSSRC.ET1102.F02	etc1102	FILE0002	IGG09403	68	identical-default	ibm/IGG/IGG09403.asm	duplicate-same	tape
MVSSRC.ET1102.F02	etc1102	FILE0002	IGG09404	298	identical-default	ibm/IGG/IGG09404.asm	duplicate-same	tape
MVSSRC.ET1102.F02	etc1102	FILE0002	IGG09405	177	identical-default	ibm/IGG/IGG09405.asm	duplicate-same	tape
MVSSRC.ET1102.F02	etc1102	FILE0002	IGG09406	222	identical-default	ibm/IGG/IGG09406.asm	duplicate-same	tape
MVSSRC.ET1102.F02	etc1102	FILE0002	IGG09407	308	identical-default	ibm/IGG/IGG09407.asm	conflict	tape
MVSSRC.ET1102.F02	etc1102	FILE0002	IGG09408	390	identical-default	ibm/IGG/IGG09408.asm	duplicate-same	tape
MVSSRC.ET1102.F02	etc1102	FILE0002	IGG09409	235	identical-default	ibm/IGG/IGG09409.asm	duplicate-same	tape
MVSSRC.ET1102.F02	etc1102	FILE0002	IGG0940A	269	identical-default	ibm/IGG/IGG0940A.asm	conflict	tape
MVSSRC.ET1102.F02	etc1102	FILE0002	IGG0940B	178	identical-default	ibm/IGG/IGG0940B.asm	duplicate-same	tape
MVSSRC.ET1102.F02	etc1102	FILE0002	IGG0940C	241	identical-default	ibm/IGG/IGG0940C.asm	duplicate-same	tape
MVSSRC.ET1102.F02	etc1102	FILE0002	IGG0940D	181	identical-default	ibm/IGG/IGG0940D.asm	duplicate-same	tape
MVSSRC.ET1102.F02	etc1102	FILE0002	IGG0940E	232	identical-default	ibm/IGG/IGG0940E.asm	duplicate-same	tape
MVSSRC.ET1102.F02	etc1102	FILE0002	IGG0940G	228	identical-default	ibm/IGG/IGG0940G.asm	duplicate-same	tape
MVSSRC.ET1102.F02	etc1102	FILE0002	IGG0940H	451	identical-default	ibm/IGG/IGG0940H.asm	duplicate-same	tape
MVSSRC.ET1102.F02	etc1102	FILE0002	IGG09411	292	identical-default	ibm/IGG/IGG09411.asm	duplicate-same	tape
MVSSRC.ET1102.F02	etc1102	FILE0002	IGG09414	259	identical-default	ibm/IGG/IGG09414.asm	duplicate-same	tape
MVSSRC.ET1102.F03	etc1102	FILE0003	IEDAYA	502	identical-default	ibm/IED/IEDAYA.asm	conflict	tape
MVSSRC.ET1102.F03	etc1102	FILE0003	IEDAYAB	87	identical-default	ibm/IED/IEDAYAB.asm	duplicate-same	tape
MVSSRC.ET1102.F03	etc1102	FILE0003	IEDAYD	202	identical-elsewhere	variants/tape/etc1102/IEDAYD.asm	conflict	tape
MVSSRC.ET1102.F03	etc1102	FILE0003	IEDAYF	342	identical-elsewhere	variants/tape/etc1102/IEDAYF.asm;variants/tape/sym5/IEDAYF.asm	conflict	tape
MVSSRC.ET1102.F03	etc1102	FILE0003	IEDAYH	896	identical-default	ibm/IED/IEDAYH.asm	duplicate-same	tape
MVSSRC.ET1102.F03	etc1102	FILE0003	IEDAYI	1453	identical-default	ibm/IED/IEDAYI.asm	conflict	tape
MVSSRC.ET1102.F03	etc1102	FILE0003	IEDAYN	958	identical-default	ibm/IED/IEDAYN.asm	conflict	tape
MVSSRC.ET1102.F03	etc1102	FILE0003	IEDAYO	1959	identical-default	ibm/IED/IEDAYO.asm	conflict	tape
MVSSRC.ET1102.F03	etc1102	FILE0003	IEDAYP	364	identical-default	ibm/IED/IEDAYP.asm	conflict	tape
MVSSRC.ET1102.F03	etc1102	FILE0003	IEDAYQ	2135	identical-default	ibm/IED/IEDAYQ.asm	conflict	tape
MVSSRC.ET1102.F03	etc1102	FILE0003	IEDAYT	272	identical-default	ibm/IED/IEDAYT.asm	duplicate-same	tape
MVSSRC.ET1102.F03	etc1102	FILE0003	IEDAYV	1325	identical-default	ibm/IED/IEDAYV.asm	conflict	tape
MVSSRC.ET1102.F03	etc1102	FILE0003	IEDAYW	1733	identical-elsewhere	variants/tape/etc1102/IEDAYW.asm	conflict	tape
MVSSRC.ET1102.F03	etc1102	FILE0003	IEDAYX	97	identical-default	ibm/IED/IEDAYX.asm	duplicate-same	tape
MVSSRC.ET1102.F03	etc1102	FILE0003	IEDAYY	149	identical-default	ibm/IED/IEDAYY.asm	duplicate-same	tape
MVSSRC.ET1102.F03	etc1102	FILE0003	IEDAYZ	1697	identical-elsewhere	variants/tape/etc1102/IEDAYZ.asm	conflict	tape
MVSSRC.ET1102.F03	etc1102	FILE0003	IEDAYZZ	190	identical-default	ibm/IED/IEDAYZZ.asm	duplicate-same	tape
MVSSRC.ET1102.F03	etc1102	FILE0003	IEDBITN	3	identical-default	ibm/IED/IEDBITN.asm	conflict	tape
MVSSRC.ET1102.F03	etc1102	FILE0003	IEDFSSTB	2	identical-default	ibm/IED/IEDFSSTB.asm	conflict	tape
MVSSRC.ET1102.F03	etc1102	FILE0003	IEDIAU	28	identical-default	ibm/IED/IEDIAU.asm	conflict	tape
MVSSRC.ET1102.F03	etc1102	FILE0003	IEDKHISC	1245	identical-default	ibm/IED/IEDKHISC.asm	duplicate-same	tape
MVSSRC.ET1102.F03	etc1102	FILE0003	IEDN25	86	identical-default	ibm/IED/IEDN25.asm	duplicate-same	tape
MVSSRC.ET1102.F03	etc1102	FILE0003	IEDNID	1257	identical-default	ibm/IED/IEDNID.asm	conflict	tape
MVSSRC.ET1102.F03	etc1102	FILE0003	IEDNMG	118	identical-default	ibm/IED/IEDNMG.asm	duplicate-same	tape
MVSSRC.ET1102.F03	etc1102	FILE0003	IEDNTR	1089	identical-default	ibm/IED/IEDNTR.asm	conflict	tape
MVSSRC.ET1102.F03	etc1102	FILE0003	IEDOPTN	1135	identical-default	ibm/IED/IEDOPTN.asm	conflict	tape
MVSSRC.ET1102.F03	etc1102	FILE0003	IEDPCOUT	1648	identical-default	ibm/IED/IEDPCOUT.asm	conflict	tape
MVSSRC.ET1102.F03	etc1102	FILE0003	IEDQA0	269	identical-elsewhere	variants/tape/etc1102/IEDQA0.asm	conflict	tape
MVSSRC.ET1102.F03	etc1102	FILE0003	IEDQA2	301	identical-default	ibm/IED/IEDQA2.asm	duplicate-same	tape
MVSSRC.ET1102.F03	etc1102	FILE0003	IEDQA3	336	identical-elsewhere	variants/tape/etc1102/IEDQA3.asm;variants/tape/sym5/IEDQA3.asm	conflict	tape
MVSSRC.ET1102.F03	etc1102	FILE0003	IEDQA5	925	identical-default	ibm/IED/IEDQA5.asm	conflict	tape
MVSSRC.ET1102.F03	etc1102	FILE0003	IEDQA6	530	identical-default	ibm/IED/IEDQA6.asm	duplicate-same	tape
MVSSRC.ET1102.F03	etc1102	FILE0003	IEDQA7	146	identical-default	ibm/IED/IEDQA7.asm	duplicate-same	tape
MVSSRC.ET1102.F03	etc1102	FILE0003	IEDQA8	377	identical-default	ibm/IED/IEDQA8.asm	duplicate-same	tape
MVSSRC.ET1102.F03	etc1102	FILE0003	IEDQA9	234	identical-default	ibm/IED/IEDQA9.asm	duplicate-same	tape
MVSSRC.ET1102.F03	etc1102	FILE0003	IEDQAB	100	identical-default	ibm/IED/IEDQAB.asm	duplicate-same	tape
MVSSRC.ET1102.F03	etc1102	FILE0003	IEDQAC	266	identical-default	ibm/IED/IEDQAC.asm	duplicate-same	tape
MVSSRC.ET1102.F03	etc1102	FILE0003	IEDQAD	172	identical-default	ibm/IED/IEDQAD.asm	duplicate-same	tape
MVSSRC.ET1102.F03	etc1102	FILE0003	IEDQAF	588	identical-default	ibm/IED/IEDQAF.asm	duplicate-same	tape
MVSSRC.ET1102.F03	etc1102	FILE0003	IEDQAG	195	identical-default	ibm/IED/IEDQAG.asm	duplicate-same	tape
MVSSRC.ET1102.F03	etc1102	FILE0003	IEDQAH	263	identical-elsewhere	variants/tape/etc1102/IEDQAH.asm	conflict	tape
MVSSRC.ET1102.F03	etc1102	FILE0003	IEDQAI	635	identical-default	ibm/IED/IEDQAI.asm	conflict	tape
MVSSRC.ET1102.F03	etc1102	FILE0003	IEDQAJ	522	identical-default	ibm/IED/IEDQAJ.asm	duplicate-same	tape
MVSSRC.ET1102.F03	etc1102	FILE0003	IEDQAK	1083	identical-elsewhere	variants/tape/etc1102/IEDQAK.asm	conflict	tape
MVSSRC.ET1102.F03	etc1102	FILE0003	IEDQAL	156	identical-elsewhere	variants/tape/etc1102/IEDQAL.asm	conflict	tape
MVSSRC.ET1102.F03	etc1102	FILE0003	IEDQAN	1077	identical-default	ibm/IED/IEDQAN.asm	duplicate-same	tape
MVSSRC.ET1102.F03	etc1102	FILE0003	IEDQAO	279	identical-default	ibm/IED/IEDQAO.asm	duplicate-same	tape
MVSSRC.ET1102.F03	etc1102	FILE0003	IEDQAP	721	identical-default	ibm/IED/IEDQAP.asm	duplicate-same	tape
MVSSRC.ET1102.F03	etc1102	FILE0003	IEDQAQ	220	identical-default	ibm/IED/IEDQAQ.asm	conflict	tape
MVSSRC.ET1102.F03	etc1102	FILE0003	IEDQAR	123	identical-default	ibm/IED/IEDQAR.asm	duplicate-same	tape
MVSSRC.ET1102.F03	etc1102	FILE0003	IEDQAT	482	identical-elsewhere	variants/tape/etc1102/IEDQAT.asm	conflict	tape
MVSSRC.ET1102.F03	etc1102	FILE0003	IEDQATTN	125	identical-default	ibm/IED/IEDQATTN.asm	duplicate-same	tape
MVSSRC.ET1102.F03	etc1102	FILE0003	IEDQAU	640	identical-default	ibm/IED/IEDQAU.asm	conflict	tape
MVSSRC.ET1102.F03	etc1102	FILE0003	IEDQAW	428	identical-default	ibm/IED/IEDQAW.asm	duplicate-same	tape
MVSSRC.ET1102.F03	etc1102	FILE0003	IEDQAX	378	identical-default	ibm/IED/IEDQAX.asm	duplicate-same	tape
MVSSRC.ET1102.F03	etc1102	FILE0003	IEDQAZ	622	identical-elsewhere	variants/tape/etc1102/IEDQAZ.asm	conflict	tape
MVSSRC.ET1102.F03	etc1102	FILE0003	IEDQB1	144	identical-default	ibm/IED/IEDQB1.asm	duplicate-same	tape
MVSSRC.ET1102.F03	etc1102	FILE0003	IEDQB2	159	identical-default	ibm/IED/IEDQB2.asm	duplicate-same	tape
MVSSRC.ET1102.F03	etc1102	FILE0003	IEDQB3	305	identical-default	ibm/IED/IEDQB3.asm	duplicate-same	tape
MVSSRC.ET1102.F03	etc1102	FILE0003	IEDQB4	227	identical-elsewhere	variants/tape/etc1102/IEDQB4.asm	conflict	tape
MVSSRC.ET1102.F03	etc1102	FILE0003	IEDQB7	231	identical-default	ibm/IED/IEDQB7.asm	duplicate-same	tape
MVSSRC.ET1102.F03	etc1102	FILE0003	IEDQBA	451	identical-default	ibm/IED/IEDQBA.asm	duplicate-same	tape
MVSSRC.ET1102.F03	etc1102	FILE0003	IEDQBB	116	identical-default	ibm/IED/IEDQBB.asm	duplicate-same	tape
MVSSRC.ET1102.F03	etc1102	FILE0003	IEDQBC	238	identical-elsewhere	variants/tape/etc1102/IEDQBC.asm	conflict	tape
MVSSRC.ET1102.F03	etc1102	FILE0003	IEDQBE	218	identical-default	ibm/IED/IEDQBE.asm	duplicate-same	tape
MVSSRC.ET1102.F03	etc1102	FILE0003	IEDQBF	187	identical-default	ibm/IED/IEDQBF.asm	conflict	tape
MVSSRC.ET1102.F03	etc1102	FILE0003	IEDQBG	216	identical-default	ibm/IED/IEDQBG.asm	conflict	tape
MVSSRC.ET1102.F03	etc1102	FILE0003	IEDQBH	461	identical-elsewhere	variants/tape/etc1102/IEDQBH.asm	conflict	tape
MVSSRC.ET1102.F03	etc1102	FILE0003	IEDQBI	1457	identical-elsewhere	variants/tape/etc1102/IEDQBI.asm	conflict	tape
MVSSRC.ET1102.F03	etc1102	FILE0003	IEDQBJ	210	identical-elsewhere	variants/tape/etc1102/IEDQBJ.asm	conflict	tape
MVSSRC.ET1102.F03	etc1102	FILE0003	IEDQBN	333	identical-default	ibm/IED/IEDQBN.asm	duplicate-same	tape
MVSSRC.ET1102.F03	etc1102	FILE0003	IEDQBO	1413	identical-default	ibm/IED/IEDQBO.asm	conflict	tape
MVSSRC.ET1102.F03	etc1102	FILE0003	IEDQBP	339	identical-default	ibm/IED/IEDQBP.asm	duplicate-same	tape
MVSSRC.ET1102.F03	etc1102	FILE0003	IEDQBQ	792	identical-default	ibm/IED/IEDQBQ.asm	duplicate-same	tape
MVSSRC.ET1102.F03	etc1102	FILE0003	IEDQBR	196	identical-default	ibm/IED/IEDQBR.asm	duplicate-same	tape
MVSSRC.ET1102.F03	etc1102	FILE0003	IEDQBT	1211	identical-default	ibm/IED/IEDQBT.asm	conflict	tape
MVSSRC.ET1102.F03	etc1102	FILE0003	IEDQBU	546	identical-elsewhere	variants/tape/etc1102/IEDQBU.asm	conflict	tape
MVSSRC.ET1102.F03	etc1102	FILE0003	IEDQBUFF	313	identical-elsewhere	variants/tape/etc1102/IEDQBUFF.asm;variants/tape/sym5/IEDQBUFF.asm	conflict	tape
MVSSRC.ET1102.F03	etc1102	FILE0003	IEDQBV	390	identical-default	ibm/IED/IEDQBV.asm	duplicate-same	tape
MVSSRC.ET1102.F03	etc1102	FILE0003	IEDQBX	201	identical-default	ibm/IED/IEDQBX.asm	duplicate-same	tape
MVSSRC.ET1102.F03	etc1102	FILE0003	IEDQBY	107	identical-default	ibm/IED/IEDQBY.asm	duplicate-same	tape
MVSSRC.ET1102.F03	etc1102	FILE0003	IEDQBZ	341	identical-default	ibm/IED/IEDQBZ.asm	duplicate-same	tape
MVSSRC.ET1102.F03	etc1102	FILE0003	IEDQDA	147	identical-default	ibm/IED/IEDQDA.asm	duplicate-same	tape
MVSSRC.ET1102.F03	etc1102	FILE0003	IEDQE1	149	identical-default	ibm/IED/IEDQE1.asm	duplicate-same	tape
MVSSRC.ET1102.F03	etc1102	FILE0003	IEDQE2	146	identical-default	ibm/IED/IEDQE2.asm	duplicate-same	tape
MVSSRC.ET1102.F03	etc1102	FILE0003	IEDQE3	133	identical-default	ibm/IED/IEDQE3.asm	duplicate-same	tape
MVSSRC.ET1102.F03	etc1102	FILE0003	IEDQE4	136	identical-default	ibm/IED/IEDQE4.asm	duplicate-same	tape
MVSSRC.ET1102.F03	etc1102	FILE0003	IEDQE6	96	identical-default	ibm/IED/IEDQE6.asm	duplicate-same	tape
MVSSRC.ET1102.F03	etc1102	FILE0003	IEDQEC	1152	identical-elsewhere	variants/tape/etc1102/IEDQEC.asm	conflict	tape
MVSSRC.ET1102.F03	etc1102	FILE0003	IEDQES	209	identical-default	ibm/IED/IEDQES.asm	duplicate-same	tape
MVSSRC.ET1102.F03	etc1102	FILE0003	IEDQET	196	identical-default	ibm/IED/IEDQET.asm	duplicate-same	tape
MVSSRC.ET1102.F03	etc1102	FILE0003	IEDQEU	1699	identical-default	ibm/IED/IEDQEU.asm	conflict	tape
MVSSRC.ET1102.F03	etc1102	FILE0003	IEDQEW	2183	identical-default	ibm/IED/IEDQEW.asm	conflict	tape
MVSSRC.ET1102.F03	etc1102	FILE0003	IEDQFA	4	identical-default	ibm/IED/IEDQFA.asm	duplicate-same	tape
MVSSRC.ET1102.F03	etc1102	FILE0003	IEDQFA1	4	identical-default	ibm/IED/IEDQFA1.asm	duplicate-same	tape
MVSSRC.ET1102.F03	etc1102	FILE0003	IEDQFA2	4	identical-default	ibm/IED/IEDQFA2.asm	duplicate-same	tape
MVSSRC.ET1102.F03	etc1102	FILE0003	IEDQFE	116	identical-default	ibm/IED/IEDQFE.asm	duplicate-same	tape
MVSSRC.ET1102.F03	etc1102	FILE0003	IEDQFE10	283	identical-default	ibm/IED/IEDQFE10.asm	conflict	tape
MVSSRC.ET1102.F03	etc1102	FILE0003	IEDQFE20	272	identical-default	ibm/IED/IEDQFE20.asm	conflict	tape
MVSSRC.ET1102.F03	etc1102	FILE0003	IEDQFE30	548	identical-default	ibm/IED/IEDQFE30.asm	conflict	tape
MVSSRC.ET1102.F03	etc1102	FILE0003	IEDQFSC	403	identical-default	ibm/IED/IEDQFSC.asm	conflict	tape
MVSSRC.ET1102.F03	etc1102	FILE0003	IEDQGA	1547	identical-default	ibm/IED/IEDQGA.asm	conflict	tape
MVSSRC.ET1102.F03	etc1102	FILE0003	IEDQGH	1291	identical-default	ibm/IED/IEDQGH.asm	duplicate-same	tape
MVSSRC.ET1102.F03	etc1102	FILE0003	IEDQGP	484	identical-default	ibm/IED/IEDQGP.asm	duplicate-same	tape
MVSSRC.ET1102.F03	etc1102	FILE0003	IEDQGQ	825	identical-default	ibm/IED/IEDQGQ.asm	conflict	tape
MVSSRC.ET1102.F03	etc1102	FILE0003	IEDQGR	149	identical-default	ibm/IED/IEDQGR.asm	duplicate-same	tape
MVSSRC.ET1102.F03	etc1102	FILE0003	IEDQGT	776	identical-elsewhere	variants/tape/etc1102/IEDQGT.asm	conflict	tape
MVSSRC.ET1102.F03	etc1102	FILE0003	IEDQHI	506	identical-default	ibm/IED/IEDQHI.asm	duplicate-same	tape
MVSSRC.ET1102.F03	etc1102	FILE0003	IEDQHK	972	identical-default	ibm/IED/IEDQHK.asm	conflict	tape
MVSSRC.ET1102.F03	etc1102	FILE0003	IEDQKA	4	identical-default	ibm/IED/IEDQKA.asm	duplicate-same	tape
MVSSRC.ET1102.F03	etc1102	FILE0003	IEDQKB	4	identical-default	ibm/IED/IEDQKB.asm	duplicate-same	tape
MVSSRC.ET1102.F03	etc1102	FILE0003	IEDQKC	4	identical-default	ibm/IED/IEDQKC.asm	duplicate-same	tape
MVSSRC.ET1102.F03	etc1102	FILE0003	IEDQKD	4	identical-default	ibm/IED/IEDQKD.asm	duplicate-same	tape
MVSSRC.ET1102.F03	etc1102	FILE0003	IEDQKE	4	identical-default	ibm/IED/IEDQKE.asm	duplicate-same	tape
MVSSRC.ET1102.F03	etc1102	FILE0003	IEDQNA	144	identical-default	ibm/IED/IEDQNA.asm	duplicate-same	tape
MVSSRC.ET1102.F03	etc1102	FILE0003	IEDQNA2	336	identical-default	ibm/IED/IEDQNA2.asm	conflict	tape
MVSSRC.ET1102.F03	etc1102	FILE0003	IEDQNB	357	identical-default	ibm/IED/IEDQNB.asm	duplicate-same	tape
MVSSRC.ET1102.F03	etc1102	FILE0003	IEDQNJ	437	identical-default	ibm/IED/IEDQNJ.asm	conflict	tape
MVSSRC.ET1102.F03	etc1102	FILE0003	IEDQNM	341	identical-elsewhere	variants/tape/etc1102/IEDQNM.asm	conflict	tape
MVSSRC.ET1102.F03	etc1102	FILE0003	IEDQNO	223	identical-elsewhere	variants/tape/etc1102/IEDQNO.asm	conflict	tape
MVSSRC.ET1102.F03	etc1102	FILE0003	IEDQNP	399	identical-default	ibm/IED/IEDQNP.asm	duplicate-same	tape
MVSSRC.ET1102.F03	etc1102	FILE0003	IEDQNQ	504	identical-elsewhere	variants/tape/etc1102/IEDQNQ.asm	conflict	tape
MVSSRC.ET1102.F03	etc1102	FILE0003	IEDQNR	155	identical-default	ibm/IED/IEDQNR.asm	duplicate-same	tape
MVSSRC.ET1102.F03	etc1102	FILE0003	IEDQNS	217	identical-elsewhere	variants/tape/etc1102/IEDQNS.asm;variants/tape/sym5/IEDQNS.asm	conflict	tape
MVSSRC.ET1102.F03	etc1102	FILE0003	IEDQNT	2184	identical-default	ibm/IED/IEDQNT.asm	duplicate-same	tape
MVSSRC.ET1102.F03	etc1102	FILE0003	IEDQNU	3372	identical-default	ibm/IED/IEDQNU.asm	duplicate-same	tape
MVSSRC.ET1102.F03	etc1102	FILE0003	IEDQNV	2336	identical-default	ibm/IED/IEDQNV.asm	duplicate-same	tape
MVSSRC.ET1102.F03	etc1102	FILE0003	IEDQNW	840	identical-default	ibm/IED/IEDQNW.asm	duplicate-same	tape
MVSSRC.ET1102.F03	etc1102	FILE0003	IEDQOT01	1196	identical-default	ibm/IED/IEDQOT01.asm	conflict	tape
MVSSRC.ET1102.F03	etc1102	FILE0003	IEDQSBT	621	identical-default	ibm/IED/IEDQSBT.asm	duplicate-same	tape
MVSSRC.ET1102.F03	etc1102	FILE0003	IEDQTL	169	identical-default	ibm/IED/IEDQTL.asm	duplicate-same	tape
MVSSRC.ET1102.F03	etc1102	FILE0003	IEDQUI	237	identical-default	ibm/IED/IEDQUI.asm	duplicate-same	tape
MVSSRC.ET1102.F03	etc1102	FILE0003	IEDQWA1	5090	identical-default	ibm/IED/IEDQWA1.asm	conflict	tape
MVSSRC.ET1102.F03	etc1102	FILE0003	IEDQWAA	220	identical-default	ibm/IED/IEDQWAA.asm	duplicate-same	tape
MVSSRC.ET1102.F03	etc1102	FILE0003	IEDQWAB	176	identical-default	ibm/IED/IEDQWAB.asm	duplicate-same	tape
MVSSRC.ET1102.F03	etc1102	FILE0003	IEDQWAC	1046	identical-default	ibm/IED/IEDQWAC.asm	duplicate-same	tape
MVSSRC.ET1102.F03	etc1102	FILE0003	IEDQWAJ	835	identical-default	ibm/IED/IEDQWAJ.asm	duplicate-same	tape
MVSSRC.ET1102.F04	etc1102	FILE0004	IED1303D	231	identical-default	ibm/IED/IED1303D.asm	duplicate-same	tape
MVSSRC.ET1102.F04	etc1102	FILE0004	IEDQ10	41	identical-default	ibm/IED/IEDQ10.asm	duplicate-same	tape
MVSSRC.ET1102.F04	etc1102	FILE0004	IEDQ11	41	identical-default	ibm/IED/IEDQ11.asm	duplicate-same	tape
MVSSRC.ET1102.F04	etc1102	FILE0004	IEDQ12	41	identical-default	ibm/IED/IEDQ12.asm	duplicate-same	tape
MVSSRC.ET1102.F04	etc1102	FILE0004	IEDQ13	41	identical-default	ibm/IED/IEDQ13.asm	duplicate-same	tape
MVSSRC.ET1102.F04	etc1102	FILE0004	IEDQ14	44	identical-default	ibm/IED/IEDQ14.asm	duplicate-same	tape
MVSSRC.ET1102.F04	etc1102	FILE0004	IEDQ16	41	identical-default	ibm/IED/IEDQ16.asm	duplicate-same	tape
MVSSRC.ET1102.F04	etc1102	FILE0004	IEDQ17	41	identical-default	ibm/IED/IEDQ17.asm	duplicate-same	tape
MVSSRC.ET1102.F04	etc1102	FILE0004	IEDQ18	41	identical-default	ibm/IED/IEDQ18.asm	duplicate-same	tape
MVSSRC.ET1102.F04	etc1102	FILE0004	IEDQ19	41	identical-default	ibm/IED/IEDQ19.asm	duplicate-same	tape
MVSSRC.ET1102.F04	etc1102	FILE0004	IEDQ20	58	identical-default	ibm/IED/IEDQ20.asm	duplicate-same	tape
MVSSRC.ET1102.F04	etc1102	FILE0004	IEDQ21	41	identical-default	ibm/IED/IEDQ21.asm	duplicate-same	tape
MVSSRC.ET1102.F04	etc1102	FILE0004	IEDQ22	41	identical-default	ibm/IED/IEDQ22.asm	duplicate-same	tape
MVSSRC.ET1102.F04	etc1102	FILE0004	IEDQ23	41	identical-default	ibm/IED/IEDQ23.asm	duplicate-same	tape
MVSSRC.ET1102.F04	etc1102	FILE0004	IEDQ24	41	identical-default	ibm/IED/IEDQ24.asm	duplicate-same	tape
MVSSRC.ET1102.F04	etc1102	FILE0004	IEDQ25	6	identical-default	ibm/IED/IEDQ25.asm	duplicate-same	tape
MVSSRC.ET1102.F04	etc1102	FILE0004	IEDQ26	40	identical-default	ibm/IED/IEDQ26.asm	duplicate-same	tape
MVSSRC.ET1102.F04	etc1102	FILE0004	IEDQ27	41	identical-default	ibm/IED/IEDQ27.asm	duplicate-same	tape
MVSSRC.ET1102.F04	etc1102	FILE0004	IEDQ28	40	identical-default	ibm/IED/IEDQ28.asm	duplicate-same	tape
MVSSRC.ET1102.F04	etc1102	FILE0004	IEDQW25	3298	identical-default	ibm/IED/IEDQW25.asm	conflict	tape
MVSSRC.ET1102.F04	etc1102	FILE0004	IEDQW33	3648	identical-default	ibm/IED/IEDQW33.asm	duplicate-same	tape
MVSSRC.ET1102.F04	etc1102	FILE0004	IEDQW42	435	identical-default	ibm/IED/IEDQW42.asm	duplicate-same	tape
MVSSRC.ET1102.F04	etc1102	FILE0004	IEDQW44	498	identical-default	ibm/IED/IEDQW44.asm	duplicate-same	tape
MVSSRC.ET1102.F04	etc1102	FILE0004	IEDQW47	497	identical-default	ibm/IED/IEDQW47.asm	duplicate-same	tape
MVSSRC.ET1102.F04	etc1102	FILE0004	IEDQWB1	756	identical-default	ibm/IED/IEDQWB1.asm	conflict	tape
MVSSRC.ET1102.F04	etc1102	FILE0004	IEDQWB2	1081	identical-default	ibm/IED/IEDQWB2.asm	conflict	tape
MVSSRC.ET1102.F04	etc1102	FILE0004	IEDQWC2	1035	identical-default	ibm/IED/IEDQWC2.asm	duplicate-same	tape
MVSSRC.ET1102.F04	etc1102	FILE0004	IEDQWE	1247	identical-default	ibm/IED/IEDQWE.asm	duplicate-same	tape
MVSSRC.ET1102.F04	etc1102	FILE0004	IEDQWE2	1398	identical-default	ibm/IED/IEDQWE2.asm	conflict	tape
MVSSRC.ET1102.F04	etc1102	FILE0004	IEDQWEC	371	identical-default	ibm/IED/IEDQWEC.asm	duplicate-same	tape
MVSSRC.ET1102.F04	etc1102	FILE0004	IEDQWF	146	identical-default	ibm/IED/IEDQWF.asm	conflict	tape
MVSSRC.ET1102.F04	etc1102	FILE0004	IEDQWF1	1073	identical-default	ibm/IED/IEDQWF1.asm	duplicate-same	tape
MVSSRC.ET1102.F04	etc1102	FILE0004	IEDQWH	356	identical-default	ibm/IED/IEDQWH.asm	duplicate-same	tape
MVSSRC.ET1102.F04	etc1102	FILE0004	IEDQWI	437	identical-default	ibm/IED/IEDQWI.asm	duplicate-same	tape
MVSSRC.ET1102.F04	etc1102	FILE0004	IEDQWI5U	341	identical-default	ibm/IED/IEDQWI5U.asm	duplicate-same	tape
MVSSRC.ET1102.F04	etc1102	FILE0004	IEDQWI7	201	identical-default	ibm/IED/IEDQWI7.asm	duplicate-same	tape
MVSSRC.ET1102.F04	etc1102	FILE0004	IEDQWI9	893	identical-default	ibm/IED/IEDQWI9.asm	conflict	tape
MVSSRC.ET1102.F04	etc1102	FILE0004	IEDQWIA	824	identical-default	ibm/IED/IEDQWIA.asm	conflict	tape
MVSSRC.ET1102.F04	etc1102	FILE0004	IEDQWID	504	identical-default	ibm/IED/IEDQWID.asm	duplicate-same	tape
MVSSRC.ET1102.F04	etc1102	FILE0004	IEDQWIE	1139	identical-default	ibm/IED/IEDQWIE.asm	duplicate-same	tape
MVSSRC.ET1102.F04	etc1102	FILE0004	IEDQWJ1	1062	identical-default	ibm/IED/IEDQWJ1.asm	duplicate-same	tape
MVSSRC.ET1102.F04	etc1102	FILE0004	IEDQWK	505	identical-default	ibm/IED/IEDQWK.asm	duplicate-same	tape
MVSSRC.ET1102.F04	etc1102	FILE0004	IEDQWL	403	identical-default	ibm/IED/IEDQWL.asm	duplicate-same	tape
MVSSRC.ET1102.F04	etc1102	FILE0004	IEDQWL1	383	identical-default	ibm/IED/IEDQWL1.asm	duplicate-same	tape
MVSSRC.ET1102.F04	etc1102	FILE0004	IEDQWL2	312	identical-default	ibm/IED/IEDQWL2.asm	duplicate-same	tape
MVSSRC.ET1102.F04	etc1102	FILE0004	IEDQWM2	520	identical-default	ibm/IED/IEDQWM2.asm	duplicate-same	tape
MVSSRC.ET1102.F04	etc1102	FILE0004	IEDQWN	1561	identical-default	ibm/IED/IEDQWN.asm	duplicate-same	tape
MVSSRC.ET1102.F04	etc1102	FILE0004	IEDQWO	4389	identical-default	ibm/IED/IEDQWO.asm	conflict	tape
MVSSRC.ET1102.F04	etc1102	FILE0004	IEDQWP	628	identical-default	ibm/IED/IEDQWP.asm	duplicate-same	tape
MVSSRC.ET1102.F04	etc1102	FILE0004	IEDQWP1	549	identical-default	ibm/IED/IEDQWP1.asm	duplicate-same	tape
MVSSRC.ET1102.F04	etc1102	FILE0004	IEDQWP2	539	identical-default	ibm/IED/IEDQWP2.asm	duplicate-same	tape
MVSSRC.ET1102.F04	etc1102	FILE0004	IEDQWQ	704	identical-default	ibm/IED/IEDQWQ.asm	duplicate-same	tape
MVSSRC.ET1102.F04	etc1102	FILE0004	IEDQWR	592	identical-default	ibm/IED/IEDQWR.asm	duplicate-same	tape
MVSSRC.ET1102.F04	etc1102	FILE0004	IEDQWS	1078	identical-default	ibm/IED/IEDQWS.asm	duplicate-same	tape
MVSSRC.ET1102.F04	etc1102	FILE0004	IEDQWX	291	identical-default	ibm/IED/IEDQWX.asm	duplicate-same	tape
MVSSRC.ET1102.F04	etc1102	FILE0004	IEDQWY	460	identical-default	ibm/IED/IEDQWY.asm	duplicate-same	tape
MVSSRC.ET1102.F04	etc1102	FILE0004	IEDQXA	1129	identical-default	ibm/IED/IEDQXA.asm	duplicate-same	tape
MVSSRC.ET1102.F04	etc1102	FILE0004	IEDQXC	1362	identical-elsewhere	variants/tape/etc1102/IEDQXC.asm	conflict	tape
MVSSRC.ET1102.F04	etc1102	FILE0004	IEDSAO	2105	identical-default	ibm/IED/IEDSAO.asm	conflict	tape
MVSSRC.ET1102.F04	etc1102	FILE0004	IEDSNS	1025	identical-default	ibm/IED/IEDSNS.asm	duplicate-same	tape
MVSSRC.ET1102.F04	etc1102	FILE0004	IEDUNBND	1645	identical-default	ibm/IED/IEDUNBND.asm	duplicate-same	tape
MVSSRC.ET1102.F04	etc1102	FILE0004	IEDUSSTB	2	identical-elsewhere	variants/tape/etc1102/IEDUSSTB.asm	conflict	tape
MVSSRC.ET1102.F04	etc1102	FILE0004	IEDXFMI	520	identical-default	ibm/IED/IEDXFMI.asm	conflict	tape
MVSSRC.ET1102.F04	etc1102	FILE0004	IGCA810D	1589	identical-default	ibm/IGC/IGCA810D.asm	conflict	tape
MVSSRC.ET1102.F04	etc1102	FILE0004	IGCD110D	328	identical-default	ibm/IGC/IGCD110D.asm	duplicate-same	tape
MVSSRC.ET1102.F04	etc1102	FILE0004	IGCD710D	258	identical-elsewhere	variants/tape/etc1102/IGCD710D.asm	conflict	tape
MVSSRC.ET1102.F04	etc1102	FILE0004	IGCD810D	454	identical-elsewhere	variants/tape/etc1102/IGCD810D.asm	conflict	tape
MVSSRC.ET1102.F04	etc1102	FILE0004	IGCDC10D	1998	identical-default	ibm/IGC/IGCDC10D.asm	conflict	tape
MVSSRC.ET1102.F04	etc1102	FILE0004	IGCFF10D	2615	identical-elsewhere	variants/tape/etc1102/IGCFF10D.asm	conflict	tape
MVSSRC.ET1102.F04	etc1102	FILE0004	IGCFK10D	1275	identical-elsewhere	variants/tape/etc1102/IGCFK10D.asm	conflict	tape
MVSSRC.ET1102.F04	etc1102	FILE0004	IGCFQ10D	2545	identical-elsewhere	variants/tape/etc1102/IGCFQ10D.asm	conflict	tape
MVSSRC.ET1102.F04	etc1102	FILE0004	IGCI010D	745	identical-default	ibm/IGC/IGCI010D.asm	conflict	tape
MVSSRC.ET1102.F04	etc1102	FILE0004	IGCI110D	484	identical-default	ibm/IGC/IGCI110D.asm	duplicate-same	tape
MVSSRC.ET1102.F04	etc1102	FILE0004	IGCI210D	2090	identical-elsewhere	variants/tape/etc1102/IGCI210D.asm	conflict	tape
MVSSRC.ET1102.F04	etc1102	FILE0004	IGCI310D	1723	identical-elsewhere	variants/tape/etc1102/IGCI310D.asm	conflict	tape
MVSSRC.ET1102.F04	etc1102	FILE0004	IGCM110D	416	identical-default	ibm/IGC/IGCM110D.asm	duplicate-same	tape
MVSSRC.ET1102.F04	etc1102	FILE0004	IGCM210D	367	identical-elsewhere	variants/tape/etc1102/IGCM210D.asm	conflict	tape
MVSSRC.ET1102.F04	etc1102	FILE0004	IGCM310D	1115	identical-elsewhere	variants/tape/etc1102/IGCM310D.asm	conflict	tape
MVSSRC.ET1102.F04	etc1102	FILE0004	IGCM510D	400	identical-default	ibm/IGC/IGCM510D.asm	conflict	tape
MVSSRC.ET1102.F04	etc1102	FILE0004	IGCM610D	589	identical-default	ibm/IGC/IGCM610D.asm	conflict	tape
MVSSRC.ET1102.F04	etc1102	FILE0004	IGCM910D	548	identical-default	ibm/IGC/IGCM910D.asm	conflict	tape
MVSSRC.ET1102.F04	etc1102	FILE0004	IGCMA10D	489	identical-default	ibm/IGC/IGCMA10D.asm	duplicate-same	tape
MVSSRC.ET1102.F04	etc1102	FILE0004	IGCMD10D	755	identical-elsewhere	variants/tape/etc1102/IGCMD10D.asm;variants/tape/sym5/IGCMD10D.asm	conflict	tape
MVSSRC.ET1102.F04	etc1102	FILE0004	IGCME10D	803	identical-elsewhere	variants/tape/etc1102/IGCME10D.asm;variants/tape/sym5/IGCME10D.asm	conflict	tape
MVSSRC.ET1102.F04	etc1102	FILE0004	IGCMF10D	874	identical-default	ibm/IGC/IGCMF10D.asm	duplicate-same	tape
MVSSRC.ET1102.F04	etc1102	FILE0004	IGCMP10D	2565	identical-default	ibm/IGC/IGCMP10D.asm	conflict	tape
MVSSRC.ET1102.F04	etc1102	FILE0004	IGCMR10D	1584	identical-elsewhere	variants/tape/etc1102/IGCMR10D.asm	conflict	tape
MVSSRC.ET1102.F04	etc1102	FILE0004	IGCMU10D	1531	identical-elsewhere	variants/tape/etc1102/IGCMU10D.asm	conflict	tape
MVSSRC.ET1102.F04	etc1102	FILE0004	IGCMV10D	2671	identical-default	ibm/IGC/IGCMV10D.asm	duplicate-same	tape
MVSSRC.ET1102.F04	etc1102	FILE0004	IGCN010D	1638	identical-elsewhere	variants/tape/etc1102/IGCN010D.asm	conflict	tape
MVSSRC.ET1102.F04	etc1102	FILE0004	IGCT010D	2205	identical-elsewhere	variants/tape/etc1102/IGCT010D.asm	conflict	tape
MVSSRC.ET1102.F04	etc1102	FILE0004	IGCT110D	1860	identical-elsewhere	variants/tape/etc1102/IGCT110D.asm	conflict	tape
MVSSRC.ET1102.F05	etc1102	FILE0005	IGC0110D	623	identical-default	ibm/IGC/IGC0110D.asm	conflict	tape
MVSSRC.ET1102.F05	etc1102	FILE0005	IGC0310D	383	identical-default	ibm/IGC/IGC0310D.asm	duplicate-same	tape
MVSSRC.ET1102.F05	etc1102	FILE0005	IGC0410D	317	identical-elsewhere	variants/tape/etc1102/IGC0410D.asm	conflict	tape
MVSSRC.ET1102.F05	etc1102	FILE0005	IGC0510D	351	identical-default	ibm/IGC/IGC0510D.asm	duplicate-same	tape
MVSSRC.ET1102.F05	etc1102	FILE0005	IGC0710D	739	identical-default	ibm/IGC/IGC0710D.asm	conflict	tape
MVSSRC.ET1102.F05	etc1102	FILE0005	IGC0810D	289	identical-default	ibm/IGC/IGC0810D.asm	duplicate-same	tape
MVSSRC.ET1102.F05	etc1102	FILE0005	IGC0910D	337	identical-default	ibm/IGC/IGC0910D.asm	conflict	tape
MVSSRC.ET1102.F05	etc1102	FILE0005	IGC0D10D	1275	identical-default	ibm/IGC/IGC0D10D.asm	duplicate-same	tape
MVSSRC.ET1102.F05	etc1102	FILE0005	IGC0E10D	1384	identical-default	ibm/IGC/IGC0E10D.asm	duplicate-same	tape
MVSSRC.ET1102.F05	etc1102	FILE0005	IGC0G10D	1109	identical-default	ibm/IGC/IGC0G10D.asm	duplicate-same	tape
MVSSRC.ET1102.F05	etc1102	FILE0005	IGC0J05B	490	identical-default	ibm/IGC/IGC0J05B.asm	conflict	tape
MVSSRC.ET1102.F05	etc1102	FILE0005	IGC0N10D	908	identical-elsewhere	variants/tape/etc1102/IGC0N10D.asm	conflict	tape
MVSSRC.ET1102.F05	etc1102	FILE0005	IGCT210D	2400	identical-default	ibm/IGC/IGCT210D.asm	duplicate-same	tape
MVSSRC.ET1102.F05	etc1102	FILE0005	IGCV110D	764	identical-default	ibm/IGC/IGCV110D.asm	conflict	tape
MVSSRC.ET1102.F05	etc1102	FILE0005	IGCV310D	542	identical-elsewhere	variants/tape/etc1102/IGCV310D.asm	conflict	tape
MVSSRC.ET1102.F05	etc1102	FILE0005	IGCV410D	549	identical-default	ibm/IGC/IGCV410D.asm	conflict	tape
MVSSRC.ET1102.F05	etc1102	FILE0005	IGCV510D	496	identical-default	ibm/IGC/IGCV510D.asm	conflict	tape
MVSSRC.ET1102.F05	etc1102	FILE0005	IGCV610D	496	identical-default	ibm/IGC/IGCV610D.asm	conflict	tape
MVSSRC.ET1102.F05	etc1102	FILE0005	IGCV710D	363	identical-elsewhere	variants/tape/etc1102/IGCV710D.asm;variants/tape/sym5/IGCV710D.asm	conflict	tape
MVSSRC.ET1102.F05	etc1102	FILE0005	IGCV810D	3232	identical-default	ibm/IGC/IGCV810D.asm	conflict	tape
MVSSRC.ET1102.F05	etc1102	FILE0005	IGCVG10D	1664	identical-elsewhere	variants/tape/etc1102/IGCVG10D.asm	conflict	tape
MVSSRC.ET1102.F05	etc1102	FILE0005	IGCVI10D	3412	identical-elsewhere	variants/tape/etc1102/IGCVI10D.asm	conflict	tape
MVSSRC.ET1102.F05	etc1102	FILE0005	IGCZ110D	778	identical-default	ibm/IGC/IGCZ110D.asm	conflict	tape
MVSSRC.ET1102.F05	etc1102	FILE0005	IGE0004G	824	identical-default	ibm/IGE/IGE0004G.asm	duplicate-same	tape
MVSSRC.ET1102.F05	etc1102	FILE0005	IGE0004H	802	identical-default	ibm/IGE/IGE0004H.asm	duplicate-same	tape
MVSSRC.ET1102.F05	etc1102	FILE0005	IGE0004I	4037	identical-default	ibm/IGE/IGE0004I.asm	conflict	tape
MVSSRC.ET1102.F05	etc1102	FILE0005	IGE0104G	639	identical-default	ibm/IGE/IGE0104G.asm	conflict	tape
MVSSRC.ET1102.F05	etc1102	FILE0005	IGE0104H	537	identical-default	ibm/IGE/IGE0104H.asm	duplicate-same	tape
MVSSRC.ET1102.F05	etc1102	FILE0005	IGE0204G	492	identical-default	ibm/IGE/IGE0204G.asm	conflict	tape
MVSSRC.ET1102.F05	etc1102	FILE0005	IGE0204H	553	identical-default	ibm/IGE/IGE0204H.asm	conflict	tape
MVSSRC.ET1102.F05	etc1102	FILE0005	IGE0304G	340	identical-default	ibm/IGE/IGE0304G.asm	duplicate-same	tape
MVSSRC.ET1102.F05	etc1102	FILE0005	IGE0404G	340	identical-default	ibm/IGE/IGE0404G.asm	conflict	tape
MVSSRC.ET1102.F05	etc1102	FILE0005	IGE0404H	529	identical-default	ibm/IGE/IGE0404H.asm	duplicate-same	tape
MVSSRC.ET1102.F05	etc1102	FILE0005	IGE0504G	719	identical-default	ibm/IGE/IGE0504G.asm	conflict	tape
MVSSRC.ET1102.F05	etc1102	FILE0005	IGE0504H	665	identical-default	ibm/IGE/IGE0504H.asm	conflict	tape
MVSSRC.ET1102.F05	etc1102	FILE0005	IGE0604G	407	identical-default	ibm/IGE/IGE0604G.asm	conflict	tape
MVSSRC.ET1102.F05	etc1102	FILE0005	IGE0804G	480	identical-default	ibm/IGE/IGE0804G.asm	duplicate-same	tape
MVSSRC.ET1102.F05	etc1102	FILE0005	IGE0804H	105	identical-default	ibm/IGE/IGE0804H.asm	duplicate-same	tape
MVSSRC.ET1102.F05	etc1102	FILE0005	IGE0904G	203	identical-default	ibm/IGE/IGE0904G.asm	duplicate-same	tape
MVSSRC.ET1102.F05	etc1102	FILE0005	IGE0904H	562	identical-default	ibm/IGE/IGE0904H.asm	duplicate-same	tape
MVSSRC.ET1102.F05	etc1102	FILE0005	IGG01930	593	identical-default	ibm/IGG/IGG01930.asm	duplicate-same	tape
MVSSRC.ET1102.F05	etc1102	FILE0005	IGG01931	910	identical-default	ibm/IGG/IGG01931.asm	conflict	tape
MVSSRC.ET1102.F05	etc1102	FILE0005	IGG01933	700	identical-default	ibm/IGG/IGG01933.asm	duplicate-same	tape
MVSSRC.ET1102.F05	etc1102	FILE0005	IGG01934	584	identical-default	ibm/IGG/IGG01934.asm	conflict	tape
MVSSRC.ET1102.F05	etc1102	FILE0005	IGG01936	1155	identical-default	ibm/IGG/IGG01936.asm	conflict	tape
MVSSRC.ET1102.F05	etc1102	FILE0005	IGG01937	609	identical-default	ibm/IGG/IGG01937.asm	duplicate-same	tape
MVSSRC.ET1102.F05	etc1102	FILE0005	IGG01938	782	identical-default	ibm/IGG/IGG01938.asm	duplicate-same	tape
MVSSRC.ET1102.F05	etc1102	FILE0005	IGG01939	594	identical-default	ibm/IGG/IGG01939.asm	duplicate-same	tape
MVSSRC.ET1102.F05	etc1102	FILE0005	IGG01940	531	identical-default	ibm/IGG/IGG01940.asm	duplicate-same	tape
MVSSRC.ET1102.F05	etc1102	FILE0005	IGG01942	600	identical-default	ibm/IGG/IGG01942.asm	conflict	tape
MVSSRC.ET1102.F05	etc1102	FILE0005	IGG01945	400	identical-default	ibm/IGG/IGG01945.asm	duplicate-same	tape
MVSSRC.ET1102.F05	etc1102	FILE0005	IGG01946	800	identical-default	ibm/IGG/IGG01946.asm	conflict	tape
MVSSRC.ET1102.F05	etc1102	FILE0005	IGG01948	557	identical-default	ibm/IGG/IGG01948.asm	conflict	tape
MVSSRC.ET1102.F05	etc1102	FILE0005	IGG0194B	386	identical-default	ibm/IGG/IGG0194B.asm	duplicate-same	tape
MVSSRC.ET1102.F05	etc1102	FILE0005	IGG0198B	3546	identical-default	ibm/IGG/IGG0198B.asm	duplicate-same	tape
MVSSRC.ET1102.F05	etc1102	FILE0005	IGG0198D	2847	identical-default	ibm/IGG/IGG0198D.asm	conflict	tape
MVSSRC.ET1102.F05	etc1102	FILE0005	IGG019EM	49	identical-default	ibm/IGG/IGG019EM.asm	duplicate-same	tape
MVSSRC.ET1102.F05	etc1102	FILE0005	IGG019Q0	1289	identical-default	ibm/IGG/IGG019Q0.asm	conflict	tape
MVSSRC.ET1102.F05	etc1102	FILE0005	IGG019Q1	617	identical-default	ibm/IGG/IGG019Q1.asm	conflict	tape
MVSSRC.ET1102.F05	etc1102	FILE0005	IGG019Q2	4	identical-default	ibm/IGG/IGG019Q2.asm	duplicate-same	tape
MVSSRC.ET1102.F05	etc1102	FILE0005	IGG019Q3	4	identical-default	ibm/IGG/IGG019Q3.asm	duplicate-same	tape
MVSSRC.ET1102.F05	etc1102	FILE0005	IGG019Q4	4	identical-default	ibm/IGG/IGG019Q4.asm	duplicate-same	tape
MVSSRC.ET1102.F05	etc1102	FILE0005	IGG019Q5	4	identical-default	ibm/IGG/IGG019Q5.asm	duplicate-same	tape
MVSSRC.ET1102.F05	etc1102	FILE0005	IGG019Q6	4	identical-default	ibm/IGG/IGG019Q6.asm	duplicate-same	tape
MVSSRC.ET1102.F05	etc1102	FILE0005	IGG019Q7	4	identical-default	ibm/IGG/IGG019Q7.asm	duplicate-same	tape
MVSSRC.ET1102.F05	etc1102	FILE0005	IGG019Q9	743	identical-elsewhere	variants/tape/etc1102/IGG019Q9.asm	conflict	tape
MVSSRC.ET1102.F05	etc1102	FILE0005	IGG019QE	581	identical-default	ibm/IGG/IGG019QE.asm	duplicate-same	tape
MVSSRC.ET1102.F05	etc1102	FILE0005	IGG019R0	4	identical-default	ibm/IGG/IGG019R0.asm	duplicate-same	tape
MVSSRC.ET1102.F05	etc1102	FILE0005	IGG019R1	603	identical-elsewhere	variants/tape/etc1102/IGG019R1.asm;variants/tape/sym5/IGG019R1.asm	conflict	tape
MVSSRC.ET1102.F05	etc1102	FILE0005	IGG019R2	852	identical-default	ibm/IGG/IGG019R2.asm	conflict	tape
MVSSRC.ET1102.F05	etc1102	FILE0005	IGG019R3	480	identical-default	ibm/IGG/IGG019R3.asm	duplicate-same	tape
MVSSRC.ET1102.F05	etc1102	FILE0005	IGG019R4	4	identical-default	ibm/IGG/IGG019R4.asm	duplicate-same	tape
MVSSRC.ET1102.F05	etc1102	FILE0005	IGG019R5	3182	identical-default	ibm/IGG/IGG019R5.asm	conflict	tape
MVSSRC.ET1102.F05	etc1102	FILE0005	IGG019R7	146	identical-default	ibm/IGG/IGG019R7.asm	duplicate-same	tape
MVSSRC.ET1102.F05	etc1102	FILE0005	IGG019R8	153	identical-default	ibm/IGG/IGG019R8.asm	duplicate-same	tape
MVSSRC.ET1102.F05	etc1102	FILE0005	IGG019R9	150	identical-default	ibm/IGG/IGG019R9.asm	duplicate-same	tape
MVSSRC.ET1102.F05	etc1102	FILE0005	IGG019RA	152	identical-default	ibm/IGG/IGG019RA.asm	duplicate-same	tape
MVSSRC.ET1102.F05	etc1102	FILE0005	IGG019RC	1301	identical-default	ibm/IGG/IGG019RC.asm	conflict	tape
MVSSRC.ET1102.F05	etc1102	FILE0005	IGG019RD	1223	identical-elsewhere	variants/tape/etc1102/IGG019RD.asm	conflict	tape
MVSSRC.ET1102.F05	etc1102	FILE0005	IGG019RE	250	identical-default	ibm/IGG/IGG019RE.asm	duplicate-same	tape
MVSSRC.ET1102.F05	etc1102	FILE0005	IGG019RG	393	identical-default	ibm/IGG/IGG019RG.asm	duplicate-same	tape
MVSSRC.ET1102.F05	etc1102	FILE0005	IGG019RI	456	identical-default	ibm/IGG/IGG019RI.asm	conflict	tape
MVSSRC.ET1102.F05	etc1102	FILE0005	IGG019RL	272	identical-elsewhere	variants/tape/etc1102/IGG019RL.asm	conflict	tape
MVSSRC.ET1102.F05	etc1102	FILE0005	IGG019RM	150	identical-default	ibm/IGG/IGG019RM.asm	conflict	tape
MVSSRC.ET1102.F05	etc1102	FILE0005	IGG019RN	1321	identical-default	ibm/IGG/IGG019RN.asm	duplicate-same	tape
MVSSRC.ET1102.F05	etc1102	FILE0005	IGG019RO	779	identical-default	ibm/IGG/IGG019RO.asm	conflict	tape
MVSSRC.ET1102.F05	etc1102	FILE0005	IGG019RP	2293	identical-default	ibm/IGG/IGG019RP.asm	duplicate-same	tape
MVSSRC.ET1102.F05	etc1102	FILE0005	IGG019RR	84	identical-default	ibm/IGG/IGG019RR.asm	duplicate-same	tape
MVSSRC.ET1102.F05	etc1102	FILE0005	IGG019RS	85	identical-default	ibm/IGG/IGG019RS.asm	duplicate-same	tape
MVSSRC.ET1102.F05	etc1102	FILE0005	IGG019RT	72	identical-default	ibm/IGG/IGG019RT.asm	duplicate-same	tape
MVSSRC.ET1102.F05	etc1102	FILE0005	IGG019RU	83	identical-default	ibm/IGG/IGG019RU.asm	duplicate-same	tape
MVSSRC.ET1102.F05	etc1102	FILE0005	IGG019RV	54	identical-default	ibm/IGG/IGG019RV.asm	duplicate-same	tape
MVSSRC.ET1102.F05	etc1102	FILE0005	IGG019RW	64	identical-default	ibm/IGG/IGG019RW.asm	duplicate-same	tape
MVSSRC.ET1102.F05	etc1102	FILE0005	IGG019RX	96	identical-default	ibm/IGG/IGG019RX.asm	duplicate-same	tape
MVSSRC.ET1102.F05	etc1102	FILE0005	IGG019RY	41	identical-default	ibm/IGG/IGG019RY.asm	duplicate-same	tape
MVSSRC.ET1102.F05	etc1102	FILE0005	IGG019TE	1873	identical-default	ibm/IGG/IGG019TE.asm	conflict	tape
MVSSRC.ET1102.F05	etc1102	FILE0005	IGG019TH	4316	identical-default	ibm/IGG/IGG019TH.asm	conflict	tape
MVSSRC.ET1102.F05	etc1102	FILE0005	IGG019TI	1884	identical-default	ibm/IGG/IGG019TI.asm	conflict	tape
MVSSRC.ET1102.F05	etc1102	FILE0005	IGG019TM	68	identical-default	ibm/IGG/IGG019TM.asm	duplicate-same	tape
MVSSRC.ET1102.F05	etc1102	FILE0005	IGG02030	528	identical-default	ibm/IGG/IGG02030.asm	conflict	tape
MVSSRC.ET1102.F05	etc1102	FILE0005	IGG02035	429	identical-default	ibm/IGG/IGG02035.asm	conflict	tape
MVSSRC.ET1102.F05	etc1102	FILE0005	IGG0203B	1554	identical-default	ibm/IGG/IGG0203B.asm	conflict	tape
MVSSRC.ET1102.F06	etc1102	FILE0006	IGG02036	904	identical-default	ibm/IGG/IGG02036.asm	conflict	tape
MVSSRC.ET1102.F06	etc1102	FILE0006	IGG02041	292	identical-default	ibm/IGG/IGG02041.asm	duplicate-same	tape
MVSSRC.ET1102.F06	etc1102	FILE0006	IGG02046	686	identical-default	ibm/IGG/IGG02046.asm	conflict	tape
MVSSRC.ET2402.F01	etc2402	FILE0001	AQCTL	5	identical-default	ibm/AQC/AQCTL.asm	duplicate-same	tape
MVSSRC.ET2402.F01	etc2402	FILE0001	EWTCMAP	156	identical-default	ibm/EWT/EWTCMAP.asm	duplicate-same	tape
MVSSRC.ET2402.F01	etc2402	FILE0001	IEDCBDA	18	identical-default	ibm/IED/IEDCBDA.asm	duplicate-same	tape
MVSSRC.ET2402.F01	etc2402	FILE0001	IEDCMB	51	identical-default	ibm/IED/IEDCMB.asm	conflict	tape
MVSSRC.ET2402.F01	etc2402	FILE0001	IEDQMSG	112	identical-default	ibm/IED/IEDQMSG.asm	duplicate-same	tape
MVSSRC.ET2402.F01	etc2402	FILE0001	IOBLOCKS	262	identical-default	ibm/IOB/IOBLOCKS.asm	duplicate-same	tape
MVSSRC.ET2402.F01	etc2402	FILE0001	OLTCB	1892	identical-default	ibm/OLT/OLTCB.asm	duplicate-same	tape
MVSSRC.ET2402.F01	etc2402	FILE0001	PLINK	338	identical-default	ibm/PLI/PLINK.asm	duplicate-same	tape
MVSSRC.ET2402.F01	etc2402	FILE0001	RESPL	224	identical-default	ibm/RES/RESPL.asm	duplicate-same	tape
MVSSRC.ET2402.F01	etc2402	FILE0001	TACSMD	68	identical-default	ibm/TAC/TACSMD.asm	duplicate-same	tape
MVSSRC.ET2402.F01	etc2402	FILE0001	TAIBD	216	identical-default	ibm/TAI/TAIBD.asm	duplicate-same	tape
MVSSRC.ET2402.F01	etc2402	FILE0001	TBDUD	75	identical-default	ibm/TBD/TBDUD.asm	duplicate-same	tape
MVSSRC.ET2402.F01	etc2402	FILE0001	TCAVTD	74	identical-default	ibm/TCA/TCAVTD.asm	conflict	tape
MVSSRC.ET2402.F01	etc2402	FILE0001	TCMD0D	252	identical-default	ibm/TCM/TCMD0D.asm	duplicate-same	tape
MVSSRC.ET2402.F01	etc2402	FILE0001	TCMD1D	226	identical-default	ibm/TCM/TCMD1D.asm	duplicate-same	tape
MVSSRC.ET2402.F01	etc2402	FILE0001	TCNRD	46	identical-default	ibm/TCN/TCNRD.asm	duplicate-same	tape
MVSSRC.ET2402.F01	etc2402	FILE0001	TCOMD	35	identical-default	ibm/TCO/TCOMD.asm	duplicate-same	tape
MVSSRC.ET2402.F01	etc2402	FILE0001	TCOMDMPD	31	identical-default	ibm/TCO/TCOMDMPD.asm	duplicate-same	tape
MVSSRC.ET2402.F01	etc2402	FILE0001	TCONV	128	identical-default	ibm/TCO/TCONV.asm	conflict	tape
MVSSRC.ET2402.F01	etc2402	FILE0001	TDEBAPD	36	identical-default	ibm/TDE/TDEBAPD.asm	duplicate-same	tape
MVSSRC.ET2402.F01	etc2402	FILE0001	TDRQD	88	identical-default	ibm/TDR/TDRQD.asm	duplicate-same	tape
MVSSRC.ET2402.F01	etc2402	FILE0001	TDSID	41	identical-default	ibm/TDS/TDSID.asm	duplicate-same	tape
MVSSRC.ET2402.F01	etc2402	FILE0001	TDVCIDTD	86	identical-default	ibm/TDV/TDVCIDTD.asm	duplicate-same	tape
MVSSRC.ET2402.F01	etc2402	FILE0001	TEXTD	205	identical-default	ibm/TEX/TEXTD.asm	duplicate-same	tape
MVSSRC.ET2402.F01	etc2402	FILE0001	TGMAIND	192	identical-default	ibm/TGM/TGMAIND.asm	duplicate-same	tape
MVSSRC.ET2402.F01	etc2402	FILE0001	TIDD	15	identical-default	ibm/TID/TIDD.asm	duplicate-same	tape
MVSSRC.ET2402.F01	etc2402	FILE0001	TINVLD	58	identical-default	ibm/TIN/TINVLD.asm	duplicate-same	tape
MVSSRC.ET2402.F01	etc2402	FILE0001	TIOBD	38	identical-default	ibm/TIO/TIOBD.asm	duplicate-same	tape
MVSSRC.ET2402.F01	etc2402	FILE0001	TIOSBED	35	identical-default	ibm/TIO/TIOSBED.asm	conflict	tape
MVSSRC.ET2402.F01	etc2402	FILE0001	TMHTABD	32	identical-default	ibm/TMH/TMHTABD.asm	duplicate-same	tape
MVSSRC.ET2402.F01	etc2402	FILE0001	TMODD	132	identical-default	ibm/TMO/TMODD.asm	duplicate-same	tape
MVSSRC.ET2402.F01	etc2402	FILE0001	TMSKD	95	identical-default	ibm/TMS/TMSKD.asm	duplicate-same	tape
MVSSRC.ET2402.F01	etc2402	FILE0001	TNATD	26	identical-default	ibm/TNA/TNATD.asm	duplicate-same	tape
MVSSRC.ET2402.F01	etc2402	FILE0001	TNRAD	19	identical-default	ibm/TNR/TNRAD.asm	duplicate-same	tape
MVSSRC.ET2402.F01	etc2402	FILE0001	TOPCD	79	identical-default	ibm/TOP/TOPCD.asm	duplicate-same	tape
MVSSRC.ET2402.F01	etc2402	FILE0001	TOPCTL	4	identical-default	ibm/TOP/TOPCTL.asm	duplicate-same	tape
MVSSRC.ET2402.F01	etc2402	FILE0001	TPEBD	24	identical-default	ibm/TPE/TPEBD.asm	duplicate-same	tape
MVSSRC.ET2402.F01	etc2402	FILE0001	TPECBD	28	identical-default	ibm/TPE/TPECBD.asm	conflict	tape
MVSSRC.ET2402.F01	etc2402	FILE0001	TPF1D	57	identical-default	ibm/TPF/TPF1D.asm	duplicate-same	tape
MVSSRC.ET2402.F01	etc2402	FILE0001	TPIU0D	28	identical-default	ibm/TPI/TPIU0D.asm	duplicate-same	tape
MVSSRC.ET2402.F01	etc2402	FILE0001	TPLRQD	36	identical-default	ibm/TPL/TPLRQD.asm	duplicate-same	tape
MVSSRC.ET2402.F01	etc2402	FILE0001	TRDYD	41	identical-default	ibm/TRD/TRDYD.asm	duplicate-same	tape
MVSSRC.ET2402.F01	etc2402	FILE0001	TRQED	44	identical-default	ibm/TRQ/TRQED.asm	conflict	tape
MVSSRC.ET2402.F01	etc2402	FILE0001	TSATD	28	identical-default	ibm/TSA/TSATD.asm	duplicate-same	tape
MVSSRC.ET2402.F01	etc2402	FILE0001	TSBTD	50	identical-default	ibm/TSB/TSBTD.asm	duplicate-same	tape
MVSSRC.ET2402.F01	etc2402	FILE0001	TSOECDD	17	identical-default	ibm/TSO/TSOECDD.asm	duplicate-same	tape
MVSSRC.ET2402.F01	etc2402	FILE0001	TSTMHD	73	identical-default	ibm/TST/TSTMHD.asm	duplicate-same	tape
MVSSRC.ET2402.F01	etc2402	FILE0001	TTCDSD	81	identical-default	ibm/TTC/TTCDSD.asm	duplicate-same	tape
MVSSRC.ET2402.F01	etc2402	FILE0001	TTECB	16	identical-default	ibm/TTE/TTECB.asm	conflict	tape
MVSSRC.ET2402.F01	etc2402	FILE0001	TTPD	92	identical-default	ibm/TTP/TTPD.asm	conflict	tape
MVSSRC.ET2402.F01	etc2402	FILE0001	TTSWD	206	identical-default	ibm/TTS/TTSWD.asm	duplicate-same	tape
MVSSRC.ET2402.F01	etc2402	FILE0001	TTTCD	65	identical-default	ibm/TTT/TTTCD.asm	duplicate-same	tape
MVSSRC.ET2402.F01	etc2402	FILE0001	TXALKD	23	identical-default	ibm/TXA/TXALKD.asm	duplicate-same	tape
MVSSRC.ET2402.F01	etc2402	FILE0001	TXBFLD	20	identical-default	ibm/TXB/TXBFLD.asm	duplicate-same	tape
MVSSRC.ET2402.F01	etc2402	FILE0001	TXCOND	23	identical-default	ibm/TXC/TXCOND.asm	duplicate-same	tape
MVSSRC.ET2402.F01	etc2402	FILE0001	TXDLKD	23	identical-default	ibm/TXD/TXDLKD.asm	duplicate-same	tape
MVSSRC.ET2402.F01	etc2402	FILE0001	TXDPUD	17	identical-default	ibm/TXD/TXDPUD.asm	duplicate-same	tape
MVSSRC.ET2402.F01	etc2402	FILE0001	TXDSCD	23	identical-default	ibm/TXD/TXDSCD.asm	duplicate-same	tape
MVSSRC.ET2402.F01	etc2402	FILE0001	TXEXTD	38	identical-default	ibm/TXE/TXEXTD.asm	duplicate-same	tape
MVSSRC.ET2402.F01	etc2402	FILE0001	TXNPLD	26	identical-default	ibm/TXN/TXNPLD.asm	duplicate-same	tape
MVSSRC.ET2402.F01	etc2402	FILE0001	TXRTDD	38	identical-default	ibm/TXR/TXRTDD.asm	conflict	tape
MVSSRC.ET2402.F01	etc2402	FILE0001	TXSEPD	17	identical-default	ibm/TXS/TXSEPD.asm	duplicate-same	tape
MVSSRC.ET2402.F01	etc2402	FILE0001	TXSNDD	18	identical-default	ibm/TXS/TXSNDD.asm	duplicate-same	tape
MVSSRC.ET2402.F01	etc2402	FILE0001	TXSNLD	26	identical-default	ibm/TXS/TXSNLD.asm	duplicate-same	tape
MVSSRC.ET2402.F01	etc2402	FILE0001	TXSNPD	17	identical-default	ibm/TXS/TXSNPD.asm	duplicate-same	tape
MVSSRC.ET2402.F01	etc2402	FILE0001	TXSSPD	27	identical-default	ibm/TXS/TXSSPD.asm	duplicate-same	tape
MVSSRC.ET2402.F01	etc2402	FILE0001	TXSSTD	18	identical-default	ibm/TXS/TXSSTD.asm	duplicate-same	tape
MVSSRC.ET2402.F01	etc2402	FILE0001	TXUNBD	17	identical-default	ibm/TXU/TXUNBD.asm	duplicate-same	tape
MVSSRC.ET2402.F02	etc2402	FILE0002	IEDAYAB	87	identical-default	ibm/IED/IEDAYAB.asm	duplicate-same	tape
MVSSRC.ET2402.F02	etc2402	FILE0002	IEDAYD	183	identical-default	ibm/IED/IEDAYD.asm	conflict	tape
MVSSRC.ET2402.F02	etc2402	FILE0002	IEDAYF	353	identical-default	ibm/IED/IEDAYF.asm	conflict	tape
MVSSRC.ET2402.F02	etc2402	FILE0002	IEDAYP	364	identical-default	ibm/IED/IEDAYP.asm	conflict	tape
MVSSRC.ET2402.F02	etc2402	FILE0002	IEDAYW	1754	identical-default	ibm/IED/IEDAYW.asm	conflict	tape
MVSSRC.ET2402.F02	etc2402	FILE0002	IEDAYX	97	identical-default	ibm/IED/IEDAYX.asm	duplicate-same	tape
MVSSRC.ET2402.F02	etc2402	FILE0002	IEDAYY	149	identical-default	ibm/IED/IEDAYY.asm	duplicate-same	tape
MVSSRC.ET2402.F02	etc2402	FILE0002	IEDAYZ	1712	identical-default	ibm/IED/IEDAYZ.asm	conflict	tape
MVSSRC.ET2402.F02	etc2402	FILE0002	IEDAYZZ	190	identical-default	ibm/IED/IEDAYZZ.asm	duplicate-same	tape
MVSSRC.ET2402.F02	etc2402	FILE0002	IEDFSSTB	2	identical-default	ibm/IED/IEDFSSTB.asm	conflict	tape
MVSSRC.ET2402.F02	etc2402	FILE0002	IEDIAU	28	identical-default	ibm/IED/IEDIAU.asm	conflict	tape
MVSSRC.ET2402.F02	etc2402	FILE0002	IEDKHISC	1245	identical-default	ibm/IED/IEDKHISC.asm	duplicate-same	tape
MVSSRC.ET2402.F02	etc2402	FILE0002	IEDN25	86	identical-default	ibm/IED/IEDN25.asm	duplicate-same	tape
MVSSRC.ET2402.F02	etc2402	FILE0002	IEDNID	1257	identical-default	ibm/IED/IEDNID.asm	conflict	tape
MVSSRC.ET2402.F02	etc2402	FILE0002	IEDQ10	41	identical-default	ibm/IED/IEDQ10.asm	duplicate-same	tape
MVSSRC.ET2402.F02	etc2402	FILE0002	IEDQ11	41	identical-default	ibm/IED/IEDQ11.asm	duplicate-same	tape
MVSSRC.ET2402.F02	etc2402	FILE0002	IEDQ12	41	identical-default	ibm/IED/IEDQ12.asm	duplicate-same	tape
MVSSRC.ET2402.F02	etc2402	FILE0002	IEDQ13	41	identical-default	ibm/IED/IEDQ13.asm	duplicate-same	tape
MVSSRC.ET2402.F02	etc2402	FILE0002	IEDQ14	44	identical-default	ibm/IED/IEDQ14.asm	duplicate-same	tape
MVSSRC.ET2402.F02	etc2402	FILE0002	IEDQ16	41	identical-default	ibm/IED/IEDQ16.asm	duplicate-same	tape
MVSSRC.ET2402.F02	etc2402	FILE0002	IEDQ17	41	identical-default	ibm/IED/IEDQ17.asm	duplicate-same	tape
MVSSRC.ET2402.F02	etc2402	FILE0002	IEDQ18	41	identical-default	ibm/IED/IEDQ18.asm	duplicate-same	tape
MVSSRC.ET2402.F02	etc2402	FILE0002	IEDQ19	41	identical-default	ibm/IED/IEDQ19.asm	duplicate-same	tape
MVSSRC.ET2402.F02	etc2402	FILE0002	IEDQ20	58	identical-default	ibm/IED/IEDQ20.asm	duplicate-same	tape
MVSSRC.ET2402.F02	etc2402	FILE0002	IEDQ21	41	identical-default	ibm/IED/IEDQ21.asm	duplicate-same	tape
MVSSRC.ET2402.F02	etc2402	FILE0002	IEDQ22	41	identical-default	ibm/IED/IEDQ22.asm	duplicate-same	tape
MVSSRC.ET2402.F02	etc2402	FILE0002	IEDQ23	41	identical-default	ibm/IED/IEDQ23.asm	duplicate-same	tape
MVSSRC.ET2402.F02	etc2402	FILE0002	IEDQ24	41	identical-default	ibm/IED/IEDQ24.asm	duplicate-same	tape
MVSSRC.ET2402.F02	etc2402	FILE0002	IEDQ25	6	identical-default	ibm/IED/IEDQ25.asm	duplicate-same	tape
MVSSRC.ET2402.F02	etc2402	FILE0002	IEDQ26	40	identical-default	ibm/IED/IEDQ26.asm	duplicate-same	tape
MVSSRC.ET2402.F02	etc2402	FILE0002	IEDQ27	41	identical-default	ibm/IED/IEDQ27.asm	duplicate-same	tape
MVSSRC.ET2402.F02	etc2402	FILE0002	IEDQ28	40	identical-default	ibm/IED/IEDQ28.asm	duplicate-same	tape
MVSSRC.ET2402.F02	etc2402	FILE0002	IEDQA0	272	identical-default	ibm/IED/IEDQA0.asm	conflict	tape
MVSSRC.ET2402.F02	etc2402	FILE0002	IEDQA2	301	identical-default	ibm/IED/IEDQA2.asm	duplicate-same	tape
MVSSRC.ET2402.F02	etc2402	FILE0002	IEDQA3	337	identical-default	ibm/IED/IEDQA3.asm	conflict	tape
MVSSRC.ET2402.F02	etc2402	FILE0002	IEDQA7	146	identical-default	ibm/IED/IEDQA7.asm	duplicate-same	tape
MVSSRC.ET2402.F02	etc2402	FILE0002	IEDQA8	377	identical-default	ibm/IED/IEDQA8.asm	duplicate-same	tape
MVSSRC.ET2402.F02	etc2402	FILE0002	IEDQA9	234	identical-default	ibm/IED/IEDQA9.asm	duplicate-same	tape
MVSSRC.ET2402.F02	etc2402	FILE0002	IEDQAB	100	identical-default	ibm/IED/IEDQAB.asm	duplicate-same	tape
MVSSRC.ET2402.F02	etc2402	FILE0002	IEDQAC	266	identical-default	ibm/IED/IEDQAC.asm	duplicate-same	tape
MVSSRC.ET2402.F02	etc2402	FILE0002	IEDQAD	172	identical-default	ibm/IED/IEDQAD.asm	duplicate-same	tape
MVSSRC.ET2402.F02	etc2402	FILE0002	IEDQAH	277	identical-default	ibm/IED/IEDQAH.asm	conflict	tape
MVSSRC.ET2402.F02	etc2402	FILE0002	IEDQAK	1114	identical-default	ibm/IED/IEDQAK.asm	conflict	tape
MVSSRC.ET2402.F02	etc2402	FILE0002	IEDQAL	183	identical-default	ibm/IED/IEDQAL.asm	conflict	tape
MVSSRC.ET2402.F02	etc2402	FILE0002	IEDQAN	1077	identical-default	ibm/IED/IEDQAN.asm	duplicate-same	tape
MVSSRC.ET2402.F02	etc2402	FILE0002	IEDQAO	279	identical-default	ibm/IED/IEDQAO.asm	duplicate-same	tape
MVSSRC.ET2402.F02	etc2402	FILE0002	IEDQAP	721	identical-default	ibm/IED/IEDQAP.asm	duplicate-same	tape
MVSSRC.ET2402.F02	etc2402	FILE0002	IEDQAR	123	identical-default	ibm/IED/IEDQAR.asm	duplicate-same	tape
MVSSRC.ET2402.F02	etc2402	FILE0002	IEDQAT	490	identical-default	ibm/IED/IEDQAT.asm	conflict	tape
MVSSRC.ET2402.F02	etc2402	FILE0002	IEDQAX	378	identical-default	ibm/IED/IEDQAX.asm	duplicate-same	tape
MVSSRC.ET2402.F02	etc2402	FILE0002	IEDQAZ	651	identical-default	ibm/IED/IEDQAZ.asm	conflict	tape
MVSSRC.ET2402.F02	etc2402	FILE0002	IEDQB1	144	identical-default	ibm/IED/IEDQB1.asm	duplicate-same	tape
MVSSRC.ET2402.F02	etc2402	FILE0002	IEDQB2	159	identical-default	ibm/IED/IEDQB2.asm	duplicate-same	tape
MVSSRC.ET2402.F02	etc2402	FILE0002	IEDQB3	305	identical-default	ibm/IED/IEDQB3.asm	duplicate-same	tape
MVSSRC.ET2402.F02	etc2402	FILE0002	IEDQB4	241	identical-default	ibm/IED/IEDQB4.asm	conflict	tape
MVSSRC.ET2402.F02	etc2402	FILE0002	IEDQBB	116	identical-default	ibm/IED/IEDQBB.asm	duplicate-same	tape
MVSSRC.ET2402.F02	etc2402	FILE0002	IEDQBC	244	identical-default	ibm/IED/IEDQBC.asm	conflict	tape
MVSSRC.ET2402.F02	etc2402	FILE0002	IEDQBG	216	identical-default	ibm/IED/IEDQBG.asm	conflict	tape
MVSSRC.ET2402.F02	etc2402	FILE0002	IEDQBH	462	identical-default	ibm/IED/IEDQBH.asm	conflict	tape
MVSSRC.ET2402.F02	etc2402	FILE0002	IEDQBI	1549	identical-default	ibm/IED/IEDQBI.asm	conflict	tape
MVSSRC.ET2402.F02	etc2402	FILE0002	IEDQBJ	212	identical-default	ibm/IED/IEDQBJ.asm	conflict	tape
MVSSRC.ET2402.F02	etc2402	FILE0002	IEDQBN	333	identical-default	ibm/IED/IEDQBN.asm	duplicate-same	tape
MVSSRC.ET2402.F02	etc2402	FILE0002	IEDQBP	339	identical-default	ibm/IED/IEDQBP.asm	duplicate-same	tape
MVSSRC.ET2402.F02	etc2402	FILE0002	IEDQBQ	792	identical-default	ibm/IED/IEDQBQ.asm	duplicate-same	tape
MVSSRC.ET2402.F02	etc2402	FILE0002	IEDQBR	196	identical-default	ibm/IED/IEDQBR.asm	duplicate-same	tape
MVSSRC.ET2402.F02	etc2402	FILE0002	IEDQBU	553	identical-default	ibm/IED/IEDQBU.asm	conflict	tape
MVSSRC.ET2402.F02	etc2402	FILE0002	IEDQBUFF	350	identical-default	ibm/IED/IEDQBUFF.asm	conflict	tape
MVSSRC.ET2402.F02	etc2402	FILE0002	IEDQBV	390	identical-default	ibm/IED/IEDQBV.asm	duplicate-same	tape
MVSSRC.ET2402.F02	etc2402	FILE0002	IEDQBX	201	identical-default	ibm/IED/IEDQBX.asm	duplicate-same	tape
MVSSRC.ET2402.F02	etc2402	FILE0002	IEDQBY	107	identical-default	ibm/IED/IEDQBY.asm	duplicate-same	tape
MVSSRC.ET2402.F02	etc2402	FILE0002	IEDQE1	149	identical-default	ibm/IED/IEDQE1.asm	duplicate-same	tape
MVSSRC.ET2402.F02	etc2402	FILE0002	IEDQE2	146	identical-default	ibm/IED/IEDQE2.asm	duplicate-same	tape
MVSSRC.ET2402.F02	etc2402	FILE0002	IEDQE3	133	identical-default	ibm/IED/IEDQE3.asm	duplicate-same	tape
MVSSRC.ET2402.F02	etc2402	FILE0002	IEDQE4	136	identical-default	ibm/IED/IEDQE4.asm	duplicate-same	tape
MVSSRC.ET2402.F02	etc2402	FILE0002	IEDQE6	96	identical-default	ibm/IED/IEDQE6.asm	duplicate-same	tape
MVSSRC.ET2402.F02	etc2402	FILE0002	IEDQEC	2083	identical-default	ibm/IED/IEDQEC.asm	conflict	tape
MVSSRC.ET2402.F02	etc2402	FILE0002	IEDQET	196	identical-default	ibm/IED/IEDQET.asm	duplicate-same	tape
MVSSRC.ET2402.F02	etc2402	FILE0002	IEDQFE	116	identical-default	ibm/IED/IEDQFE.asm	duplicate-same	tape
MVSSRC.ET2402.F02	etc2402	FILE0002	IEDQGR	149	identical-default	ibm/IED/IEDQGR.asm	duplicate-same	tape
MVSSRC.ET2402.F02	etc2402	FILE0002	IEDQGT	805	identical-default	ibm/IED/IEDQGT.asm	conflict	tape
MVSSRC.ET2402.F02	etc2402	FILE0002	IEDQNA	144	identical-default	ibm/IED/IEDQNA.asm	duplicate-same	tape
MVSSRC.ET2402.F02	etc2402	FILE0002	IEDQNM	328	identical-default	ibm/IED/IEDQNM.asm	conflict	tape
MVSSRC.ET2402.F02	etc2402	FILE0002	IEDQNO	230	identical-default	ibm/IED/IEDQNO.asm	conflict	tape
MVSSRC.ET2402.F02	etc2402	FILE0002	IEDQNP	399	identical-default	ibm/IED/IEDQNP.asm	duplicate-same	tape
MVSSRC.ET2402.F02	etc2402	FILE0002	IEDQNQ	568	identical-default	ibm/IED/IEDQNQ.asm	conflict	tape
MVSSRC.ET2402.F02	etc2402	FILE0002	IEDQNR	155	identical-default	ibm/IED/IEDQNR.asm	duplicate-same	tape
MVSSRC.ET2402.F02	etc2402	FILE0002	IEDQNS	220	identical-default	ibm/IED/IEDQNS.asm	conflict	tape
MVSSRC.ET2402.F02	etc2402	FILE0002	IEDQNW	840	identical-default	ibm/IED/IEDQNW.asm	duplicate-same	tape
MVSSRC.ET2402.F02	etc2402	FILE0002	IEDQSBT	621	identical-default	ibm/IED/IEDQSBT.asm	duplicate-same	tape
MVSSRC.ET2402.F02	etc2402	FILE0002	IEDQTL	169	identical-default	ibm/IED/IEDQTL.asm	duplicate-same	tape
MVSSRC.ET2402.F02	etc2402	FILE0002	IEDQXC	1455	identical-default	ibm/IED/IEDQXC.asm	conflict	tape
MVSSRC.ET2402.F02	etc2402	FILE0002	IEDUSSTB	3	identical-default	ibm/IED/IEDUSSTB.asm	conflict	tape
MVSSRC.ET2402.F02	etc2402	FILE0002	IGC0410D	320	identical-default	ibm/IGC/IGC0410D.asm	conflict	tape
MVSSRC.ET2402.F02	etc2402	FILE0002	IGC0N10D	1204	identical-default	ibm/IGC/IGC0N10D.asm	conflict	tape
MVSSRC.ET2402.F02	etc2402	FILE0002	IGCD710D	261	identical-default	ibm/IGC/IGCD710D.asm	conflict	tape
MVSSRC.ET2402.F02	etc2402	FILE0002	IGCD810D	457	identical-default	ibm/IGC/IGCD810D.asm	conflict	tape
MVSSRC.ET2402.F02	etc2402	FILE0002	IGCFF10D	3030	identical-default	ibm/IGC/IGCFF10D.asm	conflict	tape
MVSSRC.ET2402.F02	etc2402	FILE0002	IGCFK10D	1388	identical-default	ibm/IGC/IGCFK10D.asm	conflict	tape
MVSSRC.ET2402.F02	etc2402	FILE0002	IGCFQ10D	2879	identical-default	ibm/IGC/IGCFQ10D.asm	conflict	tape
MVSSRC.ET2402.F02	etc2402	FILE0002	IGCI210D	2437	identical-default	ibm/IGC/IGCI210D.asm	conflict	tape
MVSSRC.ET2402.F02	etc2402	FILE0002	IGCI310D	2065	identical-default	ibm/IGC/IGCI310D.asm	conflict	tape
MVSSRC.ET2402.F02	etc2402	FILE0002	IGCM210D	368	identical-default	ibm/IGC/IGCM210D.asm	conflict	tape
MVSSRC.ET2402.F02	etc2402	FILE0002	IGCM310D	1355	identical-default	ibm/IGC/IGCM310D.asm	conflict	tape
MVSSRC.ET2402.F02	etc2402	FILE0002	IGCMD10D	792	identical-default	ibm/IGC/IGCMD10D.asm	conflict	tape
MVSSRC.ET2402.F02	etc2402	FILE0002	IGCME10D	813	identical-default	ibm/IGC/IGCME10D.asm	conflict	tape
MVSSRC.ET2402.F02	etc2402	FILE0002	IGCMR10D	1925	identical-default	ibm/IGC/IGCMR10D.asm	conflict	tape
MVSSRC.ET2402.F02	etc2402	FILE0002	IGCMU10D	1776	identical-default	ibm/IGC/IGCMU10D.asm	conflict	tape
MVSSRC.ET2402.F02	etc2402	FILE0002	IGCMZ10D	201	identical-default	ibm/IGC/IGCMZ10D.asm	conflict	tape
MVSSRC.ET2402.F02	etc2402	FILE0002	IGCN010D	1964	identical-default	ibm/IGC/IGCN010D.asm	conflict	tape
MVSSRC.ET2402.F02	etc2402	FILE0002	IGCT010D	2848	identical-default	ibm/IGC/IGCT010D.asm	conflict	tape
MVSSRC.ET2402.F02	etc2402	FILE0002	IGCT110D	2208	identical-default	ibm/IGC/IGCT110D.asm	conflict	tape
MVSSRC.ET2402.F02	etc2402	FILE0002	IGCV310D	543	identical-default	ibm/IGC/IGCV310D.asm	conflict	tape
MVSSRC.ET2402.F02	etc2402	FILE0002	IGCV710D	364	identical-default	ibm/IGC/IGCV710D.asm	conflict	tape
MVSSRC.ET2402.F02	etc2402	FILE0002	IGCVG10D	1937	identical-default	ibm/IGC/IGCVG10D.asm	conflict	tape
MVSSRC.ET2402.F02	etc2402	FILE0002	IGCVI10D	3582	identical-default	ibm/IGC/IGCVI10D.asm	conflict	tape
MVSSRC.ET2402.F02	etc2402	FILE0002	IGE0804H	105	identical-default	ibm/IGE/IGE0804H.asm	duplicate-same	tape
MVSSRC.ET2402.F02	etc2402	FILE0002	IGG019EM	49	identical-default	ibm/IGG/IGG019EM.asm	duplicate-same	tape
MVSSRC.ET2402.F02	etc2402	FILE0002	IGG019Q9	808	identical-default	ibm/IGG/IGG019Q9.asm	conflict	tape
MVSSRC.ET2402.F02	etc2402	FILE0002	IGG019R1	612	identical-default	ibm/IGG/IGG019R1.asm	conflict	tape
MVSSRC.ET2402.F02	etc2402	FILE0002	IGG019R3	480	identical-default	ibm/IGG/IGG019R3.asm	duplicate-same	tape
MVSSRC.ET2402.F02	etc2402	FILE0002	IGG019R7	146	identical-default	ibm/IGG/IGG019R7.asm	duplicate-same	tape
MVSSRC.ET2402.F02	etc2402	FILE0002	IGG019R8	153	identical-default	ibm/IGG/IGG019R8.asm	duplicate-same	tape
MVSSRC.ET2402.F02	etc2402	FILE0002	IGG019R9	150	identical-default	ibm/IGG/IGG019R9.asm	duplicate-same	tape
MVSSRC.ET2402.F02	etc2402	FILE0002	IGG019RD	1230	identical-default	ibm/IGG/IGG019RD.asm	conflict	tape
MVSSRC.ET2402.F02	etc2402	FILE0002	IGG019RE	250	identical-default	ibm/IGG/IGG019RE.asm	duplicate-same	tape
MVSSRC.ET2402.F02	etc2402	FILE0002	IGG019RG	393	identical-default	ibm/IGG/IGG019RG.asm	duplicate-same	tape
MVSSRC.ET2402.F02	etc2402	FILE0002	IGG019RI	456	identical-default	ibm/IGG/IGG019RI.asm	conflict	tape
MVSSRC.ET2402.F02	etc2402	FILE0002	IGG019RL	280	identical-default	ibm/IGG/IGG019RL.asm	conflict	tape
MVSSRC.ET2402.F02	etc2402	FILE0002	IGG019RM	150	identical-default	ibm/IGG/IGG019RM.asm	conflict	tape
MVSSRC.ET2402.F02	etc2402	FILE0002	IGG019RR	84	identical-default	ibm/IGG/IGG019RR.asm	duplicate-same	tape
MVSSRC.ET2402.F02	etc2402	FILE0002	IGG019RS	85	identical-default	ibm/IGG/IGG019RS.asm	duplicate-same	tape
MVSSRC.ET2402.F02	etc2402	FILE0002	IGG019RT	72	identical-default	ibm/IGG/IGG019RT.asm	duplicate-same	tape
MVSSRC.ET2402.F02	etc2402	FILE0002	IGG019RU	83	identical-default	ibm/IGG/IGG019RU.asm	duplicate-same	tape
MVSSRC.ET2402.F02	etc2402	FILE0002	IGG019RV	54	identical-default	ibm/IGG/IGG019RV.asm	duplicate-same	tape
MVSSRC.ET2402.F02	etc2402	FILE0002	IGG019RW	64	identical-default	ibm/IGG/IGG019RW.asm	duplicate-same	tape
MVSSRC.ET2402.F02	etc2402	FILE0002	IGG019RX	96	identical-default	ibm/IGG/IGG019RX.asm	duplicate-same	tape
MVSSRC.ET2402.F02	etc2402	FILE0002	IGG019RY	41	identical-default	ibm/IGG/IGG019RY.asm	duplicate-same	tape
MVSSRC.ET2402.F02	etc2402	FILE0002	IGG019RZ	83	identical-default	ibm/IGG/IGG019RZ.asm	unique	tape
MVSSRC.ET2402.F02	etc2402	FILE0002	IGG019TM	68	identical-default	ibm/IGG/IGG019TM.asm	duplicate-same	tape
MVSSRC.EV1202.F01	evt1202	FILE0001	IKT93EST	2574	identical-elsewhere	variants/tape/evt1202/IKT93EST.asm	conflict	tape
MVSSRC.EV1202.F01	evt1202	FILE0001	IKTASCII	58	identical-default	ibm/IKT/IKTASCII.asm	duplicate-same	tape
MVSSRC.EV1202.F01	evt1202	FILE0001	IKTASTPT	3354	identical-elsewhere	variants/tape/evt1202/IKTASTPT.asm	conflict	tape
MVSSRC.EV1202.F01	evt1202	FILE0001	IKTAY8	3971	identical-elsewhere	variants/tape/evt1202/IKTAY8.asm	conflict	tape
MVSSRC.EV1202.F01	evt1202	FILE0001	IKTCAS00	2766	identical-elsewhere	variants/tape/evt1202/IKTCAS00.asm	conflict	tape
MVSSRC.EV1202.F01	evt1202	FILE0001	IKTCAS20	643	identical-elsewhere	variants/tape/evt1202/IKTCAS20.asm	conflict	tape
MVSSRC.EV1202.F01	evt1202	FILE0001	IKTCAS21	823	identical-elsewhere	variants/tape/evt1202/IKTCAS21.asm	conflict	tape
MVSSRC.EV1202.F01	evt1202	FILE0001	IKTCAS22	499	identical-elsewhere	variants/tape/evt1202/IKTCAS22.asm	conflict	tape
MVSSRC.EV1202.F01	evt1202	FILE0001	IKTCAS24	766	identical-elsewhere	variants/tape/evt1202/IKTCAS24.asm	conflict	tape
MVSSRC.EV1202.F01	evt1202	FILE0001	IKTCAS30	536	identical-elsewhere	variants/tape/evt1202/IKTCAS30.asm	conflict	tape
MVSSRC.EV1202.F01	evt1202	FILE0001	IKTCAS32	1559	identical-elsewhere	variants/tape/evt1202/IKTCAS32.asm	conflict	tape
MVSSRC.EV1202.F01	evt1202	FILE0001	IKTCAS33	1362	identical-elsewhere	variants/tape/evt1202/IKTCAS33.asm	conflict	tape
MVSSRC.EV1202.F01	evt1202	FILE0001	IKTCAS40	920	identical-elsewhere	variants/tape/evt1202/IKTCAS40.asm	conflict	tape
MVSSRC.EV1202.F01	evt1202	FILE0001	IKTCAS41	747	identical-elsewhere	variants/tape/evt1202/IKTCAS41.asm	conflict	tape
MVSSRC.EV1202.F01	evt1202	FILE0001	IKTCAS42	744	identical-elsewhere	variants/tape/evt1202/IKTCAS42.asm	conflict	tape
MVSSRC.EV1202.F01	evt1202	FILE0001	IKTCAS51	247	identical-elsewhere	variants/tape/evt1202/IKTCAS51.asm	conflict	tape
MVSSRC.EV1202.F01	evt1202	FILE0001	IKTCAS52	1284	identical-elsewhere	variants/tape/evt1202/IKTCAS52.asm	conflict	tape
MVSSRC.EV1202.F01	evt1202	FILE0001	IKTCAS54	4078	identical-elsewhere	variants/tape/evt1202/IKTCAS54.asm	conflict	tape
MVSSRC.EV1202.F01	evt1202	FILE0001	IKTCAS55	856	identical-elsewhere	variants/tape/evt1202/IKTCAS55.asm	conflict	tape
MVSSRC.EV1202.F01	evt1202	FILE0001	IKTCAS56	289	identical-elsewhere	variants/tape/evt1202/IKTCAS56.asm	conflict	tape
MVSSRC.EV1202.F01	evt1202	FILE0001	IKTCASCX	2099	identical-elsewhere	variants/tape/evt1202/IKTCASCX.asm	conflict	tape
MVSSRC.EV1202.F01	evt1202	FILE0001	IKTCASOX	2078	identical-elsewhere	variants/tape/evt1202/IKTCASOX.asm	conflict	tape
MVSSRC.EV1202.F01	evt1202	FILE0001	IKTIOFRR	3119	identical-elsewhere	variants/tape/evt1202/IKTIOFRR.asm	conflict	tape
MVSSRC.EV1202.F01	evt1202	FILE0001	IKTIST00	2181	identical-elsewhere	variants/tape/evt1202/IKTIST00.asm	conflict	tape
MVSSRC.EV1202.F01	evt1202	FILE0001	IKTRPLXT	1350	identical-elsewhere	variants/tape/evt1202/IKTRPLXT.asm	conflict	tape
MVSSRC.EV1202.F01	evt1202	FILE0001	IKTXLOG	796	identical-elsewhere	variants/tape/evt1202/IKTXLOG.asm	conflict	tape
MVSSRC.EV1202.F02	evt1202	FILE0002	ISTCC010	1566	identical-elsewhere	variants/tape/evt1202/ISTCC010.asm	conflict	tape
MVSSRC.EV1202.F02	evt1202	FILE0002	ISTCC012	777	identical-elsewhere	variants/tape/evt1202/ISTCC012.asm	conflict	tape
MVSSRC.EV1202.F02	evt1202	FILE0002	ISTCC013	1273	identical-elsewhere	variants/tape/evt1202/ISTCC013.asm	conflict	tape
MVSSRC.EV1202.F02	evt1202	FILE0002	ISTCC014	3126	identical-elsewhere	variants/tape/evt1202/ISTCC014.asm	conflict	tape
MVSSRC.EV1202.F02	evt1202	FILE0002	ISTCC015	1134	identical-elsewhere	variants/tape/evt1202/ISTCC015.asm	conflict	tape
MVSSRC.EV1202.F02	evt1202	FILE0002	ISTCC016	3260	identical-elsewhere	variants/tape/evt1202/ISTCC016.asm	conflict	tape
MVSSRC.EV1202.F02	evt1202	FILE0002	ISTEC000	45	identical-elsewhere	variants/tape/evt1202/ISTEC000.asm	conflict	tape
MVSSRC.EV1202.F02	evt1202	FILE0002	ISTEC123	1026	identical-elsewhere	variants/tape/evt1202/ISTEC123.asm	conflict	tape
MVSSRC.EV1202.F02	evt1202	FILE0002	ISTEC456	1006	identical-elsewhere	variants/tape/evt1202/ISTEC456.asm	conflict	tape
MVSSRC.EV1202.F02	evt1202	FILE0002	ISTEC789	852	identical-elsewhere	variants/tape/evt1202/ISTEC789.asm	conflict	tape
MVSSRC.EV1202.F02	evt1202	FILE0002	ISTIC003	1597	identical-elsewhere	variants/tape/evt1202/ISTIC003.asm	conflict	tape
MVSSRC.EV1202.F02	evt1202	FILE0002	ISTIC004	2579	identical-elsewhere	variants/tape/evt1202/ISTIC004.asm	conflict	tape
MVSSRC.EV1202.F02	evt1202	FILE0002	ISTIC005	1843	identical-elsewhere	variants/tape/evt1202/ISTIC005.asm	conflict	tape
MVSSRC.EV1202.F02	evt1202	FILE0002	ISTIC006	1602	identical-elsewhere	variants/tape/evt1202/ISTIC006.asm	conflict	tape
MVSSRC.EV1202.F02	evt1202	FILE0002	ISTIC007	1028	identical-elsewhere	variants/tape/evt1202/ISTIC007.asm	conflict	tape
MVSSRC.EV1202.F02	evt1202	FILE0002	ISTIC008	1358	identical-elsewhere	variants/tape/evt1202/ISTIC008.asm	conflict	tape
MVSSRC.EV1202.F02	evt1202	FILE0002	ISTIC009	1475	identical-elsewhere	variants/tape/evt1202/ISTIC009.asm	conflict	tape
MVSSRC.EV1202.F02	evt1202	FILE0002	ISTIC00A	2239	identical-elsewhere	variants/tape/evt1202/ISTIC00A.asm	conflict	tape
MVSSRC.EV1202.F02	evt1202	FILE0002	ISTSC020	1597	identical-elsewhere	variants/tape/evt1202/ISTSC020.asm	conflict	tape
MVSSRC.EV1202.F02	evt1202	FILE0002	ISTSC021	269	identical-elsewhere	variants/tape/evt1202/ISTSC021.asm	conflict	tape
MVSSRC.EV1202.F02	evt1202	FILE0002	ISTSC022	1424	identical-elsewhere	variants/tape/evt1202/ISTSC022.asm	conflict	tape
MVSSRC.EV1202.F02	evt1202	FILE0002	ISTSC023	135	identical-elsewhere	variants/tape/evt1202/ISTSC023.asm	conflict	tape
MVSSRC.EV1202.F02	evt1202	FILE0002	ISTSC024	3010	identical-elsewhere	variants/tape/evt1202/ISTSC024.asm	conflict	tape
MVSSRC.EV1202.F02	evt1202	FILE0002	ISTSC025	1995	identical-elsewhere	variants/tape/evt1202/ISTSC025.asm	conflict	tape
MVSSRC.EV1202.F02	evt1202	FILE0002	ISTSC026	83	identical-elsewhere	variants/tape/evt1202/ISTSC026.asm	conflict	tape
MVSSRC.EV1202.F02	evt1202	FILE0002	ISTSC028	796	identical-elsewhere	variants/tape/evt1202/ISTSC028.asm	conflict	tape
MVSSRC.EV1202.F02	evt1202	FILE0002	ISTSC02A	783	identical-elsewhere	variants/tape/evt1202/ISTSC02A.asm	conflict	tape
MVSSRC.EV1202.F02	evt1202	FILE0002	ISTSC02B	350	identical-elsewhere	variants/tape/evt1202/ISTSC02B.asm	conflict	tape
MVSSRC.EV1202.F02	evt1202	FILE0002	ISTSC02C	1015	identical-elsewhere	variants/tape/evt1202/ISTSC02C.asm	conflict	tape
MVSSRC.EV1202.F02	evt1202	FILE0002	ISTSC02D	649	identical-elsewhere	variants/tape/evt1202/ISTSC02D.asm	conflict	tape
MVSSRC.EV1202.F02	evt1202	FILE0002	ISTSC02E	828	identical-elsewhere	variants/tape/evt1202/ISTSC02E.asm	conflict	tape
MVSSRC.EV1202.F02	evt1202	FILE0002	ISTSC033	1547	identical-elsewhere	variants/tape/evt1202/ISTSC033.asm	conflict	tape
MVSSRC.EV1202.F02	evt1202	FILE0002	ISTTC035	929	identical-elsewhere	variants/tape/evt1202/ISTTC035.asm	conflict	tape
MVSSRC.EV1202.F02	evt1202	FILE0002	ISTTC037	2148	identical-elsewhere	variants/tape/evt1202/ISTTC037.asm	conflict	tape
MVSSRC.EV1202.F03	evt1202	FILE0003	ISTAPC11	5967	identical-elsewhere	variants/tape/evt1202/ISTAPC11.asm	conflict	tape
MVSSRC.EV1202.F03	evt1202	FILE0003	ISTAPC12	4747	identical-elsewhere	variants/tape/evt1202/ISTAPC12.asm	conflict	tape
MVSSRC.EV1202.F03	evt1202	FILE0003	ISTAPC41	1350	identical-elsewhere	variants/tape/evt1202/ISTAPC41.asm	conflict	tape
MVSSRC.EV1202.F03	evt1202	FILE0003	ISTAPC52	3824	identical-elsewhere	variants/tape/evt1202/ISTAPC52.asm	conflict	tape
MVSSRC.EV1202.F03	evt1202	FILE0003	ISTAPC53	2149	identical-elsewhere	variants/tape/evt1202/ISTAPC53.asm	conflict	tape
MVSSRC.EV1202.F03	evt1202	FILE0003	ISTAPC56	2440	identical-elsewhere	variants/tape/evt1202/ISTAPC56.asm	conflict	tape
MVSSRC.EV1202.F03	evt1202	FILE0003	ISTAPC63	2929	identical-elsewhere	variants/tape/evt1202/ISTAPC63.asm	conflict	tape
MVSSRC.EV1202.F03	evt1202	FILE0003	ISTAPC64	2594	identical-elsewhere	variants/tape/evt1202/ISTAPC64.asm	conflict	tape
MVSSRC.EV1202.F03	evt1202	FILE0003	ISTAPM69	540	identical-elsewhere	variants/tape/evt1202/ISTAPM69.asm	conflict	tape
MVSSRC.EV1202.F03	evt1202	FILE0003	ISTAUCAG	57	identical-elsewhere	variants/tape/evt1202/ISTAUCAG.asm	conflict	tape
MVSSRC.EV1202.F03	evt1202	FILE0003	ISTAUCAT	57	identical-elsewhere	variants/tape/evt1202/ISTAUCAT.asm	conflict	tape
MVSSRC.EV1202.F03	evt1202	FILE0003	ISTCFCRP	9270	identical-elsewhere	variants/tape/evt1202/ISTCFCRP.asm	conflict	tape
MVSSRC.EV1202.F03	evt1202	FILE0003	ISTCFMMI	1025	identical-elsewhere	variants/tape/evt1202/ISTCFMMI.asm	conflict	tape
MVSSRC.EV1202.F03	evt1202	FILE0003	ISTESC01	2437	identical-elsewhere	variants/tape/evt1202/ISTESC01.asm	conflict	tape
MVSSRC.EV1202.F03	evt1202	FILE0003	ISTINCIT	1302	identical-elsewhere	variants/tape/evt1202/ISTINCIT.asm	conflict	tape
MVSSRC.EV1202.F03	evt1202	FILE0003	ISTINCPH	3095	identical-elsewhere	variants/tape/evt1202/ISTINCPH.asm	conflict	tape
MVSSRC.EV1202.F03	evt1202	FILE0003	ISTINCRS	831	identical-elsewhere	variants/tape/evt1202/ISTINCRS.asm	conflict	tape
MVSSRC.EV1202.F03	evt1202	FILE0003	ISTINCSD	32	identical-elsewhere	variants/tape/evt1202/ISTINCSD.asm	conflict	tape
MVSSRC.EV1202.F03	evt1202	FILE0003	ISTINCY1	2820	identical-elsewhere	variants/tape/evt1202/ISTINCY1.asm	conflict	tape
MVSSRC.EV1202.F03	evt1202	FILE0003	ISTORFID	142	identical-elsewhere	variants/tape/evt1202/ISTORFID.asm	conflict	tape
MVSSRC.EV1202.F03	evt1202	FILE0003	ISTORFRA	871	identical-elsewhere	variants/tape/evt1202/ISTORFRA.asm	conflict	tape
MVSSRC.EV1202.F03	evt1202	FILE0003	ISTRACCA	329	identical-elsewhere	variants/tape/evt1202/ISTRACCA.asm	conflict	tape
MVSSRC.EV1202.F03	evt1202	FILE0003	ISTRACCR	184	identical-elsewhere	variants/tape/evt1202/ISTRACCR.asm	conflict	tape
MVSSRC.EV1202.F03	evt1202	FILE0003	ISTSDCC3	433	identical-elsewhere	variants/tape/evt1202/ISTSDCC3.asm	conflict	tape
MVSSRC.EV1202.F03	evt1202	FILE0003	ISTSDCC4	1209	identical-elsewhere	variants/tape/evt1202/ISTSDCC4.asm	conflict	tape
MVSSRC.EV1202.F03	evt1202	FILE0003	ISTSDCOD	84	identical-elsewhere	variants/tape/evt1202/ISTSDCOD.asm	conflict	tape
MVSSRC.EV1202.F03	evt1202	FILE0003	ISTSDCSB	1044	identical-elsewhere	variants/tape/evt1202/ISTSDCSB.asm	conflict	tape
MVSSRC.EV1202.F03	evt1202	FILE0003	ISTZRM01	3852	identical-elsewhere	variants/tape/evt1202/ISTZRM01.asm	conflict	tape
MVSSRC.SOURCE.F01	source	FILE0001	IKT93EST	2546	identical-elsewhere	variants/tape/source/IKT93EST.asm	conflict	tape
MVSSRC.SOURCE.F01	source	FILE0001	IKTASCII	58	identical-default	ibm/IKT/IKTASCII.asm	duplicate-same	tape
MVSSRC.SOURCE.F01	source	FILE0001	IKTASTPT	3356	identical-elsewhere	variants/tape/source/IKTASTPT.asm	conflict	tape
MVSSRC.SOURCE.F01	source	FILE0001	IKTAY8	3973	identical-elsewhere	variants/tape/source/IKTAY8.asm	conflict	tape
MVSSRC.SOURCE.F01	source	FILE0001	IKTCAS00	2768	identical-elsewhere	variants/tape/source/IKTCAS00.asm	conflict	tape
MVSSRC.SOURCE.F01	source	FILE0001	IKTCAS20	644	identical-elsewhere	variants/tape/source/IKTCAS20.asm	conflict	tape
MVSSRC.SOURCE.F01	source	FILE0001	IKTCAS21	823	identical-elsewhere	variants/tape/source/IKTCAS21.asm	conflict	tape
MVSSRC.SOURCE.F01	source	FILE0001	IKTCAS24	775	identical-elsewhere	variants/tape/source/IKTCAS24.asm	conflict	tape
MVSSRC.SOURCE.F01	source	FILE0001	IKTCAS30	536	identical-elsewhere	variants/tape/source/IKTCAS30.asm	conflict	tape
MVSSRC.SOURCE.F01	source	FILE0001	IKTCAS32	1561	identical-elsewhere	variants/tape/source/IKTCAS32.asm	conflict	tape
MVSSRC.SOURCE.F01	source	FILE0001	IKTCAS33	1365	identical-elsewhere	variants/tape/source/IKTCAS33.asm	conflict	tape
MVSSRC.SOURCE.F01	source	FILE0001	IKTCAS40	951	identical-elsewhere	variants/tape/source/IKTCAS40.asm	conflict	tape
MVSSRC.SOURCE.F01	source	FILE0001	IKTCAS41	748	identical-elsewhere	variants/tape/source/IKTCAS41.asm	conflict	tape
MVSSRC.SOURCE.F01	source	FILE0001	IKTCAS42	745	identical-elsewhere	variants/tape/source/IKTCAS42.asm	conflict	tape
MVSSRC.SOURCE.F01	source	FILE0001	IKTCAS51	247	identical-elsewhere	variants/tape/source/IKTCAS51.asm	conflict	tape
MVSSRC.SOURCE.F01	source	FILE0001	IKTCAS52	1286	identical-elsewhere	variants/tape/source/IKTCAS52.asm	conflict	tape
MVSSRC.SOURCE.F01	source	FILE0001	IKTCAS55	856	identical-elsewhere	variants/tape/source/IKTCAS55.asm	conflict	tape
MVSSRC.SOURCE.F01	source	FILE0001	IKTCAS56	289	identical-elsewhere	variants/tape/source/IKTCAS56.asm	conflict	tape
MVSSRC.SOURCE.F01	source	FILE0001	IKTCASCX	2305	identical-elsewhere	variants/tape/source/IKTCASCX.asm	conflict	tape
MVSSRC.SOURCE.F01	source	FILE0001	IKTCASOX	2080	identical-elsewhere	variants/tape/source/IKTCASOX.asm	conflict	tape
MVSSRC.SOURCE.F01	source	FILE0001	IKTIOFRR	3123	identical-elsewhere	variants/tape/source/IKTIOFRR.asm	conflict	tape
MVSSRC.SOURCE.F01	source	FILE0001	IKTRPLXT	1358	identical-elsewhere	variants/tape/source/IKTRPLXT.asm	conflict	tape
MVSSRC.SOURCE.F01	source	FILE0001	IKTXLOG	799	identical-elsewhere	variants/tape/source/IKTXLOG.asm	conflict	tape
MVSSRC.SOURCE.F02	source	FILE0002	ISTCC010	1567	identical-elsewhere	variants/tape/source/ISTCC010.asm	conflict	tape
MVSSRC.SOURCE.F02	source	FILE0002	ISTCC012	777	identical-elsewhere	variants/tape/source/ISTCC012.asm	conflict	tape
MVSSRC.SOURCE.F02	source	FILE0002	ISTCC013	1273	identical-elsewhere	variants/tape/source/ISTCC013.asm	conflict	tape
MVSSRC.SOURCE.F02	source	FILE0002	ISTCC014	3159	identical-elsewhere	variants/tape/source/ISTCC014.asm	conflict	tape
MVSSRC.SOURCE.F02	source	FILE0002	ISTCC015	1135	identical-elsewhere	variants/tape/source/ISTCC015.asm	conflict	tape
MVSSRC.SOURCE.F02	source	FILE0002	ISTCC016	3276	identical-elsewhere	variants/tape/source/ISTCC016.asm	conflict	tape
MVSSRC.SOURCE.F02	source	FILE0002	ISTEC000	45	identical-elsewhere	variants/tape/source/ISTEC000.asm	conflict	tape
MVSSRC.SOURCE.F02	source	FILE0002	ISTEC123	1026	identical-elsewhere	variants/tape/source/ISTEC123.asm	conflict	tape
MVSSRC.SOURCE.F02	source	FILE0002	ISTEC456	1006	identical-elsewhere	variants/tape/source/ISTEC456.asm	conflict	tape
MVSSRC.SOURCE.F02	source	FILE0002	ISTIC003	1598	identical-elsewhere	variants/tape/source/ISTIC003.asm	conflict	tape
MVSSRC.SOURCE.F02	source	FILE0002	ISTIC004	2580	identical-elsewhere	variants/tape/source/ISTIC004.asm	conflict	tape
MVSSRC.SOURCE.F02	source	FILE0002	ISTIC005	1844	identical-elsewhere	variants/tape/source/ISTIC005.asm	conflict	tape
MVSSRC.SOURCE.F02	source	FILE0002	ISTIC006	1602	identical-elsewhere	variants/tape/source/ISTIC006.asm	conflict	tape
MVSSRC.SOURCE.F02	source	FILE0002	ISTIC007	1029	identical-elsewhere	variants/tape/source/ISTIC007.asm	conflict	tape
MVSSRC.SOURCE.F02	source	FILE0002	ISTIC008	1358	identical-elsewhere	variants/tape/source/ISTIC008.asm	conflict	tape
MVSSRC.SOURCE.F02	source	FILE0002	ISTIC009	1476	identical-elsewhere	variants/tape/source/ISTIC009.asm	conflict	tape
MVSSRC.SOURCE.F02	source	FILE0002	ISTIC00A	2239	identical-elsewhere	variants/tape/source/ISTIC00A.asm	conflict	tape
MVSSRC.SOURCE.F02	source	FILE0002	ISTSC020	1598	identical-elsewhere	variants/tape/source/ISTSC020.asm	conflict	tape
MVSSRC.SOURCE.F02	source	FILE0002	ISTSC021	269	identical-elsewhere	variants/tape/source/ISTSC021.asm	conflict	tape
MVSSRC.SOURCE.F02	source	FILE0002	ISTSC022	1425	identical-elsewhere	variants/tape/source/ISTSC022.asm	conflict	tape
MVSSRC.SOURCE.F02	source	FILE0002	ISTSC023	135	identical-elsewhere	variants/tape/source/ISTSC023.asm	conflict	tape
MVSSRC.SOURCE.F02	source	FILE0002	ISTSC024	3010	identical-elsewhere	variants/tape/source/ISTSC024.asm	conflict	tape
MVSSRC.SOURCE.F02	source	FILE0002	ISTSC025	2001	identical-elsewhere	variants/tape/source/ISTSC025.asm	conflict	tape
MVSSRC.SOURCE.F02	source	FILE0002	ISTSC026	83	identical-elsewhere	variants/tape/source/ISTSC026.asm	conflict	tape
MVSSRC.SOURCE.F02	source	FILE0002	ISTSC028	797	identical-elsewhere	variants/tape/source/ISTSC028.asm	conflict	tape
MVSSRC.SOURCE.F02	source	FILE0002	ISTSC02A	783	identical-elsewhere	variants/tape/source/ISTSC02A.asm	conflict	tape
MVSSRC.SOURCE.F02	source	FILE0002	ISTSC02B	350	identical-elsewhere	variants/tape/source/ISTSC02B.asm	conflict	tape
MVSSRC.SOURCE.F02	source	FILE0002	ISTSC02C	1016	identical-elsewhere	variants/tape/source/ISTSC02C.asm	conflict	tape
MVSSRC.SOURCE.F02	source	FILE0002	ISTSC02D	649	identical-elsewhere	variants/tape/source/ISTSC02D.asm	conflict	tape
MVSSRC.SOURCE.F02	source	FILE0002	ISTSC02E	829	identical-elsewhere	variants/tape/source/ISTSC02E.asm	conflict	tape
MVSSRC.SOURCE.F02	source	FILE0002	ISTSC033	1553	identical-elsewhere	variants/tape/source/ISTSC033.asm	conflict	tape
MVSSRC.SOURCE.F02	source	FILE0002	ISTTC035	941	identical-elsewhere	variants/tape/source/ISTTC035.asm	conflict	tape
MVSSRC.SOURCE.F02	source	FILE0002	ISTTC037	2148	identical-elsewhere	variants/tape/source/ISTTC037.asm	conflict	tape
MVSSRC.SOURCE.F03	source	FILE0003	ISTAUCAG	57	identical-elsewhere	variants/tape/source/ISTAUCAG.asm	conflict	tape
MVSSRC.SOURCE.F03	source	FILE0003	ISTAUCAT	57	identical-elsewhere	variants/tape/source/ISTAUCAT.asm	conflict	tape
MVSSRC.SOURCE.F03	source	FILE0003	ISTINCIT	1453	identical-elsewhere	variants/tape/source/ISTINCIT.asm	conflict	tape
MVSSRC.SOURCE.F03	source	FILE0003	ISTINCRS	831	identical-elsewhere	variants/tape/source/ISTINCRS.asm	conflict	tape
MVSSRC.SOURCE.F03	source	FILE0003	ISTINCY1	2874	identical-elsewhere	variants/tape/source/ISTINCY1.asm	conflict	tape
MVSSRC.SOURCE.F03	source	FILE0003	ISTORFID	142	identical-elsewhere	variants/tape/source/ISTORFID.asm	conflict	tape
MVSSRC.SOURCE.F03	source	FILE0003	ISTORFRA	882	identical-elsewhere	variants/tape/source/ISTORFRA.asm	conflict	tape
MVSSRC.SOURCE.F03	source	FILE0003	ISTRACCA	329	identical-elsewhere	variants/tape/source/ISTRACCA.asm	conflict	tape
MVSSRC.SOURCE.F03	source	FILE0003	ISTRACCR	184	identical-elsewhere	variants/tape/source/ISTRACCR.asm	conflict	tape
MVSSRC.SOURCE.F03	source	FILE0003	ISTSDCC3	448	identical-elsewhere	variants/tape/source/ISTSDCC3.asm	conflict	tape
MVSSRC.SOURCE.F03	source	FILE0003	ISTSDCC4	1253	identical-elsewhere	variants/tape/source/ISTSDCC4.asm	conflict	tape
MVSSRC.SOURCE.F03	source	FILE0003	ISTSDCOD	84	identical-elsewhere	variants/tape/source/ISTSDCOD.asm	conflict	tape
MVSSRC.SOURCE.F03	source	FILE0003	ISTSDCSB	1088	identical-elsewhere	variants/tape/source/ISTSDCSB.asm	conflict	tape
MVSSRC.SYM101.F01	sym1-1	FILE0001	AMDDATA	223	identical-default	ibm/AMD/AMDDATA.asm	unique	tape
MVSSRC.SYM101.F01	sym1-1	FILE0001	AMDPCBPL	40	identical-default	ibm/AMD/AMDPCBPL.asm	unique	tape
MVSSRC.SYM101.F01	sym1-1	FILE0001	AMDSARMK	1024	identical-default	ibm/AMD/AMDSARMK.asm	unique	tape
MVSSRC.SYM101.F01	sym1-1	FILE0001	ANYMOD	8	identical-default	ibm/ANY/ANYMOD.asm	unique	tape
MVSSRC.SYM101.F01	sym1-1	FILE0001	BRING	99	identical-default	ibm/BRI/BRING.asm	unique	tape
MVSSRC.SYM101.F01	sym1-1	FILE0001	BRKELEM	31	identical-default	ibm/BRK/BRKELEM.asm	unique	tape
MVSSRC.SYM101.F01	sym1-1	FILE0001	BRPRTMSG	29	identical-default	ibm/BRP/BRPRTMSG.asm	unique	tape
MVSSRC.SYM101.F01	sym1-1	FILE0001	BRREAD	118	identical-default	ibm/BRR/BRREAD.asm	unique	tape
MVSSRC.SYM101.F01	sym1-1	FILE0001	BRWRITE	40	identical-default	ibm/BRW/BRWRITE.asm	unique	tape
MVSSRC.SYM101.F01	sym1-1	FILE0001	CENXTR	4	identical-default	ibm/CEN/CENXTR.asm	unique	tape
MVSSRC.SYM101.F01	sym1-1	FILE0001	CMWTO	34	identical-default	ibm/CMW/CMWTO.asm	unique	tape
MVSSRC.SYM101.F01	sym1-1	FILE0001	COMCOM	13	identical-default	ibm/COM/COMCOM.asm	unique	tape
MVSSRC.SYM101.F01	sym1-1	FILE0001	COMMON	782	identical-default	ibm/COM/COMMON.asm	unique	tape
MVSSRC.SYM101.F01	sym1-1	FILE0001	CONTIME	53	identical-default	ibm/CON/CONTIME.asm	unique	tape
MVSSRC.SYM101.F01	sym1-1	FILE0001	DEL	110	identical-default	ibm/DEL/DEL.asm	unique	tape
MVSSRC.SYM101.F01	sym1-1	FILE0001	EQUATES	149	identical-default	ibm/EQU/EQUATES.asm	unique	tape
MVSSRC.SYM101.F01	sym1-1	FILE0001	FMTPTRN	61	identical-default	ibm/FMT/FMTPTRN.asm	unique	tape
MVSSRC.SYM101.F01	sym1-1	FILE0001	FREEJSCB	22	identical-default	ibm/FRE/FREEJSCB.asm	unique	tape
MVSSRC.SYM101.F01	sym1-1	FILE0001	FSPACE	76	identical-default	ibm/FSP/FSPACE.asm	unique	tape
MVSSRC.SYM101.F01	sym1-1	FILE0001	FTREE	46	identical-default	ibm/FTR/FTREE.asm	unique	tape
MVSSRC.SYM101.F01	sym1-1	FILE0001	GETJSCB	25	identical-default	ibm/GET/GETJSCB.asm	unique	tape
MVSSRC.SYM101.F01	sym1-1	FILE0001	GETSEQ	31	identical-default	ibm/GET/GETSEQ.asm	unique	tape
MVSSRC.SYM101.F01	sym1-1	FILE0001	GLOBAL	5	identical-default	ibm/GLO/GLOBAL.asm	unique	tape
MVSSRC.SYM101.F01	sym1-1	FILE0001	GSPACE	92	identical-default	ibm/GSP/GSPACE.asm	unique	tape
MVSSRC.SYM101.F01	sym1-1	FILE0001	HEXCNVT	183	identical-default	ibm/HEX/HEXCNVT.asm	unique	tape
MVSSRC.SYM101.F01	sym1-1	FILE0001	ICFWORK	249	identical-default	ibm/ICF/ICFWORK.asm	unique	tape
MVSSRC.SYM101.F01	sym1-1	FILE0001	IEACIWA	228	identical-default	ibm/IEA/IEACIWA.asm	unique	tape
MVSSRC.SYM101.F01	sym1-1	FILE0001	IEAMMB	83	identical-default	ibm/IEA/IEAMMB.asm	unique	tape
MVSSRC.SYM101.F01	sym1-1	FILE0001	IEAMQE	36	identical-default	ibm/IEA/IEAMQE.asm	unique	tape
MVSSRC.SYM101.F01	sym1-1	FILE0001	IEAPMNIP	345	identical-default	ibm/IEA/IEAPMNIP.asm	unique	tape
MVSSRC.SYM101.F01	sym1-1	FILE0001	IEAPNPB	637	identical-default	ibm/IEA/IEAPNPB.asm	unique	tape
MVSSRC.SYM101.F01	sym1-1	FILE0001	IEAPXNIP	55	identical-default	ibm/IEA/IEAPXNIP.asm	unique	tape
MVSSRC.SYM101.F01	sym1-1	FILE0001	IEARCTD	404	identical-default	ibm/IEA/IEARCTD.asm	unique	tape
MVSSRC.SYM101.F01	sym1-1	FILE0001	IEARSMID	7	identical-default	ibm/IEA/IEARSMID.asm	unique	tape
MVSSRC.SYM101.F01	sym1-1	FILE0001	IEAVSPSA	339	identical-default	ibm/IEA/IEAVSPSA.asm	unique	tape
MVSSRC.SYM101.F01	sym1-1	FILE0001	IECDBEB	37	identical-default	ibm/IEC/IECDBEB.asm	unique	tape
MVSSRC.SYM101.F01	sym1-1	FILE0001	IECDCAT	73	identical-default	ibm/IEC/IECDCAT.asm	unique	tape
MVSSRC.SYM101.F01	sym1-1	FILE0001	IECDCRCA	126	identical-default	ibm/IEC/IECDCRCA.asm	unique	tape
MVSSRC.SYM101.F01	sym1-1	FILE0001	IECDEPCB	40	identical-default	ibm/IEC/IECDEPCB.asm	unique	tape
MVSSRC.SYM101.F01	sym1-1	FILE0001	IECDFIX	24	identical-default	ibm/IEC/IECDFIX.asm	unique	tape
MVSSRC.SYM101.F01	sym1-1	FILE0001	IECDHIDT	94	identical-default	ibm/IEC/IECDHIDT.asm	unique	tape
MVSSRC.SYM101.F01	sym1-1	FILE0001	IECDIDAL	20	identical-default	ibm/IEC/IECDIDAL.asm	unique	tape
MVSSRC.SYM101.F01	sym1-1	FILE0001	IECDIOQ	69	identical-default	ibm/IEC/IECDIOQ.asm	unique	tape
MVSSRC.SYM101.F01	sym1-1	FILE0001	IECDIPIB	173	identical-default	ibm/IEC/IECDIPIB.asm	unique	tape
MVSSRC.SYM101.F01	sym1-1	FILE0001	IECDIRT	227	identical-default	ibm/IEC/IECDIRT.asm	unique	tape
MVSSRC.SYM101.F01	sym1-1	FILE0001	IECDLCH	76	identical-default	ibm/IEC/IECDLCH.asm	unique	tape
MVSSRC.SYM101.F01	sym1-1	FILE0001	IECDPIRL	86	identical-default	ibm/IEC/IECDPIRL.asm	unique	tape
MVSSRC.SYM101.F01	sym1-1	FILE0001	IECDRQE	134	identical-default	ibm/IEC/IECDRQE.asm	unique	tape
MVSSRC.SYM101.F01	sym1-1	FILE0001	IECDSCD	50	identical-default	ibm/IEC/IECDSCD.asm	unique	tape
MVSSRC.SYM101.F01	sym1-1	FILE0001	IECDSFRR	44	identical-default	ibm/IEC/IECDSFRR.asm	unique	tape
MVSSRC.SYM101.F01	sym1-1	FILE0001	IECDSIAB	26	identical-default	ibm/IEC/IECDSIAB.asm	unique	tape
MVSSRC.SYM101.F01	sym1-1	FILE0001	IECDTCCW	162	identical-default	ibm/IEC/IECDTCCW.asm	unique	tape
MVSSRC.SYM101.F01	sym1-1	FILE0001	IECDVOID	109	identical-default	ibm/IEC/IECDVOID.asm	unique	tape
MVSSRC.SYM101.F01	sym1-1	FILE0001	IECDXDBA	51	identical-default	ibm/IEC/IECDXDBA.asm	unique	tape
MVSSRC.SYM101.F01	sym1-1	FILE0001	IECDXFRR	52	identical-default	ibm/IEC/IECDXFRR.asm	unique	tape
MVSSRC.SYM101.F01	sym1-1	FILE0001	IECIOLTP	244	identical-default	ibm/IEC/IECIOLTP.asm	unique	tape
MVSSRC.SYM101.F01	sym1-1	FILE0001	IEEBUFSC	119	identical-default	ibm/IEE/IEEBUFSC.asm	unique	tape
MVSSRC.SYM101.F01	sym1-1	FILE0001	IEECVMAP	65	identical-default	ibm/IEE/IEECVMAP.asm	unique	tape
MVSSRC.SYM101.F01	sym1-1	FILE0001	IEELCA	116	identical-default	ibm/IEE/IEELCA.asm	unique	tape
MVSSRC.SYM101.F01	sym1-1	FILE0001	IEERDCM	251	identical-default	ibm/IEE/IEERDCM.asm	unique	tape
MVSSRC.SYM101.F01	sym1-1	FILE0001	IEESDT	103	identical-default	ibm/IEE/IEESDT.asm	unique	tape
MVSSRC.SYM101.F01	sym1-1	FILE0001	IEETDCM	927	identical-default	ibm/IEE/IEETDCM.asm	unique	tape
MVSSRC.SYM101.F01	sym1-1	FILE0001	IEEUCDX	133	identical-default	ibm/IEE/IEEUCDX.asm	unique	tape
MVSSRC.SYM101.F01	sym1-1	FILE0001	IEEZB800	27	identical-default	ibm/IEE/IEEZB800.asm	unique	tape
MVSSRC.SYM101.F01	sym1-1	FILE0001	IEEZB801	71	identical-default	ibm/IEE/IEEZB801.asm	unique	tape
MVSSRC.SYM101.F01	sym1-1	FILE0001	IEEZB906	32	identical-default	ibm/IEE/IEEZB906.asm	unique	tape
MVSSRC.SYM101.F01	sym1-1	FILE0001	IEFCVRWA	385	identical-default	ibm/IEF/IEFCVRWA.asm	unique	tape
MVSSRC.SYM101.F01	sym1-1	FILE0001	IEFJCLS	224	identical-default	ibm/IEF/IEFJCLS.asm	unique	tape
MVSSRC.SYM101.F01	sym1-1	FILE0001	IEFNELDF	22	identical-default	ibm/IEF/IEFNELDF.asm	unique	tape
MVSSRC.SYM101.F01	sym1-1	FILE0001	IEFPTRS	31	identical-default	ibm/IEF/IEFPTRS.asm	unique	tape
MVSSRC.SYM101.F01	sym1-1	FILE0001	IEFRELSE	12	identical-default	ibm/IEF/IEFRELSE.asm	unique	tape
MVSSRC.SYM101.F01	sym1-1	FILE0001	IEFSAVER	14	identical-default	ibm/IEF/IEFSAVER.asm	unique	tape
MVSSRC.SYM101.F01	sym1-1	FILE0001	IEFVJSEL	93	identical-default	ibm/IEF/IEFVJSEL.asm	unique	tape
MVSSRC.SYM101.F01	sym1-1	FILE0001	IEFVJSOL	144	identical-default	ibm/IEF/IEFVJSOL.asm	unique	tape
MVSSRC.SYM101.F01	sym1-1	FILE0001	IEFVJSWA	72	identical-default	ibm/IEF/IEFVJSWA.asm	unique	tape
MVSSRC.SYM101.F01	sym1-1	FILE0001	IEFVJSXL	306	identical-default	ibm/IEF/IEFVJSXL.asm	unique	tape
MVSSRC.SYM101.F01	sym1-1	FILE0001	IEFVMAWA	110	identical-default	ibm/IEF/IEFVMAWA.asm	unique	tape
MVSSRC.SYM101.F01	sym1-1	FILE0001	IEFVMCWA	34	identical-default	ibm/IEF/IEFVMCWA.asm	unique	tape
MVSSRC.SYM101.F01	sym1-1	FILE0001	IEFVMDWA	46	identical-default	ibm/IEF/IEFVMDWA.asm	unique	tape
MVSSRC.SYM101.F01	sym1-1	FILE0001	IEFVMEWA	69	identical-default	ibm/IEF/IEFVMEWA.asm	unique	tape
MVSSRC.SYM101.F01	sym1-1	FILE0001	IEFVMIWA	355	identical-default	ibm/IEF/IEFVMIWA.asm	unique	tape
MVSSRC.SYM101.F01	sym1-1	FILE0001	IEFVMJWA	30	identical-default	ibm/IEF/IEFVMJWA.asm	unique	tape
MVSSRC.SYM101.F01	sym1-1	FILE0001	IEFVMSWA	146	identical-default	ibm/IEF/IEFVMSWA.asm	unique	tape
MVSSRC.SYM101.F01	sym1-1	FILE0001	IEFVORWA	63	identical-default	ibm/IEF/IEFVORWA.asm	unique	tape
MVSSRC.SYM101.F01	sym1-1	FILE0001	IEFWKTAB	107	identical-default	ibm/IEF/IEFWKTAB.asm	unique	tape
MVSSRC.SYM101.F01	sym1-1	FILE0001	IEFWTPCB	114	identical-default	ibm/IEF/IEFWTPCB.asm	unique	tape
MVSSRC.SYM101.F01	sym1-1	FILE0001	IEFWTPST	91	identical-default	ibm/IEF/IEFWTPST.asm	unique	tape
MVSSRC.SYM101.F01	sym1-1	FILE0001	IEFZB429	35	identical-default	ibm/IEF/IEFZB429.asm	unique	tape
MVSSRC.SYM101.F01	sym1-1	FILE0001	IEFZB432	32	identical-default	ibm/IEF/IEFZB432.asm	unique	tape
MVSSRC.SYM101.F01	sym1-1	FILE0001	IEFZB435	64	identical-default	ibm/IEF/IEFZB435.asm	unique	tape
MVSSRC.SYM101.F01	sym1-1	FILE0001	IEFZB506	23	identical-default	ibm/IEF/IEFZB506.asm	unique	tape
MVSSRC.SYM101.F01	sym1-1	FILE0001	IEFZB507	64	identical-default	ibm/IEF/IEFZB507.asm	unique	tape
MVSSRC.SYM101.F01	sym1-1	FILE0001	IEFZB600	63	identical-default	ibm/IEF/IEFZB600.asm	unique	tape
MVSSRC.SYM101.F01	sym1-1	FILE0001	IEFZB622	42	identical-default	ibm/IEF/IEFZB622.asm	unique	tape
MVSSRC.SYM101.F01	sym1-1	FILE0001	IEFZB630	72	identical-default	ibm/IEF/IEFZB630.asm	unique	tape
MVSSRC.SYM101.F01	sym1-1	FILE0001	IEFZB9RD	37	identical-default	ibm/IEF/IEFZB9RD.asm	unique	tape
MVSSRC.SYM101.F01	sym1-1	FILE0001	IEFZGTWA	112	identical-default	ibm/IEF/IEFZGTWA.asm	unique	tape
MVSSRC.SYM101.F01	sym1-1	FILE0001	IEZCOM	54	identical-default	ibm/IEZ/IEZCOM.asm	unique	tape
MVSSRC.SYM101.F01	sym1-1	FILE0001	IEZIEL	351	identical-default	ibm/IEZ/IEZIEL.asm	unique	tape
MVSSRC.SYM101.F01	sym1-1	FILE0001	IEZIELDF	9	identical-default	ibm/IEZ/IEZIELDF.asm	unique	tape
MVSSRC.SYM101.F01	sym1-1	FILE0001	IEZMPL	128	identical-default	ibm/IEZ/IEZMPL.asm	unique	tape
MVSSRC.SYM101.F01	sym1-1	FILE0001	IFDCOM	18	identical-default	ibm/IFD/IFDCOM.asm	unique	tape
MVSSRC.SYM101.F01	sym1-1	FILE0001	IFDEVTAB	223	identical-default	ibm/IFD/IFDEVTAB.asm	unique	tape
MVSSRC.SYM101.F01	sym1-1	FILE0001	IFDMOD	8	identical-default	ibm/IFD/IFDMOD.asm	unique	tape
MVSSRC.SYM101.F01	sym1-1	FILE0001	IFDPATCH	21	identical-default	ibm/IFD/IFDPATCH.asm	unique	tape
MVSSRC.SYM101.F01	sym1-1	FILE0001	IFDPF1	799	identical-default	ibm/IFD/IFDPF1.asm	unique	tape
MVSSRC.SYM101.F01	sym1-1	FILE0001	IGFCDA	76	identical-default	ibm/IGF/IGFCDA.asm	unique	tape
MVSSRC.SYM101.F01	sym1-1	FILE0001	IGFERPIB	100	identical-default	ibm/IGF/IGFERPIB.asm	unique	tape
MVSSRC.SYM101.F01	sym1-1	FILE0001	IGFMSG	84	identical-default	ibm/IGF/IGFMSG.asm	unique	tape
MVSSRC.SYM101.F01	sym1-1	FILE0001	IGFPWA	213	identical-default	ibm/IGF/IGFPWA.asm	unique	tape
MVSSRC.SYM101.F01	sym1-1	FILE0001	IGFRMS	114	identical-default	ibm/IGF/IGFRMS.asm	unique	tape
MVSSRC.SYM101.F01	sym1-1	FILE0001	IGFRWA	152	identical-default	ibm/IGF/IGFRWA.asm	unique	tape
MVSSRC.SYM101.F01	sym1-1	FILE0001	IGFTHB	67	identical-default	ibm/IGF/IGFTHB.asm	unique	tape
MVSSRC.SYM101.F01	sym1-1	FILE0001	IHAABDA	583	identical-default	ibm/IHA/IHAABDA.asm	unique	tape
MVSSRC.SYM101.F01	sym1-1	FILE0001	IHAAQE	23	identical-default	ibm/IHA/IHAAQE.asm	unique	tape
MVSSRC.SYM101.F01	sym1-1	FILE0001	IHACSD	300	identical-default	ibm/IHA/IHACSD.asm	unique	tape
MVSSRC.SYM101.F01	sym1-1	FILE0001	IHADQE	34	identical-default	ibm/IHA/IHADQE.asm	unique	tape
MVSSRC.SYM101.F01	sym1-1	FILE0001	IHAESTA	86	identical-default	ibm/IHA/IHAESTA.asm	unique	tape
MVSSRC.SYM101.F01	sym1-1	FILE0001	IHAFBQE	29	identical-default	ibm/IHA/IHAFBQE.asm	unique	tape
MVSSRC.SYM101.F01	sym1-1	FILE0001	IHAFOE	54	identical-default	ibm/IHA/IHAFOE.asm	unique	tape
MVSSRC.SYM101.F01	sym1-1	FILE0001	IHAFQE	56	identical-default	ibm/IHA/IHAFQE.asm	unique	tape
MVSSRC.SYM101.F01	sym1-1	FILE0001	IHAGSDA	60	identical-default	ibm/IHA/IHAGSDA.asm	unique	tape
MVSSRC.SYM101.F01	sym1-1	FILE0001	IHAHDR	170	identical-default	ibm/IHA/IHAHDR.asm	unique	tape
MVSSRC.SYM101.F01	sym1-1	FILE0001	IHAINF	66	identical-default	ibm/IHA/IHAINF.asm	unique	tape
MVSSRC.SYM101.F01	sym1-1	FILE0001	IHAIQE	57	identical-default	ibm/IHA/IHAIQE.asm	unique	tape
MVSSRC.SYM101.F01	sym1-1	FILE0001	IHALCCAT	50	identical-default	ibm/IHA/IHALCCAT.asm	unique	tape
MVSSRC.SYM101.F01	sym1-1	FILE0001	IHAMB	66	identical-default	ibm/IHA/IHAMB.asm	unique	tape
MVSSRC.SYM101.F01	sym1-1	FILE0001	IHAPCB	286	identical-default	ibm/IHA/IHAPCB.asm	unique	tape
MVSSRC.SYM101.F01	sym1-1	FILE0001	IHAPCBR	180	identical-default	ibm/IHA/IHAPCBR.asm	unique	tape
MVSSRC.SYM101.F01	sym1-1	FILE0001	IHAPCCA	742	identical-default	ibm/IHA/IHAPCCA.asm	unique	tape
MVSSRC.SYM101.F01	sym1-1	FILE0001	IHAPCCAT	50	identical-default	ibm/IHA/IHAPCCAT.asm	unique	tape
MVSSRC.SYM101.F01	sym1-1	FILE0001	IHAPFTE	232	identical-default	ibm/IHA/IHAPFTE.asm	unique	tape
MVSSRC.SYM101.F01	sym1-1	FILE0001	IHAPICA	109	identical-default	ibm/IHA/IHAPICA.asm	unique	tape
MVSSRC.SYM101.F01	sym1-1	FILE0001	IHAPIE	62	identical-default	ibm/IHA/IHAPIE.asm	unique	tape
MVSSRC.SYM101.F01	sym1-1	FILE0001	IHAPQE	59	identical-default	ibm/IHA/IHAPQE.asm	unique	tape
MVSSRC.SYM101.F01	sym1-1	FILE0001	IHAQDB	58	identical-default	ibm/IHA/IHAQDB.asm	unique	tape
MVSSRC.SYM101.F01	sym1-1	FILE0001	IHAQIO	133	identical-default	ibm/IHA/IHAQIO.asm	unique	tape
MVSSRC.SYM101.F01	sym1-1	FILE0001	IHARCA	314	identical-default	ibm/IHA/IHARCA.asm	unique	tape
MVSSRC.SYM101.F01	sym1-1	FILE0001	IHARQE	33	identical-default	ibm/IHA/IHARQE.asm	unique	tape
MVSSRC.SYM101.F01	sym1-1	FILE0001	IHARRRA	42	identical-default	ibm/IHA/IHARRRA.asm	unique	tape
MVSSRC.SYM101.F01	sym1-1	FILE0001	IHARTCT	827	identical-default	ibm/IHA/IHARTCT.asm	unique	tape
MVSSRC.SYM101.F01	sym1-1	FILE0001	IHASCE	62	identical-default	ibm/IHA/IHASCE.asm	unique	tape
MVSSRC.SYM101.F01	sym1-1	FILE0001	IHASCRA	55	identical-default	ibm/IHA/IHASCRA.asm	unique	tape
MVSSRC.SYM101.F01	sym1-1	FILE0001	IHASCVA	55	identical-default	ibm/IHA/IHASCVA.asm	unique	tape
MVSSRC.SYM101.F01	sym1-1	FILE0001	IHASHDR	26	identical-default	ibm/IHA/IHASHDR.asm	unique	tape
MVSSRC.SYM101.F01	sym1-1	FILE0001	IHASNP	138	identical-default	ibm/IHA/IHASNP.asm	unique	tape
MVSSRC.SYM101.F01	sym1-1	FILE0001	IHASPCT	131	identical-default	ibm/IHA/IHASPCT.asm	unique	tape
MVSSRC.SYM101.F01	sym1-1	FILE0001	IHASSRB	42	identical-default	ibm/IHA/IHASSRB.asm	unique	tape
MVSSRC.SYM101.F01	sym1-1	FILE0001	IHASVC	46	identical-default	ibm/IHA/IHASVC.asm	unique	tape
MVSSRC.SYM101.F01	sym1-1	FILE0001	IHATQE	105	identical-default	ibm/IHA/IHATQE.asm	unique	tape
MVSSRC.SYM101.F01	sym1-1	FILE0001	IHAVCB	171	identical-default	ibm/IHA/IHAVCB.asm	unique	tape
MVSSRC.SYM101.F01	sym1-1	FILE0001	IHAVSL	141	identical-default	ibm/IHA/IHAVSL.asm	unique	tape
MVSSRC.SYM101.F01	sym1-1	FILE0001	IHAXPTE	154	identical-default	ibm/IHA/IHAXPTE.asm	unique	tape
MVSSRC.SYM101.F01	sym1-1	FILE0001	IHAYSTAK	93	identical-default	ibm/IHA/IHAYSTAK.asm	unique	tape
MVSSRC.SYM101.F01	sym1-1	FILE0001	IKJEBEMB	34	identical-default	ibm/IKJ/IKJEBEMB.asm	unique	tape
MVSSRC.SYM101.F01	sym1-1	FILE0001	IKJEBEMT	22	identical-default	ibm/IKJ/IKJEBEMT.asm	unique	tape
MVSSRC.SYM101.F01	sym1-1	FILE0001	IKJEBEST	68	identical-default	ibm/IKJ/IKJEBEST.asm	unique	tape
MVSSRC.SYM101.F01	sym1-1	FILE0001	IKJEBEUW	226	identical-default	ibm/IKJ/IKJEBEUW.asm	unique	tape
MVSSRC.SYM101.F01	sym1-1	FILE0001	IKJEFA3A	165	identical-default	ibm/IKJ/IKJEFA3A.asm	unique	tape
MVSSRC.SYM101.F01	sym1-1	FILE0001	IKJEFLWA	563	identical-default	ibm/IKJ/IKJEFLWA.asm	unique	tape
MVSSRC.SYM101.F01	sym1-1	FILE0001	IKJEFLWP	116	identical-default	ibm/IKJ/IKJEFLWP.asm	unique	tape
MVSSRC.SYM101.F01	sym1-1	FILE0001	IKJEFPWA	1017	identical-default	ibm/IKJ/IKJEFPWA.asm	unique	tape
MVSSRC.SYM101.F01	sym1-1	FILE0001	IKJEFUAD	958	identical-default	ibm/IKJ/IKJEFUAD.asm	unique	tape
MVSSRC.SYM101.F01	sym1-1	FILE0001	IKJEFUDL	107	identical-default	ibm/IKJ/IKJEFUDL.asm	unique	tape
MVSSRC.SYM101.F01	sym1-1	FILE0001	IKJEGDBE	18	identical-default	ibm/IKJ/IKJEGDBE.asm	unique	tape
MVSSRC.SYM101.F01	sym1-1	FILE0001	IKJEGDME	17	identical-default	ibm/IKJ/IKJEGDME.asm	unique	tape
MVSSRC.SYM101.F01	sym1-1	FILE0001	IKJEGS6A	42	identical-default	ibm/IKJ/IKJEGS6A.asm	unique	tape
MVSSRC.SYM101.F01	sym1-1	FILE0001	IKJEGS9G	159	identical-default	ibm/IKJ/IKJEGS9G.asm	unique	tape
MVSSRC.SYM101.F01	sym1-1	FILE0001	IKJEGSIO	846	identical-default	ibm/IKJ/IKJEGSIO.asm	unique	tape
MVSSRC.SYM101.F01	sym1-1	FILE0001	IKJEGSPL	42	identical-default	ibm/IKJ/IKJEGSPL.asm	unique	tape
MVSSRC.SYM101.F01	sym1-1	FILE0001	IKJEGSUB	125	identical-default	ibm/IKJ/IKJEGSUB.asm	unique	tape
MVSSRC.SYM101.F01	sym1-1	FILE0001	IKJEGSVB	53	identical-default	ibm/IKJ/IKJEGSVB.asm	unique	tape
MVSSRC.SYM101.F01	sym1-1	FILE0001	IKJEGSVQ	24	identical-default	ibm/IKJ/IKJEGSVQ.asm	unique	tape
MVSSRC.SYM101.F01	sym1-1	FILE0001	IKJOCMTB	453	identical-default	ibm/IKJ/IKJOCMTB.asm	unique	tape
MVSSRC.SYM101.F01	sym1-1	FILE0001	IKJPARMA	67	identical-default	ibm/IKJ/IKJPARMA.asm	unique	tape
MVSSRC.SYM101.F01	sym1-1	FILE0001	IKJWHEN	36	identical-default	ibm/IKJ/IKJWHEN.asm	unique	tape
MVSSRC.SYM101.F01	sym1-1	FILE0001	IKJZBBMB	9	identical-default	ibm/IKJ/IKJZBBMB.asm	unique	tape
MVSSRC.SYM101.F01	sym1-1	FILE0001	IKJZT301	73	identical-default	ibm/IKJ/IKJZT301.asm	unique	tape
MVSSRC.SYM101.F01	sym1-1	FILE0001	IKJZT302	73	identical-default	ibm/IKJ/IKJZT302.asm	unique	tape
MVSSRC.SYM101.F01	sym1-1	FILE0001	IKJZT303	48	identical-default	ibm/IKJ/IKJZT303.asm	unique	tape
MVSSRC.SYM101.F01	sym1-1	FILE0001	IKJZT304	69	identical-default	ibm/IKJ/IKJZT304.asm	unique	tape
MVSSRC.SYM101.F01	sym1-1	FILE0001	IKJZT305	49	identical-default	ibm/IKJ/IKJZT305.asm	unique	tape
MVSSRC.SYM101.F01	sym1-1	FILE0001	ILRASMHD	199	identical-default	ibm/ILR/ILRASMHD.asm	unique	tape
MVSSRC.SYM101.F01	sym1-1	FILE0001	ILRASMVT	726	identical-default	ibm/ILR/ILRASMVT.asm	unique	tape
MVSSRC.SYM101.F01	sym1-1	FILE0001	ILRIORB	96	identical-default	ibm/ILR/ILRIORB.asm	unique	tape
MVSSRC.SYM101.F01	sym1-1	FILE0001	INS	833	identical-default	ibm/INS/INS.asm	unique	tape
MVSSRC.SYM101.F01	sym1-1	FILE0001	IOSGNIP	318	identical-default	ibm/IOS/IOSGNIP.asm	unique	tape
MVSSRC.SYM101.F01	sym1-1	FILE0001	IOSMSSA	43	identical-default	ibm/IOS/IOSMSSA.asm	unique	tape
MVSSRC.SYM101.F01	sym1-1	FILE0001	IRACCT	205	identical-default	ibm/IRA/IRACCT.asm	unique	tape
MVSSRC.SYM101.F01	sym1-1	FILE0001	IRADMDT	108	identical-default	ibm/IRA/IRADMDT.asm	unique	tape
MVSSRC.SYM101.F01	sym1-1	FILE0001	IRAEPAT	125	identical-default	ibm/IRA/IRAEPAT.asm	unique	tape
MVSSRC.SYM101.F01	sym1-1	FILE0001	IRAEPDT	102	identical-default	ibm/IRA/IRAEPDT.asm	unique	tape
MVSSRC.SYM101.F01	sym1-1	FILE0001	IRAEPNMP	544	identical-default	ibm/IRA/IRAEPNMP.asm	unique	tape
MVSSRC.SYM101.F01	sym1-1	FILE0001	IRAEPST	106	identical-default	ibm/IRA/IRAEPST.asm	unique	tape
MVSSRC.SYM101.F01	sym1-1	FILE0001	IRAICT	174	identical-default	ibm/IRA/IRAICT.asm	unique	tape
MVSSRC.SYM101.F01	sym1-1	FILE0001	IRAMCT	193	identical-default	ibm/IRA/IRAMCT.asm	unique	tape
MVSSRC.SYM101.F01	sym1-1	FILE0001	IRARCT	138	identical-default	ibm/IRA/IRARCT.asm	unique	tape
MVSSRC.SYM101.F01	sym1-1	FILE0001	IRARMCA	188	identical-default	ibm/IRA/IRARMCA.asm	unique	tape
MVSSRC.SYM101.F01	sym1-1	FILE0001	IRARMCT	209	identical-default	ibm/IRA/IRARMCT.asm	unique	tape
MVSSRC.SYM101.F01	sym1-1	FILE0001	IRARMEP	209	identical-default	ibm/IRA/IRARMEP.asm	unique	tape
MVSSRC.SYM101.F01	sym1-1	FILE0001	IRARMEX	110	identical-default	ibm/IRA/IRARMEX.asm	unique	tape
MVSSRC.SYM101.F01	sym1-1	FILE0001	IRARMPT	134	identical-default	ibm/IRA/IRARMPT.asm	unique	tape
MVSSRC.SYM101.F01	sym1-1	FILE0001	IRARMQH	129	identical-default	ibm/IRA/IRARMQH.asm	unique	tape
MVSSRC.SYM101.F01	sym1-1	FILE0001	IRARMSB	147	identical-default	ibm/IRA/IRARMSB.asm	unique	tape
MVSSRC.SYM101.F01	sym1-1	FILE0001	IRARQSRV	92	identical-default	ibm/IRA/IRARQSRV.asm	unique	tape
MVSSRC.SYM101.F01	sym1-1	FILE0001	IRARRPA	146	identical-default	ibm/IRA/IRARRPA.asm	unique	tape
MVSSRC.SYM101.F01	sym1-1	FILE0001	IRAWAMT	252	identical-default	ibm/IRA/IRAWAMT.asm	unique	tape
MVSSRC.SYM101.F01	sym1-1	FILE0001	IRAWMST	146	identical-default	ibm/IRA/IRAWMST.asm	unique	tape
MVSSRC.SYM101.F01	sym1-1	FILE0001	IRAWPGDT	199	identical-default	ibm/IRA/IRAWPGDT.asm	unique	tape
MVSSRC.SYM101.F01	sym1-1	FILE0001	IRAWPODT	130	identical-default	ibm/IRA/IRAWPODT.asm	unique	tape
MVSSRC.SYM101.F01	sym1-1	FILE0001	ISCAN	16	identical-default	ibm/ISC/ISCAN.asm	unique	tape
MVSSRC.SYM101.F01	sym1-1	FILE0001	OUTBUFM	26	identical-default	ibm/OUT/OUTBUFM.asm	unique	tape
MVSSRC.SYM101.F01	sym1-1	FILE0001	PCIPOST	107	identical-default	ibm/PCI/PCIPOST.asm	unique	tape
MVSSRC.SYM101.F01	sym1-1	FILE0001	PRPLY	4	identical-default	ibm/PRP/PRPLY.asm	unique	tape
MVSSRC.SYM101.F01	sym1-1	FILE0001	PSWGEN	72	identical-default	ibm/PSW/PSWGEN.asm	unique	tape
MVSSRC.SYM101.F01	sym1-1	FILE0001	PWRT	4	identical-default	ibm/PWR/PWRT.asm	unique	tape
MVSSRC.SYM101.F01	sym1-1	FILE0001	PWTO	4	identical-default	ibm/PWT/PWTO.asm	unique	tape
MVSSRC.SYM101.F01	sym1-1	FILE0001	PWTOR	4	identical-default	ibm/PWT/PWTOR.asm	unique	tape
MVSSRC.SYM101.F01	sym1-1	FILE0001	RECORD	108	identical-default	ibm/REC/RECORD.asm	unique	tape
MVSSRC.SYM101.F01	sym1-1	FILE0001	REGEQU	21	identical-default	ibm/REG/REGEQU.asm	unique	tape
MVSSRC.SYM101.F01	sym1-1	FILE0001	RESTORE	8	identical-default	ibm/RES/RESTORE.asm	unique	tape
MVSSRC.SYM101.F01	sym1-1	FILE0001	RPTDSECT	746	identical-default	ibm/RPT/RPTDSECT.asm	unique	tape
MVSSRC.SYM101.F01	sym1-1	FILE0001	SCANL	32	identical-default	ibm/SCA/SCANL.asm	unique	tape
MVSSRC.SYM101.F01	sym1-1	FILE0001	SCANR	31	identical-default	ibm/SCA/SCANR.asm	unique	tape
MVSSRC.SYM101.F01	sym1-1	FILE0001	SCSW	24	identical-default	ibm/SCS/SCSW.asm	unique	tape
MVSSRC.SYM101.F01	sym1-1	FILE0001	SIOTTTR	30	identical-default	ibm/SIO/SIOTTTR.asm	unique	tape
MVSSRC.SYM101.F01	sym1-1	FILE0001	SRCH	1421	identical-default	ibm/SRC/SRCH.asm	unique	tape
MVSSRC.SYM101.F01	sym1-1	FILE0001	STREE	432	identical-default	ibm/STR/STREE.asm	unique	tape
MVSSRC.SYM101.F01	sym1-1	FILE0001	SYNEPS	56	identical-default	ibm/SYN/SYNEPS.asm	unique	tape
MVSSRC.SYM101.F01	sym1-1	FILE0001	TAS	65	identical-default	ibm/TAS/TAS.asm	unique	tape
MVSSRC.SYM101.F01	sym1-1	FILE0001	TASC	8	identical-default	ibm/TAS/TASC.asm	unique	tape
MVSSRC.SYM101.F01	sym1-1	FILE0001	TASCD	12	identical-default	ibm/TAS/TASCD.asm	unique	tape
MVSSRC.SYM101.F01	sym1-1	FILE0001	TASCE	14	identical-default	ibm/TAS/TASCE.asm	unique	tape
MVSSRC.SYM101.F01	sym1-1	FILE0001	TASCT	14	identical-default	ibm/TAS/TASCT.asm	unique	tape
MVSSRC.SYM101.F01	sym1-1	FILE0001	TCOMTAB	359	identical-default	ibm/TCO/TCOMTAB.asm	unique	tape
MVSSRC.SYM101.F01	sym1-1	FILE0001	TIOTEXT	66	identical-default	ibm/TIO/TIOTEXT.asm	unique	tape
MVSSRC.SYM101.F01	sym1-1	FILE0001	TRAS	58	identical-default	ibm/TRA/TRAS.asm	unique	tape
MVSSRC.SYM101.F01	sym1-1	FILE0001	TRAT	18	identical-default	ibm/TRA/TRAT.asm	unique	tape
MVSSRC.SYM101.F01	sym1-1	FILE0001	TSORT	51	identical-default	ibm/TSO/TSORT.asm	unique	tape
MVSSRC.SYM101.F01	sym1-1	FILE0001	TSTCWORK	24	identical-default	ibm/TST/TSTCWORK.asm	unique	tape
MVSSRC.SYM101.F01	sym1-1	FILE0001	WINDOW	36	identical-default	ibm/WIN/WINDOW.asm	unique	tape
MVSSRC.SYM101.F01	sym1-1	FILE0001	WRTRP	22	identical-default	ibm/WRT/WRTRP.asm	unique	tape
MVSSRC.SYM101.F02	sym1-1	FILE0002	IFBDCB01	72	identical-default	ibm/IFB/IFBDCB01.asm	unique	tape
MVSSRC.SYM101.F02	sym1-1	FILE0002	IFBDCB02	52	identical-default	ibm/IFB/IFBDCB02.asm	unique	tape
MVSSRC.SYM101.F02	sym1-1	FILE0002	IFBOBR00	1401	identical-default	ibm/IFB/IFBOBR00.asm	unique	tape
MVSSRC.SYM101.F02	sym1-1	FILE0002	IFBSVC76	1600	identical-default	ibm/IFB/IFBSVC76.asm	unique	tape
MVSSRC.SYM101.F02	sym1-1	FILE0002	IFCDIP00	1763	identical-default	ibm/IFC/IFCDIP00.asm	unique	tape
MVSSRC.SYM101.F03	sym1-1	FILE0003	ICHRIN00	168	identical-default	ibm/ICH/ICHRIN00.asm	unique	tape
MVSSRC.SYM101.F04	sym1-1	FILE0004	IEFRPREP	541	identical-default	ibm/IEF/IEFRPREP.asm	unique	tape
MVSSRC.SYM101.F04	sym1-1	FILE0004	IEFXB500	3832	identical-default	ibm/IEF/IEFXB500.asm	unique	tape
MVSSRC.SYM101.F04	sym1-1	FILE0004	IEFXB601	6188	identical-default	ibm/IEF/IEFXB601.asm	unique	tape
MVSSRC.SYM101.F04	sym1-1	FILE0004	IEFXB602	1817	identical-default	ibm/IEF/IEFXB602.asm	unique	tape
MVSSRC.SYM101.F04	sym1-1	FILE0004	IEFXB603	98	identical-default	ibm/IEF/IEFXB603.asm	unique	tape
MVSSRC.SYM101.F04	sym1-1	FILE0004	IEFXB604	2340	identical-default	ibm/IEF/IEFXB604.asm	unique	tape
MVSSRC.SYM101.F04	sym1-1	FILE0004	IEFXB609	11706	identical-default	ibm/IEF/IEFXB609.asm	unique	tape
MVSSRC.SYM101.F04	sym1-1	FILE0004	IEFXB610	187	identical-default	ibm/IEF/IEFXB610.asm	unique	tape
MVSSRC.SYM101.F05	sym1-1	FILE0005	IEAVAP00	8228	identical-default	ibm/IEA/IEAVAP00.asm	unique	tape
MVSSRC.SYM101.F05	sym1-1	FILE0005	IEFAB4A0	4501	identical-default	ibm/IEF/IEFAB4A0.asm	unique	tape
MVSSRC.SYM101.F05	sym1-1	FILE0005	IEFAB4A2	5272	identical-default	ibm/IEF/IEFAB4A2.asm	unique	tape
MVSSRC.SYM101.F05	sym1-1	FILE0005	IEFAB4A3	2225	identical-default	ibm/IEF/IEFAB4A3.asm	unique	tape
MVSSRC.SYM101.F05	sym1-1	FILE0005	IEFAB4A4	3515	identical-default	ibm/IEF/IEFAB4A4.asm	unique	tape
MVSSRC.SYM101.F05	sym1-1	FILE0005	IEFAB4A6	1423	identical-default	ibm/IEF/IEFAB4A6.asm	unique	tape
MVSSRC.SYM101.F05	sym1-1	FILE0005	IEFAB4A8	1787	identical-default	ibm/IEF/IEFAB4A8.asm	unique	tape
MVSSRC.SYM101.F05	sym1-1	FILE0005	IEFAB4B0	596	identical-default	ibm/IEF/IEFAB4B0.asm	unique	tape
MVSSRC.SYM101.F05	sym1-1	FILE0005	IEFAB4B2	859	identical-default	ibm/IEF/IEFAB4B2.asm	unique	tape
MVSSRC.SYM101.F05	sym1-1	FILE0005	IEFAB4DC	2902	identical-default	ibm/IEF/IEFAB4DC.asm	unique	tape
MVSSRC.SYM101.F05	sym1-1	FILE0005	IEFAB4DD	2665	identical-default	ibm/IEF/IEFAB4DD.asm	unique	tape
MVSSRC.SYM101.F05	sym1-1	FILE0005	IEFAB4DE	2286	identical-default	ibm/IEF/IEFAB4DE.asm	unique	tape
MVSSRC.SYM101.F05	sym1-1	FILE0005	IEFAB4E0	1526	identical-default	ibm/IEF/IEFAB4E0.asm	unique	tape
MVSSRC.SYM101.F05	sym1-1	FILE0005	IEFAB4E1	1204	identical-default	ibm/IEF/IEFAB4E1.asm	unique	tape
MVSSRC.SYM101.F05	sym1-1	FILE0005	IEFAB4E2	645	identical-default	ibm/IEF/IEFAB4E2.asm	unique	tape
MVSSRC.SYM101.F05	sym1-1	FILE0005	IEFAB4E3	54	identical-default	ibm/IEF/IEFAB4E3.asm	unique	tape
MVSSRC.SYM101.F05	sym1-1	FILE0005	IEFAB4E4	804	identical-default	ibm/IEF/IEFAB4E4.asm	unique	tape
MVSSRC.SYM101.F05	sym1-1	FILE0005	IEFAB4E5	2185	identical-default	ibm/IEF/IEFAB4E5.asm	unique	tape
MVSSRC.SYM101.F05	sym1-1	FILE0005	IEFAB4E6	894	identical-default	ibm/IEF/IEFAB4E6.asm	unique	tape
MVSSRC.SYM101.F05	sym1-1	FILE0005	IEFAB4E7	164	identical-default	ibm/IEF/IEFAB4E7.asm	unique	tape
MVSSRC.SYM101.F05	sym1-1	FILE0005	IEFAB4E8	1935	identical-default	ibm/IEF/IEFAB4E8.asm	unique	tape
MVSSRC.SYM101.F05	sym1-1	FILE0005	IEFAB4E9	686	identical-default	ibm/IEF/IEFAB4E9.asm	unique	tape
MVSSRC.SYM101.F05	sym1-1	FILE0005	IEFAB4EA	1271	identical-default	ibm/IEF/IEFAB4EA.asm	unique	tape
MVSSRC.SYM101.F05	sym1-1	FILE0005	IEFAB4EB	202	identical-default	ibm/IEF/IEFAB4EB.asm	unique	tape
MVSSRC.SYM101.F05	sym1-1	FILE0005	IEFAB4EC	2528	identical-default	ibm/IEF/IEFAB4EC.asm	unique	tape
MVSSRC.SYM101.F05	sym1-1	FILE0005	IEFAB4ED	3057	identical-default	ibm/IEF/IEFAB4ED.asm	unique	tape
MVSSRC.SYM101.F05	sym1-1	FILE0005	IEFAB4EE	1225	identical-default	ibm/IEF/IEFAB4EE.asm	unique	tape
MVSSRC.SYM101.F05	sym1-1	FILE0005	IEFAB4EF	1141	identical-default	ibm/IEF/IEFAB4EF.asm	unique	tape
MVSSRC.SYM101.F05	sym1-1	FILE0005	IEFAB4F0	368	identical-default	ibm/IEF/IEFAB4F0.asm	unique	tape
MVSSRC.SYM101.F05	sym1-1	FILE0005	IEFAB4F1	111	identical-default	ibm/IEF/IEFAB4F1.asm	unique	tape
MVSSRC.SYM101.F05	sym1-1	FILE0005	IEFAB4F2	1693	identical-default	ibm/IEF/IEFAB4F2.asm	unique	tape
MVSSRC.SYM101.F05	sym1-1	FILE0005	IEFAB4F3	199	identical-default	ibm/IEF/IEFAB4F3.asm	unique	tape
MVSSRC.SYM101.F05	sym1-1	FILE0005	IEFAB4F4	2362	identical-default	ibm/IEF/IEFAB4F4.asm	unique	tape
MVSSRC.SYM101.F05	sym1-1	FILE0005	IEFAB4F5	2094	identical-default	ibm/IEF/IEFAB4F5.asm	unique	tape
MVSSRC.SYM101.F05	sym1-1	FILE0005	IEFAB4F6	411	identical-default	ibm/IEF/IEFAB4F6.asm	unique	tape
MVSSRC.SYM101.F05	sym1-1	FILE0005	IEFAB4F7	1066	identical-default	ibm/IEF/IEFAB4F7.asm	unique	tape
MVSSRC.SYM101.F05	sym1-1	FILE0005	IEFAB4F8	2416	identical-default	ibm/IEF/IEFAB4F8.asm	unique	tape
MVSSRC.SYM101.F05	sym1-1	FILE0005	IEFAB4F9	1025	identical-default	ibm/IEF/IEFAB4F9.asm	unique	tape
MVSSRC.SYM101.F05	sym1-1	FILE0005	IEFAB4FA	4816	identical-default	ibm/IEF/IEFAB4FA.asm	unique	tape
MVSSRC.SYM101.F05	sym1-1	FILE0005	IEFAB4FC	2577	identical-default	ibm/IEF/IEFAB4FC.asm	unique	tape
MVSSRC.SYM101.F05	sym1-1	FILE0005	IEFAB4FD	308	identical-default	ibm/IEF/IEFAB4FD.asm	unique	tape
MVSSRC.SYM101.F05	sym1-1	FILE0005	IEFAB4FE	1602	identical-default	ibm/IEF/IEFAB4FE.asm	unique	tape
MVSSRC.SYM101.F05	sym1-1	FILE0005	IEFAB4FF	1043	identical-default	ibm/IEF/IEFAB4FF.asm	unique	tape
MVSSRC.SYM101.F05	sym1-1	FILE0005	IEFAB4M4	131	identical-default	ibm/IEF/IEFAB4M4.asm	unique	tape
MVSSRC.SYM101.F05	sym1-1	FILE0005	IEFAB4M5	69	identical-default	ibm/IEF/IEFAB4M5.asm	unique	tape
MVSSRC.SYM101.F05	sym1-1	FILE0005	IEFAB4M6	235	identical-default	ibm/IEF/IEFAB4M6.asm	unique	tape
MVSSRC.SYM101.F05	sym1-1	FILE0005	IEFAB4M7	90	identical-default	ibm/IEF/IEFAB4M7.asm	unique	tape
MVSSRC.SYM101.F05	sym1-1	FILE0005	IEFAB4M9	269	identical-default	ibm/IEF/IEFAB4M9.asm	unique	tape
MVSSRC.SYM101.F06	sym1-1	FILE0006	IEFAB421	6756	identical-default	ibm/IEF/IEFAB421.asm	unique	tape
MVSSRC.SYM101.F06	sym1-1	FILE0006	IEFAB422	2818	identical-default	ibm/IEF/IEFAB422.asm	unique	tape
MVSSRC.SYM101.F06	sym1-1	FILE0006	IEFAB423	2500	identical-default	ibm/IEF/IEFAB423.asm	unique	tape
MVSSRC.SYM101.F06	sym1-1	FILE0006	IEFAB424	2828	identical-default	ibm/IEF/IEFAB424.asm	unique	tape
MVSSRC.SYM101.F06	sym1-1	FILE0006	IEFAB425	1591	identical-default	ibm/IEF/IEFAB425.asm	unique	tape
MVSSRC.SYM101.F06	sym1-1	FILE0006	IEFAB426	987	identical-default	ibm/IEF/IEFAB426.asm	unique	tape
MVSSRC.SYM101.F06	sym1-1	FILE0006	IEFAB427	3493	identical-default	ibm/IEF/IEFAB427.asm	unique	tape
MVSSRC.SYM101.F06	sym1-1	FILE0006	IEFAB428	2631	identical-default	ibm/IEF/IEFAB428.asm	unique	tape
MVSSRC.SYM101.F06	sym1-1	FILE0006	IEFAB430	1642	identical-default	ibm/IEF/IEFAB430.asm	unique	tape
MVSSRC.SYM101.F06	sym1-1	FILE0006	IEFAB431	1331	identical-default	ibm/IEF/IEFAB431.asm	unique	tape
MVSSRC.SYM101.F06	sym1-1	FILE0006	IEFAB432	1975	identical-default	ibm/IEF/IEFAB432.asm	unique	tape
MVSSRC.SYM101.F06	sym1-1	FILE0006	IEFAB433	1925	identical-default	ibm/IEF/IEFAB433.asm	unique	tape
MVSSRC.SYM101.F06	sym1-1	FILE0006	IEFAB434	3687	identical-default	ibm/IEF/IEFAB434.asm	unique	tape
MVSSRC.SYM101.F06	sym1-1	FILE0006	IEFAB435	4324	identical-default	ibm/IEF/IEFAB435.asm	unique	tape
MVSSRC.SYM101.F06	sym1-1	FILE0006	IEFAB436	3297	identical-default	ibm/IEF/IEFAB436.asm	unique	tape
MVSSRC.SYM101.F06	sym1-1	FILE0006	IEFAB438	1170	identical-default	ibm/IEF/IEFAB438.asm	unique	tape
MVSSRC.SYM101.F06	sym1-1	FILE0006	IEFAB440	720	identical-default	ibm/IEF/IEFAB440.asm	unique	tape
MVSSRC.SYM101.F06	sym1-1	FILE0006	IEFAB441	2449	identical-default	ibm/IEF/IEFAB441.asm	unique	tape
MVSSRC.SYM101.F06	sym1-1	FILE0006	IEFAB442	860	identical-default	ibm/IEF/IEFAB442.asm	unique	tape
MVSSRC.SYM101.F06	sym1-1	FILE0006	IEFAB445	47	identical-default	ibm/IEF/IEFAB445.asm	unique	tape
MVSSRC.SYM101.F06	sym1-1	FILE0006	IEFAB451	2773	identical-default	ibm/IEF/IEFAB451.asm	unique	tape
MVSSRC.SYM101.F06	sym1-1	FILE0006	IEFAB452	1382	identical-default	ibm/IEF/IEFAB452.asm	unique	tape
MVSSRC.SYM101.F06	sym1-1	FILE0006	IEFAB453	1276	identical-default	ibm/IEF/IEFAB453.asm	unique	tape
MVSSRC.SYM101.F06	sym1-1	FILE0006	IEFAB454	985	identical-default	ibm/IEF/IEFAB454.asm	unique	tape
MVSSRC.SYM101.F06	sym1-1	FILE0006	IEFAB455	1177	identical-default	ibm/IEF/IEFAB455.asm	unique	tape
MVSSRC.SYM101.F06	sym1-1	FILE0006	IEFAB456	1136	identical-default	ibm/IEF/IEFAB456.asm	unique	tape
MVSSRC.SYM101.F06	sym1-1	FILE0006	IEFAB457	3748	identical-default	ibm/IEF/IEFAB457.asm	unique	tape
MVSSRC.SYM101.F06	sym1-1	FILE0006	IEFAB458	1345	identical-default	ibm/IEF/IEFAB458.asm	unique	tape
MVSSRC.SYM101.F06	sym1-1	FILE0006	IEFAB459	3543	identical-default	ibm/IEF/IEFAB459.asm	unique	tape
MVSSRC.SYM101.F06	sym1-1	FILE0006	IEFAB461	1825	identical-default	ibm/IEF/IEFAB461.asm	unique	tape
MVSSRC.SYM101.F06	sym1-1	FILE0006	IEFAB463	419	identical-default	ibm/IEF/IEFAB463.asm	unique	tape
MVSSRC.SYM101.F06	sym1-1	FILE0006	IEFAB464	2950	identical-default	ibm/IEF/IEFAB464.asm	unique	tape
MVSSRC.SYM101.F06	sym1-1	FILE0006	IEFAB466	1372	identical-default	ibm/IEF/IEFAB466.asm	unique	tape
MVSSRC.SYM101.F06	sym1-1	FILE0006	IEFAB469	2211	identical-default	ibm/IEF/IEFAB469.asm	unique	tape
MVSSRC.SYM101.F06	sym1-1	FILE0006	IEFAB470	854	identical-default	ibm/IEF/IEFAB470.asm	unique	tape
MVSSRC.SYM101.F06	sym1-1	FILE0006	IEFAB4UV	2512	identical-default	ibm/IEF/IEFAB4UV.asm	unique	tape
MVSSRC.SYM101.F07	sym1-1	FILE0007	IEFAB471	3554	identical-default	ibm/IEF/IEFAB471.asm	unique	tape
MVSSRC.SYM101.F07	sym1-1	FILE0007	IEFAB472	3620	identical-default	ibm/IEF/IEFAB472.asm	unique	tape
MVSSRC.SYM101.F07	sym1-1	FILE0007	IEFAB473	2582	identical-default	ibm/IEF/IEFAB473.asm	unique	tape
MVSSRC.SYM101.F07	sym1-1	FILE0007	IEFAB474	1337	identical-default	ibm/IEF/IEFAB474.asm	unique	tape
MVSSRC.SYM101.F07	sym1-1	FILE0007	IEFAB475	2179	identical-default	ibm/IEF/IEFAB475.asm	unique	tape
MVSSRC.SYM101.F07	sym1-1	FILE0007	IEFAB476	534	identical-default	ibm/IEF/IEFAB476.asm	unique	tape
MVSSRC.SYM101.F07	sym1-1	FILE0007	IEFAB477	2931	identical-default	ibm/IEF/IEFAB477.asm	unique	tape
MVSSRC.SYM101.F07	sym1-1	FILE0007	IEFAB478	3617	identical-default	ibm/IEF/IEFAB478.asm	unique	tape
MVSSRC.SYM101.F07	sym1-1	FILE0007	IEFAB479	2698	identical-default	ibm/IEF/IEFAB479.asm	unique	tape
MVSSRC.SYM101.F07	sym1-1	FILE0007	IEFAB480	3464	identical-default	ibm/IEF/IEFAB480.asm	unique	tape
MVSSRC.SYM101.F07	sym1-1	FILE0007	IEFAB481	488	identical-default	ibm/IEF/IEFAB481.asm	unique	tape
MVSSRC.SYM101.F07	sym1-1	FILE0007	IEFAB485	3102	identical-default	ibm/IEF/IEFAB485.asm	unique	tape
MVSSRC.SYM101.F07	sym1-1	FILE0007	IEFAB486	3310	identical-default	ibm/IEF/IEFAB486.asm	unique	tape
MVSSRC.SYM101.F07	sym1-1	FILE0007	IEFAB487	2521	identical-default	ibm/IEF/IEFAB487.asm	unique	tape
MVSSRC.SYM101.F07	sym1-1	FILE0007	IEFAB488	4416	identical-default	ibm/IEF/IEFAB488.asm	unique	tape
MVSSRC.SYM101.F07	sym1-1	FILE0007	IEFAB489	3961	identical-default	ibm/IEF/IEFAB489.asm	unique	tape
MVSSRC.SYM101.F07	sym1-1	FILE0007	IEFAB48A	3075	identical-default	ibm/IEF/IEFAB48A.asm	unique	tape
MVSSRC.SYM101.F07	sym1-1	FILE0007	IEFAB490	6041	identical-default	ibm/IEF/IEFAB490.asm	unique	tape
MVSSRC.SYM101.F07	sym1-1	FILE0007	IEFAB491	2263	identical-default	ibm/IEF/IEFAB491.asm	unique	tape
MVSSRC.SYM101.F07	sym1-1	FILE0007	IEFAB492	3898	identical-default	ibm/IEF/IEFAB492.asm	unique	tape
MVSSRC.SYM101.F07	sym1-1	FILE0007	IEFAB493	1538	identical-default	ibm/IEF/IEFAB493.asm	unique	tape
MVSSRC.SYM101.F07	sym1-1	FILE0007	IEFAB494	3783	identical-default	ibm/IEF/IEFAB494.asm	unique	tape
MVSSRC.SYM101.F07	sym1-1	FILE0007	IEFAB495	3943	identical-default	ibm/IEF/IEFAB495.asm	unique	tape
MVSSRC.SYM101.F07	sym1-1	FILE0007	IEFAB496	1834	identical-default	ibm/IEF/IEFAB496.asm	unique	tape
MVSSRC.SYM101.F07	sym1-1	FILE0007	IEFAB498	1439	identical-default	ibm/IEF/IEFAB498.asm	unique	tape
MVSSRC.SYM101.F07	sym1-1	FILE0007	IEFAB499	1470	identical-default	ibm/IEF/IEFAB499.asm	unique	tape
MVSSRC.SYM101.F07	sym1-1	FILE0007	IEFAB49A	2174	identical-default	ibm/IEF/IEFAB49A.asm	unique	tape
MVSSRC.SYM101.F07	sym1-1	FILE0007	IEFAB49B	2777	identical-default	ibm/IEF/IEFAB49B.asm	unique	tape
MVSSRC.SYM101.F07	sym1-1	FILE0007	IEFAB49C	524	identical-default	ibm/IEF/IEFAB49C.asm	unique	tape
MVSSRC.SYM101.F07	sym1-1	FILE0007	IEFACTRT	4	identical-default	ibm/IEF/IEFACTRT.asm	unique	tape
MVSSRC.SYM101.F07	sym1-1	FILE0007	IEFATECB	41	identical-default	ibm/IEF/IEFATECB.asm	unique	tape
MVSSRC.SYM101.F07	sym1-1	FILE0007	IEFBB4M1	66	identical-default	ibm/IEF/IEFBB4M1.asm	unique	tape
MVSSRC.SYM101.F07	sym1-1	FILE0007	IEFBB4M2	342	identical-default	ibm/IEF/IEFBB4M2.asm	unique	tape
MVSSRC.SYM101.F08	sym1-1	FILE0008	IEFBB401	4340	identical-default	ibm/IEF/IEFBB401.asm	unique	tape
MVSSRC.SYM101.F08	sym1-1	FILE0008	IEFBB402	1247	identical-default	ibm/IEF/IEFBB402.asm	unique	tape
MVSSRC.SYM101.F08	sym1-1	FILE0008	IEFBB404	1367	identical-default	ibm/IEF/IEFBB404.asm	unique	tape
MVSSRC.SYM101.F08	sym1-1	FILE0008	IEFBB410	5796	identical-default	ibm/IEF/IEFBB410.asm	unique	tape
MVSSRC.SYM101.F08	sym1-1	FILE0008	IEFBB412	391	identical-default	ibm/IEF/IEFBB412.asm	unique	tape
MVSSRC.SYM101.F08	sym1-1	FILE0008	IEFBB414	1417	identical-default	ibm/IEF/IEFBB414.asm	unique	tape
MVSSRC.SYM101.F08	sym1-1	FILE0008	IEFBB416	4759	identical-default	ibm/IEF/IEFBB416.asm	unique	tape
MVSSRC.SYM101.F08	sym1-1	FILE0008	IEFBB4M3	1081	identical-default	ibm/IEF/IEFBB4M3.asm	unique	tape
MVSSRC.SYM101.F08	sym1-1	FILE0008	IEFBB4M4	165	identical-default	ibm/IEF/IEFBB4M4.asm	unique	tape
MVSSRC.SYM101.F08	sym1-1	FILE0008	IEFBB4M5	72	identical-default	ibm/IEF/IEFBB4M5.asm	unique	tape
MVSSRC.SYM101.F08	sym1-1	FILE0008	IEFBR14	4	identical-default	ibm/IEF/IEFBR14.asm	unique	tape
MVSSRC.SYM101.F08	sym1-1	FILE0008	IEFDB400	3108	identical-default	ibm/IEF/IEFDB400.asm	unique	tape
MVSSRC.SYM101.F08	sym1-1	FILE0008	IEFDB401	37	identical-default	ibm/IEF/IEFDB401.asm	unique	tape
MVSSRC.SYM101.F08	sym1-1	FILE0008	IEFDB402	942	identical-default	ibm/IEF/IEFDB402.asm	unique	tape
MVSSRC.SYM101.F08	sym1-1	FILE0008	IEFDB403	674	identical-default	ibm/IEF/IEFDB403.asm	unique	tape
MVSSRC.SYM101.F08	sym1-1	FILE0008	IEFDB410	4880	identical-default	ibm/IEF/IEFDB410.asm	unique	tape
MVSSRC.SYM101.F08	sym1-1	FILE0008	IEFDB411	2638	identical-default	ibm/IEF/IEFDB411.asm	unique	tape
MVSSRC.SYM101.F08	sym1-1	FILE0008	IEFDB412	4618	identical-default	ibm/IEF/IEFDB412.asm	unique	tape
MVSSRC.SYM101.F08	sym1-1	FILE0008	IEFDB413	5705	identical-default	ibm/IEF/IEFDB413.asm	unique	tape
MVSSRC.SYM101.F08	sym1-1	FILE0008	IEFDB414	5004	identical-default	ibm/IEF/IEFDB414.asm	unique	tape
MVSSRC.SYM101.F08	sym1-1	FILE0008	IEFDB417	976	identical-default	ibm/IEF/IEFDB417.asm	unique	tape
MVSSRC.SYM101.F08	sym1-1	FILE0008	IEFDB418	3225	identical-default	ibm/IEF/IEFDB418.asm	unique	tape
MVSSRC.SYM101.F08	sym1-1	FILE0008	IEFDB450	1683	identical-default	ibm/IEF/IEFDB450.asm	unique	tape
MVSSRC.SYM101.F08	sym1-1	FILE0008	IEFDB460	1151	identical-default	ibm/IEF/IEFDB460.asm	unique	tape
MVSSRC.SYM101.F08	sym1-1	FILE0008	IEFDB4A0	3589	identical-default	ibm/IEF/IEFDB4A0.asm	unique	tape
MVSSRC.SYM101.F08	sym1-1	FILE0008	IEFDB4A1	4987	identical-default	ibm/IEF/IEFDB4A1.asm	unique	tape
MVSSRC.SYM101.F08	sym1-1	FILE0008	IEFDB4D0	5824	identical-default	ibm/IEF/IEFDB4D0.asm	unique	tape
MVSSRC.SYM101.F08	sym1-1	FILE0008	IEFDB4F8	2081	identical-default	ibm/IEF/IEFDB4F8.asm	unique	tape
MVSSRC.SYM101.F08	sym1-1	FILE0008	IEFDB4F9	3627	identical-default	ibm/IEF/IEFDB4F9.asm	unique	tape
MVSSRC.SYM101.F08	sym1-1	FILE0008	IEFDB4FA	720	identical-default	ibm/IEF/IEFDB4FA.asm	unique	tape
MVSSRC.SYM101.F08	sym1-1	FILE0008	IEFDB4FB	796	identical-default	ibm/IEF/IEFDB4FB.asm	unique	tape
MVSSRC.SYM101.F08	sym1-1	FILE0008	IEFDB4FC	255	identical-default	ibm/IEF/IEFDB4FC.asm	unique	tape
MVSSRC.SYM101.F08	sym1-1	FILE0008	IEFDB4FD	522	identical-default	ibm/IEF/IEFDB4FD.asm	unique	tape
MVSSRC.SYM101.F08	sym1-1	FILE0008	IEFDB4FE	1199	identical-default	ibm/IEF/IEFDB4FE.asm	unique	tape
MVSSRC.SYM101.F08	sym1-1	FILE0008	IEFDB4FF	556	identical-default	ibm/IEF/IEFDB4FF.asm	unique	tape
MVSSRC.SYM101.F09	sym1-1	FILE0009	IEFDB470	2122	identical-default	ibm/IEF/IEFDB470.asm	unique	tape
MVSSRC.SYM101.F09	sym1-1	FILE0009	IEFDB480	1458	identical-default	ibm/IEF/IEFDB480.asm	unique	tape
MVSSRC.SYM101.F09	sym1-1	FILE0009	IEFDB481	934	identical-default	ibm/IEF/IEFDB481.asm	unique	tape
MVSSRC.SYM101.F09	sym1-1	FILE0009	IEFDB490	1060	identical-default	ibm/IEF/IEFDB490.asm	unique	tape
MVSSRC.SYM101.F09	sym1-1	FILE0009	IEFDPOST	1180	identical-default	ibm/IEF/IEFDPOST.asm	unique	tape
MVSSRC.SYM101.F09	sym1-1	FILE0009	IEFIB660	1173	identical-default	ibm/IEF/IEFIB660.asm	unique	tape
MVSSRC.SYM101.F09	sym1-1	FILE0009	IEFSCAN	110	identical-default	ibm/IEF/IEFSCAN.asm	unique	tape
MVSSRC.SYM101.F09	sym1-1	FILE0009	IEFXVNSL	73	identical-default	ibm/IEF/IEFXVNSL.asm	unique	tape
MVSSRC.SYM101.F10	sym1-1	FILE0010	IEFJESDM	31	identical-default	ibm/IEF/IEFJESDM.asm	unique	tape
MVSSRC.SYM101.F10	sym1-1	FILE0010	IEFQB550	1579	identical-default	ibm/IEF/IEFQB550.asm	unique	tape
MVSSRC.SYM101.F10	sym1-1	FILE0010	IEFQB555	1707	identical-default	ibm/IEF/IEFQB555.asm	unique	tape
MVSSRC.SYM101.F10	sym1-1	FILE0010	IEFQB580	207	identical-default	ibm/IEF/IEFQB580.asm	unique	tape
MVSSRC.SYM101.F10	sym1-1	FILE0010	IEFQB585	898	identical-default	ibm/IEF/IEFQB585.asm	unique	tape
MVSSRC.SYM101.F11	sym1-1	FILE0011	IEFDSLST	237	identical-default	ibm/IEF/IEFDSLST.asm	unique	tape
MVSSRC.SYM101.F11	sym1-1	FILE0011	IEFDSTBL	535	identical-default	ibm/IEF/IEFDSTBL.asm	unique	tape
MVSSRC.SYM101.F11	sym1-1	FILE0011	IEFI922B	725	identical-default	ibm/IEF/IEFI922B.asm	unique	tape
MVSSRC.SYM101.F11	sym1-1	FILE0011	IEFIB600	3724	identical-default	ibm/IEF/IEFIB600.asm	unique	tape
MVSSRC.SYM101.F11	sym1-1	FILE0011	IEFIB605	1429	identical-default	ibm/IEF/IEFIB605.asm	unique	tape
MVSSRC.SYM101.F11	sym1-1	FILE0011	IEFIB620	2260	identical-default	ibm/IEF/IEFIB620.asm	unique	tape
MVSSRC.SYM101.F11	sym1-1	FILE0011	IEFIB621	2473	identical-default	ibm/IEF/IEFIB621.asm	unique	tape
MVSSRC.SYM101.F11	sym1-1	FILE0011	IEFIB645	2709	identical-default	ibm/IEF/IEFIB645.asm	unique	tape
MVSSRC.SYM101.F11	sym1-1	FILE0011	IEFIB650	223	identical-default	ibm/IEF/IEFIB650.asm	unique	tape
MVSSRC.SYM101.F11	sym1-1	FILE0011	IEFICATL	1436	identical-default	ibm/IEF/IEFICATL.asm	unique	tape
MVSSRC.SYM101.F11	sym1-1	FILE0011	IEFICPUA	108	identical-default	ibm/IEF/IEFICPUA.asm	unique	tape
MVSSRC.SYM101.F11	sym1-1	FILE0011	IEFIIC	2304	identical-default	ibm/IEF/IEFIIC.asm	unique	tape
MVSSRC.SYM101.F11	sym1-1	FILE0011	IEFIMASK	162	identical-default	ibm/IEF/IEFIMASK.asm	unique	tape
MVSSRC.SYM101.F11	sym1-1	FILE0011	IEFIRECM	1595	identical-default	ibm/IEF/IEFIRECM.asm	unique	tape
MVSSRC.SYM101.F11	sym1-1	FILE0011	IEFISEXR	606	identical-default	ibm/IEF/IEFISEXR.asm	unique	tape
MVSSRC.SYM101.F11	sym1-1	FILE0011	IEFJACTL	419	identical-default	ibm/IEF/IEFJACTL.asm	unique	tape
MVSSRC.SYM101.F11	sym1-1	FILE0011	IEFJCDLT	182	identical-default	ibm/IEF/IEFJCDLT.asm	unique	tape
MVSSRC.SYM101.F11	sym1-1	FILE0011	IEFJCNTL	2389	identical-default	ibm/IEF/IEFJCNTL.asm	unique	tape
MVSSRC.SYM101.F11	sym1-1	FILE0011	IEFJDIRD	231	identical-default	ibm/IEF/IEFJDIRD.asm	unique	tape
MVSSRC.SYM101.F11	sym1-1	FILE0011	IEFJDSNA	1090	identical-default	ibm/IEF/IEFJDSNA.asm	unique	tape
MVSSRC.SYM101.F11	sym1-1	FILE0011	IEFJDWRT	232	identical-default	ibm/IEF/IEFJDWRT.asm	unique	tape
MVSSRC.SYM101.F11	sym1-1	FILE0011	IEFJJCLS	201	identical-default	ibm/IEF/IEFJJCLS.asm	unique	tape
MVSSRC.SYM101.F11	sym1-1	FILE0011	IEFJJOBS	383	identical-default	ibm/IEF/IEFJJOBS.asm	unique	tape
MVSSRC.SYM101.F11	sym1-1	FILE0011	IEFJJTRM	864	identical-default	ibm/IEF/IEFJJTRM.asm	unique	tape
MVSSRC.SYM101.F11	sym1-1	FILE0011	IEFJRASP	931	identical-default	ibm/IEF/IEFJRASP.asm	unique	tape
MVSSRC.SYM101.F11	sym1-1	FILE0011	IEFJREAD	356	identical-default	ibm/IEF/IEFJREAD.asm	unique	tape
MVSSRC.SYM101.F11	sym1-1	FILE0011	IEFJRECM	1535	identical-default	ibm/IEF/IEFJRECM.asm	unique	tape
MVSSRC.SYM101.F11	sym1-1	FILE0011	IEFJSDTN	889	identical-default	ibm/IEF/IEFJSDTN.asm	unique	tape
MVSSRC.SYM101.F11	sym1-1	FILE0011	IEFJSINT	1974	identical-default	ibm/IEF/IEFJSINT.asm	unique	tape
MVSSRC.SYM101.F11	sym1-1	FILE0011	IEFJSREQ	1592	identical-default	ibm/IEF/IEFJSREQ.asm	unique	tape
MVSSRC.SYM101.F11	sym1-1	FILE0011	IEFJSSNT	173	identical-default	ibm/IEF/IEFJSSNT.asm	unique	tape
MVSSRC.SYM101.F11	sym1-1	FILE0011	IEFJWRTE	391	identical-default	ibm/IEF/IEFJWRTE.asm	unique	tape
MVSSRC.SYM101.F11	sym1-1	FILE0011	IEFJWTOM	665	identical-default	ibm/IEF/IEFJWTOM.asm	unique	tape
MVSSRC.SYM101.F11	sym1-1	FILE0011	IEFRSTRT	30	identical-default	ibm/IEF/IEFRSTRT.asm	unique	tape
MVSSRC.SYM101.F11	sym1-1	FILE0011	IEFSD101	795	identical-default	ibm/IEF/IEFSD101.asm	unique	tape
MVSSRC.SYM101.F11	sym1-1	FILE0011	IEFSD102	1150	identical-default	ibm/IEF/IEFSD102.asm	unique	tape
MVSSRC.SYM101.F11	sym1-1	FILE0011	IEFSD103	266	identical-default	ibm/IEF/IEFSD103.asm	unique	tape
MVSSRC.SYM101.F11	sym1-1	FILE0011	IEFSD160	2453	identical-default	ibm/IEF/IEFSD160.asm	unique	tape
MVSSRC.SYM101.F11	sym1-1	FILE0011	IEFSD161	4411	identical-default	ibm/IEF/IEFSD161.asm	unique	tape
MVSSRC.SYM101.F11	sym1-1	FILE0011	IEFSD162	1502	identical-default	ibm/IEF/IEFSD162.asm	unique	tape
MVSSRC.SYM101.F11	sym1-1	FILE0011	IEFSD164	785	identical-default	ibm/IEF/IEFSD164.asm	unique	tape
MVSSRC.SYM101.F11	sym1-1	FILE0011	IEFSD166	3163	identical-default	ibm/IEF/IEFSD166.asm	unique	tape
MVSSRC.SYM101.F11	sym1-1	FILE0011	IEFSD263	1631	identical-default	ibm/IEF/IEFSD263.asm	unique	tape
MVSSRC.SYM101.F11	sym1-1	FILE0011	IEFUJI	59	identical-default	ibm/IEF/IEFUJI.asm	unique	tape
MVSSRC.SYM101.F11	sym1-1	FILE0011	IEFUSI	59	identical-default	ibm/IEF/IEFUSI.asm	unique	tape
MVSSRC.SYM101.F11	sym1-1	FILE0011	IEFUTL	59	identical-default	ibm/IEF/IEFUTL.asm	unique	tape
MVSSRC.SYM101.F12	sym1-1	FILE0012	IEAVNP13	4165	identical-default	ibm/IEA/IEAVNP13.asm	unique	tape
MVSSRC.SYM101.F12	sym1-1	FILE0012	IEAVNP14	3929	identical-default	ibm/IEA/IEAVNP14.asm	unique	tape
MVSSRC.SYM101.F12	sym1-1	FILE0012	IEE0003D	1634	identical-default	ibm/IEE/IEE0003D.asm	unique	tape
MVSSRC.SYM101.F12	sym1-1	FILE0012	IEE00110	1121	identical-default	ibm/IEE/IEE00110.asm	unique	tape
MVSSRC.SYM101.F12	sym1-1	FILE0012	IEE0303D	698	identical-default	ibm/IEE/IEE0303D.asm	unique	tape
MVSSRC.SYM101.F12	sym1-1	FILE0012	IEE0403D	1224	identical-default	ibm/IEE/IEE0403D.asm	unique	tape
MVSSRC.SYM101.F12	sym1-1	FILE0012	IEE0503D	776	identical-default	ibm/IEE/IEE0503D.asm	unique	tape
MVSSRC.SYM101.F12	sym1-1	FILE0012	IEEAB400	878	identical-default	ibm/IEE/IEEAB400.asm	unique	tape
MVSSRC.SYM101.F12	sym1-1	FILE0012	IEEAB401	2122	identical-default	ibm/IEE/IEEAB401.asm	unique	tape
MVSSRC.SYM101.F12	sym1-1	FILE0012	IEEBASEC	23	identical-default	ibm/IEE/IEEBASEC.asm	unique	tape
MVSSRC.SYM101.F12	sym1-1	FILE0012	IEECB800	6483	identical-default	ibm/IEE/IEECB800.asm	unique	tape
MVSSRC.SYM101.F12	sym1-1	FILE0012	IEECB801	614	identical-default	ibm/IEE/IEECB801.asm	unique	tape
MVSSRC.SYM101.F12	sym1-1	FILE0012	IEECB860	1063	identical-default	ibm/IEE/IEECB860.asm	unique	tape
MVSSRC.SYM101.F12	sym1-1	FILE0012	IEECB866	5023	identical-default	ibm/IEE/IEECB866.asm	unique	tape
MVSSRC.SYM101.F12	sym1-1	FILE0012	IEECB900	2303	identical-default	ibm/IEE/IEECB900.asm	unique	tape
MVSSRC.SYM101.F12	sym1-1	FILE0012	IEECB901	1542	identical-default	ibm/IEE/IEECB901.asm	unique	tape
MVSSRC.SYM101.F12	sym1-1	FILE0012	IEECB904	1333	identical-default	ibm/IEE/IEECB904.asm	unique	tape
MVSSRC.SYM101.F12	sym1-1	FILE0012	IEEMB803	4356	identical-default	ibm/IEE/IEEMB803.asm	unique	tape
MVSSRC.SYM101.F12	sym1-1	FILE0012	IEEMB804	3432	identical-default	ibm/IEE/IEEMB804.asm	unique	tape
MVSSRC.SYM101.F12	sym1-1	FILE0012	IEEMB805	2146	identical-default	ibm/IEE/IEEMB805.asm	unique	tape
MVSSRC.SYM101.F12	sym1-1	FILE0012	IEEMB806	2516	identical-default	ibm/IEE/IEEMB806.asm	unique	tape
MVSSRC.SYM101.F12	sym1-1	FILE0012	IEEMB807	228	identical-default	ibm/IEE/IEEMB807.asm	unique	tape
MVSSRC.SYM101.F12	sym1-1	FILE0012	IEEMB810	1925	identical-default	ibm/IEE/IEEMB810.asm	unique	tape
MVSSRC.SYM101.F12	sym1-1	FILE0012	IEEMB811	617	identical-default	ibm/IEE/IEEMB811.asm	unique	tape
MVSSRC.SYM101.F12	sym1-1	FILE0012	IEEMB813	2174	identical-default	ibm/IEE/IEEMB813.asm	unique	tape
MVSSRC.SYM101.F12	sym1-1	FILE0012	IEEMB814	512	identical-default	ibm/IEE/IEEMB814.asm	unique	tape
MVSSRC.SYM101.F12	sym1-1	FILE0012	IEEMB860	3748	identical-default	ibm/IEE/IEEMB860.asm	unique	tape
MVSSRC.SYM101.F12	sym1-1	FILE0012	IEEPALTR	180	identical-default	ibm/IEE/IEEPALTR.asm	unique	tape
MVSSRC.SYM101.F12	sym1-1	FILE0012	IEEPRTN2	1890	identical-default	ibm/IEE/IEEPRTN2.asm	unique	tape
MVSSRC.SYM101.F12	sym1-1	FILE0012	IEEPRWI2	1778	identical-default	ibm/IEE/IEEPRWI2.asm	unique	tape
MVSSRC.SYM101.F12	sym1-1	FILE0012	IEESB601	2050	identical-default	ibm/IEE/IEESB601.asm	unique	tape
MVSSRC.SYM101.F12	sym1-1	FILE0012	IEESB605	3113	identical-default	ibm/IEE/IEESB605.asm	unique	tape
MVSSRC.SYM101.F12	sym1-1	FILE0012	IEESB606	1921	identical-default	ibm/IEE/IEESB606.asm	unique	tape
MVSSRC.SYM101.F12	sym1-1	FILE0012	IEESB665	2219	identical-default	ibm/IEE/IEESB665.asm	unique	tape
MVSSRC.SYM101.F12	sym1-1	FILE0012	IEESB670	2024	identical-default	ibm/IEE/IEESB670.asm	unique	tape
MVSSRC.SYM101.F12	sym1-1	FILE0012	IEEVIPL	891	identical-default	ibm/IEE/IEEVIPL.asm	unique	tape
MVSSRC.SYM101.F12	sym1-1	FILE0012	IEEVJCL	465	identical-default	ibm/IEE/IEEVJCL.asm	unique	tape
MVSSRC.SYM101.F12	sym1-1	FILE0012	IEEVMNT1	617	identical-default	ibm/IEE/IEEVMNT1.asm	unique	tape
MVSSRC.SYM101.F12	sym1-1	FILE0012	IEEVMNT2	2319	identical-default	ibm/IEE/IEEVMNT2.asm	unique	tape
MVSSRC.SYM101.F12	sym1-1	FILE0012	IEEVSMSG	378	identical-default	ibm/IEE/IEEVSMSG.asm	unique	tape
MVSSRC.SYM101.F12	sym1-1	FILE0012	IEEVSTAR	1626	identical-default	ibm/IEE/IEEVSTAR.asm	unique	tape
MVSSRC.SYM101.F12	sym1-1	FILE0012	IEEVWAIT	1574	identical-default	ibm/IEE/IEEVWAIT.asm	unique	tape
MVSSRC.SYM101.F13	sym1-1	FILE0013	IEE0603D	825	identical-default	ibm/IEE/IEE0603D.asm	unique	tape
MVSSRC.SYM101.F13	sym1-1	FILE0013	IEE0703D	740	identical-default	ibm/IEE/IEE0703D.asm	unique	tape
MVSSRC.SYM101.F13	sym1-1	FILE0013	IEE0803D	828	identical-default	ibm/IEE/IEE0803D.asm	unique	tape
MVSSRC.SYM101.F13	sym1-1	FILE0013	IEE1403D	599	identical-default	ibm/IEE/IEE1403D.asm	unique	tape
MVSSRC.SYM101.F13	sym1-1	FILE0013	IEE1603D	644	identical-default	ibm/IEE/IEE1603D.asm	unique	tape
MVSSRC.SYM101.F13	sym1-1	FILE0013	IEE2303D	891	identical-default	ibm/IEE/IEE2303D.asm	unique	tape
MVSSRC.SYM101.F13	sym1-1	FILE0013	IEE3103D	750	identical-default	ibm/IEE/IEE3103D.asm	unique	tape
MVSSRC.SYM101.F13	sym1-1	FILE0013	IEE3203D	610	identical-default	ibm/IEE/IEE3203D.asm	unique	tape
MVSSRC.SYM101.F13	sym1-1	FILE0013	IEE3303D	640	identical-default	ibm/IEE/IEE3303D.asm	unique	tape
MVSSRC.SYM101.F13	sym1-1	FILE0013	IEE3503D	1065	identical-default	ibm/IEE/IEE3503D.asm	unique	tape
MVSSRC.SYM101.F13	sym1-1	FILE0013	IEE3603D	1314	identical-default	ibm/IEE/IEE3603D.asm	unique	tape
MVSSRC.SYM101.F13	sym1-1	FILE0013	IEE3703D	845	identical-default	ibm/IEE/IEE3703D.asm	unique	tape
MVSSRC.SYM101.F13	sym1-1	FILE0013	IEE4103D	543	identical-default	ibm/IEE/IEE4103D.asm	unique	tape
MVSSRC.SYM101.F13	sym1-1	FILE0013	IEE4203D	794	identical-default	ibm/IEE/IEE4203D.asm	unique	tape
MVSSRC.SYM101.F13	sym1-1	FILE0013	IEE4303D	599	identical-default	ibm/IEE/IEE4303D.asm	unique	tape
MVSSRC.SYM101.F13	sym1-1	FILE0013	IEE4403D	781	identical-default	ibm/IEE/IEE4403D.asm	unique	tape
MVSSRC.SYM101.F13	sym1-1	FILE0013	IEE4603D	986	identical-default	ibm/IEE/IEE4603D.asm	unique	tape
MVSSRC.SYM101.F13	sym1-1	FILE0013	IEE4703D	554	identical-default	ibm/IEE/IEE4703D.asm	unique	tape
MVSSRC.SYM101.F13	sym1-1	FILE0013	IEE4803D	666	identical-default	ibm/IEE/IEE4803D.asm	unique	tape
MVSSRC.SYM101.F13	sym1-1	FILE0013	IEE4903D	1170	identical-default	ibm/IEE/IEE4903D.asm	unique	tape
MVSSRC.SYM101.F13	sym1-1	FILE0013	IEE5103D	658	identical-default	ibm/IEE/IEE5103D.asm	unique	tape
MVSSRC.SYM101.F13	sym1-1	FILE0013	IEE5403D	552	identical-default	ibm/IEE/IEE5403D.asm	unique	tape
MVSSRC.SYM101.F13	sym1-1	FILE0013	IEE5503D	1052	identical-default	ibm/IEE/IEE5503D.asm	unique	tape
MVSSRC.SYM101.F13	sym1-1	FILE0013	IEE5603D	934	identical-default	ibm/IEE/IEE5603D.asm	unique	tape
MVSSRC.SYM101.F13	sym1-1	FILE0013	IEE5703D	694	identical-default	ibm/IEE/IEE5703D.asm	unique	tape
MVSSRC.SYM101.F13	sym1-1	FILE0013	IEE5903D	660	identical-default	ibm/IEE/IEE5903D.asm	unique	tape
MVSSRC.SYM101.F13	sym1-1	FILE0013	IEE6303D	1209	identical-default	ibm/IEE/IEE6303D.asm	unique	tape
MVSSRC.SYM101.F13	sym1-1	FILE0013	IEE6403D	915	identical-default	ibm/IEE/IEE6403D.asm	unique	tape
MVSSRC.SYM101.F13	sym1-1	FILE0013	IEE6703D	1407	identical-default	ibm/IEE/IEE6703D.asm	unique	tape
MVSSRC.SYM101.F13	sym1-1	FILE0013	IEE6803D	767	identical-default	ibm/IEE/IEE6803D.asm	unique	tape
MVSSRC.SYM101.F13	sym1-1	FILE0013	IEE6903D	1124	identical-default	ibm/IEE/IEE6903D.asm	unique	tape
MVSSRC.SYM101.F13	sym1-1	FILE0013	IEE70110	486	identical-default	ibm/IEE/IEE70110.asm	unique	tape
MVSSRC.SYM101.F13	sym1-1	FILE0013	IEE7103D	707	identical-default	ibm/IEE/IEE7103D.asm	unique	tape
MVSSRC.SYM101.F13	sym1-1	FILE0013	IEE7203D	621	identical-default	ibm/IEE/IEE7203D.asm	unique	tape
MVSSRC.SYM101.F13	sym1-1	FILE0013	IEE7303D	661	identical-default	ibm/IEE/IEE7303D.asm	unique	tape
MVSSRC.SYM101.F13	sym1-1	FILE0013	IEE7503D	2336	identical-default	ibm/IEE/IEE7503D.asm	unique	tape
MVSSRC.SYM101.F13	sym1-1	FILE0013	IEE7703D	578	identical-default	ibm/IEE/IEE7703D.asm	unique	tape
MVSSRC.SYM101.F13	sym1-1	FILE0013	IEE7803D	562	identical-default	ibm/IEE/IEE7803D.asm	unique	tape
MVSSRC.SYM101.F13	sym1-1	FILE0013	IEE90110	206	identical-default	ibm/IEE/IEE90110.asm	unique	tape
MVSSRC.SYM101.F13	sym1-1	FILE0013	IEE9403D	1725	identical-default	ibm/IEE/IEE9403D.asm	unique	tape
MVSSRC.SYM101.F13	sym1-1	FILE0013	IEFJSWT	657	identical-default	ibm/IEF/IEFJSWT.asm	unique	tape
MVSSRC.SYM101.F13	sym1-1	FILE0013	IGC0203E	3204	identical-default	ibm/IGC/IGC0203E.asm	unique	tape
MVSSRC.SYM101.F13	sym1-1	FILE0013	IKJ5803D	235	identical-default	ibm/IKJ/IKJ5803D.asm	unique	tape
MVSSRC.SYM101.F14	sym1-1	FILE0014	IEFACT	59	identical-default	ibm/IEF/IEFACT.asm	unique	tape
MVSSRC.SYM101.F14	sym1-1	FILE0014	IEFNB901	1291	identical-default	ibm/IEF/IEFNB901.asm	unique	tape
MVSSRC.SYM101.F14	sym1-1	FILE0014	IEFNB903	720	identical-default	ibm/IEF/IEFNB903.asm	unique	tape
MVSSRC.SYM101.F14	sym1-1	FILE0014	IEFNB9CR	822	identical-default	ibm/IEF/IEFNB9CR.asm	unique	tape
MVSSRC.SYM101.F14	sym1-1	FILE0014	IEFNB9CT	376	identical-default	ibm/IEF/IEFNB9CT.asm	unique	tape
MVSSRC.SYM101.F14	sym1-1	FILE0014	IEFNB9IR	820	identical-default	ibm/IEF/IEFNB9IR.asm	unique	tape
MVSSRC.SYM101.F14	sym1-1	FILE0014	IEFNB9IT	931	identical-default	ibm/IEF/IEFNB9IT.asm	unique	tape
MVSSRC.SYM101.F14	sym1-1	FILE0014	IEFUJV	6	identical-default	ibm/IEF/IEFUJV.asm	unique	tape
MVSSRC.SYM101.F14	sym1-1	FILE0014	IEFVDA	6098	identical-default	ibm/IEF/IEFVDA.asm	unique	tape
MVSSRC.SYM101.F14	sym1-1	FILE0014	IEFVDBSD	278	identical-default	ibm/IEF/IEFVDBSD.asm	unique	tape
MVSSRC.SYM101.F14	sym1-1	FILE0014	IEFVEA	3189	identical-default	ibm/IEF/IEFVEA.asm	unique	tape
MVSSRC.SYM101.F14	sym1-1	FILE0014	IEFVFA	3831	identical-default	ibm/IEF/IEFVFA.asm	unique	tape
MVSSRC.SYM101.F14	sym1-1	FILE0014	IEFVFB	1086	identical-default	ibm/IEF/IEFVFB.asm	unique	tape
MVSSRC.SYM101.F14	sym1-1	FILE0014	IEFVGI	213	identical-default	ibm/IEF/IEFVGI.asm	unique	tape
MVSSRC.SYM101.F14	sym1-1	FILE0014	IEFVGK	344	identical-default	ibm/IEF/IEFVGK.asm	unique	tape
MVSSRC.SYM101.F14	sym1-1	FILE0014	IEFVGM	642	identical-default	ibm/IEF/IEFVGM.asm	unique	tape
MVSSRC.SYM101.F14	sym1-1	FILE0014	IEFVGM1	55	identical-default	ibm/IEF/IEFVGM1.asm	unique	tape
MVSSRC.SYM101.F14	sym1-1	FILE0014	IEFVGM10	55	identical-default	ibm/IEF/IEFVGM10.asm	unique	tape
MVSSRC.SYM101.F14	sym1-1	FILE0014	IEFVGM11	55	identical-default	ibm/IEF/IEFVGM11.asm	unique	tape
MVSSRC.SYM101.F14	sym1-1	FILE0014	IEFVGM12	55	identical-default	ibm/IEF/IEFVGM12.asm	unique	tape
MVSSRC.SYM101.F14	sym1-1	FILE0014	IEFVGM13	54	identical-default	ibm/IEF/IEFVGM13.asm	unique	tape
MVSSRC.SYM101.F14	sym1-1	FILE0014	IEFVGM14	47	identical-default	ibm/IEF/IEFVGM14.asm	unique	tape
MVSSRC.SYM101.F14	sym1-1	FILE0014	IEFVGM15	43	identical-default	ibm/IEF/IEFVGM15.asm	unique	tape
MVSSRC.SYM101.F14	sym1-1	FILE0014	IEFVGM16	47	identical-default	ibm/IEF/IEFVGM16.asm	unique	tape
MVSSRC.SYM101.F14	sym1-1	FILE0014	IEFVGM17	61	identical-default	ibm/IEF/IEFVGM17.asm	unique	tape
MVSSRC.SYM101.F14	sym1-1	FILE0014	IEFVGM18	34	identical-default	ibm/IEF/IEFVGM18.asm	unique	tape
MVSSRC.SYM101.F14	sym1-1	FILE0014	IEFVGM19	65	identical-default	ibm/IEF/IEFVGM19.asm	unique	tape
MVSSRC.SYM101.F14	sym1-1	FILE0014	IEFVGM2	63	identical-default	ibm/IEF/IEFVGM2.asm	unique	tape
MVSSRC.SYM101.F14	sym1-1	FILE0014	IEFVGM3	67	identical-default	ibm/IEF/IEFVGM3.asm	unique	tape
MVSSRC.SYM101.F14	sym1-1	FILE0014	IEFVGM4	60	identical-default	ibm/IEF/IEFVGM4.asm	unique	tape
MVSSRC.SYM101.F14	sym1-1	FILE0014	IEFVGM5	58	identical-default	ibm/IEF/IEFVGM5.asm	unique	tape
MVSSRC.SYM101.F14	sym1-1	FILE0014	IEFVGM6	59	identical-default	ibm/IEF/IEFVGM6.asm	unique	tape
MVSSRC.SYM101.F14	sym1-1	FILE0014	IEFVGM67	48	identical-default	ibm/IEF/IEFVGM67.asm	unique	tape
MVSSRC.SYM101.F14	sym1-1	FILE0014	IEFVGM7	61	identical-default	ibm/IEF/IEFVGM7.asm	unique	tape
MVSSRC.SYM101.F14	sym1-1	FILE0014	IEFVGM70	58	identical-default	ibm/IEF/IEFVGM70.asm	unique	tape
MVSSRC.SYM101.F14	sym1-1	FILE0014	IEFVGM71	124	identical-default	ibm/IEF/IEFVGM71.asm	unique	tape
MVSSRC.SYM101.F14	sym1-1	FILE0014	IEFVGM76	92	identical-default	ibm/IEF/IEFVGM76.asm	unique	tape
MVSSRC.SYM101.F14	sym1-1	FILE0014	IEFVGM78	52	identical-default	ibm/IEF/IEFVGM78.asm	unique	tape
MVSSRC.SYM101.F14	sym1-1	FILE0014	IEFVGM8	50	identical-default	ibm/IEF/IEFVGM8.asm	unique	tape
MVSSRC.SYM101.F14	sym1-1	FILE0014	IEFVGM9	49	identical-default	ibm/IEF/IEFVGM9.asm	unique	tape
MVSSRC.SYM101.F14	sym1-1	FILE0014	IEFVGM90	69	identical-default	ibm/IEF/IEFVGM90.asm	unique	tape
MVSSRC.SYM101.F14	sym1-1	FILE0014	IEFVGS	471	identical-default	ibm/IEF/IEFVGS.asm	unique	tape
MVSSRC.SYM101.F14	sym1-1	FILE0014	IEFVH1	644	identical-default	ibm/IEF/IEFVH1.asm	unique	tape
MVSSRC.SYM101.F14	sym1-1	FILE0014	IEFVHA	469	identical-default	ibm/IEF/IEFVHA.asm	unique	tape
MVSSRC.SYM101.F14	sym1-1	FILE0014	IEFVHC	266	identical-default	ibm/IEF/IEFVHC.asm	unique	tape
MVSSRC.SYM101.F14	sym1-1	FILE0014	IEFVHCB	932	identical-default	ibm/IEF/IEFVHCB.asm	unique	tape
MVSSRC.SYM101.F14	sym1-1	FILE0014	IEFVHE	455	identical-default	ibm/IEF/IEFVHE.asm	unique	tape
MVSSRC.SYM101.F14	sym1-1	FILE0014	IEFVHEB	434	identical-default	ibm/IEF/IEFVHEB.asm	unique	tape
MVSSRC.SYM101.F14	sym1-1	FILE0014	IEFVHF	443	identical-default	ibm/IEF/IEFVHF.asm	unique	tape
MVSSRC.SYM101.F14	sym1-1	FILE0014	IEFVHH	438	identical-default	ibm/IEF/IEFVHH.asm	unique	tape
MVSSRC.SYM101.F14	sym1-1	FILE0014	IEFVHL	177	identical-default	ibm/IEF/IEFVHL.asm	unique	tape
MVSSRC.SYM101.F14	sym1-1	FILE0014	IEFVHM	412	identical-default	ibm/IEF/IEFVHM.asm	unique	tape
MVSSRC.SYM101.F14	sym1-1	FILE0014	IEFVHN	448	identical-default	ibm/IEF/IEFVHN.asm	unique	tape
MVSSRC.SYM101.F14	sym1-1	FILE0014	IEFVHQ	201	identical-default	ibm/IEF/IEFVHQ.asm	unique	tape
MVSSRC.SYM101.F14	sym1-1	FILE0014	IEFVHR	189	identical-default	ibm/IEF/IEFVHR.asm	unique	tape
MVSSRC.SYM101.F14	sym1-1	FILE0014	IEFVINA	950	identical-default	ibm/IEF/IEFVINA.asm	unique	tape
MVSSRC.SYM101.F14	sym1-1	FILE0014	IEFVINB	170	identical-default	ibm/IEF/IEFVINB.asm	unique	tape
MVSSRC.SYM101.F14	sym1-1	FILE0014	IEFVINC	458	identical-default	ibm/IEF/IEFVINC.asm	unique	tape
MVSSRC.SYM101.F14	sym1-1	FILE0014	IEFVIND	334	identical-default	ibm/IEF/IEFVIND.asm	unique	tape
MVSSRC.SYM101.F14	sym1-1	FILE0014	IEFVINE	210	identical-default	ibm/IEF/IEFVINE.asm	unique	tape
MVSSRC.SYM101.F14	sym1-1	FILE0014	IEFVJA	1177	identical-default	ibm/IEF/IEFVJA.asm	unique	tape
MVSSRC.SYM101.F14	sym1-1	FILE0014	IEZDCODE	320	identical-default	ibm/IEZ/IEZDCODE.asm	unique	tape
MVSSRC.SYM101.F14	sym1-1	FILE0014	IEZNCODE	314	identical-default	ibm/IEZ/IEZNCODE.asm	unique	tape
MVSSRC.SYM101.F15	sym1-1	FILE0015	IGC0008E	518	identical-default	ibm/IGC/IGC0008E.asm	unique	tape
MVSSRC.SYM101.F15	sym1-1	FILE0015	IGE0660A	3301	identical-default	ibm/IGE/IGE0660A.asm	unique	tape
MVSSRC.SYM101.F15	sym1-1	FILE0015	IGFC60	550	identical-default	ibm/IGF/IGFC60.asm	unique	tape
MVSSRC.SYM101.F15	sym1-1	FILE0015	IGFC70	577	identical-default	ibm/IGF/IGFC70.asm	unique	tape
MVSSRC.SYM101.F15	sym1-1	FILE0015	IGFC80	458	identical-default	ibm/IGF/IGFC80.asm	unique	tape
MVSSRC.SYM101.F15	sym1-1	FILE0015	IGFCCHCR	7407	identical-default	ibm/IGF/IGFCCHCR.asm	unique	tape
MVSSRC.SYM101.F15	sym1-1	FILE0015	IGFCCHED	1960	identical-default	ibm/IGF/IGFCCHED.asm	unique	tape
MVSSRC.SYM101.F15	sym1-1	FILE0015	IGFCHDA	74	identical-default	ibm/IGF/IGFCHDA.asm	unique	tape
MVSSRC.SYM101.F15	sym1-1	FILE0015	IGFCIC	783	identical-default	ibm/IGF/IGFCIC.asm	unique	tape
MVSSRC.SYM101.F15	sym1-1	FILE0015	IGFCINIT	1543	identical-default	ibm/IGF/IGFCINIT.asm	unique	tape
MVSSRC.SYM101.F15	sym1-1	FILE0015	IGFDD0	522	identical-default	ibm/IGF/IGFDD0.asm	unique	tape
MVSSRC.SYM101.F15	sym1-1	FILE0015	IGFDD1	767	identical-default	ibm/IGF/IGFDD1.asm	unique	tape
MVSSRC.SYM101.F15	sym1-1	FILE0015	IGFDE0	173	identical-default	ibm/IGF/IGFDE0.asm	unique	tape
MVSSRC.SYM101.F15	sym1-1	FILE0015	IGFDE1	2812	identical-default	ibm/IGF/IGFDE1.asm	unique	tape
MVSSRC.SYM101.F15	sym1-1	FILE0015	IGFDI0	2066	identical-default	ibm/IGF/IGFDI0.asm	unique	tape
MVSSRC.SYM101.F15	sym1-1	FILE0015	IGFDI1	3770	identical-default	ibm/IGF/IGFDI1.asm	unique	tape
MVSSRC.SYM101.F15	sym1-1	FILE0015	IGFDL1	1937	identical-default	ibm/IGF/IGFDL1.asm	unique	tape
MVSSRC.SYM101.F15	sym1-1	FILE0015	IGFDM0	1613	identical-default	ibm/IGF/IGFDM0.asm	unique	tape
MVSSRC.SYM101.F15	sym1-1	FILE0015	IGFDM1	2593	identical-default	ibm/IGF/IGFDM1.asm	unique	tape
MVSSRC.SYM101.F15	sym1-1	FILE0015	IGFDMTXT	246	identical-default	ibm/IGF/IGFDMTXT.asm	unique	tape
MVSSRC.SYM101.F15	sym1-1	FILE0015	IGFDR0	2846	identical-default	ibm/IGF/IGFDR0.asm	unique	tape
MVSSRC.SYM101.F15	sym1-1	FILE0015	IGFDS0	2653	identical-default	ibm/IGF/IGFDS0.asm	unique	tape
MVSSRC.SYM101.F15	sym1-1	FILE0015	IGFDS1	856	identical-default	ibm/IGF/IGFDS1.asm	unique	tape
MVSSRC.SYM101.F15	sym1-1	FILE0015	IGFDT0	1712	identical-default	ibm/IGF/IGFDT0.asm	unique	tape
MVSSRC.SYM101.F15	sym1-1	FILE0015	IGFDT1	3875	identical-default	ibm/IGF/IGFDT1.asm	unique	tape
MVSSRC.SYM101.F15	sym1-1	FILE0015	IGFDT2	1643	identical-default	ibm/IGF/IGFDT2.asm	unique	tape
MVSSRC.SYM101.F15	sym1-1	FILE0015	IGFDU0	1581	identical-default	ibm/IGF/IGFDU0.asm	unique	tape
MVSSRC.SYM101.F15	sym1-1	FILE0015	IGFDU1	729	identical-default	ibm/IGF/IGFDU1.asm	unique	tape
MVSSRC.SYM101.F15	sym1-1	FILE0015	IGFDV0	1515	identical-default	ibm/IGF/IGFDV0.asm	unique	tape
MVSSRC.SYM101.F15	sym1-1	FILE0015	IGFDV1	2481	identical-default	ibm/IGF/IGFDV1.asm	unique	tape
MVSSRC.SYM101.F15	sym1-1	FILE0015	IGFDW0	2129	identical-default	ibm/IGF/IGFDW0.asm	unique	tape
MVSSRC.SYM101.F15	sym1-1	FILE0015	IGFINTVL	27	identical-default	ibm/IGF/IGFINTVL.asm	unique	tape
MVSSRC.SYM101.F15	sym1-1	FILE0015	IGFPBUCR	2682	identical-default	ibm/IGF/IGFPBUCR.asm	unique	tape
MVSSRC.SYM101.F15	sym1-1	FILE0015	IGFPEXIT	1854	identical-default	ibm/IGF/IGFPEXIT.asm	unique	tape
MVSSRC.SYM101.F15	sym1-1	FILE0015	IGFPINIT	2270	identical-default	ibm/IGF/IGFPINIT.asm	unique	tape
MVSSRC.SYM101.F15	sym1-1	FILE0015	IGFPKREF	1420	identical-default	ibm/IGF/IGFPKREF.asm	unique	tape
MVSSRC.SYM101.F15	sym1-1	FILE0015	IGFPMFRS	1452	identical-default	ibm/IGF/IGFPMFRS.asm	unique	tape
MVSSRC.SYM101.F15	sym1-1	FILE0015	IGFPMHCA	1956	identical-default	ibm/IGF/IGFPMHCA.asm	unique	tape
MVSSRC.SYM101.F15	sym1-1	FILE0015	IGFPMKTA	1860	identical-default	ibm/IGF/IGFPMKTA.asm	unique	tape
MVSSRC.SYM101.F15	sym1-1	FILE0015	IGFPMMSG	1458	identical-default	ibm/IGF/IGFPMMSG.asm	unique	tape
MVSSRC.SYM101.F15	sym1-1	FILE0015	IGFPMPFX	1413	identical-default	ibm/IGF/IGFPMPFX.asm	unique	tape
MVSSRC.SYM101.F15	sym1-1	FILE0015	IGFPMRTM	1595	identical-default	ibm/IGF/IGFPMRTM.asm	unique	tape
MVSSRC.SYM101.F15	sym1-1	FILE0015	IGFPMSCA	1775	identical-default	ibm/IGF/IGFPMSCA.asm	unique	tape
MVSSRC.SYM101.F15	sym1-1	FILE0015	IGFPMTHA	2040	identical-default	ibm/IGF/IGFPMTHA.asm	unique	tape
MVSSRC.SYM101.F16	sym1-1	FILE0016	IGF2503D	2133	identical-default	ibm/IGF/IGF2503D.asm	unique	tape
MVSSRC.SYM101.F16	sym1-1	FILE0016	IGF2603D	5592	identical-default	ibm/IGF/IGF2603D.asm	unique	tape
MVSSRC.SYM101.F16	sym1-1	FILE0016	IGFPNRFH	3215	identical-default	ibm/IGF/IGFPNRFH.asm	unique	tape
MVSSRC.SYM101.F16	sym1-1	FILE0016	IGFPNSAV	1632	identical-default	ibm/IGF/IGFPNSAV.asm	unique	tape
MVSSRC.SYM101.F16	sym1-1	FILE0016	IGFPSAD0	79	identical-default	ibm/IGF/IGFPSAD0.asm	unique	tape
MVSSRC.SYM101.F16	sym1-1	FILE0016	IGFPTAIM	1588	identical-default	ibm/IGF/IGFPTAIM.asm	unique	tape
MVSSRC.SYM101.F16	sym1-1	FILE0016	IGFPTCON	2063	identical-default	ibm/IGF/IGFPTCON.asm	unique	tape
MVSSRC.SYM101.F16	sym1-1	FILE0016	IGFPTERM	2265	identical-default	ibm/IGF/IGFPTERM.asm	unique	tape
MVSSRC.SYM101.F16	sym1-1	FILE0016	IGFPTREC	3359	identical-default	ibm/IGF/IGFPTREC.asm	unique	tape
MVSSRC.SYM101.F16	sym1-1	FILE0016	IGFPTSIG	1795	identical-default	ibm/IGF/IGFPTSIG.asm	unique	tape
MVSSRC.SYM101.F16	sym1-1	FILE0016	IGFPWMSG	1797	identical-default	ibm/IGF/IGFPWMSG.asm	unique	tape
MVSSRC.SYM101.F16	sym1-1	FILE0016	IGFPXMFA	2222	identical-default	ibm/IGF/IGFPXMFA.asm	unique	tape
MVSSRC.SYM101.F16	sym1-1	FILE0016	IGFRINIT	1797	identical-default	ibm/IGF/IGFRINIT.asm	unique	tape
MVSSRC.SYM101.F16	sym1-1	FILE0016	IGFRWAC	50	identical-default	ibm/IGF/IGFRWAC.asm	unique	tape
MVSSRC.SYM101.F16	sym1-1	FILE0016	IGFTMC00	4280	identical-default	ibm/IGF/IGFTMC00.asm	unique	tape
MVSSRC.SYM101.F16	sym1-1	FILE0016	IGFTMCHK	3660	identical-default	ibm/IGF/IGFTMCHK.asm	unique	tape
MVSSRC.SYM101.F17	sym1-1	FILE0017	IEAVNPS5	1606	identical-default	ibm/IEA/IEAVNPS5.asm	unique	tape
MVSSRC.SYM101.F18	sym1-1	FILE0018	IEAVBLDP	655	identical-default	ibm/IEA/IEAVBLDP.asm	unique	tape
MVSSRC.SYM101.F18	sym1-1	FILE0018	IEAVCARR	1972	identical-default	ibm/IEA/IEAVCARR.asm	unique	tape
MVSSRC.SYM101.F18	sym1-1	FILE0018	IEAVCKEY	665	identical-default	ibm/IEA/IEAVCKEY.asm	unique	tape
MVSSRC.SYM101.F18	sym1-1	FILE0018	IEAVCKRR	976	identical-default	ibm/IEA/IEAVCKRR.asm	unique	tape
MVSSRC.SYM101.F18	sym1-1	FILE0018	IEAVDELP	519	identical-default	ibm/IEA/IEAVDELP.asm	unique	tape
MVSSRC.SYM101.F18	sym1-1	FILE0018	IEAVFRCL	522	identical-default	ibm/IEA/IEAVFRCL.asm	unique	tape
MVSSRC.SYM101.F18	sym1-1	FILE0018	IEAVGCAS	2979	identical-default	ibm/IEA/IEAVGCAS.asm	unique	tape
MVSSRC.SYM101.F18	sym1-1	FILE0018	IEAVGFRR	4510	identical-default	ibm/IEA/IEAVGFRR.asm	unique	tape
MVSSRC.SYM101.F18	sym1-1	FILE0018	IEAVGM00	5944	identical-default	ibm/IEA/IEAVGM00.asm	unique	tape
MVSSRC.SYM101.F18	sym1-1	FILE0018	IEAVGPRR	3787	identical-default	ibm/IEA/IEAVGPRR.asm	unique	tape
MVSSRC.SYM101.F18	sym1-1	FILE0018	IEAVGTCL	454	identical-default	ibm/IEA/IEAVGTCL.asm	unique	tape
MVSSRC.SYM101.F18	sym1-1	FILE0018	IEAVNP08	3902	identical-default	ibm/IEA/IEAVNP08.asm	unique	tape
MVSSRC.SYM101.F18	sym1-1	FILE0018	IEAVPRT0	2029	identical-default	ibm/IEA/IEAVPRT0.asm	unique	tape
MVSSRC.SYM101.F19	sym1-1	FILE0019	IEAVID00	1554	identical-default	ibm/IEA/IEAVID00.asm	unique	tape
MVSSRC.SYM101.F19	sym1-1	FILE0019	IEAVLK00	3474	identical-default	ibm/IEA/IEAVLK00.asm	unique	tape
MVSSRC.SYM101.F19	sym1-1	FILE0019	IEAVLK01	2493	identical-default	ibm/IEA/IEAVLK01.asm	unique	tape
MVSSRC.SYM101.F19	sym1-1	FILE0019	IEAVLK02	1331	identical-default	ibm/IEA/IEAVLK02.asm	unique	tape
MVSSRC.SYM101.F19	sym1-1	FILE0019	IEAVLK03	809	identical-default	ibm/IEA/IEAVLK03.asm	unique	tape
MVSSRC.SYM101.F19	sym1-1	FILE0019	IEAVNP05	20465	identical-default	ibm/IEA/IEAVNP05.asm	unique	tape
MVSSRC.SYM101.F19	sym1-1	FILE0019	IEAVNPA5	3608	identical-default	ibm/IEA/IEAVNPA5.asm	unique	tape
MVSSRC.SYM101.F19	sym1-1	FILE0019	LINK	35	identical-default	ibm/LIN/LINK.asm	duplicate-same	tape
MVSSRC.SYM101.F20	sym1-1	FILE0020	IEAV1052	1464	identical-default	ibm/IEA/IEAV1052.asm	unique	tape
MVSSRC.SYM101.F20	sym1-1	FILE0020	IEAV1443	1227	identical-default	ibm/IEA/IEAV1443.asm	unique	tape
MVSSRC.SYM101.F20	sym1-1	FILE0020	IEAV2540	732	identical-default	ibm/IEA/IEAV2540.asm	unique	tape
MVSSRC.SYM101.F20	sym1-1	FILE0020	IEAVMASV	2187	identical-default	ibm/IEA/IEAVMASV.asm	unique	tape
MVSSRC.SYM101.F20	sym1-1	FILE0020	IEAVMDOM	4599	identical-default	ibm/IEA/IEAVMDOM.asm	unique	tape
MVSSRC.SYM101.F20	sym1-1	FILE0020	IEAVMDSV	1720	identical-default	ibm/IEA/IEAVMDSV.asm	unique	tape
MVSSRC.SYM101.F20	sym1-1	FILE0020	IEAVMED2	4324	identical-default	ibm/IEA/IEAVMED2.asm	unique	tape
MVSSRC.SYM101.F20	sym1-1	FILE0020	IEAVMFRR	3148	identical-default	ibm/IEA/IEAVMFRR.asm	unique	tape
MVSSRC.SYM101.F20	sym1-1	FILE0020	IEAVMNTR	2997	identical-default	ibm/IEA/IEAVMNTR.asm	unique	tape
MVSSRC.SYM101.F20	sym1-1	FILE0020	IEAVMQR0	1883	identical-default	ibm/IEA/IEAVMQR0.asm	unique	tape
MVSSRC.SYM101.F20	sym1-1	FILE0020	IEAVMQWR	689	identical-default	ibm/IEA/IEAVMQWR.asm	unique	tape
MVSSRC.SYM101.F20	sym1-1	FILE0020	IEAVMWSV	1145	identical-default	ibm/IEA/IEAVMWSV.asm	unique	tape
MVSSRC.SYM101.F20	sym1-1	FILE0020	IEAVMWTL	166	identical-default	ibm/IEA/IEAVMWTL.asm	unique	tape
MVSSRC.SYM101.F20	sym1-1	FILE0020	IEAVMWTO	2494	identical-default	ibm/IEA/IEAVMWTO.asm	unique	tape
MVSSRC.SYM101.F20	sym1-1	FILE0020	IEAVNP01	2715	identical-default	ibm/IEA/IEAVNP01.asm	unique	tape
MVSSRC.SYM101.F20	sym1-1	FILE0020	IEAVNPA1	6985	identical-default	ibm/IEA/IEAVNPA1.asm	unique	tape
MVSSRC.SYM101.F20	sym1-1	FILE0020	IEAVSTAA	799	identical-default	ibm/IEA/IEAVSTAA.asm	unique	tape
MVSSRC.SYM101.F20	sym1-1	FILE0020	IEAVSWCH	10795	identical-default	ibm/IEA/IEAVSWCH.asm	unique	tape
MVSSRC.SYM101.F20	sym1-1	FILE0020	IEAVVCRA	464	identical-default	ibm/IEA/IEAVVCRA.asm	unique	tape
MVSSRC.SYM101.F20	sym1-1	FILE0020	IEAVVCRX	198	identical-default	ibm/IEA/IEAVVCRX.asm	unique	tape
MVSSRC.SYM101.F20	sym1-1	FILE0020	IEAVVCTR	455	identical-default	ibm/IEA/IEAVVCTR.asm	unique	tape
MVSSRC.SYM101.F20	sym1-1	FILE0020	IEAVVINT	4662	identical-default	ibm/IEA/IEAVVINT.asm	unique	tape
MVSSRC.SYM101.F20	sym1-1	FILE0020	IEAVVRP1	4005	identical-default	ibm/IEA/IEAVVRP1.asm	unique	tape
MVSSRC.SYM101.F20	sym1-1	FILE0020	IEAVVRP2	3029	identical-default	ibm/IEA/IEAVVRP2.asm	unique	tape
MVSSRC.SYM101.F20	sym1-1	FILE0020	IEAVVWTO	7296	identical-default	ibm/IEA/IEAVVWTO.asm	unique	tape
MVSSRC.SYM101.F20	sym1-1	FILE0020	IEAVXDOM	3708	identical-default	ibm/IEA/IEAVXDOM.asm	unique	tape
MVSSRC.SYM101.F20	sym1-1	FILE0020	IEECVXIT	10	identical-default	ibm/IEE/IEECVXIT.asm	unique	tape
MVSSRC.SYM101.F20	sym1-1	FILE0020	IEEXEDNA	5470	identical-default	ibm/IEE/IEEXEDNA.asm	unique	tape
MVSSRC.SYM102.F01	sym1-2	FILE0001	IEE2903D	1353	identical-default	ibm/IEE/IEE2903D.asm	unique	tape
MVSSRC.SYM102.F02	sym1-2	FILE0002	IEAVEAC0	2963	identical-default	ibm/IEA/IEAVEAC0.asm	unique	tape
MVSSRC.SYM102.F02	sym1-2	FILE0002	IEAVEAT0	8909	identical-default	ibm/IEA/IEAVEAT0.asm	unique	tape
MVSSRC.SYM102.F02	sym1-2	FILE0002	IEAVECH0	1630	identical-default	ibm/IEA/IEAVECH0.asm	unique	tape
MVSSRC.SYM102.F02	sym1-2	FILE0002	IEAVEED0	1493	identical-default	ibm/IEA/IEAVEED0.asm	unique	tape
MVSSRC.SYM102.F02	sym1-2	FILE0002	IEAVENQ1	4087	identical-default	ibm/IEA/IEAVENQ1.asm	unique	tape
MVSSRC.SYM102.F02	sym1-2	FILE0002	IEAVEOR	3429	identical-default	ibm/IEA/IEAVEOR.asm	unique	tape
MVSSRC.SYM102.F02	sym1-2	FILE0002	IEAVEVT0	3940	identical-default	ibm/IEA/IEAVEVT0.asm	unique	tape
MVSSRC.SYM102.F02	sym1-2	FILE0002	IEAVMODE	261	identical-default	ibm/IEA/IEAVMODE.asm	unique	tape
MVSSRC.SYM102.F02	sym1-2	FILE0002	IEAVSETS	1947	identical-default	ibm/IEA/IEAVSETS.asm	unique	tape
MVSSRC.SYM102.F02	sym1-2	FILE0002	IEAVSY50	2246	identical-default	ibm/IEA/IEAVSY50.asm	unique	tape
MVSSRC.SYM102.F02	sym1-2	FILE0002	IEAVTB00	1096	identical-default	ibm/IEA/IEAVTB00.asm	unique	tape
MVSSRC.SYM102.F02	sym1-2	FILE0002	IEAVTEST	279	identical-default	ibm/IEA/IEAVTEST.asm	unique	tape
MVSSRC.SYM102.F02	sym1-2	FILE0002	IEAVTRCE	956	identical-default	ibm/IEA/IEAVTRCE.asm	unique	tape
MVSSRC.SYM102.F03	sym1-2	FILE0003	IEAFTEED	2860	identical-default	ibm/IEA/IEAFTEED.asm	unique	tape
MVSSRC.SYM102.F03	sym1-2	FILE0003	IEAFTIHS	3805	identical-default	ibm/IEA/IEAFTIHS.asm	unique	tape
MVSSRC.SYM102.F03	sym1-2	FILE0003	IEAFTRT2	6395	identical-default	ibm/IEA/IEAFTRT2.asm	unique	tape
MVSSRC.SYM102.F03	sym1-2	FILE0003	IEAFTSCB	3559	identical-default	ibm/IEA/IEAFTSCB.asm	unique	tape
MVSSRC.SYM102.F03	sym1-2	FILE0003	IEAVAD00	8392	identical-default	ibm/IEA/IEAVAD00.asm	unique	tape
MVSSRC.SYM102.F03	sym1-2	FILE0003	IEAVAD01	8052	identical-default	ibm/IEA/IEAVAD01.asm	unique	tape
MVSSRC.SYM102.F03	sym1-2	FILE0003	IEAVAD02	2700	identical-default	ibm/IEA/IEAVAD02.asm	unique	tape
MVSSRC.SYM102.F03	sym1-2	FILE0003	IEAVAD03	4716	identical-default	ibm/IEA/IEAVAD03.asm	unique	tape
MVSSRC.SYM102.F03	sym1-2	FILE0003	IEAVAD05	3336	identical-default	ibm/IEA/IEAVAD05.asm	unique	tape
MVSSRC.SYM102.F03	sym1-2	FILE0003	IEAVAD06	3194	identical-default	ibm/IEA/IEAVAD06.asm	unique	tape
MVSSRC.SYM102.F03	sym1-2	FILE0003	IEAVAD07	4251	identical-default	ibm/IEA/IEAVAD07.asm	unique	tape
MVSSRC.SYM102.F03	sym1-2	FILE0003	IEAVAD08	2639	identical-default	ibm/IEA/IEAVAD08.asm	unique	tape
MVSSRC.SYM102.F03	sym1-2	FILE0003	IEAVAD09	2049	identical-default	ibm/IEA/IEAVAD09.asm	unique	tape
MVSSRC.SYM102.F03	sym1-2	FILE0003	IEAVAD0A	2849	identical-default	ibm/IEA/IEAVAD0A.asm	unique	tape
MVSSRC.SYM102.F03	sym1-2	FILE0003	IEAVAD0B	4228	identical-default	ibm/IEA/IEAVAD0B.asm	unique	tape
MVSSRC.SYM102.F03	sym1-2	FILE0003	IEAVAD0C	2060	identical-default	ibm/IEA/IEAVAD0C.asm	unique	tape
MVSSRC.SYM102.F03	sym1-2	FILE0003	IEAVAD0D	4106	identical-default	ibm/IEA/IEAVAD0D.asm	unique	tape
MVSSRC.SYM102.F03	sym1-2	FILE0003	IEAVAD0E	3530	identical-default	ibm/IEA/IEAVAD0E.asm	unique	tape
MVSSRC.SYM102.F03	sym1-2	FILE0003	IEAVAD0F	1200	identical-default	ibm/IEA/IEAVAD0F.asm	unique	tape
MVSSRC.SYM102.F03	sym1-2	FILE0003	IEAVAD10	1728	identical-default	ibm/IEA/IEAVAD10.asm	unique	tape
MVSSRC.SYM102.F03	sym1-2	FILE0003	IEAVAD11	462	identical-default	ibm/IEA/IEAVAD11.asm	unique	tape
MVSSRC.SYM102.F03	sym1-2	FILE0003	IEAVAD31	256	identical-default	ibm/IEA/IEAVAD31.asm	unique	tape
MVSSRC.SYM102.F03	sym1-2	FILE0003	IEAVAD51	494	identical-default	ibm/IEA/IEAVAD51.asm	unique	tape
MVSSRC.SYM102.F03	sym1-2	FILE0003	IEAVAD71	964	identical-default	ibm/IEA/IEAVAD71.asm	unique	tape
MVSSRC.SYM102.F03	sym1-2	FILE0003	IEAVADFM	49	identical-default	ibm/IEA/IEAVADFM.asm	unique	tape
MVSSRC.SYM102.F03	sym1-2	FILE0003	IEAVADUS	74	identical-default	ibm/IEA/IEAVADUS.asm	unique	tape
MVSSRC.SYM102.F03	sym1-2	FILE0003	IEAVMSGS	30	identical-default	ibm/IEA/IEAVMSGS.asm	unique	tape
MVSSRC.SYM102.F03	sym1-2	FILE0003	IEAVNPA6	1768	identical-default	ibm/IEA/IEAVNPA6.asm	unique	tape
MVSSRC.SYM102.F04	sym1-2	FILE0004	IEAVSTA0	3988	identical-default	ibm/IEA/IEAVSTA0.asm	unique	tape
MVSSRC.SYM102.F04	sym1-2	FILE0004	IEAVTABD	7639	identical-default	ibm/IEA/IEAVTABD.asm	unique	tape
MVSSRC.SYM102.F04	sym1-2	FILE0004	IEAVTABI	4812	identical-default	ibm/IEA/IEAVTABI.asm	unique	tape
MVSSRC.SYM102.F04	sym1-2	FILE0004	IEAVTACR	5217	identical-default	ibm/IEA/IEAVTACR.asm	unique	tape
MVSSRC.SYM102.F04	sym1-2	FILE0004	IEAVTAS1	5544	identical-default	ibm/IEA/IEAVTAS1.asm	unique	tape
MVSSRC.SYM102.F04	sym1-2	FILE0004	IEAVTAS2	3442	identical-default	ibm/IEA/IEAVTAS2.asm	unique	tape
MVSSRC.SYM102.F04	sym1-2	FILE0004	IEAVTAS3	5604	identical-default	ibm/IEA/IEAVTAS3.asm	unique	tape
MVSSRC.SYM102.F04	sym1-2	FILE0004	IEAVTCR1	2618	identical-default	ibm/IEA/IEAVTCR1.asm	unique	tape
MVSSRC.SYM102.F04	sym1-2	FILE0004	IEAVTFHX	1183	identical-default	ibm/IEA/IEAVTFHX.asm	unique	tape
MVSSRC.SYM102.F04	sym1-2	FILE0004	IEAVTFMT	6779	identical-default	ibm/IEA/IEAVTFMT.asm	unique	tape
MVSSRC.SYM102.F04	sym1-2	FILE0004	IEAVTFRD	1853	identical-default	ibm/IEA/IEAVTFRD.asm	unique	tape
MVSSRC.SYM102.F04	sym1-2	FILE0004	IEAVTFRT	580	identical-default	ibm/IEA/IEAVTFRT.asm	unique	tape
MVSSRC.SYM102.F04	sym1-2	FILE0004	IEAVTFSD	688	identical-default	ibm/IEA/IEAVTFSD.asm	unique	tape
MVSSRC.SYM102.F04	sym1-2	FILE0004	IEAVTFTM	535	identical-default	ibm/IEA/IEAVTFTM.asm	unique	tape
MVSSRC.SYM102.F04	sym1-2	FILE0004	IEAVTMMT	3001	identical-default	ibm/IEA/IEAVTMMT.asm	unique	tape
MVSSRC.SYM102.F04	sym1-2	FILE0004	IEAVTMRM	2074	identical-default	ibm/IEA/IEAVTMRM.asm	unique	tape
MVSSRC.SYM102.F04	sym1-2	FILE0004	IEAVTMSI	2037	identical-default	ibm/IEA/IEAVTMSI.asm	unique	tape
MVSSRC.SYM102.F04	sym1-2	FILE0004	IEAVTMTC	3481	identical-default	ibm/IEA/IEAVTMTC.asm	unique	tape
MVSSRC.SYM102.F04	sym1-2	FILE0004	IEAVTMTR	66	identical-default	ibm/IEA/IEAVTMTR.asm	unique	tape
MVSSRC.SYM102.F04	sym1-2	FILE0004	IEAVTPMT	2048	identical-default	ibm/IEA/IEAVTPMT.asm	unique	tape
MVSSRC.SYM102.F04	sym1-2	FILE0004	IEAVTRER	4168	identical-default	ibm/IEA/IEAVTRER.asm	unique	tape
MVSSRC.SYM102.F04	sym1-2	FILE0004	IEAVTRET	4641	identical-default	ibm/IEA/IEAVTRET.asm	unique	tape
MVSSRC.SYM102.F04	sym1-2	FILE0004	IEAVTRML	82	identical-default	ibm/IEA/IEAVTRML.asm	unique	tape
MVSSRC.SYM102.F04	sym1-2	FILE0004	IEAVTRTC	6239	identical-default	ibm/IEA/IEAVTRTC.asm	unique	tape
MVSSRC.SYM102.F05	sym1-2	FILE0005	IEAVTRT1	1562	identical-default	ibm/IEA/IEAVTRT1.asm	unique	tape
MVSSRC.SYM102.F05	sym1-2	FILE0005	IEAVTRT2	6285	identical-default	ibm/IEA/IEAVTRT2.asm	unique	tape
MVSSRC.SYM102.F05	sym1-2	FILE0005	IEAVTRTE	4977	identical-default	ibm/IEA/IEAVTRTE.asm	unique	tape
MVSSRC.SYM102.F05	sym1-2	FILE0005	IEAVTRTH	3630	identical-default	ibm/IEA/IEAVTRTH.asm	unique	tape
MVSSRC.SYM102.F05	sym1-2	FILE0005	IEAVTRTM	8417	identical-default	ibm/IEA/IEAVTRTM.asm	unique	tape
MVSSRC.SYM102.F05	sym1-2	FILE0005	IEAVTRTR	6453	identical-default	ibm/IEA/IEAVTRTR.asm	unique	tape
MVSSRC.SYM102.F05	sym1-2	FILE0005	IEAVTRTS	8396	identical-default	ibm/IEA/IEAVTRTS.asm	unique	tape
MVSSRC.SYM102.F05	sym1-2	FILE0005	IEAVTSBP	3563	identical-default	ibm/IEA/IEAVTSBP.asm	unique	tape
MVSSRC.SYM102.F05	sym1-2	FILE0005	IEAVTSDC	6089	identical-default	ibm/IEA/IEAVTSDC.asm	unique	tape
MVSSRC.SYM102.F05	sym1-2	FILE0005	IEAVTSDF	2768	identical-default	ibm/IEA/IEAVTSDF.asm	unique	tape
MVSSRC.SYM102.F05	sym1-2	FILE0005	IEAVTSDG	4679	identical-default	ibm/IEA/IEAVTSDG.asm	unique	tape
MVSSRC.SYM102.F05	sym1-2	FILE0005	IEAVTSDH	6355	identical-default	ibm/IEA/IEAVTSDH.asm	unique	tape
MVSSRC.SYM102.F05	sym1-2	FILE0005	IEAVTSDI	7614	identical-default	ibm/IEA/IEAVTSDI.asm	unique	tape
MVSSRC.SYM102.F05	sym1-2	FILE0005	IEAVTSDL	5064	identical-default	ibm/IEA/IEAVTSDL.asm	unique	tape
MVSSRC.SYM102.F06	sym1-2	FILE0006	IEAVTSDO	4930	identical-default	ibm/IEA/IEAVTSDO.asm	unique	tape
MVSSRC.SYM102.F06	sym1-2	FILE0006	IEAVTSDR	4307	identical-default	ibm/IEA/IEAVTSDR.asm	unique	tape
MVSSRC.SYM102.F06	sym1-2	FILE0006	IEAVTSDT	5098	identical-default	ibm/IEA/IEAVTSDT.asm	unique	tape
MVSSRC.SYM102.F06	sym1-2	FILE0006	IEAVTSDW	2351	identical-default	ibm/IEA/IEAVTSDW.asm	unique	tape
MVSSRC.SYM102.F06	sym1-2	FILE0006	IEAVTSDX	7686	identical-default	ibm/IEA/IEAVTSDX.asm	unique	tape
MVSSRC.SYM102.F06	sym1-2	FILE0006	IEAVTSKT	3763	identical-default	ibm/IEA/IEAVTSKT.asm	unique	tape
MVSSRC.SYM102.F06	sym1-2	FILE0006	IEAVTSLP	6407	identical-default	ibm/IEA/IEAVTSLP.asm	unique	tape
MVSSRC.SYM102.F06	sym1-2	FILE0006	IEAVTSSD	6276	identical-default	ibm/IEA/IEAVTSSD.asm	unique	tape
MVSSRC.SYM102.F06	sym1-2	FILE0006	IEAVTSSE	5410	identical-default	ibm/IEA/IEAVTSSE.asm	unique	tape
MVSSRC.SYM102.F06	sym1-2	FILE0006	IECDAFMT	5090	identical-default	ibm/IEC/IECDAFMT.asm	unique	tape
MVSSRC.SYM102.F06	sym1-2	FILE0006	IECDAFT1	4690	identical-default	ibm/IEC/IECDAFT1.asm	unique	tape
MVSSRC.SYM102.F06	sym1-2	FILE0006	IECIOFMT	4278	identical-default	ibm/IEC/IECIOFMT.asm	unique	tape
MVSSRC.SYM102.F06	sym1-2	FILE0006	IECIOFT1	2346	identical-default	ibm/IEC/IECIOFT1.asm	unique	tape
MVSSRC.SYM102.F06	sym1-2	FILE0006	IEECB905	9295	identical-default	ibm/IEE/IEECB905.asm	unique	tape
MVSSRC.SYM102.F06	sym1-2	FILE0006	IEECB906	2125	identical-default	ibm/IEE/IEECB906.asm	unique	tape
MVSSRC.SYM102.F06	sym1-2	FILE0006	IEECB907	4396	identical-default	ibm/IEE/IEECB907.asm	unique	tape
MVSSRC.SYM102.F06	sym1-2	FILE0006	IEECB908	849	identical-default	ibm/IEE/IEECB908.asm	unique	tape
MVSSRC.SYM102.F07	sym1-2	FILE0007	IEECB910	3619	identical-default	ibm/IEE/IEECB910.asm	unique	tape
MVSSRC.SYM102.F07	sym1-2	FILE0007	IEECB911	300	identical-default	ibm/IEE/IEECB911.asm	unique	tape
MVSSRC.SYM102.F07	sym1-2	FILE0007	IEECB912	681	identical-default	ibm/IEE/IEECB912.asm	unique	tape
MVSSRC.SYM102.F07	sym1-2	FILE0007	IEEMB815	4966	identical-default	ibm/IEE/IEEMB815.asm	unique	tape
MVSSRC.SYM102.F07	sym1-2	FILE0007	IEEVDUMY	2044	identical-default	ibm/IEE/IEEVDUMY.asm	unique	tape
MVSSRC.SYM102.F08	sym1-2	FILE0008	IEAXPALL	985	identical-default	ibm/IEA/IEAXPALL.asm	unique	tape
MVSSRC.SYM102.F08	sym1-2	FILE0008	IEAXPDXR	521	identical-default	ibm/IEA/IEAXPDXR.asm	unique	tape
MVSSRC.SYM102.F08	sym1-2	FILE0008	IEAXPSIM	61	identical-default	ibm/IEA/IEAXPSIM.asm	unique	tape
MVSSRC.SYM102.F09	sym1-2	FILE0009	IEAVAMSI	4913	identical-default	ibm/IEA/IEAVAMSI.asm	unique	tape
MVSSRC.SYM102.F09	sym1-2	FILE0009	IEAVCSEG	2596	identical-default	ibm/IEA/IEAVCSEG.asm	unique	tape
MVSSRC.SYM102.F09	sym1-2	FILE0009	IEAVDLAS	2558	identical-default	ibm/IEA/IEAVDLAS.asm	unique	tape
MVSSRC.SYM102.F09	sym1-2	FILE0009	IEAVDSEG	1562	identical-default	ibm/IEA/IEAVDSEG.asm	unique	tape
MVSSRC.SYM102.F09	sym1-2	FILE0009	IEAVEQR	5985	identical-default	ibm/IEA/IEAVEQR.asm	unique	tape
MVSSRC.SYM102.F09	sym1-2	FILE0009	IEAVFP	443	identical-default	ibm/IEA/IEAVFP.asm	unique	tape
MVSSRC.SYM102.F09	sym1-2	FILE0009	IEAVFREE	2492	identical-default	ibm/IEA/IEAVFREE.asm	unique	tape
MVSSRC.SYM102.F09	sym1-2	FILE0009	IEAVFXLD	3686	identical-default	ibm/IEA/IEAVFXLD.asm	unique	tape
MVSSRC.SYM102.F09	sym1-2	FILE0009	IEAVGFA	7104	identical-default	ibm/IEA/IEAVGFA.asm	unique	tape
MVSSRC.SYM102.F09	sym1-2	FILE0009	IEAVINV	2046	identical-default	ibm/IEA/IEAVINV.asm	unique	tape
MVSSRC.SYM102.F09	sym1-2	FILE0009	IEAVIOCP	3453	identical-default	ibm/IEA/IEAVIOCP.asm	unique	tape
MVSSRC.SYM102.F09	sym1-2	FILE0009	IEAVITAS	2196	identical-default	ibm/IEA/IEAVITAS.asm	unique	tape
MVSSRC.SYM102.F09	sym1-2	FILE0009	IEAVNPB5	1716	identical-default	ibm/IEA/IEAVNPB5.asm	unique	tape
MVSSRC.SYM102.F09	sym1-2	FILE0009	IEAVOUT	2997	identical-default	ibm/IEA/IEAVOUT.asm	unique	tape
MVSSRC.SYM102.F09	sym1-2	FILE0009	IEAVPCB	2994	identical-default	ibm/IEA/IEAVPCB.asm	unique	tape
MVSSRC.SYM102.F09	sym1-2	FILE0009	IEAVPFTE	3143	identical-default	ibm/IEA/IEAVPFTE.asm	unique	tape
MVSSRC.SYM102.F09	sym1-2	FILE0009	IEAVPIOI	2352	identical-default	ibm/IEA/IEAVPIOI.asm	unique	tape
MVSSRC.SYM102.F09	sym1-2	FILE0009	IEAVPIOP	4092	identical-default	ibm/IEA/IEAVPIOP.asm	unique	tape
MVSSRC.SYM102.F09	sym1-2	FILE0009	IEAVPIX	2273	identical-default	ibm/IEA/IEAVPIX.asm	unique	tape
MVSSRC.SYM102.F09	sym1-2	FILE0009	IEAVPREF	2634	identical-default	ibm/IEA/IEAVPREF.asm	unique	tape
MVSSRC.SYM102.F09	sym1-2	FILE0009	IEAVPRSB	2366	identical-default	ibm/IEA/IEAVPRSB.asm	unique	tape
MVSSRC.SYM102.F09	sym1-2	FILE0009	IEAVPSI	2179	identical-default	ibm/IEA/IEAVPSI.asm	unique	tape
MVSSRC.SYM102.F09	sym1-2	FILE0009	IEAVRCF	4123	identical-default	ibm/IEA/IEAVRCF.asm	unique	tape
MVSSRC.SYM102.F09	sym1-2	FILE0009	IEAVRCV	3355	identical-default	ibm/IEA/IEAVRCV.asm	unique	tape
MVSSRC.SYM102.F09	sym1-2	FILE0009	IEAVRELS	4931	identical-default	ibm/IEA/IEAVRELS.asm	unique	tape
MVSSRC.SYM102.F10	sym1-2	FILE0010	IEAVRFR	3650	identical-default	ibm/IEA/IEAVRFR.asm	unique	tape
MVSSRC.SYM102.F10	sym1-2	FILE0010	IEAVRSM	138	identical-default	ibm/IEA/IEAVRSM.asm	unique	tape
MVSSRC.SYM102.F10	sym1-2	FILE0010	IEAVSOUT	7594	identical-default	ibm/IEA/IEAVSOUT.asm	unique	tape
MVSSRC.SYM102.F10	sym1-2	FILE0010	IEAVSQA	3056	identical-default	ibm/IEA/IEAVSQA.asm	unique	tape
MVSSRC.SYM102.F10	sym1-2	FILE0010	IEAVSWIN	4809	identical-default	ibm/IEA/IEAVSWIN.asm	unique	tape
MVSSRC.SYM102.F10	sym1-2	FILE0010	IEAVSWPC	2446	identical-default	ibm/IEA/IEAVSWPC.asm	unique	tape
MVSSRC.SYM102.F10	sym1-2	FILE0010	IEAVTERM	4445	identical-default	ibm/IEA/IEAVTERM.asm	unique	tape
MVSSRC.SYM102.F10	sym1-2	FILE0010	IEAVTRV	288	identical-default	ibm/IEA/IEAVTRV.asm	unique	tape
MVSSRC.SYM102.F11	sym1-2	FILE0011	IEAVAR00	5089	identical-default	ibm/IEA/IEAVAR00.asm	unique	tape
MVSSRC.SYM102.F11	sym1-2	FILE0011	IEAVAR01	1186	identical-default	ibm/IEA/IEAVAR01.asm	unique	tape
MVSSRC.SYM102.F11	sym1-2	FILE0011	IEAVAR02	4680	identical-default	ibm/IEA/IEAVAR02.asm	unique	tape
MVSSRC.SYM102.F11	sym1-2	FILE0011	IEAVAR03	3486	identical-default	ibm/IEA/IEAVAR03.asm	unique	tape
MVSSRC.SYM102.F11	sym1-2	FILE0011	IEAVAR04	3661	identical-default	ibm/IEA/IEAVAR04.asm	unique	tape
MVSSRC.SYM102.F11	sym1-2	FILE0011	IEAVAR05	2422	identical-default	ibm/IEA/IEAVAR05.asm	unique	tape
MVSSRC.SYM102.F11	sym1-2	FILE0011	IEAVAR06	2834	identical-default	ibm/IEA/IEAVAR06.asm	unique	tape
MVSSRC.SYM102.F11	sym1-2	FILE0011	IEAVAR07	1928	identical-default	ibm/IEA/IEAVAR07.asm	unique	tape
MVSSRC.SYM102.F11	sym1-2	FILE0011	IEAVAX00	3749	identical-default	ibm/IEA/IEAVAX00.asm	unique	tape
MVSSRC.SYM102.F12	sym1-2	FILE0012	IEAVRT00	4622	identical-default	ibm/IEA/IEAVRT00.asm	unique	tape
MVSSRC.SYM102.F12	sym1-2	FILE0012	IEAVRT01	2838	identical-default	ibm/IEA/IEAVRT01.asm	unique	tape
MVSSRC.SYM102.F12	sym1-2	FILE0012	IEAVRT02	455	identical-default	ibm/IEA/IEAVRT02.asm	unique	tape
MVSSRC.SYM102.F12	sym1-2	FILE0012	IEAVRTI0	6276	identical-default	ibm/IEA/IEAVRTI0.asm	unique	tape
MVSSRC.SYM102.F12	sym1-2	FILE0012	IEAVRTI1	5646	identical-default	ibm/IEA/IEAVRTI1.asm	unique	tape
MVSSRC.SYM102.F12	sym1-2	FILE0012	IEAVRTOD	7786	identical-default	ibm/IEA/IEAVRTOD.asm	unique	tape
MVSSRC.SYM102.F12	sym1-2	FILE0012	IEE6503D	2743	identical-default	ibm/IEE/IEE6503D.asm	unique	tape
MVSSRC.SYM102.F12	sym1-2	FILE0012	IEE6603D	1874	identical-default	ibm/IEE/IEE6603D.asm	unique	tape
MVSSRC.SYM102.F13	sym1-2	FILE0013	ILRACT	2947	identical-default	ibm/ILR/ILRACT.asm	unique	tape
MVSSRC.SYM102.F13	sym1-2	FILE0013	ILRASM00	95	identical-default	ibm/ILR/ILRASM00.asm	unique	tape
MVSSRC.SYM102.F13	sym1-2	FILE0013	ILRASRIM	9869	identical-default	ibm/ILR/ILRASRIM.asm	unique	tape
MVSSRC.SYM102.F13	sym1-2	FILE0013	ILRCMP	5113	identical-default	ibm/ILR/ILRCMP.asm	unique	tape
MVSSRC.SYM102.F13	sym1-2	FILE0013	ILRCMP01	2888	identical-default	ibm/ILR/ILRCMP01.asm	unique	tape
MVSSRC.SYM102.F13	sym1-2	FILE0013	ILRFMT00	11143	identical-default	ibm/ILR/ILRFMT00.asm	unique	tape
MVSSRC.SYM102.F13	sym1-2	FILE0013	ILRFMTCV	9246	identical-default	ibm/ILR/ILRFMTCV.asm	unique	tape
MVSSRC.SYM102.F13	sym1-2	FILE0013	ILRFMTPG	4289	identical-default	ibm/ILR/ILRFMTPG.asm	unique	tape
MVSSRC.SYM102.F13	sym1-2	FILE0013	ILRFMTSW	7774	identical-default	ibm/ILR/ILRFMTSW.asm	unique	tape
MVSSRC.SYM102.F13	sym1-2	FILE0013	ILRFRR01	4803	identical-default	ibm/ILR/ILRFRR01.asm	unique	tape
MVSSRC.SYM102.F13	sym1-2	FILE0013	ILRFRSLT	1993	identical-default	ibm/ILR/ILRFRSLT.asm	unique	tape
MVSSRC.SYM102.F13	sym1-2	FILE0013	ILRGOS	4417	identical-default	ibm/ILR/ILRGOS.asm	unique	tape
MVSSRC.SYM102.F13	sym1-2	FILE0013	ILRGOS01	5042	identical-default	ibm/ILR/ILRGOS01.asm	unique	tape
MVSSRC.SYM102.F13	sym1-2	FILE0013	ILRIMMSG	2252	identical-default	ibm/ILR/ILRIMMSG.asm	unique	tape
MVSSRC.SYM102.F13	sym1-2	FILE0013	ILRIOFRR	5096	identical-default	ibm/ILR/ILRIOFRR.asm	unique	tape
MVSSRC.SYM102.F13	sym1-2	FILE0013	ILRJTERM	2317	identical-default	ibm/ILR/ILRJTERM.asm	unique	tape
MVSSRC.SYM102.F14	sym1-2	FILE0014	ILRMSG00	3980	identical-default	ibm/ILR/ILRMSG00.asm	unique	tape
MVSSRC.SYM102.F14	sym1-2	FILE0014	ILROPS00	5179	identical-default	ibm/ILR/ILROPS00.asm	unique	tape
MVSSRC.SYM102.F14	sym1-2	FILE0014	ILRPAGCM	4070	identical-default	ibm/ILR/ILRPAGCM.asm	unique	tape
MVSSRC.SYM102.F14	sym1-2	FILE0014	ILRPAGIO	3057	identical-default	ibm/ILR/ILRPAGIO.asm	unique	tape
MVSSRC.SYM102.F14	sym1-2	FILE0014	ILRPEX	1431	identical-default	ibm/ILR/ILRPEX.asm	unique	tape
MVSSRC.SYM102.F14	sym1-2	FILE0014	ILRPGEXP	4899	identical-default	ibm/ILR/ILRPGEXP.asm	unique	tape
MVSSRC.SYM102.F14	sym1-2	FILE0014	ILRPOS	3816	identical-default	ibm/ILR/ILRPOS.asm	unique	tape
MVSSRC.SYM102.F14	sym1-2	FILE0014	ILRPREAD	3565	identical-default	ibm/ILR/ILRPREAD.asm	unique	tape
MVSSRC.SYM102.F14	sym1-2	FILE0014	ILRPTM	4015	identical-default	ibm/ILR/ILRPTM.asm	unique	tape
MVSSRC.SYM102.F14	sym1-2	FILE0014	ILRQSRIT	1625	identical-default	ibm/ILR/ILRQSRIT.asm	unique	tape
MVSSRC.SYM102.F14	sym1-2	FILE0014	ILRRLG	2873	identical-default	ibm/ILR/ILRRLG.asm	unique	tape
MVSSRC.SYM102.F14	sym1-2	FILE0014	ILRSAV	3321	identical-default	ibm/ILR/ILRSAV.asm	unique	tape
MVSSRC.SYM102.F14	sym1-2	FILE0014	ILRSLOTC	87	identical-default	ibm/ILR/ILRSLOTC.asm	unique	tape
MVSSRC.SYM102.F14	sym1-2	FILE0014	ILRSRB01	2823	identical-default	ibm/ILR/ILRSRB01.asm	unique	tape
MVSSRC.SYM102.F14	sym1-2	FILE0014	ILRSRBC	2706	identical-default	ibm/ILR/ILRSRBC.asm	unique	tape
MVSSRC.SYM102.F14	sym1-2	FILE0014	ILRSRT	6423	identical-default	ibm/ILR/ILRSRT.asm	unique	tape
MVSSRC.SYM102.F14	sym1-2	FILE0014	ILRSRT01	3619	identical-default	ibm/ILR/ILRSRT01.asm	unique	tape
MVSSRC.SYM102.F14	sym1-2	FILE0014	ILRSWAP	3665	identical-default	ibm/ILR/ILRSWAP.asm	unique	tape
MVSSRC.SYM102.F14	sym1-2	FILE0014	ILRSWP01	3744	identical-default	ibm/ILR/ILRSWP01.asm	unique	tape
MVSSRC.SYM102.F14	sym1-2	FILE0014	ILRSWPDR	2069	identical-default	ibm/ILR/ILRSWPDR.asm	unique	tape
MVSSRC.SYM102.F14	sym1-2	FILE0014	ILRTERMR	4779	identical-default	ibm/ILR/ILRTERMR.asm	unique	tape
MVSSRC.SYM102.F14	sym1-2	FILE0014	ILRTMI00	4724	identical-default	ibm/ILR/ILRTMI00.asm	unique	tape
MVSSRC.SYM102.F15	sym1-2	FILE0015	ILRTMI01	3950	identical-default	ibm/ILR/ILRTMI01.asm	unique	tape
MVSSRC.SYM102.F15	sym1-2	FILE0015	ILRTMRLG	3127	identical-default	ibm/ILR/ILRTMRLG.asm	unique	tape
MVSSRC.SYM102.F15	sym1-2	FILE0015	ILRVIOCM	2153	identical-default	ibm/ILR/ILRVIOCM.asm	unique	tape
MVSSRC.SYM102.F15	sym1-2	FILE0015	ILRVSAMI	5514	identical-default	ibm/ILR/ILRVSAMI.asm	unique	tape
MVSSRC.SYM102.F16	sym1-2	FILE0016	IEAVNP10	5522	identical-default	ibm/IEA/IEAVNP10.asm	unique	tape
MVSSRC.SYM102.F16	sym1-2	FILE0016	IEE8603D	2109	identical-default	ibm/IEE/IEE8603D.asm	unique	tape
MVSSRC.SYM102.F16	sym1-2	FILE0016	IEEDISPD	2692	identical-default	ibm/IEE/IEEDISPD.asm	unique	tape
MVSSRC.SYM102.F16	sym1-2	FILE0016	IEEMB812	3143	identical-default	ibm/IEE/IEEMB812.asm	unique	tape
MVSSRC.SYM102.F16	sym1-2	FILE0016	IRARMCNS	192	identical-default	ibm/IRA/IRARMCNS.asm	unique	tape
MVSSRC.SYM102.F16	sym1-2	FILE0016	IRARMCPM	3555	identical-default	ibm/IRA/IRARMCPM.asm	unique	tape
MVSSRC.SYM102.F16	sym1-2	FILE0016	IRARMCPU	75	identical-default	ibm/IRA/IRARMCPU.asm	unique	tape
MVSSRC.SYM102.F16	sym1-2	FILE0016	IRARMCTL	5293	identical-default	ibm/IRA/IRARMCTL.asm	unique	tape
MVSSRC.SYM102.F16	sym1-2	FILE0016	IRARMERR	3852	identical-default	ibm/IRA/IRARMERR.asm	unique	tape
MVSSRC.SYM102.F16	sym1-2	FILE0016	IRARMEVT	8799	identical-default	ibm/IRA/IRARMEVT.asm	unique	tape
MVSSRC.SYM102.F16	sym1-2	FILE0016	IRARMINT	2620	identical-default	ibm/IRA/IRARMINT.asm	unique	tape
MVSSRC.SYM102.F16	sym1-2	FILE0016	IRARMIOM	5308	identical-default	ibm/IRA/IRARMIOM.asm	unique	tape
MVSSRC.SYM102.F16	sym1-2	FILE0016	IRARMIPS	7949	identical-default	ibm/IRA/IRARMIPS.asm	unique	tape
MVSSRC.SYM102.F16	sym1-2	FILE0016	IRARMMSG	98	identical-default	ibm/IRA/IRARMMSG.asm	unique	tape
MVSSRC.SYM102.F16	sym1-2	FILE0016	IRARMRMR	2724	identical-default	ibm/IRA/IRARMRMR.asm	unique	tape
MVSSRC.SYM102.F16	sym1-2	FILE0016	IRARMSET	1281	identical-default	ibm/IRA/IRARMSET.asm	unique	tape
MVSSRC.SYM102.F16	sym1-2	FILE0016	IRARMSRV	3339	identical-default	ibm/IRA/IRARMSRV.asm	unique	tape
MVSSRC.SYM102.F16	sym1-2	FILE0016	IRARMSTM	4330	identical-default	ibm/IRA/IRARMSTM.asm	unique	tape
MVSSRC.SYM102.F16	sym1-2	FILE0016	IRARMWAR	3135	identical-default	ibm/IRA/IRARMWAR.asm	unique	tape
MVSSRC.SYM102.F16	sym1-2	FILE0016	IRARMWLM	4439	identical-default	ibm/IRA/IRARMWLM.asm	unique	tape
MVSSRC.SYM102.F17	sym1-2	FILE0017	IGARPT01	10414	identical-default	ibm/IGA/IGARPT01.asm	unique	tape
MVSSRC.SYM102.F18	sym1-2	FILE0018	IEECLEAN	7300	identical-default	ibm/IEE/IEECLEAN.asm	unique	tape
MVSSRC.SYM102.F18	sym1-2	FILE0018	IEEMPDM	7803	identical-default	ibm/IEE/IEEMPDM.asm	unique	tape
MVSSRC.SYM102.F18	sym1-2	FILE0018	IEEMPS03	3903	identical-default	ibm/IEE/IEEMPS03.asm	unique	tape
MVSSRC.SYM102.F18	sym1-2	FILE0018	IEEMPVST	8086	identical-default	ibm/IEE/IEEMPVST.asm	unique	tape
MVSSRC.SYM102.F18	sym1-2	FILE0018	IEESTPRS	4102	identical-default	ibm/IEE/IEESTPRS.asm	unique	tape
MVSSRC.SYM102.F18	sym1-2	FILE0018	IEEVALST	295	identical-default	ibm/IEE/IEEVALST.asm	unique	tape
MVSSRC.SYM102.F18	sym1-2	FILE0018	IEEVCPU	13156	identical-default	ibm/IEE/IEEVCPU.asm	unique	tape
MVSSRC.SYM102.F18	sym1-2	FILE0018	IEEVDEV	2936	identical-default	ibm/IEE/IEEVDEV.asm	unique	tape
MVSSRC.SYM102.F18	sym1-2	FILE0018	IEEVPTH	6823	identical-default	ibm/IEE/IEEVPTH.asm	unique	tape
MVSSRC.SYM102.F18	sym1-2	FILE0018	IEEVSTOP	1076	identical-default	ibm/IEE/IEEVSTOP.asm	unique	tape
MVSSRC.SYM102.F18	sym1-2	FILE0018	IEEVWKUP	2683	identical-default	ibm/IEE/IEEVWKUP.asm	unique	tape
MVSSRC.SYM102.F19	sym1-2	FILE0019	IEAVNP02	4906	identical-default	ibm/IEA/IEAVNP02.asm	unique	tape
MVSSRC.SYM102.F19	sym1-2	FILE0019	IECIHIO	852	identical-default	ibm/IEC/IECIHIO.asm	unique	tape
MVSSRC.SYM102.F19	sym1-2	FILE0019	IECIOSAM	2169	identical-default	ibm/IEC/IECIOSAM.asm	unique	tape
MVSSRC.SYM102.F19	sym1-2	FILE0019	IECTCATN	239	identical-default	ibm/IEC/IECTCATN.asm	unique	tape
MVSSRC.SYM102.F19	sym1-2	FILE0019	IECVCINT	4727	identical-default	ibm/IEC/IECVCINT.asm	unique	tape
MVSSRC.SYM102.F19	sym1-2	FILE0019	IECVCRHH	858	identical-default	ibm/IEC/IECVCRHH.asm	unique	tape
MVSSRC.SYM102.F19	sym1-2	FILE0019	IECVDAVV	1137	identical-default	ibm/IEC/IECVDAVV.asm	unique	tape
MVSSRC.SYM102.F19	sym1-2	FILE0019	IECVERPL	3166	identical-default	ibm/IEC/IECVERPL.asm	unique	tape
MVSSRC.SYM102.F19	sym1-2	FILE0019	IECVGENA	2138	identical-default	ibm/IEC/IECVGENA.asm	unique	tape
MVSSRC.SYM102.F19	sym1-2	FILE0019	IECVHDET	2828	identical-default	ibm/IEC/IECVHDET.asm	unique	tape
MVSSRC.SYM102.F19	sym1-2	FILE0019	IECVHIDT	1	identical-default	ibm/IEC/IECVHIDT.asm	unique	tape
MVSSRC.SYM102.F19	sym1-2	FILE0019	IECVHREC	1722	identical-default	ibm/IEC/IECVHREC.asm	unique	tape
MVSSRC.SYM102.F19	sym1-2	FILE0019	IECVIOPM	4386	identical-default	ibm/IEC/IECVIOPM.asm	unique	tape
MVSSRC.SYM102.F19	sym1-2	FILE0019	IECVIRST	6379	identical-default	ibm/IEC/IECVIRST.asm	unique	tape
MVSSRC.SYM102.F19	sym1-2	FILE0019	IECVITRP	137	identical-default	ibm/IEC/IECVITRP.asm	unique	tape
MVSSRC.SYM102.F19	sym1-2	FILE0019	IECVPST	1745	identical-default	ibm/IEC/IECVPST.asm	unique	tape
MVSSRC.SYM102.F19	sym1-2	FILE0019	IECVPURG	341	identical-default	ibm/IEC/IECVPURG.asm	unique	tape
MVSSRC.SYM102.F19	sym1-2	FILE0019	IECVRSTI	6211	identical-default	ibm/IEC/IECVRSTI.asm	unique	tape
MVSSRC.SYM102.F19	sym1-2	FILE0019	IECVSMGR	2296	identical-default	ibm/IEC/IECVSMGR.asm	unique	tape
MVSSRC.SYM102.F19	sym1-2	FILE0019	IECVTCCW	1651	identical-default	ibm/IEC/IECVTCCW.asm	unique	tape
MVSSRC.SYM102.F19	sym1-2	FILE0019	IGC0001F	3214	identical-default	ibm/IGC/IGC0001F.asm	unique	tape
MVSSRC.SYM102.F19	sym1-2	FILE0019	IGC0001G	292	identical-default	ibm/IGC/IGC0001G.asm	unique	tape
MVSSRC.SYM102.F19	sym1-2	FILE0019	IGC0003C	1416	identical-default	ibm/IGC/IGC0003C.asm	unique	tape
MVSSRC.SYM102.F19	sym1-2	FILE0019	IGE0002E	377	identical-default	ibm/IGE/IGE0002E.asm	unique	tape
MVSSRC.SYM102.F19	sym1-2	FILE0019	IGE0025C	4752	identical-default	ibm/IGE/IGE0025C.asm	unique	tape
MVSSRC.SYM102.F19	sym1-2	FILE0019	IGE0025D	277	identical-default	ibm/IGE/IGE0025D.asm	unique	tape
MVSSRC.SYM102.F19	sym1-2	FILE0019	IGX00015	200	identical-default	ibm/IGX/IGX00015.asm	unique	tape
MVSSRC.SYM103.F01	sym1-3	FILE0001	IEAVNP07	2256	identical-default	ibm/IEA/IEAVNP07.asm	unique	tape
MVSSRC.SYM103.F01	sym1-3	FILE0001	IEE10110	425	identical-default	ibm/IEE/IEE10110.asm	unique	tape
MVSSRC.SYM103.F01	sym1-3	FILE0001	IEE11110	350	identical-default	ibm/IEE/IEE11110.asm	unique	tape
MVSSRC.SYM103.F01	sym1-3	FILE0001	IEE12110	356	identical-default	ibm/IEE/IEE12110.asm	unique	tape
MVSSRC.SYM103.F01	sym1-3	FILE0001	IEE20110	773	identical-default	ibm/IEE/IEE20110.asm	unique	tape
MVSSRC.SYM103.F01	sym1-3	FILE0001	IEE21110	521	identical-default	ibm/IEE/IEE21110.asm	unique	tape
MVSSRC.SYM103.F01	sym1-3	FILE0001	IEE22110	384	identical-default	ibm/IEE/IEE22110.asm	unique	tape
MVSSRC.SYM103.F01	sym1-3	FILE0001	IEE23110	672	identical-default	ibm/IEE/IEE23110.asm	unique	tape
MVSSRC.SYM103.F01	sym1-3	FILE0001	IEE40110	436	identical-default	ibm/IEE/IEE40110.asm	unique	tape
MVSSRC.SYM103.F01	sym1-3	FILE0001	IEECVET1	853	identical-default	ibm/IEE/IEECVET1.asm	unique	tape
MVSSRC.SYM103.F01	sym1-3	FILE0001	IEECVET2	377	identical-default	ibm/IEE/IEECVET2.asm	unique	tape
MVSSRC.SYM103.F01	sym1-3	FILE0001	IEECVET3	265	identical-default	ibm/IEE/IEECVET3.asm	unique	tape
MVSSRC.SYM103.F01	sym1-3	FILE0001	IEECVET4	584	identical-default	ibm/IEE/IEECVET4.asm	unique	tape
MVSSRC.SYM103.F01	sym1-3	FILE0001	IEECVET6	423	identical-default	ibm/IEE/IEECVET6.asm	unique	tape
MVSSRC.SYM103.F01	sym1-3	FILE0001	IEECVET7	379	identical-default	ibm/IEE/IEECVET7.asm	unique	tape
MVSSRC.SYM103.F01	sym1-3	FILE0001	IEECVET8	455	identical-default	ibm/IEE/IEECVET8.asm	unique	tape
MVSSRC.SYM103.F01	sym1-3	FILE0001	IEECVET9	447	identical-default	ibm/IEE/IEECVET9.asm	unique	tape
MVSSRC.SYM103.F01	sym1-3	FILE0001	IEECVETA	484	identical-default	ibm/IEE/IEECVETA.asm	unique	tape
MVSSRC.SYM103.F01	sym1-3	FILE0001	IEECVETC	434	identical-default	ibm/IEE/IEECVETC.asm	unique	tape
MVSSRC.SYM103.F01	sym1-3	FILE0001	IEECVETD	353	identical-default	ibm/IEE/IEECVETD.asm	unique	tape
MVSSRC.SYM103.F01	sym1-3	FILE0001	IEECVETE	325	identical-default	ibm/IEE/IEECVETE.asm	unique	tape
MVSSRC.SYM103.F01	sym1-3	FILE0001	IEECVETF	456	identical-default	ibm/IEE/IEECVETF.asm	unique	tape
MVSSRC.SYM103.F01	sym1-3	FILE0001	IEECVETG	418	identical-default	ibm/IEE/IEECVETG.asm	unique	tape
MVSSRC.SYM103.F01	sym1-3	FILE0001	IEECVETH	479	identical-default	ibm/IEE/IEECVETH.asm	unique	tape
MVSSRC.SYM103.F01	sym1-3	FILE0001	IEECVETJ	566	identical-default	ibm/IEE/IEECVETJ.asm	unique	tape
MVSSRC.SYM103.F01	sym1-3	FILE0001	IEECVETK	379	identical-default	ibm/IEE/IEECVETK.asm	unique	tape
MVSSRC.SYM103.F01	sym1-3	FILE0001	IEECVETP	550	identical-default	ibm/IEE/IEECVETP.asm	unique	tape
MVSSRC.SYM103.F01	sym1-3	FILE0001	IEECVETQ	583	identical-default	ibm/IEE/IEECVETQ.asm	unique	tape
MVSSRC.SYM103.F01	sym1-3	FILE0001	IEECVETR	467	identical-default	ibm/IEE/IEECVETR.asm	unique	tape
MVSSRC.SYM103.F01	sym1-3	FILE0001	IEECVETU	626	identical-default	ibm/IEE/IEECVETU.asm	unique	tape
MVSSRC.SYM103.F01	sym1-3	FILE0001	IEECVETV	516	identical-default	ibm/IEE/IEECVETV.asm	unique	tape
MVSSRC.SYM103.F01	sym1-3	FILE0001	IEECVETW	634	identical-default	ibm/IEE/IEECVETW.asm	unique	tape
MVSSRC.SYM103.F01	sym1-3	FILE0001	IEECVFT1	263	identical-default	ibm/IEE/IEECVFT1.asm	unique	tape
MVSSRC.SYM103.F01	sym1-3	FILE0001	IEECVFT2	585	identical-default	ibm/IEE/IEECVFT2.asm	unique	tape
MVSSRC.SYM103.F01	sym1-3	FILE0001	IEECVFTA	577	identical-default	ibm/IEE/IEECVFTA.asm	unique	tape
MVSSRC.SYM103.F01	sym1-3	FILE0001	IEECVFTB	616	identical-default	ibm/IEE/IEECVFTB.asm	unique	tape
MVSSRC.SYM103.F01	sym1-3	FILE0001	IEECVFTD	230	identical-default	ibm/IEE/IEECVFTD.asm	unique	tape
MVSSRC.SYM103.F01	sym1-3	FILE0001	IEECVFTG	598	identical-default	ibm/IEE/IEECVFTG.asm	unique	tape
MVSSRC.SYM103.F01	sym1-3	FILE0001	IEECVFTL	472	identical-default	ibm/IEE/IEECVFTL.asm	unique	tape
MVSSRC.SYM103.F01	sym1-3	FILE0001	IEECVFTM	619	identical-default	ibm/IEE/IEECVFTM.asm	unique	tape
MVSSRC.SYM103.F01	sym1-3	FILE0001	IEECVFTN	484	identical-default	ibm/IEE/IEECVFTN.asm	unique	tape
MVSSRC.SYM103.F01	sym1-3	FILE0001	IEECVFTO	782	identical-default	ibm/IEE/IEECVFTO.asm	unique	tape
MVSSRC.SYM103.F01	sym1-3	FILE0001	IEECVFTP	534	identical-default	ibm/IEE/IEECVFTP.asm	unique	tape
MVSSRC.SYM103.F01	sym1-3	FILE0001	IEECVFTQ	793	identical-default	ibm/IEE/IEECVFTQ.asm	unique	tape
MVSSRC.SYM103.F01	sym1-3	FILE0001	IEECVFTR	246	identical-default	ibm/IEE/IEECVFTR.asm	unique	tape
MVSSRC.SYM103.F01	sym1-3	FILE0001	IEECVFTT	306	identical-default	ibm/IEE/IEECVFTT.asm	unique	tape
MVSSRC.SYM103.F01	sym1-3	FILE0001	IEECVGCI	515	identical-default	ibm/IEE/IEECVGCI.asm	unique	tape
MVSSRC.SYM103.F02	sym1-3	FILE0002	ESRTABLE	112	identical-default	ibm/ESR/ESRTABLE.asm	unique	tape
MVSSRC.SYM103.F02	sym1-3	FILE0002	IEAVEADV	250	identical-default	ibm/IEA/IEAVEADV.asm	unique	tape
MVSSRC.SYM103.F02	sym1-3	FILE0002	IEAVECBV	2451	identical-default	ibm/IEA/IEAVECBV.asm	unique	tape
MVSSRC.SYM103.F02	sym1-3	FILE0002	IEAVEDR	601	identical-default	ibm/IEA/IEAVEDR.asm	unique	tape
MVSSRC.SYM103.F02	sym1-3	FILE0002	IEAVEDS0	4024	identical-default	ibm/IEA/IEAVEDS0.asm	unique	tape
MVSSRC.SYM103.F02	sym1-3	FILE0002	IEAVEDSR	710	identical-default	ibm/IEA/IEAVEDSR.asm	unique	tape
MVSSRC.SYM103.F02	sym1-3	FILE0002	IEAVEE1R	220	identical-default	ibm/IEA/IEAVEE1R.asm	unique	tape
MVSSRC.SYM103.F02	sym1-3	FILE0002	IEAVEE2R	225	identical-default	ibm/IEA/IEAVEE2R.asm	unique	tape
MVSSRC.SYM103.F02	sym1-3	FILE0002	IEAVEE3R	204	identical-default	ibm/IEA/IEAVEE3R.asm	unique	tape
MVSSRC.SYM103.F02	sym1-3	FILE0002	IEAVEEE0	3201	identical-default	ibm/IEA/IEAVEEE0.asm	unique	tape
MVSSRC.SYM103.F02	sym1-3	FILE0002	IEAVEEE2	5365	identical-default	ibm/IEA/IEAVEEE2.asm	unique	tape
MVSSRC.SYM103.F02	sym1-3	FILE0002	IEAVEEEP	638	identical-default	ibm/IEA/IEAVEEEP.asm	unique	tape
MVSSRC.SYM103.F02	sym1-3	FILE0002	IEAVEEER	2167	identical-default	ibm/IEA/IEAVEEER.asm	unique	tape
MVSSRC.SYM103.F02	sym1-3	FILE0002	IEAVEES	345	identical-default	ibm/IEA/IEAVEES.asm	unique	tape
MVSSRC.SYM103.F02	sym1-3	FILE0002	IEAVEEXP	733	identical-default	ibm/IEA/IEAVEEXP.asm	unique	tape
MVSSRC.SYM103.F02	sym1-3	FILE0002	IEAVEEXT	685	identical-default	ibm/IEA/IEAVEEXT.asm	unique	tape
MVSSRC.SYM103.F02	sym1-3	FILE0002	IEAVEF00	2223	identical-default	ibm/IEA/IEAVEF00.asm	unique	tape
MVSSRC.SYM103.F02	sym1-3	FILE0002	IEAVEIO	528	identical-default	ibm/IEA/IEAVEIO.asm	unique	tape
MVSSRC.SYM103.F02	sym1-3	FILE0002	IEAVEIOR	188	identical-default	ibm/IEA/IEAVEIOR.asm	unique	tape
MVSSRC.SYM103.F02	sym1-3	FILE0002	IEAVEIPR	187	identical-default	ibm/IEA/IEAVEIPR.asm	unique	tape
MVSSRC.SYM103.F02	sym1-3	FILE0002	IEAVELCR	409	identical-default	ibm/IEA/IEAVELCR.asm	unique	tape
MVSSRC.SYM103.F02	sym1-3	FILE0002	IEAVELIT	436	identical-default	ibm/IEA/IEAVELIT.asm	unique	tape
MVSSRC.SYM103.F02	sym1-3	FILE0002	IEAVELK	3476	identical-default	ibm/IEA/IEAVELK.asm	unique	tape
MVSSRC.SYM103.F02	sym1-3	FILE0002	IEAVELKR	1120	identical-default	ibm/IEA/IEAVELKR.asm	unique	tape
MVSSRC.SYM103.F02	sym1-3	FILE0002	IEAVEMCR	2764	identical-default	ibm/IEA/IEAVEMCR.asm	unique	tape
MVSSRC.SYM103.F02	sym1-3	FILE0002	IEAVEMDL	2241	identical-default	ibm/IEA/IEAVEMDL.asm	unique	tape
MVSSRC.SYM103.F02	sym1-3	FILE0002	IEAVEMIN	3048	identical-default	ibm/IEA/IEAVEMIN.asm	unique	tape
MVSSRC.SYM103.F02	sym1-3	FILE0002	IEAVEMRQ	3193	identical-default	ibm/IEA/IEAVEMRQ.asm	unique	tape
MVSSRC.SYM103.F02	sym1-3	FILE0002	IEAVEMS0	630	identical-default	ibm/IEA/IEAVEMS0.asm	unique	tape
MVSSRC.SYM103.F02	sym1-3	FILE0002	IEAVEPC	2233	identical-default	ibm/IEA/IEAVEPC.asm	unique	tape
MVSSRC.SYM103.F02	sym1-3	FILE0002	IEAVEPCR	308	identical-default	ibm/IEA/IEAVEPCR.asm	unique	tape
MVSSRC.SYM103.F02	sym1-3	FILE0002	IEAVEPD0	3177	identical-default	ibm/IEA/IEAVEPD0.asm	unique	tape
MVSSRC.SYM103.F02	sym1-3	FILE0002	IEAVEPDR	1884	identical-default	ibm/IEA/IEAVEPDR.asm	unique	tape
MVSSRC.SYM103.F02	sym1-3	FILE0002	IEAVEQV0	2437	identical-default	ibm/IEA/IEAVEQV0.asm	unique	tape
MVSSRC.SYM103.F02	sym1-3	FILE0002	IEAVERER	192	identical-default	ibm/IEA/IEAVERER.asm	unique	tape
MVSSRC.SYM103.F02	sym1-3	FILE0002	IEAVERES	417	identical-default	ibm/IEA/IEAVERES.asm	unique	tape
MVSSRC.SYM103.F02	sym1-3	FILE0002	IEAVERI	406	identical-default	ibm/IEA/IEAVERI.asm	unique	tape
MVSSRC.SYM103.F02	sym1-3	FILE0002	IEAVERP	311	identical-default	ibm/IEA/IEAVERP.asm	unique	tape
MVSSRC.SYM103.F02	sym1-3	FILE0002	IEAVESC0	734	identical-default	ibm/IEA/IEAVESC0.asm	unique	tape
MVSSRC.SYM103.F02	sym1-3	FILE0002	IEAVESCR	2160	identical-default	ibm/IEA/IEAVESCR.asm	unique	tape
MVSSRC.SYM103.F02	sym1-3	FILE0002	IEAVESPR	2543	identical-default	ibm/IEA/IEAVESPR.asm	unique	tape
MVSSRC.SYM103.F02	sym1-3	FILE0002	IEAVESVC	1821	identical-default	ibm/IEA/IEAVESVC.asm	unique	tape
MVSSRC.SYM103.F02	sym1-3	FILE0002	IEAVESVR	257	identical-default	ibm/IEA/IEAVESVR.asm	unique	tape
MVSSRC.SYM103.F02	sym1-3	FILE0002	IEAVETCL	1036	identical-default	ibm/IEA/IEAVETCL.asm	unique	tape
MVSSRC.SYM103.F02	sym1-3	FILE0002	IEAVEUPC	108	identical-default	ibm/IEA/IEAVEUPC.asm	unique	tape
MVSSRC.SYM103.F02	sym1-3	FILE0002	IEAVEVAL	523	identical-default	ibm/IEA/IEAVEVAL.asm	unique	tape
MVSSRC.SYM103.F02	sym1-3	FILE0002	IEAVEVRR	2066	identical-default	ibm/IEA/IEAVEVRR.asm	unique	tape
MVSSRC.SYM103.F02	sym1-3	FILE0002	IEAVEXS	333	identical-default	ibm/IEA/IEAVEXS.asm	unique	tape
MVSSRC.SYM103.F02	sym1-3	FILE0002	IEAVNP09	1401	identical-default	ibm/IEA/IEAVNP09.asm	unique	tape
MVSSRC.SYM103.F02	sym1-3	FILE0002	IEAVNPB6	10	identical-default	ibm/IEA/IEAVNPB6.asm	unique	tape
MVSSRC.SYM103.F02	sym1-3	FILE0002	IQADVM00	10	identical-default	ibm/IQA/IQADVM00.asm	unique	tape
MVSSRC.SYM103.F03	sym1-3	FILE0003	IECVEXCP	3381	identical-default	ibm/IEC/IECVEXCP.asm	unique	tape
MVSSRC.SYM103.F03	sym1-3	FILE0003	IECVEXPR	1956	identical-default	ibm/IEC/IECVEXPR.asm	unique	tape
MVSSRC.SYM103.F04	sym1-3	FILE0004	IEAVNIP0	16626	identical-default	ibm/IEA/IEAVNIP0.asm	unique	tape
MVSSRC.SYM103.F04	sym1-3	FILE0004	IEAVNIPM	10441	identical-default	ibm/IEA/IEAVNIPM.asm	unique	tape
MVSSRC.SYM103.F04	sym1-3	FILE0004	IEAVNIPX	6177	identical-default	ibm/IEA/IEAVNIPX.asm	unique	tape
MVSSRC.SYM103.F04	sym1-3	FILE0004	IEAVNP03	8928	identical-default	ibm/IEA/IEAVNP03.asm	unique	tape
MVSSRC.SYM103.F04	sym1-3	FILE0004	IEAVNPM2	6661	identical-default	ibm/IEA/IEAVNPM2.asm	unique	tape
MVSSRC.SYM103.F04	sym1-3	FILE0004	IEAVNPM3	5778	identical-default	ibm/IEA/IEAVNPM3.asm	unique	tape
MVSSRC.SYM103.F05	sym1-3	FILE0005	IEAIPL00	1358	identical-default	ibm/IEA/IEAIPL00.asm	unique	tape
MVSSRC.SYM103.F06	sym1-3	FILE0006	IGG0197L	564	identical-default	ibm/IGG/IGG0197L.asm	unique	tape
MVSSRC.SYM103.F06	sym1-3	FILE0006	IGG0197M	252	identical-default	ibm/IGG/IGG0197M.asm	unique	tape
MVSSRC.SYM103.F06	sym1-3	FILE0006	IGG0197N	572	identical-default	ibm/IGG/IGG0197N.asm	unique	tape
MVSSRC.SYM103.F06	sym1-3	FILE0006	IGG0197P	628	identical-default	ibm/IGG/IGG0197P.asm	unique	tape
MVSSRC.SYM103.F06	sym1-3	FILE0006	IGG0197Q	434	identical-default	ibm/IGG/IGG0197Q.asm	unique	tape
MVSSRC.SYM103.F06	sym1-3	FILE0006	IGG019FA	254	identical-default	ibm/IGG/IGG019FA.asm	unique	tape
MVSSRC.SYM103.F06	sym1-3	FILE0006	IGG019FK	254	identical-default	ibm/IGG/IGG019FK.asm	unique	tape
MVSSRC.SYM103.F06	sym1-3	FILE0006	IGG019FQ	494	identical-default	ibm/IGG/IGG019FQ.asm	unique	tape
MVSSRC.SYM103.F06	sym1-3	FILE0006	IGG019FU	277	identical-default	ibm/IGG/IGG019FU.asm	unique	tape
MVSSRC.SYM103.F06	sym1-3	FILE0006	IGG0201P	654	identical-default	ibm/IGG/IGG0201P.asm	unique	tape
MVSSRC.SYM103.F06	sym1-3	FILE0006	IGG0201R	371	identical-default	ibm/IGG/IGG0201R.asm	unique	tape
MVSSRC.SYM103.F07	sym1-3	FILE0007	IKJEBEAA	2798	identical-default	ibm/IKJ/IKJEBEAA.asm	unique	tape
MVSSRC.SYM103.F07	sym1-3	FILE0007	IKJEBEAE	1338	identical-default	ibm/IKJ/IKJEBEAE.asm	unique	tape
MVSSRC.SYM103.F07	sym1-3	FILE0007	IKJEBEAT	400	identical-default	ibm/IKJ/IKJEBEAT.asm	unique	tape
MVSSRC.SYM103.F07	sym1-3	FILE0007	IKJEBEBO	173	identical-default	ibm/IKJ/IKJEBEBO.asm	unique	tape
MVSSRC.SYM103.F07	sym1-3	FILE0007	IKJEBECH	6627	identical-default	ibm/IKJ/IKJEBECH.asm	unique	tape
MVSSRC.SYM103.F07	sym1-3	FILE0007	IKJEBECI	1003	identical-default	ibm/IKJ/IKJEBECI.asm	unique	tape
MVSSRC.SYM103.F07	sym1-3	FILE0007	IKJEBECO	866	identical-default	ibm/IKJ/IKJEBECO.asm	unique	tape
MVSSRC.SYM103.F07	sym1-3	FILE0007	IKJEBEDA	560	identical-default	ibm/IKJ/IKJEBEDA.asm	unique	tape
MVSSRC.SYM103.F07	sym1-3	FILE0007	IKJEBEDC	774	identical-default	ibm/IKJ/IKJEBEDC.asm	unique	tape
MVSSRC.SYM103.F07	sym1-3	FILE0007	IKJEBEDE	1056	identical-default	ibm/IKJ/IKJEBEDE.asm	unique	tape
MVSSRC.SYM103.F07	sym1-3	FILE0007	IKJEBEDO	441	identical-default	ibm/IKJ/IKJEBEDO.asm	unique	tape
MVSSRC.SYM103.F07	sym1-3	FILE0007	IKJEBEDX	1146	identical-default	ibm/IKJ/IKJEBEDX.asm	unique	tape
MVSSRC.SYM103.F07	sym1-3	FILE0007	IKJEBEEN	919	identical-default	ibm/IKJ/IKJEBEEN.asm	unique	tape
MVSSRC.SYM103.F07	sym1-3	FILE0007	IKJEBEEX	259	identical-default	ibm/IKJ/IKJEBEEX.asm	unique	tape
MVSSRC.SYM103.F07	sym1-3	FILE0007	IKJEBEFC	764	identical-default	ibm/IKJ/IKJEBEFC.asm	unique	tape
MVSSRC.SYM103.F07	sym1-3	FILE0007	IKJEBEFI	521	identical-default	ibm/IKJ/IKJEBEFI.asm	unique	tape
MVSSRC.SYM103.F07	sym1-3	FILE0007	IKJEBEFO	837	identical-default	ibm/IKJ/IKJEBEFO.asm	unique	tape
MVSSRC.SYM103.F07	sym1-3	FILE0007	IKJEBEHE	168	identical-default	ibm/IKJ/IKJEBEHE.asm	unique	tape
MVSSRC.SYM103.F07	sym1-3	FILE0007	IKJEBEIA	1972	identical-default	ibm/IKJ/IKJEBEIA.asm	unique	tape
MVSSRC.SYM103.F07	sym1-3	FILE0007	IKJEBEIP	4130	identical-default	ibm/IKJ/IKJEBEIP.asm	unique	tape
MVSSRC.SYM103.F07	sym1-3	FILE0007	IKJEBEIS	2165	identical-default	ibm/IKJ/IKJEBEIS.asm	unique	tape
MVSSRC.SYM103.F07	sym1-3	FILE0007	IKJEBELE	1462	identical-default	ibm/IKJ/IKJEBELE.asm	unique	tape
MVSSRC.SYM103.F07	sym1-3	FILE0007	IKJEBELI	2265	identical-default	ibm/IKJ/IKJEBELI.asm	unique	tape
MVSSRC.SYM103.F07	sym1-3	FILE0007	IKJEBELT	792	identical-default	ibm/IKJ/IKJEBELT.asm	unique	tape
MVSSRC.SYM103.F07	sym1-3	FILE0007	IKJEBEM1	124	identical-default	ibm/IKJ/IKJEBEM1.asm	unique	tape
MVSSRC.SYM103.F07	sym1-3	FILE0007	IKJEBEM2	150	identical-default	ibm/IKJ/IKJEBEM2.asm	unique	tape
MVSSRC.SYM103.F07	sym1-3	FILE0007	IKJEBEM3	114	identical-default	ibm/IKJ/IKJEBEM3.asm	unique	tape
MVSSRC.SYM103.F07	sym1-3	FILE0007	IKJEBEM4	107	identical-default	ibm/IKJ/IKJEBEM4.asm	unique	tape
MVSSRC.SYM103.F07	sym1-3	FILE0007	IKJEBEM5	137	identical-default	ibm/IKJ/IKJEBEM5.asm	unique	tape
MVSSRC.SYM103.F07	sym1-3	FILE0007	IKJEBEM6	140	identical-default	ibm/IKJ/IKJEBEM6.asm	unique	tape
MVSSRC.SYM103.F07	sym1-3	FILE0007	IKJEBEM7	141	identical-default	ibm/IKJ/IKJEBEM7.asm	unique	tape
MVSSRC.SYM103.F07	sym1-3	FILE0007	IKJEBEMA	1723	identical-default	ibm/IKJ/IKJEBEMA.asm	unique	tape
MVSSRC.SYM103.F07	sym1-3	FILE0007	IKJEBEMC	4571	identical-default	ibm/IKJ/IKJEBEMC.asm	unique	tape
MVSSRC.SYM103.F07	sym1-3	FILE0007	IKJEBEME	1069	identical-default	ibm/IKJ/IKJEBEME.asm	unique	tape
MVSSRC.SYM103.F07	sym1-3	FILE0007	IKJEBEMR	332	identical-default	ibm/IKJ/IKJEBEMR.asm	unique	tape
MVSSRC.SYM103.F07	sym1-3	FILE0007	IKJEBEMS	528	identical-default	ibm/IKJ/IKJEBEMS.asm	unique	tape
MVSSRC.SYM103.F07	sym1-3	FILE0007	IKJEBEPS	148	identical-default	ibm/IKJ/IKJEBEPS.asm	unique	tape
MVSSRC.SYM103.F07	sym1-3	FILE0007	IKJEBERE	1970	identical-default	ibm/IKJ/IKJEBERE.asm	unique	tape
MVSSRC.SYM103.F07	sym1-3	FILE0007	IKJEBERN	1110	identical-default	ibm/IKJ/IKJEBERN.asm	unique	tape
MVSSRC.SYM103.F07	sym1-3	FILE0007	IKJEBERU	3653	identical-default	ibm/IKJ/IKJEBERU.asm	unique	tape
MVSSRC.SYM103.F07	sym1-3	FILE0007	IKJEBESA	3474	identical-default	ibm/IKJ/IKJEBESA.asm	unique	tape
MVSSRC.SYM103.F07	sym1-3	FILE0007	IKJEBESC	4218	identical-default	ibm/IKJ/IKJEBESC.asm	unique	tape
MVSSRC.SYM103.F07	sym1-3	FILE0007	IKJEBESE	448	identical-default	ibm/IKJ/IKJEBESE.asm	unique	tape
MVSSRC.SYM103.F07	sym1-3	FILE0007	IKJEBESU	2088	identical-default	ibm/IKJ/IKJEBESU.asm	unique	tape
MVSSRC.SYM103.F07	sym1-3	FILE0007	IKJEBETA	425	identical-default	ibm/IKJ/IKJEBETA.asm	unique	tape
MVSSRC.SYM103.F07	sym1-3	FILE0007	IKJEBETO	181	identical-default	ibm/IKJ/IKJEBETO.asm	unique	tape
MVSSRC.SYM103.F07	sym1-3	FILE0007	IKJEBEUI	799	identical-default	ibm/IKJ/IKJEBEUI.asm	unique	tape
MVSSRC.SYM103.F07	sym1-3	FILE0007	IKJEBEUN	1251	identical-default	ibm/IKJ/IKJEBEUN.asm	unique	tape
MVSSRC.SYM103.F07	sym1-3	FILE0007	IKJEBEUP	399	identical-default	ibm/IKJ/IKJEBEUP.asm	unique	tape
MVSSRC.SYM103.F07	sym1-3	FILE0007	IKJEBEUT	343	identical-default	ibm/IKJ/IKJEBEUT.asm	unique	tape
MVSSRC.SYM103.F07	sym1-3	FILE0007	IKJEBEVE	195	identical-default	ibm/IKJ/IKJEBEVE.asm	unique	tape
MVSSRC.SYM103.F08	sym1-3	FILE0008	IGC0006A	990	identical-default	ibm/IGC/IGC0006A.asm	unique	tape
MVSSRC.SYM103.F08	sym1-3	FILE0008	IGC0009G	1471	identical-default	ibm/IGC/IGC0009G.asm	unique	tape
MVSSRC.SYM103.F08	sym1-3	FILE0008	IKJEGASN	1018	identical-default	ibm/IKJ/IKJEGASN.asm	unique	tape
MVSSRC.SYM103.F08	sym1-3	FILE0008	IKJEGAT	2245	identical-default	ibm/IKJ/IKJEGAT.asm	unique	tape
MVSSRC.SYM103.F08	sym1-3	FILE0008	IKJEGATD	575	identical-default	ibm/IKJ/IKJEGATD.asm	unique	tape
MVSSRC.SYM103.F08	sym1-3	FILE0008	IKJEGATN	616	identical-default	ibm/IKJ/IKJEGATN.asm	unique	tape
MVSSRC.SYM103.F08	sym1-3	FILE0008	IKJEGCIV	483	identical-default	ibm/IKJ/IKJEGCIV.asm	unique	tape
MVSSRC.SYM103.F08	sym1-3	FILE0008	IKJEGCPY	955	identical-default	ibm/IKJ/IKJEGCPY.asm	unique	tape
MVSSRC.SYM103.F08	sym1-3	FILE0008	IKJEGCVT	3607	identical-default	ibm/IKJ/IKJEGCVT.asm	unique	tape
MVSSRC.SYM103.F08	sym1-3	FILE0008	IKJEGDCB	1115	identical-default	ibm/IKJ/IKJEGDCB.asm	unique	tape
MVSSRC.SYM103.F08	sym1-3	FILE0008	IKJEGDEB	1176	identical-default	ibm/IKJ/IKJEGDEB.asm	unique	tape
MVSSRC.SYM103.F08	sym1-3	FILE0008	IKJEGEND	324	identical-default	ibm/IKJ/IKJEGEND.asm	unique	tape
MVSSRC.SYM103.F08	sym1-3	FILE0008	IKJEGEQU	1302	identical-default	ibm/IKJ/IKJEGEQU.asm	unique	tape
MVSSRC.SYM103.F08	sym1-3	FILE0008	IKJEGGO	1361	identical-default	ibm/IKJ/IKJEGGO.asm	unique	tape
MVSSRC.SYM103.F08	sym1-3	FILE0008	IKJEGINT	1659	identical-default	ibm/IKJ/IKJEGINT.asm	unique	tape
MVSSRC.SYM103.F08	sym1-3	FILE0008	IKJEGIO	4905	identical-default	ibm/IKJ/IKJEGIO.asm	unique	tape
MVSSRC.SYM103.F08	sym1-3	FILE0008	IKJEGLDF	1596	identical-default	ibm/IKJ/IKJEGLDF.asm	unique	tape
MVSSRC.SYM103.F08	sym1-3	FILE0008	IKJEGLDR	589	identical-default	ibm/IKJ/IKJEGLDR.asm	unique	tape
MVSSRC.SYM103.F08	sym1-3	FILE0008	IKJEGLSA	1800	identical-default	ibm/IKJ/IKJEGLSA.asm	unique	tape
MVSSRC.SYM103.F08	sym1-3	FILE0008	IKJEGLST	1871	identical-default	ibm/IKJ/IKJEGLST.asm	unique	tape
MVSSRC.SYM103.F08	sym1-3	FILE0008	IKJEGMAP	843	identical-default	ibm/IKJ/IKJEGMAP.asm	unique	tape
MVSSRC.SYM103.F08	sym1-3	FILE0008	IKJEGMNL	2067	identical-default	ibm/IKJ/IKJEGMNL.asm	unique	tape
MVSSRC.SYM103.F08	sym1-3	FILE0008	IKJEGMSG	4187	identical-default	ibm/IKJ/IKJEGMSG.asm	unique	tape
MVSSRC.SYM103.F08	sym1-3	FILE0008	IKJEGOFF	1394	identical-default	ibm/IKJ/IKJEGOFF.asm	unique	tape
MVSSRC.SYM103.F08	sym1-3	FILE0008	IKJEGPCH	955	identical-default	ibm/IKJ/IKJEGPCH.asm	unique	tape
MVSSRC.SYM103.F08	sym1-3	FILE0008	IKJEGPSW	814	identical-default	ibm/IKJ/IKJEGPSW.asm	unique	tape
MVSSRC.SYM103.F08	sym1-3	FILE0008	IKJEGQFY	1283	identical-default	ibm/IKJ/IKJEGQFY.asm	unique	tape
MVSSRC.SYM103.F08	sym1-3	FILE0008	IKJEGSRH	539	identical-default	ibm/IKJ/IKJEGSRH.asm	unique	tape
MVSSRC.SYM103.F08	sym1-3	FILE0008	IKJEGSTA	873	identical-default	ibm/IKJ/IKJEGSTA.asm	unique	tape
MVSSRC.SYM103.F08	sym1-3	FILE0008	IKJEGSYM	2406	identical-default	ibm/IKJ/IKJEGSYM.asm	unique	tape
MVSSRC.SYM103.F08	sym1-3	FILE0008	IKJEGTCB	1555	identical-default	ibm/IKJ/IKJEGTCB.asm	unique	tape
MVSSRC.SYM103.F08	sym1-3	FILE0008	IKJEGWHR	1257	identical-default	ibm/IKJ/IKJEGWHR.asm	unique	tape
MVSSRC.SYM103.F09	sym1-3	FILE0009	IEEVDUS1	2354	identical-default	ibm/IEE/IEEVDUS1.asm	unique	tape
MVSSRC.SYM103.F09	sym1-3	FILE0009	IEEVSDIO	768	identical-default	ibm/IEE/IEEVSDIO.asm	unique	tape
MVSSRC.SYM103.F09	sym1-3	FILE0009	IEEVSEND	1783	identical-default	ibm/IEE/IEEVSEND.asm	unique	tape
MVSSRC.SYM103.F09	sym1-3	FILE0009	IEEVSND2	727	identical-default	ibm/IEE/IEEVSND2.asm	unique	tape
MVSSRC.SYM103.F09	sym1-3	FILE0009	IEEVSND3	944	identical-default	ibm/IEE/IEEVSND3.asm	unique	tape
MVSSRC.SYM103.F09	sym1-3	FILE0009	IEEVSND4	1441	identical-default	ibm/IEE/IEEVSND4.asm	unique	tape
MVSSRC.SYM103.F09	sym1-3	FILE0009	IEEVSND5	410	identical-default	ibm/IEE/IEEVSND5.asm	unique	tape
MVSSRC.SYM103.F09	sym1-3	FILE0009	IEEVSND6	1839	identical-default	ibm/IEE/IEEVSND6.asm	unique	tape
MVSSRC.SYM103.F09	sym1-3	FILE0009	IEEVSND8	773	identical-default	ibm/IEE/IEEVSND8.asm	unique	tape
MVSSRC.SYM103.F09	sym1-3	FILE0009	IEEVSND9	292	identical-default	ibm/IEE/IEEVSND9.asm	unique	tape
MVSSRC.SYM103.F09	sym1-3	FILE0009	IEFVSCAN	3375	identical-default	ibm/IEF/IEFVSCAN.asm	unique	tape
MVSSRC.SYM103.F09	sym1-3	FILE0009	IKJCB831	3243	identical-default	ibm/IKJ/IKJCB831.asm	unique	tape
MVSSRC.SYM103.F09	sym1-3	FILE0009	IKJCT430	3329	identical-default	ibm/IKJ/IKJCT430.asm	unique	tape
MVSSRC.SYM103.F09	sym1-3	FILE0009	IKJCT431	5010	identical-default	ibm/IKJ/IKJCT431.asm	unique	tape
MVSSRC.SYM103.F09	sym1-3	FILE0009	IKJCT432	4755	identical-default	ibm/IKJ/IKJCT432.asm	unique	tape
MVSSRC.SYM103.F09	sym1-3	FILE0009	IKJCT433	5802	identical-default	ibm/IKJ/IKJCT433.asm	unique	tape
MVSSRC.SYM103.F09	sym1-3	FILE0009	IKJCT434	2847	identical-default	ibm/IKJ/IKJCT434.asm	unique	tape
MVSSRC.SYM103.F09	sym1-3	FILE0009	IKJCT435	174	identical-default	ibm/IKJ/IKJCT435.asm	unique	tape
MVSSRC.SYM103.F09	sym1-3	FILE0009	IKJCT436	6236	identical-default	ibm/IKJ/IKJCT436.asm	unique	tape
MVSSRC.SYM103.F09	sym1-3	FILE0009	IKJCT460	1134	identical-default	ibm/IKJ/IKJCT460.asm	unique	tape
MVSSRC.SYM103.F09	sym1-3	FILE0009	IKJCT462	3710	identical-default	ibm/IKJ/IKJCT462.asm	unique	tape
MVSSRC.SYM103.F09	sym1-3	FILE0009	IKJCT463	3398	identical-default	ibm/IKJ/IKJCT463.asm	unique	tape
MVSSRC.SYM103.F09	sym1-3	FILE0009	IKJCT464	1528	identical-default	ibm/IKJ/IKJCT464.asm	unique	tape
MVSSRC.SYM103.F09	sym1-3	FILE0009	IKJCT466	471	identical-default	ibm/IKJ/IKJCT466.asm	unique	tape
MVSSRC.SYM103.F09	sym1-3	FILE0009	IKJCT467	1940	identical-default	ibm/IKJ/IKJCT467.asm	unique	tape
MVSSRC.SYM103.F09	sym1-3	FILE0009	IKJCT469	2492	identical-default	ibm/IKJ/IKJCT469.asm	unique	tape
MVSSRC.SYM103.F09	sym1-3	FILE0009	IKJCT470	777	identical-default	ibm/IKJ/IKJCT470.asm	unique	tape
MVSSRC.SYM103.F09	sym1-3	FILE0009	IKJCT471	840	identical-default	ibm/IKJ/IKJCT471.asm	unique	tape
MVSSRC.SYM103.F09	sym1-3	FILE0009	IKJCT472	509	identical-default	ibm/IKJ/IKJCT472.asm	unique	tape
MVSSRC.SYM103.F09	sym1-3	FILE0009	IKJCT473	1298	identical-default	ibm/IKJ/IKJCT473.asm	unique	tape
MVSSRC.SYM103.F09	sym1-3	FILE0009	IKJEE100	3286	identical-default	ibm/IKJ/IKJEE100.asm	unique	tape
MVSSRC.SYM103.F09	sym1-3	FILE0009	IKJEE150	1058	identical-default	ibm/IKJ/IKJEE150.asm	unique	tape
MVSSRC.SYM103.F09	sym1-3	FILE0009	IKJEE1A0	506	identical-default	ibm/IKJ/IKJEE1A0.asm	unique	tape
MVSSRC.SYM103.F09	sym1-3	FILE0009	IKJEES10	2121	identical-default	ibm/IKJ/IKJEES10.asm	unique	tape
MVSSRC.SYM103.F09	sym1-3	FILE0009	IKJEES11	1663	identical-default	ibm/IKJ/IKJEES11.asm	unique	tape
MVSSRC.SYM103.F09	sym1-3	FILE0009	IKJEES20	281	identical-default	ibm/IKJ/IKJEES20.asm	unique	tape
MVSSRC.SYM103.F09	sym1-3	FILE0009	IKJEES40	1875	identical-default	ibm/IKJ/IKJEES40.asm	unique	tape
MVSSRC.SYM103.F09	sym1-3	FILE0009	IKJEES70	2014	identical-default	ibm/IKJ/IKJEES70.asm	unique	tape
MVSSRC.SYM103.F09	sym1-3	FILE0009	IKJEES74	231	identical-default	ibm/IKJ/IKJEES74.asm	unique	tape
MVSSRC.SYM103.F09	sym1-3	FILE0009	IKJEES75	893	identical-default	ibm/IKJ/IKJEES75.asm	unique	tape
MVSSRC.SYM103.F10	sym1-3	FILE0010	IKJEFA00	1688	identical-default	ibm/IKJ/IKJEFA00.asm	unique	tape
MVSSRC.SYM103.F10	sym1-3	FILE0010	IKJEFA01	237	identical-default	ibm/IKJ/IKJEFA01.asm	unique	tape
MVSSRC.SYM103.F10	sym1-3	FILE0010	IKJEFA10	1884	identical-default	ibm/IKJ/IKJEFA10.asm	unique	tape
MVSSRC.SYM103.F10	sym1-3	FILE0010	IKJEFA11	319	identical-default	ibm/IKJ/IKJEFA11.asm	unique	tape
MVSSRC.SYM103.F10	sym1-3	FILE0010	IKJEFA12	1666	identical-default	ibm/IKJ/IKJEFA12.asm	unique	tape
MVSSRC.SYM103.F10	sym1-3	FILE0010	IKJEFA13	2128	identical-default	ibm/IKJ/IKJEFA13.asm	unique	tape
MVSSRC.SYM103.F10	sym1-3	FILE0010	IKJEFA20	2504	identical-default	ibm/IKJ/IKJEFA20.asm	unique	tape
MVSSRC.SYM103.F10	sym1-3	FILE0010	IKJEFA21	464	identical-default	ibm/IKJ/IKJEFA21.asm	unique	tape
MVSSRC.SYM103.F10	sym1-3	FILE0010	IKJEFA22	2445	identical-default	ibm/IKJ/IKJEFA22.asm	unique	tape
MVSSRC.SYM103.F10	sym1-3	FILE0010	IKJEFA23	1906	identical-default	ibm/IKJ/IKJEFA23.asm	unique	tape
MVSSRC.SYM103.F10	sym1-3	FILE0010	IKJEFA24	866	identical-default	ibm/IKJ/IKJEFA24.asm	unique	tape
MVSSRC.SYM103.F10	sym1-3	FILE0010	IKJEFA30	2198	identical-default	ibm/IKJ/IKJEFA30.asm	unique	tape
MVSSRC.SYM103.F10	sym1-3	FILE0010	IKJEFA31	407	identical-default	ibm/IKJ/IKJEFA31.asm	unique	tape
MVSSRC.SYM103.F10	sym1-3	FILE0010	IKJEFA32	1183	identical-default	ibm/IKJ/IKJEFA32.asm	unique	tape
MVSSRC.SYM103.F10	sym1-3	FILE0010	IKJEFA40	1070	identical-default	ibm/IKJ/IKJEFA40.asm	unique	tape
MVSSRC.SYM103.F10	sym1-3	FILE0010	IKJEFA41	198	identical-default	ibm/IKJ/IKJEFA41.asm	unique	tape
MVSSRC.SYM103.F10	sym1-3	FILE0010	IKJEFA42	2196	identical-default	ibm/IKJ/IKJEFA42.asm	unique	tape
MVSSRC.SYM103.F10	sym1-3	FILE0010	IKJEFA51	845	identical-default	ibm/IKJ/IKJEFA51.asm	unique	tape
MVSSRC.SYM103.F10	sym1-3	FILE0010	IKJEFA52	480	identical-default	ibm/IKJ/IKJEFA52.asm	unique	tape
MVSSRC.SYM103.F10	sym1-3	FILE0010	IKJEFA53	338	identical-default	ibm/IKJ/IKJEFA53.asm	unique	tape
MVSSRC.SYM103.F10	sym1-3	FILE0010	IKJEFA54	416	identical-default	ibm/IKJ/IKJEFA54.asm	unique	tape
MVSSRC.SYM103.F10	sym1-3	FILE0010	IKJEFA55	1518	identical-default	ibm/IKJ/IKJEFA55.asm	unique	tape
MVSSRC.SYM103.F10	sym1-3	FILE0010	IKJEFATT	2619	identical-default	ibm/IKJ/IKJEFATT.asm	unique	tape
MVSSRC.SYM103.F10	sym1-3	FILE0010	IKJEFD00	3505	identical-default	ibm/IKJ/IKJEFD00.asm	unique	tape
MVSSRC.SYM103.F10	sym1-3	FILE0010	IKJEFD20	3261	identical-default	ibm/IKJ/IKJEFD20.asm	unique	tape
MVSSRC.SYM103.F10	sym1-3	FILE0010	IKJEFD30	1199	identical-default	ibm/IKJ/IKJEFD30.asm	unique	tape
MVSSRC.SYM103.F10	sym1-3	FILE0010	IKJEFD31	77	identical-default	ibm/IKJ/IKJEFD31.asm	unique	tape
MVSSRC.SYM103.F10	sym1-3	FILE0010	IKJEFD32	3247	identical-default	ibm/IKJ/IKJEFD32.asm	unique	tape
MVSSRC.SYM103.F10	sym1-3	FILE0010	IKJEFD33	1348	identical-default	ibm/IKJ/IKJEFD33.asm	unique	tape
MVSSRC.SYM103.F10	sym1-3	FILE0010	IKJEFD34	1954	identical-default	ibm/IKJ/IKJEFD34.asm	unique	tape
MVSSRC.SYM103.F10	sym1-3	FILE0010	IKJEFD35	816	identical-default	ibm/IKJ/IKJEFD35.asm	unique	tape
MVSSRC.SYM103.F10	sym1-3	FILE0010	IKJEFD36	1787	identical-default	ibm/IKJ/IKJEFD36.asm	unique	tape
MVSSRC.SYM103.F10	sym1-3	FILE0010	IKJEFD37	3180	identical-default	ibm/IKJ/IKJEFD37.asm	unique	tape
MVSSRC.SYM103.F10	sym1-3	FILE0010	IKJEFE01	1357	identical-default	ibm/IKJ/IKJEFE01.asm	unique	tape
MVSSRC.SYM103.F10	sym1-3	FILE0010	IKJEFE02	2488	identical-default	ibm/IKJ/IKJEFE02.asm	unique	tape
MVSSRC.SYM103.F10	sym1-3	FILE0010	IKJEFE03	3063	identical-default	ibm/IKJ/IKJEFE03.asm	unique	tape
MVSSRC.SYM103.F10	sym1-3	FILE0010	IKJEFE04	1441	identical-default	ibm/IKJ/IKJEFE04.asm	unique	tape
MVSSRC.SYM103.F10	sym1-3	FILE0010	IKJEFE05	3538	identical-default	ibm/IKJ/IKJEFE05.asm	unique	tape
MVSSRC.SYM103.F10	sym1-3	FILE0010	IKJEFE06	282	identical-default	ibm/IKJ/IKJEFE06.asm	unique	tape
MVSSRC.SYM103.F10	sym1-3	FILE0010	IKJEFE11	1077	identical-default	ibm/IKJ/IKJEFE11.asm	unique	tape
MVSSRC.SYM103.F10	sym1-3	FILE0010	IKJEFE15	653	identical-default	ibm/IKJ/IKJEFE15.asm	unique	tape
MVSSRC.SYM103.F10	sym1-3	FILE0010	IKJEFE16	129	identical-default	ibm/IKJ/IKJEFE16.asm	unique	tape
MVSSRC.SYM103.F10	sym1-3	FILE0010	IKJEFF00	4460	identical-default	ibm/IKJ/IKJEFF00.asm	unique	tape
MVSSRC.SYM103.F10	sym1-3	FILE0010	IKJEFF01	444	identical-default	ibm/IKJ/IKJEFF01.asm	unique	tape
MVSSRC.SYM103.F10	sym1-3	FILE0010	IKJEFF02	3202	identical-default	ibm/IKJ/IKJEFF02.asm	unique	tape
MVSSRC.SYM103.F10	sym1-3	FILE0010	IKJEFF03	829	identical-default	ibm/IKJ/IKJEFF03.asm	unique	tape
MVSSRC.SYM103.F10	sym1-3	FILE0010	IKJEFF04	4124	identical-default	ibm/IKJ/IKJEFF04.asm	unique	tape
MVSSRC.SYM103.F10	sym1-3	FILE0010	IKJEFF05	2731	identical-default	ibm/IKJ/IKJEFF05.asm	unique	tape
MVSSRC.SYM103.F11	sym1-3	FILE0011	IKJEFF06	620	identical-default	ibm/IKJ/IKJEFF06.asm	unique	tape
MVSSRC.SYM103.F11	sym1-3	FILE0011	IKJEFF07	1498	identical-default	ibm/IKJ/IKJEFF07.asm	unique	tape
MVSSRC.SYM103.F11	sym1-3	FILE0011	IKJEFF08	736	identical-default	ibm/IKJ/IKJEFF08.asm	unique	tape
MVSSRC.SYM103.F11	sym1-3	FILE0011	IKJEFF09	836	identical-default	ibm/IKJ/IKJEFF09.asm	unique	tape
MVSSRC.SYM103.F11	sym1-3	FILE0011	IKJEFF10	144	identical-default	ibm/IKJ/IKJEFF10.asm	unique	tape
MVSSRC.SYM103.F11	sym1-3	FILE0011	IKJEFF12	723	identical-default	ibm/IKJ/IKJEFF12.asm	unique	tape
MVSSRC.SYM103.F11	sym1-3	FILE0011	IKJEFF13	1186	identical-default	ibm/IKJ/IKJEFF13.asm	unique	tape
MVSSRC.SYM103.F11	sym1-3	FILE0011	IKJEFF15	1124	identical-default	ibm/IKJ/IKJEFF15.asm	unique	tape
MVSSRC.SYM103.F11	sym1-3	FILE0011	IKJEFF16	1439	identical-default	ibm/IKJ/IKJEFF16.asm	unique	tape
MVSSRC.SYM103.F11	sym1-3	FILE0011	IKJEFF18	4572	identical-default	ibm/IKJ/IKJEFF18.asm	unique	tape
MVSSRC.SYM103.F11	sym1-3	FILE0011	IKJEFF19	4150	identical-default	ibm/IKJ/IKJEFF19.asm	unique	tape
MVSSRC.SYM103.F11	sym1-3	FILE0011	IKJEFF20	930	identical-default	ibm/IKJ/IKJEFF20.asm	unique	tape
MVSSRC.SYM103.F11	sym1-3	FILE0011	IKJEFF49	1356	identical-default	ibm/IKJ/IKJEFF49.asm	unique	tape
MVSSRC.SYM103.F11	sym1-3	FILE0011	IKJEFF50	1490	identical-default	ibm/IKJ/IKJEFF50.asm	unique	tape
MVSSRC.SYM103.F11	sym1-3	FILE0011	IKJEFF51	1042	identical-default	ibm/IKJ/IKJEFF51.asm	unique	tape
MVSSRC.SYM103.F11	sym1-3	FILE0011	IKJEFF52	2062	identical-default	ibm/IKJ/IKJEFF52.asm	unique	tape
MVSSRC.SYM103.F11	sym1-3	FILE0011	IKJEFF53	349	identical-default	ibm/IKJ/IKJEFF53.asm	unique	tape
MVSSRC.SYM103.F11	sym1-3	FILE0011	IKJEFF54	1482	identical-default	ibm/IKJ/IKJEFF54.asm	unique	tape
MVSSRC.SYM103.F11	sym1-3	FILE0011	IKJEFF55	610	identical-default	ibm/IKJ/IKJEFF55.asm	unique	tape
MVSSRC.SYM103.F11	sym1-3	FILE0011	IKJEFF56	504	identical-default	ibm/IKJ/IKJEFF56.asm	unique	tape
MVSSRC.SYM103.F11	sym1-3	FILE0011	IKJEFF57	1401	identical-default	ibm/IKJ/IKJEFF57.asm	unique	tape
MVSSRC.SYM103.F11	sym1-3	FILE0011	IKJEFF58	72	identical-default	ibm/IKJ/IKJEFF58.asm	unique	tape
MVSSRC.SYM103.F11	sym1-3	FILE0011	IKJEFH00	141	identical-default	ibm/IKJ/IKJEFH00.asm	unique	tape
MVSSRC.SYM103.F11	sym1-3	FILE0011	IKJEFH01	2031	identical-default	ibm/IKJ/IKJEFH01.asm	unique	tape
MVSSRC.SYM103.F11	sym1-3	FILE0011	IKJEFH02	783	identical-default	ibm/IKJ/IKJEFH02.asm	unique	tape
MVSSRC.SYM103.F11	sym1-3	FILE0011	IKJEFH03	392	identical-default	ibm/IKJ/IKJEFH03.asm	unique	tape
MVSSRC.SYM103.F11	sym1-3	FILE0011	IKJEFL00	219	identical-default	ibm/IKJ/IKJEFL00.asm	unique	tape
MVSSRC.SYM103.F11	sym1-3	FILE0011	IKJEFLA	2598	identical-default	ibm/IKJ/IKJEFLA.asm	unique	tape
MVSSRC.SYM103.F11	sym1-3	FILE0011	IKJEFLB	2512	identical-default	ibm/IKJ/IKJEFLB.asm	unique	tape
MVSSRC.SYM103.F11	sym1-3	FILE0011	IKJEFLC	3128	identical-default	ibm/IKJ/IKJEFLC.asm	unique	tape
MVSSRC.SYM103.F11	sym1-3	FILE0011	IKJEFLCM	71	identical-default	ibm/IKJ/IKJEFLCM.asm	unique	tape
MVSSRC.SYM103.F11	sym1-3	FILE0011	IKJEFLE	8700	identical-default	ibm/IKJ/IKJEFLE.asm	unique	tape
MVSSRC.SYM103.F11	sym1-3	FILE0011	IKJEFLEA	3969	identical-default	ibm/IKJ/IKJEFLEA.asm	unique	tape
MVSSRC.SYM103.F11	sym1-3	FILE0011	IKJEFLF	319	identical-default	ibm/IKJ/IKJEFLF.asm	unique	tape
MVSSRC.SYM103.F11	sym1-3	FILE0011	IKJEFLG	1499	identical-default	ibm/IKJ/IKJEFLG.asm	unique	tape
MVSSRC.SYM103.F11	sym1-3	FILE0011	IKJEFLGB	2366	identical-default	ibm/IKJ/IKJEFLGB.asm	unique	tape
MVSSRC.SYM103.F11	sym1-3	FILE0011	IKJEFLGH	52	identical-default	ibm/IKJ/IKJEFLGH.asm	unique	tape
MVSSRC.SYM103.F11	sym1-3	FILE0011	IKJEFLGM	2078	identical-default	ibm/IKJ/IKJEFLGM.asm	unique	tape
MVSSRC.SYM103.F11	sym1-3	FILE0011	IKJEFLGN	1100	identical-default	ibm/IKJ/IKJEFLGN.asm	unique	tape
MVSSRC.SYM103.F11	sym1-3	FILE0011	IKJEFLH	1409	identical-default	ibm/IKJ/IKJEFLH.asm	unique	tape
MVSSRC.SYM103.F11	sym1-3	FILE0011	IKJEFLI	4712	identical-default	ibm/IKJ/IKJEFLI.asm	unique	tape
MVSSRC.SYM103.F11	sym1-3	FILE0011	IKJEFLJ	2604	identical-default	ibm/IKJ/IKJEFLJ.asm	unique	tape
MVSSRC.SYM103.F11	sym1-3	FILE0011	IKJEFLK	2921	identical-default	ibm/IKJ/IKJEFLK.asm	unique	tape
MVSSRC.SYM103.F11	sym1-3	FILE0011	IKJEFLL	3329	identical-default	ibm/IKJ/IKJEFLL.asm	unique	tape
MVSSRC.SYM103.F11	sym1-3	FILE0011	IKJEFLLM	113	identical-default	ibm/IKJ/IKJEFLLM.asm	unique	tape
MVSSRC.SYM103.F11	sym1-3	FILE0011	IKJEFLPA	1129	identical-default	ibm/IKJ/IKJEFLPA.asm	unique	tape
MVSSRC.SYM103.F11	sym1-3	FILE0011	IKJEFLS	2096	identical-default	ibm/IKJ/IKJEFLS.asm	unique	tape
MVSSRC.SYM103.F12	sym1-3	FILE0012	IKJEFP00	7282	identical-default	ibm/IKJ/IKJEFP00.asm	unique	tape
MVSSRC.SYM103.F12	sym1-3	FILE0012	IKJEFP03	1619	identical-default	ibm/IKJ/IKJEFP03.asm	unique	tape
MVSSRC.SYM103.F12	sym1-3	FILE0012	IKJEFP10	142	identical-default	ibm/IKJ/IKJEFP10.asm	unique	tape
MVSSRC.SYM103.F12	sym1-3	FILE0012	IKJEFP20	1155	identical-default	ibm/IKJ/IKJEFP20.asm	unique	tape
MVSSRC.SYM103.F12	sym1-3	FILE0012	IKJEFP30	703	identical-default	ibm/IKJ/IKJEFP30.asm	unique	tape
MVSSRC.SYM103.F12	sym1-3	FILE0012	IKJEFP40	589	identical-default	ibm/IKJ/IKJEFP40.asm	unique	tape
MVSSRC.SYM103.F12	sym1-3	FILE0012	IKJEFP60	10282	identical-default	ibm/IKJ/IKJEFP60.asm	unique	tape
MVSSRC.SYM103.F12	sym1-3	FILE0012	IKJEFR00	3876	identical-default	ibm/IKJ/IKJEFR00.asm	unique	tape
MVSSRC.SYM103.F12	sym1-3	FILE0012	IKJEFT01	5963	identical-default	ibm/IKJ/IKJEFT01.asm	unique	tape
MVSSRC.SYM103.F12	sym1-3	FILE0012	IKJEFT02	7192	identical-default	ibm/IKJ/IKJEFT02.asm	unique	tape
MVSSRC.SYM103.F12	sym1-3	FILE0012	IKJEFT03	2338	identical-default	ibm/IKJ/IKJEFT03.asm	unique	tape
MVSSRC.SYM103.F12	sym1-3	FILE0012	IKJEFT04	2563	identical-default	ibm/IKJ/IKJEFT04.asm	unique	tape
MVSSRC.SYM103.F12	sym1-3	FILE0012	IKJEFT05	4294	identical-default	ibm/IKJ/IKJEFT05.asm	unique	tape
MVSSRC.SYM103.F12	sym1-3	FILE0012	IKJEFT06	567	identical-default	ibm/IKJ/IKJEFT06.asm	unique	tape
MVSSRC.SYM103.F12	sym1-3	FILE0012	IKJEFT07	1824	identical-default	ibm/IKJ/IKJEFT07.asm	unique	tape
MVSSRC.SYM103.F12	sym1-3	FILE0012	IKJEFT08	4981	identical-default	ibm/IKJ/IKJEFT08.asm	unique	tape
MVSSRC.SYM103.F12	sym1-3	FILE0012	IKJEFT25	1807	identical-default	ibm/IKJ/IKJEFT25.asm	unique	tape
MVSSRC.SYM103.F12	sym1-3	FILE0012	IKJEFT30	2585	identical-default	ibm/IKJ/IKJEFT30.asm	unique	tape
MVSSRC.SYM103.F12	sym1-3	FILE0012	IKJEFT35	622	identical-default	ibm/IKJ/IKJEFT35.asm	unique	tape
MVSSRC.SYM103.F12	sym1-3	FILE0012	IKJEFT40	544	identical-default	ibm/IKJ/IKJEFT40.asm	unique	tape
MVSSRC.SYM103.F12	sym1-3	FILE0012	IKJEFT45	946	identical-default	ibm/IKJ/IKJEFT45.asm	unique	tape
MVSSRC.SYM103.F12	sym1-3	FILE0012	IKJEFT52	229	identical-default	ibm/IKJ/IKJEFT52.asm	unique	tape
MVSSRC.SYM103.F12	sym1-3	FILE0012	IKJEFT53	165	identical-default	ibm/IKJ/IKJEFT53.asm	unique	tape
MVSSRC.SYM103.F12	sym1-3	FILE0012	IKJEFT54	488	identical-default	ibm/IKJ/IKJEFT54.asm	unique	tape
MVSSRC.SYM103.F12	sym1-3	FILE0012	IKJEFT55	2107	identical-default	ibm/IKJ/IKJEFT55.asm	unique	tape
MVSSRC.SYM103.F12	sym1-3	FILE0012	IKJEFT56	483	identical-default	ibm/IKJ/IKJEFT56.asm	unique	tape
MVSSRC.SYM103.F12	sym1-3	FILE0012	IKJEFT80	4962	identical-default	ibm/IKJ/IKJEFT80.asm	unique	tape
MVSSRC.SYM103.F12	sym1-3	FILE0012	IKJEFT82	3147	identical-default	ibm/IKJ/IKJEFT82.asm	unique	tape
MVSSRC.SYM103.F12	sym1-3	FILE0012	IKJEFTE2	105	identical-default	ibm/IKJ/IKJEFTE2.asm	unique	tape
MVSSRC.SYM103.F12	sym1-3	FILE0012	IKJEFTE8	104	identical-default	ibm/IKJ/IKJEFTE8.asm	unique	tape
MVSSRC.SYM103.F12	sym1-3	FILE0012	IKJEFTNS	130	identical-default	ibm/IKJ/IKJEFTNS.asm	unique	tape
MVSSRC.SYM103.F12	sym1-3	FILE0012	IKJEFXSR	2160	identical-default	ibm/IKJ/IKJEFXSR.asm	unique	tape
MVSSRC.SYM103.F12	sym1-3	FILE0012	IKJL4T00	701	identical-default	ibm/IKJ/IKJL4T00.asm	unique	tape
MVSSRC.SYM103.F12	sym1-3	FILE0012	IKJNULL	82	identical-default	ibm/IKJ/IKJNULL.asm	unique	tape
MVSSRC.SYM103.F12	sym1-3	FILE0012	IKJRBBCM	53	identical-default	ibm/IKJ/IKJRBBCM.asm	unique	tape
MVSSRC.SYM103.F12	sym1-3	FILE0012	IKJRBBCR	1256	identical-default	ibm/IKJ/IKJRBBCR.asm	unique	tape
MVSSRC.SYM103.F12	sym1-3	FILE0012	IKJRBBMC	1454	identical-default	ibm/IKJ/IKJRBBMC.asm	unique	tape
MVSSRC.SYM103.F12	sym1-3	FILE0012	IKJRBBMG	154	identical-default	ibm/IKJ/IKJRBBMG.asm	unique	tape
MVSSRC.SYM103.F13	sym1-3	FILE0013	IKJRBBMP	1935	identical-default	ibm/IKJ/IKJRBBMP.asm	unique	tape
MVSSRC.SYM103.F13	sym1-3	FILE0013	IKJRBBU0	8395	identical-default	ibm/IKJ/IKJRBBU0.asm	unique	tape
MVSSRC.SYM103.F13	sym1-3	FILE0013	IKJRBBU1	455	identical-default	ibm/IKJ/IKJRBBU1.asm	unique	tape
MVSSRC.SYM103.F14	sym1-3	FILE0014	ICFBDF00	1894	identical-default	ibm/ICF/ICFBDF00.asm	unique	tape
MVSSRC.SYM103.F14	sym1-3	FILE0014	ICFBDX00	14	identical-default	ibm/ICF/ICFBDX00.asm	unique	tape
MVSSRC.SYM103.F14	sym1-3	FILE0014	ICFBIF00	2247	identical-default	ibm/ICF/ICFBIF00.asm	unique	tape
MVSSRC.SYM103.F14	sym1-3	FILE0014	ICFBIX00	14	identical-default	ibm/ICF/ICFBIX00.asm	unique	tape
MVSSRC.SYM103.F15	sym1-3	FILE0015	IEEMB820	1312	identical-default	ibm/IEE/IEEMB820.asm	unique	tape
MVSSRC.SYM103.F15	sym1-3	FILE0015	IEEMB821	2865	identical-default	ibm/IEE/IEEMB821.asm	unique	tape
MVSSRC.SYM103.F15	sym1-3	FILE0015	IEEMB822	1689	identical-default	ibm/IEE/IEEMB822.asm	unique	tape
MVSSRC.SYM103.F15	sym1-3	FILE0015	IEEMB823	2475	identical-default	ibm/IEE/IEEMB823.asm	unique	tape
MVSSRC.SYM103.F15	sym1-3	FILE0015	IEEMB824	208	identical-default	ibm/IEE/IEEMB824.asm	unique	tape
MVSSRC.SYM103.F15	sym1-3	FILE0015	IEEMB825	1675	identical-default	ibm/IEE/IEEMB825.asm	unique	tape
MVSSRC.SYM103.F15	sym1-3	FILE0015	IEEMB826	52	identical-default	ibm/IEE/IEEMB826.asm	unique	tape
MVSSRC.SYM103.F15	sym1-3	FILE0015	IEEMB827	1606	identical-default	ibm/IEE/IEEMB827.asm	unique	tape
MVSSRC.SYM103.F15	sym1-3	FILE0015	IEEMB828	83	identical-default	ibm/IEE/IEEMB828.asm	unique	tape
MVSSRC.SYM103.F15	sym1-3	FILE0015	IEEMB829	4197	identical-default	ibm/IEE/IEEMB829.asm	unique	tape
MVSSRC.SYM103.F15	sym1-3	FILE0015	IEEMB830	3174	identical-default	ibm/IEE/IEEMB830.asm	unique	tape
MVSSRC.SYM103.F15	sym1-3	FILE0015	IEFAB820	1489	identical-default	ibm/IEF/IEFAB820.asm	unique	tape
MVSSRC.SYM103.F15	sym1-3	FILE0015	IEFSMFIE	546	identical-default	ibm/IEF/IEFSMFIE.asm	unique	tape
MVSSRC.SYM103.F15	sym1-3	FILE0015	IEFTB720	74	identical-default	ibm/IEF/IEFTB720.asm	unique	tape
MVSSRC.SYM103.F15	sym1-3	FILE0015	IEFTB721	3493	identical-default	ibm/IEF/IEFTB721.asm	unique	tape
MVSSRC.SYM103.F15	sym1-3	FILE0015	IEFTB722	4091	identical-default	ibm/IEF/IEFTB722.asm	unique	tape
MVSSRC.SYM103.F15	sym1-3	FILE0015	IEFTB723	470	identical-default	ibm/IEF/IEFTB723.asm	unique	tape
MVSSRC.SYM103.F15	sym1-3	FILE0015	IEFU29	56	identical-default	ibm/IEF/IEFU29.asm	unique	tape
MVSSRC.SYM103.F15	sym1-3	FILE0015	IEFU83	23	identical-default	ibm/IEF/IEFU83.asm	unique	tape
MVSSRC.SYM103.F16	sym1-3	FILE0016	IEAQWAIT	160	identical-default	ibm/IEA/IEAQWAIT.asm	unique	tape
MVSSRC.SYM103.F16	sym1-3	FILE0016	IEASMFEX	231	identical-default	ibm/IEA/IEASMFEX.asm	unique	tape
MVSSRC.SYM103.F16	sym1-3	FILE0016	IEFUJP	5	identical-default	ibm/IEF/IEFUJP.asm	unique	tape
MVSSRC.SYM103.F16	sym1-3	FILE0016	IEFUSO	5	identical-default	ibm/IEF/IEFUSO.asm	unique	tape
MVSSRC.SYM103.F16	sym1-3	FILE0016	IFASMFDP	983	identical-default	ibm/IFA/IFASMFDP.asm	unique	tape
MVSSRC.SYM103.F17	sym1-3	FILE0017	IFDMSG00	150	identical-default	ibm/IFD/IFDMSG00.asm	unique	tape
MVSSRC.SYM103.F17	sym1-3	FILE0017	IFDMSG03	86	identical-default	ibm/IFD/IFDMSG03.asm	unique	tape
MVSSRC.SYM103.F17	sym1-3	FILE0017	IFDMSG04	42	identical-default	ibm/IFD/IFDMSG04.asm	unique	tape
MVSSRC.SYM103.F17	sym1-3	FILE0017	IFDMSG05	36	identical-default	ibm/IFD/IFDMSG05.asm	unique	tape
MVSSRC.SYM103.F17	sym1-3	FILE0017	IFDMSG06	35	identical-default	ibm/IFD/IFDMSG06.asm	unique	tape
MVSSRC.SYM103.F17	sym1-3	FILE0017	IFDMSG07	60	identical-default	ibm/IFD/IFDMSG07.asm	unique	tape
MVSSRC.SYM103.F17	sym1-3	FILE0017	IFDMSG08	35	identical-default	ibm/IFD/IFDMSG08.asm	unique	tape
MVSSRC.SYM103.F17	sym1-3	FILE0017	IFDMSG13	39	identical-default	ibm/IFD/IFDMSG13.asm	unique	tape
MVSSRC.SYM103.F17	sym1-3	FILE0017	IFDMSG22	51	identical-default	ibm/IFD/IFDMSG22.asm	unique	tape
MVSSRC.SYM103.F17	sym1-3	FILE0017	IFDMSG31	63	identical-default	ibm/IFD/IFDMSG31.asm	unique	tape
MVSSRC.SYM103.F17	sym1-3	FILE0017	IFDMSG32	40	identical-default	ibm/IFD/IFDMSG32.asm	unique	tape
MVSSRC.SYM103.F17	sym1-3	FILE0017	IFDMSG33	53	identical-default	ibm/IFD/IFDMSG33.asm	unique	tape
MVSSRC.SYM103.F17	sym1-3	FILE0017	IFDMSG37	41	identical-default	ibm/IFD/IFDMSG37.asm	unique	tape
MVSSRC.SYM103.F17	sym1-3	FILE0017	IFDMSG38	37	identical-default	ibm/IFD/IFDMSG38.asm	unique	tape
MVSSRC.SYM103.F17	sym1-3	FILE0017	IFDMSG50	87	identical-default	ibm/IFD/IFDMSG50.asm	unique	tape
MVSSRC.SYM103.F17	sym1-3	FILE0017	IFDMSG53	48	identical-default	ibm/IFD/IFDMSG53.asm	unique	tape
MVSSRC.SYM103.F17	sym1-3	FILE0017	IFDMSG54	50	identical-default	ibm/IFD/IFDMSG54.asm	unique	tape
MVSSRC.SYM103.F17	sym1-3	FILE0017	IFDMSG56	50	identical-default	ibm/IFD/IFDMSG56.asm	unique	tape
MVSSRC.SYM103.F17	sym1-3	FILE0017	IFDMSG61	48	identical-default	ibm/IFD/IFDMSG61.asm	unique	tape
MVSSRC.SYM103.F17	sym1-3	FILE0017	IFDMSG73	56	identical-default	ibm/IFD/IFDMSG73.asm	unique	tape
MVSSRC.SYM103.F17	sym1-3	FILE0017	IFDMSG74	34	identical-default	ibm/IFD/IFDMSG74.asm	unique	tape
MVSSRC.SYM103.F17	sym1-3	FILE0017	IFDMSGAJ	68	identical-default	ibm/IFD/IFDMSGAJ.asm	unique	tape
MVSSRC.SYM103.F17	sym1-3	FILE0017	IFDOLT00	1230	identical-default	ibm/IFD/IFDOLT00.asm	unique	tape
MVSSRC.SYM103.F17	sym1-3	FILE0017	IFDOLT03	1304	identical-default	ibm/IFD/IFDOLT03.asm	unique	tape
MVSSRC.SYM103.F17	sym1-3	FILE0017	IFDOLT04	479	identical-default	ibm/IFD/IFDOLT04.asm	unique	tape
MVSSRC.SYM103.F17	sym1-3	FILE0017	IFDOLT05	826	identical-default	ibm/IFD/IFDOLT05.asm	unique	tape
MVSSRC.SYM103.F17	sym1-3	FILE0017	IFDOLT06	677	identical-default	ibm/IFD/IFDOLT06.asm	unique	tape
MVSSRC.SYM103.F17	sym1-3	FILE0017	IFDOLT07	1036	identical-default	ibm/IFD/IFDOLT07.asm	unique	tape
MVSSRC.SYM103.F17	sym1-3	FILE0017	IFDOLT08	944	identical-default	ibm/IFD/IFDOLT08.asm	unique	tape
MVSSRC.SYM103.F17	sym1-3	FILE0017	IFDOLT09	242	identical-default	ibm/IFD/IFDOLT09.asm	unique	tape
MVSSRC.SYM103.F17	sym1-3	FILE0017	IFDOLT0A	58	identical-default	ibm/IFD/IFDOLT0A.asm	unique	tape
MVSSRC.SYM103.F17	sym1-3	FILE0017	IFDOLT10	202	identical-default	ibm/IFD/IFDOLT10.asm	unique	tape
MVSSRC.SYM103.F17	sym1-3	FILE0017	IFDOLT11	126	identical-default	ibm/IFD/IFDOLT11.asm	unique	tape
MVSSRC.SYM103.F17	sym1-3	FILE0017	IFDOLT12	975	identical-default	ibm/IFD/IFDOLT12.asm	unique	tape
MVSSRC.SYM103.F17	sym1-3	FILE0017	IFDOLT13	350	identical-default	ibm/IFD/IFDOLT13.asm	unique	tape
MVSSRC.SYM103.F17	sym1-3	FILE0017	IFDOLT14	520	identical-default	ibm/IFD/IFDOLT14.asm	unique	tape
MVSSRC.SYM103.F17	sym1-3	FILE0017	IFDOLT15	802	identical-default	ibm/IFD/IFDOLT15.asm	unique	tape
MVSSRC.SYM103.F17	sym1-3	FILE0017	IFDOLT16	381	identical-default	ibm/IFD/IFDOLT16.asm	unique	tape
MVSSRC.SYM103.F17	sym1-3	FILE0017	IFDOLT17	126	identical-default	ibm/IFD/IFDOLT17.asm	unique	tape
MVSSRC.SYM103.F17	sym1-3	FILE0017	IFDOLT18	2317	identical-default	ibm/IFD/IFDOLT18.asm	unique	tape
MVSSRC.SYM103.F17	sym1-3	FILE0017	IFDOLT21	629	identical-default	ibm/IFD/IFDOLT21.asm	unique	tape
MVSSRC.SYM103.F17	sym1-3	FILE0017	IFDOLT22	1244	identical-default	ibm/IFD/IFDOLT22.asm	unique	tape
MVSSRC.SYM103.F17	sym1-3	FILE0017	IFDOLT23	33	identical-default	ibm/IFD/IFDOLT23.asm	unique	tape
MVSSRC.SYM103.F17	sym1-3	FILE0017	IFDOLT24	555	identical-default	ibm/IFD/IFDOLT24.asm	unique	tape
MVSSRC.SYM103.F17	sym1-3	FILE0017	IFDOLT26	494	identical-default	ibm/IFD/IFDOLT26.asm	unique	tape
MVSSRC.SYM103.F17	sym1-3	FILE0017	IFDOLT28	487	identical-default	ibm/IFD/IFDOLT28.asm	unique	tape
MVSSRC.SYM103.F17	sym1-3	FILE0017	IFDOLT30	1435	identical-default	ibm/IFD/IFDOLT30.asm	unique	tape
MVSSRC.SYM103.F17	sym1-3	FILE0017	IFDOLT31	1522	identical-default	ibm/IFD/IFDOLT31.asm	unique	tape
MVSSRC.SYM103.F17	sym1-3	FILE0017	IFDOLT32	984	identical-default	ibm/IFD/IFDOLT32.asm	unique	tape
MVSSRC.SYM103.F17	sym1-3	FILE0017	IFDOLT33	1577	identical-default	ibm/IFD/IFDOLT33.asm	unique	tape
MVSSRC.SYM103.F17	sym1-3	FILE0017	IFDOLT35	990	identical-default	ibm/IFD/IFDOLT35.asm	unique	tape
MVSSRC.SYM103.F17	sym1-3	FILE0017	IFDOLT36	1661	identical-default	ibm/IFD/IFDOLT36.asm	unique	tape
MVSSRC.SYM103.F17	sym1-3	FILE0017	IFDOLT37	516	identical-default	ibm/IFD/IFDOLT37.asm	unique	tape
MVSSRC.SYM103.F17	sym1-3	FILE0017	IFDOLT38	880	identical-default	ibm/IFD/IFDOLT38.asm	unique	tape
MVSSRC.SYM103.F17	sym1-3	FILE0017	IFDOLT39	855	identical-default	ibm/IFD/IFDOLT39.asm	unique	tape
MVSSRC.SYM103.F17	sym1-3	FILE0017	IFDOLT41	288	identical-default	ibm/IFD/IFDOLT41.asm	unique	tape
MVSSRC.SYM103.F17	sym1-3	FILE0017	IFDOLT42	387	identical-default	ibm/IFD/IFDOLT42.asm	unique	tape
MVSSRC.SYM103.F17	sym1-3	FILE0017	IFDOLT43	129	identical-default	ibm/IFD/IFDOLT43.asm	unique	tape
MVSSRC.SYM103.F17	sym1-3	FILE0017	IFDOLT44	1032	identical-default	ibm/IFD/IFDOLT44.asm	unique	tape
MVSSRC.SYM103.F17	sym1-3	FILE0017	IFDOLT46	560	identical-default	ibm/IFD/IFDOLT46.asm	unique	tape
MVSSRC.SYM103.F17	sym1-3	FILE0017	IFDOLT48	1935	identical-default	ibm/IFD/IFDOLT48.asm	unique	tape
MVSSRC.SYM103.F17	sym1-3	FILE0017	IFDOLT49	1037	identical-default	ibm/IFD/IFDOLT49.asm	unique	tape
MVSSRC.SYM103.F17	sym1-3	FILE0017	IFDOLT50	249	identical-default	ibm/IFD/IFDOLT50.asm	unique	tape
MVSSRC.SYM103.F17	sym1-3	FILE0017	IFDOLT51	78	identical-default	ibm/IFD/IFDOLT51.asm	unique	tape
MVSSRC.SYM103.F17	sym1-3	FILE0017	IFDOLT52	754	identical-default	ibm/IFD/IFDOLT52.asm	unique	tape
MVSSRC.SYM103.F17	sym1-3	FILE0017	IFDOLT53	784	identical-default	ibm/IFD/IFDOLT53.asm	unique	tape
MVSSRC.SYM103.F17	sym1-3	FILE0017	IFDOLT54	903	identical-default	ibm/IFD/IFDOLT54.asm	unique	tape
MVSSRC.SYM103.F17	sym1-3	FILE0017	IFDOLT55	1194	identical-default	ibm/IFD/IFDOLT55.asm	unique	tape
MVSSRC.SYM103.F17	sym1-3	FILE0017	IFDOLT56	497	identical-default	ibm/IFD/IFDOLT56.asm	unique	tape
MVSSRC.SYM103.F17	sym1-3	FILE0017	IFDOLT57	343	identical-default	ibm/IFD/IFDOLT57.asm	unique	tape
MVSSRC.SYM103.F17	sym1-3	FILE0017	IFDOLT58	663	identical-default	ibm/IFD/IFDOLT58.asm	unique	tape
MVSSRC.SYM103.F17	sym1-3	FILE0017	IFDOLT59	63	identical-default	ibm/IFD/IFDOLT59.asm	unique	tape
MVSSRC.SYM103.F17	sym1-3	FILE0017	IFDOLT61	1551	identical-default	ibm/IFD/IFDOLT61.asm	unique	tape
MVSSRC.SYM103.F17	sym1-3	FILE0017	IFDOLT62	757	identical-default	ibm/IFD/IFDOLT62.asm	unique	tape
MVSSRC.SYM103.F17	sym1-3	FILE0017	IFDOLT67	1000	identical-default	ibm/IFD/IFDOLT67.asm	unique	tape
MVSSRC.SYM103.F17	sym1-3	FILE0017	IFDOLT73	1288	identical-default	ibm/IFD/IFDOLT73.asm	unique	tape
MVSSRC.SYM103.F17	sym1-3	FILE0017	IFDOLT74	465	identical-default	ibm/IFD/IFDOLT74.asm	unique	tape
MVSSRC.SYM103.F17	sym1-3	FILE0017	IFDOLT98	571	identical-default	ibm/IFD/IFDOLT98.asm	unique	tape
MVSSRC.SYM103.F17	sym1-3	FILE0017	IFDOLT99	995	identical-default	ibm/IFD/IFDOLT99.asm	unique	tape
MVSSRC.SYM103.F17	sym1-3	FILE0017	IFDOLTAA	146	identical-default	ibm/IFD/IFDOLTAA.asm	unique	tape
MVSSRC.SYM103.F17	sym1-3	FILE0017	IFDOLTAB	91	identical-default	ibm/IFD/IFDOLTAB.asm	unique	tape
MVSSRC.SYM103.F17	sym1-3	FILE0017	IFDOLTAJ	839	identical-default	ibm/IFD/IFDOLTAJ.asm	unique	tape
MVSSRC.SYM103.F17	sym1-3	FILE0017	IGC0005I	1626	identical-default	ibm/IGC/IGC0005I.asm	unique	tape
MVSSRC.SYM103.F17	sym1-3	FILE0017	IGC0505I	407	identical-default	ibm/IGC/IGC0505I.asm	unique	tape
MVSSRC.SYM103.F17	sym1-3	FILE0017	IGC0905I	1048	identical-default	ibm/IGC/IGC0905I.asm	unique	tape
MVSSRC.SYM103.F17	sym1-3	FILE0017	IGE0019I	1186	identical-default	ibm/IGE/IGE0019I.asm	unique	tape
MVSSRC.SYM103.F17	sym1-3	FILE0017	IGE0119I	681	identical-default	ibm/IGE/IGE0119I.asm	unique	tape
MVSSRC.SYM103.F18	sym1-3	FILE0018	IQARIH00	18	identical-default	ibm/IQA/IQARIH00.asm	unique	tape
MVSSRC.SYM103.F19	sym1-3	FILE0019	AHLCWRIT	12372	identical-default	ibm/AHL/AHLCWRIT.asm	unique	tape
MVSSRC.SYM103.F19	sym1-3	FILE0019	AHLGTFI	5789	identical-default	ibm/AHL/AHLGTFI.asm	unique	tape
MVSSRC.SYM103.F19	sym1-3	FILE0019	AHLIWRIT	10882	identical-default	ibm/AHL/AHLIWRIT.asm	unique	tape
MVSSRC.SYM103.F19	sym1-3	FILE0019	AHLMCER	2735	identical-default	ibm/AHL/AHLMCER.asm	unique	tape
MVSSRC.SYM103.F19	sym1-3	FILE0019	AHLMCIH	1403	identical-default	ibm/AHL/AHLMCIH.asm	unique	tape
MVSSRC.SYM103.F19	sym1-3	FILE0019	AHLREADR	3277	identical-default	ibm/AHL/AHLREADR.asm	unique	tape
MVSSRC.SYM103.F19	sym1-3	FILE0019	AHLSBLOK	6245	identical-default	ibm/AHL/AHLSBLOK.asm	unique	tape
MVSSRC.SYM103.F19	sym1-3	FILE0019	AHLSBUF	3283	identical-default	ibm/AHL/AHLSBUF.asm	unique	tape
MVSSRC.SYM103.F19	sym1-3	FILE0019	AHLSCAN	2243	identical-default	ibm/AHL/AHLSCAN.asm	unique	tape
MVSSRC.SYM103.F19	sym1-3	FILE0019	AHLSETD	2495	identical-default	ibm/AHL/AHLSETD.asm	unique	tape
MVSSRC.SYM103.F19	sym1-3	FILE0019	AHLSETEV	7848	identical-default	ibm/AHL/AHLSETEV.asm	unique	tape
MVSSRC.SYM103.F19	sym1-3	FILE0019	AHLSETMG	48	identical-default	ibm/AHL/AHLSETMG.asm	unique	tape
MVSSRC.SYM103.F19	sym1-3	FILE0019	AHLTCTL1	1923	identical-default	ibm/AHL/AHLTCTL1.asm	unique	tape
MVSSRC.SYM103.F19	sym1-3	FILE0019	AHLTCTL2	661	identical-default	ibm/AHL/AHLTCTL2.asm	unique	tape
MVSSRC.SYM103.F19	sym1-3	FILE0019	AHLTDIR	3167	identical-default	ibm/AHL/AHLTDIR.asm	unique	tape
MVSSRC.SYM103.F19	sym1-3	FILE0019	AHLTEXT	4199	identical-default	ibm/AHL/AHLTEXT.asm	unique	tape
MVSSRC.SYM103.F19	sym1-3	FILE0019	AHLTFOR	4757	identical-default	ibm/AHL/AHLTFOR.asm	unique	tape
MVSSRC.SYM103.F19	sym1-3	FILE0019	AHLTMMSG	117	identical-default	ibm/AHL/AHLTMMSG.asm	unique	tape
MVSSRC.SYM103.F19	sym1-3	FILE0019	AHLTMON	2635	identical-default	ibm/AHL/AHLTMON.asm	unique	tape
MVSSRC.SYM103.F20	sym1-3	FILE0020	AHLT103	1059	identical-default	ibm/AHL/AHLT103.asm	unique	tape
MVSSRC.SYM103.F20	sym1-3	FILE0020	AHLTPID	5261	identical-default	ibm/AHL/AHLTPID.asm	unique	tape
MVSSRC.SYM103.F20	sym1-3	FILE0020	AHLTPMT	3165	identical-default	ibm/AHL/AHLTPMT.asm	unique	tape
MVSSRC.SYM103.F20	sym1-3	FILE0020	AHLTSCN	1388	identical-default	ibm/AHL/AHLTSCN.asm	unique	tape
MVSSRC.SYM103.F20	sym1-3	FILE0020	AHLTSIO	4439	identical-default	ibm/AHL/AHLTSIO.asm	unique	tape
MVSSRC.SYM103.F20	sym1-3	FILE0020	AHLTSVC	10028	identical-default	ibm/AHL/AHLTSVC.asm	unique	tape
MVSSRC.SYM103.F20	sym1-3	FILE0020	AHLTSYFL	3214	identical-default	ibm/AHL/AHLTSYFL.asm	unique	tape
MVSSRC.SYM103.F20	sym1-3	FILE0020	AHLTSYSM	5022	identical-default	ibm/AHL/AHLTSYSM.asm	unique	tape
MVSSRC.SYM103.F20	sym1-3	FILE0020	AHLTTAB	1018	identical-default	ibm/AHL/AHLTTAB.asm	unique	tape
MVSSRC.SYM103.F20	sym1-3	FILE0020	AHLTUSR	3844	identical-default	ibm/AHL/AHLTUSR.asm	unique	tape
MVSSRC.SYM103.F20	sym1-3	FILE0020	AHLTXSYS	4635	identical-default	ibm/AHL/AHLTXSYS.asm	unique	tape
MVSSRC.SYM103.F20	sym1-3	FILE0020	AHLVCOFF	1056	identical-default	ibm/AHL/AHLVCOFF.asm	unique	tape
MVSSRC.SYM103.F20	sym1-3	FILE0020	AHLVCON	1091	identical-default	ibm/AHL/AHLVCON.asm	unique	tape
MVSSRC.SYM103.F20	sym1-3	FILE0020	AHLWRMSG	121	identical-default	ibm/AHL/AHLWRMSG.asm	unique	tape
MVSSRC.SYM103.F20	sym1-3	FILE0020	AHLWTASK	3661	identical-default	ibm/AHL/AHLWTASK.asm	unique	tape
MVSSRC.SYM103.F20	sym1-3	FILE0020	AHLWTMSG	73	identical-default	ibm/AHL/AHLWTMSG.asm	unique	tape
MVSSRC.SYM103.F20	sym1-3	FILE0020	AHLWTO	1982	identical-default	ibm/AHL/AHLWTO.asm	unique	tape
MVSSRC.SYM103.F20	sym1-3	FILE0020	AHLWWRIT	12685	identical-default	ibm/AHL/AHLWWRIT.asm	unique	tape
MVSSRC.SYM103.F20	sym1-3	FILE0020	IEAVNP17	1982	identical-default	ibm/IEA/IEAVNP17.asm	unique	tape
MVSSRC.SYM103.F20	sym1-3	FILE0020	IGC0F05A	7054	identical-default	ibm/IGC/IGC0F05A.asm	unique	tape
MVSSRC.SYM104.F01	sym1-4	FILE0001	AMASPZAP	3584	identical-default	ibm/AMA/AMASPZAP.asm	unique	tape
MVSSRC.SYM104.F02	sym1-4	FILE0002	AMDPRCOM	1826	identical-default	ibm/AMD/AMDPRCOM.asm	unique	tape
MVSSRC.SYM104.F02	sym1-4	FILE0002	AMDPRCTL	2995	identical-default	ibm/AMD/AMDPRCTL.asm	unique	tape
MVSSRC.SYM104.F02	sym1-4	FILE0002	AMDPRCVT	3081	identical-default	ibm/AMD/AMDPRCVT.asm	unique	tape
MVSSRC.SYM104.F02	sym1-4	FILE0002	AMDPRDPS	1868	identical-default	ibm/AMD/AMDPRDPS.asm	unique	tape
MVSSRC.SYM104.F02	sym1-4	FILE0002	AMDPREAD	2611	identical-default	ibm/AMD/AMDPREAD.asm	unique	tape
MVSSRC.SYM104.F02	sym1-4	FILE0002	AMDPRECT	290	identical-default	ibm/AMD/AMDPRECT.asm	unique	tape
MVSSRC.SYM104.F02	sym1-4	FILE0002	AMDPRFAR	2316	identical-default	ibm/AMD/AMDPRFAR.asm	unique	tape
MVSSRC.SYM104.F02	sym1-4	FILE0002	AMDPRFCB	2922	identical-default	ibm/AMD/AMDPRFCB.asm	unique	tape
MVSSRC.SYM104.F02	sym1-4	FILE0002	AMDPRFDS	2971	identical-default	ibm/AMD/AMDPRFDS.asm	unique	tape
MVSSRC.SYM104.F02	sym1-4	FILE0002	AMDPRFMT	834	identical-default	ibm/AMD/AMDPRFMT.asm	unique	tape
MVSSRC.SYM104.F02	sym1-4	FILE0002	AMDPRFSC	4006	identical-default	ibm/AMD/AMDPRFSC.asm	unique	tape
MVSSRC.SYM104.F02	sym1-4	FILE0002	AMDPRFSR	3899	identical-default	ibm/AMD/AMDPRFSR.asm	unique	tape
MVSSRC.SYM104.F02	sym1-4	FILE0002	AMDPRFUB	1077	identical-default	ibm/AMD/AMDPRFUB.asm	unique	tape
MVSSRC.SYM104.F02	sym1-4	FILE0002	AMDPRFXT	1258	identical-default	ibm/AMD/AMDPRFXT.asm	unique	tape
MVSSRC.SYM104.F02	sym1-4	FILE0002	AMDPRGCD	7435	identical-default	ibm/AMD/AMDPRGCD.asm	unique	tape
MVSSRC.SYM104.F02	sym1-4	FILE0002	AMDPRLOD	2272	identical-default	ibm/AMD/AMDPRLOD.asm	unique	tape
MVSSRC.SYM104.F02	sym1-4	FILE0002	AMDPRLPA	553	identical-default	ibm/AMD/AMDPRLPA.asm	unique	tape
MVSSRC.SYM104.F02	sym1-4	FILE0002	AMDPRMST	1578	identical-default	ibm/AMD/AMDPRMST.asm	unique	tape
MVSSRC.SYM104.F02	sym1-4	FILE0002	AMDPRNUC	1982	identical-default	ibm/AMD/AMDPRNUC.asm	unique	tape
MVSSRC.SYM104.F02	sym1-4	FILE0002	AMDPRPCR	647	identical-default	ibm/AMD/AMDPRPCR.asm	unique	tape
MVSSRC.SYM104.F02	sym1-4	FILE0002	AMDPRPJB	2176	identical-default	ibm/AMD/AMDPRPJB.asm	unique	tape
MVSSRC.SYM104.F02	sym1-4	FILE0002	AMDPRPMG	72	identical-default	ibm/AMD/AMDPRPMG.asm	unique	tape
MVSSRC.SYM104.F02	sym1-4	FILE0002	AMDPRPMS	2560	identical-default	ibm/AMD/AMDPRPMS.asm	unique	tape
MVSSRC.SYM104.F02	sym1-4	FILE0002	AMDPRQCB	2590	identical-default	ibm/AMD/AMDPRQCB.asm	unique	tape
MVSSRC.SYM104.F02	sym1-4	FILE0002	AMDPRRDC	4658	identical-default	ibm/AMD/AMDPRRDC.asm	unique	tape
MVSSRC.SYM104.F02	sym1-4	FILE0002	AMDPRSEG	3046	identical-default	ibm/AMD/AMDPRSEG.asm	unique	tape
MVSSRC.SYM104.F02	sym1-4	FILE0002	AMDPRSUM	8789	identical-default	ibm/AMD/AMDPRSUM.asm	unique	tape
MVSSRC.SYM104.F02	sym1-4	FILE0002	AMDPRUIM	1584	identical-default	ibm/AMD/AMDPRUIM.asm	unique	tape
MVSSRC.SYM104.F03	sym1-4	FILE0003	AMDSAAID	1727	identical-default	ibm/AMD/AMDSAAID.asm	unique	tape
MVSSRC.SYM104.F03	sym1-4	FILE0003	AMDSAAMR	2329	identical-default	ibm/AMD/AMDSAAMR.asm	unique	tape
MVSSRC.SYM104.F03	sym1-4	FILE0003	AMDSAARD	1357	identical-default	ibm/AMD/AMDSAARD.asm	unique	tape
MVSSRC.SYM104.F03	sym1-4	FILE0003	AMDSAASM	4982	identical-default	ibm/AMD/AMDSAASM.asm	unique	tape
MVSSRC.SYM104.F03	sym1-4	FILE0003	AMDSAAUD	1568	identical-default	ibm/AMD/AMDSAAUD.asm	unique	tape
MVSSRC.SYM104.F03	sym1-4	FILE0003	AMDSABUF	1314	identical-default	ibm/AMD/AMDSABUF.asm	unique	tape
MVSSRC.SYM104.F03	sym1-4	FILE0003	AMDSACON	1339	identical-default	ibm/AMD/AMDSACON.asm	unique	tape
MVSSRC.SYM104.F03	sym1-4	FILE0003	AMDSACSA	1291	identical-default	ibm/AMD/AMDSACSA.asm	unique	tape
MVSSRC.SYM104.F03	sym1-4	FILE0003	AMDSADER	2884	identical-default	ibm/AMD/AMDSADER.asm	unique	tape
MVSSRC.SYM104.F03	sym1-4	FILE0003	AMDSAFRM	548	identical-default	ibm/AMD/AMDSAFRM.asm	unique	tape
MVSSRC.SYM104.F03	sym1-4	FILE0003	AMDSAGTF	1920	identical-default	ibm/AMD/AMDSAGTF.asm	unique	tape
MVSSRC.SYM104.F03	sym1-4	FILE0003	AMDSAGTM	572	identical-default	ibm/AMD/AMDSAGTM.asm	unique	tape
MVSSRC.SYM104.F03	sym1-4	FILE0003	AMDSAIOI	1564	identical-default	ibm/AMD/AMDSAIOI.asm	unique	tape
MVSSRC.SYM104.F03	sym1-4	FILE0003	AMDSALDR	3342	identical-default	ibm/AMD/AMDSALDR.asm	unique	tape
MVSSRC.SYM104.F03	sym1-4	FILE0003	AMDSAMDM	2213	identical-default	ibm/AMD/AMDSAMDM.asm	unique	tape
MVSSRC.SYM104.F03	sym1-4	FILE0003	AMDSAMSG	155	identical-default	ibm/AMD/AMDSAMSG.asm	unique	tape
MVSSRC.SYM104.F03	sym1-4	FILE0003	AMDSAPGE	3256	identical-default	ibm/AMD/AMDSAPGE.asm	unique	tape
MVSSRC.SYM104.F03	sym1-4	FILE0003	AMDSAPGI	1406	identical-default	ibm/AMD/AMDSAPGI.asm	unique	tape
MVSSRC.SYM104.F03	sym1-4	FILE0003	AMDSAPRO	1227	identical-default	ibm/AMD/AMDSAPRO.asm	unique	tape
MVSSRC.SYM104.F03	sym1-4	FILE0003	AMDSARSM	2762	identical-default	ibm/AMD/AMDSARSM.asm	unique	tape
MVSSRC.SYM104.F03	sym1-4	FILE0003	AMDSASIN	2737	identical-default	ibm/AMD/AMDSASIN.asm	unique	tape
MVSSRC.SYM104.F03	sym1-4	FILE0003	AMDSASIO	1976	identical-default	ibm/AMD/AMDSASIO.asm	unique	tape
MVSSRC.SYM104.F03	sym1-4	FILE0003	AMDSASVI	1514	identical-default	ibm/AMD/AMDSASVI.asm	unique	tape
MVSSRC.SYM104.F03	sym1-4	FILE0003	AMDSATAP	1062	identical-default	ibm/AMD/AMDSATAP.asm	unique	tape
MVSSRC.SYM104.F03	sym1-4	FILE0003	AMDSATER	3171	identical-default	ibm/AMD/AMDSATER.asm	unique	tape
MVSSRC.SYM104.F03	sym1-4	FILE0003	AMDSATXT	543	identical-default	ibm/AMD/AMDSATXT.asm	unique	tape
MVSSRC.SYM104.F03	sym1-4	FILE0003	AMDSAUCB	2240	identical-default	ibm/AMD/AMDSAUCB.asm	unique	tape
MVSSRC.SYM104.F03	sym1-4	FILE0003	AMDSAUPD	862	identical-default	ibm/AMD/AMDSAUPD.asm	unique	tape
MVSSRC.SYM104.F03	sym1-4	FILE0003	AMDSAVCK	3691	identical-default	ibm/AMD/AMDSAVCK.asm	unique	tape
MVSSRC.SYM104.F03	sym1-4	FILE0003	AMDSAWAT	1363	identical-default	ibm/AMD/AMDSAWAT.asm	unique	tape
MVSSRC.SYM104.F04	sym1-4	FILE0004	AMAPTF01	1589	identical-default	ibm/AMA/AMAPTF01.asm	unique	tape
MVSSRC.SYM104.F04	sym1-4	FILE0004	AMAPTF02	227	identical-default	ibm/AMA/AMAPTF02.asm	unique	tape
MVSSRC.SYM104.F04	sym1-4	FILE0004	AMAPTFLE	2839	identical-default	ibm/AMA/AMAPTFLE.asm	unique	tape
MVSSRC.SYM104.F05	sym1-4	FILE0005	AMDPRAPP	1392	identical-default	ibm/AMD/AMDPRAPP.asm	unique	tape
MVSSRC.SYM104.F05	sym1-4	FILE0005	AMDPREID	149	identical-default	ibm/AMD/AMDPREID.asm	unique	tape
MVSSRC.SYM104.F05	sym1-4	FILE0005	AMDPREXT	778	identical-default	ibm/AMD/AMDPREXT.asm	unique	tape
MVSSRC.SYM104.F05	sym1-4	FILE0005	AMDPRFLT	769	identical-default	ibm/AMD/AMDPRFLT.asm	unique	tape
MVSSRC.SYM104.F05	sym1-4	FILE0005	AMDPRFMG	107	identical-default	ibm/AMD/AMDPRFMG.asm	unique	tape
MVSSRC.SYM104.F05	sym1-4	FILE0005	AMDPRFRM	1822	identical-default	ibm/AMD/AMDPRFRM.asm	unique	tape
MVSSRC.SYM104.F05	sym1-4	FILE0005	AMDPRGET	3392	identical-default	ibm/AMD/AMDPRGET.asm	unique	tape
MVSSRC.SYM104.F05	sym1-4	FILE0005	AMDPROOT	376	identical-default	ibm/AMD/AMDPROOT.asm	unique	tape
MVSSRC.SYM104.F05	sym1-4	FILE0005	AMDPRREC	1190	identical-default	ibm/AMD/AMDPRREC.asm	unique	tape
MVSSRC.SYM104.F05	sym1-4	FILE0005	AMDPRSCN	2604	identical-default	ibm/AMD/AMDPRSCN.asm	unique	tape
MVSSRC.SYM104.F05	sym1-4	FILE0005	AMDPRSMG	75	identical-default	ibm/AMD/AMDPRSMG.asm	unique	tape
MVSSRC.SYM104.F05	sym1-4	FILE0005	AMDPRSN2	2273	identical-default	ibm/AMD/AMDPRSN2.asm	unique	tape
MVSSRC.SYM104.F05	sym1-4	FILE0005	AMDPRSN3	2197	identical-default	ibm/AMD/AMDPRSN3.asm	unique	tape
MVSSRC.SYM104.F05	sym1-4	FILE0005	AMDSYS00	1282	identical-default	ibm/AMD/AMDSYS00.asm	unique	tape
MVSSRC.SYM104.F05	sym1-4	FILE0005	AMDSYS01	6103	identical-default	ibm/AMD/AMDSYS01.asm	unique	tape
MVSSRC.SYM104.F05	sym1-4	FILE0005	AMDSYS02	941	identical-default	ibm/AMD/AMDSYS02.asm	unique	tape
MVSSRC.SYM104.F05	sym1-4	FILE0005	AMDSYS03	2647	identical-default	ibm/AMD/AMDSYS03.asm	unique	tape
MVSSRC.SYM104.F05	sym1-4	FILE0005	AMDSYS04	1553	identical-default	ibm/AMD/AMDSYS04.asm	unique	tape
MVSSRC.SYM104.F05	sym1-4	FILE0005	AMDSYS05	650	identical-default	ibm/AMD/AMDSYS05.asm	unique	tape
MVSSRC.SYM104.F06	sym1-4	FILE0006	IFCDEVIC	2365	identical-elsewhere	variants/tape/sym1-4/IFCDEVIC.asm	conflict	tape
MVSSRC.SYM104.F06	sym1-4	FILE0006	IFCEA155	2030	identical-default	ibm/IFC/IFCEA155.asm	unique	tape
MVSSRC.SYM104.F06	sym1-4	FILE0006	IFCEA165	1187	identical-default	ibm/IFC/IFCEA165.asm	unique	tape
MVSSRC.SYM104.F06	sym1-4	FILE0006	IFCEARG1	1131	identical-default	ibm/IFC/IFCEARG1.asm	unique	tape
MVSSRC.SYM104.F06	sym1-4	FILE0006	IFCEARG2	1132	identical-default	ibm/IFC/IFCEARG2.asm	unique	tape
MVSSRC.SYM104.F06	sym1-4	FILE0006	IFCEARG3	1131	identical-default	ibm/IFC/IFCEARG3.asm	unique	tape
MVSSRC.SYM104.F06	sym1-4	FILE0006	IFCEARG4	1123	identical-default	ibm/IFC/IFCEARG4.asm	unique	tape
MVSSRC.SYM104.F06	sym1-4	FILE0006	IFCEARG5	1106	identical-default	ibm/IFC/IFCEARG5.asm	unique	tape
MVSSRC.SYM104.F06	sym1-4	FILE0006	IFCEARG6	1076	identical-default	ibm/IFC/IFCEARG6.asm	unique	tape
MVSSRC.SYM104.F06	sym1-4	FILE0006	IFCEARG7	1051	identical-default	ibm/IFC/IFCEARG7.asm	unique	tape
MVSSRC.SYM104.F06	sym1-4	FILE0006	IFCEAXXX	1966	identical-elsewhere	variants/tape/sym1-4/IFCEAXXX.asm	conflict	tape
MVSSRC.SYM104.F06	sym1-4	FILE0006	IFCEB155	1384	identical-default	ibm/IFC/IFCEB155.asm	unique	tape
MVSSRC.SYM104.F06	sym1-4	FILE0006	IFCEB165	1351	identical-default	ibm/IFC/IFCEB165.asm	unique	tape
MVSSRC.SYM104.F06	sym1-4	FILE0006	IFCEC155	1388	identical-default	ibm/IFC/IFCEC155.asm	unique	tape
MVSSRC.SYM104.F06	sym1-4	FILE0006	IFCEC165	2403	identical-default	ibm/IFC/IFCEC165.asm	unique	tape
MVSSRC.SYM104.F06	sym1-4	FILE0006	IFCECUA0	741	identical-default	ibm/IFC/IFCECUA0.asm	unique	tape
MVSSRC.SYM104.F06	sym1-4	FILE0006	IFCECUA1	1132	identical-default	ibm/IFC/IFCECUA1.asm	unique	tape
MVSSRC.SYM104.F06	sym1-4	FILE0006	IFCED155	2273	identical-default	ibm/IFC/IFCED155.asm	unique	tape
MVSSRC.SYM104.F06	sym1-4	FILE0006	IFCED165	1550	identical-default	ibm/IFC/IFCED165.asm	unique	tape
MVSSRC.SYM104.F06	sym1-4	FILE0006	IFCEDDR0	1143	identical-elsewhere	variants/tape/sym1-4/IFCEDDR0.asm	conflict	tape
MVSSRC.SYM104.F06	sym1-4	FILE0006	IFCEDSUM	3458	identical-elsewhere	variants/tape/sym1-4/IFCEDSUM.asm	conflict	tape
MVSSRC.SYM104.F06	sym1-4	FILE0006	IFCEE155	1848	identical-default	ibm/IFC/IFCEE155.asm	unique	tape
MVSSRC.SYM104.F06	sym1-4	FILE0006	IFCEE165	1501	identical-default	ibm/IFC/IFCEE165.asm	unique	tape
MVSSRC.SYM104.F06	sym1-4	FILE0006	IFCEEDIT	1511	identical-elsewhere	variants/tape/sym1-4/IFCEEDIT.asm	conflict	tape
MVSSRC.SYM104.F06	sym1-4	FILE0006	IFCEF155	1850	identical-default	ibm/IFC/IFCEF155.asm	unique	tape
MVSSRC.SYM104.F06	sym1-4	FILE0006	IFCEF165	1723	identical-default	ibm/IFC/IFCEF165.asm	unique	tape
MVSSRC.SYM104.F06	sym1-4	FILE0006	IFCEG155	2073	identical-default	ibm/IFC/IFCEG155.asm	unique	tape
MVSSRC.SYM104.F06	sym1-4	FILE0006	IFCEGUS1	1899	identical-elsewhere	variants/tape/sym1-4/IFCEGUS1.asm	conflict	tape
MVSSRC.SYM104.F06	sym1-4	FILE0006	IFCEI135	1952	identical-elsewhere	variants/tape/sym1-4/IFCEI135.asm	conflict	tape
MVSSRC.SYM104.F06	sym1-4	FILE0006	IFCEI145	2481	identical-elsewhere	variants/tape/sym1-4/IFCEI145.asm	conflict	tape
MVSSRC.SYM104.F06	sym1-4	FILE0006	IFCEI155	1836	identical-elsewhere	variants/tape/sym1-4/IFCEI155.asm	conflict	tape
MVSSRC.SYM104.F06	sym1-4	FILE0006	IFCEIPL0	820	identical-elsewhere	variants/tape/sym1-4/IFCEIPL0.asm	conflict	tape
MVSSRC.SYM104.F06	sym1-4	FILE0006	IFCEJ145	1146	identical-default	ibm/IFC/IFCEJ145.asm	unique	tape
MVSSRC.SYM104.F06	sym1-4	FILE0006	IFCEL155	2853	identical-default	ibm/IFC/IFCEL155.asm	unique	tape
MVSSRC.SYM104.F06	sym1-4	FILE0006	IFCELEX1	1562	identical-default	ibm/IFC/IFCELEX1.asm	unique	tape
MVSSRC.SYM104.F06	sym1-4	FILE0006	IFCEM155	2663	identical-default	ibm/IFC/IFCEM155.asm	unique	tape
MVSSRC.SYM104.F06	sym1-4	FILE0006	IFCEMAD1	1075	identical-default	ibm/IFC/IFCEMAD1.asm	conflict	tape
MVSSRC.SYM104.F06	sym1-4	FILE0006	IFCEMER0	891	identical-default	ibm/IFC/IFCEMER0.asm	unique	tape
MVSSRC.SYM104.F06	sym1-4	FILE0006	IFCEMER1	894	identical-default	ibm/IFC/IFCEMER1.asm	unique	tape
MVSSRC.SYM104.F06	sym1-4	FILE0006	IFCEMER2	892	identical-default	ibm/IFC/IFCEMER2.asm	unique	tape
MVSSRC.SYM104.F06	sym1-4	FILE0006	IFCEMER3	808	identical-default	ibm/IFC/IFCEMER3.asm	unique	tape
MVSSRC.SYM104.F06	sym1-4	FILE0006	IFCEMER4	1053	identical-default	ibm/IFC/IFCEMER4.asm	unique	tape
MVSSRC.SYM104.F06	sym1-4	FILE0006	IFCEMER5	1026	identical-default	ibm/IFC/IFCEMER5.asm	unique	tape
MVSSRC.SYM104.F06	sym1-4	FILE0006	IFCEOAK1	1510	identical-default	ibm/IFC/IFCEOAK1.asm	unique	tape
MVSSRC.SYM104.F06	sym1-4	FILE0006	IFCEOAK2	1627	identical-default	ibm/IFC/IFCEOAK2.asm	unique	tape
MVSSRC.SYM104.F06	sym1-4	FILE0006	IFCEOAK3	1951	identical-default	ibm/IFC/IFCEOAK3.asm	unique	tape
MVSSRC.SYM104.F06	sym1-4	FILE0006	IFCEOAK4	4176	identical-default	ibm/IFC/IFCEOAK4.asm	unique	tape
MVSSRC.SYM104.F06	sym1-4	FILE0006	IFCEOAK5	4131	identical-default	ibm/IFC/IFCEOAK5.asm	unique	tape
MVSSRC.SYM104.F07	sym1-4	FILE0007	IFCE0135	1573	identical-elsewhere	variants/tape/sym1-4/IFCE0135.asm	conflict	tape
MVSSRC.SYM104.F07	sym1-4	FILE0007	IFCE0145	2087	identical-elsewhere	variants/tape/sym1-4/IFCE0145.asm	conflict	tape
MVSSRC.SYM104.F07	sym1-4	FILE0007	IFCE0155	1761	identical-elsewhere	variants/tape/sym1-4/IFCE0155.asm	conflict	tape
MVSSRC.SYM104.F07	sym1-4	FILE0007	IFCE0165	2119	identical-elsewhere	variants/tape/sym1-4/IFCE0165.asm	conflict	tape
MVSSRC.SYM104.F07	sym1-4	FILE0007	IFCE2860	1981	identical-elsewhere	variants/tape/sym1-4/IFCE2860.asm	conflict	tape
MVSSRC.SYM104.F07	sym1-4	FILE0007	IFCE2870	2009	identical-elsewhere	variants/tape/sym1-4/IFCE2870.asm	conflict	tape
MVSSRC.SYM104.F07	sym1-4	FILE0007	IFCE2880	3369	identical-elsewhere	variants/tape/sym1-4/IFCE2880.asm	conflict	tape
MVSSRC.SYM104.F07	sym1-4	FILE0007	IFCEREP1	1376	identical-elsewhere	variants/tape/sym1-4/IFCEREP1.asm	conflict	tape
MVSSRC.SYM104.F07	sym1-4	FILE0007	IFCERFMT	3939	identical-elsewhere	variants/tape/sym1-4/IFCERFMT.asm	conflict	tape
MVSSRC.SYM104.F07	sym1-4	FILE0007	IFCESOFT	1645	identical-elsewhere	variants/tape/sym1-4/IFCESOFT.asm	conflict	tape
MVSSRC.SYM104.F07	sym1-4	FILE0007	IFCESUMS	1283	identical-elsewhere	variants/tape/sym1-4/IFCESUMS.asm	conflict	tape
MVSSRC.SYM104.F07	sym1-4	FILE0007	IFCET001	309	identical-default	ibm/IFC/IFCET001.asm	unique	tape
MVSSRC.SYM104.F07	sym1-4	FILE0007	IFCET002	984	identical-elsewhere	variants/tape/sym1-4/IFCET002.asm	conflict	tape
MVSSRC.SYM104.F07	sym1-4	FILE0007	IFCET003	721	identical-elsewhere	variants/tape/sym1-4/IFCET003.asm	conflict	tape
MVSSRC.SYM104.F07	sym1-4	FILE0007	IFCET004	826	identical-elsewhere	variants/tape/sym1-4/IFCET004.asm	conflict	tape
MVSSRC.SYM104.F07	sym1-4	FILE0007	IFCET005	847	identical-elsewhere	variants/tape/sym1-4/IFCET005.asm	conflict	tape
MVSSRC.SYM104.F07	sym1-4	FILE0007	IFCET006	709	identical-elsewhere	variants/tape/sym1-4/IFCET006.asm	conflict	tape
MVSSRC.SYM104.F07	sym1-4	FILE0007	IFCET008	1427	identical-elsewhere	variants/tape/sym1-4/IFCET008.asm	conflict	tape
MVSSRC.SYM104.F07	sym1-4	FILE0007	IFCET00B	851	identical-elsewhere	variants/tape/sym1-4/IFCET00B.asm	conflict	tape
MVSSRC.SYM104.F07	sym1-4	FILE0007	IFCET00C	1553	identical-elsewhere	variants/tape/sym1-4/IFCET00C.asm	conflict	tape
MVSSRC.SYM104.F07	sym1-4	FILE0007	IFCET00D	1459	identical-elsewhere	variants/tape/sym1-4/IFCET00D.asm	conflict	tape
MVSSRC.SYM104.F07	sym1-4	FILE0007	IFCETRN0	904	identical-default	ibm/IFC/IFCETRN0.asm	unique	tape
MVSSRC.SYM104.F07	sym1-4	FILE0007	IFCETRN1	1031	identical-default	ibm/IFC/IFCETRN1.asm	unique	tape
MVSSRC.SYM104.F07	sym1-4	FILE0007	IFCETRN2	791	identical-default	ibm/IFC/IFCETRN2.asm	unique	tape
MVSSRC.SYM104.F07	sym1-4	FILE0007	IFCETRN3	918	identical-default	ibm/IFC/IFCETRN3.asm	unique	tape
MVSSRC.SYM104.F07	sym1-4	FILE0007	IFCETRN4	832	identical-elsewhere	variants/tape/sym1-4/IFCETRN4.asm	conflict	tape
MVSSRC.SYM104.F07	sym1-4	FILE0007	IFCETRN5	1112	identical-default	ibm/IFC/IFCETRN5.asm	unique	tape
MVSSRC.SYM104.F07	sym1-4	FILE0007	IFCETUL1	2058	identical-elsewhere	variants/tape/sym1-4/IFCETUL1.asm	conflict	tape
MVSSRC.SYM104.F07	sym1-4	FILE0007	IFCEUKNO	960	identical-elsewhere	variants/tape/sym1-4/IFCEUKNO.asm	conflict	tape
MVSSRC.SYM104.F07	sym1-4	FILE0007	IFCEVENT	4122	identical-elsewhere	variants/tape/sym1-4/IFCEVENT.asm	conflict	tape
MVSSRC.SYM104.F07	sym1-4	FILE0007	IFCEVOL0	879	identical-default	ibm/IFC/IFCEVOL0.asm	unique	tape
MVSSRC.SYM104.F07	sym1-4	FILE0007	IFCEWIN1	1070	identical-elsewhere	variants/tape/sym1-4/IFCEWIN1.asm	conflict	tape
MVSSRC.SYM104.F07	sym1-4	FILE0007	IFCEXXX0	1207	identical-elsewhere	variants/tape/sym1-4/IFCEXXX0.asm	conflict	tape
MVSSRC.SYM104.F07	sym1-4	FILE0007	IFCEXXX1	1164	identical-elsewhere	variants/tape/sym1-4/IFCEXXX1.asm	conflict	tape
MVSSRC.SYM104.F07	sym1-4	FILE0007	IFCEXXX2	1169	identical-elsewhere	variants/tape/sym1-4/IFCEXXX2.asm	conflict	tape
MVSSRC.SYM104.F07	sym1-4	FILE0007	IFCEXXX3	1296	identical-elsewhere	variants/tape/sym1-4/IFCEXXX3.asm	conflict	tape
MVSSRC.SYM104.F07	sym1-4	FILE0007	IFCEXXX4	1232	identical-elsewhere	variants/tape/sym1-4/IFCEXXX4.asm	conflict	tape
MVSSRC.SYM104.F07	sym1-4	FILE0007	IFCEXXX5	1153	identical-elsewhere	variants/tape/sym1-4/IFCEXXX5.asm	conflict	tape
MVSSRC.SYM104.F07	sym1-4	FILE0007	IFCEXXX6	1170	identical-elsewhere	variants/tape/sym1-4/IFCEXXX6.asm	conflict	tape
MVSSRC.SYM104.F07	sym1-4	FILE0007	IFCEXXX7	1205	identical-elsewhere	variants/tape/sym1-4/IFCEXXX7.asm	conflict	tape
MVSSRC.SYM104.F07	sym1-4	FILE0007	IFCEXXX8	1206	identical-elsewhere	variants/tape/sym1-4/IFCEXXX8.asm	conflict	tape
MVSSRC.SYM104.F07	sym1-4	FILE0007	IFCEXXX9	1285	identical-elsewhere	variants/tape/sym1-4/IFCEXXX9.asm	conflict	tape
MVSSRC.SYM104.F07	sym1-4	FILE0007	IFCEXXXA	1755	identical-elsewhere	variants/tape/sym1-4/IFCEXXXA.asm	conflict	tape
MVSSRC.SYM104.F07	sym1-4	FILE0007	IFCEXXXB	1361	identical-elsewhere	variants/tape/sym1-4/IFCEXXXB.asm	conflict	tape
MVSSRC.SYM104.F07	sym1-4	FILE0007	IFCEXXXC	1320	identical-elsewhere	variants/tape/sym1-4/IFCEXXXC.asm	conflict	tape
MVSSRC.SYM104.F07	sym1-4	FILE0007	IFCEXXXD	1195	identical-elsewhere	variants/tape/sym1-4/IFCEXXXD.asm	conflict	tape
MVSSRC.SYM104.F07	sym1-4	FILE0007	IFCEXXXE	1236	identical-elsewhere	variants/tape/sym1-4/IFCEXXXE.asm	conflict	tape
MVSSRC.SYM104.F07	sym1-4	FILE0007	IFCEXXXF	1530	identical-elsewhere	variants/tape/sym1-4/IFCEXXXF.asm	conflict	tape
MVSSRC.SYM104.F07	sym1-4	FILE0007	IFCEXXXG	4332	identical-elsewhere	variants/tape/sym1-4/IFCEXXXG.asm	conflict	tape
MVSSRC.SYM104.F07	sym1-4	FILE0007	IFCEXXXH	1824	identical-elsewhere	variants/tape/sym1-4/IFCEXXXH.asm	conflict	tape
MVSSRC.SYM104.F07	sym1-4	FILE0007	IFCEXXXX	1335	identical-elsewhere	variants/tape/sym1-4/IFCEXXXX.asm	conflict	tape
MVSSRC.SYM104.F08	sym1-4	FILE0008	IFCFILT1	5349	identical-elsewhere	variants/tape/sym1-4/IFCFILT1.asm	conflict	tape
MVSSRC.SYM104.F08	sym1-4	FILE0008	IFCFILT2	5785	identical-elsewhere	variants/tape/sym1-4/IFCFILT2.asm	conflict	tape
MVSSRC.SYM104.F08	sym1-4	FILE0008	IFCFILT3	6458	identical-elsewhere	variants/tape/sym1-4/IFCFILT3.asm	conflict	tape
MVSSRC.SYM104.F08	sym1-4	FILE0008	IFCFILT4	5537	identical-default	ibm/IFC/IFCFILT4.asm	unique	tape
MVSSRC.SYM104.F08	sym1-4	FILE0008	IFCFMTIO	1339	identical-elsewhere	variants/tape/sym1-4/IFCFMTIO.asm	conflict	tape
MVSSRC.SYM104.F08	sym1-4	FILE0008	IFCFRAMC	3103	identical-elsewhere	variants/tape/sym1-4/IFCFRAMC.asm	conflict	tape
MVSSRC.SYM104.F08	sym1-4	FILE0008	IFCFRAME	4682	identical-default	ibm/IFC/IFCFRAME.asm	unique	tape
MVSSRC.SYM104.F08	sym1-4	FILE0008	IFCFRAMM	3533	identical-elsewhere	variants/tape/sym1-4/IFCFRAMM.asm	conflict	tape
MVSSRC.SYM104.F08	sym1-4	FILE0008	IFCIOHND	4504	identical-elsewhere	variants/tape/sym1-4/IFCIOHND.asm	conflict	tape
MVSSRC.SYM104.F08	sym1-4	FILE0008	IFCMES01	1846	identical-elsewhere	variants/tape/sym1-4/IFCMES01.asm	conflict	tape
MVSSRC.SYM104.F08	sym1-4	FILE0008	IFCMSG01	1163	identical-elsewhere	variants/tape/sym1-4/IFCMSG01.asm	conflict	tape
MVSSRC.SYM104.F08	sym1-4	FILE0008	IFCOFFLD	668	identical-elsewhere	variants/tape/sym1-4/IFCOFFLD.asm	conflict	tape
MVSSRC.SYM104.F08	sym1-4	FILE0008	IFCPARM1	6596	identical-elsewhere	variants/tape/sym1-4/IFCPARM1.asm	conflict	tape
MVSSRC.SYM104.F08	sym1-4	FILE0008	IFCPARM2	5814	identical-elsewhere	variants/tape/sym1-4/IFCPARM2.asm	conflict	tape
MVSSRC.SYM104.F08	sym1-4	FILE0008	IFCRDESM	3034	identical-default	ibm/IFC/IFCRDESM.asm	unique	tape
MVSSRC.SYM104.F08	sym1-4	FILE0008	IFCSAXXC	2225	identical-default	ibm/IFC/IFCSAXXC.asm	unique	tape
MVSSRC.SYM104.F08	sym1-4	FILE0008	IFCSAXXX	1745	identical-elsewhere	variants/tape/sym1-4/IFCSAXXX.asm	conflict	tape
MVSSRC.SYM104.F08	sym1-4	FILE0008	IFCSCUA0	918	identical-default	ibm/IFC/IFCSCUA0.asm	unique	tape
MVSSRC.SYM104.F08	sym1-4	FILE0008	IFCSCUA1	1074	identical-default	ibm/IFC/IFCSCUA1.asm	unique	tape
MVSSRC.SYM104.F08	sym1-4	FILE0008	IFCSGUS1	2027	identical-elsewhere	variants/tape/sym1-4/IFCSGUS1.asm	conflict	tape
MVSSRC.SYM104.F08	sym1-4	FILE0008	IFCSI145	1426	identical-elsewhere	variants/tape/sym1-4/IFCSI145.asm	conflict	tape
MVSSRC.SYM104.F08	sym1-4	FILE0008	IFCSI155	845	identical-default	ibm/IFC/IFCSI155.asm	unique	tape
MVSSRC.SYM104.F08	sym1-4	FILE0008	IFCSIPL0	855	identical-default	ibm/IFC/IFCSIPL0.asm	unique	tape
MVSSRC.SYM104.F08	sym1-4	FILE0008	IFCSSOFT	1137	identical-default	ibm/IFC/IFCSSOFT.asm	unique	tape
MVSSRC.SYM104.F08	sym1-4	FILE0008	IFCST003	920	identical-default	ibm/IFC/IFCST003.asm	unique	tape
MVSSRC.SYM104.F08	sym1-4	FILE0008	IFCST005	1035	identical-elsewhere	variants/tape/sym1-4/IFCST005.asm	conflict	tape
MVSSRC.SYM104.F08	sym1-4	FILE0008	IFCST006	821	identical-default	ibm/IFC/IFCST006.asm	unique	tape
MVSSRC.SYM104.F08	sym1-4	FILE0008	IFCST008	1605	identical-default	ibm/IFC/IFCST008.asm	unique	tape
MVSSRC.SYM104.F08	sym1-4	FILE0008	IFCST00B	969	identical-default	ibm/IFC/IFCST00B.asm	duplicate-same	tape
MVSSRC.SYM104.F08	sym1-4	FILE0008	IFCSUKNO	818	identical-default	ibm/IFC/IFCSUKNO.asm	unique	tape
MVSSRC.SYM104.F08	sym1-4	FILE0008	IFCSVOL0	858	identical-default	ibm/IFC/IFCSVOL0.asm	unique	tape
MVSSRC.SYM104.F09	sym1-4	FILE0009	IFCS0135	582	identical-default	ibm/IFC/IFCS0135.asm	unique	tape
MVSSRC.SYM104.F09	sym1-4	FILE0009	IFCS0145	1091	identical-default	ibm/IFC/IFCS0145.asm	unique	tape
MVSSRC.SYM104.F09	sym1-4	FILE0009	IFCS0155	566	identical-default	ibm/IFC/IFCS0155.asm	unique	tape
MVSSRC.SYM104.F09	sym1-4	FILE0009	IFCS0165	1946	identical-elsewhere	variants/tape/sym1-4/IFCS0165.asm	conflict	tape
MVSSRC.SYM104.F09	sym1-4	FILE0009	IFCS2860	1100	identical-default	ibm/IFC/IFCS2860.asm	unique	tape
MVSSRC.SYM104.F09	sym1-4	FILE0009	IFCS2870	1084	identical-default	ibm/IFC/IFCS2870.asm	unique	tape
MVSSRC.SYM104.F09	sym1-4	FILE0009	IFCS2880	1158	identical-default	ibm/IFC/IFCS2880.asm	unique	tape
MVSSRC.SYM104.F09	sym1-4	FILE0009	IFCS3350	1828	identical-default	ibm/IFC/IFCS3350.asm	unique	tape
MVSSRC.SYM104.F09	sym1-4	FILE0009	IFCSXXX0	1159	identical-default	ibm/IFC/IFCSXXX0.asm	unique	tape
MVSSRC.SYM104.F09	sym1-4	FILE0009	IFCSXXX1	1229	identical-default	ibm/IFC/IFCSXXX1.asm	unique	tape
MVSSRC.SYM104.F09	sym1-4	FILE0009	IFCSXXX2	1228	identical-default	ibm/IFC/IFCSXXX2.asm	unique	tape
MVSSRC.SYM104.F09	sym1-4	FILE0009	IFCSXXX3	1347	identical-default	ibm/IFC/IFCSXXX3.asm	unique	tape
MVSSRC.SYM104.F09	sym1-4	FILE0009	IFCSXXX4	1405	identical-default	ibm/IFC/IFCSXXX4.asm	unique	tape
MVSSRC.SYM104.F09	sym1-4	FILE0009	IFCSXXX5	1328	identical-default	ibm/IFC/IFCSXXX5.asm	unique	tape
MVSSRC.SYM104.F09	sym1-4	FILE0009	IFCSXXX6	1324	identical-default	ibm/IFC/IFCSXXX6.asm	unique	tape
MVSSRC.SYM104.F09	sym1-4	FILE0009	IFCSXXX7	1274	identical-default	ibm/IFC/IFCSXXX7.asm	unique	tape
MVSSRC.SYM104.F09	sym1-4	FILE0009	IFCSXXX8	1276	identical-default	ibm/IFC/IFCSXXX8.asm	unique	tape
MVSSRC.SYM104.F09	sym1-4	FILE0009	IFCSXXX9	1571	identical-default	ibm/IFC/IFCSXXX9.asm	unique	tape
MVSSRC.SYM104.F09	sym1-4	FILE0009	IFCSXXXA	1518	identical-elsewhere	variants/tape/sym1-4/IFCSXXXA.asm	conflict	tape
MVSSRC.SYM104.F09	sym1-4	FILE0009	IFCSXXXB	1950	identical-elsewhere	variants/tape/sym1-4/IFCSXXXB.asm	conflict	tape
MVSSRC.SYM104.F09	sym1-4	FILE0009	IFCSXXXC	1866	identical-default	ibm/IFC/IFCSXXXC.asm	unique	tape
MVSSRC.SYM104.F09	sym1-4	FILE0009	IFCSXXXD	1761	identical-elsewhere	variants/tape/sym1-4/IFCSXXXD.asm	conflict	tape
MVSSRC.SYM104.F09	sym1-4	FILE0009	IFCSXXXE	1229	identical-default	ibm/IFC/IFCSXXXE.asm	unique	tape
MVSSRC.SYM104.F09	sym1-4	FILE0009	IFCSXXXF	1660	identical-default	ibm/IFC/IFCSXXXF.asm	unique	tape
MVSSRC.SYM104.F09	sym1-4	FILE0009	IFCSXXXG	1244	identical-default	ibm/IFC/IFCSXXXG.asm	unique	tape
MVSSRC.SYM104.F09	sym1-4	FILE0009	IFCSXXXH	2009	identical-elsewhere	variants/tape/sym1-4/IFCSXXXH.asm	conflict	tape
MVSSRC.SYM104.F09	sym1-4	FILE0009	IFCSXXXX	1143	identical-default	ibm/IFC/IFCSXXXX.asm	unique	tape
MVSSRC.SYM104.F09	sym1-4	FILE0009	IFCSYMCD	734	identical-default	ibm/IFC/IFCSYMCD.asm	unique	tape
MVSSRC.SYM104.F09	sym1-4	FILE0009	IFCSYSUM	3062	identical-elsewhere	variants/tape/sym1-4/IFCSYSUM.asm	conflict	tape
MVSSRC.SYM104.F09	sym1-4	FILE0009	IFCTHRSH	4618	identical-elsewhere	variants/tape/sym1-4/IFCTHRSH.asm	conflict	tape
MVSSRC.SYM104.F09	sym1-4	FILE0009	IFCTREND	2638	identical-elsewhere	variants/tape/sym1-4/IFCTREND.asm	conflict	tape
MVSSRC.SYM201.F01	sym2-1	FILE0001	IRBLANGP	48	identical-default	ibm/IRB/IRBLANGP.asm	unique	tape
MVSSRC.SYM201.F01	sym2-1	FILE0001	IRBSTGST	162	identical-default	ibm/IRB/IRBSTGST.asm	unique	tape
MVSSRC.SYM201.F01	sym2-1	FILE0001	IRBSTMMV	173	identical-default	ibm/IRB/IRBSTMMV.asm	unique	tape
MVSSRC.SYM201.F01	sym2-1	FILE0001	MFROUTER	83	identical-default	ibm/MFR/MFROUTER.asm	unique	tape
MVSSRC.SYM201.F02	sym2-1	FILE0002	IGX00013	6713	identical-default	ibm/IGX/IGX00013.asm	unique	tape
MVSSRC.SYM201.F02	sym2-1	FILE0002	IGX00014	2679	identical-default	ibm/IGX/IGX00014.asm	unique	tape
MVSSRC.SYM201.F02	sym2-1	FILE0002	IRBMFALL	340	identical-default	ibm/IRB/IRBMFALL.asm	unique	tape
MVSSRC.SYM201.F02	sym2-1	FILE0002	IRBMFANL	352	identical-default	ibm/IRB/IRBMFANL.asm	unique	tape
MVSSRC.SYM201.F02	sym2-1	FILE0002	IRBMFCNV	1819	identical-default	ibm/IRB/IRBMFCNV.asm	unique	tape
MVSSRC.SYM201.F02	sym2-1	FILE0002	IRBMFDCP	2969	identical-default	ibm/IRB/IRBMFDCP.asm	unique	tape
MVSSRC.SYM201.F02	sym2-1	FILE0002	IRBMFDDP	2563	identical-default	ibm/IRB/IRBMFDDP.asm	unique	tape
MVSSRC.SYM201.F02	sym2-1	FILE0002	IRBMFDEA	723	identical-default	ibm/IRB/IRBMFDEA.asm	unique	tape
MVSSRC.SYM201.F02	sym2-1	FILE0002	IRBMFDHP	1970	identical-default	ibm/IRB/IRBMFDHP.asm	unique	tape
MVSSRC.SYM201.F02	sym2-1	FILE0002	IRBMFDPP	2106	identical-default	ibm/IRB/IRBMFDPP.asm	unique	tape
MVSSRC.SYM201.F02	sym2-1	FILE0002	IRBMFDTA	1650	identical-default	ibm/IRB/IRBMFDTA.asm	unique	tape
MVSSRC.SYM201.F02	sym2-1	FILE0002	IRBMFDWP	3312	identical-default	ibm/IRB/IRBMFDWP.asm	unique	tape
MVSSRC.SYM201.F02	sym2-1	FILE0002	IRBMFECH	2094	identical-default	ibm/IRB/IRBMFECH.asm	unique	tape
MVSSRC.SYM201.F02	sym2-1	FILE0002	IRBMFEDV	923	identical-default	ibm/IRB/IRBMFEDV.asm	unique	tape
MVSSRC.SYM201.F02	sym2-1	FILE0002	IRBMFEVT	269	identical-default	ibm/IRB/IRBMFEVT.asm	unique	tape
MVSSRC.SYM201.F02	sym2-1	FILE0002	IRBMFFUR	67	identical-default	ibm/IRB/IRBMFFUR.asm	unique	tape
MVSSRC.SYM201.F02	sym2-1	FILE0002	IRBMFICP	997	identical-default	ibm/IRB/IRBMFICP.asm	unique	tape
MVSSRC.SYM201.F02	sym2-1	FILE0002	IRBMFIDV	3202	identical-default	ibm/IRB/IRBMFIDV.asm	unique	tape
MVSSRC.SYM201.F02	sym2-1	FILE0002	IRBMFIHA	2722	identical-default	ibm/IRB/IRBMFIHA.asm	unique	tape
MVSSRC.SYM201.F02	sym2-1	FILE0002	IRBMFINP	8173	identical-default	ibm/IRB/IRBMFINP.asm	unique	tape
MVSSRC.SYM201.F02	sym2-1	FILE0002	IRBMFIOI	3542	identical-default	ibm/IRB/IRBMFIOI.asm	unique	tape
MVSSRC.SYM201.F02	sym2-1	FILE0002	IRBMFIPG	392	identical-default	ibm/IRB/IRBMFIPG.asm	unique	tape
MVSSRC.SYM201.F02	sym2-1	FILE0002	IRBMFIWK	2455	identical-default	ibm/IRB/IRBMFIWK.asm	unique	tape
MVSSRC.SYM201.F02	sym2-1	FILE0002	IRBMFLCV	41	identical-default	ibm/IRB/IRBMFLCV.asm	unique	tape
MVSSRC.SYM201.F02	sym2-1	FILE0002	IRBMFLDV	53	identical-default	ibm/IRB/IRBMFLDV.asm	unique	tape
MVSSRC.SYM201.F02	sym2-1	FILE0002	IRBMFLHV	47	identical-default	ibm/IRB/IRBMFLHV.asm	unique	tape
MVSSRC.SYM201.F02	sym2-1	FILE0002	IRBMFLMV	104	identical-default	ibm/IRB/IRBMFLMV.asm	unique	tape
MVSSRC.SYM201.F02	sym2-1	FILE0002	IRBMFLPV	88	identical-default	ibm/IRB/IRBMFLPV.asm	unique	tape
MVSSRC.SYM201.F02	sym2-1	FILE0002	IRBMFLTV	37	identical-default	ibm/IRB/IRBMFLTV.asm	unique	tape
MVSSRC.SYM201.F02	sym2-1	FILE0002	IRBMFLWV	59	identical-default	ibm/IRB/IRBMFLWV.asm	unique	tape
MVSSRC.SYM201.F02	sym2-1	FILE0002	IRBMFMFC	1657	identical-default	ibm/IRB/IRBMFMFC.asm	unique	tape
MVSSRC.SYM201.F02	sym2-1	FILE0002	IRBMFMLN	825	identical-default	ibm/IRB/IRBMFMLN.asm	unique	tape
MVSSRC.SYM201.F02	sym2-1	FILE0002	IRBMFMPR	1173	identical-default	ibm/IRB/IRBMFMPR.asm	unique	tape
MVSSRC.SYM201.F02	sym2-1	FILE0002	IRBMFRCR	1304	identical-default	ibm/IRB/IRBMFRCR.asm	unique	tape
MVSSRC.SYM201.F02	sym2-1	FILE0002	IRBMFRDR	1580	identical-default	ibm/IRB/IRBMFRDR.asm	unique	tape
MVSSRC.SYM201.F02	sym2-1	FILE0002	IRBMFRGM	3097	identical-default	ibm/IRB/IRBMFRGM.asm	unique	tape
MVSSRC.SYM201.F02	sym2-1	FILE0002	IRBMFRHR	1821	identical-default	ibm/IRB/IRBMFRHR.asm	unique	tape
MVSSRC.SYM201.F02	sym2-1	FILE0002	IRBMFRPR	5326	identical-default	ibm/IRB/IRBMFRPR.asm	unique	tape
MVSSRC.SYM201.F02	sym2-1	FILE0002	IRBMFRWR	4547	identical-default	ibm/IRB/IRBMFRWR.asm	unique	tape
MVSSRC.SYM201.F02	sym2-1	FILE0002	IRBMFSAR	1557	identical-default	ibm/IRB/IRBMFSAR.asm	unique	tape
MVSSRC.SYM201.F02	sym2-1	FILE0002	IRBMFSDE	498	identical-default	ibm/IRB/IRBMFSDE.asm	unique	tape
MVSSRC.SYM201.F02	sym2-1	FILE0002	IRBMFTCH	1096	identical-default	ibm/IRB/IRBMFTCH.asm	unique	tape
MVSSRC.SYM201.F02	sym2-1	FILE0002	IRBMFTMA	2616	identical-default	ibm/IRB/IRBMFTMA.asm	unique	tape
MVSSRC.SYM201.F03	sym2-1	FILE0003	IRBMFTRM	2143	identical-default	ibm/IRB/IRBMFTRM.asm	unique	tape
MVSSRC.SYM201.F04	sym2-1	FILE0004	BMDSECTS	35	identical-default	ibm/BMD/BMDSECTS.asm	unique	tape
MVSSRC.SYM201.F04	sym2-1	FILE0004	CONTAINS	235	identical-default	ibm/CON/CONTAINS.asm	unique	tape
MVSSRC.SYM201.F04	sym2-1	FILE0004	CONTENTS	155	identical-default	ibm/CON/CONTENTS.asm	unique	tape
MVSSRC.SYM201.F04	sym2-1	FILE0004	DBV	47	identical-default	ibm/DBV/DBV.asm	unique	tape
MVSSRC.SYM201.F04	sym2-1	FILE0004	DCDSWORK	41	identical-default	ibm/DCD/DCDSWORK.asm	unique	tape
MVSSRC.SYM201.F04	sym2-1	FILE0004	DSW	38	identical-default	ibm/DSW/DSW.asm	unique	tape
MVSSRC.SYM201.F04	sym2-1	FILE0004	EDSECT	403	identical-default	ibm/EDS/EDSECT.asm	unique	tape
MVSSRC.SYM201.F04	sym2-1	FILE0004	ERMS	261	identical-default	ibm/ERM/ERMS.asm	unique	tape
MVSSRC.SYM201.F04	sym2-1	FILE0004	EVALWORK	78	identical-default	ibm/EVA/EVALWORK.asm	unique	tape
MVSSRC.SYM201.F04	sym2-1	FILE0004	GENCOM	182	identical-default	ibm/GEN/GENCOM.asm	unique	tape
MVSSRC.SYM201.F04	sym2-1	FILE0004	GENERR	144	identical-default	ibm/GEN/GENERR.asm	unique	tape
MVSSRC.SYM201.F04	sym2-1	FILE0004	GENOP	539	identical-default	ibm/GEN/GENOP.asm	unique	tape
MVSSRC.SYM201.F04	sym2-1	FILE0004	GENTAB	28	identical-default	ibm/GEN/GENTAB.asm	unique	tape
MVSSRC.SYM201.F04	sym2-1	FILE0004	GOIF	96	identical-default	ibm/GOI/GOIF.asm	unique	tape
MVSSRC.SYM201.F04	sym2-1	FILE0004	GOIF1	228	identical-default	ibm/GOI/GOIF1.asm	unique	tape
MVSSRC.SYM201.F04	sym2-1	FILE0004	GOIF3	246	identical-default	ibm/GOI/GOIF3.asm	unique	tape
MVSSRC.SYM201.F04	sym2-1	FILE0004	GOTO	178	identical-default	ibm/GOT/GOTO.asm	unique	tape
MVSSRC.SYM201.F04	sym2-1	FILE0004	ICOMMON	264	identical-default	ibm/ICO/ICOMMON.asm	unique	tape
MVSSRC.SYM201.F04	sym2-1	FILE0004	JCALL	16	identical-default	ibm/JCA/JCALL.asm	unique	tape
MVSSRC.SYM201.F04	sym2-1	FILE0004	JCHECK	13	identical-default	ibm/JCH/JCHECK.asm	unique	tape
MVSSRC.SYM201.F04	sym2-1	FILE0004	JCOMMON	329	identical-default	ibm/JCO/JCOMMON.asm	unique	tape
MVSSRC.SYM201.F04	sym2-1	FILE0004	JCSECT	25	identical-default	ibm/JCS/JCSECT.asm	unique	tape
MVSSRC.SYM201.F04	sym2-1	FILE0004	JENTRY	24	identical-default	ibm/JEN/JENTRY.asm	unique	tape
MVSSRC.SYM201.F04	sym2-1	FILE0004	JERMSGCD	293	identical-default	ibm/JER/JERMSGCD.asm	unique	tape
MVSSRC.SYM201.F04	sym2-1	FILE0004	JERRCD	21	identical-default	ibm/JER/JERRCD.asm	unique	tape
MVSSRC.SYM201.F04	sym2-1	FILE0004	JEXTRN	23	identical-default	ibm/JEX/JEXTRN.asm	unique	tape
MVSSRC.SYM201.F04	sym2-1	FILE0004	JFIND	11	identical-default	ibm/JFI/JFIND.asm	unique	tape
MVSSRC.SYM201.F04	sym2-1	FILE0004	JFLEBLK	19	identical-default	ibm/JFL/JFLEBLK.asm	unique	tape
MVSSRC.SYM201.F04	sym2-1	FILE0004	JFRECORE	11	identical-default	ibm/JFR/JFRECORE.asm	unique	tape
MVSSRC.SYM201.F04	sym2-1	FILE0004	JGEN	24	identical-default	ibm/JGE/JGEN.asm	unique	tape
MVSSRC.SYM201.F04	sym2-1	FILE0004	JGENERR	15	identical-default	ibm/JGE/JGENERR.asm	unique	tape
MVSSRC.SYM201.F04	sym2-1	FILE0004	JGENIN	123	identical-default	ibm/JGE/JGENIN.asm	unique	tape
MVSSRC.SYM201.F04	sym2-1	FILE0004	JGETCORE	23	identical-default	ibm/JGE/JGETCORE.asm	unique	tape
MVSSRC.SYM201.F04	sym2-1	FILE0004	JGETL	11	identical-default	ibm/JGE/JGETL.asm	unique	tape
MVSSRC.SYM201.F04	sym2-1	FILE0004	JHEAD	41	identical-default	ibm/JHE/JHEAD.asm	unique	tape
MVSSRC.SYM201.F04	sym2-1	FILE0004	JINCOM	12	identical-default	ibm/JIN/JINCOM.asm	unique	tape
MVSSRC.SYM201.F04	sym2-1	FILE0004	JINPUT	7	identical-default	ibm/JIN/JINPUT.asm	unique	tape
MVSSRC.SYM201.F04	sym2-1	FILE0004	JINST	25	identical-default	ibm/JIN/JINST.asm	unique	tape
MVSSRC.SYM201.F04	sym2-1	FILE0004	JMODID	8	identical-default	ibm/JMO/JMODID.asm	unique	tape
MVSSRC.SYM201.F04	sym2-1	FILE0004	JNOTE	11	identical-default	ibm/JNO/JNOTE.asm	unique	tape
MVSSRC.SYM201.F04	sym2-1	FILE0004	JNOTELB	7	identical-default	ibm/JNO/JNOTELB.asm	unique	tape
MVSSRC.SYM201.F04	sym2-1	FILE0004	JOUTCOM	20	identical-default	ibm/JOU/JOUTCOM.asm	unique	tape
MVSSRC.SYM201.F04	sym2-1	FILE0004	JPARM	197	identical-default	ibm/JPA/JPARM.asm	unique	tape
MVSSRC.SYM201.F04	sym2-1	FILE0004	JPATCH	37	identical-default	ibm/JPA/JPATCH.asm	unique	tape
MVSSRC.SYM201.F04	sym2-1	FILE0004	JPOINT	27	identical-default	ibm/JPO/JPOINT.asm	unique	tape
MVSSRC.SYM201.F04	sym2-1	FILE0004	JPOINTLB	11	identical-default	ibm/JPO/JPOINTLB.asm	unique	tape
MVSSRC.SYM201.F04	sym2-1	FILE0004	JPRINT	7	identical-default	ibm/JPR/JPRINT.asm	unique	tape
MVSSRC.SYM201.F04	sym2-1	FILE0004	JPUNCH	13	identical-default	ibm/JPU/JPUNCH.asm	unique	tape
MVSSRC.SYM201.F04	sym2-1	FILE0004	JPUTL	13	identical-default	ibm/JPU/JPUTL.asm	unique	tape
MVSSRC.SYM201.F04	sym2-1	FILE0004	JPUTM	12	identical-default	ibm/JPU/JPUTM.asm	unique	tape
MVSSRC.SYM201.F04	sym2-1	FILE0004	JREAD	13	identical-default	ibm/JRE/JREAD.asm	unique	tape
MVSSRC.SYM201.F04	sym2-1	FILE0004	JRELSE	12	identical-default	ibm/JRE/JRELSE.asm	unique	tape
MVSSRC.SYM201.F04	sym2-1	FILE0004	JRETURN	14	identical-default	ibm/JRE/JRETURN.asm	unique	tape
MVSSRC.SYM201.F04	sym2-1	FILE0004	JSAVE	18	identical-default	ibm/JSA/JSAVE.asm	unique	tape
MVSSRC.SYM201.F04	sym2-1	FILE0004	JTEXT	182	identical-default	ibm/JTE/JTEXT.asm	unique	tape
MVSSRC.SYM201.F04	sym2-1	FILE0004	JTMTXT	70	identical-default	ibm/JTM/JTMTXT.asm	unique	tape
MVSSRC.SYM201.F04	sym2-1	FILE0004	JTPRINT	7	identical-default	ibm/JTP/JTPRINT.asm	unique	tape
MVSSRC.SYM201.F04	sym2-1	FILE0004	JTRUNC	13	identical-default	ibm/JTR/JTRUNC.asm	unique	tape
MVSSRC.SYM201.F04	sym2-1	FILE0004	JWRITE	13	identical-default	ibm/JWR/JWRITE.asm	unique	tape
MVSSRC.SYM201.F04	sym2-1	FILE0004	OP	154	identical-default	ibm/OP/OP.asm	unique	tape
MVSSRC.SYM201.F04	sym2-1	FILE0004	RSYMRCD	48	identical-default	ibm/RSY/RSYMRCD.asm	unique	tape
MVSSRC.SYM201.F04	sym2-1	FILE0004	RXLFMTS	44	identical-default	ibm/RXL/RXLFMTS.asm	unique	tape
MVSSRC.SYM201.F04	sym2-1	FILE0004	SET	59	identical-default	ibm/SET/SET.asm	unique	tape
MVSSRC.SYM201.F04	sym2-1	FILE0004	TBLGEN	44	identical-default	ibm/TBL/TBLGEN.asm	unique	tape
MVSSRC.SYM201.F04	sym2-1	FILE0004	X5COM	229	identical-default	ibm/X5C/X5COM.asm	unique	tape
MVSSRC.SYM201.F04	sym2-1	FILE0004	X5ERRL	10	identical-default	ibm/X5E/X5ERRL.asm	unique	tape
MVSSRC.SYM201.F04	sym2-1	FILE0004	XDCDS	734	identical-default	ibm/XDC/XDCDS.asm	unique	tape
MVSSRC.SYM201.F04	sym2-1	FILE0004	XDICT	607	identical-default	ibm/XDI/XDICT.asm	unique	tape
MVSSRC.SYM201.F04	sym2-1	FILE0004	XEVAL	735	identical-default	ibm/XEV/XEVAL.asm	unique	tape
MVSSRC.SYM201.F04	sym2-1	FILE0004	XFOUR	1164	identical-default	ibm/XFO/XFOUR.asm	unique	tape
MVSSRC.SYM201.F04	sym2-1	FILE0004	XSTBL	166	identical-default	ibm/XST/XSTBL.asm	unique	tape
MVSSRC.SYM201.F05	sym2-1	FILE0005	IFNX1A	5292	identical-default	ibm/IFN/IFNX1A.asm	unique	tape
MVSSRC.SYM201.F05	sym2-1	FILE0005	IFNX1J	1368	identical-default	ibm/IFN/IFNX1J.asm	unique	tape
MVSSRC.SYM201.F05	sym2-1	FILE0005	IFNX1K	3	identical-default	ibm/IFN/IFNX1K.asm	unique	tape
MVSSRC.SYM201.F05	sym2-1	FILE0005	IFNX1S	251	identical-default	ibm/IFN/IFNX1S.asm	unique	tape
MVSSRC.SYM201.F05	sym2-1	FILE0005	IFNX2A	1970	identical-default	ibm/IFN/IFNX2A.asm	unique	tape
MVSSRC.SYM201.F05	sym2-1	FILE0005	IFNX3A	2713	identical-default	ibm/IFN/IFNX3A.asm	unique	tape
MVSSRC.SYM201.F05	sym2-1	FILE0005	IFNX3B	333	identical-default	ibm/IFN/IFNX3B.asm	unique	tape
MVSSRC.SYM201.F05	sym2-1	FILE0005	IFNX3K	3	identical-default	ibm/IFN/IFNX3K.asm	unique	tape
MVSSRC.SYM201.F05	sym2-1	FILE0005	IFNX3N	1514	identical-default	ibm/IFN/IFNX3N.asm	unique	tape
MVSSRC.SYM201.F05	sym2-1	FILE0005	IFNX4D	3	identical-default	ibm/IFN/IFNX4D.asm	unique	tape
MVSSRC.SYM201.F05	sym2-1	FILE0005	IFNX4E	3	identical-default	ibm/IFN/IFNX4E.asm	unique	tape
MVSSRC.SYM201.F05	sym2-1	FILE0005	IFNX4M	3	identical-default	ibm/IFN/IFNX4M.asm	unique	tape
MVSSRC.SYM201.F05	sym2-1	FILE0005	IFNX4N	3	identical-default	ibm/IFN/IFNX4N.asm	unique	tape
MVSSRC.SYM201.F05	sym2-1	FILE0005	IFNX4S	3	identical-default	ibm/IFN/IFNX4S.asm	unique	tape
MVSSRC.SYM201.F05	sym2-1	FILE0005	IFNX4T	3	identical-default	ibm/IFN/IFNX4T.asm	unique	tape
MVSSRC.SYM201.F05	sym2-1	FILE0005	IFNX4V	3	identical-default	ibm/IFN/IFNX4V.asm	unique	tape
MVSSRC.SYM201.F05	sym2-1	FILE0005	IFNX5A	1511	identical-default	ibm/IFN/IFNX5A.asm	unique	tape
MVSSRC.SYM201.F05	sym2-1	FILE0005	IFNX5C	384	identical-default	ibm/IFN/IFNX5C.asm	unique	tape
MVSSRC.SYM201.F05	sym2-1	FILE0005	IFNX5D	1364	identical-default	ibm/IFN/IFNX5D.asm	unique	tape
MVSSRC.SYM201.F05	sym2-1	FILE0005	IFNX5F	637	identical-default	ibm/IFN/IFNX5F.asm	unique	tape
MVSSRC.SYM201.F05	sym2-1	FILE0005	IFNX5L	155	identical-default	ibm/IFN/IFNX5L.asm	unique	tape
MVSSRC.SYM201.F05	sym2-1	FILE0005	IFNX5M	1638	identical-default	ibm/IFN/IFNX5M.asm	unique	tape
MVSSRC.SYM201.F05	sym2-1	FILE0005	IFNX5P	737	identical-default	ibm/IFN/IFNX5P.asm	unique	tape
MVSSRC.SYM201.F05	sym2-1	FILE0005	IFNX5V	3	identical-default	ibm/IFN/IFNX5V.asm	unique	tape
MVSSRC.SYM201.F05	sym2-1	FILE0005	IFNX6A	1563	identical-default	ibm/IFN/IFNX6A.asm	unique	tape
MVSSRC.SYM201.F05	sym2-1	FILE0005	IFNX6B	1212	identical-default	ibm/IFN/IFNX6B.asm	unique	tape
MVSSRC.SYM201.F05	sym2-1	FILE0005	IFNX6C	42	identical-default	ibm/IFN/IFNX6C.asm	unique	tape
MVSSRC.SYM201.F05	sym2-1	FILE0005	IFOX0A	440	identical-default	ibm/IFO/IFOX0A.asm	unique	tape
MVSSRC.SYM201.F05	sym2-1	FILE0005	IFOX0B	341	identical-default	ibm/IFO/IFOX0B.asm	unique	tape
MVSSRC.SYM201.F05	sym2-1	FILE0005	IFOX0C	176	identical-default	ibm/IFO/IFOX0C.asm	unique	tape
MVSSRC.SYM201.F05	sym2-1	FILE0005	IFOX0D	710	identical-default	ibm/IFO/IFOX0D.asm	unique	tape
MVSSRC.SYM201.F05	sym2-1	FILE0005	IFOX0E	89	identical-default	ibm/IFO/IFOX0E.asm	unique	tape
MVSSRC.SYM201.F05	sym2-1	FILE0005	IFOX0F	305	identical-default	ibm/IFO/IFOX0F.asm	unique	tape
MVSSRC.SYM201.F05	sym2-1	FILE0005	IFOX0G	102	identical-default	ibm/IFO/IFOX0G.asm	unique	tape
MVSSRC.SYM201.F05	sym2-1	FILE0005	IFOX0H	352	identical-default	ibm/IFO/IFOX0H.asm	unique	tape
MVSSRC.SYM201.F05	sym2-1	FILE0005	IFOX0I	356	identical-default	ibm/IFO/IFOX0I.asm	unique	tape
MVSSRC.SYM201.F05	sym2-1	FILE0005	IFOX0J	54	identical-default	ibm/IFO/IFOX0J.asm	unique	tape
MVSSRC.SYM201.F06	sym2-1	FILE0006	EWTMAP	121	identical-default	ibm/EWT/EWTMAP.asm	unique	tape
MVSSRC.SYM201.F06	sym2-1	FILE0006	EWUMAP	213	identical-default	ibm/EWU/EWUMAP.asm	unique	tape
MVSSRC.SYM201.F06	sym2-1	FILE0006	IEHDBLKS	249	identical-default	ibm/IEH/IEHDBLKS.asm	unique	tape
MVSSRC.SYM201.F06	sym2-1	FILE0006	IEHDWORK	159	identical-default	ibm/IEH/IEHDWORK.asm	unique	tape
MVSSRC.SYM201.F06	sym2-1	FILE0006	VOLSTAT	33	identical-default	ibm/VOL/VOLSTAT.asm	unique	tape
MVSSRC.SYM201.F07	sym2-1	FILE0007	IECVDERP	5440	identical-default	ibm/IEC/IECVDERP.asm	unique	tape
MVSSRC.SYM201.F08	sym2-1	FILE0008	IGE0000D	2199	identical-default	ibm/IGE/IGE0000D.asm	unique	tape
MVSSRC.SYM201.F08	sym2-1	FILE0008	IGE0000E	444	identical-default	ibm/IGE/IGE0000E.asm	unique	tape
MVSSRC.SYM201.F08	sym2-1	FILE0008	IGE0000G	5433	identical-default	ibm/IGE/IGE0000G.asm	unique	tape
MVSSRC.SYM201.F08	sym2-1	FILE0008	IGE0001A	1533	identical-default	ibm/IGE/IGE0001A.asm	unique	tape
MVSSRC.SYM201.F08	sym2-1	FILE0008	IGE0001C	2146	identical-default	ibm/IGE/IGE0001C.asm	unique	tape
MVSSRC.SYM201.F08	sym2-1	FILE0008	IGE0002A	3528	identical-default	ibm/IGE/IGE0002A.asm	unique	tape
MVSSRC.SYM201.F09	sym2-1	FILE0009	IECTATTN	64	identical-default	ibm/IEC/IECTATTN.asm	unique	tape
MVSSRC.SYM201.F09	sym2-1	FILE0009	IGC0009A	1077	identical-default	ibm/IGC/IGC0009A.asm	unique	tape
MVSSRC.SYM201.F09	sym2-1	FILE0009	IGE0000H	1116	identical-default	ibm/IGE/IGE0000H.asm	unique	tape
MVSSRC.SYM201.F09	sym2-1	FILE0009	IGE0000I	2055	identical-default	ibm/IGE/IGE0000I.asm	unique	tape
MVSSRC.SYM201.F09	sym2-1	FILE0009	IGE0100I	1363	identical-default	ibm/IGE/IGE0100I.asm	unique	tape
MVSSRC.SYM201.F10	sym2-1	FILE0010	IBCDMPRS	5509	identical-default	ibm/IBC/IBCDMPRS.asm	unique	tape
MVSSRC.SYM201.F11	sym2-1	FILE0011	IBCDASDI	5955	identical-default	ibm/IBC/IBCDASDI.asm	unique	tape
MVSSRC.SYM201.F12	sym2-1	FILE0012	GENERATE	2791	identical-default	ibm/GEN/GENERATE.asm	unique	tape
MVSSRC.SYM201.F13	sym2-1	FILE0013	IEHATLAS	1397	identical-default	ibm/IEH/IEHATLAS.asm	unique	tape
MVSSRC.SYM201.F13	sym2-1	FILE0013	IEHMESS	95	identical-default	ibm/IEH/IEHMESS.asm	unique	tape
MVSSRC.SYM201.F13	sym2-1	FILE0013	IGC0008F	741	identical-default	ibm/IGC/IGC0008F.asm	unique	tape
MVSSRC.SYM201.F13	sym2-1	FILE0013	IGG0860A	517	identical-default	ibm/IGG/IGG0860A.asm	unique	tape
MVSSRC.SYM201.F13	sym2-1	FILE0013	IGG0860B	579	identical-default	ibm/IGG/IGG0860B.asm	unique	tape
MVSSRC.SYM201.F13	sym2-1	FILE0013	IGG0860C	581	identical-default	ibm/IGG/IGG0860C.asm	unique	tape
MVSSRC.SYM201.F13	sym2-1	FILE0013	IGG0860D	628	identical-default	ibm/IGG/IGG0860D.asm	unique	tape
MVSSRC.SYM201.F13	sym2-1	FILE0013	IGG086AE	707	identical-default	ibm/IGG/IGG086AE.asm	unique	tape
MVSSRC.SYM201.F14	sym2-1	FILE0014	ICKAA01	1371	identical-default	ibm/ICK/ICKAA01.asm	unique	tape
MVSSRC.SYM201.F14	sym2-1	FILE0014	ICKBM01	712	identical-default	ibm/ICK/ICKBM01.asm	unique	tape
MVSSRC.SYM201.F14	sym2-1	FILE0014	ICKCDIN	97	identical-default	ibm/ICK/ICKCDIN.asm	unique	tape
MVSSRC.SYM201.F14	sym2-1	FILE0014	ICKCDIT	90	identical-default	ibm/ICK/ICKCDIT.asm	unique	tape
MVSSRC.SYM201.F14	sym2-1	FILE0014	ICKCDRF	86	identical-default	ibm/ICK/ICKCDRF.asm	unique	tape
MVSSRC.SYM201.F14	sym2-1	FILE0014	ICKCL01	507	identical-default	ibm/ICK/ICKCL01.asm	unique	tape
MVSSRC.SYM201.F14	sym2-1	FILE0014	ICKCV01	610	identical-default	ibm/ICK/ICKCV01.asm	unique	tape
MVSSRC.SYM201.F14	sym2-1	FILE0014	ICKDV01	12401	identical-default	ibm/ICK/ICKDV01.asm	unique	tape
MVSSRC.SYM201.F14	sym2-1	FILE0014	ICKDV02	6179	identical-default	ibm/ICK/ICKDV02.asm	unique	tape
MVSSRC.SYM201.F14	sym2-1	FILE0014	ICKDV03	18301	identical-default	ibm/ICK/ICKDV03.asm	unique	tape
MVSSRC.SYM201.F14	sym2-1	FILE0014	ICKDV04	8673	identical-default	ibm/ICK/ICKDV04.asm	unique	tape
MVSSRC.SYM201.F14	sym2-1	FILE0014	ICKEX01	838	identical-default	ibm/ICK/ICKEX01.asm	unique	tape
MVSSRC.SYM201.F14	sym2-1	FILE0014	ICKEX02	640	identical-default	ibm/ICK/ICKEX02.asm	unique	tape
MVSSRC.SYM201.F14	sym2-1	FILE0014	ICKEX03	632	identical-default	ibm/ICK/ICKEX03.asm	unique	tape
MVSSRC.SYM201.F14	sym2-1	FILE0014	ICKIN01	8061	identical-default	ibm/ICK/ICKIN01.asm	unique	tape
MVSSRC.SYM201.F14	sym2-1	FILE0014	ICKIO01	3883	identical-default	ibm/ICK/ICKIO01.asm	unique	tape
MVSSRC.SYM201.F14	sym2-1	FILE0014	ICKIO02	5824	identical-default	ibm/ICK/ICKIO02.asm	unique	tape
MVSSRC.SYM201.F14	sym2-1	FILE0014	ICKIT01	8115	identical-default	ibm/ICK/ICKIT01.asm	unique	tape
MVSSRC.SYM201.F14	sym2-1	FILE0014	ICKPP01	1338	identical-default	ibm/ICK/ICKPP01.asm	unique	tape
MVSSRC.SYM201.F14	sym2-1	FILE0014	ICKRA01	1432	identical-default	ibm/ICK/ICKRA01.asm	unique	tape
MVSSRC.SYM201.F15	sym2-1	FILE0015	ICKRD01	826	identical-default	ibm/ICK/ICKRD01.asm	unique	tape
MVSSRC.SYM201.F15	sym2-1	FILE0015	ICKRF01	1589	identical-default	ibm/ICK/ICKRF01.asm	unique	tape
MVSSRC.SYM201.F15	sym2-1	FILE0015	ICKRI01	13404	identical-default	ibm/ICK/ICKRI01.asm	unique	tape
MVSSRC.SYM201.F15	sym2-1	FILE0015	ICKRI02	1167	identical-default	ibm/ICK/ICKRI02.asm	unique	tape
MVSSRC.SYM201.F15	sym2-1	FILE0015	ICKRI03	868	identical-default	ibm/ICK/ICKRI03.asm	unique	tape
MVSSRC.SYM201.F15	sym2-1	FILE0015	ICKRIKT	68	identical-default	ibm/ICK/ICKRIKT.asm	unique	tape
MVSSRC.SYM201.F15	sym2-1	FILE0015	ICKRILT	67	identical-default	ibm/ICK/ICKRILT.asm	unique	tape
MVSSRC.SYM201.F15	sym2-1	FILE0015	ICKRL01	638	identical-default	ibm/ICK/ICKRL01.asm	unique	tape
MVSSRC.SYM201.F15	sym2-1	FILE0015	ICKRP01	995	identical-default	ibm/ICK/ICKRP01.asm	unique	tape
MVSSRC.SYM201.F15	sym2-1	FILE0015	ICKRT01	633	identical-default	ibm/ICK/ICKRT01.asm	unique	tape
MVSSRC.SYM201.F15	sym2-1	FILE0015	ICKSA01	1770	identical-default	ibm/ICK/ICKSA01.asm	unique	tape
MVSSRC.SYM201.F15	sym2-1	FILE0015	ICKSA02	3408	identical-default	ibm/ICK/ICKSA02.asm	unique	tape
MVSSRC.SYM201.F15	sym2-1	FILE0015	ICKSA03	1480	identical-default	ibm/ICK/ICKSA03.asm	unique	tape
MVSSRC.SYM201.F15	sym2-1	FILE0015	ICKSA05	794	identical-default	ibm/ICK/ICKSA05.asm	unique	tape
MVSSRC.SYM201.F15	sym2-1	FILE0015	ICKSA08	4127	identical-default	ibm/ICK/ICKSA08.asm	unique	tape
MVSSRC.SYM201.F15	sym2-1	FILE0015	ICKSA10	3141	identical-default	ibm/ICK/ICKSA10.asm	unique	tape
MVSSRC.SYM201.F15	sym2-1	FILE0015	ICKTA01	808	identical-default	ibm/ICK/ICKTA01.asm	unique	tape
MVSSRC.SYM201.F15	sym2-1	FILE0015	ICKTP01	5947	identical-default	ibm/ICK/ICKTP01.asm	unique	tape
MVSSRC.SYM201.F15	sym2-1	FILE0015	ICKTP04	3001	identical-default	ibm/ICK/ICKTP04.asm	unique	tape
MVSSRC.SYM201.F15	sym2-1	FILE0015	ICKTP05	951	identical-default	ibm/ICK/ICKTP05.asm	unique	tape
MVSSRC.SYM201.F15	sym2-1	FILE0015	ICKTSCC0	2006	identical-default	ibm/ICK/ICKTSCC0.asm	unique	tape
MVSSRC.SYM201.F15	sym2-1	FILE0015	ICKTSDV0	230	identical-default	ibm/ICK/ICKTSDV0.asm	unique	tape
MVSSRC.SYM201.F15	sym2-1	FILE0015	ICKTSEF0	1115	identical-default	ibm/ICK/ICKTSEF0.asm	unique	tape
MVSSRC.SYM201.F15	sym2-1	FILE0015	ICKTSEX0	381	identical-default	ibm/ICK/ICKTSEX0.asm	unique	tape
MVSSRC.SYM201.F15	sym2-1	FILE0015	ICKTSIO0	430	identical-default	ibm/ICK/ICKTSIO0.asm	unique	tape
MVSSRC.SYM201.F15	sym2-1	FILE0015	ICKTSRI0	1128	identical-default	ibm/ICK/ICKTSRI0.asm	unique	tape
MVSSRC.SYM201.F15	sym2-1	FILE0015	ICKTSSA0	342	identical-default	ibm/ICK/ICKTSSA0.asm	unique	tape
MVSSRC.SYM201.F15	sym2-1	FILE0015	ICKTSTP0	171	identical-default	ibm/ICK/ICKTSTP0.asm	unique	tape
MVSSRC.SYM201.F15	sym2-1	FILE0015	ICKTSTP1	175	identical-default	ibm/ICK/ICKTSTP1.asm	unique	tape
MVSSRC.SYM201.F15	sym2-1	FILE0015	ICKTSUV0	290	identical-default	ibm/ICK/ICKTSUV0.asm	unique	tape
MVSSRC.SYM201.F15	sym2-1	FILE0015	ICKVA01	601	identical-default	ibm/ICK/ICKVA01.asm	unique	tape
MVSSRC.SYM201.F15	sym2-1	FILE0015	ICKVD01	590	identical-default	ibm/ICK/ICKVD01.asm	unique	tape
MVSSRC.SYM201.F15	sym2-1	FILE0015	ICKVLBL	405	identical-default	ibm/ICK/ICKVLBL.asm	unique	tape
MVSSRC.SYM201.F15	sym2-1	FILE0015	ICKVP01	1050	identical-default	ibm/ICK/ICKVP01.asm	unique	tape
MVSSRC.SYM201.F15	sym2-1	FILE0015	ICKVV01	584	identical-default	ibm/ICK/ICKVV01.asm	unique	tape
MVSSRC.SYM201.F15	sym2-1	FILE0015	ICKWI01	1608	identical-default	ibm/ICK/ICKWI01.asm	unique	tape
MVSSRC.SYM201.F15	sym2-1	FILE0015	ICKWL01	814	identical-default	ibm/ICK/ICKWL01.asm	unique	tape
MVSSRC.SYM201.F15	sym2-1	FILE0015	ICKWV01	1463	identical-default	ibm/ICK/ICKWV01.asm	unique	tape
MVSSRC.SYM201.F15	sym2-1	FILE0015	IGG019P2	1765	identical-default	ibm/IGG/IGG019P2.asm	unique	tape
MVSSRC.SYM201.F16	sym2-1	FILE0016	IEHDANAL	2077	identical-default	ibm/IEH/IEHDANAL.asm	unique	tape
MVSSRC.SYM201.F16	sym2-1	FILE0016	IEHDAOUT	381	identical-default	ibm/IEH/IEHDAOUT.asm	unique	tape
MVSSRC.SYM201.F16	sym2-1	FILE0016	IEHDASDR	355	identical-default	ibm/IEH/IEHDASDR.asm	unique	tape
MVSSRC.SYM201.F16	sym2-1	FILE0016	IEHDASDS	1458	identical-default	ibm/IEH/IEHDASDS.asm	unique	tape
MVSSRC.SYM201.F16	sym2-1	FILE0016	IEHDCONS	472	identical-default	ibm/IEH/IEHDCONS.asm	unique	tape
MVSSRC.SYM201.F16	sym2-1	FILE0016	IEHDDATE	150	identical-default	ibm/IEH/IEHDDATE.asm	unique	tape
MVSSRC.SYM201.F16	sym2-1	FILE0016	IEHDDOIO	1235	identical-default	ibm/IEH/IEHDDOIO.asm	unique	tape
MVSSRC.SYM201.F16	sym2-1	FILE0016	IEHDDUMP	1330	identical-default	ibm/IEH/IEHDDUMP.asm	unique	tape
MVSSRC.SYM201.F16	sym2-1	FILE0016	IEHDEXCP	874	identical-default	ibm/IEH/IEHDEXCP.asm	unique	tape
MVSSRC.SYM201.F16	sym2-1	FILE0016	IEHDGETA	535	identical-default	ibm/IEH/IEHDGETA.asm	unique	tape
MVSSRC.SYM201.F16	sym2-1	FILE0016	IEHDINIT	726	identical-default	ibm/IEH/IEHDINIT.asm	unique	tape
MVSSRC.SYM201.F16	sym2-1	FILE0016	IEHDIPLI	740	identical-default	ibm/IEH/IEHDIPLI.asm	unique	tape
MVSSRC.SYM201.F16	sym2-1	FILE0016	IEHDLABL	452	identical-default	ibm/IEH/IEHDLABL.asm	unique	tape
MVSSRC.SYM201.F16	sym2-1	FILE0016	IEHDMSGB	93	identical-default	ibm/IEH/IEHDMSGB.asm	unique	tape
MVSSRC.SYM201.F16	sym2-1	FILE0016	IEHDMSGS	494	identical-default	ibm/IEH/IEHDMSGS.asm	unique	tape
MVSSRC.SYM201.F16	sym2-1	FILE0016	IEHDPASS	1122	identical-default	ibm/IEH/IEHDPASS.asm	unique	tape
MVSSRC.SYM201.F16	sym2-1	FILE0016	IEHDPRNT	156	identical-default	ibm/IEH/IEHDPRNT.asm	unique	tape
MVSSRC.SYM201.F16	sym2-1	FILE0016	IEHDRCVR	835	identical-default	ibm/IEH/IEHDRCVR.asm	unique	tape
MVSSRC.SYM201.F16	sym2-1	FILE0016	IEHDREST	1132	identical-default	ibm/IEH/IEHDREST.asm	unique	tape
MVSSRC.SYM201.F16	sym2-1	FILE0016	IEHDRVID	393	identical-default	ibm/IEH/IEHDRVID.asm	unique	tape
MVSSRC.SYM201.F16	sym2-1	FILE0016	IEHDSCAN	979	identical-default	ibm/IEH/IEHDSCAN.asm	unique	tape
MVSSRC.SYM201.F16	sym2-1	FILE0016	IEHDVTOC	1201	identical-default	ibm/IEH/IEHDVTOC.asm	unique	tape
MVSSRC.SYM201.F16	sym2-1	FILE0016	IGC0008B	1003	identical-default	ibm/IGC/IGC0008B.asm	unique	tape
MVSSRC.SYM201.F16	sym2-1	FILE0016	IGC0108B	963	identical-default	ibm/IGC/IGC0108B.asm	unique	tape
MVSSRC.SYM201.F16	sym2-1	FILE0016	IGC0208B	481	identical-default	ibm/IGC/IGC0208B.asm	unique	tape
MVSSRC.SYM201.F16	sym2-1	FILE0016	IGC0308B	425	identical-default	ibm/IGC/IGC0308B.asm	unique	tape
MVSSRC.SYM201.F16	sym2-1	FILE0016	IGG019P7	181	identical-default	ibm/IGG/IGG019P7.asm	unique	tape
MVSSRC.SYM201.F16	sym2-1	FILE0016	IGG019P8	228	identical-default	ibm/IGG/IGG019P8.asm	unique	tape
MVSSRC.SYM201.F16	sym2-1	FILE0016	IGG019P9	244	identical-default	ibm/IGG/IGG019P9.asm	unique	tape
MVSSRC.SYM201.F17	sym2-1	FILE0017	IAPABNAP	1895	identical-default	ibm/IAP/IAPABNAP.asm	unique	tape
MVSSRC.SYM201.F17	sym2-1	FILE0017	IAPBLDIO	2407	identical-default	ibm/IAP/IAPBLDIO.asm	unique	tape
MVSSRC.SYM201.F17	sym2-1	FILE0017	IAPCHKIO	2480	identical-default	ibm/IAP/IAPCHKIO.asm	unique	tape
MVSSRC.SYM201.F17	sym2-1	FILE0017	IAPCNTRL	8045	identical-default	ibm/IAP/IAPCNTRL.asm	unique	tape
MVSSRC.SYM201.F17	sym2-1	FILE0017	IAPPFXAP	499	identical-default	ibm/IAP/IAPPFXAP.asm	unique	tape
MVSSRC.SYM201.F17	sym2-1	FILE0017	IAPTIMER	309	identical-default	ibm/IAP/IAPTIMER.asm	unique	tape
MVSSRC.SYM201.F18	sym2-1	FILE0018	HEWAPT	595	identical-default	ibm/HEW/HEWAPT.asm	unique	tape
MVSSRC.SYM201.F18	sym2-1	FILE0018	HEWLDCOM	248	identical-default	ibm/HEW/HEWLDCOM.asm	unique	tape
MVSSRC.SYM201.F18	sym2-1	FILE0018	IEWFTNIP	703	identical-default	ibm/IEW/IEWFTNIP.asm	unique	tape
MVSSRC.SYM201.F19	sym2-1	FILE0019	IEWSUOVR	244	identical-default	ibm/IEW/IEWSUOVR.asm	unique	tape
MVSSRC.SYM201.F19	sym2-1	FILE0019	IEWSWOVR	947	identical-default	ibm/IEW/IEWSWOVR.asm	unique	tape
MVSSRC.SYM201.F20	sym2-1	FILE0020	IEWFETCH	3968	identical-default	ibm/IEW/IEWFETCH.asm	unique	tape
MVSSRC.SYM201.F20	sym2-1	FILE0020	IEWFTMIN	699	identical-default	ibm/IEW/IEWFTMIN.asm	unique	tape
MVSSRC.SYM201.F21	sym2-1	FILE0021	HEWLFADA	941	identical-default	ibm/HEW/HEWLFADA.asm	unique	tape
MVSSRC.SYM201.F21	sym2-1	FILE0021	HEWLFAPT	30	identical-default	ibm/HEW/HEWLFAPT.asm	unique	tape
MVSSRC.SYM201.F21	sym2-1	FILE0021	HEWLFBTP	1441	identical-default	ibm/HEW/HEWLFBTP.asm	unique	tape
MVSSRC.SYM201.F21	sym2-1	FILE0021	HEWLFEND	261	identical-default	ibm/HEW/HEWLFEND.asm	unique	tape
MVSSRC.SYM201.F21	sym2-1	FILE0021	HEWLFENS	443	identical-default	ibm/HEW/HEWLFENS.asm	unique	tape
MVSSRC.SYM201.F21	sym2-1	FILE0021	HEWLFENT	329	identical-default	ibm/HEW/HEWLFENT.asm	unique	tape
MVSSRC.SYM201.F21	sym2-1	FILE0021	HEWLFESD	813	identical-default	ibm/HEW/HEWLFESD.asm	unique	tape
MVSSRC.SYM201.F21	sym2-1	FILE0021	HEWLFFNL	853	identical-default	ibm/HEW/HEWLFFNL.asm	unique	tape
MVSSRC.SYM201.F21	sym2-1	FILE0021	HEWLFIDR	1596	identical-default	ibm/HEW/HEWLFIDR.asm	unique	tape
MVSSRC.SYM201.F21	sym2-1	FILE0021	HEWLFINC	772	identical-default	ibm/HEW/HEWLFINC.asm	unique	tape
MVSSRC.SYM201.F21	sym2-1	FILE0021	HEWLFINP	802	identical-default	ibm/HEW/HEWLFINP.asm	unique	tape
MVSSRC.SYM201.F21	sym2-1	FILE0021	HEWLFINT	1260	identical-default	ibm/HEW/HEWLFINT.asm	unique	tape
MVSSRC.SYM201.F21	sym2-1	FILE0021	HEWLFMAP	982	identical-default	ibm/HEW/HEWLFMAP.asm	unique	tape
MVSSRC.SYM201.F21	sym2-1	FILE0021	HEWLFOPT	945	identical-default	ibm/HEW/HEWLFOPT.asm	unique	tape
MVSSRC.SYM201.F21	sym2-1	FILE0021	HEWLFOUT	1508	identical-default	ibm/HEW/HEWLFOUT.asm	unique	tape
MVSSRC.SYM201.F21	sym2-1	FILE0021	HEWLFRAT	2732	identical-default	ibm/HEW/HEWLFRAT.asm	unique	tape
MVSSRC.SYM201.F21	sym2-1	FILE0021	HEWLFRCG	176	identical-default	ibm/HEW/HEWLFRCG.asm	unique	tape
MVSSRC.SYM201.F21	sym2-1	FILE0021	HEWLFREL	1295	identical-default	ibm/HEW/HEWLFREL.asm	unique	tape
MVSSRC.SYM201.F21	sym2-1	FILE0021	HEWLFROU	1355	identical-default	ibm/HEW/HEWLFROU.asm	unique	tape
MVSSRC.SYM201.F21	sym2-1	FILE0021	HEWLFSCD	1677	identical-default	ibm/HEW/HEWLFSCD.asm	unique	tape
MVSSRC.SYM201.F21	sym2-1	FILE0021	HEWLFSCN	1573	identical-default	ibm/HEW/HEWLFSCN.asm	unique	tape
MVSSRC.SYM201.F21	sym2-1	FILE0021	HEWLFSYM	181	identical-default	ibm/HEW/HEWLFSYM.asm	unique	tape
MVSSRC.SYM201.F22	sym2-1	FILE0022	HEWLDIDY	251	identical-default	ibm/HEW/HEWLDIDY.asm	unique	tape
MVSSRC.SYM201.F22	sym2-1	FILE0022	HEWLDIOC	2247	identical-default	ibm/HEW/HEWLDIOC.asm	unique	tape
MVSSRC.SYM201.F22	sym2-1	FILE0022	HEWLDLIB	1511	identical-default	ibm/HEW/HEWLDLIB.asm	unique	tape
MVSSRC.SYM201.F22	sym2-1	FILE0022	HEWLDREL	1672	identical-default	ibm/HEW/HEWLDREL.asm	unique	tape
MVSSRC.SYM201.F22	sym2-1	FILE0022	HEWLDRGO	277	identical-default	ibm/HEW/HEWLDRGO.asm	unique	tape
MVSSRC.SYM201.F23	sym2-1	FILE0023	HMBLKCTL	3631	identical-default	ibm/HMB/HMBLKCTL.asm	unique	tape
MVSSRC.SYM201.F23	sym2-1	FILE0023	HMBLKERR	285	identical-default	ibm/HMB/HMBLKERR.asm	unique	tape
MVSSRC.SYM201.F23	sym2-1	FILE0023	HMBLKIDR	3122	identical-default	ibm/HMB/HMBLKIDR.asm	unique	tape
MVSSRC.SYM201.F23	sym2-1	FILE0023	HMBLKLDM	1886	identical-default	ibm/HMB/HMBLKLDM.asm	unique	tape
MVSSRC.SYM201.F23	sym2-1	FILE0023	HMBLKLPA	598	identical-default	ibm/HMB/HMBLKLPA.asm	unique	tape
MVSSRC.SYM201.F23	sym2-1	FILE0023	HMBLKMSG	132	identical-default	ibm/HMB/HMBLKMSG.asm	unique	tape
MVSSRC.SYM201.F23	sym2-1	FILE0023	HMBLKOBJ	1560	identical-default	ibm/HMB/HMBLKOBJ.asm	unique	tape
MVSSRC.SYM201.F23	sym2-1	FILE0023	HMBLKSZE	78	identical-default	ibm/HMB/HMBLKSZE.asm	unique	tape
MVSSRC.SYM201.F23	sym2-1	FILE0023	HMBLKXRF	4995	identical-default	ibm/HMB/HMBLKXRF.asm	unique	tape
MVSSRC.SYM201.F24	sym2-1	FILE0024	IKJEHCOM	108	identical-default	ibm/IKJ/IKJEHCOM.asm	unique	tape
MVSSRC.SYM201.F24	sym2-1	FILE0024	PSEUDO	141	identical-default	ibm/PSE/PSEUDO.asm	unique	tape
MVSSRC.SYM201.F24	sym2-1	FILE0024	STABUILD	425	identical-default	ibm/STA/STABUILD.asm	unique	tape
MVSSRC.SYM201.F24	sym2-1	FILE0024	STAEPARM	243	identical-default	ibm/STA/STAEPARM.asm	unique	tape
MVSSRC.SYM201.F24	sym2-1	FILE0024	STAES	166	identical-default	ibm/STA/STAES.asm	unique	tape
MVSSRC.SYM201.F24	sym2-1	FILE0024	YREGS	23	identical-default	ibm/YRE/YREGS.asm	unique	tape
MVSSRC.SYM201.F25	sym2-1	FILE0025	IGE0011E	319	identical-default	ibm/IGE/IGE0011E.asm	unique	tape
MVSSRC.SYM201.F25	sym2-1	FILE0025	IGG0197C	453	identical-default	ibm/IGG/IGG0197C.asm	unique	tape
MVSSRC.SYM201.F25	sym2-1	FILE0025	IGG0197D	459	identical-default	ibm/IGG/IGG0197D.asm	unique	tape
MVSSRC.SYM201.F25	sym2-1	FILE0025	IGG019V1	227	identical-default	ibm/IGG/IGG019V1.asm	unique	tape
MVSSRC.SYM201.F25	sym2-1	FILE0025	IGG019V2	348	identical-default	ibm/IGG/IGG019V2.asm	unique	tape
MVSSRC.SYM201.F25	sym2-1	FILE0025	IGG019V3	326	identical-default	ibm/IGG/IGG019V3.asm	unique	tape
MVSSRC.SYM201.F25	sym2-1	FILE0025	IGG019V4	320	identical-default	ibm/IGG/IGG019V4.asm	unique	tape
MVSSRC.SYM201.F25	sym2-1	FILE0025	IGG019V5	1829	identical-default	ibm/IGG/IGG019V5.asm	unique	tape
MVSSRC.SYM201.F25	sym2-1	FILE0025	IGG0201D	474	identical-default	ibm/IGG/IGG0201D.asm	unique	tape
MVSSRC.SYM201.F26	sym2-1	FILE0026	IKJEHAL1	2133	identical-default	ibm/IKJ/IKJEHAL1.asm	unique	tape
MVSSRC.SYM201.F26	sym2-1	FILE0026	IKJEHCIR	2108	identical-default	ibm/IKJ/IKJEHCIR.asm	unique	tape
MVSSRC.SYM201.F26	sym2-1	FILE0026	IKJEHDEF	1114	identical-default	ibm/IKJ/IKJEHDEF.asm	unique	tape
MVSSRC.SYM201.F26	sym2-1	FILE0026	IKJEHDS1	3730	identical-default	ibm/IKJ/IKJEHDS1.asm	unique	tape
MVSSRC.SYM201.F26	sym2-1	FILE0026	IKJEHMEM	590	identical-default	ibm/IKJ/IKJEHMEM.asm	unique	tape
MVSSRC.SYM201.F26	sym2-1	FILE0026	IKJEHPRO	1333	identical-default	ibm/IKJ/IKJEHPRO.asm	unique	tape
MVSSRC.SYM201.F26	sym2-1	FILE0026	IKJEHREN	2476	identical-default	ibm/IKJ/IKJEHREN.asm	unique	tape
MVSSRC.SYM201.F26	sym2-1	FILE0026	IKJEHSIR	878	identical-default	ibm/IKJ/IKJEHSIR.asm	unique	tape
MVSSRC.SYM201.F27	sym2-1	FILE0027	AKJLKL01	3943	identical-default	ibm/AKJ/AKJLKL01.asm	unique	tape
MVSSRC.SYM201.F27	sym2-1	FILE0027	AKJLKL02	390	identical-default	ibm/AKJ/AKJLKL02.asm	unique	tape
MVSSRC.SYM201.F27	sym2-1	FILE0027	AKJLKMSG	1404	identical-default	ibm/AKJ/AKJLKMSG.asm	unique	tape
MVSSRC.SYM201.F27	sym2-1	FILE0027	LINK	35	identical-default	ibm/LIN/LINK.asm	duplicate-same	tape
MVSSRC.SYM201.F27	sym2-1	FILE0027	LOADGO	37	identical-default	ibm/LOA/LOADGO.asm	unique	tape
MVSSRC.SYM201.F28	sym2-1	FILE0028	DSCAN	62	identical-default	ibm/DSC/DSCAN.asm	unique	tape
MVSSRC.SYM201.F29	sym2-1	FILE0029	HMASMAAR	3041	identical-default	ibm/HMA/HMASMAAR.asm	unique	tape
MVSSRC.SYM201.F29	sym2-1	FILE0029	HMASMALC	3663	identical-default	ibm/HMA/HMASMALC.asm	unique	tape
MVSSRC.SYM201.F29	sym2-1	FILE0029	HMASMAR1	3179	identical-default	ibm/HMA/HMASMAR1.asm	unique	tape
MVSSRC.SYM201.F29	sym2-1	FILE0029	HMASMAR2	3257	identical-default	ibm/HMA/HMASMAR2.asm	unique	tape
MVSSRC.SYM201.F29	sym2-1	FILE0029	HMASMAR3	3831	identical-default	ibm/HMA/HMASMAR3.asm	unique	tape
MVSSRC.SYM201.F29	sym2-1	FILE0029	HMASMAR4	2588	identical-default	ibm/HMA/HMASMAR4.asm	unique	tape
MVSSRC.SYM201.F29	sym2-1	FILE0029	HMASMARL	571	identical-default	ibm/HMA/HMASMARL.asm	unique	tape
MVSSRC.SYM201.F29	sym2-1	FILE0029	HMASMASI	1904	identical-default	ibm/HMA/HMASMASI.asm	unique	tape
MVSSRC.SYM201.F29	sym2-1	FILE0029	HMASMASM	2137	identical-default	ibm/HMA/HMASMASM.asm	unique	tape
MVSSRC.SYM201.F29	sym2-1	FILE0029	HMASMBDL	1132	identical-default	ibm/HMA/HMASMBDL.asm	unique	tape
MVSSRC.SYM201.F29	sym2-1	FILE0029	HMASMBUE	2044	identical-default	ibm/HMA/HMASMBUE.asm	unique	tape
MVSSRC.SYM201.F29	sym2-1	FILE0029	HMASMBUR	3288	identical-default	ibm/HMA/HMASMBUR.asm	unique	tape
MVSSRC.SYM201.F29	sym2-1	FILE0029	HMASMCIL	2436	identical-default	ibm/HMA/HMASMCIL.asm	unique	tape
MVSSRC.SYM201.F29	sym2-1	FILE0029	HMASMCMP	1653	identical-default	ibm/HMA/HMASMCMP.asm	unique	tape
MVSSRC.SYM201.F29	sym2-1	FILE0029	HMASMCOM	3293	identical-default	ibm/HMA/HMASMCOM.asm	unique	tape
MVSSRC.SYM201.F29	sym2-1	FILE0029	HMASMCP2	1822	identical-default	ibm/HMA/HMASMCP2.asm	unique	tape
MVSSRC.SYM201.F29	sym2-1	FILE0029	HMASMCPI	3319	identical-default	ibm/HMA/HMASMCPI.asm	unique	tape
MVSSRC.SYM201.F29	sym2-1	FILE0029	HMASMCPL	5839	identical-default	ibm/HMA/HMASMCPL.asm	unique	tape
MVSSRC.SYM201.F29	sym2-1	FILE0029	HMASMCPY	2426	identical-default	ibm/HMA/HMASMCPY.asm	unique	tape
MVSSRC.SYM201.F29	sym2-1	FILE0029	HMASMCRD	1807	identical-default	ibm/HMA/HMASMCRD.asm	unique	tape
MVSSRC.SYM201.F29	sym2-1	FILE0029	HMASMCRW	1608	identical-default	ibm/HMA/HMASMCRW.asm	unique	tape
MVSSRC.SYM201.F29	sym2-1	FILE0029	HMASMDC1	2795	identical-default	ibm/HMA/HMASMDC1.asm	unique	tape
MVSSRC.SYM201.F29	sym2-1	FILE0029	HMASMDC2	541	identical-default	ibm/HMA/HMASMDC2.asm	unique	tape
MVSSRC.SYM201.F29	sym2-1	FILE0029	HMASMDLE	4810	identical-default	ibm/HMA/HMASMDLE.asm	unique	tape
MVSSRC.SYM201.F29	sym2-1	FILE0029	HMASMDR1	4190	identical-default	ibm/HMA/HMASMDR1.asm	unique	tape
MVSSRC.SYM201.F29	sym2-1	FILE0029	HMASMDR2	1561	identical-default	ibm/HMA/HMASMDR2.asm	unique	tape
MVSSRC.SYM201.F29	sym2-1	FILE0029	HMASMDRV	7436	identical-default	ibm/HMA/HMASMDRV.asm	unique	tape
MVSSRC.SYM201.F29	sym2-1	FILE0029	HMASMDSU	2827	identical-default	ibm/HMA/HMASMDSU.asm	unique	tape
MVSSRC.SYM201.F30	sym2-1	FILE0030	HMASMDS1	2352	identical-default	ibm/HMA/HMASMDS1.asm	unique	tape
MVSSRC.SYM201.F30	sym2-1	FILE0030	HMASMEIS	4422	identical-default	ibm/HMA/HMASMEIS.asm	unique	tape
MVSSRC.SYM201.F30	sym2-1	FILE0030	HMASMFPT	3093	identical-default	ibm/HMA/HMASMFPT.asm	unique	tape
MVSSRC.SYM201.F30	sym2-1	FILE0030	HMASMFVL	1273	identical-default	ibm/HMA/HMASMFVL.asm	unique	tape
MVSSRC.SYM201.F30	sym2-1	FILE0030	HMASMFXF	1979	identical-default	ibm/HMA/HMASMFXF.asm	unique	tape
MVSSRC.SYM201.F30	sym2-1	FILE0030	HMASMGTA	2451	identical-default	ibm/HMA/HMASMGTA.asm	unique	tape
MVSSRC.SYM201.F30	sym2-1	FILE0030	HMASMICT	806	identical-default	ibm/HMA/HMASMICT.asm	unique	tape
MVSSRC.SYM201.F30	sym2-1	FILE0030	HMASMIDU	4902	identical-default	ibm/HMA/HMASMIDU.asm	unique	tape
MVSSRC.SYM201.F30	sym2-1	FILE0030	HMASMIO	10214	identical-default	ibm/HMA/HMASMIO.asm	unique	tape
MVSSRC.SYM201.F30	sym2-1	FILE0030	HMASMIO1	1160	identical-default	ibm/HMA/HMASMIO1.asm	unique	tape
MVSSRC.SYM201.F30	sym2-1	FILE0030	HMASMION	1983	identical-default	ibm/HMA/HMASMION.asm	unique	tape
MVSSRC.SYM201.F30	sym2-1	FILE0030	HMASMLC1	1178	identical-default	ibm/HMA/HMASMLC1.asm	unique	tape
MVSSRC.SYM201.F30	sym2-1	FILE0030	HMASMLCC	2364	identical-default	ibm/HMA/HMASMLCC.asm	unique	tape
MVSSRC.SYM201.F30	sym2-1	FILE0030	HMASMLCD	3175	identical-default	ibm/HMA/HMASMLCD.asm	unique	tape
MVSSRC.SYM201.F30	sym2-1	FILE0030	HMASMLCP	2306	identical-default	ibm/HMA/HMASMLCP.asm	unique	tape
MVSSRC.SYM201.F30	sym2-1	FILE0030	HMASMLID	3408	identical-default	ibm/HMA/HMASMLID.asm	unique	tape
MVSSRC.SYM201.F30	sym2-1	FILE0030	HMASMLKD	4080	identical-default	ibm/HMA/HMASMLKD.asm	unique	tape
MVSSRC.SYM201.F30	sym2-1	FILE0030	HMASMLKI	3923	identical-default	ibm/HMA/HMASMLKI.asm	unique	tape
MVSSRC.SYM201.F30	sym2-1	FILE0030	HMASMLOG	1952	identical-default	ibm/HMA/HMASMLOG.asm	unique	tape
MVSSRC.SYM201.F30	sym2-1	FILE0030	HMASMMPD	1432	identical-default	ibm/HMA/HMASMMPD.asm	unique	tape
MVSSRC.SYM201.F30	sym2-1	FILE0030	HMASMMPE	5224	identical-default	ibm/HMA/HMASMMPE.asm	unique	tape
MVSSRC.SYM201.F30	sym2-1	FILE0030	HMASMMPH	1529	identical-default	ibm/HMA/HMASMMPH.asm	unique	tape
MVSSRC.SYM201.F30	sym2-1	FILE0030	HMASMMPI	1103	identical-default	ibm/HMA/HMASMMPI.asm	unique	tape
MVSSRC.SYM201.F30	sym2-1	FILE0030	HMASMMPV	2016	identical-default	ibm/HMA/HMASMMPV.asm	unique	tape
MVSSRC.SYM201.F30	sym2-1	FILE0030	HMASMMSG	1888	identical-default	ibm/HMA/HMASMMSG.asm	unique	tape
MVSSRC.SYM201.F30	sym2-1	FILE0030	HMASMPGC	2515	identical-default	ibm/HMA/HMASMPGC.asm	unique	tape
MVSSRC.SYM201.F30	sym2-1	FILE0030	HMASMRCC	1623	identical-default	ibm/HMA/HMASMRCC.asm	unique	tape
MVSSRC.SYM201.F30	sym2-1	FILE0030	HMASMRCD	3240	identical-default	ibm/HMA/HMASMRCD.asm	unique	tape
MVSSRC.SYM201.F30	sym2-1	FILE0030	HMASMRCF	1846	identical-default	ibm/HMA/HMASMRCF.asm	unique	tape
MVSSRC.SYM201.F31	sym2-1	FILE0031	HMASMRCL	2340	identical-default	ibm/HMA/HMASMRCL.asm	unique	tape
MVSSRC.SYM201.F31	sym2-1	FILE0031	HMASMRDS	1781	identical-default	ibm/HMA/HMASMRDS.asm	unique	tape
MVSSRC.SYM201.F31	sym2-1	FILE0031	HMASMREC	8477	identical-default	ibm/HMA/HMASMREC.asm	unique	tape
MVSSRC.SYM201.F31	sym2-1	FILE0031	HMASMREJ	1991	identical-default	ibm/HMA/HMASMREJ.asm	unique	tape
MVSSRC.SYM201.F31	sym2-1	FILE0031	HMASMRJD	1342	identical-default	ibm/HMA/HMASMRJD.asm	unique	tape
MVSSRC.SYM201.F31	sym2-1	FILE0031	HMASMSCN	661	identical-default	ibm/HMA/HMASMSCN.asm	unique	tape
MVSSRC.SYM201.F31	sym2-1	FILE0031	HMASMSEC	2378	identical-default	ibm/HMA/HMASMSEC.asm	unique	tape
MVSSRC.SYM201.F31	sym2-1	FILE0031	HMASMSER	952	identical-default	ibm/HMA/HMASMSER.asm	unique	tape
MVSSRC.SYM201.F31	sym2-1	FILE0031	HMASMSTA	1468	identical-default	ibm/HMA/HMASMSTA.asm	unique	tape
MVSSRC.SYM201.F31	sym2-1	FILE0031	HMASMSUB	1567	identical-default	ibm/HMA/HMASMSUB.asm	unique	tape
MVSSRC.SYM201.F31	sym2-1	FILE0031	HMASMSUP	2168	identical-default	ibm/HMA/HMASMSUP.asm	unique	tape
MVSSRC.SYM201.F31	sym2-1	FILE0031	HMASMTAD	1190	identical-default	ibm/HMA/HMASMTAD.asm	unique	tape
MVSSRC.SYM201.F31	sym2-1	FILE0031	HMASMTAI	1099	identical-default	ibm/HMA/HMASMTAI.asm	unique	tape
MVSSRC.SYM201.F31	sym2-1	FILE0031	HMASMTBL	3130	identical-default	ibm/HMA/HMASMTBL.asm	unique	tape
MVSSRC.SYM201.F31	sym2-1	FILE0031	HMASMTBM	1617	identical-default	ibm/HMA/HMASMTBM.asm	unique	tape
MVSSRC.SYM201.F31	sym2-1	FILE0031	HMASMTCL	2961	identical-default	ibm/HMA/HMASMTCL.asm	unique	tape
MVSSRC.SYM201.F31	sym2-1	FILE0031	HMASMTCR	3189	identical-default	ibm/HMA/HMASMTCR.asm	unique	tape
MVSSRC.SYM201.F31	sym2-1	FILE0031	HMASMTD1	2830	identical-default	ibm/HMA/HMASMTD1.asm	unique	tape
MVSSRC.SYM201.F31	sym2-1	FILE0031	HMASMTDD	2101	identical-default	ibm/HMA/HMASMTDD.asm	unique	tape
MVSSRC.SYM201.F31	sym2-1	FILE0031	HMASMTEC	1739	identical-default	ibm/HMA/HMASMTEC.asm	unique	tape
MVSSRC.SYM201.F31	sym2-1	FILE0031	HMASMTID	1611	identical-default	ibm/HMA/HMASMTID.asm	unique	tape
MVSSRC.SYM201.F31	sym2-1	FILE0031	HMASMTL1	1462	identical-default	ibm/HMA/HMASMTL1.asm	unique	tape
MVSSRC.SYM201.F31	sym2-1	FILE0031	HMASMTL2	3220	identical-default	ibm/HMA/HMASMTL2.asm	unique	tape
MVSSRC.SYM201.F31	sym2-1	FILE0031	HMASMTL3	1256	identical-default	ibm/HMA/HMASMTL3.asm	unique	tape
MVSSRC.SYM201.F31	sym2-1	FILE0031	HMASMTM1	4016	identical-default	ibm/HMA/HMASMTM1.asm	unique	tape
MVSSRC.SYM201.F31	sym2-1	FILE0031	HMASMTMD	8068	identical-default	ibm/HMA/HMASMTMD.asm	unique	tape
MVSSRC.SYM201.F31	sym2-1	FILE0031	HMASMTMJ	2709	identical-default	ibm/HMA/HMASMTMJ.asm	unique	tape
MVSSRC.SYM201.F31	sym2-1	FILE0031	HMASMTMS	6245	identical-default	ibm/HMA/HMASMTMS.asm	unique	tape
MVSSRC.SYM201.F31	sym2-1	FILE0031	HMASMTMW	2685	identical-default	ibm/HMA/HMASMTMW.asm	unique	tape
MVSSRC.SYM201.F32	sym2-1	FILE0032	HMASMTM2	3780	identical-default	ibm/HMA/HMASMTM2.asm	unique	tape
MVSSRC.SYM201.F32	sym2-1	FILE0032	HMASMTM3	3524	identical-default	ibm/HMA/HMASMTM3.asm	unique	tape
MVSSRC.SYM201.F32	sym2-1	FILE0032	HMASMTM4	3266	identical-default	ibm/HMA/HMASMTM4.asm	unique	tape
MVSSRC.SYM201.F32	sym2-1	FILE0032	HMASMTP2	2509	identical-default	ibm/HMA/HMASMTP2.asm	unique	tape
MVSSRC.SYM201.F32	sym2-1	FILE0032	HMASMTPA	7214	identical-default	ibm/HMA/HMASMTPA.asm	unique	tape
MVSSRC.SYM201.F32	sym2-1	FILE0032	HMASMTPC	2298	identical-default	ibm/HMA/HMASMTPC.asm	unique	tape
MVSSRC.SYM201.F32	sym2-1	FILE0032	HMASMTPD	2247	identical-default	ibm/HMA/HMASMTPD.asm	unique	tape
MVSSRC.SYM201.F32	sym2-1	FILE0032	HMASMTPL	3209	identical-default	ibm/HMA/HMASMTPL.asm	unique	tape
MVSSRC.SYM201.F32	sym2-1	FILE0032	HMASMTPO	2759	identical-default	ibm/HMA/HMASMTPO.asm	unique	tape
MVSSRC.SYM201.F32	sym2-1	FILE0032	HMASMTPR	4287	identical-default	ibm/HMA/HMASMTPR.asm	unique	tape
MVSSRC.SYM201.F32	sym2-1	FILE0032	HMASMTPS	1360	identical-default	ibm/HMA/HMASMTPS.asm	unique	tape
MVSSRC.SYM201.F32	sym2-1	FILE0032	HMASMTR1	1860	identical-default	ibm/HMA/HMASMTR1.asm	unique	tape
MVSSRC.SYM201.F32	sym2-1	FILE0032	HMASMTRM	9417	identical-default	ibm/HMA/HMASMTRM.asm	unique	tape
MVSSRC.SYM201.F32	sym2-1	FILE0032	HMASMTSB	4403	identical-default	ibm/HMA/HMASMTSB.asm	unique	tape
MVSSRC.SYM201.F32	sym2-1	FILE0032	HMASMUC1	8292	identical-default	ibm/HMA/HMASMUC1.asm	unique	tape
MVSSRC.SYM201.F32	sym2-1	FILE0032	HMASMUC2	5206	identical-default	ibm/HMA/HMASMUC2.asm	unique	tape
MVSSRC.SYM201.F32	sym2-1	FILE0032	HMASMUC3	2991	identical-default	ibm/HMA/HMASMUC3.asm	unique	tape
MVSSRC.SYM201.F32	sym2-1	FILE0032	HMASMUC4	2036	identical-default	ibm/HMA/HMASMUC4.asm	unique	tape
MVSSRC.SYM201.F32	sym2-1	FILE0032	HMASMUCD	222	identical-default	ibm/HMA/HMASMUCD.asm	unique	tape
MVSSRC.SYM201.F32	sym2-1	FILE0032	HMASMUPD	2718	identical-default	ibm/HMA/HMASMUPD.asm	unique	tape
MVSSRC.SYM201.F32	sym2-1	FILE0032	HMASMUPI	2826	identical-default	ibm/HMA/HMASMUPI.asm	unique	tape
MVSSRC.SYM201.F32	sym2-1	FILE0032	HMASMUXC	1391	identical-default	ibm/HMA/HMASMUXC.asm	unique	tape
MVSSRC.SYM201.F32	sym2-1	FILE0032	HMASMUXD	179	identical-default	ibm/HMA/HMASMUXD.asm	unique	tape
MVSSRC.SYM201.F32	sym2-1	FILE0032	HMASMUXP	282	identical-default	ibm/HMA/HMASMUXP.asm	unique	tape
MVSSRC.SYM201.F32	sym2-1	FILE0032	HMASMVLU	995	identical-default	ibm/HMA/HMASMVLU.asm	unique	tape
MVSSRC.SYM201.F33	sym2-1	FILE0033	HMASMXRF	2452	identical-default	ibm/HMA/HMASMXRF.asm	unique	tape
MVSSRC.SYM201.F33	sym2-1	FILE0033	HMASMZAP	3408	identical-default	ibm/HMA/HMASMZAP.asm	unique	tape
MVSSRC.SYM202.F01	sym2-2	FILE0001	IEBIBLKS	674	identical-default	ibm/IEB/IEBIBLKS.asm	unique	tape
MVSSRC.SYM202.F01	sym2-2	FILE0001	IEBMCA	1250	identical-default	ibm/IEB/IEBMCA.asm	unique	tape
MVSSRC.SYM202.F01	sym2-2	FILE0001	IEBUPCON	295	identical-default	ibm/IEB/IEBUPCON.asm	unique	tape
MVSSRC.SYM202.F01	sym2-2	FILE0001	IEHDCBXL	20	identical-default	ibm/IEH/IEHDCBXL.asm	unique	tape
MVSSRC.SYM202.F01	sym2-2	FILE0001	IEHMVV	195	identical-default	ibm/IEH/IEHMVV.asm	unique	tape
MVSSRC.SYM202.F01	sym2-2	FILE0001	IEHPOST	49	identical-default	ibm/IEH/IEHPOST.asm	unique	tape
MVSSRC.SYM202.F01	sym2-2	FILE0001	IEHPRE	87	identical-default	ibm/IEH/IEHPRE.asm	unique	tape
MVSSRC.SYM202.F01	sym2-2	FILE0001	LABEL	190	identical-default	ibm/LAB/LABEL.asm	unique	tape
MVSSRC.SYM202.F02	sym2-2	FILE0002	ICAPRTBL	1739	identical-default	ibm/ICA/ICAPRTBL.asm	unique	tape
MVSSRC.SYM202.F03	sym2-2	FILE0003	IEBPPAL1	1795	identical-default	ibm/IEB/IEBPPAL1.asm	unique	tape
MVSSRC.SYM202.F03	sym2-2	FILE0003	IEBPPCH1	2545	identical-default	ibm/IEB/IEBPPCH1.asm	unique	tape
MVSSRC.SYM202.F03	sym2-2	FILE0003	IEBPPMSG	86	identical-default	ibm/IEB/IEBPPMSG.asm	unique	tape
MVSSRC.SYM202.F03	sym2-2	FILE0003	IEBPPUN1	642	identical-default	ibm/IEB/IEBPPUN1.asm	unique	tape
MVSSRC.SYM202.F04	sym2-2	FILE0004	IEHMOVE	314	identical-default	ibm/IEH/IEHMOVE.asm	unique	tape
MVSSRC.SYM202.F04	sym2-2	FILE0004	IEHMVESA	170	identical-default	ibm/IEH/IEHMVESA.asm	unique	tape
MVSSRC.SYM202.F04	sym2-2	FILE0004	IEHMVESH	787	identical-default	ibm/IEH/IEHMVESH.asm	unique	tape
MVSSRC.SYM202.F04	sym2-2	FILE0004	IEHMVESI	247	identical-default	ibm/IEH/IEHMVESI.asm	unique	tape
MVSSRC.SYM202.F04	sym2-2	FILE0004	IEHMVESJ	725	identical-default	ibm/IEH/IEHMVESJ.asm	unique	tape
MVSSRC.SYM202.F04	sym2-2	FILE0004	IEHMVESK	201	identical-default	ibm/IEH/IEHMVESK.asm	unique	tape
MVSSRC.SYM202.F04	sym2-2	FILE0004	IEHMVESL	572	identical-default	ibm/IEH/IEHMVESL.asm	unique	tape
MVSSRC.SYM202.F04	sym2-2	FILE0004	IEHMVESM	688	identical-default	ibm/IEH/IEHMVESM.asm	unique	tape
MVSSRC.SYM202.F04	sym2-2	FILE0004	IEHMVESN	678	identical-default	ibm/IEH/IEHMVESN.asm	unique	tape
MVSSRC.SYM202.F04	sym2-2	FILE0004	IEHMVESO	267	identical-default	ibm/IEH/IEHMVESO.asm	unique	tape
MVSSRC.SYM202.F04	sym2-2	FILE0004	IEHMVESP	448	identical-default	ibm/IEH/IEHMVESP.asm	unique	tape
MVSSRC.SYM202.F04	sym2-2	FILE0004	IEHMVESQ	665	identical-default	ibm/IEH/IEHMVESQ.asm	unique	tape
MVSSRC.SYM202.F04	sym2-2	FILE0004	IEHMVESR	352	identical-default	ibm/IEH/IEHMVESR.asm	unique	tape
MVSSRC.SYM202.F04	sym2-2	FILE0004	IEHMVEST	838	identical-default	ibm/IEH/IEHMVEST.asm	unique	tape
MVSSRC.SYM202.F04	sym2-2	FILE0004	IEHMVESU	156	identical-default	ibm/IEH/IEHMVESU.asm	unique	tape
MVSSRC.SYM202.F04	sym2-2	FILE0004	IEHMVETG	1110	identical-default	ibm/IEH/IEHMVETG.asm	unique	tape
MVSSRC.SYM202.F04	sym2-2	FILE0004	IEHMVETJ	976	identical-default	ibm/IEH/IEHMVETJ.asm	unique	tape
MVSSRC.SYM202.F04	sym2-2	FILE0004	IEHMVMRY	204	identical-default	ibm/IEH/IEHMVMRY.asm	unique	tape
MVSSRC.SYM202.F04	sym2-2	FILE0004	IEHMVMRZ	199	identical-default	ibm/IEH/IEHMVMRZ.asm	unique	tape
MVSSRC.SYM202.F04	sym2-2	FILE0004	IEHMVMSN	46	identical-default	ibm/IEH/IEHMVMSN.asm	unique	tape
MVSSRC.SYM202.F04	sym2-2	FILE0004	IEHMVMSQ	56	identical-default	ibm/IEH/IEHMVMSQ.asm	unique	tape
MVSSRC.SYM202.F04	sym2-2	FILE0004	IEHMVMSY	186	identical-default	ibm/IEH/IEHMVMSY.asm	unique	tape
MVSSRC.SYM202.F04	sym2-2	FILE0004	IEHMVMTA	177	identical-default	ibm/IEH/IEHMVMTA.asm	unique	tape
MVSSRC.SYM202.F04	sym2-2	FILE0004	IEHMVMTL	65	identical-default	ibm/IEH/IEHMVMTL.asm	unique	tape
MVSSRC.SYM202.F04	sym2-2	FILE0004	IEHMVSRA	636	identical-default	ibm/IEH/IEHMVSRA.asm	unique	tape
MVSSRC.SYM202.F04	sym2-2	FILE0004	IEHMVSRD	623	identical-default	ibm/IEH/IEHMVSRD.asm	unique	tape
MVSSRC.SYM202.F04	sym2-2	FILE0004	IEHMVSRK	410	identical-default	ibm/IEH/IEHMVSRK.asm	unique	tape
MVSSRC.SYM202.F04	sym2-2	FILE0004	IEHMVSRM	172	identical-default	ibm/IEH/IEHMVSRM.asm	unique	tape
MVSSRC.SYM202.F04	sym2-2	FILE0004	IEHMVSRV	1040	identical-default	ibm/IEH/IEHMVSRV.asm	unique	tape
MVSSRC.SYM202.F04	sym2-2	FILE0004	IEHMVSRX	1139	identical-default	ibm/IEH/IEHMVSRX.asm	unique	tape
MVSSRC.SYM202.F04	sym2-2	FILE0004	IEHMVSRY	276	identical-default	ibm/IEH/IEHMVSRY.asm	unique	tape
MVSSRC.SYM202.F04	sym2-2	FILE0004	IEHMVSRZ	297	identical-default	ibm/IEH/IEHMVSRZ.asm	unique	tape
MVSSRC.SYM202.F04	sym2-2	FILE0004	IEHMVSSF	1729	identical-default	ibm/IEH/IEHMVSSF.asm	unique	tape
MVSSRC.SYM202.F04	sym2-2	FILE0004	IEHMVSSS	1409	identical-default	ibm/IEH/IEHMVSSS.asm	unique	tape
MVSSRC.SYM202.F04	sym2-2	FILE0004	IEHMVSSV	532	identical-default	ibm/IEH/IEHMVSSV.asm	unique	tape
MVSSRC.SYM202.F04	sym2-2	FILE0004	IEHMVSSX	1463	identical-default	ibm/IEH/IEHMVSSX.asm	unique	tape
MVSSRC.SYM202.F04	sym2-2	FILE0004	IEHMVSSY	654	identical-default	ibm/IEH/IEHMVSSY.asm	unique	tape
MVSSRC.SYM202.F04	sym2-2	FILE0004	IEHMVSSZ	682	identical-default	ibm/IEH/IEHMVSSZ.asm	unique	tape
MVSSRC.SYM202.F04	sym2-2	FILE0004	IEHMVSTA	760	identical-default	ibm/IEH/IEHMVSTA.asm	unique	tape
MVSSRC.SYM202.F04	sym2-2	FILE0004	IEHMVSTC	549	identical-default	ibm/IEH/IEHMVSTC.asm	unique	tape
MVSSRC.SYM202.F04	sym2-2	FILE0004	IEHMVSTL	882	identical-default	ibm/IEH/IEHMVSTL.asm	unique	tape
MVSSRC.SYM202.F04	sym2-2	FILE0004	IEHMVXSE	989	identical-default	ibm/IEH/IEHMVXSE.asm	unique	tape
MVSSRC.SYM202.F04	sym2-2	FILE0004	IEHMVXSF	56	identical-default	ibm/IEH/IEHMVXSF.asm	unique	tape
MVSSRC.SYM202.F05	sym2-2	FILE0005	IEHINITT	1126	identical-default	ibm/IEH/IEHINITT.asm	unique	tape
MVSSRC.SYM202.F05	sym2-2	FILE0005	IEHPRNT	290	identical-default	ibm/IEH/IEHPRNT.asm	unique	tape
MVSSRC.SYM202.F05	sym2-2	FILE0005	IEHSCAN	659	identical-default	ibm/IEH/IEHSCAN.asm	unique	tape
MVSSRC.SYM202.F05	sym2-2	FILE0005	IGC0003I	409	identical-default	ibm/IGC/IGC0003I.asm	unique	tape
MVSSRC.SYM202.F06	sym2-2	FILE0006	IFHSTATR	387	identical-default	ibm/IFH/IFHSTATR.asm	unique	tape
MVSSRC.SYM202.F07	sym2-2	FILE0007	IEBISAM	494	identical-default	ibm/IEB/IEBISAM.asm	unique	tape
MVSSRC.SYM202.F07	sym2-2	FILE0007	IEBISC	410	identical-default	ibm/IEB/IEBISC.asm	unique	tape
MVSSRC.SYM202.F07	sym2-2	FILE0007	IEBISF	218	identical-default	ibm/IEB/IEBISF.asm	unique	tape
MVSSRC.SYM202.F07	sym2-2	FILE0007	IEBISL	489	identical-default	ibm/IEB/IEBISL.asm	unique	tape
MVSSRC.SYM202.F07	sym2-2	FILE0007	IEBISMES	85	identical-default	ibm/IEB/IEBISMES.asm	unique	tape
MVSSRC.SYM202.F07	sym2-2	FILE0007	IEBISPL	516	identical-default	ibm/IEB/IEBISPL.asm	unique	tape
MVSSRC.SYM202.F07	sym2-2	FILE0007	IEBISSI	375	identical-default	ibm/IEB/IEBISSI.asm	unique	tape
MVSSRC.SYM202.F07	sym2-2	FILE0007	IEBISSO	402	identical-default	ibm/IEB/IEBISSO.asm	unique	tape
MVSSRC.SYM202.F07	sym2-2	FILE0007	IEBISU	265	identical-default	ibm/IEB/IEBISU.asm	unique	tape
MVSSRC.SYM202.F08	sym2-2	FILE0008	IEBCRANL	2774	identical-default	ibm/IEB/IEBCRANL.asm	unique	tape
MVSSRC.SYM202.F08	sym2-2	FILE0008	IEBCREAT	2369	identical-default	ibm/IEB/IEBCREAT.asm	unique	tape
MVSSRC.SYM202.F08	sym2-2	FILE0008	IEBDG	2675	identical-default	ibm/IEB/IEBDG.asm	unique	tape
MVSSRC.SYM202.F08	sym2-2	FILE0008	IEBDGCUP	1031	identical-default	ibm/IEB/IEBDGCUP.asm	unique	tape
MVSSRC.SYM202.F08	sym2-2	FILE0008	IEBDGMSG	864	identical-default	ibm/IEB/IEBDGMSG.asm	unique	tape
MVSSRC.SYM202.F08	sym2-2	FILE0008	IEBFDANL	2243	identical-default	ibm/IEB/IEBFDANL.asm	unique	tape
MVSSRC.SYM202.F08	sym2-2	FILE0008	IEBFDTBL	1958	identical-default	ibm/IEB/IEBFDTBL.asm	unique	tape
MVSSRC.SYM202.F09	sym2-2	FILE0009	IEBCANAL	541	identical-default	ibm/IEB/IEBCANAL.asm	unique	tape
MVSSRC.SYM202.F09	sym2-2	FILE0009	IEBCMAIN	2071	identical-default	ibm/IEB/IEBCMAIN.asm	unique	tape
MVSSRC.SYM202.F09	sym2-2	FILE0009	IEBCOMPM	264	identical-default	ibm/IEB/IEBCOMPM.asm	unique	tape
MVSSRC.SYM202.F09	sym2-2	FILE0009	IEBCQSAM	372	identical-default	ibm/IEB/IEBCQSAM.asm	unique	tape
MVSSRC.SYM202.F09	sym2-2	FILE0009	IEBCROOT	403	identical-default	ibm/IEB/IEBCROOT.asm	unique	tape
MVSSRC.SYM202.F09	sym2-2	FILE0009	IEBCULET	482	identical-default	ibm/IEB/IEBCULET.asm	unique	tape
MVSSRC.SYM202.F10	sym2-2	FILE0010	IEBIMAGE	8747	identical-default	ibm/IEB/IEBIMAGE.asm	unique	tape
MVSSRC.SYM202.F10	sym2-2	FILE0010	IEBIMSGS	737	identical-default	ibm/IEB/IEBIMSGS.asm	unique	tape
MVSSRC.SYM202.F10	sym2-2	FILE0010	IEBISCAN	4364	identical-default	ibm/IEB/IEBISCAN.asm	unique	tape
MVSSRC.SYM202.F11	sym2-2	FILE0011	IEHLIST1	4001	identical-default	ibm/IEH/IEHLIST1.asm	unique	tape
MVSSRC.SYM202.F11	sym2-2	FILE0011	IEHLIST2	538	identical-default	ibm/IEH/IEHLIST2.asm	unique	tape
MVSSRC.SYM202.F11	sym2-2	FILE0011	IEHLIST3	618	identical-default	ibm/IEH/IEHLIST3.asm	unique	tape
MVSSRC.SYM202.F12	sym2-2	FILE0012	IEHPROG1	2404	identical-default	ibm/IEH/IEHPROG1.asm	unique	tape
MVSSRC.SYM202.F12	sym2-2	FILE0012	IEHPROG2	1934	identical-default	ibm/IEH/IEHPROG2.asm	unique	tape
MVSSRC.SYM202.F12	sym2-2	FILE0012	IEHPROG3	688	identical-default	ibm/IEH/IEHPROG3.asm	unique	tape
MVSSRC.SYM202.F12	sym2-2	FILE0012	IEHPROG4	456	identical-default	ibm/IEH/IEHPROG4.asm	unique	tape
MVSSRC.SYM202.F12	sym2-2	FILE0012	IEHPROG5	349	identical-default	ibm/IEH/IEHPROG5.asm	unique	tape
MVSSRC.SYM202.F13	sym2-2	FILE0013	IEBBAM	499	identical-default	ibm/IEB/IEBBAM.asm	unique	tape
MVSSRC.SYM202.F13	sym2-2	FILE0013	IEBCNVT	304	identical-default	ibm/IEB/IEBCNVT.asm	unique	tape
MVSSRC.SYM202.F13	sym2-2	FILE0013	IEBDRB	396	identical-default	ibm/IEB/IEBDRB.asm	unique	tape
MVSSRC.SYM202.F13	sym2-2	FILE0013	IEBDRD	935	identical-default	ibm/IEB/IEBDRD.asm	unique	tape
MVSSRC.SYM202.F13	sym2-2	FILE0013	IEBDSCPY	2001	identical-default	ibm/IEB/IEBDSCPY.asm	unique	tape
MVSSRC.SYM202.F13	sym2-2	FILE0013	IEBDSU	599	identical-default	ibm/IEB/IEBDSU.asm	unique	tape
MVSSRC.SYM202.F13	sym2-2	FILE0013	IEBDV1	1430	identical-default	ibm/IEB/IEBDV1.asm	unique	tape
MVSSRC.SYM202.F13	sym2-2	FILE0013	IEBDWR	863	identical-default	ibm/IEB/IEBDWR.asm	unique	tape
MVSSRC.SYM202.F13	sym2-2	FILE0013	IEBIOE	962	identical-default	ibm/IEB/IEBIOE.asm	unique	tape
MVSSRC.SYM202.F13	sym2-2	FILE0013	IEBLDUL	1145	identical-default	ibm/IEB/IEBLDUL.asm	unique	tape
MVSSRC.SYM202.F13	sym2-2	FILE0013	IEBMCM	335	identical-default	ibm/IEB/IEBMCM.asm	unique	tape
MVSSRC.SYM202.F13	sym2-2	FILE0013	IEBRSAM	672	identical-default	ibm/IEB/IEBRSAM.asm	unique	tape
MVSSRC.SYM202.F13	sym2-2	FILE0013	IEBSCN	1444	identical-default	ibm/IEB/IEBSCN.asm	unique	tape
MVSSRC.SYM202.F13	sym2-2	FILE0013	IEBVCT	277	identical-default	ibm/IEB/IEBVCT.asm	unique	tape
MVSSRC.SYM202.F13	sym2-2	FILE0013	IEBVDM	593	identical-default	ibm/IEB/IEBVDM.asm	unique	tape
MVSSRC.SYM202.F13	sym2-2	FILE0013	IEBVMS	612	identical-default	ibm/IEB/IEBVMS.asm	unique	tape
MVSSRC.SYM202.F13	sym2-2	FILE0013	IEBVTM	839	identical-default	ibm/IEB/IEBVTM.asm	unique	tape
MVSSRC.SYM202.F13	sym2-2	FILE0013	IEBVTT	460	identical-default	ibm/IEB/IEBVTT.asm	unique	tape
MVSSRC.SYM202.F13	sym2-2	FILE0013	IEBWSAM	779	identical-default	ibm/IEB/IEBWSAM.asm	unique	tape
MVSSRC.SYM202.F13	sym2-2	FILE0013	IEBWSU	1193	identical-default	ibm/IEB/IEBWSU.asm	unique	tape
MVSSRC.SYM202.F13	sym2-2	FILE0013	IGG019C8	776	identical-default	ibm/IGG/IGG019C8.asm	unique	tape
MVSSRC.SYM202.F13	sym2-2	FILE0013	IGG019FT	347	identical-default	ibm/IGG/IGG019FT.asm	unique	tape
MVSSRC.SYM202.F14	sym2-2	FILE0014	IEBCONH2	62	identical-default	ibm/IEB/IEBCONH2.asm	unique	tape
MVSSRC.SYM202.F14	sym2-2	FILE0014	IEBCONP2	56	identical-default	ibm/IEB/IEBCONP2.asm	unique	tape
MVSSRC.SYM202.F14	sym2-2	FILE0014	IEBCONZ2	53	identical-default	ibm/IEB/IEBCONZ2.asm	unique	tape
MVSSRC.SYM202.F14	sym2-2	FILE0014	IEBEDIT2	95	identical-default	ibm/IEB/IEBEDIT2.asm	unique	tape
MVSSRC.SYM202.F14	sym2-2	FILE0014	IEBGEN03	1170	identical-default	ibm/IEB/IEBGEN03.asm	unique	tape
MVSSRC.SYM202.F14	sym2-2	FILE0014	IEBGENR3	1169	identical-default	ibm/IEB/IEBGENR3.asm	unique	tape
MVSSRC.SYM202.F14	sym2-2	FILE0014	IEBGENRT	542	identical-default	ibm/IEB/IEBGENRT.asm	unique	tape
MVSSRC.SYM202.F14	sym2-2	FILE0014	IEBGENS3	1116	identical-default	ibm/IEB/IEBGENS3.asm	unique	tape
MVSSRC.SYM202.F14	sym2-2	FILE0014	IEBGMESG	133	identical-default	ibm/IEB/IEBGMESG.asm	unique	tape
MVSSRC.SYM202.F14	sym2-2	FILE0014	IEBGSCAN	1248	identical-default	ibm/IEB/IEBGSCAN.asm	unique	tape
MVSSRC.SYM202.F14	sym2-2	FILE0014	IEBLENP2	59	identical-default	ibm/IEB/IEBLENP2.asm	unique	tape
MVSSRC.SYM202.F14	sym2-2	FILE0014	IEBMOVE2	46	identical-default	ibm/IEB/IEBMOVE2.asm	unique	tape
MVSSRC.SYM202.F15	sym2-2	FILE0015	IEBASCAN	1291	identical-default	ibm/IEB/IEBASCAN.asm	unique	tape
MVSSRC.SYM202.F15	sym2-2	FILE0015	IEBBSCAN	437	identical-default	ibm/IEB/IEBBSCAN.asm	unique	tape
MVSSRC.SYM202.F15	sym2-2	FILE0015	IEBUPDT2	1893	identical-default	ibm/IEB/IEBUPDT2.asm	unique	tape
MVSSRC.SYM202.F15	sym2-2	FILE0015	IEBUPDTE	283	identical-default	ibm/IEB/IEBUPDTE.asm	unique	tape
MVSSRC.SYM202.F15	sym2-2	FILE0015	IEBUPLOG	836	identical-default	ibm/IEB/IEBUPLOG.asm	unique	tape
MVSSRC.SYM202.F15	sym2-2	FILE0015	IEBUPNIT	497	identical-default	ibm/IEB/IEBUPNIT.asm	unique	tape
MVSSRC.SYM202.F15	sym2-2	FILE0015	IEBUPXIT	695	identical-default	ibm/IEB/IEBUPXIT.asm	unique	tape
MVSSRC.SYM202.F16	sym2-2	FILE0016	IEBEDIT	2418	identical-default	ibm/IEB/IEBEDIT.asm	unique	tape
MVSSRC.SYM202.F17	sym2-2	FILE0017	IGGIFF02	175	identical-default	ibm/IGG/IGGIFF02.asm	unique	tape
MVSSRC.SYM202.F18	sym2-2	FILE0018	IFFABA	310	identical-default	ibm/IFF/IFFABA.asm	unique	tape
MVSSRC.SYM202.F18	sym2-2	FILE0018	IFFANA	237	identical-default	ibm/IFF/IFFANA.asm	unique	tape
MVSSRC.SYM202.F18	sym2-2	FILE0018	IFFCAN01	944	identical-default	ibm/IFF/IFFCAN01.asm	unique	tape
MVSSRC.SYM202.F18	sym2-2	FILE0018	IFFCAN02	1701	identical-default	ibm/IFF/IFFCAN02.asm	unique	tape
MVSSRC.SYM202.F18	sym2-2	FILE0018	IFFCAN03	46	identical-default	ibm/IFF/IFFCAN03.asm	unique	tape
MVSSRC.SYM202.F18	sym2-2	FILE0018	IFFPAAST	128	identical-default	ibm/IFF/IFFPAAST.asm	unique	tape
MVSSRC.SYM202.F18	sym2-2	FILE0018	IFFPBAPR	437	identical-default	ibm/IFF/IFFPBAPR.asm	unique	tape
MVSSRC.SYM202.F18	sym2-2	FILE0018	IFFPCAAR	781	identical-default	ibm/IFF/IFFPCAAR.asm	unique	tape
MVSSRC.SYM202.F18	sym2-2	FILE0018	IFFPDAPL	1169	identical-default	ibm/IFF/IFFPDAPL.asm	unique	tape
MVSSRC.SYM202.F18	sym2-2	FILE0018	IFFPEAGR	500	identical-default	ibm/IFF/IFFPEAGR.asm	unique	tape
MVSSRC.SYM202.F18	sym2-2	FILE0018	IFFPFAVA	897	identical-default	ibm/IFF/IFFPFAVA.asm	unique	tape
MVSSRC.SYM202.F18	sym2-2	FILE0018	IFFPGAVP	1020	identical-default	ibm/IFF/IFFPGAVP.asm	unique	tape
MVSSRC.SYM202.F18	sym2-2	FILE0018	IFFPHALA	602	identical-default	ibm/IFF/IFFPHALA.asm	unique	tape
MVSSRC.SYM202.F18	sym2-2	FILE0018	IFFPIAPG	1199	identical-default	ibm/IFF/IFFPIAPG.asm	unique	tape
MVSSRC.SYM202.F18	sym2-2	FILE0018	IFFPJAPV	1068	identical-default	ibm/IFF/IFFPJAPV.asm	unique	tape
MVSSRC.SYM202.F18	sym2-2	FILE0018	IFFPKADG	1432	identical-default	ibm/IFF/IFFPKADG.asm	unique	tape
MVSSRC.SYM202.F18	sym2-2	FILE0018	IFFPLARE	363	identical-default	ibm/IFF/IFFPLARE.asm	unique	tape
MVSSRC.SYM202.F18	sym2-2	FILE0018	IFFPPASG	273	identical-default	ibm/IFF/IFFPPASG.asm	unique	tape
MVSSRC.SYM202.F18	sym2-2	FILE0018	IGC0007A	1116	identical-default	ibm/IGC/IGC0007A.asm	unique	tape
MVSSRC.SYM202.F18	sym2-2	FILE0018	IGC0007C	374	identical-default	ibm/IGC/IGC0007C.asm	unique	tape
MVSSRC.SYM202.F18	sym2-2	FILE0018	IGC0007D	319	identical-default	ibm/IGC/IGC0007D.asm	unique	tape
MVSSRC.SYM202.F18	sym2-2	FILE0018	IGC0007E	405	identical-default	ibm/IGC/IGC0007E.asm	unique	tape
MVSSRC.SYM202.F18	sym2-2	FILE0018	IGC0107C	107	identical-default	ibm/IGC/IGC0107C.asm	unique	tape
MVSSRC.SYM202.F18	sym2-2	FILE0018	IGC0107D	150	identical-default	ibm/IGC/IGC0107D.asm	unique	tape
MVSSRC.SYM202.F18	sym2-2	FILE0018	IGC0207A	136	identical-default	ibm/IGC/IGC0207A.asm	unique	tape
MVSSRC.SYM202.F18	sym2-2	FILE0018	IGC070	166	identical-default	ibm/IGC/IGC070.asm	unique	tape
MVSSRC.SYM202.F18	sym2-2	FILE0018	IGC084	98	identical-default	ibm/IGC/IGC084.asm	unique	tape
MVSSRC.SYM202.F18	sym2-2	FILE0018	IGE0010A	568	identical-default	ibm/IGE/IGE0010A.asm	unique	tape
MVSSRC.SYM202.F18	sym2-2	FILE0018	IGE0010B	618	identical-default	ibm/IGE/IGE0010B.asm	unique	tape
MVSSRC.SYM202.F18	sym2-2	FILE0018	IGE0010D	432	identical-default	ibm/IGE/IGE0010D.asm	unique	tape
MVSSRC.SYM202.F18	sym2-2	FILE0018	IGE0010E	1351	identical-default	ibm/IGE/IGE0010E.asm	unique	tape
MVSSRC.SYM202.F18	sym2-2	FILE0018	IGG0193Y	1235	identical-default	ibm/IGG/IGG0193Y.asm	unique	tape
MVSSRC.SYM202.F18	sym2-2	FILE0018	IGG019OA	679	identical-default	ibm/IGG/IGG019OA.asm	unique	tape
MVSSRC.SYM202.F18	sym2-2	FILE0018	IGG019OB	355	identical-default	ibm/IGG/IGG019OB.asm	unique	tape
MVSSRC.SYM202.F18	sym2-2	FILE0018	IGG019OC	110	identical-default	ibm/IGG/IGG019OC.asm	unique	tape
MVSSRC.SYM202.F18	sym2-2	FILE0018	IGG019OE	847	identical-default	ibm/IGG/IGG019OE.asm	unique	tape
MVSSRC.SYM202.F18	sym2-2	FILE0018	IGG019OJ	161	identical-default	ibm/IGG/IGG019OJ.asm	unique	tape
MVSSRC.SYM202.F18	sym2-2	FILE0018	IGG019OK	287	identical-default	ibm/IGG/IGG019OK.asm	unique	tape
MVSSRC.SYM202.F18	sym2-2	FILE0018	IGG0203Y	925	identical-default	ibm/IGG/IGG0203Y.asm	unique	tape
MVSSRC.SYM202.F18	sym2-2	FILE0018	IGG0203Z	775	identical-default	ibm/IGG/IGG0203Z.asm	unique	tape
MVSSRC.SYM202.F19	sym2-2	FILE0019	ATTNLEVL	29	identical-default	ibm/ATT/ATTNLEVL.asm	unique	tape
MVSSRC.SYM202.F19	sym2-2	FILE0019	GDSCB	104	identical-default	ibm/GDS/GDSCB.asm	unique	tape
MVSSRC.SYM202.F19	sym2-2	FILE0019	GSPCB	22	identical-default	ibm/GSP/GSPCB.asm	unique	tape
MVSSRC.SYM202.F19	sym2-2	FILE0019	GTMCB	50	identical-default	ibm/GTM/GTMCB.asm	unique	tape
MVSSRC.SYM202.F20	sym2-2	FILE0020	IFFAAA01	106	identical-default	ibm/IFF/IFFAAA01.asm	unique	tape
MVSSRC.SYM202.F20	sym2-2	FILE0020	IFFAAA02	106	identical-default	ibm/IFF/IFFAAA02.asm	unique	tape
MVSSRC.SYM202.F20	sym2-2	FILE0020	IFFAAA03	457	identical-default	ibm/IFF/IFFAAA03.asm	unique	tape
MVSSRC.SYM202.F20	sym2-2	FILE0020	IFFAAA04	192	identical-default	ibm/IFF/IFFAAA04.asm	unique	tape
MVSSRC.SYM202.F20	sym2-2	FILE0020	IFFAAA05	397	identical-default	ibm/IFF/IFFAAA05.asm	unique	tape
MVSSRC.SYM202.F20	sym2-2	FILE0020	IFFAAA06	200	identical-default	ibm/IFF/IFFAAA06.asm	unique	tape
MVSSRC.SYM202.F20	sym2-2	FILE0020	IFFACA00	279	identical-default	ibm/IFF/IFFACA00.asm	unique	tape
MVSSRC.SYM202.F20	sym2-2	FILE0020	IFFACA01	254	identical-default	ibm/IFF/IFFACA01.asm	unique	tape
MVSSRC.SYM202.F20	sym2-2	FILE0020	IFFACA02	380	identical-default	ibm/IFF/IFFACA02.asm	unique	tape
MVSSRC.SYM202.F20	sym2-2	FILE0020	IFFACA03	302	identical-default	ibm/IFF/IFFACA03.asm	unique	tape
MVSSRC.SYM202.F20	sym2-2	FILE0020	IFFACA04	432	identical-default	ibm/IFF/IFFACA04.asm	unique	tape
MVSSRC.SYM202.F20	sym2-2	FILE0020	IFFACA05	222	identical-default	ibm/IFF/IFFACA05.asm	unique	tape
MVSSRC.SYM202.F20	sym2-2	FILE0020	IFFACA06	176	identical-default	ibm/IFF/IFFACA06.asm	unique	tape
MVSSRC.SYM202.F20	sym2-2	FILE0020	IFFACA07	305	identical-default	ibm/IFF/IFFACA07.asm	unique	tape
MVSSRC.SYM202.F20	sym2-2	FILE0020	IFFACA08	963	identical-default	ibm/IFF/IFFACA08.asm	unique	tape
MVSSRC.SYM202.F20	sym2-2	FILE0020	IFFACA13	84	identical-default	ibm/IFF/IFFACA13.asm	unique	tape
MVSSRC.SYM202.F20	sym2-2	FILE0020	IFFACA50	260	identical-default	ibm/IFF/IFFACA50.asm	unique	tape
MVSSRC.SYM202.F20	sym2-2	FILE0020	IFFADA01	738	identical-default	ibm/IFF/IFFADA01.asm	unique	tape
MVSSRC.SYM202.F20	sym2-2	FILE0020	IFFADA02	181	identical-default	ibm/IFF/IFFADA02.asm	unique	tape
MVSSRC.SYM202.F20	sym2-2	FILE0020	IFFADA03	471	identical-default	ibm/IFF/IFFADA03.asm	unique	tape
MVSSRC.SYM202.F20	sym2-2	FILE0020	IFFAEA01	291	identical-default	ibm/IFF/IFFAEA01.asm	unique	tape
MVSSRC.SYM202.F20	sym2-2	FILE0020	IFFAEA02	91	identical-default	ibm/IFF/IFFAEA02.asm	unique	tape
MVSSRC.SYM202.F20	sym2-2	FILE0020	IFFAEA03	126	identical-default	ibm/IFF/IFFAEA03.asm	unique	tape
MVSSRC.SYM202.F20	sym2-2	FILE0020	IFFAEA04	399	identical-default	ibm/IFF/IFFAEA04.asm	unique	tape
MVSSRC.SYM202.F20	sym2-2	FILE0020	IFFAEA06	83	identical-default	ibm/IFF/IFFAEA06.asm	unique	tape
MVSSRC.SYM202.F20	sym2-2	FILE0020	IFFAEA07	84	identical-default	ibm/IFF/IFFAEA07.asm	unique	tape
MVSSRC.SYM202.F20	sym2-2	FILE0020	IFFAFA01	899	identical-default	ibm/IFF/IFFAFA01.asm	unique	tape
MVSSRC.SYM202.F20	sym2-2	FILE0020	IFFAFA02	1082	identical-default	ibm/IFF/IFFAFA02.asm	unique	tape
MVSSRC.SYM202.F20	sym2-2	FILE0020	IFFAFA03	1054	identical-default	ibm/IFF/IFFAFA03.asm	unique	tape
MVSSRC.SYM202.F20	sym2-2	FILE0020	IFFAFA04	710	identical-default	ibm/IFF/IFFAFA04.asm	unique	tape
MVSSRC.SYM202.F20	sym2-2	FILE0020	IFFAFA05	318	identical-default	ibm/IFF/IFFAFA05.asm	unique	tape
MVSSRC.SYM202.F20	sym2-2	FILE0020	IFFAFA06	179	identical-default	ibm/IFF/IFFAFA06.asm	unique	tape
MVSSRC.SYM202.F20	sym2-2	FILE0020	IFFAFA07	319	identical-default	ibm/IFF/IFFAFA07.asm	unique	tape
MVSSRC.SYM202.F20	sym2-2	FILE0020	IFFAFA08	446	identical-default	ibm/IFF/IFFAFA08.asm	unique	tape
MVSSRC.SYM202.F20	sym2-2	FILE0020	IFFAFA09	423	identical-default	ibm/IFF/IFFAFA09.asm	unique	tape
MVSSRC.SYM202.F20	sym2-2	FILE0020	IFFAFA11	289	identical-default	ibm/IFF/IFFAFA11.asm	unique	tape
MVSSRC.SYM202.F20	sym2-2	FILE0020	IFFAFA12	676	identical-default	ibm/IFF/IFFAFA12.asm	unique	tape
MVSSRC.SYM202.F20	sym2-2	FILE0020	IFFAFA13	203	identical-default	ibm/IFF/IFFAFA13.asm	unique	tape
MVSSRC.SYM202.F20	sym2-2	FILE0020	IFFAFA14	68	identical-default	ibm/IFF/IFFAFA14.asm	unique	tape
MVSSRC.SYM202.F20	sym2-2	FILE0020	IFFAFA15	366	identical-default	ibm/IFF/IFFAFA15.asm	unique	tape
MVSSRC.SYM202.F20	sym2-2	FILE0020	IFFAFA19	297	identical-default	ibm/IFF/IFFAFA19.asm	unique	tape
MVSSRC.SYM202.F20	sym2-2	FILE0020	IFFAGA01	421	identical-default	ibm/IFF/IFFAGA01.asm	unique	tape
MVSSRC.SYM202.F20	sym2-2	FILE0020	IFFAGA02	382	identical-default	ibm/IFF/IFFAGA02.asm	unique	tape
MVSSRC.SYM202.F20	sym2-2	FILE0020	IFFAGA03	174	identical-default	ibm/IFF/IFFAGA03.asm	unique	tape
MVSSRC.SYM202.F20	sym2-2	FILE0020	IFFAGA04	109	identical-default	ibm/IFF/IFFAGA04.asm	unique	tape
MVSSRC.SYM202.F20	sym2-2	FILE0020	IFFAGA05	328	identical-default	ibm/IFF/IFFAGA05.asm	unique	tape
MVSSRC.SYM202.F20	sym2-2	FILE0020	IFFAGA06	1229	identical-default	ibm/IFF/IFFAGA06.asm	unique	tape
MVSSRC.SYM202.F20	sym2-2	FILE0020	IFFAGA07	1002	identical-default	ibm/IFF/IFFAGA07.asm	unique	tape
MVSSRC.SYM202.F20	sym2-2	FILE0020	IFFAGA08	338	identical-default	ibm/IFF/IFFAGA08.asm	unique	tape
MVSSRC.SYM202.F20	sym2-2	FILE0020	IFFAHA01	517	identical-default	ibm/IFF/IFFAHA01.asm	unique	tape
MVSSRC.SYM202.F20	sym2-2	FILE0020	IFFAHA02	599	identical-default	ibm/IFF/IFFAHA02.asm	unique	tape
MVSSRC.SYM202.F20	sym2-2	FILE0020	IFFAHA03	304	identical-default	ibm/IFF/IFFAHA03.asm	unique	tape
MVSSRC.SYM202.F20	sym2-2	FILE0020	IFFAHA04	843	identical-default	ibm/IFF/IFFAHA04.asm	unique	tape
MVSSRC.SYM202.F20	sym2-2	FILE0020	IFFAHA05	918	identical-default	ibm/IFF/IFFAHA05.asm	unique	tape
MVSSRC.SYM202.F20	sym2-2	FILE0020	IFFAHA06	293	identical-default	ibm/IFF/IFFAHA06.asm	unique	tape
MVSSRC.SYM202.F20	sym2-2	FILE0020	IFFAHA07	599	identical-default	ibm/IFF/IFFAHA07.asm	unique	tape
MVSSRC.SYM202.F20	sym2-2	FILE0020	IFFAHA11	530	identical-default	ibm/IFF/IFFAHA11.asm	unique	tape
MVSSRC.SYM202.F20	sym2-2	FILE0020	IFFAHA12	329	identical-default	ibm/IFF/IFFAHA12.asm	unique	tape
MVSSRC.SYM202.F20	sym2-2	FILE0020	IFFAHA13	538	identical-default	ibm/IFF/IFFAHA13.asm	unique	tape
MVSSRC.SYM202.F20	sym2-2	FILE0020	IFFAHA16	296	identical-default	ibm/IFF/IFFAHA16.asm	unique	tape
MVSSRC.SYM202.F20	sym2-2	FILE0020	IFFAJA01	152	identical-default	ibm/IFF/IFFAJA01.asm	unique	tape
MVSSRC.SYM202.F20	sym2-2	FILE0020	IFFAJA02	242	identical-default	ibm/IFF/IFFAJA02.asm	unique	tape
MVSSRC.SYM202.F20	sym2-2	FILE0020	IFFAJA04	166	identical-default	ibm/IFF/IFFAJA04.asm	unique	tape
MVSSRC.SYM202.F20	sym2-2	FILE0020	IHCGSP01	136	identical-default	ibm/IHC/IHCGSP01.asm	unique	tape
MVSSRC.SYM202.F20	sym2-2	FILE0020	IHCGSP02	108	identical-default	ibm/IHC/IHCGSP02.asm	unique	tape
MVSSRC.SYM202.F20	sym2-2	FILE0020	IHCGSP03	295	identical-default	ibm/IHC/IHCGSP03.asm	unique	tape
MVSSRC.SYM202.F20	sym2-2	FILE0020	IHCGSP04	247	identical-default	ibm/IHC/IHCGSP04.asm	unique	tape
MVSSRC.SYM202.F20	sym2-2	FILE0020	IHDGSP01	134	identical-default	ibm/IHD/IHDGSP01.asm	unique	tape
MVSSRC.SYM202.F20	sym2-2	FILE0020	IHDGSP03	292	identical-default	ibm/IHD/IHDGSP03.asm	unique	tape
MVSSRC.SYM202.F20	sym2-2	FILE0020	IHEGSP03	320	identical-default	ibm/IHE/IHEGSP03.asm	unique	tape
MVSSRC.SYM202.F21	sym2-2	FILE0021	IGE0001G	1982	identical-default	ibm/IGE/IGE0001G.asm	unique	tape
MVSSRC.SYM202.F21	sym2-2	FILE0021	IGG0197V	3073	identical-default	ibm/IGG/IGG0197V.asm	unique	tape
MVSSRC.SYM202.F21	sym2-2	FILE0021	IGG019UM	1026	identical-default	ibm/IGG/IGG019UM.asm	unique	tape
MVSSRC.SYM202.F21	sym2-2	FILE0021	IGG019UN	709	identical-default	ibm/IGG/IGG019UN.asm	unique	tape
MVSSRC.SYM202.F21	sym2-2	FILE0021	IGG019UO	688	identical-default	ibm/IGG/IGG019UO.asm	unique	tape
MVSSRC.SYM202.F22	sym2-2	FILE0022	IGE0001F	1335	identical-default	ibm/IGE/IGE0001F.asm	unique	tape
MVSSRC.SYM202.F22	sym2-2	FILE0022	IGE0101F	2093	identical-default	ibm/IGE/IGE0101F.asm	unique	tape
MVSSRC.SYM202.F22	sym2-2	FILE0022	IGG0196R	1944	identical-default	ibm/IGG/IGG0196R.asm	unique	tape
MVSSRC.SYM202.F22	sym2-2	FILE0022	IGG019LS	781	identical-default	ibm/IGG/IGG019LS.asm	unique	tape
MVSSRC.SYM202.F22	sym2-2	FILE0022	IGG019LT	1502	identical-default	ibm/IGG/IGG019LT.asm	unique	tape
MVSSRC.SYM202.F22	sym2-2	FILE0022	IGG019LU	1196	identical-default	ibm/IGG/IGG019LU.asm	unique	tape
MVSSRC.SYM202.F22	sym2-2	FILE0022	IGG08108	4189	identical-default	ibm/IGG/IGG08108.asm	unique	tape
MVSSRC.SYM202.F23	sym2-2	FILE0023	IEBDISKT	10083	identical-default	ibm/IEB/IEBDISKT.asm	unique	tape
MVSSRC.SYM202.F23	sym2-2	FILE0023	IGE0002C	2966	identical-default	ibm/IGE/IGE0002C.asm	unique	tape
MVSSRC.SYM202.F23	sym2-2	FILE0023	IGG019VV	2460	identical-default	ibm/IGG/IGG019VV.asm	unique	tape
MVSSRC.SYM202.F23	sym2-2	FILE0023	IGG019VW	2200	identical-default	ibm/IGG/IGG019VW.asm	unique	tape
MVSSRC.SYM202.F23	sym2-2	FILE0023	IOEDKCLS	1338	identical-default	ibm/IOE/IOEDKCLS.asm	unique	tape
MVSSRC.SYM202.F23	sym2-2	FILE0023	IOEDKGET	1240	identical-default	ibm/IOE/IOEDKGET.asm	unique	tape
MVSSRC.SYM202.F23	sym2-2	FILE0023	IOEDKMSG	863	identical-default	ibm/IOE/IOEDKMSG.asm	unique	tape
MVSSRC.SYM202.F23	sym2-2	FILE0023	IOEDKOPN	3481	identical-default	ibm/IOE/IOEDKOPN.asm	unique	tape
MVSSRC.SYM202.F23	sym2-2	FILE0023	IOEDKPUT	1926	identical-default	ibm/IOE/IOEDKPUT.asm	unique	tape
MVSSRC.SYM202.F23	sym2-2	FILE0023	IOEDKRDR	7430	identical-default	ibm/IOE/IOEDKRDR.asm	unique	tape
MVSSRC.SYM202.F23	sym2-2	FILE0023	IOEDKWTR	6643	identical-default	ibm/IOE/IOEDKWTR.asm	unique	tape
MVSSRC.SYM202.F23	sym2-2	FILE0023	IOEESTAE	1139	identical-default	ibm/IOE/IOEESTAE.asm	unique	tape
MVSSRC.SYM202.F23	sym2-2	FILE0023	IOESDKTI	3964	identical-default	ibm/IOE/IOESDKTI.asm	unique	tape
MVSSRC.SYM202.F23	sym2-2	FILE0023	IOESDKTO	4404	identical-default	ibm/IOE/IOESDKTO.asm	unique	tape
MVSSRC.SYM202.F24	sym2-2	FILE0024	IGE0011C	580	identical-default	ibm/IGE/IGE0011C.asm	unique	tape
MVSSRC.SYM202.F24	sym2-2	FILE0024	IGE0011D	541	identical-default	ibm/IGE/IGE0011D.asm	unique	tape
MVSSRC.SYM202.F24	sym2-2	FILE0024	IGG0197A	520	identical-default	ibm/IGG/IGG0197A.asm	unique	tape
MVSSRC.SYM202.F24	sym2-2	FILE0024	IGG0197B	514	identical-default	ibm/IGG/IGG0197B.asm	unique	tape
MVSSRC.SYM202.F24	sym2-2	FILE0024	IGG019VA	248	identical-default	ibm/IGG/IGG019VA.asm	unique	tape
MVSSRC.SYM202.F24	sym2-2	FILE0024	IGG019VB	292	identical-default	ibm/IGG/IGG019VB.asm	unique	tape
MVSSRC.SYM202.F24	sym2-2	FILE0024	IGG019VC	263	identical-default	ibm/IGG/IGG019VC.asm	unique	tape
MVSSRC.SYM202.F24	sym2-2	FILE0024	IGG019VD	292	identical-default	ibm/IGG/IGG019VD.asm	unique	tape
MVSSRC.SYM202.F24	sym2-2	FILE0024	IGG019VE	589	identical-default	ibm/IGG/IGG019VE.asm	unique	tape
MVSSRC.SYM202.F24	sym2-2	FILE0024	IGG019VF	148	identical-default	ibm/IGG/IGG019VF.asm	unique	tape
MVSSRC.SYM202.F24	sym2-2	FILE0024	IGG019VG	569	identical-default	ibm/IGG/IGG019VG.asm	unique	tape
MVSSRC.SYM202.F24	sym2-2	FILE0024	IGG019VH	732	identical-default	ibm/IGG/IGG019VH.asm	unique	tape
MVSSRC.SYM202.F24	sym2-2	FILE0024	IGG019VI	190	identical-default	ibm/IGG/IGG019VI.asm	unique	tape
MVSSRC.SYM202.F24	sym2-2	FILE0024	IGG019VJ	333	identical-default	ibm/IGG/IGG019VJ.asm	unique	tape
MVSSRC.SYM202.F24	sym2-2	FILE0024	IGG019VK	393	identical-default	ibm/IGG/IGG019VK.asm	unique	tape
MVSSRC.SYM202.F25	sym2-2	FILE0025	IEBTCR02	179	identical-default	ibm/IEB/IEBTCR02.asm	unique	tape
MVSSRC.SYM202.F25	sym2-2	FILE0025	IEBTCR03	876	identical-default	ibm/IEB/IEBTCR03.asm	unique	tape
MVSSRC.SYM202.F25	sym2-2	FILE0025	IEBTCR04	1901	identical-default	ibm/IEB/IEBTCR04.asm	unique	tape
MVSSRC.SYM202.F25	sym2-2	FILE0025	IEBTCR05	1822	identical-default	ibm/IEB/IEBTCR05.asm	unique	tape
MVSSRC.SYM202.F25	sym2-2	FILE0025	IEBTCRIN	1721	identical-default	ibm/IEB/IEBTCRIN.asm	unique	tape
MVSSRC.SYM202.F25	sym2-2	FILE0025	IGE0011A	746	identical-default	ibm/IGE/IGE0011A.asm	unique	tape
MVSSRC.SYM202.F26	sym2-2	FILE0026	BNGC3270	1279	identical-default	ibm/BNG/BNGC3270.asm	unique	tape
MVSSRC.SYM202.F26	sym2-2	FILE0026	BNGCDISP	1547	identical-default	ibm/BNG/BNGCDISP.asm	unique	tape
MVSSRC.SYM202.F26	sym2-2	FILE0026	BNGCLOCL	511	identical-default	ibm/BNG/BNGCLOCL.asm	unique	tape
MVSSRC.SYM202.F26	sym2-2	FILE0026	BNGCMENU	341	identical-default	ibm/BNG/BNGCMENU.asm	unique	tape
MVSSRC.SYM202.F26	sym2-2	FILE0026	BNGCRMOT	653	identical-default	ibm/BNG/BNGCRMOT.asm	unique	tape
MVSSRC.SYM202.F26	sym2-2	FILE0026	BNGI3270	1293	identical-default	ibm/BNG/BNGI3270.asm	unique	tape
MVSSRC.SYM202.F26	sym2-2	FILE0026	BNGIDISP	1529	identical-default	ibm/BNG/BNGIDISP.asm	unique	tape
MVSSRC.SYM202.F26	sym2-2	FILE0026	BNGIEXIT	499	identical-default	ibm/BNG/BNGIEXIT.asm	unique	tape
MVSSRC.SYM202.F26	sym2-2	FILE0026	BNGILOCL	543	identical-default	ibm/BNG/BNGILOCL.asm	unique	tape
MVSSRC.SYM202.F26	sym2-2	FILE0026	BNGIMENU	191	identical-default	ibm/BNG/BNGIMENU.asm	unique	tape
MVSSRC.SYM202.F26	sym2-2	FILE0026	BNGIPCBX	2	identical-default	ibm/BNG/BNGIPCBX.asm	unique	tape
MVSSRC.SYM202.F26	sym2-2	FILE0026	BNGIREAD	219	identical-default	ibm/BNG/BNGIREAD.asm	unique	tape
MVSSRC.SYM202.F26	sym2-2	FILE0026	BNGIRMOT	637	identical-default	ibm/BNG/BNGIRMOT.asm	unique	tape
MVSSRC.SYM202.F26	sym2-2	FILE0026	BNGISIMS	127	identical-default	ibm/BNG/BNGISIMS.asm	unique	tape
MVSSRC.SYM202.F26	sym2-2	FILE0026	BNGLOGR2	846	identical-default	ibm/BNG/BNGLOGR2.asm	unique	tape
MVSSRC.SYM202.F26	sym2-2	FILE0026	BNGT3270	1296	identical-default	ibm/BNG/BNGT3270.asm	unique	tape
MVSSRC.SYM202.F26	sym2-2	FILE0026	BNGTDISP	1466	identical-default	ibm/BNG/BNGTDISP.asm	unique	tape
MVSSRC.SYM202.F26	sym2-2	FILE0026	BNGTLOCL	557	identical-default	ibm/BNG/BNGTLOCL.asm	unique	tape
MVSSRC.SYM202.F26	sym2-2	FILE0026	BNGTMENU	342	identical-default	ibm/BNG/BNGTMENU.asm	unique	tape
MVSSRC.SYM202.F26	sym2-2	FILE0026	BNGTQEMA	571	identical-default	ibm/BNG/BNGTQEMA.asm	unique	tape
MVSSRC.SYM202.F26	sym2-2	FILE0026	BNGTQEMF	434	identical-default	ibm/BNG/BNGTQEMF.asm	unique	tape
MVSSRC.SYM202.F26	sym2-2	FILE0026	BNGTRMOT	698	identical-default	ibm/BNG/BNGTRMOT.asm	unique	tape
MVSSRC.SYM202.F27	sym2-2	FILE0027	BLSCAMM1	89	identical-default	ibm/BLS/BLSCAMM1.asm	unique	tape
MVSSRC.SYM202.F27	sym2-2	FILE0027	BLSCAMM2	107	identical-default	ibm/BLS/BLSCAMM2.asm	unique	tape
MVSSRC.SYM202.F27	sym2-2	FILE0027	BLSCAMMM	917	identical-default	ibm/BLS/BLSCAMMM.asm	unique	tape
MVSSRC.SYM202.F27	sym2-2	FILE0027	BLSCAMSL	112	identical-default	ibm/BLS/BLSCAMSL.asm	unique	tape
MVSSRC.SYM202.F27	sym2-2	FILE0027	BLSCFRES	65	identical-default	ibm/BLS/BLSCFRES.asm	unique	tape
MVSSRC.SYM202.F27	sym2-2	FILE0027	BLSCGETF	84	identical-default	ibm/BLS/BLSCGETF.asm	unique	tape
MVSSRC.SYM202.F27	sym2-2	FILE0027	BLSCGETS	87	identical-default	ibm/BLS/BLSCGETS.asm	unique	tape
MVSSRC.SYM202.F27	sym2-2	FILE0027	BLSDMSGG	577	identical-default	ibm/BLS/BLSDMSGG.asm	unique	tape
MVSSRC.SYM202.F27	sym2-2	FILE0027	BLSR327A	453	identical-default	ibm/BLS/BLSR327A.asm	unique	tape
MVSSRC.SYM202.F27	sym2-2	FILE0027	BLSR327B	502	identical-default	ibm/BLS/BLSR327B.asm	unique	tape
MVSSRC.SYM202.F27	sym2-2	FILE0027	BLSR327C	59	identical-default	ibm/BLS/BLSR327C.asm	unique	tape
MVSSRC.SYM202.F27	sym2-2	FILE0027	BLSR327D	163	identical-default	ibm/BLS/BLSR327D.asm	unique	tape
MVSSRC.SYM202.F27	sym2-2	FILE0027	BLSR327E	28	identical-default	ibm/BLS/BLSR327E.asm	unique	tape
MVSSRC.SYM202.F27	sym2-2	FILE0027	BLSR327F	82	identical-default	ibm/BLS/BLSR327F.asm	unique	tape
MVSSRC.SYM202.F27	sym2-2	FILE0027	BLSR327G	83	identical-default	ibm/BLS/BLSR327G.asm	unique	tape
MVSSRC.SYM202.F27	sym2-2	FILE0027	BLSR327H	106	identical-default	ibm/BLS/BLSR327H.asm	unique	tape
MVSSRC.SYM202.F27	sym2-2	FILE0027	BLSR327I	232	identical-default	ibm/BLS/BLSR327I.asm	unique	tape
MVSSRC.SYM202.F27	sym2-2	FILE0027	BLSR327J	462	identical-default	ibm/BLS/BLSR327J.asm	unique	tape
MVSSRC.SYM202.F27	sym2-2	FILE0027	BLSR327M	13	identical-default	ibm/BLS/BLSR327M.asm	unique	tape
MVSSRC.SYM202.F27	sym2-2	FILE0027	BLSR327P	72	identical-default	ibm/BLS/BLSR327P.asm	unique	tape
MVSSRC.SYM202.F27	sym2-2	FILE0027	BLSR327W	96	identical-default	ibm/BLS/BLSR327W.asm	unique	tape
MVSSRC.SYM202.F27	sym2-2	FILE0027	BLSR327X	106	identical-default	ibm/BLS/BLSR327X.asm	unique	tape
MVSSRC.SYM202.F27	sym2-2	FILE0027	BLSRCKLT	10	identical-default	ibm/BLS/BLSRCKLT.asm	unique	tape
MVSSRC.SYM202.F27	sym2-2	FILE0027	BLSRCVTA	19	identical-default	ibm/BLS/BLSRCVTA.asm	unique	tape
MVSSRC.SYM202.F27	sym2-2	FILE0027	BLSRDEND	38	identical-default	ibm/BLS/BLSRDEND.asm	unique	tape
MVSSRC.SYM202.F27	sym2-2	FILE0027	BLSRDT	12	identical-default	ibm/BLS/BLSRDT.asm	unique	tape
MVSSRC.SYM202.F27	sym2-2	FILE0027	BLSRDTD	30	identical-default	ibm/BLS/BLSRDTD.asm	unique	tape
MVSSRC.SYM202.F27	sym2-2	FILE0027	BLSREUA	7	identical-default	ibm/BLS/BLSREUA.asm	unique	tape
MVSSRC.SYM202.F27	sym2-2	FILE0027	BLSRRA	7	identical-default	ibm/BLS/BLSRRA.asm	unique	tape
MVSSRC.SYM202.F27	sym2-2	FILE0027	BLSRROTB	14	identical-default	ibm/BLS/BLSRROTB.asm	unique	tape
MVSSRC.SYM202.F27	sym2-2	FILE0027	BLSRSBA	7	identical-default	ibm/BLS/BLSRSBA.asm	unique	tape
MVSSRC.SYM202.F27	sym2-2	FILE0027	BLSRSF	21	identical-default	ibm/BLS/BLSRSF.asm	unique	tape
MVSSRC.SYM202.F27	sym2-2	FILE0027	BLSRWCC	16	identical-default	ibm/BLS/BLSRWCC.asm	unique	tape
MVSSRC.SYM202.F27	sym2-2	FILE0027	BLSUALL2	17	identical-default	ibm/BLS/BLSUALL2.asm	unique	tape
MVSSRC.SYM202.F27	sym2-2	FILE0027	BLSUALLR	17	identical-default	ibm/BLS/BLSUALLR.asm	unique	tape
MVSSRC.SYM202.F27	sym2-2	FILE0027	BLSUALLS	17	identical-default	ibm/BLS/BLSUALLS.asm	unique	tape
MVSSRC.SYM202.F27	sym2-2	FILE0027	BLSUFRE2	18	identical-default	ibm/BLS/BLSUFRE2.asm	unique	tape
MVSSRC.SYM202.F27	sym2-2	FILE0027	BLSUFRER	17	identical-default	ibm/BLS/BLSUFRER.asm	unique	tape
MVSSRC.SYM202.F27	sym2-2	FILE0027	BLSUFRES	18	identical-default	ibm/BLS/BLSUFRES.asm	unique	tape
MVSSRC.SYM202.F27	sym2-2	FILE0027	BLSUSTBE	10	identical-default	ibm/BLS/BLSUSTBE.asm	unique	tape
MVSSRC.SYM202.F27	sym2-2	FILE0027	BLSUSTBN	66	identical-default	ibm/BLS/BLSUSTBN.asm	unique	tape
MVSSRC.SYM202.F27	sym2-2	FILE0027	BLSUSTBO	14	identical-default	ibm/BLS/BLSUSTBO.asm	unique	tape
MVSSRC.SYM202.F28	sym2-2	FILE0028	BLSCAAMS	1518	identical-default	ibm/BLS/BLSCAAMS.asm	unique	tape
MVSSRC.SYM202.F28	sym2-2	FILE0028	BLSCABLD	3177	identical-default	ibm/BLS/BLSCABLD.asm	unique	tape
MVSSRC.SYM202.F28	sym2-2	FILE0028	BLSCADST	394	identical-default	ibm/BLS/BLSCADST.asm	unique	tape
MVSSRC.SYM202.F28	sym2-2	FILE0028	BLSCADYN	673	identical-default	ibm/BLS/BLSCADYN.asm	unique	tape
MVSSRC.SYM202.F28	sym2-2	FILE0028	BLSCAINT	613	identical-default	ibm/BLS/BLSCAINT.asm	unique	tape
MVSSRC.SYM202.F28	sym2-2	FILE0028	BLSCALOC	1802	identical-default	ibm/BLS/BLSCALOC.asm	unique	tape
MVSSRC.SYM202.F28	sym2-2	FILE0028	BLSCAMER	1304	identical-default	ibm/BLS/BLSCAMER.asm	unique	tape
MVSSRC.SYM202.F28	sym2-2	FILE0028	BLSCAMIN	426	identical-default	ibm/BLS/BLSCAMIN.asm	unique	tape
MVSSRC.SYM202.F28	sym2-2	FILE0028	BLSCAMOD	164	identical-default	ibm/BLS/BLSCAMOD.asm	unique	tape
MVSSRC.SYM202.F28	sym2-2	FILE0028	BLSCAMPR	446	identical-default	ibm/BLS/BLSCAMPR.asm	unique	tape
MVSSRC.SYM202.F28	sym2-2	FILE0028	BLSCANAL	1035	identical-default	ibm/BLS/BLSCANAL.asm	unique	tape
MVSSRC.SYM202.F28	sym2-2	FILE0028	BLSCANLE	1922	identical-default	ibm/BLS/BLSCANLE.asm	unique	tape
MVSSRC.SYM202.F28	sym2-2	FILE0028	BLSCANLI	1472	identical-default	ibm/BLS/BLSCANLI.asm	unique	tape
MVSSRC.SYM202.F28	sym2-2	FILE0028	BLSCCLSE	665	identical-default	ibm/BLS/BLSCCLSE.asm	unique	tape
MVSSRC.SYM202.F28	sym2-2	FILE0028	BLSCENDD	421	identical-default	ibm/BLS/BLSCENDD.asm	unique	tape
MVSSRC.SYM202.F28	sym2-2	FILE0028	BLSCERSE	569	identical-default	ibm/BLS/BLSCERSE.asm	unique	tape
MVSSRC.SYM202.F28	sym2-2	FILE0028	BLSCFAMS	1658	identical-default	ibm/BLS/BLSCFAMS.asm	unique	tape
MVSSRC.SYM202.F28	sym2-2	FILE0028	BLSCFDYN	1181	identical-default	ibm/BLS/BLSCFDYN.asm	unique	tape
MVSSRC.SYM202.F28	sym2-2	FILE0028	BLSCFREE	1242	identical-default	ibm/BLS/BLSCFREE.asm	unique	tape
MVSSRC.SYM202.F28	sym2-2	FILE0028	BLSCGETT	1197	identical-default	ibm/BLS/BLSCGETT.asm	unique	tape
MVSSRC.SYM202.F28	sym2-2	FILE0028	BLSCGMF	618	identical-default	ibm/BLS/BLSCGMF.asm	unique	tape
MVSSRC.SYM202.F28	sym2-2	FILE0028	BLSCHOK	317	identical-default	ibm/BLS/BLSCHOK.asm	unique	tape
MVSSRC.SYM202.F28	sym2-2	FILE0028	BLSCOPEN	1181	identical-default	ibm/BLS/BLSCOPEN.asm	unique	tape
MVSSRC.SYM202.F28	sym2-2	FILE0028	BLSCPOIN	564	identical-default	ibm/BLS/BLSCPOIN.asm	unique	tape
MVSSRC.SYM202.F28	sym2-2	FILE0028	BLSCPUTT	1152	identical-default	ibm/BLS/BLSCPUTT.asm	unique	tape
MVSSRC.SYM202.F28	sym2-2	FILE0028	BLSCRECV	637	identical-default	ibm/BLS/BLSCRECV.asm	unique	tape
MVSSRC.SYM202.F28	sym2-2	FILE0028	BLSCRFM	452	identical-default	ibm/BLS/BLSCRFM.asm	unique	tape
MVSSRC.SYM202.F28	sym2-2	FILE0028	BLSCRQST	471	identical-default	ibm/BLS/BLSCRQST.asm	unique	tape
MVSSRC.SYM202.F28	sym2-2	FILE0028	BLSCRTCB	1417	identical-default	ibm/BLS/BLSCRTCB.asm	unique	tape
MVSSRC.SYM202.F28	sym2-2	FILE0028	BLSCSETT	1340	identical-default	ibm/BLS/BLSCSETT.asm	unique	tape
MVSSRC.SYM202.F28	sym2-2	FILE0028	BLSCVALT	929	identical-default	ibm/BLS/BLSCVALT.asm	unique	tape
MVSSRC.SYM202.F28	sym2-2	FILE0028	BLSDADSD	1059	identical-default	ibm/BLS/BLSDADSD.asm	unique	tape
MVSSRC.SYM202.F28	sym2-2	FILE0028	BLSDAPDR	1058	identical-default	ibm/BLS/BLSDAPDR.asm	unique	tape
MVSSRC.SYM202.F28	sym2-2	FILE0028	BLSDC070	832	identical-default	ibm/BLS/BLSDC070.asm	unique	tape
MVSSRC.SYM202.F28	sym2-2	FILE0028	BLSDC128	832	identical-default	ibm/BLS/BLSDC128.asm	unique	tape
MVSSRC.SYM202.F28	sym2-2	FILE0028	BLSDC600	832	identical-default	ibm/BLS/BLSDC600.asm	unique	tape
MVSSRC.SYM202.F28	sym2-2	FILE0028	BLSDDEQP	812	identical-default	ibm/BLS/BLSDDEQP.asm	unique	tape
MVSSRC.SYM202.F28	sym2-2	FILE0028	BLSDDT00	1246	identical-default	ibm/BLS/BLSDDT00.asm	unique	tape
MVSSRC.SYM202.F28	sym2-2	FILE0028	BLSDENQ0	909	identical-default	ibm/BLS/BLSDENQ0.asm	unique	tape
MVSSRC.SYM202.F28	sym2-2	FILE0028	BLSDENQP	959	identical-default	ibm/BLS/BLSDENQP.asm	unique	tape
MVSSRC.SYM202.F28	sym2-2	FILE0028	BLSDFDSD	1799	identical-default	ibm/BLS/BLSDFDSD.asm	unique	tape
MVSSRC.SYM202.F28	sym2-2	FILE0028	BLSDFPDR	1911	identical-default	ibm/BLS/BLSDFPDR.asm	unique	tape
MVSSRC.SYM202.F28	sym2-2	FILE0028	BLSDIFP0	2189	identical-default	ibm/BLS/BLSDIFP0.asm	unique	tape
MVSSRC.SYM202.F28	sym2-2	FILE0028	BLSDMSG0	1776	identical-default	ibm/BLS/BLSDMSG0.asm	unique	tape
MVSSRC.SYM202.F28	sym2-2	FILE0028	BLSDMSGS	359	identical-default	ibm/BLS/BLSDMSGS.asm	unique	tape
MVSSRC.SYM202.F28	sym2-2	FILE0028	BLSDPC00	872	identical-default	ibm/BLS/BLSDPC00.asm	unique	tape
MVSSRC.SYM202.F28	sym2-2	FILE0028	BLSDSTAE	1211	identical-default	ibm/BLS/BLSDSTAE.asm	unique	tape
MVSSRC.SYM202.F28	sym2-2	FILE0028	BLSDSV00	793	identical-default	ibm/BLS/BLSDSV00.asm	unique	tape
MVSSRC.SYM202.F28	sym2-2	FILE0028	BLSDTIME	1298	identical-default	ibm/BLS/BLSDTIME.asm	unique	tape
MVSSRC.SYM202.F28	sym2-2	FILE0028	BLSDTM00	1115	identical-default	ibm/BLS/BLSDTM00.asm	unique	tape
MVSSRC.SYM202.F28	sym2-2	FILE0028	BLSDVECT	686	identical-default	ibm/BLS/BLSDVECT.asm	unique	tape
MVSSRC.SYM202.F28	sym2-2	FILE0028	BLSDWAIT	906	identical-default	ibm/BLS/BLSDWAIT.asm	unique	tape
MVSSRC.SYM202.F28	sym2-2	FILE0028	BLSEADP1	2234	identical-default	ibm/BLS/BLSEADP1.asm	unique	tape
MVSSRC.SYM202.F28	sym2-2	FILE0028	BLSEADPR	3906	identical-default	ibm/BLS/BLSEADPR.asm	unique	tape
MVSSRC.SYM202.F28	sym2-2	FILE0028	BLSEAUTH	977	identical-default	ibm/BLS/BLSEAUTH.asm	unique	tape
MVSSRC.SYM202.F28	sym2-2	FILE0028	BLSEDEL0	2114	identical-default	ibm/BLS/BLSEDEL0.asm	unique	tape
MVSSRC.SYM202.F28	sym2-2	FILE0028	BLSEDEL1	960	identical-default	ibm/BLS/BLSEDEL1.asm	unique	tape
MVSSRC.SYM202.F28	sym2-2	FILE0028	BLSEDELC	1373	identical-default	ibm/BLS/BLSEDELC.asm	unique	tape
MVSSRC.SYM202.F28	sym2-2	FILE0028	BLSELPCC	913	identical-default	ibm/BLS/BLSELPCC.asm	unique	tape
MVSSRC.SYM202.F28	sym2-2	FILE0028	BLSELPCL	1071	identical-default	ibm/BLS/BLSELPCL.asm	unique	tape
MVSSRC.SYM202.F28	sym2-2	FILE0028	BLSELPCT	1536	identical-default	ibm/BLS/BLSELPCT.asm	unique	tape
MVSSRC.SYM202.F28	sym2-2	FILE0028	BLSELPDR	3485	identical-default	ibm/BLS/BLSELPDR.asm	unique	tape
MVSSRC.SYM202.F28	sym2-2	FILE0028	BLSELPDS	844	identical-default	ibm/BLS/BLSELPDS.asm	unique	tape
MVSSRC.SYM202.F28	sym2-2	FILE0028	BLSELPFM	1018	identical-default	ibm/BLS/BLSELPFM.asm	unique	tape
MVSSRC.SYM202.F28	sym2-2	FILE0028	BLSELPFR	1535	identical-default	ibm/BLS/BLSELPFR.asm	unique	tape
MVSSRC.SYM202.F28	sym2-2	FILE0028	BLSELPOP	2969	identical-default	ibm/BLS/BLSELPOP.asm	unique	tape
MVSSRC.SYM202.F29	sym2-2	FILE0029	BLSELP00	3191	identical-default	ibm/BLS/BLSELP00.asm	unique	tape
MVSSRC.SYM202.F29	sym2-2	FILE0029	BLSEMDP1	1554	identical-default	ibm/BLS/BLSEMDP1.asm	unique	tape
MVSSRC.SYM202.F29	sym2-2	FILE0029	BLSEMDPR	4002	identical-default	ibm/BLS/BLSEMDPR.asm	unique	tape
MVSSRC.SYM202.F29	sym2-2	FILE0029	BLSFAD00	2863	identical-default	ibm/BLS/BLSFAD00.asm	unique	tape
MVSSRC.SYM202.F29	sym2-2	FILE0029	BLSFAV00	1234	identical-default	ibm/BLS/BLSFAV00.asm	unique	tape
MVSSRC.SYM202.F29	sym2-2	FILE0029	BLSFBP00	880	identical-default	ibm/BLS/BLSFBP00.asm	unique	tape
MVSSRC.SYM202.F29	sym2-2	FILE0029	BLSFCLOS	1024	identical-default	ibm/BLS/BLSFCLOS.asm	unique	tape
MVSSRC.SYM202.F29	sym2-2	FILE0029	BLSFCN00	1236	identical-default	ibm/BLS/BLSFCN00.asm	unique	tape
MVSSRC.SYM202.F29	sym2-2	FILE0029	BLSFCONF	869	identical-default	ibm/BLS/BLSFCONF.asm	unique	tape
MVSSRC.SYM202.F29	sym2-2	FILE0029	BLSFDALL	1056	identical-default	ibm/BLS/BLSFDALL.asm	unique	tape
MVSSRC.SYM202.F29	sym2-2	FILE0029	BLSFDD00	1411	identical-default	ibm/BLS/BLSFDD00.asm	unique	tape
MVSSRC.SYM202.F29	sym2-2	FILE0029	BLSFDDDP	1466	identical-default	ibm/BLS/BLSFDDDP.asm	unique	tape
MVSSRC.SYM202.F29	sym2-2	FILE0029	BLSFDEL	2611	identical-default	ibm/BLS/BLSFDEL.asm	unique	tape
MVSSRC.SYM202.F29	sym2-2	FILE0029	BLSFDERS	1220	identical-default	ibm/BLS/BLSFDERS.asm	unique	tape
MVSSRC.SYM202.F29	sym2-2	FILE0029	BLSFDF00	835	identical-default	ibm/BLS/BLSFDF00.asm	unique	tape
MVSSRC.SYM202.F29	sym2-2	FILE0029	BLSFDS00	1045	identical-default	ibm/BLS/BLSFDS00.asm	unique	tape
MVSSRC.SYM202.F29	sym2-2	FILE0029	BLSFERAS	1023	identical-default	ibm/BLS/BLSFERAS.asm	unique	tape
MVSSRC.SYM202.F29	sym2-2	FILE0029	BLSFFL00	1003	identical-default	ibm/BLS/BLSFFL00.asm	unique	tape
MVSSRC.SYM202.F29	sym2-2	FILE0029	BLSFFP00	1008	identical-default	ibm/BLS/BLSFFP00.asm	unique	tape
MVSSRC.SYM202.F29	sym2-2	FILE0029	BLSFGD00	1324	identical-default	ibm/BLS/BLSFGD00.asm	unique	tape
MVSSRC.SYM202.F29	sym2-2	FILE0029	BLSFGG00	1335	identical-default	ibm/BLS/BLSFGG00.asm	unique	tape
MVSSRC.SYM202.F29	sym2-2	FILE0029	BLSFGP00	1360	identical-default	ibm/BLS/BLSFGP00.asm	unique	tape
MVSSRC.SYM202.F29	sym2-2	FILE0029	BLSFLALL	1127	identical-default	ibm/BLS/BLSFLALL.asm	unique	tape
MVSSRC.SYM202.F29	sym2-2	FILE0029	BLSFLD00	1609	identical-default	ibm/BLS/BLSFLD00.asm	unique	tape
MVSSRC.SYM202.F29	sym2-2	FILE0029	BLSFLONE	901	identical-default	ibm/BLS/BLSFLONE.asm	unique	tape
MVSSRC.SYM202.F29	sym2-2	FILE0029	BLSFLP00	1245	identical-default	ibm/BLS/BLSFLP00.asm	unique	tape
MVSSRC.SYM202.F29	sym2-2	FILE0029	BLSFMD00	2263	identical-default	ibm/BLS/BLSFMD00.asm	unique	tape
MVSSRC.SYM202.F29	sym2-2	FILE0029	BLSFND00	1013	identical-default	ibm/BLS/BLSFND00.asm	unique	tape
MVSSRC.SYM202.F29	sym2-2	FILE0029	BLSFND01	822	identical-default	ibm/BLS/BLSFND01.asm	unique	tape
MVSSRC.SYM202.F29	sym2-2	FILE0029	BLSFOD00	1309	identical-default	ibm/BLS/BLSFOD00.asm	unique	tape
MVSSRC.SYM202.F29	sym2-2	FILE0029	BLSFOPEN	1122	identical-default	ibm/BLS/BLSFOPEN.asm	unique	tape
MVSSRC.SYM202.F29	sym2-2	FILE0029	BLSFPARS	1340	identical-default	ibm/BLS/BLSFPARS.asm	unique	tape
MVSSRC.SYM202.F29	sym2-2	FILE0029	BLSFPERA	1370	identical-default	ibm/BLS/BLSFPERA.asm	unique	tape
MVSSRC.SYM202.F29	sym2-2	FILE0029	BLSFPERS	1185	identical-default	ibm/BLS/BLSFPERS.asm	unique	tape
MVSSRC.SYM202.F29	sym2-2	FILE0029	BLSFPS00	1185	identical-default	ibm/BLS/BLSFPS00.asm	unique	tape
MVSSRC.SYM202.F29	sym2-2	FILE0029	BLSFSCRT	2473	identical-default	ibm/BLS/BLSFSCRT.asm	unique	tape
MVSSRC.SYM202.F29	sym2-2	FILE0029	BLSFSD00	1092	identical-default	ibm/BLS/BLSFSD00.asm	unique	tape
MVSSRC.SYM202.F29	sym2-2	FILE0029	BLSFSL00	848	identical-default	ibm/BLS/BLSFSL00.asm	unique	tape
MVSSRC.SYM202.F29	sym2-2	FILE0029	BLSFTL00	1027	identical-default	ibm/BLS/BLSFTL00.asm	unique	tape
MVSSRC.SYM202.F29	sym2-2	FILE0029	BLSFUD00	2080	identical-default	ibm/BLS/BLSFUD00.asm	unique	tape
MVSSRC.SYM202.F29	sym2-2	FILE0029	BLSFUP00	2130	identical-default	ibm/BLS/BLSFUP00.asm	unique	tape
MVSSRC.SYM202.F29	sym2-2	FILE0029	BLSFVRFY	1449	identical-default	ibm/BLS/BLSFVRFY.asm	unique	tape
MVSSRC.SYM202.F29	sym2-2	FILE0029	BLSRACC	1187	identical-default	ibm/BLS/BLSRACC.asm	unique	tape
MVSSRC.SYM202.F29	sym2-2	FILE0029	BLSRACCL	1242	identical-default	ibm/BLS/BLSRACCL.asm	unique	tape
MVSSRC.SYM202.F29	sym2-2	FILE0029	BLSRACCQ	2185	identical-default	ibm/BLS/BLSRACCQ.asm	unique	tape
MVSSRC.SYM202.F29	sym2-2	FILE0029	BLSRADD1	3034	identical-default	ibm/BLS/BLSRADD1.asm	unique	tape
MVSSRC.SYM202.F29	sym2-2	FILE0029	BLSRADD2	1108	identical-default	ibm/BLS/BLSRADD2.asm	unique	tape
MVSSRC.SYM202.F29	sym2-2	FILE0029	BLSRADD3	1352	identical-default	ibm/BLS/BLSRADD3.asm	unique	tape
MVSSRC.SYM202.F29	sym2-2	FILE0029	BLSRADD4	1149	identical-default	ibm/BLS/BLSRADD4.asm	unique	tape
MVSSRC.SYM202.F29	sym2-2	FILE0029	BLSRADDP	1466	identical-default	ibm/BLS/BLSRADDP.asm	unique	tape
MVSSRC.SYM202.F29	sym2-2	FILE0029	BLSRADDR	1588	identical-default	ibm/BLS/BLSRADDR.asm	unique	tape
MVSSRC.SYM202.F29	sym2-2	FILE0029	BLSRADDS	1206	identical-default	ibm/BLS/BLSRADDS.asm	unique	tape
MVSSRC.SYM202.F29	sym2-2	FILE0029	BLSRADDT	1096	identical-default	ibm/BLS/BLSRADDT.asm	unique	tape
MVSSRC.SYM202.F29	sym2-2	FILE0029	BLSRADDU	1193	identical-default	ibm/BLS/BLSRADDU.asm	unique	tape
MVSSRC.SYM202.F30	sym2-2	FILE0030	BLSRASCX	1309	identical-default	ibm/BLS/BLSRASCX.asm	unique	tape
MVSSRC.SYM202.F30	sym2-2	FILE0030	BLSRASM7	3677	identical-default	ibm/BLS/BLSRASM7.asm	unique	tape
MVSSRC.SYM202.F30	sym2-2	FILE0030	BLSRCOMK	3279	identical-default	ibm/BLS/BLSRCOMK.asm	unique	tape
MVSSRC.SYM202.F30	sym2-2	FILE0030	BLSRCOMP	3132	identical-default	ibm/BLS/BLSRCOMP.asm	unique	tape
MVSSRC.SYM202.F30	sym2-2	FILE0030	BLSRDUAL	1642	identical-default	ibm/BLS/BLSRDUAL.asm	unique	tape
MVSSRC.SYM202.F30	sym2-2	FILE0030	BLSRDUCC	1368	identical-default	ibm/BLS/BLSRDUCC.asm	unique	tape
MVSSRC.SYM202.F30	sym2-2	FILE0030	BLSRDUCK	960	identical-default	ibm/BLS/BLSRDUCK.asm	unique	tape
MVSSRC.SYM202.F30	sym2-2	FILE0030	BLSRDUCL	1292	identical-default	ibm/BLS/BLSRDUCL.asm	unique	tape
MVSSRC.SYM202.F30	sym2-2	FILE0030	BLSRDUDE	1374	identical-default	ibm/BLS/BLSRDUDE.asm	unique	tape
MVSSRC.SYM202.F30	sym2-2	FILE0030	BLSRDUDR	1514	identical-default	ibm/BLS/BLSRDUDR.asm	unique	tape
MVSSRC.SYM202.F30	sym2-2	FILE0030	BLSRDUIC	1147	identical-default	ibm/BLS/BLSRDUIC.asm	unique	tape
MVSSRC.SYM202.F30	sym2-2	FILE0030	BLSRDUIH	1236	identical-default	ibm/BLS/BLSRDUIH.asm	unique	tape
MVSSRC.SYM202.F30	sym2-2	FILE0030	BLSRDUIN	2000	identical-default	ibm/BLS/BLSRDUIN.asm	unique	tape
MVSSRC.SYM202.F30	sym2-2	FILE0030	BLSRDUIS	1464	identical-default	ibm/BLS/BLSRDUIS.asm	unique	tape
MVSSRC.SYM202.F30	sym2-2	FILE0030	BLSRDULS	1430	identical-default	ibm/BLS/BLSRDULS.asm	unique	tape
MVSSRC.SYM202.F30	sym2-2	FILE0030	BLSRDUOP	1803	identical-default	ibm/BLS/BLSRDUOP.asm	unique	tape
MVSSRC.SYM202.F30	sym2-2	FILE0030	BLSRDUSC	2533	identical-default	ibm/BLS/BLSRDUSC.asm	unique	tape
MVSSRC.SYM202.F30	sym2-2	FILE0030	BLSRENQK	4071	identical-default	ibm/BLS/BLSRENQK.asm	unique	tape
MVSSRC.SYM202.F30	sym2-2	FILE0030	BLSREQU	1508	identical-default	ibm/BLS/BLSREQU.asm	unique	tape
MVSSRC.SYM202.F30	sym2-2	FILE0030	BLSRESAR	1046	identical-default	ibm/BLS/BLSRESAR.asm	unique	tape
MVSSRC.SYM202.F30	sym2-2	FILE0030	BLSRESCK	1730	identical-default	ibm/BLS/BLSRESCK.asm	unique	tape
MVSSRC.SYM202.F30	sym2-2	FILE0030	BLSRESDR	1672	identical-default	ibm/BLS/BLSRESDR.asm	unique	tape
MVSSRC.SYM202.F30	sym2-2	FILE0030	BLSRESGC	1187	identical-default	ibm/BLS/BLSRESGC.asm	unique	tape
MVSSRC.SYM202.F30	sym2-2	FILE0030	BLSRESGE	1402	identical-default	ibm/BLS/BLSRESGE.asm	unique	tape
MVSSRC.SYM202.F30	sym2-2	FILE0030	BLSRESGQ	1004	identical-default	ibm/BLS/BLSRESGQ.asm	unique	tape
MVSSRC.SYM202.F30	sym2-2	FILE0030	BLSRESGU	982	identical-default	ibm/BLS/BLSRESGU.asm	unique	tape
MVSSRC.SYM202.F30	sym2-2	FILE0030	BLSRESPU	988	identical-default	ibm/BLS/BLSRESPU.asm	unique	tape
MVSSRC.SYM202.F30	sym2-2	FILE0030	BLSRESRU	1300	identical-default	ibm/BLS/BLSRESRU.asm	unique	tape
MVSSRC.SYM202.F30	sym2-2	FILE0030	BLSREVAL	1519	identical-default	ibm/BLS/BLSREVAL.asm	unique	tape
MVSSRC.SYM202.F30	sym2-2	FILE0030	BLSRFIND	3399	identical-default	ibm/BLS/BLSRFIND.asm	unique	tape
MVSSRC.SYM202.F30	sym2-2	FILE0030	BLSRFMOD	3084	identical-default	ibm/BLS/BLSRFMOD.asm	unique	tape
MVSSRC.SYM202.F30	sym2-2	FILE0030	BLSRFUCB	1393	identical-default	ibm/BLS/BLSRFUCB.asm	unique	tape
MVSSRC.SYM202.F30	sym2-2	FILE0030	BLSRIOSK	3800	identical-default	ibm/BLS/BLSRIOSK.asm	unique	tape
MVSSRC.SYM202.F30	sym2-2	FILE0030	BLSRLIST	1757	identical-default	ibm/BLS/BLSRLIST.asm	unique	tape
MVSSRC.SYM202.F30	sym2-2	FILE0030	BLSRLSYM	2292	identical-default	ibm/BLS/BLSRLSYM.asm	unique	tape
MVSSRC.SYM202.F30	sym2-2	FILE0030	BLSRMSGA	1316	identical-default	ibm/BLS/BLSRMSGA.asm	unique	tape
MVSSRC.SYM202.F30	sym2-2	FILE0030	BLSRMSGB	1197	identical-default	ibm/BLS/BLSRMSGB.asm	unique	tape
MVSSRC.SYM202.F30	sym2-2	FILE0030	BLSRMSGD	1140	identical-default	ibm/BLS/BLSRMSGD.asm	unique	tape
MVSSRC.SYM202.F30	sym2-2	FILE0030	BLSRPADS	1301	identical-default	ibm/BLS/BLSRPADS.asm	unique	tape
MVSSRC.SYM202.F30	sym2-2	FILE0030	BLSRPHAR	933	identical-default	ibm/BLS/BLSRPHAR.asm	unique	tape
MVSSRC.SYM202.F30	sym2-2	FILE0030	BLSRPHGE	1162	identical-default	ibm/BLS/BLSRPHGE.asm	unique	tape
MVSSRC.SYM202.F30	sym2-2	FILE0030	BLSRRAAR	3040	identical-default	ibm/BLS/BLSRRAAR.asm	unique	tape
MVSSRC.SYM202.F30	sym2-2	FILE0030	BLSRRACR	1595	identical-default	ibm/BLS/BLSRRACR.asm	unique	tape
MVSSRC.SYM202.F30	sym2-2	FILE0030	BLSRRACV	1739	identical-default	ibm/BLS/BLSRRACV.asm	unique	tape
MVSSRC.SYM202.F31	sym2-2	FILE0031	BLSR3270	1921	identical-default	ibm/BLS/BLSR3270.asm	unique	tape
MVSSRC.SYM202.F31	sym2-2	FILE0031	BLSRRAGE	1596	identical-default	ibm/BLS/BLSRRAGE.asm	unique	tape
MVSSRC.SYM202.F31	sym2-2	FILE0031	BLSRRDAR	928	identical-default	ibm/BLS/BLSRRDAR.asm	unique	tape
MVSSRC.SYM202.F31	sym2-2	FILE0031	BLSRRDGE	1247	identical-default	ibm/BLS/BLSRRDGE.asm	unique	tape
MVSSRC.SYM202.F31	sym2-2	FILE0031	BLSRRDPU	1282	identical-default	ibm/BLS/BLSRRDPU.asm	unique	tape
MVSSRC.SYM202.F31	sym2-2	FILE0031	BLSRRNCH	2390	identical-default	ibm/BLS/BLSRRNCH.asm	unique	tape
MVSSRC.SYM202.F31	sym2-2	FILE0031	BLSRSAAR	1007	identical-default	ibm/BLS/BLSRSAAR.asm	unique	tape
MVSSRC.SYM202.F31	sym2-2	FILE0031	BLSRSADE	2269	identical-default	ibm/BLS/BLSRSADE.asm	unique	tape
MVSSRC.SYM202.F31	sym2-2	FILE0031	BLSRSAG	1741	identical-default	ibm/BLS/BLSRSAG.asm	unique	tape
MVSSRC.SYM202.F31	sym2-2	FILE0031	BLSRSAGC	1248	identical-default	ibm/BLS/BLSRSAGC.asm	unique	tape
MVSSRC.SYM202.F31	sym2-2	FILE0031	BLSRSAGE	912	identical-default	ibm/BLS/BLSRSAGE.asm	unique	tape
MVSSRC.SYM202.F31	sym2-2	FILE0031	BLSRSAGN	1156	identical-default	ibm/BLS/BLSRSAGN.asm	unique	tape
MVSSRC.SYM202.F31	sym2-2	FILE0031	BLSRSAGQ	1066	identical-default	ibm/BLS/BLSRSAGQ.asm	unique	tape
MVSSRC.SYM202.F31	sym2-2	FILE0031	BLSRSAGU	1028	identical-default	ibm/BLS/BLSRSAGU.asm	unique	tape
MVSSRC.SYM202.F31	sym2-2	FILE0031	BLSRSALI	2929	identical-default	ibm/BLS/BLSRSALI.asm	unique	tape
MVSSRC.SYM202.F31	sym2-2	FILE0031	BLSRSAPC	1224	identical-default	ibm/BLS/BLSRSAPC.asm	unique	tape
MVSSRC.SYM202.F31	sym2-2	FILE0031	BLSRSAPU	965	identical-default	ibm/BLS/BLSRSAPU.asm	unique	tape
MVSSRC.SYM202.F31	sym2-2	FILE0031	BLSRSCAN	2785	identical-default	ibm/BLS/BLSRSCAN.asm	unique	tape
MVSSRC.SYM202.F31	sym2-2	FILE0031	BLSRSETD	2730	identical-default	ibm/BLS/BLSRSETD.asm	unique	tape
MVSSRC.SYM202.F31	sym2-2	FILE0031	BLSRSUMM	5880	identical-default	ibm/BLS/BLSRSUMM.asm	unique	tape
MVSSRC.SYM202.F31	sym2-2	FILE0031	BLSRSYRB	986	identical-default	ibm/BLS/BLSRSYRB.asm	unique	tape
MVSSRC.SYM202.F31	sym2-2	FILE0031	BLSRTCBX	1683	identical-default	ibm/BLS/BLSRTCBX.asm	unique	tape
MVSSRC.SYM202.F31	sym2-2	FILE0031	BLSRVECT	851	identical-default	ibm/BLS/BLSRVECT.asm	unique	tape
MVSSRC.SYM202.F31	sym2-2	FILE0031	BLSRVPAD	944	identical-default	ibm/BLS/BLSRVPAD.asm	unique	tape
MVSSRC.SYM202.F31	sym2-2	FILE0031	BLSRVPAS	1304	identical-default	ibm/BLS/BLSRVPAS.asm	unique	tape
MVSSRC.SYM202.F31	sym2-2	FILE0031	BLSRVPCP	1355	identical-default	ibm/BLS/BLSRVPCP.asm	unique	tape
MVSSRC.SYM202.F31	sym2-2	FILE0031	BLSRVPVS	172	identical-default	ibm/BLS/BLSRVPVS.asm	unique	tape
MVSSRC.SYM202.F31	sym2-2	FILE0031	BLSRVRBX	1446	identical-default	ibm/BLS/BLSRVRBX.asm	unique	tape
MVSSRC.SYM202.F31	sym2-2	FILE0031	BLSRVSLD	2317	identical-default	ibm/BLS/BLSRVSLD.asm	unique	tape
MVSSRC.SYM202.F31	sym2-2	FILE0031	BLSSASCB	1492	identical-default	ibm/BLS/BLSSASCB.asm	unique	tape
MVSSRC.SYM202.F31	sym2-2	FILE0031	BLSSASMV	1885	identical-default	ibm/BLS/BLSSASMV.asm	unique	tape
MVSSRC.SYM202.F31	sym2-2	FILE0031	BLSSASVT	1871	identical-default	ibm/BLS/BLSSASVT.asm	unique	tape
MVSSRC.SYM202.F31	sym2-2	FILE0031	BLSSASXB	1403	identical-default	ibm/BLS/BLSSASXB.asm	unique	tape
MVSSRC.SYM202.F31	sym2-2	FILE0031	BLSSCDE	2182	identical-default	ibm/BLS/BLSSCDE.asm	unique	tape
MVSSRC.SYM202.F31	sym2-2	FILE0031	BLSSCOMM	1865	identical-default	ibm/BLS/BLSSCOMM.asm	unique	tape
MVSSRC.SYM202.F31	sym2-2	FILE0031	BLSSCSD	1885	identical-default	ibm/BLS/BLSSCSD.asm	unique	tape
MVSSRC.SYM202.F31	sym2-2	FILE0031	BLSSCVT	1850	identical-default	ibm/BLS/BLSSCVT.asm	unique	tape
MVSSRC.SYM202.F31	sym2-2	FILE0031	BLSSIOC	1839	identical-default	ibm/BLS/BLSSIOC.asm	unique	tape
MVSSRC.SYM202.F31	sym2-2	FILE0031	BLSSIOX	1230	identical-default	ibm/BLS/BLSSIOX.asm	unique	tape
MVSSRC.SYM202.F31	sym2-2	FILE0031	BLSSLCCA	1387	identical-default	ibm/BLS/BLSSLCCA.asm	unique	tape
MVSSRC.SYM202.F31	sym2-2	FILE0031	BLSSLCCV	1885	identical-default	ibm/BLS/BLSSLCCV.asm	unique	tape
MVSSRC.SYM202.F31	sym2-2	FILE0031	BLSSLLPA	1599	identical-default	ibm/BLS/BLSSLLPA.asm	unique	tape
MVSSRC.SYM202.F31	sym2-2	FILE0031	BLSSLPDE	2230	identical-default	ibm/BLS/BLSSLPDE.asm	unique	tape
MVSSRC.SYM202.F31	sym2-2	FILE0031	BLSSPCCA	1951	identical-default	ibm/BLS/BLSSPCCA.asm	unique	tape
MVSSRC.SYM202.F31	sym2-2	FILE0031	BLSSPCCV	1884	identical-default	ibm/BLS/BLSSPCCV.asm	unique	tape
MVSSRC.SYM202.F31	sym2-2	FILE0031	BLSSPFT	1488	identical-default	ibm/BLS/BLSSPFT.asm	unique	tape
MVSSRC.SYM202.F31	sym2-2	FILE0031	BLSSPGTE	1398	identical-default	ibm/BLS/BLSSPGTE.asm	unique	tape
MVSSRC.SYM202.F32	sym2-2	FILE0032	BLSSPRIV	1880	identical-default	ibm/BLS/BLSSPRIV.asm	unique	tape
MVSSRC.SYM202.F32	sym2-2	FILE0032	BLSSPSA	1493	identical-default	ibm/BLS/BLSSPSA.asm	unique	tape
MVSSRC.SYM202.F32	sym2-2	FILE0032	BLSSPVT	1885	identical-default	ibm/BLS/BLSSPVT.asm	unique	tape
MVSSRC.SYM202.F32	sym2-2	FILE0032	BLSSSGTE	2036	identical-default	ibm/BLS/BLSSSGTE.asm	unique	tape
MVSSRC.SYM202.F32	sym2-2	FILE0032	BLSSTCB	2064	identical-default	ibm/BLS/BLSSTCB.asm	unique	tape
MVSSRC.SYM202.F32	sym2-2	FILE0032	BLSSUCB	2596	identical-default	ibm/BLS/BLSSUCB.asm	unique	tape
MVSSRC.SYM202.F32	sym2-2	FILE0032	BLSSUCM	1886	identical-default	ibm/BLS/BLSSUCM.asm	unique	tape
MVSSRC.SYM202.F32	sym2-2	FILE0032	BLSSXTLS	1381	identical-default	ibm/BLS/BLSSXTLS.asm	unique	tape
MVSSRC.SYM202.F32	sym2-2	FILE0032	BLST01	962	identical-default	ibm/BLS/BLST01.asm	unique	tape
MVSSRC.SYM202.F32	sym2-2	FILE0032	BLST02	953	identical-default	ibm/BLS/BLST02.asm	unique	tape
MVSSRC.SYM202.F32	sym2-2	FILE0032	BLST03	1463	identical-default	ibm/BLS/BLST03.asm	unique	tape
MVSSRC.SYM202.F32	sym2-2	FILE0032	BLST04	992	identical-default	ibm/BLS/BLST04.asm	unique	tape
MVSSRC.SYM202.F32	sym2-2	FILE0032	BLST04A	1138	identical-default	ibm/BLS/BLST04A.asm	unique	tape
MVSSRC.SYM202.F32	sym2-2	FILE0032	BLST04BS	1126	identical-default	ibm/BLS/BLST04BS.asm	unique	tape
MVSSRC.SYM202.F32	sym2-2	FILE0032	BLST04CV	1304	identical-default	ibm/BLS/BLST04CV.asm	unique	tape
MVSSRC.SYM202.F32	sym2-2	FILE0032	BLST05	1502	identical-default	ibm/BLS/BLST05.asm	unique	tape
MVSSRC.SYM202.F32	sym2-2	FILE0032	BLST06	1374	identical-default	ibm/BLS/BLST06.asm	unique	tape
MVSSRC.SYM202.F32	sym2-2	FILE0032	BLST08	2015	identical-default	ibm/BLS/BLST08.asm	unique	tape
MVSSRC.SYM202.F32	sym2-2	FILE0032	BLSTB	1001	identical-default	ibm/BLS/BLSTB.asm	unique	tape
MVSSRC.SYM202.F32	sym2-2	FILE0032	BLSTB4	1652	identical-default	ibm/BLS/BLSTB4.asm	unique	tape
MVSSRC.SYM202.F32	sym2-2	FILE0032	BLSTB5	1781	identical-default	ibm/BLS/BLSTB5.asm	unique	tape
MVSSRC.SYM202.F32	sym2-2	FILE0032	BLSTC	1542	identical-default	ibm/BLS/BLSTC.asm	unique	tape
MVSSRC.SYM202.F32	sym2-2	FILE0032	BLSTF	1351	identical-default	ibm/BLS/BLSTF.asm	unique	tape
MVSSRC.SYM202.F32	sym2-2	FILE0032	BLSTM	987	identical-default	ibm/BLS/BLSTM.asm	unique	tape
MVSSRC.SYM202.F32	sym2-2	FILE0032	BLSTM4	1791	identical-default	ibm/BLS/BLSTM4.asm	unique	tape
MVSSRC.SYM202.F32	sym2-2	FILE0032	BLSTM5	1939	identical-default	ibm/BLS/BLSTM5.asm	unique	tape
MVSSRC.SYM202.F32	sym2-2	FILE0032	BLSTR	2006	identical-default	ibm/BLS/BLSTR.asm	unique	tape
MVSSRC.SYM202.F32	sym2-2	FILE0032	BLSTU	973	identical-default	ibm/BLS/BLSTU.asm	unique	tape
MVSSRC.SYM202.F32	sym2-2	FILE0032	BLSTU4	1712	identical-default	ibm/BLS/BLSTU4.asm	unique	tape
MVSSRC.SYM202.F32	sym2-2	FILE0032	BLSTU5	1844	identical-default	ibm/BLS/BLSTU5.asm	unique	tape
MVSSRC.SYM202.F32	sym2-2	FILE0032	BLSTY	1680	identical-default	ibm/BLS/BLSTY.asm	unique	tape
MVSSRC.SYM202.F32	sym2-2	FILE0032	BLSU	1990	identical-default	ibm/BLS/BLSU.asm	unique	tape
MVSSRC.SYM202.F32	sym2-2	FILE0032	BLSUALLO	826	identical-default	ibm/BLS/BLSUALLO.asm	unique	tape
MVSSRC.SYM202.F32	sym2-2	FILE0032	BLSUBLDD	846	identical-default	ibm/BLS/BLSUBLDD.asm	unique	tape
MVSSRC.SYM202.F32	sym2-2	FILE0032	BLSUBLDL	1648	identical-default	ibm/BLS/BLSUBLDL.asm	unique	tape
MVSSRC.SYM202.F32	sym2-2	FILE0032	BLSUDYNA	733	identical-default	ibm/BLS/BLSUDYNA.asm	unique	tape
MVSSRC.SYM202.F32	sym2-2	FILE0032	BLSUHELP	1425	identical-default	ibm/BLS/BLSUHELP.asm	unique	tape
MVSSRC.SYM202.F32	sym2-2	FILE0032	BLSUINI1	1101	identical-default	ibm/BLS/BLSUINI1.asm	unique	tape
MVSSRC.SYM202.F32	sym2-2	FILE0032	BLSUINI2	1279	identical-default	ibm/BLS/BLSUINI2.asm	unique	tape
MVSSRC.SYM202.F32	sym2-2	FILE0032	BLSUIT01	903	identical-default	ibm/BLS/BLSUIT01.asm	unique	tape
MVSSRC.SYM202.F32	sym2-2	FILE0032	BLSUIT02	854	identical-default	ibm/BLS/BLSUIT02.asm	unique	tape
MVSSRC.SYM202.F32	sym2-2	FILE0032	BLSUIT03	854	identical-default	ibm/BLS/BLSUIT03.asm	unique	tape
MVSSRC.SYM202.F32	sym2-2	FILE0032	BLSUMON	1349	identical-default	ibm/BLS/BLSUMON.asm	unique	tape
MVSSRC.SYM202.F32	sym2-2	FILE0032	BLSUMON2	766	identical-default	ibm/BLS/BLSUMON2.asm	unique	tape
MVSSRC.SYM202.F32	sym2-2	FILE0032	BLSUMONA	1129	identical-default	ibm/BLS/BLSUMONA.asm	unique	tape
MVSSRC.SYM202.F32	sym2-2	FILE0032	BLSUMONC	765	identical-default	ibm/BLS/BLSUMONC.asm	unique	tape
MVSSRC.SYM202.F32	sym2-2	FILE0032	BLSUMOND	645	identical-default	ibm/BLS/BLSUMOND.asm	unique	tape
MVSSRC.SYM202.F32	sym2-2	FILE0032	BLSUMONI	1424	identical-default	ibm/BLS/BLSUMONI.asm	unique	tape
MVSSRC.SYM202.F32	sym2-2	FILE0032	BLSUMONL	1317	identical-default	ibm/BLS/BLSUMONL.asm	unique	tape
MVSSRC.SYM202.F32	sym2-2	FILE0032	BLSUMONT	654	identical-default	ibm/BLS/BLSUMONT.asm	unique	tape
MVSSRC.SYM202.F32	sym2-2	FILE0032	BLSUMONX	782	identical-default	ibm/BLS/BLSUMONX.asm	unique	tape
MVSSRC.SYM202.F32	sym2-2	FILE0032	BLSUMPK1	657	identical-default	ibm/BLS/BLSUMPK1.asm	unique	tape
MVSSRC.SYM202.F32	sym2-2	FILE0032	BLSUMPKN	1033	identical-default	ibm/BLS/BLSUMPKN.asm	unique	tape
MVSSRC.SYM202.F32	sym2-2	FILE0032	BLSUNOTE	1337	identical-default	ibm/BLS/BLSUNOTE.asm	unique	tape
MVSSRC.SYM202.F32	sym2-2	FILE0032	BLSUPARI	761	identical-default	ibm/BLS/BLSUPARI.asm	unique	tape
MVSSRC.SYM202.F32	sym2-2	FILE0032	BLSUPARU	901	identical-default	ibm/BLS/BLSUPARU.asm	unique	tape
MVSSRC.SYM202.F32	sym2-2	FILE0032	BLSUPGMC	701	identical-default	ibm/BLS/BLSUPGMC.asm	unique	tape
MVSSRC.SYM202.F32	sym2-2	FILE0032	BLSUPGMD	743	identical-default	ibm/BLS/BLSUPGMD.asm	unique	tape
MVSSRC.SYM202.F32	sym2-2	FILE0032	BLSUPGML	1408	identical-default	ibm/BLS/BLSUPGML.asm	unique	tape
MVSSRC.SYM202.F32	sym2-2	FILE0032	BLSUPGMR	698	identical-default	ibm/BLS/BLSUPGMR.asm	unique	tape
MVSSRC.SYM202.F32	sym2-2	FILE0032	BLSUPRCL	1087	identical-default	ibm/BLS/BLSUPRCL.asm	unique	tape
MVSSRC.SYM202.F33	sym2-2	FILE0033	BLSUPROP	1339	identical-default	ibm/BLS/BLSUPROP.asm	unique	tape
MVSSRC.SYM202.F33	sym2-2	FILE0033	BLSUPRTA	1572	identical-default	ibm/BLS/BLSUPRTA.asm	unique	tape
MVSSRC.SYM202.F33	sym2-2	FILE0033	BLSUPRTN	828	identical-default	ibm/BLS/BLSUPRTN.asm	unique	tape
MVSSRC.SYM202.F33	sym2-2	FILE0033	BLSUPRTT	1102	identical-default	ibm/BLS/BLSUPRTT.asm	unique	tape
MVSSRC.SYM202.F33	sym2-2	FILE0033	BLSUPUT	2403	identical-default	ibm/BLS/BLSUPUT.asm	unique	tape
MVSSRC.SYM202.F33	sym2-2	FILE0033	BLSUPUTA	823	identical-default	ibm/BLS/BLSUPUTA.asm	unique	tape
MVSSRC.SYM202.F33	sym2-2	FILE0033	BLSUPUTC	892	identical-default	ibm/BLS/BLSUPUTC.asm	unique	tape
MVSSRC.SYM202.F33	sym2-2	FILE0033	BLSUPUTD	893	identical-default	ibm/BLS/BLSUPUTD.asm	unique	tape
MVSSRC.SYM202.F33	sym2-2	FILE0033	BLSUPUTN	818	identical-default	ibm/BLS/BLSUPUTN.asm	unique	tape
MVSSRC.SYM202.F33	sym2-2	FILE0033	BLSUPUTO	891	identical-default	ibm/BLS/BLSUPUTO.asm	unique	tape
MVSSRC.SYM202.F33	sym2-2	FILE0033	BLSUPUTT	797	identical-default	ibm/BLS/BLSUPUTT.asm	unique	tape
MVSSRC.SYM202.F33	sym2-2	FILE0033	BLSUPUTV	886	identical-default	ibm/BLS/BLSUPUTV.asm	unique	tape
MVSSRC.SYM202.F33	sym2-2	FILE0033	BLSUSTAE	1233	identical-default	ibm/BLS/BLSUSTAE.asm	unique	tape
MVSSRC.SYM202.F33	sym2-2	FILE0033	BLSUSTAI	1170	identical-default	ibm/BLS/BLSUSTAI.asm	unique	tape
MVSSRC.SYM202.F33	sym2-2	FILE0033	BLSUTRMA	874	identical-default	ibm/BLS/BLSUTRMA.asm	unique	tape
MVSSRC.SYM202.F33	sym2-2	FILE0033	BLSUTRMN	901	identical-default	ibm/BLS/BLSUTRMN.asm	unique	tape
MVSSRC.SYM202.F33	sym2-2	FILE0033	BLSUTRMO	814	identical-default	ibm/BLS/BLSUTRMO.asm	unique	tape
MVSSRC.SYM202.F33	sym2-2	FILE0033	BLSUTRMV	827	identical-default	ibm/BLS/BLSUTRMV.asm	unique	tape
MVSSRC.SYM202.F33	sym2-2	FILE0033	BLSUTSO	1189	identical-default	ibm/BLS/BLSUTSO.asm	unique	tape
MVSSRC.SYM202.F33	sym2-2	FILE0033	BLSUVECT	684	identical-default	ibm/BLS/BLSUVECT.asm	unique	tape
MVSSRC.SYM202.F33	sym2-2	FILE0033	BLSUVP21	151	identical-default	ibm/BLS/BLSUVP21.asm	unique	tape
MVSSRC.SYM202.F33	sym2-2	FILE0033	BLSUVP31	151	identical-default	ibm/BLS/BLSUVP31.asm	unique	tape
MVSSRC.SYM202.F33	sym2-2	FILE0033	BLSUVP32	168	identical-default	ibm/BLS/BLSUVP32.asm	unique	tape
MVSSRC.SYM202.F33	sym2-2	FILE0033	BLSUVP99	168	identical-default	ibm/BLS/BLSUVP99.asm	unique	tape
MVSSRC.SYM202.F33	sym2-2	FILE0033	BLSUVPVA	1053	identical-default	ibm/BLS/BLSUVPVA.asm	unique	tape
MVSSRC.SYM202.F33	sym2-2	FILE0033	BLSUVPX1	1030	identical-default	ibm/BLS/BLSUVPX1.asm	unique	tape
MVSSRC.SYM202.F33	sym2-2	FILE0033	BLSUVSAR	1056	identical-default	ibm/BLS/BLSUVSAR.asm	unique	tape
MVSSRC.SYM202.F33	sym2-2	FILE0033	BLSUVSCL	708	identical-default	ibm/BLS/BLSUVSCL.asm	unique	tape
MVSSRC.SYM202.F33	sym2-2	FILE0033	BLSUVSCR	675	identical-default	ibm/BLS/BLSUVSCR.asm	unique	tape
MVSSRC.SYM202.F33	sym2-2	FILE0033	BLSUVSEN	839	identical-default	ibm/BLS/BLSUVSEN.asm	unique	tape
MVSSRC.SYM202.F33	sym2-2	FILE0033	BLSUVSER	943	identical-default	ibm/BLS/BLSUVSER.asm	unique	tape
MVSSRC.SYM202.F33	sym2-2	FILE0033	BLSUVSGE	968	identical-default	ibm/BLS/BLSUVSGE.asm	unique	tape
MVSSRC.SYM202.F33	sym2-2	FILE0033	BLSUVSGU	960	identical-default	ibm/BLS/BLSUVSGU.asm	unique	tape
MVSSRC.SYM202.F33	sym2-2	FILE0033	BLSUVSMR	675	identical-default	ibm/BLS/BLSUVSMR.asm	unique	tape
MVSSRC.SYM202.F33	sym2-2	FILE0033	BLSUVSOP	1107	identical-default	ibm/BLS/BLSUVSOP.asm	unique	tape
MVSSRC.SYM202.F33	sym2-2	FILE0033	BLSUVSOQ	1018	identical-default	ibm/BLS/BLSUVSOQ.asm	unique	tape
MVSSRC.SYM202.F33	sym2-2	FILE0033	BLSUVSPO	951	identical-default	ibm/BLS/BLSUVSPO.asm	unique	tape
MVSSRC.SYM202.F33	sym2-2	FILE0033	BLSUVSPU	943	identical-default	ibm/BLS/BLSUVSPU.asm	unique	tape
MVSSRC.SYM202.F33	sym2-2	FILE0033	BLSUZZ2C	761	identical-default	ibm/BLS/BLSUZZ2C.asm	unique	tape
MVSSRC.SYM202.F33	sym2-2	FILE0033	BLSUZZ2D	685	identical-default	ibm/BLS/BLSUZZ2D.asm	unique	tape
MVSSRC.SYM202.F33	sym2-2	FILE0033	BLSUZZ2R	627	identical-default	ibm/BLS/BLSUZZ2R.asm	unique	tape
MVSSRC.SYM202.F33	sym2-2	FILE0033	BLSVASCB	2811	identical-default	ibm/BLS/BLSVASCB.asm	unique	tape
MVSSRC.SYM202.F33	sym2-2	FILE0033	BLSVASVT	2115	identical-default	ibm/BLS/BLSVASVT.asm	unique	tape
MVSSRC.SYM202.F33	sym2-2	FILE0033	BLSVASXB	2082	identical-default	ibm/BLS/BLSVASXB.asm	unique	tape
MVSSRC.SYM202.F33	sym2-2	FILE0033	BLSVCDE	2030	identical-default	ibm/BLS/BLSVCDE.asm	unique	tape
MVSSRC.SYM202.F33	sym2-2	FILE0033	BLSVCVT	3387	identical-default	ibm/BLS/BLSVCVT.asm	unique	tape
MVSSRC.SYM202.F33	sym2-2	FILE0033	BLSVIOC	2101	identical-default	ibm/BLS/BLSVIOC.asm	unique	tape
MVSSRC.SYM202.F33	sym2-2	FILE0033	BLSVIOX	1720	identical-default	ibm/BLS/BLSVIOX.asm	unique	tape
MVSSRC.SYM202.F33	sym2-2	FILE0033	BLSVLCCA	2126	identical-default	ibm/BLS/BLSVLCCA.asm	unique	tape
MVSSRC.SYM202.F33	sym2-2	FILE0033	BLSVLCCV	1946	identical-default	ibm/BLS/BLSVLCCV.asm	unique	tape
MVSSRC.SYM202.F33	sym2-2	FILE0033	BLSVLPDE	2090	identical-default	ibm/BLS/BLSVLPDE.asm	unique	tape
MVSSRC.SYM202.F33	sym2-2	FILE0033	BLSVPCCA	2213	identical-default	ibm/BLS/BLSVPCCA.asm	unique	tape
MVSSRC.SYM202.F33	sym2-2	FILE0033	BLSVPCCV	1946	identical-default	ibm/BLS/BLSVPCCV.asm	unique	tape
MVSSRC.SYM202.F33	sym2-2	FILE0033	BLSVPGTE	1558	identical-default	ibm/BLS/BLSVPGTE.asm	unique	tape
MVSSRC.SYM202.F33	sym2-2	FILE0033	BLSVPSA	2435	identical-default	ibm/BLS/BLSVPSA.asm	unique	tape
MVSSRC.SYM202.F33	sym2-2	FILE0033	BLSVPVT	2164	identical-default	ibm/BLS/BLSVPVT.asm	unique	tape
MVSSRC.SYM202.F33	sym2-2	FILE0033	BLSVQCBA	1981	identical-default	ibm/BLS/BLSVQCBA.asm	unique	tape
MVSSRC.SYM202.F33	sym2-2	FILE0033	BLSVQCBB	1935	identical-default	ibm/BLS/BLSVQCBB.asm	unique	tape
MVSSRC.SYM202.F33	sym2-2	FILE0033	BLSVQEL	2235	identical-default	ibm/BLS/BLSVQEL.asm	unique	tape
MVSSRC.SYM202.F33	sym2-2	FILE0033	BLSVRB	2346	identical-default	ibm/BLS/BLSVRB.asm	unique	tape
MVSSRC.SYM202.F33	sym2-2	FILE0033	BLSVSGTE	1560	identical-default	ibm/BLS/BLSVSGTE.asm	unique	tape
MVSSRC.SYM202.F34	sym2-2	FILE0034	BLSVTCB	2617	identical-default	ibm/BLS/BLSVTCB.asm	unique	tape
MVSSRC.SYM202.F34	sym2-2	FILE0034	BLSVUCB	2576	identical-default	ibm/BLS/BLSVUCB.asm	unique	tape
MVSSRC.SYM202.F34	sym2-2	FILE0034	BLSVXTLS	1703	identical-default	ibm/BLS/BLSVXTLS.asm	unique	tape
MVSSRC.SYM301.F01	sym3	FILE0001	HASPACCT	214	identical-elsewhere	variants/tape/sym3/HASPACCT.asm	replaced	stben
MVSSRC.SYM301.F01	sym3	FILE0001	HASPCOMM	10572	identical-elsewhere	variants/tape/sym3/HASPCOMM.asm	replaced	stben
MVSSRC.SYM301.F01	sym3	FILE0001	HASPCON	1122	identical-elsewhere	variants/tape/sym3/HASPCON.asm	replaced	stben
MVSSRC.SYM301.F01	sym3	FILE0001	HASPINIT	9899	identical-elsewhere	variants/tape/sym3/HASPINIT.asm	replaced	stben
MVSSRC.SYM301.F01	sym3	FILE0001	HASPMISC	4608	identical-elsewhere	variants/tape/sym3/HASPMISC.asm	replaced	stben
MVSSRC.SYM301.F01	sym3	FILE0001	HASPNUC	6750	identical-elsewhere	variants/tape/sym3/HASPNUC.asm	replaced	stben
MVSSRC.SYM301.F01	sym3	FILE0001	HASPPRPU	7380	identical-elsewhere	variants/tape/sym3/HASPPRPU.asm	replaced	stben
MVSSRC.SYM301.F01	sym3	FILE0001	HASPRDR	3458	identical-elsewhere	variants/tape/sym3/HASPRDR.asm	replaced	stben
MVSSRC.SYM301.F01	sym3	FILE0001	HASPRTAM	13295	identical-elsewhere	variants/tape/sym3/HASPRTAM.asm	replaced	stben
MVSSRC.SYM301.F01	sym3	FILE0001	HASPSSSM	13530	identical-elsewhere	variants/tape/sym3/HASPSSSM.asm	replaced	stben
MVSSRC.SYM301.F01	sym3	FILE0001	HASPXEQ	200	identical-elsewhere	variants/tape/sym3/HASPXEQ.asm	replaced	stben
MVSSRC.SYM301.F02	sym3	FILE0002	IEFSDBAR	52	identical-default	ibm/IEF/IEFSDBAR.asm	unique	tape
MVSSRC.SYM301.F02	sym3	FILE0002	IEFSDDSB	65	identical-default	ibm/IEF/IEFSDDSB.asm	unique	tape
MVSSRC.SYM301.F02	sym3	FILE0002	IEFSDPAR	149	identical-default	ibm/IEF/IEFSDPAR.asm	unique	tape
MVSSRC.SYM301.F02	sym3	FILE0002	IEFSDSDR	111	identical-default	ibm/IEF/IEFSDSDR.asm	unique	tape
MVSSRC.SYM301.F02	sym3	FILE0002	IEFSDSET	20	identical-default	ibm/IEF/IEFSDSET.asm	unique	tape
MVSSRC.SYM301.F02	sym3	FILE0002	IEFSDSMF	41	identical-default	ibm/IEF/IEFSDSMF.asm	unique	tape
MVSSRC.SYM301.F02	sym3	FILE0002	IEFSDWKT	101	identical-default	ibm/IEF/IEFSDWKT.asm	unique	tape
MVSSRC.SYM301.F02	sym3	FILE0002	IEFSDWKX	46	identical-default	ibm/IEF/IEFSDWKX.asm	unique	tape
MVSSRC.SYM301.F03	sym3	FILE0003	IASFCB26	30	identical-default	ibm/IAS/IASFCB26.asm	unique	tape
MVSSRC.SYM301.F03	sym3	FILE0003	IASFCB28	30	identical-default	ibm/IAS/IASFCB28.asm	unique	tape
MVSSRC.SYM301.F03	sym3	FILE0003	IGC111	182	identical-default	ibm/IGC/IGC111.asm	unique	tape
MVSSRC.SYM301.F04	sym3	FILE0004	IASXSD81	680	identical-default	ibm/IAS/IASXSD81.asm	unique	tape
MVSSRC.SYM301.F04	sym3	FILE0004	IASXSD82	1171	identical-default	ibm/IAS/IASXSD82.asm	unique	tape
MVSSRC.SYM301.F04	sym3	FILE0004	IASXWR00	228	identical-default	ibm/IAS/IASXWR00.asm	unique	tape
MVSSRC.SYM301.F04	sym3	FILE0004	IEFSD087	659	identical-default	ibm/IEF/IEFSD087.asm	unique	tape
MVSSRC.SYM301.F04	sym3	FILE0004	IEFSD088	322	identical-default	ibm/IEF/IEFSD088.asm	unique	tape
MVSSRC.SYM301.F04	sym3	FILE0004	IEFSD089	557	identical-default	ibm/IEF/IEFSD089.asm	unique	tape
MVSSRC.SYM301.F04	sym3	FILE0004	IEFSD094	528	identical-default	ibm/IEF/IEFSD094.asm	unique	tape
MVSSRC.SYM301.F04	sym3	FILE0004	IEFSD095	342	identical-default	ibm/IEF/IEFSD095.asm	unique	tape
MVSSRC.SYM301.F04	sym3	FILE0004	IEFSDTTE	617	identical-default	ibm/IEF/IEFSDTTE.asm	unique	tape
MVSSRC.SYM301.F04	sym3	FILE0004	IEFSDXXX	445	identical-default	ibm/IEF/IEFSDXXX.asm	unique	tape
MVSSRC.SYM401.F01	sym4-1	FILE0001	IECTATEN	419	identical-default	ibm/IEC/IECTATEN.asm	unique	tape
MVSSRC.SYM401.F01	sym4-1	FILE0001	IECTCHGN	177	identical-default	ibm/IEC/IECTCHGN.asm	unique	tape
MVSSRC.SYM401.F01	sym4-1	FILE0001	IECTEDIT	731	identical-default	ibm/IEC/IECTEDIT.asm	unique	tape
MVSSRC.SYM401.F01	sym4-1	FILE0001	IECTLERP	158	identical-default	ibm/IEC/IECTLERP.asm	unique	tape
MVSSRC.SYM401.F01	sym4-1	FILE0001	IECTLOPN	361	identical-default	ibm/IEC/IECTLOPN.asm	unique	tape
MVSSRC.SYM401.F01	sym4-1	FILE0001	IECTONLT	182	identical-default	ibm/IEC/IECTONLT.asm	unique	tape
MVSSRC.SYM401.F01	sym4-1	FILE0001	IECTSCAN	3631	identical-default	ibm/IEC/IECTSCAN.asm	unique	tape
MVSSRC.SYM401.F01	sym4-1	FILE0001	IECTSVC	539	identical-default	ibm/IEC/IECTSVC.asm	unique	tape
MVSSRC.SYM401.F01	sym4-1	FILE0001	IECTTRNS	103	identical-default	ibm/IEC/IECTTRNS.asm	unique	tape
MVSSRC.SYM401.F01	sym4-1	FILE0001	IEEC2740	1776	identical-default	ibm/IEE/IEEC2740.asm	unique	tape
MVSSRC.SYM401.F01	sym4-1	FILE0001	IGC0006F	441	identical-default	ibm/IGC/IGC0006F.asm	unique	tape
MVSSRC.SYM401.F01	sym4-1	FILE0001	IGC0106F	326	identical-default	ibm/IGC/IGC0106F.asm	unique	tape
MVSSRC.SYM401.F01	sym4-1	FILE0001	IGC0206F	277	identical-default	ibm/IGC/IGC0206F.asm	unique	tape
MVSSRC.SYM401.F01	sym4-1	FILE0001	IGC0306F	314	identical-default	ibm/IGC/IGC0306F.asm	unique	tape
MVSSRC.SYM401.F01	sym4-1	FILE0001	IGC0406F	308	identical-default	ibm/IGC/IGC0406F.asm	unique	tape
MVSSRC.SYM401.F01	sym4-1	FILE0001	IGC0506F	313	identical-default	ibm/IGC/IGC0506F.asm	unique	tape
MVSSRC.SYM401.F01	sym4-1	FILE0001	IGC058	176	identical-default	ibm/IGC/IGC058.asm	unique	tape
MVSSRC.SYM401.F01	sym4-1	FILE0001	IGC0606F	217	identical-default	ibm/IGC/IGC0606F.asm	unique	tape
MVSSRC.SYM401.F01	sym4-1	FILE0001	IGC0706F	265	identical-default	ibm/IGC/IGC0706F.asm	unique	tape
MVSSRC.SYM401.F01	sym4-1	FILE0001	IGC0806F	282	identical-default	ibm/IGC/IGC0806F.asm	unique	tape
MVSSRC.SYM401.F01	sym4-1	FILE0001	IGC0906F	281	identical-default	ibm/IGC/IGC0906F.asm	unique	tape
MVSSRC.SYM401.F01	sym4-1	FILE0001	IGC0A06F	270	identical-default	ibm/IGC/IGC0A06F.asm	unique	tape
MVSSRC.SYM401.F01	sym4-1	FILE0001	IGC0B06F	194	identical-default	ibm/IGC/IGC0B06F.asm	unique	tape
MVSSRC.SYM401.F01	sym4-1	FILE0001	IGC0C06F	324	identical-default	ibm/IGC/IGC0C06F.asm	unique	tape
MVSSRC.SYM401.F01	sym4-1	FILE0001	IGC0D06F	437	identical-default	ibm/IGC/IGC0D06F.asm	unique	tape
MVSSRC.SYM401.F01	sym4-1	FILE0001	IGC0E06F	424	identical-default	ibm/IGC/IGC0E06F.asm	unique	tape
MVSSRC.SYM401.F01	sym4-1	FILE0001	IGC0F06F	346	identical-default	ibm/IGC/IGC0F06F.asm	unique	tape
MVSSRC.SYM401.F01	sym4-1	FILE0001	IGC1006F	405	identical-default	ibm/IGC/IGC1006F.asm	unique	tape
MVSSRC.SYM401.F01	sym4-1	FILE0001	IGC1106F	398	identical-default	ibm/IGC/IGC1106F.asm	unique	tape
MVSSRC.SYM401.F01	sym4-1	FILE0001	IGC1206F	162	identical-default	ibm/IGC/IGC1206F.asm	unique	tape
MVSSRC.SYM401.F01	sym4-1	FILE0001	IGC1306F	357	identical-default	ibm/IGC/IGC1306F.asm	unique	tape
MVSSRC.SYM401.F01	sym4-1	FILE0001	IGC1406F	344	identical-default	ibm/IGC/IGC1406F.asm	unique	tape
MVSSRC.SYM401.F01	sym4-1	FILE0001	IGE0004A	530	identical-default	ibm/IGE/IGE0004A.asm	unique	tape
MVSSRC.SYM401.F01	sym4-1	FILE0001	IGE0004B	367	identical-default	ibm/IGE/IGE0004B.asm	unique	tape
MVSSRC.SYM401.F01	sym4-1	FILE0001	IGE0004C	604	identical-default	ibm/IGE/IGE0004C.asm	unique	tape
MVSSRC.SYM401.F01	sym4-1	FILE0001	IGE0104A	370	identical-default	ibm/IGE/IGE0104A.asm	unique	tape
MVSSRC.SYM401.F01	sym4-1	FILE0001	IGE0104B	292	identical-default	ibm/IGE/IGE0104B.asm	unique	tape
MVSSRC.SYM401.F01	sym4-1	FILE0001	IGE0104C	330	identical-default	ibm/IGE/IGE0104C.asm	unique	tape
MVSSRC.SYM401.F01	sym4-1	FILE0001	IGE0204A	406	identical-default	ibm/IGE/IGE0204A.asm	unique	tape
MVSSRC.SYM401.F01	sym4-1	FILE0001	IGE0204B	325	identical-default	ibm/IGE/IGE0204B.asm	unique	tape
MVSSRC.SYM401.F01	sym4-1	FILE0001	IGE0204C	562	identical-default	ibm/IGE/IGE0204C.asm	unique	tape
MVSSRC.SYM401.F01	sym4-1	FILE0001	IGE0304A	405	identical-default	ibm/IGE/IGE0304A.asm	unique	tape
MVSSRC.SYM401.F01	sym4-1	FILE0001	IGE0304B	410	identical-default	ibm/IGE/IGE0304B.asm	unique	tape
MVSSRC.SYM401.F01	sym4-1	FILE0001	IGE0304C	326	identical-default	ibm/IGE/IGE0304C.asm	unique	tape
MVSSRC.SYM401.F01	sym4-1	FILE0001	IGE0404A	315	identical-default	ibm/IGE/IGE0404A.asm	unique	tape
MVSSRC.SYM401.F01	sym4-1	FILE0001	IGE0404B	326	identical-default	ibm/IGE/IGE0404B.asm	unique	tape
MVSSRC.SYM401.F01	sym4-1	FILE0001	IGE0404C	488	identical-default	ibm/IGE/IGE0404C.asm	unique	tape
MVSSRC.SYM401.F01	sym4-1	FILE0001	IGE0504A	465	identical-default	ibm/IGE/IGE0504A.asm	unique	tape
MVSSRC.SYM401.F01	sym4-1	FILE0001	IGE0504B	308	identical-default	ibm/IGE/IGE0504B.asm	unique	tape
MVSSRC.SYM401.F01	sym4-1	FILE0001	IGE0504C	721	identical-default	ibm/IGE/IGE0504C.asm	unique	tape
MVSSRC.SYM401.F01	sym4-1	FILE0001	IGE0604A	296	identical-default	ibm/IGE/IGE0604A.asm	unique	tape
MVSSRC.SYM401.F01	sym4-1	FILE0001	IGE0604B	273	identical-default	ibm/IGE/IGE0604B.asm	unique	tape
MVSSRC.SYM401.F01	sym4-1	FILE0001	IGE0604C	360	identical-default	ibm/IGE/IGE0604C.asm	unique	tape
MVSSRC.SYM401.F01	sym4-1	FILE0001	IGE0704A	327	identical-default	ibm/IGE/IGE0704A.asm	unique	tape
MVSSRC.SYM401.F01	sym4-1	FILE0001	IGE0704B	319	identical-default	ibm/IGE/IGE0704B.asm	unique	tape
MVSSRC.SYM401.F01	sym4-1	FILE0001	IGE0704C	371	identical-default	ibm/IGE/IGE0704C.asm	unique	tape
MVSSRC.SYM401.F01	sym4-1	FILE0001	IGE0804A	212	identical-default	ibm/IGE/IGE0804A.asm	unique	tape
MVSSRC.SYM401.F01	sym4-1	FILE0001	IGE0804B	402	identical-default	ibm/IGE/IGE0804B.asm	unique	tape
MVSSRC.SYM401.F01	sym4-1	FILE0001	IGE0804C	361	identical-default	ibm/IGE/IGE0804C.asm	unique	tape
MVSSRC.SYM401.F01	sym4-1	FILE0001	IGE0904A	263	identical-default	ibm/IGE/IGE0904A.asm	unique	tape
MVSSRC.SYM401.F01	sym4-1	FILE0001	IGE0904B	512	identical-default	ibm/IGE/IGE0904B.asm	unique	tape
MVSSRC.SYM401.F01	sym4-1	FILE0001	IGE0904C	676	identical-default	ibm/IGE/IGE0904C.asm	unique	tape
MVSSRC.SYM401.F01	sym4-1	FILE0001	IGG0193M	593	identical-default	ibm/IGG/IGG0193M.asm	unique	tape
MVSSRC.SYM401.F01	sym4-1	FILE0001	IGG0193Q	679	identical-default	ibm/IGG/IGG0193Q.asm	unique	tape
MVSSRC.SYM401.F01	sym4-1	FILE0001	IGG0193S	599	identical-default	ibm/IGG/IGG0193S.asm	unique	tape
MVSSRC.SYM401.F01	sym4-1	FILE0001	IGG0194N	491	identical-default	ibm/IGG/IGG0194N.asm	unique	tape
MVSSRC.SYM401.F01	sym4-1	FILE0001	IGG0194P	605	identical-default	ibm/IGG/IGG0194P.asm	unique	tape
MVSSRC.SYM401.F01	sym4-1	FILE0001	IGG0194Q	628	identical-default	ibm/IGG/IGG0194Q.asm	unique	tape
MVSSRC.SYM401.F01	sym4-1	FILE0001	IGG019LP	241	identical-default	ibm/IGG/IGG019LP.asm	unique	tape
MVSSRC.SYM401.F01	sym4-1	FILE0001	IGG019M0	107	identical-default	ibm/IGG/IGG019M0.asm	unique	tape
MVSSRC.SYM401.F01	sym4-1	FILE0001	IGG019M1	94	identical-default	ibm/IGG/IGG019M1.asm	unique	tape
MVSSRC.SYM401.F01	sym4-1	FILE0001	IGG019M2	78	identical-default	ibm/IGG/IGG019M2.asm	unique	tape
MVSSRC.SYM401.F01	sym4-1	FILE0001	IGG019M3	117	identical-default	ibm/IGG/IGG019M3.asm	unique	tape
MVSSRC.SYM401.F01	sym4-1	FILE0001	IGG019M4	85	identical-default	ibm/IGG/IGG019M4.asm	unique	tape
MVSSRC.SYM401.F01	sym4-1	FILE0001	IGG019M5	114	identical-default	ibm/IGG/IGG019M5.asm	unique	tape
MVSSRC.SYM401.F01	sym4-1	FILE0001	IGG019M6	137	identical-default	ibm/IGG/IGG019M6.asm	unique	tape
MVSSRC.SYM401.F01	sym4-1	FILE0001	IGG019MA	1488	identical-default	ibm/IGG/IGG019MA.asm	unique	tape
MVSSRC.SYM401.F01	sym4-1	FILE0001	IGG019MB	2152	identical-default	ibm/IGG/IGG019MB.asm	unique	tape
MVSSRC.SYM401.F01	sym4-1	FILE0001	IGG019MC	750	identical-default	ibm/IGG/IGG019MC.asm	unique	tape
MVSSRC.SYM401.F01	sym4-1	FILE0001	IGG019MD	95	identical-default	ibm/IGG/IGG019MD.asm	unique	tape
MVSSRC.SYM401.F01	sym4-1	FILE0001	IGG019ME	87	identical-default	ibm/IGG/IGG019ME.asm	unique	tape
MVSSRC.SYM401.F01	sym4-1	FILE0001	IGG019MF	100	identical-default	ibm/IGG/IGG019MF.asm	unique	tape
MVSSRC.SYM401.F01	sym4-1	FILE0001	IGG019MI	84	identical-default	ibm/IGG/IGG019MI.asm	unique	tape
MVSSRC.SYM401.F01	sym4-1	FILE0001	IGG019MJ	90	identical-default	ibm/IGG/IGG019MJ.asm	unique	tape
MVSSRC.SYM401.F01	sym4-1	FILE0001	IGG019MK	89	identical-default	ibm/IGG/IGG019MK.asm	unique	tape
MVSSRC.SYM401.F01	sym4-1	FILE0001	IGG019ML	76	identical-default	ibm/IGG/IGG019ML.asm	unique	tape
MVSSRC.SYM401.F01	sym4-1	FILE0001	IGG019MN	73	identical-default	ibm/IGG/IGG019MN.asm	unique	tape
MVSSRC.SYM401.F01	sym4-1	FILE0001	IGG019MP	78	identical-default	ibm/IGG/IGG019MP.asm	unique	tape
MVSSRC.SYM401.F01	sym4-1	FILE0001	IGG019MR	1260	identical-default	ibm/IGG/IGG019MR.asm	unique	tape
MVSSRC.SYM401.F01	sym4-1	FILE0001	IGG019MS	286	identical-default	ibm/IGG/IGG019MS.asm	unique	tape
MVSSRC.SYM401.F01	sym4-1	FILE0001	IGG019MT	78	identical-default	ibm/IGG/IGG019MT.asm	unique	tape
MVSSRC.SYM401.F01	sym4-1	FILE0001	IGG019MU	78	identical-default	ibm/IGG/IGG019MU.asm	unique	tape
MVSSRC.SYM401.F01	sym4-1	FILE0001	IGG019MV	94	identical-default	ibm/IGG/IGG019MV.asm	unique	tape
MVSSRC.SYM401.F01	sym4-1	FILE0001	IGG019MW	81	identical-default	ibm/IGG/IGG019MW.asm	unique	tape
MVSSRC.SYM401.F01	sym4-1	FILE0001	IGG019MX	96	identical-default	ibm/IGG/IGG019MX.asm	unique	tape
MVSSRC.SYM401.F01	sym4-1	FILE0001	IGG019MY	90	identical-default	ibm/IGG/IGG019MY.asm	unique	tape
MVSSRC.SYM401.F01	sym4-1	FILE0001	IGG019MZ	78	identical-default	ibm/IGG/IGG019MZ.asm	unique	tape
MVSSRC.SYM401.F01	sym4-1	FILE0001	IGG019PA	483	identical-default	ibm/IGG/IGG019PA.asm	unique	tape
MVSSRC.SYM401.F01	sym4-1	FILE0001	IGG019PB	78	identical-default	ibm/IGG/IGG019PB.asm	unique	tape
MVSSRC.SYM401.F01	sym4-1	FILE0001	IGG019PC	115	identical-default	ibm/IGG/IGG019PC.asm	unique	tape
MVSSRC.SYM401.F01	sym4-1	FILE0001	IGG019PD	411	identical-default	ibm/IGG/IGG019PD.asm	unique	tape
MVSSRC.SYM401.F01	sym4-1	FILE0001	IGG019PE	91	identical-default	ibm/IGG/IGG019PE.asm	unique	tape
MVSSRC.SYM401.F01	sym4-1	FILE0001	IGG019PF	94	identical-default	ibm/IGG/IGG019PF.asm	unique	tape
MVSSRC.SYM401.F01	sym4-1	FILE0001	IGG019PG	218	identical-default	ibm/IGG/IGG019PG.asm	unique	tape
MVSSRC.SYM401.F01	sym4-1	FILE0001	IGG019PH	119	identical-default	ibm/IGG/IGG019PH.asm	unique	tape
MVSSRC.SYM401.F01	sym4-1	FILE0001	IGG019PI	420	identical-default	ibm/IGG/IGG019PI.asm	unique	tape
MVSSRC.SYM401.F01	sym4-1	FILE0001	IGG019PK	84	identical-default	ibm/IGG/IGG019PK.asm	unique	tape
MVSSRC.SYM401.F01	sym4-1	FILE0001	IGG019PL	98	identical-default	ibm/IGG/IGG019PL.asm	unique	tape
MVSSRC.SYM401.F01	sym4-1	FILE0001	IGG019PM	108	identical-default	ibm/IGG/IGG019PM.asm	unique	tape
MVSSRC.SYM401.F01	sym4-1	FILE0001	IGG019PN	91	identical-default	ibm/IGG/IGG019PN.asm	unique	tape
MVSSRC.SYM401.F01	sym4-1	FILE0001	IGG019PO	100	identical-default	ibm/IGG/IGG019PO.asm	unique	tape
MVSSRC.SYM401.F01	sym4-1	FILE0001	IGG019PP	88	identical-default	ibm/IGG/IGG019PP.asm	unique	tape
MVSSRC.SYM401.F01	sym4-1	FILE0001	IGG019PQ	93	identical-default	ibm/IGG/IGG019PQ.asm	unique	tape
MVSSRC.SYM401.F01	sym4-1	FILE0001	IGG019UP	361	identical-default	ibm/IGG/IGG019UP.asm	unique	tape
MVSSRC.SYM401.F01	sym4-1	FILE0001	IGG0203M	789	identical-default	ibm/IGG/IGG0203M.asm	unique	tape
MVSSRC.SYM401.F02	sym4-1	FILE0002	EWATMAP	108	identical-default	ibm/EWA/EWATMAP.asm	unique	tape
MVSSRC.SYM401.F02	sym4-1	FILE0002	VMSGGEN	52	identical-default	ibm/VMS/VMSGGEN.asm	unique	tape
MVSSRC.SYM401.F02	sym4-1	FILE0002	VMSGSKL	204	identical-default	ibm/VMS/VMSGSKL.asm	unique	tape
MVSSRC.SYM401.F03	sym4-1	FILE0003	ISTCC010	1569	identical-default	ibm/IST/ISTCC010.asm	conflict	tape
MVSSRC.SYM401.F03	sym4-1	FILE0003	ISTCC011	3206	identical-default	ibm/IST/ISTCC011.asm	unique	tape
MVSSRC.SYM401.F03	sym4-1	FILE0003	ISTCC012	782	identical-default	ibm/IST/ISTCC012.asm	conflict	tape
MVSSRC.SYM401.F03	sym4-1	FILE0003	ISTCC013	1270	identical-default	ibm/IST/ISTCC013.asm	conflict	tape
MVSSRC.SYM401.F03	sym4-1	FILE0003	ISTCC014	3112	identical-default	ibm/IST/ISTCC014.asm	conflict	tape
MVSSRC.SYM401.F03	sym4-1	FILE0003	ISTCC015	1137	identical-default	ibm/IST/ISTCC015.asm	conflict	tape
MVSSRC.SYM401.F03	sym4-1	FILE0003	ISTCC016	3007	identical-default	ibm/IST/ISTCC016.asm	conflict	tape
MVSSRC.SYM401.F03	sym4-1	FILE0003	ISTEC000	46	identical-default	ibm/IST/ISTEC000.asm	conflict	tape
MVSSRC.SYM401.F03	sym4-1	FILE0003	ISTEC123	1031	identical-default	ibm/IST/ISTEC123.asm	conflict	tape
MVSSRC.SYM401.F03	sym4-1	FILE0003	ISTEC456	1011	identical-default	ibm/IST/ISTEC456.asm	conflict	tape
MVSSRC.SYM401.F03	sym4-1	FILE0003	ISTEC789	857	identical-default	ibm/IST/ISTEC789.asm	conflict	tape
MVSSRC.SYM401.F03	sym4-1	FILE0003	ISTIC000	4798	identical-default	ibm/IST/ISTIC000.asm	unique	tape
MVSSRC.SYM401.F03	sym4-1	FILE0003	ISTIC001	3762	identical-default	ibm/IST/ISTIC001.asm	unique	tape
MVSSRC.SYM401.F03	sym4-1	FILE0003	ISTIC002	3466	identical-default	ibm/IST/ISTIC002.asm	unique	tape
MVSSRC.SYM401.F03	sym4-1	FILE0003	ISTIC003	1600	identical-default	ibm/IST/ISTIC003.asm	conflict	tape
MVSSRC.SYM401.F03	sym4-1	FILE0003	ISTIC004	2583	identical-default	ibm/IST/ISTIC004.asm	conflict	tape
MVSSRC.SYM401.F03	sym4-1	FILE0003	ISTIC005	1846	identical-default	ibm/IST/ISTIC005.asm	conflict	tape
MVSSRC.SYM401.F03	sym4-1	FILE0003	ISTIC006	1590	identical-default	ibm/IST/ISTIC006.asm	conflict	tape
MVSSRC.SYM401.F03	sym4-1	FILE0003	ISTIC007	1032	identical-default	ibm/IST/ISTIC007.asm	conflict	tape
MVSSRC.SYM401.F03	sym4-1	FILE0003	ISTIC008	1352	identical-default	ibm/IST/ISTIC008.asm	conflict	tape
MVSSRC.SYM401.F03	sym4-1	FILE0003	ISTIC009	1479	identical-default	ibm/IST/ISTIC009.asm	conflict	tape
MVSSRC.SYM401.F03	sym4-1	FILE0003	ISTIC00A	2237	identical-default	ibm/IST/ISTIC00A.asm	conflict	tape
MVSSRC.SYM401.F03	sym4-1	FILE0003	ISTSC020	1598	identical-default	ibm/IST/ISTSC020.asm	conflict	tape
MVSSRC.SYM401.F03	sym4-1	FILE0003	ISTSC021	274	identical-default	ibm/IST/ISTSC021.asm	conflict	tape
MVSSRC.SYM401.F03	sym4-1	FILE0003	ISTSC022	1375	identical-default	ibm/IST/ISTSC022.asm	conflict	tape
MVSSRC.SYM401.F03	sym4-1	FILE0003	ISTSC023	141	identical-default	ibm/IST/ISTSC023.asm	conflict	tape
MVSSRC.SYM401.F03	sym4-1	FILE0003	ISTSC024	3010	identical-default	ibm/IST/ISTSC024.asm	conflict	tape
MVSSRC.SYM401.F03	sym4-1	FILE0003	ISTSC025	1886	identical-default	ibm/IST/ISTSC025.asm	conflict	tape
MVSSRC.SYM401.F03	sym4-1	FILE0003	ISTSC026	89	identical-default	ibm/IST/ISTSC026.asm	conflict	tape
MVSSRC.SYM401.F03	sym4-1	FILE0003	ISTSC027	3763	identical-default	ibm/IST/ISTSC027.asm	unique	tape
MVSSRC.SYM401.F03	sym4-1	FILE0003	ISTSC028	800	identical-default	ibm/IST/ISTSC028.asm	conflict	tape
MVSSRC.SYM401.F03	sym4-1	FILE0003	ISTSC029	2313	identical-default	ibm/IST/ISTSC029.asm	unique	tape
MVSSRC.SYM401.F03	sym4-1	FILE0003	ISTSC02A	788	identical-default	ibm/IST/ISTSC02A.asm	conflict	tape
MVSSRC.SYM401.F03	sym4-1	FILE0003	ISTSC02B	354	identical-default	ibm/IST/ISTSC02B.asm	conflict	tape
MVSSRC.SYM401.F03	sym4-1	FILE0003	ISTSC02C	1019	identical-default	ibm/IST/ISTSC02C.asm	conflict	tape
MVSSRC.SYM401.F03	sym4-1	FILE0003	ISTSC02D	654	identical-default	ibm/IST/ISTSC02D.asm	conflict	tape
MVSSRC.SYM401.F03	sym4-1	FILE0003	ISTSC02E	832	identical-default	ibm/IST/ISTSC02E.asm	conflict	tape
MVSSRC.SYM401.F03	sym4-1	FILE0003	ISTSC02F	4458	identical-default	ibm/IST/ISTSC02F.asm	unique	tape
MVSSRC.SYM401.F03	sym4-1	FILE0003	ISTSC030	5187	identical-default	ibm/IST/ISTSC030.asm	unique	tape
MVSSRC.SYM401.F03	sym4-1	FILE0003	ISTSC031	3153	identical-default	ibm/IST/ISTSC031.asm	unique	tape
MVSSRC.SYM401.F03	sym4-1	FILE0003	ISTSC032	3057	identical-default	ibm/IST/ISTSC032.asm	unique	tape
MVSSRC.SYM401.F03	sym4-1	FILE0003	ISTSC033	1538	identical-default	ibm/IST/ISTSC033.asm	conflict	tape
MVSSRC.SYM401.F04	sym4-1	FILE0004	ISTSC034	6552	identical-default	ibm/IST/ISTSC034.asm	unique	tape
MVSSRC.SYM401.F04	sym4-1	FILE0004	ISTTC035	933	identical-default	ibm/IST/ISTTC035.asm	conflict	tape
MVSSRC.SYM401.F04	sym4-1	FILE0004	ISTTC037	2153	identical-default	ibm/IST/ISTTC037.asm	conflict	tape
MVSSRC.SYM401.F05	sym4-1	FILE0005	AMDUSRFD	3604	identical-default	ibm/AMD/AMDUSRFD.asm	unique	tape
MVSSRC.SYM401.F05	sym4-1	FILE0005	ISTAICCK	948	identical-default	ibm/IST/ISTAICCK.asm	unique	tape
MVSSRC.SYM401.F05	sym4-1	FILE0005	ISTAICIR	4599	identical-default	ibm/IST/ISTAICIR.asm	unique	tape
MVSSRC.SYM401.F05	sym4-1	FILE0005	ISTAICPT	5428	identical-default	ibm/IST/ISTAICPT.asm	unique	tape
MVSSRC.SYM401.F05	sym4-1	FILE0005	ISTAICTN	951	identical-default	ibm/IST/ISTAICTN.asm	unique	tape
MVSSRC.SYM401.F05	sym4-1	FILE0005	ISTAPC11	6005	identical-default	ibm/IST/ISTAPC11.asm	conflict	tape
MVSSRC.SYM401.F05	sym4-1	FILE0005	ISTAPC12	4840	identical-default	ibm/IST/ISTAPC12.asm	conflict	tape
MVSSRC.SYM401.F05	sym4-1	FILE0005	ISTAPC22	3911	identical-default	ibm/IST/ISTAPC22.asm	unique	tape
MVSSRC.SYM401.F05	sym4-1	FILE0005	ISTAPC23	4586	identical-default	ibm/IST/ISTAPC23.asm	unique	tape
MVSSRC.SYM401.F05	sym4-1	FILE0005	ISTAPC25	5321	identical-default	ibm/IST/ISTAPC25.asm	unique	tape
MVSSRC.SYM401.F05	sym4-1	FILE0005	ISTAPC31	3432	identical-default	ibm/IST/ISTAPC31.asm	unique	tape
MVSSRC.SYM401.F05	sym4-1	FILE0005	ISTAPC32	1745	identical-default	ibm/IST/ISTAPC32.asm	unique	tape
MVSSRC.SYM401.F05	sym4-1	FILE0005	ISTAPC33	3538	identical-default	ibm/IST/ISTAPC33.asm	unique	tape
MVSSRC.SYM401.F05	sym4-1	FILE0005	ISTAPC34	1364	identical-default	ibm/IST/ISTAPC34.asm	unique	tape
MVSSRC.SYM401.F05	sym4-1	FILE0005	ISTAPC35	1385	identical-default	ibm/IST/ISTAPC35.asm	unique	tape
MVSSRC.SYM401.F05	sym4-1	FILE0005	ISTAPC36	1348	identical-default	ibm/IST/ISTAPC36.asm	unique	tape
MVSSRC.SYM401.F05	sym4-1	FILE0005	ISTAPC37	2462	identical-default	ibm/IST/ISTAPC37.asm	unique	tape
MVSSRC.SYM401.F05	sym4-1	FILE0005	ISTAPC38	2428	identical-default	ibm/IST/ISTAPC38.asm	unique	tape
MVSSRC.SYM401.F05	sym4-1	FILE0005	ISTAPC41	1320	identical-default	ibm/IST/ISTAPC41.asm	conflict	tape
MVSSRC.SYM401.F05	sym4-1	FILE0005	ISTAPC51	2478	identical-default	ibm/IST/ISTAPC51.asm	unique	tape
MVSSRC.SYM401.F05	sym4-1	FILE0005	ISTAPC52	3860	identical-default	ibm/IST/ISTAPC52.asm	conflict	tape
MVSSRC.SYM401.F05	sym4-1	FILE0005	ISTAPC53	2230	identical-default	ibm/IST/ISTAPC53.asm	conflict	tape
MVSSRC.SYM401.F05	sym4-1	FILE0005	ISTAPC54	4082	identical-default	ibm/IST/ISTAPC54.asm	unique	tape
MVSSRC.SYM401.F05	sym4-1	FILE0005	ISTAPC55	4012	identical-default	ibm/IST/ISTAPC55.asm	unique	tape
MVSSRC.SYM401.F05	sym4-1	FILE0005	ISTAPC56	2502	identical-default	ibm/IST/ISTAPC56.asm	conflict	tape
MVSSRC.SYM401.F06	sym4-1	FILE0006	ISTAPC57	2365	identical-default	ibm/IST/ISTAPC57.asm	unique	tape
MVSSRC.SYM401.F06	sym4-1	FILE0006	ISTAPC58	3437	identical-default	ibm/IST/ISTAPC58.asm	unique	tape
MVSSRC.SYM401.F06	sym4-1	FILE0006	ISTAPC59	3051	identical-default	ibm/IST/ISTAPC59.asm	unique	tape
MVSSRC.SYM401.F06	sym4-1	FILE0006	ISTAPC61	4582	identical-default	ibm/IST/ISTAPC61.asm	unique	tape
MVSSRC.SYM401.F06	sym4-1	FILE0006	ISTAPC62	4541	identical-default	ibm/IST/ISTAPC62.asm	unique	tape
MVSSRC.SYM401.F06	sym4-1	FILE0006	ISTAPC63	2797	identical-default	ibm/IST/ISTAPC63.asm	conflict	tape
MVSSRC.SYM401.F06	sym4-1	FILE0006	ISTAPC64	2646	identical-default	ibm/IST/ISTAPC64.asm	conflict	tape
MVSSRC.SYM401.F06	sym4-1	FILE0006	ISTAPC66	3539	identical-default	ibm/IST/ISTAPC66.asm	unique	tape
MVSSRC.SYM401.F06	sym4-1	FILE0006	ISTAPC83	2673	identical-default	ibm/IST/ISTAPC83.asm	unique	tape
MVSSRC.SYM401.F06	sym4-1	FILE0006	ISTAPC84	3689	identical-default	ibm/IST/ISTAPC84.asm	unique	tape
MVSSRC.SYM401.F06	sym4-1	FILE0006	ISTAPM69	483	identical-default	ibm/IST/ISTAPM69.asm	conflict	tape
MVSSRC.SYM401.F06	sym4-1	FILE0006	ISTATM00	5754	identical-default	ibm/IST/ISTATM00.asm	unique	tape
MVSSRC.SYM401.F06	sym4-1	FILE0006	ISTATM10	3391	identical-default	ibm/IST/ISTATM10.asm	unique	tape
MVSSRC.SYM401.F06	sym4-1	FILE0006	ISTAUCAG	58	identical-default	ibm/IST/ISTAUCAG.asm	conflict	tape
MVSSRC.SYM401.F06	sym4-1	FILE0006	ISTAUCAT	58	identical-default	ibm/IST/ISTAUCAT.asm	conflict	tape
MVSSRC.SYM401.F06	sym4-1	FILE0006	ISTCFCDP	6292	identical-default	ibm/IST/ISTCFCDP.asm	unique	tape
MVSSRC.SYM401.F06	sym4-1	FILE0006	ISTCFCMM	703	identical-default	ibm/IST/ISTCFCMM.asm	unique	tape
MVSSRC.SYM401.F06	sym4-1	FILE0006	ISTCFCPC	5811	identical-default	ibm/IST/ISTCFCPC.asm	unique	tape
MVSSRC.SYM401.F06	sym4-1	FILE0006	ISTCFCPO	5770	identical-default	ibm/IST/ISTCFCPO.asm	unique	tape
MVSSRC.SYM401.F06	sym4-1	FILE0006	ISTCFCR1	8983	identical-default	ibm/IST/ISTCFCR1.asm	unique	tape
MVSSRC.SYM401.F06	sym4-1	FILE0006	ISTCFCRP	6321	identical-default	ibm/IST/ISTCFCRP.asm	conflict	tape
MVSSRC.SYM401.F07	sym4-1	FILE0007	ISTCFCR2	8733	identical-default	ibm/IST/ISTCFCR2.asm	unique	tape
MVSSRC.SYM401.F07	sym4-1	FILE0007	ISTCFCS1	9110	identical-default	ibm/IST/ISTCFCS1.asm	unique	tape
MVSSRC.SYM401.F07	sym4-1	FILE0007	ISTCFCS2	8888	identical-default	ibm/IST/ISTCFCS2.asm	unique	tape
MVSSRC.SYM401.F07	sym4-1	FILE0007	ISTCFF3D	3044	identical-default	ibm/IST/ISTCFF3D.asm	unique	tape
MVSSRC.SYM401.F07	sym4-1	FILE0007	ISTCFMMI	916	identical-default	ibm/IST/ISTCFMMI.asm	conflict	tape
MVSSRC.SYM401.F07	sym4-1	FILE0007	ISTCFMTM	3444	identical-default	ibm/IST/ISTCFMTM.asm	unique	tape
MVSSRC.SYM401.F07	sym4-1	FILE0007	ISTCRCR4	5092	identical-default	ibm/IST/ISTCRCR4.asm	unique	tape
MVSSRC.SYM401.F07	sym4-1	FILE0007	ISTCSCAC	2462	identical-default	ibm/IST/ISTCSCAC.asm	unique	tape
MVSSRC.SYM401.F07	sym4-1	FILE0007	ISTCSCAQ	3738	identical-default	ibm/IST/ISTCSCAQ.asm	unique	tape
MVSSRC.SYM401.F07	sym4-1	FILE0007	ISTCSCCL	3224	identical-default	ibm/IST/ISTCSCCL.asm	unique	tape
MVSSRC.SYM401.F07	sym4-1	FILE0007	ISTCSCLG	2165	identical-default	ibm/IST/ISTCSCLG.asm	unique	tape
MVSSRC.SYM401.F07	sym4-1	FILE0007	ISTCSCMR	6519	identical-default	ibm/IST/ISTCSCMR.asm	unique	tape
MVSSRC.SYM401.F07	sym4-1	FILE0007	ISTCSCPS	2429	identical-default	ibm/IST/ISTCSCPS.asm	unique	tape
MVSSRC.SYM401.F07	sym4-1	FILE0007	ISTCSCRL	5189	identical-default	ibm/IST/ISTCSCRL.asm	unique	tape
MVSSRC.SYM401.F07	sym4-1	FILE0007	ISTDCC00	5385	identical-default	ibm/IST/ISTDCC00.asm	unique	tape
MVSSRC.SYM401.F07	sym4-1	FILE0007	ISTDCC02	4869	identical-default	ibm/IST/ISTDCC02.asm	unique	tape
MVSSRC.SYM401.F07	sym4-1	FILE0007	ISTDCC10	3570	identical-default	ibm/IST/ISTDCC10.asm	unique	tape
MVSSRC.SYM401.F08	sym4-1	FILE0008	ISTDCC11	5455	identical-default	ibm/IST/ISTDCC11.asm	unique	tape
MVSSRC.SYM401.F08	sym4-1	FILE0008	ISTDCC12	4921	identical-default	ibm/IST/ISTDCC12.asm	unique	tape
MVSSRC.SYM401.F08	sym4-1	FILE0008	ISTDCC13	2495	identical-default	ibm/IST/ISTDCC13.asm	unique	tape
MVSSRC.SYM401.F08	sym4-1	FILE0008	ISTDCC20	4307	identical-default	ibm/IST/ISTDCC20.asm	unique	tape
MVSSRC.SYM401.F08	sym4-1	FILE0008	ISTDCC21	5055	identical-default	ibm/IST/ISTDCC21.asm	unique	tape
MVSSRC.SYM401.F08	sym4-1	FILE0008	ISTDCC22	4552	identical-default	ibm/IST/ISTDCC22.asm	unique	tape
MVSSRC.SYM401.F08	sym4-1	FILE0008	ISTDCC23	2605	identical-default	ibm/IST/ISTDCC23.asm	unique	tape
MVSSRC.SYM401.F08	sym4-1	FILE0008	ISTDCC24	4046	identical-default	ibm/IST/ISTDCC24.asm	unique	tape
MVSSRC.SYM401.F08	sym4-1	FILE0008	ISTDCC25	5183	identical-default	ibm/IST/ISTDCC25.asm	unique	tape
MVSSRC.SYM401.F08	sym4-1	FILE0008	ISTDCC30	4565	identical-default	ibm/IST/ISTDCC30.asm	unique	tape
MVSSRC.SYM401.F08	sym4-1	FILE0008	ISTDCC31	4035	identical-default	ibm/IST/ISTDCC31.asm	unique	tape
MVSSRC.SYM401.F08	sym4-1	FILE0008	ISTDCC32	3859	identical-default	ibm/IST/ISTDCC32.asm	unique	tape
MVSSRC.SYM401.F08	sym4-1	FILE0008	ISTDCC35	5483	identical-default	ibm/IST/ISTDCC35.asm	unique	tape
MVSSRC.SYM401.F08	sym4-1	FILE0008	ISTDCC40	5243	identical-default	ibm/IST/ISTDCC40.asm	unique	tape
MVSSRC.SYM401.F08	sym4-1	FILE0008	ISTDCC41	3338	identical-default	ibm/IST/ISTDCC41.asm	unique	tape
MVSSRC.SYM401.F08	sym4-1	FILE0008	ISTDCC42	3392	identical-default	ibm/IST/ISTDCC42.asm	unique	tape
MVSSRC.SYM401.F08	sym4-1	FILE0008	ISTDCC50	6827	identical-default	ibm/IST/ISTDCC50.asm	unique	tape
MVSSRC.SYM401.F08	sym4-1	FILE0008	ISTDCC51	2765	identical-default	ibm/IST/ISTDCC51.asm	unique	tape
MVSSRC.SYM401.F09	sym4-1	FILE0009	ISTDCC60	3633	identical-default	ibm/IST/ISTDCC60.asm	unique	tape
MVSSRC.SYM401.F09	sym4-1	FILE0009	ISTDCC61	3363	identical-default	ibm/IST/ISTDCC61.asm	unique	tape
MVSSRC.SYM401.F09	sym4-1	FILE0009	ISTDCC80	4954	identical-default	ibm/IST/ISTDCC80.asm	unique	tape
MVSSRC.SYM401.F09	sym4-1	FILE0009	ISTDCC81	5770	identical-default	ibm/IST/ISTDCC81.asm	unique	tape
MVSSRC.SYM401.F09	sym4-1	FILE0009	ISTDCC85	2353	identical-default	ibm/IST/ISTDCC85.asm	unique	tape
MVSSRC.SYM401.F09	sym4-1	FILE0009	ISTDVCBA	450	identical-default	ibm/IST/ISTDVCBA.asm	unique	tape
MVSSRC.SYM401.F09	sym4-1	FILE0009	ISTDVCRC	404	identical-default	ibm/IST/ISTDVCRC.asm	unique	tape
MVSSRC.SYM401.F09	sym4-1	FILE0009	ISTESC01	1880	identical-default	ibm/IST/ISTESC01.asm	conflict	tape
MVSSRC.SYM401.F09	sym4-1	FILE0009	ISTESC02	2821	identical-default	ibm/IST/ISTESC02.asm	unique	tape
MVSSRC.SYM401.F09	sym4-1	FILE0009	ISTINCA0	2002	identical-default	ibm/IST/ISTINCA0.asm	unique	tape
MVSSRC.SYM401.F09	sym4-1	FILE0009	ISTINCAW	6921	identical-default	ibm/IST/ISTINCAW.asm	unique	tape
MVSSRC.SYM401.F09	sym4-1	FILE0009	ISTINCBL	2063	identical-default	ibm/IST/ISTINCBL.asm	unique	tape
MVSSRC.SYM401.F09	sym4-1	FILE0009	ISTINCCC	8480	identical-default	ibm/IST/ISTINCCC.asm	unique	tape
MVSSRC.SYM401.F09	sym4-1	FILE0009	ISTINCCF	2264	identical-default	ibm/IST/ISTINCCF.asm	unique	tape
MVSSRC.SYM401.F09	sym4-1	FILE0009	ISTINCCL	9868	identical-default	ibm/IST/ISTINCCL.asm	unique	tape
MVSSRC.SYM401.F09	sym4-1	FILE0009	ISTINCD0	4347	identical-default	ibm/IST/ISTINCD0.asm	unique	tape
MVSSRC.SYM401.F09	sym4-1	FILE0009	ISTINCD1	4628	identical-default	ibm/IST/ISTINCD1.asm	unique	tape
MVSSRC.SYM401.F09	sym4-1	FILE0009	ISTINCDL	6983	identical-default	ibm/IST/ISTINCDL.asm	unique	tape
MVSSRC.SYM401.F09	sym4-1	FILE0009	ISTINCDP	2003	identical-default	ibm/IST/ISTINCDP.asm	unique	tape
MVSSRC.SYM401.F09	sym4-1	FILE0009	ISTINCDT	141	identical-default	ibm/IST/ISTINCDT.asm	unique	tape
MVSSRC.SYM401.F09	sym4-1	FILE0009	ISTINCDU	1622	identical-default	ibm/IST/ISTINCDU.asm	unique	tape
MVSSRC.SYM401.F10	sym4-1	FILE0010	ISTINCD2	7301	identical-default	ibm/IST/ISTINCD2.asm	unique	tape
MVSSRC.SYM401.F10	sym4-1	FILE0010	ISTINCD3	4652	identical-default	ibm/IST/ISTINCD3.asm	unique	tape
MVSSRC.SYM401.F10	sym4-1	FILE0010	ISTINCD4	6546	identical-default	ibm/IST/ISTINCD4.asm	unique	tape
MVSSRC.SYM401.F10	sym4-1	FILE0010	ISTINCD5	7390	identical-default	ibm/IST/ISTINCD5.asm	unique	tape
MVSSRC.SYM401.F10	sym4-1	FILE0010	ISTINCD6	6584	identical-default	ibm/IST/ISTINCD6.asm	unique	tape
MVSSRC.SYM401.F10	sym4-1	FILE0010	ISTINCD7	6470	identical-default	ibm/IST/ISTINCD7.asm	unique	tape
MVSSRC.SYM401.F10	sym4-1	FILE0010	ISTINCD8	7841	identical-default	ibm/IST/ISTINCD8.asm	unique	tape
MVSSRC.SYM401.F10	sym4-1	FILE0010	ISTINCD9	10325	identical-default	ibm/IST/ISTINCD9.asm	unique	tape
MVSSRC.SYM401.F10	sym4-1	FILE0010	ISTINCE0	7174	identical-default	ibm/IST/ISTINCE0.asm	unique	tape
MVSSRC.SYM401.F10	sym4-1	FILE0010	ISTINCE1	8252	identical-default	ibm/IST/ISTINCE1.asm	unique	tape
MVSSRC.SYM401.F10	sym4-1	FILE0010	ISTINCE2	6299	identical-default	ibm/IST/ISTINCE2.asm	unique	tape
MVSSRC.SYM401.F11	sym4-1	FILE0011	ISTINCE3	6364	identical-default	ibm/IST/ISTINCE3.asm	unique	tape
MVSSRC.SYM401.F11	sym4-1	FILE0011	ISTINCE4	3993	identical-default	ibm/IST/ISTINCE4.asm	unique	tape
MVSSRC.SYM401.F11	sym4-1	FILE0011	ISTINCE5	6326	identical-default	ibm/IST/ISTINCE5.asm	unique	tape
MVSSRC.SYM401.F11	sym4-1	FILE0011	ISTINCE6	6707	identical-default	ibm/IST/ISTINCE6.asm	unique	tape
MVSSRC.SYM401.F11	sym4-1	FILE0011	ISTINCE7	4420	identical-default	ibm/IST/ISTINCE7.asm	unique	tape
MVSSRC.SYM401.F11	sym4-1	FILE0011	ISTINCE8	7297	identical-default	ibm/IST/ISTINCE8.asm	unique	tape
MVSSRC.SYM401.F11	sym4-1	FILE0011	ISTINCE9	6106	identical-default	ibm/IST/ISTINCE9.asm	unique	tape
MVSSRC.SYM401.F11	sym4-1	FILE0011	ISTINCF1	3244	identical-default	ibm/IST/ISTINCF1.asm	unique	tape
MVSSRC.SYM401.F11	sym4-1	FILE0011	ISTINCF3	7079	identical-default	ibm/IST/ISTINCF3.asm	unique	tape
MVSSRC.SYM401.F11	sym4-1	FILE0011	ISTINCF4	5241	identical-default	ibm/IST/ISTINCF4.asm	unique	tape
MVSSRC.SYM401.F11	sym4-1	FILE0011	ISTINCFE	4728	identical-default	ibm/IST/ISTINCFE.asm	unique	tape
MVSSRC.SYM401.F11	sym4-1	FILE0011	ISTINCFM	3077	identical-default	ibm/IST/ISTINCFM.asm	unique	tape
MVSSRC.SYM401.F11	sym4-1	FILE0011	ISTINCFS	13204	identical-default	ibm/IST/ISTINCFS.asm	unique	tape
MVSSRC.SYM401.F12	sym4-1	FILE0012	ISTINCF9	2570	identical-default	ibm/IST/ISTINCF9.asm	unique	tape
MVSSRC.SYM401.F12	sym4-1	FILE0012	ISTINCHT	4972	identical-default	ibm/IST/ISTINCHT.asm	unique	tape
MVSSRC.SYM401.F12	sym4-1	FILE0012	ISTINCIB	1251	identical-default	ibm/IST/ISTINCIB.asm	unique	tape
MVSSRC.SYM401.F12	sym4-1	FILE0012	ISTINCIO	9246	identical-default	ibm/IST/ISTINCIO.asm	unique	tape
MVSSRC.SYM401.F12	sym4-1	FILE0012	ISTINCIT	1457	identical-default	ibm/IST/ISTINCIT.asm	conflict	tape
MVSSRC.SYM401.F12	sym4-1	FILE0012	ISTINCL0	6207	identical-default	ibm/IST/ISTINCL0.asm	unique	tape
MVSSRC.SYM401.F12	sym4-1	FILE0012	ISTINCL1	4918	identical-default	ibm/IST/ISTINCL1.asm	unique	tape
MVSSRC.SYM401.F12	sym4-1	FILE0012	ISTINCL2	6501	identical-default	ibm/IST/ISTINCL2.asm	unique	tape
MVSSRC.SYM401.F12	sym4-1	FILE0012	ISTINCL3	6736	identical-default	ibm/IST/ISTINCL3.asm	unique	tape
MVSSRC.SYM401.F12	sym4-1	FILE0012	ISTINCL4	7541	identical-default	ibm/IST/ISTINCL4.asm	unique	tape
MVSSRC.SYM401.F12	sym4-1	FILE0012	ISTINCL5	5797	identical-default	ibm/IST/ISTINCL5.asm	unique	tape
MVSSRC.SYM401.F12	sym4-1	FILE0012	ISTINCL6	5815	identical-default	ibm/IST/ISTINCL6.asm	unique	tape
MVSSRC.SYM401.F12	sym4-1	FILE0012	ISTINCL7	7866	identical-default	ibm/IST/ISTINCL7.asm	unique	tape
MVSSRC.SYM401.F12	sym4-1	FILE0012	ISTINCLF	5287	identical-default	ibm/IST/ISTINCLF.asm	unique	tape
MVSSRC.SYM401.F12	sym4-1	FILE0012	ISTINCLM	128	identical-default	ibm/IST/ISTINCLM.asm	unique	tape
MVSSRC.SYM401.F13	sym4-1	FILE0013	ISTINCL8	9373	identical-default	ibm/IST/ISTINCL8.asm	unique	tape
MVSSRC.SYM401.F13	sym4-1	FILE0013	ISTINCMD	7116	identical-default	ibm/IST/ISTINCMD.asm	unique	tape
MVSSRC.SYM401.F13	sym4-1	FILE0013	ISTINCMR	1982	identical-default	ibm/IST/ISTINCMR.asm	unique	tape
MVSSRC.SYM401.F13	sym4-1	FILE0013	ISTINCMS	12785	identical-default	ibm/IST/ISTINCMS.asm	unique	tape
MVSSRC.SYM401.F13	sym4-1	FILE0013	ISTINCMY	9551	identical-default	ibm/IST/ISTINCMY.asm	unique	tape
MVSSRC.SYM401.F13	sym4-1	FILE0013	ISTINCNS	4526	identical-default	ibm/IST/ISTINCNS.asm	unique	tape
MVSSRC.SYM401.F13	sym4-1	FILE0013	ISTINCOE	1860	identical-default	ibm/IST/ISTINCOE.asm	unique	tape
MVSSRC.SYM401.F13	sym4-1	FILE0013	ISTINCOI	1247	identical-default	ibm/IST/ISTINCOI.asm	unique	tape
MVSSRC.SYM401.F13	sym4-1	FILE0013	ISTINCOQ	1025	identical-default	ibm/IST/ISTINCOQ.asm	unique	tape
MVSSRC.SYM401.F13	sym4-1	FILE0013	ISTINCOS	4491	identical-default	ibm/IST/ISTINCOS.asm	unique	tape
MVSSRC.SYM401.F13	sym4-1	FILE0013	ISTINCPD	4153	identical-default	ibm/IST/ISTINCPD.asm	unique	tape
MVSSRC.SYM401.F13	sym4-1	FILE0013	ISTINCPH	2832	identical-default	ibm/IST/ISTINCPH.asm	conflict	tape
MVSSRC.SYM401.F13	sym4-1	FILE0013	ISTINCQB	7628	identical-default	ibm/IST/ISTINCQB.asm	unique	tape
MVSSRC.SYM401.F13	sym4-1	FILE0013	ISTINCQE	4163	identical-default	ibm/IST/ISTINCQE.asm	unique	tape
MVSSRC.SYM401.F13	sym4-1	FILE0013	ISTINCRD	4094	identical-default	ibm/IST/ISTINCRD.asm	unique	tape
MVSSRC.SYM401.F14	sym4-1	FILE0014	ISTINCR1	4954	identical-default	ibm/IST/ISTINCR1.asm	unique	tape
MVSSRC.SYM401.F14	sym4-1	FILE0014	ISTINCR2	7910	identical-default	ibm/IST/ISTINCR2.asm	unique	tape
MVSSRC.SYM401.F14	sym4-1	FILE0014	ISTINCR3	5070	identical-default	ibm/IST/ISTINCR3.asm	unique	tape
MVSSRC.SYM401.F14	sym4-1	FILE0014	ISTINCR4	6578	identical-default	ibm/IST/ISTINCR4.asm	unique	tape
MVSSRC.SYM401.F14	sym4-1	FILE0014	ISTINCR5	10271	identical-default	ibm/IST/ISTINCR5.asm	unique	tape
MVSSRC.SYM401.F14	sym4-1	FILE0014	ISTINCR6	6656	identical-default	ibm/IST/ISTINCR6.asm	unique	tape
MVSSRC.SYM401.F14	sym4-1	FILE0014	ISTINCRF	3653	identical-default	ibm/IST/ISTINCRF.asm	unique	tape
MVSSRC.SYM401.F14	sym4-1	FILE0014	ISTINCRP	2896	identical-default	ibm/IST/ISTINCRP.asm	unique	tape
MVSSRC.SYM401.F14	sym4-1	FILE0014	ISTINCRR	7307	identical-default	ibm/IST/ISTINCRR.asm	unique	tape
MVSSRC.SYM401.F14	sym4-1	FILE0014	ISTINCRS	825	identical-default	ibm/IST/ISTINCRS.asm	conflict	tape
MVSSRC.SYM401.F14	sym4-1	FILE0014	ISTINCS1	4282	identical-default	ibm/IST/ISTINCS1.asm	unique	tape
MVSSRC.SYM401.F14	sym4-1	FILE0014	ISTINCSD	42	identical-default	ibm/IST/ISTINCSD.asm	conflict	tape
MVSSRC.SYM401.F14	sym4-1	FILE0014	ISTINCSH	1545	identical-default	ibm/IST/ISTINCSH.asm	unique	tape
MVSSRC.SYM401.F14	sym4-1	FILE0014	ISTINCSM	5436	identical-default	ibm/IST/ISTINCSM.asm	unique	tape
MVSSRC.SYM401.F14	sym4-1	FILE0014	ISTINCST	3634	identical-default	ibm/IST/ISTINCST.asm	unique	tape
MVSSRC.SYM401.F14	sym4-1	FILE0014	ISTINCTE	3273	identical-default	ibm/IST/ISTINCTE.asm	unique	tape
MVSSRC.SYM401.F14	sym4-1	FILE0014	ISTINCTM	1249	identical-default	ibm/IST/ISTINCTM.asm	unique	tape
MVSSRC.SYM402.F01	sym4-2	FILE0001	ISTINCTR	6361	identical-default	ibm/IST/ISTINCTR.asm	unique	tape
MVSSRC.SYM402.F01	sym4-2	FILE0001	ISTINCU0	7373	identical-default	ibm/IST/ISTINCU0.asm	unique	tape
MVSSRC.SYM402.F01	sym4-2	FILE0001	ISTINCU1	5516	identical-default	ibm/IST/ISTINCU1.asm	unique	tape
MVSSRC.SYM402.F01	sym4-2	FILE0001	ISTINCU2	4379	identical-default	ibm/IST/ISTINCU2.asm	unique	tape
MVSSRC.SYM402.F01	sym4-2	FILE0001	ISTINCU3	7984	identical-default	ibm/IST/ISTINCU3.asm	unique	tape
MVSSRC.SYM402.F01	sym4-2	FILE0001	ISTINCU4	6612	identical-default	ibm/IST/ISTINCU4.asm	unique	tape
MVSSRC.SYM402.F01	sym4-2	FILE0001	ISTINCU5	6678	identical-default	ibm/IST/ISTINCU5.asm	unique	tape
MVSSRC.SYM402.F01	sym4-2	FILE0001	ISTINCU6	4786	identical-default	ibm/IST/ISTINCU6.asm	unique	tape
MVSSRC.SYM402.F01	sym4-2	FILE0001	ISTINCU7	4731	identical-default	ibm/IST/ISTINCU7.asm	unique	tape
MVSSRC.SYM402.F01	sym4-2	FILE0001	ISTINCUA	8185	identical-default	ibm/IST/ISTINCUA.asm	unique	tape
MVSSRC.SYM402.F01	sym4-2	FILE0001	ISTINCUB	3520	identical-default	ibm/IST/ISTINCUB.asm	unique	tape
MVSSRC.SYM402.F01	sym4-2	FILE0001	ISTINCUM	6060	identical-default	ibm/IST/ISTINCUM.asm	unique	tape
MVSSRC.SYM402.F01	sym4-2	FILE0001	ISTINCUQ	4420	identical-default	ibm/IST/ISTINCUQ.asm	unique	tape
MVSSRC.SYM402.F02	sym4-2	FILE0002	ISTINCU8	4590	identical-default	ibm/IST/ISTINCU8.asm	unique	tape
MVSSRC.SYM402.F02	sym4-2	FILE0002	ISTINCV2	7604	identical-default	ibm/IST/ISTINCV2.asm	unique	tape
MVSSRC.SYM402.F02	sym4-2	FILE0002	ISTINCV3	4082	identical-default	ibm/IST/ISTINCV3.asm	unique	tape
MVSSRC.SYM402.F02	sym4-2	FILE0002	ISTINCVA	11233	identical-default	ibm/IST/ISTINCVA.asm	unique	tape
MVSSRC.SYM402.F02	sym4-2	FILE0002	ISTINCVI	11777	identical-default	ibm/IST/ISTINCVI.asm	unique	tape
MVSSRC.SYM402.F02	sym4-2	FILE0002	ISTINCVN	6455	identical-default	ibm/IST/ISTINCVN.asm	unique	tape
MVSSRC.SYM402.F02	sym4-2	FILE0002	ISTINCVO	7593	identical-default	ibm/IST/ISTINCVO.asm	unique	tape
MVSSRC.SYM402.F02	sym4-2	FILE0002	ISTINCVP	10988	identical-default	ibm/IST/ISTINCVP.asm	unique	tape
MVSSRC.SYM402.F02	sym4-2	FILE0002	ISTINCVS	6525	identical-default	ibm/IST/ISTINCVS.asm	unique	tape
MVSSRC.SYM402.F02	sym4-2	FILE0002	ISTINCVX	8157	identical-default	ibm/IST/ISTINCVX.asm	unique	tape
MVSSRC.SYM402.F03	sym4-2	FILE0003	ISTINCV4	6443	identical-default	ibm/IST/ISTINCV4.asm	unique	tape
MVSSRC.SYM402.F03	sym4-2	FILE0003	ISTINCV5	6477	identical-default	ibm/IST/ISTINCV5.asm	unique	tape
MVSSRC.SYM402.F03	sym4-2	FILE0003	ISTINCV6	4808	identical-default	ibm/IST/ISTINCV6.asm	unique	tape
MVSSRC.SYM402.F03	sym4-2	FILE0003	ISTINCV8	5048	identical-default	ibm/IST/ISTINCV8.asm	unique	tape
MVSSRC.SYM402.F03	sym4-2	FILE0003	ISTINCV9	5372	identical-default	ibm/IST/ISTINCV9.asm	unique	tape
MVSSRC.SYM402.F03	sym4-2	FILE0003	ISTINCW0	6197	identical-default	ibm/IST/ISTINCW0.asm	unique	tape
MVSSRC.SYM402.F03	sym4-2	FILE0003	ISTINCW2	6488	identical-default	ibm/IST/ISTINCW2.asm	unique	tape
MVSSRC.SYM402.F03	sym4-2	FILE0003	ISTINCW3	3481	identical-default	ibm/IST/ISTINCW3.asm	unique	tape
MVSSRC.SYM402.F03	sym4-2	FILE0003	ISTINCW4	12400	identical-default	ibm/IST/ISTINCW4.asm	unique	tape
MVSSRC.SYM402.F03	sym4-2	FILE0003	ISTINCW5	4568	identical-default	ibm/IST/ISTINCW5.asm	unique	tape
MVSSRC.SYM402.F03	sym4-2	FILE0003	ISTINCW6	4049	identical-default	ibm/IST/ISTINCW6.asm	unique	tape
MVSSRC.SYM402.F03	sym4-2	FILE0003	ISTINCW7	4349	identical-default	ibm/IST/ISTINCW7.asm	unique	tape
MVSSRC.SYM402.F03	sym4-2	FILE0003	ISTINCW8	5012	identical-default	ibm/IST/ISTINCW8.asm	unique	tape
MVSSRC.SYM402.F04	sym4-2	FILE0004	ISTINCW9	6754	identical-default	ibm/IST/ISTINCW9.asm	unique	tape
MVSSRC.SYM402.F04	sym4-2	FILE0004	ISTINCX0	7898	identical-default	ibm/IST/ISTINCX0.asm	unique	tape
MVSSRC.SYM402.F04	sym4-2	FILE0004	ISTINCX1	7081	identical-default	ibm/IST/ISTINCX1.asm	unique	tape
MVSSRC.SYM402.F04	sym4-2	FILE0004	ISTINCX2	6444	identical-default	ibm/IST/ISTINCX2.asm	unique	tape
MVSSRC.SYM402.F04	sym4-2	FILE0004	ISTINCX3	4590	identical-default	ibm/IST/ISTINCX3.asm	unique	tape
MVSSRC.SYM402.F04	sym4-2	FILE0004	ISTINCX6	6302	identical-default	ibm/IST/ISTINCX6.asm	unique	tape
MVSSRC.SYM402.F04	sym4-2	FILE0004	ISTINCX7	7314	identical-default	ibm/IST/ISTINCX7.asm	unique	tape
MVSSRC.SYM402.F04	sym4-2	FILE0004	ISTINCX8	4154	identical-default	ibm/IST/ISTINCX8.asm	unique	tape
MVSSRC.SYM402.F04	sym4-2	FILE0004	ISTINCX9	5278	identical-default	ibm/IST/ISTINCX9.asm	unique	tape
MVSSRC.SYM402.F04	sym4-2	FILE0004	ISTINCXM	4334	identical-default	ibm/IST/ISTINCXM.asm	unique	tape
MVSSRC.SYM402.F04	sym4-2	FILE0004	ISTINCXR	3149	identical-default	ibm/IST/ISTINCXR.asm	unique	tape
MVSSRC.SYM402.F04	sym4-2	FILE0004	ISTINCY0	8586	identical-default	ibm/IST/ISTINCY0.asm	unique	tape
MVSSRC.SYM402.F04	sym4-2	FILE0004	ISTINCY1	5027	identical-default	ibm/IST/ISTINCY1.asm	conflict	tape
MVSSRC.SYM402.F05	sym4-2	FILE0005	ISTINC02	2668	identical-default	ibm/IST/ISTINC02.asm	unique	tape
MVSSRC.SYM402.F05	sym4-2	FILE0005	ISTINC05	4296	identical-default	ibm/IST/ISTINC05.asm	unique	tape
MVSSRC.SYM402.F05	sym4-2	FILE0005	ISTINC32	1081	identical-default	ibm/IST/ISTINC32.asm	unique	tape
MVSSRC.SYM402.F05	sym4-2	FILE0005	ISTINCY3	5374	identical-default	ibm/IST/ISTINCY3.asm	unique	tape
MVSSRC.SYM402.F05	sym4-2	FILE0005	ISTINCY4	6592	identical-default	ibm/IST/ISTINCY4.asm	unique	tape
MVSSRC.SYM402.F05	sym4-2	FILE0005	ISTINCY5	7339	identical-default	ibm/IST/ISTINCY5.asm	unique	tape
MVSSRC.SYM402.F05	sym4-2	FILE0005	ISTINFIC	5683	identical-default	ibm/IST/ISTINFIC.asm	unique	tape
MVSSRC.SYM402.F05	sym4-2	FILE0005	ISTINFXI	4224	identical-default	ibm/IST/ISTINFXI.asm	unique	tape
MVSSRC.SYM402.F05	sym4-2	FILE0005	ISTINM01	4570	identical-default	ibm/IST/ISTINM01.asm	unique	tape
MVSSRC.SYM402.F05	sym4-2	FILE0005	ISTINMAD	1460	identical-default	ibm/IST/ISTINMAD.asm	unique	tape
MVSSRC.SYM402.F05	sym4-2	FILE0005	ISTINMAL	1199	identical-default	ibm/IST/ISTINMAL.asm	unique	tape
MVSSRC.SYM402.F05	sym4-2	FILE0005	ISTINMAV	5892	identical-default	ibm/IST/ISTINMAV.asm	unique	tape
MVSSRC.SYM402.F05	sym4-2	FILE0005	ISTINMDD	3010	identical-default	ibm/IST/ISTINMDD.asm	unique	tape
MVSSRC.SYM402.F05	sym4-2	FILE0005	ISTINMN8	3813	identical-default	ibm/IST/ISTINMN8.asm	unique	tape
MVSSRC.SYM402.F05	sym4-2	FILE0005	ISTNMCCA	3080	identical-default	ibm/IST/ISTNMCCA.asm	unique	tape
MVSSRC.SYM402.F05	sym4-2	FILE0005	ISTNMCCB	4343	identical-default	ibm/IST/ISTNMCCB.asm	unique	tape
MVSSRC.SYM402.F05	sym4-2	FILE0005	ISTNMCCF	3733	identical-default	ibm/IST/ISTNMCCF.asm	unique	tape
MVSSRC.SYM402.F05	sym4-2	FILE0005	ISTNMCCI	4469	identical-default	ibm/IST/ISTNMCCI.asm	unique	tape
MVSSRC.SYM402.F05	sym4-2	FILE0005	ISTNMCCO	4146	identical-default	ibm/IST/ISTNMCCO.asm	unique	tape
MVSSRC.SYM402.F06	sym4-2	FILE0006	ISTNMC1S	5458	identical-default	ibm/IST/ISTNMC1S.asm	unique	tape
MVSSRC.SYM402.F06	sym4-2	FILE0006	ISTNMC2S	6562	identical-default	ibm/IST/ISTNMC2S.asm	unique	tape
MVSSRC.SYM402.F06	sym4-2	FILE0006	ISTNMC3S	6541	identical-default	ibm/IST/ISTNMC3S.asm	unique	tape
MVSSRC.SYM402.F06	sym4-2	FILE0006	ISTNMC4P	5477	identical-default	ibm/IST/ISTNMC4P.asm	unique	tape
MVSSRC.SYM402.F06	sym4-2	FILE0006	ISTNMC4S	5202	identical-default	ibm/IST/ISTNMC4S.asm	unique	tape
MVSSRC.SYM402.F06	sym4-2	FILE0006	ISTNMC5P	4563	identical-default	ibm/IST/ISTNMC5P.asm	unique	tape
MVSSRC.SYM402.F06	sym4-2	FILE0006	ISTNMC5S	5244	identical-default	ibm/IST/ISTNMC5S.asm	unique	tape
MVSSRC.SYM402.F06	sym4-2	FILE0006	ISTNMC6P	4764	identical-default	ibm/IST/ISTNMC6P.asm	unique	tape
MVSSRC.SYM402.F06	sym4-2	FILE0006	ISTNMC6S	8907	identical-default	ibm/IST/ISTNMC6S.asm	unique	tape
MVSSRC.SYM402.F06	sym4-2	FILE0006	ISTNMC7P	3606	identical-default	ibm/IST/ISTNMC7P.asm	unique	tape
MVSSRC.SYM402.F06	sym4-2	FILE0006	ISTNMC7S	5980	identical-default	ibm/IST/ISTNMC7S.asm	unique	tape
MVSSRC.SYM402.F06	sym4-2	FILE0006	ISTNMCCR	3296	identical-default	ibm/IST/ISTNMCCR.asm	unique	tape
MVSSRC.SYM402.F06	sym4-2	FILE0006	ISTNMCCS	2932	identical-default	ibm/IST/ISTNMCCS.asm	unique	tape
MVSSRC.SYM402.F06	sym4-2	FILE0006	ISTNMCCT	4085	identical-default	ibm/IST/ISTNMCCT.asm	unique	tape
MVSSRC.SYM402.F06	sym4-2	FILE0006	ISTNMCCZ	4047	identical-default	ibm/IST/ISTNMCCZ.asm	unique	tape
MVSSRC.SYM402.F07	sym4-2	FILE0007	ISTNMC8P	4492	identical-default	ibm/IST/ISTNMC8P.asm	unique	tape
MVSSRC.SYM402.F07	sym4-2	FILE0007	ISTNMC9P	6488	identical-default	ibm/IST/ISTNMC9P.asm	unique	tape
MVSSRC.SYM402.F07	sym4-2	FILE0007	ISTNSC00	6	identical-default	ibm/IST/ISTNSC00.asm	unique	tape
MVSSRC.SYM402.F07	sym4-2	FILE0007	ISTOCCCA	3494	identical-default	ibm/IST/ISTOCCCA.asm	unique	tape
MVSSRC.SYM402.F07	sym4-2	FILE0007	ISTOCCCB	4619	identical-default	ibm/IST/ISTOCCCB.asm	unique	tape
MVSSRC.SYM402.F07	sym4-2	FILE0007	ISTOCCCC	9055	identical-default	ibm/IST/ISTOCCCC.asm	unique	tape
MVSSRC.SYM402.F07	sym4-2	FILE0007	ISTOCCCH	6720	identical-default	ibm/IST/ISTOCCCH.asm	unique	tape
MVSSRC.SYM402.F07	sym4-2	FILE0007	ISTOCCCL	9272	identical-default	ibm/IST/ISTOCCCL.asm	unique	tape
MVSSRC.SYM402.F07	sym4-2	FILE0007	ISTOCCCM	5113	identical-default	ibm/IST/ISTOCCCM.asm	unique	tape
MVSSRC.SYM402.F07	sym4-2	FILE0007	ISTOCCCN	7146	identical-default	ibm/IST/ISTOCCCN.asm	unique	tape
MVSSRC.SYM402.F07	sym4-2	FILE0007	ISTOCCDF	1887	identical-default	ibm/IST/ISTOCCDF.asm	unique	tape
MVSSRC.SYM402.F07	sym4-2	FILE0007	ISTOCCFB	8649	identical-default	ibm/IST/ISTOCCFB.asm	unique	tape
MVSSRC.SYM402.F07	sym4-2	FILE0007	ISTOCCFD	5151	identical-default	ibm/IST/ISTOCCFD.asm	unique	tape
MVSSRC.SYM402.F07	sym4-2	FILE0007	ISTOCCFO	3657	identical-default	ibm/IST/ISTOCCFO.asm	unique	tape
MVSSRC.SYM402.F08	sym4-2	FILE0008	ISTOCCFR	6823	identical-default	ibm/IST/ISTOCCFR.asm	unique	tape
MVSSRC.SYM402.F08	sym4-2	FILE0008	ISTOCCLD	5695	identical-default	ibm/IST/ISTOCCLD.asm	unique	tape
MVSSRC.SYM402.F08	sym4-2	FILE0008	ISTOCCMD	6141	identical-default	ibm/IST/ISTOCCMD.asm	unique	tape
MVSSRC.SYM402.F08	sym4-2	FILE0008	ISTOCCNV	3896	identical-default	ibm/IST/ISTOCCNV.asm	unique	tape
MVSSRC.SYM402.F08	sym4-2	FILE0008	ISTOCCOA	3838	identical-default	ibm/IST/ISTOCCOA.asm	unique	tape
MVSSRC.SYM402.F08	sym4-2	FILE0008	ISTOCCOB	6156	identical-default	ibm/IST/ISTOCCOB.asm	unique	tape
MVSSRC.SYM402.F08	sym4-2	FILE0008	ISTOCCOC	6601	identical-default	ibm/IST/ISTOCCOC.asm	unique	tape
MVSSRC.SYM402.F08	sym4-2	FILE0008	ISTOCCOD	7600	identical-default	ibm/IST/ISTOCCOD.asm	unique	tape
MVSSRC.SYM402.F08	sym4-2	FILE0008	ISTOCCOE	11681	identical-default	ibm/IST/ISTOCCOE.asm	unique	tape
MVSSRC.SYM402.F08	sym4-2	FILE0008	ISTOCCOF	4979	identical-default	ibm/IST/ISTOCCOF.asm	unique	tape
MVSSRC.SYM402.F08	sym4-2	FILE0008	ISTOCCQU	5944	identical-default	ibm/IST/ISTOCCQU.asm	unique	tape
MVSSRC.SYM402.F08	sym4-2	FILE0008	ISTOCCRD	4677	identical-default	ibm/IST/ISTOCCRD.asm	unique	tape
MVSSRC.SYM402.F08	sym4-2	FILE0008	ISTOCCRL	3369	identical-default	ibm/IST/ISTOCCRL.asm	unique	tape
MVSSRC.SYM402.F09	sym4-2	FILE0009	ISTOCCRT	4822	identical-default	ibm/IST/ISTOCCRT.asm	unique	tape
MVSSRC.SYM402.F09	sym4-2	FILE0009	ISTOCCSA	2170	identical-default	ibm/IST/ISTOCCSA.asm	unique	tape
MVSSRC.SYM402.F09	sym4-2	FILE0009	ISTOCCSD	2873	identical-default	ibm/IST/ISTOCCSD.asm	unique	tape
MVSSRC.SYM402.F09	sym4-2	FILE0009	ISTOCCSL	2509	identical-default	ibm/IST/ISTOCCSL.asm	unique	tape
MVSSRC.SYM402.F09	sym4-2	FILE0009	ISTOCCUR	5593	identical-default	ibm/IST/ISTOCCUR.asm	unique	tape
MVSSRC.SYM402.F09	sym4-2	FILE0009	ISTOCFCX	4966	identical-default	ibm/IST/ISTOCFCX.asm	unique	tape
MVSSRC.SYM402.F09	sym4-2	FILE0009	ISTOCMDC	852	identical-default	ibm/IST/ISTOCMDC.asm	unique	tape
MVSSRC.SYM402.F09	sym4-2	FILE0009	ISTORFBA	2701	identical-default	ibm/IST/ISTORFBA.asm	unique	tape
MVSSRC.SYM402.F09	sym4-2	FILE0009	ISTORFBD	1997	identical-default	ibm/IST/ISTORFBD.asm	unique	tape
MVSSRC.SYM402.F09	sym4-2	FILE0009	ISTORFBF	568	identical-default	ibm/IST/ISTORFBF.asm	unique	tape
MVSSRC.SYM402.F09	sym4-2	FILE0009	ISTORFBQ	4072	identical-default	ibm/IST/ISTORFBQ.asm	unique	tape
MVSSRC.SYM402.F09	sym4-2	FILE0009	ISTORFID	168	identical-default	ibm/IST/ISTORFID.asm	conflict	tape
MVSSRC.SYM402.F09	sym4-2	FILE0009	ISTORFPO	8171	identical-default	ibm/IST/ISTORFPO.asm	unique	tape
MVSSRC.SYM402.F09	sym4-2	FILE0009	ISTORFPR	1683	identical-default	ibm/IST/ISTORFPR.asm	unique	tape
MVSSRC.SYM402.F09	sym4-2	FILE0009	ISTORFRA	1670	identical-default	ibm/IST/ISTORFRA.asm	conflict	tape
MVSSRC.SYM402.F09	sym4-2	FILE0009	ISTORFSR	2973	identical-default	ibm/IST/ISTORFSR.asm	unique	tape
MVSSRC.SYM402.F09	sym4-2	FILE0009	ISTORMMG	2206	identical-default	ibm/IST/ISTORMMG.asm	unique	tape
MVSSRC.SYM402.F09	sym4-2	FILE0009	ISTORMRL	2564	identical-default	ibm/IST/ISTORMRL.asm	unique	tape
MVSSRC.SYM402.F09	sym4-2	FILE0009	ISTPATCH	31	identical-default	ibm/IST/ISTPATCH.asm	unique	tape
MVSSRC.SYM402.F09	sym4-2	FILE0009	ISTRACCA	329	identical-default	ibm/IST/ISTRACCA.asm	conflict	tape
MVSSRC.SYM402.F09	sym4-2	FILE0009	ISTRACCR	180	identical-default	ibm/IST/ISTRACCR.asm	conflict	tape
MVSSRC.SYM402.F09	sym4-2	FILE0009	ISTRACTB	4974	identical-default	ibm/IST/ISTRACTB.asm	unique	tape
MVSSRC.SYM402.F09	sym4-2	FILE0009	ISTRACTL	3215	identical-default	ibm/IST/ISTRACTL.asm	unique	tape
MVSSRC.SYM402.F09	sym4-2	FILE0009	ISTRAFD1	8178	identical-default	ibm/IST/ISTRAFD1.asm	unique	tape
MVSSRC.SYM402.F09	sym4-2	FILE0009	ISTRAFTP	4587	identical-default	ibm/IST/ISTRAFTP.asm	unique	tape
MVSSRC.SYM402.F10	sym4-2	FILE0010	ISTRAMA1	7536	identical-default	ibm/IST/ISTRAMA1.asm	unique	tape
MVSSRC.SYM402.F10	sym4-2	FILE0010	ISTRAMA2	10011	identical-default	ibm/IST/ISTRAMA2.asm	unique	tape
MVSSRC.SYM402.F10	sym4-2	FILE0010	ISTRAMA3	4102	identical-default	ibm/IST/ISTRAMA3.asm	unique	tape
MVSSRC.SYM402.F10	sym4-2	FILE0010	ISTRAMA4	3325	identical-default	ibm/IST/ISTRAMA4.asm	unique	tape
MVSSRC.SYM402.F10	sym4-2	FILE0010	ISTRCC21	4469	identical-default	ibm/IST/ISTRCC21.asm	unique	tape
MVSSRC.SYM402.F10	sym4-2	FILE0010	ISTRCC22	4251	identical-default	ibm/IST/ISTRCC22.asm	unique	tape
MVSSRC.SYM402.F10	sym4-2	FILE0010	ISTRCC23	3113	identical-default	ibm/IST/ISTRCC23.asm	unique	tape
MVSSRC.SYM402.F10	sym4-2	FILE0010	ISTRCC26	3509	identical-default	ibm/IST/ISTRCC26.asm	unique	tape
MVSSRC.SYM402.F10	sym4-2	FILE0010	ISTRCC30	3347	identical-default	ibm/IST/ISTRCC30.asm	unique	tape
MVSSRC.SYM402.F10	sym4-2	FILE0010	ISTRCC51	4973	identical-default	ibm/IST/ISTRCC51.asm	unique	tape
MVSSRC.SYM402.F10	sym4-2	FILE0010	ISTRCC52	4304	identical-default	ibm/IST/ISTRCC52.asm	unique	tape
MVSSRC.SYM402.F10	sym4-2	FILE0010	ISTRCC53	3424	identical-default	ibm/IST/ISTRCC53.asm	unique	tape
MVSSRC.SYM402.F10	sym4-2	FILE0010	ISTRCC54	3400	identical-default	ibm/IST/ISTRCC54.asm	unique	tape
MVSSRC.SYM402.F10	sym4-2	FILE0010	ISTRCC63	4246	identical-default	ibm/IST/ISTRCC63.asm	unique	tape
MVSSRC.SYM402.F10	sym4-2	FILE0010	ISTRCC65	2454	identical-default	ibm/IST/ISTRCC65.asm	unique	tape
MVSSRC.SYM402.F10	sym4-2	FILE0010	ISTRCC80	3164	identical-default	ibm/IST/ISTRCC80.asm	unique	tape
MVSSRC.SYM402.F10	sym4-2	FILE0010	ISTRCC81	3852	identical-default	ibm/IST/ISTRCC81.asm	unique	tape
MVSSRC.SYM402.F10	sym4-2	FILE0010	ISTRCFY0	3265	identical-default	ibm/IST/ISTRCFY0.asm	unique	tape
MVSSRC.SYM402.F10	sym4-2	FILE0010	ISTSDCAL	2409	identical-default	ibm/IST/ISTSDCAL.asm	unique	tape
MVSSRC.SYM402.F11	sym4-2	FILE0011	ISTSDCAP	6203	identical-default	ibm/IST/ISTSDCAP.asm	unique	tape
MVSSRC.SYM402.F11	sym4-2	FILE0011	ISTSDCBU	3028	identical-default	ibm/IST/ISTSDCBU.asm	unique	tape
MVSSRC.SYM402.F11	sym4-2	FILE0011	ISTSDCC1	3559	identical-default	ibm/IST/ISTSDCC1.asm	unique	tape
MVSSRC.SYM402.F11	sym4-2	FILE0011	ISTSDCC2	2007	identical-default	ibm/IST/ISTSDCC2.asm	unique	tape
MVSSRC.SYM402.F11	sym4-2	FILE0011	ISTSDCC3	425	identical-default	ibm/IST/ISTSDCC3.asm	conflict	tape
MVSSRC.SYM402.F11	sym4-2	FILE0011	ISTSDCC4	1097	identical-default	ibm/IST/ISTSDCC4.asm	conflict	tape
MVSSRC.SYM402.F11	sym4-2	FILE0011	ISTSDCC5	409	identical-default	ibm/IST/ISTSDCC5.asm	unique	tape
MVSSRC.SYM402.F11	sym4-2	FILE0011	ISTSDCC7	3385	identical-default	ibm/IST/ISTSDCC7.asm	unique	tape
MVSSRC.SYM402.F11	sym4-2	FILE0011	ISTSDCCA	2159	identical-default	ibm/IST/ISTSDCCA.asm	unique	tape
MVSSRC.SYM402.F11	sym4-2	FILE0011	ISTSDCCB	8444	identical-default	ibm/IST/ISTSDCCB.asm	unique	tape
MVSSRC.SYM402.F11	sym4-2	FILE0011	ISTSDCCD	2182	identical-default	ibm/IST/ISTSDCCD.asm	unique	tape
MVSSRC.SYM402.F11	sym4-2	FILE0011	ISTSDCCF	2849	identical-default	ibm/IST/ISTSDCCF.asm	unique	tape
MVSSRC.SYM402.F11	sym4-2	FILE0011	ISTSDCCL	2727	identical-default	ibm/IST/ISTSDCCL.asm	unique	tape
MVSSRC.SYM402.F11	sym4-2	FILE0011	ISTSDCCN	2040	identical-default	ibm/IST/ISTSDCCN.asm	unique	tape
MVSSRC.SYM402.F11	sym4-2	FILE0011	ISTSDCCR	2144	identical-default	ibm/IST/ISTSDCCR.asm	unique	tape
MVSSRC.SYM402.F11	sym4-2	FILE0011	ISTSDCD1	1628	identical-default	ibm/IST/ISTSDCD1.asm	unique	tape
MVSSRC.SYM402.F11	sym4-2	FILE0011	ISTSDCD2	3946	identical-default	ibm/IST/ISTSDCD2.asm	unique	tape
MVSSRC.SYM402.F11	sym4-2	FILE0011	ISTSDCD3	3164	identical-default	ibm/IST/ISTSDCD3.asm	unique	tape
MVSSRC.SYM402.F11	sym4-2	FILE0011	ISTSDCDS	1114	identical-default	ibm/IST/ISTSDCDS.asm	unique	tape
MVSSRC.SYM402.F11	sym4-2	FILE0011	ISTSDCGE	6049	identical-default	ibm/IST/ISTSDCGE.asm	unique	tape
MVSSRC.SYM402.F11	sym4-2	FILE0011	ISTSDCGP	4456	identical-default	ibm/IST/ISTSDCGP.asm	unique	tape
MVSSRC.SYM402.F11	sym4-2	FILE0011	ISTSDCHS	2165	identical-default	ibm/IST/ISTSDCHS.asm	unique	tape
MVSSRC.SYM402.F11	sym4-2	FILE0011	ISTSDCIN	1464	identical-default	ibm/IST/ISTSDCIN.asm	unique	tape
MVSSRC.SYM402.F11	sym4-2	FILE0011	ISTSDCLM	2757	identical-default	ibm/IST/ISTSDCLM.asm	unique	tape
MVSSRC.SYM402.F11	sym4-2	FILE0011	ISTSDCLN	4680	identical-default	ibm/IST/ISTSDCLN.asm	unique	tape
MVSSRC.SYM402.F11	sym4-2	FILE0011	ISTSDCLP	1366	identical-default	ibm/IST/ISTSDCLP.asm	unique	tape
MVSSRC.SYM402.F11	sym4-2	FILE0011	ISTSDCLU	2799	identical-default	ibm/IST/ISTSDCLU.asm	unique	tape
MVSSRC.SYM402.F12	sym4-2	FILE0012	ISTSDCML	2274	identical-default	ibm/IST/ISTSDCML.asm	unique	tape
MVSSRC.SYM402.F12	sym4-2	FILE0012	ISTSDCMT	1846	identical-default	ibm/IST/ISTSDCMT.asm	unique	tape
MVSSRC.SYM402.F12	sym4-2	FILE0012	ISTSDCOD	85	identical-default	ibm/IST/ISTSDCOD.asm	conflict	tape
MVSSRC.SYM402.F12	sym4-2	FILE0012	ISTSDCP1	1250	identical-default	ibm/IST/ISTSDCP1.asm	unique	tape
MVSSRC.SYM402.F12	sym4-2	FILE0012	ISTSDCP2	1225	identical-default	ibm/IST/ISTSDCP2.asm	unique	tape
MVSSRC.SYM402.F12	sym4-2	FILE0012	ISTSDCP3	1577	identical-default	ibm/IST/ISTSDCP3.asm	unique	tape
MVSSRC.SYM402.F12	sym4-2	FILE0012	ISTSDCP4	1258	identical-default	ibm/IST/ISTSDCP4.asm	unique	tape
MVSSRC.SYM402.F12	sym4-2	FILE0012	ISTSDCP5	1264	identical-default	ibm/IST/ISTSDCP5.asm	unique	tape
MVSSRC.SYM402.F12	sym4-2	FILE0012	ISTSDCP6	1414	identical-default	ibm/IST/ISTSDCP6.asm	unique	tape
MVSSRC.SYM402.F12	sym4-2	FILE0012	ISTSDCPA	3495	identical-default	ibm/IST/ISTSDCPA.asm	unique	tape
MVSSRC.SYM402.F12	sym4-2	FILE0012	ISTSDCPC	2419	identical-default	ibm/IST/ISTSDCPC.asm	unique	tape
MVSSRC.SYM402.F12	sym4-2	FILE0012	ISTSDCPU	6774	identical-default	ibm/IST/ISTSDCPU.asm	unique	tape
MVSSRC.SYM402.F12	sym4-2	FILE0012	ISTSDCRC	4584	identical-default	ibm/IST/ISTSDCRC.asm	unique	tape
MVSSRC.SYM402.F12	sym4-2	FILE0012	ISTSDCRN	5256	identical-default	ibm/IST/ISTSDCRN.asm	unique	tape
MVSSRC.SYM402.F12	sym4-2	FILE0012	ISTSDCRS	2348	identical-default	ibm/IST/ISTSDCRS.asm	unique	tape
MVSSRC.SYM402.F12	sym4-2	FILE0012	ISTSDCSB	929	identical-default	ibm/IST/ISTSDCSB.asm	conflict	tape
MVSSRC.SYM402.F12	sym4-2	FILE0012	ISTSDCSC	1647	identical-default	ibm/IST/ISTSDCSC.asm	unique	tape
MVSSRC.SYM402.F12	sym4-2	FILE0012	ISTSDCSS	4560	identical-default	ibm/IST/ISTSDCSS.asm	unique	tape
MVSSRC.SYM402.F12	sym4-2	FILE0012	ISTSDCSU	4256	identical-default	ibm/IST/ISTSDCSU.asm	unique	tape
MVSSRC.SYM402.F12	sym4-2	FILE0012	ISTSDCTM	4414	identical-default	ibm/IST/ISTSDCTM.asm	unique	tape
MVSSRC.SYM402.F12	sym4-2	FILE0012	ISTSDCVB	3331	identical-default	ibm/IST/ISTSDCVB.asm	unique	tape
MVSSRC.SYM402.F12	sym4-2	FILE0012	ISTSDCVG	2912	identical-default	ibm/IST/ISTSDCVG.asm	unique	tape
MVSSRC.SYM402.F12	sym4-2	FILE0012	ISTSDCVI	2329	identical-default	ibm/IST/ISTSDCVI.asm	unique	tape
MVSSRC.SYM402.F12	sym4-2	FILE0012	ISTSEC01	3625	identical-default	ibm/IST/ISTSEC01.asm	unique	tape
MVSSRC.SYM402.F12	sym4-2	FILE0012	ISTSEC10	4316	identical-default	ibm/IST/ISTSEC10.asm	unique	tape
MVSSRC.SYM402.F12	sym4-2	FILE0012	ISTSEC21	4394	identical-default	ibm/IST/ISTSEC21.asm	unique	tape
MVSSRC.SYM402.F12	sym4-2	FILE0012	ISTSEC30	4363	identical-default	ibm/IST/ISTSEC30.asm	unique	tape
MVSSRC.SYM403.F01	sym4-3	FILE0001	ISTSEC40	2797	identical-default	ibm/IST/ISTSEC40.asm	unique	tape
MVSSRC.SYM403.F01	sym4-3	FILE0001	ISTSEC51	3271	identical-default	ibm/IST/ISTSEC51.asm	unique	tape
MVSSRC.SYM403.F01	sym4-3	FILE0001	ISTSQC00	6322	identical-default	ibm/IST/ISTSQC00.asm	unique	tape
MVSSRC.SYM403.F01	sym4-3	FILE0001	ISTSQC01	4906	identical-default	ibm/IST/ISTSQC01.asm	unique	tape
MVSSRC.SYM403.F01	sym4-3	FILE0001	ISTSQC02	4724	identical-default	ibm/IST/ISTSQC02.asm	unique	tape
MVSSRC.SYM403.F01	sym4-3	FILE0001	ISTSQC03	4690	identical-default	ibm/IST/ISTSQC03.asm	unique	tape
MVSSRC.SYM403.F01	sym4-3	FILE0001	ISTSQC04	5956	identical-default	ibm/IST/ISTSQC04.asm	unique	tape
MVSSRC.SYM403.F01	sym4-3	FILE0001	ISTSQC05	2921	identical-default	ibm/IST/ISTSQC05.asm	unique	tape
MVSSRC.SYM403.F01	sym4-3	FILE0001	ISTSQC06	10288	identical-default	ibm/IST/ISTSQC06.asm	unique	tape
MVSSRC.SYM403.F01	sym4-3	FILE0001	ISTSQC07	4697	identical-default	ibm/IST/ISTSQC07.asm	unique	tape
MVSSRC.SYM403.F01	sym4-3	FILE0001	ISTSQC08	6182	identical-default	ibm/IST/ISTSQC08.asm	unique	tape
MVSSRC.SYM403.F01	sym4-3	FILE0001	ISTSQC09	4709	identical-default	ibm/IST/ISTSQC09.asm	unique	tape
MVSSRC.SYM403.F01	sym4-3	FILE0001	ISTSQC0A	4662	identical-default	ibm/IST/ISTSQC0A.asm	unique	tape
MVSSRC.SYM403.F01	sym4-3	FILE0001	ISTSQC0B	5434	identical-default	ibm/IST/ISTSQC0B.asm	unique	tape
MVSSRC.SYM403.F01	sym4-3	FILE0001	ISTSTC00	6520	identical-default	ibm/IST/ISTSTC00.asm	unique	tape
MVSSRC.SYM403.F01	sym4-3	FILE0001	ISTVTLOD	1386	identical-default	ibm/IST/ISTVTLOD.asm	unique	tape
MVSSRC.SYM403.F01	sym4-3	FILE0001	ISTYCLUS	285	identical-default	ibm/IST/ISTYCLUS.asm	unique	tape
MVSSRC.SYM403.F02	sym4-3	FILE0002	ISTYCONT	269	identical-default	ibm/IST/ISTYCONT.asm	unique	tape
MVSSRC.SYM403.F02	sym4-3	FILE0002	ISTYPSOL	308	identical-default	ibm/IST/ISTYPSOL.asm	unique	tape
MVSSRC.SYM403.F02	sym4-3	FILE0002	ISTYSSCP	170	identical-default	ibm/IST/ISTYSSCP.asm	unique	tape
MVSSRC.SYM403.F02	sym4-3	FILE0002	ISTYTCM1	337	identical-default	ibm/IST/ISTYTCM1.asm	unique	tape
MVSSRC.SYM403.F02	sym4-3	FILE0002	ISTYTCM2	100	identical-default	ibm/IST/ISTYTCM2.asm	unique	tape
MVSSRC.SYM403.F02	sym4-3	FILE0002	ISTYTCM3	353	identical-default	ibm/IST/ISTYTCM3.asm	unique	tape
MVSSRC.SYM403.F02	sym4-3	FILE0002	ISTZAF0A	4068	identical-default	ibm/IST/ISTZAF0A.asm	unique	tape
MVSSRC.SYM403.F02	sym4-3	FILE0002	ISTZAF0B	5049	identical-default	ibm/IST/ISTZAF0B.asm	unique	tape
MVSSRC.SYM403.F02	sym4-3	FILE0002	ISTZAF1A	4735	identical-default	ibm/IST/ISTZAF1A.asm	unique	tape
MVSSRC.SYM403.F02	sym4-3	FILE0002	ISTZAF1B	4683	identical-default	ibm/IST/ISTZAF1B.asm	unique	tape
MVSSRC.SYM403.F02	sym4-3	FILE0002	ISTZAF1R	6787	identical-default	ibm/IST/ISTZAF1R.asm	unique	tape
MVSSRC.SYM403.F02	sym4-3	FILE0002	ISTZBFAA	2942	identical-default	ibm/IST/ISTZBFAA.asm	unique	tape
MVSSRC.SYM403.F02	sym4-3	FILE0002	ISTZBFAB	3035	identical-default	ibm/IST/ISTZBFAB.asm	unique	tape
MVSSRC.SYM403.F02	sym4-3	FILE0002	ISTZBFAE	3744	identical-default	ibm/IST/ISTZBFAE.asm	unique	tape
MVSSRC.SYM403.F02	sym4-3	FILE0002	ISTZBFAG	4480	identical-default	ibm/IST/ISTZBFAG.asm	unique	tape
MVSSRC.SYM403.F02	sym4-3	FILE0002	ISTZBFAI	2593	identical-default	ibm/IST/ISTZBFAI.asm	unique	tape
MVSSRC.SYM403.F02	sym4-3	FILE0002	ISTZBFAL	2878	identical-default	ibm/IST/ISTZBFAL.asm	unique	tape
MVSSRC.SYM403.F02	sym4-3	FILE0002	ISTZBFAM	2008	identical-default	ibm/IST/ISTZBFAM.asm	unique	tape
MVSSRC.SYM403.F02	sym4-3	FILE0002	ISTZBFAR	2444	identical-default	ibm/IST/ISTZBFAR.asm	unique	tape
MVSSRC.SYM403.F02	sym4-3	FILE0002	ISTZBFBA	3711	identical-default	ibm/IST/ISTZBFBA.asm	unique	tape
MVSSRC.SYM403.F02	sym4-3	FILE0002	ISTZBFBB	3015	identical-default	ibm/IST/ISTZBFBB.asm	unique	tape
MVSSRC.SYM403.F02	sym4-3	FILE0002	ISTZBFBI	3007	identical-default	ibm/IST/ISTZBFBI.asm	unique	tape
MVSSRC.SYM403.F02	sym4-3	FILE0002	ISTZBFBR	3009	identical-default	ibm/IST/ISTZBFBR.asm	unique	tape
MVSSRC.SYM403.F02	sym4-3	FILE0002	ISTZBFCB	2586	identical-default	ibm/IST/ISTZBFCB.asm	unique	tape
MVSSRC.SYM403.F02	sym4-3	FILE0002	ISTZBFDI	3740	identical-default	ibm/IST/ISTZBFDI.asm	unique	tape
MVSSRC.SYM403.F02	sym4-3	FILE0002	ISTZBFDR	3400	identical-default	ibm/IST/ISTZBFDR.asm	unique	tape
MVSSRC.SYM403.F02	sym4-3	FILE0002	ISTZBFEB	2394	identical-default	ibm/IST/ISTZBFEB.asm	unique	tape
MVSSRC.SYM403.F03	sym4-3	FILE0003	ISTZBF0A	4534	identical-default	ibm/IST/ISTZBF0A.asm	unique	tape
MVSSRC.SYM403.F03	sym4-3	FILE0003	ISTZBFFA	4560	identical-default	ibm/IST/ISTZBFFA.asm	unique	tape
MVSSRC.SYM403.F03	sym4-3	FILE0003	ISTZBFFB	4790	identical-default	ibm/IST/ISTZBFFB.asm	unique	tape
MVSSRC.SYM403.F03	sym4-3	FILE0003	ISTZBFGA	3299	identical-default	ibm/IST/ISTZBFGA.asm	unique	tape
MVSSRC.SYM403.F03	sym4-3	FILE0003	ISTZBFGB	2483	identical-default	ibm/IST/ISTZBFGB.asm	unique	tape
MVSSRC.SYM403.F03	sym4-3	FILE0003	ISTZBFHA	3263	identical-default	ibm/IST/ISTZBFHA.asm	unique	tape
MVSSRC.SYM403.F03	sym4-3	FILE0003	ISTZBFHB	3354	identical-default	ibm/IST/ISTZBFHB.asm	unique	tape
MVSSRC.SYM403.F03	sym4-3	FILE0003	ISTZBFIA	3517	identical-default	ibm/IST/ISTZBFIA.asm	unique	tape
MVSSRC.SYM403.F03	sym4-3	FILE0003	ISTZBFIB	3944	identical-default	ibm/IST/ISTZBFIB.asm	unique	tape
MVSSRC.SYM403.F03	sym4-3	FILE0003	ISTZBFID	4649	identical-default	ibm/IST/ISTZBFID.asm	unique	tape
MVSSRC.SYM403.F03	sym4-3	FILE0003	ISTZBFIF	4672	identical-default	ibm/IST/ISTZBFIF.asm	unique	tape
MVSSRC.SYM403.F03	sym4-3	FILE0003	ISTZBFMB	2127	identical-default	ibm/IST/ISTZBFMB.asm	unique	tape
MVSSRC.SYM403.F03	sym4-3	FILE0003	ISTZBFNB	2506	identical-default	ibm/IST/ISTZBFNB.asm	unique	tape
MVSSRC.SYM403.F03	sym4-3	FILE0003	ISTZBFND	2733	identical-default	ibm/IST/ISTZBFND.asm	unique	tape
MVSSRC.SYM403.F03	sym4-3	FILE0003	ISTZBFNE	2304	identical-default	ibm/IST/ISTZBFNE.asm	unique	tape
MVSSRC.SYM403.F03	sym4-3	FILE0003	ISTZBFOB	2697	identical-default	ibm/IST/ISTZBFOB.asm	unique	tape
MVSSRC.SYM403.F03	sym4-3	FILE0003	ISTZBFPB	3417	identical-default	ibm/IST/ISTZBFPB.asm	unique	tape
MVSSRC.SYM403.F03	sym4-3	FILE0003	ISTZBFSC	5328	identical-default	ibm/IST/ISTZBFSC.asm	unique	tape
MVSSRC.SYM403.F03	sym4-3	FILE0003	ISTZBFX0	2693	identical-default	ibm/IST/ISTZBFX0.asm	unique	tape
MVSSRC.SYM403.F03	sym4-3	FILE0003	ISTZBFXA	1755	identical-default	ibm/IST/ISTZBFXA.asm	unique	tape
MVSSRC.SYM403.F03	sym4-3	FILE0003	ISTZBFY0	3155	identical-default	ibm/IST/ISTZBFY0.asm	unique	tape
MVSSRC.SYM403.F03	sym4-3	FILE0003	ISTZBFZ0	3827	identical-default	ibm/IST/ISTZBFZ0.asm	unique	tape
MVSSRC.SYM403.F04	sym4-3	FILE0004	ISTZBF0B	5530	identical-default	ibm/IST/ISTZBF0B.asm	unique	tape
MVSSRC.SYM403.F04	sym4-3	FILE0004	ISTZBF0L	5425	identical-default	ibm/IST/ISTZBF0L.asm	unique	tape
MVSSRC.SYM403.F04	sym4-3	FILE0004	ISTZBM0J	4577	identical-default	ibm/IST/ISTZBM0J.asm	unique	tape
MVSSRC.SYM403.F04	sym4-3	FILE0004	ISTZBM0K	4278	identical-default	ibm/IST/ISTZBM0K.asm	unique	tape
MVSSRC.SYM403.F04	sym4-3	FILE0004	ISTZBMJA	3715	identical-default	ibm/IST/ISTZBMJA.asm	unique	tape
MVSSRC.SYM403.F04	sym4-3	FILE0004	ISTZCF0A	1621	identical-default	ibm/IST/ISTZCF0A.asm	unique	tape
MVSSRC.SYM403.F04	sym4-3	FILE0004	ISTZCF0B	4181	identical-default	ibm/IST/ISTZCF0B.asm	unique	tape
MVSSRC.SYM403.F04	sym4-3	FILE0004	ISTZCF1A	4517	identical-default	ibm/IST/ISTZCF1A.asm	unique	tape
MVSSRC.SYM403.F04	sym4-3	FILE0004	ISTZCF1B	6333	identical-default	ibm/IST/ISTZCF1B.asm	unique	tape
MVSSRC.SYM403.F04	sym4-3	FILE0004	ISTZCFAI	3228	identical-default	ibm/IST/ISTZCFAI.asm	unique	tape
MVSSRC.SYM403.F04	sym4-3	FILE0004	ISTZCFBI	5641	identical-default	ibm/IST/ISTZCFBI.asm	unique	tape
MVSSRC.SYM403.F04	sym4-3	FILE0004	ISTZCFCI	2931	identical-default	ibm/IST/ISTZCFCI.asm	unique	tape
MVSSRC.SYM403.F04	sym4-3	FILE0004	ISTZDFA0	3620	identical-default	ibm/IST/ISTZDFA0.asm	unique	tape
MVSSRC.SYM403.F04	sym4-3	FILE0004	ISTZDFB0	3358	identical-default	ibm/IST/ISTZDFB0.asm	unique	tape
MVSSRC.SYM403.F04	sym4-3	FILE0004	ISTZDFC0	4698	identical-default	ibm/IST/ISTZDFC0.asm	unique	tape
MVSSRC.SYM403.F04	sym4-3	FILE0004	ISTZDFD0	2984	identical-default	ibm/IST/ISTZDFD0.asm	unique	tape
MVSSRC.SYM403.F04	sym4-3	FILE0004	ISTZDFE0	2166	identical-default	ibm/IST/ISTZDFE0.asm	unique	tape
MVSSRC.SYM403.F04	sym4-3	FILE0004	ISTZDFF0	4524	identical-default	ibm/IST/ISTZDFF0.asm	unique	tape
MVSSRC.SYM403.F04	sym4-3	FILE0004	ISTZDFH0	2358	identical-default	ibm/IST/ISTZDFH0.asm	unique	tape
MVSSRC.SYM403.F04	sym4-3	FILE0004	ISTZDFI0	1501	identical-default	ibm/IST/ISTZDFI0.asm	unique	tape
MVSSRC.SYM403.F05	sym4-3	FILE0005	ISTZDFJ0	6107	identical-default	ibm/IST/ISTZDFJ0.asm	unique	tape
MVSSRC.SYM403.F05	sym4-3	FILE0005	ISTZDFK0	3894	identical-default	ibm/IST/ISTZDFK0.asm	unique	tape
MVSSRC.SYM403.F05	sym4-3	FILE0005	ISTZDFKA	4419	identical-default	ibm/IST/ISTZDFKA.asm	unique	tape
MVSSRC.SYM403.F05	sym4-3	FILE0005	ISTZDFKB	4599	identical-default	ibm/IST/ISTZDFKB.asm	unique	tape
MVSSRC.SYM403.F05	sym4-3	FILE0005	ISTZDFL0	869	identical-default	ibm/IST/ISTZDFL0.asm	unique	tape
MVSSRC.SYM403.F05	sym4-3	FILE0005	ISTZDFMF	2631	identical-default	ibm/IST/ISTZDFMF.asm	unique	tape
MVSSRC.SYM403.F05	sym4-3	FILE0005	ISTZDFNB	3349	identical-default	ibm/IST/ISTZDFNB.asm	unique	tape
MVSSRC.SYM403.F05	sym4-3	FILE0005	ISTZDFPR	3325	identical-default	ibm/IST/ISTZDFPR.asm	unique	tape
MVSSRC.SYM403.F05	sym4-3	FILE0005	ISTZDFQR	3260	identical-default	ibm/IST/ISTZDFQR.asm	unique	tape
MVSSRC.SYM403.F05	sym4-3	FILE0005	ISTZDFWB	1245	identical-default	ibm/IST/ISTZDFWB.asm	unique	tape
MVSSRC.SYM403.F05	sym4-3	FILE0005	ISTZDFWR	3297	identical-default	ibm/IST/ISTZDFWR.asm	unique	tape
MVSSRC.SYM403.F05	sym4-3	FILE0005	ISTZDFXR	3191	identical-default	ibm/IST/ISTZDFXR.asm	unique	tape
MVSSRC.SYM403.F05	sym4-3	FILE0005	ISTZDMMB	4541	identical-default	ibm/IST/ISTZDMMB.asm	unique	tape
MVSSRC.SYM403.F05	sym4-3	FILE0005	ISTZEFBA	4674	identical-default	ibm/IST/ISTZEFBA.asm	unique	tape
MVSSRC.SYM403.F05	sym4-3	FILE0005	ISTZEFDA	3244	identical-default	ibm/IST/ISTZEFDA.asm	unique	tape
MVSSRC.SYM403.F05	sym4-3	FILE0005	ISTZEMAA	3281	identical-default	ibm/IST/ISTZEMAA.asm	unique	tape
MVSSRC.SYM403.F05	sym4-3	FILE0005	ISTZEMAB	3729	identical-default	ibm/IST/ISTZEMAB.asm	unique	tape
MVSSRC.SYM403.F05	sym4-3	FILE0005	ISTZEMBB	5225	identical-default	ibm/IST/ISTZEMBB.asm	unique	tape
MVSSRC.SYM403.F05	sym4-3	FILE0005	ISTZEMEA	4344	identical-default	ibm/IST/ISTZEMEA.asm	unique	tape
MVSSRC.SYM403.F05	sym4-3	FILE0005	ISTZEMFA	1925	identical-default	ibm/IST/ISTZEMFA.asm	unique	tape
MVSSRC.SYM403.F05	sym4-3	FILE0005	ISTZEMTA	2454	identical-default	ibm/IST/ISTZEMTA.asm	unique	tape
MVSSRC.SYM403.F05	sym4-3	FILE0005	ISTZFFCB	3919	identical-default	ibm/IST/ISTZFFCB.asm	unique	tape
MVSSRC.SYM403.F06	sym4-3	FILE0006	ISTZFFDB	3265	identical-default	ibm/IST/ISTZFFDB.asm	unique	tape
MVSSRC.SYM403.F06	sym4-3	FILE0006	ISTZFFDF	3094	identical-default	ibm/IST/ISTZFFDF.asm	unique	tape
MVSSRC.SYM403.F06	sym4-3	FILE0006	ISTZFFEA	4400	identical-default	ibm/IST/ISTZFFEA.asm	unique	tape
MVSSRC.SYM403.F06	sym4-3	FILE0006	ISTZFFXA	3487	identical-default	ibm/IST/ISTZFFXA.asm	unique	tape
MVSSRC.SYM403.F06	sym4-3	FILE0006	ISTZFM0A	6089	identical-default	ibm/IST/ISTZFM0A.asm	unique	tape
MVSSRC.SYM403.F06	sym4-3	FILE0006	ISTZFM0B	4011	identical-default	ibm/IST/ISTZFM0B.asm	unique	tape
MVSSRC.SYM403.F06	sym4-3	FILE0006	ISTZFM1B	3451	identical-default	ibm/IST/ISTZFM1B.asm	unique	tape
MVSSRC.SYM403.F06	sym4-3	FILE0006	ISTZFM1F	2654	identical-default	ibm/IST/ISTZFM1F.asm	unique	tape
MVSSRC.SYM403.F06	sym4-3	FILE0006	ISTZFM2B	2682	identical-default	ibm/IST/ISTZFM2B.asm	unique	tape
MVSSRC.SYM403.F06	sym4-3	FILE0006	ISTZFM3B	4579	identical-default	ibm/IST/ISTZFM3B.asm	unique	tape
MVSSRC.SYM403.F06	sym4-3	FILE0006	ISTZFMAA	3696	identical-default	ibm/IST/ISTZFMAA.asm	unique	tape
MVSSRC.SYM403.F06	sym4-3	FILE0006	ISTZFMAB	2693	identical-default	ibm/IST/ISTZFMAB.asm	unique	tape
MVSSRC.SYM403.F06	sym4-3	FILE0006	ISTZFMAF	1678	identical-default	ibm/IST/ISTZFMAF.asm	unique	tape
MVSSRC.SYM403.F06	sym4-3	FILE0006	ISTZFMBB	5775	identical-default	ibm/IST/ISTZFMBB.asm	unique	tape
MVSSRC.SYM403.F06	sym4-3	FILE0006	ISTZFMEB	3994	identical-default	ibm/IST/ISTZFMEB.asm	unique	tape
MVSSRC.SYM403.F06	sym4-3	FILE0006	ISTZFMFA	3136	identical-default	ibm/IST/ISTZFMFA.asm	unique	tape
MVSSRC.SYM403.F06	sym4-3	FILE0006	ISTZFMTA	3202	identical-default	ibm/IST/ISTZFMTA.asm	unique	tape
MVSSRC.SYM403.F06	sym4-3	FILE0006	ISTZFMUA	2305	identical-default	ibm/IST/ISTZFMUA.asm	unique	tape
MVSSRC.SYM403.F06	sym4-3	FILE0006	ISTZFMV0	32	identical-default	ibm/IST/ISTZFMV0.asm	unique	tape
MVSSRC.SYM403.F06	sym4-3	FILE0006	ISTZFMV1	33	identical-default	ibm/IST/ISTZFMV1.asm	unique	tape
MVSSRC.SYM403.F06	sym4-3	FILE0006	ISTZFSV0	39	identical-default	ibm/IST/ISTZFSV0.asm	unique	tape
MVSSRC.SYM403.F06	sym4-3	FILE0006	ISTZGFAB	2389	identical-default	ibm/IST/ISTZGFAB.asm	unique	tape
MVSSRC.SYM403.F06	sym4-3	FILE0006	ISTZGFBB	3873	identical-default	ibm/IST/ISTZGFBB.asm	unique	tape
MVSSRC.SYM403.F06	sym4-3	FILE0006	ISTZGFCB	2187	identical-default	ibm/IST/ISTZGFCB.asm	unique	tape
MVSSRC.SYM403.F07	sym4-3	FILE0007	ISTZGF0A	8411	identical-default	ibm/IST/ISTZGF0A.asm	unique	tape
MVSSRC.SYM403.F07	sym4-3	FILE0007	ISTZGF0B	6702	identical-default	ibm/IST/ISTZGF0B.asm	unique	tape
MVSSRC.SYM403.F07	sym4-3	FILE0007	ISTZGF1A	2894	identical-default	ibm/IST/ISTZGF1A.asm	unique	tape
MVSSRC.SYM403.F07	sym4-3	FILE0007	ISTZHFAN	2640	identical-default	ibm/IST/ISTZHFAN.asm	unique	tape
MVSSRC.SYM403.F07	sym4-3	FILE0007	ISTZIFAA	3405	identical-default	ibm/IST/ISTZIFAA.asm	unique	tape
MVSSRC.SYM403.F07	sym4-3	FILE0007	ISTZIFAB	4073	identical-default	ibm/IST/ISTZIFAB.asm	unique	tape
MVSSRC.SYM403.F07	sym4-3	FILE0007	ISTZIFBB	2500	identical-default	ibm/IST/ISTZIFBB.asm	unique	tape
MVSSRC.SYM403.F07	sym4-3	FILE0007	ISTZIFBI	3200	identical-default	ibm/IST/ISTZIFBI.asm	unique	tape
MVSSRC.SYM403.F07	sym4-3	FILE0007	ISTZIFCB	5576	identical-default	ibm/IST/ISTZIFCB.asm	unique	tape
MVSSRC.SYM403.F07	sym4-3	FILE0007	ISTZIFCI	4598	identical-default	ibm/IST/ISTZIFCI.asm	unique	tape
MVSSRC.SYM403.F07	sym4-3	FILE0007	ISTZIFDB	4171	identical-default	ibm/IST/ISTZIFDB.asm	unique	tape
MVSSRC.SYM403.F07	sym4-3	FILE0007	ISTZIFEB	2475	identical-default	ibm/IST/ISTZIFEB.asm	unique	tape
MVSSRC.SYM403.F07	sym4-3	FILE0007	ISTZIFGB	3961	identical-default	ibm/IST/ISTZIFGB.asm	unique	tape
MVSSRC.SYM403.F07	sym4-3	FILE0007	ISTZIFHB	2844	identical-default	ibm/IST/ISTZIFHB.asm	unique	tape
MVSSRC.SYM403.F07	sym4-3	FILE0007	ISTZIFIB	2765	identical-default	ibm/IST/ISTZIFIB.asm	unique	tape
MVSSRC.SYM403.F07	sym4-3	FILE0007	ISTZIFID	4205	identical-default	ibm/IST/ISTZIFID.asm	unique	tape
MVSSRC.SYM403.F07	sym4-3	FILE0007	ISTZIFJB	3028	identical-default	ibm/IST/ISTZIFJB.asm	unique	tape
MVSSRC.SYM403.F07	sym4-3	FILE0007	ISTZIFKB	3555	identical-default	ibm/IST/ISTZIFKB.asm	unique	tape
MVSSRC.SYM403.F07	sym4-3	FILE0007	ISTZIFKG	4947	identical-default	ibm/IST/ISTZIFKG.asm	unique	tape
MVSSRC.SYM403.F07	sym4-3	FILE0007	ISTZIFLB	3680	identical-default	ibm/IST/ISTZIFLB.asm	unique	tape
MVSSRC.SYM403.F08	sym4-3	FILE0008	ISTZIF0B	5185	identical-default	ibm/IST/ISTZIF0B.asm	unique	tape
MVSSRC.SYM403.F08	sym4-3	FILE0008	ISTZIF1B	4807	identical-default	ibm/IST/ISTZIF1B.asm	unique	tape
MVSSRC.SYM403.F08	sym4-3	FILE0008	ISTZIFMB	4839	identical-default	ibm/IST/ISTZIFMB.asm	unique	tape
MVSSRC.SYM403.F08	sym4-3	FILE0008	ISTZIFNA	4294	identical-default	ibm/IST/ISTZIFNA.asm	unique	tape
MVSSRC.SYM403.F08	sym4-3	FILE0008	ISTZIFNB	4239	identical-default	ibm/IST/ISTZIFNB.asm	unique	tape
MVSSRC.SYM403.F08	sym4-3	FILE0008	ISTZIFOA	4099	identical-default	ibm/IST/ISTZIFOA.asm	unique	tape
MVSSRC.SYM403.F08	sym4-3	FILE0008	ISTZIFOB	4004	identical-default	ibm/IST/ISTZIFOB.asm	unique	tape
MVSSRC.SYM403.F08	sym4-3	FILE0008	ISTZIFOE	3482	identical-default	ibm/IST/ISTZIFOE.asm	unique	tape
MVSSRC.SYM403.F08	sym4-3	FILE0008	ISTZIFSB	3173	identical-default	ibm/IST/ISTZIFSB.asm	unique	tape
MVSSRC.SYM403.F08	sym4-3	FILE0008	ISTZIFSC	3866	identical-default	ibm/IST/ISTZIFSC.asm	unique	tape
MVSSRC.SYM403.F08	sym4-3	FILE0008	ISTZIFSG	2740	identical-default	ibm/IST/ISTZIFSG.asm	unique	tape
MVSSRC.SYM403.F08	sym4-3	FILE0008	ISTZIFTB	3341	identical-default	ibm/IST/ISTZIFTB.asm	unique	tape
MVSSRC.SYM403.F08	sym4-3	FILE0008	ISTZIFUB	3784	identical-default	ibm/IST/ISTZIFUB.asm	unique	tape
MVSSRC.SYM403.F08	sym4-3	FILE0008	ISTZIFVB	2855	identical-default	ibm/IST/ISTZIFVB.asm	unique	tape
MVSSRC.SYM403.F08	sym4-3	FILE0008	ISTZIFWB	2892	identical-default	ibm/IST/ISTZIFWB.asm	unique	tape
MVSSRC.SYM403.F08	sym4-3	FILE0008	ISTZIFX0	2673	identical-default	ibm/IST/ISTZIFX0.asm	unique	tape
MVSSRC.SYM403.F08	sym4-3	FILE0008	ISTZIMQA	4386	identical-default	ibm/IST/ISTZIMQA.asm	unique	tape
MVSSRC.SYM403.F08	sym4-3	FILE0008	ISTZJF0B	2312	identical-default	ibm/IST/ISTZJF0B.asm	unique	tape
MVSSRC.SYM403.F08	sym4-3	FILE0008	ISTZJFAB	3156	identical-default	ibm/IST/ISTZJFAB.asm	unique	tape
MVSSRC.SYM403.F08	sym4-3	FILE0008	ISTZJFBB	3050	identical-default	ibm/IST/ISTZJFBB.asm	unique	tape
MVSSRC.SYM403.F08	sym4-3	FILE0008	ISTZJFCB	3200	identical-default	ibm/IST/ISTZJFCB.asm	unique	tape
MVSSRC.SYM403.F08	sym4-3	FILE0008	ISTZKFBB	1879	identical-default	ibm/IST/ISTZKFBB.asm	unique	tape
MVSSRC.SYM403.F09	sym4-3	FILE0009	ISTZKFBN	2844	identical-default	ibm/IST/ISTZKFBN.asm	unique	tape
MVSSRC.SYM403.F09	sym4-3	FILE0009	ISTZKFCB	1879	identical-default	ibm/IST/ISTZKFCB.asm	unique	tape
MVSSRC.SYM403.F09	sym4-3	FILE0009	ISTZKFCN	4192	identical-default	ibm/IST/ISTZKFCN.asm	unique	tape
MVSSRC.SYM403.F09	sym4-3	FILE0009	ISTZLFAB	7195	identical-default	ibm/IST/ISTZLFAB.asm	unique	tape
MVSSRC.SYM403.F09	sym4-3	FILE0009	ISTZLFV0	42	identical-default	ibm/IST/ISTZLFV0.asm	unique	tape
MVSSRC.SYM403.F09	sym4-3	FILE0009	ISTZLPV0	36	identical-default	ibm/IST/ISTZLPV0.asm	unique	tape
MVSSRC.SYM403.F09	sym4-3	FILE0009	ISTZPSV0	95	identical-default	ibm/IST/ISTZPSV0.asm	unique	tape
MVSSRC.SYM403.F09	sym4-3	FILE0009	ISTZRM01	3473	identical-default	ibm/IST/ISTZRM01.asm	conflict	tape
MVSSRC.SYM403.F10	sym4-3	FILE0010	IKTASCII	58	identical-default	ibm/IKT/IKTASCII.asm	duplicate-same	tape
MVSSRC.SYM403.F10	sym4-3	FILE0010	IKTASTPT	3209	identical-default	ibm/IKT/IKTASTPT.asm	conflict	tape
MVSSRC.SYM403.F10	sym4-3	FILE0010	IKTATTN	1814	identical-default	ibm/IKT/IKTATTN.asm	unique	tape
MVSSRC.SYM403.F10	sym4-3	FILE0010	IKTAY8	3957	identical-default	ibm/IKT/IKTAY8.asm	conflict	tape
MVSSRC.SYM403.F10	sym4-3	FILE0010	IKTCAS00	2677	identical-default	ibm/IKT/IKTCAS00.asm	conflict	tape
MVSSRC.SYM403.F10	sym4-3	FILE0010	IKTCAS20	641	identical-default	ibm/IKT/IKTCAS20.asm	conflict	tape
MVSSRC.SYM403.F10	sym4-3	FILE0010	IKTCAS21	800	identical-default	ibm/IKT/IKTCAS21.asm	conflict	tape
MVSSRC.SYM403.F10	sym4-3	FILE0010	IKTCAS22	468	identical-default	ibm/IKT/IKTCAS22.asm	conflict	tape
MVSSRC.SYM403.F10	sym4-3	FILE0010	IKTCAS23	2989	identical-default	ibm/IKT/IKTCAS23.asm	unique	tape
MVSSRC.SYM403.F10	sym4-3	FILE0010	IKTCAS24	758	identical-default	ibm/IKT/IKTCAS24.asm	conflict	tape
MVSSRC.SYM403.F10	sym4-3	FILE0010	IKTCAS30	537	identical-default	ibm/IKT/IKTCAS30.asm	conflict	tape
MVSSRC.SYM403.F10	sym4-3	FILE0010	IKTCAS31	2286	identical-default	ibm/IKT/IKTCAS31.asm	unique	tape
MVSSRC.SYM403.F10	sym4-3	FILE0010	IKTCAS32	1196	identical-default	ibm/IKT/IKTCAS32.asm	conflict	tape
MVSSRC.SYM403.F10	sym4-3	FILE0010	IKTCAS33	847	identical-default	ibm/IKT/IKTCAS33.asm	conflict	tape
MVSSRC.SYM403.F10	sym4-3	FILE0010	IKTCAS40	921	identical-default	ibm/IKT/IKTCAS40.asm	conflict	tape
MVSSRC.SYM403.F10	sym4-3	FILE0010	IKTCAS41	745	identical-default	ibm/IKT/IKTCAS41.asm	conflict	tape
MVSSRC.SYM403.F10	sym4-3	FILE0010	IKTCAS42	742	identical-default	ibm/IKT/IKTCAS42.asm	conflict	tape
MVSSRC.SYM403.F10	sym4-3	FILE0010	IKTCAS51	248	identical-default	ibm/IKT/IKTCAS51.asm	conflict	tape
MVSSRC.SYM403.F10	sym4-3	FILE0010	IKTCAS52	1182	identical-default	ibm/IKT/IKTCAS52.asm	conflict	tape
MVSSRC.SYM403.F10	sym4-3	FILE0010	IKTCAS53	1217	identical-default	ibm/IKT/IKTCAS53.asm	unique	tape
MVSSRC.SYM403.F10	sym4-3	FILE0010	IKTCAS54	4076	identical-default	ibm/IKT/IKTCAS54.asm	conflict	tape
MVSSRC.SYM403.F10	sym4-3	FILE0010	IKTCAS55	857	identical-default	ibm/IKT/IKTCAS55.asm	conflict	tape
MVSSRC.SYM403.F10	sym4-3	FILE0010	IKTCAS56	253	identical-default	ibm/IKT/IKTCAS56.asm	conflict	tape
MVSSRC.SYM403.F10	sym4-3	FILE0010	IKTCASCX	2053	identical-default	ibm/IKT/IKTCASCX.asm	conflict	tape
MVSSRC.SYM403.F10	sym4-3	FILE0010	IKTCASOX	2032	identical-default	ibm/IKT/IKTCASOX.asm	conflict	tape
MVSSRC.SYM403.F10	sym4-3	FILE0010	IKTEXIT	1853	identical-default	ibm/IKT/IKTEXIT.asm	unique	tape
MVSSRC.SYM403.F10	sym4-3	FILE0010	IKTIIOM	2136	identical-default	ibm/IKT/IKTIIOM.asm	unique	tape
MVSSRC.SYM403.F10	sym4-3	FILE0010	IKTIMIDS	3223	identical-default	ibm/IKT/IKTIMIDS.asm	unique	tape
MVSSRC.SYM403.F10	sym4-3	FILE0010	IKTIMLU2	4316	identical-default	ibm/IKT/IKTIMLU2.asm	unique	tape
MVSSRC.SYM403.F10	sym4-3	FILE0010	IKTIOFRR	2897	identical-default	ibm/IKT/IKTIOFRR.asm	conflict	tape
MVSSRC.SYM403.F10	sym4-3	FILE0010	IKTIST00	2116	identical-default	ibm/IKT/IKTIST00.asm	conflict	tape
MVSSRC.SYM403.F10	sym4-3	FILE0010	IKTLOGFF	2130	identical-default	ibm/IKT/IKTLOGFF.asm	unique	tape
MVSSRC.SYM403.F10	sym4-3	FILE0010	IKTLOGR	2146	identical-default	ibm/IKT/IKTLOGR.asm	unique	tape
MVSSRC.SYM403.F10	sym4-3	FILE0010	IKTLTERM	5793	identical-default	ibm/IKT/IKTLTERM.asm	unique	tape
MVSSRC.SYM403.F10	sym4-3	FILE0010	IKTMSGS	171	identical-default	ibm/IKT/IKTMSGS.asm	unique	tape
MVSSRC.SYM403.F10	sym4-3	FILE0010	IKTOMIDS	3547	identical-default	ibm/IKT/IKTOMIDS.asm	unique	tape
MVSSRC.SYM403.F10	sym4-3	FILE0010	IKTOMLU2	4580	identical-default	ibm/IKT/IKTOMLU2.asm	unique	tape
MVSSRC.SYM403.F10	sym4-3	FILE0010	IKTQMIN	4599	identical-default	ibm/IKT/IKTQMIN.asm	unique	tape
MVSSRC.SYM403.F10	sym4-3	FILE0010	IKTRPLXT	1313	identical-default	ibm/IKT/IKTRPLXT.asm	conflict	tape
MVSSRC.SYM403.F11	sym4-3	FILE0011	IKT0009D	135	identical-default	ibm/IKT/IKT0009D.asm	unique	tape
MVSSRC.SYM403.F11	sym4-3	FILE0011	IKT09401	1574	identical-default	ibm/IKT/IKT09401.asm	unique	tape
MVSSRC.SYM403.F11	sym4-3	FILE0011	IKT09404	1321	identical-default	ibm/IKT/IKT09404.asm	unique	tape
MVSSRC.SYM403.F11	sym4-3	FILE0011	IKT09405	264	identical-default	ibm/IKT/IKT09405.asm	unique	tape
MVSSRC.SYM403.F11	sym4-3	FILE0011	IKT09409	1410	identical-default	ibm/IKT/IKT09409.asm	unique	tape
MVSSRC.SYM403.F11	sym4-3	FILE0011	IKT0940A	562	identical-default	ibm/IKT/IKT0940A.asm	unique	tape
MVSSRC.SYM403.F11	sym4-3	FILE0011	IKT0940C	1389	identical-default	ibm/IKT/IKT0940C.asm	unique	tape
MVSSRC.SYM403.F11	sym4-3	FILE0011	IKT0940D	306	identical-default	ibm/IKT/IKT0940D.asm	unique	tape
MVSSRC.SYM403.F11	sym4-3	FILE0011	IKT0940E	1463	identical-default	ibm/IKT/IKT0940E.asm	unique	tape
MVSSRC.SYM403.F11	sym4-3	FILE0011	IKT0940F	2452	identical-default	ibm/IKT/IKT0940F.asm	unique	tape
MVSSRC.SYM403.F11	sym4-3	FILE0011	IKT09412	507	identical-default	ibm/IKT/IKT09412.asm	unique	tape
MVSSRC.SYM403.F11	sym4-3	FILE0011	IKT09413	504	identical-default	ibm/IKT/IKT09413.asm	unique	tape
MVSSRC.SYM403.F11	sym4-3	FILE0011	IKT09414	263	identical-default	ibm/IKT/IKT09414.asm	unique	tape
MVSSRC.SYM403.F11	sym4-3	FILE0011	IKT3270I	3404	identical-default	ibm/IKT/IKT3270I.asm	unique	tape
MVSSRC.SYM403.F11	sym4-3	FILE0011	IKT3270O	6016	identical-default	ibm/IKT/IKT3270O.asm	unique	tape
MVSSRC.SYM403.F11	sym4-3	FILE0011	IKT93EST	2565	identical-default	ibm/IKT/IKT93EST.asm	conflict	tape
MVSSRC.SYM403.F11	sym4-3	FILE0011	IKTTIMRT	3841	identical-default	ibm/IKT/IKTTIMRT.asm	unique	tape
MVSSRC.SYM403.F11	sym4-3	FILE0011	IKTTOMJR	2143	identical-default	ibm/IKT/IKTTOMJR.asm	unique	tape
MVSSRC.SYM403.F11	sym4-3	FILE0011	IKTTOMRT	7255	identical-default	ibm/IKT/IKTTOMRT.asm	unique	tape
MVSSRC.SYM403.F11	sym4-3	FILE0011	IKTVTGET	4254	identical-default	ibm/IKT/IKTVTGET.asm	unique	tape
MVSSRC.SYM403.F11	sym4-3	FILE0011	IKTVTPUT	3325	identical-default	ibm/IKT/IKTVTPUT.asm	unique	tape
MVSSRC.SYM403.F11	sym4-3	FILE0011	IKTXINIT	4210	identical-default	ibm/IKT/IKTXINIT.asm	unique	tape
MVSSRC.SYM403.F11	sym4-3	FILE0011	IKTXLOG	773	identical-default	ibm/IKT/IKTXLOG.asm	conflict	tape
MVSSRC.SYM403.F11	sym4-3	FILE0011	IKTXMTPT	2521	identical-default	ibm/IKT/IKTXMTPT.asm	unique	tape
MVSSRC.SYM501.F01	sym5	FILE0001	AQCTL	5	identical-default	ibm/AQC/AQCTL.asm	duplicate-same	tape
MVSSRC.SYM501.F01	sym5	FILE0001	EWTCMAP	156	identical-default	ibm/EWT/EWTCMAP.asm	duplicate-same	tape
MVSSRC.SYM501.F01	sym5	FILE0001	IEDCBDA	18	identical-default	ibm/IED/IEDCBDA.asm	duplicate-same	tape
MVSSRC.SYM501.F01	sym5	FILE0001	IEDCMB	51	identical-default	ibm/IED/IEDCMB.asm	conflict	tape
MVSSRC.SYM501.F01	sym5	FILE0001	IEDDCT	92	identical-default	ibm/IED/IEDDCT.asm	duplicate-same	tape
MVSSRC.SYM501.F01	sym5	FILE0001	IEDHJN	21	identical-default	ibm/IED/IEDHJN.asm	duplicate-same	tape
MVSSRC.SYM501.F01	sym5	FILE0001	IEDQMSG	112	identical-default	ibm/IED/IEDQMSG.asm	duplicate-same	tape
MVSSRC.SYM501.F01	sym5	FILE0001	IOBLOCKS	262	identical-default	ibm/IOB/IOBLOCKS.asm	duplicate-same	tape
MVSSRC.SYM501.F01	sym5	FILE0001	IOGENER	2999	identical-default	ibm/IOG/IOGENER.asm	conflict	tape
MVSSRC.SYM501.F01	sym5	FILE0001	LINEEND	5827	identical-elsewhere	variants/tape/sym5/LINEEND.asm	conflict	tape
MVSSRC.SYM501.F01	sym5	FILE0001	MIEDQFA	3367	identical-elsewhere	variants/tape/sym5/MIEDQFA.asm	conflict	tape
MVSSRC.SYM501.F01	sym5	FILE0001	MIEDQHM	1936	identical-default	ibm/MIE/MIEDQHM.asm	duplicate-same	tape
MVSSRC.SYM501.F01	sym5	FILE0001	OLTCB	1892	identical-default	ibm/OLT/OLTCB.asm	duplicate-same	tape
MVSSRC.SYM501.F01	sym5	FILE0001	PLINK	338	identical-default	ibm/PLI/PLINK.asm	duplicate-same	tape
MVSSRC.SYM501.F01	sym5	FILE0001	RESPL	224	identical-default	ibm/RES/RESPL.asm	duplicate-same	tape
MVSSRC.SYM501.F01	sym5	FILE0001	SNDSCH	1496	identical-elsewhere	variants/tape/sym5/SNDSCH.asm	conflict	tape
MVSSRC.SYM501.F01	sym5	FILE0001	TACSMD	68	identical-default	ibm/TAC/TACSMD.asm	duplicate-same	tape
MVSSRC.SYM501.F01	sym5	FILE0001	TADWD	110	identical-default	ibm/TAD/TADWD.asm	duplicate-same	tape
MVSSRC.SYM501.F01	sym5	FILE0001	TAIBD	216	identical-default	ibm/TAI/TAIBD.asm	duplicate-same	tape
MVSSRC.SYM501.F01	sym5	FILE0001	TAVTD	1594	identical-default	ibm/TAV/TAVTD.asm	duplicate-same	tape
MVSSRC.SYM501.F01	sym5	FILE0001	TBDUD	75	identical-default	ibm/TBD/TBDUD.asm	duplicate-same	tape
MVSSRC.SYM501.F01	sym5	FILE0001	TBINDD	40	identical-default	ibm/TBI/TBINDD.asm	duplicate-same	tape
MVSSRC.SYM501.F01	sym5	FILE0001	TBNDD	164	identical-default	ibm/TBN/TBNDD.asm	duplicate-same	tape
MVSSRC.SYM501.F01	sym5	FILE0001	TCAVTD	74	identical-elsewhere	variants/tape/sym5/TCAVTD.asm	conflict	tape
MVSSRC.SYM501.F01	sym5	FILE0001	TCCWD	109	identical-default	ibm/TCC/TCCWD.asm	duplicate-same	tape
MVSSRC.SYM501.F01	sym5	FILE0001	TCD0D	258	identical-default	ibm/TCD/TCD0D.asm	duplicate-same	tape
MVSSRC.SYM501.F01	sym5	FILE0001	TCD1D	300	identical-default	ibm/TCD/TCD1D.asm	duplicate-same	tape
MVSSRC.SYM501.F01	sym5	FILE0001	TCKPD	1010	identical-default	ibm/TCK/TCKPD.asm	duplicate-same	tape
MVSSRC.SYM501.F01	sym5	FILE0001	TCMD0D	252	identical-default	ibm/TCM/TCMD0D.asm	duplicate-same	tape
MVSSRC.SYM501.F01	sym5	FILE0001	TCMD1D	226	identical-default	ibm/TCM/TCMD1D.asm	duplicate-same	tape
MVSSRC.SYM501.F01	sym5	FILE0001	TCNRD	46	identical-default	ibm/TCN/TCNRD.asm	duplicate-same	tape
MVSSRC.SYM501.F01	sym5	FILE0001	TCOMD	35	identical-default	ibm/TCO/TCOMD.asm	duplicate-same	tape
MVSSRC.SYM501.F01	sym5	FILE0001	TCOMDMPD	31	identical-default	ibm/TCO/TCOMDMPD.asm	duplicate-same	tape
MVSSRC.SYM501.F01	sym5	FILE0001	TCOMIPLD	36	identical-default	ibm/TCO/TCOMIPLD.asm	duplicate-same	tape
MVSSRC.SYM501.F01	sym5	FILE0001	TCONV	128	identical-default	ibm/TCO/TCONV.asm	conflict	tape
MVSSRC.SYM501.F01	sym5	FILE0001	TCPBD	156	identical-default	ibm/TCP/TCPBD.asm	duplicate-same	tape
MVSSRC.SYM501.F01	sym5	FILE0001	TCURD	60	identical-default	ibm/TCU/TCURD.asm	duplicate-same	tape
MVSSRC.SYM501.F01	sym5	FILE0001	TDATAD	40	identical-default	ibm/TDA/TDATAD.asm	duplicate-same	tape
MVSSRC.SYM501.F01	sym5	FILE0001	TDCTD	93	identical-default	ibm/TDC/TDCTD.asm	duplicate-same	tape
MVSSRC.SYM501.F01	sym5	FILE0001	TDEBAPD	36	identical-default	ibm/TDE/TDEBAPD.asm	duplicate-same	tape
MVSSRC.SYM501.F01	sym5	FILE0001	TDEBD	94	identical-default	ibm/TDE/TDEBD.asm	duplicate-same	tape
MVSSRC.SYM501.F01	sym5	FILE0001	TDISPD	445	identical-default	ibm/TDI/TDISPD.asm	duplicate-same	tape
MVSSRC.SYM501.F01	sym5	FILE0001	TDRQD	88	identical-default	ibm/TDR/TDRQD.asm	duplicate-same	tape
MVSSRC.SYM501.F01	sym5	FILE0001	TDSID	41	identical-default	ibm/TDS/TDSID.asm	duplicate-same	tape
MVSSRC.SYM501.F01	sym5	FILE0001	TDVCIDTD	86	identical-default	ibm/TDV/TDVCIDTD.asm	duplicate-same	tape
MVSSRC.SYM501.F01	sym5	FILE0001	TEXTD	205	identical-default	ibm/TEX/TEXTD.asm	duplicate-same	tape
MVSSRC.SYM501.F01	sym5	FILE0001	TGMAIND	192	identical-default	ibm/TGM/TGMAIND.asm	duplicate-same	tape
MVSSRC.SYM501.F01	sym5	FILE0001	THEDD	68	identical-default	ibm/THE/THEDD.asm	duplicate-same	tape
MVSSRC.SYM501.F01	sym5	FILE0001	TIDD	15	identical-default	ibm/TID/TIDD.asm	duplicate-same	tape
MVSSRC.SYM501.F01	sym5	FILE0001	TINVLD	58	identical-default	ibm/TIN/TINVLD.asm	duplicate-same	tape
MVSSRC.SYM501.F01	sym5	FILE0001	TIOBD	38	identical-default	ibm/TIO/TIOBD.asm	duplicate-same	tape
MVSSRC.SYM501.F01	sym5	FILE0001	TIOSBED	35	identical-default	ibm/TIO/TIOSBED.asm	conflict	tape
MVSSRC.SYM501.F01	sym5	FILE0001	TLCBD	1165	identical-default	ibm/TLC/TLCBD.asm	duplicate-same	tape
MVSSRC.SYM501.F01	sym5	FILE0001	TLGBD	141	identical-default	ibm/TLG/TLGBD.asm	duplicate-same	tape
MVSSRC.SYM501.F01	sym5	FILE0001	TMHTABD	32	identical-default	ibm/TMH/TMHTABD.asm	duplicate-same	tape
MVSSRC.SYM501.F01	sym5	FILE0001	TMODD	132	identical-default	ibm/TMO/TMODD.asm	duplicate-same	tape
MVSSRC.SYM501.F01	sym5	FILE0001	TMSGD	26	identical-default	ibm/TMS/TMSGD.asm	duplicate-same	tape
MVSSRC.SYM501.F01	sym5	FILE0001	TMSKD	95	identical-default	ibm/TMS/TMSKD.asm	duplicate-same	tape
MVSSRC.SYM501.F01	sym5	FILE0001	TNATD	26	identical-default	ibm/TNA/TNATD.asm	duplicate-same	tape
MVSSRC.SYM501.F01	sym5	FILE0001	TNCPID	48	identical-default	ibm/TNC/TNCPID.asm	duplicate-same	tape
MVSSRC.SYM501.F01	sym5	FILE0001	TNRAD	19	identical-default	ibm/TNR/TNRAD.asm	duplicate-same	tape
MVSSRC.SYM501.F01	sym5	FILE0001	TNSLD	159	identical-default	ibm/TNS/TNSLD.asm	duplicate-same	tape
MVSSRC.SYM501.F01	sym5	FILE0001	TOCTRD	82	identical-default	ibm/TOC/TOCTRD.asm	duplicate-same	tape
MVSSRC.SYM501.F01	sym5	FILE0001	TOPCAVTD	345	identical-default	ibm/TOP/TOPCAVTD.asm	duplicate-same	tape
MVSSRC.SYM501.F01	sym5	FILE0001	TOPCD	79	identical-default	ibm/TOP/TOPCD.asm	duplicate-same	tape
MVSSRC.SYM501.F01	sym5	FILE0001	TOPCED	571	identical-default	ibm/TOP/TOPCED.asm	duplicate-same	tape
MVSSRC.SYM501.F01	sym5	FILE0001	TOPCTL	4	identical-default	ibm/TOP/TOPCTL.asm	duplicate-same	tape
MVSSRC.SYM501.F01	sym5	FILE0001	TOPRED	146	identical-default	ibm/TOP/TOPRED.asm	duplicate-same	tape
MVSSRC.SYM501.F01	sym5	FILE0001	TPCBD	76	identical-default	ibm/TPC/TPCBD.asm	duplicate-same	tape
MVSSRC.SYM501.F01	sym5	FILE0001	TPEBD	24	identical-default	ibm/TPE/TPEBD.asm	duplicate-same	tape
MVSSRC.SYM501.F01	sym5	FILE0001	TPECBD	28	identical-default	ibm/TPE/TPECBD.asm	conflict	tape
MVSSRC.SYM501.F01	sym5	FILE0001	TPEWAD	129	identical-elsewhere	variants/tape/sym5/TPEWAD.asm	conflict	tape
MVSSRC.SYM501.F01	sym5	FILE0001	TPF1D	57	identical-default	ibm/TPF/TPF1D.asm	duplicate-same	tape
MVSSRC.SYM501.F01	sym5	FILE0001	TPIU0D	28	identical-default	ibm/TPI/TPIU0D.asm	duplicate-same	tape
MVSSRC.SYM501.F01	sym5	FILE0001	TPIUD	24	identical-default	ibm/TPI/TPIUD.asm	duplicate-same	tape
MVSSRC.SYM501.F01	sym5	FILE0001	TPLBMD	59	identical-default	ibm/TPL/TPLBMD.asm	duplicate-same	tape
MVSSRC.SYM501.F01	sym5	FILE0001	TPLMVD	47	identical-default	ibm/TPL/TPLMVD.asm	duplicate-same	tape
MVSSRC.SYM501.F01	sym5	FILE0001	TPLRQD	36	identical-default	ibm/TPL/TPLRQD.asm	duplicate-same	tape
MVSSRC.SYM501.F01	sym5	FILE0001	TPRFD	370	identical-default	ibm/TPR/TPRFD.asm	duplicate-same	tape
MVSSRC.SYM501.F01	sym5	FILE0001	TPRIOR	822	identical-default	ibm/TPR/TPRIOR.asm	duplicate-same	tape
MVSSRC.SYM501.F01	sym5	FILE0001	TPROCD	32	identical-default	ibm/TPR/TPROCD.asm	duplicate-same	tape
MVSSRC.SYM501.F01	sym5	FILE0001	TPRUD	144	identical-default	ibm/TPR/TPRUD.asm	duplicate-same	tape
MVSSRC.SYM501.F01	sym5	FILE0001	TQCBD	566	identical-default	ibm/TQC/TQCBD.asm	duplicate-same	tape
MVSSRC.SYM501.F01	sym5	FILE0001	TQCBED	111	identical-default	ibm/TQC/TQCBED.asm	duplicate-same	tape
MVSSRC.SYM501.F01	sym5	FILE0001	TRDYD	41	identical-default	ibm/TRD/TRDYD.asm	duplicate-same	tape
MVSSRC.SYM501.F01	sym5	FILE0001	TRECBD	22	identical-default	ibm/TRE/TRECBD.asm	duplicate-same	tape
MVSSRC.SYM501.F01	sym5	FILE0001	TREQD	98	identical-default	ibm/TRE/TREQD.asm	duplicate-same	tape
MVSSRC.SYM501.F01	sym5	FILE0001	TRHD	82	identical-default	ibm/TRH/TRHD.asm	duplicate-same	tape
MVSSRC.SYM501.F01	sym5	FILE0001	TRQED	24	identical-elsewhere	variants/tape/etc1102/TRQED.asm	conflict	tape
MVSSRC.SYM501.F01	sym5	FILE0001	TRRTD	92	identical-default	ibm/TRR/TRRTD.asm	duplicate-same	tape
MVSSRC.SYM501.F01	sym5	FILE0001	TRSPD	328	identical-default	ibm/TRS/TRSPD.asm	duplicate-same	tape
MVSSRC.SYM501.F01	sym5	FILE0001	TRSTD	48	identical-default	ibm/TRS/TRSTD.asm	duplicate-same	tape
MVSSRC.SYM501.F01	sym5	FILE0001	TRVTD	28	identical-default	ibm/TRV/TRVTD.asm	duplicate-same	tape
MVSSRC.SYM501.F01	sym5	FILE0001	TSATD	28	identical-default	ibm/TSA/TSATD.asm	duplicate-same	tape
MVSSRC.SYM501.F01	sym5	FILE0001	TSBTD	50	identical-default	ibm/TSB/TSBTD.asm	duplicate-same	tape
MVSSRC.SYM501.F01	sym5	FILE0001	TSCBD	519	identical-default	ibm/TSC/TSCBD.asm	duplicate-same	tape
MVSSRC.SYM501.F01	sym5	FILE0001	TSIBD	229	identical-default	ibm/TSI/TSIBD.asm	duplicate-same	tape
MVSSRC.SYM501.F01	sym5	FILE0001	TSNSD	102	identical-default	ibm/TSN/TSNSD.asm	duplicate-same	tape
MVSSRC.SYM501.F01	sym5	FILE0001	TSOECDD	17	identical-default	ibm/TSO/TSOECDD.asm	duplicate-same	tape
MVSSRC.SYM501.F01	sym5	FILE0001	TSTCBD	26	identical-default	ibm/TST/TSTCBD.asm	duplicate-same	tape
MVSSRC.SYM501.F01	sym5	FILE0001	TSTMHD	73	identical-default	ibm/TST/TSTMHD.asm	duplicate-same	tape
MVSSRC.SYM501.F01	sym5	FILE0001	TSTMHND	39	identical-default	ibm/TST/TSTMHND.asm	duplicate-same	tape
MVSSRC.SYM501.F01	sym5	FILE0001	TTCBD	56	identical-default	ibm/TTC/TTCBD.asm	duplicate-same	tape
MVSSRC.SYM501.F01	sym5	FILE0001	TTCDSD	81	identical-default	ibm/TTC/TTCDSD.asm	duplicate-same	tape
MVSSRC.SYM501.F01	sym5	FILE0001	TTCXD	352	identical-default	ibm/TTC/TTCXD.asm	duplicate-same	tape
MVSSRC.SYM501.F01	sym5	FILE0001	TTECB	16	identical-default	ibm/TTE/TTECB.asm	conflict	tape
MVSSRC.SYM501.F01	sym5	FILE0001	TTHD	93	identical-default	ibm/TTH/TTHD.asm	duplicate-same	tape
MVSSRC.SYM501.F01	sym5	FILE0001	TTNTD	90	identical-default	ibm/TTN/TTNTD.asm	duplicate-same	tape
MVSSRC.SYM501.F01	sym5	FILE0001	TTPD	87	identical-elsewhere	variants/tape/etc1102/TTPD.asm	conflict	tape
MVSSRC.SYM501.F01	sym5	FILE0001	TTRMD	674	identical-default	ibm/TTR/TTRMD.asm	duplicate-same	tape
MVSSRC.SYM501.F01	sym5	FILE0001	TTSWD	206	identical-default	ibm/TTS/TTSWD.asm	duplicate-same	tape
MVSSRC.SYM501.F01	sym5	FILE0001	TTTCD	65	identical-default	ibm/TTT/TTTCD.asm	duplicate-same	tape
MVSSRC.SYM501.F01	sym5	FILE0001	TXALKD	23	identical-default	ibm/TXA/TXALKD.asm	duplicate-same	tape
MVSSRC.SYM501.F01	sym5	FILE0001	TXALUD	21	identical-default	ibm/TXA/TXALUD.asm	duplicate-same	tape
MVSSRC.SYM501.F01	sym5	FILE0001	TXAPUD	28	identical-default	ibm/TXA/TXAPUD.asm	duplicate-same	tape
MVSSRC.SYM501.F01	sym5	FILE0001	TXBFLD	20	identical-default	ibm/TXB/TXBFLD.asm	duplicate-same	tape
MVSSRC.SYM501.F01	sym5	FILE0001	TXCIND	62	identical-default	ibm/TXC/TXCIND.asm	duplicate-same	tape
MVSSRC.SYM501.F01	sym5	FILE0001	TXCOND	23	identical-default	ibm/TXC/TXCOND.asm	duplicate-same	tape
MVSSRC.SYM501.F01	sym5	FILE0001	TXCTDD	25	identical-default	ibm/TXC/TXCTDD.asm	duplicate-same	tape
MVSSRC.SYM501.F01	sym5	FILE0001	TXCTMD	30	identical-default	ibm/TXC/TXCTMD.asm	duplicate-same	tape
MVSSRC.SYM501.F01	sym5	FILE0001	TXDLKD	23	identical-default	ibm/TXD/TXDLKD.asm	duplicate-same	tape
MVSSRC.SYM501.F01	sym5	FILE0001	TXDPUD	17	identical-default	ibm/TXD/TXDPUD.asm	duplicate-same	tape
MVSSRC.SYM501.F01	sym5	FILE0001	TXDSCD	23	identical-default	ibm/TXD/TXDSCD.asm	duplicate-same	tape
MVSSRC.SYM501.F01	sym5	FILE0001	TXEXTD	38	identical-default	ibm/TXE/TXEXTD.asm	duplicate-same	tape
MVSSRC.SYM501.F01	sym5	FILE0001	TXNPLD	26	identical-default	ibm/TXN/TXNPLD.asm	duplicate-same	tape
MVSSRC.SYM501.F01	sym5	FILE0001	TXNSPD	50	identical-default	ibm/TXN/TXNSPD.asm	duplicate-same	tape
MVSSRC.SYM501.F01	sym5	FILE0001	TXRTDD	38	identical-default	ibm/TXR/TXRTDD.asm	conflict	tape
MVSSRC.SYM501.F01	sym5	FILE0001	TXSCVD	44	identical-default	ibm/TXS/TXSCVD.asm	duplicate-same	tape
MVSSRC.SYM501.F01	sym5	FILE0001	TXSEPD	17	identical-default	ibm/TXS/TXSEPD.asm	duplicate-same	tape
MVSSRC.SYM501.F01	sym5	FILE0001	TXSNDD	18	identical-default	ibm/TXS/TXSNDD.asm	duplicate-same	tape
MVSSRC.SYM501.F01	sym5	FILE0001	TXSNLD	26	identical-default	ibm/TXS/TXSNLD.asm	duplicate-same	tape
MVSSRC.SYM501.F01	sym5	FILE0001	TXSNPD	17	identical-default	ibm/TXS/TXSNPD.asm	duplicate-same	tape
MVSSRC.SYM501.F01	sym5	FILE0001	TXSSPD	27	identical-default	ibm/TXS/TXSSPD.asm	duplicate-same	tape
MVSSRC.SYM501.F01	sym5	FILE0001	TXSSTD	18	identical-default	ibm/TXS/TXSSTD.asm	duplicate-same	tape
MVSSRC.SYM501.F01	sym5	FILE0001	TXUNBD	17	identical-default	ibm/TXU/TXUNBD.asm	duplicate-same	tape
MVSSRC.SYM501.F02	sym5	FILE0002	IEDAY1	1904	identical-default	ibm/IED/IEDAY1.asm	duplicate-same	tape
MVSSRC.SYM501.F02	sym5	FILE0002	IEDAY2	96	identical-default	ibm/IED/IEDAY2.asm	duplicate-same	tape
MVSSRC.SYM501.F02	sym5	FILE0002	IEDAY88	522	identical-elsewhere	variants/tape/sym5/IEDAY88.asm	conflict	tape
MVSSRC.SYM501.F02	sym5	FILE0002	IEDAYAA	875	identical-elsewhere	variants/tape/sym5/IEDAYAA.asm	conflict	tape
MVSSRC.SYM501.F02	sym5	FILE0002	IEDAYGP	1665	identical-default	ibm/IED/IEDAYGP.asm	duplicate-same	tape
MVSSRC.SYM501.F02	sym5	FILE0002	IEDAYHH	252	identical-default	ibm/IED/IEDAYHH.asm	duplicate-same	tape
MVSSRC.SYM501.F02	sym5	FILE0002	IEDAYII	1447	identical-default	ibm/IED/IEDAYII.asm	duplicate-same	tape
MVSSRC.SYM501.F02	sym5	FILE0002	IEDAYLL	583	identical-elsewhere	variants/tape/sym5/IEDAYLL.asm	conflict	tape
MVSSRC.SYM501.F02	sym5	FILE0002	IEDAYOO	1338	identical-default	ibm/IED/IEDAYOO.asm	duplicate-same	tape
MVSSRC.SYM501.F02	sym5	FILE0002	IEDAYQT	702	identical-elsewhere	variants/tape/sym5/IEDAYQT.asm	conflict	tape
MVSSRC.SYM501.F02	sym5	FILE0002	IGG09301	976	identical-elsewhere	variants/tape/sym5/IGG09301.asm	conflict	tape
MVSSRC.SYM501.F02	sym5	FILE0002	IGG09302	1035	identical-default	ibm/IGG/IGG09302.asm	duplicate-same	tape
MVSSRC.SYM501.F02	sym5	FILE0002	IGG09303	431	identical-default	ibm/IGG/IGG09303.asm	duplicate-same	tape
MVSSRC.SYM501.F02	sym5	FILE0002	IGG09400	369	identical-default	ibm/IGG/IGG09400.asm	duplicate-same	tape
MVSSRC.SYM501.F02	sym5	FILE0002	IGG09402	293	identical-default	ibm/IGG/IGG09402.asm	duplicate-same	tape
MVSSRC.SYM501.F02	sym5	FILE0002	IGG09403	68	identical-default	ibm/IGG/IGG09403.asm	duplicate-same	tape
MVSSRC.SYM501.F02	sym5	FILE0002	IGG09404	298	identical-default	ibm/IGG/IGG09404.asm	duplicate-same	tape
MVSSRC.SYM501.F02	sym5	FILE0002	IGG09405	177	identical-default	ibm/IGG/IGG09405.asm	duplicate-same	tape
MVSSRC.SYM501.F02	sym5	FILE0002	IGG09406	222	identical-default	ibm/IGG/IGG09406.asm	duplicate-same	tape
MVSSRC.SYM501.F02	sym5	FILE0002	IGG09407	311	identical-elsewhere	variants/tape/sym5/IGG09407.asm	conflict	tape
MVSSRC.SYM501.F02	sym5	FILE0002	IGG09408	390	identical-default	ibm/IGG/IGG09408.asm	duplicate-same	tape
MVSSRC.SYM501.F02	sym5	FILE0002	IGG09409	235	identical-default	ibm/IGG/IGG09409.asm	duplicate-same	tape
MVSSRC.SYM501.F02	sym5	FILE0002	IGG0940A	280	identical-elsewhere	variants/tape/sym5/IGG0940A.asm	conflict	tape
MVSSRC.SYM501.F02	sym5	FILE0002	IGG0940B	178	identical-default	ibm/IGG/IGG0940B.asm	duplicate-same	tape
MVSSRC.SYM501.F02	sym5	FILE0002	IGG0940C	241	identical-default	ibm/IGG/IGG0940C.asm	duplicate-same	tape
MVSSRC.SYM501.F02	sym5	FILE0002	IGG0940D	181	identical-default	ibm/IGG/IGG0940D.asm	duplicate-same	tape
MVSSRC.SYM501.F02	sym5	FILE0002	IGG0940E	232	identical-default	ibm/IGG/IGG0940E.asm	duplicate-same	tape
MVSSRC.SYM501.F02	sym5	FILE0002	IGG0940G	228	identical-default	ibm/IGG/IGG0940G.asm	duplicate-same	tape
MVSSRC.SYM501.F02	sym5	FILE0002	IGG0940H	451	identical-default	ibm/IGG/IGG0940H.asm	duplicate-same	tape
MVSSRC.SYM501.F02	sym5	FILE0002	IGG09411	292	identical-default	ibm/IGG/IGG09411.asm	duplicate-same	tape
MVSSRC.SYM501.F02	sym5	FILE0002	IGG09414	259	identical-default	ibm/IGG/IGG09414.asm	duplicate-same	tape
MVSSRC.SYM501.F03	sym5	FILE0003	IEDAYA	507	identical-elsewhere	variants/tape/sym5/IEDAYA.asm	conflict	tape
MVSSRC.SYM501.F03	sym5	FILE0003	IEDAYAB	87	identical-default	ibm/IED/IEDAYAB.asm	duplicate-same	tape
MVSSRC.SYM501.F03	sym5	FILE0003	IEDAYBX	1409	identical-default	ibm/IED/IEDAYBX.asm	duplicate-same	tape
MVSSRC.SYM501.F03	sym5	FILE0003	IEDAYC	887	identical-default	ibm/IED/IEDAYC.asm	duplicate-same	tape
MVSSRC.SYM501.F03	sym5	FILE0003	IEDAYD	202	identical-elsewhere	variants/tape/etc1102/IEDAYD.asm	conflict	tape
MVSSRC.SYM501.F03	sym5	FILE0003	IEDAYE	487	identical-default	ibm/IED/IEDAYE.asm	duplicate-same	tape
MVSSRC.SYM501.F03	sym5	FILE0003	IEDAYF	342	identical-elsewhere	variants/tape/etc1102/IEDAYF.asm;variants/tape/sym5/IEDAYF.asm	conflict	tape
MVSSRC.SYM501.F03	sym5	FILE0003	IEDAYH	896	identical-default	ibm/IED/IEDAYH.asm	duplicate-same	tape
MVSSRC.SYM501.F03	sym5	FILE0003	IEDAYI	1453	identical-default	ibm/IED/IEDAYI.asm	conflict	tape
MVSSRC.SYM501.F03	sym5	FILE0003	IEDAYJ	6348	identical-default	ibm/IED/IEDAYJ.asm	duplicate-same	tape
MVSSRC.SYM501.F03	sym5	FILE0003	IEDAYL	1127	identical-default	ibm/IED/IEDAYL.asm	duplicate-same	tape
MVSSRC.SYM501.F03	sym5	FILE0003	IEDAYM	1650	identical-default	ibm/IED/IEDAYM.asm	duplicate-same	tape
MVSSRC.SYM501.F03	sym5	FILE0003	IEDAYN	961	identical-elsewhere	variants/tape/sym5/IEDAYN.asm	conflict	tape
MVSSRC.SYM501.F03	sym5	FILE0003	IEDAYO	1959	identical-default	ibm/IED/IEDAYO.asm	conflict	tape
MVSSRC.SYM501.F03	sym5	FILE0003	IEDAYP	364	identical-default	ibm/IED/IEDAYP.asm	conflict	tape
MVSSRC.SYM501.F03	sym5	FILE0003	IEDAYQ	2143	identical-elsewhere	variants/tape/sym5/IEDAYQ.asm	conflict	tape
MVSSRC.SYM501.F03	sym5	FILE0003	IEDAYS	1123	identical-default	ibm/IED/IEDAYS.asm	duplicate-same	tape
MVSSRC.SYM501.F03	sym5	FILE0003	IEDAYT	272	identical-default	ibm/IED/IEDAYT.asm	duplicate-same	tape
MVSSRC.SYM501.F03	sym5	FILE0003	IEDAYV	1325	identical-default	ibm/IED/IEDAYV.asm	conflict	tape
MVSSRC.SYM501.F03	sym5	FILE0003	IEDAYW	1733	identical-elsewhere	variants/tape/etc1102/IEDAYW.asm	conflict	tape
MVSSRC.SYM501.F03	sym5	FILE0003	IEDAYX	97	identical-default	ibm/IED/IEDAYX.asm	duplicate-same	tape
MVSSRC.SYM501.F03	sym5	FILE0003	IEDAYY	149	identical-default	ibm/IED/IEDAYY.asm	duplicate-same	tape
MVSSRC.SYM501.F03	sym5	FILE0003	IEDAYZ	1697	identical-elsewhere	variants/tape/sym5/IEDAYZ.asm	conflict	tape
MVSSRC.SYM501.F03	sym5	FILE0003	IEDAYZZ	190	identical-default	ibm/IED/IEDAYZZ.asm	duplicate-same	tape
MVSSRC.SYM501.F03	sym5	FILE0003	IEDBITN	3	identical-default	ibm/IED/IEDBITN.asm	conflict	tape
MVSSRC.SYM501.F03	sym5	FILE0003	IEDBSM	1753	identical-default	ibm/IED/IEDBSM.asm	duplicate-same	tape
MVSSRC.SYM501.F03	sym5	FILE0003	IEDCMIN	1874	identical-default	ibm/IED/IEDCMIN.asm	duplicate-same	tape
MVSSRC.SYM501.F03	sym5	FILE0003	IEDCMOUT	1646	identical-default	ibm/IED/IEDCMOUT.asm	duplicate-same	tape
MVSSRC.SYM501.F03	sym5	FILE0003	IEDCSA	411	identical-default	ibm/IED/IEDCSA.asm	duplicate-same	tape
MVSSRC.SYM501.F03	sym5	FILE0003	IEDCSCIN	2048	identical-default	ibm/IED/IEDCSCIN.asm	duplicate-same	tape
MVSSRC.SYM501.F03	sym5	FILE0003	IEDDFOUT	2779	identical-default	ibm/IED/IEDDFOUT.asm	duplicate-same	tape
MVSSRC.SYM501.F03	sym5	FILE0003	IEDDVAS	2561	identical-default	ibm/IED/IEDDVAS.asm	duplicate-same	tape
MVSSRC.SYM501.F03	sym5	FILE0003	IEDFSSTB	2	identical-default	ibm/IED/IEDFSSTB.asm	conflict	tape
MVSSRC.SYM501.F03	sym5	FILE0003	IEDIAA	596	identical-default	ibm/IED/IEDIAA.asm	duplicate-same	tape
MVSSRC.SYM501.F03	sym5	FILE0003	IEDIAB	3446	identical-default	ibm/IED/IEDIAB.asm	duplicate-same	tape
MVSSRC.SYM501.F03	sym5	FILE0003	IEDIAH	2367	identical-default	ibm/IED/IEDIAH.asm	duplicate-same	tape
MVSSRC.SYM501.F03	sym5	FILE0003	IEDIAM	3199	identical-default	ibm/IED/IEDIAM.asm	duplicate-same	tape
MVSSRC.SYM501.F03	sym5	FILE0003	IEDIAP	2872	identical-default	ibm/IED/IEDIAP.asm	duplicate-same	tape
MVSSRC.SYM501.F03	sym5	FILE0003	IEDIAQ	3804	identical-default	ibm/IED/IEDIAQ.asm	duplicate-same	tape
MVSSRC.SYM501.F03	sym5	FILE0003	IEDIAR	2092	identical-default	ibm/IED/IEDIAR.asm	duplicate-same	tape
MVSSRC.SYM501.F03	sym5	FILE0003	IEDIAS	1198	identical-default	ibm/IED/IEDIAS.asm	duplicate-same	tape
MVSSRC.SYM501.F03	sym5	FILE0003	IEDIAU	28	identical-elsewhere	variants/tape/sym5/IEDIAU.asm	conflict	tape
MVSSRC.SYM501.F03	sym5	FILE0003	IEDKHISC	1245	identical-default	ibm/IED/IEDKHISC.asm	duplicate-same	tape
MVSSRC.SYM501.F03	sym5	FILE0003	IEDLUS	6144	identical-default	ibm/IED/IEDLUS.asm	duplicate-same	tape
MVSSRC.SYM501.F03	sym5	FILE0003	IEDMVBFR	1824	identical-default	ibm/IED/IEDMVBFR.asm	duplicate-same	tape
MVSSRC.SYM501.F03	sym5	FILE0003	IEDNCU	3745	identical-default	ibm/IED/IEDNCU.asm	duplicate-same	tape
MVSSRC.SYM501.F03	sym5	FILE0003	IEDNCU2	3757	identical-default	ibm/IED/IEDNCU2.asm	duplicate-same	tape
MVSSRC.SYM501.F04	sym5	FILE0004	IEDN25	86	identical-default	ibm/IED/IEDN25.asm	duplicate-same	tape
MVSSRC.SYM501.F04	sym5	FILE0004	IEDNGD	3843	identical-default	ibm/IED/IEDNGD.asm	duplicate-same	tape
MVSSRC.SYM501.F04	sym5	FILE0004	IEDNID	1257	identical-elsewhere	variants/tape/sym5/IEDNID.asm	conflict	tape
MVSSRC.SYM501.F04	sym5	FILE0004	IEDNKA	3926	identical-default	ibm/IED/IEDNKA.asm	duplicate-same	tape
MVSSRC.SYM501.F04	sym5	FILE0004	IEDNLT	1401	identical-default	ibm/IED/IEDNLT.asm	duplicate-same	tape
MVSSRC.SYM501.F04	sym5	FILE0004	IEDNMG	118	identical-default	ibm/IED/IEDNMG.asm	duplicate-same	tape
MVSSRC.SYM501.F04	sym5	FILE0004	IEDNSL	6132	identical-default	ibm/IED/IEDNSL.asm	duplicate-same	tape
MVSSRC.SYM501.F04	sym5	FILE0004	IEDNTR	1095	identical-elsewhere	variants/tape/sym5/IEDNTR.asm	conflict	tape
MVSSRC.SYM501.F04	sym5	FILE0004	IEDOPTN	1484	identical-elsewhere	variants/tape/sym5/IEDOPTN.asm	conflict	tape
MVSSRC.SYM501.F04	sym5	FILE0004	IEDPCIN	2657	identical-default	ibm/IED/IEDPCIN.asm	duplicate-same	tape
MVSSRC.SYM501.F04	sym5	FILE0004	IEDPCOUT	1517	identical-elsewhere	variants/tape/sym5/IEDPCOUT.asm	conflict	tape
MVSSRC.SYM501.F04	sym5	FILE0004	IEDPMD	1318	identical-default	ibm/IED/IEDPMD.asm	duplicate-same	tape
MVSSRC.SYM501.F04	sym5	FILE0004	IEDQA0	270	identical-elsewhere	variants/tape/sym5/IEDQA0.asm	conflict	tape
MVSSRC.SYM501.F04	sym5	FILE0004	IEDQA1	323	identical-default	ibm/IED/IEDQA1.asm	duplicate-same	tape
MVSSRC.SYM501.F04	sym5	FILE0004	IEDQA2	301	identical-default	ibm/IED/IEDQA2.asm	duplicate-same	tape
MVSSRC.SYM501.F04	sym5	FILE0004	IEDQA3	336	identical-elsewhere	variants/tape/etc1102/IEDQA3.asm;variants/tape/sym5/IEDQA3.asm	conflict	tape
MVSSRC.SYM501.F04	sym5	FILE0004	IEDQA4	677	identical-default	ibm/IED/IEDQA4.asm	duplicate-same	tape
MVSSRC.SYM501.F04	sym5	FILE0004	IEDQA5	925	identical-default	ibm/IED/IEDQA5.asm	conflict	tape
MVSSRC.SYM501.F04	sym5	FILE0004	IEDQA6	530	identical-default	ibm/IED/IEDQA6.asm	duplicate-same	tape
MVSSRC.SYM501.F04	sym5	FILE0004	IEDQA7	146	identical-default	ibm/IED/IEDQA7.asm	duplicate-same	tape
MVSSRC.SYM501.F04	sym5	FILE0004	IEDQA8	377	identical-default	ibm/IED/IEDQA8.asm	duplicate-same	tape
MVSSRC.SYM501.F04	sym5	FILE0004	IEDQA9	234	identical-default	ibm/IED/IEDQA9.asm	duplicate-same	tape
MVSSRC.SYM501.F04	sym5	FILE0004	IEDQAA	1319	identical-default	ibm/IED/IEDQAA.asm	duplicate-same	tape
MVSSRC.SYM501.F04	sym5	FILE0004	IEDQAB	100	identical-default	ibm/IED/IEDQAB.asm	duplicate-same	tape
MVSSRC.SYM501.F04	sym5	FILE0004	IEDQAC	266	identical-default	ibm/IED/IEDQAC.asm	duplicate-same	tape
MVSSRC.SYM501.F04	sym5	FILE0004	IEDQAD	172	identical-default	ibm/IED/IEDQAD.asm	duplicate-same	tape
MVSSRC.SYM501.F04	sym5	FILE0004	IEDQAE	327	identical-default	ibm/IED/IEDQAE.asm	duplicate-same	tape
MVSSRC.SYM501.F04	sym5	FILE0004	IEDQAF	588	identical-default	ibm/IED/IEDQAF.asm	duplicate-same	tape
MVSSRC.SYM501.F04	sym5	FILE0004	IEDQAG	195	identical-default	ibm/IED/IEDQAG.asm	duplicate-same	tape
MVSSRC.SYM501.F04	sym5	FILE0004	IEDQAH	263	identical-elsewhere	variants/tape/etc1102/IEDQAH.asm	conflict	tape
MVSSRC.SYM501.F04	sym5	FILE0004	IEDQAI	663	identical-elsewhere	variants/tape/sym5/IEDQAI.asm	conflict	tape
MVSSRC.SYM501.F04	sym5	FILE0004	IEDQAJ	522	identical-default	ibm/IED/IEDQAJ.asm	duplicate-same	tape
MVSSRC.SYM501.F04	sym5	FILE0004	IEDQAK	1083	identical-elsewhere	variants/tape/etc1102/IEDQAK.asm	conflict	tape
MVSSRC.SYM501.F04	sym5	FILE0004	IEDQAL	156	identical-elsewhere	variants/tape/etc1102/IEDQAL.asm	conflict	tape
MVSSRC.SYM501.F04	sym5	FILE0004	IEDQAM	382	identical-default	ibm/IED/IEDQAM.asm	duplicate-same	tape
MVSSRC.SYM501.F04	sym5	FILE0004	IEDQAN	1077	identical-default	ibm/IED/IEDQAN.asm	duplicate-same	tape
MVSSRC.SYM501.F04	sym5	FILE0004	IEDQAO	279	identical-default	ibm/IED/IEDQAO.asm	duplicate-same	tape
MVSSRC.SYM501.F04	sym5	FILE0004	IEDQAP	721	identical-default	ibm/IED/IEDQAP.asm	duplicate-same	tape
MVSSRC.SYM501.F04	sym5	FILE0004	IEDQAQ	220	identical-default	ibm/IED/IEDQAQ.asm	conflict	tape
MVSSRC.SYM501.F04	sym5	FILE0004	IEDQAR	123	identical-default	ibm/IED/IEDQAR.asm	duplicate-same	tape
MVSSRC.SYM501.F04	sym5	FILE0004	IEDQAS	930	identical-default	ibm/IED/IEDQAS.asm	duplicate-same	tape
MVSSRC.SYM501.F04	sym5	FILE0004	IEDQAT	476	identical-elsewhere	variants/tape/sym5/IEDQAT.asm	conflict	tape
MVSSRC.SYM501.F04	sym5	FILE0004	IEDQATTN	125	identical-default	ibm/IED/IEDQATTN.asm	duplicate-same	tape
MVSSRC.SYM501.F04	sym5	FILE0004	IEDQAU	640	identical-default	ibm/IED/IEDQAU.asm	conflict	tape
MVSSRC.SYM501.F04	sym5	FILE0004	IEDQAV	239	identical-default	ibm/IED/IEDQAV.asm	duplicate-same	tape
MVSSRC.SYM501.F04	sym5	FILE0004	IEDQAW	428	identical-default	ibm/IED/IEDQAW.asm	duplicate-same	tape
MVSSRC.SYM501.F04	sym5	FILE0004	IEDQAX	378	identical-default	ibm/IED/IEDQAX.asm	duplicate-same	tape
MVSSRC.SYM501.F04	sym5	FILE0004	IEDQAY	718	identical-default	ibm/IED/IEDQAY.asm	duplicate-same	tape
MVSSRC.SYM501.F04	sym5	FILE0004	IEDQAZ	622	identical-elsewhere	variants/tape/sym5/IEDQAZ.asm	conflict	tape
MVSSRC.SYM501.F04	sym5	FILE0004	IEDQB1	144	identical-default	ibm/IED/IEDQB1.asm	duplicate-same	tape
MVSSRC.SYM501.F04	sym5	FILE0004	IEDQB2	159	identical-default	ibm/IED/IEDQB2.asm	duplicate-same	tape
MVSSRC.SYM501.F04	sym5	FILE0004	IEDQB3	305	identical-default	ibm/IED/IEDQB3.asm	duplicate-same	tape
MVSSRC.SYM501.F04	sym5	FILE0004	IEDQB4	227	identical-elsewhere	variants/tape/etc1102/IEDQB4.asm	conflict	tape
MVSSRC.SYM501.F04	sym5	FILE0004	IEDQB7	231	identical-default	ibm/IED/IEDQB7.asm	duplicate-same	tape
MVSSRC.SYM501.F04	sym5	FILE0004	IEDQBA	451	identical-default	ibm/IED/IEDQBA.asm	duplicate-same	tape
MVSSRC.SYM501.F04	sym5	FILE0004	IEDQBB	116	identical-default	ibm/IED/IEDQBB.asm	duplicate-same	tape
MVSSRC.SYM501.F04	sym5	FILE0004	IEDQBC	238	identical-elsewhere	variants/tape/etc1102/IEDQBC.asm	conflict	tape
MVSSRC.SYM501.F04	sym5	FILE0004	IEDQBD	911	identical-default	ibm/IED/IEDQBD.asm	duplicate-same	tape
MVSSRC.SYM501.F04	sym5	FILE0004	IEDQBE	218	identical-default	ibm/IED/IEDQBE.asm	duplicate-same	tape
MVSSRC.SYM501.F04	sym5	FILE0004	IEDQBF	143	identical-elsewhere	variants/tape/sym5/IEDQBF.asm	conflict	tape
MVSSRC.SYM501.F04	sym5	FILE0004	IEDQBG	219	identical-elsewhere	variants/tape/sym5/IEDQBG.asm	conflict	tape
MVSSRC.SYM501.F04	sym5	FILE0004	IEDQBH	461	identical-elsewhere	variants/tape/etc1102/IEDQBH.asm	conflict	tape
MVSSRC.SYM501.F04	sym5	FILE0004	IEDQBI	1459	identical-elsewhere	variants/tape/sym5/IEDQBI.asm	conflict	tape
MVSSRC.SYM501.F04	sym5	FILE0004	IEDQBJ	210	identical-elsewhere	variants/tape/etc1102/IEDQBJ.asm	conflict	tape
MVSSRC.SYM501.F04	sym5	FILE0004	IEDQBL	575	identical-default	ibm/IED/IEDQBL.asm	duplicate-same	tape
MVSSRC.SYM501.F04	sym5	FILE0004	IEDQBM	626	identical-default	ibm/IED/IEDQBM.asm	duplicate-same	tape
MVSSRC.SYM501.F04	sym5	FILE0004	IEDQBN	333	identical-default	ibm/IED/IEDQBN.asm	duplicate-same	tape
MVSSRC.SYM501.F04	sym5	FILE0004	IEDQBO	1414	identical-elsewhere	variants/tape/sym5/IEDQBO.asm	conflict	tape
MVSSRC.SYM501.F04	sym5	FILE0004	IEDQBP	339	identical-default	ibm/IED/IEDQBP.asm	duplicate-same	tape
MVSSRC.SYM501.F04	sym5	FILE0004	IEDQBQ	792	identical-default	ibm/IED/IEDQBQ.asm	duplicate-same	tape
MVSSRC.SYM501.F04	sym5	FILE0004	IEDQBR	196	identical-default	ibm/IED/IEDQBR.asm	duplicate-same	tape
MVSSRC.SYM501.F04	sym5	FILE0004	IEDQBS	358	identical-default	ibm/IED/IEDQBS.asm	duplicate-same	tape
MVSSRC.SYM501.F04	sym5	FILE0004	IEDQBT	1211	identical-default	ibm/IED/IEDQBT.asm	conflict	tape
MVSSRC.SYM501.F04	sym5	FILE0004	IEDQBU	546	identical-elsewhere	variants/tape/etc1102/IEDQBU.asm	conflict	tape
MVSSRC.SYM501.F04	sym5	FILE0004	IEDQBUFF	313	identical-elsewhere	variants/tape/etc1102/IEDQBUFF.asm;variants/tape/sym5/IEDQBUFF.asm	conflict	tape
MVSSRC.SYM501.F04	sym5	FILE0004	IEDQBV	390	identical-default	ibm/IED/IEDQBV.asm	duplicate-same	tape
MVSSRC.SYM501.F04	sym5	FILE0004	IEDQBX	201	identical-default	ibm/IED/IEDQBX.asm	duplicate-same	tape
MVSSRC.SYM501.F04	sym5	FILE0004	IEDQBY	107	identical-default	ibm/IED/IEDQBY.asm	duplicate-same	tape
MVSSRC.SYM501.F04	sym5	FILE0004	IEDQBZ	341	identical-default	ibm/IED/IEDQBZ.asm	duplicate-same	tape
MVSSRC.SYM501.F04	sym5	FILE0004	IEDQCA	2525	identical-default	ibm/IED/IEDQCA.asm	duplicate-same	tape
MVSSRC.SYM501.F04	sym5	FILE0004	IEDQDA	147	identical-default	ibm/IED/IEDQDA.asm	duplicate-same	tape
MVSSRC.SYM501.F04	sym5	FILE0004	IEDQE1	149	identical-default	ibm/IED/IEDQE1.asm	duplicate-same	tape
MVSSRC.SYM501.F04	sym5	FILE0004	IEDQE2	146	identical-default	ibm/IED/IEDQE2.asm	duplicate-same	tape
MVSSRC.SYM501.F04	sym5	FILE0004	IEDQE3	133	identical-default	ibm/IED/IEDQE3.asm	duplicate-same	tape
MVSSRC.SYM501.F04	sym5	FILE0004	IEDQE4	136	identical-default	ibm/IED/IEDQE4.asm	duplicate-same	tape
MVSSRC.SYM501.F04	sym5	FILE0004	IEDQE6	96	identical-default	ibm/IED/IEDQE6.asm	duplicate-same	tape
MVSSRC.SYM501.F04	sym5	FILE0004	IEDQE8	259	identical-default	ibm/IED/IEDQE8.asm	duplicate-same	tape
MVSSRC.SYM501.F04	sym5	FILE0004	IEDQEB	2377	identical-default	ibm/IED/IEDQEB.asm	duplicate-same	tape
MVSSRC.SYM501.F04	sym5	FILE0004	IEDQEC	1152	identical-elsewhere	variants/tape/sym5/IEDQEC.asm	conflict	tape
MVSSRC.SYM501.F04	sym5	FILE0004	IEDQES	209	identical-default	ibm/IED/IEDQES.asm	duplicate-same	tape
MVSSRC.SYM501.F04	sym5	FILE0004	IEDQET	196	identical-default	ibm/IED/IEDQET.asm	duplicate-same	tape
MVSSRC.SYM501.F04	sym5	FILE0004	IEDQEU	1701	identical-elsewhere	variants/tape/sym5/IEDQEU.asm	conflict	tape
MVSSRC.SYM501.F04	sym5	FILE0004	IEDQEW	2186	identical-elsewhere	variants/tape/sym5/IEDQEW.asm	conflict	tape
MVSSRC.SYM501.F04	sym5	FILE0004	IEDQFA	4	identical-default	ibm/IED/IEDQFA.asm	duplicate-same	tape
MVSSRC.SYM501.F04	sym5	FILE0004	IEDQFA1	4	identical-default	ibm/IED/IEDQFA1.asm	duplicate-same	tape
MVSSRC.SYM501.F04	sym5	FILE0004	IEDQFA2	4	identical-default	ibm/IED/IEDQFA2.asm	duplicate-same	tape
MVSSRC.SYM501.F04	sym5	FILE0004	IEDQFE	116	identical-default	ibm/IED/IEDQFE.asm	duplicate-same	tape
MVSSRC.SYM501.F04	sym5	FILE0004	IEDQFE10	275	identical-elsewhere	variants/tape/sym5/IEDQFE10.asm	conflict	tape
MVSSRC.SYM501.F04	sym5	FILE0004	IEDQFE20	265	identical-elsewhere	variants/tape/sym5/IEDQFE20.asm	conflict	tape
MVSSRC.SYM501.F04	sym5	FILE0004	IEDQFE30	542	identical-elsewhere	variants/tape/sym5/IEDQFE30.asm	conflict	tape
MVSSRC.SYM501.F04	sym5	FILE0004	IEDQFM	3835	identical-default	ibm/IED/IEDQFM.asm	duplicate-same	tape
MVSSRC.SYM501.F04	sym5	FILE0004	IEDQFSC	403	identical-default	ibm/IED/IEDQFSC.asm	conflict	tape
MVSSRC.SYM501.F04	sym5	FILE0004	IEDQFW	785	identical-default	ibm/IED/IEDQFW.asm	duplicate-same	tape
MVSSRC.SYM501.F04	sym5	FILE0004	IEDQGA	1551	identical-elsewhere	variants/tape/sym5/IEDQGA.asm	conflict	tape
MVSSRC.SYM501.F04	sym5	FILE0004	IEDQGH	1291	identical-default	ibm/IED/IEDQGH.asm	duplicate-same	tape
MVSSRC.SYM501.F04	sym5	FILE0004	IEDQGP	484	identical-default	ibm/IED/IEDQGP.asm	duplicate-same	tape
MVSSRC.SYM501.F04	sym5	FILE0004	IEDQGQ	825	identical-default	ibm/IED/IEDQGQ.asm	conflict	tape
MVSSRC.SYM501.F04	sym5	FILE0004	IEDQGR	149	identical-default	ibm/IED/IEDQGR.asm	duplicate-same	tape
MVSSRC.SYM501.F04	sym5	FILE0004	IEDQGT	775	identical-elsewhere	variants/tape/sym5/IEDQGT.asm	conflict	tape
MVSSRC.SYM501.F04	sym5	FILE0004	IEDQHG	772	identical-default	ibm/IED/IEDQHG.asm	duplicate-same	tape
MVSSRC.SYM501.F04	sym5	FILE0004	IEDQHI	506	identical-default	ibm/IED/IEDQHI.asm	duplicate-same	tape
MVSSRC.SYM501.F05	sym5	FILE0005	IEDQHK	972	identical-elsewhere	variants/tape/sym5/IEDQHK.asm	conflict	tape
MVSSRC.SYM501.F05	sym5	FILE0005	IEDQHM	4	identical-default	ibm/IED/IEDQHM.asm	duplicate-same	tape
MVSSRC.SYM501.F05	sym5	FILE0005	IEDQHM1	4	identical-default	ibm/IED/IEDQHM1.asm	duplicate-same	tape
MVSSRC.SYM501.F05	sym5	FILE0005	IEDQHM2	4	identical-default	ibm/IED/IEDQHM2.asm	duplicate-same	tape
MVSSRC.SYM501.F05	sym5	FILE0005	IEDQIN	1647	identical-default	ibm/IED/IEDQIN.asm	duplicate-same	tape
MVSSRC.SYM501.F05	sym5	FILE0005	IEDQKA	4	identical-default	ibm/IED/IEDQKA.asm	duplicate-same	tape
MVSSRC.SYM501.F05	sym5	FILE0005	IEDQKB	4	identical-default	ibm/IED/IEDQKB.asm	duplicate-same	tape
MVSSRC.SYM501.F05	sym5	FILE0005	IEDQKC	4	identical-default	ibm/IED/IEDQKC.asm	duplicate-same	tape
MVSSRC.SYM501.F05	sym5	FILE0005	IEDQKD	4	identical-default	ibm/IED/IEDQKD.asm	duplicate-same	tape
MVSSRC.SYM501.F05	sym5	FILE0005	IEDQKE	4	identical-default	ibm/IED/IEDQKE.asm	duplicate-same	tape
MVSSRC.SYM501.F05	sym5	FILE0005	IEDQNA	144	identical-default	ibm/IED/IEDQNA.asm	duplicate-same	tape
MVSSRC.SYM501.F05	sym5	FILE0005	IEDQNA2	337	identical-elsewhere	variants/tape/sym5/IEDQNA2.asm	conflict	tape
MVSSRC.SYM501.F05	sym5	FILE0005	IEDQNB	357	identical-default	ibm/IED/IEDQNB.asm	duplicate-same	tape
MVSSRC.SYM501.F05	sym5	FILE0005	IEDQND	1087	identical-default	ibm/IED/IEDQND.asm	duplicate-same	tape
MVSSRC.SYM501.F05	sym5	FILE0005	IEDQNF	683	identical-default	ibm/IED/IEDQNF.asm	duplicate-same	tape
MVSSRC.SYM501.F05	sym5	FILE0005	IEDQNG	212	identical-default	ibm/IED/IEDQNG.asm	duplicate-same	tape
MVSSRC.SYM501.F05	sym5	FILE0005	IEDQNH	256	identical-default	ibm/IED/IEDQNH.asm	duplicate-same	tape
MVSSRC.SYM501.F05	sym5	FILE0005	IEDQNJ	431	identical-elsewhere	variants/tape/sym5/IEDQNJ.asm	conflict	tape
MVSSRC.SYM501.F05	sym5	FILE0005	IEDQNK	775	identical-default	ibm/IED/IEDQNK.asm	duplicate-same	tape
MVSSRC.SYM501.F05	sym5	FILE0005	IEDQNM	341	identical-elsewhere	variants/tape/etc1102/IEDQNM.asm	conflict	tape
MVSSRC.SYM501.F05	sym5	FILE0005	IEDQNO	223	identical-elsewhere	variants/tape/etc1102/IEDQNO.asm	conflict	tape
MVSSRC.SYM501.F05	sym5	FILE0005	IEDQNP	399	identical-default	ibm/IED/IEDQNP.asm	duplicate-same	tape
MVSSRC.SYM501.F05	sym5	FILE0005	IEDQNQ	504	identical-elsewhere	variants/tape/etc1102/IEDQNQ.asm	conflict	tape
MVSSRC.SYM501.F05	sym5	FILE0005	IEDQNR	155	identical-default	ibm/IED/IEDQNR.asm	duplicate-same	tape
MVSSRC.SYM501.F05	sym5	FILE0005	IEDQNS	217	identical-elsewhere	variants/tape/etc1102/IEDQNS.asm;variants/tape/sym5/IEDQNS.asm	conflict	tape
MVSSRC.SYM501.F05	sym5	FILE0005	IEDQNT	2184	identical-default	ibm/IED/IEDQNT.asm	duplicate-same	tape
MVSSRC.SYM501.F05	sym5	FILE0005	IEDQNU	3372	identical-default	ibm/IED/IEDQNU.asm	duplicate-same	tape
MVSSRC.SYM501.F05	sym5	FILE0005	IEDQNV	2336	identical-default	ibm/IED/IEDQNV.asm	duplicate-same	tape
MVSSRC.SYM501.F05	sym5	FILE0005	IEDQNW	840	identical-default	ibm/IED/IEDQNW.asm	duplicate-same	tape
MVSSRC.SYM501.F05	sym5	FILE0005	IEDQNX	888	identical-default	ibm/IED/IEDQNX.asm	duplicate-same	tape
MVSSRC.SYM501.F05	sym5	FILE0005	IEDQOA	2715	identical-default	ibm/IED/IEDQOA.asm	duplicate-same	tape
MVSSRC.SYM501.F05	sym5	FILE0005	IEDQOB	1864	identical-default	ibm/IED/IEDQOB.asm	duplicate-same	tape
MVSSRC.SYM501.F05	sym5	FILE0005	IEDQOT01	564	identical-elsewhere	variants/tape/sym5/IEDQOT01.asm	conflict	tape
MVSSRC.SYM501.F05	sym5	FILE0005	IEDQRS	2777	identical-default	ibm/IED/IEDQRS.asm	duplicate-same	tape
MVSSRC.SYM501.F05	sym5	FILE0005	IEDQSBT	621	identical-default	ibm/IED/IEDQSBT.asm	duplicate-same	tape
MVSSRC.SYM501.F05	sym5	FILE0005	IEDQTL	169	identical-default	ibm/IED/IEDQTL.asm	duplicate-same	tape
MVSSRC.SYM501.F05	sym5	FILE0005	IEDQUI	237	identical-default	ibm/IED/IEDQUI.asm	duplicate-same	tape
MVSSRC.SYM501.F05	sym5	FILE0005	IEDQW25	3182	identical-elsewhere	variants/tape/sym5/IEDQW25.asm	conflict	tape
MVSSRC.SYM501.F05	sym5	FILE0005	IEDQW33	3648	identical-default	ibm/IED/IEDQW33.asm	duplicate-same	tape
MVSSRC.SYM501.F05	sym5	FILE0005	IEDQW42	435	identical-default	ibm/IED/IEDQW42.asm	duplicate-same	tape
MVSSRC.SYM501.F05	sym5	FILE0005	IEDQW44	498	identical-default	ibm/IED/IEDQW44.asm	duplicate-same	tape
MVSSRC.SYM501.F05	sym5	FILE0005	IEDQW47	497	identical-default	ibm/IED/IEDQW47.asm	duplicate-same	tape
MVSSRC.SYM501.F05	sym5	FILE0005	IEDQWA	1385	identical-default	ibm/IED/IEDQWA.asm	duplicate-same	tape
MVSSRC.SYM501.F05	sym5	FILE0005	IEDQWA1	4910	identical-elsewhere	variants/tape/sym5/IEDQWA1.asm	conflict	tape
MVSSRC.SYM501.F05	sym5	FILE0005	IEDQWAA	220	identical-default	ibm/IED/IEDQWAA.asm	duplicate-same	tape
MVSSRC.SYM501.F05	sym5	FILE0005	IEDQWAB	176	identical-default	ibm/IED/IEDQWAB.asm	duplicate-same	tape
MVSSRC.SYM501.F05	sym5	FILE0005	IEDQWAC	1046	identical-default	ibm/IED/IEDQWAC.asm	duplicate-same	tape
MVSSRC.SYM501.F05	sym5	FILE0005	IEDQWAJ	835	identical-default	ibm/IED/IEDQWAJ.asm	duplicate-same	tape
MVSSRC.SYM501.F05	sym5	FILE0005	IEDQWB	1584	identical-default	ibm/IED/IEDQWB.asm	duplicate-same	tape
MVSSRC.SYM501.F05	sym5	FILE0005	IEDQWB1	756	identical-default	ibm/IED/IEDQWB1.asm	conflict	tape
MVSSRC.SYM501.F05	sym5	FILE0005	IEDQWB2	1077	identical-elsewhere	variants/tape/sym5/IEDQWB2.asm	conflict	tape
MVSSRC.SYM501.F05	sym5	FILE0005	IEDQWC	1440	identical-default	ibm/IED/IEDQWC.asm	duplicate-same	tape
MVSSRC.SYM501.F05	sym5	FILE0005	IEDQWC1	1315	identical-default	ibm/IED/IEDQWC1.asm	duplicate-same	tape
MVSSRC.SYM501.F05	sym5	FILE0005	IEDQWC2	1035	identical-default	ibm/IED/IEDQWC2.asm	duplicate-same	tape
MVSSRC.SYM501.F05	sym5	FILE0005	IEDQWD	1255	identical-default	ibm/IED/IEDQWD.asm	duplicate-same	tape
MVSSRC.SYM501.F05	sym5	FILE0005	IEDQWE	1247	identical-default	ibm/IED/IEDQWE.asm	duplicate-same	tape
MVSSRC.SYM501.F05	sym5	FILE0005	IEDQWE2	1398	identical-elsewhere	variants/tape/sym5/IEDQWE2.asm	conflict	tape
MVSSRC.SYM501.F05	sym5	FILE0005	IEDQWEC	371	identical-default	ibm/IED/IEDQWEC.asm	duplicate-same	tape
MVSSRC.SYM501.F05	sym5	FILE0005	IEDQWF	146	identical-default	ibm/IED/IEDQWF.asm	conflict	tape
MVSSRC.SYM501.F05	sym5	FILE0005	IEDQWF1	1073	identical-default	ibm/IED/IEDQWF1.asm	duplicate-same	tape
MVSSRC.SYM501.F05	sym5	FILE0005	IEDQWH	356	identical-default	ibm/IED/IEDQWH.asm	duplicate-same	tape
MVSSRC.SYM501.F05	sym5	FILE0005	IEDQWI	437	identical-default	ibm/IED/IEDQWI.asm	duplicate-same	tape
MVSSRC.SYM501.F05	sym5	FILE0005	IEDQWI5U	341	identical-default	ibm/IED/IEDQWI5U.asm	duplicate-same	tape
MVSSRC.SYM501.F05	sym5	FILE0005	IEDQWI7	201	identical-default	ibm/IED/IEDQWI7.asm	duplicate-same	tape
MVSSRC.SYM501.F05	sym5	FILE0005	IEDQWI8	407	identical-default	ibm/IED/IEDQWI8.asm	unique	tape
MVSSRC.SYM501.F05	sym5	FILE0005	IEDQWI9	893	identical-default	ibm/IED/IEDQWI9.asm	conflict	tape
MVSSRC.SYM501.F05	sym5	FILE0005	IEDQWIA	824	identical-default	ibm/IED/IEDQWIA.asm	conflict	tape
MVSSRC.SYM501.F05	sym5	FILE0005	IEDQWID	504	identical-default	ibm/IED/IEDQWID.asm	duplicate-same	tape
MVSSRC.SYM501.F05	sym5	FILE0005	IEDQWIE	1139	identical-default	ibm/IED/IEDQWIE.asm	duplicate-same	tape
MVSSRC.SYM501.F05	sym5	FILE0005	IEDQWJ	1281	identical-default	ibm/IED/IEDQWJ.asm	unique	tape
MVSSRC.SYM501.F05	sym5	FILE0005	IEDQWJ1	1062	identical-default	ibm/IED/IEDQWJ1.asm	duplicate-same	tape
MVSSRC.SYM501.F05	sym5	FILE0005	IEDQWJ2	1238	identical-default	ibm/IED/IEDQWJ2.asm	unique	tape
MVSSRC.SYM501.F05	sym5	FILE0005	IEDQWK	505	identical-default	ibm/IED/IEDQWK.asm	duplicate-same	tape
MVSSRC.SYM501.F05	sym5	FILE0005	IEDQWL	403	identical-default	ibm/IED/IEDQWL.asm	duplicate-same	tape
MVSSRC.SYM501.F05	sym5	FILE0005	IEDQWL1	383	identical-default	ibm/IED/IEDQWL1.asm	duplicate-same	tape
MVSSRC.SYM501.F05	sym5	FILE0005	IEDQWL2	312	identical-default	ibm/IED/IEDQWL2.asm	duplicate-same	tape
MVSSRC.SYM501.F05	sym5	FILE0005	IEDQWL3	496	identical-default	ibm/IED/IEDQWL3.asm	unique	tape
MVSSRC.SYM501.F05	sym5	FILE0005	IEDQWM2	520	identical-default	ibm/IED/IEDQWM2.asm	duplicate-same	tape
MVSSRC.SYM501.F05	sym5	FILE0005	IEDQWN	1561	identical-default	ibm/IED/IEDQWN.asm	duplicate-same	tape
MVSSRC.SYM501.F05	sym5	FILE0005	IEDQWO	4251	identical-elsewhere	variants/tape/sym5/IEDQWO.asm	conflict	tape
MVSSRC.SYM501.F05	sym5	FILE0005	IEDQWP	628	identical-default	ibm/IED/IEDQWP.asm	duplicate-same	tape
MVSSRC.SYM501.F05	sym5	FILE0005	IEDQWP1	549	identical-default	ibm/IED/IEDQWP1.asm	duplicate-same	tape
MVSSRC.SYM501.F05	sym5	FILE0005	IEDQWP2	539	identical-default	ibm/IED/IEDQWP2.asm	duplicate-same	tape
MVSSRC.SYM501.F05	sym5	FILE0005	IEDQWQ	704	identical-default	ibm/IED/IEDQWQ.asm	duplicate-same	tape
MVSSRC.SYM501.F05	sym5	FILE0005	IEDQWR	592	identical-default	ibm/IED/IEDQWR.asm	duplicate-same	tape
MVSSRC.SYM501.F05	sym5	FILE0005	IEDQWS	1078	identical-default	ibm/IED/IEDQWS.asm	duplicate-same	tape
MVSSRC.SYM501.F05	sym5	FILE0005	IEDQWX	291	identical-default	ibm/IED/IEDQWX.asm	duplicate-same	tape
MVSSRC.SYM501.F05	sym5	FILE0005	IEDQWY	460	identical-default	ibm/IED/IEDQWY.asm	duplicate-same	tape
MVSSRC.SYM501.F06	sym5	FILE0006	IED1303D	231	identical-default	ibm/IED/IED1303D.asm	duplicate-same	tape
MVSSRC.SYM501.F06	sym5	FILE0006	IEDQ10	41	identical-default	ibm/IED/IEDQ10.asm	duplicate-same	tape
MVSSRC.SYM501.F06	sym5	FILE0006	IEDQ11	41	identical-default	ibm/IED/IEDQ11.asm	duplicate-same	tape
MVSSRC.SYM501.F06	sym5	FILE0006	IEDQ12	41	identical-default	ibm/IED/IEDQ12.asm	duplicate-same	tape
MVSSRC.SYM501.F06	sym5	FILE0006	IEDQ13	41	identical-default	ibm/IED/IEDQ13.asm	duplicate-same	tape
MVSSRC.SYM501.F06	sym5	FILE0006	IEDQ14	44	identical-default	ibm/IED/IEDQ14.asm	duplicate-same	tape
MVSSRC.SYM501.F06	sym5	FILE0006	IEDQ16	41	identical-default	ibm/IED/IEDQ16.asm	duplicate-same	tape
MVSSRC.SYM501.F06	sym5	FILE0006	IEDQ17	41	identical-default	ibm/IED/IEDQ17.asm	duplicate-same	tape
MVSSRC.SYM501.F06	sym5	FILE0006	IEDQ18	41	identical-default	ibm/IED/IEDQ18.asm	duplicate-same	tape
MVSSRC.SYM501.F06	sym5	FILE0006	IEDQ19	41	identical-default	ibm/IED/IEDQ19.asm	duplicate-same	tape
MVSSRC.SYM501.F06	sym5	FILE0006	IEDQ20	58	identical-default	ibm/IED/IEDQ20.asm	duplicate-same	tape
MVSSRC.SYM501.F06	sym5	FILE0006	IEDQ21	41	identical-default	ibm/IED/IEDQ21.asm	duplicate-same	tape
MVSSRC.SYM501.F06	sym5	FILE0006	IEDQ22	41	identical-default	ibm/IED/IEDQ22.asm	duplicate-same	tape
MVSSRC.SYM501.F06	sym5	FILE0006	IEDQ23	41	identical-default	ibm/IED/IEDQ23.asm	duplicate-same	tape
MVSSRC.SYM501.F06	sym5	FILE0006	IEDQ24	41	identical-default	ibm/IED/IEDQ24.asm	duplicate-same	tape
MVSSRC.SYM501.F06	sym5	FILE0006	IEDQ25	6	identical-default	ibm/IED/IEDQ25.asm	duplicate-same	tape
MVSSRC.SYM501.F06	sym5	FILE0006	IEDQ26	40	identical-default	ibm/IED/IEDQ26.asm	duplicate-same	tape
MVSSRC.SYM501.F06	sym5	FILE0006	IEDQ27	41	identical-default	ibm/IED/IEDQ27.asm	duplicate-same	tape
MVSSRC.SYM501.F06	sym5	FILE0006	IEDQ28	40	identical-default	ibm/IED/IEDQ28.asm	duplicate-same	tape
MVSSRC.SYM501.F06	sym5	FILE0006	IEDQXA	1129	identical-default	ibm/IED/IEDQXA.asm	duplicate-same	tape
MVSSRC.SYM501.F06	sym5	FILE0006	IEDQXB	2725	identical-default	ibm/IED/IEDQXB.asm	unique	tape
MVSSRC.SYM501.F06	sym5	FILE0006	IEDQXC	1362	identical-elsewhere	variants/tape/sym5/IEDQXC.asm	conflict	tape
MVSSRC.SYM501.F06	sym5	FILE0006	IEDRQIN	4077	identical-default	ibm/IED/IEDRQIN.asm	unique	tape
MVSSRC.SYM501.F06	sym5	FILE0006	IEDRSPIN	2601	identical-default	ibm/IED/IEDRSPIN.asm	unique	tape
MVSSRC.SYM501.F06	sym5	FILE0006	IEDSAC	3992	identical-default	ibm/IED/IEDSAC.asm	unique	tape
MVSSRC.SYM501.F06	sym5	FILE0006	IEDSAI	2840	identical-default	ibm/IED/IEDSAI.asm	unique	tape
MVSSRC.SYM501.F06	sym5	FILE0006	IEDSAO	2002	identical-elsewhere	variants/tape/sym5/IEDSAO.asm	conflict	tape
MVSSRC.SYM501.F06	sym5	FILE0006	IEDSARI	4067	identical-default	ibm/IED/IEDSARI.asm	unique	tape
MVSSRC.SYM501.F06	sym5	FILE0006	IEDSCLU	3499	identical-default	ibm/IED/IEDSCLU.asm	unique	tape
MVSSRC.SYM501.F06	sym5	FILE0006	IEDSCPDS	1492	identical-default	ibm/IED/IEDSCPDS.asm	unique	tape
MVSSRC.SYM501.F06	sym5	FILE0006	IEDSCPRP	1674	identical-default	ibm/IED/IEDSCPRP.asm	unique	tape
MVSSRC.SYM501.F06	sym5	FILE0006	IEDSCPRQ	2046	identical-default	ibm/IED/IEDSCPRQ.asm	unique	tape
MVSSRC.SYM501.F06	sym5	FILE0006	IEDSCPSS	1589	identical-default	ibm/IED/IEDSCPSS.asm	unique	tape
MVSSRC.SYM501.F06	sym5	FILE0006	IEDSNS	1025	identical-default	ibm/IED/IEDSNS.asm	duplicate-same	tape
MVSSRC.SYM501.F06	sym5	FILE0006	IEDTEDIT	735	identical-default	ibm/IED/IEDTEDIT.asm	unique	tape
MVSSRC.SYM501.F06	sym5	FILE0006	IEDUNBND	1645	identical-default	ibm/IED/IEDUNBND.asm	duplicate-same	tape
MVSSRC.SYM501.F06	sym5	FILE0006	IEDUSSTB	2	identical-elsewhere	variants/tape/etc1102/IEDUSSTB.asm	conflict	tape
MVSSRC.SYM501.F06	sym5	FILE0006	IEDXFMI	508	identical-elsewhere	variants/tape/sym5/IEDXFMI.asm	conflict	tape
MVSSRC.SYM501.F06	sym5	FILE0006	IEDXFMO	1727	identical-default	ibm/IED/IEDXFMO.asm	unique	tape
MVSSRC.SYM501.F06	sym5	FILE0006	IEDXTREQ	732	identical-default	ibm/IED/IEDXTREQ.asm	unique	tape
MVSSRC.SYM501.F06	sym5	FILE0006	IGCA010D	1456	identical-default	ibm/IGC/IGCA010D.asm	unique	tape
MVSSRC.SYM501.F06	sym5	FILE0006	IGCA110D	2068	identical-default	ibm/IGC/IGCA110D.asm	unique	tape
MVSSRC.SYM501.F06	sym5	FILE0006	IGCA210D	1950	identical-default	ibm/IGC/IGCA210D.asm	unique	tape
MVSSRC.SYM501.F06	sym5	FILE0006	IGCA310D	2251	identical-default	ibm/IGC/IGCA310D.asm	unique	tape
MVSSRC.SYM501.F06	sym5	FILE0006	IGCA410D	1429	identical-default	ibm/IGC/IGCA410D.asm	unique	tape
MVSSRC.SYM501.F06	sym5	FILE0006	IGCA510D	1845	identical-default	ibm/IGC/IGCA510D.asm	unique	tape
MVSSRC.SYM501.F06	sym5	FILE0006	IGCA610D	1796	identical-default	ibm/IGC/IGCA610D.asm	unique	tape
MVSSRC.SYM501.F06	sym5	FILE0006	IGCA710D	1316	identical-default	ibm/IGC/IGCA710D.asm	unique	tape
MVSSRC.SYM501.F06	sym5	FILE0006	IGCA810D	1303	identical-elsewhere	variants/tape/sym5/IGCA810D.asm	conflict	tape
MVSSRC.SYM501.F06	sym5	FILE0006	IGCA910D	1656	identical-default	ibm/IGC/IGCA910D.asm	unique	tape
MVSSRC.SYM501.F06	sym5	FILE0006	IGCAA10D	1740	identical-default	ibm/IGC/IGCAA10D.asm	unique	tape
MVSSRC.SYM501.F06	sym5	FILE0006	IGCAB10D	1319	identical-default	ibm/IGC/IGCAB10D.asm	unique	tape
MVSSRC.SYM501.F06	sym5	FILE0006	IGCAC10D	1346	identical-default	ibm/IGC/IGCAC10D.asm	unique	tape
MVSSRC.SYM501.F06	sym5	FILE0006	IGCAD10D	1611	identical-default	ibm/IGC/IGCAD10D.asm	unique	tape
MVSSRC.SYM501.F06	sym5	FILE0006	IGCAE10D	1237	identical-default	ibm/IGC/IGCAE10D.asm	unique	tape
MVSSRC.SYM501.F06	sym5	FILE0006	IGCAF10D	1116	identical-default	ibm/IGC/IGCAF10D.asm	unique	tape
MVSSRC.SYM501.F06	sym5	FILE0006	IGCAG10D	1211	identical-default	ibm/IGC/IGCAG10D.asm	unique	tape
MVSSRC.SYM501.F06	sym5	FILE0006	IGCAL10D	1207	identical-default	ibm/IGC/IGCAL10D.asm	unique	tape
MVSSRC.SYM501.F06	sym5	FILE0006	IGCAT10D	2297	identical-default	ibm/IGC/IGCAT10D.asm	unique	tape
MVSSRC.SYM501.F06	sym5	FILE0006	IGCC010D	1410	identical-default	ibm/IGC/IGCC010D.asm	unique	tape
MVSSRC.SYM501.F06	sym5	FILE0006	IGCC110D	3716	identical-default	ibm/IGC/IGCC110D.asm	unique	tape
MVSSRC.SYM501.F06	sym5	FILE0006	IGCDB10D	1646	identical-default	ibm/IGC/IGCDB10D.asm	unique	tape
MVSSRC.SYM501.F07	sym5	FILE0007	IGCD010D	501	identical-default	ibm/IGC/IGCD010D.asm	unique	tape
MVSSRC.SYM501.F07	sym5	FILE0007	IGCD110D	328	identical-default	ibm/IGC/IGCD110D.asm	duplicate-same	tape
MVSSRC.SYM501.F07	sym5	FILE0007	IGCD210D	378	identical-default	ibm/IGC/IGCD210D.asm	unique	tape
MVSSRC.SYM501.F07	sym5	FILE0007	IGCD310D	848	identical-default	ibm/IGC/IGCD310D.asm	unique	tape
MVSSRC.SYM501.F07	sym5	FILE0007	IGCD410D	254	identical-default	ibm/IGC/IGCD410D.asm	unique	tape
MVSSRC.SYM501.F07	sym5	FILE0007	IGCD510D	448	identical-default	ibm/IGC/IGCD510D.asm	unique	tape
MVSSRC.SYM501.F07	sym5	FILE0007	IGCD610D	438	identical-default	ibm/IGC/IGCD610D.asm	unique	tape
MVSSRC.SYM501.F07	sym5	FILE0007	IGCD710D	258	identical-elsewhere	variants/tape/etc1102/IGCD710D.asm	conflict	tape
MVSSRC.SYM501.F07	sym5	FILE0007	IGCD810D	448	identical-elsewhere	variants/tape/sym5/IGCD810D.asm	conflict	tape
MVSSRC.SYM501.F07	sym5	FILE0007	IGCD910D	569	identical-default	ibm/IGC/IGCD910D.asm	unique	tape
MVSSRC.SYM501.F07	sym5	FILE0007	IGCDC10D	1799	identical-elsewhere	variants/tape/sym5/IGCDC10D.asm	conflict	tape
MVSSRC.SYM501.F07	sym5	FILE0007	IGCDD10D	2171	identical-default	ibm/IGC/IGCDD10D.asm	unique	tape
MVSSRC.SYM501.F07	sym5	FILE0007	IGCDL10D	1663	identical-default	ibm/IGC/IGCDL10D.asm	unique	tape
MVSSRC.SYM501.F07	sym5	FILE0007	IGCFA10D	2458	identical-default	ibm/IGC/IGCFA10D.asm	unique	tape
MVSSRC.SYM501.F07	sym5	FILE0007	IGCFB10D	3367	identical-default	ibm/IGC/IGCFB10D.asm	unique	tape
MVSSRC.SYM501.F07	sym5	FILE0007	IGCFC10D	1651	identical-default	ibm/IGC/IGCFC10D.asm	unique	tape
MVSSRC.SYM501.F07	sym5	FILE0007	IGCFD10D	1961	identical-default	ibm/IGC/IGCFD10D.asm	unique	tape
MVSSRC.SYM501.F07	sym5	FILE0007	IGCFE10D	2684	identical-default	ibm/IGC/IGCFE10D.asm	unique	tape
MVSSRC.SYM501.F07	sym5	FILE0007	IGCFF10D	2350	identical-elsewhere	variants/tape/sym5/IGCFF10D.asm	conflict	tape
MVSSRC.SYM501.F07	sym5	FILE0007	IGCFG10D	1860	identical-default	ibm/IGC/IGCFG10D.asm	unique	tape
MVSSRC.SYM501.F07	sym5	FILE0007	IGCFH10D	3322	identical-default	ibm/IGC/IGCFH10D.asm	unique	tape
MVSSRC.SYM501.F07	sym5	FILE0007	IGCFI10D	3264	identical-default	ibm/IGC/IGCFI10D.asm	unique	tape
MVSSRC.SYM501.F07	sym5	FILE0007	IGCFJ10D	2609	identical-default	ibm/IGC/IGCFJ10D.asm	unique	tape
MVSSRC.SYM501.F07	sym5	FILE0007	IGCFK10D	1074	identical-elsewhere	variants/tape/sym5/IGCFK10D.asm	conflict	tape
MVSSRC.SYM501.F07	sym5	FILE0007	IGCFL10D	2324	identical-default	ibm/IGC/IGCFL10D.asm	unique	tape
MVSSRC.SYM501.F07	sym5	FILE0007	IGCFP10D	2216	identical-default	ibm/IGC/IGCFP10D.asm	unique	tape
MVSSRC.SYM501.F07	sym5	FILE0007	IGCFQ10D	2545	identical-elsewhere	variants/tape/etc1102/IGCFQ10D.asm	conflict	tape
MVSSRC.SYM501.F07	sym5	FILE0007	IGCH010D	2832	identical-default	ibm/IGC/IGCH010D.asm	unique	tape
MVSSRC.SYM501.F07	sym5	FILE0007	IGCI010D	745	identical-elsewhere	variants/tape/sym5/IGCI010D.asm	conflict	tape
MVSSRC.SYM501.F07	sym5	FILE0007	IGCI110D	484	identical-default	ibm/IGC/IGCI110D.asm	duplicate-same	tape
MVSSRC.SYM501.F07	sym5	FILE0007	IGCI210D	2090	identical-elsewhere	variants/tape/etc1102/IGCI210D.asm	conflict	tape
MVSSRC.SYM501.F07	sym5	FILE0007	IGCI310D	1723	identical-elsewhere	variants/tape/etc1102/IGCI310D.asm	conflict	tape
MVSSRC.SYM501.F07	sym5	FILE0007	IGCMA10D	489	identical-default	ibm/IGC/IGCMA10D.asm	duplicate-same	tape
MVSSRC.SYM501.F07	sym5	FILE0007	IGCMB10D	796	identical-default	ibm/IGC/IGCMB10D.asm	unique	tape
MVSSRC.SYM501.F07	sym5	FILE0007	IGCMD10D	755	identical-elsewhere	variants/tape/etc1102/IGCMD10D.asm;variants/tape/sym5/IGCMD10D.asm	conflict	tape
MVSSRC.SYM501.F07	sym5	FILE0007	IGCME10D	803	identical-elsewhere	variants/tape/etc1102/IGCME10D.asm;variants/tape/sym5/IGCME10D.asm	conflict	tape
MVSSRC.SYM501.F07	sym5	FILE0007	IGCMF10D	874	identical-default	ibm/IGC/IGCMF10D.asm	duplicate-same	tape
MVSSRC.SYM501.F07	sym5	FILE0007	IGCMG10D	856	identical-default	ibm/IGC/IGCMG10D.asm	unique	tape
MVSSRC.SYM501.F07	sym5	FILE0007	IGCMH10D	2711	identical-default	ibm/IGC/IGCMH10D.asm	unique	tape
MVSSRC.SYM501.F07	sym5	FILE0007	IGCMI10D	2485	identical-default	ibm/IGC/IGCMI10D.asm	unique	tape
MVSSRC.SYM501.F07	sym5	FILE0007	IGCMK10D	1537	identical-default	ibm/IGC/IGCMK10D.asm	unique	tape
MVSSRC.SYM501.F07	sym5	FILE0007	IGCML10D	1914	identical-default	ibm/IGC/IGCML10D.asm	unique	tape
MVSSRC.SYM501.F07	sym5	FILE0007	IGCMM10D	481	identical-default	ibm/IGC/IGCMM10D.asm	unique	tape
MVSSRC.SYM501.F07	sym5	FILE0007	IGCMN10D	2154	identical-default	ibm/IGC/IGCMN10D.asm	unique	tape
MVSSRC.SYM501.F07	sym5	FILE0007	IGCMP10D	2426	identical-elsewhere	variants/tape/sym5/IGCMP10D.asm	conflict	tape
MVSSRC.SYM501.F07	sym5	FILE0007	IGCMR10D	1584	identical-elsewhere	variants/tape/etc1102/IGCMR10D.asm	conflict	tape
MVSSRC.SYM501.F07	sym5	FILE0007	IGCMS10D	2054	identical-default	ibm/IGC/IGCMS10D.asm	unique	tape
MVSSRC.SYM501.F07	sym5	FILE0007	IGCMT10D	2264	identical-default	ibm/IGC/IGCMT10D.asm	unique	tape
MVSSRC.SYM501.F07	sym5	FILE0007	IGCMU10D	1531	identical-elsewhere	variants/tape/etc1102/IGCMU10D.asm	conflict	tape
MVSSRC.SYM501.F08	sym5	FILE0008	IGC0010D	829	identical-default	ibm/IGC/IGC0010D.asm	unique	tape
MVSSRC.SYM501.F08	sym5	FILE0008	IGC0110D	625	identical-elsewhere	variants/tape/sym5/IGC0110D.asm	conflict	tape
MVSSRC.SYM501.F08	sym5	FILE0008	IGC0210D	3022	identical-default	ibm/IGC/IGC0210D.asm	unique	tape
MVSSRC.SYM501.F08	sym5	FILE0008	IGC0310D	383	identical-default	ibm/IGC/IGC0310D.asm	duplicate-same	tape
MVSSRC.SYM501.F08	sym5	FILE0008	IGC0410D	317	identical-elsewhere	variants/tape/etc1102/IGC0410D.asm	conflict	tape
MVSSRC.SYM501.F08	sym5	FILE0008	IGC0510D	351	identical-default	ibm/IGC/IGC0510D.asm	duplicate-same	tape
MVSSRC.SYM501.F08	sym5	FILE0008	IGC0A10D	1472	identical-default	ibm/IGC/IGC0A10D.asm	unique	tape
MVSSRC.SYM501.F08	sym5	FILE0008	IGC0B10D	1394	identical-default	ibm/IGC/IGC0B10D.asm	unique	tape
MVSSRC.SYM501.F08	sym5	FILE0008	IGC0C10D	1117	identical-default	ibm/IGC/IGC0C10D.asm	unique	tape
MVSSRC.SYM501.F08	sym5	FILE0008	IGC0D10D	1275	identical-default	ibm/IGC/IGC0D10D.asm	duplicate-same	tape
MVSSRC.SYM501.F08	sym5	FILE0008	IGC0E05A	1733	identical-default	ibm/IGC/IGC0E05A.asm	unique	tape
MVSSRC.SYM501.F08	sym5	FILE0008	IGC0E10D	1384	identical-default	ibm/IGC/IGC0E10D.asm	duplicate-same	tape
MVSSRC.SYM501.F08	sym5	FILE0008	IGC0G10D	1109	identical-default	ibm/IGC/IGC0G10D.asm	duplicate-same	tape
MVSSRC.SYM501.F08	sym5	FILE0008	IGC0H10D	1339	identical-default	ibm/IGC/IGC0H10D.asm	unique	tape
MVSSRC.SYM501.F08	sym5	FILE0008	IGC0I10D	842	identical-default	ibm/IGC/IGC0I10D.asm	unique	tape
MVSSRC.SYM501.F08	sym5	FILE0008	IGC0J05B	490	identical-default	ibm/IGC/IGC0J05B.asm	conflict	tape
MVSSRC.SYM501.F08	sym5	FILE0008	IGC0J10D	625	identical-default	ibm/IGC/IGC0J10D.asm	unique	tape
MVSSRC.SYM501.F08	sym5	FILE0008	IGC0K10D	1316	identical-default	ibm/IGC/IGC0K10D.asm	unique	tape
MVSSRC.SYM501.F08	sym5	FILE0008	IGC0L10D	1183	identical-default	ibm/IGC/IGC0L10D.asm	unique	tape
MVSSRC.SYM501.F08	sym5	FILE0008	IGC0N10D	908	identical-elsewhere	variants/tape/etc1102/IGC0N10D.asm	conflict	tape
MVSSRC.SYM501.F08	sym5	FILE0008	IGCM010D	317	identical-default	ibm/IGC/IGCM010D.asm	unique	tape
MVSSRC.SYM501.F08	sym5	FILE0008	IGCM110D	416	identical-default	ibm/IGC/IGCM110D.asm	duplicate-same	tape
MVSSRC.SYM501.F08	sym5	FILE0008	IGCM210D	367	identical-elsewhere	variants/tape/etc1102/IGCM210D.asm	conflict	tape
MVSSRC.SYM501.F08	sym5	FILE0008	IGCM310D	1115	identical-elsewhere	variants/tape/etc1102/IGCM310D.asm	conflict	tape
MVSSRC.SYM501.F08	sym5	FILE0008	IGCM410D	647	identical-default	ibm/IGC/IGCM410D.asm	unique	tape
MVSSRC.SYM501.F08	sym5	FILE0008	IGCM510D	400	identical-default	ibm/IGC/IGCM510D.asm	conflict	tape
MVSSRC.SYM501.F08	sym5	FILE0008	IGCM610D	589	identical-default	ibm/IGC/IGCM610D.asm	conflict	tape
MVSSRC.SYM501.F08	sym5	FILE0008	IGCM710D	554	identical-default	ibm/IGC/IGCM710D.asm	unique	tape
MVSSRC.SYM501.F08	sym5	FILE0008	IGCM810D	555	identical-default	ibm/IGC/IGCM810D.asm	unique	tape
MVSSRC.SYM501.F08	sym5	FILE0008	IGCM910D	589	identical-elsewhere	variants/tape/sym5/IGCM910D.asm	conflict	tape
MVSSRC.SYM501.F08	sym5	FILE0008	IGCMV10D	2671	identical-default	ibm/IGC/IGCMV10D.asm	duplicate-same	tape
MVSSRC.SYM501.F08	sym5	FILE0008	IGCMY10D	2701	identical-default	ibm/IGC/IGCMY10D.asm	unique	tape
MVSSRC.SYM501.F08	sym5	FILE0008	IGCMZ10D	198	identical-elsewhere	variants/tape/sym5/IGCMZ10D.asm	conflict	tape
MVSSRC.SYM501.F08	sym5	FILE0008	IGCN010D	1638	identical-elsewhere	variants/tape/etc1102/IGCN010D.asm	conflict	tape
MVSSRC.SYM501.F08	sym5	FILE0008	IGCN410D	3186	identical-default	ibm/IGC/IGCN410D.asm	unique	tape
MVSSRC.SYM501.F08	sym5	FILE0008	IGCN510D	2622	identical-default	ibm/IGC/IGCN510D.asm	unique	tape
MVSSRC.SYM501.F08	sym5	FILE0008	IGCR010D	738	identical-default	ibm/IGC/IGCR010D.asm	unique	tape
MVSSRC.SYM501.F08	sym5	FILE0008	IGCSW10D	2164	identical-default	ibm/IGC/IGCSW10D.asm	unique	tape
MVSSRC.SYM501.F08	sym5	FILE0008	IGCT010D	2205	identical-elsewhere	variants/tape/etc1102/IGCT010D.asm	conflict	tape
MVSSRC.SYM501.F08	sym5	FILE0008	IGCT110D	1860	identical-elsewhere	variants/tape/etc1102/IGCT110D.asm	conflict	tape
MVSSRC.SYM501.F08	sym5	FILE0008	IGCT210D	2400	identical-default	ibm/IGC/IGCT210D.asm	duplicate-same	tape
MVSSRC.SYM501.F08	sym5	FILE0008	IGCV010D	661	identical-default	ibm/IGC/IGCV010D.asm	unique	tape
MVSSRC.SYM501.F08	sym5	FILE0008	IGCV110D	764	identical-default	ibm/IGC/IGCV110D.asm	conflict	tape
MVSSRC.SYM501.F08	sym5	FILE0008	IGCV210D	683	identical-default	ibm/IGC/IGCV210D.asm	unique	tape
MVSSRC.SYM501.F08	sym5	FILE0008	IGCV310D	545	identical-elsewhere	variants/tape/sym5/IGCV310D.asm	conflict	tape
MVSSRC.SYM501.F08	sym5	FILE0008	IGCV410D	549	identical-default	ibm/IGC/IGCV410D.asm	conflict	tape
MVSSRC.SYM501.F08	sym5	FILE0008	IGCV510D	496	identical-default	ibm/IGC/IGCV510D.asm	conflict	tape
MVSSRC.SYM501.F08	sym5	FILE0008	IGCV610D	496	identical-default	ibm/IGC/IGCV610D.asm	conflict	tape
MVSSRC.SYM501.F08	sym5	FILE0008	IGCV710D	363	identical-elsewhere	variants/tape/etc1102/IGCV710D.asm;variants/tape/sym5/IGCV710D.asm	conflict	tape
MVSSRC.SYM501.F08	sym5	FILE0008	IGCV810D	3310	identical-elsewhere	variants/tape/sym5/IGCV810D.asm	conflict	tape
MVSSRC.SYM501.F08	sym5	FILE0008	IGCV910D	2826	identical-default	ibm/IGC/IGCV910D.asm	unique	tape
MVSSRC.SYM501.F08	sym5	FILE0008	IGCVA10D	4662	identical-default	ibm/IGC/IGCVA10D.asm	unique	tape
MVSSRC.SYM501.F08	sym5	FILE0008	IGCVE10D	3432	identical-default	ibm/IGC/IGCVE10D.asm	unique	tape
MVSSRC.SYM501.F08	sym5	FILE0008	IGCVF10D	3690	identical-default	ibm/IGC/IGCVF10D.asm	unique	tape
MVSSRC.SYM501.F08	sym5	FILE0008	IGCVG10D	1485	identical-elsewhere	variants/tape/sym5/IGCVG10D.asm	conflict	tape
MVSSRC.SYM501.F08	sym5	FILE0008	IGCVI10D	1097	identical-elsewhere	variants/tape/sym5/IGCVI10D.asm	conflict	tape
MVSSRC.SYM501.F08	sym5	FILE0008	IGCZ010D	3236	identical-default	ibm/IGC/IGCZ010D.asm	unique	tape
MVSSRC.SYM501.F08	sym5	FILE0008	IGCZ110D	779	identical-elsewhere	variants/tape/sym5/IGCZ110D.asm	conflict	tape
MVSSRC.SYM501.F09	sym5	FILE0009	IGC0610D	3202	identical-default	ibm/IGC/IGC0610D.asm	unique	tape
MVSSRC.SYM501.F09	sym5	FILE0009	IGC0710D	742	identical-elsewhere	variants/tape/sym5/IGC0710D.asm	conflict	tape
MVSSRC.SYM501.F09	sym5	FILE0009	IGC0810D	289	identical-default	ibm/IGC/IGC0810D.asm	duplicate-same	tape
MVSSRC.SYM501.F09	sym5	FILE0009	IGC0910D	338	identical-elsewhere	variants/tape/sym5/IGC0910D.asm	conflict	tape
MVSSRC.SYM501.F09	sym5	FILE0009	IGE0004G	824	identical-default	ibm/IGE/IGE0004G.asm	duplicate-same	tape
MVSSRC.SYM501.F09	sym5	FILE0009	IGE0004H	802	identical-default	ibm/IGE/IGE0004H.asm	duplicate-same	tape
MVSSRC.SYM501.F09	sym5	FILE0009	IGE0004I	3930	identical-elsewhere	variants/tape/sym5/IGE0004I.asm	conflict	tape
MVSSRC.SYM501.F09	sym5	FILE0009	IGE0104G	639	identical-elsewhere	variants/tape/sym5/IGE0104G.asm	conflict	tape
MVSSRC.SYM501.F09	sym5	FILE0009	IGE0104H	537	identical-default	ibm/IGE/IGE0104H.asm	duplicate-same	tape
MVSSRC.SYM501.F09	sym5	FILE0009	IGE0204G	499	identical-elsewhere	variants/tape/sym5/IGE0204G.asm	conflict	tape
MVSSRC.SYM501.F09	sym5	FILE0009	IGE0204H	553	identical-default	ibm/IGE/IGE0204H.asm	conflict	tape
MVSSRC.SYM501.F09	sym5	FILE0009	IGE0304G	340	identical-default	ibm/IGE/IGE0304G.asm	duplicate-same	tape
MVSSRC.SYM501.F09	sym5	FILE0009	IGE0404G	340	identical-default	ibm/IGE/IGE0404G.asm	conflict	tape
MVSSRC.SYM501.F09	sym5	FILE0009	IGE0404H	529	identical-default	ibm/IGE/IGE0404H.asm	duplicate-same	tape
MVSSRC.SYM501.F09	sym5	FILE0009	IGE0504G	719	identical-default	ibm/IGE/IGE0504G.asm	conflict	tape
MVSSRC.SYM501.F09	sym5	FILE0009	IGE0504H	665	identical-default	ibm/IGE/IGE0504H.asm	conflict	tape
MVSSRC.SYM501.F09	sym5	FILE0009	IGE0604G	407	identical-default	ibm/IGE/IGE0604G.asm	conflict	tape
MVSSRC.SYM501.F09	sym5	FILE0009	IGE0804G	480	identical-default	ibm/IGE/IGE0804G.asm	duplicate-same	tape
MVSSRC.SYM501.F09	sym5	FILE0009	IGE0804H	105	identical-default	ibm/IGE/IGE0804H.asm	duplicate-same	tape
MVSSRC.SYM501.F09	sym5	FILE0009	IGE0904G	203	identical-default	ibm/IGE/IGE0904G.asm	duplicate-same	tape
MVSSRC.SYM501.F09	sym5	FILE0009	IGE0904H	562	identical-default	ibm/IGE/IGE0904H.asm	duplicate-same	tape
MVSSRC.SYM501.F09	sym5	FILE0009	IGE0904I	3669	identical-default	ibm/IGE/IGE0904I.asm	unique	tape
MVSSRC.SYM501.F09	sym5	FILE0009	IGG01930	593	identical-default	ibm/IGG/IGG01930.asm	duplicate-same	tape
MVSSRC.SYM501.F09	sym5	FILE0009	IGG01931	911	identical-elsewhere	variants/tape/sym5/IGG01931.asm	conflict	tape
MVSSRC.SYM501.F09	sym5	FILE0009	IGG01933	700	identical-default	ibm/IGG/IGG01933.asm	duplicate-same	tape
MVSSRC.SYM501.F09	sym5	FILE0009	IGG01934	586	identical-elsewhere	variants/tape/sym5/IGG01934.asm	conflict	tape
MVSSRC.SYM501.F09	sym5	FILE0009	IGG01935	788	identical-default	ibm/IGG/IGG01935.asm	unique	tape
MVSSRC.SYM501.F09	sym5	FILE0009	IGG01936	1152	identical-elsewhere	variants/tape/sym5/IGG01936.asm	conflict	tape
MVSSRC.SYM501.F09	sym5	FILE0009	IGG01937	609	identical-default	ibm/IGG/IGG01937.asm	duplicate-same	tape
MVSSRC.SYM501.F09	sym5	FILE0009	IGG01938	782	identical-default	ibm/IGG/IGG01938.asm	duplicate-same	tape
MVSSRC.SYM501.F09	sym5	FILE0009	IGG01939	594	identical-default	ibm/IGG/IGG01939.asm	duplicate-same	tape
MVSSRC.SYM501.F09	sym5	FILE0009	IGG01940	531	identical-default	ibm/IGG/IGG01940.asm	duplicate-same	tape
MVSSRC.SYM501.F09	sym5	FILE0009	IGG01941	568	identical-default	ibm/IGG/IGG01941.asm	unique	tape
MVSSRC.SYM501.F09	sym5	FILE0009	IGG01942	600	identical-default	ibm/IGG/IGG01942.asm	conflict	tape
MVSSRC.SYM501.F09	sym5	FILE0009	IGG01943	823	identical-default	ibm/IGG/IGG01943.asm	unique	tape
MVSSRC.SYM501.F09	sym5	FILE0009	IGG01944	818	identical-default	ibm/IGG/IGG01944.asm	unique	tape
MVSSRC.SYM501.F09	sym5	FILE0009	IGG01945	400	identical-default	ibm/IGG/IGG01945.asm	duplicate-same	tape
MVSSRC.SYM501.F09	sym5	FILE0009	IGG01946	800	identical-default	ibm/IGG/IGG01946.asm	conflict	tape
MVSSRC.SYM501.F09	sym5	FILE0009	IGG01948	557	identical-elsewhere	variants/tape/sym5/IGG01948.asm	conflict	tape
MVSSRC.SYM501.F09	sym5	FILE0009	IGG01949	878	identical-default	ibm/IGG/IGG01949.asm	unique	tape
MVSSRC.SYM501.F09	sym5	FILE0009	IGG0194B	386	identical-default	ibm/IGG/IGG0194B.asm	duplicate-same	tape
MVSSRC.SYM501.F09	sym5	FILE0009	IGG0198B	3546	identical-default	ibm/IGG/IGG0198B.asm	duplicate-same	tape
MVSSRC.SYM501.F09	sym5	FILE0009	IGG0198D	2841	identical-elsewhere	variants/tape/sym5/IGG0198D.asm	conflict	tape
MVSSRC.SYM501.F09	sym5	FILE0009	IGG0198E	2724	identical-default	ibm/IGG/IGG0198E.asm	unique	tape
MVSSRC.SYM501.F09	sym5	FILE0009	IGG019EM	49	identical-default	ibm/IGG/IGG019EM.asm	duplicate-same	tape
MVSSRC.SYM501.F09	sym5	FILE0009	IGG019Q0	1295	identical-elsewhere	variants/tape/sym5/IGG019Q0.asm	conflict	tape
MVSSRC.SYM501.F09	sym5	FILE0009	IGG019Q1	617	identical-default	ibm/IGG/IGG019Q1.asm	conflict	tape
MVSSRC.SYM501.F09	sym5	FILE0009	IGG019Q2	4	identical-default	ibm/IGG/IGG019Q2.asm	duplicate-same	tape
MVSSRC.SYM501.F09	sym5	FILE0009	IGG019Q3	4	identical-default	ibm/IGG/IGG019Q3.asm	duplicate-same	tape
MVSSRC.SYM501.F09	sym5	FILE0009	IGG019Q4	4	identical-default	ibm/IGG/IGG019Q4.asm	duplicate-same	tape
MVSSRC.SYM501.F09	sym5	FILE0009	IGG019Q5	4	identical-default	ibm/IGG/IGG019Q5.asm	duplicate-same	tape
MVSSRC.SYM501.F09	sym5	FILE0009	IGG019Q6	4	identical-default	ibm/IGG/IGG019Q6.asm	duplicate-same	tape
MVSSRC.SYM501.F09	sym5	FILE0009	IGG019Q7	4	identical-default	ibm/IGG/IGG019Q7.asm	duplicate-same	tape
MVSSRC.SYM501.F09	sym5	FILE0009	IGG019Q8	1652	identical-default	ibm/IGG/IGG019Q8.asm	unique	tape
MVSSRC.SYM501.F09	sym5	FILE0009	IGG019Q9	743	identical-elsewhere	variants/tape/etc1102/IGG019Q9.asm	conflict	tape
MVSSRC.SYM501.F09	sym5	FILE0009	IGG019QE	581	identical-default	ibm/IGG/IGG019QE.asm	duplicate-same	tape
MVSSRC.SYM501.F09	sym5	FILE0009	IGG019R0	4	identical-default	ibm/IGG/IGG019R0.asm	duplicate-same	tape
MVSSRC.SYM501.F09	sym5	FILE0009	IGG019R1	603	identical-elsewhere	variants/tape/etc1102/IGG019R1.asm;variants/tape/sym5/IGG019R1.asm	conflict	tape
MVSSRC.SYM501.F09	sym5	FILE0009	IGG019R2	854	identical-elsewhere	variants/tape/sym5/IGG019R2.asm	conflict	tape
MVSSRC.SYM501.F09	sym5	FILE0009	IGG019R3	480	identical-default	ibm/IGG/IGG019R3.asm	duplicate-same	tape
MVSSRC.SYM501.F09	sym5	FILE0009	IGG019R4	4	identical-default	ibm/IGG/IGG019R4.asm	duplicate-same	tape
MVSSRC.SYM501.F09	sym5	FILE0009	IGG019R5	3075	identical-elsewhere	variants/tape/sym5/IGG019R5.asm	conflict	tape
MVSSRC.SYM501.F09	sym5	FILE0009	IGG019R6	642	identical-default	ibm/IGG/IGG019R6.asm	unique	tape
MVSSRC.SYM501.F09	sym5	FILE0009	IGG019R7	146	identical-default	ibm/IGG/IGG019R7.asm	duplicate-same	tape
MVSSRC.SYM501.F09	sym5	FILE0009	IGG019R8	153	identical-default	ibm/IGG/IGG019R8.asm	duplicate-same	tape
MVSSRC.SYM501.F09	sym5	FILE0009	IGG019R9	150	identical-default	ibm/IGG/IGG019R9.asm	duplicate-same	tape
MVSSRC.SYM501.F09	sym5	FILE0009	IGG019RA	152	identical-default	ibm/IGG/IGG019RA.asm	duplicate-same	tape
MVSSRC.SYM501.F09	sym5	FILE0009	IGG019RC	1302	identical-elsewhere	variants/tape/sym5/IGG019RC.asm	conflict	tape
MVSSRC.SYM501.F09	sym5	FILE0009	IGG019RD	1223	identical-elsewhere	variants/tape/etc1102/IGG019RD.asm	conflict	tape
MVSSRC.SYM501.F09	sym5	FILE0009	IGG019RE	250	identical-default	ibm/IGG/IGG019RE.asm	duplicate-same	tape
MVSSRC.SYM501.F09	sym5	FILE0009	IGG019RF	754	identical-default	ibm/IGG/IGG019RF.asm	unique	tape
MVSSRC.SYM501.F09	sym5	FILE0009	IGG019RG	393	identical-default	ibm/IGG/IGG019RG.asm	duplicate-same	tape
MVSSRC.SYM501.F09	sym5	FILE0009	IGG019RI	456	identical-default	ibm/IGG/IGG019RI.asm	conflict	tape
MVSSRC.SYM501.F09	sym5	FILE0009	IGG019RK	431	identical-default	ibm/IGG/IGG019RK.asm	unique	tape
MVSSRC.SYM501.F09	sym5	FILE0009	IGG019RL	272	identical-elsewhere	variants/tape/etc1102/IGG019RL.asm	conflict	tape
MVSSRC.SYM501.F09	sym5	FILE0009	IGG019RM	150	identical-default	ibm/IGG/IGG019RM.asm	conflict	tape
MVSSRC.SYM501.F09	sym5	FILE0009	IGG019RN	1321	identical-default	ibm/IGG/IGG019RN.asm	duplicate-same	tape
MVSSRC.SYM501.F09	sym5	FILE0009	IGG019RO	779	identical-elsewhere	variants/tape/sym5/IGG019RO.asm	conflict	tape
MVSSRC.SYM501.F09	sym5	FILE0009	IGG019RP	2293	identical-default	ibm/IGG/IGG019RP.asm	duplicate-same	tape
MVSSRC.SYM501.F09	sym5	FILE0009	IGG019RQ	152	identical-default	ibm/IGG/IGG019RQ.asm	unique	tape
MVSSRC.SYM501.F09	sym5	FILE0009	IGG019RR	84	identical-default	ibm/IGG/IGG019RR.asm	duplicate-same	tape
MVSSRC.SYM501.F09	sym5	FILE0009	IGG019RS	85	identical-default	ibm/IGG/IGG019RS.asm	duplicate-same	tape
MVSSRC.SYM501.F09	sym5	FILE0009	IGG019RT	72	identical-default	ibm/IGG/IGG019RT.asm	duplicate-same	tape
MVSSRC.SYM501.F09	sym5	FILE0009	IGG019RU	83	identical-default	ibm/IGG/IGG019RU.asm	duplicate-same	tape
MVSSRC.SYM501.F09	sym5	FILE0009	IGG019RV	54	identical-default	ibm/IGG/IGG019RV.asm	duplicate-same	tape
MVSSRC.SYM501.F09	sym5	FILE0009	IGG019RW	64	identical-default	ibm/IGG/IGG019RW.asm	duplicate-same	tape
MVSSRC.SYM501.F09	sym5	FILE0009	IGG019RX	96	identical-default	ibm/IGG/IGG019RX.asm	duplicate-same	tape
MVSSRC.SYM501.F09	sym5	FILE0009	IGG019RY	41	identical-default	ibm/IGG/IGG019RY.asm	duplicate-same	tape
MVSSRC.SYM501.F09	sym5	FILE0009	IGG019TE	1762	identical-elsewhere	variants/tape/sym5/IGG019TE.asm	conflict	tape
MVSSRC.SYM501.F09	sym5	FILE0009	IGG019TH	4219	identical-elsewhere	variants/tape/sym5/IGG019TH.asm	conflict	tape
MVSSRC.SYM501.F09	sym5	FILE0009	IGG019TI	1835	identical-elsewhere	variants/tape/sym5/IGG019TI.asm	conflict	tape
MVSSRC.SYM501.F09	sym5	FILE0009	IGG019TM	68	identical-default	ibm/IGG/IGG019TM.asm	duplicate-same	tape
MVSSRC.SYM501.F09	sym5	FILE0009	IGG02030	530	identical-elsewhere	variants/tape/sym5/IGG02030.asm	conflict	tape
MVSSRC.SYM501.F09	sym5	FILE0009	IGG02035	429	identical-default	ibm/IGG/IGG02035.asm	conflict	tape
MVSSRC.SYM501.F09	sym5	FILE0009	IGG02036	904	identical-default	ibm/IGG/IGG02036.asm	conflict	tape
MVSSRC.SYM501.F09	sym5	FILE0009	IGG0203B	2113	identical-elsewhere	variants/tape/sym5/IGG0203B.asm	conflict	tape
MVSSRC.SYM501.F09	sym5	FILE0009	IGG02041	292	identical-default	ibm/IGG/IGG02041.asm	duplicate-same	tape
MVSSRC.SYM501.F09	sym5	FILE0009	IGG02046	686	identical-default	ibm/IGG/IGG02046.asm	conflict	tape
MVSSRC.SYM501.F10	sym5	FILE0010	IEDAY3	122	identical-default	ibm/IED/IEDAY3.asm	unique	tape
MVSSRC.SYM501.F10	sym5	FILE0010	IEDAY8	325	identical-default	ibm/IED/IEDAY8.asm	unique	tape
MVSSRC.SYM501.F10	sym5	FILE0010	IGC0009C	1333	identical-default	ibm/IGC/IGC0009C.asm	unique	tape
MVSSRC.SYM501.F10	sym5	FILE0010	IGC0009D	233	identical-default	ibm/IGC/IGC0009D.asm	unique	tape
MVSSRC.SYM501.F10	sym5	FILE0010	IGG0196S	620	identical-default	ibm/IGG/IGG0196S.asm	unique	tape
MVSSRC.SYM501.F10	sym5	FILE0010	IGG019T3	324	identical-default	ibm/IGG/IGG019T3.asm	unique	tape
MVSSRC.SYM501.F10	sym5	FILE0010	IGG019T4	329	identical-default	ibm/IGG/IGG019T4.asm	unique	tape
MVSSRC.SYM501.F10	sym5	FILE0010	IGG019T5	406	identical-default	ibm/IGG/IGG019T5.asm	unique	tape
MVSSRC.SYM501.F10	sym5	FILE0010	IGG019T6	402	identical-default	ibm/IGG/IGG019T6.asm	unique	tape
MVSSRC.SYM501.F10	sym5	FILE0010	IGG019T7	337	identical-default	ibm/IGG/IGG019T7.asm	unique	tape
MVSSRC.SYM501.F10	sym5	FILE0010	IGG019T8	209	identical-default	ibm/IGG/IGG019T8.asm	unique	tape
MVSSRC.SYM501.F10	sym5	FILE0010	IGG019TX	127	identical-default	ibm/IGG/IGG019TX.asm	unique	tape
MVSSRC.SYM501.F10	sym5	FILE0010	IGG019TY	54	identical-default	ibm/IGG/IGG019TY.asm	unique	tape
MVSSRC.SYM501.F10	sym5	FILE0010	IGG019TZ	59	identical-default	ibm/IGG/IGG019TZ.asm	unique	tape
MVSSRC.SYM601.F01	sym6-1	FILE0001	AMCBS	87	identical-default	ibm/AMC/AMCBS.asm	unique	tape
MVSSRC.SYM601.F01	sym6-1	FILE0001	CATLG	24	identical-default	ibm/CAT/CATLG.asm	unique	tape
MVSSRC.SYM601.F01	sym6-1	FILE0001	COMB	28	identical-default	ibm/COM/COMB.asm	unique	tape
MVSSRC.SYM601.F01	sym6-1	FILE0001	DICT	18	identical-default	ibm/DIC/DICT.asm	unique	tape
MVSSRC.SYM601.F01	sym6-1	FILE0001	IDAAIR	30	identical-default	ibm/IDA/IDAAIR.asm	unique	tape
MVSSRC.SYM601.F01	sym6-1	FILE0001	IDAAMB	244	identical-default	ibm/IDA/IDAAMB.asm	unique	tape
MVSSRC.SYM601.F01	sym6-1	FILE0001	IDAAMBL	111	identical-default	ibm/IDA/IDAAMBL.asm	unique	tape
MVSSRC.SYM601.F01	sym6-1	FILE0001	IDAAMBXN	67	identical-default	ibm/IDA/IDAAMBXN.asm	unique	tape
MVSSRC.SYM601.F01	sym6-1	FILE0001	IDAAMDSB	92	identical-default	ibm/IDA/IDAAMDSB.asm	unique	tape
MVSSRC.SYM601.F01	sym6-1	FILE0001	IDAARDB	52	identical-default	ibm/IDA/IDAARDB.asm	unique	tape
MVSSRC.SYM601.F01	sym6-1	FILE0001	IDAARWA	217	identical-default	ibm/IDA/IDAARWA.asm	unique	tape
MVSSRC.SYM601.F01	sym6-1	FILE0001	IDABFR	21	identical-default	ibm/IDA/IDABFR.asm	unique	tape
MVSSRC.SYM601.F01	sym6-1	FILE0001	IDABIB	55	identical-default	ibm/IDA/IDABIB.asm	unique	tape
MVSSRC.SYM601.F01	sym6-1	FILE0001	IDABLPRM	145	identical-default	ibm/IDA/IDABLPRM.asm	unique	tape
MVSSRC.SYM601.F01	sym6-1	FILE0001	IDABSPH	49	identical-default	ibm/IDA/IDABSPH.asm	unique	tape
MVSSRC.SYM601.F01	sym6-1	FILE0001	IDABUFC	92	identical-default	ibm/IDA/IDABUFC.asm	unique	tape
MVSSRC.SYM601.F01	sym6-1	FILE0001	IDACALL	44	identical-default	ibm/IDA/IDACALL.asm	unique	tape
MVSSRC.SYM601.F01	sym6-1	FILE0001	IDACIDF	26	identical-default	ibm/IDA/IDACIDF.asm	unique	tape
MVSSRC.SYM601.F01	sym6-1	FILE0001	IDACLWRK	44	identical-default	ibm/IDA/IDACLWRK.asm	unique	tape
MVSSRC.SYM601.F01	sym6-1	FILE0001	IDACMB	48	identical-default	ibm/IDA/IDACMB.asm	unique	tape
MVSSRC.SYM601.F01	sym6-1	FILE0001	IDACPA	301	identical-default	ibm/IDA/IDACPA.asm	unique	tape
MVSSRC.SYM601.F01	sym6-1	FILE0001	IDACPDEF	146	identical-default	ibm/IDA/IDACPDEF.asm	unique	tape
MVSSRC.SYM601.F01	sym6-1	FILE0001	IDACSL	50	identical-default	ibm/IDA/IDACSL.asm	unique	tape
MVSSRC.SYM601.F01	sym6-1	FILE0001	IDACTREC	128	identical-default	ibm/IDA/IDACTREC.asm	unique	tape
MVSSRC.SYM601.F01	sym6-1	FILE0001	IDADIWA	69	identical-default	ibm/IDA/IDADIWA.asm	unique	tape
MVSSRC.SYM601.F01	sym6-1	FILE0001	IDADSECT	350	identical-default	ibm/IDA/IDADSECT.asm	unique	tape
MVSSRC.SYM601.F01	sym6-1	FILE0001	IDADSL	39	identical-default	ibm/IDA/IDADSL.asm	unique	tape
MVSSRC.SYM601.F01	sym6-1	FILE0001	IDAEDB	47	identical-default	ibm/IDA/IDAEDB.asm	unique	tape
MVSSRC.SYM601.F01	sym6-1	FILE0001	IDAEQUS	31	identical-default	ibm/IDA/IDAEQUS.asm	unique	tape
MVSSRC.SYM601.F01	sym6-1	FILE0001	IDAERMAP	133	identical-default	ibm/IDA/IDAERMAP.asm	unique	tape
MVSSRC.SYM601.F01	sym6-1	FILE0001	IDAERMSG	42	identical-default	ibm/IDA/IDAERMSG.asm	unique	tape
MVSSRC.SYM601.F01	sym6-1	FILE0001	IDAERRCD	82	identical-default	ibm/IDA/IDAERRCD.asm	unique	tape
MVSSRC.SYM601.F01	sym6-1	FILE0001	IDAESL	40	identical-default	ibm/IDA/IDAESL.asm	unique	tape
MVSSRC.SYM601.F01	sym6-1	FILE0001	IDAEXITR	59	identical-default	ibm/IDA/IDAEXITR.asm	unique	tape
MVSSRC.SYM601.F01	sym6-1	FILE0001	IDAFOREC	314	identical-default	ibm/IDA/IDAFOREC.asm	unique	tape
MVSSRC.SYM601.F01	sym6-1	FILE0001	IDAFRCIO	22	identical-default	ibm/IDA/IDAFRCIO.asm	unique	tape
MVSSRC.SYM601.F01	sym6-1	FILE0001	IDAGMAIN	99	identical-default	ibm/IDA/IDAGMAIN.asm	unique	tape
MVSSRC.SYM601.F01	sym6-1	FILE0001	IDAHEB	53	identical-default	ibm/IDA/IDAHEB.asm	unique	tape
MVSSRC.SYM601.F01	sym6-1	FILE0001	IDAICWA	62	identical-default	ibm/IDA/IDAICWA.asm	unique	tape
MVSSRC.SYM601.F01	sym6-1	FILE0001	IDAIDXCB	49	identical-default	ibm/IDA/IDAIDXCB.asm	unique	tape
MVSSRC.SYM601.F01	sym6-1	FILE0001	IDAIICB	120	identical-default	ibm/IDA/IDAIICB.asm	unique	tape
MVSSRC.SYM601.F01	sym6-1	FILE0001	IDAIIREG	84	identical-default	ibm/IDA/IDAIIREG.asm	unique	tape
MVSSRC.SYM601.F01	sym6-1	FILE0001	IDAIMWA	46	identical-default	ibm/IDA/IDAIMWA.asm	unique	tape
MVSSRC.SYM601.F01	sym6-1	FILE0001	IDAIOB	54	identical-default	ibm/IDA/IDAIOB.asm	unique	tape
MVSSRC.SYM601.F01	sym6-1	FILE0001	IDAIOMB	160	identical-default	ibm/IDA/IDAIOMB.asm	unique	tape
MVSSRC.SYM601.F01	sym6-1	FILE0001	IDAIOSCN	92	identical-default	ibm/IDA/IDAIOSCN.asm	unique	tape
MVSSRC.SYM601.F01	sym6-1	FILE0001	IDAIRD	31	identical-default	ibm/IDA/IDAIRD.asm	unique	tape
MVSSRC.SYM601.F01	sym6-1	FILE0001	IDAIXSPL	38	identical-default	ibm/IDA/IDAIXSPL.asm	unique	tape
MVSSRC.SYM601.F01	sym6-1	FILE0001	IDALPMB	45	identical-default	ibm/IDA/IDALPMB.asm	unique	tape
MVSSRC.SYM601.F01	sym6-1	FILE0001	IDAOCECN	104	identical-default	ibm/IDA/IDAOCECN.asm	unique	tape
MVSSRC.SYM601.F01	sym6-1	FILE0001	IDAOPWRK	226	identical-default	ibm/IDA/IDAOPWRK.asm	unique	tape
MVSSRC.SYM601.F01	sym6-1	FILE0001	IDAPATCH	25	identical-default	ibm/IDA/IDAPATCH.asm	unique	tape
MVSSRC.SYM601.F01	sym6-1	FILE0001	IDAPCTT	83	identical-default	ibm/IDA/IDAPCTT.asm	unique	tape
MVSSRC.SYM601.F01	sym6-1	FILE0001	IDAPDFCD	129	identical-default	ibm/IDA/IDAPDFCD.asm	unique	tape
MVSSRC.SYM601.F01	sym6-1	FILE0001	IDAPDPRM	105	identical-default	ibm/IDA/IDAPDPRM.asm	unique	tape
MVSSRC.SYM601.F01	sym6-1	FILE0001	IDAPFMT	26	identical-default	ibm/IDA/IDAPFMT.asm	unique	tape
MVSSRC.SYM601.F01	sym6-1	FILE0001	IDAPLH	267	identical-default	ibm/IDA/IDAPLH.asm	unique	tape
MVSSRC.SYM601.F01	sym6-1	FILE0001	IDAPPCDE	111	identical-default	ibm/IDA/IDAPPCDE.asm	unique	tape
MVSSRC.SYM601.F01	sym6-1	FILE0001	IDAPSL	39	identical-default	ibm/IDA/IDAPSL.asm	unique	tape
MVSSRC.SYM601.F01	sym6-1	FILE0001	IDARDF	66	identical-default	ibm/IDA/IDARDF.asm	unique	tape
MVSSRC.SYM601.F01	sym6-1	FILE0001	IDAREGS	42	identical-default	ibm/IDA/IDAREGS.asm	unique	tape
MVSSRC.SYM601.F01	sym6-1	FILE0001	IDARPLE	19	identical-default	ibm/IDA/IDARPLE.asm	unique	tape
MVSSRC.SYM601.F01	sym6-1	FILE0001	IDARST14	7	identical-default	ibm/IDA/IDARST14.asm	unique	tape
MVSSRC.SYM601.F01	sym6-1	FILE0001	IDARTMAC	159	identical-default	ibm/IDA/IDARTMAC.asm	unique	tape
MVSSRC.SYM601.F01	sym6-1	FILE0001	IDASFI	29	identical-default	ibm/IDA/IDASFI.asm	unique	tape
MVSSRC.SYM601.F01	sym6-1	FILE0001	IDASMFR	146	identical-default	ibm/IDA/IDASMFR.asm	unique	tape
MVSSRC.SYM601.F01	sym6-1	FILE0001	IDASSL	37	identical-default	ibm/IDA/IDASSL.asm	unique	tape
MVSSRC.SYM601.F01	sym6-1	FILE0001	IDASVR14	7	identical-default	ibm/IDA/IDASVR14.asm	unique	tape
MVSSRC.SYM601.F01	sym6-1	FILE0001	IDATRACE	374	identical-default	ibm/IDA/IDATRACE.asm	unique	tape
MVSSRC.SYM601.F01	sym6-1	FILE0001	IDAUPT	80	identical-default	ibm/IDA/IDAUPT.asm	unique	tape
MVSSRC.SYM601.F01	sym6-1	FILE0001	IDAVAT	39	identical-default	ibm/IDA/IDAVAT.asm	unique	tape
MVSSRC.SYM601.F01	sym6-1	FILE0001	IDAVBPH	110	identical-default	ibm/IDA/IDAVBPH.asm	unique	tape
MVSSRC.SYM601.F01	sym6-1	FILE0001	IDAVBPI	27	identical-default	ibm/IDA/IDAVBPI.asm	unique	tape
MVSSRC.SYM601.F01	sym6-1	FILE0001	IDAVBPM	24	identical-default	ibm/IDA/IDAVBPM.asm	unique	tape
MVSSRC.SYM601.F01	sym6-1	FILE0001	IDAVCRT	189	identical-default	ibm/IDA/IDAVCRT.asm	unique	tape
MVSSRC.SYM601.F01	sym6-1	FILE0001	IDAVIOT	18	identical-default	ibm/IDA/IDAVIOT.asm	unique	tape
MVSSRC.SYM601.F01	sym6-1	FILE0001	IDAVIRT	31	identical-default	ibm/IDA/IDAVIRT.asm	unique	tape
MVSSRC.SYM601.F01	sym6-1	FILE0001	IDAVMT	42	identical-default	ibm/IDA/IDAVMT.asm	unique	tape
MVSSRC.SYM601.F01	sym6-1	FILE0001	IDAVOP1	23	identical-default	ibm/IDA/IDAVOP1.asm	unique	tape
MVSSRC.SYM601.F01	sym6-1	FILE0001	IDAVSRB	24	identical-default	ibm/IDA/IDAVSRB.asm	unique	tape
MVSSRC.SYM601.F01	sym6-1	FILE0001	IDAVSRT	60	identical-default	ibm/IDA/IDAVSRT.asm	unique	tape
MVSSRC.SYM601.F01	sym6-1	FILE0001	IDAVUCBL	17	identical-default	ibm/IDA/IDAVUCBL.asm	unique	tape
MVSSRC.SYM601.F01	sym6-1	FILE0001	IDAVVOLL	49	identical-default	ibm/IDA/IDAVVOLL.asm	unique	tape
MVSSRC.SYM601.F01	sym6-1	FILE0001	IDAWAX	43	identical-default	ibm/IDA/IDAWAX.asm	unique	tape
MVSSRC.SYM601.F01	sym6-1	FILE0001	IDAWSHD	49	identical-default	ibm/IDA/IDAWSHD.asm	unique	tape
MVSSRC.SYM601.F01	sym6-1	FILE0001	IDDTRACK	60	identical-default	ibm/IDD/IDDTRACK.asm	unique	tape
MVSSRC.SYM601.F01	sym6-1	FILE0001	IDDVBPPL	42	identical-default	ibm/IDD/IDDVBPPL.asm	unique	tape
MVSSRC.SYM601.F01	sym6-1	FILE0001	IDDVDSCB	55	identical-default	ibm/IDD/IDDVDSCB.asm	unique	tape
MVSSRC.SYM601.F01	sym6-1	FILE0001	IDDWICB	398	identical-default	ibm/IDD/IDDWICB.asm	unique	tape
MVSSRC.SYM601.F01	sym6-1	FILE0001	IEEVCHWA	454	identical-default	ibm/IEE/IEEVCHWA.asm	unique	tape
MVSSRC.SYM601.F01	sym6-1	FILE0001	IEEVRSWA	259	identical-default	ibm/IEE/IEEVRSWA.asm	unique	tape
MVSSRC.SYM601.F01	sym6-1	FILE0001	IEZABP	62	identical-default	ibm/IEZ/IEZABP.asm	unique	tape
MVSSRC.SYM601.F01	sym6-1	FILE0001	IEZCTGCV	40	identical-default	ibm/IEZ/IEZCTGCV.asm	unique	tape
MVSSRC.SYM601.F01	sym6-1	FILE0001	IEZCTGFL	122	identical-default	ibm/IEZ/IEZCTGFL.asm	unique	tape
MVSSRC.SYM601.F01	sym6-1	FILE0001	IEZCTGFV	106	identical-default	ibm/IEZ/IEZCTGFV.asm	unique	tape
MVSSRC.SYM601.F01	sym6-1	FILE0001	IEZCTGPL	286	identical-default	ibm/IEZ/IEZCTGPL.asm	unique	tape
MVSSRC.SYM601.F01	sym6-1	FILE0001	IEZCTGVL	50	identical-default	ibm/IEZ/IEZCTGVL.asm	unique	tape
MVSSRC.SYM601.F01	sym6-1	FILE0001	IEZCTGWA	42	identical-default	ibm/IEZ/IEZCTGWA.asm	unique	tape
MVSSRC.SYM601.F01	sym6-1	FILE0001	IFGJCICB	205	identical-default	ibm/IFG/IFGJCICB.asm	unique	tape
MVSSRC.SYM601.F01	sym6-1	FILE0001	IFGSDCB	142	identical-default	ibm/IFG/IFGSDCB.asm	unique	tape
MVSSRC.SYM601.F01	sym6-1	FILE0001	IGGBCB	282	identical-default	ibm/IGG/IGGBCB.asm	unique	tape
MVSSRC.SYM601.F01	sym6-1	FILE0001	IGGBISAM	49	identical-default	ibm/IGG/IGGBISAM.asm	unique	tape
MVSSRC.SYM601.F01	sym6-1	FILE0001	IGGBISAV	14	identical-default	ibm/IGG/IGGBISAV.asm	unique	tape
MVSSRC.SYM601.F01	sym6-1	FILE0001	IGGCAXWA	118	identical-default	ibm/IGG/IGGCAXWA.asm	unique	tape
MVSSRC.SYM601.F01	sym6-1	FILE0001	IGGCCA	552	identical-default	ibm/IGG/IGGCCA.asm	unique	tape
MVSSRC.SYM601.F01	sym6-1	FILE0001	IGGCICB	55	identical-default	ibm/IGG/IGGCICB.asm	unique	tape
MVSSRC.SYM601.F01	sym6-1	FILE0001	IGGCOWA	29	identical-default	ibm/IGG/IGGCOWA.asm	unique	tape
MVSSRC.SYM601.F01	sym6-1	FILE0001	IGGCP1	33	identical-default	ibm/IGG/IGGCP1.asm	unique	tape
MVSSRC.SYM601.F01	sym6-1	FILE0001	IGGCP10A	27	identical-default	ibm/IGG/IGGCP10A.asm	unique	tape
MVSSRC.SYM601.F01	sym6-1	FILE0001	IGGCP10B	26	identical-default	ibm/IGG/IGGCP10B.asm	unique	tape
MVSSRC.SYM601.F01	sym6-1	FILE0001	IGGCP11A	12	identical-default	ibm/IGG/IGGCP11A.asm	unique	tape
MVSSRC.SYM601.F01	sym6-1	FILE0001	IGGCP11B	23	identical-default	ibm/IGG/IGGCP11B.asm	unique	tape
MVSSRC.SYM601.F01	sym6-1	FILE0001	IGGCP123	30	identical-default	ibm/IGG/IGGCP123.asm	unique	tape
MVSSRC.SYM601.F01	sym6-1	FILE0001	IGGCP12A	29	identical-default	ibm/IGG/IGGCP12A.asm	unique	tape
MVSSRC.SYM601.F01	sym6-1	FILE0001	IGGCP12B	31	identical-default	ibm/IGG/IGGCP12B.asm	unique	tape
MVSSRC.SYM601.F01	sym6-1	FILE0001	IGGCP12C	23	identical-default	ibm/IGG/IGGCP12C.asm	unique	tape
MVSSRC.SYM601.F01	sym6-1	FILE0001	IGGCP13A	13	identical-default	ibm/IGG/IGGCP13A.asm	unique	tape
MVSSRC.SYM601.F01	sym6-1	FILE0001	IGGCP13B	14	identical-default	ibm/IGG/IGGCP13B.asm	unique	tape
MVSSRC.SYM601.F01	sym6-1	FILE0001	IGGCP13C	25	identical-default	ibm/IGG/IGGCP13C.asm	unique	tape
MVSSRC.SYM601.F01	sym6-1	FILE0001	IGGCP14	133	identical-default	ibm/IGG/IGGCP14.asm	unique	tape
MVSSRC.SYM601.F01	sym6-1	FILE0001	IGGCP15	18	identical-default	ibm/IGG/IGGCP15.asm	unique	tape
MVSSRC.SYM601.F01	sym6-1	FILE0001	IGGCP16	28	identical-default	ibm/IGG/IGGCP16.asm	unique	tape
MVSSRC.SYM601.F01	sym6-1	FILE0001	IGGCP17	32	identical-default	ibm/IGG/IGGCP17.asm	unique	tape
MVSSRC.SYM601.F01	sym6-1	FILE0001	IGGCP2	21	identical-default	ibm/IGG/IGGCP2.asm	unique	tape
MVSSRC.SYM601.F01	sym6-1	FILE0001	IGGCP22	21	identical-default	ibm/IGG/IGGCP22.asm	unique	tape
MVSSRC.SYM601.F01	sym6-1	FILE0001	IGGCP23	43	identical-default	ibm/IGG/IGGCP23.asm	unique	tape
MVSSRC.SYM601.F01	sym6-1	FILE0001	IGGCP24	26	identical-default	ibm/IGG/IGGCP24.asm	unique	tape
MVSSRC.SYM601.F01	sym6-1	FILE0001	IGGCP25	21	identical-default	ibm/IGG/IGGCP25.asm	unique	tape
MVSSRC.SYM601.F01	sym6-1	FILE0001	IGGCP26	21	identical-default	ibm/IGG/IGGCP26.asm	unique	tape
MVSSRC.SYM601.F01	sym6-1	FILE0001	IGGCP4	26	identical-default	ibm/IGG/IGGCP4.asm	unique	tape
MVSSRC.SYM601.F01	sym6-1	FILE0001	IGGCP47	20	identical-default	ibm/IGG/IGGCP47.asm	unique	tape
MVSSRC.SYM601.F01	sym6-1	FILE0001	IGGCP5	36	identical-default	ibm/IGG/IGGCP5.asm	unique	tape
MVSSRC.SYM601.F01	sym6-1	FILE0001	IGGCP6	43	identical-default	ibm/IGG/IGGCP6.asm	unique	tape
MVSSRC.SYM601.F01	sym6-1	FILE0001	IGGCP7	24	identical-default	ibm/IGG/IGGCP7.asm	unique	tape
MVSSRC.SYM601.F01	sym6-1	FILE0001	IGGCP8	47	identical-default	ibm/IGG/IGGCP8.asm	unique	tape
MVSSRC.SYM601.F01	sym6-1	FILE0001	IGGCP9A	12	identical-default	ibm/IGG/IGGCP9A.asm	unique	tape
MVSSRC.SYM601.F01	sym6-1	FILE0001	IGGCP9B	24	identical-default	ibm/IGG/IGGCP9B.asm	unique	tape
MVSSRC.SYM601.F01	sym6-1	FILE0001	IGGCP9C	24	identical-default	ibm/IGG/IGGCP9C.asm	unique	tape
MVSSRC.SYM601.F01	sym6-1	FILE0001	IGGCPOPS	44	identical-default	ibm/IGG/IGGCPOPS.asm	unique	tape
MVSSRC.SYM601.F01	sym6-1	FILE0001	IGGDCBFA	73	identical-default	ibm/IGG/IGGDCBFA.asm	unique	tape
MVSSRC.SYM601.F01	sym6-1	FILE0001	IGGDEBD	128	identical-default	ibm/IGG/IGGDEBD.asm	unique	tape
MVSSRC.SYM601.F01	sym6-1	FILE0001	IGGFRWKA	120	identical-default	ibm/IGG/IGGFRWKA.asm	unique	tape
MVSSRC.SYM601.F01	sym6-1	FILE0001	IGGIOBD	80	identical-default	ibm/IGG/IGGIOBD.asm	unique	tape
MVSSRC.SYM601.F01	sym6-1	FILE0001	IGGLDCP	212	identical-default	ibm/IGG/IGGLDCP.asm	unique	tape
MVSSRC.SYM601.F01	sym6-1	FILE0001	IGGLOAD	90	identical-default	ibm/IGG/IGGLOAD.asm	unique	tape
MVSSRC.SYM601.F01	sym6-1	FILE0001	IGGMCDCL	825	identical-default	ibm/IGG/IGGMCDCL.asm	unique	tape
MVSSRC.SYM601.F01	sym6-1	FILE0001	IGGMCMDM	290	identical-default	ibm/IGG/IGGMCMDM.asm	unique	tape
MVSSRC.SYM601.F01	sym6-1	FILE0001	IGGMCMWA	568	identical-default	ibm/IGG/IGGMCMWA.asm	unique	tape
MVSSRC.SYM601.F01	sym6-1	FILE0001	IGGMCTRC	196	identical-default	ibm/IGG/IGGMCTRC.asm	unique	tape
MVSSRC.SYM601.F01	sym6-1	FILE0001	IGGMDCRA	167	identical-default	ibm/IGG/IGGMDCRA.asm	unique	tape
MVSSRC.SYM601.F01	sym6-1	FILE0001	IGGMDRWA	116	identical-default	ibm/IGG/IGGMDRWA.asm	unique	tape
MVSSRC.SYM601.F01	sym6-1	FILE0001	IGGMEND	42	identical-default	ibm/IGG/IGGMEND.asm	unique	tape
MVSSRC.SYM601.F01	sym6-1	FILE0001	IGGMF4WA	53	identical-default	ibm/IGG/IGGMF4WA.asm	unique	tape
MVSSRC.SYM601.F01	sym6-1	FILE0001	IGGMGVO	77	identical-default	ibm/IGG/IGGMGVO.asm	unique	tape
MVSSRC.SYM601.F01	sym6-1	FILE0001	IGGMODUL	60	identical-default	ibm/IGG/IGGMODUL.asm	unique	tape
MVSSRC.SYM601.F01	sym6-1	FILE0001	IGGMPROC	221	identical-default	ibm/IGG/IGGMPROC.asm	unique	tape
MVSSRC.SYM601.F01	sym6-1	FILE0001	IGGMSAWA	58	identical-default	ibm/IGG/IGGMSAWA.asm	unique	tape
MVSSRC.SYM601.F01	sym6-1	FILE0001	IGGMSG	148	identical-default	ibm/IGG/IGGMSG.asm	unique	tape
MVSSRC.SYM601.F01	sym6-1	FILE0001	IGGMUPDE	267	identical-default	ibm/IGG/IGGMUPDE.asm	unique	tape
MVSSRC.SYM601.F01	sym6-1	FILE0001	IGGMVEDC	212	identical-default	ibm/IGG/IGGMVEDC.asm	unique	tape
MVSSRC.SYM601.F01	sym6-1	FILE0001	IGGMZLOC	521	identical-default	ibm/IGG/IGGMZLOC.asm	unique	tape
MVSSRC.SYM601.F01	sym6-1	FILE0001	IGGPARML	68	identical-default	ibm/IGG/IGGPARML.asm	unique	tape
MVSSRC.SYM601.F01	sym6-1	FILE0001	IGGRDX	94	identical-default	ibm/IGG/IGGRDX.asm	unique	tape
MVSSRC.SYM601.F01	sym6-1	FILE0001	IGGSCAN	143	identical-default	ibm/IGG/IGGSCAN.asm	unique	tape
MVSSRC.SYM601.F01	sym6-1	FILE0001	IGGSCW	88	identical-default	ibm/IGG/IGGSCW.asm	unique	tape
MVSSRC.SYM601.F01	sym6-1	FILE0001	IGGSPD	93	identical-default	ibm/IGG/IGGSPD.asm	unique	tape
MVSSRC.SYM601.F01	sym6-1	FILE0001	IGGSPW	1768	identical-default	ibm/IGG/IGGSPW.asm	unique	tape
MVSSRC.SYM601.F01	sym6-1	FILE0001	IGGSTAE	71	identical-default	ibm/IGG/IGGSTAE.asm	unique	tape
MVSSRC.SYM601.F01	sym6-1	FILE0001	IGGSTART	156	identical-default	ibm/IGG/IGGSTART.asm	unique	tape
MVSSRC.SYM601.F01	sym6-1	FILE0001	IGGSTW	218	identical-default	ibm/IGG/IGGSTW.asm	unique	tape
MVSSRC.SYM601.F01	sym6-1	FILE0001	IGGSWA	102	identical-default	ibm/IGG/IGGSWA.asm	unique	tape
MVSSRC.SYM601.F01	sym6-1	FILE0001	IGGSYN	243	identical-default	ibm/IGG/IGGSYN.asm	unique	tape
MVSSRC.SYM601.F01	sym6-1	FILE0001	IGGUSL	92	identical-default	ibm/IGG/IGGUSL.asm	unique	tape
MVSSRC.SYM601.F01	sym6-1	FILE0001	IGGWKNCP	36	identical-default	ibm/IGG/IGGWKNCP.asm	unique	tape
MVSSRC.SYM601.F01	sym6-1	FILE0001	IHACCW	108	identical-default	ibm/IHA/IHACCW.asm	unique	tape
MVSSRC.SYM601.F01	sym6-1	FILE0001	IHACIX	79	identical-default	ibm/IHA/IHACIX.asm	unique	tape
MVSSRC.SYM601.F01	sym6-1	FILE0001	IHACSW	81	identical-default	ibm/IHA/IHACSW.asm	unique	tape
MVSSRC.SYM601.F01	sym6-1	FILE0001	IHADECB	904	identical-default	ibm/IHA/IHADECB.asm	unique	tape
MVSSRC.SYM601.F01	sym6-1	FILE0001	IHADVCT	196	identical-default	ibm/IHA/IHADVCT.asm	unique	tape
MVSSRC.SYM601.F01	sym6-1	FILE0001	IHAEXLST	114	identical-default	ibm/IHA/IHAEXLST.asm	unique	tape
MVSSRC.SYM601.F01	sym6-1	FILE0001	IHAFCAUD	168	identical-default	ibm/IHA/IHAFCAUD.asm	unique	tape
MVSSRC.SYM601.F01	sym6-1	FILE0001	IHAFCBIM	186	identical-default	ibm/IHA/IHAFCBIM.asm	unique	tape
MVSSRC.SYM601.F01	sym6-1	FILE0001	IHAICB	374	identical-default	ibm/IHA/IHAICB.asm	unique	tape
MVSSRC.SYM601.F01	sym6-1	FILE0001	IHASAVER	99	identical-default	ibm/IHA/IHASAVER.asm	unique	tape
MVSSRC.SYM601.F01	sym6-1	FILE0001	IHASTOW	94	identical-default	ibm/IHA/IHASTOW.asm	unique	tape
MVSSRC.SYM601.F01	sym6-1	FILE0001	IHJDSTAB	63	identical-default	ibm/IHJ/IHJDSTAB.asm	unique	tape
MVSSRC.SYM601.F01	sym6-1	FILE0001	IHJSSCR	45	identical-default	ibm/IHJ/IHJSSCR.asm	unique	tape
MVSSRC.SYM601.F01	sym6-1	FILE0001	LCGASMS2	2	identical-default	ibm/LCG/LCGASMS2.asm	unique	tape
MVSSRC.SYM601.F01	sym6-1	FILE0001	LCGASMSW	2	identical-default	ibm/LCG/LCGASMSW.asm	unique	tape
MVSSRC.SYM601.F01	sym6-1	FILE0001	LCGPLSS2	2	identical-default	ibm/LCG/LCGPLSS2.asm	unique	tape
MVSSRC.SYM601.F01	sym6-1	FILE0001	LCGPLSSW	2	identical-default	ibm/LCG/LCGPLSSW.asm	unique	tape
MVSSRC.SYM601.F01	sym6-1	FILE0001	VCLOSE	22	identical-default	ibm/VCL/VCLOSE.asm	unique	tape
MVSSRC.SYM601.F01	sym6-1	FILE0001	VJOURN	22	identical-default	ibm/VJO/VJOURN.asm	unique	tape
MVSSRC.SYM601.F01	sym6-1	FILE0001	VOPEN	22	identical-default	ibm/VOP/VOPEN.asm	unique	tape
MVSSRC.SYM601.F01	sym6-1	FILE0001	VREADWR	22	identical-default	ibm/VRE/VREADWR.asm	unique	tape
MVSSRC.SYM601.F01	sym6-1	FILE0001	VSCRATCH	15	identical-default	ibm/VSC/VSCRATCH.asm	unique	tape
MVSSRC.SYM601.F01	sym6-1	FILE0001	WICLOSE	18	identical-default	ibm/WIC/WICLOSE.asm	unique	tape
MVSSRC.SYM601.F01	sym6-1	FILE0001	WIEXCP	6	identical-default	ibm/WIE/WIEXCP.asm	unique	tape
MVSSRC.SYM601.F01	sym6-1	FILE0001	WIJOURN	29	identical-default	ibm/WIJ/WIJOURN.asm	unique	tape
MVSSRC.SYM601.F01	sym6-1	FILE0001	WORKAREA	533	identical-default	ibm/WOR/WORKAREA.asm	unique	tape
MVSSRC.SYM601.F02	sym6-1	FILE0002	IDA019S4	1138	identical-default	ibm/IDA/IDA019S4.asm	unique	tape
MVSSRC.SYM601.F02	sym6-1	FILE0002	IDA019SB	3593	identical-default	ibm/IDA/IDA019SB.asm	unique	tape
MVSSRC.SYM601.F02	sym6-1	FILE0002	IDA121A2	6571	identical-default	ibm/IDA/IDA121A2.asm	unique	tape
MVSSRC.SYM601.F02	sym6-1	FILE0002	IDA121A3	4178	identical-default	ibm/IDA/IDA121A3.asm	unique	tape
MVSSRC.SYM601.F02	sym6-1	FILE0002	IDA121A4	4652	identical-default	ibm/IDA/IDA121A4.asm	unique	tape
MVSSRC.SYM601.F02	sym6-1	FILE0002	IDA121A5	606	identical-default	ibm/IDA/IDA121A5.asm	unique	tape
MVSSRC.SYM601.F02	sym6-1	FILE0002	IDA121A6	1999	identical-default	ibm/IDA/IDA121A6.asm	unique	tape
MVSSRC.SYM601.F02	sym6-1	FILE0002	IDA121CV	74	identical-default	ibm/IDA/IDA121CV.asm	unique	tape
MVSSRC.SYM601.F02	sym6-1	FILE0002	IDAM19R3	778	identical-default	ibm/IDA/IDAM19R3.asm	unique	tape
MVSSRC.SYM601.F02	sym6-1	FILE0002	IGC121	5613	identical-default	ibm/IGC/IGC121.asm	unique	tape
MVSSRC.SYM601.F03	sym6-1	FILE0003	IGG0198L	779	identical-default	ibm/IGG/IGG0198L.asm	unique	tape
MVSSRC.SYM601.F03	sym6-1	FILE0003	IGG0199F	1008	identical-default	ibm/IGG/IGG0199F.asm	unique	tape
MVSSRC.SYM601.F03	sym6-1	FILE0003	IGG0199G	1386	identical-default	ibm/IGG/IGG0199G.asm	unique	tape
MVSSRC.SYM601.F03	sym6-1	FILE0003	IGG0199W	1139	identical-default	ibm/IGG/IGG0199W.asm	unique	tape
MVSSRC.SYM601.F03	sym6-1	FILE0003	IGG019AH	1605	identical-default	ibm/IGG/IGG019AH.asm	unique	tape
MVSSRC.SYM601.F03	sym6-1	FILE0003	IGG019DJ	1279	identical-default	ibm/IGG/IGG019DJ.asm	unique	tape
MVSSRC.SYM601.F03	sym6-1	FILE0003	IGG019DK	1665	identical-default	ibm/IGG/IGG019DK.asm	unique	tape
MVSSRC.SYM601.F03	sym6-1	FILE0003	IGG0201W	1608	identical-default	ibm/IGG/IGG0201W.asm	unique	tape
MVSSRC.SYM601.F03	sym6-1	FILE0003	IGG020FC	1844	identical-default	ibm/IGG/IGG020FC.asm	unique	tape
MVSSRC.SYM601.F04	sym6-1	FILE0004	IGC0009H	830	identical-default	ibm/IGC/IGC0009H.asm	unique	tape
MVSSRC.SYM601.F04	sym6-1	FILE0004	IGC0109H	991	identical-default	ibm/IGC/IGC0109H.asm	unique	tape
MVSSRC.SYM601.F04	sym6-1	FILE0004	IGC0209H	744	identical-default	ibm/IGC/IGC0209H.asm	unique	tape
MVSSRC.SYM601.F05	sym6-1	FILE0005	AMDUSRF9	941	identical-default	ibm/AMD/AMDUSRF9.asm	unique	tape
MVSSRC.SYM601.F05	sym6-1	FILE0005	IDA019C1	13942	identical-default	ibm/IDA/IDA019C1.asm	unique	tape
MVSSRC.SYM601.F05	sym6-1	FILE0005	IDA019RA	2653	identical-default	ibm/IDA/IDA019RA.asm	unique	tape
MVSSRC.SYM601.F05	sym6-1	FILE0005	IDA019RB	844	identical-default	ibm/IDA/IDA019RB.asm	unique	tape
MVSSRC.SYM601.F05	sym6-1	FILE0005	IDA019RC	406	identical-default	ibm/IDA/IDA019RC.asm	unique	tape
MVSSRC.SYM601.F05	sym6-1	FILE0005	IDA019RD	621	identical-default	ibm/IDA/IDA019RD.asm	unique	tape
MVSSRC.SYM601.F05	sym6-1	FILE0005	IDA0A05B	8823	identical-default	ibm/IDA/IDA0A05B.asm	unique	tape
MVSSRC.SYM601.F05	sym6-1	FILE0005	IDA0C05B	2570	identical-default	ibm/IDA/IDA0C05B.asm	unique	tape
MVSSRC.SYM601.F05	sym6-1	FILE0005	IDA0C06C	6380	identical-default	ibm/IDA/IDA0C06C.asm	unique	tape
MVSSRC.SYM601.F05	sym6-1	FILE0005	IDA0I96C	2140	identical-default	ibm/IDA/IDA0I96C.asm	unique	tape
MVSSRC.SYM601.F05	sym6-1	FILE0005	IDACAT11	4231	identical-default	ibm/IDA/IDACAT11.asm	unique	tape
MVSSRC.SYM601.F05	sym6-1	FILE0005	IDACAT12	3525	identical-default	ibm/IDA/IDACAT12.asm	unique	tape
MVSSRC.SYM601.F05	sym6-1	FILE0005	IDACAT13	2719	identical-default	ibm/IDA/IDACAT13.asm	unique	tape
MVSSRC.SYM601.F05	sym6-1	FILE0005	IDACKRA1	1964	identical-default	ibm/IDA/IDACKRA1.asm	unique	tape
MVSSRC.SYM601.F05	sym6-1	FILE0005	IDAICIA1	3981	identical-default	ibm/IDA/IDAICIA1.asm	unique	tape
MVSSRC.SYM601.F05	sym6-1	FILE0005	IDAIIFBF	2299	identical-default	ibm/IDA/IDAIIFBF.asm	unique	tape
MVSSRC.SYM601.F05	sym6-1	FILE0005	IDAIIPM1	1548	identical-default	ibm/IDA/IDAIIPM1.asm	unique	tape
MVSSRC.SYM601.F05	sym6-1	FILE0005	IDAIIPM2	2170	identical-default	ibm/IDA/IDAIIPM2.asm	unique	tape
MVSSRC.SYM601.F05	sym6-1	FILE0005	IDAIIPM3	2363	identical-default	ibm/IDA/IDAIIPM3.asm	unique	tape
MVSSRC.SYM601.F05	sym6-1	FILE0005	IDAIISM1	2793	identical-default	ibm/IDA/IDAIISM1.asm	unique	tape
MVSSRC.SYM601.F05	sym6-1	FILE0005	IDAOCEA1	2724	identical-default	ibm/IDA/IDAOCEA1.asm	unique	tape
MVSSRC.SYM601.F05	sym6-1	FILE0005	IDAOCEA2	4377	identical-default	ibm/IDA/IDAOCEA2.asm	unique	tape
MVSSRC.SYM601.F05	sym6-1	FILE0005	IDAOCEA3	1460	identical-default	ibm/IDA/IDAOCEA3.asm	unique	tape
MVSSRC.SYM601.F05	sym6-1	FILE0005	IDAOCEA4	1185	identical-default	ibm/IDA/IDAOCEA4.asm	unique	tape
MVSSRC.SYM601.F05	sym6-1	FILE0005	IDARMRCD	285	identical-default	ibm/IDA/IDARMRCD.asm	unique	tape
MVSSRC.SYM601.F06	sym6-1	FILE0006	IDA019R1	3249	identical-default	ibm/IDA/IDA019R1.asm	unique	tape
MVSSRC.SYM601.F06	sym6-1	FILE0006	IDA019R2	3073	identical-default	ibm/IDA/IDA019R2.asm	unique	tape
MVSSRC.SYM601.F06	sym6-1	FILE0006	IDA019R4	4438	identical-default	ibm/IDA/IDA019R4.asm	unique	tape
MVSSRC.SYM601.F06	sym6-1	FILE0006	IDA019R5	4293	identical-default	ibm/IDA/IDA019R5.asm	unique	tape
MVSSRC.SYM601.F06	sym6-1	FILE0006	IDA019R8	2650	identical-default	ibm/IDA/IDA019R8.asm	unique	tape
MVSSRC.SYM601.F06	sym6-1	FILE0006	IDA019RE	3411	identical-default	ibm/IDA/IDA019RE.asm	unique	tape
MVSSRC.SYM601.F06	sym6-1	FILE0006	IDA019RF	3222	identical-default	ibm/IDA/IDA019RF.asm	unique	tape
MVSSRC.SYM601.F06	sym6-1	FILE0006	IDA019RG	2940	identical-default	ibm/IDA/IDA019RG.asm	unique	tape
MVSSRC.SYM601.F06	sym6-1	FILE0006	IDA019RH	2840	identical-default	ibm/IDA/IDA019RH.asm	unique	tape
MVSSRC.SYM601.F06	sym6-1	FILE0006	IDA019RI	2928	identical-default	ibm/IDA/IDA019RI.asm	unique	tape
MVSSRC.SYM601.F06	sym6-1	FILE0006	IDA019RJ	3459	identical-default	ibm/IDA/IDA019RJ.asm	unique	tape
MVSSRC.SYM601.F06	sym6-1	FILE0006	IDA019RK	1876	identical-default	ibm/IDA/IDA019RK.asm	unique	tape
MVSSRC.SYM601.F06	sym6-1	FILE0006	IDA019RL	1866	identical-default	ibm/IDA/IDA019RL.asm	unique	tape
MVSSRC.SYM601.F06	sym6-1	FILE0006	IDA019RM	1960	identical-default	ibm/IDA/IDA019RM.asm	unique	tape
MVSSRC.SYM601.F06	sym6-1	FILE0006	IDA019RN	1611	identical-default	ibm/IDA/IDA019RN.asm	unique	tape
MVSSRC.SYM601.F06	sym6-1	FILE0006	IDA019RO	1220	identical-default	ibm/IDA/IDA019RO.asm	unique	tape
MVSSRC.SYM601.F06	sym6-1	FILE0006	IDA019RP	3415	identical-default	ibm/IDA/IDA019RP.asm	unique	tape
MVSSRC.SYM601.F06	sym6-1	FILE0006	IDA019RQ	3085	identical-default	ibm/IDA/IDA019RQ.asm	unique	tape
MVSSRC.SYM601.F06	sym6-1	FILE0006	IDA019RR	2563	identical-default	ibm/IDA/IDA019RR.asm	unique	tape
MVSSRC.SYM601.F06	sym6-1	FILE0006	IDA019RS	2903	identical-default	ibm/IDA/IDA019RS.asm	unique	tape
MVSSRC.SYM601.F06	sym6-1	FILE0006	IDA019RT	2566	identical-default	ibm/IDA/IDA019RT.asm	unique	tape
MVSSRC.SYM601.F06	sym6-1	FILE0006	IDA019RU	4119	identical-default	ibm/IDA/IDA019RU.asm	unique	tape
MVSSRC.SYM601.F06	sym6-1	FILE0006	IDA019RV	2176	identical-default	ibm/IDA/IDA019RV.asm	unique	tape
MVSSRC.SYM601.F06	sym6-1	FILE0006	IDA019RW	3139	identical-default	ibm/IDA/IDA019RW.asm	unique	tape
MVSSRC.SYM601.F06	sym6-1	FILE0006	IDA019RX	3883	identical-default	ibm/IDA/IDA019RX.asm	unique	tape
MVSSRC.SYM601.F06	sym6-1	FILE0006	IDA019RY	4694	identical-default	ibm/IDA/IDA019RY.asm	unique	tape
MVSSRC.SYM601.F06	sym6-1	FILE0006	IDA019RZ	1373	identical-default	ibm/IDA/IDA019RZ.asm	unique	tape
MVSSRC.SYM601.F07	sym6-1	FILE0007	IDA0192A	10455	identical-default	ibm/IDA/IDA0192A.asm	unique	tape
MVSSRC.SYM601.F07	sym6-1	FILE0007	IDA0192B	8722	identical-default	ibm/IDA/IDA0192B.asm	unique	tape
MVSSRC.SYM601.F07	sym6-1	FILE0007	IDA0192C	7317	identical-default	ibm/IDA/IDA0192C.asm	unique	tape
MVSSRC.SYM601.F07	sym6-1	FILE0007	IDA0192D	4940	identical-default	ibm/IDA/IDA0192D.asm	unique	tape
MVSSRC.SYM601.F07	sym6-1	FILE0007	IDA0192F	8231	identical-default	ibm/IDA/IDA0192F.asm	unique	tape
MVSSRC.SYM601.F07	sym6-1	FILE0007	IDA0192G	2110	identical-default	ibm/IDA/IDA0192G.asm	unique	tape
MVSSRC.SYM601.F07	sym6-1	FILE0007	IDA0192I	5056	identical-default	ibm/IDA/IDA0192I.asm	unique	tape
MVSSRC.SYM601.F07	sym6-1	FILE0007	IDA0192M	5648	identical-default	ibm/IDA/IDA0192M.asm	unique	tape
MVSSRC.SYM601.F07	sym6-1	FILE0007	IDA019S1	1446	identical-default	ibm/IDA/IDA019S1.asm	unique	tape
MVSSRC.SYM601.F07	sym6-1	FILE0007	IDA019S2	5113	identical-default	ibm/IDA/IDA019S2.asm	unique	tape
MVSSRC.SYM601.F07	sym6-1	FILE0007	IDA019S6	1764	identical-default	ibm/IDA/IDA019S6.asm	unique	tape
MVSSRC.SYM601.F07	sym6-1	FILE0007	IDA019SA	2382	identical-default	ibm/IDA/IDA019SA.asm	unique	tape
MVSSRC.SYM601.F07	sym6-1	FILE0007	IDA019SE	5239	identical-default	ibm/IDA/IDA019SE.asm	unique	tape
MVSSRC.SYM601.F07	sym6-1	FILE0007	IDA019SF	2031	identical-default	ibm/IDA/IDA019SF.asm	unique	tape
MVSSRC.SYM601.F07	sym6-1	FILE0007	IDA019SN	1602	identical-default	ibm/IDA/IDA019SN.asm	unique	tape
MVSSRC.SYM601.F07	sym6-1	FILE0007	IDA019ST	3734	identical-default	ibm/IDA/IDA019ST.asm	unique	tape
MVSSRC.SYM601.F07	sym6-1	FILE0007	IDA019SU	2447	identical-default	ibm/IDA/IDA019SU.asm	unique	tape
MVSSRC.SYM601.F08	sym6-1	FILE0008	IDA0192P	4685	identical-default	ibm/IDA/IDA0192P.asm	unique	tape
MVSSRC.SYM601.F08	sym6-1	FILE0008	IDA0192S	4170	identical-default	ibm/IDA/IDA0192S.asm	unique	tape
MVSSRC.SYM601.F08	sym6-1	FILE0008	IDA0192V	7292	identical-default	ibm/IDA/IDA0192V.asm	unique	tape
MVSSRC.SYM601.F08	sym6-1	FILE0008	IDA0192W	4630	identical-default	ibm/IDA/IDA0192W.asm	unique	tape
MVSSRC.SYM601.F08	sym6-1	FILE0008	IDA0192Y	11127	identical-default	ibm/IDA/IDA0192Y.asm	unique	tape
MVSSRC.SYM601.F08	sym6-1	FILE0008	IDA0192Z	8876	identical-default	ibm/IDA/IDA0192Z.asm	unique	tape
MVSSRC.SYM601.F08	sym6-1	FILE0008	IDA0195A	6112	identical-default	ibm/IDA/IDA0195A.asm	unique	tape
MVSSRC.SYM601.F08	sym6-1	FILE0008	IDA0200B	7530	identical-default	ibm/IDA/IDA0200B.asm	unique	tape
MVSSRC.SYM601.F08	sym6-1	FILE0008	IDA0200S	3626	identical-default	ibm/IDA/IDA0200S.asm	unique	tape
MVSSRC.SYM601.F08	sym6-1	FILE0008	IDA0200T	9212	identical-default	ibm/IDA/IDA0200T.asm	unique	tape
MVSSRC.SYM601.F08	sym6-1	FILE0008	IDA0231B	5466	identical-default	ibm/IDA/IDA0231B.asm	unique	tape
MVSSRC.SYM601.F08	sym6-1	FILE0008	IDA0231T	4607	identical-default	ibm/IDA/IDA0231T.asm	unique	tape
MVSSRC.SYM601.F09	sym6-1	FILE0009	IDA0557A	12957	identical-default	ibm/IDA/IDA0557A.asm	unique	tape
MVSSRC.SYM601.F09	sym6-1	FILE0009	IEAVNP11	4578	identical-default	ibm/IEA/IEAVNP11.asm	unique	tape
MVSSRC.SYM601.F09	sym6-1	FILE0009	IEAVNP12	3834	identical-default	ibm/IEA/IEAVNP12.asm	unique	tape
MVSSRC.SYM601.F09	sym6-1	FILE0009	IEAVNP1A	8635	identical-default	ibm/IEA/IEAVNP1A.asm	unique	tape
MVSSRC.SYM601.F09	sym6-1	FILE0009	IEAVNP1B	910	identical-default	ibm/IEA/IEAVNP1B.asm	unique	tape
MVSSRC.SYM601.F09	sym6-1	FILE0009	IEFNB902	2917	identical-default	ibm/IEF/IEFNB902.asm	unique	tape
MVSSRC.SYM601.F09	sym6-1	FILE0009	IFG0191X	5246	identical-default	ibm/IFG/IFG0191X.asm	unique	tape
MVSSRC.SYM601.F09	sym6-1	FILE0009	IFG0191Y	4846	identical-default	ibm/IFG/IFG0191Y.asm	unique	tape
MVSSRC.SYM601.F09	sym6-1	FILE0009	IFG0192A	620	identical-default	ibm/IFG/IFG0192A.asm	unique	tape
MVSSRC.SYM601.F09	sym6-1	FILE0009	IFG0200N	5442	identical-default	ibm/IFG/IFG0200N.asm	unique	tape
MVSSRC.SYM601.F09	sym6-1	FILE0009	IGG0CLAA	5144	identical-default	ibm/IGG/IGG0CLAA.asm	unique	tape
MVSSRC.SYM601.F09	sym6-1	FILE0009	IGG0CLAB	3686	identical-default	ibm/IGG/IGG0CLAB.asm	unique	tape
MVSSRC.SYM601.F09	sym6-1	FILE0009	IGG0CLAC	2430	identical-default	ibm/IGG/IGG0CLAC.asm	unique	tape
MVSSRC.SYM601.F09	sym6-1	FILE0009	IGG0CLAD	4844	identical-default	ibm/IGG/IGG0CLAD.asm	unique	tape
MVSSRC.SYM601.F09	sym6-1	FILE0009	IGG0CLAE	4595	identical-default	ibm/IGG/IGG0CLAE.asm	unique	tape
MVSSRC.SYM601.F09	sym6-1	FILE0009	IGG0CLAF	6149	identical-default	ibm/IGG/IGG0CLAF.asm	unique	tape
MVSSRC.SYM601.F10	sym6-1	FILE0010	IGG0CLAG	5009	identical-default	ibm/IGG/IGG0CLAG.asm	unique	tape
MVSSRC.SYM601.F10	sym6-1	FILE0010	IGG0CLAH	6309	identical-default	ibm/IGG/IGG0CLAH.asm	unique	tape
MVSSRC.SYM601.F10	sym6-1	FILE0010	IGG0CLAI	4983	identical-default	ibm/IGG/IGG0CLAI.asm	unique	tape
MVSSRC.SYM601.F10	sym6-1	FILE0010	IGG0CLAJ	4754	identical-default	ibm/IGG/IGG0CLAJ.asm	unique	tape
MVSSRC.SYM601.F10	sym6-1	FILE0010	IGG0CLAK	5070	identical-default	ibm/IGG/IGG0CLAK.asm	unique	tape
MVSSRC.SYM601.F10	sym6-1	FILE0010	IGG0CLAL	6219	identical-default	ibm/IGG/IGG0CLAL.asm	unique	tape
MVSSRC.SYM601.F10	sym6-1	FILE0010	IGG0CLAM	4167	identical-default	ibm/IGG/IGG0CLAM.asm	unique	tape
MVSSRC.SYM601.F10	sym6-1	FILE0010	IGG0CLAN	5784	identical-default	ibm/IGG/IGG0CLAN.asm	unique	tape
MVSSRC.SYM601.F10	sym6-1	FILE0010	IGG0CLAO	4258	identical-default	ibm/IGG/IGG0CLAO.asm	unique	tape
MVSSRC.SYM601.F10	sym6-1	FILE0010	IGG0CLAP	4409	identical-default	ibm/IGG/IGG0CLAP.asm	unique	tape
MVSSRC.SYM601.F10	sym6-1	FILE0010	IGG0CLAQ	5825	identical-default	ibm/IGG/IGG0CLAQ.asm	unique	tape
MVSSRC.SYM601.F10	sym6-1	FILE0010	IGG0CLAR	3073	identical-default	ibm/IGG/IGG0CLAR.asm	unique	tape
MVSSRC.SYM601.F10	sym6-1	FILE0010	IGG0CLAS	4993	identical-default	ibm/IGG/IGG0CLAS.asm	unique	tape
MVSSRC.SYM601.F10	sym6-1	FILE0010	IGG0CLAT	6845	identical-default	ibm/IGG/IGG0CLAT.asm	unique	tape
MVSSRC.SYM601.F10	sym6-1	FILE0010	IGG0CLAU	3886	identical-default	ibm/IGG/IGG0CLAU.asm	unique	tape
MVSSRC.SYM601.F10	sym6-1	FILE0010	IGG0CLAV	3777	identical-default	ibm/IGG/IGG0CLAV.asm	unique	tape
MVSSRC.SYM601.F11	sym6-1	FILE0011	IGG0CLA0	785	identical-default	ibm/IGG/IGG0CLA0.asm	unique	tape
MVSSRC.SYM601.F11	sym6-1	FILE0011	IGG0CLA1	1315	identical-default	ibm/IGG/IGG0CLA1.asm	unique	tape
MVSSRC.SYM601.F11	sym6-1	FILE0011	IGG0CLA2	4779	identical-default	ibm/IGG/IGG0CLA2.asm	unique	tape
MVSSRC.SYM601.F11	sym6-1	FILE0011	IGG0CLA3	5676	identical-default	ibm/IGG/IGG0CLA3.asm	unique	tape
MVSSRC.SYM601.F11	sym6-1	FILE0011	IGG0CLA4	6091	identical-default	ibm/IGG/IGG0CLA4.asm	unique	tape
MVSSRC.SYM601.F11	sym6-1	FILE0011	IGG0CLA5	4928	identical-default	ibm/IGG/IGG0CLA5.asm	unique	tape
MVSSRC.SYM601.F11	sym6-1	FILE0011	IGG0CLA6	4287	identical-default	ibm/IGG/IGG0CLA6.asm	unique	tape
MVSSRC.SYM601.F11	sym6-1	FILE0011	IGG0CLA7	6807	identical-default	ibm/IGG/IGG0CLA7.asm	unique	tape
MVSSRC.SYM601.F11	sym6-1	FILE0011	IGG0CLA8	3088	identical-default	ibm/IGG/IGG0CLA8.asm	unique	tape
MVSSRC.SYM601.F11	sym6-1	FILE0011	IGG0CLA9	5865	identical-default	ibm/IGG/IGG0CLA9.asm	unique	tape
MVSSRC.SYM601.F11	sym6-1	FILE0011	IGG0CLAW	4398	identical-default	ibm/IGG/IGG0CLAW.asm	unique	tape
MVSSRC.SYM601.F11	sym6-1	FILE0011	IGG0CLAX	4637	identical-default	ibm/IGG/IGG0CLAX.asm	unique	tape
MVSSRC.SYM601.F11	sym6-1	FILE0011	IGG0CLAY	3076	identical-default	ibm/IGG/IGG0CLAY.asm	unique	tape
MVSSRC.SYM601.F11	sym6-1	FILE0011	IGG0CLAZ	4612	identical-default	ibm/IGG/IGG0CLAZ.asm	unique	tape
MVSSRC.SYM601.F11	sym6-1	FILE0011	IGG0CLBA	4239	identical-default	ibm/IGG/IGG0CLBA.asm	unique	tape
MVSSRC.SYM601.F11	sym6-1	FILE0011	IGG0CLBB	5380	identical-default	ibm/IGG/IGG0CLBB.asm	unique	tape
MVSSRC.SYM601.F11	sym6-1	FILE0011	IGG0CLBC	3687	identical-default	ibm/IGG/IGG0CLBC.asm	unique	tape
MVSSRC.SYM601.F11	sym6-1	FILE0011	IGG0CLBD	5275	identical-default	ibm/IGG/IGG0CLBD.asm	unique	tape
MVSSRC.SYM601.F12	sym6-1	FILE0012	IGG0CLBE	4868	identical-default	ibm/IGG/IGG0CLBE.asm	unique	tape
MVSSRC.SYM601.F12	sym6-1	FILE0012	IGG0CLBF	2727	identical-default	ibm/IGG/IGG0CLBF.asm	unique	tape
MVSSRC.SYM601.F12	sym6-1	FILE0012	IGG0CLBG	6879	identical-default	ibm/IGG/IGG0CLBG.asm	unique	tape
MVSSRC.SYM601.F12	sym6-1	FILE0012	IGG0CLBH	3813	identical-default	ibm/IGG/IGG0CLBH.asm	unique	tape
MVSSRC.SYM601.F12	sym6-1	FILE0012	IGG0CLBI	4737	identical-default	ibm/IGG/IGG0CLBI.asm	unique	tape
MVSSRC.SYM601.F12	sym6-1	FILE0012	IGG0CLBJ	3325	identical-default	ibm/IGG/IGG0CLBJ.asm	unique	tape
MVSSRC.SYM601.F12	sym6-1	FILE0012	IGG0CLBK	4441	identical-default	ibm/IGG/IGG0CLBK.asm	unique	tape
MVSSRC.SYM601.F12	sym6-1	FILE0012	IGG0CLBL	6541	identical-default	ibm/IGG/IGG0CLBL.asm	unique	tape
MVSSRC.SYM601.F12	sym6-1	FILE0012	IGG0CLBM	5505	identical-default	ibm/IGG/IGG0CLBM.asm	unique	tape
MVSSRC.SYM601.F12	sym6-1	FILE0012	IGG0CLBN	5745	identical-default	ibm/IGG/IGG0CLBN.asm	unique	tape
MVSSRC.SYM601.F12	sym6-1	FILE0012	IGG0CLBO	5755	identical-default	ibm/IGG/IGG0CLBO.asm	unique	tape
MVSSRC.SYM601.F12	sym6-1	FILE0012	IGG0CLBP	7658	identical-default	ibm/IGG/IGG0CLBP.asm	unique	tape
MVSSRC.SYM601.F12	sym6-1	FILE0012	IGG0CLBQ	3096	identical-default	ibm/IGG/IGG0CLBQ.asm	unique	tape
MVSSRC.SYM601.F12	sym6-1	FILE0012	IGG0CLBR	3710	identical-default	ibm/IGG/IGG0CLBR.asm	unique	tape
MVSSRC.SYM601.F12	sym6-1	FILE0012	IGG0CLBS	4156	identical-default	ibm/IGG/IGG0CLBS.asm	unique	tape
MVSSRC.SYM601.F12	sym6-1	FILE0012	IGG0CLBT	3803	identical-default	ibm/IGG/IGG0CLBT.asm	unique	tape
MVSSRC.SYM601.F12	sym6-1	FILE0012	IGG0CLBU	3219	identical-default	ibm/IGG/IGG0CLBU.asm	unique	tape
MVSSRC.SYM601.F13	sym6-1	FILE0013	IGG0CLB0	5552	identical-default	ibm/IGG/IGG0CLB0.asm	unique	tape
MVSSRC.SYM601.F13	sym6-1	FILE0013	IGG0CLB1	4540	identical-default	ibm/IGG/IGG0CLB1.asm	unique	tape
MVSSRC.SYM601.F13	sym6-1	FILE0013	IGG0CLB2	4047	identical-default	ibm/IGG/IGG0CLB2.asm	unique	tape
MVSSRC.SYM601.F13	sym6-1	FILE0013	IGG0CLB3	3180	identical-default	ibm/IGG/IGG0CLB3.asm	unique	tape
MVSSRC.SYM601.F13	sym6-1	FILE0013	IGG0CLB4	6073	identical-default	ibm/IGG/IGG0CLB4.asm	unique	tape
MVSSRC.SYM601.F13	sym6-1	FILE0013	IGG0CLB5	6875	identical-default	ibm/IGG/IGG0CLB5.asm	unique	tape
MVSSRC.SYM601.F13	sym6-1	FILE0013	IGG0CLB6	5044	identical-default	ibm/IGG/IGG0CLB6.asm	unique	tape
MVSSRC.SYM601.F13	sym6-1	FILE0013	IGG0CLB7	4420	identical-default	ibm/IGG/IGG0CLB7.asm	unique	tape
MVSSRC.SYM601.F13	sym6-1	FILE0013	IGG0CLB8	5590	identical-default	ibm/IGG/IGG0CLB8.asm	unique	tape
MVSSRC.SYM601.F13	sym6-1	FILE0013	IGG0CLB9	5602	identical-default	ibm/IGG/IGG0CLB9.asm	unique	tape
MVSSRC.SYM601.F13	sym6-1	FILE0013	IGG0CLBV	6851	identical-default	ibm/IGG/IGG0CLBV.asm	unique	tape
MVSSRC.SYM601.F13	sym6-1	FILE0013	IGG0CLBW	4100	identical-default	ibm/IGG/IGG0CLBW.asm	unique	tape
MVSSRC.SYM601.F13	sym6-1	FILE0013	IGG0CLBX	5525	identical-default	ibm/IGG/IGG0CLBX.asm	unique	tape
MVSSRC.SYM601.F13	sym6-1	FILE0013	IGG0CLBY	4345	identical-default	ibm/IGG/IGG0CLBY.asm	unique	tape
MVSSRC.SYM601.F13	sym6-1	FILE0013	IGG0CLBZ	4514	identical-default	ibm/IGG/IGG0CLBZ.asm	unique	tape
MVSSRC.SYM601.F14	sym6-1	FILE0014	IGG0CLC9	9423	identical-default	ibm/IGG/IGG0CLC9.asm	unique	tape
MVSSRC.SYM601.F14	sym6-1	FILE0014	IGG0CLDA	4904	identical-default	ibm/IGG/IGG0CLDA.asm	unique	tape
MVSSRC.SYM601.F14	sym6-1	FILE0014	IGG0CLDC	4416	identical-default	ibm/IGG/IGG0CLDC.asm	unique	tape
MVSSRC.SYM601.F14	sym6-1	FILE0014	IGG0CLDD	4919	identical-default	ibm/IGG/IGG0CLDD.asm	unique	tape
MVSSRC.SYM601.F15	sym6-1	FILE0015	IDAVBPC1	1271	identical-default	ibm/IDA/IDAVBPC1.asm	unique	tape
MVSSRC.SYM601.F15	sym6-1	FILE0015	IDAVBPJ1	2794	identical-default	ibm/IDA/IDAVBPJ1.asm	unique	tape
MVSSRC.SYM601.F15	sym6-1	FILE0015	IDAVBPJ2	2349	identical-default	ibm/IDA/IDAVBPJ2.asm	unique	tape
MVSSRC.SYM601.F15	sym6-1	FILE0015	IDAVBPO1	2864	identical-default	ibm/IDA/IDAVBPO1.asm	unique	tape
MVSSRC.SYM601.F15	sym6-1	FILE0015	IDAVBPP1	2599	identical-default	ibm/IDA/IDAVBPP1.asm	unique	tape
MVSSRC.SYM601.F15	sym6-1	FILE0015	IDAVBPR1	2986	identical-default	ibm/IDA/IDAVBPR1.asm	unique	tape
MVSSRC.SYM601.F15	sym6-1	FILE0015	IDAVBPR2	1969	identical-default	ibm/IDA/IDAVBPR2.asm	unique	tape
MVSSRC.SYM601.F15	sym6-1	FILE0015	IDAVBPS1	1757	identical-default	ibm/IDA/IDAVBPS1.asm	unique	tape
MVSSRC.SYM601.F15	sym6-1	FILE0015	IDAVBPS2	2541	identical-default	ibm/IDA/IDAVBPS2.asm	unique	tape
MVSSRC.SYM601.F15	sym6-1	FILE0015	IDDWIAPP	5010	identical-default	ibm/IDD/IDDWIAPP.asm	unique	tape
MVSSRC.SYM601.F15	sym6-1	FILE0015	IDDWICLS	1943	identical-default	ibm/IDD/IDDWICLS.asm	unique	tape
MVSSRC.SYM601.F15	sym6-1	FILE0015	IDDWICPI	3700	identical-default	ibm/IDD/IDDWICPI.asm	unique	tape
MVSSRC.SYM601.F15	sym6-1	FILE0015	IDDWIFRR	3592	identical-default	ibm/IDD/IDDWIFRR.asm	unique	tape
MVSSRC.SYM601.F15	sym6-1	FILE0015	IDDWIJRN	3870	identical-default	ibm/IDD/IDDWIJRN.asm	unique	tape
MVSSRC.SYM601.F15	sym6-1	FILE0015	IDDWIMRG	1734	identical-default	ibm/IDD/IDDWIMRG.asm	unique	tape
MVSSRC.SYM601.F15	sym6-1	FILE0015	IDDWITRM	1618	identical-default	ibm/IDD/IDDWITRM.asm	unique	tape
MVSSRC.SYM601.F16	sym6-1	FILE0016	IGC0002F	3313	identical-default	ibm/IGC/IGC0002F.asm	unique	tape
MVSSRC.SYM601.F16	sym6-1	FILE0016	IGG026DU	108	identical-default	ibm/IGG/IGG026DU.asm	unique	tape
MVSSRC.SYM601.F16	sym6-1	FILE0016	IGG0CLCA	6760	identical-default	ibm/IGG/IGG0CLCA.asm	unique	tape
MVSSRC.SYM601.F16	sym6-1	FILE0016	IGG0CLCB	1184	identical-default	ibm/IGG/IGG0CLCB.asm	unique	tape
MVSSRC.SYM601.F16	sym6-1	FILE0016	IGG0CLCC	2996	identical-default	ibm/IGG/IGG0CLCC.asm	unique	tape
MVSSRC.SYM601.F16	sym6-1	FILE0016	IGG0CLCD	2729	identical-default	ibm/IGG/IGG0CLCD.asm	unique	tape
MVSSRC.SYM601.F16	sym6-1	FILE0016	IGG0CLCE	2113	identical-default	ibm/IGG/IGG0CLCE.asm	unique	tape
MVSSRC.SYM601.F16	sym6-1	FILE0016	IGG0CLCF	1615	identical-default	ibm/IGG/IGG0CLCF.asm	unique	tape
MVSSRC.SYM602.F01	sym6-2	FILE0001	IDCAL01	11093	identical-default	ibm/IDC/IDCAL01.asm	unique	tape
MVSSRC.SYM602.F01	sym6-2	FILE0001	IDCAM01	163	identical-default	ibm/IDC/IDCAM01.asm	unique	tape
MVSSRC.SYM602.F01	sym6-2	FILE0001	IDCAM02	167	identical-default	ibm/IDC/IDCAM02.asm	unique	tape
MVSSRC.SYM602.F01	sym6-2	FILE0001	IDCBI01	11219	identical-default	ibm/IDC/IDCBI01.asm	unique	tape
MVSSRC.SYM602.F01	sym6-2	FILE0001	IDCCC01	8364	identical-default	ibm/IDC/IDCCC01.asm	unique	tape
MVSSRC.SYM602.F01	sym6-2	FILE0001	IDCCDAL	329	identical-default	ibm/IDC/IDCCDAL.asm	unique	tape
MVSSRC.SYM602.F01	sym6-2	FILE0001	IDCCDBI	124	identical-default	ibm/IDC/IDCCDBI.asm	unique	tape
MVSSRC.SYM602.F01	sym6-2	FILE0001	IDCCDCC	121	identical-default	ibm/IDC/IDCCDCC.asm	unique	tape
MVSSRC.SYM602.F01	sym6-2	FILE0001	IDCCDCK	96	identical-default	ibm/IDC/IDCCDCK.asm	unique	tape
MVSSRC.SYM602.F01	sym6-2	FILE0001	IDCCDDE	1885	identical-default	ibm/IDC/IDCCDDE.asm	unique	tape
MVSSRC.SYM602.F01	sym6-2	FILE0001	IDCCDDL	137	identical-default	ibm/IDC/IDCCDDL.asm	unique	tape
MVSSRC.SYM602.F01	sym6-2	FILE0001	IDCCDLC	160	identical-default	ibm/IDC/IDCCDLC.asm	unique	tape
MVSSRC.SYM602.F01	sym6-2	FILE0001	IDCCDLR	132	identical-default	ibm/IDC/IDCCDLR.asm	unique	tape
MVSSRC.SYM602.F01	sym6-2	FILE0001	IDCCDMP	206	identical-default	ibm/IDC/IDCCDMP.asm	unique	tape
MVSSRC.SYM602.F01	sym6-2	FILE0001	IDCCDPM	175	identical-default	ibm/IDC/IDCCDPM.asm	unique	tape
MVSSRC.SYM602.F01	sym6-2	FILE0001	IDCCDPR	201	identical-default	ibm/IDC/IDCCDPR.asm	unique	tape
MVSSRC.SYM602.F01	sym6-2	FILE0001	IDCCDRC	172	identical-default	ibm/IDC/IDCCDRC.asm	unique	tape
MVSSRC.SYM602.F01	sym6-2	FILE0001	IDCCDRM	175	identical-default	ibm/IDC/IDCCDRM.asm	unique	tape
MVSSRC.SYM602.F01	sym6-2	FILE0001	IDCCDRP	185	identical-default	ibm/IDC/IDCCDRP.asm	unique	tape
MVSSRC.SYM602.F01	sym6-2	FILE0001	IDCCDRS	141	identical-default	ibm/IDC/IDCCDRS.asm	unique	tape
MVSSRC.SYM602.F01	sym6-2	FILE0001	IDCCDVY	86	identical-default	ibm/IDC/IDCCDVY.asm	unique	tape
MVSSRC.SYM602.F01	sym6-2	FILE0001	IDCCDXP	160	identical-default	ibm/IDC/IDCCDXP.asm	unique	tape
MVSSRC.SYM602.F01	sym6-2	FILE0001	IDCCK01	3780	identical-default	ibm/IDC/IDCCK01.asm	unique	tape
MVSSRC.SYM602.F01	sym6-2	FILE0001	IDCDB01	1112	identical-default	ibm/IDC/IDCDB01.asm	unique	tape
MVSSRC.SYM602.F01	sym6-2	FILE0001	IDCDB02	2094	identical-default	ibm/IDC/IDCDB02.asm	unique	tape
MVSSRC.SYM602.F01	sym6-2	FILE0001	IDCDE01	4974	identical-default	ibm/IDC/IDCDE01.asm	unique	tape
MVSSRC.SYM602.F01	sym6-2	FILE0001	IDCDE02	9612	identical-default	ibm/IDC/IDCDE02.asm	unique	tape
MVSSRC.SYM602.F01	sym6-2	FILE0001	IDCDE03	8431	identical-default	ibm/IDC/IDCDE03.asm	unique	tape
MVSSRC.SYM602.F01	sym6-2	FILE0001	IDCDL01	6777	identical-default	ibm/IDC/IDCDL01.asm	unique	tape
MVSSRC.SYM602.F01	sym6-2	FILE0001	IDCEX01	1018	identical-default	ibm/IDC/IDCEX01.asm	unique	tape
MVSSRC.SYM602.F01	sym6-2	FILE0001	IDCEX02	846	identical-default	ibm/IDC/IDCEX02.asm	unique	tape
MVSSRC.SYM602.F01	sym6-2	FILE0001	IDCEX03	838	identical-default	ibm/IDC/IDCEX03.asm	unique	tape
MVSSRC.SYM602.F01	sym6-2	FILE0001	IDCIO03	4876	identical-default	ibm/IDC/IDCIO03.asm	unique	tape
MVSSRC.SYM602.F02	sym6-2	FILE0002	IDCIO04	1106	identical-default	ibm/IDC/IDCIO04.asm	unique	tape
MVSSRC.SYM602.F02	sym6-2	FILE0002	IDCLC01	9324	identical-default	ibm/IDC/IDCLC01.asm	unique	tape
MVSSRC.SYM602.F02	sym6-2	FILE0002	IDCLC02	11084	identical-default	ibm/IDC/IDCLC02.asm	unique	tape
MVSSRC.SYM602.F02	sym6-2	FILE0002	IDCLR01	10594	identical-default	ibm/IDC/IDCLR01.asm	unique	tape
MVSSRC.SYM602.F02	sym6-2	FILE0002	IDCLR02	877	identical-default	ibm/IDC/IDCLR02.asm	unique	tape
MVSSRC.SYM602.F02	sym6-2	FILE0002	IDCMP01	14120	identical-default	ibm/IDC/IDCMP01.asm	unique	tape
MVSSRC.SYM602.F02	sym6-2	FILE0002	IDCPM01	1820	identical-default	ibm/IDC/IDCPM01.asm	unique	tape
MVSSRC.SYM602.F02	sym6-2	FILE0002	IDCPR01	3154	identical-default	ibm/IDC/IDCPR01.asm	unique	tape
MVSSRC.SYM602.F02	sym6-2	FILE0002	IDCRC01	7988	identical-default	ibm/IDC/IDCRC01.asm	unique	tape
MVSSRC.SYM602.F02	sym6-2	FILE0002	IDCRC02	8715	identical-default	ibm/IDC/IDCRC02.asm	unique	tape
MVSSRC.SYM602.F02	sym6-2	FILE0002	IDCRC03	848	identical-default	ibm/IDC/IDCRC03.asm	unique	tape
MVSSRC.SYM602.F02	sym6-2	FILE0002	IDCRC04	3693	identical-default	ibm/IDC/IDCRC04.asm	unique	tape
MVSSRC.SYM602.F02	sym6-2	FILE0002	IDCRIFF	79	identical-default	ibm/IDC/IDCRIFF.asm	unique	tape
MVSSRC.SYM602.F02	sym6-2	FILE0002	IDCRIKT	68	identical-default	ibm/IDC/IDCRIKT.asm	unique	tape
MVSSRC.SYM602.F02	sym6-2	FILE0002	IDCRILT	142	identical-default	ibm/IDC/IDCRILT.asm	unique	tape
MVSSRC.SYM602.F03	sym6-2	FILE0003	IDCRI01	13356	identical-default	ibm/IDC/IDCRI01.asm	unique	tape
MVSSRC.SYM602.F03	sym6-2	FILE0003	IDCRI02	1426	identical-default	ibm/IDC/IDCRI02.asm	unique	tape
MVSSRC.SYM602.F03	sym6-2	FILE0003	IDCRI03	1143	identical-default	ibm/IDC/IDCRI03.asm	unique	tape
MVSSRC.SYM602.F03	sym6-2	FILE0003	IDCRI04	9507	identical-default	ibm/IDC/IDCRI04.asm	unique	tape
MVSSRC.SYM602.F03	sym6-2	FILE0003	IDCRM01	17475	identical-default	ibm/IDC/IDCRM01.asm	unique	tape
MVSSRC.SYM602.F03	sym6-2	FILE0003	IDCRP01	7607	identical-default	ibm/IDC/IDCRP01.asm	unique	tape
MVSSRC.SYM602.F03	sym6-2	FILE0003	IDCRS01	13905	identical-default	ibm/IDC/IDCRS01.asm	unique	tape
MVSSRC.SYM602.F03	sym6-2	FILE0003	IDCRS02	12550	identical-default	ibm/IDC/IDCRS02.asm	unique	tape
MVSSRC.SYM602.F04	sym6-2	FILE0004	IDCRS03	11782	identical-default	ibm/IDC/IDCRS03.asm	unique	tape
MVSSRC.SYM602.F04	sym6-2	FILE0004	IDCRS04	6757	identical-default	ibm/IDC/IDCRS04.asm	unique	tape
MVSSRC.SYM602.F04	sym6-2	FILE0004	IDCRS05	10082	identical-default	ibm/IDC/IDCRS05.asm	unique	tape
MVSSRC.SYM602.F04	sym6-2	FILE0004	IDCRS06	10723	identical-default	ibm/IDC/IDCRS06.asm	unique	tape
MVSSRC.SYM602.F04	sym6-2	FILE0004	IDCRS07	9339	identical-default	ibm/IDC/IDCRS07.asm	unique	tape
MVSSRC.SYM602.F04	sym6-2	FILE0004	IDCSA01	2703	identical-default	ibm/IDC/IDCSA01.asm	unique	tape
MVSSRC.SYM602.F04	sym6-2	FILE0004	IDCSA02	10028	identical-default	ibm/IDC/IDCSA02.asm	unique	tape
MVSSRC.SYM602.F04	sym6-2	FILE0004	IDCSA03	1723	identical-default	ibm/IDC/IDCSA03.asm	unique	tape
MVSSRC.SYM602.F04	sym6-2	FILE0004	IDCSA05	1007	identical-default	ibm/IDC/IDCSA05.asm	unique	tape
MVSSRC.SYM602.F04	sym6-2	FILE0004	IDCSA08	10044	identical-default	ibm/IDC/IDCSA08.asm	unique	tape
MVSSRC.SYM602.F05	sym6-2	FILE0005	IDCTP01	6813	identical-default	ibm/IDC/IDCTP01.asm	unique	tape
MVSSRC.SYM602.F05	sym6-2	FILE0005	IDCTP04	3285	identical-default	ibm/IDC/IDCTP04.asm	unique	tape
MVSSRC.SYM602.F05	sym6-2	FILE0005	IDCTP05	1169	identical-default	ibm/IDC/IDCTP05.asm	unique	tape
MVSSRC.SYM602.F05	sym6-2	FILE0005	IDCTP06	2144	identical-default	ibm/IDC/IDCTP06.asm	unique	tape
MVSSRC.SYM602.F05	sym6-2	FILE0005	IDCTSAL0	705	identical-default	ibm/IDC/IDCTSAL0.asm	unique	tape
MVSSRC.SYM602.F05	sym6-2	FILE0005	IDCTSBI0	711	identical-default	ibm/IDC/IDCTSBI0.asm	unique	tape
MVSSRC.SYM602.F05	sym6-2	FILE0005	IDCTSCC0	462	identical-default	ibm/IDC/IDCTSCC0.asm	unique	tape
MVSSRC.SYM602.F05	sym6-2	FILE0005	IDCTSCK0	508	identical-default	ibm/IDC/IDCTSCK0.asm	unique	tape
MVSSRC.SYM602.F05	sym6-2	FILE0005	IDCTSDE0	733	identical-default	ibm/IDC/IDCTSDE0.asm	unique	tape
MVSSRC.SYM602.F05	sym6-2	FILE0005	IDCTSDL0	421	identical-default	ibm/IDC/IDCTSDL0.asm	unique	tape
MVSSRC.SYM602.F05	sym6-2	FILE0005	IDCTSEX0	371	identical-default	ibm/IDC/IDCTSEX0.asm	unique	tape
MVSSRC.SYM602.F05	sym6-2	FILE0005	IDCTSIO0	1181	identical-default	ibm/IDC/IDCTSIO0.asm	unique	tape
MVSSRC.SYM602.F05	sym6-2	FILE0005	IDCTSLC0	3170	identical-default	ibm/IDC/IDCTSLC0.asm	unique	tape
MVSSRC.SYM602.F05	sym6-2	FILE0005	IDCTSLC1	649	identical-default	ibm/IDC/IDCTSLC1.asm	unique	tape
MVSSRC.SYM602.F05	sym6-2	FILE0005	IDCTSLR0	751	identical-default	ibm/IDC/IDCTSLR0.asm	unique	tape
MVSSRC.SYM602.F05	sym6-2	FILE0005	IDCTSLR1	476	identical-default	ibm/IDC/IDCTSLR1.asm	unique	tape
MVSSRC.SYM602.F05	sym6-2	FILE0005	IDCTSMP0	751	identical-default	ibm/IDC/IDCTSMP0.asm	unique	tape
MVSSRC.SYM602.F05	sym6-2	FILE0005	IDCTSPR0	855	identical-default	ibm/IDC/IDCTSPR0.asm	unique	tape
MVSSRC.SYM602.F05	sym6-2	FILE0005	IDCTSRC0	825	identical-default	ibm/IDC/IDCTSRC0.asm	unique	tape
MVSSRC.SYM602.F05	sym6-2	FILE0005	IDCTSRI0	1130	identical-default	ibm/IDC/IDCTSRI0.asm	unique	tape
MVSSRC.SYM602.F05	sym6-2	FILE0005	IDCTSRI1	622	identical-default	ibm/IDC/IDCTSRI1.asm	unique	tape
MVSSRC.SYM602.F05	sym6-2	FILE0005	IDCTSRS0	2343	identical-default	ibm/IDC/IDCTSRS0.asm	unique	tape
MVSSRC.SYM602.F05	sym6-2	FILE0005	IDCTSSA0	346	identical-default	ibm/IDC/IDCTSSA0.asm	unique	tape
MVSSRC.SYM602.F05	sym6-2	FILE0005	IDCTSTP0	171	identical-default	ibm/IDC/IDCTSTP0.asm	unique	tape
MVSSRC.SYM602.F05	sym6-2	FILE0005	IDCTSTP1	175	identical-default	ibm/IDC/IDCTSTP1.asm	unique	tape
MVSSRC.SYM602.F05	sym6-2	FILE0005	IDCTSTP6	685	identical-default	ibm/IDC/IDCTSTP6.asm	unique	tape
MVSSRC.SYM602.F05	sym6-2	FILE0005	IDCTSUV0	512	identical-default	ibm/IDC/IDCTSUV0.asm	unique	tape
MVSSRC.SYM602.F05	sym6-2	FILE0005	IDCTSXP0	209	identical-default	ibm/IDC/IDCTSXP0.asm	unique	tape
MVSSRC.SYM602.F05	sym6-2	FILE0005	IDCVY01	1083	identical-default	ibm/IDC/IDCVY01.asm	unique	tape
MVSSRC.SYM602.F05	sym6-2	FILE0005	IDCXP01	8371	identical-default	ibm/IDC/IDCXP01.asm	unique	tape
MVSSRC.SYM602.F06	sym6-2	FILE0006	IGG01910	668	identical-default	ibm/IGG/IGG01910.asm	unique	tape
MVSSRC.SYM602.F06	sym6-2	FILE0006	IGG01911	930	identical-default	ibm/IGG/IGG01911.asm	unique	tape
MVSSRC.SYM602.F06	sym6-2	FILE0006	IGG01912	755	identical-default	ibm/IGG/IGG01912.asm	unique	tape
MVSSRC.SYM602.F06	sym6-2	FILE0006	IGG01913	578	identical-default	ibm/IGG/IGG01913.asm	unique	tape
MVSSRC.SYM602.F06	sym6-2	FILE0006	IGG01915	646	identical-default	ibm/IGG/IGG01915.asm	unique	tape
MVSSRC.SYM602.F06	sym6-2	FILE0006	IGG01916	380	identical-default	ibm/IGG/IGG01916.asm	unique	tape
MVSSRC.SYM602.F06	sym6-2	FILE0006	IGG01917	724	identical-default	ibm/IGG/IGG01917.asm	unique	tape
MVSSRC.SYM602.F06	sym6-2	FILE0006	IGG01918	615	identical-default	ibm/IGG/IGG01918.asm	unique	tape
MVSSRC.SYM602.F06	sym6-2	FILE0006	IGG01919	420	identical-default	ibm/IGG/IGG01919.asm	unique	tape
MVSSRC.SYM602.F06	sym6-2	FILE0006	IGG0191A	641	identical-default	ibm/IGG/IGG0191A.asm	unique	tape
MVSSRC.SYM602.F06	sym6-2	FILE0006	IGG0191B	647	identical-default	ibm/IGG/IGG0191B.asm	unique	tape
MVSSRC.SYM602.F06	sym6-2	FILE0006	IGG0191C	611	identical-default	ibm/IGG/IGG0191C.asm	unique	tape
MVSSRC.SYM602.F06	sym6-2	FILE0006	IGG0191D	841	identical-default	ibm/IGG/IGG0191D.asm	unique	tape
MVSSRC.SYM602.F06	sym6-2	FILE0006	IGG0191F	646	identical-default	ibm/IGG/IGG0191F.asm	unique	tape
MVSSRC.SYM602.F06	sym6-2	FILE0006	IGG0191G	509	identical-default	ibm/IGG/IGG0191G.asm	unique	tape
MVSSRC.SYM602.F06	sym6-2	FILE0006	IGG0191H	973	identical-default	ibm/IGG/IGG0191H.asm	unique	tape
MVSSRC.SYM602.F06	sym6-2	FILE0006	IGG0191I	641	identical-default	ibm/IGG/IGG0191I.asm	unique	tape
MVSSRC.SYM602.F06	sym6-2	FILE0006	IGG0191J	519	identical-default	ibm/IGG/IGG0191J.asm	unique	tape
MVSSRC.SYM602.F06	sym6-2	FILE0006	IGG0191K	817	identical-default	ibm/IGG/IGG0191K.asm	unique	tape
MVSSRC.SYM602.F06	sym6-2	FILE0006	IGG0191N	1135	identical-default	ibm/IGG/IGG0191N.asm	unique	tape
MVSSRC.SYM602.F06	sym6-2	FILE0006	IGG0191O	859	identical-default	ibm/IGG/IGG0191O.asm	unique	tape
MVSSRC.SYM602.F06	sym6-2	FILE0006	IGG0191P	467	identical-default	ibm/IGG/IGG0191P.asm	unique	tape
MVSSRC.SYM602.F06	sym6-2	FILE0006	IGG0191Q	674	identical-default	ibm/IGG/IGG0191Q.asm	unique	tape
MVSSRC.SYM602.F06	sym6-2	FILE0006	IGG0191R	412	identical-default	ibm/IGG/IGG0191R.asm	unique	tape
MVSSRC.SYM602.F06	sym6-2	FILE0006	IGG0191S	768	identical-default	ibm/IGG/IGG0191S.asm	unique	tape
MVSSRC.SYM602.F06	sym6-2	FILE0006	IGG0191T	852	identical-default	ibm/IGG/IGG0191T.asm	unique	tape
MVSSRC.SYM602.F06	sym6-2	FILE0006	IGG0191U	731	identical-default	ibm/IGG/IGG0191U.asm	unique	tape
MVSSRC.SYM602.F06	sym6-2	FILE0006	IGG0191V	830	identical-default	ibm/IGG/IGG0191V.asm	unique	tape
MVSSRC.SYM602.F06	sym6-2	FILE0006	IGG0191W	872	identical-default	ibm/IGG/IGG0191W.asm	unique	tape
MVSSRC.SYM602.F06	sym6-2	FILE0006	IGG0191X	772	identical-default	ibm/IGG/IGG0191X.asm	unique	tape
MVSSRC.SYM602.F06	sym6-2	FILE0006	IGG0191Y	624	identical-default	ibm/IGG/IGG0191Y.asm	unique	tape
MVSSRC.SYM602.F06	sym6-2	FILE0006	IGG0191Z	523	identical-default	ibm/IGG/IGG0191Z.asm	unique	tape
MVSSRC.SYM602.F06	sym6-2	FILE0006	IGG01923	441	identical-default	ibm/IGG/IGG01923.asm	unique	tape
MVSSRC.SYM602.F06	sym6-2	FILE0006	IGG01926	581	identical-default	ibm/IGG/IGG01926.asm	unique	tape
MVSSRC.SYM602.F06	sym6-2	FILE0006	IGG0193I	351	identical-default	ibm/IGG/IGG0193I.asm	unique	tape
MVSSRC.SYM602.F06	sym6-2	FILE0006	IGG0196A	723	identical-default	ibm/IGG/IGG0196A.asm	unique	tape
MVSSRC.SYM602.F06	sym6-2	FILE0006	IGG0196B	386	identical-default	ibm/IGG/IGG0196B.asm	unique	tape
MVSSRC.SYM602.F06	sym6-2	FILE0006	IGG0196I	513	identical-default	ibm/IGG/IGG0196I.asm	unique	tape
MVSSRC.SYM602.F06	sym6-2	FILE0006	IGG0196K	453	identical-default	ibm/IGG/IGG0196K.asm	unique	tape
MVSSRC.SYM602.F06	sym6-2	FILE0006	IGG0196L	499	identical-default	ibm/IGG/IGG0196L.asm	unique	tape
MVSSRC.SYM602.F06	sym6-2	FILE0006	IGG0196P	698	identical-default	ibm/IGG/IGG0196P.asm	unique	tape
MVSSRC.SYM602.F06	sym6-2	FILE0006	IGG0196Q	3531	identical-default	ibm/IGG/IGG0196Q.asm	unique	tape
MVSSRC.SYM602.F06	sym6-2	FILE0006	IGG0197E	813	identical-default	ibm/IGG/IGG0197E.asm	unique	tape
MVSSRC.SYM602.F06	sym6-2	FILE0006	IGG0197F	1020	identical-default	ibm/IGG/IGG0197F.asm	unique	tape
MVSSRC.SYM602.F06	sym6-2	FILE0006	IGG0197J	28	identical-default	ibm/IGG/IGG0197J.asm	unique	tape
MVSSRC.SYM602.F06	sym6-2	FILE0006	IGG0197K	28	identical-default	ibm/IGG/IGG0197K.asm	unique	tape
MVSSRC.SYM602.F06	sym6-2	FILE0006	IGG0197U	875	identical-default	ibm/IGG/IGG0197U.asm	unique	tape
MVSSRC.SYM602.F06	sym6-2	FILE0006	IGG01991	611	identical-default	ibm/IGG/IGG01991.asm	unique	tape
MVSSRC.SYM602.F06	sym6-2	FILE0006	IGG01992	380	identical-default	ibm/IGG/IGG01992.asm	unique	tape
MVSSRC.SYM602.F06	sym6-2	FILE0006	IGG01993	505	identical-default	ibm/IGG/IGG01993.asm	unique	tape
MVSSRC.SYM602.F06	sym6-2	FILE0006	IGG01994	404	identical-default	ibm/IGG/IGG01994.asm	unique	tape
MVSSRC.SYM602.F06	sym6-2	FILE0006	IGG0199K	983	identical-default	ibm/IGG/IGG0199K.asm	unique	tape
MVSSRC.SYM602.F06	sym6-2	FILE0006	IGG0199O	713	identical-default	ibm/IGG/IGG0199O.asm	unique	tape
MVSSRC.SYM602.F06	sym6-2	FILE0006	IGG019T2	1069	identical-default	ibm/IGG/IGG019T2.asm	unique	tape
MVSSRC.SYM602.F06	sym6-2	FILE0006	IGG019V6	1096	identical-default	ibm/IGG/IGG019V6.asm	unique	tape
MVSSRC.SYM602.F06	sym6-2	FILE0006	IGG0201A	775	identical-default	ibm/IGG/IGG0201A.asm	unique	tape
MVSSRC.SYM602.F06	sym6-2	FILE0006	IGG0201B	656	identical-default	ibm/IGG/IGG0201B.asm	unique	tape
MVSSRC.SYM602.F06	sym6-2	FILE0006	IGG0201X	495	identical-default	ibm/IGG/IGG0201X.asm	unique	tape
MVSSRC.SYM602.F06	sym6-2	FILE0006	IGG0201Y	547	identical-default	ibm/IGG/IGG0201Y.asm	unique	tape
MVSSRC.SYM602.F06	sym6-2	FILE0006	IGG0201Z	746	identical-default	ibm/IGG/IGG0201Z.asm	unique	tape
MVSSRC.SYM602.F06	sym6-2	FILE0006	IGG020T1	3133	identical-default	ibm/IGG/IGG020T1.asm	unique	tape
MVSSRC.SYM602.F06	sym6-2	FILE0006	IGG08101	945	identical-default	ibm/IGG/IGG08101.asm	unique	tape
MVSSRC.SYM602.F06	sym6-2	FILE0006	IGG08102	952	identical-default	ibm/IGG/IGG08102.asm	unique	tape
MVSSRC.SYM602.F06	sym6-2	FILE0006	IGG08103	653	identical-default	ibm/IGG/IGG08103.asm	unique	tape
MVSSRC.SYM602.F06	sym6-2	FILE0006	IGG08104	805	identical-default	ibm/IGG/IGG08104.asm	unique	tape
MVSSRC.SYM602.F06	sym6-2	FILE0006	IGG1AN	95	identical-default	ibm/IGG/IGG1AN.asm	unique	tape
MVSSRC.SYM602.F06	sym6-2	FILE0006	IGG1HN	95	identical-default	ibm/IGG/IGG1HN.asm	unique	tape
MVSSRC.SYM602.F06	sym6-2	FILE0006	IGG1PCAN	102	identical-default	ibm/IGG/IGG1PCAN.asm	unique	tape
MVSSRC.SYM602.F06	sym6-2	FILE0006	IGG1PCHN	102	identical-default	ibm/IGG/IGG1PCHN.asm	unique	tape
MVSSRC.SYM602.F06	sym6-2	FILE0006	IGG1PN	101	identical-default	ibm/IGG/IGG1PN.asm	unique	tape
MVSSRC.SYM602.F06	sym6-2	FILE0006	IGG1QN	95	identical-default	ibm/IGG/IGG1QN.asm	unique	tape
MVSSRC.SYM602.F06	sym6-2	FILE0006	IGG1QNC	95	identical-default	ibm/IGG/IGG1QNC.asm	unique	tape
MVSSRC.SYM602.F06	sym6-2	FILE0006	IGG1RN	96	identical-default	ibm/IGG/IGG1RN.asm	unique	tape
MVSSRC.SYM602.F06	sym6-2	FILE0006	IGG1SN	102	identical-default	ibm/IGG/IGG1SN.asm	unique	tape
MVSSRC.SYM602.F06	sym6-2	FILE0006	IGG1TN	108	identical-default	ibm/IGG/IGG1TN.asm	unique	tape
MVSSRC.SYM602.F06	sym6-2	FILE0006	IGG1XN	87	identical-default	ibm/IGG/IGG1XN.asm	unique	tape
MVSSRC.SYM602.F06	sym6-2	FILE0006	IGG1YN	108	identical-default	ibm/IGG/IGG1YN.asm	unique	tape
MVSSRC.SYM602.F06	sym6-2	FILE0006	IGG2A11	107	identical-default	ibm/IGG/IGG2A11.asm	unique	tape
MVSSRC.SYM602.F06	sym6-2	FILE0006	IGG2G11	111	identical-default	ibm/IGG/IGG2G11.asm	unique	tape
MVSSRC.SYM602.F06	sym6-2	FILE0006	IGG2H11	107	identical-default	ibm/IGG/IGG2H11.asm	unique	tape
MVSSRC.SYM602.F06	sym6-2	FILE0006	IGG2P11	111	identical-default	ibm/IGG/IGG2P11.asm	unique	tape
MVSSRC.SYM602.F06	sym6-2	FILE0006	IGG2T11	144	identical-default	ibm/IGG/IGG2T11.asm	unique	tape
MVSSRC.SYM602.F06	sym6-2	FILE0006	XTB1GFC	305	identical-default	ibm/XTB/XTB1GFC.asm	unique	tape
MVSSRC.SYM602.F06	sym6-2	FILE0006	XTB1GSC	305	identical-default	ibm/XTB/XTB1GSC.asm	unique	tape
MVSSRC.SYM602.F06	sym6-2	FILE0006	XTB1GUC	305	identical-default	ibm/XTB/XTB1GUC.asm	unique	tape
MVSSRC.SYM602.F07	sym6-2	FILE0007	IEAVNP16	2811	identical-default	ibm/IEA/IEAVNP16.asm	unique	tape
MVSSRC.SYM602.F07	sym6-2	FILE0007	IFG0190P	2	identical-default	ibm/IFG/IFG0190P.asm	unique	tape
MVSSRC.SYM602.F07	sym6-2	FILE0007	IFG0193A	845	identical-default	ibm/IFG/IFG0193A.asm	unique	tape
MVSSRC.SYM602.F07	sym6-2	FILE0007	IFG0193C	372	identical-default	ibm/IFG/IFG0193C.asm	unique	tape
MVSSRC.SYM602.F07	sym6-2	FILE0007	IFG0193D	772	identical-default	ibm/IFG/IFG0193D.asm	unique	tape
MVSSRC.SYM602.F07	sym6-2	FILE0007	IFG0193E	574	identical-default	ibm/IFG/IFG0193E.asm	unique	tape
MVSSRC.SYM602.F07	sym6-2	FILE0007	IFG0194A	2430	identical-default	ibm/IFG/IFG0194A.asm	unique	tape
MVSSRC.SYM602.F07	sym6-2	FILE0007	IFG0194C	3067	identical-default	ibm/IFG/IFG0194C.asm	unique	tape
MVSSRC.SYM602.F07	sym6-2	FILE0007	IFG0194F	2254	identical-default	ibm/IFG/IFG0194F.asm	unique	tape
MVSSRC.SYM602.F07	sym6-2	FILE0007	IFG0194J	2843	identical-default	ibm/IFG/IFG0194J.asm	unique	tape
MVSSRC.SYM602.F07	sym6-2	FILE0007	IFG0195A	372	identical-default	ibm/IFG/IFG0195A.asm	unique	tape
MVSSRC.SYM602.F07	sym6-2	FILE0007	IFG0195B	879	identical-default	ibm/IFG/IFG0195B.asm	unique	tape
MVSSRC.SYM602.F07	sym6-2	FILE0007	IFG0195C	350	identical-default	ibm/IFG/IFG0195C.asm	unique	tape
MVSSRC.SYM602.F07	sym6-2	FILE0007	IFG0195D	251	identical-default	ibm/IFG/IFG0195D.asm	unique	tape
MVSSRC.SYM602.F07	sym6-2	FILE0007	IFG0195G	201	identical-default	ibm/IFG/IFG0195G.asm	unique	tape
MVSSRC.SYM602.F07	sym6-2	FILE0007	IFG0195H	455	identical-default	ibm/IFG/IFG0195H.asm	unique	tape
MVSSRC.SYM602.F07	sym6-2	FILE0007	IFG0195J	236	identical-default	ibm/IFG/IFG0195J.asm	unique	tape
MVSSRC.SYM602.F07	sym6-2	FILE0007	IFG0195K	521	identical-default	ibm/IFG/IFG0195K.asm	unique	tape
MVSSRC.SYM602.F07	sym6-2	FILE0007	IFG0195N	424	identical-default	ibm/IFG/IFG0195N.asm	unique	tape
MVSSRC.SYM602.F07	sym6-2	FILE0007	IFG0195T	329	identical-default	ibm/IFG/IFG0195T.asm	unique	tape
MVSSRC.SYM602.F07	sym6-2	FILE0007	IFG0195U	501	identical-default	ibm/IFG/IFG0195U.asm	unique	tape
MVSSRC.SYM602.F07	sym6-2	FILE0007	IFG0195V	614	identical-default	ibm/IFG/IFG0195V.asm	unique	tape
MVSSRC.SYM602.F07	sym6-2	FILE0007	IFG0196J	628	identical-default	ibm/IFG/IFG0196J.asm	unique	tape
MVSSRC.SYM602.F07	sym6-2	FILE0007	IFG0196K	404	identical-default	ibm/IFG/IFG0196K.asm	unique	tape
MVSSRC.SYM602.F07	sym6-2	FILE0007	IFG0196L	794	identical-default	ibm/IFG/IFG0196L.asm	unique	tape
MVSSRC.SYM602.F07	sym6-2	FILE0007	IFG0196M	634	identical-default	ibm/IFG/IFG0196M.asm	unique	tape
MVSSRC.SYM602.F07	sym6-2	FILE0007	IFG0196N	483	identical-default	ibm/IFG/IFG0196N.asm	unique	tape
MVSSRC.SYM602.F07	sym6-2	FILE0007	IFG0196O	311	identical-default	ibm/IFG/IFG0196O.asm	unique	tape
MVSSRC.SYM602.F07	sym6-2	FILE0007	IFG0196Q	375	identical-default	ibm/IFG/IFG0196Q.asm	unique	tape
MVSSRC.SYM602.F07	sym6-2	FILE0007	IFG0196T	625	identical-default	ibm/IFG/IFG0196T.asm	unique	tape
MVSSRC.SYM602.F07	sym6-2	FILE0007	IFG0196U	372	identical-default	ibm/IFG/IFG0196U.asm	unique	tape
MVSSRC.SYM602.F07	sym6-2	FILE0007	IFG0196V	643	identical-default	ibm/IFG/IFG0196V.asm	unique	tape
MVSSRC.SYM602.F07	sym6-2	FILE0007	IFG0196W	634	identical-default	ibm/IFG/IFG0196W.asm	unique	tape
MVSSRC.SYM602.F07	sym6-2	FILE0007	IFG0196X	554	identical-default	ibm/IFG/IFG0196X.asm	unique	tape
MVSSRC.SYM602.F07	sym6-2	FILE0007	IFG0198N	824	identical-default	ibm/IFG/IFG0198N.asm	unique	tape
MVSSRC.SYM602.F07	sym6-2	FILE0007	IFG0199B	597	identical-default	ibm/IFG/IFG0199B.asm	unique	tape
MVSSRC.SYM602.F07	sym6-2	FILE0007	IFG0199D	541	identical-default	ibm/IFG/IFG0199D.asm	unique	tape
MVSSRC.SYM602.F07	sym6-2	FILE0007	IFG0199E	814	identical-default	ibm/IFG/IFG0199E.asm	unique	tape
MVSSRC.SYM602.F07	sym6-2	FILE0007	IFG019RA	3270	identical-default	ibm/IFG/IFG019RA.asm	unique	tape
MVSSRC.SYM602.F07	sym6-2	FILE0007	IFG019TR	284	identical-default	ibm/IFG/IFG019TR.asm	unique	tape
MVSSRC.SYM602.F07	sym6-2	FILE0007	IFG0200P	2	identical-default	ibm/IFG/IFG0200P.asm	unique	tape
MVSSRC.SYM602.F07	sym6-2	FILE0007	IFG0200V	565	identical-default	ibm/IFG/IFG0200V.asm	unique	tape
MVSSRC.SYM602.F07	sym6-2	FILE0007	IFG0200W	478	identical-default	ibm/IFG/IFG0200W.asm	unique	tape
MVSSRC.SYM602.F07	sym6-2	FILE0007	IFG0200Y	677	identical-default	ibm/IFG/IFG0200Y.asm	unique	tape
MVSSRC.SYM602.F07	sym6-2	FILE0007	IFG0200Z	591	identical-default	ibm/IFG/IFG0200Z.asm	unique	tape
MVSSRC.SYM602.F07	sym6-2	FILE0007	IFG0201R	549	identical-default	ibm/IFG/IFG0201R.asm	unique	tape
MVSSRC.SYM602.F07	sym6-2	FILE0007	IFG0202A	655	identical-default	ibm/IFG/IFG0202A.asm	unique	tape
MVSSRC.SYM602.F07	sym6-2	FILE0007	IFG0202B	648	identical-default	ibm/IFG/IFG0202B.asm	unique	tape
MVSSRC.SYM602.F07	sym6-2	FILE0007	IFG0202C	641	identical-default	ibm/IFG/IFG0202C.asm	unique	tape
MVSSRC.SYM602.F07	sym6-2	FILE0007	IFG0202D	491	identical-default	ibm/IFG/IFG0202D.asm	unique	tape
MVSSRC.SYM602.F07	sym6-2	FILE0007	IFG0202E	618	identical-default	ibm/IFG/IFG0202E.asm	unique	tape
MVSSRC.SYM602.F07	sym6-2	FILE0007	IFG0202F	586	identical-default	ibm/IFG/IFG0202F.asm	unique	tape
MVSSRC.SYM602.F07	sym6-2	FILE0007	IFG0202H	492	identical-default	ibm/IFG/IFG0202H.asm	unique	tape
MVSSRC.SYM602.F07	sym6-2	FILE0007	IFG0202I	604	identical-default	ibm/IFG/IFG0202I.asm	unique	tape
MVSSRC.SYM602.F07	sym6-2	FILE0007	IFG0202J	729	identical-default	ibm/IFG/IFG0202J.asm	unique	tape
MVSSRC.SYM602.F07	sym6-2	FILE0007	IFG0202K	956	identical-default	ibm/IFG/IFG0202K.asm	unique	tape
MVSSRC.SYM602.F07	sym6-2	FILE0007	IFG0202L	719	identical-default	ibm/IFG/IFG0202L.asm	unique	tape
MVSSRC.SYM602.F07	sym6-2	FILE0007	IFG0230P	2	identical-default	ibm/IFG/IFG0230P.asm	unique	tape
MVSSRC.SYM602.F07	sym6-2	FILE0007	IFG0232D	681	identical-default	ibm/IFG/IFG0232D.asm	unique	tape
MVSSRC.SYM602.F07	sym6-2	FILE0007	IFG0232G	622	identical-default	ibm/IFG/IFG0232G.asm	unique	tape
MVSSRC.SYM602.F07	sym6-2	FILE0007	IFG0232J	487	identical-default	ibm/IFG/IFG0232J.asm	unique	tape
MVSSRC.SYM602.F07	sym6-2	FILE0007	IFG0232M	728	identical-default	ibm/IFG/IFG0232M.asm	unique	tape
MVSSRC.SYM602.F07	sym6-2	FILE0007	IFG0232S	619	identical-default	ibm/IFG/IFG0232S.asm	unique	tape
MVSSRC.SYM602.F07	sym6-2	FILE0007	IFG0232Z	825	identical-default	ibm/IFG/IFG0232Z.asm	unique	tape
MVSSRC.SYM602.F07	sym6-2	FILE0007	IFG0550P	2	identical-default	ibm/IFG/IFG0550P.asm	unique	tape
MVSSRC.SYM602.F07	sym6-2	FILE0007	IFG0551B	683	identical-default	ibm/IFG/IFG0551B.asm	unique	tape
MVSSRC.SYM602.F07	sym6-2	FILE0007	IFG0551D	423	identical-default	ibm/IFG/IFG0551D.asm	unique	tape
MVSSRC.SYM602.F07	sym6-2	FILE0007	IFG0551F	713	identical-default	ibm/IFG/IFG0551F.asm	unique	tape
MVSSRC.SYM602.F07	sym6-2	FILE0007	IFG0551H	565	identical-default	ibm/IFG/IFG0551H.asm	unique	tape
MVSSRC.SYM602.F07	sym6-2	FILE0007	IFG0551L	1093	identical-default	ibm/IFG/IFG0551L.asm	unique	tape
MVSSRC.SYM602.F07	sym6-2	FILE0007	IFG0551P	337	identical-default	ibm/IFG/IFG0551P.asm	unique	tape
MVSSRC.SYM602.F07	sym6-2	FILE0007	IFG0551R	602	identical-default	ibm/IFG/IFG0551R.asm	unique	tape
MVSSRC.SYM602.F07	sym6-2	FILE0007	IFG0551T	381	identical-default	ibm/IFG/IFG0551T.asm	unique	tape
MVSSRC.SYM602.F07	sym6-2	FILE0007	IFG0552B	735	identical-default	ibm/IFG/IFG0552B.asm	unique	tape
MVSSRC.SYM602.F07	sym6-2	FILE0007	IFG0552D	274	identical-default	ibm/IFG/IFG0552D.asm	unique	tape
MVSSRC.SYM602.F07	sym6-2	FILE0007	IFG0552F	678	identical-default	ibm/IFG/IFG0552F.asm	unique	tape
MVSSRC.SYM602.F07	sym6-2	FILE0007	IFG0552N	320	identical-default	ibm/IFG/IFG0552N.asm	unique	tape
MVSSRC.SYM602.F07	sym6-2	FILE0007	IFG0552R	666	identical-default	ibm/IFG/IFG0552R.asm	unique	tape
MVSSRC.SYM602.F07	sym6-2	FILE0007	IFG0552T	523	identical-default	ibm/IFG/IFG0552T.asm	unique	tape
MVSSRC.SYM602.F07	sym6-2	FILE0007	IFG0552V	583	identical-default	ibm/IFG/IFG0552V.asm	unique	tape
MVSSRC.SYM602.F07	sym6-2	FILE0007	IFG0RR0A	3763	identical-default	ibm/IFG/IFG0RR0A.asm	unique	tape
MVSSRC.SYM602.F07	sym6-2	FILE0007	IFG0RR0B	8367	identical-default	ibm/IFG/IFG0RR0B.asm	unique	tape
MVSSRC.SYM602.F07	sym6-2	FILE0007	IFG0RR0E	3856	identical-default	ibm/IFG/IFG0RR0E.asm	unique	tape
MVSSRC.SYM602.F07	sym6-2	FILE0007	IFG0RR0F	2560	identical-default	ibm/IFG/IFG0RR0F.asm	unique	tape
MVSSRC.SYM602.F07	sym6-2	FILE0007	IFG0TC0A	4706	identical-default	ibm/IFG/IFG0TC0A.asm	unique	tape
MVSSRC.SYM602.F08	sym6-2	FILE0008	IFG0552X	817	identical-default	ibm/IFG/IFG0552X.asm	unique	tape
MVSSRC.SYM602.F08	sym6-2	FILE0008	IFG0553C	383	identical-default	ibm/IFG/IFG0553C.asm	unique	tape
MVSSRC.SYM602.F08	sym6-2	FILE0008	IFG0553F	1277	identical-default	ibm/IFG/IFG0553F.asm	unique	tape
MVSSRC.SYM602.F08	sym6-2	FILE0008	IFG0553H	262	identical-default	ibm/IFG/IFG0553H.asm	unique	tape
MVSSRC.SYM602.F08	sym6-2	FILE0008	IFG0553P	605	identical-default	ibm/IFG/IFG0553P.asm	unique	tape
MVSSRC.SYM602.F08	sym6-2	FILE0008	IFG0553X	976	identical-default	ibm/IFG/IFG0553X.asm	unique	tape
MVSSRC.SYM602.F08	sym6-2	FILE0008	IFG0553Z	363	identical-default	ibm/IFG/IFG0553Z.asm	unique	tape
MVSSRC.SYM602.F08	sym6-2	FILE0008	IFG0554B	726	identical-default	ibm/IFG/IFG0554B.asm	unique	tape
MVSSRC.SYM602.F08	sym6-2	FILE0008	IFG0554L	670	identical-default	ibm/IFG/IFG0554L.asm	unique	tape
MVSSRC.SYM602.F08	sym6-2	FILE0008	IFG0554N	519	identical-default	ibm/IFG/IFG0554N.asm	unique	tape
MVSSRC.SYM602.F08	sym6-2	FILE0008	IFG0554P	895	identical-default	ibm/IFG/IFG0554P.asm	unique	tape
MVSSRC.SYM602.F08	sym6-2	FILE0008	IFG0554T	688	identical-default	ibm/IFG/IFG0554T.asm	unique	tape
MVSSRC.SYM602.F08	sym6-2	FILE0008	IFG0554Z	414	identical-default	ibm/IFG/IFG0554Z.asm	unique	tape
MVSSRC.SYM602.F08	sym6-2	FILE0008	IFG0555B	475	identical-default	ibm/IFG/IFG0555B.asm	unique	tape
MVSSRC.SYM602.F08	sym6-2	FILE0008	IFG0555H	985	identical-default	ibm/IFG/IFG0555H.asm	unique	tape
MVSSRC.SYM602.F08	sym6-2	FILE0008	IFG0555J	518	identical-default	ibm/IFG/IFG0555J.asm	unique	tape
MVSSRC.SYM602.F08	sym6-2	FILE0008	IFG0558X	196	identical-default	ibm/IFG/IFG0558X.asm	unique	tape
MVSSRC.SYM602.F08	sym6-2	FILE0008	IGC0001I	604	identical-default	ibm/IGC/IGC0001I.asm	unique	tape
MVSSRC.SYM602.F08	sym6-2	FILE0008	IGC00020	753	identical-default	ibm/IGC/IGC00020.asm	unique	tape
MVSSRC.SYM602.F08	sym6-2	FILE0008	IGC0002B	1395	identical-default	ibm/IGC/IGC0002B.asm	unique	tape
MVSSRC.SYM602.F08	sym6-2	FILE0008	IGC0002C	727	identical-default	ibm/IGC/IGC0002C.asm	unique	tape
MVSSRC.SYM602.F08	sym6-2	FILE0008	IGC0003A	968	identical-default	ibm/IGC/IGC0003A.asm	unique	tape
MVSSRC.SYM602.F08	sym6-2	FILE0008	IGC0005E	1063	identical-default	ibm/IGC/IGC0005E.asm	unique	tape
MVSSRC.SYM602.F08	sym6-2	FILE0008	IGC0006D	412	identical-default	ibm/IGC/IGC0006D.asm	unique	tape
MVSSRC.SYM602.F08	sym6-2	FILE0008	IGC0010C	316	identical-default	ibm/IGC/IGC0010C.asm	unique	tape
MVSSRC.SYM602.F08	sym6-2	FILE0008	IGG0193K	2901	identical-default	ibm/IGG/IGG0193K.asm	unique	tape
MVSSRC.SYM602.F08	sym6-2	FILE0008	IGG0196M	2	identical-default	ibm/IGG/IGG0196M.asm	unique	tape
MVSSRC.SYM602.F08	sym6-2	FILE0008	IGG0203K	2022	identical-default	ibm/IGG/IGG0203K.asm	unique	tape
MVSSRC.SYM602.F08	sym6-2	FILE0008	IMDUSRFF	1480	identical-default	ibm/IMD/IMDUSRFF.asm	unique	tape
MVSSRC.SYM602.F08	sym6-2	FILE0008	READPSWD	447	identical-default	ibm/REA/READPSWD.asm	unique	tape
MVSSRC.SYM602.F08	sym6-2	FILE0008	SECLOADA	329	identical-default	ibm/SEC/SECLOADA.asm	unique	tape
MVSSRC.SYM602.F09	sym6-2	FILE0009	IGC0002A	842	identical-default	ibm/IGC/IGC0002A.asm	unique	tape
MVSSRC.SYM602.F09	sym6-2	FILE0009	IGC018	1793	identical-default	ibm/IGC/IGC018.asm	unique	tape
MVSSRC.SYM602.F09	sym6-2	FILE0009	IGG0210A	694	identical-default	ibm/IGG/IGG0210A.asm	unique	tape
MVSSRC.SYM602.F09	sym6-2	FILE0009	IGG021AB	892	identical-default	ibm/IGG/IGG021AB.asm	unique	tape
MVSSRC.SYM602.F10	sym6-2	FILE0010	IGC0002G	745	identical-default	ibm/IGC/IGC0002G.asm	unique	tape
MVSSRC.SYM602.F10	sym6-2	FILE0010	IGC0002I	829	identical-default	ibm/IGC/IGC0002I.asm	unique	tape
MVSSRC.SYM602.F10	sym6-2	FILE0010	IGC00030	695	identical-default	ibm/IGC/IGC00030.asm	unique	tape
MVSSRC.SYM602.F10	sym6-2	FILE0010	IGC0003B	390	identical-default	ibm/IGC/IGC0003B.asm	unique	tape
MVSSRC.SYM602.F10	sym6-2	FILE0010	IGC0007H	520	identical-default	ibm/IGC/IGC0007H.asm	unique	tape
MVSSRC.SYM602.F10	sym6-2	FILE0010	IGC0102G	1457	identical-default	ibm/IGC/IGC0102G.asm	unique	tape
MVSSRC.SYM602.F10	sym6-2	FILE0010	IGC0107H	451	identical-default	ibm/IGC/IGC0107H.asm	unique	tape
MVSSRC.SYM602.F10	sym6-2	FILE0010	IGG019EK	391	identical-default	ibm/IGG/IGG019EK.asm	unique	tape
MVSSRC.SYM602.F10	sym6-2	FILE0010	IGG020D0	405	identical-default	ibm/IGG/IGG020D0.asm	unique	tape
MVSSRC.SYM602.F10	sym6-2	FILE0010	IGG020D1	509	identical-default	ibm/IGG/IGG020D1.asm	unique	tape
MVSSRC.SYM602.F10	sym6-2	FILE0010	IGG020P1	820	identical-default	ibm/IGG/IGG020P1.asm	unique	tape
MVSSRC.SYM602.F10	sym6-2	FILE0010	IGG020P2	412	identical-default	ibm/IGG/IGG020P2.asm	unique	tape
MVSSRC.SYM602.F10	sym6-2	FILE0010	IGG020P3	370	identical-default	ibm/IGG/IGG020P3.asm	unique	tape
MVSSRC.SYM602.F10	sym6-2	FILE0010	IGG0290A	622	identical-default	ibm/IGG/IGG0290A.asm	unique	tape
MVSSRC.SYM602.F10	sym6-2	FILE0010	IGG0290B	495	identical-default	ibm/IGG/IGG0290B.asm	unique	tape
MVSSRC.SYM602.F10	sym6-2	FILE0010	IGG0290C	476	identical-default	ibm/IGG/IGG0290C.asm	unique	tape
MVSSRC.SYM602.F10	sym6-2	FILE0010	IGG0290D	677	identical-default	ibm/IGG/IGG0290D.asm	unique	tape
MVSSRC.SYM602.F10	sym6-2	FILE0010	IGG0290E	635	identical-default	ibm/IGG/IGG0290E.asm	unique	tape
MVSSRC.SYM602.F10	sym6-2	FILE0010	IGG0290F	1331	identical-default	ibm/IGG/IGG0290F.asm	unique	tape
MVSSRC.SYM602.F10	sym6-2	FILE0010	IGG0299A	530	identical-default	ibm/IGG/IGG0299A.asm	unique	tape
MVSSRC.SYM602.F10	sym6-2	FILE0010	IGG029DU	122	identical-default	ibm/IGG/IGG029DU.asm	unique	tape
MVSSRC.SYM602.F10	sym6-2	FILE0010	IGG03001	976	identical-default	ibm/IGG/IGG03001.asm	unique	tape
MVSSRC.SYM602.F10	sym6-2	FILE0010	IGG03002	559	identical-default	ibm/IGG/IGG03002.asm	unique	tape
MVSSRC.SYM602.F10	sym6-2	FILE0010	IGG030DU	105	identical-default	ibm/IGG/IGG030DU.asm	unique	tape
MVSSRC.SYM602.F10	sym6-2	FILE0010	IGG0325A	553	identical-default	ibm/IGG/IGG0325A.asm	unique	tape
MVSSRC.SYM602.F10	sym6-2	FILE0010	IGG0325B	708	identical-default	ibm/IGG/IGG0325B.asm	unique	tape
MVSSRC.SYM602.F10	sym6-2	FILE0010	IGG0325C	385	identical-default	ibm/IGG/IGG0325C.asm	unique	tape
MVSSRC.SYM602.F10	sym6-2	FILE0010	IGG0325D	510	identical-default	ibm/IGG/IGG0325D.asm	unique	tape
MVSSRC.SYM602.F10	sym6-2	FILE0010	IGG0325E	614	identical-default	ibm/IGG/IGG0325E.asm	unique	tape
MVSSRC.SYM602.F10	sym6-2	FILE0010	IGG0325G	509	identical-default	ibm/IGG/IGG0325G.asm	unique	tape
MVSSRC.SYM602.F10	sym6-2	FILE0010	IGG0325H	616	identical-default	ibm/IGG/IGG0325H.asm	unique	tape
MVSSRC.SYM602.F10	sym6-2	FILE0010	IGG0325I	3729	identical-default	ibm/IGG/IGG0325I.asm	unique	tape
MVSSRC.SYM602.F10	sym6-2	FILE0010	IGG0325K	377	identical-default	ibm/IGG/IGG0325K.asm	unique	tape
MVSSRC.SYM602.F10	sym6-2	FILE0010	IGG0325P	693	identical-default	ibm/IGG/IGG0325P.asm	unique	tape
MVSSRC.SYM602.F10	sym6-2	FILE0010	IGG0325Q	368	identical-default	ibm/IGG/IGG0325Q.asm	unique	tape
MVSSRC.SYM602.F10	sym6-2	FILE0010	IGG0325R	532	identical-default	ibm/IGG/IGG0325R.asm	unique	tape
MVSSRC.SYM602.F10	sym6-2	FILE0010	IGG0325T	467	identical-default	ibm/IGG/IGG0325T.asm	unique	tape
MVSSRC.SYM602.F10	sym6-2	FILE0010	IGG0325U	399	identical-default	ibm/IGG/IGG0325U.asm	unique	tape
MVSSRC.SYM602.F10	sym6-2	FILE0010	IGG0325V	341	identical-default	ibm/IGG/IGG0325V.asm	unique	tape
MVSSRC.SYM602.F10	sym6-2	FILE0010	IGG0325W	351	identical-default	ibm/IGG/IGG0325W.asm	unique	tape
MVSSRC.SYM602.F10	sym6-2	FILE0010	IGG0325Z	476	identical-default	ibm/IGG/IGG0325Z.asm	unique	tape
MVSSRC.SYM602.F10	sym6-2	FILE0010	IGG032I1	752	identical-default	ibm/IGG/IGG032I1.asm	unique	tape
MVSSRC.SYM602.F10	sym6-2	FILE0010	IGG032I2	579	identical-default	ibm/IGG/IGG032I2.asm	unique	tape
MVSSRC.SYM602.F10	sym6-2	FILE0010	IGG032I3	640	identical-default	ibm/IGG/IGG032I3.asm	unique	tape
MVSSRC.SYM602.F10	sym6-2	FILE0010	IGG032I4	492	identical-default	ibm/IGG/IGG032I4.asm	unique	tape
MVSSRC.SYM602.F10	sym6-2	FILE0010	IGG032I5	556	identical-default	ibm/IGG/IGG032I5.asm	unique	tape
MVSSRC.SYM602.F10	sym6-2	FILE0010	IGG032I6	516	identical-default	ibm/IGG/IGG032I6.asm	unique	tape
MVSSRC.SYM602.F10	sym6-2	FILE0010	IGG032I7	617	identical-default	ibm/IGG/IGG032I7.asm	unique	tape
MVSSRC.SYM602.F10	sym6-2	FILE0010	IGG032I8	512	identical-default	ibm/IGG/IGG032I8.asm	unique	tape
MVSSRC.SYM602.F10	sym6-2	FILE0010	IGG0553A	471	identical-default	ibm/IGG/IGG0553A.asm	unique	tape
MVSSRC.SYM602.F10	sym6-2	FILE0010	IGG0553B	559	identical-default	ibm/IGG/IGG0553B.asm	unique	tape
MVSSRC.SYM602.F10	sym6-2	FILE0010	IGG0553C	583	identical-default	ibm/IGG/IGG0553C.asm	unique	tape
MVSSRC.SYM602.F10	sym6-2	FILE0010	IGG0553D	468	identical-default	ibm/IGG/IGG0553D.asm	unique	tape
MVSSRC.SYM602.F10	sym6-2	FILE0010	IGG0553E	533	identical-default	ibm/IGG/IGG0553E.asm	unique	tape
MVSSRC.SYM602.F10	sym6-2	FILE0010	IGG0553F	336	identical-default	ibm/IGG/IGG0553F.asm	unique	tape
MVSSRC.SYM602.F10	sym6-2	FILE0010	IGG0553G	354	identical-default	ibm/IGG/IGG0553G.asm	unique	tape
MVSSRC.SYM602.F10	sym6-2	FILE0010	IGG0CLF2	418	identical-default	ibm/IGG/IGG0CLF2.asm	unique	tape
MVSSRC.SYM602.F11	sym6-2	FILE0011	IGC0005C	1848	identical-default	ibm/IGC/IGC0005C.asm	unique	tape
MVSSRC.SYM602.F11	sym6-2	FILE0011	IGC0005G	431	identical-default	ibm/IGC/IGC0005G.asm	unique	tape
MVSSRC.SYM602.F11	sym6-2	FILE0011	IGCT005C	5160	identical-default	ibm/IGC/IGCT005C.asm	unique	tape
MVSSRC.SYM602.F11	sym6-2	FILE0011	IGCT005G	5584	identical-default	ibm/IGC/IGCT005G.asm	unique	tape
MVSSRC.SYM602.F11	sym6-2	FILE0011	IGCT105C	5268	identical-default	ibm/IGC/IGCT105C.asm	unique	tape
MVSSRC.SYM602.F11	sym6-2	FILE0011	IGG0191L	564	identical-default	ibm/IGG/IGG0191L.asm	unique	tape
MVSSRC.SYM602.F11	sym6-2	FILE0011	IGG0191M	634	identical-default	ibm/IGG/IGG0191M.asm	unique	tape
MVSSRC.SYM602.F11	sym6-2	FILE0011	IGG0193A	2410	identical-default	ibm/IGG/IGG0193A.asm	unique	tape
MVSSRC.SYM602.F11	sym6-2	FILE0011	IGG0199L	768	identical-default	ibm/IGG/IGG0199L.asm	unique	tape
MVSSRC.SYM602.F11	sym6-2	FILE0011	IGG019BR	1680	identical-default	ibm/IGG/IGG019BR.asm	unique	tape
MVSSRC.SYM602.F11	sym6-2	FILE0011	IGG019BS	435	identical-default	ibm/IGG/IGG019BS.asm	unique	tape
MVSSRC.SYM602.F11	sym6-2	FILE0011	IGG019BT	255	identical-default	ibm/IGG/IGG019BT.asm	unique	tape
MVSSRC.SYM602.F11	sym6-2	FILE0011	IGG019BU	222	identical-default	ibm/IGG/IGG019BU.asm	unique	tape
MVSSRC.SYM602.F11	sym6-2	FILE0011	IGG019BV	320	identical-default	ibm/IGG/IGG019BV.asm	unique	tape
MVSSRC.SYM602.F11	sym6-2	FILE0011	IGG019DA	527	identical-default	ibm/IGG/IGG019DA.asm	unique	tape
MVSSRC.SYM602.F11	sym6-2	FILE0011	IGG019DB	534	identical-default	ibm/IGG/IGG019DB.asm	unique	tape
MVSSRC.SYM602.F11	sym6-2	FILE0011	IGG019DC	275	identical-default	ibm/IGG/IGG019DC.asm	unique	tape
MVSSRC.SYM602.F11	sym6-2	FILE0011	IGG019DD	809	identical-default	ibm/IGG/IGG019DD.asm	unique	tape
MVSSRC.SYM602.F11	sym6-2	FILE0011	IGG019JA	863	identical-default	ibm/IGG/IGG019JA.asm	unique	tape
MVSSRC.SYM602.F11	sym6-2	FILE0011	IGG019JB	840	identical-default	ibm/IGG/IGG019JB.asm	unique	tape
MVSSRC.SYM602.F11	sym6-2	FILE0011	IGG019KA	1034	identical-default	ibm/IGG/IGG019KA.asm	unique	tape
MVSSRC.SYM602.F11	sym6-2	FILE0011	IGG019KC	277	identical-default	ibm/IGG/IGG019KC.asm	unique	tape
MVSSRC.SYM602.F11	sym6-2	FILE0011	IGG019KE	324	identical-default	ibm/IGG/IGG019KE.asm	unique	tape
MVSSRC.SYM602.F11	sym6-2	FILE0011	IGG019KF	505	identical-default	ibm/IGG/IGG019KF.asm	unique	tape
MVSSRC.SYM602.F11	sym6-2	FILE0011	IGG019KG	264	identical-default	ibm/IGG/IGG019KG.asm	unique	tape
MVSSRC.SYM602.F11	sym6-2	FILE0011	IGG019KH	304	identical-default	ibm/IGG/IGG019KH.asm	unique	tape
MVSSRC.SYM602.F11	sym6-2	FILE0011	IGG019KI	247	identical-default	ibm/IGG/IGG019KI.asm	unique	tape
MVSSRC.SYM602.F11	sym6-2	FILE0011	IGG019KJ	2154	identical-default	ibm/IGG/IGG019KJ.asm	unique	tape
MVSSRC.SYM602.F11	sym6-2	FILE0011	IGG019KK	300	identical-default	ibm/IGG/IGG019KK.asm	unique	tape
MVSSRC.SYM602.F11	sym6-2	FILE0011	IGG019KL	541	identical-default	ibm/IGG/IGG019KL.asm	unique	tape
MVSSRC.SYM602.F11	sym6-2	FILE0011	IGG019KM	617	identical-default	ibm/IGG/IGG019KM.asm	unique	tape
MVSSRC.SYM602.F11	sym6-2	FILE0011	IGG019KN	1032	identical-default	ibm/IGG/IGG019KN.asm	unique	tape
MVSSRC.SYM602.F11	sym6-2	FILE0011	IGG019KO	361	identical-default	ibm/IGG/IGG019KO.asm	unique	tape
MVSSRC.SYM602.F11	sym6-2	FILE0011	IGG019KQ	299	identical-default	ibm/IGG/IGG019KQ.asm	unique	tape
MVSSRC.SYM602.F11	sym6-2	FILE0011	IGG019KR	598	identical-default	ibm/IGG/IGG019KR.asm	unique	tape
MVSSRC.SYM602.F11	sym6-2	FILE0011	IGG019KU	725	identical-default	ibm/IGG/IGG019KU.asm	unique	tape
MVSSRC.SYM602.F11	sym6-2	FILE0011	IGG019KW	367	identical-default	ibm/IGG/IGG019KW.asm	unique	tape
MVSSRC.SYM602.F11	sym6-2	FILE0011	IGG019KY	219	identical-default	ibm/IGG/IGG019KY.asm	unique	tape
MVSSRC.SYM602.F11	sym6-2	FILE0011	IGG019LA	223	identical-default	ibm/IGG/IGG019LA.asm	unique	tape
MVSSRC.SYM602.F11	sym6-2	FILE0011	IGG019LC	293	identical-default	ibm/IGG/IGG019LC.asm	unique	tape
MVSSRC.SYM602.F11	sym6-2	FILE0011	IGG019LE	659	identical-default	ibm/IGG/IGG019LE.asm	unique	tape
MVSSRC.SYM602.F11	sym6-2	FILE0011	IGG019LI	211	identical-default	ibm/IGG/IGG019LI.asm	unique	tape
MVSSRC.SYM602.F11	sym6-2	FILE0011	IGG0203A	788	identical-default	ibm/IGG/IGG0203A.asm	unique	tape
MVSSRC.SYM602.F12	sym6-2	FILE0012	IGC0005D	330	identical-default	ibm/IGC/IGC0005D.asm	unique	tape
MVSSRC.SYM602.F12	sym6-2	FILE0012	IGG01920	568	identical-default	ibm/IGG/IGG01920.asm	unique	tape
MVSSRC.SYM602.F12	sym6-2	FILE0012	IGG01921	497	identical-default	ibm/IGG/IGG01921.asm	unique	tape
MVSSRC.SYM602.F12	sym6-2	FILE0012	IGG01922	488	identical-default	ibm/IGG/IGG01922.asm	unique	tape
MVSSRC.SYM602.F12	sym6-2	FILE0012	IGG01924	506	identical-default	ibm/IGG/IGG01924.asm	unique	tape
MVSSRC.SYM602.F12	sym6-2	FILE0012	IGG01928	528	identical-default	ibm/IGG/IGG01928.asm	unique	tape
MVSSRC.SYM602.F12	sym6-2	FILE0012	IGG01929	453	identical-default	ibm/IGG/IGG01929.asm	unique	tape
MVSSRC.SYM602.F12	sym6-2	FILE0012	IGG0192A	527	identical-default	ibm/IGG/IGG0192A.asm	unique	tape
MVSSRC.SYM602.F12	sym6-2	FILE0012	IGG0192B	471	identical-default	ibm/IGG/IGG0192B.asm	unique	tape
MVSSRC.SYM602.F12	sym6-2	FILE0012	IGG0192C	594	identical-default	ibm/IGG/IGG0192C.asm	unique	tape
MVSSRC.SYM602.F12	sym6-2	FILE0012	IGG0192D	553	identical-default	ibm/IGG/IGG0192D.asm	unique	tape
MVSSRC.SYM602.F12	sym6-2	FILE0012	IGG0192E	485	identical-default	ibm/IGG/IGG0192E.asm	unique	tape
MVSSRC.SYM602.F12	sym6-2	FILE0012	IGG0192F	376	identical-default	ibm/IGG/IGG0192F.asm	unique	tape
MVSSRC.SYM602.F12	sym6-2	FILE0012	IGG0192G	646	identical-default	ibm/IGG/IGG0192G.asm	unique	tape
MVSSRC.SYM602.F12	sym6-2	FILE0012	IGG0192H	713	identical-default	ibm/IGG/IGG0192H.asm	unique	tape
MVSSRC.SYM602.F12	sym6-2	FILE0012	IGG0192I	455	identical-default	ibm/IGG/IGG0192I.asm	unique	tape
MVSSRC.SYM602.F12	sym6-2	FILE0012	IGG0192J	429	identical-default	ibm/IGG/IGG0192J.asm	unique	tape
MVSSRC.SYM602.F12	sym6-2	FILE0012	IGG0192K	437	identical-default	ibm/IGG/IGG0192K.asm	unique	tape
MVSSRC.SYM602.F12	sym6-2	FILE0012	IGG0192L	340	identical-default	ibm/IGG/IGG0192L.asm	unique	tape
MVSSRC.SYM602.F12	sym6-2	FILE0012	IGG0192M	323	identical-default	ibm/IGG/IGG0192M.asm	unique	tape
MVSSRC.SYM602.F12	sym6-2	FILE0012	IGG0192N	323	identical-default	ibm/IGG/IGG0192N.asm	unique	tape
MVSSRC.SYM602.F12	sym6-2	FILE0012	IGG0192O	419	identical-default	ibm/IGG/IGG0192O.asm	unique	tape
MVSSRC.SYM602.F12	sym6-2	FILE0012	IGG0192P	458	identical-default	ibm/IGG/IGG0192P.asm	unique	tape
MVSSRC.SYM602.F12	sym6-2	FILE0012	IGG0192Q	313	identical-default	ibm/IGG/IGG0192Q.asm	unique	tape
MVSSRC.SYM602.F12	sym6-2	FILE0012	IGG0192R	581	identical-default	ibm/IGG/IGG0192R.asm	unique	tape
MVSSRC.SYM602.F12	sym6-2	FILE0012	IGG0192S	643	identical-default	ibm/IGG/IGG0192S.asm	unique	tape
MVSSRC.SYM602.F12	sym6-2	FILE0012	IGG0192T	467	identical-default	ibm/IGG/IGG0192T.asm	unique	tape
MVSSRC.SYM602.F12	sym6-2	FILE0012	IGG0192U	653	identical-default	ibm/IGG/IGG0192U.asm	unique	tape
MVSSRC.SYM602.F12	sym6-2	FILE0012	IGG0192V	552	identical-default	ibm/IGG/IGG0192V.asm	unique	tape
MVSSRC.SYM602.F12	sym6-2	FILE0012	IGG0192W	542	identical-default	ibm/IGG/IGG0192W.asm	unique	tape
MVSSRC.SYM602.F12	sym6-2	FILE0012	IGG0192X	339	identical-default	ibm/IGG/IGG0192X.asm	unique	tape
MVSSRC.SYM602.F12	sym6-2	FILE0012	IGG0192Z	318	identical-default	ibm/IGG/IGG0192Z.asm	unique	tape
MVSSRC.SYM602.F12	sym6-2	FILE0012	IGG01950	559	identical-default	ibm/IGG/IGG01950.asm	unique	tape
MVSSRC.SYM602.F12	sym6-2	FILE0012	IGG0195D	470	identical-default	ibm/IGG/IGG0195D.asm	unique	tape
MVSSRC.SYM602.F12	sym6-2	FILE0012	IGG0195G	486	identical-default	ibm/IGG/IGG0195G.asm	unique	tape
MVSSRC.SYM602.F12	sym6-2	FILE0012	IGG0195T	640	identical-default	ibm/IGG/IGG0195T.asm	unique	tape
MVSSRC.SYM602.F12	sym6-2	FILE0012	IGG0195U	486	identical-default	ibm/IGG/IGG0195U.asm	unique	tape
MVSSRC.SYM602.F12	sym6-2	FILE0012	IGG0196C	290	identical-default	ibm/IGG/IGG0196C.asm	unique	tape
MVSSRC.SYM602.F12	sym6-2	FILE0012	IGG0196D	648	identical-default	ibm/IGG/IGG0196D.asm	unique	tape
MVSSRC.SYM602.F12	sym6-2	FILE0012	IGG0196G	630	identical-default	ibm/IGG/IGG0196G.asm	unique	tape
MVSSRC.SYM602.F12	sym6-2	FILE0012	IGG019G0	957	identical-default	ibm/IGG/IGG019G0.asm	unique	tape
MVSSRC.SYM602.F12	sym6-2	FILE0012	IGG019G1	965	identical-default	ibm/IGG/IGG019G1.asm	unique	tape
MVSSRC.SYM602.F12	sym6-2	FILE0012	IGG019G2	907	identical-default	ibm/IGG/IGG019G2.asm	unique	tape
MVSSRC.SYM602.F12	sym6-2	FILE0012	IGG019G3	990	identical-default	ibm/IGG/IGG019G3.asm	unique	tape
MVSSRC.SYM602.F12	sym6-2	FILE0012	IGG019G4	1168	identical-default	ibm/IGG/IGG019G4.asm	unique	tape
MVSSRC.SYM602.F12	sym6-2	FILE0012	IGG019G5	1189	identical-default	ibm/IGG/IGG019G5.asm	unique	tape
MVSSRC.SYM602.F12	sym6-2	FILE0012	IGG019G6	1279	identical-default	ibm/IGG/IGG019G6.asm	unique	tape
MVSSRC.SYM602.F12	sym6-2	FILE0012	IGG019G7	1402	identical-default	ibm/IGG/IGG019G7.asm	unique	tape
MVSSRC.SYM602.F12	sym6-2	FILE0012	IGG019G8	659	identical-default	ibm/IGG/IGG019G8.asm	unique	tape
MVSSRC.SYM602.F12	sym6-2	FILE0012	IGG019G9	750	identical-default	ibm/IGG/IGG019G9.asm	unique	tape
MVSSRC.SYM602.F12	sym6-2	FILE0012	IGG019GA	1863	identical-default	ibm/IGG/IGG019GA.asm	unique	tape
MVSSRC.SYM602.F12	sym6-2	FILE0012	IGG019GB	1860	identical-default	ibm/IGG/IGG019GB.asm	unique	tape
MVSSRC.SYM602.F12	sym6-2	FILE0012	IGG019GC	977	identical-default	ibm/IGG/IGG019GC.asm	unique	tape
MVSSRC.SYM602.F12	sym6-2	FILE0012	IGG019GD	1135	identical-default	ibm/IGG/IGG019GD.asm	unique	tape
MVSSRC.SYM602.F12	sym6-2	FILE0012	IGG019GE	49	identical-default	ibm/IGG/IGG019GE.asm	unique	tape
MVSSRC.SYM602.F12	sym6-2	FILE0012	IGG019GF	53	identical-default	ibm/IGG/IGG019GF.asm	unique	tape
MVSSRC.SYM602.F12	sym6-2	FILE0012	IGG019GG	776	identical-default	ibm/IGG/IGG019GG.asm	unique	tape
MVSSRC.SYM602.F12	sym6-2	FILE0012	IGG019GN	1257	identical-default	ibm/IGG/IGG019GN.asm	unique	tape
MVSSRC.SYM602.F12	sym6-2	FILE0012	IGG019GO	1389	identical-default	ibm/IGG/IGG019GO.asm	unique	tape
MVSSRC.SYM602.F12	sym6-2	FILE0012	IGG019GW	1309	identical-default	ibm/IGG/IGG019GW.asm	unique	tape
MVSSRC.SYM602.F12	sym6-2	FILE0012	IGG019GZ	1296	identical-default	ibm/IGG/IGG019GZ.asm	unique	tape
MVSSRC.SYM602.F12	sym6-2	FILE0012	IGG019H3	838	identical-default	ibm/IGG/IGG019H3.asm	unique	tape
MVSSRC.SYM602.F12	sym6-2	FILE0012	IGG019HA	598	identical-default	ibm/IGG/IGG019HA.asm	unique	tape
MVSSRC.SYM602.F12	sym6-2	FILE0012	IGG019HB	1803	identical-default	ibm/IGG/IGG019HB.asm	unique	tape
MVSSRC.SYM602.F12	sym6-2	FILE0012	IGG019HD	583	identical-default	ibm/IGG/IGG019HD.asm	unique	tape
MVSSRC.SYM602.F12	sym6-2	FILE0012	IGG019HF	342	identical-default	ibm/IGG/IGG019HF.asm	unique	tape
MVSSRC.SYM602.F12	sym6-2	FILE0012	IGG019HG	644	identical-default	ibm/IGG/IGG019HG.asm	unique	tape
MVSSRC.SYM602.F12	sym6-2	FILE0012	IGG019HH	257	identical-default	ibm/IGG/IGG019HH.asm	unique	tape
MVSSRC.SYM602.F12	sym6-2	FILE0012	IGG019HI	550	identical-default	ibm/IGG/IGG019HI.asm	unique	tape
MVSSRC.SYM602.F12	sym6-2	FILE0012	IGG019HJ	120	identical-default	ibm/IGG/IGG019HJ.asm	unique	tape
MVSSRC.SYM602.F12	sym6-2	FILE0012	IGG019HK	369	identical-default	ibm/IGG/IGG019HK.asm	unique	tape
MVSSRC.SYM602.F12	sym6-2	FILE0012	IGG019HL	92	identical-default	ibm/IGG/IGG019HL.asm	unique	tape
MVSSRC.SYM602.F12	sym6-2	FILE0012	IGG019HN	1883	identical-default	ibm/IGG/IGG019HN.asm	unique	tape
MVSSRC.SYM602.F12	sym6-2	FILE0012	IGG019HP	36	identical-default	ibm/IGG/IGG019HP.asm	unique	tape
MVSSRC.SYM602.F12	sym6-2	FILE0012	IGG019I1	1987	identical-default	ibm/IGG/IGG019I1.asm	unique	tape
MVSSRC.SYM602.F12	sym6-2	FILE0012	IGG019I2	2018	identical-default	ibm/IGG/IGG019I2.asm	unique	tape
MVSSRC.SYM602.F12	sym6-2	FILE0012	IGG019I9	754	identical-default	ibm/IGG/IGG019I9.asm	unique	tape
MVSSRC.SYM602.F12	sym6-2	FILE0012	IGG019IA	1906	identical-default	ibm/IGG/IGG019IA.asm	unique	tape
MVSSRC.SYM602.F12	sym6-2	FILE0012	IGG019IB	1944	identical-default	ibm/IGG/IGG019IB.asm	unique	tape
MVSSRC.SYM602.F12	sym6-2	FILE0012	IGG019IE	56	identical-default	ibm/IGG/IGG019IE.asm	unique	tape
MVSSRC.SYM602.F12	sym6-2	FILE0012	IGG019IF	52	identical-default	ibm/IGG/IGG019IF.asm	unique	tape
MVSSRC.SYM602.F12	sym6-2	FILE0012	IGG019IN	1272	identical-default	ibm/IGG/IGG019IN.asm	unique	tape
MVSSRC.SYM602.F12	sym6-2	FILE0012	IGG019IO	1429	identical-default	ibm/IGG/IGG019IO.asm	unique	tape
MVSSRC.SYM602.F12	sym6-2	FILE0012	IGG019IZ	1704	identical-default	ibm/IGG/IGG019IZ.asm	unique	tape
MVSSRC.SYM602.F12	sym6-2	FILE0012	IGG019J0	733	identical-default	ibm/IGG/IGG019J0.asm	unique	tape
MVSSRC.SYM602.F12	sym6-2	FILE0012	IGG019J3	812	identical-default	ibm/IGG/IGG019J3.asm	unique	tape
MVSSRC.SYM602.F12	sym6-2	FILE0012	IGG019JC	176	identical-default	ibm/IGG/IGG019JC.asm	unique	tape
MVSSRC.SYM602.F12	sym6-2	FILE0012	IGG019JG	342	identical-default	ibm/IGG/IGG019JG.asm	unique	tape
MVSSRC.SYM602.F12	sym6-2	FILE0012	IGG019JH	1538	identical-default	ibm/IGG/IGG019JH.asm	unique	tape
MVSSRC.SYM602.F12	sym6-2	FILE0012	IGG019JI	574	identical-default	ibm/IGG/IGG019JI.asm	unique	tape
MVSSRC.SYM602.F12	sym6-2	FILE0012	IGG019JJ	35	identical-default	ibm/IGG/IGG019JJ.asm	unique	tape
MVSSRC.SYM602.F12	sym6-2	FILE0012	IGG019JK	33	identical-default	ibm/IGG/IGG019JK.asm	unique	tape
MVSSRC.SYM602.F12	sym6-2	FILE0012	IGG019JL	44	identical-default	ibm/IGG/IGG019JL.asm	unique	tape
MVSSRC.SYM602.F12	sym6-2	FILE0012	IGG019JM	45	identical-default	ibm/IGG/IGG019JM.asm	unique	tape
MVSSRC.SYM602.F12	sym6-2	FILE0012	IGG019JN	66	identical-default	ibm/IGG/IGG019JN.asm	unique	tape
MVSSRC.SYM602.F12	sym6-2	FILE0012	IGG019JO	65	identical-default	ibm/IGG/IGG019JO.asm	unique	tape
MVSSRC.SYM602.F12	sym6-2	FILE0012	IGG019JP	65	identical-default	ibm/IGG/IGG019JP.asm	unique	tape
MVSSRC.SYM602.F12	sym6-2	FILE0012	IGG019JQ	64	identical-default	ibm/IGG/IGG019JQ.asm	unique	tape
MVSSRC.SYM602.F12	sym6-2	FILE0012	IGG019JR	64	identical-default	ibm/IGG/IGG019JR.asm	unique	tape
MVSSRC.SYM602.F12	sym6-2	FILE0012	IGG019JS	68	identical-default	ibm/IGG/IGG019JS.asm	unique	tape
MVSSRC.SYM602.F12	sym6-2	FILE0012	IGG019JT	65	identical-default	ibm/IGG/IGG019JT.asm	unique	tape
MVSSRC.SYM602.F12	sym6-2	FILE0012	IGG019JU	70	identical-default	ibm/IGG/IGG019JU.asm	unique	tape
MVSSRC.SYM602.F12	sym6-2	FILE0012	IGG019JV	277	identical-default	ibm/IGG/IGG019JV.asm	unique	tape
MVSSRC.SYM602.F12	sym6-2	FILE0012	IGG019JW	257	identical-default	ibm/IGG/IGG019JW.asm	unique	tape
MVSSRC.SYM602.F12	sym6-2	FILE0012	IGG019JX	347	identical-default	ibm/IGG/IGG019JX.asm	unique	tape
MVSSRC.SYM602.F12	sym6-2	FILE0012	IGG02028	681	identical-default	ibm/IGG/IGG02028.asm	unique	tape
MVSSRC.SYM602.F12	sym6-2	FILE0012	IGG02029	745	identical-default	ibm/IGG/IGG02029.asm	unique	tape
MVSSRC.SYM602.F12	sym6-2	FILE0012	IGG0202A	662	identical-default	ibm/IGG/IGG0202A.asm	unique	tape
MVSSRC.SYM602.F12	sym6-2	FILE0012	IGG0202B	732	identical-default	ibm/IGG/IGG0202B.asm	unique	tape
MVSSRC.SYM602.F12	sym6-2	FILE0012	IGG0202D	523	identical-default	ibm/IGG/IGG0202D.asm	unique	tape
MVSSRC.SYM602.F12	sym6-2	FILE0012	IGG0202I	610	identical-default	ibm/IGG/IGG0202I.asm	unique	tape
MVSSRC.SYM602.F12	sym6-2	FILE0012	IGG0202J	717	identical-default	ibm/IGG/IGG0202J.asm	unique	tape
MVSSRC.SYM602.F12	sym6-2	FILE0012	IGG0202K	438	identical-default	ibm/IGG/IGG0202K.asm	unique	tape
MVSSRC.SYM602.F12	sym6-2	FILE0012	IGG0202L	706	identical-default	ibm/IGG/IGG0202L.asm	unique	tape
MVSSRC.SYM602.F12	sym6-2	FILE0012	IGG0202M	744	identical-default	ibm/IGG/IGG0202M.asm	unique	tape
MVSSRC.SYM602.F12	sym6-2	FILE0012	IGG0202N	386	identical-default	ibm/IGG/IGG0202N.asm	unique	tape
MVSSRC.SYM602.F13	sym6-2	FILE0013	IGC0506C	688	identical-default	ibm/IGC/IGC0506C.asm	unique	tape
MVSSRC.SYM602.F13	sym6-2	FILE0013	IGC0G05B	886	identical-default	ibm/IGC/IGC0G05B.asm	unique	tape
MVSSRC.SYM602.F13	sym6-2	FILE0013	IGC0G95B	767	identical-default	ibm/IGC/IGC0G95B.asm	unique	tape
MVSSRC.SYM602.F13	sym6-2	FILE0013	IGC0H05B	995	identical-default	ibm/IGC/IGC0H05B.asm	unique	tape
MVSSRC.SYM602.F13	sym6-2	FILE0013	IGC0I05B	590	identical-default	ibm/IGC/IGC0I05B.asm	unique	tape
MVSSRC.SYM602.F13	sym6-2	FILE0013	IGC0K05B	1513	identical-default	ibm/IGC/IGC0K05B.asm	unique	tape
MVSSRC.SYM602.F13	sym6-2	FILE0013	IGC0L05B	702	identical-default	ibm/IGC/IGC0L05B.asm	unique	tape
MVSSRC.SYM602.F13	sym6-2	FILE0013	IGC0M05B	1273	identical-default	ibm/IGC/IGC0M05B.asm	unique	tape
MVSSRC.SYM602.F13	sym6-2	FILE0013	IGC0N05B	1278	identical-default	ibm/IGC/IGC0N05B.asm	unique	tape
MVSSRC.SYM602.F13	sym6-2	FILE0013	IGC0N06C	499	identical-default	ibm/IGC/IGC0N06C.asm	unique	tape
MVSSRC.SYM602.F13	sym6-2	FILE0013	IGC0P05B	631	identical-default	ibm/IGC/IGC0P05B.asm	unique	tape
MVSSRC.SYM602.F13	sym6-2	FILE0013	IGC0Q05B	371	identical-default	ibm/IGC/IGC0Q05B.asm	unique	tape
MVSSRC.SYM602.F13	sym6-2	FILE0013	IGC0R05B	1217	identical-default	ibm/IGC/IGC0R05B.asm	unique	tape
MVSSRC.SYM602.F13	sym6-2	FILE0013	IGC0S05B	1437	identical-default	ibm/IGC/IGC0S05B.asm	unique	tape
MVSSRC.SYM602.F13	sym6-2	FILE0013	IGC0T05B	932	identical-default	ibm/IGC/IGC0T05B.asm	unique	tape
MVSSRC.SYM602.F13	sym6-2	FILE0013	IGC0U05B	904	identical-default	ibm/IGC/IGC0U05B.asm	unique	tape
MVSSRC.SYM602.F13	sym6-2	FILE0013	IGC0W05B	681	identical-default	ibm/IGC/IGC0W05B.asm	unique	tape
MVSSRC.SYM602.F13	sym6-2	FILE0013	IGCMSG6C	481	identical-default	ibm/IGC/IGCMSG6C.asm	unique	tape
MVSSRC.SYM602.F13	sym6-2	FILE0013	IGG019SI	109	identical-default	ibm/IGG/IGG019SI.asm	unique	tape
MVSSRC.SYM602.F13	sym6-2	FILE0013	IHJACP00	1445	identical-default	ibm/IHJ/IHJACP00.asm	unique	tape
MVSSRC.SYM602.F13	sym6-2	FILE0013	IHJACP01	693	identical-default	ibm/IHJ/IHJACP01.asm	unique	tape
MVSSRC.SYM602.F13	sym6-2	FILE0013	IHJACP02	475	identical-default	ibm/IHJ/IHJACP02.asm	unique	tape
MVSSRC.SYM602.F13	sym6-2	FILE0013	IHJACP20	333	identical-default	ibm/IHJ/IHJACP20.asm	unique	tape
MVSSRC.SYM602.F13	sym6-2	FILE0013	IHJACP25	894	identical-default	ibm/IHJ/IHJACP25.asm	unique	tape
MVSSRC.SYM602.F13	sym6-2	FILE0013	IHJACP50	723	identical-default	ibm/IHJ/IHJACP50.asm	unique	tape
MVSSRC.SYM602.F13	sym6-2	FILE0013	IHJACP70	479	identical-default	ibm/IHJ/IHJACP70.asm	unique	tape
MVSSRC.SYM602.F13	sym6-2	FILE0013	IHJARS00	625	identical-default	ibm/IHJ/IHJARS00.asm	unique	tape
MVSSRC.SYM602.F13	sym6-2	FILE0013	IHJARS01	485	identical-default	ibm/IHJ/IHJARS01.asm	unique	tape
MVSSRC.SYM602.F13	sym6-2	FILE0013	IHJARS60	391	identical-default	ibm/IHJ/IHJARS60.asm	unique	tape
MVSSRC.SYM602.F13	sym6-2	FILE0013	IHJQCP30	783	identical-default	ibm/IHJ/IHJQCP30.asm	unique	tape
MVSSRC.SYM602.F13	sym6-2	FILE0013	IHJQCP31	1583	identical-default	ibm/IHJ/IHJQCP31.asm	unique	tape
MVSSRC.SYM602.F13	sym6-2	FILE0013	IHJQCP32	853	identical-default	ibm/IHJ/IHJQCP32.asm	unique	tape
MVSSRC.SYM602.F13	sym6-2	FILE0013	IHJQRS20	736	identical-default	ibm/IHJ/IHJQRS20.asm	unique	tape
MVSSRC.SYM602.F13	sym6-2	FILE0013	IHJQRS21	1027	identical-default	ibm/IHJ/IHJQRS21.asm	unique	tape
MVSSRC.SYM602.F13	sym6-2	FILE0013	IHJQRS22	705	identical-default	ibm/IHJ/IHJQRS22.asm	unique	tape
MVSSRC.SYM602.F13	sym6-2	FILE0013	IHJQRS23	424	identical-default	ibm/IHJ/IHJQRS23.asm	unique	tape
MVSSRC.SYM602.F13	sym6-2	FILE0013	IHJQRS24	604	identical-default	ibm/IHJ/IHJQRS24.asm	unique	tape
MVSSRC.SYM701.F01	sym7	FILE0001	ICB2IOBX	48	identical-default	ibm/ICB/ICB2IOBX.asm	unique	tape
MVSSRC.SYM701.F01	sym7	FILE0001	ICBACREL	1125	identical-default	ibm/ICB/ICBACREL.asm	unique	tape
MVSSRC.SYM701.F01	sym7	FILE0001	ICBASDAS	683	identical-default	ibm/ICB/ICBASDAS.asm	unique	tape
MVSSRC.SYM701.F01	sym7	FILE0001	ICBCOTB	826	identical-default	ibm/ICB/ICBCOTB.asm	unique	tape
MVSSRC.SYM701.F01	sym7	FILE0001	ICBCOVC	1148	identical-default	ibm/ICB/ICBCOVC.asm	unique	tape
MVSSRC.SYM701.F01	sym7	FILE0001	ICBDEFV	1190	identical-default	ibm/ICB/ICBDEFV.asm	unique	tape
MVSSRC.SYM701.F01	sym7	FILE0001	ICBMCRT	767	identical-default	ibm/ICB/ICBMCRT.asm	unique	tape
MVSSRC.SYM701.F01	sym7	FILE0001	ICBMESG	78	identical-default	ibm/ICB/ICBMESG.asm	unique	tape
MVSSRC.SYM701.F01	sym7	FILE0001	ICBMNTDE	1345	identical-default	ibm/ICB/ICBMNTDE.asm	unique	tape
MVSSRC.SYM701.F01	sym7	FILE0001	ICBMODC	429	identical-default	ibm/ICB/ICBMODC.asm	unique	tape
MVSSRC.SYM701.F01	sym7	FILE0001	ICBNULLC	381	identical-default	ibm/ICB/ICBNULLC.asm	unique	tape
MVSSRC.SYM701.F01	sym7	FILE0001	ICBPAIR	897	identical-default	ibm/ICB/ICBPAIR.asm	unique	tape
MVSSRC.SYM701.F01	sym7	FILE0001	ICBQUERY	784	identical-default	ibm/ICB/ICBQUERY.asm	unique	tape
MVSSRC.SYM701.F01	sym7	FILE0001	ICBRQUE	30	identical-default	ibm/ICB/ICBRQUE.asm	unique	tape
MVSSRC.SYM701.F01	sym7	FILE0001	ICBSELTM	372	identical-default	ibm/ICB/ICBSELTM.asm	unique	tape
MVSSRC.SYM701.F01	sym7	FILE0001	ICBSUSP	603	identical-default	ibm/ICB/ICBSUSP.asm	unique	tape
MVSSRC.SYM701.F01	sym7	FILE0001	ICBTRACE	607	identical-default	ibm/ICB/ICBTRACE.asm	unique	tape
MVSSRC.SYM701.F01	sym7	FILE0001	ICBTUNE	768	identical-default	ibm/ICB/ICBTUNE.asm	unique	tape
MVSSRC.SYM701.F01	sym7	FILE0001	ICBVARY	956	identical-default	ibm/ICB/ICBVARY.asm	unique	tape
MVSSRC.SYM701.F01	sym7	FILE0001	ICBVOLTB	37	identical-default	ibm/ICB/ICBVOLTB.asm	unique	tape
MVSSRC.SYM701.F01	sym7	FILE0001	ICBVVIC	76	identical-default	ibm/ICB/ICBVVIC.asm	unique	tape
MVSSRC.SYM701.F01	sym7	FILE0001	ICGDSMA1	31	identical-default	ibm/ICG/ICGDSMA1.asm	unique	tape
MVSSRC.SYM701.F01	sym7	FILE0001	ICGDSMA2	17	identical-default	ibm/ICG/ICGDSMA2.asm	unique	tape
MVSSRC.SYM701.F01	sym7	FILE0001	ICGDSMA3	16	identical-default	ibm/ICG/ICGDSMA3.asm	unique	tape
MVSSRC.SYM701.F01	sym7	FILE0001	ICGDSMA4	17	identical-default	ibm/ICG/ICGDSMA4.asm	unique	tape
MVSSRC.SYM701.F01	sym7	FILE0001	ICGDSMA5	121	identical-default	ibm/ICG/ICGDSMA5.asm	unique	tape
MVSSRC.SYM701.F01	sym7	FILE0001	ICGDSMAC	410	identical-default	ibm/ICG/ICGDSMAC.asm	unique	tape
MVSSRC.SYM701.F01	sym7	FILE0001	IDCCSAU	120	identical-default	ibm/IDC/IDCCSAU.asm	unique	tape
MVSSRC.SYM701.F01	sym7	FILE0001	IDCCSAV	63	identical-default	ibm/IDC/IDCCSAV.asm	unique	tape
MVSSRC.SYM701.F01	sym7	FILE0001	IDCCSCH	48	identical-default	ibm/IDC/IDCCSCH.asm	unique	tape
MVSSRC.SYM701.F01	sym7	FILE0001	IDCCSCN	90	identical-default	ibm/IDC/IDCCSCN.asm	unique	tape
MVSSRC.SYM701.F01	sym7	FILE0001	IDCCSCO	98	identical-default	ibm/IDC/IDCCSCO.asm	unique	tape
MVSSRC.SYM701.F01	sym7	FILE0001	IDCCSCP	59	identical-default	ibm/IDC/IDCCSCP.asm	unique	tape
MVSSRC.SYM701.F01	sym7	FILE0001	IDCCSCV	99	identical-default	ibm/IDC/IDCCSCV.asm	unique	tape
MVSSRC.SYM701.F01	sym7	FILE0001	IDCCSDU	130	identical-default	ibm/IDC/IDCCSDU.asm	unique	tape
MVSSRC.SYM701.F01	sym7	FILE0001	IDCCSEC	38	identical-default	ibm/IDC/IDCCSEC.asm	unique	tape
MVSSRC.SYM701.F01	sym7	FILE0001	IDCCSEV	51	identical-default	ibm/IDC/IDCCSEV.asm	unique	tape
MVSSRC.SYM701.F01	sym7	FILE0001	IDCCSGR	93	identical-default	ibm/IDC/IDCCSGR.asm	unique	tape
MVSSRC.SYM701.F01	sym7	FILE0001	IDCCSLD	113	identical-default	ibm/IDC/IDCCSLD.asm	unique	tape
MVSSRC.SYM701.F01	sym7	FILE0001	IDCCSLM	72	identical-default	ibm/IDC/IDCCSLM.asm	unique	tape
MVSSRC.SYM701.F01	sym7	FILE0001	IDCCSLV	115	identical-default	ibm/IDC/IDCCSLV.asm	unique	tape
MVSSRC.SYM701.F01	sym7	FILE0001	IDCCSMC	117	identical-default	ibm/IDC/IDCCSMC.asm	unique	tape
MVSSRC.SYM701.F01	sym7	FILE0001	IDCCSMG	111	identical-default	ibm/IDC/IDCCSMG.asm	unique	tape
MVSSRC.SYM701.F01	sym7	FILE0001	IDCCSMV	120	identical-default	ibm/IDC/IDCCSMV.asm	unique	tape
MVSSRC.SYM701.F01	sym7	FILE0001	IDCCSNC	47	identical-default	ibm/IDC/IDCCSNC.asm	unique	tape
MVSSRC.SYM701.F01	sym7	FILE0001	IDCCSRD	567	identical-default	ibm/IDC/IDCCSRD.asm	unique	tape
MVSSRC.SYM701.F01	sym7	FILE0001	IDCCSRL	34	identical-default	ibm/IDC/IDCCSRL.asm	unique	tape
MVSSRC.SYM701.F01	sym7	FILE0001	IDCCSRR	44	identical-default	ibm/IDC/IDCCSRR.asm	unique	tape
MVSSRC.SYM701.F01	sym7	FILE0001	IDCCSRV	75	identical-default	ibm/IDC/IDCCSRV.asm	unique	tape
MVSSRC.SYM701.F01	sym7	FILE0001	IDCCSSD	108	identical-default	ibm/IDC/IDCCSSD.asm	unique	tape
MVSSRC.SYM701.F01	sym7	FILE0001	IDCCSSG	25	identical-default	ibm/IDC/IDCCSSG.asm	unique	tape
MVSSRC.SYM701.F01	sym7	FILE0001	IDCCSSR	78	identical-default	ibm/IDC/IDCCSSR.asm	unique	tape
MVSSRC.SYM701.F01	sym7	FILE0001	IDCCSST	17	identical-default	ibm/IDC/IDCCSST.asm	unique	tape
MVSSRC.SYM701.F01	sym7	FILE0001	IDCCSSV	43	identical-default	ibm/IDC/IDCCSSV.asm	unique	tape
MVSSRC.SYM701.F01	sym7	FILE0001	IDCCSTR	83	identical-default	ibm/IDC/IDCCSTR.asm	unique	tape
MVSSRC.SYM701.F01	sym7	FILE0001	IDCCSTU	49	identical-default	ibm/IDC/IDCCSTU.asm	unique	tape
MVSSRC.SYM701.F01	sym7	FILE0001	IDCDF04	789	identical-default	ibm/IDC/IDCDF04.asm	unique	tape
MVSSRC.SYM701.F01	sym7	FILE0001	IDCDF11	624	identical-default	ibm/IDC/IDCDF11.asm	unique	tape
MVSSRC.SYM701.F01	sym7	FILE0001	IDCDF50	81	identical-default	ibm/IDC/IDCDF50.asm	unique	tape
MVSSRC.SYM701.F01	sym7	FILE0001	IDCDF51	295	identical-default	ibm/IDC/IDCDF51.asm	unique	tape
MVSSRC.SYM701.F01	sym7	FILE0001	IDCDF52	270	identical-default	ibm/IDC/IDCDF52.asm	unique	tape
MVSSRC.SYM701.F01	sym7	FILE0001	IDCDF53	290	identical-default	ibm/IDC/IDCDF53.asm	unique	tape
MVSSRC.SYM701.F01	sym7	FILE0001	IDCDF54	158	identical-default	ibm/IDC/IDCDF54.asm	unique	tape
MVSSRC.SYM701.F01	sym7	FILE0001	IDCDF55	228	identical-default	ibm/IDC/IDCDF55.asm	unique	tape
MVSSRC.SYM701.F01	sym7	FILE0001	IDCDF56	343	identical-default	ibm/IDC/IDCDF56.asm	unique	tape
MVSSRC.SYM701.F01	sym7	FILE0001	IDCDF65	525	identical-default	ibm/IDC/IDCDF65.asm	unique	tape
MVSSRC.SYM701.F01	sym7	FILE0001	IDCDF66	63	identical-default	ibm/IDC/IDCDF66.asm	unique	tape
MVSSRC.SYM701.F01	sym7	FILE0001	IEZBASEV	93	identical-default	ibm/IEZ/IEZBASEV.asm	unique	tape
MVSSRC.SYM701.F01	sym7	FILE0001	IEZBCDV	58	identical-default	ibm/IEZ/IEZBCDV.asm	unique	tape
MVSSRC.SYM701.F01	sym7	FILE0001	IEZBFTBL	81	identical-default	ibm/IEZ/IEZBFTBL.asm	unique	tape
MVSSRC.SYM701.F01	sym7	FILE0001	IEZCOPYV	74	identical-default	ibm/IEZ/IEZCOPYV.asm	unique	tape
MVSSRC.SYM701.F01	sym7	FILE0001	IEZCOVCE	42	identical-default	ibm/IEZ/IEZCOVCE.asm	unique	tape
MVSSRC.SYM701.F01	sym7	FILE0001	IEZCPUID	33	identical-default	ibm/IEZ/IEZCPUID.asm	unique	tape
MVSSRC.SYM701.F01	sym7	FILE0001	IEZCWB	63	identical-default	ibm/IEZ/IEZCWB.asm	unique	tape
MVSSRC.SYM701.F01	sym7	FILE0001	IEZDEFVE	59	identical-default	ibm/IEZ/IEZDEFVE.asm	unique	tape
MVSSRC.SYM701.F01	sym7	FILE0001	IEZDUPV	49	identical-default	ibm/IEZ/IEZDUPV.asm	unique	tape
MVSSRC.SYM701.F01	sym7	FILE0001	IEZFMSWA	73	identical-default	ibm/IEZ/IEZFMSWA.asm	unique	tape
MVSSRC.SYM701.F01	sym7	FILE0001	IEZGROUP	67	identical-default	ibm/IEZ/IEZGROUP.asm	unique	tape
MVSSRC.SYM701.F01	sym7	FILE0001	IEZGRPPR	24	identical-default	ibm/IEZ/IEZGRPPR.asm	unique	tape
MVSSRC.SYM701.F01	sym7	FILE0001	IEZGVSNE	62	identical-default	ibm/IEZ/IEZGVSNE.asm	unique	tape
MVSSRC.SYM701.F01	sym7	FILE0001	IEZINDEX	34	identical-default	ibm/IEZ/IEZINDEX.asm	unique	tape
MVSSRC.SYM701.F01	sym7	FILE0001	IEZINIT	43	identical-default	ibm/IEZ/IEZINIT.asm	unique	tape
MVSSRC.SYM701.F01	sym7	FILE0001	IEZMCRTE	38	identical-default	ibm/IEZ/IEZMCRTE.asm	unique	tape
MVSSRC.SYM701.F01	sym7	FILE0001	IEZMESG	30	identical-default	ibm/IEZ/IEZMESG.asm	unique	tape
MVSSRC.SYM701.F01	sym7	FILE0001	IEZMGP	84	identical-default	ibm/IEZ/IEZMGP.asm	unique	tape
MVSSRC.SYM701.F01	sym7	FILE0001	IEZMNTXT	50	identical-default	ibm/IEZ/IEZMNTXT.asm	unique	tape
MVSSRC.SYM701.F01	sym7	FILE0001	IEZMSGRQ	32	identical-default	ibm/IEZ/IEZMSGRQ.asm	unique	tape
MVSSRC.SYM701.F01	sym7	FILE0001	IEZMVR	68	identical-default	ibm/IEZ/IEZMVR.asm	unique	tape
MVSSRC.SYM701.F01	sym7	FILE0001	IEZNGVR	31	identical-default	ibm/IEZ/IEZNGVR.asm	unique	tape
MVSSRC.SYM701.F01	sym7	FILE0001	IEZRPLV	83	identical-default	ibm/IEZ/IEZRPLV.asm	unique	tape
MVSSRC.SYM701.F01	sym7	FILE0001	IEZRVR	40	identical-default	ibm/IEZ/IEZRVR.asm	unique	tape
MVSSRC.SYM701.F01	sym7	FILE0001	IEZRVVI	97	identical-default	ibm/IEZ/IEZRVVI.asm	unique	tape
MVSSRC.SYM701.F01	sym7	FILE0001	IEZSDGLS	57	identical-default	ibm/IEZ/IEZSDGLS.asm	unique	tape
MVSSRC.SYM701.F01	sym7	FILE0001	IEZSENSE	88	identical-default	ibm/IEZ/IEZSENSE.asm	unique	tape
MVSSRC.SYM701.F01	sym7	FILE0001	IEZSGP	30	identical-default	ibm/IEZ/IEZSGP.asm	unique	tape
MVSSRC.SYM701.F01	sym7	FILE0001	IEZSSC	136	identical-default	ibm/IEZ/IEZSSC.asm	unique	tape
MVSSRC.SYM701.F01	sym7	FILE0001	IEZSTPTB	54	identical-default	ibm/IEZ/IEZSTPTB.asm	unique	tape
MVSSRC.SYM701.F01	sym7	FILE0001	IEZTABP	45	identical-default	ibm/IEZ/IEZTABP.asm	unique	tape
MVSSRC.SYM701.F01	sym7	FILE0001	IEZUNITP	25	identical-default	ibm/IEZ/IEZUNITP.asm	unique	tape
MVSSRC.SYM701.F01	sym7	FILE0001	IEZVOLRT	24	identical-default	ibm/IEZ/IEZVOLRT.asm	unique	tape
MVSSRC.SYM701.F01	sym7	FILE0001	IEZVVICB	71	identical-default	ibm/IEZ/IEZVVICB.asm	unique	tape
MVSSRC.SYM701.F01	sym7	FILE0001	ISDACSB5	191	identical-default	ibm/ISD/ISDACSB5.asm	unique	tape
MVSSRC.SYM701.F01	sym7	FILE0001	ISDACVT	123	identical-default	ibm/ISD/ISDACVT.asm	unique	tape
MVSSRC.SYM701.F01	sym7	FILE0001	ISDADAT5	106	identical-default	ibm/ISD/ISDADAT5.asm	unique	tape
MVSSRC.SYM701.F01	sym7	FILE0001	ISDADCS5	216	identical-default	ibm/ISD/ISDADCS5.asm	unique	tape
MVSSRC.SYM701.F01	sym7	FILE0001	ISDADRC5	96	identical-default	ibm/ISD/ISDADRC5.asm	unique	tape
MVSSRC.SYM701.F01	sym7	FILE0001	ISDAEQC5	140	identical-default	ibm/ISD/ISDAEQC5.asm	unique	tape
MVSSRC.SYM701.F01	sym7	FILE0001	ISDAFSC5	219	identical-default	ibm/ISD/ISDAFSC5.asm	unique	tape
MVSSRC.SYM701.F01	sym7	FILE0001	ISDAFSPC	3	identical-default	ibm/ISD/ISDAFSPC.asm	unique	tape
MVSSRC.SYM701.F01	sym7	FILE0001	ISDAGHDR	29	identical-default	ibm/ISD/ISDAGHDR.asm	unique	tape
MVSSRC.SYM701.F01	sym7	FILE0001	ISDAGSPC	8	identical-default	ibm/ISD/ISDAGSPC.asm	unique	tape
MVSSRC.SYM701.F01	sym7	FILE0001	ISDALOBR	78	identical-default	ibm/ISD/ISDALOBR.asm	unique	tape
MVSSRC.SYM701.F01	sym7	FILE0001	ISDAMCFG	25	identical-default	ibm/ISD/ISDAMCFG.asm	unique	tape
MVSSRC.SYM701.F01	sym7	FILE0001	ISDAMSC0	30	identical-default	ibm/ISD/ISDAMSC0.asm	unique	tape
MVSSRC.SYM701.F01	sym7	FILE0001	ISDAMSC1	26	identical-default	ibm/ISD/ISDAMSC1.asm	unique	tape
MVSSRC.SYM701.F01	sym7	FILE0001	ISDAMSC2	25	identical-default	ibm/ISD/ISDAMSC2.asm	unique	tape
MVSSRC.SYM701.F01	sym7	FILE0001	ISDAMSC3	36	identical-default	ibm/ISD/ISDAMSC3.asm	unique	tape
MVSSRC.SYM701.F01	sym7	FILE0001	ISDAMSC4	46	identical-default	ibm/ISD/ISDAMSC4.asm	unique	tape
MVSSRC.SYM701.F01	sym7	FILE0001	ISDAMSC5	42	identical-default	ibm/ISD/ISDAMSC5.asm	unique	tape
MVSSRC.SYM701.F01	sym7	FILE0001	ISDAMSCS	55	identical-default	ibm/ISD/ISDAMSCS.asm	unique	tape
MVSSRC.SYM701.F01	sym7	FILE0001	ISDAPAD5	193	identical-default	ibm/ISD/ISDAPAD5.asm	unique	tape
MVSSRC.SYM701.F01	sym7	FILE0001	ISDAPRMS	92	identical-default	ibm/ISD/ISDAPRMS.asm	unique	tape
MVSSRC.SYM701.F01	sym7	FILE0001	ISDAPSPC	8	identical-default	ibm/ISD/ISDAPSPC.asm	unique	tape
MVSSRC.SYM701.F01	sym7	FILE0001	ISDASOBR	48	identical-default	ibm/ISD/ISDASOBR.asm	unique	tape
MVSSRC.SYM701.F01	sym7	FILE0001	ISDASUM5	207	identical-default	ibm/ISD/ISDASUM5.asm	unique	tape
MVSSRC.SYM701.F01	sym7	FILE0001	ISDAWORK	35	identical-default	ibm/ISD/ISDAWORK.asm	unique	tape
MVSSRC.SYM701.F02	sym7	FILE0002	IDCAU01	3256	identical-default	ibm/IDC/IDCAU01.asm	unique	tape
MVSSRC.SYM701.F02	sym7	FILE0002	IDCAU02	2833	identical-default	ibm/IDC/IDCAU02.asm	unique	tape
MVSSRC.SYM701.F02	sym7	FILE0002	IDCAU03	9593	identical-default	ibm/IDC/IDCAU03.asm	unique	tape
MVSSRC.SYM701.F02	sym7	FILE0002	IDCCDAU	91	identical-default	ibm/IDC/IDCCDAU.asm	unique	tape
MVSSRC.SYM701.F02	sym7	FILE0002	IDCCDCH	83	identical-default	ibm/IDC/IDCCDCH.asm	unique	tape
MVSSRC.SYM701.F02	sym7	FILE0002	IDCCDCP	79	identical-default	ibm/IDC/IDCCDCP.asm	unique	tape
MVSSRC.SYM701.F02	sym7	FILE0002	IDCCDCT	74	identical-default	ibm/IDC/IDCCDCT.asm	unique	tape
MVSSRC.SYM701.F02	sym7	FILE0002	IDCCDDU	92	identical-default	ibm/IDC/IDCCDDU.asm	unique	tape
MVSSRC.SYM701.F02	sym7	FILE0002	IDCCDMC	101	identical-default	ibm/IDC/IDCCDMC.asm	unique	tape
MVSSRC.SYM701.F02	sym7	FILE0002	IDCCDNC	84	identical-default	ibm/IDC/IDCCDNC.asm	unique	tape
MVSSRC.SYM701.F02	sym7	FILE0002	IDCCDRD	582	identical-default	ibm/IDC/IDCCDRD.asm	unique	tape
MVSSRC.SYM701.F02	sym7	FILE0002	IDCCDST	73	identical-default	ibm/IDC/IDCCDST.asm	unique	tape
MVSSRC.SYM701.F02	sym7	FILE0002	IDCCH01	9504	identical-default	ibm/IDC/IDCCH01.asm	unique	tape
MVSSRC.SYM701.F02	sym7	FILE0002	IDCCH02	11559	identical-default	ibm/IDC/IDCCH02.asm	unique	tape
MVSSRC.SYM701.F02	sym7	FILE0002	IDCCH03	4701	identical-default	ibm/IDC/IDCCH03.asm	unique	tape
MVSSRC.SYM701.F02	sym7	FILE0002	IDCCH04	5145	identical-default	ibm/IDC/IDCCH04.asm	unique	tape
MVSSRC.SYM701.F02	sym7	FILE0002	IDCCP01	4677	identical-default	ibm/IDC/IDCCP01.asm	unique	tape
MVSSRC.SYM701.F02	sym7	FILE0002	IDCCT01	1761	identical-default	ibm/IDC/IDCCT01.asm	unique	tape
MVSSRC.SYM701.F02	sym7	FILE0002	IDCDU01	8932	identical-default	ibm/IDC/IDCDU01.asm	unique	tape
MVSSRC.SYM701.F02	sym7	FILE0002	IDCMC01	3017	identical-default	ibm/IDC/IDCMC01.asm	unique	tape
MVSSRC.SYM701.F02	sym7	FILE0002	IDCNC01	2312	identical-default	ibm/IDC/IDCNC01.asm	unique	tape
MVSSRC.SYM701.F02	sym7	FILE0002	IDCRD01	2177	identical-default	ibm/IDC/IDCRD01.asm	unique	tape
MVSSRC.SYM701.F02	sym7	FILE0002	IDCRD02	4656	identical-default	ibm/IDC/IDCRD02.asm	unique	tape
MVSSRC.SYM701.F02	sym7	FILE0002	IDCRD03	4279	identical-default	ibm/IDC/IDCRD03.asm	unique	tape
MVSSRC.SYM701.F03	sym7	FILE0003	IDCRD04	4378	identical-default	ibm/IDC/IDCRD04.asm	unique	tape
MVSSRC.SYM701.F03	sym7	FILE0003	IDCRD05	8300	identical-default	ibm/IDC/IDCRD05.asm	unique	tape
MVSSRC.SYM701.F03	sym7	FILE0003	IDCRD06	12092	identical-default	ibm/IDC/IDCRD06.asm	unique	tape
MVSSRC.SYM701.F03	sym7	FILE0003	IDCRD07	15558	identical-default	ibm/IDC/IDCRD07.asm	unique	tape
MVSSRC.SYM701.F03	sym7	FILE0003	IDCRIMT	169	identical-default	ibm/IDC/IDCRIMT.asm	unique	tape
MVSSRC.SYM701.F03	sym7	FILE0003	IDCST01	2426	identical-default	ibm/IDC/IDCST01.asm	unique	tape
MVSSRC.SYM701.F03	sym7	FILE0003	IDCTSAU0	2082	identical-default	ibm/IDC/IDCTSAU0.asm	unique	tape
MVSSRC.SYM701.F03	sym7	FILE0003	IDCTSCH0	2858	identical-default	ibm/IDC/IDCTSCH0.asm	unique	tape
MVSSRC.SYM701.F03	sym7	FILE0003	IDCTSCP0	954	identical-default	ibm/IDC/IDCTSCP0.asm	unique	tape
MVSSRC.SYM701.F03	sym7	FILE0003	IDCTSCT0	93	identical-default	ibm/IDC/IDCTSCT0.asm	unique	tape
MVSSRC.SYM701.F03	sym7	FILE0003	IDCTSDU0	1869	identical-default	ibm/IDC/IDCTSDU0.asm	unique	tape
MVSSRC.SYM701.F03	sym7	FILE0003	IDCTSMC0	115	identical-default	ibm/IDC/IDCTSMC0.asm	unique	tape
MVSSRC.SYM701.F03	sym7	FILE0003	IDCTSNC0	101	identical-default	ibm/IDC/IDCTSNC0.asm	unique	tape
MVSSRC.SYM701.F03	sym7	FILE0003	IDCTSRD0	3345	identical-default	ibm/IDC/IDCTSRD0.asm	unique	tape
MVSSRC.SYM701.F03	sym7	FILE0003	IDCTSST0	93	identical-default	ibm/IDC/IDCTSST0.asm	unique	tape
MVSSRC.SYM701.F03	sym7	FILE0003	IGG019A4	917	identical-default	ibm/IGG/IGG019A4.asm	unique	tape
MVSSRC.SYM701.F04	sym7	FILE0004	IGE0001H	1453	identical-default	ibm/IGE/IGE0001H.asm	unique	tape
MVSSRC.SYM701.F04	sym7	FILE0004	IGE0301H	4455	identical-default	ibm/IGE/IGE0301H.asm	unique	tape
MVSSRC.SYM701.F05	sym7	FILE0005	ICB2ACT	1180	identical-default	ibm/ICB/ICB2ACT.asm	unique	tape
MVSSRC.SYM701.F05	sym7	FILE0005	ICB2AEA	2200	identical-default	ibm/ICB/ICB2AEA.asm	unique	tape
MVSSRC.SYM701.F05	sym7	FILE0005	ICB2AIR	1299	identical-default	ibm/ICB/ICB2AIR.asm	unique	tape
MVSSRC.SYM701.F05	sym7	FILE0005	ICB2ATTN	2337	identical-default	ibm/ICB/ICB2ATTN.asm	unique	tape
MVSSRC.SYM701.F05	sym7	FILE0005	ICB2MSG	13369	identical-default	ibm/ICB/ICB2MSG.asm	unique	tape
MVSSRC.SYM701.F05	sym7	FILE0005	ICB2SIOB	2460	identical-default	ibm/ICB/ICB2SIOB.asm	unique	tape
MVSSRC.SYM701.F05	sym7	FILE0005	ICB2SIOF	1872	identical-default	ibm/ICB/ICB2SIOF.asm	unique	tape
MVSSRC.SYM701.F05	sym7	FILE0005	ICBINIT	2560	identical-default	ibm/ICB/ICBINIT.asm	unique	tape
MVSSRC.SYM701.F05	sym7	FILE0005	ICBIORSI	1618	identical-default	ibm/ICB/ICBIORSI.asm	unique	tape
MVSSRC.SYM701.F05	sym7	FILE0005	ICBME	2104	identical-default	ibm/ICB/ICBME.asm	unique	tape
MVSSRC.SYM701.F05	sym7	FILE0005	ICBMSG05	9237	identical-default	ibm/ICB/ICBMSG05.asm	unique	tape
MVSSRC.SYM701.F05	sym7	FILE0005	ICBMSG56	14366	identical-default	ibm/ICB/ICBMSG56.asm	unique	tape
MVSSRC.SYM701.F05	sym7	FILE0005	ICBPRGIO	2054	identical-default	ibm/ICB/ICBPRGIO.asm	unique	tape
MVSSRC.SYM701.F05	sym7	FILE0005	ICBTMSS0	2037	identical-default	ibm/ICB/ICBTMSS0.asm	unique	tape
MVSSRC.SYM701.F05	sym7	FILE0005	IEAVNP19	4850	identical-default	ibm/IEA/IEAVNP19.asm	unique	tape
MVSSRC.SYM701.F05	sym7	FILE0005	IGC0012F	9727	identical-default	ibm/IGC/IGC0012F.asm	unique	tape
MVSSRC.SYM701.F05	sym7	FILE0005	IGC0112F	2303	identical-default	ibm/IGC/IGC0112F.asm	unique	tape
MVSSRC.SYM701.F06	sym7	FILE0006	ICGDSA01	1106	identical-default	ibm/ICG/ICGDSA01.asm	unique	tape
MVSSRC.SYM701.F06	sym7	FILE0006	ICGDSA02	960	identical-default	ibm/ICG/ICGDSA02.asm	unique	tape
MVSSRC.SYM701.F06	sym7	FILE0006	ICGDSA04	670	identical-default	ibm/ICG/ICGDSA04.asm	unique	tape
MVSSRC.SYM701.F06	sym7	FILE0006	ICGDSA05	1151	identical-default	ibm/ICG/ICGDSA05.asm	unique	tape
MVSSRC.SYM701.F06	sym7	FILE0006	ICGDSA06	2221	identical-default	ibm/ICG/ICGDSA06.asm	unique	tape
MVSSRC.SYM701.F06	sym7	FILE0006	ICGDSA07	1714	identical-default	ibm/ICG/ICGDSA07.asm	unique	tape
MVSSRC.SYM701.F06	sym7	FILE0006	ICGDSA08	1462	identical-default	ibm/ICG/ICGDSA08.asm	unique	tape
MVSSRC.SYM701.F06	sym7	FILE0006	ICGDSA09	1636	identical-default	ibm/ICG/ICGDSA09.asm	unique	tape
MVSSRC.SYM701.F06	sym7	FILE0006	ICGDSANL	431	identical-default	ibm/ICG/ICGDSANL.asm	unique	tape
MVSSRC.SYM701.F06	sym7	FILE0006	ICGDSB01	1677	identical-default	ibm/ICG/ICGDSB01.asm	unique	tape
MVSSRC.SYM701.F06	sym7	FILE0006	ICGDSB03	1655	identical-default	ibm/ICG/ICGDSB03.asm	unique	tape
MVSSRC.SYM701.F06	sym7	FILE0006	ICGDSB05	1235	identical-default	ibm/ICG/ICGDSB05.asm	unique	tape
MVSSRC.SYM701.F06	sym7	FILE0006	ICGDSB06	1631	identical-default	ibm/ICG/ICGDSB06.asm	unique	tape
MVSSRC.SYM701.F06	sym7	FILE0006	ICGDSB07	1348	identical-default	ibm/ICG/ICGDSB07.asm	unique	tape
MVSSRC.SYM701.F06	sym7	FILE0006	ICGDSB08	1923	identical-default	ibm/ICG/ICGDSB08.asm	unique	tape
MVSSRC.SYM701.F06	sym7	FILE0006	ICGDSB09	2966	identical-default	ibm/ICG/ICGDSB09.asm	unique	tape
MVSSRC.SYM701.F06	sym7	FILE0006	ICGDSB10	1034	identical-default	ibm/ICG/ICGDSB10.asm	unique	tape
MVSSRC.SYM701.F06	sym7	FILE0006	ICGDSB11	1310	identical-default	ibm/ICG/ICGDSB11.asm	unique	tape
MVSSRC.SYM701.F06	sym7	FILE0006	ICGDSB12	1255	identical-default	ibm/ICG/ICGDSB12.asm	unique	tape
MVSSRC.SYM701.F06	sym7	FILE0006	ICGDSB13	1319	identical-default	ibm/ICG/ICGDSB13.asm	unique	tape
MVSSRC.SYM701.F06	sym7	FILE0006	ICGDSB14	862	identical-default	ibm/ICG/ICGDSB14.asm	unique	tape
MVSSRC.SYM701.F06	sym7	FILE0006	ICGDSB15	944	identical-default	ibm/ICG/ICGDSB15.asm	unique	tape
MVSSRC.SYM701.F06	sym7	FILE0006	ICGDSB16	618	identical-default	ibm/ICG/ICGDSB16.asm	unique	tape
MVSSRC.SYM701.F06	sym7	FILE0006	ICGDSB18	2913	identical-default	ibm/ICG/ICGDSB18.asm	unique	tape
MVSSRC.SYM701.F06	sym7	FILE0006	ICGDSB19	3908	identical-default	ibm/ICG/ICGDSB19.asm	unique	tape
MVSSRC.SYM701.F06	sym7	FILE0006	ICGDSB20	2807	identical-default	ibm/ICG/ICGDSB20.asm	unique	tape
MVSSRC.SYM701.F06	sym7	FILE0006	ICGDSBLD	1991	identical-default	ibm/ICG/ICGDSBLD.asm	unique	tape
MVSSRC.SYM701.F06	sym7	FILE0006	ICGDSINT	1472	identical-default	ibm/ICG/ICGDSINT.asm	unique	tape
MVSSRC.SYM701.F06	sym7	FILE0006	ICGDSMSG	1459	identical-default	ibm/ICG/ICGDSMSG.asm	unique	tape
MVSSRC.SYM701.F06	sym7	FILE0006	ICGDSS01	1569	identical-default	ibm/ICG/ICGDSS01.asm	unique	tape
MVSSRC.SYM701.F06	sym7	FILE0006	ICGDSS02	2451	identical-default	ibm/ICG/ICGDSS02.asm	unique	tape
MVSSRC.SYM701.F06	sym7	FILE0006	ICGDSS04	4841	identical-default	ibm/ICG/ICGDSS04.asm	unique	tape
MVSSRC.SYM701.F06	sym7	FILE0006	ICGDSS05	2268	identical-default	ibm/ICG/ICGDSS05.asm	unique	tape
MVSSRC.SYM701.F06	sym7	FILE0006	ICGDSS06	1627	identical-default	ibm/ICG/ICGDSS06.asm	unique	tape
MVSSRC.SYM701.F06	sym7	FILE0006	ICGDSS08	2204	identical-default	ibm/ICG/ICGDSS08.asm	unique	tape
MVSSRC.SYM701.F06	sym7	FILE0006	ICGDSS09	4030	identical-default	ibm/ICG/ICGDSS09.asm	unique	tape
MVSSRC.SYM701.F06	sym7	FILE0006	ICGDSS99	1150	identical-default	ibm/ICG/ICGDSS99.asm	unique	tape
MVSSRC.SYM701.F06	sym7	FILE0006	ICGDSSCN	1463	identical-default	ibm/ICG/ICGDSSCN.asm	unique	tape
MVSSRC.SYM701.F07	sym7	FILE0007	ICBVCR00	1462	identical-default	ibm/ICB/ICBVCR00.asm	unique	tape
MVSSRC.SYM701.F07	sym7	FILE0007	ICBVDM00	3157	identical-default	ibm/ICB/ICBVDM00.asm	unique	tape
MVSSRC.SYM701.F07	sym7	FILE0007	ICBVDR00	1562	identical-default	ibm/ICB/ICBVDR00.asm	unique	tape
MVSSRC.SYM701.F07	sym7	FILE0007	ICBVDR01	6374	identical-default	ibm/ICB/ICBVDR01.asm	unique	tape
MVSSRC.SYM701.F07	sym7	FILE0007	ICBVEX00	1213	identical-default	ibm/ICB/ICBVEX00.asm	unique	tape
MVSSRC.SYM701.F07	sym7	FILE0007	ICBVIN00	9751	identical-default	ibm/ICB/ICBVIN00.asm	unique	tape
MVSSRC.SYM701.F07	sym7	FILE0007	ICBVIN02	4377	identical-default	ibm/ICB/ICBVIN02.asm	unique	tape
MVSSRC.SYM701.F07	sym7	FILE0007	ICBVIO00	1664	identical-default	ibm/ICB/ICBVIO00.asm	unique	tape
MVSSRC.SYM701.F07	sym7	FILE0007	ICBVJL00	4606	identical-default	ibm/ICB/ICBVJL00.asm	unique	tape
MVSSRC.SYM701.F07	sym7	FILE0007	ICBVMG00	612	identical-default	ibm/ICB/ICBVMG00.asm	unique	tape
MVSSRC.SYM701.F07	sym7	FILE0007	ICBVMS00	8175	identical-default	ibm/ICB/ICBVMS00.asm	unique	tape
MVSSRC.SYM701.F07	sym7	FILE0007	ICBVMT00	5131	identical-default	ibm/ICB/ICBVMT00.asm	unique	tape
MVSSRC.SYM701.F07	sym7	FILE0007	ICBVOP00	1142	identical-default	ibm/ICB/ICBVOP00.asm	unique	tape
MVSSRC.SYM701.F07	sym7	FILE0007	ICBVPI00	2547	identical-default	ibm/ICB/ICBVPI00.asm	unique	tape
MVSSRC.SYM701.F07	sym7	FILE0007	ICBVPR00	2569	identical-default	ibm/ICB/ICBVPR00.asm	unique	tape
MVSSRC.SYM701.F07	sym7	FILE0007	ICBVQM00	4644	identical-default	ibm/ICB/ICBVQM00.asm	unique	tape
MVSSRC.SYM701.F07	sym7	FILE0007	ICBVRR00	3588	identical-default	ibm/ICB/ICBVRR00.asm	unique	tape
MVSSRC.SYM701.F07	sym7	FILE0007	ICBVSC00	3499	identical-default	ibm/ICB/ICBVSC00.asm	unique	tape
MVSSRC.SYM701.F07	sym7	FILE0007	ICBVSL00	9431	identical-default	ibm/ICB/ICBVSL00.asm	unique	tape
MVSSRC.SYM701.F07	sym7	FILE0007	ICBVSP00	4129	identical-default	ibm/ICB/ICBVSP00.asm	unique	tape
MVSSRC.SYM701.F08	sym7	FILE0008	ICBVTM00	899	identical-default	ibm/ICB/ICBVTM00.asm	unique	tape
MVSSRC.SYM701.F08	sym7	FILE0008	ICBVTP00	3087	identical-default	ibm/ICB/ICBVTP00.asm	unique	tape
MVSSRC.SYM701.F08	sym7	FILE0008	ICBVTP01	2731	identical-default	ibm/ICB/ICBVTP01.asm	unique	tape
MVSSRC.SYM701.F08	sym7	FILE0008	ICBVUP00	1906	identical-default	ibm/ICB/ICBVUP00.asm	unique	tape
MVSSRC.SYM701.F08	sym7	FILE0008	ICBVUP01	1922	identical-default	ibm/ICB/ICBVUP01.asm	unique	tape
MVSSRC.SYM701.F08	sym7	FILE0008	ICBVUT00	14204	identical-default	ibm/ICB/ICBVUT00.asm	unique	tape
MVSSRC.SYM701.F08	sym7	FILE0008	ICBVUT01	14706	identical-default	ibm/ICB/ICBVUT01.asm	unique	tape
MVSSRC.SYM701.F08	sym7	FILE0008	ICBVUT03	2272	identical-default	ibm/ICB/ICBVUT03.asm	unique	tape
MVSSRC.SYM701.F08	sym7	FILE0008	MSSCVXIT	10	identical-default	ibm/MSS/MSSCVXIT.asm	unique	tape
MVSSRC.SYM701.F08	sym7	FILE0008	SGICB405	55	identical-default	ibm/SGI/SGICB405.asm	unique	tape
MVSSRC.SYM701.F09	sym7	FILE0009	ISDAAPR0	1774	identical-default	ibm/ISD/ISDAAPR0.asm	unique	tape
MVSSRC.SYM701.F09	sym7	FILE0009	ISDAAPR1	3293	identical-default	ibm/ISD/ISDAAPR1.asm	unique	tape
MVSSRC.SYM701.F09	sym7	FILE0009	ISDACNFG	2577	identical-default	ibm/ISD/ISDACNFG.asm	unique	tape
MVSSRC.SYM701.F09	sym7	FILE0009	ISDACSB0	1488	identical-default	ibm/ISD/ISDACSB0.asm	unique	tape
MVSSRC.SYM701.F09	sym7	FILE0009	ISDACSB1	1945	identical-default	ibm/ISD/ISDACSB1.asm	unique	tape
MVSSRC.SYM701.F09	sym7	FILE0009	ISDADAT0	664	identical-default	ibm/ISD/ISDADAT0.asm	unique	tape
MVSSRC.SYM701.F09	sym7	FILE0009	ISDADAT1	663	identical-default	ibm/ISD/ISDADAT1.asm	unique	tape
MVSSRC.SYM701.F09	sym7	FILE0009	ISDADCK0	1047	identical-default	ibm/ISD/ISDADCK0.asm	unique	tape
MVSSRC.SYM701.F09	sym7	FILE0009	ISDADCK1	1364	identical-default	ibm/ISD/ISDADCK1.asm	unique	tape
MVSSRC.SYM701.F09	sym7	FILE0009	ISDADCS0	914	identical-default	ibm/ISD/ISDADCS0.asm	unique	tape
MVSSRC.SYM701.F09	sym7	FILE0009	ISDADCS1	2535	identical-default	ibm/ISD/ISDADCS1.asm	unique	tape
MVSSRC.SYM701.F09	sym7	FILE0009	ISDADHE0	1571	identical-default	ibm/ISD/ISDADHE0.asm	unique	tape
MVSSRC.SYM701.F09	sym7	FILE0009	ISDADHE1	2442	identical-default	ibm/ISD/ISDADHE1.asm	unique	tape
MVSSRC.SYM701.F09	sym7	FILE0009	ISDADRC0	619	identical-default	ibm/ISD/ISDADRC0.asm	unique	tape
MVSSRC.SYM701.F09	sym7	FILE0009	ISDADRC1	584	identical-default	ibm/ISD/ISDADRC1.asm	unique	tape
MVSSRC.SYM701.F09	sym7	FILE0009	ISDAEQC0	1343	identical-default	ibm/ISD/ISDAEQC0.asm	unique	tape
MVSSRC.SYM701.F09	sym7	FILE0009	ISDAEQC1	1242	identical-default	ibm/ISD/ISDAEQC1.asm	unique	tape
MVSSRC.SYM701.F09	sym7	FILE0009	ISDAFSC0	2612	identical-default	ibm/ISD/ISDAFSC0.asm	unique	tape
MVSSRC.SYM701.F09	sym7	FILE0009	ISDAFSC1	1420	identical-default	ibm/ISD/ISDAFSC1.asm	unique	tape
MVSSRC.SYM701.F09	sym7	FILE0009	ISDAFSC2	1004	identical-default	ibm/ISD/ISDAFSC2.asm	unique	tape
MVSSRC.SYM701.F09	sym7	FILE0009	ISDAGEN0	735	identical-default	ibm/ISD/ISDAGEN0.asm	unique	tape
MVSSRC.SYM701.F09	sym7	FILE0009	ISDAGET0	395	identical-default	ibm/ISD/ISDAGET0.asm	unique	tape
MVSSRC.SYM701.F09	sym7	FILE0009	ISDAHEXP	376	identical-default	ibm/ISD/ISDAHEXP.asm	unique	tape
MVSSRC.SYM701.F09	sym7	FILE0009	ISDAHIST	434	identical-default	ibm/ISD/ISDAHIST.asm	unique	tape
MVSSRC.SYM701.F09	sym7	FILE0009	ISDALOG0	600	identical-default	ibm/ISD/ISDALOG0.asm	unique	tape
MVSSRC.SYM701.F09	sym7	FILE0009	ISDAOPT0	1103	identical-default	ibm/ISD/ISDAOPT0.asm	unique	tape
MVSSRC.SYM701.F09	sym7	FILE0009	ISDAPAD0	1637	identical-default	ibm/ISD/ISDAPAD0.asm	unique	tape
MVSSRC.SYM701.F09	sym7	FILE0009	ISDAPAD1	5187	identical-default	ibm/ISD/ISDAPAD1.asm	unique	tape
MVSSRC.SYM701.F09	sym7	FILE0009	ISDAPARM	3278	identical-default	ibm/ISD/ISDAPARM.asm	unique	tape
MVSSRC.SYM701.F09	sym7	FILE0009	ISDAPRT0	647	identical-default	ibm/ISD/ISDAPRT0.asm	unique	tape
MVSSRC.SYM701.F09	sym7	FILE0009	ISDAPWR0	59	identical-default	ibm/ISD/ISDAPWR0.asm	unique	tape
MVSSRC.SYM701.F09	sym7	FILE0009	ISDAPWR1	59	identical-default	ibm/ISD/ISDAPWR1.asm	unique	tape
MVSSRC.SYM701.F09	sym7	FILE0009	ISDASDA0	3925	identical-default	ibm/ISD/ISDASDA0.asm	unique	tape
MVSSRC.SYM701.F09	sym7	FILE0009	ISDASUM0	3392	identical-default	ibm/ISD/ISDASUM0.asm	unique	tape
MVSSRC.SYM701.F09	sym7	FILE0009	ISDASUM1	1452	identical-default	ibm/ISD/ISDASUM1.asm	unique	tape
MVSSRC.SYM701.F09	sym7	FILE0009	ISDASUM2	836	identical-default	ibm/ISD/ISDASUM2.asm	unique	tape
MVSSRC.SYM701.F09	sym7	FILE0009	ISDATYPE	452	identical-default	ibm/ISD/ISDATYPE.asm	unique	tape
MVSSRC.SYM701.F10	sym7	FILE0010	ICGTRDST	4303	identical-default	ibm/ICG/ICGTRDST.asm	unique	tape
MVSSRC.SYM701.F10	sym7	FILE0010	ICGTRINT	6450	identical-default	ibm/ICG/ICGTRINT.asm	unique	tape
MVSSRC.SYM701.F10	sym7	FILE0010	ICGTRSUM	3343	identical-default	ibm/ICG/ICGTRSUM.asm	unique	tape
MVSSRC.SYM701.F10	sym7	FILE0010	ICGTRVID	2621	identical-default	ibm/ICG/ICGTRVID.asm	unique	tape
MVSSRC.SYM701.F11	sym7	FILE0011	IDCAV01	11268	identical-default	ibm/IDC/IDCAV01.asm	unique	tape
MVSSRC.SYM701.F11	sym7	FILE0011	IDCCDAV	86	identical-default	ibm/IDC/IDCCDAV.asm	unique	tape
MVSSRC.SYM701.F11	sym7	FILE0011	IDCCDCN	87	identical-default	ibm/IDC/IDCCDCN.asm	unique	tape
MVSSRC.SYM701.F11	sym7	FILE0011	IDCCDCO	90	identical-default	ibm/IDC/IDCCDCO.asm	unique	tape
MVSSRC.SYM701.F11	sym7	FILE0011	IDCCDCV	93	identical-default	ibm/IDC/IDCCDCV.asm	unique	tape
MVSSRC.SYM701.F11	sym7	FILE0011	IDCCDEC	79	identical-default	ibm/IDC/IDCCDEC.asm	unique	tape
MVSSRC.SYM701.F11	sym7	FILE0011	IDCCDEV	80	identical-default	ibm/IDC/IDCCDEV.asm	unique	tape
MVSSRC.SYM701.F11	sym7	FILE0011	IDCCDGR	95	identical-default	ibm/IDC/IDCCDGR.asm	unique	tape
MVSSRC.SYM701.F11	sym7	FILE0011	IDCCDLD	92	identical-default	ibm/IDC/IDCCDLD.asm	unique	tape
MVSSRC.SYM701.F11	sym7	FILE0011	IDCCDLM	83	identical-default	ibm/IDC/IDCCDLM.asm	unique	tape
MVSSRC.SYM701.F11	sym7	FILE0011	IDCCDLV	102	identical-default	ibm/IDC/IDCCDLV.asm	unique	tape
MVSSRC.SYM701.F11	sym7	FILE0011	IDCCDMG	101	identical-default	ibm/IDC/IDCCDMG.asm	unique	tape
MVSSRC.SYM701.F11	sym7	FILE0011	IDCCDMV	96	identical-default	ibm/IDC/IDCCDMV.asm	unique	tape
MVSSRC.SYM701.F11	sym7	FILE0011	IDCCDRL	78	identical-default	ibm/IDC/IDCCDRL.asm	unique	tape
MVSSRC.SYM701.F11	sym7	FILE0011	IDCCDRR	83	identical-default	ibm/IDC/IDCCDRR.asm	unique	tape
MVSSRC.SYM701.F11	sym7	FILE0011	IDCCDRV	83	identical-default	ibm/IDC/IDCCDRV.asm	unique	tape
MVSSRC.SYM701.F11	sym7	FILE0011	IDCCDSD	92	identical-default	ibm/IDC/IDCCDSD.asm	unique	tape
MVSSRC.SYM701.F11	sym7	FILE0011	IDCCDSG	74	identical-default	ibm/IDC/IDCCDSG.asm	unique	tape
MVSSRC.SYM701.F11	sym7	FILE0011	IDCCDSR	84	identical-default	ibm/IDC/IDCCDSR.asm	unique	tape
MVSSRC.SYM701.F11	sym7	FILE0011	IDCCDSV	78	identical-default	ibm/IDC/IDCCDSV.asm	unique	tape
MVSSRC.SYM701.F11	sym7	FILE0011	IDCCDTR	88	identical-default	ibm/IDC/IDCCDTR.asm	unique	tape
MVSSRC.SYM701.F11	sym7	FILE0011	IDCCDTU	82	identical-default	ibm/IDC/IDCCDTU.asm	unique	tape
MVSSRC.SYM701.F11	sym7	FILE0011	IDCCN01	10783	identical-default	ibm/IDC/IDCCN01.asm	unique	tape
MVSSRC.SYM701.F11	sym7	FILE0011	IDCCO01	10634	identical-default	ibm/IDC/IDCCO01.asm	unique	tape
MVSSRC.SYM701.F11	sym7	FILE0011	IDCCV01	7042	identical-default	ibm/IDC/IDCCV01.asm	unique	tape
MVSSRC.SYM701.F11	sym7	FILE0011	IDCEC01	2876	identical-default	ibm/IDC/IDCEC01.asm	unique	tape
MVSSRC.SYM701.F11	sym7	FILE0011	IDCEV01	4197	identical-default	ibm/IDC/IDCEV01.asm	unique	tape
MVSSRC.SYM701.F11	sym7	FILE0011	IDCGR01	2104	identical-default	ibm/IDC/IDCGR01.asm	unique	tape
MVSSRC.SYM701.F11	sym7	FILE0011	IDCIO05	18075	identical-default	ibm/IDC/IDCIO05.asm	unique	tape
MVSSRC.SYM701.F11	sym7	FILE0011	IDCLD01	9593	identical-default	ibm/IDC/IDCLD01.asm	unique	tape
MVSSRC.SYM701.F12	sym7	FILE0012	IDCLM01	9130	identical-default	ibm/IDC/IDCLM01.asm	unique	tape
MVSSRC.SYM701.F12	sym7	FILE0012	IDCLV01	10270	identical-default	ibm/IDC/IDCLV01.asm	unique	tape
MVSSRC.SYM701.F12	sym7	FILE0012	IDCMG01	3595	identical-default	ibm/IDC/IDCMG01.asm	unique	tape
MVSSRC.SYM701.F12	sym7	FILE0012	IDCMV01	9726	identical-default	ibm/IDC/IDCMV01.asm	unique	tape
MVSSRC.SYM701.F12	sym7	FILE0012	IDCRL01	3057	identical-default	ibm/IDC/IDCRL01.asm	unique	tape
MVSSRC.SYM701.F12	sym7	FILE0012	IDCRR01	3798	identical-default	ibm/IDC/IDCRR01.asm	unique	tape
MVSSRC.SYM701.F12	sym7	FILE0012	IDCRV01	6310	identical-default	ibm/IDC/IDCRV01.asm	unique	tape
MVSSRC.SYM701.F12	sym7	FILE0012	IDCSA06	8414	identical-default	ibm/IDC/IDCSA06.asm	unique	tape
MVSSRC.SYM701.F12	sym7	FILE0012	IDCSA07	4041	identical-default	ibm/IDC/IDCSA07.asm	unique	tape
MVSSRC.SYM701.F12	sym7	FILE0012	IDCSA09	4200	identical-default	ibm/IDC/IDCSA09.asm	unique	tape
MVSSRC.SYM701.F12	sym7	FILE0012	IDCSA10	3562	identical-default	ibm/IDC/IDCSA10.asm	unique	tape
MVSSRC.SYM701.F12	sym7	FILE0012	IDCSD01	8259	identical-default	ibm/IDC/IDCSD01.asm	unique	tape
MVSSRC.SYM701.F12	sym7	FILE0012	IDCSG01	1495	identical-default	ibm/IDC/IDCSG01.asm	unique	tape
MVSSRC.SYM701.F13	sym7	FILE0013	IDCSR01	7701	identical-default	ibm/IDC/IDCSR01.asm	unique	tape
MVSSRC.SYM701.F13	sym7	FILE0013	IDCSV01	5061	identical-default	ibm/IDC/IDCSV01.asm	unique	tape
MVSSRC.SYM701.F13	sym7	FILE0013	IDCTR01	5345	identical-default	ibm/IDC/IDCTR01.asm	unique	tape
MVSSRC.SYM701.F13	sym7	FILE0013	IDCTSAV0	352	identical-default	ibm/IDC/IDCTSAV0.asm	unique	tape
MVSSRC.SYM701.F13	sym7	FILE0013	IDCTSCM0	2713	identical-default	ibm/IDC/IDCTSCM0.asm	unique	tape
MVSSRC.SYM701.F13	sym7	FILE0013	IDCTSCN0	492	identical-default	ibm/IDC/IDCTSCN0.asm	unique	tape
MVSSRC.SYM701.F13	sym7	FILE0013	IDCTSCO0	480	identical-default	ibm/IDC/IDCTSCO0.asm	unique	tape
MVSSRC.SYM701.F13	sym7	FILE0013	IDCTSCV0	470	identical-default	ibm/IDC/IDCTSCV0.asm	unique	tape
MVSSRC.SYM701.F13	sym7	FILE0013	IDCTSEC0	263	identical-default	ibm/IDC/IDCTSEC0.asm	unique	tape
MVSSRC.SYM701.F13	sym7	FILE0013	IDCTSEV0	107	identical-default	ibm/IDC/IDCTSEV0.asm	unique	tape
MVSSRC.SYM701.F13	sym7	FILE0013	IDCTSIO5	405	identical-default	ibm/IDC/IDCTSIO5.asm	unique	tape
MVSSRC.SYM701.F13	sym7	FILE0013	IDCTSLD0	2027	identical-default	ibm/IDC/IDCTSLD0.asm	unique	tape
MVSSRC.SYM701.F13	sym7	FILE0013	IDCTSLM0	1283	identical-default	ibm/IDC/IDCTSLM0.asm	unique	tape
MVSSRC.SYM701.F13	sym7	FILE0013	IDCTSLV0	3872	identical-default	ibm/IDC/IDCTSLV0.asm	unique	tape
MVSSRC.SYM701.F13	sym7	FILE0013	IDCTSMG0	124	identical-default	ibm/IDC/IDCTSMG0.asm	unique	tape
MVSSRC.SYM701.F13	sym7	FILE0013	IDCTSMV0	157	identical-default	ibm/IDC/IDCTSMV0.asm	unique	tape
MVSSRC.SYM701.F13	sym7	FILE0013	IDCTSRL0	152	identical-default	ibm/IDC/IDCTSRL0.asm	unique	tape
MVSSRC.SYM701.F13	sym7	FILE0013	IDCTSRR0	305	identical-default	ibm/IDC/IDCTSRR0.asm	unique	tape
MVSSRC.SYM701.F13	sym7	FILE0013	IDCTSRV0	190	identical-default	ibm/IDC/IDCTSRV0.asm	unique	tape
MVSSRC.SYM701.F13	sym7	FILE0013	IDCTSSA6	707	identical-default	ibm/IDC/IDCTSSA6.asm	unique	tape
MVSSRC.SYM701.F13	sym7	FILE0013	IDCTSSA7	471	identical-default	ibm/IDC/IDCTSSA7.asm	unique	tape
MVSSRC.SYM701.F13	sym7	FILE0013	IDCTSSD0	442	identical-default	ibm/IDC/IDCTSSD0.asm	unique	tape
MVSSRC.SYM701.F13	sym7	FILE0013	IDCTSSR0	310	identical-default	ibm/IDC/IDCTSSR0.asm	unique	tape
MVSSRC.SYM701.F13	sym7	FILE0013	IDCTSSS0	1183	identical-default	ibm/IDC/IDCTSSS0.asm	unique	tape
MVSSRC.SYM701.F13	sym7	FILE0013	IDCTSSV0	211	identical-default	ibm/IDC/IDCTSSV0.asm	unique	tape
MVSSRC.SYM701.F13	sym7	FILE0013	IDCTSTR0	217	identical-default	ibm/IDC/IDCTSTR0.asm	unique	tape
MVSSRC.SYM701.F13	sym7	FILE0013	IDCTSTU0	1386	identical-default	ibm/IDC/IDCTSTU0.asm	unique	tape
MVSSRC.SYM701.F13	sym7	FILE0013	IDCTSVS0	808	identical-default	ibm/IDC/IDCTSVS0.asm	unique	tape
MVSSRC.SYM701.F13	sym7	FILE0013	IDCTU01	4372	identical-default	ibm/IDC/IDCTU01.asm	unique	tape
MVSSRC.SYM701.F13	sym7	FILE0013	IDCVS01	6778	identical-default	ibm/IDC/IDCVS01.asm	unique	tape
MVSSRC.SYM701.F13	sym7	FILE0013	IDCVS02	3937	identical-default	ibm/IDC/IDCVS02.asm	unique	tape
MVSSRC.SYM701.F13	sym7	FILE0013	IDCVS03	5726	identical-default	ibm/IDC/IDCVS03.asm	unique	tape
MVSSRC.SYM701.F13	sym7	FILE0013	IGC0408B	1538	identical-default	ibm/IGC/IGC0408B.asm	unique	tape
MVSSRC.TIOCOP.F01	tiocopt	FILE0001	AQCTL	5	identical-default	ibm/AQC/AQCTL.asm	duplicate-same	tape
MVSSRC.TIOCOP.F01	tiocopt	FILE0001	EWTCMAP	156	identical-default	ibm/EWT/EWTCMAP.asm	duplicate-same	tape
MVSSRC.TIOCOP.F01	tiocopt	FILE0001	IEDCBDA	18	identical-default	ibm/IED/IEDCBDA.asm	duplicate-same	tape
MVSSRC.TIOCOP.F01	tiocopt	FILE0001	IEDCMB	51	identical-default	ibm/IED/IEDCMB.asm	conflict	tape
MVSSRC.TIOCOP.F01	tiocopt	FILE0001	IEDDCT	92	identical-default	ibm/IED/IEDDCT.asm	duplicate-same	tape
MVSSRC.TIOCOP.F01	tiocopt	FILE0001	IEDHJN	21	identical-default	ibm/IED/IEDHJN.asm	duplicate-same	tape
MVSSRC.TIOCOP.F01	tiocopt	FILE0001	IEDQMSG	112	identical-default	ibm/IED/IEDQMSG.asm	duplicate-same	tape
MVSSRC.TIOCOP.F01	tiocopt	FILE0001	IOBLOCKS	262	identical-default	ibm/IOB/IOBLOCKS.asm	duplicate-same	tape
MVSSRC.TIOCOP.F01	tiocopt	FILE0001	IOGENER	2999	identical-default	ibm/IOG/IOGENER.asm	conflict	tape
MVSSRC.TIOCOP.F01	tiocopt	FILE0001	LINEEND	5827	identical-elsewhere	variants/tape/sym5/LINEEND.asm	conflict	tape
MVSSRC.TIOCOP.F01	tiocopt	FILE0001	MIEDQFA	3367	identical-elsewhere	variants/tape/sym5/MIEDQFA.asm	conflict	tape
MVSSRC.TIOCOP.F01	tiocopt	FILE0001	MIEDQHM	1936	identical-default	ibm/MIE/MIEDQHM.asm	duplicate-same	tape
MVSSRC.TIOCOP.F01	tiocopt	FILE0001	OLTCB	1892	identical-default	ibm/OLT/OLTCB.asm	duplicate-same	tape
MVSSRC.TIOCOP.F01	tiocopt	FILE0001	PLINK	338	identical-default	ibm/PLI/PLINK.asm	duplicate-same	tape
MVSSRC.TIOCOP.F01	tiocopt	FILE0001	RESPL	224	identical-default	ibm/RES/RESPL.asm	duplicate-same	tape
MVSSRC.TIOCOP.F01	tiocopt	FILE0001	SNDSCH	1496	identical-elsewhere	variants/tape/sym5/SNDSCH.asm	conflict	tape
MVSSRC.TIOCOP.F01	tiocopt	FILE0001	TACSMD	68	identical-default	ibm/TAC/TACSMD.asm	duplicate-same	tape
MVSSRC.TIOCOP.F01	tiocopt	FILE0001	TADWD	110	identical-default	ibm/TAD/TADWD.asm	duplicate-same	tape
MVSSRC.TIOCOP.F01	tiocopt	FILE0001	TAIBD	216	identical-default	ibm/TAI/TAIBD.asm	duplicate-same	tape
MVSSRC.TIOCOP.F01	tiocopt	FILE0001	TAVTD	1594	identical-default	ibm/TAV/TAVTD.asm	duplicate-same	tape
MVSSRC.TIOCOP.F01	tiocopt	FILE0001	TBDUD	75	identical-default	ibm/TBD/TBDUD.asm	duplicate-same	tape
MVSSRC.TIOCOP.F01	tiocopt	FILE0001	TBINDD	40	identical-default	ibm/TBI/TBINDD.asm	duplicate-same	tape
MVSSRC.TIOCOP.F01	tiocopt	FILE0001	TBNDD	164	identical-default	ibm/TBN/TBNDD.asm	duplicate-same	tape
MVSSRC.TIOCOP.F01	tiocopt	FILE0001	TCAVTD	74	identical-elsewhere	variants/tape/sym5/TCAVTD.asm	conflict	tape
MVSSRC.TIOCOP.F01	tiocopt	FILE0001	TCCWD	109	identical-default	ibm/TCC/TCCWD.asm	duplicate-same	tape
MVSSRC.TIOCOP.F01	tiocopt	FILE0001	TCD0D	258	identical-default	ibm/TCD/TCD0D.asm	duplicate-same	tape
MVSSRC.TIOCOP.F01	tiocopt	FILE0001	TCD1D	300	identical-default	ibm/TCD/TCD1D.asm	duplicate-same	tape
MVSSRC.TIOCOP.F01	tiocopt	FILE0001	TCKPD	1010	identical-default	ibm/TCK/TCKPD.asm	duplicate-same	tape
MVSSRC.TIOCOP.F01	tiocopt	FILE0001	TCMD0D	252	identical-default	ibm/TCM/TCMD0D.asm	duplicate-same	tape
MVSSRC.TIOCOP.F01	tiocopt	FILE0001	TCMD1D	226	identical-default	ibm/TCM/TCMD1D.asm	duplicate-same	tape
MVSSRC.TIOCOP.F01	tiocopt	FILE0001	TCNRD	46	identical-default	ibm/TCN/TCNRD.asm	duplicate-same	tape
MVSSRC.TIOCOP.F01	tiocopt	FILE0001	TCOMD	35	identical-default	ibm/TCO/TCOMD.asm	duplicate-same	tape
MVSSRC.TIOCOP.F01	tiocopt	FILE0001	TCOMDMPD	31	identical-default	ibm/TCO/TCOMDMPD.asm	duplicate-same	tape
MVSSRC.TIOCOP.F01	tiocopt	FILE0001	TCOMIPLD	36	identical-default	ibm/TCO/TCOMIPLD.asm	duplicate-same	tape
MVSSRC.TIOCOP.F01	tiocopt	FILE0001	TCONV	128	identical-default	ibm/TCO/TCONV.asm	conflict	tape
MVSSRC.TIOCOP.F01	tiocopt	FILE0001	TCPBD	156	identical-default	ibm/TCP/TCPBD.asm	duplicate-same	tape
MVSSRC.TIOCOP.F01	tiocopt	FILE0001	TCURD	60	identical-default	ibm/TCU/TCURD.asm	duplicate-same	tape
MVSSRC.TIOCOP.F01	tiocopt	FILE0001	TDATAD	40	identical-default	ibm/TDA/TDATAD.asm	duplicate-same	tape
MVSSRC.TIOCOP.F01	tiocopt	FILE0001	TDCTD	93	identical-default	ibm/TDC/TDCTD.asm	duplicate-same	tape
MVSSRC.TIOCOP.F01	tiocopt	FILE0001	TDEBAPD	36	identical-default	ibm/TDE/TDEBAPD.asm	duplicate-same	tape
MVSSRC.TIOCOP.F01	tiocopt	FILE0001	TDEBD	94	identical-default	ibm/TDE/TDEBD.asm	duplicate-same	tape
MVSSRC.TIOCOP.F01	tiocopt	FILE0001	TDISPD	445	identical-default	ibm/TDI/TDISPD.asm	duplicate-same	tape
MVSSRC.TIOCOP.F01	tiocopt	FILE0001	TDRQD	88	identical-default	ibm/TDR/TDRQD.asm	duplicate-same	tape
MVSSRC.TIOCOP.F01	tiocopt	FILE0001	TDSID	41	identical-default	ibm/TDS/TDSID.asm	duplicate-same	tape
MVSSRC.TIOCOP.F01	tiocopt	FILE0001	TDVCIDTD	86	identical-default	ibm/TDV/TDVCIDTD.asm	duplicate-same	tape
MVSSRC.TIOCOP.F01	tiocopt	FILE0001	TEXTD	205	identical-default	ibm/TEX/TEXTD.asm	duplicate-same	tape
MVSSRC.TIOCOP.F01	tiocopt	FILE0001	TGMAIND	192	identical-default	ibm/TGM/TGMAIND.asm	duplicate-same	tape
MVSSRC.TIOCOP.F01	tiocopt	FILE0001	THEDD	68	identical-default	ibm/THE/THEDD.asm	duplicate-same	tape
MVSSRC.TIOCOP.F01	tiocopt	FILE0001	TIDD	15	identical-default	ibm/TID/TIDD.asm	duplicate-same	tape
MVSSRC.TIOCOP.F01	tiocopt	FILE0001	TINVLD	58	identical-default	ibm/TIN/TINVLD.asm	duplicate-same	tape
MVSSRC.TIOCOP.F01	tiocopt	FILE0001	TIOBD	38	identical-default	ibm/TIO/TIOBD.asm	duplicate-same	tape
MVSSRC.TIOCOP.F01	tiocopt	FILE0001	TIOSBED	35	identical-default	ibm/TIO/TIOSBED.asm	conflict	tape
MVSSRC.TIOCOP.F01	tiocopt	FILE0001	TLCBD	1165	identical-default	ibm/TLC/TLCBD.asm	duplicate-same	tape
MVSSRC.TIOCOP.F01	tiocopt	FILE0001	TLGBD	141	identical-default	ibm/TLG/TLGBD.asm	duplicate-same	tape
MVSSRC.TIOCOP.F01	tiocopt	FILE0001	TMHTABD	32	identical-default	ibm/TMH/TMHTABD.asm	duplicate-same	tape
MVSSRC.TIOCOP.F01	tiocopt	FILE0001	TMODD	132	identical-default	ibm/TMO/TMODD.asm	duplicate-same	tape
MVSSRC.TIOCOP.F01	tiocopt	FILE0001	TMSGD	26	identical-default	ibm/TMS/TMSGD.asm	duplicate-same	tape
MVSSRC.TIOCOP.F01	tiocopt	FILE0001	TMSKD	95	identical-default	ibm/TMS/TMSKD.asm	duplicate-same	tape
MVSSRC.TIOCOP.F01	tiocopt	FILE0001	TNATD	26	identical-default	ibm/TNA/TNATD.asm	duplicate-same	tape
MVSSRC.TIOCOP.F01	tiocopt	FILE0001	TNCPID	48	identical-default	ibm/TNC/TNCPID.asm	duplicate-same	tape
MVSSRC.TIOCOP.F01	tiocopt	FILE0001	TNRAD	19	identical-default	ibm/TNR/TNRAD.asm	duplicate-same	tape
MVSSRC.TIOCOP.F01	tiocopt	FILE0001	TNSLD	159	identical-default	ibm/TNS/TNSLD.asm	duplicate-same	tape
MVSSRC.TIOCOP.F01	tiocopt	FILE0001	TOCTRD	82	identical-default	ibm/TOC/TOCTRD.asm	duplicate-same	tape
MVSSRC.TIOCOP.F01	tiocopt	FILE0001	TOPCAVTD	345	identical-default	ibm/TOP/TOPCAVTD.asm	duplicate-same	tape
MVSSRC.TIOCOP.F01	tiocopt	FILE0001	TOPCD	79	identical-default	ibm/TOP/TOPCD.asm	duplicate-same	tape
MVSSRC.TIOCOP.F01	tiocopt	FILE0001	TOPCED	571	identical-default	ibm/TOP/TOPCED.asm	duplicate-same	tape
MVSSRC.TIOCOP.F01	tiocopt	FILE0001	TOPCTL	4	identical-default	ibm/TOP/TOPCTL.asm	duplicate-same	tape
MVSSRC.TIOCOP.F01	tiocopt	FILE0001	TOPRED	146	identical-default	ibm/TOP/TOPRED.asm	duplicate-same	tape
MVSSRC.TIOCOP.F01	tiocopt	FILE0001	TPCBD	76	identical-default	ibm/TPC/TPCBD.asm	duplicate-same	tape
MVSSRC.TIOCOP.F01	tiocopt	FILE0001	TPEBD	24	identical-default	ibm/TPE/TPEBD.asm	duplicate-same	tape
MVSSRC.TIOCOP.F01	tiocopt	FILE0001	TPECBD	28	identical-default	ibm/TPE/TPECBD.asm	conflict	tape
MVSSRC.TIOCOP.F01	tiocopt	FILE0001	TPEWAD	129	identical-elsewhere	variants/tape/sym5/TPEWAD.asm	conflict	tape
MVSSRC.TIOCOP.F01	tiocopt	FILE0001	TPF1D	57	identical-default	ibm/TPF/TPF1D.asm	duplicate-same	tape
MVSSRC.TIOCOP.F01	tiocopt	FILE0001	TPIU0D	28	identical-default	ibm/TPI/TPIU0D.asm	duplicate-same	tape
MVSSRC.TIOCOP.F01	tiocopt	FILE0001	TPIUD	24	identical-default	ibm/TPI/TPIUD.asm	duplicate-same	tape
MVSSRC.TIOCOP.F01	tiocopt	FILE0001	TPLBMD	59	identical-default	ibm/TPL/TPLBMD.asm	duplicate-same	tape
MVSSRC.TIOCOP.F01	tiocopt	FILE0001	TPLMVD	47	identical-default	ibm/TPL/TPLMVD.asm	duplicate-same	tape
MVSSRC.TIOCOP.F01	tiocopt	FILE0001	TPLRQD	36	identical-default	ibm/TPL/TPLRQD.asm	duplicate-same	tape
MVSSRC.TIOCOP.F01	tiocopt	FILE0001	TPRFD	370	identical-default	ibm/TPR/TPRFD.asm	duplicate-same	tape
MVSSRC.TIOCOP.F01	tiocopt	FILE0001	TPRIOR	822	identical-default	ibm/TPR/TPRIOR.asm	duplicate-same	tape
MVSSRC.TIOCOP.F01	tiocopt	FILE0001	TPROCD	32	identical-default	ibm/TPR/TPROCD.asm	duplicate-same	tape
MVSSRC.TIOCOP.F01	tiocopt	FILE0001	TPRUD	144	identical-default	ibm/TPR/TPRUD.asm	duplicate-same	tape
MVSSRC.TIOCOP.F01	tiocopt	FILE0001	TQCBD	566	identical-default	ibm/TQC/TQCBD.asm	duplicate-same	tape
MVSSRC.TIOCOP.F01	tiocopt	FILE0001	TQCBED	111	identical-default	ibm/TQC/TQCBED.asm	duplicate-same	tape
MVSSRC.TIOCOP.F01	tiocopt	FILE0001	TRDYD	41	identical-default	ibm/TRD/TRDYD.asm	duplicate-same	tape
MVSSRC.TIOCOP.F01	tiocopt	FILE0001	TRECBD	22	identical-default	ibm/TRE/TRECBD.asm	duplicate-same	tape
MVSSRC.TIOCOP.F01	tiocopt	FILE0001	TREQD	98	identical-default	ibm/TRE/TREQD.asm	duplicate-same	tape
MVSSRC.TIOCOP.F01	tiocopt	FILE0001	TRHD	82	identical-default	ibm/TRH/TRHD.asm	duplicate-same	tape
MVSSRC.TIOCOP.F01	tiocopt	FILE0001	TRQED	24	identical-elsewhere	variants/tape/etc1102/TRQED.asm	conflict	tape
MVSSRC.TIOCOP.F01	tiocopt	FILE0001	TRRTD	92	identical-default	ibm/TRR/TRRTD.asm	duplicate-same	tape
MVSSRC.TIOCOP.F01	tiocopt	FILE0001	TRSPD	328	identical-default	ibm/TRS/TRSPD.asm	duplicate-same	tape
MVSSRC.TIOCOP.F01	tiocopt	FILE0001	TRSTD	48	identical-default	ibm/TRS/TRSTD.asm	duplicate-same	tape
MVSSRC.TIOCOP.F01	tiocopt	FILE0001	TRVTD	28	identical-default	ibm/TRV/TRVTD.asm	duplicate-same	tape
MVSSRC.TIOCOP.F01	tiocopt	FILE0001	TSATD	28	identical-default	ibm/TSA/TSATD.asm	duplicate-same	tape
MVSSRC.TIOCOP.F01	tiocopt	FILE0001	TSBTD	50	identical-default	ibm/TSB/TSBTD.asm	duplicate-same	tape
MVSSRC.TIOCOP.F01	tiocopt	FILE0001	TSCBD	519	identical-default	ibm/TSC/TSCBD.asm	duplicate-same	tape
MVSSRC.TIOCOP.F01	tiocopt	FILE0001	TSIBD	229	identical-default	ibm/TSI/TSIBD.asm	duplicate-same	tape
MVSSRC.TIOCOP.F01	tiocopt	FILE0001	TSNSD	102	identical-default	ibm/TSN/TSNSD.asm	duplicate-same	tape
MVSSRC.TIOCOP.F01	tiocopt	FILE0001	TSOECDD	17	identical-default	ibm/TSO/TSOECDD.asm	duplicate-same	tape
MVSSRC.TIOCOP.F01	tiocopt	FILE0001	TSTCBD	26	identical-default	ibm/TST/TSTCBD.asm	duplicate-same	tape
MVSSRC.TIOCOP.F01	tiocopt	FILE0001	TSTMHD	73	identical-default	ibm/TST/TSTMHD.asm	duplicate-same	tape
MVSSRC.TIOCOP.F01	tiocopt	FILE0001	TSTMHND	39	identical-default	ibm/TST/TSTMHND.asm	duplicate-same	tape
MVSSRC.TIOCOP.F01	tiocopt	FILE0001	TTCBD	56	identical-default	ibm/TTC/TTCBD.asm	duplicate-same	tape
MVSSRC.TIOCOP.F01	tiocopt	FILE0001	TTCDSD	81	identical-default	ibm/TTC/TTCDSD.asm	duplicate-same	tape
MVSSRC.TIOCOP.F01	tiocopt	FILE0001	TTCXD	352	identical-default	ibm/TTC/TTCXD.asm	duplicate-same	tape
MVSSRC.TIOCOP.F01	tiocopt	FILE0001	TTECB	16	identical-default	ibm/TTE/TTECB.asm	conflict	tape
MVSSRC.TIOCOP.F01	tiocopt	FILE0001	TTHD	93	identical-default	ibm/TTH/TTHD.asm	duplicate-same	tape
MVSSRC.TIOCOP.F01	tiocopt	FILE0001	TTNTD	90	identical-default	ibm/TTN/TTNTD.asm	duplicate-same	tape
MVSSRC.TIOCOP.F01	tiocopt	FILE0001	TTPD	87	identical-elsewhere	variants/tape/etc1102/TTPD.asm	conflict	tape
MVSSRC.TIOCOP.F01	tiocopt	FILE0001	TTRMD	674	identical-default	ibm/TTR/TTRMD.asm	duplicate-same	tape
MVSSRC.TIOCOP.F01	tiocopt	FILE0001	TTSWD	206	identical-default	ibm/TTS/TTSWD.asm	duplicate-same	tape
MVSSRC.TIOCOP.F01	tiocopt	FILE0001	TTTCD	65	identical-default	ibm/TTT/TTTCD.asm	duplicate-same	tape
MVSSRC.TIOCOP.F01	tiocopt	FILE0001	TXALKD	23	identical-default	ibm/TXA/TXALKD.asm	duplicate-same	tape
MVSSRC.TIOCOP.F01	tiocopt	FILE0001	TXALUD	21	identical-default	ibm/TXA/TXALUD.asm	duplicate-same	tape
MVSSRC.TIOCOP.F01	tiocopt	FILE0001	TXAPUD	28	identical-default	ibm/TXA/TXAPUD.asm	duplicate-same	tape
MVSSRC.TIOCOP.F01	tiocopt	FILE0001	TXBFLD	20	identical-default	ibm/TXB/TXBFLD.asm	duplicate-same	tape
MVSSRC.TIOCOP.F01	tiocopt	FILE0001	TXCIND	62	identical-default	ibm/TXC/TXCIND.asm	duplicate-same	tape
MVSSRC.TIOCOP.F01	tiocopt	FILE0001	TXCOND	23	identical-default	ibm/TXC/TXCOND.asm	duplicate-same	tape
MVSSRC.TIOCOP.F01	tiocopt	FILE0001	TXCTDD	25	identical-default	ibm/TXC/TXCTDD.asm	duplicate-same	tape
MVSSRC.TIOCOP.F01	tiocopt	FILE0001	TXCTMD	30	identical-default	ibm/TXC/TXCTMD.asm	duplicate-same	tape
MVSSRC.TIOCOP.F01	tiocopt	FILE0001	TXDLKD	23	identical-default	ibm/TXD/TXDLKD.asm	duplicate-same	tape
MVSSRC.TIOCOP.F01	tiocopt	FILE0001	TXDPUD	17	identical-default	ibm/TXD/TXDPUD.asm	duplicate-same	tape
MVSSRC.TIOCOP.F01	tiocopt	FILE0001	TXDSCD	23	identical-default	ibm/TXD/TXDSCD.asm	duplicate-same	tape
MVSSRC.TIOCOP.F01	tiocopt	FILE0001	TXEXTD	38	identical-default	ibm/TXE/TXEXTD.asm	duplicate-same	tape
MVSSRC.TIOCOP.F01	tiocopt	FILE0001	TXNPLD	26	identical-default	ibm/TXN/TXNPLD.asm	duplicate-same	tape
MVSSRC.TIOCOP.F01	tiocopt	FILE0001	TXNSPD	50	identical-default	ibm/TXN/TXNSPD.asm	duplicate-same	tape
MVSSRC.TIOCOP.F01	tiocopt	FILE0001	TXRTDD	38	identical-default	ibm/TXR/TXRTDD.asm	conflict	tape
MVSSRC.TIOCOP.F01	tiocopt	FILE0001	TXSCVD	44	identical-default	ibm/TXS/TXSCVD.asm	duplicate-same	tape
MVSSRC.TIOCOP.F01	tiocopt	FILE0001	TXSEPD	17	identical-default	ibm/TXS/TXSEPD.asm	duplicate-same	tape
MVSSRC.TIOCOP.F01	tiocopt	FILE0001	TXSNDD	18	identical-default	ibm/TXS/TXSNDD.asm	duplicate-same	tape
MVSSRC.TIOCOP.F01	tiocopt	FILE0001	TXSNLD	26	identical-default	ibm/TXS/TXSNLD.asm	duplicate-same	tape
MVSSRC.TIOCOP.F01	tiocopt	FILE0001	TXSNPD	17	identical-default	ibm/TXS/TXSNPD.asm	duplicate-same	tape
MVSSRC.TIOCOP.F01	tiocopt	FILE0001	TXSSPD	27	identical-default	ibm/TXS/TXSSPD.asm	duplicate-same	tape
MVSSRC.TIOCOP.F01	tiocopt	FILE0001	TXSSTD	18	identical-default	ibm/TXS/TXSSTD.asm	duplicate-same	tape
MVSSRC.TIOCOP.F01	tiocopt	FILE0001	TXUNBD	17	identical-default	ibm/TXU/TXUNBD.asm	duplicate-same	tape
MVSSRC.TIOCOP.F02	tiocopt	FILE0002	IEDAY1	1904	identical-default	ibm/IED/IEDAY1.asm	duplicate-same	tape
MVSSRC.TIOCOP.F02	tiocopt	FILE0002	IEDAY2	96	identical-default	ibm/IED/IEDAY2.asm	duplicate-same	tape
MVSSRC.TIOCOP.F02	tiocopt	FILE0002	IEDAY88	522	identical-elsewhere	variants/tape/sym5/IEDAY88.asm	conflict	tape
MVSSRC.TIOCOP.F02	tiocopt	FILE0002	IEDAYAA	875	identical-elsewhere	variants/tape/sym5/IEDAYAA.asm	conflict	tape
MVSSRC.TIOCOP.F02	tiocopt	FILE0002	IEDAYGP	1665	identical-default	ibm/IED/IEDAYGP.asm	duplicate-same	tape
MVSSRC.TIOCOP.F02	tiocopt	FILE0002	IEDAYHH	252	identical-default	ibm/IED/IEDAYHH.asm	duplicate-same	tape
MVSSRC.TIOCOP.F02	tiocopt	FILE0002	IEDAYII	1447	identical-default	ibm/IED/IEDAYII.asm	duplicate-same	tape
MVSSRC.TIOCOP.F02	tiocopt	FILE0002	IEDAYLL	583	identical-elsewhere	variants/tape/sym5/IEDAYLL.asm	conflict	tape
MVSSRC.TIOCOP.F02	tiocopt	FILE0002	IEDAYOO	1338	identical-default	ibm/IED/IEDAYOO.asm	duplicate-same	tape
MVSSRC.TIOCOP.F02	tiocopt	FILE0002	IEDAYQT	702	identical-elsewhere	variants/tape/sym5/IEDAYQT.asm	conflict	tape
MVSSRC.TIOCOP.F02	tiocopt	FILE0002	IGG09301	976	identical-elsewhere	variants/tape/sym5/IGG09301.asm	conflict	tape
MVSSRC.TIOCOP.F02	tiocopt	FILE0002	IGG09302	1035	identical-default	ibm/IGG/IGG09302.asm	duplicate-same	tape
MVSSRC.TIOCOP.F02	tiocopt	FILE0002	IGG09303	431	identical-default	ibm/IGG/IGG09303.asm	duplicate-same	tape
MVSSRC.TIOCOP.F02	tiocopt	FILE0002	IGG09400	369	identical-default	ibm/IGG/IGG09400.asm	duplicate-same	tape
MVSSRC.TIOCOP.F02	tiocopt	FILE0002	IGG09402	293	identical-default	ibm/IGG/IGG09402.asm	duplicate-same	tape
MVSSRC.TIOCOP.F02	tiocopt	FILE0002	IGG09403	68	identical-default	ibm/IGG/IGG09403.asm	duplicate-same	tape
MVSSRC.TIOCOP.F02	tiocopt	FILE0002	IGG09404	298	identical-default	ibm/IGG/IGG09404.asm	duplicate-same	tape
MVSSRC.TIOCOP.F02	tiocopt	FILE0002	IGG09405	177	identical-default	ibm/IGG/IGG09405.asm	duplicate-same	tape
MVSSRC.TIOCOP.F02	tiocopt	FILE0002	IGG09406	222	identical-default	ibm/IGG/IGG09406.asm	duplicate-same	tape
MVSSRC.TIOCOP.F02	tiocopt	FILE0002	IGG09407	311	identical-elsewhere	variants/tape/sym5/IGG09407.asm	conflict	tape
MVSSRC.TIOCOP.F02	tiocopt	FILE0002	IGG09408	390	identical-default	ibm/IGG/IGG09408.asm	duplicate-same	tape
MVSSRC.TIOCOP.F02	tiocopt	FILE0002	IGG09409	235	identical-default	ibm/IGG/IGG09409.asm	duplicate-same	tape
MVSSRC.TIOCOP.F02	tiocopt	FILE0002	IGG0940A	280	identical-elsewhere	variants/tape/sym5/IGG0940A.asm	conflict	tape
MVSSRC.TIOCOP.F02	tiocopt	FILE0002	IGG0940B	178	identical-default	ibm/IGG/IGG0940B.asm	duplicate-same	tape
MVSSRC.TIOCOP.F02	tiocopt	FILE0002	IGG0940C	241	identical-default	ibm/IGG/IGG0940C.asm	duplicate-same	tape
MVSSRC.TIOCOP.F02	tiocopt	FILE0002	IGG0940D	181	identical-default	ibm/IGG/IGG0940D.asm	duplicate-same	tape
MVSSRC.TIOCOP.F02	tiocopt	FILE0002	IGG0940E	232	identical-default	ibm/IGG/IGG0940E.asm	duplicate-same	tape
MVSSRC.TIOCOP.F02	tiocopt	FILE0002	IGG0940G	228	identical-default	ibm/IGG/IGG0940G.asm	duplicate-same	tape
MVSSRC.TIOCOP.F02	tiocopt	FILE0002	IGG0940H	451	identical-default	ibm/IGG/IGG0940H.asm	duplicate-same	tape
MVSSRC.TIOCOP.F02	tiocopt	FILE0002	IGG09411	292	identical-default	ibm/IGG/IGG09411.asm	duplicate-same	tape
MVSSRC.TIOCOP.F02	tiocopt	FILE0002	IGG09414	259	identical-default	ibm/IGG/IGG09414.asm	duplicate-same	tape
MVSSRC.TIOCOP.F03	tiocopt	FILE0003	IEDAYA	507	identical-elsewhere	variants/tape/sym5/IEDAYA.asm	conflict	tape
MVSSRC.TIOCOP.F03	tiocopt	FILE0003	IEDAYAB	87	identical-default	ibm/IED/IEDAYAB.asm	duplicate-same	tape
MVSSRC.TIOCOP.F03	tiocopt	FILE0003	IEDAYBX	1409	identical-default	ibm/IED/IEDAYBX.asm	duplicate-same	tape
MVSSRC.TIOCOP.F03	tiocopt	FILE0003	IEDAYC	887	identical-default	ibm/IED/IEDAYC.asm	duplicate-same	tape
MVSSRC.TIOCOP.F03	tiocopt	FILE0003	IEDAYD	202	identical-elsewhere	variants/tape/etc1102/IEDAYD.asm	conflict	tape
MVSSRC.TIOCOP.F03	tiocopt	FILE0003	IEDAYE	487	identical-default	ibm/IED/IEDAYE.asm	duplicate-same	tape
MVSSRC.TIOCOP.F03	tiocopt	FILE0003	IEDAYF	342	identical-elsewhere	variants/tape/etc1102/IEDAYF.asm;variants/tape/sym5/IEDAYF.asm	conflict	tape
MVSSRC.TIOCOP.F03	tiocopt	FILE0003	IEDAYH	896	identical-default	ibm/IED/IEDAYH.asm	duplicate-same	tape
MVSSRC.TIOCOP.F03	tiocopt	FILE0003	IEDAYI	1453	identical-default	ibm/IED/IEDAYI.asm	conflict	tape
MVSSRC.TIOCOP.F03	tiocopt	FILE0003	IEDAYJ	6348	identical-default	ibm/IED/IEDAYJ.asm	duplicate-same	tape
MVSSRC.TIOCOP.F03	tiocopt	FILE0003	IEDAYL	1127	identical-default	ibm/IED/IEDAYL.asm	duplicate-same	tape
MVSSRC.TIOCOP.F03	tiocopt	FILE0003	IEDAYM	1650	identical-default	ibm/IED/IEDAYM.asm	duplicate-same	tape
MVSSRC.TIOCOP.F03	tiocopt	FILE0003	IEDAYN	961	identical-elsewhere	variants/tape/sym5/IEDAYN.asm	conflict	tape
MVSSRC.TIOCOP.F03	tiocopt	FILE0003	IEDAYO	1959	identical-default	ibm/IED/IEDAYO.asm	conflict	tape
MVSSRC.TIOCOP.F03	tiocopt	FILE0003	IEDAYP	364	identical-default	ibm/IED/IEDAYP.asm	conflict	tape
MVSSRC.TIOCOP.F03	tiocopt	FILE0003	IEDAYQ	2143	identical-elsewhere	variants/tape/sym5/IEDAYQ.asm	conflict	tape
MVSSRC.TIOCOP.F03	tiocopt	FILE0003	IEDAYS	1123	identical-default	ibm/IED/IEDAYS.asm	duplicate-same	tape
MVSSRC.TIOCOP.F03	tiocopt	FILE0003	IEDAYT	272	identical-default	ibm/IED/IEDAYT.asm	duplicate-same	tape
MVSSRC.TIOCOP.F03	tiocopt	FILE0003	IEDAYV	1325	identical-default	ibm/IED/IEDAYV.asm	conflict	tape
MVSSRC.TIOCOP.F03	tiocopt	FILE0003	IEDAYW	1733	identical-elsewhere	variants/tape/etc1102/IEDAYW.asm	conflict	tape
MVSSRC.TIOCOP.F03	tiocopt	FILE0003	IEDAYX	97	identical-default	ibm/IED/IEDAYX.asm	duplicate-same	tape
MVSSRC.TIOCOP.F03	tiocopt	FILE0003	IEDAYY	149	identical-default	ibm/IED/IEDAYY.asm	duplicate-same	tape
MVSSRC.TIOCOP.F03	tiocopt	FILE0003	IEDAYZ	1697	identical-elsewhere	variants/tape/sym5/IEDAYZ.asm	conflict	tape
MVSSRC.TIOCOP.F03	tiocopt	FILE0003	IEDAYZZ	190	identical-default	ibm/IED/IEDAYZZ.asm	duplicate-same	tape
MVSSRC.TIOCOP.F03	tiocopt	FILE0003	IEDBITN	3	identical-default	ibm/IED/IEDBITN.asm	conflict	tape
MVSSRC.TIOCOP.F03	tiocopt	FILE0003	IEDBSM	1753	identical-default	ibm/IED/IEDBSM.asm	duplicate-same	tape
MVSSRC.TIOCOP.F03	tiocopt	FILE0003	IEDCMIN	1874	identical-default	ibm/IED/IEDCMIN.asm	duplicate-same	tape
MVSSRC.TIOCOP.F03	tiocopt	FILE0003	IEDCMOUT	1646	identical-default	ibm/IED/IEDCMOUT.asm	duplicate-same	tape
MVSSRC.TIOCOP.F03	tiocopt	FILE0003	IEDCSA	411	identical-default	ibm/IED/IEDCSA.asm	duplicate-same	tape
MVSSRC.TIOCOP.F03	tiocopt	FILE0003	IEDCSCIN	2048	identical-default	ibm/IED/IEDCSCIN.asm	duplicate-same	tape
MVSSRC.TIOCOP.F03	tiocopt	FILE0003	IEDDFOUT	2779	identical-default	ibm/IED/IEDDFOUT.asm	duplicate-same	tape
MVSSRC.TIOCOP.F03	tiocopt	FILE0003	IEDDVAS	2561	identical-default	ibm/IED/IEDDVAS.asm	duplicate-same	tape
MVSSRC.TIOCOP.F03	tiocopt	FILE0003	IEDFSSTB	2	identical-default	ibm/IED/IEDFSSTB.asm	conflict	tape
MVSSRC.TIOCOP.F03	tiocopt	FILE0003	IEDIAA	596	identical-default	ibm/IED/IEDIAA.asm	duplicate-same	tape
MVSSRC.TIOCOP.F03	tiocopt	FILE0003	IEDIAB	3446	identical-default	ibm/IED/IEDIAB.asm	duplicate-same	tape
MVSSRC.TIOCOP.F03	tiocopt	FILE0003	IEDIAH	2367	identical-default	ibm/IED/IEDIAH.asm	duplicate-same	tape
MVSSRC.TIOCOP.F03	tiocopt	FILE0003	IEDIAM	3199	identical-default	ibm/IED/IEDIAM.asm	duplicate-same	tape
MVSSRC.TIOCOP.F03	tiocopt	FILE0003	IEDIAP	2872	identical-default	ibm/IED/IEDIAP.asm	duplicate-same	tape
MVSSRC.TIOCOP.F03	tiocopt	FILE0003	IEDIAQ	3804	identical-default	ibm/IED/IEDIAQ.asm	duplicate-same	tape
MVSSRC.TIOCOP.F03	tiocopt	FILE0003	IEDIAR	2092	identical-default	ibm/IED/IEDIAR.asm	duplicate-same	tape
MVSSRC.TIOCOP.F03	tiocopt	FILE0003	IEDIAS	1198	identical-default	ibm/IED/IEDIAS.asm	duplicate-same	tape
MVSSRC.TIOCOP.F03	tiocopt	FILE0003	IEDIAU	28	identical-elsewhere	variants/tape/sym5/IEDIAU.asm	conflict	tape
MVSSRC.TIOCOP.F03	tiocopt	FILE0003	IEDKHISC	1245	identical-default	ibm/IED/IEDKHISC.asm	duplicate-same	tape
MVSSRC.TIOCOP.F03	tiocopt	FILE0003	IEDLUS	6144	identical-default	ibm/IED/IEDLUS.asm	duplicate-same	tape
MVSSRC.TIOCOP.F03	tiocopt	FILE0003	IEDMVBFR	1824	identical-default	ibm/IED/IEDMVBFR.asm	duplicate-same	tape
MVSSRC.TIOCOP.F03	tiocopt	FILE0003	IEDNCU	3745	identical-default	ibm/IED/IEDNCU.asm	duplicate-same	tape
MVSSRC.TIOCOP.F03	tiocopt	FILE0003	IEDNCU2	3757	identical-default	ibm/IED/IEDNCU2.asm	duplicate-same	tape
MVSSRC.TIOCOP.F04	tiocopt	FILE0004	IEDN25	86	identical-default	ibm/IED/IEDN25.asm	duplicate-same	tape
MVSSRC.TIOCOP.F04	tiocopt	FILE0004	IEDNGD	3843	identical-default	ibm/IED/IEDNGD.asm	duplicate-same	tape
MVSSRC.TIOCOP.F04	tiocopt	FILE0004	IEDNID	1257	identical-elsewhere	variants/tape/sym5/IEDNID.asm	conflict	tape
MVSSRC.TIOCOP.F04	tiocopt	FILE0004	IEDNKA	3926	identical-default	ibm/IED/IEDNKA.asm	duplicate-same	tape
MVSSRC.TIOCOP.F04	tiocopt	FILE0004	IEDNLT	1401	identical-default	ibm/IED/IEDNLT.asm	duplicate-same	tape
MVSSRC.TIOCOP.F04	tiocopt	FILE0004	IEDNMG	118	identical-default	ibm/IED/IEDNMG.asm	duplicate-same	tape
MVSSRC.TIOCOP.F04	tiocopt	FILE0004	IEDNSL	6132	identical-default	ibm/IED/IEDNSL.asm	duplicate-same	tape
MVSSRC.TIOCOP.F04	tiocopt	FILE0004	IEDNTR	1095	identical-elsewhere	variants/tape/sym5/IEDNTR.asm	conflict	tape
MVSSRC.TIOCOP.F04	tiocopt	FILE0004	IEDOPTN	1484	identical-elsewhere	variants/tape/sym5/IEDOPTN.asm	conflict	tape
MVSSRC.TIOCOP.F04	tiocopt	FILE0004	IEDPCIN	2657	identical-default	ibm/IED/IEDPCIN.asm	duplicate-same	tape
MVSSRC.TIOCOP.F04	tiocopt	FILE0004	IEDPCOUT	1517	identical-elsewhere	variants/tape/sym5/IEDPCOUT.asm	conflict	tape
MVSSRC.TIOCOP.F04	tiocopt	FILE0004	IEDPMD	1318	identical-default	ibm/IED/IEDPMD.asm	duplicate-same	tape
MVSSRC.TIOCOP.F04	tiocopt	FILE0004	IEDQA0	270	identical-elsewhere	variants/tape/sym5/IEDQA0.asm	conflict	tape
MVSSRC.TIOCOP.F04	tiocopt	FILE0004	IEDQA1	323	identical-default	ibm/IED/IEDQA1.asm	duplicate-same	tape
MVSSRC.TIOCOP.F04	tiocopt	FILE0004	IEDQA2	301	identical-default	ibm/IED/IEDQA2.asm	duplicate-same	tape
MVSSRC.TIOCOP.F04	tiocopt	FILE0004	IEDQA3	336	identical-elsewhere	variants/tape/etc1102/IEDQA3.asm;variants/tape/sym5/IEDQA3.asm	conflict	tape
MVSSRC.TIOCOP.F04	tiocopt	FILE0004	IEDQA4	677	identical-default	ibm/IED/IEDQA4.asm	duplicate-same	tape
MVSSRC.TIOCOP.F04	tiocopt	FILE0004	IEDQA5	925	identical-default	ibm/IED/IEDQA5.asm	conflict	tape
MVSSRC.TIOCOP.F04	tiocopt	FILE0004	IEDQA6	530	identical-default	ibm/IED/IEDQA6.asm	duplicate-same	tape
MVSSRC.TIOCOP.F04	tiocopt	FILE0004	IEDQA7	146	identical-default	ibm/IED/IEDQA7.asm	duplicate-same	tape
MVSSRC.TIOCOP.F04	tiocopt	FILE0004	IEDQA8	377	identical-default	ibm/IED/IEDQA8.asm	duplicate-same	tape
MVSSRC.TIOCOP.F04	tiocopt	FILE0004	IEDQA9	234	identical-default	ibm/IED/IEDQA9.asm	duplicate-same	tape
MVSSRC.TIOCOP.F04	tiocopt	FILE0004	IEDQAA	1319	identical-default	ibm/IED/IEDQAA.asm	duplicate-same	tape
MVSSRC.TIOCOP.F04	tiocopt	FILE0004	IEDQAB	100	identical-default	ibm/IED/IEDQAB.asm	duplicate-same	tape
MVSSRC.TIOCOP.F04	tiocopt	FILE0004	IEDQAC	266	identical-default	ibm/IED/IEDQAC.asm	duplicate-same	tape
MVSSRC.TIOCOP.F04	tiocopt	FILE0004	IEDQAD	172	identical-default	ibm/IED/IEDQAD.asm	duplicate-same	tape
MVSSRC.TIOCOP.F04	tiocopt	FILE0004	IEDQAE	327	identical-default	ibm/IED/IEDQAE.asm	duplicate-same	tape
MVSSRC.TIOCOP.F04	tiocopt	FILE0004	IEDQAF	588	identical-default	ibm/IED/IEDQAF.asm	duplicate-same	tape
MVSSRC.TIOCOP.F04	tiocopt	FILE0004	IEDQAG	195	identical-default	ibm/IED/IEDQAG.asm	duplicate-same	tape
MVSSRC.TIOCOP.F04	tiocopt	FILE0004	IEDQAH	263	identical-elsewhere	variants/tape/etc1102/IEDQAH.asm	conflict	tape
MVSSRC.TIOCOP.F04	tiocopt	FILE0004	IEDQAI	663	identical-elsewhere	variants/tape/sym5/IEDQAI.asm	conflict	tape
MVSSRC.TIOCOP.F04	tiocopt	FILE0004	IEDQAJ	522	identical-default	ibm/IED/IEDQAJ.asm	duplicate-same	tape
MVSSRC.TIOCOP.F04	tiocopt	FILE0004	IEDQAK	1083	identical-elsewhere	variants/tape/etc1102/IEDQAK.asm	conflict	tape
MVSSRC.TIOCOP.F04	tiocopt	FILE0004	IEDQAL	156	identical-elsewhere	variants/tape/etc1102/IEDQAL.asm	conflict	tape
MVSSRC.TIOCOP.F04	tiocopt	FILE0004	IEDQAM	382	identical-default	ibm/IED/IEDQAM.asm	duplicate-same	tape
MVSSRC.TIOCOP.F04	tiocopt	FILE0004	IEDQAN	1077	identical-default	ibm/IED/IEDQAN.asm	duplicate-same	tape
MVSSRC.TIOCOP.F04	tiocopt	FILE0004	IEDQAO	279	identical-default	ibm/IED/IEDQAO.asm	duplicate-same	tape
MVSSRC.TIOCOP.F04	tiocopt	FILE0004	IEDQAP	721	identical-default	ibm/IED/IEDQAP.asm	duplicate-same	tape
MVSSRC.TIOCOP.F04	tiocopt	FILE0004	IEDQAQ	220	identical-default	ibm/IED/IEDQAQ.asm	conflict	tape
MVSSRC.TIOCOP.F04	tiocopt	FILE0004	IEDQAR	123	identical-default	ibm/IED/IEDQAR.asm	duplicate-same	tape
MVSSRC.TIOCOP.F04	tiocopt	FILE0004	IEDQAS	930	identical-default	ibm/IED/IEDQAS.asm	duplicate-same	tape
MVSSRC.TIOCOP.F04	tiocopt	FILE0004	IEDQAT	476	identical-elsewhere	variants/tape/sym5/IEDQAT.asm	conflict	tape
MVSSRC.TIOCOP.F04	tiocopt	FILE0004	IEDQATTN	125	identical-default	ibm/IED/IEDQATTN.asm	duplicate-same	tape
MVSSRC.TIOCOP.F04	tiocopt	FILE0004	IEDQAU	640	identical-default	ibm/IED/IEDQAU.asm	conflict	tape
MVSSRC.TIOCOP.F04	tiocopt	FILE0004	IEDQAV	239	identical-default	ibm/IED/IEDQAV.asm	duplicate-same	tape
MVSSRC.TIOCOP.F04	tiocopt	FILE0004	IEDQAW	428	identical-default	ibm/IED/IEDQAW.asm	duplicate-same	tape
MVSSRC.TIOCOP.F04	tiocopt	FILE0004	IEDQAX	378	identical-default	ibm/IED/IEDQAX.asm	duplicate-same	tape
MVSSRC.TIOCOP.F04	tiocopt	FILE0004	IEDQAY	718	identical-default	ibm/IED/IEDQAY.asm	duplicate-same	tape
MVSSRC.TIOCOP.F04	tiocopt	FILE0004	IEDQAZ	622	identical-elsewhere	variants/tape/sym5/IEDQAZ.asm	conflict	tape
MVSSRC.TIOCOP.F04	tiocopt	FILE0004	IEDQB1	144	identical-default	ibm/IED/IEDQB1.asm	duplicate-same	tape
MVSSRC.TIOCOP.F04	tiocopt	FILE0004	IEDQB2	159	identical-default	ibm/IED/IEDQB2.asm	duplicate-same	tape
MVSSRC.TIOCOP.F04	tiocopt	FILE0004	IEDQB3	305	identical-default	ibm/IED/IEDQB3.asm	duplicate-same	tape
MVSSRC.TIOCOP.F04	tiocopt	FILE0004	IEDQB4	227	identical-elsewhere	variants/tape/etc1102/IEDQB4.asm	conflict	tape
MVSSRC.TIOCOP.F04	tiocopt	FILE0004	IEDQB7	231	identical-default	ibm/IED/IEDQB7.asm	duplicate-same	tape
MVSSRC.TIOCOP.F04	tiocopt	FILE0004	IEDQBA	451	identical-default	ibm/IED/IEDQBA.asm	duplicate-same	tape
MVSSRC.TIOCOP.F04	tiocopt	FILE0004	IEDQBB	116	identical-default	ibm/IED/IEDQBB.asm	duplicate-same	tape
MVSSRC.TIOCOP.F04	tiocopt	FILE0004	IEDQBC	238	identical-elsewhere	variants/tape/etc1102/IEDQBC.asm	conflict	tape
MVSSRC.TIOCOP.F04	tiocopt	FILE0004	IEDQBD	911	identical-default	ibm/IED/IEDQBD.asm	duplicate-same	tape
MVSSRC.TIOCOP.F04	tiocopt	FILE0004	IEDQBE	218	identical-default	ibm/IED/IEDQBE.asm	duplicate-same	tape
MVSSRC.TIOCOP.F04	tiocopt	FILE0004	IEDQBF	143	identical-elsewhere	variants/tape/sym5/IEDQBF.asm	conflict	tape
MVSSRC.TIOCOP.F04	tiocopt	FILE0004	IEDQBG	219	identical-elsewhere	variants/tape/sym5/IEDQBG.asm	conflict	tape
MVSSRC.TIOCOP.F04	tiocopt	FILE0004	IEDQBH	461	identical-elsewhere	variants/tape/etc1102/IEDQBH.asm	conflict	tape
MVSSRC.TIOCOP.F04	tiocopt	FILE0004	IEDQBI	1459	identical-elsewhere	variants/tape/sym5/IEDQBI.asm	conflict	tape
MVSSRC.TIOCOP.F04	tiocopt	FILE0004	IEDQBJ	210	identical-elsewhere	variants/tape/etc1102/IEDQBJ.asm	conflict	tape
MVSSRC.TIOCOP.F04	tiocopt	FILE0004	IEDQBL	575	identical-default	ibm/IED/IEDQBL.asm	duplicate-same	tape
MVSSRC.TIOCOP.F04	tiocopt	FILE0004	IEDQBM	626	identical-default	ibm/IED/IEDQBM.asm	duplicate-same	tape
MVSSRC.TIOCOP.F04	tiocopt	FILE0004	IEDQBN	333	identical-default	ibm/IED/IEDQBN.asm	duplicate-same	tape
MVSSRC.TIOCOP.F04	tiocopt	FILE0004	IEDQBO	1414	identical-elsewhere	variants/tape/sym5/IEDQBO.asm	conflict	tape
MVSSRC.TIOCOP.F04	tiocopt	FILE0004	IEDQBP	339	identical-default	ibm/IED/IEDQBP.asm	duplicate-same	tape
MVSSRC.TIOCOP.F04	tiocopt	FILE0004	IEDQBQ	792	identical-default	ibm/IED/IEDQBQ.asm	duplicate-same	tape
MVSSRC.TIOCOP.F04	tiocopt	FILE0004	IEDQBR	196	identical-default	ibm/IED/IEDQBR.asm	duplicate-same	tape
MVSSRC.TIOCOP.F04	tiocopt	FILE0004	IEDQBS	358	identical-default	ibm/IED/IEDQBS.asm	duplicate-same	tape
MVSSRC.TIOCOP.F04	tiocopt	FILE0004	IEDQBT	1211	identical-default	ibm/IED/IEDQBT.asm	conflict	tape
MVSSRC.TIOCOP.F04	tiocopt	FILE0004	IEDQBU	546	identical-elsewhere	variants/tape/etc1102/IEDQBU.asm	conflict	tape
MVSSRC.TIOCOP.F04	tiocopt	FILE0004	IEDQBUFF	313	identical-elsewhere	variants/tape/etc1102/IEDQBUFF.asm;variants/tape/sym5/IEDQBUFF.asm	conflict	tape
MVSSRC.TIOCOP.F04	tiocopt	FILE0004	IEDQBV	390	identical-default	ibm/IED/IEDQBV.asm	duplicate-same	tape
MVSSRC.TIOCOP.F04	tiocopt	FILE0004	IEDQBX	201	identical-default	ibm/IED/IEDQBX.asm	duplicate-same	tape
MVSSRC.TIOCOP.F04	tiocopt	FILE0004	IEDQBY	107	identical-default	ibm/IED/IEDQBY.asm	duplicate-same	tape
MVSSRC.TIOCOP.F04	tiocopt	FILE0004	IEDQBZ	341	identical-default	ibm/IED/IEDQBZ.asm	duplicate-same	tape
MVSSRC.TIOCOP.F04	tiocopt	FILE0004	IEDQCA	2525	identical-default	ibm/IED/IEDQCA.asm	duplicate-same	tape
MVSSRC.TIOCOP.F04	tiocopt	FILE0004	IEDQDA	147	identical-default	ibm/IED/IEDQDA.asm	duplicate-same	tape
MVSSRC.TIOCOP.F04	tiocopt	FILE0004	IEDQE1	149	identical-default	ibm/IED/IEDQE1.asm	duplicate-same	tape
MVSSRC.TIOCOP.F04	tiocopt	FILE0004	IEDQE2	146	identical-default	ibm/IED/IEDQE2.asm	duplicate-same	tape
MVSSRC.TIOCOP.F04	tiocopt	FILE0004	IEDQE3	133	identical-default	ibm/IED/IEDQE3.asm	duplicate-same	tape
MVSSRC.TIOCOP.F04	tiocopt	FILE0004	IEDQE4	136	identical-default	ibm/IED/IEDQE4.asm	duplicate-same	tape
MVSSRC.TIOCOP.F04	tiocopt	FILE0004	IEDQE6	96	identical-default	ibm/IED/IEDQE6.asm	duplicate-same	tape
MVSSRC.TIOCOP.F04	tiocopt	FILE0004	IEDQE8	259	identical-default	ibm/IED/IEDQE8.asm	duplicate-same	tape
MVSSRC.TIOCOP.F04	tiocopt	FILE0004	IEDQEB	2377	identical-default	ibm/IED/IEDQEB.asm	duplicate-same	tape
MVSSRC.TIOCOP.F04	tiocopt	FILE0004	IEDQEC	1152	identical-elsewhere	variants/tape/sym5/IEDQEC.asm	conflict	tape
MVSSRC.TIOCOP.F04	tiocopt	FILE0004	IEDQES	209	identical-default	ibm/IED/IEDQES.asm	duplicate-same	tape
MVSSRC.TIOCOP.F04	tiocopt	FILE0004	IEDQET	196	identical-default	ibm/IED/IEDQET.asm	duplicate-same	tape
MVSSRC.TIOCOP.F04	tiocopt	FILE0004	IEDQEU	1701	identical-elsewhere	variants/tape/sym5/IEDQEU.asm	conflict	tape
MVSSRC.TIOCOP.F04	tiocopt	FILE0004	IEDQEW	2186	identical-elsewhere	variants/tape/sym5/IEDQEW.asm	conflict	tape
MVSSRC.TIOCOP.F04	tiocopt	FILE0004	IEDQFA	4	identical-default	ibm/IED/IEDQFA.asm	duplicate-same	tape
MVSSRC.TIOCOP.F04	tiocopt	FILE0004	IEDQFA1	4	identical-default	ibm/IED/IEDQFA1.asm	duplicate-same	tape
MVSSRC.TIOCOP.F04	tiocopt	FILE0004	IEDQFA2	4	identical-default	ibm/IED/IEDQFA2.asm	duplicate-same	tape
MVSSRC.TIOCOP.F04	tiocopt	FILE0004	IEDQFE	116	identical-default	ibm/IED/IEDQFE.asm	duplicate-same	tape
MVSSRC.TIOCOP.F04	tiocopt	FILE0004	IEDQFE10	275	identical-elsewhere	variants/tape/sym5/IEDQFE10.asm	conflict	tape
MVSSRC.TIOCOP.F04	tiocopt	FILE0004	IEDQFE20	265	identical-elsewhere	variants/tape/sym5/IEDQFE20.asm	conflict	tape
MVSSRC.TIOCOP.F04	tiocopt	FILE0004	IEDQFE30	542	identical-elsewhere	variants/tape/sym5/IEDQFE30.asm	conflict	tape
MVSSRC.TIOCOP.F04	tiocopt	FILE0004	IEDQFM	3835	identical-default	ibm/IED/IEDQFM.asm	duplicate-same	tape
MVSSRC.TIOCOP.F04	tiocopt	FILE0004	IEDQFSC	403	identical-default	ibm/IED/IEDQFSC.asm	conflict	tape
MVSSRC.TIOCOP.F04	tiocopt	FILE0004	IEDQFW	785	identical-default	ibm/IED/IEDQFW.asm	duplicate-same	tape
MVSSRC.TIOCOP.F04	tiocopt	FILE0004	IEDQGA	1551	identical-elsewhere	variants/tape/sym5/IEDQGA.asm	conflict	tape
MVSSRC.TIOCOP.F04	tiocopt	FILE0004	IEDQGH	1291	identical-default	ibm/IED/IEDQGH.asm	duplicate-same	tape
MVSSRC.TIOCOP.F04	tiocopt	FILE0004	IEDQGP	484	identical-default	ibm/IED/IEDQGP.asm	duplicate-same	tape
MVSSRC.TIOCOP.F04	tiocopt	FILE0004	IEDQGQ	825	identical-default	ibm/IED/IEDQGQ.asm	conflict	tape
MVSSRC.TIOCOP.F04	tiocopt	FILE0004	IEDQGR	149	identical-default	ibm/IED/IEDQGR.asm	duplicate-same	tape
MVSSRC.TIOCOP.F04	tiocopt	FILE0004	IEDQGT	775	identical-elsewhere	variants/tape/sym5/IEDQGT.asm	conflict	tape
MVSSRC.TIOCOP.F04	tiocopt	FILE0004	IEDQHG	772	identical-default	ibm/IED/IEDQHG.asm	duplicate-same	tape
MVSSRC.TIOCOP.F04	tiocopt	FILE0004	IEDQHI	506	identical-default	ibm/IED/IEDQHI.asm	duplicate-same	tape
MVSSRC.TIOCOP.F05	tiocopt	FILE0005	IEDQHK	972	identical-elsewhere	variants/tape/sym5/IEDQHK.asm	conflict	tape
MVSSRC.TIOCOP.F05	tiocopt	FILE0005	IEDQHM	4	identical-default	ibm/IED/IEDQHM.asm	duplicate-same	tape
MVSSRC.TIOCOP.F05	tiocopt	FILE0005	IEDQHM1	4	identical-default	ibm/IED/IEDQHM1.asm	duplicate-same	tape
MVSSRC.TIOCOP.F05	tiocopt	FILE0005	IEDQHM2	4	identical-default	ibm/IED/IEDQHM2.asm	duplicate-same	tape
MVSSRC.TIOCOP.F05	tiocopt	FILE0005	IEDQIN	1647	identical-default	ibm/IED/IEDQIN.asm	duplicate-same	tape
MVSSRC.TIOCOP.F05	tiocopt	FILE0005	IEDQKA	4	identical-default	ibm/IED/IEDQKA.asm	duplicate-same	tape
MVSSRC.TIOCOP.F05	tiocopt	FILE0005	IEDQKB	4	identical-default	ibm/IED/IEDQKB.asm	duplicate-same	tape
MVSSRC.TIOCOP.F05	tiocopt	FILE0005	IEDQKC	4	identical-default	ibm/IED/IEDQKC.asm	duplicate-same	tape
MVSSRC.TIOCOP.F05	tiocopt	FILE0005	IEDQKD	4	identical-default	ibm/IED/IEDQKD.asm	duplicate-same	tape
MVSSRC.TIOCOP.F05	tiocopt	FILE0005	IEDQKE	4	identical-default	ibm/IED/IEDQKE.asm	duplicate-same	tape
MVSSRC.TIOCOP.F05	tiocopt	FILE0005	IEDQNA	144	identical-default	ibm/IED/IEDQNA.asm	duplicate-same	tape
MVSSRC.TIOCOP.F05	tiocopt	FILE0005	IEDQNA2	337	identical-elsewhere	variants/tape/sym5/IEDQNA2.asm	conflict	tape
MVSSRC.TIOCOP.F05	tiocopt	FILE0005	IEDQNB	357	identical-default	ibm/IED/IEDQNB.asm	duplicate-same	tape
MVSSRC.TIOCOP.F05	tiocopt	FILE0005	IEDQND	1087	identical-default	ibm/IED/IEDQND.asm	duplicate-same	tape
MVSSRC.TIOCOP.F05	tiocopt	FILE0005	IEDQNF	683	identical-default	ibm/IED/IEDQNF.asm	duplicate-same	tape
MVSSRC.TIOCOP.F05	tiocopt	FILE0005	IEDQNG	212	identical-default	ibm/IED/IEDQNG.asm	duplicate-same	tape
MVSSRC.TIOCOP.F05	tiocopt	FILE0005	IEDQNH	256	identical-default	ibm/IED/IEDQNH.asm	duplicate-same	tape
MVSSRC.TIOCOP.F05	tiocopt	FILE0005	IEDQNJ	431	identical-elsewhere	variants/tape/sym5/IEDQNJ.asm	conflict	tape
MVSSRC.TIOCOP.F05	tiocopt	FILE0005	IEDQNK	775	identical-default	ibm/IED/IEDQNK.asm	duplicate-same	tape
MVSSRC.TIOCOP.F05	tiocopt	FILE0005	IEDQNM	341	identical-elsewhere	variants/tape/etc1102/IEDQNM.asm	conflict	tape
MVSSRC.TIOCOP.F05	tiocopt	FILE0005	IEDQNO	223	identical-elsewhere	variants/tape/etc1102/IEDQNO.asm	conflict	tape
MVSSRC.TIOCOP.F05	tiocopt	FILE0005	IEDQNP	399	identical-default	ibm/IED/IEDQNP.asm	duplicate-same	tape
MVSSRC.TIOCOP.F05	tiocopt	FILE0005	IEDQNQ	504	identical-elsewhere	variants/tape/etc1102/IEDQNQ.asm	conflict	tape
MVSSRC.TIOCOP.F05	tiocopt	FILE0005	IEDQNR	155	identical-default	ibm/IED/IEDQNR.asm	duplicate-same	tape
MVSSRC.TIOCOP.F05	tiocopt	FILE0005	IEDQNS	217	identical-elsewhere	variants/tape/etc1102/IEDQNS.asm;variants/tape/sym5/IEDQNS.asm	conflict	tape
MVSSRC.TIOCOP.F05	tiocopt	FILE0005	IEDQNT	2184	identical-default	ibm/IED/IEDQNT.asm	duplicate-same	tape
MVSSRC.TIOCOP.F05	tiocopt	FILE0005	IEDQNU	3372	identical-default	ibm/IED/IEDQNU.asm	duplicate-same	tape
MVSSRC.TIOCOP.F05	tiocopt	FILE0005	IEDQNV	2336	identical-default	ibm/IED/IEDQNV.asm	duplicate-same	tape
MVSSRC.TIOCOP.F05	tiocopt	FILE0005	IEDQNW	840	identical-default	ibm/IED/IEDQNW.asm	duplicate-same	tape
MVSSRC.TIOCOP.F05	tiocopt	FILE0005	IEDQNX	888	identical-default	ibm/IED/IEDQNX.asm	duplicate-same	tape
MVSSRC.TIOCOP.F05	tiocopt	FILE0005	IEDQOA	2715	identical-default	ibm/IED/IEDQOA.asm	duplicate-same	tape
MVSSRC.TIOCOP.F05	tiocopt	FILE0005	IEDQOB	1864	identical-default	ibm/IED/IEDQOB.asm	duplicate-same	tape
MVSSRC.TIOCOP.F05	tiocopt	FILE0005	IEDQOT01	564	identical-elsewhere	variants/tape/sym5/IEDQOT01.asm	conflict	tape
MVSSRC.TIOCOP.F05	tiocopt	FILE0005	IEDQRS	2777	identical-default	ibm/IED/IEDQRS.asm	duplicate-same	tape
MVSSRC.TIOCOP.F05	tiocopt	FILE0005	IEDQSBT	621	identical-default	ibm/IED/IEDQSBT.asm	duplicate-same	tape
MVSSRC.TIOCOP.F05	tiocopt	FILE0005	IEDQTL	169	identical-default	ibm/IED/IEDQTL.asm	duplicate-same	tape
MVSSRC.TIOCOP.F05	tiocopt	FILE0005	IEDQUI	237	identical-default	ibm/IED/IEDQUI.asm	duplicate-same	tape
MVSSRC.TIOCOP.F05	tiocopt	FILE0005	IEDQWA	1385	identical-default	ibm/IED/IEDQWA.asm	duplicate-same	tape
MVSSRC.TIOCOP.F05	tiocopt	FILE0005	IEDQWA1	4910	identical-elsewhere	variants/tape/sym5/IEDQWA1.asm	conflict	tape
MVSSRC.TIOCOP.F05	tiocopt	FILE0005	IEDQWAA	220	identical-default	ibm/IED/IEDQWAA.asm	duplicate-same	tape
MVSSRC.TIOCOP.F05	tiocopt	FILE0005	IEDQWAB	176	identical-default	ibm/IED/IEDQWAB.asm	duplicate-same	tape
MVSSRC.TIOCOP.F05	tiocopt	FILE0005	IEDQWAC	1046	identical-default	ibm/IED/IEDQWAC.asm	duplicate-same	tape
MVSSRC.TIOCOP.F05	tiocopt	FILE0005	IEDQWAJ	835	identical-default	ibm/IED/IEDQWAJ.asm	duplicate-same	tape
MVSSRC.TIOCOP.F05	tiocopt	FILE0005	IEDQWB	1584	identical-default	ibm/IED/IEDQWB.asm	duplicate-same	tape
MVSSRC.TIOCOP.F05	tiocopt	FILE0005	IEDQWB1	756	identical-default	ibm/IED/IEDQWB1.asm	conflict	tape
MVSSRC.TIOCOP.F05	tiocopt	FILE0005	IEDQWB2	1077	identical-elsewhere	variants/tape/sym5/IEDQWB2.asm	conflict	tape
MVSSRC.TIOCOP.F05	tiocopt	FILE0005	IEDQWC	1440	identical-default	ibm/IED/IEDQWC.asm	duplicate-same	tape
MVSSRC.TIOCOP.F05	tiocopt	FILE0005	IEDQWC1	1315	identical-default	ibm/IED/IEDQWC1.asm	duplicate-same	tape
MVSSRC.TIOCOP.F05	tiocopt	FILE0005	IEDQWC2	1035	identical-default	ibm/IED/IEDQWC2.asm	duplicate-same	tape
MVSSRC.TIOCOP.F05	tiocopt	FILE0005	IEDQWD	1255	identical-default	ibm/IED/IEDQWD.asm	duplicate-same	tape
MVSSRC.TIOCOP.F05	tiocopt	FILE0005	IEDQWE	1247	identical-default	ibm/IED/IEDQWE.asm	duplicate-same	tape
MVSSRC.TIOCOP.F05	tiocopt	FILE0005	IEDQWE2	1398	identical-elsewhere	variants/tape/sym5/IEDQWE2.asm	conflict	tape
MVSSRC.TIOCOP.F05	tiocopt	FILE0005	IEDQWEC	371	identical-default	ibm/IED/IEDQWEC.asm	duplicate-same	tape
MVSSRC.TIOCOP.F05	tiocopt	FILE0005	IEDQWF	107	identical-elsewhere	variants/tape/tiocopt/IEDQWF.asm	conflict	tape
